"pcp-dstat 6.2.0 CSV Output"
"Author:","PCP team <pcp@groups.io> and Dag Wieers <dag@wieers.com>",,,,"URL:","https://pcp.io/ and http://dag.wieers.com/home-made/dstat/"
"Host:","ubuntu",,,,"User:","ubuntu"
"Cmdline:","dstat -tcmndrylpg --tcp --output /tmp/devstack_logs/dstat-csv.log",,,,"Date:","17 Mar 2026 09:09:27 UTC"
"system","total usage",,,,,"memory usage",,,,"net/total",,"dsk/total",,"io/total",,"system",,"load avg",,,"procs",,,"paging",,"tcp sockets",,,,
"time","total usage:usr","total usage:sys","total usage:idl","total usage:wai","total usage:stl","used","free","buf","cach","net/total:recv","net/total:send","dsk/total:read","dsk/total:writ","read","writ","int","csw","1m","5m","15m","run","blk","new","in","out","lis","act","syn","tim","clo"
17-03 09:09:27,,974156,1465424,165260,5209500,,,,,,,1.360,1.070,0.650,1,0,,,,10,4,1,17,0
17-03 09:09:28,8.262,21.031,69.602,0,0,974280,1465268,165260,5209532,2523.715,1622.388,0,552.814,0,76.112,5878,4628,1.360,1.070,0.650,1,0,351.517,0,0,10,4,1,17,0
17-03 09:09:29,9.003,20.756,68.519,0,0,964992,1474516,165260,5209560,2902.815,1620.455,0,3272.919,0,21.006,5112,3385,1.360,1.070,0.650,2,0,296.083,0,0,10,4,1,17,0
17-03 09:09:30,16.451,15.953,66.055,0,0,965456,1473888,165260,5209704,8279.506,2780.773,0,11.965,0,2.991,5246,5175,1.360,1.070,0.650,2,0,207.386,0,0,10,3,1,17,1
17-03 09:09:31,16.555,16.805,65.968,0,0,968788,1470540,165272,5209700,9254.549,1890.240,0,300.994,0,10.033,5187,5039,1.330,1.070,0.650,2,0,199.659,0,0,10,3,1,17,1
17-03 09:09:32,33.400,13.460,50.598,0.997,0,1116852,1321364,165348,5335336,14214.314,7572.260,15.952,2033.892,0.997,76.769,5539,5987,1.330,1.070,0.650,2,0,148.554,0,0,11,5,1,17,2
17-03 09:09:33,29.517,6.754,62.286,0.500,0.250,1130440,1307508,165448,5335452,32462.530,9069.177,0,988.564,0,40.023,2945,1909,1.330,1.070,0.650,2,0,45.026,0,0,11,6,1,17,2
17-03 09:09:34,31.239,11.246,56.479,0.750,0,1162848,1274148,165664,5336000,22962.550,14558.643,15.994,2439.102,1.000,68.975,4204,3286,1.330,1.070,0.650,2,0,169.937,0,0,11,6,1,19,2
17-03 09:09:35,38.468,3.497,55.703,0.749,0,1213080,1221984,165968,5337252,32237.025,10372.321,15.987,2905.569,0.999,54.954,2651,1702,1.330,1.070,0.650,2,0,0,0,0,11,6,1,19,2
17-03 09:09:36,39.459,2.997,55.942,0.749,0,1249252,1184940,166116,5337736,22440.538,12508.922,0,1766.153,0,45.952,2496,1365,1.470,1.100,0.660,3,0,0,0,0,11,6,1,19,2
17-03 09:09:37,31.787,6.758,49.058,10.512,0,1269100,1138852,167316,5361684,177931.009,14368.879,0,33807.713,0,2764.247,12501,22395,1.470,1.100,0.660,2,1,47.055,0,0,11,8,1,19,2
17-03 09:09:38,39.836,6.765,42.592,9.270,0.251,1270160,1120904,168884,5374900,2525.439,1623.496,0,50997.828,0,3543.632,12618,22726,1.470,1.100,0.660,2,0,37.080,0,0,11,8,1,19,2
17-03 09:09:39,42.417,8.234,47.408,1.248,0,1233456,1141588,169304,5388840,2874.395,1616.847,0,6938.469,0,432.157,4134,3429,1.470,1.100,0.660,4,0,74.854,0,0,11,6,1,19,2
17-03 09:09:40,48.910,5.769,43.894,0.251,0,1305632,1052944,169548,5406028,2743.988,1462.791,0,7777.475,0,527.729,3540,4055,1.470,1.100,0.660,5,0,34.112,0,0,11,6,1,19,2
17-03 09:09:41,49.325,4.982,42.848,1.744,0,1293624,1051976,170232,5414496,2690.433,1614.260,0,8752.874,0,472.320,4200,14052,1.510,1.120,0.670,2,1,1.993,0,0,11,6,1,15,2
17-03 09:09:42,43.614,5.765,48.627,1.253,0,1322064,997296,171136,5437496,2887.520,1624.230,0,1896.940,0,74.193,3092,1938,1.510,1.120,0.670,3,0,10.026,0,0,11,6,1,15,2
17-03 09:09:43,44.419,4.991,49.160,0.749,0,1345932,961160,171824,5447256,2874.753,1617.048,0,1844.633,0,84.845,2812,1879,1.510,1.120,0.670,2,0,0,0,0,11,6,1,15,2
17-03 09:09:44,42.109,3.008,54.641,0.251,0,1316300,1006568,171936,5431388,9192.706,4490.580,0,525.355,0,20.052,2627,1353,1.510,1.120,0.670,2,0,1.003,0,0,11,4,1,15,0
17-03 09:09:45,30.485,23.239,45.228,0,0,1232332,1090444,171956,5431452,3356.357,1861.089,0,15064.627,0,101.950,6069,4845,1.510,1.120,0.670,1,0,427.791,0,0,11,4,2,13,0
17-03 09:09:46,29.771,21.265,48.034,0.751,0,1241496,1075416,172088,5437096,8388.887,3796.664,0,8141.714,0,341.239,6281,5867,1.550,1.130,0.680,3,0,359.252,0,0,11,4,1,13,0
17-03 09:09:47,42.926,14.725,40.430,0.250,0,1222396,1093772,172116,5437568,7006.896,2857.065,0,2695.344,0,101.824,5218,6357,1.550,1.130,0.680,3,0,139.759,0,0,11,5,1,13,0
17-03 09:09:48,65.237,13.197,20.916,0,0,1288168,1021352,172452,5442792,7138.169,3449.069,0,2155.295,0,129.477,6455,6970,1.550,1.130,0.680,4,0,106.570,0,0,11,5,1,13,0
17-03 09:09:49,69.680,7.770,21.054,0,0,1296192,1012320,172540,5443568,2887.468,1698.393,0,1158.998,0,43.112,9172,12979,1.550,1.130,0.680,3,0,9.023,0,0,11,5,1,13,0
17-03 09:09:50,63.086,15.772,19.777,0,0,1333608,974268,172592,5443952,3201.383,1696.323,0,11748.086,0,78.107,11442,17949,1.550,1.130,0.680,3,0,19.026,0,0,11,5,1,13,0
17-03 09:09:51,64.628,10.020,24.298,0.250,0,1321420,996560,172664,5435152,2945.835,1697.362,0,1891.747,0,102.202,4444,4348,1.590,1.140,0.680,3,0,57.113,0,0,11,4,1,14,0
17-03 09:09:52,27.497,7.499,64.493,0,0,1364804,953216,172696,5435056,4319.514,1693.809,0,4.000,0,1.000,2938,2080,1.590,1.140,0.680,2,0,109.988,0,0,11,4,1,14,0
17-03 09:09:53,24.671,5.483,68.283,0,0,1421740,896264,172696,5435072,2631.625,1688.626,0,3.987,0,0.997,2292,1578,1.590,1.140,0.680,1,0,49.841,0,0,11,4,1,13,0
17-03 09:09:54,23.492,2.749,73.725,0,0,1447360,870644,172696,5435072,4036.658,1531.491,0,3.999,0,1.000,1673,1156,1.590,1.140,0.680,3,0,0,0,0,11,4,1,13,0
17-03 09:09:55,23.225,2.747,71.423,0.250,0,1465268,852500,172712,5435292,3133.632,1660.216,0,33859.606,0,229.753,2686,2832,1.590,1.140,0.680,1,1,0.999,0,0,11,10,1,13,0
17-03 09:09:56,21.335,5.522,71.787,1.757,0,1442596,875124,172736,5435316,2590.345,1700.793,0,3702.788,0,266.063,3562,4298,1.540,1.140,0.690,1,0,42.168,0,0,11,4,1,15,0
17-03 09:09:57,22.687,2.244,73.046,0.997,0,1470364,847044,173000,5435328,4307.950,1615.481,271.241,418.828,9.972,6.980,1781,1304,1.540,1.140,0.690,1,0,0,0,0,11,4,1,14,0
17-03 09:09:58,19.498,2.750,76.743,0.250,0,1470988,846064,173000,5435644,6899.377,5748.481,0,715.935,0,21.998,2289,2294,1.540,1.140,0.690,2,0,2.000,0,0,11,17,1,14,0
17-03 09:09:59,15.286,1.504,73.924,7.768,0,1454384,862320,173040,5435876,3557.368,2276.355,268.632,1138.679,66.156,15.035,1556,1301,1.540,1.140,0.690,1,0,1.002,0,0,11,27,1,14,0
17-03 09:10:00,18.958,4.989,75.333,0,0,1404732,911952,173040,5435896,8323.543,5291.267,0,0,0,0,2423,1951,1.540,1.140,0.690,1,0,43.903,0,0,11,28,1,15,0
17-03 09:10:01,21.246,2.750,74.988,0,0,1432032,884628,173040,5435900,4432.261,3591.401,0,275.954,0,3.999,1751,1224,1.420,1.120,0.680,0,0,2.000,0,0,11,29,1,15,0
17-03 09:10:02,18.047,4.261,76.951,0,0,1411552,905096,173040,5435912,8345.774,6531.039,0,4.010,0,1.003,2314,1857,1.420,1.120,0.680,2,0,39.102,0,0,11,28,1,16,0
17-03 09:10:03,38.524,10.256,50.282,0,0,1447760,868876,173040,5435924,2761.740,1621.022,0,12.008,0,3.002,3360,2083,1.420,1.120,0.680,2,0,117.074,0,0,11,28,1,16,0
17-03 09:10:04,37.393,4.238,57.834,0,0,1463572,853052,173040,5435932,10908.663,9492.731,0,2201.675,0,52.848,3168,2276,1.420,1.120,0.680,2,0,0,0,0,11,30,1,16,0
17-03 09:10:05,37.256,3.751,57.009,0,0,1465104,851316,173040,5436136,14448.401,12397.060,0,1028.171,0,25.004,5929,7591,1.420,1.120,0.680,2,0,0,0,0,11,28,1,17,0
17-03 09:10:06,59.421,29.585,11.784,0,0,1453048,863348,173040,5436160,4272.260,1690.852,0,212.610,0,21.060,5679,4640,1.780,1.200,0.710,6,0,577.658,0,0,11,28,1,17,0
17-03 09:10:07,87.638,12.234,0,0,0,1638412,677920,173040,5436216,2534.748,1456.132,0,0,0,0,4728,2317,1.780,1.200,0.710,6,0,1.997,0,0,11,28,1,17,0
17-03 09:10:08,88.472,9.497,1.999,0,0,1739912,576392,173040,5436232,24597.227,23182.674,0,535.831,0,26.991,6096,5493,1.780,1.200,0.710,6,0,1.000,0,0,11,33,1,17,0
17-03 09:10:09,83.875,8.513,7.010,0.250,0,1764928,551148,173048,5436452,26205.944,24569.512,0,532.792,0,60.089,7883,11176,1.780,1.200,0.710,4,0,50.074,0,0,11,29,1,22,0
17-03 09:10:10,29.160,15.702,53.585,0.249,0,1551684,764360,173052,5436476,4826.109,2796.372,0,38249.979,0,548.308,4502,4239,1.780,1.200,0.710,1,0,259.200,0,0,11,28,1,23,0
17-03 09:10:11,20.489,2.749,76.461,0,0,1543732,772428,173052,5436480,4490.697,3590.159,0,839.569,0,11.994,1532,1102,1.640,1.180,0.710,0,0,0,0,0,11,29,1,23,0
17-03 09:10:12,17.506,2.501,78.028,0.250,0,1513120,803004,173076,5436492,8414.034,6669.405,0,1052.380,0,57.021,2839,3305,1.640,1.180,0.710,1,0,0,0,0,11,28,1,24,0
17-03 09:10:13,19.250,7.250,73.001,0,0,1479856,836256,173076,5436504,2580.035,1620.022,0,20.000,0,2.000,2549,1792,1.640,1.180,0.710,1,0,68.001,0,0,11,28,1,24,0
17-03 09:10:14,18.995,2.249,77.481,0,0,1489176,826932,173076,5436508,6626.350,5373.662,0,1879.532,0,158.960,1937,1617,1.640,1.180,0.710,4,0,0,0,0,11,29,1,24,0
17-03 09:10:15,16.810,7.778,74.015,0.251,0,1449572,866512,173080,5436528,6419.003,4764.072,0,54523.389,0,234.842,3829,3847,1.640,1.180,0.710,1,0,95.342,0,0,11,28,1,25,0
17-03 09:10:16,11.736,25.968,61.924,0.250,0,1422248,893828,173080,5436536,4254.768,1618.011,0,994.777,0,13.983,6229,4817,1.670,1.200,0.720,3,0,607.253,0,0,11,28,1,25,0
17-03 09:10:17,72.838,23.529,3.254,0,0,1482720,833324,173080,5436568,2643.210,1621.970,0,208.253,0,15.018,5167,3522,1.670,1.200,0.720,5,0,335.407,0,0,11,28,1,20,0
17-03 09:10:18,88.601,9.234,1.747,0,0,1644200,671832,173084,5436576,12232.411,11340.911,0,535.099,0,36.938,5124,2918,1.670,1.200,0.720,4,0,0.998,0,0,11,31,1,20,0
17-03 09:10:19,77.499,8.500,13.500,0,0,1666896,648940,173088,5436772,30040.635,28041.659,0,183.998,0,18.000,7101,9372,1.670,1.200,0.720,4,0,0,0,0,11,32,1,20,0
17-03 09:10:20,78.385,13.523,7.263,0.250,0,1649724,666052,173120,5436800,17615.362,14844.586,0,572.988,0,71.123,7797,10079,1.670,1.200,0.720,5,0,148.256,0,0,11,28,1,21,0
17-03 09:10:21,82.247,17.999,0,0,0,1599896,715752,173120,5436928,2417.908,1457.944,0,231.991,0,14.999,5069,3222,2.020,1.280,0.740,6,0,161.994,0,0,11,28,1,21,0
17-03 09:10:22,90.412,8.991,0.500,0,0,1732604,583040,173120,5436932,12760.620,11976.381,0,139.864,0,7.992,5355,3099,2.020,1.280,0.740,6,0,0,0,0,11,31,1,21,0
17-03 09:10:23,85.805,9.006,4.753,0,0,1766768,548544,173128,5437256,32982.105,31060.876,0,712.456,0,43.028,7474,9827,2.020,1.280,0.740,3,0,0,0,0,11,33,1,22,0
17-03 09:10:24,73.752,11.750,13.500,0,0,1564524,750564,173140,5437468,27967.877,24852.779,0,756.024,0,30.001,8529,12253,2.020,1.280,0.740,3,0,180.006,0,0,11,28,1,26,0
17-03 09:10:25,44.097,11.460,43.101,0.249,0,1497140,817944,173140,5437472,4800.358,1688.147,0,191.337,0,16.941,3749,2496,2.020,1.280,0.740,2,0,117.592,0,0,11,28,1,26,0
17-03 09:10:26,36.281,4.254,58.550,0,0,1509332,805736,173144,5437484,10889.282,9462.065,0,436.372,0,11.009,2742,2085,2.010,1.290,0.750,2,0,0,0,0,11,30,1,23,0
17-03 09:10:27,35.341,6.517,57.148,0,0,1383328,931688,173152,5437528,13993.175,12146.401,0,320.829,0,25.065,5576,6484,2.010,1.290,0.750,2,0,72.187,0,0,11,28,1,25,0
17-03 09:10:28,54.751,19.500,25.000,0,0,1451312,863680,173156,5437548,2778.026,1458.014,0,176.002,0,14.000,4818,3103,2.010,1.290,0.750,3,0,307.003,0,0,11,28,1,25,0
17-03 09:10:29,56.110,5.710,37.738,0,0,1537676,777308,173156,5437556,11422.554,10180.195,0,0,0,0,3734,2090,2.010,1.290,0.750,3,0,0,0,0,11,31,1,25,0
17-03 09:10:30,53.515,5.276,39.445,0,0,1538212,776552,173184,5437748,21408.085,19316.721,0,1061.259,0,85.423,7247,9269,2.010,1.290,0.750,3,0,0,0,0,11,29,1,26,0
17-03 09:10:31,68.156,20.798,10.775,0.251,0,1494680,820064,173188,5437764,4998.418,3595.212,0,489.117,0,30.069,5551,4370,2.170,1.340,0.770,4,0,258.591,0,0,11,28,1,26,0
17-03 09:10:32,85.955,9.245,4.747,0,0.250,1601856,712880,173188,5437772,5212.244,4446.649,0,147.922,0,6.996,4606,1602,2.170,1.340,0.770,1,0,5.997,0,0,11,30,2,26,0
17-03 09:10:33,61.774,7.253,30.512,0,0,1616248,698264,173196,5437956,28780.002,26451.111,0,520.199,0,34.013,6953,8403,2.170,1.340,0.770,2,0,0,0,0,11,32,1,26,0
17-03 09:10:34,66.195,18.734,14.238,0,0,1480632,833820,173208,5438004,17233.665,14250.146,0,419.651,0,38.968,7603,9149,2.170,1.340,0.770,4,0,323.731,0,0,11,28,1,29,0
17-03 09:10:35,66.582,8.977,23.940,0.249,0,1546152,768284,173212,5438016,3165.038,1454.341,0,147.629,0,5.985,3700,1367,2.170,1.340,0.770,3,0,0,0,0,11,28,1,29,0
17-03 09:10:36,48.591,5.260,45.836,0,0.250,1570300,744104,173212,5438048,19996.550,18844.386,0,120.226,0,8.015,5101,5155,2.080,1.330,0.770,2,0,0,0,0,11,31,1,29,0
17-03 09:10:37,56.272,19.257,22.759,0,0,1444536,869684,173228,5438216,16718.464,13596.256,0,328.127,0,33.013,7762,8926,2.080,1.330,0.770,4,0,282.109,0,0,11,28,1,31,0
17-03 09:10:38,67.826,8.009,23.526,0,0,1557524,756660,173240,5438240,2901.231,1621.806,0,164.183,0,10.011,3673,1491,2.080,1.330,0.770,3,0,18.020,0,0,11,28,1,29,0
17-03 09:10:39,46.212,4.996,48.460,0,0.250,1569948,744068,173244,5438404,20222.434,20216.438,0,115.905,0,5.995,5232,5364,2.080,1.330,0.770,0,0,0,0,0,11,31,1,29,0
17-03 09:10:40,51.896,18.962,26.946,0.250,0,1509228,804616,173304,5438516,14432.207,10867.319,0,2403.206,0,162.675,7411,8674,2.080,1.330,0.770,3,0,286.429,0,0,11,28,1,32,0
17-03 09:10:41,73.469,9.779,17.051,0,0,1555276,758552,173308,5438460,2794.325,1624.841,0,1805.379,0,44.131,4194,11302,2.150,1.360,0.780,3,0,36.108,0,0,11,28,1,33,0
17-03 09:10:42,49.167,5.491,44.924,0,0,1572968,740712,173312,5438688,19340.283,18268.097,0,143.757,0,6.988,4920,4924,2.150,1.360,0.780,3,0,0,0,0,11,31,1,32,0
17-03 09:10:43,52.653,11.978,33.688,0.499,0,1476640,836856,173320,5438864,14172.928,10408.852,0,1066.039,0,41.923,6430,6842,2.150,1.360,0.780,3,0,111.794,0,0,11,28,1,34,0
17-03 09:10:44,68.487,7.777,24.334,0,0,1527388,786084,173328,5438844,2950.190,1625.615,0,164.568,0,8.028,3717,1450,2.150,1.360,0.780,4,0,2.007,0,0,11,28,1,34,0
17-03 09:10:45,48.992,4.499,44.992,0,0,1553988,759452,173336,5438868,18809.748,17746.932,0,2819.513,0,93.984,4645,4392,2.150,1.360,0.780,3,0,0,0,0,11,31,1,34,0
17-03 09:10:46,54.261,19.004,25.755,0.250,0,1443776,869604,173364,5438900,16507.237,11201.196,0,1112.218,0,92.018,6637,7703,2.380,1.420,0.810,6,0,350.069,0,0,11,28,1,36,0
17-03 09:10:47,78.250,22.250,0,0,0,1522808,790524,173364,5438948,2700.017,1620.010,0,28.000,0,7.000,5322,3967,2.380,1.420,0.810,8,0,320.002,0,0,11,28,1,36,0
17-03 09:10:48,82.498,16.750,0.250,0,0,1657312,655996,173364,5438972,8943.828,7967.847,0,0,0,0,5452,4192,2.380,1.420,0.810,8,0,279.995,0,0,11,30,1,36,0
17-03 09:10:49,82.503,16.751,1.000,0,0.250,1742460,570832,173376,5438976,23720.971,21342.873,0,464.019,0,29.001,6435,6257,2.380,1.420,0.810,6,0,294.012,0,0,11,32,0,36,0
17-03 09:10:50,78.489,18.747,2.250,0,0,1770132,542960,173384,5439180,30099.637,27654.991,0,327.952,0,25.996,7970,9432,2.380,1.420,0.810,5,0,328.952,0,0,11,30,0,37,0
17-03 09:10:51,79.512,19.691,0.499,0,0,1619840,693148,173392,5439280,15462.736,13203.496,0,354.938,0,26.919,6414,5714,2.590,1.480,0.830,5,0,253.242,0,0,11,28,0,37,0
17-03 09:10:52,88.099,11.513,0.501,0,0,1627856,684976,173396,5439432,8532.587,7517.446,0,124.139,0,8.009,5116,2631,2.590,1.480,0.830,4,0,30.034,0,0,11,30,0,37,0
17-03 09:10:53,80.867,8.512,10.515,0,0,1673144,639628,173396,5439492,26744.820,24788.981,0,0,0,0,5996,7172,2.590,1.480,0.830,4,0,0,0,0,11,32,0,38,0
17-03 09:10:54,68.646,16.225,14.228,0,0,1602412,710156,173396,5439696,28876.057,26564.574,0,7.988,0,1.997,7462,11489,2.590,1.480,0.830,3,0,314.521,0,0,11,29,0,40,0
17-03 09:10:55,21.292,20.039,56.862,0,0,1406472,906072,173396,5439720,6596.947,4218.279,0,12.024,0,3.006,6188,5251,2.590,1.480,0.830,2,0,415.816,0,0,11,28,0,41,0
17-03 09:10:56,44.510,35.758,19.004,0,0,1430736,881760,173412,5439752,2760.644,1620.378,0,412.096,0,30.007,6163,5607,2.940,1.570,0.860,6,0,752.175,0,0,11,28,0,41,0
17-03 09:10:57,79.410,14.234,6.243,0,0,1560600,751864,173412,5439784,7056.963,7410.561,0,151.827,0,7.991,4888,2792,2.940,1.570,0.860,2,0,119.863,0,0,11,30,0,41,0
17-03 09:10:58,65.309,6.506,27.525,0,0,1606064,706332,173432,5439832,22464.276,20160.196,0,608.549,0,48.043,6172,7073,2.940,1.570,0.860,2,0,2.002,0,0,11,34,0,39,0
17-03 09:10:59,70.250,15.750,13.250,0,0,1519004,793196,173460,5440000,13071.085,10285.067,0,548.004,0,62.000,6089,7137,2.940,1.570,0.860,5,0,201.001,0,0,11,30,0,43,0
17-03 09:11:00,86.725,12.996,0.750,0,0,1545016,767168,173460,5440016,3205.085,2308.341,0,2423.308,0,140.960,4828,1929,2.940,1.570,0.860,3,0,66.981,0,0,11,31,0,43,0
17-03 09:11:01,67.243,6.999,24.748,0,0,1591824,720308,173464,5440064,22130.838,21003.948,0,215.979,0,12.999,5196,5636,2.950,1.590,0.870,3,0,1.000,0,0,11,36,0,43,0
17-03 09:11:02,55.429,5.743,37.202,0,0,1596380,715520,173464,5440296,34727.639,32119.970,0,171.781,0,9.987,11609,16217,2.950,1.590,0.870,3,0,0,0,0,11,36,0,43,0
17-03 09:11:03,63.766,9.002,25.506,0.250,0,1565316,746484,173476,5440384,27062.801,24624.188,0,460.116,0,53.013,9773,13535,2.950,1.590,0.870,3,0,60.015,0,0,11,33,0,41,0
17-03 09:11:04,85.372,13.770,1.252,0,0,1523536,788108,173492,5440524,4241.081,2220.183,0,236.339,0,21.030,5185,3090,2.950,1.590,0.870,4,0,60.086,0,0,11,32,0,41,0
17-03 09:11:05,72.499,7.723,18.685,0,0,1601804,709832,173492,5440532,16498.806,15410.578,0,139.516,0,8.969,4639,3031,2.950,1.590,0.870,5,0,0,0,0,11,36,0,41,0
17-03 09:11:06,59.186,6.771,33.104,0,0,1607588,703784,173492,5440796,31852.263,28312.120,0,758.387,0,48.152,9152,13360,2.950,1.620,0.880,4,0,0,0,0,11,36,0,41,0
17-03 09:11:07,55.004,6.750,37.003,0,0,1559200,751944,173492,5441024,35165.584,31793.336,0,16.001,0,4.000,11229,15934,2.950,1.620,0.880,5,0,31.002,0,0,11,34,0,42,0
17-03 09:11:08,76.515,18.004,5.001,0,0,1451428,859684,173492,5441056,9354.864,7728.540,0,0,0,0,5827,4887,2.950,1.620,0.880,4,0,230.046,0,0,11,32,0,44,0
17-03 09:11:09,81.254,8.750,10.001,0,0,1588376,722716,173492,5441076,10029.552,7754.427,0,0,0,0,4485,1924,2.950,1.620,0.880,3,0,0,0,0,11,34,0,44,0
17-03 09:11:10,62.966,5.747,30.733,0,0,1600620,710408,173492,5441140,26995.216,25488.042,0,115.937,0,5.997,6755,8842,2.950,1.620,0.880,2,0,0,0,0,11,36,0,44,0
17-03 09:11:11,64.689,10.490,23.728,0.250,0,1552868,757964,173500,5441328,25040.414,21673.585,0,143.864,0,10.990,8432,11707,3.120,1.670,0.910,5,0,67.936,0,0,11,33,0,40,0
17-03 09:11:12,85.131,12.269,2.003,0,0,1534588,776208,173508,5441356,5393.297,4337.673,0,284.438,0,18.028,5233,3406,3.120,1.670,0.910,3,0,60.092,0,0,11,33,0,40,0
17-03 09:11:13,71.727,6.998,20.993,0,0,1609736,701036,173508,5441380,16741.551,15698.891,0,175.943,0,20.993,4802,3622,3.120,1.670,0.910,2,0,0,0,0,11,35,0,41,0
17-03 09:11:14,71.722,13.199,14.942,0,0,1573540,737076,173516,5441528,18199.419,15427.171,0,1302.947,0,20.919,5882,7009,3.120,1.670,0.910,4,0,119.536,0,0,11,34,0,42,0
17-03 09:11:15,74.186,8.020,17.795,0,0,1617048,693480,173516,5441616,25703.399,23124.939,0,140.352,0,8.020,6734,9598,3.120,1.670,0.910,4,0,0,0,0,11,35,0,41,0
17-03 09:11:16,71.169,13.235,15.233,0,0,1552752,757596,173516,5441796,19726.474,17665.827,0,2916.669,0,129.852,6434,7556,3.110,1.700,0.920,5,0,140.839,0,0,11,34,0,43,0
17-03 09:11:17,82.383,12.520,4.507,0,0,1494524,815796,173520,5441820,8479.706,7175.598,0,416.673,0,53.086,5247,3817,3.110,1.700,0.920,4,0,86.139,0,0,11,32,0,45,0
17-03 09:11:18,76.524,8.253,15.255,0,0,1589472,720816,173520,5441852,16917.302,15609.892,0,0,0,0,4907,3818,3.110,1.700,0.920,3,0,1.000,0,0,11,35,0,45,0
17-03 09:11:19,72.643,11.483,15.727,0,0,1620152,689968,173520,5442020,19325.624,17022.007,0,3.994,0,0.999,5919,6143,3.110,1.700,0.920,4,0,67.900,0,0,11,34,0,46,0
17-03 09:11:20,77.071,9.727,12.222,0.249,0,1637332,672736,173528,5442064,13860.781,12013.076,0,434.989,0,37.912,5415,6232,3.110,1.700,0.920,5,0,71.833,0,0,11,33,0,48,0
17-03 09:11:21,56.496,8.537,34.651,0,0,1574952,735080,173536,5442092,13073.012,12209.245,0,341.489,0,31.136,4148,3997,3.100,1.720,0.930,2,0,66.289,0,0,11,33,0,49,0
17-03 09:11:22,55.724,11.994,31.985,0,0,1522112,787780,173540,5442228,8128.237,7104.711,0,175.919,0,12.994,4356,2900,3.100,1.720,0.930,2,0,119.944,0,0,11,33,0,50,0
17-03 09:11:23,55.530,10.005,33.518,0.250,0,1551024,758808,173544,5442284,15259.356,11899.516,0,192.105,0,14.008,5333,5188,3.100,1.720,0.930,2,0,96.053,0,0,11,34,0,50,0
17-03 09:11:24,58.010,6.751,34.506,0,0,1595944,713852,173544,5442320,17027.025,14604.594,0,156.028,0,8.001,5708,6333,3.100,1.720,0.930,3,0,0,0,0,11,34,0,50,0
17-03 09:11:25,56.329,10.967,31.654,0,0,1508176,801592,173544,5442348,10945.829,9685.648,0,123.625,0,8.973,4911,3801,3.100,1.720,0.930,2,0,85.740,0,0,11,33,0,52,0
17-03 09:11:26,58.707,9.493,30.977,0.250,0,1547388,762304,173548,5442420,8868.524,7269.691,0,211.845,0,17.987,5078,4584,2.930,1.710,0.930,0,0,85.937,0,0,11,34,0,53,0
17-03 09:11:27,34.745,3.500,60.492,0.250,0,1541104,768492,173548,5442516,18489.458,16251.766,0,243.966,0,8.999,5082,5726,2.930,1.710,0.930,2,0,0,0,0,11,34,0,48,0
17-03 09:11:28,31.117,11.794,55.960,0.251,0,1413152,896284,173560,5442664,9594.981,8089.335,0,305.144,0,32.120,5439,5594,2.930,1.710,0.930,2,0,136.512,0,0,11,32,0,50,0
17-03 09:11:29,44.720,5.746,48.967,0,0,1460324,849108,173560,5442668,2698.208,1618.925,0,115.923,0,7.995,2736,1339,2.930,1.710,0.930,2,0,0,0,0,11,32,0,50,0
17-03 09:11:30,37.157,3.990,57.356,0.249,0,1481592,827816,173576,5442676,14369.002,11235.851,0,2314.202,0,147.630,3607,3266,2.930,1.710,0.930,2,0,0,0,0,11,34,0,50,0
17-03 09:11:31,38.314,6.010,54.340,0,0,1399028,910180,173576,5442876,11301.820,9745.228,0,2412.017,0,131.219,5311,5635,2.860,1.710,0.940,2,0,34.057,0,0,11,32,0,49,0
17-03 09:11:32,41.037,11.510,47.042,0,0,1467192,842008,173576,5442884,2762.478,1621.454,0,68.061,0,4.004,3597,2026,2.860,1.710,0.940,2,0,110.099,0,0,11,32,0,49,0
17-03 09:11:33,39.385,3.490,55.837,0,0,1483992,825204,173576,5442888,9259.889,8892.964,0,0,0,0,2524,1506,2.860,1.710,0.940,0,0,0,0,0,11,34,0,49,0
17-03 09:11:34,35.768,8.004,56.028,0,0,1452248,856932,173576,5442904,11843.003,9858.997,0,392.199,0,30.015,4772,4938,2.860,1.710,0.940,1,0,60.030,0,0,11,33,0,50,0
17-03 09:11:35,41.979,5.497,51.474,0.250,0,1412300,896864,173576,5442920,4748.591,2843.557,0,123.937,0,11.994,3302,2321,2.860,1.710,0.940,2,0,4.997,0,0,11,32,0,48,0
17-03 09:11:36,37.773,4.002,57.285,0,0,1458480,850668,173576,5442936,12656.709,11524.019,0,0,0,0,3649,3033,2.710,1.700,0.940,1,0,0,0,0,11,34,0,48,0
17-03 09:11:37,35.589,6.015,56.392,0,0,1455272,853712,173576,5443100,14093.381,11923.934,0,4.010,0,1.003,4722,5331,2.710,1.700,0.940,2,0,43.108,0,0,11,33,0,49,0
17-03 09:11:38,41.014,6.002,51.518,0,0,1471312,837644,173588,5443116,4571.615,3449.218,0,252.089,0,25.009,3409,2555,2.710,1.700,0.940,2,0,6.002,0,0,11,32,0,50,0
17-03 09:11:39,38.975,3.997,56.713,0,0,1479604,829340,173588,5443128,11189.724,10290.309,0,111.927,0,5.996,3377,2744,2.710,1.700,0.940,2,0,0,0,0,11,34,0,48,0
17-03 09:11:40,32.266,6.503,60.279,0.250,0,1465672,843236,173588,5443164,16246.873,14014.791,0,204.099,0,20.010,5675,6612,2.710,1.700,0.940,1,0,64.031,0,0,11,33,0,49,0
17-03 09:11:41,27.423,14.958,55.593,0.249,0,1375536,933300,173588,5443236,4674.813,2890.845,0,299.156,0,20.941,5158,13746,2.570,1.690,0.940,2,0,253.286,0,0,11,32,0,51,0
17-03 09:11:42,20.230,2.248,76.425,0,0,1383584,925248,173588,5443240,4266.794,3426.622,0,163.839,0,9.990,1614,1121,2.570,1.690,0.940,0,0,0,0,0,11,33,0,51,0
17-03 09:11:43,18.507,2.001,78.279,0.250,0,1383564,925248,173592,5443256,10407.818,9150.357,0,656.241,0,41.015,3198,3676,2.570,1.690,0.940,0,0,0,0,0,11,33,0,45,0
17-03 09:11:44,14.550,13.045,71.494,0.251,0,1343480,965316,173596,5443268,4712.105,2916.970,0,136.466,0,18.062,4423,3523,2.570,1.690,0.940,1,0,245.840,0,0,11,32,0,46,0
17-03 09:11:45,20.932,4.735,73.012,0,0,1399168,909624,173596,5443272,3007.217,1614.747,0,713.678,0,1.994,2068,1387,2.570,1.690,0.940,1,0,38.874,0,0,11,32,0,46,0
17-03 09:11:46,17.991,2.249,78.961,0,0,1417832,890952,173596,5443280,9243.485,6659.747,0,359.824,0,22.989,1922,1716,2.440,1.680,0.940,1,0,0,0,0,11,33,0,46,0
17-03 09:11:47,18.059,3.512,76.752,0,0,1390648,917988,173596,5443428,8770.748,7338.052,0,1480.854,0,134.441,3626,3903,2.440,1.680,0.940,2,0,35.115,0,0,11,32,0,47,0
17-03 09:11:48,21.691,4.488,72.303,0.249,0,1434676,873960,173596,5443428,2411.437,1454.043,0,211.425,0,19.946,2049,1684,2.440,1.680,0.940,1,0,11.967,0,0,11,32,0,45,0
17-03 09:11:49,18.499,3.250,75.245,1.750,0,1435024,873496,173596,5443616,7927.435,6662.525,187.987,4.000,2.000,1.000,2075,1756,2.440,1.680,0.940,2,0,3.000,0,0,11,33,0,45,0
17-03 09:11:50,18.479,2.247,77.913,0,0.250,1434992,873496,173596,5443648,12120.507,10227.614,0,331.631,0,16.981,4214,5280,2.440,1.680,0.940,1,0,0,0,0,11,33,0,45,0
17-03 09:11:51,13.561,16.826,68.811,0.251,0,1341956,966376,173604,5443792,3432.500,2160.757,0,104.472,0,14.064,5063,4050,2.250,1.650,0.930,1,0,342.547,0,0,11,32,0,45,0
17-03 09:11:52,27.978,17.237,53.209,0,0,1393340,914952,173636,5443796,4316.646,1618.742,0,259.798,0,17.986,4886,3739,2.250,1.650,0.930,2,0,284.779,0,0,11,32,0,46,0
17-03 09:11:53,46.134,4.489,48.378,0.499,0,1487244,820396,173720,5444364,2573.502,1615.920,0,989.502,0,77.804,2897,1577,2.250,1.650,0.930,3,0,0,0,0,11,32,0,46,0
17-03 09:11:54,39.629,6.521,44.896,7.023,0,1514312,787888,174252,5448872,4334.139,1625.302,0,15659.085,0,1508.923,9028,14741,2.250,1.650,0.930,6,1,71.232,0,0,11,36,0,46,0
17-03 09:11:55,37.490,7.248,39.740,12.247,0.250,1510540,787636,174992,5452024,2674.322,1499.620,0,43872.879,0,3855.023,14852,29153,2.250,1.650,0.930,3,0,84.978,0,0,11,36,0,46,0
17-03 09:11:56,41.622,7.976,43.616,4.985,0,1496080,801804,175320,5451940,4306.784,1615.044,0,26127.824,0,2191.276,9581,16927,2.230,1.650,0.940,3,0,21.933,0,0,11,32,0,41,0
17-03 09:11:57,46.249,4.750,48.499,0,0,1508576,789308,175320,5451940,2579.945,1661.965,0,711.985,0,31.999,2705,1299,2.230,1.650,0.940,2,0,0,0,0,11,32,0,41,0
17-03 09:11:58,40.576,7.264,44.834,4.759,0,1469904,827612,175440,5452184,4388.221,1623.040,0,9585.958,0,1412.646,10289,16152,2.230,1.650,0.940,6,0,3.006,0,0,11,34,0,41,0
17-03 09:11:59,40.045,8.259,44.551,4.755,0,1448052,848908,175708,5452468,2823.204,1621.840,0,14580.545,0,1667.893,10584,16836,2.230,1.650,0.940,2,0,76.086,0,0,11,32,0,41,0
17-03 09:12:00,23.928,3.739,71.285,0,0,1416180,880768,175708,5452480,3007.924,1615.126,0,131.603,0,14.955,2084,1520,2.230,1.650,0.940,2,0,24.925,0,0,11,32,0,37,0
17-03 09:12:01,23.752,3.250,71.756,0.750,0,1421300,875580,175776,5452480,2940.236,1620.130,0,7376.593,0,388.031,2397,2789,2.130,1.640,0.940,2,0,0,0,0,11,32,0,37,0
17-03 09:12:02,22.245,3.249,72.983,0.250,0,1452900,843972,175780,5452484,2537.397,1457.654,0,1531.636,0,190.955,1810,1290,2.130,1.640,0.940,2,0,2.000,0,0,11,32,0,37,0
17-03 09:12:03,22.007,3.501,73.272,0,0,1425176,871676,175780,5452504,2700.801,1620.481,0,44.013,0,5.001,1759,1247,2.130,1.640,0.940,3,0,1.000,0,0,11,32,0,37,0
17-03 09:12:04,22.749,3.750,72.996,0,0,1443288,853580,175780,5452500,2879.853,1619.917,0,0,0,0,1853,1270,2.130,1.640,0.940,3,0,3.000,0,0,11,32,0,37,0
17-03 09:12:05,23.253,2.750,73.011,0,0,1415308,881556,175780,5452512,3017.452,1620.243,0,0,0,0,1676,1100,2.130,1.640,0.940,4,0,1.000,0,0,11,32,0,37,0
17-03 09:12:06,21.991,3.998,72.720,0,0,1477904,818928,175780,5452544,2698.901,1619.341,0,0,0,0,1705,1202,2.040,1.630,0.940,1,0,0,0,0,11,32,0,37,0
17-03 09:12:07,22.501,3.500,73.752,0,0,1497800,799032,175788,5452536,2890.095,1620.053,0,4.000,0,1.000,1755,1245,2.040,1.630,0.940,1,0,2.000,0,0,11,32,0,37,0
17-03 09:12:08,23.004,3.251,72.763,0,0,1465452,831288,175792,5452620,2662.484,1552.282,0,180.033,0,2.000,1747,1220,2.040,1.630,0.940,1,0,2.000,0,0,11,32,0,33,0
17-03 09:12:09,22.752,3.000,73.257,0.250,0,1501472,795252,175800,5452628,2940.297,1620.163,0,500.050,0,38.004,1878,1564,2.040,1.630,0.940,1,0,2.000,0,0,11,32,0,33,0
17-03 09:12:10,23.246,2.500,73.237,0,0,1463900,832736,175800,5452716,3016.461,1619.710,0,0,0,0,1654,1008,2.040,1.630,0.940,1,0,1.000,0,0,11,32,0,33,0
17-03 09:12:11,23.000,3.000,73.500,0,0,1455560,841052,175812,5452728,3000.000,1620.000,0,40.000,0,2.000,1729,1194,1.960,1.620,0.940,1,0,0,0,0,11,32,0,33,0
17-03 09:12:12,22.511,3.502,73.286,0,0,1480104,816496,175812,5452740,4296.094,1620.790,0,0,0,0,1767,1321,1.960,1.620,0.940,1,0,1.000,0,0,11,32,0,31,0
17-03 09:12:13,21.745,3.999,73.483,0,0,1510332,786268,175812,5452740,3259.263,1619.634,0,107.976,0,2.000,1680,1156,1.960,1.620,0.940,3,0,2.000,0,0,11,32,0,31,0
17-03 09:12:14,23.493,2.499,73.729,0,0,1469620,826960,175816,5452756,4096.807,1457.575,0,0,0,0,1655,1178,1.960,1.620,0.940,1,0,1.000,0,0,11,32,0,31,0
17-03 09:12:15,22.506,2.751,73.270,0,0,1460408,836148,175824,5452768,3077.846,1620.446,0,164.045,0,2.001,1630,1160,1.960,1.620,0.940,2,0,0,0,0,11,32,0,31,0
17-03 09:12:16,21.999,3.750,73.496,0,0,1465328,831204,175824,5452792,2519.874,1619.919,0,71.996,0,1.000,1714,1207,1.880,1.610,0.940,2,0,1.000,0,0,11,32,0,27,0
17-03 09:12:17,22.755,3.001,73.267,0.250,0,1494132,802400,175824,5452792,2760.638,1620.374,0,340.079,0,68.016,1721,1093,1.880,1.610,0.940,2,0,2.000,0,0,11,32,0,27,0
17-03 09:12:18,19.763,6.504,72.797,0,0,1461888,834496,175832,5452932,2641.688,1621.036,0,4.003,0,1.001,2695,1894,1.880,1.610,0.940,3,0,97.062,0,0,11,32,0,27,0
17-03 09:12:19,9.023,21.054,67.674,0.251,0,1444260,852020,175852,5452960,2827.249,1624.164,0,1367.506,0,44.113,6147,4987,1.880,1.610,0.940,1,0,471.208,0,0,11,32,0,27,0
17-03 09:12:20,8.975,20.195,69.310,0,0,1419916,876300,175856,5453012,3008.757,1615.574,0,1336.339,0,51.858,5904,4507,1.880,1.610,0.940,3,0,397.910,0,0,11,32,0,21,0
17-03 09:12:21,8.004,21.261,68.284,0.500,0,1410252,885928,175868,5453036,2609.299,1458.726,0,2845.416,0,126.063,5953,4696,1.810,1.600,0.940,1,0,391.195,0,0,11,32,0,21,0
17-03 09:12:22,22.283,3.756,73.609,0,0.250,1422040,874152,175868,5453024,4636.864,1622.402,0,0,0,0,1769,1360,1.810,1.600,0.940,1,0,13.019,0,0,11,32,0,21,0
17-03 09:12:23,22.934,2.742,73.288,0,0,1454424,841768,175868,5453024,2811.883,1615.337,0,2277.426,0,186.462,1832,1191,1.810,1.600,0.940,1,0,1.994,0,0,11,32,0,21,0
17-03 09:12:24,22.754,3.000,73.512,0,0,1435444,860728,175868,5453040,3303.542,1620.266,0,16.003,0,1.000,1786,1168,1.810,1.600,0.940,1,0,1.000,0,0,11,32,0,18,0
17-03 09:12:25,22.492,3.249,73.725,0,0,1492764,803428,175868,5453020,3315.879,1619.452,0,7.997,0,1.999,1764,1146,1.810,1.600,0.940,1,0,1.999,0,0,11,32,0,18,0
17-03 09:12:26,23.249,2.500,73.248,0,0,1506540,789660,175868,5453020,2879.910,1619.949,0,107.997,0,4.000,1714,1065,1.740,1.590,0.940,1,0,0,0,0,11,32,0,18,0
17-03 09:12:27,22.508,3.501,72.777,0,0,1468012,828180,175868,5453028,2478.909,1458.535,0,0,0,0,1814,1288,1.740,1.590,0.940,1,0,1.000,0,0,11,32,0,18,0
17-03 09:12:28,22.754,3.501,73.762,0,0,1503496,792696,175868,5453028,2640.415,1620.254,0,0,0,0,1779,1136,1.740,1.590,0.940,1,0,3.000,0,0,11,32,0,18,0
17-03 09:12:29,23.235,2.998,72.203,0.250,0,1464684,831484,175876,5453048,2698.225,1618.935,0,1978.698,0,34.977,1996,1577,1.740,1.590,0.940,3,0,0.999,0,0,11,32,0,13,0
17-03 09:12:30,22.570,3.009,73.730,0,0.251,1467816,828372,175876,5453028,4470.961,1625.074,0,0,0,0,1748,1203,1.740,1.590,0.940,1,0,0,0,0,11,32,0,13,0
17-03 09:12:31,22.705,3.493,73.106,0,0,1492800,803388,175876,5453028,2574.940,1616.823,0,115.772,0,11.976,1735,1132,1.680,1.580,0.940,1,0,1.996,0,0,11,32,0,13,0
17-03 09:12:32,23.005,3.251,72.765,0,0,1442268,853880,175876,5453048,2640.527,1620.323,0,0,0,0,1875,1237,1.680,1.580,0.940,2,0,7.001,0,0,11,32,0,13,0
17-03 09:12:33,22.237,3.998,73.207,0,0,1456356,839804,175876,5453036,2698.431,1619.059,0,0,0,0,1759,1169,1.680,1.580,0.940,1,0,1.999,0,0,11,32,0,11,0
17-03 09:12:34,23.739,1.749,73.215,0,0,1479624,816536,175876,5453036,2716.704,1457.305,0,55.973,0,1.999,1700,1096,1.680,1.580,0.940,1,0,1.000,0,0,11,32,0,11,0
17-03 09:12:35,22.541,3.506,73.133,0,0,1464080,832092,175876,5453024,3202.841,1622.960,0,0,0,0,1792,1264,1.680,1.580,0.940,1,0,1.002,0,0,11,32,0,11,0
17-03 09:12:36,22.467,3.495,73.393,0,0,1502780,793392,175876,5453024,2755.968,1617.634,0,0,0,0,1692,1130,1.630,1.570,0.940,1,0,1.997,0,0,11,32,0,11,0
17-03 09:12:37,23.258,2.751,73.274,0,0,1460540,835600,175880,5453052,2820.910,1620.523,0,92.030,0,4.001,1752,1170,1.630,1.570,0.940,1,0,1.000,0,0,11,32,0,9,0
17-03 09:12:38,22.988,2.749,72.963,0.250,0,1486276,809952,175880,5452964,2698.640,1619.184,0,547.724,0,95.952,1839,1286,1.630,1.570,0.940,1,0,0.999,0,0,11,32,0,9,0
17-03 09:12:39,22.753,2.750,72.759,0.250,0,1514492,781724,175884,5452972,2820.356,1620.205,0,604.076,0,36.005,1921,1504,1.630,1.570,0.940,1,0,2.000,0,0,11,32,0,9,0
17-03 09:12:40,23.002,3.250,73.258,0,0,1467860,828268,175884,5453060,2495.264,1458.154,0,0,0,0,1757,1226,1.630,1.570,0.940,3,0,1.000,0,0,11,32,0,9,0
17-03 09:12:41,28.508,6.752,63.769,0,0,1431536,864592,175884,5453060,2710.791,1620.473,0,12.004,0,1.000,2814,10868,1.580,1.560,0.940,2,0,37.011,0,0,11,32,0,6,0
17-03 09:12:42,22.289,3.757,73.128,0,0,1466220,829928,175884,5453040,2850.986,1622.838,0,0,0,0,1774,1133,1.580,1.560,0.940,2,0,2.004,0,0,11,32,0,6,0
17-03 09:12:43,23.456,1.747,73.364,0,0,1485172,810972,175884,5453040,2635.102,1616.994,0,23.955,0,1.996,1639,998,1.580,1.560,0.940,1,0,0,0,0,11,32,0,6,0
17-03 09:12:44,22.497,3.500,73.490,0,0,1467296,828828,175884,5453060,4319.386,1619.770,0,67.990,0,2.000,1814,1310,1.580,1.560,0.940,3,0,1.000,0,0,11,32,0,6,0
17-03 09:12:45,23.490,2.749,73.218,0,0,1460336,835788,175884,5453060,3135.613,1619.284,0,103.954,0,2.999,1735,1093,1.580,1.560,0.940,2,0,1.000,0,0,11,32,0,4,0
17-03 09:12:46,23.013,3.002,73.543,0,0,1476464,819668,175884,5453052,2761.605,1620.942,0,0,0,0,1735,1133,1.530,1.550,0.940,4,0,0,0,0,11,32,0,4,0
17-03 09:12:47,22.746,3.499,73.236,0,0,1491444,804688,175884,5453052,2477.530,1457.723,0,23.995,0,2.000,1712,1066,1.530,1.550,0.940,2,0,2.000,0,0,11,32,0,4,0
17-03 09:12:48,11.034,18.809,68.213,0,0,1449748,846328,175884,5453108,2648.265,1625.072,0,192.601,0,8.025,5099,3739,1.530,1.550,0.940,2,0,361.127,0,0,11,32,0,4,0
17-03 09:12:49,18.506,8.753,72.275,0,0,1472624,823448,175884,5453112,2700.917,1620.550,0,96.033,0,5.002,2798,2093,1.530,1.550,0.940,1,0,101.034,0,0,11,32,0,3,0
17-03 09:12:50,22.919,2.989,73.490,0,0,1501612,794448,175884,5453124,2946.562,1614.282,0,83.703,0,1.993,1627,1030,1.530,1.550,0.940,1,0,0,0,0,11,32,0,3,0
17-03 09:12:51,22.825,2.759,73.742,0,0,1452732,843088,175888,5453372,2769.087,1625.334,0,0,0,0,1680,1149,1.490,1.540,0.940,1,0,9.030,0,0,11,32,0,3,0
17-03 09:12:52,22.498,3.250,73.494,0,0,1510584,785232,175888,5453376,2905.751,1619.861,0,0,0,0,1570,1107,1.490,1.540,0.940,1,0,0,0,0,11,32,0,3,0
17-03 09:12:53,19.246,10.248,69.734,0,0,1411792,883916,175888,5453480,2563.430,1499.666,39.991,0,2.000,0,3185,2224,1.490,1.540,0.940,2,0,183.959,0,0,11,32,0,1,0
17-03 09:12:54,8.254,21.010,69.532,0,0,1404408,891248,175888,5453528,2641.210,1620.742,0,204.093,0,9.004,5738,4309,1.490,1.540,0.940,1,0,406.186,0,0,11,32,0,1,0
17-03 09:12:55,8.997,21.744,67.481,0.250,0,1392480,903128,175888,5453556,3042.148,1619.546,0,347.903,0,5.998,5983,4626,1.490,1.540,0.940,1,0,466.869,0,0,11,32,0,1,0
17-03 09:12:56,8.501,21.504,68.761,0,0,1382696,912840,175888,5453584,2700.446,1620.268,0,464.077,0,6.001,6049,4667,1.370,1.510,0.940,1,0,475.078,0,0,11,32,0,1,0
17-03 09:12:57,8.251,22.252,68.007,0,0,1381920,913584,175888,5453612,2880.278,1662.160,0,1196.115,0,13.001,6032,4603,1.370,1.510,0.940,2,0,487.047,0,0,11,32,0,1,0
17-03 09:12:58,9.249,21.747,67.740,0,0,1380296,915188,175888,5453632,2699.601,1619.761,0,1103.837,0,11.998,5864,4390,1.370,1.510,0.940,1,0,442.935,0,0,11,32,0,1,0
17-03 09:12:59,7.990,20.725,69.915,0,0,1366632,928824,175888,5453660,4460.599,1618.041,0,611.260,0,41.949,5802,4372,1.370,1.510,0.940,1,0,411.502,0,0,11,32,0,1,0
17-03 09:13:00,8.764,20.782,69.609,0,0,1368012,927416,175888,5453688,2765.315,1460.279,0,264.413,0,8.013,5593,4173,1.370,1.510,0.940,1,0,389.608,0,0,11,32,0,1,0
17-03 09:13:01,8.744,22.234,67.950,0,0,1363076,932320,175888,5453716,4522.694,1618.817,0,243.822,0,10.992,5692,4145,1.340,1.510,0.940,1,0,404.704,0,0,11,32,0,1,0
17-03 09:13:02,7.996,22.490,68.469,0,0,1348860,946508,175888,5453740,2964.650,1619.263,0,39.982,0,9.995,5779,4260,1.340,1.510,0.940,1,0,421.808,0,0,11,32,0,1,0
17-03 09:13:03,16.264,23.520,58.299,0,0,1321140,974164,175916,5453768,2908.457,1621.370,0,444.375,0,20.017,6115,5018,1.340,1.510,0.940,2,0,492.416,0,0,11,32,0,3,0
17-03 09:13:04,48.876,24.438,25.435,0,0,1423988,871276,175952,5453772,4458.692,1615.902,0,833.885,0,57.853,5847,4921,1.340,1.510,0.940,3,0,453.849,0,0,11,32,0,7,0
17-03 09:13:05,67.140,8.267,24.301,0,0,1569248,725172,176032,5454500,3049.357,1623.384,0,0,0,0,3618,1554,1.340,1.510,0.940,3,0,2.004,0,0,11,32,0,7,0
17-03 09:13:06,58.036,9.006,24.765,7.755,0.250,1629000,657244,176708,5461100,2727.674,1620.995,372.228,23370.343,3.002,1878.153,9933,16723,1.550,1.550,0.960,4,1,54.033,0,0,11,36,0,7,0
17-03 09:13:07,45.224,10.994,29.733,10.244,0,1614500,662032,177260,5469728,2382.648,1457.173,0,57679.269,0,4345.534,17013,32678,1.550,1.550,0.960,1,1,134.923,0,0,11,36,0,9,0
17-03 09:13:08,42.518,10.755,30.513,13.256,0,1614600,651700,177660,5479212,2731.147,1714.720,0,86076.138,0,5962.503,21586,40018,1.550,1.550,0.960,3,0,91.038,0,0,11,36,0,9,0
17-03 09:13:09,43.761,10.003,31.258,12.253,0,1623272,634072,178024,5487480,8485.223,7295.911,0,76047.921,0,5831.528,20255,39329,1.550,1.550,0.960,5,0,33.009,0,0,11,37,0,9,0
17-03 09:13:10,46.472,12.992,29.482,8.745,0,1546700,704108,178496,5493332,9757.047,5228.810,0,59747.547,0,4384.325,15997,30618,1.550,1.550,0.960,3,0,148.909,0,0,11,34,0,10,0
17-03 09:13:11,43.259,21.755,24.505,9.002,0,1554972,688996,178676,5500064,2966.639,1620.349,296.064,46690.058,4.001,3315.714,15542,28450,1.830,1.600,0.980,2,1,272.059,0,0,11,34,0,10,0
17-03 09:13:12,46.837,18.934,21.675,9.218,0,1581980,658504,178840,5502840,8105.772,6639.877,872.960,47168.739,20.927,3541.666,15810,30434,1.830,1.600,0.980,4,0,171.403,0,0,11,35,0,10,0
17-03 09:13:13,42.308,13.018,35.298,8.512,0,1595692,641880,178920,5505600,7387.089,6047.259,925.264,39570.041,14.019,3246.434,15878,28987,1.830,1.600,0.980,5,1,162.222,0,0,11,35,0,10,0
17-03 09:13:14,32.065,7.014,48.348,10.521,0,1595236,642960,179124,5504776,13382.187,11137.627,0,43219.805,0,3770.660,17304,32979,1.830,1.600,0.980,3,1,18.037,0,0,11,35,0,10,0
17-03 09:13:15,37.268,8.754,41.019,11.005,0,1564024,671936,179360,5506732,3333.579,1923.911,0,39054.493,0,3544.678,14286,26110,1.830,1.600,0.980,4,0,66.031,0,0,11,34,0,10,0
17-03 09:13:16,38.996,6.999,41.245,9.999,0,1590548,644888,179472,5507100,4366.500,3591.589,0,40947.311,0,3636.584,14344,27339,1.760,1.590,0.980,1,1,23.997,0,0,11,35,0,10,0
17-03 09:13:17,38.954,5.244,44.447,8.490,0,1587124,646408,179504,5508924,9638.612,7980.571,0,22988.840,0,2473.078,12238,23810,1.760,1.590,0.980,2,1,38.954,0,0,11,37,0,10,0
17-03 09:13:18,34.983,7.246,45.478,9.245,0,1583076,648428,179560,5510848,12277.979,10730.737,0,43062.881,0,3650.210,17116,32146,1.760,1.590,0.980,4,0,39.980,0,0,11,37,0,10,0
17-03 09:13:19,33.001,11.000,44.001,9.500,0,1537456,691484,179640,5513276,5674.093,4462.073,0,39604.649,0,3427.056,15532,28591,1.760,1.590,0.980,6,0,110.002,0,0,11,36,0,11,0
17-03 09:13:20,37.031,7.756,40.284,11.510,0,1559740,666240,179744,5516052,2899.429,1621.358,0,38460.221,0,3567.989,14556,27788,1.760,1.590,0.980,3,1,51.043,0,0,11,36,0,11,0
17-03 09:13:21,35.994,6.749,43.743,10.748,0,1566780,656452,179776,5518676,7866.651,6727.847,0,50315.374,0,4265.269,17245,32633,2.020,1.650,1,6,1,92.984,0,0,11,37,0,11,0
17-03 09:13:22,32.535,7.508,46.550,10.762,0,1564328,656684,179840,5520768,13091.146,9943.745,0,46602.357,0,4126.459,18063,34742,2.020,1.650,1,2,0,48.052,0,0,11,37,0,11,0
17-03 09:13:23,34.250,7.750,45.000,10.000,0.500,1538436,686564,179852,5516736,9133.906,7579.922,0,46195.524,0,3961.959,17305,32689,2.020,1.650,1,2,0,40.000,0,0,11,36,0,11,0
17-03 09:13:24,38.508,9.252,40.009,10.252,0,1587620,637652,179928,5516440,4320.939,1620.352,0,58532.722,0,4488.976,15876,31808,2.020,1.650,1,3,0,41.009,0,0,11,34,0,13,0
17-03 09:13:25,35.145,11.715,52.095,0,0,1462508,762712,179928,5516488,8280.353,6643.226,0,2089.780,0,192.427,4654,3489,2.020,1.650,1,1,0,211.371,0,0,11,33,0,13,0
17-03 09:13:26,19.011,2.752,76.546,0.250,0,1458776,766408,179932,5516520,10372.203,8643.169,0,1296.775,0,69.041,4185,5257,1.940,1.640,1,1,0,0,0,0,11,33,0,13,0
17-03 09:13:27,19.263,2.502,76.302,0.250,0,1390264,834892,179932,5516548,11398.837,9723.685,0,884.608,0,51.035,3809,4486,1.940,1.640,1,2,0,5.003,0,0,11,32,0,14,0
17-03 09:13:28,20.721,5.742,72.648,0.250,0,1435908,789244,179932,5516552,4032.337,1455.955,0,671.058,0,36.948,2321,1711,1.940,1.640,1,1,0,50.928,0,0,11,32,0,14,0
17-03 09:13:29,18.987,1.749,77.947,0,0,1456140,769008,179932,5516556,7862.655,6658.474,0,459.688,0,24.983,1904,1589,1.940,1.640,1,1,0,0,0,0,11,33,0,14,0
17-03 09:13:30,20.205,4.240,74.583,0.249,0,1432932,791848,179932,5516924,6821.695,5361.970,0,3691.717,0,215.516,3588,3965,1.940,1.640,1,2,0,33.924,0,0,11,32,0,15,0
17-03 09:13:31,22.291,3.006,73.135,0.250,0,1434040,790740,179932,5516924,4021.429,1622.998,0,64.118,0,6.011,1703,1144,1.860,1.630,1,2,0,0,0,0,11,32,0,15,0
17-03 09:13:32,19.550,3.008,77.198,0,0,1430812,793944,179932,5516932,7707.775,6680.138,0,0,0,0,1979,1559,1.860,1.630,1,2,0,6.015,0,0,11,33,0,15,0
17-03 09:13:33,17.217,5.739,75.605,0,0,1402220,822532,179932,5516936,4234.885,3294.687,0,159.694,0,20.960,2880,2814,1.860,1.630,1,2,0,59.885,0,0,11,32,0,16,0
17-03 09:13:34,22.998,2.500,73.743,0.250,0,1439304,785448,179932,5516936,2784.736,1619.846,0,135.987,0,8.999,1617,1092,1.860,1.630,1,3,0,0,0,0,11,32,0,16,0
17-03 09:13:35,18.500,2.250,78.251,0,0,1452476,772268,179932,5516944,8493.090,6766.072,0,368.004,0,5.000,1821,1496,1.860,1.630,1,2,0,0,0,0,11,33,0,16,0
17-03 09:13:36,18.270,4.255,75.832,0,0,1412872,811716,179936,5517096,8184.859,6881.448,0,324.351,0,19.021,3662,3957,1.710,1.600,0.990,3,0,36.039,0,0,11,32,0,17,0
17-03 09:13:37,21.723,3.995,73.659,0,0,1437060,787524,179936,5517100,2576.820,1618.003,0,7.990,0,1.998,1825,1279,1.710,1.600,0.990,1,0,6.991,0,0,11,32,0,17,0
17-03 09:13:38,18.249,2.250,78.495,0,0,1446604,777976,179936,5517104,8030.510,7259.557,0,55.997,0,4.000,1896,1573,1.710,1.600,0.990,0,0,1.000,0,0,11,33,0,17,0
17-03 09:13:39,16.722,3.245,78.119,0.250,0,1407220,817212,179936,5517252,8963.913,6805.546,0,99.832,0,11.980,3566,4009,1.710,1.600,0.990,1,0,13.976,0,0,11,32,0,18,0
17-03 09:13:40,8.291,22.110,68.088,0,0,1404144,820140,179936,5517400,2911.434,1628.072,0,4172.687,0,38.189,5783,4166,1.710,1.600,0.990,1,0,441.187,0,0,11,32,0,18,0
17-03 09:13:41,39.924,22.457,36.181,0.499,0,1434236,789832,179956,5518720,2694.888,1616.933,0,2096.024,0,202.616,5909,6922,1.900,1.640,1.010,6,0,377.284,0,0,11,32,0,24,0
17-03 09:13:42,72.917,9.271,18.041,0,0.251,1555816,667728,179976,5518100,2423.534,1461.337,0,308.705,0,16.037,4174,9548,1.900,1.640,1.010,3,0,5.011,0,0,11,32,0,24,0
17-03 09:13:43,67.970,6.997,23.740,0,0,1687992,532988,180060,5520424,2638.852,1619.295,0,2854.758,0,83.963,4008,1919,1.900,1.640,1.010,3,0,0,0,0,11,32,0,24,0
17-03 09:13:44,69.745,6.250,23.748,0.500,0,1778532,439584,180164,5522824,4379.671,1619.878,0,5607.579,0,187.986,4169,1975,1.900,1.640,1.010,3,0,6.000,0,0,11,32,0,24,0
17-03 09:13:45,43.768,7.003,36.515,9.754,0,1784272,422972,180268,5533092,2958.202,1620.658,0,55838.682,0,4201.707,17734,32958,1.900,1.640,1.010,1,1,180.073,0,0,11,38,0,24,0
17-03 09:13:46,31.229,9.993,43.720,12.741,0,1782128,414656,180340,5543128,2638.212,1618.903,0,85589.985,0,6224.781,23256,45691,2.150,1.700,1.030,1,1,221.850,0,0,11,38,0,24,0
17-03 09:13:47,37.731,9.495,37.481,13.493,0,1782228,406592,180392,5550752,2698.606,1619.163,0,92508.202,0,6913.428,24443,48994,2.150,1.700,1.030,2,1,134.930,0,0,11,38,0,24,0
17-03 09:13:48,43.993,13.498,29.495,10.498,0,1696756,482700,180480,5559652,4259.321,1619.742,0,74420.139,0,5451.131,19880,38903,2.150,1.700,1.030,3,0,219.965,0,0,11,36,0,24,0
17-03 09:13:49,47.982,9.246,28.489,9.746,0,1741856,429520,180512,5567472,2698.977,1619.386,0,69425.684,0,4887.147,17720,34200,2.150,1.700,1.030,6,0,63.976,0,0,11,36,0,24,0
17-03 09:13:50,42.274,11.506,32.268,11.006,0,1786536,373392,180544,5578396,4117.325,1458.824,0,78608.392,0,5273.978,18973,36242,2.150,1.700,1.030,3,0,15.008,0,0,11,36,0,24,0
17-03 09:13:51,48.167,9.733,29.199,11.730,0,1806624,349956,180552,5581624,2575.545,1617.203,0,80464.815,0,6126.403,19741,40481,2.540,1.790,1.060,2,2,88.846,0,0,11,38,0,24,0
17-03 09:13:52,44.099,9.271,41.092,3.007,0,1477064,678600,180560,5582500,2826.341,1623.643,0,28163.185,0,2031.558,9045,14623,2.540,1.790,1.060,4,0,165.371,0,0,11,32,0,24,0
17-03 09:13:53,16.755,11.253,70.770,0.250,0,1514344,641288,180560,5582532,2700.745,1662.459,0,2400.662,0,139.038,3744,3208,2.540,1.790,1.060,1,0,189.052,0,0,11,32,0,24,0
17-03 09:13:54,22.674,3.488,72.508,0.249,0,1550472,605160,180560,5582532,2631.226,1614.616,0,1379.400,0,87.708,1849,1436,2.540,1.790,1.060,1,0,0.997,0,0,11,32,0,24,0
17-03 09:13:55,23.741,2.749,71.971,0.750,0,1585832,569792,180560,5582540,2955.828,1619.358,0,5401.858,0,346.862,2191,2329,2.540,1.790,1.060,2,0,3.998,0,0,11,36,0,24,0
17-03 09:13:56,22.265,3.753,73.050,0,0,1437328,718292,180560,5582540,2521.736,1621.116,0,172.118,0,15.010,2433,1897,2.410,1.770,1.060,2,0,27.019,0,0,11,32,0,24,0
17-03 09:13:57,23.000,3.250,73.251,0,0,1479880,675740,180560,5582540,2538.020,1500.012,0,108.001,0,10.000,1767,1236,2.410,1.770,1.060,2,0,1.000,0,0,11,32,0,24,0
17-03 09:13:58,22.997,2.750,72.990,0,0,1530360,625260,180560,5582540,2639.634,1619.776,0,0,0,0,1789,1297,2.410,1.770,1.060,3,0,1.000,0,0,11,32,0,24,0
17-03 09:13:59,24.511,2.001,73.032,0.250,0,1474044,681572,180560,5582544,4141.829,1620.716,0,100.044,0,12.005,2010,1554,2.410,1.770,1.060,1,0,6.003,0,0,11,32,0,24,0
17-03 09:14:00,13.292,37.367,47.900,0,0,1456072,699488,180564,5582596,4470.990,1625.085,0,421.318,0,31.097,7110,6336,2.410,1.770,1.060,2,0,839.627,0,0,11,32,0,24,0
17-03 09:14:01,9.749,29.248,59.246,0,0,1448856,706668,180564,5582632,3002.818,1619.902,0,303.982,0,23.999,6409,5020,2.300,1.760,1.060,1,0,637.961,0,0,11,32,0,24,0
17-03 09:14:02,8.998,20.994,68.481,0,0,1440616,714804,180564,5582704,2699.253,1619.552,0,275.924,0,58.984,5803,4105,2.300,1.760,1.060,1,0,409.887,0,0,11,32,0,24,0
17-03 09:14:03,9.248,19.496,69.735,0,0,1408348,747024,180564,5582736,4079.111,1619.647,0,15.997,0,3.999,5416,3767,2.300,1.760,1.060,1,0,316.931,0,0,11,32,0,24,0
17-03 09:14:04,9.502,20.754,67.763,0,0,1373824,781524,180564,5582756,4098.809,1458.288,0,28.006,0,7.001,5471,3913,2.300,1.760,1.060,2,0,322.064,0,0,11,32,0,24,0
17-03 09:14:05,21.446,13.466,64.338,0,0,1384048,771260,180564,5582772,3129.138,1615.940,0,115.709,0,3.990,4831,6420,2.300,1.760,1.060,2,0,127.679,0,0,11,32,0,24,0
17-03 09:14:06,46.475,11.744,40.978,0,0,1463300,691944,180576,5583276,2998.372,1619.121,0,319.826,0,45.975,3889,2313,2.270,1.760,1.070,2,0,122.933,0,0,11,33,0,24,0
17-03 09:14:07,43.001,7.250,48.501,0,0,1541700,613440,180576,5583380,2880.051,1620.029,0,4.000,0,1.000,2740,1314,2.270,1.760,1.070,3,0,0,0,0,11,33,0,16,0
17-03 09:14:08,47.997,3.500,47.747,0,0,1585700,569412,180588,5583400,3063.814,1713.896,0,423.974,0,24.998,3631,2730,2.270,1.760,1.070,2,0,17.999,0,0,11,49,0,16,0
17-03 09:14:09,46.644,6.269,46.143,0.251,0,1636608,516016,180648,5585532,4513.953,1625.023,0,1677.184,0,142.440,4253,4733,2.270,1.760,1.070,5,0,2.006,0,0,11,49,0,16,0
17-03 09:14:10,15.005,18.256,65.022,0,0,1644304,506264,180652,5587484,4578.560,1620.552,0,360.123,0,15.005,6939,8790,2.270,1.760,1.070,2,0,288.098,0,0,11,48,0,16,0
17-03 09:14:11,20.444,13.962,64.076,0,0,1640116,510380,180652,5587492,2411.453,1454.053,0,59.838,0,4.986,5878,8173,2.170,1.750,1.070,5,0,176.521,0,0,11,48,0,15,0
17-03 09:14:12,2.004,1.754,94.947,0.251,0,1647040,503448,180652,5587500,2705.616,1623.370,0,4284.894,0,298.620,1385,1757,2.170,1.750,1.070,0,0,27.056,0,0,11,48,0,15,0
17-03 09:14:13,0.249,0.997,97.454,0,0,1647040,503448,180652,5587500,2990.926,1615.100,0,123.625,0,10.967,668,975,2.170,1.750,1.070,0,0,2.991,0,0,11,48,0,15,0
17-03 09:14:14,1.000,0.750,97.708,0,0,1647040,503448,180652,5587500,3058.671,1619.296,0,0,0,0,699,968,2.170,1.750,1.070,0,0,2.999,0,0,11,48,0,15,0
17-03 09:14:15,0.250,0.500,98.026,0,0,1645220,505268,180652,5587500,3077.823,1620.433,0,0,0,0,624,921,2.170,1.750,1.070,0,0,1.000,0,0,11,48,0,15,0
17-03 09:14:16,14.001,11.251,73.757,0,0,1643088,507416,180652,5587936,2760.256,1620.150,0,1928.179,0,18.002,4491,5118,2.080,1.740,1.070,1,0,199.018,0,0,11,48,0,15,0
17-03 09:14:17,17.809,14.047,67.224,0,0,1631104,519396,180652,5587504,4111.720,1462.881,0,4.013,0,1.003,4767,5534,2.080,1.740,1.070,1,0,185.619,0,0,11,48,0,15,0
17-03 09:14:18,15.722,21.462,61.141,0.250,0,1677144,473244,180652,5587904,2990.658,1854.687,0,459.180,0,30.945,6755,7165,2.080,1.740,1.070,1,0,391.301,0,0,12,64,0,15,0
17-03 09:14:19,20.718,12.481,65.649,0.250,0,1670696,479552,180652,5587696,4373.278,1617.514,0,127.804,0,12.980,4612,5276,2.080,1.740,1.070,0,0,142.781,0,0,12,64,0,14,0
17-03 09:14:20,6.020,8.529,84.533,0.251,0,1667232,483040,180652,5587692,2966.948,1625.450,0,1472.939,0,35.118,2508,2600,2.080,1.740,1.070,1,0,148.498,0,0,12,64,0,14,0
17-03 09:14:21,17.755,18.505,62.767,0,0,1653884,496372,180652,5588148,2640.727,1620.446,0,596.164,0,10.003,6399,8235,2.550,1.840,1.110,1,0,247.068,0,0,14,64,0,14,0
17-03 09:14:22,13.745,14.245,70.723,0.250,0,1655492,494712,180652,5587744,2758.950,1619.384,0,179.932,0,4.998,4536,3911,2.550,1.840,1.110,1,0,256.902,0,0,14,66,0,14,0
17-03 09:14:23,9.494,19.987,68.454,0.250,0.500,1646752,503392,180652,5587804,2758.143,1618.910,0,7231.132,0,351.763,6148,5347,2.550,1.840,1.110,2,0,344.768,0,0,14,66,0,14,0
17-03 09:14:24,18.015,18.265,62.302,0.500,0,1659520,490608,180652,5588160,2900.413,1459.214,0,2289.905,0,117.097,6560,8241,2.550,1.840,1.110,1,0,257.214,0,0,14,66,0,14,0
17-03 09:14:25,26.508,19.005,53.766,0,0,1696744,453360,180660,5587836,3017.871,1620.467,0,144.042,0,9.003,5077,4009,2.550,1.840,1.110,3,0,310.089,0,0,14,66,0,14,0
17-03 09:14:26,30.160,23.430,45.116,0,0,1745832,404216,180660,5587888,2811.655,1615.206,0,279.171,0,3.988,6104,4573,2.590,1.860,1.120,2,0,443.683,0,0,14,66,0,14,0
17-03 09:14:27,30.335,24.819,44.123,0,0,1839868,308760,180724,5589168,2827.897,1624.537,0,40.112,0,7.020,6447,7457,2.590,1.860,1.120,2,0,436.218,0,0,14,66,0,11,0
17-03 09:14:28,30.987,23.490,44.231,0,0,1904452,243912,180740,5589368,2878.763,1709.265,0,35.985,0,8.996,5983,4538,2.590,1.860,1.120,2,0,373.839,0,0,14,70,0,13,0
17-03 09:14:29,42.393,16.458,40.149,0,0,1987636,160528,180744,5589540,2812.894,1615.918,0,558.589,0,10.972,6108,7436,2.590,1.860,1.120,2,0,130.670,0,0,14,70,0,13,0
17-03 09:14:30,72.144,25.300,2.505,0.501,0,2030896,201444,173488,5514756,2962.911,1515.022,20.040,7527.015,3.006,528.053,5569,3976,2.590,1.860,1.120,4,0,401.802,0,0,14,70,0,13,0
17-03 09:14:31,59.066,21.023,18.270,1.251,0,2109244,181224,170164,5461152,2917.243,1567.743,192.214,52.058,6.007,7.008,5733,6123,2.700,1.900,1.130,5,0,245.273,0,0,14,70,0,12,0
17-03 09:14:32,65.293,19.688,13.457,0.498,0,2171452,175856,169560,5406048,2990.531,1614.887,119.621,247.217,20.934,10.965,5301,5765,2.700,1.900,1.130,3,1,230.271,0,0,14,70,0,12,0
17-03 09:14:33,66.076,25.529,4.005,3.754,0,2244644,161640,169376,5348728,3063.509,1663.906,1113.275,1445.656,63.072,85.097,5480,4215,2.700,1.900,1.130,4,0,334.383,0,0,14,70,0,12,0
17-03 09:14:34,71.062,18.451,5.984,4.737,0,2313828,202360,170736,5240224,3051.915,1615.720,1859.075,91.757,116.691,10.971,6672,7042,2.700,1.900,1.130,13,0,219.419,0,0,14,74,0,12,0
17-03 09:14:35,73.492,21.571,2.257,2.257,0.251,2452424,141004,170464,5164536,3149.391,1625.363,104.344,8945.516,12.040,878.900,8761,12517,2.700,1.900,1.130,5,0,198.655,0,0,14,74,0,12,0
17-03 09:14:36,65.492,23.747,6.999,2.250,0,2520140,135468,169916,5104564,2699.660,1619.796,939.882,25712.760,41.995,1782.775,12357,21022,3.050,1.980,1.160,6,1,296.963,0,0,14,76,0,11,0
17-03 09:14:37,75.476,19.117,4.221,1.241,0,2597836,128532,169900,5035804,4343.837,1608.829,31.779,11241.938,2.979,1004.028,11590,18925,3.050,1.980,1.160,10,0,172.800,0,0,14,76,0,11,0
17-03 09:14:38,75.981,21.745,1.999,0.250,0,2667048,130908,169900,4965564,4438.877,1619.590,183.953,1667.578,12.997,74.981,8641,14583,3.050,1.980,1.160,6,0,252.936,0,0,14,87,0,17,0
17-03 09:14:39,57.148,22.154,17.875,2.014,0,2779824,155964,169908,4830748,2676.655,1558.865,801.587,1216.478,47.330,76.533,6238,5825,3.050,1.980,1.160,3,0,391.730,0,0,14,93,0,20,0
17-03 09:14:40,44.373,25.427,28.668,0,0,2836424,169396,169908,4762536,2948.540,1615.365,0,793.723,0,44.871,7849,10854,3.050,1.980,1.160,2,0,393.870,0,0,14,93,0,18,0
17-03 09:14:41,43.684,14.310,41.173,0.753,0,2874412,131484,169908,4762496,2771.674,1626.852,48.203,84.355,3.013,5.021,5251,6836,3.040,2,1.170,4,0,136.575,0,0,14,95,0,18,0
17-03 09:14:42,62.475,14.994,18.243,3.749,0,2991184,146480,169912,4633780,2818.880,1619.356,3170.740,3.998,41.983,1.000,6135,15865,3.040,2,1.170,3,0,168.933,0,0,14,98,0,21,0
17-03 09:14:43,48.114,7.230,43.627,0.499,0,3065864,134852,169912,4572024,4248.008,1615.440,729.939,4511.264,39.887,225.364,3284,2595,3.040,2,1.170,2,0,1.994,0,0,14,98,0,22,0
17-03 09:14:44,17.265,17.265,63.805,0.500,0,3092032,174924,169928,4507208,2882.473,1621.391,8.007,732.629,2.002,52.045,5140,4727,3.040,2,1.170,3,0,252.216,0,0,14,101,0,15,0
17-03 09:14:45,8.769,18.791,70.906,0,0,3107148,159756,169928,4507244,2801.161,1461.214,8.018,777.711,2.004,47.104,5661,4293,3.040,2,1.170,1,0,322.710,0,0,14,101,0,15,0
17-03 09:14:46,7.501,19.253,70.261,0,0,3099840,167036,169928,4507272,2640.396,1620.243,0,104.016,0,10.001,5378,3807,2.880,1.980,1.170,1,0,304.046,0,0,14,101,0,15,0
17-03 09:14:47,17.510,10.756,71.290,0.250,0,3144288,188112,169932,4443292,2761.557,1662.938,8.005,40.023,2.001,3.002,3022,2209,2.880,1.980,1.170,1,0,114.064,0,0,14,103,0,15,0
17-03 09:14:48,17.683,2.241,77.704,1.494,0,3171388,161480,169932,4443328,8512.586,7318.134,39.848,59.772,2.989,1.992,1959,1777,2.880,1.980,1.170,2,0,0.996,0,0,14,104,0,15,0
17-03 09:14:49,21.562,3.259,73.460,0.501,0,3138052,194780,169936,4443360,20358.281,18721.596,12.034,188.540,3.009,21.060,2746,2510,2.880,1.980,1.170,3,0,19.055,0,0,14,109,0,16,0
17-03 09:14:50,21.678,5.980,71.014,0,0,3195184,137636,169936,4443372,2827.611,1614.638,0,279.073,0,23.921,2344,1840,2.880,1.980,1.170,1,0,47.841,0,0,14,113,0,16,0
17-03 09:14:51,19.245,2.499,76.979,0.250,0,3205096,127720,169936,4443376,8601.691,7844.894,0,10613.151,0,561.849,2631,1972,2.810,1.980,1.180,0,0,0,0,0,14,114,0,16,0
17-03 09:14:52,20.313,3.260,75.232,0.502,0.251,3199512,133048,169952,4443620,3571.032,1767.460,0,425.314,0,31.096,2293,2249,2.810,1.980,1.180,1,0,1.003,0,0,14,118,0,16,0
17-03 09:14:53,31.407,6.481,58.326,1.246,0,3204808,127084,169952,4444272,2751.808,1615.192,558.338,1874.420,19.941,246.267,6675,9612,2.810,1.980,1.180,1,0,6.979,0,0,14,123,0,16,0
17-03 09:14:54,24.547,8.767,64.875,0.751,0,3136416,195228,169952,4444504,3994.669,2834.442,0,1370.631,0,125.240,5768,6928,2.810,1.980,1.180,2,0,116.223,0,0,14,130,0,18,0
17-03 09:14:55,22.210,3.743,72.868,0.250,0,3196392,135252,169952,4444504,3191.220,1617.071,0,535.031,0,34.937,1822,1344,2.810,1.980,1.180,1,0,0,0,0,14,130,0,18,0
17-03 09:14:56,18.247,2.250,77.487,0,0,3207084,124556,169952,4444508,9425.381,8028.621,0,403.931,0,25.996,2110,1899,2.660,1.970,1.180,1,0,0,0,0,14,131,0,18,0
17-03 09:14:57,20.254,3.251,75.514,0.750,0,3211316,120272,169952,4444560,4848.913,3606.679,20.004,2648.498,2.000,172.032,2761,3492,2.660,1.970,1.180,3,0,0,0,0,14,131,0,18,0
17-03 09:14:58,32.848,7.773,57.422,0.752,0,3175808,221804,169956,4380320,3989.939,2822.445,4.012,914.737,1.003,105.315,4905,5681,2.660,1.970,1.180,2,0,49.147,0,0,14,130,0,19,0
17-03 09:14:59,41.127,10.469,47.359,0.249,0,3264240,133296,170000,4380352,4085.796,1453.658,39.881,327.023,5.982,15.952,3304,1986,2.660,1.970,1.180,2,0,50.848,0,0,14,130,0,19,0
17-03 09:15:00,37.753,4.750,57.005,0,0,3315996,144052,170000,4318912,10296.879,7346.627,0,316.027,0,16.001,2617,1439,2.660,1.970,1.180,2,0,0,0,0,14,131,0,19,0
17-03 09:15:01,19.469,5.990,72.383,0.250,0,3279356,180660,170000,4318944,20441.095,18482.248,7.987,6429.650,1.997,311.499,2909,2311,2.530,1.950,1.180,1,0,54.912,0,0,14,130,0,20,0
17-03 09:15:02,19.499,3.250,74.997,1.750,0,3313100,146904,170000,4318956,5299.785,4010.838,8.000,1819.926,2.000,22.999,1862,1504,2.530,1.950,1.180,1,0,3.000,0,0,14,131,0,20,0
17-03 09:15:03,36.054,8.513,53.080,0.250,0,3324152,199964,170000,4256428,23808.877,21946.070,8.012,3136.727,2.003,158.238,7685,11807,2.530,1.950,1.180,1,0,83.125,0,0,14,138,0,25,0
17-03 09:15:04,22.750,4.000,72.249,0,0,3382832,141248,170000,4256464,2939.972,1619.985,0,307.997,0,26.000,2009,1790,2.530,1.950,1.180,1,0,0,0,0,14,138,0,25,0
17-03 09:15:05,15.501,2.000,82.004,0.500,0,3392888,131180,170000,4256476,9407.472,7945.399,0,140.007,0,10.001,1658,1407,2.530,1.950,1.180,1,0,0,0,0,14,139,0,25,0
17-03 09:15:06,20.311,8.275,70.461,0.752,0,3332032,191952,170000,4256560,4009.987,2776.299,8.024,2692.047,2.006,339.013,3987,4217,2.410,1.930,1.170,1,0,82.246,0,0,14,138,0,26,0
17-03 09:15:07,22.683,2.742,72.785,0,0,3385220,138780,170000,4256560,2572.410,1615.234,0,267.212,0,16.950,1789,1234,2.410,1.930,1.170,1,0,0,0,0,14,138,0,26,0
17-03 09:15:08,18.996,2.000,77.733,0.250,0,3389996,133992,170000,4256572,26071.164,24458.525,0,319.928,0,25.994,2260,2082,2.410,1.930,1.170,1,0,2.000,0,0,14,138,0,27,0
17-03 09:15:09,20.317,6.020,71.736,0.752,0,3363008,160964,170000,4256588,2648.727,1625.355,0,1023.372,0,62.205,2670,2294,2.410,1.930,1.170,1,0,56.185,0,0,14,138,0,27,0
17-03 09:15:10,18.689,2.741,77.746,0,0,3382620,141348,170000,4256592,8767.320,7883.212,0,107.648,0,7.974,1748,1237,2.410,1.930,1.170,0,0,0,0,0,14,139,0,27,0
17-03 09:15:11,22.769,3.503,68.307,1.751,0,3388100,135592,170004,4256864,3842.216,1999.674,16.013,1837.538,2.002,268.225,5798,9085,2.290,1.920,1.170,1,0,1.001,0,0,14,140,0,27,0
17-03 09:15:12,21.730,7.243,70.434,0.500,0,3341744,181924,170004,4256888,5596.722,2695.458,0,1518.568,0,112.894,4477,5666,2.290,1.920,1.170,1,0,52.950,0,0,14,139,0,29,0
17-03 09:15:13,22.264,2.251,73.795,0,0,3395652,128008,170004,4256896,6044.722,3594.213,0,604.372,0,40.025,1971,1484,2.290,1.920,1.170,1,0,0,0,0,14,142,0,29,0
17-03 09:15:14,17.489,1.999,79.198,0.250,0,3397400,126244,170004,4256912,10757.004,9499.821,0,443.711,0,27.982,1994,1704,2.290,1.920,1.170,0,0,0,0,0,14,142,0,29,0
17-03 09:15:15,22.749,5.750,68.996,1.250,0,3402400,121204,170004,4256952,4091.758,1878.889,19.999,3343.802,2.000,245.985,5416,8245,2.290,1.920,1.170,3,0,0,0,0,14,142,0,29,0
17-03 09:15:16,33.852,5.266,58.677,0.502,0,3403156,120360,170004,4257040,2828.529,1624.899,0,2997.037,0,364.098,7257,10711,2.190,1.900,1.170,4,0,0,0,0,14,144,0,29,0
17-03 09:15:17,28.168,6.730,62.818,0.249,0,3373812,149548,170004,4257196,3519.794,2478.812,0,598.265,0,50.853,3781,3881,2.190,1.900,1.170,1,0,68.801,0,0,14,143,0,30,0
17-03 09:15:18,19.502,3.000,76.757,0.500,0,3408240,178068,170004,4195624,5130.454,4011.355,0,3216.284,0,184.016,2013,2035,2.190,1.900,1.170,1,0,1.000,0,0,14,144,0,30,0
17-03 09:15:19,20.489,2.499,74.462,0.999,0,3409220,177312,170004,4195568,10014.856,8701.531,27.986,971.501,3.998,105.946,3431,4203,2.190,1.900,1.170,1,0,0,0,0,14,143,0,31,0
17-03 09:15:20,19.766,8.507,70.555,0,0,3379452,207052,170004,4195596,2899.277,1621.274,0,748.588,0,35.028,3261,2659,2.190,1.900,1.170,1,0,147.116,0,0,14,143,0,31,0
17-03 09:15:21,23.808,2.255,71.924,0.251,0,3414452,172052,170004,4195596,8497.577,7361.827,0,709.719,0,53.129,2544,2636,2.250,1.920,1.180,1,0,0,0,0,14,144,0,31,0
17-03 09:15:22,17.989,2.498,78.201,0.250,0,3417452,169028,170004,4195620,8731.570,7400.397,0,491.694,0,32.979,2704,2856,2.250,1.920,1.180,1,0,0,0,0,14,144,0,31,0
17-03 09:15:23,26.710,5.741,65.153,0.999,0,3418676,167768,170004,4195656,2721.966,1617.603,0,1186.242,0,141.790,7710,12053,2.250,1.920,1.180,1,0,0.999,0,0,14,144,0,31,0
17-03 09:15:24,31.708,7.740,57.424,0.499,0,3416608,169108,170020,4196368,2782.340,1617.872,619.185,882.839,113.850,67.911,7992,12239,2.250,1.920,1.180,2,0,3.995,0,0,14,144,0,31,0
17-03 09:15:25,47.348,13.528,37.578,0.752,0,3385684,199836,170024,4196560,4726.795,3282.802,4.008,1651.422,1.002,166.345,11822,17752,2.250,1.920,1.180,4,0,224.465,0,0,14,143,0,32,0
17-03 09:15:26,26.717,6.991,64.422,0,0,3410416,174952,170024,4196632,4396.647,1959.614,15.981,1062.706,0.999,72.911,3374,3544,2.150,1.910,1.180,1,0,61.925,0,0,14,143,0,32,0
17-03 09:15:27,19.790,2.505,76.405,0,0,3432072,153292,170028,4196632,8848.981,7611.466,0,525.067,0,31.063,1899,1479,2.150,1.910,1.180,1,0,0,0,0,14,144,0,32,0
17-03 09:15:28,15.522,12.267,70.851,0.250,0,3388632,196696,170028,4196668,4427.288,3229.587,0,464.660,0,20.028,4589,3753,2.150,1.910,1.180,1,0,239.340,0,0,14,143,0,33,2
17-03 09:15:29,9.466,21.672,67.508,0,0,3359164,226124,170032,4196704,2801.954,1614.212,0,454.371,0,32.882,5586,4360,2.150,1.910,1.180,1,0,353.732,0,0,14,143,0,31,2
17-03 09:15:30,19.998,14.249,63.245,0.250,0,3363908,221376,170032,4197156,3008.754,1619.868,0,387.968,0,20.998,5422,7127,2.150,1.910,1.180,1,0,175.986,0,0,14,143,0,31,2
17-03 09:15:31,29.017,21.763,48.028,0,0,3412776,172460,170032,4196760,2753.595,1690.979,4.002,2033.178,1.001,119.069,6155,5040,2.220,1.930,1.190,2,0,332.192,0,0,14,143,0,31,2
17-03 09:15:32,32.824,23.052,43.348,0,0,3453636,131432,170032,4196928,2786.302,1623.672,16.036,3495.907,1.002,361.818,5958,4340,2.220,1.930,1.190,3,0,347.787,0,0,14,143,0,31,2
17-03 09:15:33,34.673,16.962,46.396,0.249,0,3482044,164948,170044,4137020,2284.893,1454.749,39.911,267.402,3.991,17.960,6569,8358,2.220,1.930,1.190,1,0,211.527,0,0,14,149,0,31,2
17-03 09:15:34,44.600,18.189,36.377,0,0,3542796,163924,170044,4078680,2862.349,1656.415,19.933,326.898,2.990,18.936,5556,6942,2.220,1.930,1.190,6,0,235.207,0,0,16,149,0,31,2
17-03 09:15:35,57.010,24.254,17.003,0.250,0,3657028,154704,170052,3975756,2923.522,1620.289,96.017,268.048,7.001,24.004,6889,7341,2.220,1.930,1.190,3,0,393.070,0,0,16,155,0,31,2
17-03 09:15:36,57.934,22.572,19.813,0,0,3730588,123532,170052,3933664,2554.107,1715.445,8.025,955.031,2.006,46.146,5923,5840,2.280,1.940,1.200,3,0,271.863,0,0,16,155,0,31,2
17-03 09:15:37,55.892,19.550,23.058,0,0,3781200,170156,170052,3837368,2492.312,1624.113,12.030,806.041,3.008,90.229,8318,12741,2.280,1.940,1.200,2,0,245.622,0,0,16,171,0,31,2
17-03 09:15:38,37.774,22.264,39.275,0.250,0,3825432,170112,170052,3793944,2521.576,1621.013,8.005,520.325,2.001,39.024,6640,5127,2.280,1.940,1.200,2,0,424.265,0,0,16,171,0,31,2
17-03 09:15:39,29.240,21.993,47.484,0.250,0,3870252,125036,170056,3794180,2639.138,1619.471,7.997,379.876,1.999,25.992,6142,4999,2.280,1.940,1.200,2,0,395.871,0,0,17,171,0,31,2
17-03 09:15:40,18.914,16.674,62.218,0.249,0.249,3872276,174628,170056,3743704,2911.807,1682.377,0,402.178,0,26.878,6068,7523,2.280,1.940,1.200,2,0,227.967,0,0,17,171,0,31,2
17-03 09:15:41,27.858,19.074,52.203,0,0,3922268,124848,170056,3743288,2547.913,1463.695,0,176.687,0,10.039,5523,4369,2.260,1.940,1.210,3,0,332.293,0,0,17,171,0,22,2
17-03 09:15:42,36.372,24.912,35.873,1.246,0,3980432,152044,170056,3663388,2929.651,1614.297,183.352,334.817,11.958,26.905,6231,13034,2.260,1.940,1.210,10,0,353.750,0,0,18,172,0,22,2
17-03 09:15:43,46.947,15.063,37.156,0,0,3988512,164244,170064,3640292,4408.501,1626.827,4.017,429.804,1.004,22.093,6160,10580,2.260,1.940,1.210,5,0,163.687,0,0,17,183,0,23,2
17-03 09:15:44,37.523,26.016,35.272,1.001,0,4078920,132352,170072,3583120,2761.699,1620.997,168.103,548.337,5.003,39.024,7791,9514,2.260,1.940,1.210,2,0,472.291,0,0,17,189,0,23,2
17-03 09:15:45,30.733,24.487,43.477,0,0,4120152,170904,170072,3505276,3075.349,1619.131,19.989,267.856,1.999,27.985,6645,5560,2.260,1.940,1.210,2,0,517.722,0,0,17,189,0,19,2
17-03 09:15:46,26.407,23.418,48.579,0.498,0,4170924,149168,170072,3477008,2750.326,1704.006,11.958,4197.237,2.989,203.285,8526,10252,2.080,1.910,1.200,2,0,404.577,0,0,17,195,0,19,2
17-03 09:15:47,19.303,17.047,61.419,0.251,0,4188228,131820,170072,3477380,2767.622,1624.474,4.011,15157.746,1.003,915.521,7269,8739,2.080,1.910,1.200,2,0,256.707,0,0,17,211,0,19,2
17-03 09:15:48,31.172,13.716,53.367,0.249,0,4238152,122660,170072,3437132,2633.449,1615.980,0,231.424,0,22.943,4340,4048,2.080,1.910,1.200,2,0,145.638,0,0,17,215,0,19,0
17-03 09:15:49,45.130,7.271,45.381,1.504,0,4322708,145084,170072,3332632,2545.352,1462.224,461.333,164.475,9.026,19.055,3433,2279,2.080,1.910,1.200,2,0,1.003,0,0,17,215,0,18,0
17-03 09:15:50,45.912,6.488,46.161,1.248,0,4396528,161372,170072,3243912,2951.326,1616.891,187.639,299.424,8.983,30.941,3335,2076,2.080,1.910,1.200,3,0,3.992,0,0,17,219,0,18,0
17-03 09:15:51,35.192,4.243,57.654,1.248,0,4452660,152888,170072,3198176,2815.325,1617.314,59.901,259.569,3.993,20.965,3272,2836,1.990,1.900,1.200,1,0,3.993,0,0,17,224,0,18,0
17-03 09:15:52,35.117,21.572,41.638,1.003,0,4373748,229832,170080,3200136,2769.189,1625.393,935.103,264.879,10.033,17.057,6892,7976,1.990,1.900,1.200,2,0,359.192,0,0,17,223,0,18,0
17-03 09:15:53,36.464,28.222,32.468,1.748,0,4430376,172548,170096,3200788,2978.096,1902.145,719.299,1182.847,15.984,36.964,6842,6259,1.990,1.900,1.200,5,0,471.540,0,0,17,231,1,18,0
17-03 09:15:54,40.559,19.779,38.305,0.501,0,4426336,174648,170104,3203064,10599.345,9395.602,28.041,416.603,3.004,27.039,6737,7700,1.990,1.900,1.200,5,0,237.344,0,0,17,234,0,18,0
17-03 09:15:55,59.030,19.428,19.926,0.249,0,4480532,139104,170104,3184692,3672.340,2445.902,59.778,362.651,3.985,23.911,6077,6341,1.990,1.900,1.200,2,2,218.188,0,0,17,234,0,19,0
17-03 09:15:56,72.548,11.798,12.552,3.263,0,4571276,134144,170104,3101788,3987.380,3534.520,429.765,377.551,14.058,18.074,4616,3204,2.070,1.910,1.210,4,0,11.045,0,0,17,237,0,19,0
17-03 09:15:57,52.422,10.734,24.713,11.733,0,4632044,144340,170124,3032056,11163.379,9763.463,1641.556,762.864,40.939,38.942,4943,4657,2.070,1.910,1.210,4,0,25.961,0,0,17,243,0,17,0
17-03 09:15:58,54.340,11.018,14.274,18.280,0,4608084,206100,170144,2995588,3408.656,2417.011,4775.925,7889.091,298.495,46.076,5382,4842,2.070,1.910,1.210,3,2,31.052,0,0,17,244,0,18,0
17-03 09:15:59,67.225,10.496,12.245,9.996,0,4656044,151844,170208,3001912,2399.092,1619.387,1387.475,1411.466,156.941,120.954,6609,8154,2.070,1.910,1.210,2,0,30.988,0,0,17,247,0,24,0
17-03 09:16:00,28.508,23.757,46.013,0.250,0,4653344,195252,170212,2962248,12520.654,11681.409,8.002,648.189,2.001,35.010,6889,7077,2.070,1.910,1.210,1,0,392.114,0,0,17,248,0,24,0
17-03 09:16:01,42.323,22.158,33.859,0,0,4674772,172324,170212,2964084,4209.444,2510.529,35.850,705.059,1.992,45.809,6644,8330,2.070,1.920,1.210,2,0,295.766,0,0,17,247,0,25,0
17-03 09:16:02,50.966,19.583,29.123,0,0.251,4683748,161732,170216,2965316,5015.221,7244.654,4.017,265.122,1.004,12.051,5770,7339,2.070,1.920,1.210,2,0,252.067,0,0,17,248,0,23,0
17-03 09:16:03,51.767,26.007,20.806,0,0,4764404,126456,170216,2921028,14415.440,7009.570,7.926,1050.197,1.982,53.501,6859,6804,2.070,1.920,1.210,6,0,364.597,0,0,17,247,0,24,0
17-03 09:16:04,64.604,20.441,12.366,2.524,0,4743060,225584,170236,2845300,2697.214,1526.268,2438.798,379.548,62.585,23.217,6391,7202,2.070,1.920,1.210,4,0,220.057,0,0,17,247,0,24,0
17-03 09:16:05,60.048,20.930,18.936,0.249,0,4822420,144252,170244,2847276,8698.762,7267.572,143.518,625.896,11.960,28.903,7810,11467,2.070,1.920,1.210,4,0,262.119,0,0,17,254,0,26,0
17-03 09:16:06,55.879,26.812,15.285,0,0.251,4855864,140352,170244,2818408,10820.040,6826.799,489.132,1110.570,8.019,67.155,10099,20567,2.220,1.950,1.230,3,0,357.828,0,0,17,253,0,22,0
17-03 09:16:07,62.772,20.507,15.756,0.500,0,4861248,133180,170252,2820532,2959.040,1620.569,356.125,468.165,14.005,28.010,8012,11597,2.220,1.950,1.230,3,1,250.088,0,0,17,257,0,23,0
17-03 09:16:08,50.331,16.694,30.398,1.246,0,4912680,147644,170252,2755492,8454.621,7415.110,283.050,15779.035,21.926,1289.671,6610,6052,2.220,1.950,1.230,3,0,174.415,0,0,17,262,0,23,0
17-03 09:16:09,63.918,9.776,25.567,0.251,0,4965940,170376,170256,2681308,7905.799,6828.966,24.063,557.467,3.008,56.148,5614,6648,2.220,1.950,1.230,4,0,15.040,0,0,17,265,0,24,0
17-03 09:16:10,63.305,8.007,25.522,2.252,0,5047688,145468,170268,2625988,8623.490,7418.443,696.605,540.469,44.038,34.030,4555,3233,2.220,1.950,1.230,3,1,2.002,0,0,17,268,0,23,0
17-03 09:16:11,55.191,9.740,29.219,4.745,0,5100224,145200,170268,2575264,19708.754,9772.465,1378.514,851.083,54.941,62.932,6152,7490,2.450,2,1.250,3,0,9.989,0,0,17,275,0,27,0
17-03 09:16:12,65.781,13.954,19.435,0.249,0,5006096,262476,170268,2552676,8950.264,7381.476,753.497,617.947,19.934,56.811,6168,5954,2.450,2,1.250,4,0,111.629,0,0,17,279,0,30,0
17-03 09:16:13,52.126,25.812,18.795,2.757,0,5096816,167448,170528,2556660,2886.969,1623.920,4394.608,5853.129,86.208,214.518,8025,9189,2.450,2,1.250,5,0,407.985,0,0,17,279,0,31,0
17-03 09:16:14,45.129,24.684,28.423,0.249,0,5101656,162132,170532,2557524,12367.706,11407.292,829.766,9474.495,9.973,68.815,7414,8476,2.450,2,1.250,2,0,355.044,0,0,17,282,0,29,0
17-03 09:16:15,59.042,16.011,24.267,0.250,0.250,5073056,190688,170532,2557088,4892.467,2663.888,532.377,612.434,6.004,50.035,5624,6217,2.450,2,1.250,3,0,99.070,0,0,18,283,0,30,0
17-03 09:16:16,82.735,15.795,1.003,0.251,0,5162244,142904,170536,2517532,3089.779,2241.368,537.527,393.117,7.020,24.068,5320,3272,2.570,2.040,1.260,3,0,154.439,0,0,18,287,0,30,0
17-03 09:16:17,67.819,11.762,13.013,6.507,0,5230284,125072,170536,2469536,11743.882,11069.199,2730.763,568.575,126.128,27.027,5112,3769,2.570,2.040,1.260,5,0,10.010,0,0,18,287,0,30,0
17-03 09:16:18,83.285,11.005,3.001,2.751,0,5266344,118824,170552,2440732,4603.937,2554.075,956.402,2344.987,32.013,170.072,5757,3999,2.570,2.040,1.260,4,0,15.006,0,0,18,288,0,30,0
17-03 09:16:19,71.932,13.487,9.741,3.996,0,5295820,142892,170572,2388716,4360.873,3588.604,451.573,5039.231,17.983,131.875,6262,5759,2.570,2.040,1.260,4,0,134.872,0,0,18,290,0,31,0
17-03 09:16:20,35.797,11.435,49.717,2.237,0,5318656,142268,170592,2367192,16171.106,12066.431,843.208,576.723,19.887,40.768,4433,4098,2.570,2.040,1.260,2,0,89.491,0,0,18,292,0,32,0
17-03 09:16:21,44.355,8.771,45.107,0,0,5335804,124996,170592,2367332,16835.917,4613.940,513.217,429.017,4.010,40.095,3942,2871,2.520,2.030,1.270,3,0,13.031,0,0,18,295,0,32,1
17-03 09:16:22,43.265,9.753,46.016,0.250,0,5341196,130452,170592,2357152,10941106.060,260838.188,560.192,372.127,7.002,25.009,19414,11961,2.520,2.030,1.270,1,0,5.002,0,0,18,298,0,31,0
17-03 09:16:23,37.278,14.511,45.034,1.501,0,5322376,168884,170592,2338364,6192716.705,122602.024,2914.211,572.434,33.025,50.038,13301,9791,2.520,2.030,1.270,3,0,177.134,0,0,18,297,0,31,0
17-03 09:16:24,38.918,9.230,48.896,0.998,0,5312136,179020,170592,2338468,8282.449,6865.451,271.425,634.655,2.994,64.863,4496,4083,2.520,2.030,1.270,2,0,93.801,0,0,18,296,0,32,0
17-03 09:16:25,42.466,5.246,51.209,0,0,5377788,144076,170592,2308572,8840.904,7340.108,47.962,315.747,1.998,18.985,3288,2128,2.520,2.030,1.270,3,0,0.999,0,0,18,299,0,32,0
17-03 09:16:26,34.202,5.030,60.104,0.503,0,5385472,136180,170592,2308788,15747.822,14954.144,64.379,462.727,4.024,36.213,4792,5667,2.480,2.030,1.270,2,0,1.006,0,0,18,305,0,32,0
17-03 09:16:27,14.437,3.485,78.657,0.249,0,5315220,205980,170596,2309236,294032.350,9870103.337,398.261,529.688,20.909,52.770,5326,3647,2.480,2.030,1.270,0,0,37.835,0,0,18,302,0,34,0
17-03 09:16:28,2.748,1.249,93.172,0,0,5312312,208884,170596,2309240,231634.344,6521951.381,0,327.726,0,17.985,2977,1821,2.480,2.030,1.270,0,0,2.997,0,0,18,302,0,34,0
17-03 09:16:29,2.750,1.250,94.765,0.500,0,5310984,210208,170596,2309244,2518.397,1566.247,4.001,1512.238,1.000,96.015,1465,2225,2.480,2.030,1.270,0,0,1.000,0,0,18,304,0,34,0
17-03 09:16:30,2.249,1.000,95.474,0,0,5309824,211368,170596,2309244,4575.742,1619.555,0,131.964,0,11.997,1214,1679,2.480,2.030,1.270,0,0,0,0,0,18,304,0,33,0
17-03 09:16:31,25.321,4.011,68.192,0.501,0,5291600,222788,170604,2316024,7292920.360,175246.690,64.180,645.816,4.011,39.110,13862,10649,2.440,2.030,1.280,1,0,1.003,0,0,18,309,0,33,0
17-03 09:16:32,8.977,5.236,81.789,0.499,0,5288468,216568,170604,2325360,9796470.068,231800.723,31.917,730.112,1.995,53.861,20276,18418,2.440,2.030,1.280,2,0,0.997,0,0,18,306,0,36,0
17-03 09:16:33,13.809,16.822,67.037,1.255,0,5229940,275040,170604,2325488,2898.392,1735.420,56.240,369.580,5.021,18.077,5263,4142,2.440,2.030,1.280,1,0,296.267,0,0,18,306,0,36,0
17-03 09:16:34,19.848,8.932,69.468,0,0,5266024,238952,170604,2325492,2679.496,1607.698,0,7756.645,0,899.120,4150,3628,2.440,2.030,1.280,1,0,175.656,0,0,18,310,0,36,0
17-03 09:16:35,24.101,3.515,71.300,0,0,5263724,241232,170604,2325512,3090.010,1626.849,0,357.505,0,26.110,2489,2000,2.440,2.030,1.280,1,0,7.030,0,0,18,310,0,36,0
17-03 09:16:36,9.502,19.505,69.767,0,0,5266656,238264,170604,2325548,2552.621,1512.368,0,16319.971,0,49.012,5785,4707,2.330,2.010,1.270,3,0,329.080,0,0,18,310,0,36,0
17-03 09:16:37,8.235,18.716,70.870,0.250,0,5264544,240324,170604,2325600,2501.428,1563.143,11.978,95.825,0.998,12.976,5623,4596,2.330,2.010,1.270,0,0,332.392,0,0,18,310,0,36,0
17-03 09:16:38,4.255,1.752,90.858,1.251,0,5264544,240324,170604,2325600,2643.147,1621.931,0,5238.237,0,146.174,1956,2501,2.330,2.010,1.270,2,0,10.012,0,0,18,310,0,36,0
17-03 09:16:39,23.981,3.497,70.693,0.500,0,5305844,199024,170604,2325612,2697.838,1618.703,0,1079.135,0,28.977,2501,2363,2.330,2.010,1.270,1,0,1.998,0,0,18,310,0,36,0
17-03 09:16:40,21.598,3.265,74.838,0.251,0,5319288,185428,170604,2325764,10999.660,9681.710,160.726,204.925,10.045,17.077,2849,3029,2.330,2.010,1.270,1,0,5.023,0,0,18,317,0,36,0
17-03 09:16:41,14.998,13.749,69.243,0.750,0,5291412,213176,170608,2325872,3911.581,2619.719,27.997,471.949,4.000,47.995,5032,4440,2.220,2,1.270,1,0,172.981,0,0,18,320,0,37,0
17-03 09:16:42,13.266,16.019,68.583,0.250,0,5287080,217280,170608,2326112,2703.286,1621.972,0,304.370,0,24.029,5331,4071,2.220,2,1.270,1,0,166.202,0,0,18,322,0,37,0
17-03 09:16:43,18.439,17.193,61.795,0,0,5315576,188616,170608,2326248,4247.930,1614.652,0,159.472,0,9.967,5872,12494,2.220,2,1.270,1,0,212.297,0,0,18,322,0,38,0
17-03 09:16:44,20.817,7.775,70.979,0.251,0,5347432,156736,170608,2326272,2500.078,1516.902,4.013,12054.953,1.003,26.084,3223,2688,2.220,2,1.270,1,0,85.276,0,0,18,322,0,38,0
17-03 09:16:45,24.125,3.233,70.882,0,0,5354928,149240,170608,2326272,2868.128,1557.922,0,346.205,0,21.887,2358,1990,2.220,2,1.270,2,0,0.995,0,0,18,322,0,38,0
17-03 09:16:46,22.473,2.996,71.164,1.998,0,5384912,150604,170608,2295848,2636.820,1618.049,291.648,0,5.993,0,2310,2042,2.120,1.980,1.270,2,0,2.996,0,0,18,326,0,38,0
17-03 09:16:47,24.560,3.007,71.925,0.501,0,5323980,211416,170608,2295968,2706.582,1623.949,112.273,433.053,7.017,38.093,2738,2643,2.120,1.980,1.270,1,0,6.015,0,0,18,322,0,37,0
17-03 09:16:48,24.702,2.495,71.111,0.250,0,5363520,171836,170608,2296008,2574.979,1616.847,23.953,191.626,3.992,14.971,2312,1914,2.120,1.980,1.270,3,0,0,0,0,18,322,0,37,0
17-03 09:16:49,22.257,5.252,71.522,0.250,0,5405540,129812,170608,2296012,2820.849,1620.488,0,164.049,0,13.004,2358,1902,2.120,1.980,1.270,2,0,4.001,0,0,18,322,0,37,0
17-03 09:16:50,13.287,1.253,82.981,0.251,0,5398928,136284,170608,2296152,16792.656,15230.315,0,409.137,0,38.106,2516,2684,2.120,1.980,1.270,1,0,0,0,0,18,327,0,38,0
17-03 09:16:51,24.427,4.487,69.792,0,0,5356760,178404,170608,2296200,8198.621,6868.576,31.905,199.407,1.994,25.923,3000,2836,2.030,1.960,1.270,1,0,16.950,0,0,18,324,0,39,0
17-03 09:16:52,24.509,3.251,71.026,0.250,0,5375676,159484,170608,2296204,2821.052,1620.604,4.001,224.084,1.000,19.007,2282,2063,2.030,1.960,1.270,2,0,0,0,0,18,324,0,39,0
17-03 09:16:53,25.661,1.993,70.505,0,0,5337276,197756,170608,2296332,2616.896,1602.425,0,211.265,0,19.931,2465,2171,2.030,1.960,1.270,2,0,0.997,0,0,18,324,0,39,0
17-03 09:16:54,9.319,19.646,69.518,1.259,0,5321508,213480,170612,2296372,2841.172,1632.162,398.973,814.066,6.045,45.338,5891,5078,2.030,1.960,1.270,1,0,342.553,0,0,18,324,0,39,0
17-03 09:16:55,15.187,12.448,69.712,0,0,5318052,216864,170612,2296508,3064.323,1613.325,27.885,2903.986,2.988,395.364,4758,3853,2.030,1.960,1.270,2,0,242.995,0,0,18,324,0,38,0
17-03 09:16:56,23.519,3.503,71.557,0.500,0,5351148,183720,170644,2296524,6371.090,2114.690,16.013,288.230,2.002,13.010,2536,2028,1.950,1.950,1.270,1,0,33.026,0,0,18,325,0,38,0
17-03 09:16:57,21.489,2.749,74.713,0.250,0,5307408,221884,171232,2301400,7844.122,3433.303,123.939,679.664,2.999,8.996,2184,1864,1.950,1.950,1.270,1,0,1.000,0,0,18,324,0,38,0
17-03 09:16:58,23.508,3.751,72.025,0,0.250,5343996,184360,171284,2302264,3550.214,2113.723,4.001,0,1.000,0,2485,1959,1.950,1.950,1.270,1,0,18.006,0,0,18,325,0,38,0
17-03 09:16:59,20.246,2.250,75.984,0.250,0,5343440,179244,171784,2307300,9127.098,4307.103,0,1167.757,0,17.996,2131,1840,1.950,1.950,1.270,2,0,2.999,0,0,18,324,0,37,0
17-03 09:17:00,24.241,6.498,66.975,0,0,5336240,185888,171820,2307816,3015.876,1661.381,0,315.882,0,4.998,10174,18438,1.950,1.950,1.270,1,0,11.996,0,0,18,324,0,37,0
17-03 09:17:01,20.268,4.254,72.315,0.500,0,5343416,178480,171852,2308012,9265.360,4577.130,0,656.592,0,34.031,9726,17468,1.870,1.930,1.270,1,0,5.005,0,0,18,325,0,37,0
17-03 09:17:02,22.511,7.504,69.284,0.250,0,5340748,180904,171900,2308192,4382.173,1620.804,4.002,2557.268,1.000,124.062,4155,5175,1.870,1.930,1.270,1,0,18.009,0,0,18,325,0,37,0
17-03 09:17:03,18.536,9.268,70.388,0.250,0,5271052,260532,171984,2298188,2987.871,1797.532,0,1054.071,0,31.061,3838,3210,1.870,1.930,1.270,1,0,139.274,0,0,18,324,0,30,0
17-03 09:17:04,18.689,9.968,69.773,0,0,5313048,218516,171984,2298208,4158.467,1507.095,0,67.779,0,5.981,3410,2865,1.870,1.930,1.270,2,0,129.578,0,0,18,324,0,30,0
17-03 09:17:05,24.258,1.751,72.775,0,0,5338296,193084,171984,2298392,4745.618,3593.225,0,0,0,0,2199,1752,1.870,1.930,1.270,0,0,0,0,0,18,325,0,30,0
17-03 09:17:06,21.064,3.009,75.228,0,0,5312036,219152,171984,2298584,13361.544,10041.470,16.049,4.012,1.003,1.003,2514,2180,1.800,1.920,1.260,2,0,11.033,0,0,18,324,0,33,0
17-03 09:17:07,17.957,8.230,70.831,1.746,0,5313488,217680,171984,2298604,2813.274,1616.136,11.971,23.943,0.998,1.995,3129,2631,1.800,1.920,1.260,1,0,104.750,0,0,18,324,0,29,0
17-03 09:17:08,21.730,2.248,74.431,0.250,0,5333924,197232,171984,2298616,8654.944,7433.082,0,199.814,0,14.986,2563,2474,1.800,1.920,1.260,1,0,0.999,0,0,18,325,0,29,0
17-03 09:17:09,21.827,6.021,71.001,0,0,5315976,215164,171984,2298632,5727.274,4500.933,0,1316.661,0,113.401,3271,2942,1.800,1.920,1.260,3,0,72.256,0,0,18,324,0,30,0
17-03 09:17:10,24.253,2.000,72.510,0,0,5366924,164216,171984,2298632,2957.424,1620.232,0,0,0,0,2051,1713,1.800,1.920,1.260,2,0,0,0,0,18,324,0,30,0
17-03 09:17:11,18.930,2.740,76.467,0.747,0,5361216,169880,171984,2298676,15979.928,14629.918,31.882,1406.800,0.996,265.020,2884,3022,1.740,1.900,1.260,2,0,0,0,0,18,324,0,24,0
17-03 09:17:12,22.006,6.252,70.520,0,0,5325352,205732,171984,2298688,2900.804,1512.419,0,676.187,0,45.012,2883,2518,1.740,1.900,1.260,4,0,56.016,0,0,18,324,0,24,0
17-03 09:17:13,20.484,2.248,75.692,0,0,5347012,184064,171984,2298696,9016.068,7340.356,0,0,0,0,2169,1913,1.740,1.900,1.260,2,0,0,0,0,18,325,0,24,0
17-03 09:17:14,21.258,5.752,70.777,1.501,0,5297300,233752,171984,2298720,7665.931,6147.350,12.005,188.072,1.000,1.000,3073,2680,1.740,1.900,1.260,2,0,32.012,0,0,18,324,0,27,0
17-03 09:17:15,27.770,4.253,66.298,0,0,5336716,194220,171984,2298836,3508.566,2310.690,0,0,0,0,3139,4716,1.740,1.900,1.260,1,0,1.001,0,0,18,325,0,22,0
17-03 09:17:16,17.761,2.502,78.298,0.250,0,5338160,192764,171984,2298848,12787.789,11063.739,0,264.161,0,25.015,3044,3091,1.680,1.890,1.260,2,0,0,0,0,18,325,0,24,0
17-03 09:17:17,22.974,4.994,70.420,0,0,5348008,182892,171984,2298872,5237.029,2356.313,0,235.731,0,20.976,2920,2650,1.680,1.890,1.260,1,0,46.946,0,0,18,324,0,25,0
17-03 09:17:18,21.555,2.757,74.940,0,0.251,5374280,156616,171984,2298876,8412.328,7256.397,0,172.437,0,13.033,2299,1980,1.680,1.890,1.260,1,0,0,0,0,18,325,0,25,0
17-03 09:17:19,22.691,4.488,70.816,0.249,0,5356268,174616,171984,2298888,7278.066,6129.055,0,442.848,0,31.917,3011,2621,1.680,1.890,1.260,2,0,32.914,0,0,18,324,0,26,0
17-03 09:17:20,24.574,3.260,71.717,0,0,5357668,173216,171984,2298888,2965.957,1624.907,0,0,0,0,2241,1792,1.680,1.890,1.260,2,0,0,0,0,18,324,0,26,0
17-03 09:17:21,15.438,2.241,79.929,0.249,0,5355144,175576,171984,2299052,12072.585,11627.370,15.936,266.930,0.996,35.856,2686,3115,1.540,1.850,1.250,0,0,0,0,0,18,325,0,26,0
17-03 09:17:22,12.508,9.756,74.547,2.502,0,5326272,204196,172136,2299152,5202.246,3678.295,144.090,844.527,6.004,59.037,4059,3856,1.540,1.850,1.250,0,1,180.112,0,0,18,326,0,27,0
17-03 09:17:23,5.251,1.500,86.009,6.001,0,5323380,206100,172532,2299744,9062.950,3342.350,980.103,224.023,245.026,16.002,1957,2625,1.540,1.850,1.250,1,0,1.000,0,0,18,326,0,26,0
17-03 09:17:24,6.755,8.256,83.561,0.250,0.250,5304680,224728,172548,2299800,13299.656,4315.133,0,560.407,0,40.029,3439,3392,1.540,1.850,1.250,0,0,126.092,0,0,18,326,0,27,0
17-03 09:17:25,5.273,6.277,87.123,0,0,5290336,239068,172548,2299804,8659.107,3283.069,0,140.603,0,7.030,2824,2826,1.540,1.850,1.250,1,0,108.465,0,0,18,324,0,28,0
17-03 09:17:26,13.690,8.214,66.958,8.712,0,5296452,232704,172552,2300048,4235.546,1612.972,183.202,1680.677,14.935,267.833,3391,3029,1.540,1.850,1.250,1,0,102.553,0,0,18,324,0,28,0
17-03 09:17:27,23.762,3.002,71.036,0.500,0,5314280,205500,172552,2309412,2761.382,1620.811,16.008,1084.543,3.002,22.011,2456,2203,1.500,1.840,1.250,1,0,3.002,0,0,18,324,0,28,0
17-03 09:17:28,19.228,2.747,77.162,0,0.250,5312740,201472,172552,2314868,14165.892,4832.505,0,699.205,0,8.990,2291,2109,1.500,1.840,1.250,2,0,17.980,0,0,18,326,0,24,0
17-03 09:17:29,18.003,3.501,73.511,4.251,0,5281728,232480,172552,2314868,4464.659,2899.428,100.015,1580.233,3.000,63.009,2890,2866,1.500,1.840,1.250,0,1,29.004,0,0,18,324,0,24,0
17-03 09:17:30,26.508,16.505,51.265,4.001,0,5295788,216196,172552,2317076,2897.837,1620.468,1324.382,1860.537,17.005,55.016,5411,4657,1.500,1.840,1.250,3,0,281.081,0,0,18,324,0,24,0
17-03 09:17:31,43.636,8.777,46.646,0.251,0,5340624,171352,172552,2317084,2708.472,1625.083,545.707,469.468,5.016,65.204,3729,2882,1.500,1.840,1.250,2,0,6.019,0,0,18,324,0,24,0
17-03 09:17:32,23.036,3.005,73.116,0.250,0,5360948,150980,172552,2317132,9013.263,23787.642,256.406,548.869,2.003,41.065,2700,2443,1.540,1.840,1.260,0,0,1.002,0,0,18,325,0,25,0
17-03 09:17:33,22.252,6.251,69.758,0,0,5328136,183780,172552,2317144,21168.321,2124.233,0,52.006,0,6.001,2948,2427,1.540,1.840,1.260,1,0,53.006,0,0,18,324,0,26,0
17-03 09:17:34,23.363,2.983,72.327,0,0,5368760,143156,172552,2317144,3230.088,2295.560,0,127.255,0,11.930,2199,1846,1.540,1.840,1.260,0,0,0,0,0,18,325,0,26,0
17-03 09:17:35,19.823,2.258,77.285,0,0,5364004,147628,172552,2317428,12066.453,9838.245,273.006,1565.768,16.059,11.041,2458,2283,1.540,1.840,1.260,1,0,0,0,0,18,324,0,28,0
17-03 09:17:36,22.410,4.731,71.464,0,0,5335520,176108,172552,2317432,2569.725,1613.548,0,7.968,0,1.992,2393,1920,1.540,1.840,1.260,1,0,13.944,0,0,18,324,0,25,0
17-03 09:17:37,20.774,2.002,75.838,0,0,5352900,158724,172552,2317436,8554.933,7354.540,0,8.009,0,1.001,2202,1935,1.500,1.830,1.260,1,0,0,0,0,18,325,0,25,0
17-03 09:17:38,24.238,4.248,67.215,1.749,0,5347392,162068,172552,2319600,5187.327,3696.096,2050.943,1347.306,83.957,167.913,5678,7907,1.500,1.830,1.260,3,0,1.999,0,0,18,326,0,26,0
17-03 09:17:39,24.517,4.003,70.550,0,0,5312108,197348,172552,2319604,2719.933,1459.037,0,620.441,0,46.033,2764,2657,1.500,1.830,1.260,1,0,7.005,0,0,18,326,0,26,0
17-03 09:17:40,21.240,2.749,73.966,0.500,0,5337276,172172,172552,2319612,8857.932,7342.628,0,775.644,0,42.980,2746,2873,1.500,1.830,1.260,1,0,0,0,0,18,327,0,26,0
17-03 09:17:41,20.478,4.495,73.173,0.749,0,5331204,177960,172552,2319896,6859.742,5505.175,115.877,2836.998,5.994,417.558,4415,5579,1.500,1.830,1.260,2,0,0,0,0,18,327,0,26,0
17-03 09:17:42,17.355,13.582,67.158,0.503,0,5312384,196748,172552,2319928,4336.335,2863.390,0,4603.961,0,292.778,6049,6890,1.460,1.810,1.250,2,0,262.595,0,0,18,326,0,27,0
17-03 09:17:43,15.235,23.726,58.691,0,0,5305688,203424,172552,2319948,2757.246,1618.384,0,199.800,0,22.977,7356,16502,1.460,1.810,1.250,1,0,554.446,0,0,18,326,0,28,0
17-03 09:17:44,8.761,23.281,66.838,0,0,5293352,215732,172552,2319976,4261.584,1622.125,0,44.058,0,11.014,6501,5516,1.460,1.810,1.250,1,0,501.657,0,0,18,326,0,26,0
17-03 09:17:45,9.253,22.756,67.018,0.500,0,5294972,214096,172552,2320008,3137.864,1620.446,0,3188.878,0,205.056,6861,6200,1.460,1.810,1.250,1,0,540.149,0,0,18,326,0,26,0
17-03 09:17:46,8.737,22.218,66.405,0,0,5285896,223148,172552,2320032,2714.107,1455.911,0,223.679,0,22.967,6661,5762,1.460,1.810,1.250,1,0,529.241,0,0,18,326,0,26,0
17-03 09:17:47,9.263,22.031,67.344,0,0,5285460,223556,172552,2320060,3004.192,1622.263,0,36.050,0,9.013,6559,5616,1.580,1.830,1.260,1,0,507.708,0,0,18,326,0,26,0
17-03 09:17:48,8.247,22.992,66.975,0,0,5286108,222880,172552,2320088,2758.990,1619.407,0,103.962,0,12.995,6382,5479,1.580,1.830,1.260,1,0,483.823,0,0,18,326,0,26,0
17-03 09:17:49,10.242,20.485,67.200,0.500,0,5280128,228816,172552,2320132,2578.079,1618.794,15.988,375.720,0.999,30.977,6473,5768,1.580,1.830,1.260,1,0,454.661,0,0,18,326,0,26,0
17-03 09:17:50,18.511,9.256,71.293,0,0,5299780,315528,172552,2224592,3018.820,1620.977,0,2105.269,0,18.011,3164,2873,1.580,1.830,1.260,1,0,78.047,0,0,18,326,0,26,0
17-03 09:17:51,24.882,3.483,68.922,0.249,0,5317940,287220,173040,2234252,2926.076,1612.328,15.924,1767.589,0.995,53.744,2955,3109,1.580,1.830,1.260,1,0,0.995,0,0,18,326,0,26,0
17-03 09:17:52,19.742,1.999,76.719,0.750,0,5317248,286720,173132,2235352,10579.707,6042.548,87.964,1223.504,9.996,50.979,2301,2171,1.530,1.820,1.260,0,0,15.994,0,0,18,327,0,24,0
17-03 09:17:53,15.518,1.752,77.337,3.754,0,5328432,274596,173236,2236188,16681.870,10159.492,676.766,1241.404,37.042,48.054,2242,2367,1.530,1.820,1.260,1,0,1.001,0,0,18,327,0,24,0
17-03 09:17:54,15.987,1.749,78.435,2.248,0,5327648,273936,173368,2237500,20626.981,13207.103,935.228,1754.552,45.962,71.941,2503,2671,1.530,1.820,1.260,1,0,0.999,0,0,18,327,0,24,0
17-03 09:17:55,23.002,3.500,71.757,1.250,0,5352196,248500,173460,2238292,15243.405,9353.862,504.046,1068.098,36.003,31.003,3862,5225,1.530,1.820,1.260,0,1,1.000,0,0,18,327,0,24,0
17-03 09:17:56,21.793,2.004,74.398,1.503,0,5369216,230216,173564,2239448,17286.336,11112.072,853.696,1322.627,38.076,46.092,2850,2687,1.530,1.820,1.260,2,0,0,0,0,18,327,0,24,0
17-03 09:17:57,12.724,2.245,74.848,7.734,0,5370576,205772,173660,2262436,12220.145,7866.001,10814.005,1932.070,110.775,250.491,2360,2336,1.570,1.820,1.270,2,0,0,0,0,18,327,0,24,0
17-03 09:17:58,24.011,2.751,70.531,1.751,0,5368464,192428,174420,2276952,3086.356,1662.730,984.432,1288.566,22.010,60.026,2555,2325,1.570,1.820,1.270,1,0,1.000,0,0,18,327,0,24,0
17-03 09:17:59,25.246,2.500,70.738,0.250,0,5372912,175304,174824,2289012,2964.505,1619.730,0,2003.666,0,63.989,2669,2429,1.570,1.820,1.270,1,0,1.000,0,0,18,327,0,24,0
17-03 09:18:00,24.749,3.000,70.497,0.250,0,5376032,163472,175052,2297244,2794.868,1499.929,0,14863.296,0,88.996,2628,2324,1.570,1.820,1.270,1,0,0,0,0,18,327,0,24,0
17-03 09:18:01,24.506,2.751,69.768,1.500,0,5388172,130472,175752,2317188,2650.680,1620.416,0,2624.673,0,136.035,3076,3427,1.570,1.820,1.270,1,0,0,0,0,18,327,0,24,0
17-03 09:18:02,24.015,3.252,70.544,1.001,0,5382980,146652,176560,2305836,2941.840,1621.014,0,2445.530,0,100.063,2722,2644,1.530,1.810,1.270,2,0,0,0,0,18,327,0,24,0
17-03 09:18:03,23.963,2.995,70.890,0.749,0,5381960,133236,177336,2319776,2695.802,1617.481,0,1809.183,0,65.897,2626,2443,1.530,1.810,1.270,1,0,0,0,0,18,327,0,24,0
17-03 09:18:04,25.012,2.501,70.785,0,0,5335088,194980,177484,2304640,3163.580,1794.896,0,580.290,0,20.010,2419,1997,1.530,1.810,1.270,1,0,2.001,0,0,18,326,0,24,0
17-03 09:18:05,19.575,3.764,76.040,0.251,0,5371580,158476,177484,2304652,8674.058,3876.775,0,341.301,0,3.011,2368,2043,1.530,1.810,1.270,1,0,33.126,0,0,18,327,0,24,0
17-03 09:18:06,24.659,3.487,69.991,0,0.249,5353708,170600,177580,2310292,2690.027,1625.972,0,1064.055,0,15.941,2419,2003,1.530,1.810,1.270,1,0,1.993,0,0,18,326,0,24,0
17-03 09:18:07,19.345,2.261,77.127,0,0,5369608,154528,177580,2310432,11126.436,4716.073,0,964.720,0,137.674,2177,1833,1.480,1.800,1.260,1,0,17.084,0,0,18,327,0,24,0
17-03 09:18:08,24.388,5.973,66.445,0.498,0,5361436,156812,177960,2315804,3091.800,1879.368,0,1023.300,0,24.886,10383,19136,1.480,1.800,1.260,1,0,13.936,0,0,18,326,0,24,0
17-03 09:18:09,25.252,6.000,66.504,0.250,0,5370752,147272,178020,2315968,2760.185,1662.112,0,1784.120,0,24.002,10148,18400,1.480,1.800,1.260,1,0,8.001,0,0,18,326,0,21,0
17-03 09:18:10,21.606,6.281,72.105,0,0,5360240,157576,178064,2316132,3031.911,1628.006,0,168.830,0,2.010,2538,2028,1.480,1.800,1.260,1,0,15.074,0,0,18,326,0,21,0
17-03 09:18:11,20.890,4.725,69.883,2.736,0,5302540,226560,178072,2304952,2924.650,1611.542,143.248,1070.382,10.943,36.807,2787,2852,1.480,1.800,1.260,1,0,10.943,0,0,18,326,0,21,0
17-03 09:18:12,24.753,5.501,67.009,0,0,5326400,202684,178072,2304968,3300.454,1620.223,0,792.109,0,40.005,10650,19337,1.520,1.800,1.270,2,0,47.006,0,0,18,326,0,21,0
17-03 09:18:13,22.496,3.499,72.487,0,0,5345044,184032,178072,2304976,6957.762,2861.491,0,0,0,0,2496,2126,1.520,1.800,1.270,0,0,32.994,0,0,18,327,0,19,0
17-03 09:18:14,23.505,2.751,73.266,0.250,0,5330272,193140,178120,2310592,6095.336,2632.577,0,740.162,0,11.002,2255,1904,1.520,1.800,1.270,2,0,3.001,0,0,18,326,0,19,0
17-03 09:18:15,19.500,3.250,75.500,0,0,5345624,177668,178120,2310712,11569.030,4693.012,0,400.001,0,6.000,2214,1897,1.520,1.800,1.270,1,0,17.000,0,0,18,327,0,19,0
17-03 09:18:16,26.269,5.504,66.799,0,0,5339396,178688,178192,2315956,2924.150,1795.320,0,8798.469,0,241.177,10670,19355,1.520,1.800,1.270,2,0,7.005,0,0,18,326,0,19,0
17-03 09:18:17,24.739,6.247,67.470,0,0,5338120,179668,178192,2316236,2698.790,1619.274,0,87.961,0,1.999,10904,19770,1.640,1.820,1.280,3,0,11.995,0,0,18,326,0,13,0
17-03 09:18:18,21.594,6.277,71.561,0.251,0,5329012,188676,178204,2316324,4338.829,1627.061,0,988.289,0,112.488,2598,2130,1.640,1.820,1.280,1,0,15.065,0,0,18,326,0,13,0
17-03 09:18:19,24.149,3.734,69.458,0.249,0,5305244,223840,178220,2304976,2869.940,1613.221,0,1123.280,0,41.824,2729,2563,1.640,1.820,1.280,1,0,6.971,0,0,18,326,0,13,0
17-03 09:18:20,23.224,5.494,70.671,0,0,5301572,227500,178220,2304988,2552.139,1456.368,0,7.991,0,1.998,2930,2372,1.640,1.820,1.280,1,0,69.922,0,0,18,326,0,13,0
17-03 09:18:21,24.276,4.004,70.076,0.501,0,5293284,227724,178252,2313020,2702.913,1621.748,16.017,8641.312,1.001,80.086,3345,3460,1.640,1.820,1.280,1,0,43.046,0,0,18,326,0,10,0
17-03 09:18:22,23.736,3.248,70.958,0.250,0,5302940,215124,178324,2315828,3184.130,2111.760,3.998,1235.275,0.999,38.977,2625,2532,1.750,1.840,1.290,1,0,15.991,0,0,18,327,0,10,0
17-03 09:18:23,17.006,1.751,79.529,0.750,0,5317512,200404,178364,2315940,19762.087,10813.878,0,1540.552,0,124.044,2298,2442,1.750,1.840,1.290,1,0,1.000,0,0,18,327,0,10,0
17-03 09:18:24,13.534,1.253,82.956,0.752,0.251,5317056,200404,178416,2316324,50774.984,13366.165,0,1595.960,0,72.179,2300,2596,1.750,1.840,1.290,0,0,1.002,0,0,18,328,0,10,0
17-03 09:18:25,13.276,1.753,83.415,0.751,0,5322188,194860,178516,2316628,130394.306,14356.439,0,1635.239,0,65.129,2130,2184,1.750,1.840,1.290,0,0,0,0,0,18,328,0,8,0
17-03 09:18:26,19.960,1.996,76.846,0.748,0,5346264,170444,178588,2316892,14862.189,8585.778,0,4846.279,0,64.870,2227,2062,1.750,1.840,1.290,1,0,0,0,0,18,328,0,8,0
17-03 09:18:27,18.189,1.246,77.989,0.498,0,5362732,153600,178676,2317156,15965.578,9986.584,0,1251.811,0,48.837,2106,2122,1.850,1.860,1.300,0,0,0,0,0,18,328,0,8,0
17-03 09:18:28,8.503,1.751,86.785,0.500,0,5361560,154280,178804,2317516,313670.305,16725.682,0,1228.491,0,48.019,2289,2311,1.850,1.860,1.300,0,0,2.001,0,0,18,328,0,8,0
17-03 09:18:29,9.005,2.251,85.799,2.251,0,5361232,154052,179092,2317780,99870.370,17491.048,28.016,2621.506,4.002,192.110,2236,2417,1.850,1.860,1.300,2,0,1.001,0,0,18,328,0,7,0
17-03 09:18:30,31.269,6.004,61.037,0.500,0,5396880,135300,179216,2302152,22930.962,12070.349,364.222,1224.746,9.005,41.025,3118,2357,1.850,1.860,1.300,2,0,6.004,0,0,18,328,0,7,0
17-03 09:18:31,23.334,8.782,65.485,0.502,0,5394728,147348,179236,2293068,3074771.980,82664.727,513.844,49995.460,4.014,355.275,7533,6904,1.850,1.860,1.300,2,0,7.025,0,0,18,328,0,7,0
17-03 09:18:32,9.244,2.998,83.697,0.500,0,5374760,154604,179292,2305708,6935805.463,151306.198,255.838,4828.942,1.999,47.970,9835,10005,1.860,1.860,1.300,1,0,2.998,0,0,18,328,0,7,0
17-03 09:18:33,7.999,2.750,84.489,0.750,0,5380504,126764,179388,2327640,8119931.543,180812.696,163.978,12222.357,3.999,51.993,13917,11717,1.860,1.860,1.300,0,0,6.999,0,0,18,328,0,5,0
17-03 09:18:34,22.185,2.493,73.285,0.748,0,5377696,133876,179688,2322948,305490.211,8202.947,0,1742.889,0,77.772,2924,2614,1.860,1.860,1.300,3,0,0.997,0,0,18,328,0,5,0
17-03 09:18:35,23.318,4.012,71.459,0.752,0,5370240,132704,182716,2328324,3292.653,1624.763,0,4184.266,0,173.509,2640,2413,1.860,1.860,1.300,2,0,0,0,0,18,328,0,5,0
17-03 09:18:36,23.946,4.240,70.092,0.249,0,5381144,124012,183116,2325668,2959.327,1616.355,0,41211.075,0,206.534,2771,2541,1.860,1.860,1.300,1,0,0,0,0,18,328,0,5,0
17-03 09:18:37,25.911,1.744,70.508,0,0,5382696,140100,183236,2307896,2776.463,1614.454,0,15.945,0,1.993,2359,2086,1.870,1.860,1.310,1,0,0,0,0,18,328,0,3,0
17-03 09:18:38,26.041,3.255,70.111,0.751,0,5381272,125236,183624,2323716,2523.981,1622.559,4.006,1566.471,1.002,66.104,2838,2792,1.870,1.860,1.310,1,0,1.002,0,0,18,328,0,3,0
17-03 09:18:39,24.262,3.002,70.035,1.001,0,5378304,126992,184236,2324244,5832.932,1620.815,0,1920.966,0,83.042,2823,2728,1.870,1.860,1.310,1,0,2.001,0,0,18,328,0,3,0
17-03 09:18:40,23.228,4.246,70.184,0.749,0,5378600,125240,185008,2324768,2894.265,1618.471,0,1922.184,0,65.938,2766,2732,1.870,1.860,1.310,2,0,0,0,0,18,328,0,3,0
17-03 09:18:41,25.259,4.001,69.273,0.750,0,5378576,132632,186280,2315592,2418.816,1458.492,0,1180.398,0,63.021,2941,2855,1.870,1.860,1.310,2,0,0,0,0,18,328,0,2,0
17-03 09:18:42,27.006,1.750,70.266,0,0,5379864,124164,186508,2322060,2880.671,1620.377,0,1980.461,0,28.007,2639,2390,1.970,1.880,1.310,1,0,0,0,0,18,328,0,2,0
17-03 09:18:43,30.505,5.751,61.259,0.750,0,5377004,157080,187348,2291316,2820.424,1620.243,0,2048.308,0,76.011,3791,9708,1.970,1.880,1.310,2,0,36.005,0,0,18,328,0,3,0
17-03 09:18:44,19.966,1.997,76.120,0.749,0,5411520,146400,187940,2266636,9091.443,4273.687,0,1561.328,0,54.906,2315,2217,1.970,1.880,1.310,2,0,0,0,0,18,326,0,3,0
17-03 09:18:45,24.307,3.508,71.418,0,0,5290748,267320,187960,2266500,3204.544,1623.823,0,585.378,0,121.286,2485,1911,1.970,1.880,1.310,1,0,19.045,0,0,18,326,0,1,0
17-03 09:18:46,21.231,2.748,75.182,0,0,5323028,233300,187968,2268232,8431.331,3792.550,0,13112.074,0,309.718,2498,2012,1.970,1.880,1.310,1,0,15.985,0,0,18,327,0,1,0
17-03 09:18:47,24.237,2.998,70.963,0.250,0,5310004,242368,188028,2272132,3100.391,1793.069,0,963.500,0,7.996,2440,2128,1.970,1.880,1.320,2,0,2.998,0,0,18,326,0,1,0
17-03 09:18:48,19.782,2.504,76.876,0.250,0,5325096,220656,188160,2277788,9244.179,4538.452,0,1037.704,0,17.028,2256,2045,1.970,1.880,1.320,0,1,17.028,0,0,18,327,0,1,0
17-03 09:18:49,24.206,6.239,66.878,0,0,5320404,225220,188256,2277628,2976.563,1790.729,0,375.314,0,14.973,10609,19080,1.970,1.880,1.320,3,0,13.974,0,0,18,326,0,1,0
17-03 09:18:50,24.275,5.756,69.072,0.250,0,5326472,218920,188296,2277788,2960.073,1621.683,0,2138.220,0,6.006,7808,13261,1.970,1.880,1.320,3,0,5.005,0,0,18,326,0,1,0
17-03 09:18:51,21.777,7.009,69.587,0,0,5326232,218920,188340,2277952,2583.232,1622.029,0,320.401,0,14.018,5611,8385,1.970,1.880,1.320,1,0,15.019,0,0,18,326,0,1,0
17-03 09:18:52,22.710,5.490,70.625,0.250,0.250,5295540,261792,188344,2266696,2635.327,1617.132,0,9571.028,0,75.865,2396,1997,2.210,1.940,1.340,1,0,0.998,0,0,18,326,0,1,0
17-03 09:18:53,23.768,3.753,70.803,0.751,0,5325816,230380,188344,2267944,2581.939,1621.217,252.189,160.120,5.004,15.011,2722,2656,2.210,1.940,1.340,2,0,6.005,0,0,18,326,0,1,0
17-03 09:18:54,24.347,4.267,69.527,1.255,0,5338336,215920,188344,2269884,2367.429,1463.830,497.983,2686.701,16.064,73.292,3972,4823,2.210,1.940,1.340,2,0,1.004,0,0,18,327,0,1,0
17-03 09:18:55,25.742,4.499,65.231,1.749,0,5335448,217828,188344,2270864,4389.714,1619.526,703.794,1655.515,41.988,215.937,7232,10474,2.210,1.940,1.340,1,1,1.000,0,0,18,329,0,5,0
17-03 09:18:56,15.246,17.245,65.232,1.000,0,5269792,283236,188344,2271112,2519.311,1619.557,143.961,3846.947,1.999,452.876,6704,6799,2.210,1.940,1.340,3,0,319.912,0,0,18,328,0,5,0
17-03 09:18:57,16.273,11.016,67.847,3.755,0,5277760,273628,188440,2272656,2583.683,1622.313,1630.324,2904.140,62.089,25.036,4284,3863,2.110,1.920,1.340,2,0,130.186,0,0,18,328,0,7,0
17-03 09:18:58,13.680,5.721,70.140,8.457,0,5263556,255416,188440,2305076,2990.668,2663.346,32147.195,3800.516,2322.096,183.062,6521,10062,2.110,1.920,1.340,0,0,6.964,0,0,18,329,0,7,0
17-03 09:18:59,5.500,1.250,91.501,0,0,5263540,255416,188440,2305092,8647.103,2402.029,0,876.010,0,20.000,2098,2595,2.110,1.920,1.340,1,0,1.000,0,0,18,329,0,9,0
17-03 09:19:00,3.999,1.000,93.474,0,0,5263540,255416,188440,2305092,7775.830,4619.711,0,23.993,0,4.999,1341,1758,2.110,1.920,1.340,0,0,0,0,0,18,329,0,9,0
17-03 09:19:01,4.002,1.501,91.794,1.501,0,5256896,261968,188448,2305176,49134.725,4626.234,92.044,124.060,1.000,13.006,1641,2156,2.110,1.920,1.340,1,0,2.001,0,0,18,328,0,9,1
17-03 09:19:02,44.037,9.758,43.286,2.002,0,5007396,511080,188448,2305564,6817.697,2503.092,312.261,1124.940,5.004,31.026,3830,2248,2.020,1.910,1.330,1,0,27.023,0,0,18,312,0,14,0
17-03 09:19:03,62.767,12.051,23.601,1.506,0,4985196,533272,188448,2305488,2711.550,1626.930,8.034,100.428,2.009,9.038,4251,2568,2.020,1.910,1.330,5,0,6.026,0,0,18,302,0,15,0
17-03 09:19:04,87.495,12.249,0,0,0,5109128,409328,188448,2305576,2639.863,1619.916,0,63.997,0,6.000,5064,2623,2.020,1.910,1.330,6,0,0,0,0,18,298,0,15,0
17-03 09:19:05,88.009,11.751,0.250,0.250,0,5080868,437360,188448,2305804,3077.321,1620.169,28.003,460.048,1.000,31.003,5131,2965,2.020,1.910,1.330,5,1,5.001,0,0,18,298,0,16,0
17-03 09:19:06,83.799,14.964,0.499,0,0,5170896,345936,188456,2307192,2753.380,1616.114,131.683,3970.454,4.988,209.496,7446,11278,2.020,1.910,1.330,6,0,2.993,0,0,18,304,0,17,0
17-03 09:19:07,56.733,9.247,33.990,0,0,5122352,394008,188456,2307664,2699.172,1619.503,0,30154.745,0,173.947,4772,4236,2.180,1.940,1.350,2,0,2.999,0,0,18,289,0,24,0
17-03 09:19:08,30.199,5.241,62.645,0.250,0,5168320,347172,188456,2308532,2939.079,1711.135,47.920,1158.061,2.995,37.936,5608,8734,2.180,1.940,1.350,3,0,1.997,0,0,18,291,0,24,0
17-03 09:19:09,29.879,5.775,61.515,2.260,0,5251072,263192,188456,2309824,11622.047,7503.311,325.401,1466.314,8.035,48.208,4327,6249,2.180,1.940,1.350,4,0,4.017,0,0,18,293,0,31,0
17-03 09:19:10,37.321,1.990,58.719,0,0,5251324,262720,188456,2310044,129604.816,62264.572,0,155.256,0,9.952,4050,3415,2.180,1.940,1.350,1,0,0,0,0,18,292,0,31,0
17-03 09:19:11,31.821,3.257,62.639,0.501,0,5268860,245108,188456,2310120,82953.162,38303.035,0,5852.994,0,454.008,4900,5537,2.180,1.940,1.350,2,0,0,0,0,18,301,0,31,0
17-03 09:19:12,2.244,3.739,92.486,0.249,0,5266468,247492,188456,2310128,2811.959,1615.380,0,95076.110,0,1565.523,3330,3633,2.010,1.910,1.340,0,0,0,0,0,18,301,0,31,0
17-03 09:19:13,3.000,0.750,95.515,0,0,5266716,247240,188456,2310132,2700.428,1620.257,0,1296.206,0,11.002,1245,1742,2.010,1.910,1.340,0,0,0,0,0,18,301,0,31,0
17-03 09:19:14,2.250,0.750,94.986,0.500,0,5266716,247240,188456,2310132,6119.081,1619.757,0,1279.808,0,62.991,1356,2017,2.010,1.910,1.340,0,0,0,0,0,18,301,0,31,0
17-03 09:19:15,2.249,0.750,95.720,0,0,5266716,247240,188456,2310132,4635.557,1619.496,0,91.971,0,9.997,1189,1709,2.010,1.910,1.340,0,0,0,0,0,18,301,0,31,0
17-03 09:19:16,2.501,0.750,95.555,0,0,5266716,247240,188456,2310132,2719.571,1458.843,0,0,0,0,1205,1731,2.010,1.910,1.340,0,0,0,0,0,18,301,0,31,0
17-03 09:19:17,2.250,2.000,94.748,0,0,5267696,246260,188456,2310132,2759.931,1619.959,0,40650.977,0,345.991,1629,2054,1.850,1.880,1.330,0,0,0,0,0,18,301,0,31,0
17-03 09:19:18,1.750,0.500,95.485,0.250,0,5267756,246260,188456,2310132,2579.604,1619.751,0,555.915,0,8.999,1246,1794,1.850,1.880,1.330,1,0,0,0,0,18,301,0,31,0
17-03 09:19:19,3.000,1.250,94.741,0,0.250,5267992,246012,188456,2310144,2699.747,1619.848,0,151.986,0,16.998,1425,2119,1.850,1.880,1.330,0,0,1.000,0,0,18,301,0,31,0
17-03 09:19:20,2.250,1.250,95.238,0.250,0,5267988,246012,188456,2310148,2776.639,1619.790,0,307.960,0,21.997,1288,1824,1.850,1.880,1.330,0,0,0,0,0,18,301,0,31,0
17-03 09:19:21,4.001,1.000,93.271,0.250,0,5267988,246012,188456,2310148,2520.571,1620.367,0,244.055,0,40.009,1684,2417,1.850,1.880,1.330,0,0,0,0,0,18,301,0,31,0
17-03 09:19:22,2.249,0.750,95.220,0.500,0,5267988,246012,188456,2310148,2237.299,1457.544,0,491.846,0,33.989,1328,1970,1.700,1.850,1.330,0,0,0,0,0,18,301,0,31,0
17-03 09:19:23,2.251,1.000,95.036,0.250,0,5268244,245760,188456,2310148,2520.963,1620.619,0,80.031,0,12.005,1382,2047,1.700,1.850,1.330,0,0,1.000,0,0,18,301,0,31,0
17-03 09:19:24,3.000,0.750,94.486,0.250,0,5268228,245760,188456,2310164,2699.600,1619.760,0,295.956,0,26.996,1478,2166,1.700,1.850,1.330,0,0,1.000,0,0,18,301,0,31,0
17-03 09:19:25,2.500,0.750,96.250,0,0,5268228,245760,188456,2310164,3016.999,1619.999,0,272.000,0,1.000,1161,1665,1.700,1.850,1.330,0,0,0,0,0,18,301,0,31,0
17-03 09:19:26,2.000,0.750,95.494,0,0,5268228,245760,188456,2310164,2759.837,1619.904,0,0,0,0,1235,1726,1.700,1.850,1.330,0,0,0,0,0,18,301,0,31,0
17-03 09:19:27,6.532,13.819,75.876,2.010,0,5279640,234168,188456,2310344,2834.059,1628.077,180.897,3075.256,9.045,33.165,4635,4208,1.560,1.810,1.320,2,0,333.655,0,0,18,301,0,31,0
17-03 09:19:28,8.995,20.240,70.464,0,0,5286936,226816,188456,2310400,2698.638,1619.183,0,0,0,0,6552,5797,1.560,1.810,1.320,1,0,479.758,0,0,18,301,0,31,0
17-03 09:19:29,8.989,19.725,69.414,0.250,0,5289048,224640,188456,2310464,2415.000,1456.191,31.960,131.836,0.999,11.985,6870,6586,1.560,1.810,1.320,1,0,557.308,0,0,18,301,0,31,0
17-03 09:19:30,9.265,22.036,67.609,0.250,0,5292992,220648,188456,2310516,4824.780,1622.617,0,448.724,0,28.045,6924,6460,1.560,1.810,1.320,1,0,579.935,0,0,18,301,0,31,0
17-03 09:19:31,6.967,12.193,69.176,9.207,0,5293624,180332,188616,2350040,2747.135,1612.449,39100.888,242.863,329.457,31.851,4832,4903,1.560,1.810,1.320,1,0,247.839,0,0,18,301,0,31,0
17-03 09:19:32,21.330,2.258,70.766,4.015,0,5310112,147156,188632,2366712,2830.625,1626.104,17124.277,1180.431,139.524,195.735,2809,2623,1.520,1.800,1.320,0,1,8.030,0,0,18,301,0,31,0
17-03 09:19:33,8.510,4.255,84.096,1.001,0,5306972,149100,188632,2367876,1084053.380,35005.989,160.183,176.201,5.006,10.011,3919,3277,1.520,1.800,1.320,1,0,26.030,0,0,18,302,0,31,0
17-03 09:19:34,3.982,1.742,92.322,0.498,0,5305752,148848,188632,2369348,1569705.438,39195.156,0,2484.473,0,28.866,3085,2912,1.520,1.800,1.320,0,0,0,0,0,18,302,0,31,0
17-03 09:19:35,3.246,1.748,93.645,0,0,5306128,147588,188632,2370232,953298.715,23294.822,0,1282.559,0,1.998,2671,2427,1.520,1.800,1.320,2,0,0,0,0,18,302,0,31,0
17-03 09:19:36,2.750,0.750,95.006,0,0,5305844,147588,188632,2370516,288937.648,8825.539,0,296.018,0,9.001,1587,1925,1.520,1.800,1.320,0,0,0,0,0,18,302,0,31,0
17-03 09:19:37,2.754,1.001,95.390,0,0,5305644,147336,188632,2370968,479712.900,13189.381,0,452.665,0,5.007,1841,1973,1.400,1.770,1.310,1,0,0,0,0,18,302,0,31,0
17-03 09:19:38,9.238,2.497,79.898,6.492,0,5317520,134376,188796,2371892,234779.911,7328.633,830.938,415.469,81.895,14.981,2362,2574,1.400,1.770,1.310,0,1,3.995,0,0,18,301,0,32,0
17-03 09:19:39,11.310,11.059,68.865,6.786,0,5339764,150944,188972,2333752,2835.012,1698.996,3816.207,23110.372,56.298,660.497,5989,7646,1.400,1.770,1.310,1,1,76.405,0,0,18,301,0,32,0
17-03 09:19:40,10.478,14.719,69.102,4.989,0,5340936,141404,189500,2341104,2890.817,1616.543,151.676,15790.228,4.989,1640.491,8715,11818,1.400,1.770,1.310,2,0,121.740,0,0,18,301,0,32,0
17-03 09:19:41,26.546,6.010,65.113,0.751,0,5341312,139888,189516,2342116,2764.783,1622.808,0,1430.475,0,105.182,3840,3649,1.400,1.770,1.310,2,0,25.043,0,0,18,301,0,32,0
17-03 09:19:42,25.376,7.215,64.932,0.746,0,5329492,151012,189556,2342660,2746.530,1612.094,3.980,1452.875,0.995,89.561,3817,3336,1.440,1.770,1.310,1,0,30.849,0,0,18,301,0,32,0
17-03 09:19:43,31.934,9.555,57.080,0.503,0,5325120,154404,189616,2343484,2371.697,1466.469,0,1911.037,0,192.109,4697,14611,1.440,1.770,1.310,1,0,62.360,0,0,18,301,0,33,0
17-03 09:19:44,24.962,5.991,67.398,0.749,0,5337736,138716,189824,2345980,2636.022,1617.559,0,1713.415,0,80.878,3292,3115,1.440,1.770,1.310,2,0,17.973,0,0,18,301,0,33,0
17-03 09:19:45,20.932,4.735,70.272,2.741,0,5334108,139024,190040,2348540,3007.225,1614.751,199.352,330.924,18.938,9.968,2470,2210,1.440,1.770,1.310,1,0,5.981,0,0,18,301,0,33,0
17-03 09:19:46,18.755,7.252,69.020,3.251,0,5382604,130180,189920,2309508,2700.774,1620.465,116.033,5469.568,29.008,103.030,4505,5977,1.440,1.770,1.310,2,0,18.005,0,0,18,301,0,33,0
17-03 09:19:47,15.504,9.252,69.767,4.501,0,5395392,133820,190104,2293296,2640.659,1620.405,432.108,0,31.008,0,3000,2681,1.490,1.780,1.320,1,0,41.010,0,0,18,301,0,32,0
17-03 09:19:48,15.535,9.021,71.412,3.508,0,5404788,131156,190108,2284248,2585.877,1623.690,188.428,5656.857,11.025,184.419,2997,2519,1.490,1.780,1.320,2,0,42.096,0,0,18,301,0,32,0
17-03 09:19:49,25.441,1.995,69.338,1.497,0,5422420,170060,189464,2229056,4082.455,1454.599,67.841,171.599,4.988,17.958,2495,2225,1.490,1.780,1.320,1,0,2.993,0,0,18,301,0,32,0
17-03 09:19:50,11.740,2.748,80.933,1.998,0,5347216,303652,189472,2170752,3014.499,1618.657,2290.100,83.930,47.960,9.992,2296,2318,1.490,1.780,1.320,0,0,15.987,0,0,18,301,0,32,0
17-03 09:19:51,3.750,1.000,93.260,0.500,0,5333884,316984,189472,2170752,2760.309,1620.181,0,536.060,0,50.006,1738,2488,1.490,1.780,1.320,2,0,0,0,0,18,301,0,32,0
17-03 09:19:52,2.251,1.501,94.547,0.750,0,5296276,354580,189476,2170760,4382.190,1620.810,4.002,2781.390,1.001,141.071,1595,2533,1.450,1.770,1.320,1,0,0,0,0,18,301,0,32,0
17-03 09:19:53,2.762,0.753,94.919,0.251,0,5291736,359120,189476,2170760,2711.965,1627.179,0,847.740,0,171.758,1497,2064,1.450,1.770,1.320,0,0,0,0,0,18,301,0,32,0
17-03 09:19:54,3.974,1.242,92.902,0,0,5291152,359696,189476,2170768,4232.776,1609.647,0,278.211,0,25.834,1641,2302,1.450,1.770,1.320,4,0,0.994,0,0,18,301,0,32,0
17-03 09:19:55,6.008,2.253,89.625,0.501,0,5292192,358496,189476,2170928,2840.948,1622.254,48.067,0,1.001,0,3071,4698,1.450,1.770,1.320,1,0,1.001,0,0,18,301,0,28,0
17-03 09:19:56,6.002,1.251,91.036,0.250,0,5290368,360312,189476,2170936,2358.945,1458.585,0,152.061,0,15.006,2076,2594,1.450,1.770,1.320,0,0,0,0,0,18,301,0,28,0
17-03 09:19:57,2.251,0.500,95.286,0,0,5288776,361900,189476,2170940,4201.566,1620.604,0,32.012,0,3.001,1231,1765,1.330,1.740,1.310,0,0,0,0,0,18,301,0,28,0
17-03 09:19:58,1.999,0.999,95.701,0,0,5287384,363292,189476,2170940,2878.532,1661.153,0,0,0,0,1263,1764,1.330,1.740,1.310,0,0,0,0,0,18,301,0,28,0
17-03 09:19:59,2.750,1.000,94.987,0.250,0,5286164,364508,189476,2170944,2759.623,1619.779,0,527.928,0,35.995,1354,1899,1.330,1.740,1.310,0,0,1.000,0,0,18,301,0,24,0
17-03 09:20:00,1.251,0.500,95.798,0,0,5285332,365340,189476,2170944,4579.271,1620.804,0,24.012,0,2.001,1151,1702,1.330,1.740,1.310,0,0,0,0,0,18,301,0,24,0
17-03 09:20:01,3.998,0.750,93.463,0.250,0,5285332,365340,189476,2170944,2938.837,1619.359,0,243.903,0,36.985,1789,2520,1.330,1.740,1.310,0,0,0,0,0,18,301,0,24,0
17-03 09:20:02,1.747,1.248,95.317,0,0,5285320,365340,189476,2170956,2666.885,1455.209,0,371.288,0,25.950,1260,1952,1.230,1.710,1.300,0,0,0,0,0,18,301,0,24,0
17-03 09:20:03,9.268,1.503,87.922,0.501,0,5285140,365340,189476,2171136,2631.138,1623.170,32.063,344.673,2.004,41.080,2767,3885,1.230,1.710,1.300,1,0,0,0,0,18,301,0,18,0
17-03 09:20:04,2.500,0.750,95.486,0,0,5283932,366548,189476,2171136,2879.580,1619.764,0,1207.824,0,196.971,1362,1826,1.230,1.710,1.300,0,0,0,0,0,18,301,0,18,0
17-03 09:20:05,2.000,1.000,95.511,0,0,5283932,366548,189476,2171136,3197.378,1620.192,0,0,0,0,1143,1661,1.230,1.710,1.300,0,0,0,0,0,18,301,0,18,0
17-03 09:20:06,2.751,1.250,94.786,0,0,5283892,366548,189476,2171176,2881.100,1620.619,4.002,88.034,1.000,9.003,1351,1863,1.230,1.710,1.300,0,0,0,0,0,18,301,0,18,0
17-03 09:20:07,2.749,0.500,95.723,0,0,5283892,366548,189476,2171176,4492.746,1619.548,0,0,0,0,1193,1690,1.130,1.680,1.290,0,0,0,0,0,18,301,0,12,0
17-03 09:20:08,2.000,1.000,94.985,0.250,0,5283892,366548,189476,2171176,2823.563,1713.735,0,151.976,0,14.998,1481,2189,1.130,1.680,1.290,0,0,0,0,0,18,301,0,12,0
17-03 09:20:09,3.500,1.000,94.506,0,0,5283892,366548,189476,2171176,2718.168,1458.090,0,96.006,0,12.001,1459,2124,1.130,1.680,1.290,0,0,1.000,0,0,18,301,0,12,0
17-03 09:20:10,2.250,0.750,95.737,0,0,5283892,366548,189476,2171176,3016.586,1619.778,0,0,0,0,1120,1634,1.130,1.680,1.290,1,0,0,0,0,18,301,0,12,0
17-03 09:20:11,3.499,1.250,93.474,0.500,0,5283892,366548,189476,2171176,2699.246,1619.548,0,295.917,0,37.989,1779,2594,1.130,1.680,1.290,0,0,0,0,0,18,301,0,2,0
17-03 09:20:12,2.001,1.000,95.543,0.750,0,5283884,366548,189476,2171184,2821.277,1620.733,0,596.270,0,42.019,1330,2068,1.120,1.670,1.290,0,0,0,0,0,18,301,0,2,0
17-03 09:20:13,1.999,1.000,94.721,0,0,5276484,373948,189476,2171184,3059.062,1619.503,0,2283.300,0,28.991,1278,1779,1.120,1.670,1.290,1,0,0,0,0,18,301,0,2,0
17-03 09:20:14,2.000,0.500,95.992,0,0,5276432,374000,189476,2171184,3119.752,1619.871,0,0,0,0,1130,1649,1.120,1.670,1.290,0,0,0,0,0,18,301,0,2,0
17-03 09:20:15,2.001,1.251,96.046,0,0,5276432,374000,189476,2171184,2958.417,1620.776,0,0,0,0,1098,1590,1.120,1.670,1.290,0,0,0,0,0,18,301,0,2,0
17-03 09:20:16,2.500,1.000,92.493,1.750,0,5278104,372236,189480,2171272,2537.807,1457.889,87.993,0,9.999,0,1437,1892,1.120,1.670,1.290,0,0,3.000,0,0,18,301,0,2,0
17-03 09:20:17,2.500,0.750,96.248,0,0,5278104,372236,189480,2171272,4319.926,1619.972,0,147.997,0,4.000,1101,1655,1.110,1.650,1.290,0,0,0,0,0,18,301,0,2,0
17-03 09:20:18,2.251,0.500,95.030,0,0,5278100,372236,189480,2171276,2580.821,1620.516,0,156.050,0,21.007,1386,2060,1.110,1.650,1.290,0,0,0,0,0,18,301,0,2,0
17-03 09:20:19,3.248,1.999,92.693,0.250,0,5278092,372236,189496,2171280,2698.337,1619.002,0,60758.555,0,180.889,1797,2333,1.110,1.650,1.290,0,0,0.999,0,0,18,301,0,2,0
17-03 09:20:20,8.504,3.752,85.042,2.001,0,5291376,358152,189504,2172072,2958.450,1620.794,832.408,848.416,54.026,180.088,1875,2035,1.110,1.650,1.290,1,0,5.002,0,0,18,301,0,2,0
17-03 09:20:21,12.263,3.253,74.077,8.759,0.250,5294688,352356,189884,2174176,5175.365,3999.146,2434.524,1149.191,517.537,36.037,3267,4237,1.110,1.650,1.290,1,0,0,0,0,18,302,0,2,0
17-03 09:20:22,20.317,3.261,73.242,1.756,0,5280804,365864,189884,2174560,9377.015,8124.873,84.279,509.686,6.020,40.133,3520,4354,1.180,1.660,1.290,1,0,5.017,0,0,18,307,0,3,0
17-03 09:20:23,15.671,3.731,78.356,0.249,0,5297236,349232,189884,2174760,11617.592,11065.368,15.920,274.619,0.995,13.930,2669,2821,1.180,1.660,1.290,0,0,0,0,0,18,308,0,3,0
17-03 09:20:24,24.093,3.765,71.777,0,0,5300452,345960,189884,2174816,4591.750,2505.686,16.062,216.838,1.004,29.113,2834,2888,1.180,1.660,1.290,1,0,5.019,0,0,18,311,0,4,0
17-03 09:20:25,16.446,3.239,78.492,0.249,0,5299016,347252,189884,2174960,15504.988,12020.452,0,247.187,0,20.931,2916,3086,1.180,1.660,1.290,1,0,4.984,0,0,18,311,0,5,0
17-03 09:20:26,13.753,3.251,80.269,0,0.250,5291768,354488,189884,2174972,12094.794,10637.457,16.004,220.051,1.000,20.005,2494,2635,1.180,1.660,1.290,1,0,5.001,0,0,18,311,0,6,0
17-03 09:20:27,15.005,3.001,81.279,0,0,5307484,338612,189884,2175132,12548.547,11265.082,0,120.043,0,8.003,2335,2424,1.330,1.680,1.300,1,0,0,0,0,18,312,0,6,0
17-03 09:20:28,17.712,4.490,76.087,0.249,0,5308900,337164,189884,2175164,12228.834,11724.912,0,263.436,0,31.932,3097,3360,1.330,1.680,1.300,3,0,6.985,0,0,18,313,0,7,0
17-03 09:20:29,66.904,8.520,22.803,1.503,0,4967700,678200,189884,2175332,23934.172,11642.839,160.370,256.591,12.028,26.060,4973,2978,1.330,1.680,1.300,3,0,23.053,0,0,18,299,0,10,0
17-03 09:20:30,61.089,17.025,12.518,10.015,0,5052920,592396,189884,2176048,2720.945,1622.352,713.034,2275.299,21.030,335.486,4642,2460,1.330,1.680,1.300,4,0,4.006,0,0,18,299,0,10,0
17-03 09:20:31,84.402,12.947,0,1.494,0,4889356,755772,189884,2176284,2569.410,1613.351,47.803,1183.124,3.984,93.614,5808,4170,1.330,1.680,1.300,5,0,9.959,0,0,18,285,0,10,0
17-03 09:20:32,90.615,8.810,0,0.755,0,5008124,636228,189884,2177204,2718.437,1631.062,950.446,487.305,49.335,19.130,5096,2745,1.700,1.750,1.330,4,1,3.020,0,0,18,285,0,10,0
17-03 09:20:33,87.014,11.002,0.750,1.000,0.250,5130576,506480,189884,2184532,2640.417,1620.256,6989.103,48.008,471.074,6.001,5762,4488,1.700,1.750,1.330,5,0,10.002,0,0,18,289,0,10,0
17-03 09:20:34,69.441,9.992,18.235,1.749,0.250,5255652,377540,189884,2188396,7625.519,5477.345,1087.076,651.446,41.964,74.936,9577,17495,1.700,1.750,1.330,4,0,1.998,0,0,18,295,0,25,0
17-03 09:20:35,38.119,1.993,57.801,0.249,0,5254140,378664,189884,2188784,134454.239,64928.049,0,2152.575,0,119.588,4310,4602,1.700,1.750,1.330,2,0,0,0,0,18,294,0,25,0
17-03 09:20:36,33.479,3.248,62.710,0.250,0,5278608,353996,189884,2188984,82466.084,37857.708,0,703.549,0,78.949,4255,4458,1.700,1.750,1.330,1,0,0,0,0,18,303,0,25,0
17-03 09:20:37,2.498,0.500,95.169,0.250,0,5278608,353996,189884,2188984,2697.699,1618.619,0,115.901,0,6.994,1224,1781,1.640,1.740,1.330,0,0,0,0,0,18,303,0,25,0
17-03 09:20:38,3.003,1.501,93.580,0.250,0,5278844,353744,189884,2189000,2582.205,1621.384,0,536.458,0,47.040,1920,3137,1.640,1.740,1.330,0,0,0,0,0,18,303,0,25,0
17-03 09:20:39,1.999,1.000,94.962,0.250,0,5278844,353744,189884,2189000,2758.883,1661.327,0,195.921,0,20.992,1492,2203,1.640,1.740,1.330,0,0,1.000,0,0,18,303,0,25,0
17-03 09:20:40,2.250,1.000,95.762,0,0,5279084,353504,189884,2189000,2777.348,1620.203,0,44.006,0,3.000,1383,2007,1.640,1.740,1.330,0,0,0,0,0,18,303,0,24,0
17-03 09:20:41,2.505,1.002,95.193,0,0,5279084,353504,189884,2189000,2525.112,1623.286,0,84.170,0,12.024,1435,2161,1.640,1.740,1.330,0,0,0,0,0,18,303,0,24,0
17-03 09:20:42,1.746,1.247,95.555,0.249,0,5279324,353264,189884,2189000,2634.617,1616.697,0,738.491,0,52.892,1293,1954,1.510,1.710,1.320,0,0,0,0,0,18,303,0,24,0
17-03 09:20:43,2.498,0.500,95.666,0,0,5279572,353016,189884,2189000,2575.735,1510.671,0,0,0,0,1237,1739,1.510,1.710,1.320,2,0,0.999,0,0,18,303,0,24,0
17-03 09:20:44,9.506,3.752,84.553,0.500,0,5273448,359128,189884,2189012,4116.565,1566.976,8.005,0,1.001,0,2578,11135,1.510,1.710,1.320,0,0,35.022,0,0,18,303,0,24,0
17-03 09:20:45,3.250,1.250,95.014,0,0,5273448,359128,189884,2189012,2897.424,1620.237,0,32.005,0,3.000,1354,1896,1.510,1.710,1.320,0,0,0,0,0,18,303,0,24,0
17-03 09:20:46,2.259,0.502,95.123,0,0,5274204,358372,189884,2189012,4096.069,1626.380,0,88.347,0,12.047,1330,1844,1.510,1.710,1.320,0,0,0,0,0,18,303,0,24,0
17-03 09:20:47,3.238,1.245,93.891,0.498,0,5274452,358120,189884,2189016,4124.252,1613.838,0,406.448,0,40.844,1627,2490,1.710,1.750,1.330,1,0,0,0,0,18,303,0,24,0
17-03 09:20:48,2.249,0.750,95.465,0,0,5274452,358120,189884,2189016,2639.032,1619.406,0,47.982,0,6.997,1271,1746,1.710,1.750,1.330,0,0,0,0,0,18,303,0,24,0
17-03 09:20:49,2.000,1.250,95.503,0,0,5274452,358120,189884,2189016,4080.122,1620.048,0,1076.032,0,114.003,1333,1812,1.710,1.750,1.330,0,0,1.000,0,0,18,303,0,24,0
17-03 09:20:50,2.502,0.500,95.060,0.500,0,5274456,358120,189884,2189016,2898.825,1621.020,0,228.144,0,18.011,1251,1775,1.710,1.750,1.330,0,0,0,0,0,18,303,0,24,0
17-03 09:20:51,3.998,1.249,92.945,0,0,5274072,358500,189884,2189020,2536.488,1457.132,0,9522.325,0,1133.325,2318,2300,1.710,1.750,1.330,4,0,0,0,0,18,303,0,24,0
17-03 09:20:52,40.174,8.537,32.642,17.325,0,5124444,507028,190028,2189896,3189.852,1866.103,871.786,253.099,90.393,14.061,4691,3681,1.650,1.740,1.330,3,0,72.314,0,0,18,299,0,26,0
17-03 09:20:53,22.916,5.231,68.997,1.245,0,4963664,667904,190028,2189940,2835.588,2112.244,55.795,1450.673,0.996,12.952,2741,2648,1.650,1.740,1.330,2,0,7.971,0,0,18,299,0,26,0
17-03 09:20:54,24.802,4.510,68.394,1.002,0,5015540,615948,190028,2190020,2825.958,1803.803,68.144,364.769,5.011,31.065,2989,2890,1.650,1.740,1.330,6,0,2.004,0,0,18,299,0,26,0
17-03 09:20:55,27.180,6.483,64.334,0.499,0,5073416,557128,190028,2190984,3035.172,1615.832,143.630,0,8.977,0,5449,8419,1.650,1.740,1.330,1,0,15.959,0,0,18,303,0,28,0
17-03 09:20:56,25.834,6.020,67.469,0.251,0,5147072,483304,190028,2191152,2855.277,1625.280,0,325.056,0,25.081,3212,2955,1.650,1.740,1.330,1,0,6.020,0,0,18,303,0,28,0
17-03 09:20:57,24.913,3.239,69.259,0.249,0,5194608,435752,190032,2191164,2690.640,1614.384,3.986,422.530,0.997,40.858,2798,2827,1.680,1.740,1.340,1,0,0,0,0,18,303,0,28,0
17-03 09:20:58,13.246,1.749,84.476,0,0,5204380,425792,190032,2191352,2431.302,1693.514,0,127.963,0,7.998,1830,1931,1.680,1.740,1.340,0,0,1.000,0,0,18,303,0,28,0
17-03 09:20:59,2.502,0.751,95.329,0.250,0,5203420,426752,190032,2191352,2868.368,1567.294,0,108.089,0,8.007,1389,1836,1.680,1.740,1.340,0,0,1.001,0,0,18,303,0,28,0
17-03 09:21:00,2.248,1.249,95.159,0,0,5198344,431828,190032,2191352,2834.301,1618.459,0,343.673,0,22.978,1288,1816,1.680,1.740,1.340,1,0,0,0,0,18,303,0,28,0
17-03 09:21:01,3.001,1.000,94.539,0.250,0,5190724,439440,190032,2191360,2821.162,1620.668,0,296.122,0,13.005,1474,2078,1.680,1.740,1.340,0,0,0,0,0,18,303,0,28,0
17-03 09:21:02,2.000,1.250,95.522,0,0,5184524,445640,190032,2191360,2940.685,1710.398,0,208.048,0,15.003,1239,1766,1.550,1.710,1.330,0,0,0,0,0,18,303,0,28,0
17-03 09:21:03,2.249,0.750,95.221,0,0,5177876,452288,190032,2191360,2699.189,1619.514,0,47.986,0,5.998,1189,1676,1.550,1.710,1.330,0,0,0,0,0,18,303,0,28,0
17-03 09:21:04,2.250,1.000,94.751,0,0,5171672,458492,190032,2191360,2846.018,1620.010,0,52.000,0,7.000,1349,1808,1.550,1.710,1.330,0,0,0,0,0,18,303,0,28,0
17-03 09:21:05,2.750,1.000,95.510,0,0,5166604,463560,190032,2191360,3015.316,1512.159,0,0,0,0,1276,1728,1.550,1.710,1.330,0,0,0,0,0,18,303,0,28,0
17-03 09:21:06,3.013,1.256,94.168,0.251,0,5162864,467256,190032,2191404,2798.424,1627.224,4.018,148.660,1.004,17.076,1516,2006,1.550,1.710,1.330,1,0,0,0,0,18,303,0,28,0
17-03 09:21:07,2.489,0.747,94.318,0.249,0,5160448,469668,190032,2191408,2673.750,1698.219,0,163.252,0,23.891,1633,2470,1.420,1.680,1.320,0,0,0,0,0,18,303,0,28,0
17-03 09:21:08,2.751,1.000,94.777,0,0,5158288,471828,190032,2191408,3004.860,1714.491,0,168.048,0,19.005,1519,2172,1.420,1.680,1.320,0,0,0,0,0,18,303,0,28,0
17-03 09:21:09,2.750,1.000,93.987,0.250,0,5156652,473464,190032,2191408,2639.649,1619.784,0,191.974,0,21.997,1537,2229,1.420,1.680,1.320,1,0,1.000,0,0,18,303,0,28,0
17-03 09:21:10,2.250,1.000,95.737,0,0,5154976,475140,190032,2191408,4456.418,1619.788,0,107.986,0,7.999,1192,1684,1.420,1.680,1.320,0,0,0,0,0,18,303,0,28,0
17-03 09:21:11,3.253,0.751,94.332,0.500,0,5153508,476608,190032,2191408,2702.344,1621.406,0,208.181,0,28.024,1511,2107,1.420,1.680,1.320,0,0,0,0,0,18,303,0,28,0
17-03 09:21:12,1.750,0.750,95.506,0.250,0,5152460,477652,190032,2191412,2792.174,1602.100,0,524.033,0,33.002,1290,1869,1.470,1.690,1.330,0,0,0,0,0,18,303,0,28,0
17-03 09:21:13,2.499,0.750,95.952,0,0,5151336,478776,190032,2191412,2518.753,1619.198,0,0,0,0,1185,1727,1.470,1.690,1.330,0,0,0,0,0,18,303,0,28,0
17-03 09:21:14,2.000,0.750,94.997,0,0,5151084,479028,190032,2191412,2685.929,1565.958,0,0,0,0,1285,1771,1.470,1.690,1.330,1,0,0,0,0,18,303,0,28,0
17-03 09:21:15,2.250,0.750,95.753,0,0,5151308,478804,190032,2191412,2957.082,1620.045,0,36.001,0,3.000,1222,1719,1.470,1.690,1.330,0,0,0,0,0,18,303,0,28,0
17-03 09:21:16,2.761,1.255,95.384,0.251,0,5151020,479088,190032,2191416,2831.408,1626.554,0,84.340,0,10.040,1316,1854,1.470,1.690,1.330,0,0,0,0,0,18,303,0,28,0
17-03 09:21:17,2.490,0.996,94.622,0.498,0,5150764,479344,190032,2191416,2928.299,1613.552,0,5338.668,0,717.134,1941,2625,1.510,1.690,1.330,0,0,0,0,0,18,303,0,28,0
17-03 09:21:18,1.999,1.000,95.468,0,0,5150760,479344,190032,2191420,2759.076,1619.458,0,55.981,0,7.997,1250,1758,1.510,1.690,1.330,1,0,0,0,0,18,303,0,28,0
17-03 09:21:19,2.250,1.250,94.492,0,0,5150760,479344,190032,2191420,2731.775,1511.876,0,87.993,0,8.999,1404,1986,1.510,1.690,1.330,0,0,1.000,0,0,18,303,0,28,0
17-03 09:21:20,2.251,1.000,95.290,0.250,0,5150760,479344,190032,2191420,3078.297,1620.683,0,2368.998,0,146.062,1410,2108,1.510,1.690,1.330,1,0,0,0,0,18,303,0,28,0
17-03 09:21:21,3.498,0.750,93.697,0.250,0,5150752,479344,190032,2191428,2758.440,1619.084,0,131.925,0,17.990,1632,2225,1.510,1.690,1.330,0,0,0,0,0,18,303,0,28,0
17-03 09:21:22,2.250,1.000,95.245,0.250,0,5150752,479344,190032,2191428,2685.857,1655.912,0,207.989,0,14.999,1298,1830,1.390,1.670,1.320,0,0,0,0,0,18,303,0,28,0
17-03 09:21:23,11.297,12.803,74.057,0,0,5162544,467540,190032,2191440,2771.491,1626.745,0,108.450,0,12.050,4988,4849,1.390,1.670,1.320,1,0,312.295,0,0,18,303,0,28,0
17-03 09:21:24,24.381,2.985,71.152,0.249,0,5216460,413612,190032,2191452,4239.248,1612.108,0,640.863,0,24.878,2488,2310,1.390,1.670,1.320,1,0,0,0,0,18,303,0,28,0
17-03 09:21:25,16.758,2.751,80.537,0,0,5216680,413372,190032,2191472,11772.425,10926.035,16.007,0,2.001,0,2462,2527,1.390,1.670,1.320,0,0,0,0,0,18,304,0,28,0
17-03 09:21:26,27.069,6.266,64.164,1.003,0,5228868,400784,190036,2191868,4657.938,3276.397,320.822,1179.022,19.049,149.383,6319,8552,1.390,1.670,1.320,4,0,4.010,0,0,18,303,0,29,0
17-03 09:21:27,44.596,7.015,45.097,2.004,0,5294120,335488,190036,2191912,2771.956,1689.631,36.078,248.534,3.006,32.069,3653,2971,1.680,1.720,1.340,2,0,27.058,0,0,18,303,0,29,0
17-03 09:21:28,35.116,3.985,59.025,0,0,5351164,278284,190044,2192064,27661.363,26091.358,111.574,139.467,4.981,7.970,3647,3268,1.680,1.720,1.340,2,0,0,0,0,18,305,0,35,0
17-03 09:21:29,17.784,14.278,66.880,0,0,5322068,307204,190044,2192240,16195.371,14812.693,16.031,144.279,1.002,6.012,5413,4637,1.680,1.720,1.340,1,0,272.528,0,0,18,303,0,35,0
17-03 09:21:30,10.977,13.471,72.844,0.748,0,5313868,315188,190044,2192456,15862.091,3342.854,183.608,147.684,4.989,11.974,4502,3780,1.680,1.720,1.340,4,0,200.571,0,0,18,303,0,37,0
17-03 09:21:31,24.010,4.252,69.778,1.250,0,5314788,314180,190048,2192540,3759.488,1620.642,72.029,3153.248,4.002,175.069,2783,2921,1.680,1.720,1.340,1,0,1.000,0,0,18,303,0,37,0
17-03 09:21:32,24.212,3.494,70.888,0,0,5362276,266684,190048,2192548,2635.830,1617.441,3.994,307.514,0.998,17.972,2309,2067,1.620,1.710,1.340,1,0,0.998,0,0,18,303,0,37,0
17-03 09:21:33,24.017,3.002,69.548,2.502,0,5377676,245684,190232,2197964,2373.634,1513.042,2417.665,0,250.172,0,2841,2742,1.620,1.710,1.340,1,0,6.004,0,0,18,303,0,35,0
17-03 09:21:34,24.508,3.501,70.774,0.500,0,5382952,238860,190272,2199472,2640.897,1620.551,644.219,676.230,63.021,10.003,2630,2511,1.620,1.710,1.340,1,0,3.001,0,0,18,303,0,35,0
17-03 09:21:35,30.492,4.249,64.233,0.500,0,5382404,239260,190276,2199616,22786.129,10663.252,15.996,331.914,1.000,14.996,3930,4474,1.620,1.710,1.340,0,1,0,0,0,18,304,0,35,0
17-03 09:21:36,26.102,4.769,66.510,0.753,0.251,5381424,240056,190276,2199804,2650.342,1626.346,0,2120.274,0,201.787,7204,10344,1.620,1.710,1.340,1,0,1.004,0,0,18,308,0,36,0
17-03 09:21:37,28.401,3.737,63.778,2.242,0,5395388,224756,190276,2201140,2750.432,1614.384,861.005,1343.327,54.809,189.341,5007,6983,1.490,1.680,1.330,3,0,0.997,0,0,18,312,0,23,0
17-03 09:21:38,29.740,3.249,63.728,1.250,0,5401412,218400,190276,2201524,11391.111,6960.624,239.918,5174.234,13.995,716.755,5585,7215,1.490,1.680,1.330,1,0,1.000,0,0,18,313,0,25,0
17-03 09:21:39,8.285,1.757,88.117,1.004,0,5400900,218772,190276,2201664,2920.177,1950.132,0,5137.422,0,324.352,2916,4209,1.490,1.680,1.330,2,0,1.004,0,0,18,315,0,26,0
17-03 09:21:40,10.952,1.493,85.124,0.498,0,5404876,214740,190276,2201720,26393.332,12434.037,15.930,724.796,0.996,83.630,2815,3699,1.490,1.680,1.330,1,0,0,0,0,18,314,0,26,0
17-03 09:21:41,17.568,2.008,79.307,0.502,0,5405012,214488,190276,2201836,26652.230,12927.069,64.249,819.173,4.016,110.428,3728,4751,1.490,1.680,1.330,0,0,0,0,0,18,313,0,27,0
17-03 09:21:42,21.693,4.488,70.813,0.997,0,5405244,213984,190276,2202108,2752.730,1615.733,15.958,1356.418,0.997,196.481,6094,8705,1.370,1.650,1.330,1,0,0,0,0,18,316,0,27,0
17-03 09:21:43,25.503,4.000,67.508,1.000,0,5405112,213984,190276,2202240,2460.290,1620.191,0,3164.373,0,259.031,6821,9512,1.370,1.650,1.330,3,0,0,0,0,18,316,0,27,0
17-03 09:21:44,29.232,6.996,60.712,1.499,0,5398628,220116,190276,2202592,5771.367,4168.376,15.990,2394.493,0.999,251.841,7252,17605,1.370,1.650,1.330,0,0,35.977,0,0,18,316,0,29,0
17-03 09:21:45,9.285,1.506,87.331,0.753,0,5398780,219864,190276,2202692,4397.670,1800.826,0,1557.905,0,122.464,2679,3558,1.370,1.650,1.330,5,0,0,0,0,18,316,0,29,0
17-03 09:21:46,13.464,1.745,82.282,0.748,0,5398608,219864,190276,2202864,28094.630,12843.003,0,1276.621,0,128.659,3196,4153,1.370,1.650,1.330,0,0,0,0,0,18,315,0,28,0
17-03 09:21:47,24.836,5.268,64.975,2.760,0,5398380,219864,190276,2203092,2607.026,1463.066,0,7586.266,0,643.227,8266,12941,1.500,1.680,1.330,1,0,0,0,0,18,316,0,29,0
17-03 09:21:48,23.646,4.978,67.205,1.245,0,5395360,222588,190276,2203388,2688.210,1612.926,0,6575.161,0,730.795,7525,10144,1.500,1.680,1.330,2,0,0.996,0,0,18,317,0,30,0
17-03 09:21:49,14.988,2.748,79.439,0.999,0,5395472,222336,190284,2203520,7133.490,4338.649,47.963,2426.126,2.998,261.798,4385,6432,1.500,1.680,1.330,0,0,0.999,0,0,18,315,0,31,0
17-03 09:21:50,14.754,3.251,78.771,1.250,0,5396136,221580,190284,2203612,7157.939,4342.176,0,1560.423,0,181.049,3906,5247,1.500,1.680,1.330,0,0,0,0,0,18,315,0,32,0
17-03 09:21:51,11.543,2.258,82.560,1.506,0,5396228,221328,190284,2203772,2830.645,1626.115,0,2593.754,0,273.027,3477,4954,1.500,1.680,1.330,1,0,0,0,0,18,315,0,33,0
17-03 09:21:52,6.759,1.252,90.875,0.501,0,5396196,221328,190284,2203824,7088.767,4346.989,0,692.955,0,67.092,2177,3194,1.460,1.660,1.330,1,0,0,0,0,18,316,0,33,0
17-03 09:21:53,24.391,2.987,69.689,0.996,0,5397444,219816,190284,2204088,21843.656,9756.521,147.343,1266.357,7.965,129.423,4788,5782,1.460,1.660,1.330,1,0,0,0,0,18,315,0,33,0
17-03 09:21:54,13.486,1.998,80.918,0.999,0,5397268,219816,190284,2204264,18550.250,9103.798,0,5402.539,0,404.591,4050,6016,1.460,1.660,1.330,1,0,0,0,0,18,316,0,31,0
17-03 09:21:55,12.549,2.761,82.575,1.255,0,5397748,219312,190288,2204284,23168.052,10692.020,0,2015.923,0,110.434,3276,4274,1.460,1.660,1.330,1,0,3.012,0,0,18,316,0,31,0
17-03 09:21:56,13.009,2.252,82.558,0.250,0,5397928,219072,190288,2204344,22290.670,10533.405,0,804.566,0,71.050,3573,4505,1.460,1.660,1.330,2,0,0,0,0,18,316,0,31,0
17-03 09:21:57,28.981,5.996,60.711,2.249,0,5402328,214320,190288,2204696,4317.193,1618.947,0,3265.876,0,362.764,9260,14628,1.510,1.670,1.340,2,0,0.999,0,0,18,316,0,31,0
17-03 09:21:58,33.714,5.494,58.188,1.249,0,5403904,212304,190288,2205152,2697.112,1660.222,135.855,2892.902,13.985,204.781,8367,11933,1.510,1.670,1.340,1,1,0,0,0,18,316,0,33,0
17-03 09:21:59,27.312,4.761,64.147,1.754,0,5404040,212052,190288,2205268,4390.034,1623.711,0,3315.578,0,384.880,7933,11952,1.510,1.670,1.340,1,0,1.002,0,0,18,316,0,33,0
17-03 09:22:00,24.697,4.740,66.606,1.247,0,5404728,211044,190288,2205588,2950.615,1616.502,0,2119.414,0,190.588,7362,10412,1.510,1.670,1.340,2,0,0,0,0,18,316,0,33,0
17-03 09:22:01,4.986,1.496,90.493,0.748,0,5405228,210540,190288,2205592,2291.492,1453.871,0,5823.461,0,332.057,2711,4395,1.510,1.670,1.340,0,0,1.994,0,0,18,318,0,33,0
17-03 09:22:02,4.996,1.249,92.185,0,0,5405432,210288,190288,2205640,2648.130,1618.857,0,15.989,0,2.998,1639,2033,1.390,1.640,1.330,0,0,0,0,0,18,318,0,33,0
17-03 09:22:03,11.514,3.004,83.851,0.751,0,5405404,210288,190288,2205668,2402.884,1621.947,0,504.606,0,77.093,3617,5058,1.390,1.640,1.330,1,0,0,0,0,18,318,0,34,0
17-03 09:22:04,26.628,4.271,64.812,1.758,0,5406104,209280,190300,2205964,2592.475,1627.833,0,2391.508,0,345.663,7675,11556,1.390,1.640,1.330,1,1,0,0,0,18,318,0,34,0
17-03 09:22:05,25.133,3.733,66.440,1.493,0.249,5407024,208272,190300,2206052,2764.097,1612.473,0,2591.901,0,240.876,7479,11080,1.390,1.640,1.330,1,0,0,0,0,18,318,0,35,0
17-03 09:22:06,20.723,4.744,72.405,1.248,0.250,5409172,205528,190300,2206648,2576.620,1757.694,271.644,6259.789,14.980,198.739,5927,8393,1.390,1.640,1.330,1,0,0,0,0,18,317,0,35,0
17-03 09:22:07,10.815,2.767,83.755,1.258,0,5410420,204268,190300,2206660,2595.643,1629.823,0,2507.110,0,245.479,3628,5475,1.600,1.680,1.340,3,0,0,0,0,18,318,0,38,0
17-03 09:22:08,9.201,1.492,86.037,0.497,0,5414972,199480,190304,2206892,7003.338,4276.005,0,1846.072,0,161.133,2877,4298,1.600,1.680,1.340,0,0,0,0,0,18,317,0,38,0
17-03 09:22:09,12.247,2.499,81.978,1.500,0,5418380,195952,190304,2207012,6968.151,4266.868,63.983,11816.865,3.999,1274.662,4240,6047,1.600,1.680,1.340,1,0,1.000,0,0,18,317,0,39,0
17-03 09:22:10,10.254,1.751,86.036,0.500,0,5418608,195700,190304,2207036,2778.178,1620.687,0,792.336,0,66.028,2426,3351,1.600,1.680,1.340,0,0,0,0,0,18,318,0,39,0
17-03 09:22:11,16.490,2.748,78.454,0.999,0,5422572,191668,190304,2207104,7085.801,4180.523,0,2530.500,0,169.899,3682,5055,1.600,1.680,1.340,0,0,0,0,0,18,317,0,42,0
17-03 09:22:12,15.008,2.501,79.292,1.001,0,5426336,187888,190304,2207120,7031.752,3973.120,0,1524.814,0,171.091,3716,5215,1.470,1.650,1.340,2,0,0,0,0,18,318,0,46,0
17-03 09:22:13,14.256,2.001,82.284,0.500,0,5426108,187888,190304,2207348,27974.635,12742.300,0,840.350,0,62.026,3004,3630,1.470,1.650,1.340,1,0,0,0,0,18,317,0,47,0
17-03 09:22:14,5.767,1.755,90.771,0.501,0,5426064,187888,190304,2207392,2786.321,1462.367,16.048,1103.295,1.003,122.365,2374,3462,1.470,1.650,1.340,1,0,0,0,0,18,318,0,47,0
17-03 09:22:15,17.687,1.993,77.227,1.246,0,5426628,187132,190304,2207584,28265.978,12831.594,0,1426.951,0,164.418,3832,5052,1.470,1.650,1.340,0,0,0,0,0,18,317,0,49,0
17-03 09:22:16,12.040,2.257,83.276,0.752,0,5428028,185620,190304,2207696,2769.188,1625.393,16.053,1633.420,1.003,179.596,3720,5365,1.470,1.650,1.340,0,0,0,0,0,18,317,0,50,0
17-03 09:22:17,16.495,2.999,77.725,1.250,0,5429700,183856,190304,2207788,2699.148,1619.489,0,1743.450,0,205.935,3964,5648,1.350,1.630,1.330,1,0,0,0,0,18,317,0,53,0
17-03 09:22:18,7.256,1.501,89.078,1.001,0,5429664,183856,190304,2207824,6905.069,4369.840,0,6838.010,0,446.392,2914,4654,1.350,1.630,1.330,2,0,0,0,0,18,318,0,53,0
17-03 09:22:19,14.941,2.988,79.186,0.996,0,5429644,183672,190304,2208028,6812.018,4349.771,0,4553.962,0,598.629,4143,5500,1.350,1.630,1.330,1,0,0.996,0,0,18,317,0,59,0
17-03 09:22:20,7.750,1.500,88.495,0.250,0,5430624,182664,190304,2208056,2896.849,1619.916,0,531.972,0,49.997,2250,2996,1.350,1.630,1.330,0,0,0,0,0,18,317,0,61,0
17-03 09:22:21,6.251,1.500,90.512,0.250,0,5430608,182664,190304,2208072,2418.317,1458.191,0,896.117,0,101.013,2082,2973,1.350,1.630,1.330,0,0,0,0,0,18,317,0,61,0
17-03 09:22:22,5.751,1.250,91.019,0.750,0,5430832,182412,190304,2208104,2965.607,1620.332,0,564.116,0,50.010,2051,2776,1.240,1.600,1.320,1,0,0,0,0,18,317,0,61,0
17-03 09:22:23,7.492,1.748,89.406,0.499,0,5430424,182804,190304,2208120,4280.499,1618.298,0,627.340,0,67.929,2420,3362,1.240,1.600,1.320,0,0,0,0,0,18,317,0,62,0
17-03 09:22:24,6.769,1.504,90.249,0.251,0,5430900,182300,190304,2208148,2707.464,1624.479,0,493.360,0,39.108,2237,3010,1.240,1.600,1.320,1,0,0,0,0,18,318,0,64,0
17-03 09:22:25,9.484,1.747,86.357,1.248,0.250,5432480,180536,190304,2208332,11897.257,6944.476,0,1269.893,0,167.722,2987,4309,1.240,1.600,1.320,0,0,0,0,0,18,317,0,65,0
17-03 09:22:26,15.993,2.249,77.717,1.000,0,5433420,179528,190304,2208400,11023.344,6039.449,0,2051.134,0,224.905,4285,6021,1.240,1.600,1.320,0,0,0,0,0,18,317,0,68,0
17-03 09:22:27,17.333,2.763,77.120,2.010,0,5433572,179276,190308,2208496,11050.982,5908.326,0,1676.035,0,232.113,4633,6490,1.140,1.570,1.310,2,0,0,0,0,18,317,0,69,0
17-03 09:22:28,16.969,2.745,77.856,0.499,0,5433716,179024,190308,2208604,22307.750,10646.314,0,1409.394,0,138.743,4068,5064,1.140,1.570,1.310,4,0,0,0,0,18,317,0,69,0
17-03 09:22:29,3.730,1.243,91.761,1.243,0,5433520,179024,190308,2208800,2685.692,1611.415,0,7050.438,0,441.647,2579,4213,1.140,1.570,1.310,1,0,0.995,0,0,18,318,0,69,0
17-03 09:22:30,14.291,2.507,80.233,1.254,0,5433884,178520,190308,2208940,7236.996,4378.704,16.047,1323.841,1.003,181.527,4007,5594,1.140,1.570,1.310,0,0,0,0,0,18,317,0,73,0
17-03 09:22:31,10.245,2.249,84.963,1.249,0,5434096,178268,190308,2208980,8826.107,4267.118,0,1019.550,0,141.937,3144,4434,1.140,1.570,1.310,0,0,0,0,0,18,317,0,62,0
17-03 09:22:32,12.002,1.750,83.016,0.500,0,5433948,178268,190308,2209128,7015.339,3831.731,0,828.158,0,109.021,3338,4539,1.050,1.540,1.310,0,0,0,0,0,18,317,0,63,0
17-03 09:22:33,8.786,2.510,87.863,0.251,0,5435612,176508,190308,2209224,2711.209,1626.725,0,333.378,0,35.145,2417,2881,1.050,1.540,1.310,2,0,6.025,0,0,18,318,0,64,0
17-03 09:22:34,13.671,1.491,82.025,0.746,0,5435580,176508,190308,2209256,26414.139,12641.840,0,1069.809,0,129.252,3245,4258,1.050,1.540,1.310,0,0,0,0,0,18,317,0,65,0
17-03 09:22:35,25.673,5.286,65.692,2.014,0,5435468,176256,190312,2209616,3218.648,1630.970,32.217,2287.385,1.007,309.079,7507,11014,1.050,1.540,1.310,3,0,1.007,0,0,18,318,0,65,0
17-03 09:22:36,25.406,4.732,65.507,1.744,0,5435676,176004,190312,2209660,2749.817,1614.023,0,4762.364,0,438.377,7912,11929,1.050,1.540,1.310,1,0,0,0,0,18,318,0,66,0
17-03 09:22:37,24.831,5.016,67.972,1.254,0,5436292,174996,190320,2210044,2889.450,1625.316,32.105,2889.450,1.003,227.745,7123,10127,0.970,1.520,1.300,1,0,0,0,0,18,318,0,66,0
17-03 09:22:38,5.475,1.493,89.593,0.995,0,5436256,174996,190324,2210076,2926.714,1654.489,0,6283.476,0,428.057,3227,5256,0.970,1.520,1.300,1,0,0,0,0,18,317,0,66,0
17-03 09:22:39,15.788,3.007,78.438,1.253,0,5436492,174508,190324,2210328,7290.460,4520.827,16.038,7121.054,1.002,936.242,4711,6099,0.970,1.520,1.300,1,0,1.002,0,0,18,318,0,64,0
17-03 09:22:40,15.676,1.493,79.872,0.746,0,5436464,174508,190324,2210356,26795.311,13134.898,15.925,2603.690,0.995,217.969,3783,4966,0.970,1.520,1.300,0,0,0,0,0,18,317,0,65,0
17-03 09:22:41,14.223,2.495,81.347,0.749,0,5436624,174256,190324,2210448,5656.367,3488.442,0,1549.088,0,129.756,3803,5109,0.970,1.520,1.300,4,0,0,0,0,18,319,0,67,0
17-03 09:22:42,4.773,1.256,92.197,0.754,0,5436548,174256,190328,2210520,4024.517,1802.742,0,1193.789,0,129.629,2299,3491,0.970,1.510,1.300,0,0,0,0,0,18,317,0,67,0
17-03 09:22:43,19.279,2.504,76.115,0.751,0,5436732,174004,190328,2210588,26469.149,12896.562,0,1518.303,0,168.255,4083,5295,0.970,1.510,1.300,3,0,0,0,0,18,317,0,67,0
17-03 09:22:44,25.289,7.261,63.848,1.252,0,5452240,158240,190328,2210672,2644.057,1622.489,0,2211.393,0,263.404,7120,20073,0.970,1.510,1.300,3,0,36.055,0,0,18,318,0,68,0
17-03 09:22:45,26.414,5.981,63.045,2.990,0,5451156,158984,190332,2211180,4322.976,1614.762,0,9010.769,0,716.675,8353,13066,0.970,1.510,1.300,2,0,0,0,0,18,318,0,68,0
17-03 09:22:46,25.576,4.263,67.450,0.752,0,5450640,159232,190332,2211448,2527.493,1624.817,0,2499.410,0,210.624,7028,10050,0.970,1.510,1.300,2,0,0,0,0,18,318,0,69,0
17-03 09:22:47,24.473,4.995,66.927,1.998,0,5449364,160376,190332,2211580,2517.251,1618.233,0,2561.203,0,265.710,7361,10656,0.970,1.500,1.300,1,0,0,0,0,18,318,0,67,0
17-03 09:22:48,26.069,4.763,63.419,3.008,0,5448012,161416,190332,2211892,2364.294,1504.004,0,4094.900,0,499.329,8581,13290,0.970,1.500,1.300,1,0,0,0,0,18,317,0,67,0
17-03 09:22:49,24.733,5.496,66.954,1.499,0,5447820,161472,190332,2212028,2458.296,1618.878,0,8090.392,0,563.609,7835,11640,0.970,1.500,1.300,1,1,0.999,0,0,18,318,0,68,0
17-03 09:22:50,24.460,4.493,67.391,1.248,0,5447748,161344,190332,2212228,2772.512,1617.382,0,1785.110,0,210.659,6878,9765,0.970,1.500,1.300,1,0,0,0,0,18,319,0,70,0
17-03 09:22:51,26.808,5.261,63.387,2.505,0,5447952,160840,190332,2212528,2705.842,1623.505,0,3431.408,0,434.939,8415,12687,0.970,1.500,1.300,3,0,0,0,0,18,318,0,67,0
17-03 09:22:52,25.145,3.734,67.966,1.245,0.249,5448092,160588,190332,2212644,2748.514,1613.258,0,2055.410,0,204.147,6934,9941,1.050,1.510,1.300,4,0,0,0,0,18,318,0,67,0
17-03 09:22:53,15.973,2.995,77.618,0.998,0,5448336,160084,190332,2212904,2575.622,1617.251,0,1800.939,0,180.693,5140,7491,1.050,1.510,1.300,0,0,0,0,0,18,317,0,68,0
17-03 09:22:54,8.255,2.001,87.053,1.001,0,5448316,160084,190332,2212924,2881.752,1620.985,0,1661.010,0,141.086,2928,4297,1.050,1.510,1.300,1,0,0,0,0,18,317,0,68,0
17-03 09:22:55,9.538,2.259,85.088,1.255,0,5448504,159832,190332,2212988,2866.392,1463.818,0,1465.826,0,155.618,2952,4278,1.050,1.510,1.300,2,0,2.008,0,0,18,318,0,69,0
17-03 09:22:56,9.711,1.494,86.157,0.996,0,5449176,159076,190332,2213072,6991.158,4338.721,0,5625.596,0,381.481,3270,5242,1.050,1.510,1.300,1,0,0,0,0,18,317,0,72,0
17-03 09:22:57,20.997,3.000,72.240,1.500,0,5449444,158572,190332,2213308,26539.232,12875.172,0,2979.577,0,191.973,4962,6663,1.130,1.520,1.300,2,0,0,0,0,18,317,0,76,0
17-03 09:22:58,13.806,1.757,82.333,0.502,0,5449440,158572,190332,2213312,22500.014,10709.320,0,975.948,0,88.357,3083,3845,1.130,1.520,1.300,1,0,0,0,0,18,317,0,76,0
17-03 09:22:59,15.697,3.986,77.237,0.997,0,5451540,156064,190332,2213720,4245.547,1614.504,0,1415.182,0,139.525,5557,8240,1.130,1.520,1.300,1,0,1.993,0,0,18,317,0,73,0
17-03 09:23:00,7.734,1.746,88.065,0.249,0,5451160,156432,190332,2213732,3010.679,1616.606,0,8474.208,0,1013.871,3174,3204,1.130,1.520,1.300,1,0,0,0,0,18,318,0,75,0
17-03 09:23:01,12.755,3.251,81.035,1.751,0,5451584,155928,190332,2213812,8642.717,4360.875,0,1864.802,0,211.091,3862,5706,1.130,1.520,1.300,0,0,0,0,0,18,317,0,78,0
17-03 09:23:02,15.842,3.017,79.459,1.006,0,5452020,155424,190332,2213880,6896.879,4219.397,0,1709.887,0,189.093,4083,5640,1.040,1.490,1.300,0,0,0,0,0,18,317,0,82,0
17-03 09:23:03,7.465,1.742,88.083,0.746,0,5451868,155424,190332,2214032,2627.568,1612.371,0,1178.424,0,109.482,2521,3460,1.040,1.490,1.300,0,0,0,0,0,18,317,0,82,0
17-03 09:23:04,8.747,1.250,87.465,0.250,0,5452060,155172,190332,2214092,4132.364,1619.359,0,1043.587,0,91.964,2544,3366,1.040,1.490,1.300,0,0,0,0,0,18,317,0,83,0
17-03 09:23:05,3.519,1.257,93.746,0.251,0,5452060,155172,190332,2214092,2912.419,1628.622,0,502.661,0,31.165,1577,2205,1.040,1.490,1.300,1,0,0,0,0,18,318,0,83,0
17-03 09:23:06,21.640,2.985,71.886,1.741,0,5452796,154168,190332,2214360,28857.901,14773.208,0,1810.832,0,238.791,4683,6310,1.040,1.490,1.300,1,0,0,0,0,18,318,0,89,0
17-03 09:23:07,20.796,4.761,69.904,2.506,0,5452768,154168,190332,2214388,4214.301,1864.114,0,7965.581,0,594.312,6949,10578,1.040,1.480,1.290,0,1,0,0,0,18,318,0,89,0
17-03 09:23:08,26.479,4.996,63.948,1.749,0,5452804,153916,190336,2214600,2360.086,1550.742,0,3301.323,0,384.688,8108,12282,1.040,1.480,1.290,2,0,0,0,0,18,318,0,86,0
17-03 09:23:09,24.599,5.020,67.270,1.506,0,5452908,153160,190336,2215252,2530.155,1626.528,16.064,1875.528,1.004,184.741,7415,10520,1.040,1.480,1.290,2,0,1.004,0,0,18,319,0,87,0
17-03 09:23:10,9.202,1.741,85.550,0.497,0,5452680,153160,190336,2215480,4399.848,1611.520,0,2037.280,0,176.073,3590,5261,1.040,1.480,1.290,0,0,0,0,0,18,317,0,87,0
17-03 09:23:11,15.753,3.001,78.515,1.500,0,5452992,152656,190336,2215672,8606.593,4362.808,0,1992.369,0,217.040,4030,5947,1.040,1.480,1.290,1,0,0,0,0,18,317,0,91,0
17-03 09:23:12,7.521,1.504,89.502,0.501,0,5452956,152656,190336,2215708,2793.878,1624.581,0,1139.212,0,90.254,2301,3191,1.110,1.490,1.300,1,0,0,0,0,18,318,0,88,0
17-03 09:23:13,15.472,2.495,79.105,0.998,0,5454892,150640,190336,2215788,17323.220,9209.106,0,1481.283,0,141.740,3630,4711,1.110,1.490,1.300,1,1,0,0,0,18,317,0,91,0
17-03 09:23:14,12.475,1.747,84.084,0.499,0,5454816,150640,190336,2215864,6055.019,3649.778,0,1213.599,0,97.806,2907,3923,1.110,1.490,1.300,1,0,0,0,0,18,318,0,95,0
17-03 09:23:15,4.003,1.251,93.576,0,0,5454816,150640,190336,2215864,3089.514,1459.187,0,676.551,0,38.031,1469,2068,1.110,1.490,1.300,0,0,0,0,0,18,318,0,96,0
17-03 09:23:16,12.567,2.011,82.692,1.759,0,5454768,150640,190336,2215912,24020.318,10898.219,0,6731.962,0,475.540,3752,5492,1.110,1.490,1.300,5,0,0,0,0,18,318,0,89,0
17-03 09:23:17,14.917,1.243,81.796,0.249,0,5454484,150640,190336,2216196,19980.978,10195.351,238.674,791.602,3.978,69.613,2922,3769,1.180,1.500,1.300,0,0,0,0,0,18,319,0,91,0
17-03 09:23:18,9.506,1.501,86.555,1.001,0,5454464,150640,190336,2216216,9762.233,4337.770,0,1048.670,0,131.084,2692,3734,1.180,1.500,1.300,2,0,0,0,0,18,318,0,92,0
17-03 09:23:19,22.588,4.518,69.020,1.506,0,5454584,150388,190336,2216348,16984.415,8331.579,0,1811.082,0,218.856,6281,8850,1.180,1.500,1.300,0,1,1.004,0,0,18,318,0,94,0
17-03 09:23:20,26.175,4.736,64.067,2.493,0,5452860,151844,190336,2216616,3179.936,1754.998,0,8890.658,0,1156.703,8156,11827,1.180,1.500,1.300,1,0,0,0,0,18,318,0,84,0
17-03 09:23:21,25.192,4.490,67.096,0.748,0,5453752,150584,190336,2216984,2865.436,1616.297,0,2925.299,0,244.440,7277,10347,1.180,1.500,1.300,2,0,0,0,0,18,318,0,85,0
17-03 09:23:22,11.505,2.251,84.538,0.750,0,5453940,150332,190336,2217048,4065.841,1458.661,0,1544.700,0,142.064,3538,5155,1.170,1.490,1.300,0,0,0,0,0,18,317,0,85,0
17-03 09:23:23,17.010,2.251,77.294,1.251,0,5453752,150332,190336,2217236,17759.143,8418.809,0,2001.143,0,190.109,4212,5660,1.170,1.490,1.300,1,0,0,0,0,18,318,0,86,0
17-03 09:23:24,11.714,2.492,82.749,1.246,0,5453960,150080,190336,2217280,7569.026,3860.283,0,1650.989,0,171.480,3969,5691,1.170,1.490,1.300,1,0,0,0,0,18,318,0,83,0
17-03 09:23:25,26.107,5.021,63.761,2.761,0,5453896,149828,190344,2217588,4716.275,1626.648,0,8125.206,0,709.901,8479,13310,1.170,1.490,1.300,1,0,0,0,0,18,318,0,83,0
17-03 09:23:26,26.592,4.516,65.977,1.003,0,5454324,149324,190344,2217664,2649.119,1625.596,0,3138.804,0,267.922,7445,10752,1.170,1.490,1.300,1,0,0,0,0,18,317,0,84,0
17-03 09:23:27,24.636,4.230,67.685,1.493,0,5454836,148568,190344,2217916,5748.286,4193.512,0,4073.071,0,272.733,6693,9728,1.080,1.470,1.290,0,0,0,0,0,18,318,0,87,0
17-03 09:23:28,8.763,2.003,87.377,1.001,0,5454996,148316,190344,2218008,3949.732,1796.607,0,1566.273,0,126.183,2577,3473,1.080,1.470,1.290,1,0,0,0,0,18,318,0,77,0
17-03 09:23:29,11.229,2.246,83.095,1.248,0,5455172,148064,190344,2218084,8341.479,4217.153,0,2215.877,0,227.577,3566,5526,1.080,1.470,1.290,0,0,0.998,0,0,18,317,0,77,0
17-03 09:23:30,15.997,3.249,77.737,1.500,0.250,5455776,147308,190344,2218236,7394.784,4384.279,0,2107.653,0,219.964,4075,5874,1.080,1.470,1.290,1,0,0,0,0,18,317,0,78,0
17-03 09:23:31,14.041,2.507,79.981,1.003,0,5456160,146804,190344,2218356,2902.384,1765.099,0,2073.991,0,238.690,3922,5672,1.080,1.470,1.290,1,0,0,0,0,18,318,0,79,0
17-03 09:23:32,8.468,4.483,83.682,1.743,0,5456456,139092,190344,2225772,8705.910,4228.927,0,11038.046,0,1022.115,3655,4562,1.070,1.460,1.290,2,0,1.992,0,0,18,318,0,74,0
17-03 09:23:33,22.881,3.269,72.162,0.503,0,5458268,137076,190344,2225976,26701.526,12950.979,0,1070.113,0,110.632,4305,5233,1.070,1.460,1.290,0,1,6.034,0,0,18,317,0,74,0
17-03 09:23:34,14.196,2.241,80.694,0.996,0,5458180,137076,190344,2226064,15618.733,8019.569,0,1219.373,0,131.501,3604,4854,1.070,1.460,1.290,0,0,0,0,0,18,318,0,74,0
17-03 09:23:35,18.482,1.998,76.424,0.749,0.250,5458152,137076,190344,2226092,38005.389,17686.497,0,1098.913,0,88.912,3671,4272,1.070,1.460,1.290,3,0,0,0,0,18,317,0,76,0
17-03 09:23:36,14.833,2.011,81.705,0.754,0,5457940,137076,190348,2226300,22130.113,10562.762,0,1174.534,0,125.699,3384,4358,1.070,1.460,1.290,2,0,0,0,0,18,318,0,72,0
17-03 09:23:37,13.934,1.742,80.618,0.995,0,5458152,136824,190348,2226340,26298.307,12816.232,0,1484.959,0,176.165,3531,4918,1.220,1.490,1.300,0,0,0,0,0,18,319,0,72,0
17-03 09:23:38,24.765,4.753,66.290,1.751,0,5457920,136824,190348,2226572,2581.576,1620.989,0,2553.559,0,286.175,7507,11034,1.220,1.490,1.300,2,0,1.001,0,0,18,320,0,72,0
17-03 09:23:39,25.959,5.491,64.397,2.246,0,5457816,136824,190348,2226676,2529.964,1757.197,0,7512.015,0,604.036,8388,12688,1.220,1.490,1.300,3,0,0.998,0,0,18,321,0,72,0
17-03 09:23:40,30.949,3.774,62.401,1.006,0,5458368,135816,190348,2227132,22808.564,10636.347,96.621,2584.608,5.032,235.513,7558,10432,1.220,1.490,1.300,2,0,0,0,0,18,320,0,68,0
17-03 09:23:41,25.922,3.739,66.798,1.495,0,5458916,134808,190356,2227584,2751.677,1615.115,0,2229.257,0,246.255,7353,10381,1.220,1.490,1.300,2,0,0,0,0,18,320,0,71,0
17-03 09:23:42,25.762,6.003,65.030,1.751,0,5458632,134808,190360,2227864,3001.398,1620.755,0,3173.478,0,403.188,7975,12128,1.210,1.480,1.300,3,0,0,0,0,18,319,0,71,0
17-03 09:23:43,25.228,4.496,67.692,0.999,0,5459704,133548,190360,2228052,2655.707,1456.742,0,2022.254,0,197.829,6814,9501,1.210,1.480,1.300,1,0,0,0,0,18,320,0,72,0
17-03 09:23:44,31.521,8.255,57.288,1.001,0,5472112,167444,189476,2186396,3001.998,1691.125,0,2493.659,0,282.188,7956,16403,1.210,1.480,1.300,5,0,36.024,0,0,19,320,0,68,0
17-03 09:23:45,7.719,1.743,87.644,1.245,0,5455144,184440,189476,2183236,9039.248,4371.227,0,7393.937,0,443.198,3190,5644,1.210,1.480,1.300,1,0,0,0,0,18,320,0,69,0
17-03 09:23:46,9.010,2.253,86.098,0.751,0,5453540,185996,189476,2183284,7218.197,4287.870,0,9747.069,0,153.174,3133,4332,1.210,1.480,1.300,0,0,0,0,0,18,319,0,69,0
17-03 09:23:47,13.992,2.998,79.954,1.499,0,5451364,187972,189476,2183484,7145.917,4280.554,0,1599.086,0,186.893,4154,5906,1.190,1.470,1.300,0,0,0,0,0,18,321,0,70,0
17-03 09:23:48,10.008,2.252,85.066,0.500,0,5449940,189340,189476,2183540,8366.489,3833.974,0,2221.723,0,136.106,3380,4645,1.190,1.470,1.300,0,0,0,0,0,18,321,0,69,0
17-03 09:23:49,10.551,2.010,84.662,1.005,0,5449908,189348,189476,2183564,5779.146,4129.110,0,1334.499,0,147.719,3273,4576,1.190,1.470,1.300,0,0,1.005,0,0,18,322,0,70,0
17-03 09:23:50,4.750,1.250,91.755,0.500,0,5449964,189096,189476,2183760,5636.324,1632.094,0,900.052,0,80.005,2060,2940,1.190,1.470,1.300,1,0,0,0,0,18,322,0,70,0
17-03 09:23:51,7.959,1.244,87.792,0.497,0,5450184,188844,189476,2183792,7063.186,3811.136,0,1074.400,0,105.450,2718,3850,1.190,1.470,1.300,0,0,0,0,0,18,321,0,70,0
17-03 09:23:52,10.525,2.005,84.453,1.253,0,5450352,188592,189476,2183876,7433.847,4294.310,0,1407.379,0,162.390,3349,4768,1.090,1.450,1.290,0,1,0,0,0,18,321,0,71,0
17-03 09:23:53,9.728,2.245,84.557,1.247,0,5450564,188340,189476,2183916,7023.983,3822.284,0,6010.295,0,411.063,3603,5544,1.090,1.450,1.290,0,0,0,0,0,18,321,0,67,0
17-03 09:23:54,11.747,2.000,83.480,1.000,0,5450416,188340,189476,2184064,7414.251,4282.990,0,1483.650,0,202.952,3618,5110,1.090,1.450,1.290,0,0,0,0,0,18,321,0,67,0
17-03 09:23:55,8.233,1.497,87.815,0.748,0,5450596,188088,189476,2184136,7281.658,3822.945,0,682.562,0,55.882,2353,3188,1.090,1.450,1.290,3,0,1.996,0,0,18,321,0,68,0
17-03 09:23:56,6.792,1.509,90.805,1.006,0,5450216,188420,189476,2184184,2803.135,1629.964,0,3324.321,0,387.368,2709,3552,1.090,1.450,1.290,1,0,2.012,0,0,18,322,0,68,0
17-03 09:23:57,11.696,1.991,82.618,0.747,0.249,5450484,187916,189476,2184420,7025.550,3652.131,0,1349.766,0,146.324,3692,5214,1.090,1.440,1.290,0,0,0,0,0,18,321,0,62,0
17-03 09:23:58,15.773,1.753,79.365,1.001,0.250,5450676,187676,189476,2184468,22034.897,10640.403,0,1113.612,0,125.181,3567,4595,1.090,1.440,1.290,3,0,0,0,0,18,322,0,62,0
17-03 09:23:59,20.342,5.023,72.328,1.507,0,5454288,183928,189476,2184604,7566.346,3889.656,0,1816.245,0,185.844,6920,10698,1.090,1.440,1.290,2,0,2.009,0,0,18,322,0,63,0
17-03 09:24:00,27.859,5.472,61.438,2.239,0,5454424,183452,189480,2184940,4460.373,1611.823,0,3677.345,0,442.754,8449,12770,1.090,1.440,1.290,1,0,0,0,0,18,322,0,64,0
17-03 09:24:01,24.613,5.274,67.309,1.256,0,5454940,182696,189480,2185180,4400.221,1627.479,0,5714.260,0,396.824,7515,10917,1.090,1.440,1.290,2,1,0,0,0,18,322,0,56,0
17-03 09:24:02,14.127,3.470,79.311,0.991,0,5455072,182444,189484,2185296,2999.940,1606.049,15.862,1891.568,0.991,199.269,4573,6693,1.080,1.430,1.290,2,0,0,0,0,18,319,0,58,0
17-03 09:24:03,13.054,3.515,79.832,1.255,0,5454868,182444,189484,2185500,2918.131,1626.763,0,2831.772,0,247.027,4196,6030,1.080,1.430,1.290,2,0,0,0,0,18,320,0,59,0
17-03 09:24:04,5.252,1.751,90.778,0.750,0,5454460,182444,189484,2185908,5985.864,1458.454,0,1560.486,0,142.044,2494,3808,1.080,1.430,1.290,0,0,0,0,0,18,319,0,60,0
17-03 09:24:05,23.789,4.507,68.113,1.753,0,5454332,182444,189484,2186036,3494.781,1622.684,0,2359.904,0,285.472,7011,10016,1.080,1.430,1.290,1,0,0,0,0,18,320,0,55,0
17-03 09:24:06,27.094,5.770,63.471,2.258,0,5449088,187384,189488,2186336,3062.666,1625.661,0,4254.817,0,451.573,8111,12511,1.080,1.430,1.290,2,0,0,0,0,18,320,0,56,0
17-03 09:24:07,23.934,5.485,65.569,1.994,0,5449920,186384,189488,2186504,3043.607,1615.545,0,6996.705,0,483.666,7829,11689,1.070,1.420,1.280,1,0,0,0,0,18,320,0,56,0
17-03 09:24:08,25.558,4.510,65.899,1.503,0,5450184,185880,189488,2186744,3062.932,1717.888,0,3034.869,0,325.737,7345,10847,1.070,1.420,1.280,2,0,0,0,0,18,320,0,56,0
17-03 09:24:09,26.232,5.246,65.456,1.499,0,5450260,185628,189492,2186916,4558.954,1618.919,0,3485.671,0,336.775,7757,11502,1.070,1.420,1.280,1,0,0.999,0,0,18,320,0,50,0
17-03 09:24:10,21.908,4.481,70.456,0.996,0,5451396,184116,189492,2187292,4669.487,1613.259,0,1712.842,0,152.363,6373,8958,1.070,1.420,1.280,0,0,0,0,0,18,320,0,50,0
17-03 09:24:11,7.246,1.499,88.706,0.750,0,5451328,184116,189492,2187360,2768.629,1457.278,0,1327.343,0,90.955,2514,3539,1.070,1.420,1.280,3,0,0,0,0,18,320,0,51,0
17-03 09:24:12,25.605,5.021,64.515,2.259,0,5451452,183892,189496,2187456,3305.583,1626.684,0,7627.341,0,589.422,7512,11860,1.070,1.420,1.280,2,0,0,0,0,18,320,0,51,0
17-03 09:24:13,25.871,4.478,66.667,0.995,0,5451960,183136,189500,2187700,3096.545,1611.954,0,2105.491,0,200.997,6877,10108,1.070,1.420,1.280,1,0,0,0,0,18,320,0,43,0
17-03 09:24:14,25.613,3.767,66.794,2.260,0,5452784,182128,189500,2187884,3039.363,1627.154,0,7215.725,0,519.283,7689,11584,1.070,1.420,1.280,2,0,0,0,0,18,320,0,44,0
17-03 09:24:15,25.276,5.506,65.568,2.002,0,5452568,182128,189500,2188100,3346.446,1621.670,0,3575.682,0,380.392,7873,11731,1.070,1.420,1.280,1,0,0,0,0,18,320,0,44,0
17-03 09:24:16,25.501,5.500,65.001,2.000,0,5453144,181372,189500,2188280,3146.066,1620.034,0,2968.062,0,324.007,7703,11577,1.070,1.420,1.280,2,0,0,0,0,18,320,0,45,0
17-03 09:24:17,24.609,4.474,67.116,0.994,0,5454624,179632,189500,2188540,2803.952,1610.781,0,2060.209,0,196.873,7197,10130,1.220,1.440,1.290,2,0,0,0,0,18,320,0,38,0
17-03 09:24:18,24.630,4.524,67.356,1.508,0,5455428,178624,189500,2188744,4240.400,1465.743,32.170,2412.745,1.005,266.407,6893,9687,1.220,1.440,1.290,3,0,0,0,0,18,320,0,38,0
17-03 09:24:19,8.955,1.990,85.567,1.741,0,5455536,178372,189500,2188888,6923.976,4330.097,0,7864.220,0,432.811,3703,5768,1.220,1.440,1.290,0,0,0.995,0,0,18,319,0,39,0
17-03 09:24:20,16.268,1.752,79.086,0.250,0,5455620,178120,189500,2189056,28390.886,12891.024,0,1525.660,0,147.160,3838,4937,1.220,1.440,1.290,0,0,0,0,0,18,319,0,39,0
17-03 09:24:21,15.507,3.502,79.287,1.751,0,5455776,177868,189500,2189152,7022.262,4354.023,0,1508.701,0,174.081,3922,5661,1.220,1.440,1.290,0,0,0,0,0,18,319,0,39,0
17-03 09:24:22,11.999,1.750,82.991,0.750,0,5456000,177616,189500,2189180,2822.678,1619.815,15.998,1323.849,1.000,148.983,3724,5200,1.120,1.420,1.280,2,0,0,0,0,18,320,0,39,0
17-03 09:24:23,15.744,2.499,78.968,1.499,0,5456284,177112,189500,2189400,9635.141,5338.862,0,1999.199,0,257.897,4468,6329,1.120,1.420,1.280,2,0,0,0,0,18,320,0,40,0
17-03 09:24:24,12.516,2.253,82.853,0.751,0,5456188,177112,189500,2189496,19514.271,9167.402,0,1385.724,0,166.207,3305,4359,1.120,1.420,1.280,2,0,0,0,0,18,319,0,40,0
17-03 09:24:25,24.999,4.000,67.247,2.000,0,5456076,177112,189500,2189608,2734.864,1457.927,0,2783.861,0,346.983,7531,11595,1.120,1.420,1.280,1,0,0,0,0,18,320,0,38,0
17-03 09:24:26,27.084,5.266,62.695,3.009,0,5456072,176860,189500,2189864,2888.997,1625.061,0,4658.507,0,532.659,8527,13480,1.120,1.420,1.280,1,0,0,0,0,18,320,0,38,0
17-03 09:24:27,25.266,4.753,66.291,1.751,0,5456456,176356,189500,2189984,2941.827,1621.007,0,12031.474,0,725.451,7860,11677,1.110,1.410,1.280,1,0,0,0,0,18,320,0,40,0
17-03 09:24:28,25.333,4.719,66.064,1.242,0,5457092,175600,189500,2190104,3053.836,1748.455,0,2125.963,0,227.498,6948,9640,1.110,1.410,1.280,3,0,0,0,0,18,320,0,41,0
17-03 09:24:29,6.030,1.759,90.200,0.754,0,5457208,175348,189500,2190240,7100.419,4236.131,0,1487.420,0,105.526,2295,3239,1.110,1.410,1.280,3,0,1.005,0,0,18,320,0,36,0
17-03 09:24:30,21.420,3.238,70.485,2.242,0,5458204,173584,189500,2191008,15761.821,8019.889,438.354,1653.791,14.944,192.278,5292,7261,1.110,1.410,1.280,0,0,0,0,0,18,320,0,36,0
17-03 09:24:31,14.322,2.010,81.156,1.005,0,5458412,173332,189500,2191052,14055.243,6479.382,0,1495.474,0,163.819,4315,6099,1.110,1.410,1.280,1,0,0,0,0,18,320,0,37,0
17-03 09:24:32,25.997,5.249,65.242,2.750,0,5458780,172828,189500,2191188,2537.679,1457.815,0,3455.562,0,428.946,8219,12703,1.100,1.400,1.280,3,0,0,0,0,18,320,0,38,0
17-03 09:24:33,24.763,5.503,65.033,2.001,0,5459584,171820,189500,2191392,2641.344,1620.825,0,7904.023,0,551.281,8185,12206,1.100,1.400,1.280,2,0,6.003,0,0,18,320,0,39,0
17-03 09:24:34,23.623,4.476,67.884,1.243,0,5459560,171568,189504,2191664,5923.075,4206.328,0,2064.870,0,232.745,6683,9482,1.100,1.400,1.280,0,0,0,0,0,18,320,0,39,0
17-03 09:24:35,14.038,2.005,81.470,0.752,0,5460200,170812,189504,2191780,24153.128,10869.309,0,1796.845,0,136.368,3222,4003,1.100,1.400,1.280,0,1,0,0,0,18,320,0,39,0
17-03 09:24:36,19.788,1.753,76.648,0.751,0,5460124,170812,189504,2191856,51197.644,23998.238,0,829.598,0,67.129,3179,3346,1.100,1.400,1.280,1,0,0,0,0,18,319,0,39,0
17-03 09:24:37,13.696,1.992,81.680,0.249,0,5460268,170560,189504,2191964,32581.414,15560.068,0,1027.975,0,110.567,3164,4075,1.180,1.410,1.280,1,0,0,0,0,18,319,0,39,0
17-03 09:24:38,20.832,2.008,74.543,0.753,0,5460196,170308,189504,2192288,35360.929,17464.616,0,895.518,0,94.371,3904,4598,1.180,1.410,1.280,2,0,0,0,0,18,320,0,37,0
17-03 09:24:39,17.931,1.743,77.951,0.498,0,5460180,170308,189504,2192304,47989.829,22231.681,0,773.033,0,86.667,3203,3570,1.180,1.410,1.280,1,0,0.996,0,0,18,320,0,37,0
17-03 09:24:40,20.581,2.761,74.544,0.753,0,5460728,169552,189508,2192508,29513.537,14619.727,0,1473.820,0,110.436,3828,4524,1.180,1.410,1.280,0,0,0,0,0,18,320,0,37,0
17-03 09:24:41,12.986,1.998,84.161,0.250,0,5460652,169552,189508,2192584,19257.576,8669.805,0,735.220,0,64.931,3137,4097,1.180,1.410,1.280,1,0,0,0,0,18,320,0,37,0
17-03 09:24:42,26.534,5.006,64.083,1.752,0,5460640,169300,189508,2192848,2763.563,1622.091,0,2539.273,0,337.435,7769,11539,1.160,1.410,1.280,1,0,1.001,0,0,18,320,0,35,0
17-03 09:24:43,25.650,4.981,65.246,1.494,0,5461852,168012,189512,2192920,4243.506,1613.728,0,12312.145,0,902.492,7911,11493,1.160,1.410,1.280,2,0,0,0,0,18,320,0,36,0
17-03 09:24:44,25.115,4.772,67.810,1.005,0,5461532,168012,189516,2193236,2893.223,1627.438,0,2965.554,0,168.771,6960,9706,1.160,1.410,1.280,1,1,0,0,0,18,320,0,36,0
17-03 09:24:45,17.695,3.988,75.515,0.498,0,5477844,151636,189516,2193300,7432.860,4392.326,0,2049.619,0,210.345,4227,12629,1.160,1.410,1.280,2,0,35.888,0,0,18,319,0,38,0
17-03 09:24:46,17.720,2.246,78.369,0.749,0,5477656,151636,189516,2193488,22549.290,10690.123,0,1273.870,0,130.781,3619,4465,1.160,1.410,1.280,2,0,0,0,0,18,319,0,35,0
17-03 09:24:47,16.500,2.000,78.498,1.250,0,5476260,153020,189516,2193500,12458.730,6035.869,0,1647.964,0,176.996,4083,5645,1.150,1.400,1.280,3,0,0,0,0,18,320,0,35,0
17-03 09:24:48,11.805,2.512,82.633,0.753,0,5474456,154700,189516,2193624,16823.956,8337.634,0,1161.381,0,110.512,3662,5044,1.150,1.400,1.280,1,0,0,0,0,18,320,0,35,0
17-03 09:24:49,25.013,5.503,64.534,2.501,0,5472988,155916,189516,2193876,2581.373,1620.862,0,7528.005,0,636.339,8298,12850,1.150,1.400,1.280,0,1,1.001,0,0,18,320,0,35,0
17-03 09:24:50,24.667,3.987,67.026,1.246,0,5472408,156444,189516,2193928,3006.937,1614.597,0,2096.982,0,198.336,6897,9898,1.150,1.400,1.280,1,0,0,0,0,18,320,0,33,0
17-03 09:24:51,25.732,4.247,65.705,1.749,0,5463316,165200,189516,2194264,2832.059,1758.795,0,2374.373,0,247.830,7194,10345,1.150,1.400,1.280,1,0,0,0,0,18,320,0,34,0
17-03 09:24:52,6.996,1.999,88.695,0.500,0,5463340,165200,189516,2194288,7120.562,4207.378,0,1379.140,0,109.931,2430,3322,1.060,1.380,1.270,1,0,0.999,0,0,18,319,0,34,0
17-03 09:24:53,16.239,1.999,79.444,1.249,0,5463284,165200,189516,2194340,26246.506,12706.047,0,1918.648,0,186.868,3809,5077,1.060,1.380,1.270,0,0,0,0,0,18,319,0,34,0
17-03 09:24:54,21.830,4.517,70.008,1.004,0,5463016,165200,189516,2194608,2840.456,1625.985,32.118,2071.626,1.004,242.894,6472,9335,1.060,1.380,1.270,1,0,0,0,0,18,320,0,33,0
17-03 09:24:55,26.177,5.235,65.068,2.742,0,5462868,165200,189516,2194756,2948.734,1615.471,0,4383.711,0,489.627,7962,12141,1.060,1.380,1.270,1,0,1.994,0,0,18,320,0,33,0
17-03 09:24:56,25.607,4.519,66.027,1.757,0,5463236,164444,189520,2195140,2771.626,1626.824,0,7499.456,0,499.093,7701,11271,1.060,1.380,1.270,2,0,0,0,0,18,320,0,34,0
17-03 09:24:57,25.465,5.492,64.411,1.997,0,5462308,164444,189520,2196068,2756.186,1617.762,0,3031.805,0,377.478,8057,12037,1.130,1.390,1.280,1,0,0,0,0,18,320,0,35,0
17-03 09:24:58,26.506,5.251,64.265,2.251,0,5462648,163952,189520,2196220,2700.638,1620.383,0,8538.017,0,649.153,8133,11697,1.130,1.390,1.280,2,0,0,0,0,18,320,0,35,0
17-03 09:24:59,26.387,6.970,64.475,0.747,0.249,5462084,163952,189520,2196784,2628.774,1613.111,0,1708.703,0,152.349,8048,12184,1.130,1.390,1.280,1,0,1.991,0,0,18,320,0,37,0
17-03 09:25:00,15.002,2.250,79.012,1.750,0,5461884,163952,189520,2196984,10355.630,4201.661,0,2552.402,0,262.041,4415,6361,1.130,1.390,1.280,1,0,0,0,0,18,319,0,38,0
17-03 09:25:01,11.250,2.000,83.997,1.000,0,5461816,163952,189520,2197052,7209.708,4299.826,0,1823.926,0,207.992,3529,5038,1.130,1.390,1.280,0,0,0,0,0,18,319,0,38,0
17-03 09:25:02,13.506,2.501,80.783,1.000,0,5462516,163196,189520,2197108,7016.871,3832.568,0,1992.815,0,174.071,3963,5528,1.040,1.360,1.270,1,0,3.001,0,0,18,319,0,33,0
17-03 09:25:03,12.313,2.262,82.922,1.256,0,5462452,163196,189520,2197172,6937.335,3850.613,0,6915.222,0,418.130,3786,5671,1.040,1.360,1.270,2,0,0,0,0,18,319,0,34,0
17-03 09:25:04,12.434,1.741,83.305,0.995,0.249,5462284,163196,189520,2197340,22169.516,10609.299,0,1281.153,0,135.277,3148,4178,1.040,1.360,1.270,0,1,0,0,0,18,320,0,34,0
17-03 09:25:05,24.859,5.273,65.538,2.009,0,5462160,163196,189520,2197464,2970.047,1627.148,0,2567.278,0,334.469,7608,11681,1.040,1.360,1.270,1,0,0,0,0,18,320,0,34,0
17-03 09:25:06,26.198,4.491,65.869,1.497,0,5462104,162944,189520,2197772,2514.982,1616.774,0,3013.987,0,309.383,7472,10920,1.040,1.360,1.270,1,0,0,0,0,18,320,0,32,0
17-03 09:25:07,24.536,4.757,67.349,1.252,0,5463008,161936,189520,2197876,2301.384,1460.147,32.047,2139.146,1.001,207.305,7506,10866,1.040,1.360,1.270,1,0,0,0,0,18,320,0,32,0
17-03 09:25:08,23.663,3.736,69.247,1.993,0,5462956,161688,189520,2198176,6993.404,4372.995,15.942,2403.204,0.996,264.034,5776,8128,1.040,1.360,1.270,0,0,0,0,0,18,319,0,34,0
17-03 09:25:09,9.531,2.007,86.534,0.502,0,5462924,161688,189520,2198208,7047.106,3937.912,0,2135.000,0,166.546,2920,4128,1.040,1.360,1.270,1,0,1.003,0,0,18,319,0,34,0
17-03 09:25:10,12.690,1.742,81.368,1.742,0,5462872,161688,189520,2198260,22260.428,10616.129,15.925,6716.448,0.995,435.952,3879,5612,1.040,1.360,1.270,3,0,0,0,0,18,320,0,33,0
17-03 09:25:11,24.310,5.263,66.413,2.005,0,5470928,153372,189520,2198520,2466.064,1623.993,0,2814.921,0,336.828,7784,11707,1.040,1.360,1.270,1,0,0,0,0,18,320,0,33,0
17-03 09:25:12,25.307,5.512,64.143,2.506,0,5470636,153372,189520,2198812,2886.446,1623.626,0,5219.656,0,524.171,8360,13058,1.030,1.350,1.270,2,0,0,0,0,18,320,0,34,0
17-03 09:25:13,25.511,4.502,67.028,1.251,0,5463664,160204,189520,2198952,5816.452,1620.683,0,6902.910,0,504.213,7158,10095,1.030,1.350,1.270,1,0,0,0,0,18,320,0,34,0
17-03 09:25:14,25.753,4.751,65.757,1.500,0,5464400,159224,189520,2199196,3198.363,1458.165,0,2636.299,0,275.031,7153,10308,1.030,1.350,1.270,1,0,0,0,0,18,319,0,33,0
17-03 09:25:15,5.479,1.743,89.151,1.494,0,5464328,159224,189520,2199268,7486.717,4360.943,0,7203.823,0,371.547,2743,4584,1.030,1.350,1.270,2,0,0,0,0,18,320,0,33,0
17-03 09:25:16,20.074,16.059,53.698,8.281,0,5476168,147144,189544,2199492,22671.757,10705.550,172.638,1923.105,18.067,157.582,6474,7335,1.030,1.350,1.270,1,0,409.513,0,0,18,319,0,33,0
17-03 09:25:17,19.006,2.251,76.772,0.750,0,5476232,146920,189544,2199668,26976.894,12880.769,0,1392.407,0,151.044,4185,5331,0.950,1.330,1.260,7,0,10.003,0,0,18,319,0,33,0
17-03 09:25:18,15.720,3.244,78.100,0.998,0,5476160,146920,189544,2199740,2814.578,1616.885,0,2151.854,0,192.629,4559,6256,0.950,1.330,1.260,4,0,0,0,0,18,319,0,35,0
17-03 09:25:19,24.411,4.733,66.756,1.495,0,5476288,146668,189544,2199864,2749.954,1614.103,0,2347.424,0,273.999,7288,10632,0.950,1.330,1.260,2,0,0.996,0,0,18,320,0,32,0
17-03 09:25:20,27.150,4.525,64.858,2.514,0,5474388,148064,189544,2200368,2913.081,1628.993,0,3624.006,0,414.287,7914,11815,0.950,1.330,1.260,2,0,0,0,0,18,320,0,33,0
17-03 09:25:21,24.713,4.244,67.650,0.999,0,5474860,147308,189544,2200652,2654.062,1455.840,0,2188.752,0,189.718,7093,10191,0.950,1.330,1.260,1,0,0,0,0,18,320,0,36,1
17-03 09:25:22,24.794,4.508,68.121,1.503,0,5476148,145796,189544,2200876,3005.326,1622.876,0,2364.190,0,234.415,6552,9195,0.960,1.320,1.260,2,0,0,0,0,18,321,0,39,0
17-03 09:25:23,27.031,5.256,62.571,2.503,0,5475848,145796,189544,2201176,3003.410,1621.842,0,7468.480,0,651.740,8512,13280,0.960,1.320,1.260,2,0,0,0,0,18,319,0,36,1
17-03 09:25:24,25.384,4.231,67.692,1.493,0,5476236,145320,189544,2201264,2936.637,1612.662,0,2870.936,0,218.008,7394,10491,0.960,1.320,1.260,2,0,0,0,0,18,320,0,37,0
17-03 09:25:25,26.000,4.000,67.499,1.000,0,5476940,144312,189544,2201568,3196.974,1619.987,0,1919.985,0,170.999,6816,9640,0.960,1.320,1.260,1,0,0,0,0,18,321,0,38,0
17-03 09:25:26,27.136,5.025,64.323,2.513,0.251,5476860,144252,189544,2201708,2773.925,1628.174,0,3979.980,0,517.598,8489,12845,0.960,1.320,1.260,1,0,0,0,0,18,320,0,38,0
17-03 09:25:27,25.352,4.722,66.114,0.994,0,5477348,143496,189544,2201976,4402.284,1610.592,0,2640.575,0,236.618,7460,10671,0.960,1.320,1.260,3,0,0,0,0,18,320,0,37,0
17-03 09:25:28,25.304,5.261,66.140,1.503,0,5477848,142740,189544,2202232,2423.126,1461.091,0,7263.366,0,515.090,8160,11950,0.960,1.320,1.260,3,0,0,0,0,18,320,0,37,0
17-03 09:25:29,25.679,5.983,62.577,3.241,0.249,5477904,142516,189544,2202400,2513.041,1615.526,0,9725.069,0,796.794,8455,12844,0.960,1.320,1.260,1,0,0.997,0,0,18,320,0,37,0
17-03 09:25:30,24.522,3.753,67.559,0.751,0,5477720,142516,189544,2202584,2779.439,1621.423,0,1901.669,0,164.144,6522,9536,0.960,1.320,1.260,1,0,0,0,0,18,320,0,39,0
17-03 09:25:31,20.251,4.000,72.502,1.750,0,5477660,142264,189544,2202896,7019.196,4351.121,0,2512.070,0,286.008,5728,8469,0.960,1.320,1.260,0,0,0,0,0,18,319,0,37,0
17-03 09:25:32,13.271,2.754,81.881,1.252,0,5477912,142012,189544,2202896,2778.448,1762.822,0,1810.899,0,171.274,3361,4784,0.880,1.290,1.250,1,0,0,0,0,18,320,0,39,0
17-03 09:25:33,6.993,2.248,88.411,0.250,0,5479456,140252,189544,2203112,6878.105,4205.784,0,1238.758,0,91.908,2336,3036,0.880,1.290,1.250,2,0,5.994,0,0,18,320,0,39,0
17-03 09:25:34,12.245,2.749,82.716,1.000,0,5479392,140252,189544,2203176,7136.033,4348.192,0,2067.141,0,208.913,3660,5362,0.880,1.290,1.250,0,0,0,0,0,18,319,0,40,0
17-03 09:25:35,20.490,3.748,71.966,1.749,0,5479148,140252,189544,2203420,26690.406,13286.730,0,6760.810,0,491.768,5058,7280,0.880,1.290,1.250,0,0,0,0,0,18,319,0,36,0
17-03 09:25:36,14.766,2.252,80.087,1.001,0,5479652,139748,189544,2203420,11366.409,6188.756,0,1421.552,0,159.174,3539,4853,0.880,1.290,1.250,1,0,0,0,0,18,320,0,36,0
17-03 09:25:37,17.755,2.251,77.521,1.250,0,5479772,139496,189544,2203552,43025.756,19589.352,0,1392.380,0,149.041,3554,4558,0.890,1.290,1.250,7,0,0,0,0,18,320,0,36,0
17-03 09:25:38,13.479,1.997,82.619,0.499,0,5479752,139496,189544,2203572,26686.757,12856.649,0,1254.015,0,119.810,3191,4231,0.890,1.290,1.250,0,0,0,0,0,18,319,0,36,0
17-03 09:25:39,16.003,2.000,78.763,1.000,0,5479552,139496,189544,2203772,26693.573,13423.299,0,1404.241,0,148.025,3652,4707,0.890,1.290,1.250,1,0,1.000,0,0,18,320,0,36,0
17-03 09:25:40,26.586,4.264,66.214,1.505,0,5479532,139496,189544,2203792,22665.309,10560.156,0,1950.308,0,226.733,6741,9328,0.890,1.290,1.250,1,0,0,0,0,18,320,0,36,0
17-03 09:25:41,26.711,4.743,64.156,1.747,0,5479168,139496,189544,2204156,2755.979,1617.640,0,4741.082,0,442.355,8169,12295,0.890,1.290,1.250,2,1,0,0,0,18,320,0,37,0
17-03 09:25:42,24.824,5.015,66.449,1.505,0,5479836,138740,189544,2204244,2665.995,1462.385,0,2383.146,0,248.746,7034,10098,0.900,1.280,1.250,7,0,0,0,0,18,320,0,37,0
17-03 09:25:43,25.500,4.750,65.750,1.750,0,5479836,138488,189544,2204496,2520.000,1620.000,0,6672.001,0,471.000,7838,11832,0.900,1.280,1.250,1,1,1.000,0,0,18,320,0,36,0
17-03 09:25:44,24.980,4.247,66.695,0.999,0,5479724,138488,189548,2204604,4316.471,1618.677,0,7565.814,0,578.527,7548,10811,0.900,1.280,1.250,1,0,0,0,0,18,320,0,36,0
17-03 09:25:45,28.147,7.971,61.775,0.996,0,5472456,219548,186936,2134864,7428.915,4334.198,0,2371.354,0,247.099,6894,14785,0.900,1.280,1.250,0,0,35.869,0,0,18,319,0,38,0
17-03 09:25:46,11.774,2.505,83.171,1.253,0,5480172,211828,186940,2134864,7224.896,4337.944,0,3964.173,0,217.448,3278,4559,0.900,1.280,1.250,1,0,0,0,0,18,319,0,38,0
17-03 09:25:47,7.775,1.003,88.538,0.752,0,5479944,211828,186944,2135088,2829.191,1667.417,0,1617.254,0,143.466,2872,4266,0.830,1.260,1.240,1,0,0,0,0,18,320,0,36,0
17-03 09:25:48,12.679,2.238,81.793,0.994,0,5480108,211576,186960,2135160,6855.728,3809.732,0,2525.899,0,239.662,4024,5828,0.830,1.260,1.240,0,0,0,0,0,18,319,0,37,0
17-03 09:25:49,16.516,2.252,78.574,1.251,0,5480544,211076,186972,2135212,22152.879,11832.152,0,1345.268,0,132.125,3599,4509,0.830,1.260,1.240,0,0,1.001,0,0,18,320,0,37,0
17-03 09:25:50,14.315,3.767,78.106,1.507,0,5482144,209312,186992,2135356,7365.528,2525.496,0,6553.833,0,457.081,5371,7954,0.830,1.260,1.240,0,1,0,0,0,18,320,0,37,0
17-03 09:25:51,26.127,4.479,66.436,1.742,0,5482224,209060,187000,2135520,2687.316,1612.390,0,2325.026,0,218.966,6863,9648,0.830,1.260,1.240,1,0,0,0,0,18,320,0,37,0
17-03 09:25:52,25.558,5.011,66.400,1.503,0,5482476,208584,187036,2135708,2826.394,1623.673,0,2325.260,0,282.639,7429,11115,0.840,1.260,1.240,2,0,0,0,0,18,320,0,39,1
17-03 09:25:53,24.553,4.259,67.897,1.002,0,5481684,209044,187048,2136044,2705.843,1623.506,0,1944.198,0,168.364,7266,10471,0.840,1.260,1.240,1,0,0,0,0,18,321,0,40,0
17-03 09:25:54,14.183,2.986,80.370,1.244,0,5481580,209044,187068,2136128,7045.656,4325.529,0,2348.884,0,245.837,4141,6093,0.840,1.260,1.240,0,0,0,0,0,18,319,0,42,0
17-03 09:25:55,15.761,2.502,78.305,1.001,0,5481504,209044,187100,2136172,25319.943,12645.962,0,1669.183,0,151.107,3746,4773,0.840,1.260,1.240,0,0,2.001,0,0,18,320,0,41,0
17-03 09:25:56,15.532,3.507,78.664,1.002,0,5481436,209044,187124,2136216,4273.903,1863.883,0,1847.849,0,213.445,4843,7040,0.840,1.260,1.240,2,0,0,0,0,18,320,0,42,0
17-03 09:25:57,27.197,5.739,62.128,3.244,0,5481304,208792,187204,2136520,2487.130,1509.045,0,9281.827,0,791.450,8829,14205,0.860,1.250,1.240,1,0,0,0,0,18,320,0,42,0
17-03 09:25:58,27.044,5.008,64.105,1.502,0,5482252,207544,187240,2136784,2750.502,1568.567,0,2804.590,0,289.474,7344,10539,0.860,1.250,1.240,2,0,0,0,0,18,319,0,43,0
17-03 09:25:59,9.967,2.990,84.470,0.748,0,5486336,203280,187248,2136956,7235.033,4330.654,0,1782.096,0,134.554,4274,6742,0.860,1.250,1.240,1,0,1.993,0,0,18,319,0,43,0
17-03 09:26:00,9.511,2.503,84.601,1.251,0,5483076,206452,187264,2137028,7545.998,4289.115,0,6547.808,0,488.583,3657,5013,0.860,1.250,1.240,0,0,0,0,0,18,319,0,39,0
17-03 09:26:01,10.990,1.998,83.671,0.500,0,5483124,206200,187292,2137204,7392.997,4279.946,0,1750.342,0,168.840,3661,4988,0.860,1.250,1.240,0,0,0,0,0,18,319,0,39,0
17-03 09:26:02,14.254,2.251,80.522,1.500,0,5483068,206200,187308,2137244,14710.001,8081.198,0,2636.717,0,222.060,3892,5469,0.870,1.250,1.240,0,0,0,0,0,18,320,0,39,0
17-03 09:26:03,6.252,1.751,89.030,1.250,0,5483000,206200,187348,2137272,7021.405,1934.663,0,5545.900,0,364.125,2675,4040,0.870,1.250,1.240,1,0,0,0,0,18,320,0,39,0
17-03 09:26:04,20.543,3.257,73.906,0.752,0,5482996,205948,187376,2137500,25616.223,12998.514,0,1439.046,0,143.303,4422,5720,0.870,1.250,1.240,0,0,0,0,0,18,320,0,38,0
17-03 09:26:05,7.268,1.504,89.215,0.501,0,5482924,205948,187376,2137572,4451.732,1798.335,0,1014.445,0,86.208,2484,3294,0.870,1.250,1.240,0,1,0,0,0,18,320,0,38,0
17-03 09:26:06,7.213,1.492,88.542,0.995,0,5482844,205948,187376,2137652,7158.969,4208.232,0,1209.742,0,119.382,2586,3730,0.870,1.250,1.240,2,0,0,0,0,18,319,0,38,0
17-03 09:26:07,15.486,3.747,76.933,1.499,0,5483000,205696,187392,2137732,10308.977,4248.282,0,1878.356,0,222.805,4428,6334,0.880,1.250,1.230,1,0,0,0,0,18,319,0,40,0
17-03 09:26:08,14.522,2.003,81.374,0.751,0,5482988,205696,187392,2137744,23214.320,10530.021,0,1273.938,0,125.190,3096,3926,0.880,1.250,1.230,1,0,0,0,0,18,320,0,38,0
17-03 09:26:09,11.243,1.499,85.945,0.250,0,5483060,205448,187392,2137920,21957.870,10881.997,0,799.486,0,58.962,2352,2875,0.880,1.250,1.230,0,0,0.999,0,0,18,320,0,38,0
17-03 09:26:10,7.750,1.250,88.995,0.250,0,5483036,205448,187392,2137944,16614.042,8461.512,15.999,735.958,1.000,50.997,2014,2516,0.880,1.250,1.230,0,0,0,0,0,18,321,0,38,0
17-03 09:26:11,12.005,1.751,84.783,0.250,0,5483004,205448,187392,2137976,19731.612,10693.125,0,500.193,0,69.027,2613,3410,0.880,1.250,1.230,1,0,0,0,0,18,320,0,38,0
17-03 09:26:12,12.991,1.999,82.692,0.999,0,5483220,205196,187392,2138012,16294.644,7115.041,0,1630.863,0,126.912,3042,4047,0.810,1.220,1.230,1,0,0,0,0,18,321,0,35,0
17-03 09:26:13,14.060,1.506,82.352,1.004,0,5483164,205196,187392,2138068,35551.790,16692.268,0,1229.248,0,120.515,3163,4011,0.810,1.220,1.230,1,0,0,0,0,18,320,0,36,0
17-03 09:26:14,25.254,5.751,65.010,1.500,0,5483148,204944,187404,2138324,2926.441,1566.236,0,2652.400,0,317.048,7815,11665,0.810,1.220,1.230,1,0,0,0,0,18,320,0,39,0
17-03 09:26:15,22.964,4.743,66.894,2.746,0,5483160,204720,187428,2138512,7144.705,4338.142,0,12624.043,0,1008.406,7478,11044,0.810,1.220,1.230,1,0,0,0,0,18,319,0,43,0
17-03 09:26:16,9.513,1.752,87.115,0.501,0,5482968,204720,187428,2138704,2583.401,1622.135,32.042,1153.518,1.001,111.146,2942,3999,0.810,1.220,1.230,4,0,0,0,0,18,320,0,42,0
17-03 09:26:17,22.693,2.244,71.819,1.746,0,5483100,204468,187428,2138824,26482.354,12844.675,0,1871.291,0,208.475,4856,6409,1.060,1.270,1.240,0,0,0,0,0,18,319,0,43,0
17-03 09:26:18,15.812,4.016,77.555,1.004,0,5483080,204468,187428,2138844,2562.076,1517.970,0,1734.823,0,186.734,5030,7232,1.060,1.270,1.240,1,0,0,0,0,18,320,0,43,0
17-03 09:26:19,27.766,2.752,66.288,1.001,0,5482652,204468,187428,2139272,2701.561,1620.936,0,2465.424,0,228.132,6476,8788,1.060,1.270,1.240,1,0,1.001,0,0,18,320,0,44,0
17-03 09:26:20,24.597,4.721,67.083,1.491,0,5483592,203460,187436,2139332,3057.976,1609.984,0,2468.643,0,218.640,7148,10300,1.060,1.270,1.240,2,0,0,0,0,18,320,0,42,0
17-03 09:26:21,17.006,3.251,75.777,2.001,0,5483528,203208,187464,2139620,7141.568,4348.564,0,6654.393,0,501.180,5204,8113,1.060,1.270,1.240,0,0,0,0,0,18,319,0,43,0
17-03 09:26:22,11.500,2.750,82.752,1.000,0,5483468,203208,187488,2139656,2686.076,1566.044,16.000,2272.064,1.000,188.005,3781,5398,0.980,1.250,1.240,0,0,0,0,0,18,320,0,43,0
17-03 09:26:23,17.238,2.248,76.947,1.499,0,5483412,202956,187500,2139952,17703.785,8424.188,0,2766.091,0,236.837,4475,6305,0.980,1.250,1.240,1,0,0,0,0,18,320,0,44,0
17-03 09:26:24,15.773,3.505,77.864,1.252,0,5483652,202704,187504,2139960,11443.752,6216.099,0,1514.217,0,167.245,4075,5494,0.980,1.250,1.240,1,0,0,0,0,18,320,0,37,0
17-03 09:26:25,7.009,1.502,89.614,0.751,0,5483516,202704,187516,2140084,6882.754,4103.219,0,1213.544,0,106.135,2404,3442,0.980,1.250,1.240,1,0,0,0,0,18,320,0,37,0
17-03 09:26:26,18.539,2.255,76.913,1.002,0,5483552,202452,187532,2140284,26545.429,12904.432,0,1655.519,0,179.381,4186,5465,0.980,1.250,1.240,1,0,0,0,0,18,319,0,37,0
17-03 09:26:27,21.253,4.001,71.260,1.750,0,5483404,202452,187548,2140416,2640.382,1620.234,0,2544.368,0,325.047,6619,10016,0.900,1.230,1.230,1,0,0,0,0,18,320,0,38,0
17-03 09:26:28,25.696,4.990,63.617,2.994,0.249,5483984,201696,187596,2140544,2634.488,1616.618,0,9376.383,0,762.405,8636,13852,0.900,1.230,1.230,1,0,0,0,0,18,320,0,37,0
17-03 09:26:29,25.314,4.762,66.417,1.504,0,5485000,200436,187628,2140756,2766.967,1624.089,0,2807.068,0,271.684,7473,10953,0.900,1.230,1.230,1,0,1.003,0,0,18,320,0,39,0
17-03 09:26:30,26.092,4.721,66.347,0.994,0,5486040,199204,187632,2140944,2865.601,1556.549,0,6273.908,0,495.989,7271,10327,0.900,1.230,1.230,1,0,0,0,0,18,321,0,40,0
17-03 09:26:31,15.287,3.258,77.940,1.253,0.251,5485772,199204,187652,2141192,8720.287,4361.647,0,2265.530,0,244.597,4678,6705,0.900,1.230,1.230,1,0,0,0,0,18,319,0,41,0
17-03 09:26:32,11.990,2.248,82.684,0.999,0,5485568,199204,187684,2141364,2757.799,1618.708,0,2282.178,0,222.822,3868,5558,0.830,1.210,1.220,0,0,0,0,0,18,320,0,38,0
17-03 09:26:33,16.752,3.250,77.259,1.750,0,5486724,197944,187700,2141452,17509.929,8322.917,0,2592.286,0,248.027,4369,6024,0.830,1.210,1.220,1,0,6.001,0,0,18,320,0,38,0
17-03 09:26:34,14.753,2.250,79.515,0.750,0,5487040,197440,187708,2141632,11295.142,6068.151,0,1616.306,0,153.029,3650,4929,0.830,1.210,1.220,1,0,0,0,0,18,319,0,40,0
17-03 09:26:35,11.801,1.758,83.614,1.004,0,5486820,197440,187712,2141848,26988.524,13455.593,0,4941.518,0,319.391,3057,4338,0.830,1.210,1.220,2,0,0,0,0,18,320,0,40,0
17-03 09:26:36,18.168,2.489,77.150,1.244,0,5486632,197440,187716,2142032,24691.945,12579.911,0,1560.916,0,161.268,4127,5559,0.830,1.210,1.220,0,0,0,0,0,18,320,0,36,0
17-03 09:26:37,18.819,3.764,73.267,1.255,0,5486496,197440,187724,2142160,4461.281,1866.813,0,1963.164,0,227.831,6417,9437,0.760,1.190,1.220,2,1,0,0,0,18,320,0,36,0
17-03 09:26:38,25.974,5.994,63.437,2.997,0,5486224,197440,187748,2142408,2757.246,1618.384,0,4167.838,0,476.524,8311,12848,0.760,1.190,1.220,2,0,0,0,0,18,320,0,36,0
17-03 09:26:39,25.192,4.490,65.350,1.995,0,5487176,196180,187776,2142688,2721.746,1454.657,0,3272.480,0,330.241,7408,11095,0.760,1.190,1.220,1,0,0.998,0,0,18,320,0,36,0
17-03 09:26:40,25.297,4.508,67.626,1.252,0,5488708,194416,187780,2142916,3082.747,1623.026,0,2015.758,0,174.325,6869,9930,0.760,1.190,1.220,1,0,0,0,0,18,320,0,36,0
17-03 09:26:41,17.957,3.492,74.821,1.496,0,5488388,194416,187824,2143192,7121.971,4340.622,0,6676.038,0,514.769,5614,8804,0.760,1.190,1.220,1,0,0,0,0,18,319,0,37,0
17-03 09:26:42,12.748,2.250,81.985,1.000,0,5488388,194416,187832,2143184,2819.486,1619.705,0,2139.610,0,202.963,4024,5746,0.700,1.170,1.210,0,0,0,0,0,18,320,0,38,0
17-03 09:26:43,15.775,2.003,79.626,1.252,0,5488188,194416,187864,2143352,14205.447,6207.809,0,2343.703,0,224.355,4058,5787,0.700,1.170,1.210,2,0,0,0,0,18,320,0,38,0
17-03 09:26:44,13.264,2.503,81.586,1.001,0,5488396,194164,187880,2143380,16643.585,8307.778,0,1473.557,0,147.155,3441,4587,0.700,1.170,1.210,3,0,0,0,0,18,318,0,40,0
17-03 09:26:45,15.255,3.751,79.026,0.250,0,5506792,175544,187888,2143360,7218.388,4352.440,0,1336.442,0,115.038,3866,12140,0.700,1.170,1.210,0,0,36.012,0,0,18,319,0,39,0
17-03 09:26:46,19.983,2.498,74.438,0.999,0.250,5505928,176288,187912,2143676,26552.046,12908.327,0,6214.861,0,546.548,4422,5488,0.700,1.170,1.210,1,0,0,0,0,18,319,0,39,0
17-03 09:26:47,17.798,3.008,76.958,1.253,0,5504004,177984,187920,2143896,2509.775,1461.947,16.043,1620.374,1.003,188.509,5470,7852,0.640,1.150,1.200,2,0,0,0,0,18,321,0,39,0
17-03 09:26:48,26.744,4.749,63.736,2.000,0,5502620,179216,187924,2144044,2579.417,1661.624,0,3827.134,0,411.907,7645,11434,0.640,1.150,1.200,1,0,1.000,0,0,18,320,0,39,0
17-03 09:26:49,25.734,4.497,65.209,2.249,0,5501692,180012,187940,2144160,2638.334,1618.978,0,7447.298,0,601.620,8192,12594,0.640,1.150,1.200,2,0,0.999,0,0,18,320,0,36,0
17-03 09:26:50,19.430,4.484,72.738,1.495,0,5500728,180652,187948,2144476,7190.127,4327.428,15.943,3459.551,0.996,302.910,5870,8470,0.640,1.150,1.200,0,0,0,0,0,18,319,0,37,0
17-03 09:26:51,13.569,2.513,80.912,1.005,0,5500728,180652,187952,2144472,2788.201,1769.010,0,1861.481,0,178.911,3776,5390,0.640,1.150,1.200,1,0,0,0,0,18,320,0,39,0
17-03 09:26:52,10.728,1.497,86.572,0.499,0,5500488,180652,187956,2144708,16377.389,8853.829,0,1225.485,0,81.832,2527,3167,0.590,1.130,1.190,1,0,0,0,0,18,320,0,39,0
17-03 09:26:53,13.955,2.243,80.739,0.997,0,5500440,180652,187960,2144752,26182.326,12674.012,0,1782.236,0,171.446,3638,4941,0.590,1.130,1.190,0,0,0,0,0,18,319,0,36,0
17-03 09:26:54,16.002,1.750,79.011,0.750,0,5500368,180652,187968,2144816,26672.714,12878.793,0,1400.195,0,147.020,3763,4827,0.590,1.130,1.190,0,0,0,0,0,18,319,0,36,0
17-03 09:26:55,19.842,4.521,73.841,1.758,0,5500588,180400,187980,2144836,2970.700,1627.506,0,2041.414,0,240.107,5842,8374,0.590,1.130,1.190,2,0,2.009,0,0,18,320,0,36,0
17-03 09:26:56,24.646,4.730,66.719,1.494,0,5500752,179896,187992,2145180,5676.134,1613.217,0,7858.957,0,544.710,7093,10383,0.590,1.130,1.190,5,0,0,0,0,18,320,0,37,0
17-03 09:26:57,10.247,1.749,84.973,1.000,0,5501052,179392,188008,2145368,6776.814,4349.597,0,1671.461,0,182.941,3375,5075,0.620,1.130,1.190,0,0,0,0,0,18,319,0,36,0
17-03 09:26:58,16.763,2.502,78.062,1.001,0,5500984,179392,188016,2145428,26390.006,12887.258,0,1925.533,0,196.156,3826,5203,0.620,1.130,1.190,1,0,0,0,0,18,319,0,36,0
17-03 09:26:59,19.073,3.764,74.284,1.255,0,5501408,178900,188028,2145484,2589.895,1626.213,0,1734.628,0,196.752,5622,7892,0.620,1.130,1.190,4,0,1.004,0,0,18,320,0,36,0
17-03 09:27:00,26.766,6.754,62.537,1.501,0,5495572,184348,188040,2145860,2556.499,1458.855,0,3582.100,0,341.200,8817,13483,0.620,1.130,1.190,3,0,1.001,0,0,18,320,0,36,0
17-03 09:27:01,16.250,3.250,78.248,1.250,0,5496064,183592,188064,2146100,6958.794,4340.871,0,7679.773,0,567.983,4648,6229,0.620,1.130,1.190,1,0,0,0,0,18,319,0,37,0
17-03 09:27:02,18.402,3.481,74.852,0.995,0,5495936,183592,188072,2146220,7041.577,4317.057,0,2259.989,0,235.747,4878,7015,0.650,1.120,1.190,0,0,0,0,0,18,319,0,38,0
17-03 09:27:03,13.253,2.251,82.520,1.250,0,5495932,183592,188084,2146212,13930.423,6059.489,0,1848.454,0,167.041,3340,4491,0.650,1.120,1.190,1,0,0,0,0,18,319,1,39,0
17-03 09:27:04,12.746,1.999,81.972,1.000,0,5495892,183340,188096,2146492,19768.213,10472.405,0,6501.768,0,327.887,3455,4840,0.650,1.120,1.190,1,0,0,0,0,18,320,0,39,0
17-03 09:27:05,11.999,2.000,83.746,0.750,0,5496368,182836,188116,2146500,25287.745,10839.462,0,1183.941,0,107.995,2958,3907,0.650,1.120,1.190,1,0,0,0,0,18,320,0,38,0
17-03 09:27:06,26.127,5.276,65.318,1.759,0,5496396,182584,188136,2146704,2652.904,1627.918,0,2632.806,0,310.510,7710,11140,0.650,1.120,1.190,1,0,0,0,0,18,320,0,39,0
17-03 09:27:07,25.984,5.497,65.460,1.499,0,5496688,182080,188160,2146892,3975.554,1457.103,0,3409.902,0,348.785,7872,11542,0.680,1.120,1.190,1,0,0,0,0,18,320,0,39,0
17-03 09:27:08,25.425,4.487,65.806,1.745,0,5497368,181072,188160,2147220,2512.575,1615.227,0,2668.115,0,270.201,7552,10922,0.680,1.120,1.190,1,0,0,0,0,18,320,0,40,0
17-03 09:27:09,9.741,2.498,84.169,1.499,0.250,5497748,180600,188160,2147312,7076.200,4435.737,0,3176.947,0,269.741,3673,5679,0.680,1.120,1.190,0,0,0.999,0,0,18,319,0,40,0
17-03 09:27:10,15.488,2.998,78.440,0.999,0,5497648,180600,188160,2147412,7340.409,4341.693,0,1998.478,0,213.837,4136,5721,0.680,1.120,1.190,0,0,0,0,0,18,319,0,41,0
17-03 09:27:11,14.248,3.249,78.488,2.000,0,5497900,180348,188164,2147408,5834.093,4170.352,0,7290.866,0,515.920,4245,6440,0.680,1.120,1.190,0,0,0,0,0,18,320,0,43,0
17-03 09:27:12,9.780,2.006,87.268,0.752,0,5496876,181120,188168,2147656,4377.458,1799.532,0,906.788,0,74.228,2410,3249,0.630,1.100,1.180,2,0,0,0,0,18,319,0,43,1
17-03 09:27:13,25.689,3.242,68.837,0,0,5503852,173944,188168,2147856,2813.329,1616.168,0,945.757,0,27.934,3960,3954,0.630,1.100,1.180,2,0,0,0,0,18,320,0,43,0
17-03 09:27:14,23.747,2.750,70.991,1.000,0,5505504,171928,188172,2148216,25096.929,12473.474,0,1191.854,0,129.984,4339,5017,0.630,1.100,1.180,0,0,0,0,0,18,320,0,46,0
17-03 09:27:15,13.016,2.002,81.851,0.501,0,5505432,171928,188192,2148268,17673.768,8300.223,0,1289.588,0,137.169,3307,4464,0.630,1.100,1.180,1,0,0,0,0,18,320,0,46,0
17-03 09:27:16,14.295,2.759,82.005,0.752,0,5505652,171676,188196,2148296,18354.148,8825.479,0,1356.223,0,135.422,3355,4218,0.630,1.100,1.180,1,0,0,0,0,18,320,0,46,0
17-03 09:27:17,14.004,1.250,82.274,1.000,0,5505544,171676,188204,2148396,23839.847,10529.024,0,1228.353,0,116.033,3417,4621,0.660,1.100,1.180,1,0,0,0,0,18,320,0,37,0
17-03 09:27:18,26.421,4.736,64.805,1.496,0,5505764,171172,188208,2148676,2632.099,1615.152,0,2755.728,0,308.075,7502,10879,0.660,1.100,1.180,1,0,0,0,0,18,320,0,37,0
17-03 09:27:19,19.452,3.990,73.071,1.247,0,5505960,170920,188208,2148732,7121.592,4335.402,0,2529.816,0,274.329,5452,8033,0.660,1.100,1.180,0,0,0.998,0,0,18,319,0,39,0
17-03 09:27:20,13.543,2.006,83.515,0.502,0,5505996,170668,188212,2148944,2906.207,1625.149,0,1605.085,0,89.283,3337,4403,0.660,1.100,1.180,1,0,0,0,0,18,322,0,40,0
17-03 09:27:21,25.834,3.511,68.221,1.003,0,5507016,169408,188212,2149184,2425.849,1462.733,128.416,1757.687,7.023,152.493,6673,9092,0.660,1.100,1.180,1,0,1.003,0,0,18,321,0,56,0
17-03 09:27:22,24.673,3.738,67.788,0.997,0,5508128,168188,188216,2149288,2873.029,1614.957,47.851,10933.858,2.991,690.843,6252,8520,0.690,1.100,1.180,1,0,0.997,0,0,18,325,0,63,0
17-03 09:27:23,26.779,3.504,66.571,1.251,0,5509420,166424,188216,2149760,2642.837,1621.741,0,2322.493,0,169.182,6688,8737,0.690,1.100,1.180,2,0,1.001,0,0,18,323,0,79,0
17-03 09:27:24,22.903,2.987,71.449,0.747,0,5509812,165920,188224,2149864,28108.505,12822.943,0,1688.880,0,155.345,4866,6232,0.690,1.100,1.180,1,0,0,0,0,18,322,0,81,0
17-03 09:27:25,15.813,3.765,78.311,1.004,0,5510104,165416,188232,2150068,3029.019,1626.454,4.016,1658.581,1.004,158.629,4585,6565,0.690,1.100,1.180,1,0,0,0,0,18,323,0,81,0
17-03 09:27:26,25.303,4.510,66.891,1.503,0,5510500,164912,188236,2150172,4383.248,1623.425,0,3419.214,0,308.651,7208,10448,0.690,1.100,1.180,1,0,0,0,0,18,323,0,80,0
17-03 09:27:27,12.672,2.982,80.751,1.739,0,5510480,164660,188252,2150428,7035.562,4327.283,0,3152.536,0,304.122,4101,6317,0.870,1.130,1.190,1,0,0,0,0,18,322,0,81,0
17-03 09:27:28,8.755,1.751,86.795,0.750,0,5510436,164660,188260,2150464,6751.532,4130.160,0,1816.950,0,179.094,3030,4378,0.870,1.130,1.190,0,0,0,0,0,18,322,0,81,0
17-03 09:27:29,8.760,1.502,86.846,0.751,0,5510632,164408,188264,2150516,6977.732,4295.760,0,1874.077,0,198.220,2909,4131,0.870,1.130,1.190,0,0,1.001,0,0,18,322,0,81,0
17-03 09:27:30,9.988,2.497,84.644,1.498,0,5510604,164408,188276,2150532,7277.897,4284.641,0,6655.676,0,364.544,3488,5260,0.870,1.130,1.190,0,0,0.999,0,0,18,322,0,78,0
17-03 09:27:31,10.545,2.009,86.116,0.251,0,5511004,163904,188276,2150636,2711.517,1626.910,0,811.446,0,54.230,2819,3417,0.870,1.130,1.190,1,0,0,0,0,18,323,0,78,0
17-03 09:27:32,16.201,2.991,78.763,0.249,0,5512776,161888,188276,2150880,8368.810,3819.504,0,1072.771,0,87.736,3431,4269,0.880,1.130,1.190,0,0,0,0,0,18,322,0,79,0
17-03 09:27:33,7.992,1.998,86.912,0.999,0,5514264,160376,188280,2150900,6767.110,3827.104,0,1246.731,0,125.872,2667,3723,0.880,1.130,1.190,0,0,5.994,0,0,18,322,0,80,0
17-03 09:27:34,8.493,1.998,87.428,0.999,0,5514208,160376,188288,2150948,8225.193,3665.966,0,1386.852,0,110.908,2675,3644,0.880,1.130,1.190,0,0,0,0,0,18,322,0,78,0
17-03 09:27:35,18.328,1.506,78.333,0,0,5514032,160376,188292,2151120,22831.151,10852.178,0,867.692,0,68.291,2857,3110,0.880,1.130,1.190,1,0,0,0,0,18,323,0,78,0
17-03 09:27:36,12.009,2.001,83.311,1.501,0,5513968,160376,188312,2151164,26432.276,12746.295,0,1441.051,0,161.117,3172,4123,0.880,1.130,1.190,2,0,0,0,0,18,323,0,78,0
17-03 09:27:37,26.514,3.752,66.035,1.501,0,5513852,160376,188332,2151260,2761.448,1620.850,0,2497.309,0,317.166,6385,9357,0.890,1.120,1.190,3,0,0,0,0,18,323,0,78,0
17-03 09:27:38,25.413,4.734,67.271,1.246,0,5514756,159368,188348,2151348,2810.417,1614.495,0,2104.823,0,168.426,6384,8637,0.890,1.120,1.190,1,0,0,0,0,18,323,0,77,0
17-03 09:27:39,12.752,2.750,80.263,1.750,0,5514468,159368,188364,2151620,7164.133,4497.711,0,7021.110,0,534.084,4648,7303,0.890,1.120,1.190,1,0,1.000,0,0,18,323,0,78,0
17-03 09:27:40,16.983,2.248,78.671,0.999,0,5514280,159368,188364,2151808,26827.002,13187.728,0,1610.379,0,184.814,3747,5124,0.890,1.120,1.190,1,0,0,0,0,18,322,0,79,0
17-03 09:27:41,9.008,2.002,86.825,0.751,0,5514784,158864,188364,2151808,6677.756,3672.165,0,1337.153,0,120.104,2804,3926,0.890,1.120,1.190,1,0,0,0,0,18,322,0,80,0
17-03 09:27:42,12.534,1.504,83.730,0.752,0,5509492,164044,188376,2151908,12595.534,6215.040,0,6698.365,0,483.325,3175,4109,0.820,1.110,1.180,1,0,0,0,0,18,323,0,80,0
17-03 09:27:43,13.769,2.253,82.363,0.250,0,5509736,163792,188376,2151916,16648.767,8310.364,0,1097.501,0,95.130,3697,4934,0.820,1.110,1.180,1,0,0,0,0,18,324,0,80,0
17-03 09:27:44,25.620,2.985,66.413,2.239,0,5403692,269540,188428,2152176,2746.077,1611.828,51.738,2889.350,6.965,261.673,5735,7952,0.820,1.110,1.180,3,0,0,0,0,18,322,0,81,0
17-03 09:27:45,16.574,6.529,75.086,1.507,0,5352524,321000,188464,2154476,10262.930,260019.670,152.683,1317.898,18.081,76.342,2989,5081,0.820,1.110,1.180,2,0,48.216,0,0,18,322,0,81,0
17-03 09:27:46,4.750,1.750,91.492,0,0,5333292,340076,188464,2152020,2759.764,1619.861,0,823.929,0,51.996,2102,3877,0.820,1.110,1.180,1,0,2.000,0,0,18,322,0,78,0
17-03 09:27:47,2.751,1.251,94.292,0.750,0,5333284,340076,188472,2152020,2359.045,1458.646,0,2985.322,0,187.083,1938,3201,0.750,1.090,1.170,0,0,0,0,0,18,322,0,78,0
17-03 09:27:48,2.000,0.750,95.726,0.250,0,5333284,340076,188472,2152020,2519.380,1619.601,0,175.957,0,11.997,1169,1752,0.750,1.090,1.170,0,0,0,0,0,18,322,0,78,0
17-03 09:27:49,2.495,0.749,94.576,0,0,5333284,340076,188472,2152020,2515.374,1617.026,0,255.530,0,24.954,1503,2164,0.750,1.090,1.170,0,0,0.998,0,0,18,322,0,78,0
17-03 09:27:50,2.494,0.748,95.760,0,0,5333280,340076,188472,2152024,2889.765,1615.954,0,95.760,0,12.968,1270,1774,0.750,1.090,1.170,0,0,0,0,0,18,322,0,77,0
17-03 09:27:51,2.999,1.499,93.955,0.500,0,5333280,340076,188476,2152020,2698.716,1619.229,0,139.933,0,17.991,1575,2226,0.750,1.090,1.170,0,0,0,0,0,18,322,0,77,0
17-03 09:27:52,2.251,0.750,96.038,0,0,5333268,340076,188476,2152032,2881.144,1620.644,0,176.070,0,11.004,1219,1756,0.690,1.070,1.170,0,0,0,0,0,18,322,0,77,0
17-03 09:27:53,3.003,1.501,94.341,0.250,0,5333268,340076,188476,2152032,2762.652,1621.556,0,1417.360,0,262.252,1727,2557,0.690,1.070,1.170,0,0,0,0,0,18,322,0,77,0
17-03 09:27:54,2.996,0.999,93.618,0.499,0.250,5333256,340076,188480,2152040,2788.075,1509.875,0,523.263,0,53.924,1633,2358,0.690,1.070,1.170,0,0,0,0,0,18,322,0,75,0
17-03 09:27:55,2.499,0.999,95.197,0.250,0,5333252,340076,188484,2152040,3001.340,1565.135,0,175.903,0,10.994,1258,1737,0.690,1.070,1.170,1,0,1.999,0,0,18,322,0,75,0
17-03 09:27:56,2.755,1.002,95.184,0,0,5333248,340076,188488,2152040,2645.111,1623.136,0,96.186,0,13.025,1368,1851,0.690,1.070,1.170,0,0,0,0,0,18,322,0,75,0
17-03 09:27:57,2.996,1.248,93.876,0.250,0,5333232,340076,188492,2152052,2636.507,1617.857,0,415.450,0,42.943,1793,2719,0.720,1.070,1.170,1,0,0,0,0,18,322,0,75,0
17-03 09:27:58,1.750,0.750,95.234,0,0,5333232,340076,188492,2152052,2759.526,1619.722,0,199.966,0,13.998,1280,1861,0.720,1.070,1.170,0,0,0,0,0,18,322,0,72,0
17-03 09:27:59,4.256,1.502,93.129,0.250,0,5333224,340076,188496,2152056,2823.920,1622.252,0,368.512,0,62.086,1672,2049,0.720,1.070,1.170,2,0,1.001,0,0,18,322,0,72,0
17-03 09:28:00,5.742,2.247,90.625,0,0,5334868,338312,188496,2152176,3012.856,1617.775,0,3.995,0,0.999,3175,4979,0.720,1.070,1.170,0,0,0.999,0,0,18,322,0,72,0
17-03 09:28:01,6.500,2.000,90.002,0.250,0,5334856,338312,188500,2152184,2672.047,1512.027,0,760.014,0,36.001,2306,2905,0.720,1.070,1.170,0,0,0,0,0,18,322,0,72,0
17-03 09:28:02,2.251,1.500,94.273,1.000,0,5334848,338312,188504,2152188,3229.796,1566.386,0,2356.581,0,135.033,1566,2306,0.660,1.050,1.160,0,0,0,0,0,18,322,0,68,0
17-03 09:28:03,3.246,0.749,93.380,0.250,0,5334840,338312,188508,2152192,2756.466,1617.926,0,671.140,0,47.939,1588,2274,0.660,1.050,1.160,1,0,0,0,0,18,322,0,68,0
17-03 09:28:04,2.503,1.251,94.847,0.250,0,5334824,338312,188512,2152204,3003.076,1621.661,0,1529.567,0,79.081,1536,2211,0.660,1.050,1.160,0,0,0,0,0,18,322,0,68,0
17-03 09:28:05,2.251,0.750,95.558,0,0,5334824,338312,188512,2152204,3018.831,1620.983,0,44.027,0,4.002,1192,1666,0.660,1.050,1.160,0,0,0,0,0,18,322,0,68,0
17-03 09:28:06,2.749,1.999,94.468,0,0,5334784,338312,188512,2152244,2879.026,1619.452,0,103.965,0,10.996,1455,1946,0.660,1.050,1.160,0,0,0,0,0,18,322,0,68,0
17-03 09:28:07,3.247,1.249,93.899,0.499,0,5334780,338312,188512,2152248,4255.435,1618.264,0,403.567,0,43.953,1824,2719,0.610,1.030,1.150,0,0,0,0,0,18,322,0,66,0
17-03 09:28:08,3.502,1.251,94.045,0.500,0,5334780,338312,188512,2152248,2553.209,1512.716,0,356.169,0,31.015,1629,2315,0.610,1.030,1.150,0,0,0,0,0,18,322,0,66,0
17-03 09:28:09,2.250,0.750,94.489,0.250,0,5334772,338312,188512,2152256,2685.693,1565.821,0,159.982,0,17.998,1471,2124,0.610,1.030,1.150,0,0,1.000,0,0,18,322,0,66,0
17-03 09:28:10,2.500,0.750,95.748,0,0,5334772,338312,188512,2152256,2896.927,1619.959,0,219.994,0,12.000,1210,1675,0.610,1.030,1.150,0,0,0,0,0,18,322,0,66,0
17-03 09:28:11,3.253,1.251,94.844,0.500,0,5334764,338312,188512,2152264,2882.847,1621.602,0,240.237,0,26.026,1490,2063,0.610,1.030,1.150,0,0,0,0,0,18,322,0,62,0
17-03 09:28:12,1.749,0.749,95.672,0,0,5334764,338312,188512,2152264,2817.709,1618.684,0,175.857,0,11.990,1191,1729,0.560,1.010,1.150,0,0,0,0,0,18,322,0,62,0
17-03 09:28:13,2.250,0.750,95.497,0,0,5334764,338312,188512,2152264,2579.906,1619.941,0,99.996,0,13.000,1280,1934,0.560,1.010,1.150,0,0,0,0,0,18,322,0,62,0
17-03 09:28:14,2.253,0.751,95.392,0.250,0,5334764,338312,188512,2152264,4319.442,1622.420,0,280.418,0,19.028,1341,1854,0.560,1.010,1.150,1,0,1.001,0,0,18,322,0,62,0
17-03 09:28:15,1.745,0.748,95.492,0,0,5334764,338312,188512,2152264,3112.580,1238.649,0,191.482,0,6.981,1113,1684,0.560,1.010,1.150,2,0,0,0,0,18,322,0,57,0
17-03 09:28:16,2.754,1.001,95.624,0,0,5334764,338312,188512,2152264,1900.462,0,0,96.125,0,10.013,1276,1874,0.560,1.010,1.150,0,0,0,0,0,18,322,0,57,0
17-03 09:28:17,15.243,3.498,79.966,0.250,0,5363196,309816,188584,2152256,280149.850,9379.977,55.976,495.787,9.996,42.982,3247,3439,0.590,1.010,1.150,1,0,17.992,0,0,18,322,0,57,0
17-03 09:28:18,11.766,4.756,80.857,1.001,0,5359704,313192,188596,2152360,288584.824,11457.119,140.185,372.492,9.012,22.029,2949,2613,0.590,1.010,1.150,2,0,21.028,0,0,18,322,0,57,0
17-03 09:28:19,17.005,4.001,77.272,1.000,0,5360884,308668,188604,2155696,149559.733,5579.557,104.029,408.114,4.001,32.009,2880,2671,0.590,1.010,1.150,1,0,15.004,0,0,18,322,0,57,0
17-03 09:28:20,22.509,5.252,70.528,0,0,5350612,308440,188604,2166180,1417.569,540.217,0,108.043,0,6.002,2568,2032,0.590,1.010,1.150,2,0,14.006,0,0,18,322,0,57,0
