"pcp-dstat 6.2.0 CSV Output"
"Author:","PCP team <pcp@groups.io> and Dag Wieers <dag@wieers.com>",,,,"URL:","https://pcp.io/ and http://dag.wieers.com/home-made/dstat/"
"Host:","ubuntu",,,,"User:","ubuntu"
"Cmdline:","dstat -tcmndrylpg --tcp --output /tmp/devstack_logs/dstat-csv.log",,,,"Date:","04 May 2026 23:30:50 UTC"
"system","total usage",,,,,"memory usage",,,,"net/total",,"dsk/total",,"io/total",,"system",,"load avg",,,"procs",,,"paging",,"tcp sockets",,,,
"time","total usage:usr","total usage:sys","total usage:idl","total usage:wai","total usage:stl","used","free","buf","cach","net/total:recv","net/total:send","dsk/total:read","dsk/total:writ","read","writ","int","csw","1m","5m","15m","run","blk","new","in","out","lis","act","syn","tim","clo"
04-05 23:30:50,,1025292,1628100,165324,5003776,,,,,,,1.410,0.980,0.600,3,0,,,,10,5,0,17,0
04-05 23:30:51,30.231,20.238,47.971,0.500,0,1038472,1614352,165472,5004060,53009.456,15282.618,0,4940.967,0,63.961,6446,6037,1.540,1.020,0.620,1,0,443.728,0,0,10,7,0,17,0
04-05 23:30:52,19.489,21.737,57.466,0,0,1048484,1600768,165544,5007412,1909066.039,47431.199,0,2550.505,0,32.981,8099,5809,1.540,1.020,0.620,4,0,329.807,0,0,10,6,0,17,0
04-05 23:30:53,50.120,16.208,31.917,0.499,0,1038496,1610224,165628,5008084,15612.576,9792.645,0,1292.653,0,37.902,5875,6577,1.540,1.020,0.620,5,0,257.334,0,0,10,6,0,17,0
04-05 23:30:54,51.479,14.244,33.486,0,0,1178232,1469808,165708,5129000,11773.218,7496.955,0,787.680,0,20.991,5840,6056,1.540,1.020,0.620,3,0,119.951,0,0,11,6,0,17,1
04-05 23:30:55,28.044,9.515,60.846,0.250,0,1162248,1485544,165780,5133196,15226.126,8177.958,16.025,901.428,1.002,31.049,3563,2427,1.540,1.020,0.620,1,0,95.151,0,0,11,6,0,17,2
04-05 23:30:56,19.025,12.266,67.089,0.751,0,1172736,1474784,165868,5133332,29094.631,5870.795,0,1025.361,0,44.058,4161,3270,1.500,1.020,0.620,2,0,185.246,0,0,11,6,0,19,2
04-05 23:30:57,29.517,4.002,58.783,7.004,0,1213388,1432256,165956,5134844,11035.230,6148.471,1388.784,1556.879,69.039,30.017,2346,1532,1.500,1.020,0.620,2,0,0,0,0,11,6,0,19,2
04-05 23:30:58,30.970,3.996,62.938,0.999,0,1250852,1391960,166236,5136848,16663.628,10726.461,511.497,2669.377,53.947,42.958,2459,1817,1.500,1.020,0.620,2,0,0,0,0,11,6,0,19,2
04-05 23:30:59,41.046,3.254,52.810,1.502,0,1268672,1352664,166572,5156828,170151.787,9422.621,128.144,1890.130,6.007,64.072,2922,1644,1.500,1.020,0.620,2,0,1.001,0,0,11,6,0,19,2
04-05 23:31:00,35.765,7.253,44.768,10.254,0,1266920,1335232,168332,5172120,2312.946,1512.618,0,39944.330,0,2721.112,13423,24020,1.500,1.020,0.620,2,0,52.021,0,0,11,8,0,19,2
04-05 23:31:01,40.694,6.491,43.441,7.240,0,1285828,1297572,169176,5188288,4482.885,1509.940,0,42629.848,0,3006.898,12119,21708,1.700,1.070,0.640,2,0,29.959,0,0,11,6,0,19,2
04-05 23:31:02,42.926,8.985,46.920,0.998,0,1289488,1287328,169400,5193820,6075.592,1509.414,0,10098.700,0,524.102,4595,4509,1.700,1.070,0.640,2,0,74.872,0,0,11,6,0,19,2
04-05 23:31:03,43.325,5.760,48.584,1.503,0.250,1347424,1207596,170088,5212916,2782.811,1460.525,0,4435.669,0,402.696,3457,2407,1.700,1.070,0.640,2,0,0,0,0,11,6,0,19,2
04-05 23:31:04,45.520,4.252,47.271,1.751,0,1339152,1200904,170888,5225244,2913.276,1512.663,0,9936.352,0,615.269,3915,3770,1.700,1.070,0.640,2,0,1.000,0,0,11,6,0,19,2
04-05 23:31:05,44.932,5.242,48.427,0.749,0,1348112,1170768,171540,5243896,3207.174,1509.728,0,2064.893,0,155.766,3065,1904,1.700,1.070,0.640,1,1,9.985,0,0,11,6,0,13,2
04-05 23:31:06,39.757,5.501,54.010,0.500,0,1400004,1130692,171940,5231080,9382.726,4359.802,0,2440.449,0,223.041,2633,1664,1.720,1.080,0.640,2,0,0,0,0,11,4,0,13,0
04-05 23:31:07,46.814,4.006,48.567,0,0.250,1347028,1183744,171944,5231024,2976.099,1514.085,0,14291.683,0,80.110,2928,1503,1.720,1.080,0.640,2,0,2.003,0,0,11,4,0,13,0
04-05 23:31:08,28.219,15.733,54.191,0,0,1230112,1300576,171976,5231068,8223.106,3618.087,0,859.071,0,2.997,4931,3531,1.720,1.080,0.640,1,1,311.663,0,0,11,5,0,13,0
04-05 23:31:09,31.285,23.026,45.051,0.250,0,1205976,1318512,172056,5236680,2837.203,1753.980,0,1729.953,0,192.217,5922,4299,1.720,1.080,0.640,3,0,365.413,0,0,11,4,0,13,0
04-05 23:31:11,38.282,15.412,43.999,0,0,1196292,1327724,172056,5237396,8680.520,3540.817,0,7.955,0,1.989,5718,7215,1.720,1.080,0.640,1,0,215.770,0,0,11,5,0,13,0
04-05 23:31:11,54.590,14.339,26.666,4.277,0,1215180,1294504,172440,5250184,5421.752,2606.225,7752.260,2149.381,78.489,177.103,7682,10476,1.900,1.130,0.660,4,0,137.858,0,0,11,5,0,13,0
04-05 23:31:12,66.295,11.714,20.437,0.249,0,1285472,1223372,172500,5250832,2649.821,1453.514,0,11600.196,0,169.477,8163,10727,1.900,1.130,0.660,3,0,14.954,0,0,11,5,0,13,0
04-05 23:31:13,68.454,9.278,19.809,1.254,0,1323060,1184312,172592,5252036,2559.611,1516.510,513.527,525.563,11.033,39.116,10972,17353,1.900,1.130,0.660,4,0,19.057,0,0,11,5,0,13,0
04-05 23:31:14,62.131,13.724,23.954,0.250,0,1313312,1206428,172608,5240940,2547.118,1509.107,0,1996.174,0,104.799,3811,1901,1.900,1.130,0.660,5,0,1.996,0,0,11,5,0,13,0
04-05 23:31:15,54.457,10.742,33.474,0,0,1335276,1182488,172656,5242892,2789.813,1510.816,0,895.298,0,82.935,4593,4429,1.900,1.130,0.660,1,0,142.888,0,0,11,4,0,14,0
04-05 23:31:16,17.500,6.000,75.502,0,0,1334988,1182732,172676,5242896,2675.063,1458.034,0,4.000,0,1.000,2431,1839,1.830,1.130,0.660,2,0,73.002,0,0,11,4,0,14,0
04-05 23:31:17,27.578,7.772,64.182,0,0,1384892,1132836,172676,5245940,2438.932,1516.310,0,34750.768,0,362.029,3454,9582,1.830,1.130,0.660,3,0,36.103,0,0,11,4,0,12,0
04-05 23:31:18,24.432,2.742,71.799,0,0.249,1385060,1132668,172676,5242900,3980.850,1507.777,0,2253.688,0,13.961,2016,5328,1.830,1.130,0.660,2,0,0,0,0,11,4,0,13,0
04-05 23:31:19,24.761,2.001,72.783,0.250,0,1399172,1118400,172684,5243112,2493.138,1512.690,0,2409.099,0,34.016,2096,1736,1.830,1.130,0.660,2,1,1.000,0,0,11,10,0,13,0
04-05 23:31:20,22.224,4.495,70.666,1.498,0,1313296,1204120,172800,5243152,4047.193,1510.206,0,3611.710,0,320.619,4051,5166,1.830,1.130,0.660,1,0,41.950,0,0,11,4,0,15,0
04-05 23:31:21,20.752,3.250,73.259,1.750,0,1323936,1193432,172800,5243200,2495.296,1458.173,44.005,0,3.000,0,1694,1130,1.760,1.130,0.670,1,0,0,0,0,11,4,0,14,0
04-05 23:31:22,20.797,1.253,73.415,3.758,0,1342800,1174028,172948,5243560,2724.118,1461.282,328.738,5003.237,10.023,29.065,1592,1037,1.760,1.130,0.670,1,0,0,0,0,11,4,0,14,0
04-05 23:31:23,16.963,1.996,79.826,0,0,1351496,1165276,172960,5243576,5160.734,5508.974,0,554.789,0,11.974,2208,2249,1.760,1.130,0.670,0,0,0.998,0,0,11,17,0,14,0
04-05 23:31:24,13.998,2.500,73.491,8.999,0,1355448,1160992,173004,5243804,5120.346,2294.707,267.966,1087.861,65.992,16.998,1753,1614,1.760,1.130,0.670,1,0,2.000,0,0,11,27,0,14,0
04-05 23:31:25,18.812,6.020,74.997,0,0,1358496,1157920,173004,5243828,6727.130,5246.259,0,4.013,0,1.003,2534,1908,1.760,1.130,0.670,1,0,44.145,0,0,11,28,0,15,0
04-05 23:31:26,22.684,2.742,73.286,0,0,1414532,1101884,173004,5243828,4222.677,1453.757,0,339.011,0,3.988,1724,1126,1.700,1.120,0.670,1,0,0,0,0,11,28,0,15,0
04-05 23:31:27,17.514,2.502,79.562,0,0,1415976,1100432,173004,5243836,7589.913,6197.828,0,1857.447,0,5.004,1748,1405,1.700,1.120,0.670,1,0,0,0,0,11,29,0,15,0
04-05 23:31:28,24.491,11.246,63.976,0,0,1405168,1111216,173004,5243860,5061.097,3869.545,0,11.995,0,2.999,3533,2572,1.700,1.120,0.670,2,0,155.941,0,0,11,28,0,16,0
04-05 23:31:29,45.116,4.762,49.127,0,0.251,1459092,1057288,173004,5243860,2678.904,1515.907,0,0,0,0,2727,1249,1.700,1.120,0.670,2,0,0,0,0,11,28,0,16,0
04-05 23:31:30,35.159,4.239,59.846,0,0,1487256,1029088,173028,5243872,12484.863,11134.339,0,586.490,0,37.902,3783,3694,1.700,1.120,0.670,1,0,0,0,0,11,30,0,16,0
04-05 23:31:31,37.044,5.507,55.817,0.250,0,1459684,1056248,173040,5244272,12205.649,10308.372,0,176.211,0,23.028,6110,7740,1.730,1.140,0.680,2,0,30.036,0,0,11,28,0,17,0
04-05 23:31:32,55.357,28.806,15.280,0,0,1465296,1050620,173040,5244288,2603.027,1460.821,0,30803.492,0,176.341,5613,4654,1.730,1.140,0.680,7,0,513.993,0,0,11,28,0,17,0
04-05 23:31:33,86.241,13.499,0,0,0,1613528,902340,173044,5244312,2357.761,1499.848,0,839.915,0,11.999,4894,2685,1.730,1.140,0.680,6,0,34.996,0,0,11,28,0,17,0
04-05 23:31:34,90.400,9.490,0.499,0,0,1757620,758208,173060,5244328,12775.870,11877.863,0,423.532,0,25.971,5293,3220,1.730,1.140,0.680,5,0,0.999,0,0,11,31,0,17,0
04-05 23:31:35,82.224,7.997,8.747,0,0,1785696,730052,173060,5244404,30537.230,28609.846,0,187.940,0,23.992,7435,9426,1.730,1.140,0.680,5,0,0,0,0,11,32,0,19,0
04-05 23:31:36,69.095,16.022,14.270,0,0,1526528,989020,173068,5244596,11473.799,9533.127,0,560.772,0,56.077,7232,7994,1.910,1.190,0.690,2,0,287.396,0,0,11,28,0,23,0
04-05 23:31:37,22.498,6.499,65.744,4.750,0,1515672,999808,173120,5244612,2463.771,1403.870,0,60986.334,0,588.945,2829,2803,1.910,1.190,0.690,1,0,22.998,0,0,11,28,0,21,0
04-05 23:31:38,19.170,1.992,77.677,0.249,0,1507728,1007744,173124,5244616,6540.809,5352.748,0,1171.131,0,11.950,1921,1634,1.910,1.190,0.690,1,0,0,0,0,11,29,0,21,0
04-05 23:31:39,19.497,2.000,76.489,0,0,1493696,1021800,173136,5244620,6075.163,4653.359,0,727.900,0,38.995,2818,2976,1.910,1.190,0.690,1,0,3.000,0,0,11,28,0,22,0
04-05 23:31:40,19.824,6.524,72.771,0,0,1454800,1060692,173136,5244624,2338.696,1355.039,0,0,0,0,2583,1808,1.910,1.190,0.690,1,0,68.254,0,0,11,28,0,22,0
04-05 23:31:41,23.723,2.247,73.666,0,0,1466788,1048700,173136,5244628,2657.960,1402.396,0,3.995,0,0.999,1641,954,1.840,1.180,0.700,1,0,0,0,0,11,28,0,19,0
04-05 23:31:42,18.518,2.002,78.325,0,0,1462548,1052932,173136,5244636,7458.159,6011.771,0,248.238,0,12.012,2071,1903,1.840,1.180,0.700,1,0,0,0,0,11,29,0,19,0
04-05 23:31:43,16.258,8.504,74.785,0.250,0,1409576,1105884,173144,5244648,4962.340,3835.809,0,140.066,0,21.010,3811,3592,1.840,1.180,0.700,1,0,138.065,0,0,11,28,0,20,0
04-05 23:31:44,11.253,24.507,62.768,0.500,0,1399008,1116484,173152,5244672,2450.685,1350.377,0,276.077,0,21.006,6221,4850,1.840,1.180,0.700,4,0,554.155,0,0,11,28,0,20,0
04-05 23:31:45,70.766,25.756,3.251,0,0,1482120,1033348,173152,5244696,4278.949,1458.323,0,212.047,0,15.003,5214,3511,1.840,1.180,0.700,5,0,347.077,0,0,11,28,0,20,0
04-05 23:31:46,89.750,9.750,0.250,0,0,1645868,869588,173160,5244700,7933.036,6839.031,0,636.003,0,36.000,5067,2367,2.090,1.250,0.720,4,0,0,0,0,11,30,0,17,0
04-05 23:31:47,75.416,7.991,16.482,0,0,1688252,827028,173160,5244876,28181.431,25544.385,0,403.548,0,1.998,6058,7041,2.090,1.250,0.720,4,0,0,0,0,11,33,0,17,0
04-05 23:31:48,78.337,8.760,11.012,0,0,1689908,825240,173200,5244968,24029.823,21382.868,0,708.791,0,67.075,8427,11730,2.090,1.250,0.720,5,0,30.034,0,0,11,28,1,18,0
04-05 23:31:49,78.251,22.000,0.250,0,0.250,1565352,949668,173212,5245084,2502.041,1296.021,0,244.004,0,17.000,5471,3981,2.090,1.250,0.720,6,0,280.005,0,0,11,28,0,18,0
04-05 23:31:50,89.257,10.501,0.250,0,0,1666056,848948,173216,5245096,6614.547,5321.440,0,200.017,0,10.001,4930,2622,2.090,1.250,0.720,6,0,0,0,0,11,29,0,18,0
04-05 23:31:51,86.937,7.245,5.496,0,0,1774720,740136,173220,5245240,19765.753,18788.457,0,1203.133,0,43.968,5503,4335,2.320,1.310,0.740,4,0,0,0,0,11,34,0,18,0
04-05 23:31:52,78.240,9.749,11.249,0,0,1769204,745428,173220,5245464,34663.668,30081.241,0,4.000,0,1.000,7328,11620,2.320,1.310,0.740,3,0,49.994,0,0,11,32,0,19,1
04-05 23:31:53,66.541,13.508,18.762,0,0,1516672,997764,173240,5245640,16932.394,14299.778,0,7740.752,0,536.329,7770,9147,2.320,1.310,0.740,3,0,219.135,0,0,11,28,0,23,0
04-05 23:31:54,43.107,7.974,48.091,0,0,1513920,1000584,173240,5245664,2308.351,1291.720,0,191.366,0,8.970,3069,1694,2.320,1.310,0.740,3,0,29.901,0,0,11,28,0,23,0
04-05 23:31:55,35.837,4.010,59.895,0,0,1516616,997884,173240,5245672,10341.010,9152.135,0,120.291,0,8.019,2880,2097,2.320,1.310,0.740,2,0,0,0,0,11,30,0,23,0
04-05 23:31:56,30.728,5.746,61.706,0.250,0,1475312,1039132,173252,5245716,11528.741,10529.457,0,643.539,0,48.965,4855,5697,2.300,1.320,0.750,1,0,59.957,0,0,11,29,0,24,0
04-05 23:31:57,60.601,21.035,18.030,0,0,1465016,1049392,173256,5245748,4316.165,2554.240,0,216.359,0,14.023,4901,3575,2.300,1.320,0.750,3,0,318.529,0,0,11,28,0,25,0
04-05 23:31:58,55.958,6.495,37.222,0,0,1558728,955672,173256,5245756,9690.732,9282.038,0,187.859,0,9.993,3551,1842,2.300,1.320,0.750,1,0,0,0,0,11,31,0,23,0
04-05 23:31:59,51.683,4.994,42.196,0,0,1558252,955948,173268,5245944,19039.457,17105.949,0,739.047,0,50.934,5798,7304,2.300,1.320,0.750,2,0,0,0,0,11,30,0,24,0
04-05 23:32:00,63.862,20.536,15.026,0.250,0,1445960,1068204,173288,5245960,8052.092,5782.119,0,476.835,0,45.079,6038,5849,2.300,1.320,0.750,4,0,258.452,0,0,11,28,0,24,0
04-05 23:32:01,91.091,8.984,0,0,0,1587108,927032,173288,5245984,2748.204,1293.742,0,219.617,0,9.983,4692,1510,2.430,1.360,0.770,4,0,0,0,0,11,28,0,24,0
04-05 23:32:02,64.329,6.007,28.785,0,0,1612484,901620,173292,5246016,23917.333,23107.340,0,156.192,0,9.011,5415,5263,2.430,1.360,0.770,2,0,0,0,0,11,32,0,24,0
04-05 23:32:03,66.110,13.222,19.209,0,0,1511920,1001996,173296,5246200,23296.713,19775.163,0,506.928,0,40.913,8694,11265,2.430,1.360,0.770,7,0,227.519,0,0,11,28,0,27,0
04-05 23:32:04,64.902,14.785,20.047,0,0,1545460,968408,173296,5246248,2353.504,1190.785,0,312.731,0,13.030,4062,2087,2.430,1.360,0.770,3,0,97.227,0,0,11,28,0,27,0
04-05 23:32:05,54.251,5.750,39.250,0,0,1581588,932268,173300,5246256,15758.179,13005.148,0,152.002,0,10.000,3934,2582,2.430,1.360,0.770,3,0,0,0,0,11,31,0,27,0
04-05 23:32:06,51.985,5.748,41.238,0.500,0,1537636,976012,173312,5246416,20388.146,18315.741,0,1007.711,0,72.979,7039,9499,2.400,1.380,0.770,4,0,31.991,0,0,11,29,0,28,0
04-05 23:32:07,64.704,18.237,16.488,0,0.250,1489340,1024288,173312,5246436,2536.181,1373.015,0,203.854,0,14.989,4463,2783,2.400,1.380,0.770,3,0,268.807,0,0,11,28,0,29,0
04-05 23:32:08,56.231,6.248,36.987,0,0,1526568,987044,173316,5246448,8877.961,7979.269,0,131.955,0,5.998,3543,1733,2.400,1.380,0.770,2,0,0,0,0,11,31,0,29,0
04-05 23:32:09,57.299,5.004,37.031,0,0.250,1530140,983292,173328,5246616,17869.152,15943.520,0,2574.183,0,163.138,6252,7051,2.400,1.380,0.770,4,0,0,0,0,11,30,0,30,0
04-05 23:32:10,61.318,20.272,18.020,0.250,0,1431480,1081900,173336,5246660,9114.085,7608.419,0,280.310,0,23.025,6131,5835,2.400,1.380,0.770,3,0,287.318,0,0,11,28,0,32,0
04-05 23:32:11,68.552,6.481,24.180,0,0,1522740,990632,173336,5246668,2406.066,1130.742,0,199.425,0,7.977,3646,1227,2.450,1.400,0.790,5,0,0,0,0,11,28,0,33,0
04-05 23:32:12,47.344,5.511,46.593,0,0,1529272,983868,173336,5246892,20553.920,19499.822,0,653.301,0,9.018,5137,5513,2.450,1.400,0.790,3,0,6.012,0,0,11,31,0,32,0
04-05 23:32:13,54.871,12.471,30.927,0,0,1457568,1055372,173364,5247064,10717.725,8663.569,0,399.059,0,38.908,6342,6389,2.450,1.400,0.790,3,0,111.737,0,0,11,28,0,34,0
04-05 23:32:14,68.236,7.748,23.995,0,0,1568620,944312,173368,5247068,2033.572,1133.762,0,159.966,0,8.998,3731,1429,2.450,1.400,0.790,3,0,1.000,0,0,11,28,0,34,0
04-05 23:32:15,53.847,5.009,41.575,0.250,0,1574412,938500,173372,5247084,16231.124,14881.703,0,156.280,0,8.014,4250,3249,2.450,1.400,0.790,3,0,0,0,0,11,31,0,34,0
04-05 23:32:16,52.836,15.776,29.298,0,0,1480548,1032292,173404,5247124,14867.272,13077.350,0,1286.100,0,100.164,7170,9000,2.410,1.410,0.790,6,0,271.443,0,0,11,28,0,36,0
04-05 23:32:17,75.000,25.000,0,0,0,1538640,974156,173404,5247168,2094.014,1134.007,0,40.000,0,10.000,5313,3938,2.410,1.410,0.790,9,0,355.002,0,0,11,28,0,36,0
04-05 23:32:18,80.727,19.245,0.250,0,0,1648100,864668,173404,5247296,2033.432,1133.683,0,35.990,0,1.000,5800,12276,2.410,1.410,0.790,7,0,290.919,0,0,11,28,0,35,0
04-05 23:32:19,82.276,17.005,0.500,0,0.250,1739764,772980,173404,5247220,9663.050,9751.078,0,328.104,0,15.005,5603,4335,2.410,1.410,0.790,5,0,267.084,0,0,11,31,0,35,0
04-05 23:32:20,79.241,17.998,2.500,0.250,0,1753200,759336,173412,5247420,30338.571,28022.833,0,167.981,0,12.999,6793,6809,2.410,1.410,0.790,7,0,321.964,0,0,11,33,0,35,0
04-05 23:32:21,81.254,15.001,3.000,0,0,1707212,805188,173444,5247524,32108.632,29093.478,0,556.028,0,58.003,8043,9836,2.700,1.490,0.820,6,0,160.008,0,0,11,28,0,36,0
04-05 23:32:22,80.739,19.497,0.250,0,0,1557872,954356,173448,5247692,2273.687,1133.844,0,131.982,0,8.999,5247,3604,2.700,1.490,0.820,5,0,223.969,0,0,11,28,0,34,0
04-05 23:32:23,89.197,9.245,1.249,0,0,1663428,848780,173452,5247712,9318.465,8932.694,0,71.957,0,3.998,5074,2469,2.700,1.490,0.820,4,0,0,0,0,11,31,0,34,0
04-05 23:32:24,80.017,7.752,11.502,0,0,1694100,818064,173468,5247740,31351.767,29468.361,0,504.109,0,66.014,6833,9059,2.700,1.490,0.820,4,0,2.000,0,0,11,34,0,35,0
04-05 23:32:25,63.281,15.007,21.761,0,0,1481984,1029948,173468,5247988,24520.854,21435.363,0,96.046,0,10.005,7604,10475,2.700,1.490,0.820,2,0,278.134,0,0,11,32,0,39,0
04-05 23:32:26,12.488,26.224,58.942,0,0,1458376,1053504,173476,5248032,1947.071,971.038,0,315.687,0,23.976,6365,5312,2.560,1.480,0.820,2,0,575.430,0,0,11,32,0,38,0
04-05 23:32:27,53.303,35.285,11.762,0,0,1478360,1033496,173480,5248052,1915.905,1135.129,0,244.243,0,20.020,5747,4991,2.560,1.480,0.820,5,0,702.699,0,0,11,32,0,38,0
04-05 23:32:28,81.153,10.987,7.491,0,0,1579748,932064,173492,5248084,7565.970,6894.771,0,291.652,0,20.975,4889,2633,2.560,1.480,0.820,3,0,46.944,0,0,11,34,0,38,0
04-05 23:32:29,67.515,6.751,24.755,0.250,0,1617964,893800,173500,5248124,19634.337,17663.901,0,1644.363,0,84.019,5856,6222,2.560,1.480,0.820,4,0,0,0,0,11,35,0,39,0
04-05 23:32:30,66.816,14.765,17.017,0.250,0,1563380,948328,173508,5248172,12695.580,11578.473,0,540.536,0,57.057,6462,7580,2.560,1.480,0.820,4,0,201.199,0,0,11,32,0,42,0
04-05 23:32:31,85.122,13.689,1.244,0,0,1543056,968508,173512,5248312,3647.783,2717.917,0,215.044,0,10.951,4828,2104,2.680,1.520,0.840,4,0,66.703,0,0,11,33,0,41,0
04-05 23:32:32,73.030,7.027,20.328,0,0,1607268,904288,173512,5248320,17236.991,16461.020,0,152.584,0,9.035,5213,4257,2.680,1.520,0.840,3,0,0,0,0,11,36,0,41,0
04-05 23:32:33,56.273,5.752,36.015,0,0,1608040,903280,173512,5248556,29258.957,27320.165,0,148.061,0,10.004,10048,13687,2.680,1.520,0.840,4,0,0,0,0,11,36,0,41,0
04-05 23:32:34,50.474,4.997,42.978,0.250,0,1608088,903140,173516,5248640,25370.082,22769.406,0,519.735,0,21.989,8641,12774,2.680,1.520,0.840,4,0,0.999,0,0,11,35,0,41,0
04-05 23:32:35,66.796,12.509,19.513,0,0,1575784,935272,173520,5248808,11937.180,9661.621,0,412.283,0,44.030,6129,6739,2.680,1.520,0.840,4,0,90.062,0,0,11,32,0,40,0
04-05 23:32:36,81.333,10.728,7.984,0,0,1556452,954588,173524,5248820,5278.165,3968.853,0,163.664,0,11.975,4703,2332,2.780,1.560,0.860,4,0,29.939,0,0,11,33,0,40,0
04-05 23:32:37,65.131,6.012,28.307,0.251,0,1612244,898764,173528,5248848,17266.706,16807.784,0,152.306,0,9.018,4432,3844,2.780,1.560,0.860,2,0,0,0,0,11,36,0,40,0
04-05 23:32:38,52.761,5.475,40.068,0,0,1616832,893976,173528,5249048,24853.246,22553.678,0,139.368,0,9.955,8650,11210,2.780,1.560,0.860,3,0,0,0,0,11,36,0,40,0
04-05 23:32:39,49.909,5.768,43.388,0,0,1616924,893792,173528,5249136,31547.193,25924.335,0,120.382,0,9.029,9161,13288,2.780,1.560,0.860,4,0,0,0,0,11,35,0,35,0
04-05 23:32:40,68.741,15.748,14.748,0,0,1521672,988876,173528,5249304,16989.711,15051.972,0,3383.544,0,134.982,6711,7719,2.780,1.560,0.860,4,0,204.972,0,0,11,32,0,38,0
04-05 23:32:41,85.556,14.009,0.500,0,0,1532600,977932,173528,5249320,2777.812,1701.110,0,120.078,0,8.005,4769,1992,2.880,1.600,0.870,3,0,55.036,0,0,11,32,1,38,0
04-05 23:32:42,74.116,8.485,17.219,0,0,1602732,907780,173528,5249340,15189.532,14875.101,0,1070.065,0,7.986,4560,3394,2.880,1.600,0.870,1,0,0,0,0,11,36,0,38,0
04-05 23:32:43,62.269,6.002,31.009,0,0,1607308,902992,173532,5249544,28159.446,25354.605,0,128.038,0,8.002,7723,10951,2.880,1.600,0.870,2,0,0,0,0,11,36,0,37,0
04-05 23:32:44,69.417,10.024,19.547,0,0,1566036,944200,173540,5249600,19787.606,15816.051,0,112.270,0,14.034,7308,9208,2.880,1.600,0.870,4,0,69.166,0,0,11,33,0,39,0
04-05 23:32:45,85.362,13.229,1.248,0,0,1526336,983880,173552,5249608,3495.361,1919.903,0,295.523,0,31.948,5347,3371,2.880,1.600,0.870,6,0,59.903,0,0,11,32,0,39,0
04-05 23:32:46,76.574,7.982,14.716,0,0,1606036,904152,173556,5249632,11762.952,10662.483,0,147.660,0,9.977,4539,2612,2.890,1.630,0.880,3,0,0,0,0,11,34,0,39,0
04-05 23:32:47,68.509,13.300,17.566,0,0,1589816,920200,173556,5249800,16549.609,14976.658,0,385.458,0,40.152,5669,5991,2.890,1.630,0.880,4,0,120.456,0,0,11,34,0,40,0
04-05 23:32:48,76.373,7.238,15.724,0,0,1638052,871848,173560,5249904,22019.352,18919.511,0,155.741,0,8.985,6079,8343,2.890,1.630,0.880,5,0,0,0,0,11,34,0,40,0
04-05 23:32:49,69.124,11.020,19.535,0,0,1643444,866288,173560,5250072,21552.674,19314.658,0,152.273,0,10.018,5359,6118,2.890,1.630,0.880,4,0,141.253,0,0,11,34,0,42,0
04-05 23:32:50,79.500,9.750,10.250,0,0,1656160,853516,173560,5250124,17439.105,14257.086,0,212.001,0,11.000,6172,7032,2.890,1.630,0.880,3,0,0,0,0,11,33,0,43,0
04-05 23:32:51,75.498,12.000,12.250,0,0,1570336,939324,173560,5250140,11740.638,9735.700,0,123.996,0,8.000,4975,2923,2.820,1.630,0.890,4,0,85.997,0,0,11,34,0,43,0
04-05 23:32:52,81.997,7.250,10.500,0,0,1621412,888208,173564,5250172,12234.553,10913.601,0,119.996,0,8.000,5177,4503,2.820,1.630,0.890,3,0,10.000,0,0,11,33,0,45,0
04-05 23:32:53,73.463,12.744,13.493,0,0,1623040,886424,173564,5250328,14686.631,12668.643,0,0,0,0,5048,4485,2.820,1.630,0.890,4,0,57.971,0,0,11,34,0,45,0
04-05 23:32:54,69.013,7.724,21.925,0,0.249,1648492,860912,173576,5250372,16301.096,14544.121,0,287.016,0,28.901,5985,6424,2.820,1.630,0.890,3,0,66.771,0,0,11,33,0,47,0
04-05 23:32:55,52.891,10.528,36.598,0.251,0.251,1567128,942252,173588,5250388,11452.626,8325.263,0,405.083,0,54.145,4722,3561,2.820,1.630,0.890,5,0,104.279,0,0,11,33,0,43,0
04-05 23:32:56,63.231,11.996,24.243,0,0,1518064,991164,173604,5250524,3307.005,2120.362,0,219.934,0,21.993,4428,2951,2.830,1.660,0.900,3,0,87.974,0,0,11,32,0,44,0
04-05 23:32:57,59.062,6.006,34.536,0,0,1570000,939216,173604,5250536,11974.599,10583.135,0,152.160,0,10.011,3692,2190,2.830,1.660,0.900,3,0,0,0,0,11,34,0,44,0
04-05 23:32:58,52.968,4.747,41.225,0.250,0,1571464,937660,173616,5250616,19031.503,17429.471,0,739.553,0,48.970,5915,7397,2.830,1.660,0.900,2,0,0,0,0,11,34,0,45,0
04-05 23:32:59,57.283,12.507,29.017,0,0,1519648,989452,173616,5250640,9637.487,7360.190,0,4.002,0,1.001,5208,4946,2.830,1.660,0.900,3,0,139.079,0,0,11,32,0,45,0
04-05 23:33:00,60.772,10.504,28.510,0,0,1549980,959112,173616,5250648,4675.704,3546.292,0,2732.996,0,113.041,3827,1878,2.830,1.660,0.900,3,0,43.016,0,0,11,33,0,45,0
04-05 23:33:01,53.488,5.224,40.054,0.249,0,1570712,938304,173616,5250720,17992.853,15977.725,0,135.337,0,7.961,4474,4659,2.850,1.680,0.910,5,0,0,0,0,11,35,0,45,0
04-05 23:33:02,45.462,7.033,46.467,0,0.251,1484272,1024504,173624,5250952,15521.537,13592.522,0,253.183,0,19.089,6501,7652,2.850,1.680,0.910,2,0,86.404,0,0,11,33,0,46,1
04-05 23:33:03,35.638,11.713,51.588,0,0,1431448,1077312,173624,5250964,5221.615,3768.175,0,231.274,0,20.934,4654,3923,2.850,1.680,0.910,2,0,134.578,0,0,11,32,0,44,0
04-05 23:33:04,45.739,5.249,48.489,0.250,0,1524504,984244,173628,5250972,2388.435,1748.586,0,191.955,0,18.996,2951,1741,2.850,1.680,0.910,3,0,1.000,0,0,11,33,0,44,0
04-05 23:33:05,31.427,3.492,63.104,0.249,0,1524528,984200,173632,5250988,14113.248,12651.640,0,722.324,0,48.887,3263,3202,2.850,1.680,0.910,1,0,0,0,0,11,34,0,44,0
04-05 23:33:07,34.230,5.497,58.716,0.250,0,1502036,1006496,173636,5251180,10308.023,6727.100,0,67.961,0,5.997,4692,5203,2.860,1.700,0.930,2,0,33.980,0,0,11,32,0,46,0
04-05 23:33:07,41.125,10.532,48.146,0,0,1489204,1019320,173636,5251188,2262.864,1299.943,0,12.037,0,3.009,3507,1971,2.860,1.700,0.930,4,0,104.316,0,0,11,32,0,44,0
04-05 23:33:08,31.006,3.501,65.012,0,0,1510312,998204,173636,5251196,9068.614,7950.415,0,0,0,0,2523,1659,2.860,1.700,0.930,1,0,0,0,0,11,34,0,44,0
04-05 23:33:09,33.754,3.000,62.507,0,0,1511028,997476,173640,5251204,9850.165,7549.893,0,308.036,0,24.003,3902,3840,2.860,1.700,0.930,5,0,0,0,0,11,33,0,45,0
04-05 23:33:10,32.014,7.503,58.525,0,0,1419672,1088808,173644,5251224,6302.728,4988.159,0,124.054,0,14.006,3836,3616,2.860,1.700,0.930,2,0,65.028,0,0,11,32,0,46,0
04-05 23:33:11,40.353,5.514,54.138,0,0,1452144,1056328,173648,5251228,5031.814,3662.327,0,112.286,0,8.020,2761,1545,2.790,1.710,0.930,2,0,0,0,0,11,33,0,46,0
04-05 23:33:12,37.896,4.737,55.098,0,0,1491204,1017236,173648,5251252,11456.462,10079.254,0,35.901,0,3.989,3996,3881,2.790,1.710,0.930,1,0,7.978,0,0,11,34,0,43,0
04-05 23:33:13,38.996,6.249,53.744,0,0,1475332,1032952,173648,5251404,11471.741,9379.970,0,803.912,0,2.000,4748,4588,2.790,1.710,0.930,2,0,42.995,0,0,11,33,0,44,0
04-05 23:33:14,42.211,5.245,51.952,0.250,0,1443972,1064296,173656,5251412,4457.848,3552.691,0,227.788,0,20.980,3361,2480,2.790,1.710,0.930,2,0,4.995,0,0,11,32,0,45,0
04-05 23:33:15,38.815,3.756,56.094,0,0,1473416,1034844,173656,5251420,9455.773,8014.369,0,112.187,0,6.010,2825,2143,2.790,1.710,0.930,3,0,1.002,0,0,11,33,0,45,0
04-05 23:33:16,34.527,4.003,60.548,0,0,1447948,1060272,173660,5251452,14844.737,12931.224,0,2081.646,0,162.128,4823,5601,2.730,1.710,0.940,2,0,14.011,0,0,11,33,0,44,0
04-05 23:33:17,21.959,15.471,60.637,0.250,0,1405052,1103064,173668,5251544,6408.099,4976.758,0,291.459,0,20.961,4782,4744,2.730,1.710,0.940,1,0,267.503,0,0,11,32,0,45,0
04-05 23:33:18,30.001,5.750,63.001,0,0,1392792,1115324,173668,5251544,2094.047,1134.025,0,172.004,0,9.000,3120,14996,2.730,1.710,0.940,1,0,36.001,0,0,11,32,0,46,0
04-05 23:33:19,18.749,2.000,78.747,0,0,1400840,1107272,173668,5251548,7321.764,6176.801,0,147.995,0,10.000,1852,1541,2.730,1.710,0.940,1,0,0,0,0,11,33,0,46,0
04-05 23:33:20,18.000,1.750,78.502,0.500,0,1400136,1107948,173672,5251568,8119.162,6811.136,0,560.011,0,40.001,3487,4423,2.730,1.710,0.940,1,0,0,0,0,11,32,0,44,0
04-05 23:33:21,12.501,16.501,70.005,0,0,1373196,1134876,173672,5251580,2231.144,1134.073,0,184.012,0,15.001,4291,3106,2.590,1.700,0.940,1,0,284.018,0,0,11,32,0,44,0
04-05 23:33:22,23.249,2.500,73.497,0,0,1378488,1129584,173672,5251580,2273.919,1133.960,0,0,0,0,1720,1120,2.590,1.700,0.940,1,0,0,0,0,11,32,0,44,0
04-05 23:33:23,18.500,3.000,77.501,0.250,0,1398388,1109676,173672,5251588,7562.142,6177.116,0,268.005,0,15.000,2005,1822,2.590,1.700,0.940,1,0,0,0,0,11,33,0,44,0
04-05 23:33:24,19.501,2.750,76.004,0,0,1398220,1109676,173684,5251744,8376.410,6828.335,0,524.026,0,40.002,3570,4258,2.590,1.700,0.940,1,0,0,0,0,11,32,0,44,0
04-05 23:33:25,20.312,6.018,72.972,0,0,1397928,1109964,173684,5251748,2521.659,1137.455,0,212.646,0,35.107,2259,1550,2.590,1.700,0.940,1,0,47.143,0,0,11,32,0,44,0
04-05 23:33:26,19.732,1.998,77.929,0.250,0,1426444,1081444,173684,5251752,4858.569,3487.819,0,155.858,0,9.991,1870,1540,2.460,1.690,0.940,1,0,0,0,0,11,33,0,44,0
04-05 23:33:27,19.766,2.752,76.811,0,0,1420596,1087272,173684,5251772,10240.161,8564.825,0,0,0,0,3435,3986,2.460,1.690,0.940,1,0,0,0,0,11,33,0,44,0
04-05 23:33:28,17.258,6.003,74.286,0,0,1368740,1139024,173688,5251872,7517.655,6106.969,0,108.053,0,14.007,3984,4077,2.460,1.690,0.940,1,0,96.047,0,0,11,32,0,39,0
04-05 23:33:29,11.995,23.741,63.225,0.250,0,1362012,1145648,173692,5251972,2417.058,1457.432,0,119.953,0,5.998,5998,4533,2.460,1.690,0.940,2,0,494.807,0,0,11,34,0,40,0
04-05 23:33:30,42.142,8.229,48.875,0,0,1412652,1094916,173696,5252056,2531.539,1454.288,35.908,371.053,0.997,23.939,3153,1950,2.460,1.690,0.940,3,0,34.911,0,0,11,32,0,41,0
04-05 23:33:31,43.734,4.998,48.232,1.999,0,1481940,1023628,173740,5253756,2614.048,1457.469,435.841,1239.549,16.994,131.952,2885,1472,2.420,1.690,0.940,3,0,3.999,0,0,11,36,0,41,0
04-05 23:33:32,38.569,7.013,43.077,9.768,0,1514232,984848,174596,5259072,2662.783,1460.624,0,29861.642,0,2727.900,12772,23601,2.420,1.690,0.940,6,0,109.196,0,0,11,36,0,37,0
04-05 23:33:33,39.196,7.989,39.196,10.486,0,1523764,972316,175040,5261460,2534.512,1455.996,0,42142.003,0,3705.900,13594,27853,2.420,1.690,0.940,4,0,57.920,0,0,11,36,0,37,0
04-05 23:33:34,44.984,6.498,44.734,2.499,0,1503224,993464,175204,5260692,2555.109,1337.533,0,22364.197,0,1459.491,5702,9281,2.420,1.690,0.940,2,0,6.998,0,0,11,32,0,37,0
04-05 23:33:35,46.248,4.500,47.998,0,0,1526148,970532,175212,5260692,2777.897,1457.946,0,675.975,0,35.999,2756,1586,2.420,1.690,0.940,2,0,1.000,0,0,11,32,0,37,0
04-05 23:33:36,39.373,8.777,45.642,5.016,0,1527660,968152,175696,5261064,2743.536,1462.551,0,16784.224,0,2020.286,12065,20127,2.470,1.720,0.960,2,1,2.006,0,0,11,34,0,37,0
04-05 23:33:37,38.377,9.719,47.349,3.240,0,1493772,1001732,175856,5261204,4144.762,1453.358,0,7157.140,0,1002.797,8211,11670,2.470,1.720,0.960,2,0,99.682,0,0,11,32,0,37,0
04-05 23:33:38,23.688,2.244,72.562,0.499,0,1485504,1009988,175864,5261208,2770.806,1454.224,0,758.032,0,44.883,1773,1457,2.470,1.720,0.960,2,0,0,0,0,11,32,0,37,0
04-05 23:33:39,22.308,4.261,71.937,0.752,0,1527240,968164,175940,5261220,3090.034,1556.045,0,6717.464,0,338.881,2420,2708,2.470,1.720,0.960,2,0,1.003,0,0,11,32,0,37,0
04-05 23:33:40,22.783,3.255,73.607,0,0,1556480,938924,175940,5261220,2601.777,1460.120,0,0,0,0,1739,1142,2.470,1.720,0.960,2,0,2.003,0,0,11,32,0,34,0
04-05 23:33:41,23.723,2.497,73.417,0,0,1502616,992764,175940,5261244,2731.922,1456.359,0,0,0,0,1723,1150,2.350,1.700,0.960,2,0,0.999,0,0,11,32,0,34,0
04-05 23:33:42,22.209,3.244,73.116,0,0,1496464,998912,175940,5261248,2653.128,1455.328,0,0,0,0,1734,1286,2.350,1.700,0.960,3,0,0,0,0,11,32,0,34,0
04-05 23:33:43,23.072,2.759,73.730,0,0,1512276,983096,175940,5261248,2485.765,1462.569,0,8.025,0,2.006,1711,1114,2.350,1.700,0.960,2,0,2.006,0,0,11,32,0,34,0
04-05 23:33:44,23.205,2.495,73.358,0,0,1482312,1013048,175940,5261260,2353.431,1455.175,0,163.682,0,0.998,1676,1113,2.350,1.700,0.960,4,0,0.998,0,0,11,32,0,31,0
04-05 23:33:45,22.505,4.001,73.267,0,0,1472060,1023296,175940,5261264,3810.873,1296.297,0,92.021,0,2.000,1776,1316,2.350,1.700,0.960,2,0,1.000,0,0,11,32,0,31,0
04-05 23:33:46,22.504,3.751,72.762,0,0,1491580,1003768,175940,5261272,2615.424,1458.236,0,124.020,0,16.003,1967,1597,2.240,1.690,0.960,3,0,2.000,0,0,11,32,0,31,0
04-05 23:33:47,23.754,2.500,73.513,0,0,1458924,1036336,175952,5261348,2538.452,1458.260,0,648.115,0,75.013,1733,1225,2.240,1.690,0.960,2,0,1.000,0,0,11,32,0,31,0
04-05 23:33:48,23.249,2.750,72.748,0,0,1451924,1043292,175952,5261384,2597.927,1457.959,0,0,0,0,1706,1116,2.240,1.690,0.960,1,0,0,0,0,11,32,0,29,0
04-05 23:33:49,22.502,3.750,73.508,0,0,1475940,1019276,175952,5261384,2778.286,1458.150,0,4.000,0,1.000,1720,1172,2.240,1.690,0.960,1,0,2.000,0,0,11,32,0,29,0
04-05 23:33:50,23.749,2.250,73.247,0,0,1447188,1047940,175952,5261472,4211.851,1457.948,0,0,0,0,1709,1129,2.240,1.690,0.960,1,0,1.000,0,0,11,32,0,29,0
04-05 23:33:51,22.746,2.999,73.237,0,0,1487928,1007180,175952,5261484,3276.404,1457.735,0,0,0,0,1810,1254,2.140,1.680,0.960,2,0,0,0,0,11,32,0,29,0
04-05 23:33:52,23.002,3.500,73.256,0,0,1474388,1020708,175952,5261496,2718.223,1458.120,0,0,0,0,1765,1296,2.140,1.680,0.960,3,0,1.000,0,0,11,32,0,29,0
04-05 23:33:53,22.503,3.000,73.261,0,0,1489080,1006012,175952,5261496,2418.375,1458.226,0,120.019,0,2.000,1666,1131,2.140,1.680,0.960,3,0,2.000,0,0,11,32,0,23,0
04-05 23:33:54,23.237,2.748,73.459,0,0,1455712,1039360,175952,5261516,2536.595,1457.193,0,0,0,0,1657,1139,2.140,1.680,0.960,3,0,0.999,0,0,11,32,0,23,0
04-05 23:33:55,23.006,3.501,72.770,0.250,0,1448520,1046504,175956,5261524,2316.646,1296.361,0,96.027,0,4.001,1838,1505,2.140,1.680,0.960,2,0,1.000,0,0,11,32,0,23,0
04-05 23:33:56,22.977,3.746,71.679,0.500,0,1427924,1067104,175968,5261556,2792.223,1456.552,0,8707.341,0,555.448,2440,2569,2.050,1.670,0.960,2,0,0.999,0,0,11,32,0,23,0
04-05 23:33:57,22.778,3.004,73.340,0,0,1444084,1050940,175972,5261556,2661.259,1459.788,0,528.647,0,52.064,1680,1227,2.050,1.670,0.960,2,0,0,0,0,11,32,0,19,0
04-05 23:33:58,22.998,3.000,73.244,0,0,1471532,1023484,175976,5261556,2597.780,1457.877,0,35.997,0,4.000,1690,1162,2.050,1.670,0.960,2,0,2.000,0,0,11,32,0,19,0
04-05 23:33:59,12.785,15.793,70.443,0,0,1452944,1041908,175984,5261708,4169.410,1462.001,0,264.724,0,3.008,4577,3358,2.050,1.670,0.960,3,0,286.785,0,0,11,32,0,19,0
04-05 23:34:00,9.965,19.931,68.760,0,0,1406792,1087888,175988,5261868,2469.391,1452.935,0,709.526,0,9.965,5482,4039,2.050,1.670,0.960,1,0,377.683,0,0,11,32,0,19,0
04-05 23:34:01,8.020,21.553,69.422,0,0,1395108,1099528,175988,5261904,4179.371,1461.627,0,1591.950,0,14.035,5810,4358,1.970,1.660,0.960,1,0,415.030,0,0,11,32,0,16,0
04-05 23:34:02,11.726,16.217,70.359,0,0,1421196,1073412,175988,5261924,2532.922,1455.083,0,0,0,0,4722,3515,1.970,1.660,0.960,3,0,289.420,0,0,11,32,0,16,0
04-05 23:34:03,22.243,3.749,73.228,0,0,1464616,1030004,175988,5261912,5356.380,1457.559,0,0,0,0,1774,1247,1.970,1.660,0.960,3,0,0,0,0,11,32,0,16,0
04-05 23:34:04,22.755,3.001,73.765,0,0,1491744,1002868,175992,5261912,2238.458,1458.299,0,228.047,0,3.001,1765,1134,1.970,1.660,0.960,1,0,2.000,0,0,11,32,0,16,0
04-05 23:34:05,23.755,2.751,73.017,0,0,1447184,1047408,175992,5261932,2358.537,1458.332,0,16.004,0,1.000,1779,1217,1.970,1.660,0.960,1,0,2.000,0,0,11,32,0,13,0
04-05 23:34:06,23.251,2.750,72.503,0.250,0,1449904,1044700,175992,5261920,2273.095,1338.056,0,1152.048,0,14.001,2012,1643,1.890,1.650,0.960,1,0,0,0,0,11,32,0,13,0
04-05 23:34:07,22.960,3.494,72.623,0,0,1471904,1022688,176000,5261924,2353.888,1455.457,0,491.142,0,31.944,1857,1278,1.890,1.650,0.960,1,0,1.997,0,0,11,32,0,13,0
04-05 23:34:08,22.770,3.503,73.063,0,0,1474356,1020212,176000,5261948,4373.794,1459.266,0,472.410,0,87.076,1787,1231,1.890,1.650,0.960,1,0,1.001,0,0,11,32,0,13,0
04-05 23:34:09,23.004,3.001,73.512,0,0,1505420,989160,176000,5261936,2722.460,1458.246,0,0,0,0,1784,1283,1.890,1.650,0.960,1,0,2.000,0,0,11,32,0,11,0
04-05 23:34:10,22.514,2.752,73.545,0,0,1491336,1003244,176000,5261936,2659.630,1458.894,0,12.007,0,1.001,1585,1005,1.890,1.650,0.960,2,0,1.001,0,0,11,32,0,11,0
04-05 23:34:11,23.226,3.746,73.175,0,0,1481232,1013336,176000,5261948,2732.206,1456.510,0,0,0,0,1781,1268,1.820,1.640,0.960,1,0,0,0,0,11,32,0,11,0
04-05 23:34:12,22.524,4.004,72.077,0,0,1505552,989008,176000,5261928,2660.843,1459.559,0,0,0,0,1855,1122,1.820,1.640,0.960,1,0,8.009,0,0,11,32,0,11,0
04-05 23:34:13,23.755,2.751,73.516,0.250,0,1477260,1017280,176000,5261948,2538.542,1458.312,0,80.017,0,4.001,1648,1058,1.820,1.640,0.960,1,0,1.000,0,0,11,32,0,8,0
04-05 23:34:14,22.253,3.500,73.260,0,0,1468328,1026224,176000,5261936,4098.577,1458.205,0,0,0,0,1729,1249,1.820,1.640,0.960,1,0,0,0,0,11,32,0,8,0
04-05 23:34:15,23.289,3.005,72.873,0,0,1498420,996132,176000,5261936,2722.605,1460.470,0,12.020,0,1.002,1780,1216,1.820,1.640,0.960,1,0,3.005,0,0,11,32,0,8,0
04-05 23:34:16,23.460,2.745,72.876,0,0,1466156,1028380,176004,5261948,2550.657,1455.522,0,127.782,0,10.981,1906,1518,1.750,1.620,0.960,2,0,0.998,0,0,11,32,0,8,0
04-05 23:34:17,22.935,2.992,73.044,0.249,0,1492912,1001640,176016,5261920,2309.483,1292.353,0,351.010,0,22.935,1723,1252,1.750,1.620,0.960,1,0,0,0,0,11,32,0,5,0
04-05 23:34:18,29.082,6.769,63.429,0,0.251,1503340,991212,176016,5261920,2424.855,1462.133,0,172.488,0,34.096,2842,14704,1.750,1.620,0.960,1,0,38.108,0,0,11,32,0,6,0
04-05 23:34:19,23.711,2.745,73.130,0,0,1471128,1023396,176016,5261948,5708.613,1455.606,0,43.928,0,2.995,1693,1090,1.750,1.620,0.960,1,0,0.998,0,0,11,32,0,6,0
04-05 23:34:20,23.262,3.002,73.787,0,0.250,1480468,1014144,176016,5261860,2539.281,1458.736,0,0,0,0,1696,1169,1.750,1.620,0.960,2,0,2.001,0,0,11,32,0,6,0
04-05 23:34:21,23.241,2.499,73.472,0,0,1499244,995368,176016,5261860,2853.903,1457.440,0,87.966,0,1.000,1641,1047,1.690,1.610,0.960,1,0,0,0,0,11,32,0,4,0
04-05 23:34:22,23.318,2.507,73.465,0,0,1458828,1035688,176016,5261956,2665.788,1462.272,0,72.211,0,1.003,1738,1173,1.690,1.610,0.960,1,0,1.003,0,0,11,32,0,4,0
04-05 23:34:23,22.965,2.995,73.638,0.250,0,1446984,1047532,176016,5261956,2594.040,1455.778,0,87.866,0,2.995,1599,1219,1.690,1.610,0.960,1,0,0.998,0,0,11,32,0,4,0
04-05 23:34:24,22.000,4.000,73.249,0,0,1473460,1021056,176016,5261956,2537.971,1457.983,0,119.999,0,28.000,1771,1286,1.690,1.610,0.960,1,0,0,0,0,11,32,0,4,0
04-05 23:34:25,23.504,2.750,72.763,0,0.250,1503356,991180,176016,5261936,4278.766,1458.261,0,4.001,0,1.000,1824,1308,1.690,1.610,0.960,1,0,1.000,0,0,11,32,0,3,0
04-05 23:34:26,22.498,3.500,72.993,0,0,1517056,977472,176016,5261944,2734.726,1457.854,0,127.987,0,9.999,1875,1534,1.640,1.600,0.960,1,0,2.000,0,0,11,32,0,3,0
04-05 23:34:27,23.726,2.747,73.175,0,0,1469952,1024552,176016,5261968,2341.593,1402.558,0,643.339,0,66.931,1782,1271,1.640,1.600,0.960,1,0,0.999,0,0,11,32,0,3,0
04-05 23:34:28,23.268,2.502,73.308,0,0,1499716,994812,176016,5261944,2451.925,1393.094,0,24.019,0,1.001,1669,1154,1.640,1.600,0.960,1,0,0,0,0,11,32,0,3,0
04-05 23:34:29,22.255,3.501,73.265,0,0,1481052,1013464,176016,5261956,2598.543,1458.305,0,0,0,0,1767,1244,1.640,1.600,0.960,1,0,1.000,0,0,11,32,0,3,0
04-05 23:34:30,23.020,3.503,73.814,0,0,1496736,997780,176016,5261956,2600.256,1459.266,0,0,0,0,1702,1092,1.640,1.600,0.960,1,0,2.002,0,0,11,32,0,3,0
04-05 23:34:31,22.001,4.000,73.005,0,0,1465388,1029088,176016,5261992,2735.175,1458.093,0,16.001,0,2.000,1908,1201,1.590,1.590,0.960,2,0,23.001,0,0,11,32,0,3,0
04-05 23:34:32,8.248,21.995,67.736,0,0,1442832,1051616,176020,5262012,2777.408,1457.690,0,427.909,0,15.997,5628,4086,1.590,1.590,0.960,1,0,401.914,0,0,11,32,0,3,0
04-05 23:34:33,20.985,4.996,73.446,0,0,1438540,1055900,176020,5262020,2596.083,1498.893,0,0,0,0,2035,1496,1.590,1.590,0.960,1,0,34.974,0,0,11,32,0,1,0
04-05 23:34:34,23.249,2.750,73.748,0,0,1460416,1034012,176020,5262032,2597.933,1457.963,0,0,0,0,1639,945,1.590,1.590,0.960,2,1,0,0,0,11,32,0,1,0
04-05 23:34:35,22.506,3.001,73.271,0,0,1421680,1072500,176020,5262276,2898.835,1458.420,0,136.039,0,31.009,1822,1173,1.590,1.590,0.960,1,0,10.003,0,0,11,32,0,1,0
04-05 23:34:36,22.989,3.498,73.714,0,0,1425452,1068724,176020,5262280,2853.617,1457.294,0,0,0,0,1708,1167,1.540,1.580,0.960,1,0,0,0,0,11,32,0,1,0
04-05 23:34:37,23.230,2.748,73.687,0,0,1428324,1065848,176020,5262280,2595.775,1456.752,0,151.870,0,3.997,1716,995,1.540,1.580,0.960,1,0,11.990,0,0,11,32,0,1,0
04-05 23:34:38,8.528,22.322,66.967,0.251,0,1421572,1072456,176020,5262424,2712.801,1408.570,40.130,112.365,2.007,4.013,5584,4166,1.540,1.580,0.960,1,0,404.312,0,0,11,32,0,1,0
04-05 23:34:39,8.255,22.515,68.295,0,0,1417296,1076708,176020,5262448,2695.770,1444.949,0,84.055,0,3.002,5474,4012,1.540,1.580,0.960,1,0,365.240,0,0,11,32,0,1,0
04-05 23:34:40,7.739,22.467,67.901,0,0,1414864,1079116,176020,5262468,2414.462,1455.867,0,327.520,0,30.955,5761,4227,1.540,1.580,0.960,3,0,414.393,0,0,11,32,0,1,0
04-05 23:34:41,8.760,21.274,68.828,0,0,1400276,1093672,176020,5262500,2377.700,1459.657,0,528.600,0,6.007,5662,4171,1.490,1.570,0.960,1,0,396.450,0,0,11,32,0,1,0
04-05 23:34:42,8.984,21.462,67.629,0,0,1396360,1097564,176020,5262520,2635.286,1617.108,0,1082.065,0,12.977,5668,4273,1.490,1.570,0.960,1,0,420.248,0,0,11,32,0,1,0
04-05 23:34:43,8.764,21.785,68.109,0,0,1394496,1099396,176020,5262544,2361.782,1460.338,0,921.476,0,11.018,5532,3946,1.490,1.570,0.960,1,0,375.601,0,0,11,32,0,1,0
04-05 23:34:44,8.997,20.743,68.977,0,0,1384816,1109056,176020,5262564,2477.174,1457.514,0,607.797,0,7.997,5523,4084,1.490,1.570,0.960,1,0,379.873,0,0,11,32,0,1,0
04-05 23:34:45,8.230,20.950,69.585,0,0,1392632,1101212,176020,5262592,2591.857,1454.553,0,299.291,0,33.920,5754,4249,1.490,1.570,0.960,1,0,391.073,0,0,11,32,0,1,0
04-05 23:34:46,8.780,21.072,68.986,0,0,1387472,1106336,176020,5262620,2746.393,1463.004,0,280.961,0,8.027,5595,4136,1.450,1.560,0.960,1,0,390.335,0,0,11,32,0,1,0
04-05 23:34:47,8.494,21.984,68.201,0,0,1376248,1117540,176020,5262640,2898.918,1456.953,0,155.888,0,13.990,5814,4302,1.450,1.560,0.960,2,0,431.690,0,0,11,32,0,1,0
04-05 23:34:48,10.006,19.761,68.538,0,0,1351524,1142200,176036,5262704,2539.418,1458.814,0,124.069,0,6.003,5471,4096,1.450,1.560,0.960,1,0,364.203,0,0,11,32,0,1,0
04-05 23:34:49,32.237,28.738,37.485,0.500,0,1380832,1112828,176056,5262712,2596.932,1457.401,0,779.679,0,45.981,6542,5551,1.450,1.560,0.960,5,0,560.769,0,0,11,34,0,4,0
04-05 23:34:50,64.267,15.004,20.505,0.250,0,1526448,967084,176080,5262812,2358.630,1458.389,0,484.129,0,37.010,4530,3031,1.450,1.560,0.960,5,0,164.044,0,0,11,32,0,7,0
04-05 23:34:51,65.992,8.249,23.747,1.000,0,1647580,843352,176124,5265108,2974.655,1457.831,15.998,4051.530,1.000,360.958,4883,3877,1.580,1.590,0.970,4,0,11.999,0,0,11,34,0,7,0
04-05 23:34:52,51.011,9.252,26.006,11.252,0.250,1572780,908876,176748,5272812,2658.572,1458.314,428.092,54795.793,9.002,3864.832,15360,29291,1.580,1.590,0.970,1,1,82.018,0,0,11,36,0,8,0
04-05 23:34:53,43.251,11.750,30.251,11.250,0,1618940,851784,177040,5283036,4098.082,1458.029,0,62573.257,0,4812.097,17259,35504,1.580,1.590,0.970,7,1,142.003,0,0,11,36,0,8,0
04-05 23:34:54,42.160,9.230,32.930,12.723,0,1645164,816780,177376,5291180,7869.212,6487.160,0,73575.037,0,5389.502,18578,36575,1.580,1.590,0.970,5,2,44.904,0,0,11,37,0,8,0
04-05 23:34:55,44.849,8.018,33.825,10.022,0,1649720,803424,177888,5299144,6483.324,4943.923,0,60878.498,0,4719.427,16786,33440,1.580,1.590,0.970,4,0,43.095,0,0,11,37,0,8,0
04-05 23:34:57,41.240,21.365,28.321,7.453,0,1554276,893604,178240,5303864,3630.082,2277.620,254.394,52810.584,1.987,3548.596,15108,27506,1.690,1.610,0.980,2,0,291.162,0,0,11,34,0,9,0
04-05 23:34:57,47.575,18.780,19.531,11.017,0,1594124,848120,178360,5309552,4224.662,1460.303,116.183,45912.396,4.006,3385.338,15757,29436,1.690,1.610,0.980,6,0,163.257,0,0,11,34,0,9,0
04-05 23:34:58,48.489,17.335,25.878,7.286,0,1624504,814592,178408,5312076,8045.655,6533.201,1137.607,20928.151,23.114,2153.615,13196,22635,1.690,1.610,0.980,3,0,156.773,0,0,11,35,0,9,0
04-05 23:34:59,34.710,12.236,42.201,8.490,0,1620528,815464,178528,5314984,11867.304,9997.462,667.230,38195.918,11.986,3198.309,16263,29854,1.690,1.610,0.980,2,1,142.835,0,0,11,35,0,9,0
04-05 23:35:00,36.037,7.007,44.295,9.760,0,1614516,822420,178772,5313792,9347.565,7467.641,0,62443.897,0,4717.828,18037,35181,1.690,1.610,0.980,2,0,12.012,0,0,11,34,0,9,0
04-05 23:35:01,38.502,9.500,39.252,10.000,0,1541416,893444,179008,5315588,2795.124,1458.065,0,43933.946,0,3990.177,13531,26748,1.640,1.600,0.990,1,1,72.003,0,0,11,34,0,9,0
04-05 23:35:02,36.945,6.990,42.188,10.734,0,1573636,860460,179068,5316268,4258.705,3424.937,0,44973.521,0,3975.124,14071,28463,1.640,1.600,0.990,1,1,29.956,0,0,11,37,0,9,0
04-05 23:35:03,40.797,5.757,44.301,8.009,0,1572512,860244,179080,5317556,7913.071,6413.352,0,38804.484,0,3314.800,12120,25063,1.640,1.600,0.990,2,0,30.034,0,0,11,37,0,9,0
04-05 23:35:04,33.511,6.502,48.266,8.003,0,1567120,863396,179172,5319648,10959.612,9321.072,0,37060.215,0,3440.134,15630,30823,1.640,1.600,0.990,2,1,51.017,0,0,11,37,0,9,0
04-05 23:35:05,33.255,10.252,44.256,9.751,0,1525160,902320,179328,5322440,8383.230,6913.015,0,49991.337,0,4031.592,16542,31141,1.640,1.600,0.990,3,0,111.016,0,0,11,36,0,10,0
04-05 23:35:06,36.236,8.997,40.984,11.496,0,1566876,857744,179456,5325096,2554.034,1457.449,0,54183.505,0,4429.325,16062,32173,1.910,1.660,1.010,1,1,50.981,0,0,11,36,0,10,0
04-05 23:35:07,36.176,8.233,42.663,10.728,0,1583708,837840,179496,5328008,7989.615,6529.609,0,50795.829,0,4220.345,16763,32521,1.910,1.660,1.010,2,0,95.804,0,0,11,37,0,10,0
04-05 23:35:08,36.505,7.501,45.507,8.751,0,1581316,838480,179528,5329680,9139.358,7339.091,0,43230.425,0,3710.551,15861,30519,1.910,1.660,1.010,3,0,39.006,0,0,11,37,0,10,0
04-05 23:35:09,34.053,7.011,47.323,9.014,0,1580668,844812,179588,5323944,11868.339,9896.292,0,41327.861,0,3758.808,17100,33558,1.910,1.660,1.010,2,0,9.014,0,0,11,37,0,10,0
04-05 23:35:11,39.024,9.445,40.516,8.451,0,1507036,917604,179656,5324708,3289.985,1580.863,0,50989.305,0,3901.451,15401,27861,1.910,1.660,1.010,2,0,65.621,0,0,11,34,0,11,0
04-05 23:35:11,36.060,12.020,50.835,0.250,0,1446692,977892,179656,5324764,3349.611,2150.603,0,2063.457,0,213.357,4370,2800,1.910,1.660,1.010,0,0,212.356,0,0,11,33,0,11,0
04-05 23:35:12,18.083,3.014,77.606,0,0,1447212,977324,179656,5324780,10448.895,9064.549,0,650.984,0,29.134,2675,2865,1.910,1.660,1.010,1,0,7.032,0,0,11,33,0,11,0
04-05 23:35:13,17.463,2.744,76.839,0.748,0,1445172,979200,179660,5324940,11359.126,9348.352,0,5731.953,0,300.369,4947,6622,1.910,1.660,1.010,1,0,0,0,0,11,33,0,11,0
04-05 23:35:14,18.484,5.995,74.937,0,0,1370152,1054016,179660,5325144,6694.369,5501.373,0,7.993,0,0.999,3449,3251,1.910,1.660,1.010,1,0,54.954,0,0,11,32,0,12,0
04-05 23:35:15,23.250,3.000,72.749,0,0,1422064,1002104,179660,5325144,2417.956,1457.973,0,91.998,0,7.000,1809,1380,1.910,1.660,1.010,1,0,1.000,0,0,11,32,0,12,0
04-05 23:35:16,18.532,2.003,78.636,0,0,1437280,986796,179660,5325236,8443.634,7147.387,0,328.569,0,7.012,2005,1797,1.840,1.650,1.010,1,0,0,0,0,11,33,0,12,0
04-05 23:35:17,18.717,4.991,74.370,0,0,1408400,1015664,179660,5325248,5881.699,4569.996,0,0,0,0,3071,3178,1.840,1.650,1.010,1,0,33.941,0,0,11,32,0,13,0
04-05 23:35:18,24.497,3.749,71.740,0,0,1414972,1009088,179660,5325596,2537.655,1499.796,0,71.990,0,4.999,1927,1247,1.840,1.650,1.010,2,0,13.998,0,0,11,32,0,13,0
04-05 23:35:20,20.671,3.985,73.221,0,0,1413652,1010388,179664,5325268,7935.735,7259.315,0,227.134,0,19.924,3088,14227,1.840,1.650,1.010,0,0,21.916,0,0,11,33,0,13,0
04-05 23:35:20,19.580,6.527,73.049,0.251,0,1397136,1026768,179664,5325404,4198.167,2362.661,0,204.838,0,20.082,2955,2661,1.840,1.650,1.010,1,0,60.246,0,0,11,32,0,14,0
04-05 23:35:21,22.750,3.000,73.750,0,0,1437512,986392,179664,5325404,2615.010,1458.006,0,120.000,0,9.000,1655,1092,1.770,1.640,1.010,1,0,0,0,0,11,32,0,14,0
04-05 23:35:22,16.794,2.256,79.711,0,0,1433316,990572,179664,5325420,9901.190,9194.320,0,164.435,0,10.027,2457,2788,1.770,1.640,1.010,0,0,0,0,0,11,33,0,14,0
04-05 23:35:23,18.196,5.484,74.529,0,0,1419860,1003880,179664,5325564,6091.969,4229.482,0,4295.287,0,37.888,3010,2804,1.770,1.640,1.010,1,0,42.873,0,0,11,32,0,15,0
04-05 23:35:24,23.501,3.250,73.255,0,0,1459544,964192,179664,5325568,2238.138,1458.090,0,212.013,0,4.000,1748,1123,1.770,1.640,1.010,1,0,0,0,0,11,32,0,15,0
04-05 23:35:25,17.477,2.247,78.895,0,0,1461148,962580,179664,5325576,9616.187,8418.782,0,15.979,0,2.996,2513,2574,1.770,1.640,1.010,1,0,0.999,0,0,11,33,0,15,0
04-05 23:35:26,15.279,7.013,76.645,0.501,0,1419688,1004024,179664,5325592,6606.502,5333.092,0,124.235,0,13.025,3647,3608,1.710,1.630,1.010,2,0,84.159,0,0,11,32,0,16,0
04-05 23:35:27,8.767,22.042,67.378,0,0,1414036,1009508,179664,5325760,2542.847,1460.785,0,1346.567,0,161.307,5877,4278,1.710,1.630,1.010,1,0,438.837,0,0,11,32,0,16,0
04-05 23:35:28,50.297,17.516,31.529,0.250,0,1425232,998280,179664,5325792,2540.376,1459.365,0,1177.101,0,111.104,5447,4114,1.710,1.630,1.010,3,0,275.257,0,0,11,32,0,22,0
04-05 23:35:29,67.501,8.250,23.750,0.250,0,1541308,881352,179664,5326644,2838.034,1500.018,0,612.007,0,45.001,4052,2009,1.710,1.630,1.010,3,0,3.000,0,0,11,32,0,22,0
04-05 23:35:30,68.494,6.749,23.998,0,0,1657388,762968,179696,5328764,2777.769,1457.879,0,1711.858,0,51.996,3875,1659,1.710,1.630,1.010,3,0,0,0,0,11,32,0,22,0
04-05 23:35:31,69.261,6.751,23.754,0.250,0,1764500,653096,179728,5331144,2975.465,1458.228,0,4468.699,0,113.018,3885,1658,1.820,1.650,1.020,3,0,6.001,0,0,11,32,0,22,0
04-05 23:35:32,42.696,7.740,37.203,7.990,0.250,1776376,631172,179796,5340728,2894.363,1456.170,0,56712.739,0,4068.887,17379,32201,1.820,1.650,1.020,2,0,152.808,0,0,11,38,0,22,0
04-05 23:35:33,33.533,9.760,43.543,11.511,0,1775444,621608,179876,5350744,2540.481,1459.425,0,86620.581,0,6411.260,22528,45368,1.820,1.650,1.020,1,1,225.220,0,0,11,38,0,22,0
04-05 23:35:34,29.446,9.732,45.167,11.978,0,1774544,615056,179944,5357904,2533.355,1455.332,0,88928.963,0,6441.191,21782,43731,1.820,1.650,1.020,2,1,131.758,0,0,11,38,0,22,0
04-05 23:35:35,44.070,11.017,30.799,12.019,0,1703616,679168,180024,5364428,2556.048,1514.398,0,54578.436,0,4208.665,17565,32845,1.820,1.650,1.020,6,1,220.349,0,0,11,36,0,22,0
04-05 23:35:36,45.625,10.970,29.420,10.970,0,1741368,633964,180076,5371552,2548.040,1454.029,0,73519.195,0,5184.838,18548,36958,1.990,1.690,1.040,5,0,90.752,0,0,11,36,0,22,0
04-05 23:35:37,46.356,10.023,30.821,10.524,0,1779784,584868,180108,5381776,4318.880,1569.591,0,72806.560,0,4820.027,15888,32645,1.990,1.690,1.040,2,1,0,0,0,11,36,0,22,0
04-05 23:35:38,43.034,9.007,33.026,11.759,0,1810596,547820,180140,5387720,2660.120,1459.163,0,62934.158,0,4914.917,17469,35160,1.990,1.690,1.040,3,0,65.052,0,0,11,38,0,22,0
04-05 23:35:39,38.396,11.718,35.903,10.222,0,1748812,606216,180164,5390996,4206.591,1454.056,0,74007.284,0,5588.842,18801,38000,1.990,1.690,1.040,6,0,152.586,0,0,11,36,0,22,0
04-05 23:35:40,36.095,11.280,51.385,0.501,0,1428244,926612,180164,5391164,2849.482,1556.086,0,1391.654,0,133.350,4614,3684,1.990,1.690,1.040,5,0,211.556,0,0,11,32,0,22,0
04-05 23:35:41,21.992,4.498,72.224,0.500,0,1444180,910656,180164,5391180,2706.021,1349.512,0,1955.293,0,113.959,2387,2024,1.910,1.680,1.040,2,0,41.985,0,0,11,32,0,22,0
04-05 23:35:42,22.481,3.247,73.188,0,0,1481936,872900,180164,5391180,3029.428,1510.717,0,1147.026,0,64.945,1863,1364,1.910,1.680,1.040,3,0,0,0,0,11,32,0,22,0
04-05 23:35:43,23.706,2.745,72.367,0.499,0,1516212,838624,180164,5391180,2726.982,1509.223,0,5198.434,0,314.421,2296,2394,1.910,1.680,1.040,2,0,1.996,0,0,11,32,0,22,0
04-05 23:35:44,25.259,1.000,73.026,0,0,1516456,838372,180164,5391184,2598.923,1458.518,0,608.216,0,43.015,2035,1667,1.910,1.680,1.040,4,0,0,0,0,11,34,0,22,0
04-05 23:35:45,21.490,4.998,72.716,0,0,1450720,904104,180164,5391188,2716.745,1457.327,0,39.982,0,3.998,2044,1450,1.910,1.680,1.040,2,0,28.987,0,0,11,32,0,22,0
04-05 23:35:46,23.002,2.750,73.756,0,0,1479196,875628,180164,5391188,2795.231,1458.120,0,0,0,0,1643,1061,1.840,1.670,1.040,2,0,0,0,0,11,32,0,22,0
04-05 23:35:47,23.571,3.009,72.469,0.251,0,1508588,846232,180164,5391192,2124.425,1462.423,0,397.201,0,25.076,2001,1677,1.840,1.670,1.040,3,0,2.006,0,0,11,34,0,22,0
04-05 23:35:48,17.505,18.755,62.518,0,0,1440248,914508,180164,5391252,2298.671,1458.426,0,28.008,0,7.002,4475,3698,1.840,1.670,1.040,2,0,401.117,0,0,11,32,0,22,0
04-05 23:35:49,13.248,36.995,47.493,0,0,1444152,910548,180164,5391304,2417.663,1457.797,0,571.920,0,75.989,7194,6574,1.840,1.670,1.040,2,0,860.880,0,0,11,32,0,22,0
04-05 23:35:50,8.000,22.249,68.497,0.250,0,1432256,922380,180164,5391368,2537.906,1457.946,0,111.996,0,13.000,5568,3821,1.840,1.670,1.040,1,0,410.985,0,0,11,32,0,22,0
04-05 23:35:51,9.232,19.213,69.865,0,0,1443092,911520,180164,5391392,2909.382,1455.190,0,7.985,0,1.996,5571,4065,1.770,1.660,1.040,2,0,350.324,0,0,11,32,0,16,0
04-05 23:35:52,9.266,21.035,68.365,0,0,1396572,957996,180164,5391432,2902.889,1460.460,0,28.047,0,7.012,5408,3745,1.770,1.660,1.040,1,0,303.511,0,0,11,32,0,16,0
04-05 23:35:53,14.708,18.198,65.066,0,0.249,1402656,951888,180164,5391888,2889.821,1453.885,0,19.944,0,4.986,5725,5370,1.770,1.660,1.040,1,0,261.261,0,0,11,32,0,16,0
04-05 23:35:54,30.596,16.050,52.916,0,0,1407548,946976,180164,5391808,5796.136,1462.576,0,8.025,0,2.006,5590,5895,1.770,1.660,1.040,3,0,183.574,0,0,11,32,0,16,0
04-05 23:35:55,44.792,5.972,48.027,0.249,0,1494900,859540,180164,5391992,2944.315,1451.255,0,1505.005,0,190.116,2843,1383,1.770,1.660,1.040,3,0,9.954,0,0,11,33,0,15,0
04-05 23:35:56,44.070,6.510,48.326,0,0,1561888,792508,180164,5392036,2679.235,1460.308,0,0,0,0,2609,1319,1.790,1.660,1.040,3,0,0,0,0,11,33,0,15,0
04-05 23:35:57,48.585,3.506,47.833,0.501,0,1603524,750424,180168,5392432,2542.430,1460.545,104.182,621.082,1.002,37.065,3791,3216,1.790,1.660,1.040,4,2,17.030,0,0,11,49,0,15,0
04-05 23:35:58,46.909,5.240,45.911,0.250,0,1664116,687452,180216,5394464,4163.957,1509.085,0,850.357,0,51.900,3739,4312,1.790,1.660,1.040,4,0,1.996,0,0,11,49,0,15,0
04-05 23:35:59,19.792,17.538,61.382,0,0,1672232,677396,180216,5396268,2469.302,1407.021,0,809.739,0,77.166,6095,8195,1.790,1.660,1.040,3,0,255.549,0,0,11,48,0,15,0
04-05 23:36:00,19.707,15.217,63.363,0,0,1670608,678964,180216,5396704,3963.414,1454.848,0,0,0,0,6060,8122,1.790,1.660,1.040,1,0,209.546,0,0,11,48,0,15,0
04-05 23:36:01,8.747,2.999,87.219,0,0,1675324,674252,180216,5396284,2494.117,1457.484,0,3.999,0,1.000,1654,1800,1.650,1.640,1.040,1,0,27.990,0,0,11,48,0,15,0
04-05 23:36:02,0.500,0.500,97.477,0,0,1675324,674252,180216,5396284,4336.958,1499.640,0,0,0,0,700,999,1.650,1.640,1.040,0,0,2.999,0,0,11,48,0,15,0
04-05 23:36:03,1.000,1.250,97.776,0,0,1675324,674252,180216,5396284,2538.666,1458.383,0,0,0,0,741,1024,1.650,1.640,1.040,0,0,3.001,0,0,11,48,0,15,0
04-05 23:36:05,0.498,0.498,97.161,0,0,1675316,674252,180216,5396288,2529.184,1452.936,0,2024.942,0,14.948,711,1021,1.650,1.640,1.040,0,0,0.997,0,0,11,48,0,15,0
04-05 23:36:05,4.777,6.286,88.505,0.251,0,1661976,687612,180216,5396276,2673.267,1466.374,0,5362.625,0,319.826,2549,2337,1.650,1.640,1.040,1,0,89.511,0,0,11,48,0,15,0
04-05 23:36:06,24.196,13.969,60.864,0,0,1656180,693376,180216,5396288,2609.154,1454.741,0,0,0,0,5525,7509,1.510,1.610,1.030,4,0,200.551,0,0,11,48,0,15,0
04-05 23:36:07,12.293,16.307,69.241,0.251,0,1708824,640664,180216,5396324,2546.877,1463.100,0,903.148,0,58.203,5298,5508,1.510,1.610,1.030,2,1,292.018,0,0,12,64,0,15,0
04-05 23:36:08,17.210,16.961,64.601,0,0,1701364,648048,180216,5396352,3007.055,1692.092,0,115.733,0,12.970,5346,5839,1.510,1.610,1.030,3,0,227.475,0,0,12,64,0,14,0
04-05 23:36:09,16.737,12.491,68.698,0,0,1708372,640992,180216,5396424,2715.962,1456.907,0,3.997,0,0.999,4664,5273,1.510,1.610,1.030,0,0,155.883,0,0,12,64,0,14,0
04-05 23:36:10,6.248,9.747,82.973,0,0,1713100,636212,180216,5396492,2657.144,1457.530,0,231.925,0,12.996,2865,2751,1.510,1.610,1.030,3,0,182.941,0,0,13,64,0,14,0
04-05 23:36:11,19.550,16.041,63.411,0,0,1702580,646716,180216,5396856,2862.263,1461.709,0,20.051,0,4.010,5615,6659,1.470,1.600,1.030,1,0,174.443,0,0,14,64,0,14,0
04-05 23:36:12,13.963,14.712,70.316,0,0,1677924,671332,180216,5396544,2915.372,1454.195,0,15.958,0,3.990,4415,3698,1.470,1.600,1.030,1,0,253.337,0,0,14,66,0,14,0
04-05 23:36:13,8.022,20.306,69.440,0,0,1676580,672640,180216,5396580,3005.233,1558.269,0,20.055,0,5.014,5239,3744,1.470,1.600,1.030,1,0,311.854,0,0,14,66,0,14,0
04-05 23:36:14,13.956,18.442,66.293,0,0,1674748,674456,180216,5397036,2769.361,1453.466,0,315.017,0,6.978,5331,5264,1.470,1.600,1.030,1,0,240.251,0,0,14,66,0,14,0
04-05 23:36:15,24.846,17.317,57.221,0,0,1687840,661328,180216,5396608,2788.795,1463.665,0,144.560,0,7.027,5556,5649,1.470,1.600,1.030,2,0,223.867,0,0,14,66,0,14,0
04-05 23:36:16,30.458,23.717,45.188,0,0,1740992,608112,180224,5396664,2851.077,1497.939,0,395.456,0,7.989,6045,4620,1.430,1.590,1.030,2,0,420.422,0,0,14,66,0,13,0
04-05 23:36:17,29.968,23.725,44.703,0,0,1785740,563348,180248,5396652,2535.314,1456.457,0,1290.633,0,18.980,6361,5021,1.430,1.590,1.030,2,1,471.501,0,0,14,66,0,13,0
04-05 23:36:18,31.505,24.004,43.007,0.500,0,1806244,541192,180280,5398156,2658.463,1548.270,8.001,660.115,1.000,38.007,6554,7871,1.430,1.590,1.030,3,0,372.065,0,0,14,70,0,15,0
04-05 23:36:20,43.041,20.898,34.333,0,0,1901996,445268,180280,5398744,4137.900,1450.952,0,47.768,0,5.971,6452,17259,1.430,1.590,1.030,5,0,238.840,0,0,14,70,0,16,0
04-05 23:36:20,54.889,19.639,25.178,0,0,1943052,404192,180280,5398656,2556.094,1468.395,0,0,0,0,4761,4849,1.430,1.590,1.030,4,0,233.654,0,0,14,70,0,13,0
04-05 23:36:21,75.265,24.005,1.250,0,0,2057308,289556,180280,5399140,2795.566,1458.295,0,608.123,0,10.002,5137,3838,1.640,1.630,1.050,3,0,348.070,0,0,14,70,0,13,0
04-05 23:36:22,62.066,18.695,17.947,0,0,2121944,224428,180284,5400056,2590.334,1453.698,0,15.953,0,3.988,5934,9130,1.640,1.630,1.050,4,0,197.416,0,0,14,70,0,13,0
04-05 23:36:23,71.121,23.208,6.239,0,0,2167564,178152,180304,5400124,4150.489,1455.366,0,910.353,0,40.926,5378,4665,1.640,1.630,1.050,5,0,323.415,0,0,14,70,0,13,0
04-05 23:36:24,66.690,23.567,4.764,4.011,0,2276964,179116,172520,5299784,2605.424,1462.166,393.120,1436.092,66.189,75.214,6093,6419,1.640,1.630,1.050,6,0,329.940,0,0,14,74,0,12,0
04-05 23:36:25,80.306,15.712,3.242,0.249,0,2395428,146548,167148,5220876,2950.881,1496.390,87.788,2015.139,10.974,90.781,5954,6411,1.640,1.630,1.050,6,0,76.815,0,0,14,74,0,12,0
04-05 23:36:27,61.590,24.935,7.481,3.990,0,2458764,172724,167100,5133924,2907.424,1454.211,1332.528,29343.541,90.764,2215.228,12979,21312,2.070,1.720,1.080,5,1,322.161,0,0,14,76,0,12,0
04-05 23:36:28,69.911,25.717,3.995,0.499,0,2558944,144380,167076,5064612,2774.487,1456.156,7.990,18232.911,1.997,1828.684,13839,24287,2.070,1.720,1.080,16,0,327.585,0,0,14,76,0,12,0
04-05 23:36:28,76.253,15.855,5.537,1.510,0.252,2602372,172964,166744,4994204,2736.052,1558.281,52.345,2275.010,3.020,134.890,7127,10000,2.070,1.720,1.080,6,0,95.631,0,0,14,80,0,8,0
04-05 23:36:29,73.898,23.967,1.498,0,0,2660540,179356,166308,4931308,2534.508,1455.994,551.241,1334.162,26.963,74.897,6961,11289,2.070,1.720,1.080,7,0,326.550,0,0,14,84,0,13,0
04-05 23:36:30,57.657,22.214,18.720,1.248,0,2753096,160624,166288,4859444,2561.855,1563.470,15.974,3262.721,3.994,339.451,6956,6737,2.070,1.720,1.080,4,0,367.406,0,0,14,93,0,14,0
04-05 23:36:31,47.460,23.605,28.376,0.251,0,2804820,178836,166288,4791804,3992.707,1410.254,84.374,920.080,2.009,53.236,7515,10941,2.060,1.720,1.080,3,0,323.434,0,0,14,93,0,14,0
04-05 23:36:32,50.846,14.955,33.150,0,0,2894796,159156,166232,4722900,4159.399,1507.433,0,885.318,0,45.861,5322,5181,2.060,1.720,1.080,4,0,167.493,0,0,14,95,0,14,0
04-05 23:36:33,62.221,11.245,23.239,2.999,0,2999424,179380,166240,4600516,2356.905,1457.323,999.536,7188.660,12.994,223.896,5526,8003,2.060,1.720,1.080,3,0,36.983,0,0,14,98,0,17,0
04-05 23:36:34,38.979,7.996,51.972,0.250,0,3040436,137664,166256,4601192,2596.582,1457.204,0,603.670,0,38.979,3900,3232,2.060,1.720,1.080,2,0,66.963,0,0,14,101,0,17,0
04-05 23:36:35,8.770,19.795,70.159,0.251,0,3052452,125580,166260,4601256,2603.893,1461.307,0,4590.389,0,226.513,5520,4535,2.060,1.720,1.080,1,0,307.696,0,0,14,101,0,17,0
04-05 23:36:36,7.985,19.463,70.115,0,0,3035328,209396,166260,4536000,2669.872,1455.205,0,67.870,0,6.987,5248,3828,1.980,1.710,1.080,3,0,296.431,0,0,14,101,0,17,0
04-05 23:36:37,9.000,18.750,70.750,0,0,3060440,184248,166260,4536036,2417.996,1457.997,4.000,495.999,1.000,13.000,5189,3956,1.980,1.710,1.080,1,0,320.999,0,0,14,101,0,17,0
04-05 23:36:38,22.246,3.749,72.988,0.250,0,3112836,131832,166260,4536056,2717.557,1547.747,15.997,55.991,1.000,1.000,1761,1354,1.980,1.710,1.080,1,0,0,0,0,14,101,0,17,0
04-05 23:36:39,17.744,2.499,77.223,0.500,0,3119044,191488,166260,4471816,10125.438,7247.451,15.994,139.951,1.999,11.996,2022,1724,1.980,1.710,1.080,4,0,1.999,0,0,14,106,0,17,0
04-05 23:36:40,21.008,5.752,71.777,0.750,0,3055228,255276,166264,4471840,20504.703,18517.956,8.003,248.093,2.001,29.011,3414,3203,1.980,1.710,1.080,1,0,66.025,0,0,14,113,0,18,0
04-05 23:36:41,21.997,3.999,73.240,0.250,0,3109332,201152,166264,4471860,2674.632,1457.799,0,1459.799,0,14.998,1753,1218,1.900,1.700,1.080,1,0,0,0,0,14,113,0,18,0
04-05 23:36:42,18.502,2.000,78.259,0,0,3125960,184520,166264,4471864,8442.960,7123.810,4.000,224.025,1.000,14.002,2112,1958,1.900,1.700,1.080,1,0,0,0,0,14,114,0,18,0
04-05 23:36:43,27.028,4.505,67.819,0.501,0.250,3148000,161880,166276,4472424,3383.461,2284.336,336.344,672.688,18.018,65.067,3272,3647,1.900,1.700,1.080,4,0,5.005,0,0,14,120,0,18,0
04-05 23:36:44,27.719,5.244,62.929,1.498,0,3157596,150076,166280,4474628,4093.409,1456.367,1929.836,1714.078,77.913,234.737,6177,9114,1.900,1.700,1.080,1,0,6.992,0,0,14,129,0,18,0
04-05 23:36:45,31.068,7.266,60.633,0.251,0,3127748,179736,166280,4474768,3699.091,2552.583,80.175,1527.341,4.009,101.221,4640,4648,1.900,1.700,1.080,2,0,101.221,0,0,14,128,0,20,0
04-05 23:36:46,21.197,4.988,72.569,0,0,3184920,122560,166280,4474772,2608.501,1454.376,0,10785.129,0,574.568,2235,1567,1.830,1.690,1.080,1,0,10.973,0,0,14,128,0,20,0
04-05 23:36:47,18.743,2.749,77.470,0,0,3202452,170828,166280,4410524,8377.788,7179.248,0,383.853,0,23.991,2009,1711,1.830,1.690,1.080,1,0,0,0,0,14,129,0,20,0
04-05 23:36:48,19.784,3.005,75.630,1.002,0,3198132,174956,166280,4410716,5459.401,4269.352,80.138,3097.333,7.012,165.285,2925,3451,1.830,1.690,1.080,1,0,0,0,0,14,129,0,20,0
04-05 23:36:49,27.696,5.988,63.377,0.749,0,3217460,155256,166288,4411080,3928.392,2646.874,211.590,826.400,14.971,88.828,4300,5604,1.830,1.690,1.080,2,0,2.994,0,0,14,128,0,21,0
04-05 23:36:50,41.546,11.012,46.801,0,0,3241116,194460,166292,4349492,2660.918,1459.601,0,292.321,0,20.022,3507,2151,1.830,1.690,1.080,3,0,96.105,0,0,14,128,0,21,0
04-05 23:36:51,40.485,5.998,53.231,0,0,3286484,149308,166292,4349408,7094.407,3955.554,0,303.889,0,12.995,2632,1450,1.840,1.690,1.090,6,0,0,0,0,14,129,0,21,0
04-05 23:36:52,26.315,6.266,66.916,0.251,0,3261036,174648,166296,4349512,23714.729,21763.898,4.010,1319.267,1.002,64.159,2988,2083,1.840,1.690,1.090,2,0,55.137,0,0,14,128,0,22,0
04-05 23:36:53,27.249,6.500,65.998,0,0,3354200,146132,166296,4286644,2597.920,1457.955,8.000,327.990,2.000,8.000,2298,1711,1.840,1.690,1.090,2,0,1.000,0,0,14,128,0,22,0
04-05 23:36:54,28.177,3.740,65.831,0,0,3374084,126224,166296,4286772,8235.795,7231.381,7.979,267.312,1.995,22.941,3523,4608,1.840,1.690,1.090,1,0,5.985,0,0,14,131,0,22,0
04-05 23:36:55,20.754,5.751,73.015,0.500,0,3294044,206124,166296,4286912,20437.075,18354.659,112.022,248.049,6.001,21.004,2743,2342,1.840,1.690,1.090,1,0,52.010,0,0,14,130,0,23,0
04-05 23:36:56,22.995,2.500,72.986,0,0,3337640,162528,166296,4286912,4234.165,1457.712,0,135.973,0,9.998,1637,1024,1.770,1.680,1.090,1,0,0,0,0,14,130,0,23,0
04-05 23:36:57,17.040,2.757,79.188,0.501,0,3341192,158772,166296,4287116,9448.402,8072.138,160.380,513.217,11.026,61.145,2489,2817,1.770,1.680,1.090,1,0,0,0,0,14,131,0,23,0
04-05 23:36:58,18.954,8.230,71.077,0.499,0,3339144,160800,166296,4287136,3806.723,2545.796,0,1256.937,0,94.769,3451,3404,1.770,1.680,1.090,2,0,81.801,0,0,14,130,0,24,0
04-05 23:36:59,23.770,3.253,72.060,0.250,0,3384480,153636,166296,4249824,2780.309,1459.212,0,260.216,0,23.019,1866,1430,1.770,1.680,1.090,2,0,0,0,0,14,130,0,24,0
04-05 23:37:00,18.782,2.504,78.634,0,0,3381552,181968,166296,4225204,26396.956,24238.280,0,753.283,0,82.140,1901,1485,1.770,1.680,1.090,1,0,0,0,0,14,130,0,25,0
04-05 23:37:01,20.698,5.486,72.567,0,0,3319564,243940,166296,4225224,2967.501,1454.325,0,151.617,0,11.970,2262,1618,1.710,1.670,1.090,1,0,54.861,0,0,14,130,0,24,0
04-05 23:37:02,19.249,2.250,77.497,0,0,3348496,215000,166296,4225232,8662.696,7237.746,0,167.994,0,11.000,1721,1213,1.710,1.670,1.090,1,0,0,0,0,14,131,0,24,0
04-05 23:37:03,22.267,4.003,69.803,1.751,0,3351256,211976,166300,4225492,3679.789,2400.820,28.021,1761.335,4.003,223.169,4773,7523,1.710,1.670,1.090,2,0,1.001,0,0,14,132,0,24,0
04-05 23:37:04,29.451,3.744,63.894,1.498,0,3356072,206712,166304,4225936,3849.626,2693.541,271.550,5518.863,16.972,381.369,5130,7621,1.710,1.670,1.090,1,0,0.998,0,0,14,133,0,26,0
04-05 23:37:05,20.015,7.005,72.055,0,0,3371684,191092,166304,4225944,2846.158,1525.157,0,604.458,0,32.024,2382,1803,1.710,1.670,1.090,1,0,54.041,0,0,14,133,0,26,0
04-05 23:37:06,18.754,2.250,78.266,0,0,3395464,167304,166304,4225952,10076.098,7237.507,0,436.091,0,21.004,1738,1251,1.650,1.660,1.090,3,0,0,0,0,14,134,0,26,0
04-05 23:37:07,17.735,3.747,75.934,0.500,0,3392136,170404,166308,4226176,7134.812,5845.930,211.816,5347.362,13.988,480.583,3478,4189,1.650,1.660,1.090,1,0,0,0,0,14,134,0,26,0
04-05 23:37:08,25.789,4.757,67.352,0.751,0,3391840,170628,166312,4226244,2902.386,1460.207,0,921.393,0,103.156,5307,7516,1.650,1.660,1.090,1,0,0,0,0,14,134,0,26,0
04-05 23:37:09,37.776,7.755,52.537,0.751,0,3318784,243592,166312,4226336,3670.560,2325.622,0,1144.798,0,127.089,8368,11936,1.650,1.660,1.090,2,0,46.032,0,0,14,133,0,27,0
04-05 23:37:10,21.974,4.495,72.414,0,0,3346404,215964,166312,4226344,4087.156,1456.274,0,387.541,0,19.976,2036,1622,1.650,1.660,1.090,1,0,30.963,0,0,14,133,0,27,0
04-05 23:37:11,19.246,2.000,77.483,0.250,0,3372864,189504,166312,4226344,8272.189,7182.427,0,335.926,0,18.996,1704,1327,1.680,1.660,1.090,1,0,0,0,0,14,134,0,27,0
04-05 23:37:12,22.252,3.000,72.508,1.000,0,3374788,187500,166312,4226408,6669.713,5425.580,64.007,604.065,3.000,88.009,3480,4031,1.680,1.660,1.090,2,0,6.001,0,0,14,133,0,28,0
04-05 23:37:13,18.250,10.250,70.249,0.250,0.250,3334436,227784,166312,4226460,2417.973,1457.984,0,679.992,0,46.999,3457,2970,1.680,1.660,1.090,1,0,146.998,0,0,14,133,0,27,0
04-05 23:37:14,24.281,3.004,71.091,0.250,0,3371352,190740,166312,4226588,4042.176,3712.754,0,805.031,0,64.082,2662,2563,1.680,1.660,1.090,3,0,0,0,0,14,134,0,27,0
04-05 23:37:15,21.221,2.247,74.897,0,0,3374096,187968,166312,4226616,12781.387,10744.195,0,451.378,0,27.961,2829,2949,1.680,1.660,1.090,1,0,0.999,0,0,14,134,0,27,0
04-05 23:37:16,26.741,5.498,65.977,1.000,0,3383368,178644,166316,4226664,2480.126,1403.505,31.989,1383.512,1.999,149.947,5455,7414,1.630,1.650,1.090,1,0,1.000,0,0,14,134,0,27,2
04-05 23:37:17,29.629,8.788,59.760,1.004,0,3394216,167620,166316,4226824,2488.847,1464.382,36.158,6604.786,3.013,391.707,7178,11144,1.630,1.650,1.090,5,0,4.018,0,0,14,136,0,27,2
04-05 23:37:18,48.177,13.479,35.446,0.499,0,3380412,181308,166316,4226940,4083.775,3041.364,47.927,1521.680,3.994,162.752,10240,14597,1.630,1.650,1.090,4,0,226.655,0,0,14,137,0,28,2
04-05 23:37:19,34.395,9.471,52.590,1.745,0,3394740,166732,166316,4227140,2972.954,1956.048,39.879,677.937,2.991,35.891,4499,15906,1.630,1.650,1.090,1,0,97.703,0,0,14,137,0,29,2
04-05 23:37:20,20.767,2.752,76.563,0,0,3402484,158980,166320,4227144,8323.821,7440.097,0,412.338,0,27.022,1883,1450,1.630,1.650,1.090,1,0,0,0,0,14,138,0,29,2
04-05 23:37:21,16.495,9.497,72.476,0.250,0.250,3376188,185264,166320,4227156,4401.562,2995.021,0,347.886,0,18.994,3418,2504,1.580,1.640,1.090,1,0,126.959,0,0,14,137,0,27,2
04-05 23:37:22,10.043,20.337,68.294,0,0,3368504,192904,166320,4227200,2864.311,1518.527,0,345.485,0,25.108,5546,4120,1.580,1.640,1.090,2,0,338.455,0,0,14,139,0,27,0
04-05 23:37:23,15.483,16.732,66.428,0,0,3350860,210536,166320,4227660,2655.122,1456.421,0,2757.012,0,325.647,5842,5966,1.580,1.640,1.090,1,0,237.742,0,0,14,139,0,27,0
04-05 23:37:24,23.923,15.700,58.563,0,0,3364812,196580,166320,4227216,2649.524,1564.994,0,263.158,0,14.952,5041,5762,1.580,1.640,1.090,2,0,184.410,0,0,14,139,0,27,0
04-05 23:37:25,32.138,22.095,44.943,0.251,0,3401704,159640,166320,4227268,2818.088,1464.281,0,1112.773,0,71.306,6003,4752,1.580,1.640,1.090,2,0,353.516,0,0,14,139,0,27,0
04-05 23:37:26,34.217,23.228,42.210,0.250,0,3454692,168888,166320,4166856,2732.399,1456.614,15.985,271.741,0.999,20.980,6709,6346,1.610,1.650,1.100,2,0,346.670,0,0,14,143,0,27,0
04-05 23:37:27,29.701,12.480,56.158,0.499,0,3480972,142228,166328,4167328,2741.499,1563.433,67.889,295.515,5.990,14.975,5192,6106,1.610,1.650,1.100,3,0,95.843,0,0,16,147,0,27,0
04-05 23:37:28,60.571,25.530,12.765,0.250,0.250,3595688,146072,166336,4051620,2781.249,1459.705,176.206,704.823,11.013,67.078,8166,10773,1.610,1.650,1.100,3,0,396.463,0,0,16,153,0,27,0
04-05 23:37:29,50.636,27.688,20.704,0,0,3670712,160220,166336,3963288,4511.880,1544.536,11.973,502.872,1.996,44.899,6227,4971,1.610,1.650,1.100,5,0,385.136,0,0,16,153,0,27,0
04-05 23:37:30,64.956,16.051,18.308,0.502,0,3758492,119900,166336,3916344,2758.730,1462.629,44.140,750.375,3.010,34.108,6282,7823,1.610,1.650,1.100,4,0,184.584,0,0,16,167,0,18,0
04-05 23:37:31,39.969,23.981,35.222,0,0,3810204,120964,166336,3864184,2732.864,1456.861,0,507.603,0,70.945,7781,11254,1.640,1.650,1.100,2,0,361.717,0,0,16,169,0,18,0
04-05 23:37:32,37.499,22.499,38.999,0,0,3850888,123836,166336,3821200,2777.912,1457.954,4.000,391.988,1.000,13.000,6239,4825,1.640,1.650,1.100,3,0,438.986,0,0,16,171,0,18,0
04-05 23:37:33,26.464,21.970,49.932,0,0,3882228,145160,166340,3770008,2622.443,1525.930,3.995,395.464,0.999,30.958,6688,6502,1.640,1.650,1.100,1,0,336.543,0,0,17,171,0,18,0
04-05 23:37:34,24.302,11.274,62.884,0,0,3885004,142372,166340,3769576,2603.537,1461.107,4.009,468.997,1.002,33.070,4551,4998,1.640,1.650,1.100,4,0,129.275,0,0,17,171,0,15,0
04-05 23:37:35,30.513,23.260,45.519,0.250,0,3924496,157412,166340,3716376,2659.134,1458.622,4.002,168.072,1.000,13.006,6051,4699,1.640,1.650,1.100,4,0,387.165,0,0,17,171,0,15,0
04-05 23:37:36,36.352,19.919,42.328,0,0,3980728,147028,166340,3672080,2457.003,1344.529,0,87.643,0,5.976,5806,5322,1.830,1.690,1.120,3,0,269.902,0,0,17,171,0,15,0
04-05 23:37:37,35.438,18.717,45.420,0,0,4003004,156660,166348,3640588,2234.064,1455.436,7.986,239.578,1.996,17.968,6376,6811,1.830,1.690,1.120,3,0,257.546,0,0,17,183,0,15,0
04-05 23:37:38,43.461,27.383,28.388,0,0,4091344,174200,166356,3536988,3997.363,1465.097,28.136,13002.987,4.019,949.600,9464,12218,1.830,1.690,1.120,3,0,476.307,0,0,17,189,0,15,0
04-05 23:37:39,30.718,23.975,44.454,0,0,4131440,164784,166356,3507208,4033.811,1546.394,3.996,395.589,0.999,25.973,6368,5127,1.830,1.690,1.120,3,0,454.528,0,0,17,189,0,15,0
04-05 23:37:40,24.015,24.515,49.031,0.250,0,4183408,150044,166356,3470584,2843.793,1552.979,20.013,4783.016,5.003,64.040,8654,13008,1.830,1.690,1.120,4,0,379.239,0,0,17,205,0,15,0
04-05 23:37:41,19.173,17.679,60.755,0,0,4200116,133328,166356,3471056,2783.774,1452.144,0,286.843,0,17.928,6748,8305,1.770,1.680,1.110,1,0,244.016,0,0,17,211,0,15,0
04-05 23:37:42,29.800,12.772,56.595,0.501,0,4243268,131532,166356,3430068,2842.788,1460.460,72.121,0,1.002,0,3671,2565,1.770,1.680,1.110,1,1,117.197,0,0,17,211,0,14,0
04-05 23:37:43,44.691,6.991,44.442,2.497,0,4331796,134992,166356,3340116,2802.330,1563.952,778.980,667.126,15.979,58.923,3432,2399,1.770,1.680,1.110,3,0,2.996,0,0,17,215,0,14,0
04-05 23:37:44,45.619,6.266,46.622,1.253,0,4399268,133984,166356,3274768,2664.947,1503.920,188.491,461.202,9.024,39.102,3092,1866,1.770,1.680,1.110,3,0,0,0,0,17,215,0,14,0
04-05 23:37:45,36.688,6.988,54.658,0.749,0,4455272,146820,166360,3207980,2833.226,1455.548,59.899,423.287,5.990,29.950,3209,2495,1.770,1.680,1.110,2,0,10.981,0,0,17,220,0,14,0
04-05 23:37:46,31.622,15.560,51.950,0,0,4388964,213068,166364,3208040,2625.117,1463.641,4.015,261.006,1.004,17.066,4545,3380,1.860,1.700,1.120,4,0,242.936,0,0,17,219,0,12,0
04-05 23:37:47,33.598,26.629,36.584,1.493,0,4422388,178576,166372,3209116,2586.274,1451.419,943.721,1067.162,11.946,33.847,6364,5744,1.860,1.700,1.120,4,1,426.068,0,0,17,225,0,12,0
04-05 23:37:48,38.174,27.123,32.397,1.256,0,4432808,165684,166384,3211988,8361.033,7216.828,819.729,466.120,16.073,32.146,7185,8732,1.860,1.700,1.120,2,0,380.732,0,0,17,226,0,12,0
04-05 23:37:49,45.641,15.214,38.657,0.249,0,4394800,202716,166384,3212964,5699.342,4514.182,15.962,2138.874,0.998,118.716,5730,6931,1.860,1.700,1.120,6,0,99.761,0,0,17,227,0,13,0
04-05 23:37:50,76.807,16.763,5.004,0.500,0,4526100,156500,166388,3129572,2539.895,1459.089,32.024,404.302,4.003,19.014,4903,3574,1.860,1.700,1.120,3,0,135.101,0,0,17,230,0,12,0
04-05 23:37:51,64.365,12.021,20.286,3.005,0,4604984,150708,166396,3058588,10093.026,9291.595,973.739,344.615,20.036,18.032,4428,3294,2.040,1.740,1.140,3,0,26.047,0,0,17,231,0,12,0
04-05 23:37:52,47.957,7.993,25.977,16.485,0,4596312,200224,166424,3019384,6654.074,4629.877,1518.648,8796.166,76.931,100.910,4804,4402,2.040,1.740,1.140,3,0,22.980,0,0,17,236,0,13,0
04-05 23:37:53,62.310,13.263,12.012,11.761,0,4671052,159528,166488,2986104,2480.402,1459.413,5413.242,2134.067,412.399,127.123,5721,6035,2.040,1.740,1.140,5,0,26.025,0,0,17,240,0,13,0
04-05 23:37:54,52.210,18.236,28.229,0.749,0,4701584,153260,166488,2962620,8210.785,7232.525,55.958,8405.637,2.998,861.348,6719,6710,2.040,1.740,1.140,5,0,231.825,0,0,17,240,0,17,0
04-05 23:37:55,32.761,23.508,42.514,0.500,0,4611476,241480,166492,2964472,7905.565,6651.158,28.009,824.267,4.001,62.020,7298,7499,2.040,1.740,1.140,2,0,377.122,0,0,17,239,0,18,0
04-05 23:37:56,46.497,17.999,34.748,0,0,4671248,180748,166496,2965788,2254.838,1457.895,0,319.977,0,13.999,6348,7402,2.190,1.780,1.160,2,0,179.987,0,0,17,239,0,18,0
04-05 23:37:57,50.692,18.729,28.967,0.250,0,4718456,155816,166496,2943916,8139.754,7241.774,7.991,331.623,1.998,17.980,5668,4902,2.190,1.780,1.160,3,0,263.700,0,0,17,240,0,18,0
04-05 23:37:58,51.732,24.991,22.492,0,0,4683076,222328,166496,2914000,7942.202,6874.578,15.994,1383.513,3.999,78.972,6642,6700,2.190,1.780,1.160,4,0,366.871,0,0,17,239,0,17,0
04-05 23:37:59,65.551,19.765,13.010,1.001,0,4751748,151136,166524,2916936,2419.897,1459.144,1076.844,432.339,46.036,23.018,6670,8300,2.190,1.780,1.160,3,0,195.153,0,0,17,241,0,17,0
04-05 23:38:00,60.064,22.524,15.767,0.250,0,4831900,133888,166536,2854284,4297.602,3787.055,336.360,532.570,17.018,28.030,7431,9448,2.190,1.780,1.160,7,0,286.307,0,0,17,244,0,19,0
04-05 23:38:01,50.249,26.249,22.250,0.500,0,4846324,144720,166540,2829304,12077.739,10247.779,559.988,703.985,13.000,42.999,9503,19037,2.180,1.780,1.160,3,0,305.993,0,0,17,243,0,20,0
04-05 23:38:02,62.253,19.501,17.251,0.250,0,4853532,137048,166544,2830196,4320.174,1662.067,248.010,2216.089,12.000,201.008,7013,8786,2.180,1.780,1.160,4,0,213.009,0,0,17,245,0,20,0
04-05 23:38:03,58.242,17.921,21.156,0.996,0,4926632,139304,166544,2755616,4013.212,3414.864,533.635,485.847,31.859,36.837,6500,9106,2.180,1.780,1.160,2,0,174.228,0,0,17,252,0,20,0
04-05 23:38:04,61.517,9.503,27.257,1.750,0.250,5029400,142936,166544,2652352,11898.256,10603.902,24.007,468.128,3.001,39.011,4799,3906,2.180,1.780,1.160,6,0,6.002,0,0,17,255,0,21,0
04-05 23:38:05,61.466,8.245,26.985,2.998,0,5048640,151524,166560,2625256,8504.243,7245.947,595.667,815.544,26.985,42.976,4491,3306,2.180,1.780,1.160,2,1,14.992,0,0,17,258,0,23,0
04-05 23:38:06,54.287,9.757,30.771,4.253,0,5128344,146468,166560,2552392,6695.545,6095.137,988.671,536.364,67.046,56.038,6038,6676,2.240,1.800,1.170,3,1,10.007,0,0,17,263,0,25,0
04-05 23:38:07,66.412,11.277,20.550,1.002,0,5014532,259772,166560,2552888,13324.485,11107.079,1002.444,709.730,21.051,70.171,5727,5800,2.240,1.800,1.170,3,0,53.130,0,0,17,269,0,27,0
04-05 23:38:08,50.496,26.248,19.498,3.000,0,5071704,201364,166716,2553936,2777.766,1457.877,1495.874,2606.780,44.996,262.978,8281,10018,2.240,1.800,1.170,3,1,409.965,0,0,17,271,0,27,0
04-05 23:38:09,44.021,24.762,26.762,3.001,0,5119328,150480,166828,2557380,5200.428,3850.798,3229.508,2229.041,46.021,186.087,6382,5717,2.240,1.800,1.170,6,0,388.181,0,0,17,272,0,27,0
04-05 23:38:10,54.525,16.758,27.763,0.250,0,5139580,129960,166828,2557760,11630.387,10117.687,864.400,664.308,12.006,51.024,6353,7644,2.240,1.800,1.170,3,0,115.053,0,0,17,273,0,28,0
04-05 23:38:12,73.535,19.312,5.199,0.495,0,5122288,147188,166832,2557812,2708.672,1443.965,526.879,2971.121,7.923,27.730,5350,3546,2.620,1.890,1.200,5,0,167.373,0,0,18,276,0,27,0
04-05 23:38:12,81.658,12.814,1.759,4.271,0,5204104,156344,166832,2469200,4233.157,1465.324,1431.153,13141.681,58.291,1104.520,5577,2468,2.620,1.890,1.200,4,0,17.085,0,0,18,276,0,27,0
04-05 23:38:13,73.263,9.534,7.778,8.531,0,5284784,132520,166844,2414912,8674.112,7662.483,2139.674,14861.303,107.385,173.623,5311,4026,2.620,1.890,1.200,3,0,9.032,0,0,18,279,0,27,0
04-05 23:38:15,79.746,8.641,9.629,0.741,0,5255180,184392,166868,2393600,7853.084,6295.701,655.740,1366.784,27.652,101.719,5956,5920,2.620,1.890,1.200,7,0,15.801,0,0,18,282,0,28,0
04-05 23:38:15,52.199,16.724,30.407,1.014,0,5306740,158936,166872,2368448,3314.363,2528.849,523.000,425.698,5.068,29.393,6008,5899,2.620,1.890,1.200,2,0,216.903,0,0,18,280,0,28,0
04-05 23:38:17,38.057,8.208,51.240,1.492,0,5346036,144348,166884,2344452,18710.128,9547.588,569.114,350.224,9.950,27.859,3554,2485,2.570,1.890,1.210,1,0,7.960,0,0,18,286,0,28,0
04-05 23:38:17,34.569,8.266,55.861,0.250,0,5306128,184240,166884,2344468,17417.547,9026.904,513.018,428.851,4.008,42.083,3640,3021,2.570,1.890,1.210,2,0,11.022,0,0,18,285,0,29,0
04-05 23:38:18,45.775,8.255,43.774,0.750,0.250,5356480,131756,166884,2346600,2149723.807,63020.616,304.167,496.273,5.003,42.023,7534,5272,2.570,1.890,1.210,3,0,6.003,0,0,18,287,0,29,0
04-05 23:38:19,31.552,8.264,56.093,1.502,0,5337116,171076,166888,2327816,2469043.251,70856.669,677.124,256.426,11.018,14.023,6916,6269,2.570,1.890,1.210,5,0,39.065,0,0,18,288,0,28,0
04-05 23:38:20,21.261,6.503,69.537,0,0,5334076,171868,166888,2329516,2462188.841,74067.312,520.276,292.155,6.003,23.012,6133,12894,2.570,1.890,1.210,1,0,6.003,0,0,18,288,0,29,0
04-05 23:38:21,13.449,2.242,81.442,0.249,0,5335296,169376,166888,2330788,2108285.338,77798.577,3.985,844.803,0.996,52.800,4985,2733,2.450,1.880,1.210,0,0,0.996,0,0,18,288,0,29,0
04-05 23:38:22,18.244,3.249,75.976,0.500,0,5285440,218784,166888,2331236,11069.484,4841.462,0,1887.401,0,122.961,2836,3119,2.450,1.880,1.210,2,0,4.998,0,0,18,287,0,30,0
04-05 23:38:23,23.768,3.002,72.556,0,0,5319072,185152,166888,2331236,8600.675,1835.425,0,276.214,0,19.015,1878,1376,2.450,1.880,1.210,1,0,0,0,0,18,287,0,28,0
04-05 23:38:24,15.744,1.749,80.971,0,0,5324908,179180,166888,2331372,16326.181,10069.411,0,5058.197,0,588.790,2213,1637,2.450,1.880,1.210,0,0,1.000,0,0,18,290,0,28,0
04-05 23:38:25,11.998,4.499,81.987,0.750,0,5252200,251876,166888,2331384,13978.730,4788.223,0,1063.827,0,78.987,2860,3244,2.450,1.880,1.210,0,0,38.994,0,0,18,291,0,29,0
04-05 23:38:26,1.250,0.250,97.017,0,0,5252200,251876,166888,2331384,7070.213,1632.280,0,372.064,0,9.002,842,1229,2.250,1.850,1.200,0,0,0,0,0,18,291,0,29,0
04-05 23:38:27,1.000,0.500,96.985,0.250,0,5252424,251652,166888,2331384,43589.339,3149.519,0,283.957,0,10.998,930,1251,2.250,1.850,1.200,0,0,0,0,0,18,291,0,29,0
04-05 23:38:28,1.250,1.250,95.754,0.250,0,5252384,251652,166888,2331424,8760.387,1780.079,16.001,620.027,1.000,42.002,1309,2038,2.250,1.850,1.200,0,0,0,0,0,18,291,0,29,0
04-05 23:38:30,1.992,0.498,95.884,0.498,0,5252384,251652,166888,2331424,16299.751,2094.003,0,486.143,0,40.844,1125,1695,2.250,1.850,1.200,0,0,0,0,0,18,291,0,29,0
04-05 23:38:31,1.749,0.999,95.695,0.250,0,5252380,251652,166888,2331428,14867.435,2154.759,0,179.896,0,19.988,1134,1461,2.250,1.850,1.200,0,0,1.999,0,0,18,295,0,29,0
04-05 23:38:32,1.502,1.001,96.129,0,0,5260400,243616,166888,2331444,17977.043,2269.035,0,140.187,0,12.016,1026,1415,2.070,1.810,1.190,1,0,2.003,0,0,18,297,0,29,0
04-05 23:38:32,1.755,1.003,96.498,0.251,0,5258284,245556,166888,2331620,178880.597,13460.660,0,116.299,0,13.034,1296,1609,2.070,1.810,1.190,1,0,0,0,0,18,297,0,29,0
04-05 23:38:33,2.751,2.001,91.283,0.500,0,5255848,246164,166888,2333448,2104970.098,52939.217,0,916.333,0,139.050,4577,3465,2.070,1.810,1.190,1,0,0,0,0,18,297,0,29,0
04-05 23:38:34,5.499,7.249,82.738,1.000,0.250,5248668,245472,166888,2341320,5602819.806,130287.578,2271.679,71.990,24.996,6.999,11364,8337,2.070,1.810,1.190,1,0,93.987,0,0,18,296,0,29,0
04-05 23:38:35,15.570,11.300,70.314,1.507,0,5284440,209588,166888,2341432,2892.922,1627.269,16.072,401.795,1.004,43.193,4110,3660,2.070,1.810,1.190,1,0,164.736,0,0,18,296,0,29,0
04-05 23:38:36,21.648,2.488,74.649,0,0,5326464,167516,166888,2341480,4415.214,3521.422,47.775,171.194,1.991,10.948,1992,1518,1.990,1.800,1.190,0,0,0,0,0,18,297,0,29,0
04-05 23:38:37,18.333,2.260,78.355,0,0,5328464,165500,166888,2341500,12016.476,8775.785,0,136.619,0,13.059,2703,2913,1.990,1.800,1.190,1,0,0,0,0,18,301,0,30,0
04-05 23:38:39,14.921,2.487,78.335,1.492,0,5329956,163484,166888,2342024,116242.502,4119713.349,636.629,537.156,35.810,68.637,5226,5646,1.990,1.800,1.190,0,0,0.995,0,0,18,300,0,31,0
04-05 23:38:40,1.751,1.000,92.290,0.250,0,5331808,161468,166888,2342188,342850.566,12072773.459,0,288.125,0,29.013,4392,1556,1.990,1.800,1.190,0,0,0,0,0,18,300,0,31,0
04-05 23:38:40,13.544,1.756,83.018,0.251,0,5332008,161244,166888,2342212,1204769.252,305736.984,0,381.231,0,47.152,5216,4713,1.990,1.800,1.190,1,0,0,0,0,18,304,0,31,0
04-05 23:38:41,13.715,1.995,82.292,0.249,0,5333324,159284,166892,2342852,71015.542,4905.603,31.919,1324.653,0.997,82.791,3401,4372,1.830,1.770,1.180,0,0,1.995,0,0,18,307,0,31,0
04-05 23:38:43,1.498,0.999,96.889,0,0,5333192,159284,166896,2342980,14309.594,1883.840,0,779.107,0,11.986,930,1312,1.830,1.770,1.180,0,0,0,0,0,18,307,0,31,0
04-05 23:38:43,1.502,0.250,96.877,0.250,0,5328864,163612,166896,2342980,7998.481,1349.769,0,196.257,0,17.022,1152,1754,1.830,1.770,1.180,0,0,0,0,0,18,307,0,31,0
04-05 23:38:44,1.749,0.750,95.951,0,0,5329000,163472,166896,2342984,14198.721,1885.034,0,291.850,0,23.988,1155,1703,1.830,1.770,1.180,0,0,0,0,0,18,307,0,31,0
04-05 23:38:45,4.501,2.250,91.511,0.250,0,5330008,161232,166896,2344216,963895.102,46681.381,64.007,2052.237,3.000,328.038,3659,3684,1.830,1.770,1.180,1,0,4.000,0,0,18,311,0,31,0
04-05 23:38:47,5.478,3.237,87.647,0.249,0,5332736,156696,166896,2346024,2457771.419,76703.112,15.936,155.374,0.996,10.956,6201,5300,1.680,1.740,1.180,2,0,2.988,0,0,18,311,0,31,0
04-05 23:38:47,7.545,3.269,86.009,0,0,5328116,158748,166896,2348592,2471013.269,70086.768,0,523.096,0,22.131,6494,6379,1.680,1.740,1.180,0,0,2.012,0,0,18,311,0,31,0
04-05 23:38:49,4.481,3.485,87.873,0.249,0,5325692,158744,166896,2351020,2452394.887,61661.664,0,16142.798,0,45.804,5906,4548,1.680,1.740,1.180,1,0,0,0,0,18,311,0,31,0
04-05 23:38:49,4.519,2.511,89.133,0,0,5326468,155616,166896,2353372,2474279.288,58909.403,0,140.605,0,9.039,5908,5474,1.680,1.740,1.180,1,0,0,0,0,18,311,0,31,0
04-05 23:38:51,3.492,2.494,90.786,0,0,5326776,153544,166896,2355120,2458560.144,62408.876,0,107.746,0,9.976,5332,4011,1.680,1.740,1.180,1,0,0,0,0,18,311,0,31,0
04-05 23:38:52,4.488,2.743,88.261,0,0,5326724,150644,166896,2358056,2458048.833,65046.231,15.957,343.073,0.997,34.906,5882,5727,1.540,1.710,1.170,0,0,0,0,0,18,311,0,31,0
04-05 23:38:52,13.565,10.048,73.853,1.005,0.251,5252800,223904,166900,2358716,461206.908,14561.552,76.365,16281.768,5.024,38.182,4385,4187,1.540,1.710,1.170,2,0,125.600,0,0,18,308,0,33,0
04-05 23:38:54,12.477,15.472,69.622,0.499,0,5286212,190428,166900,2358780,2593.227,1455.321,27.949,235.566,1.996,15.971,4932,4292,1.540,1.710,1.170,1,0,339.375,0,0,18,308,0,33,0
04-05 23:38:54,22.596,3.766,72.307,0.251,0,5328296,148344,166900,2358780,2669.323,1464.211,0,232.988,0,17.072,1963,1510,1.540,1.710,1.170,2,0,0,0,0,18,308,0,33,0
04-05 23:38:55,16.741,11.494,70.712,0.250,0,5301848,174768,166900,2358804,2734.528,1295.303,0,399.785,0,29.984,4334,3650,1.540,1.710,1.170,1,0,204.890,0,0,18,308,0,33,0
04-05 23:38:56,9.221,19.190,69.782,0.498,0,5278372,198204,166900,2358844,2905.931,1453.464,0,235.266,0,17.944,5609,4278,1.500,1.700,1.170,2,0,320.998,0,0,18,308,0,26,0
04-05 23:38:57,3.998,8.496,86.212,0,0,5268700,207848,166900,2358872,4156.189,1457.365,15.993,207.909,1.000,16.993,2914,2620,1.500,1.700,1.170,1,0,142.938,0,0,18,308,0,26,0
04-05 23:38:58,14.003,3.251,81.265,0.250,0,5296772,179772,166900,2358876,3936.735,1296.242,0,96.018,0,12.002,1926,1979,1.500,1.700,1.170,1,0,9.002,0,0,18,308,0,26,0
04-05 23:38:59,23.998,2.750,71.994,0,0,5328508,148036,166900,2358876,2657.764,1457.871,0,259.977,0,22.998,2099,1783,1.500,1.700,1.170,2,0,0,0,0,18,308,0,26,0
04-05 23:39:00,19.504,2.751,76.515,0,0,5343028,133508,166900,2358884,8510.667,7251.421,0,104.020,0,8.002,2066,1645,1.500,1.700,1.170,2,0,0,0,0,18,309,0,23,0
04-05 23:39:01,17.771,8.260,72.835,0.501,0,5307476,168904,166900,2359040,5943.941,4659.441,128.150,1317.538,7.008,256.299,3855,3252,1.540,1.700,1.170,2,0,97.113,0,0,18,312,0,24,0
04-05 23:39:02,11.526,16.788,69.909,0.251,0,5300580,175692,166904,2359128,2664.057,1503.418,12.027,256.583,3.007,21.048,4825,3448,1.540,1.700,1.170,1,0,152.346,0,0,18,312,0,24,0
04-05 23:39:03,11.219,16.704,69.806,0,0,5302692,173352,166904,2359308,4026.814,1453.961,0,414.848,0,59.834,4813,3539,1.540,1.700,1.170,2,0,163.546,0,0,18,312,0,24,0
04-05 23:39:04,12.540,16.302,70.476,0,0,5295220,180580,166904,2359520,2323.455,1300.171,0,204.657,0,14.045,4827,3530,1.540,1.700,1.170,2,0,182.586,0,0,18,312,0,22,0
04-05 23:39:05,23.174,3.738,71.267,0.249,0,5336176,139616,166904,2359528,2828.739,1453.242,3.987,103.661,0.997,11.961,2365,2039,1.540,1.700,1.170,1,0,7.974,0,0,18,312,0,22,0
04-05 23:39:06,23.739,3.498,71.716,0,0,5369968,130740,166904,2335212,2733.689,1457.301,0,199.904,0,14.993,2114,1659,1.500,1.690,1.170,1,0,0,0,0,18,312,0,22,0
04-05 23:39:07,23.754,3.501,71.012,1.000,0.250,5401208,152832,166904,2283628,3756.656,1296.226,292.051,4.001,6.001,1.000,2164,1598,1.500,1.690,1.170,2,0,2.000,0,0,18,312,0,22,0
04-05 23:39:08,24.740,2.749,71.470,0.250,0,5291500,262264,166904,2283904,4216.211,1457.382,95.959,623.735,5.997,29.987,2597,2326,1.500,1.690,1.170,1,0,6.997,0,0,18,312,0,13,0
04-05 23:39:09,22.270,2.252,72.565,1.752,0,5300756,252980,166904,2283932,2780.496,1459.310,24.022,264.237,4.004,14.013,1815,1462,1.500,1.690,1.170,1,0,0,0,0,18,312,0,13,0
04-05 23:39:10,24.481,2.748,71.945,0,0,5343828,209888,166904,2283952,2434.144,1295.012,0,131.899,0,9.992,2001,1492,1.500,1.690,1.170,1,0,0,0,0,18,312,0,13,0
04-05 23:39:12,21.733,5.995,70.444,0.749,0,5377408,176124,166904,2284136,2672.887,1456.848,47.962,2561.975,1.998,382.697,2420,2067,1.460,1.680,1.170,1,0,2.998,0,0,18,314,0,13,0
04-05 23:39:12,11.514,2.753,84.351,0.250,0,5381376,172092,166904,2284200,21713.937,20187.113,48.057,2446.923,1.001,119.142,2640,2767,1.460,1.680,1.170,1,0,7.008,0,0,18,319,0,13,0
04-05 23:39:14,24.679,3.739,70.049,0,0,5284712,268748,166904,2284208,2708.246,1531.615,0,179.486,0,21.937,2538,2236,1.460,1.680,1.170,2,0,14.957,0,0,18,312,0,14,0
04-05 23:39:15,24.039,3.005,71.615,0.250,0,5313944,239516,166904,2284208,2259.639,1298.091,0,192.310,0,19.031,2133,1878,1.460,1.680,1.170,2,0,0,0,0,18,312,0,14,0
04-05 23:39:15,25.537,2.754,71.102,0,0,5327296,226160,166904,2284212,2723.918,1460.100,0,264.380,0,30.043,2172,1871,1.460,1.680,1.170,2,0,1.001,0,0,18,312,0,14,0
04-05 23:39:16,12.765,13.266,71.586,1.001,0,5299276,254020,166908,2284368,2636.177,1339.615,392.473,376.454,5.006,13.016,3956,2953,1.580,1.700,1.180,2,0,173.209,0,0,18,312,0,12,0
04-05 23:39:17,10.762,18.271,70.079,0,0,5321076,232068,166908,2284520,2661.010,1459.651,36.041,204.231,4.005,11.012,5554,4619,1.580,1.700,1.180,3,0,380.430,0,0,18,312,0,12,0
04-05 23:39:18,22.180,4.486,71.274,0.249,0,5348268,204828,166928,2284548,2248.856,1291.896,15.949,466.518,1.994,22.927,2490,2102,1.580,1.700,1.180,1,0,48.845,0,0,18,312,0,12,0
04-05 23:39:19,20.250,2.250,77.002,0,0,5377264,175812,166944,2284552,9778.192,3700.072,12.000,132.003,3.000,4.000,1849,1464,1.580,1.700,1.180,1,0,16.000,0,0,18,313,0,12,0
04-05 23:39:20,30.257,5.501,62.765,0.250,0,5376596,170868,167412,2289584,2598.628,1470.355,0,592.143,0,6.001,3070,16447,1.580,1.700,1.180,1,0,37.009,0,0,18,312,0,11,0
04-05 23:39:21,24.254,3.501,72.011,0,0,5375820,170868,167428,2290312,2615.405,1458.226,32.005,356.055,1.000,11.002,2293,2136,1.530,1.690,1.180,1,0,2.000,0,0,18,312,0,11,0
04-05 23:39:22,19.743,1.999,76.472,0,0,5373704,171908,167460,2291356,9063.706,4367.413,7.997,739.731,1.999,34.987,2031,1642,1.530,1.690,1.180,1,0,15.994,0,0,18,313,0,11,0
04-05 23:39:23,24.600,3.263,71.290,0.502,0,5367796,173108,167976,2295408,2711.041,1638.673,0,931.795,0,21.086,3083,3676,1.530,1.690,1.180,1,0,6.025,0,0,18,312,0,11,0
04-05 23:39:24,22.468,5.742,69.652,0.250,0,5363888,176512,167988,2295896,2738.157,1786.492,27.961,299.579,1.997,6.990,7329,13618,1.530,1.690,1.180,1,0,7.989,0,0,18,313,0,10,0
04-05 23:39:26,20.185,4.735,71.521,0.249,0,5360936,179180,168036,2296132,8894.520,4066.978,35.885,494.417,4.984,18.939,9413,17660,1.530,1.690,1.180,2,0,5.981,0,0,18,313,0,10,0
04-05 23:39:26,20.774,5.757,72.835,0,0,5359348,180556,168080,2296300,4017.685,1297.513,0,584.682,0,17.020,2280,1702,1.490,1.680,1.180,1,0,15.018,0,0,18,313,0,10,0
04-05 23:39:27,18.032,8.515,71.879,0,0,5288168,261720,168164,2286296,2602.657,1472.635,0,1887.377,0,287.514,3440,2764,1.490,1.680,1.180,2,0,121.217,0,0,18,312,0,10,0
04-05 23:39:28,18.710,10.478,69.850,0.499,0,5311144,238732,168164,2286312,2652.320,1454.884,0,494.940,0,12.972,3681,3248,1.490,1.680,1.180,1,0,147.684,0,0,18,312,0,9,0
04-05 23:39:29,24.508,2.751,71.775,0.250,0,5340732,209144,168164,2286312,2556.873,1296.443,0,356.122,0,31.011,2209,1933,1.490,1.680,1.180,1,0,0,0,0,18,312,0,9,0
04-05 23:39:31,24.970,1.249,72.164,0,0,5351908,197796,168164,2286484,2493.044,1294.465,0,111.867,0,7.991,1921,1377,1.490,1.680,1.180,1,0,0,0,0,18,312,0,9,0
04-05 23:39:31,18.265,2.752,77.814,0.500,0,5353740,195892,168164,2286556,11864.682,10293.400,32.026,236.193,1.001,21.017,2410,2398,1.450,1.670,1.180,1,0,0,0,0,18,315,0,10,0
04-05 23:39:32,24.348,10.041,64.762,0,0,5368172,181424,168164,2286592,5644.802,2909.754,20.081,345.395,2.008,18.073,3526,2616,1.450,1.670,1.180,2,0,118.479,0,0,18,312,0,12,0
04-05 23:39:33,43.411,6.986,48.401,0,0,5405700,143896,168164,2286604,2325.229,1347.236,510.952,143.705,3.992,15.967,3422,2214,1.450,1.670,1.180,2,0,5.988,0,0,18,312,0,12,0
04-05 23:39:34,38.174,5.739,55.389,0,0,5415284,134304,168164,2286612,8238.497,7181.614,510.976,1013.969,3.992,93.812,3106,1844,1.450,1.670,1.180,1,0,3.992,0,0,18,313,0,12,0
04-05 23:39:35,19.255,7.252,71.770,0,0,5389168,160424,168164,2286616,6886.886,4282.172,0,256.070,0,20.005,3133,2933,1.450,1.670,1.180,2,0,71.019,0,0,18,312,0,13,0
04-05 23:39:36,23.488,2.749,72.713,0,0,5426664,122928,168164,2286616,2760.579,1983.979,0,107.944,0,8.995,2022,1566,1.410,1.660,1.180,0,0,0,0,0,18,313,0,13,0
04-05 23:39:38,19.741,2.249,76.966,0,0,5413140,136436,168164,2286632,15573.026,14024.719,0,123.944,0,8.996,2303,2075,1.410,1.660,1.180,1,0,0,0,0,18,312,0,14,0
04-05 23:39:38,20.259,6.253,72.033,0.250,0,5398360,151204,168164,2286644,2437.104,1296.587,0,84.038,0,10.005,2620,2039,1.410,1.660,1.180,1,0,56.025,0,0,18,312,0,14,0
04-05 23:39:39,19.504,3.251,76.517,0,0,5401580,147976,168164,2286652,8168.798,7089.560,0,336.074,0,11.002,1993,1621,1.410,1.660,1.180,1,0,0,0,0,18,313,0,14,0
04-05 23:39:40,21.095,5.274,73.079,0.251,0,5333084,216464,168164,2286660,7321.959,6008.045,0,0,0,0,2628,2001,1.410,1.660,1.180,1,0,32.145,0,0,18,312,0,18,0
04-05 23:39:41,22.649,3.982,72.178,0,0,5342004,207544,168164,2286660,2382.383,1290.250,0,0,0,0,1880,1471,1.380,1.650,1.180,1,0,0,0,0,18,312,0,16,0
04-05 23:39:43,19.739,1.999,76.707,0,0,5358292,191252,168164,2286664,9781.565,7084.064,0,1671.071,0,290.838,2044,1579,1.380,1.650,1.180,1,0,0,0,0,18,313,0,16,0
04-05 23:39:43,16.825,4.520,77.597,0.251,0,5333456,215908,168164,2286844,7717.538,6584.467,16.072,538.409,1.004,63.283,3265,3557,1.380,1.650,1.180,1,0,47.211,0,0,18,312,0,18,0
04-05 23:39:45,23.361,3.479,71.327,0.249,0,5375000,174364,168164,2286844,2375.908,1342.040,0,274.373,0,23.858,2262,2138,1.380,1.650,1.180,1,0,0,0,0,18,312,0,18,0
04-05 23:39:46,20.013,2.502,76.801,0,0.250,5388088,161264,168164,2286856,10001.654,7266.834,0,304.202,0,28.019,2225,2064,1.380,1.650,1.180,1,0,1.001,0,0,18,313,0,18,0
04-05 23:39:46,20.286,4.258,74.633,0,0,5327736,221608,168164,2286864,7008.444,5897.472,0,140.249,0,10.018,2469,2041,1.350,1.630,1.180,2,0,32.057,0,0,18,312,0,21,0
04-05 23:39:48,23.430,3.240,72.285,0,0,5362088,187252,168164,2286868,2309.139,1292.161,0,159.526,0,10.967,1943,1472,1.350,1.630,1.180,3,0,0,0,0,18,312,0,21,0
04-05 23:39:49,21.010,3.752,74.036,0,0,5378664,170612,168164,2286932,8231.035,7091.476,0,196.096,0,12.006,2489,2422,1.350,1.630,1.180,1,0,3.001,0,0,18,313,0,21,0
04-05 23:39:49,16.574,5.273,76.591,0.251,0,5346524,202732,168164,2286956,7900.205,6722.959,0,956.261,0,61.273,3345,3532,1.350,1.630,1.180,1,0,79.354,0,0,18,312,0,24,0
04-05 23:39:51,6.976,5.731,80.726,4.485,0,5349672,198356,168704,2287644,8497.136,3757.237,1120.195,366.754,250.150,23.919,3076,3384,1.350,1.630,1.180,0,0,103.648,0,0,18,314,0,24,0
04-05 23:39:51,4.253,8.757,85.818,0,0,5340056,207924,168704,2287692,13682.803,3619.858,0,252.199,0,20.016,3031,2776,1.320,1.620,1.180,0,0,125.099,0,0,18,313,0,25,0
04-05 23:39:52,4.771,4.771,88.131,0,0,5332980,214988,168704,2287704,8287.850,4167.025,0,188.817,0,8.035,2222,2180,1.320,1.620,1.180,3,0,71.308,0,0,18,312,0,26,0
04-05 23:39:53,14.698,9.716,70.501,4.484,0,5336612,210524,168708,2288532,2307.833,1291.430,761.306,645.715,74.736,38.862,3732,3248,1.320,1.620,1.180,1,0,139.506,0,0,18,312,0,23,0
04-05 23:39:55,20.457,4.241,72.098,2.495,0,5327920,204280,168708,2303436,2311.136,1293.278,6849.586,957.984,510.925,20.956,2747,2830,1.320,1.620,1.180,1,0,2.994,0,0,18,312,0,23,0
04-05 23:39:56,19.749,2.750,76.244,0,0,5336896,192436,168708,2306216,9614.284,3437.744,4.000,839.937,1.000,23.998,2345,2230,1.320,1.620,1.180,1,0,16.999,0,0,18,313,0,23,0
04-05 23:39:56,18.522,2.253,77.342,0.250,0,5336284,189824,168708,2309420,8407.017,3919.670,0,973.160,0,41.049,1968,1710,1.300,1.610,1.170,1,0,2.002,0,0,18,312,0,23,0
04-05 23:39:57,10.786,11.287,70.484,5.769,0,5272112,250972,168708,2312396,2235.414,1191.953,1171.887,3150.449,18.060,98.326,4630,4220,1.300,1.610,1.170,3,0,180.599,0,0,18,312,0,23,0
04-05 23:39:59,18.926,8.965,70.474,0.249,0,5317832,205240,168708,2312408,2412.543,1237.150,0,159.375,0,16.934,3351,3015,1.300,1.610,1.170,1,0,120.528,0,0,18,312,0,23,0
04-05 23:40:00,19.758,3.501,75.032,0.250,0,5351552,171512,168708,2312416,8224.506,7024.995,0,508.217,0,56.024,2402,2427,1.300,1.610,1.170,1,0,0,0,0,18,313,0,23,0
04-05 23:40:00,21.513,4.753,72.794,0,0,5323040,199992,168708,2312448,21418.018,18794.423,0,1677.019,0,14.009,2671,2056,1.300,1.610,1.170,1,0,47.029,0,0,18,312,0,25,0
04-05 23:40:02,23.227,2.997,72.178,0,0,5333120,189912,168708,2312448,2062.950,1186.820,0,3.996,0,0.999,1928,1505,1.270,1.600,1.170,1,0,0,0,0,18,312,0,24,0
04-05 23:40:02,18.588,2.512,78.121,0,0,5350720,172312,168708,2312448,8923.356,7768.876,0,0,0,0,1926,1520,1.270,1.600,1.170,1,0,0,0,0,18,314,0,25,0
04-05 23:40:03,21.921,3.986,72.241,0.747,0,5319308,203312,168708,2312860,4799.812,3837.259,398.573,2152.293,24.911,373.662,2956,2470,1.270,1.600,1.170,1,0,13.950,0,0,18,312,0,26,0
04-05 23:40:05,24.482,2.748,72.198,0,0,5346524,176096,168708,2312860,2032.546,1133.189,0,0,0,0,1928,1399,1.270,1.600,1.170,2,0,0,0,0,18,312,0,26,0
04-05 23:40:05,16.516,2.502,79.328,0.250,0,5349240,172104,168708,2314136,10834.600,7934.763,1265.238,1729.692,43.042,119.117,2581,2774,1.270,1.600,1.170,2,0,1.001,0,0,18,313,0,26,0
04-05 23:40:06,24.990,4.998,66.224,1.499,0,5335344,184708,168708,2315444,4056.396,2761.908,1087.570,4270.311,57.977,301.881,5137,7658,1.250,1.590,1.170,1,0,5.998,0,0,18,314,0,27,0
04-05 23:40:08,23.976,2.747,71.928,0,0,5382064,137988,168708,2315444,2597.399,1456.541,0,1510.487,0,87.912,2034,2013,1.250,1.590,1.170,1,0,0,0,0,18,314,0,27,0
04-05 23:40:08,18.011,2.502,78.550,0.250,0,5386984,133056,168708,2315456,9936.299,8918.654,0,112.071,0,7.004,2050,1793,1.250,1.590,1.170,0,0,0,0,0,18,315,0,27,0
04-05 23:40:09,21.323,4.265,73.250,1.003,0,5374632,145348,168708,2315516,6801.170,4862.566,192.656,1176.006,10.034,135.461,4589,6591,1.250,1.590,1.170,1,0,0,0,0,18,314,0,28,0
04-05 23:40:10,12.257,17.510,68.539,0,0,5335348,184440,168708,2315708,2719.552,1458.832,0,376.215,0,30.017,5200,4249,1.250,1.590,1.170,1,0,363.207,0,0,18,314,0,28,0
04-05 23:40:11,9.506,21.514,67.294,0,0,5331016,188748,168708,2315732,4410.858,1458.945,0,428.277,0,33.021,6147,5034,1.150,1.570,1.170,1,0,476.309,0,0,18,314,0,28,0
04-05 23:40:12,8.740,22.975,66.677,0.250,0,5334704,185028,168708,2315764,2774.969,1456.409,0,1933.887,0,120.868,6642,5904,1.150,1.570,1.170,2,0,526.425,0,0,18,314,0,28,0
04-05 23:40:13,10.258,23.269,64.804,0.250,0,5329796,189908,168708,2315792,2480.054,1459.209,0,520.431,0,42.035,6479,5854,1.150,1.570,1.170,1,0,473.392,0,0,18,314,0,26,0
04-05 23:40:14,9.238,21.971,66.912,0,0,5333784,185892,168708,2315820,2594.586,1456.084,0,507.332,0,41.945,6332,5477,1.150,1.570,1.170,1,0,461.393,0,0,18,314,0,26,0
04-05 23:40:15,8.770,23.052,66.399,0.251,0,5329956,189692,168708,2315848,2724.104,1503.369,0,609.365,0,34.076,6615,5935,1.150,1.570,1.170,1,0,470.053,0,0,18,314,0,26,0
04-05 23:40:16,8.992,21.732,67.443,0,0,5328596,191024,168708,2315876,2672.742,1456.769,0,267.774,0,19.983,6008,4881,1.220,1.570,1.170,1,0,450.619,0,0,18,314,0,26,0
04-05 23:40:17,10.216,21.927,67.774,0,0,5320152,199440,168708,2315904,2649.153,1453.147,0,179.401,0,14.950,6105,4932,1.220,1.570,1.170,2,0,450.496,0,0,18,314,0,26,0
04-05 23:40:18,15.808,11.793,70.509,0.502,0,5287624,280472,168740,2269016,2667.814,1463.384,52.192,1188.372,10.037,36.133,4470,3966,1.220,1.570,1.170,1,0,209.772,0,0,18,314,0,26,0
04-05 23:40:19,20.443,6.233,71.550,0.499,0,5316348,296004,168752,2233320,2830.078,1453.930,11.967,3179.101,2.992,36.897,2274,2165,1.220,1.570,1.170,2,0,3.989,0,0,18,314,0,26,0
04-05 23:40:20,32.452,5.492,59.413,1.248,0,5352212,257092,168848,2236260,2654.093,1455.857,179.735,946.607,16.975,23.965,3592,11954,1.220,1.570,1.170,1,0,53.921,0,0,18,314,0,27,0
04-05 23:40:22,15.486,1.998,79.927,1.748,0.250,5367324,240992,168848,2237244,15497.754,8296.374,571.475,851.218,26.975,28.973,1857,1695,1.120,1.550,1.160,2,0,0,0,0,18,315,0,27,0
04-05 23:40:23,5.249,0.750,92.489,0.500,0,5364836,243276,168848,2237444,9002.965,5440.375,139.984,511.941,13.998,19.998,1282,1571,1.120,1.550,1.160,0,0,0,0,0,18,315,0,26,0
04-05 23:40:23,8.006,1.251,88.569,1.001,0,5361384,246168,168848,2238000,14551.325,9146.118,268.209,980.763,26.020,30.023,1476,1591,1.120,1.550,1.160,0,0,0,0,0,18,315,0,26,0
04-05 23:40:24,10.000,1.250,84.499,2.000,0,5365600,241048,168848,2238900,13096.796,7726.879,479.993,1155.982,33.999,53.999,1603,1667,1.120,1.550,1.160,0,1,0,0,0,18,315,0,26,0
04-05 23:40:25,16.997,2.499,78.734,1.000,0,5386496,219432,168848,2239608,8504.278,6282.728,743.849,11885.594,32.993,108.978,2263,2356,1.120,1.550,1.160,0,0,1.000,0,0,18,315,0,26,0
04-05 23:40:26,9.505,1.501,87.045,1.501,0.250,5383620,221888,168848,2240024,12173.225,6825.491,280.143,1128.577,27.014,40.020,1443,1529,1.030,1.520,1.160,1,0,0,0,0,18,315,0,26,0
04-05 23:40:27,17.993,1.249,78.468,1.000,0,5397940,206444,168848,2241136,16843.032,10676.583,819.661,1171.515,34.986,35.985,1874,1653,1.030,1.520,1.160,1,0,0,0,0,18,315,0,26,0
04-05 23:40:28,14.002,2.500,73.509,7.751,0,5402344,174344,168848,2268820,8559.101,5420.697,11769.514,772.099,128.016,33.004,2017,2040,1.030,1.520,1.160,1,0,0,0,0,18,315,0,26,0
04-05 23:40:29,23.253,3.250,71.509,0.750,0.250,5400996,165168,168848,2279332,4218.522,1458.180,0,3504.434,0,399.049,2688,2456,1.030,1.520,1.160,1,0,1.000,0,0,18,315,0,26,0
04-05 23:40:31,23.481,2.998,71.192,0.500,0,5404824,148432,168852,2292224,2595.881,1456.811,3.997,5075.856,0.999,53.956,2322,2000,1.030,1.520,1.160,1,0,0,0,0,18,315,0,26,0
04-05 23:40:31,25.017,2.251,71.547,0.250,0,5405920,141088,168852,2298292,2796.852,1458.966,0,724.480,0,19.013,2269,2002,1.030,1.510,1.160,1,0,0,0,0,18,315,0,26,0
04-05 23:40:32,28.268,4.753,65.543,1.001,0,5424640,133060,168768,2288364,2659.731,1458.949,0,2401.563,0,111.072,2606,2199,1.030,1.510,1.160,2,0,2.001,0,0,18,315,0,26,0
04-05 23:40:33,43.464,6.744,47.461,0.749,0,5429700,142360,168768,2274428,2356.070,1456.807,515.578,1430.828,4.996,53.956,3484,2287,1.030,1.510,1.160,2,0,5.995,0,0,18,315,0,26,0
04-05 23:40:34,41.244,7.499,50.493,0.250,0,5427536,156448,168768,2263896,2297.673,1457.793,511.927,1447.794,3.999,47.993,3296,2109,1.030,1.510,1.160,1,0,3.999,0,0,18,315,0,23,0
04-05 23:40:35,23.322,3.009,71.471,0.752,0,5417460,174876,169160,2254892,2768.567,1637.066,4.012,7804.149,1.003,353.093,2613,2440,1.030,1.510,1.160,1,0,1.003,0,0,18,314,0,23,0
04-05 23:40:36,24.432,2.742,71.799,0,0,5369132,223260,169160,2254860,2368.383,1453.938,0,514.562,0,17.950,2139,1655,1.030,1.500,1.160,1,0,1.994,0,0,18,314,0,23,0
04-05 23:40:38,20.491,3.498,74.716,0,0,5383276,209180,169160,2254876,8095.301,2860.693,0,251.885,0,4.998,2282,1946,1.030,1.500,1.160,0,0,32.985,0,0,18,315,0,23,0
04-05 23:40:38,22.277,2.753,73.339,0.250,0,5389168,197608,169236,2260480,4023.865,2472.990,0,1145.385,0,15.018,2090,1670,1.030,1.500,1.160,1,0,1.001,0,0,18,314,0,21,0
04-05 23:40:39,20.732,3.497,74.683,0,0,5396840,189796,169240,2260600,8379.534,2859.452,0,267.761,0,5.995,2159,1683,1.030,1.500,1.160,0,0,17.984,0,0,18,315,0,21,0
04-05 23:40:40,21.751,3.500,72.254,0,0,5393352,187680,169648,2265684,5275.293,3395.188,0,980.054,0,18.001,5670,9485,1.030,1.500,1.160,3,0,6.000,0,0,18,314,0,21,0
04-05 23:40:41,23.622,5.026,70.616,0.503,0,5374172,206336,169692,2266148,2507.990,1465.591,0,812.207,0,6.031,6553,10807,1.020,1.490,1.160,2,0,9.047,0,0,18,314,0,21,0
04-05 23:40:42,21.897,7.216,68.428,0,0,5378252,202156,169740,2266200,2585.818,1451.163,0,83.606,0,0.995,10472,18921,1.020,1.490,1.160,2,0,15.925,0,0,18,314,0,17,0
04-05 23:40:43,22.243,5.248,71.228,0,0,5338076,253660,169748,2254960,4036.753,1457.550,0,1863.425,0,24.992,2392,2041,1.020,1.490,1.160,1,0,3.999,0,0,18,314,0,17,0
04-05 23:40:44,22.490,4.498,71.717,0,0,5320564,271140,169748,2254992,2296.948,1457.333,0,375.828,0,23.989,3088,2933,1.020,1.490,1.160,1,0,49.977,0,0,18,314,0,17,0
04-05 23:40:45,25.601,5.522,67.265,0.251,0,5329588,262108,169748,2255000,2487.788,1463.759,0,1277.024,0,208.822,9424,17330,1.020,1.490,1.160,1,0,23.091,0,0,18,314,0,17,0
04-05 23:40:46,18.939,2.492,76.004,0.748,0,5371412,220276,169748,2255008,9643.817,3556.500,0,2037.412,0,109.645,2184,1981,1.020,1.490,1.150,1,0,17.942,0,0,18,315,0,12,0
04-05 23:40:47,22.988,3.248,72.211,0,0,5366944,219048,169748,2260704,2518.632,1631.114,0,827.550,0,17.990,2060,1617,1.020,1.490,1.150,1,0,1.999,0,0,18,314,0,12,0
04-05 23:40:49,19.732,2.748,75.433,0.250,0.250,5367620,218292,169748,2260784,9161.844,4461.029,0,1810.388,0,69.938,2226,1924,1.020,1.490,1.150,1,0,16.985,0,0,18,315,0,12,0
04-05 23:40:50,24.220,4.494,69.664,0,0,5354612,226096,169800,2265856,2696.689,1629.998,0,787.034,0,12.984,7098,12798,1.020,1.490,1.150,2,0,5.993,0,0,18,314,0,12,0
04-05 23:40:51,23.757,6.002,69.521,0,0,5370068,210184,169800,2266312,2598.788,1458.442,0,84.025,0,1.000,5619,8879,1.020,1.490,1.150,1,0,14.004,0,0,18,314,0,9,0
04-05 23:40:51,25.625,8.542,64.816,0,0,5373812,206252,169804,2266496,2808.682,1465.137,0,10937.278,0,54.264,10223,17866,1.020,1.480,1.150,1,0,18.088,0,0,18,314,0,9,0
04-05 23:40:52,23.930,4.985,70.044,0,0,5349016,242304,169804,2255240,2769.853,1453.724,0,785.689,0,10.968,2407,2009,1.020,1.480,1.150,1,0,1.994,0,0,18,314,0,11,0
04-05 23:40:54,24.727,3.746,69.934,0,0,5357508,233992,169804,2255108,4154.068,1456.621,0,719.319,0,18.982,2713,2330,1.020,1.480,1.150,1,0,21.979,0,0,18,314,0,11,0
04-05 23:40:54,21.524,5.756,71.328,0,0,5336524,254976,169804,2255108,2420.644,1459.594,0,132.144,0,7.008,3254,2754,1.020,1.480,1.150,1,0,94.103,0,0,18,314,0,9,0
04-05 23:40:55,24.317,3.510,71.446,0,0,5336764,246456,169808,2263384,2544.980,1462.010,0,1058.904,0,27.074,2512,2296,1.020,1.480,1.150,1,0,4.011,0,0,18,314,0,9,0
04-05 23:40:56,23.505,2.501,72.516,0.500,0,5345016,235888,169808,2265700,2615.580,1458.323,4.001,1640.364,1.000,163.036,2225,1764,1.020,1.470,1.150,1,0,16.004,0,0,18,314,0,9,0
04-05 23:40:57,15.205,0.997,81.756,0.249,0,5357608,222980,169808,2266016,18067.993,9634.202,0,865.413,0,25.923,1687,1538,1.020,1.470,1.150,1,0,0,0,0,18,315,0,9,0
04-05 23:40:58,10.752,2.000,85.767,0.500,0,5356792,223404,169808,2266384,20729.004,12691.451,0,1672.323,0,57.011,1853,2113,1.020,1.470,1.150,0,0,0,0,0,18,315,0,9,0
04-05 23:41:00,8.244,1.249,87.684,0.749,0,5357856,222124,169808,2266596,151593.589,11151.657,0,1239.073,0,65.951,1894,2115,1.020,1.470,1.150,1,0,0,0,0,18,316,0,9,0
04-05 23:41:00,18.256,1.250,79.026,0.500,0,5385112,194652,169844,2266772,18495.004,10280.337,0,972.316,0,33.011,1832,1514,1.020,1.470,1.150,0,0,0,0,0,18,316,0,9,0
04-05 23:41:01,16.260,2.752,79.551,0.750,0,5384596,194800,169956,2267004,20938.507,11619.496,8.005,29270.882,2.001,152.098,2052,1792,0.940,1.450,1.150,1,0,0,0,0,18,316,0,9,0
04-05 23:41:03,13.476,1.248,83.351,0.250,0,5409148,169956,169980,2267272,174350.683,9159.645,0,523.066,0,26.952,1827,1592,0.940,1.450,1.150,0,0,0,0,0,18,316,0,9,0
04-05 23:41:03,11.767,2.253,83.624,1.502,0,5408484,169956,170244,2267640,199269.108,20580.582,32.048,2375.530,5.007,97.144,2332,2298,0.940,1.450,1.150,0,0,0,0,0,18,316,0,6,0
04-05 23:41:04,11.752,1.250,85.018,1.000,0,5408024,169956,170428,2267904,65103.832,13234.812,96.020,1644.349,4.001,69.015,1779,1815,0.940,1.450,1.150,1,0,0,0,0,18,316,0,6,0
04-05 23:41:06,11.214,1.994,83.980,0.498,0,5418268,150300,170508,2277196,415362.683,19090.581,7.974,893.127,1.994,32.894,2402,2272,0.940,1.450,1.150,0,0,1.994,0,0,18,316,0,6,0
04-05 23:41:06,5.037,3.526,88.398,0.252,0,5416052,142516,170548,2287124,5426256.765,124719.453,8.059,29016.753,2.015,209.536,10606,8456,0.860,1.420,1.140,1,0,2.015,0,0,18,316,0,6,0
04-05 23:41:08,3.731,2.985,89.304,0.746,0,5411960,135668,170596,2298036,6146276.622,138206.261,3.980,39960.283,0.995,414.926,9191,7251,0.860,1.420,1.140,0,0,0.995,0,0,18,316,0,4,0
04-05 23:41:09,1.500,1.000,94.984,0.250,0,5411096,135668,170596,2298900,140666.797,7130.824,0,347.943,0,23.996,1286,1556,0.860,1.420,1.140,0,0,0,0,0,18,316,0,4,0
04-05 23:41:10,4.251,3.251,88.273,0.750,0,5391100,163528,170632,2291728,5974375.335,129437.130,0,11763.102,0,33.009,8308,8989,0.860,1.420,1.140,1,0,1.000,0,0,18,316,0,4,0
04-05 23:41:10,17.756,2.251,77.028,1.751,0,5386484,158664,170800,2301008,630573.589,13566.897,164.059,1832.661,4.001,54.019,2501,1972,0.860,1.420,1.140,1,0,1.000,0,0,18,316,0,4,0
04-05 23:41:11,21.999,3.250,72.245,1.250,0,5407732,126448,173448,2309200,4114.734,1457.906,15.999,4855.686,4.000,217.986,2373,2231,0.870,1.410,1.140,4,0,0,0,0,18,316,0,3,0
04-05 23:41:12,24.246,3.000,71.988,0.250,0,5403572,135520,174076,2303368,2657.565,1457.762,0,267.956,0,11.998,2163,1832,0.870,1.410,1.140,3,0,0,0,0,18,316,0,3,0
04-05 23:41:14,24.493,2.999,69.981,0.500,0,5395368,130008,174408,2316732,2297.361,1457.595,0,1667.536,0,42.988,2599,2318,0.870,1.410,1.140,1,0,5.998,0,0,18,316,0,3,0
04-05 23:41:14,24.268,2.752,70.801,0.751,0,5401992,135940,174832,2303636,2624.906,1459.060,0,1889.372,0,83.060,2537,2590,0.870,1.410,1.140,2,0,0,0,0,18,316,0,3,0
04-05 23:41:16,23.218,3.745,70.901,0.749,0,5404600,126764,175464,2309544,2739.185,1455.972,0,1821.463,0,72.898,2582,2564,0.870,1.410,1.140,1,0,0.999,0,0,18,316,0,3,0
04-05 23:41:16,22.609,3.768,72.348,0.754,0,5400780,134616,176120,2304876,2687.927,1465.046,0,1909.182,0,60.290,2318,2053,0.880,1.410,1.140,1,0,0,0,0,18,316,0,3,0
04-05 23:41:18,24.121,2.238,71.618,0.249,0,5406960,132668,176388,2299900,2524.526,1450.260,0,620.687,0,20.889,2216,1871,0.880,1.410,1.140,1,0,0,0,0,18,316,0,3,0
04-05 23:41:18,24.539,2.754,71.613,0.501,0,5404520,127700,177608,2305856,4044.401,1460.311,0,1850.929,0,38.060,2339,2023,0.880,1.410,1.140,3,0,2.003,0,0,18,316,0,3,0
04-05 23:41:20,22.898,2.738,71.184,0.498,0,5408252,129076,178244,2299656,2526.773,1451.551,0,1393.807,0,42.810,2226,1956,0.880,1.410,1.140,1,0,0,0,0,18,316,0,3,0
04-05 23:41:20,32.183,6.537,60.594,0.754,0,5418500,158528,179016,2259456,2250.786,1466.330,0,2047.632,0,67.383,3465,12115,0.880,1.410,1.140,1,0,37.211,0,0,18,318,0,4,0
04-05 23:41:21,20.492,1.499,76.469,0.250,0,5444020,165324,179184,2226868,10276.815,4051.350,0,767.687,0,23.990,1946,1705,0.890,1.400,1.140,1,0,0,0,0,18,316,0,4,0
04-05 23:41:22,23.485,3.498,71.455,0,0,5327244,282172,179204,2226780,2416.467,1457.076,0,91.942,0,2.998,2330,1932,0.890,1.400,1.140,1,0,19.987,0,0,18,316,0,4,0
04-05 23:41:23,19.002,2.750,76.757,0.250,0,5354380,252436,179212,2229372,7858.682,3568.310,0,644.056,0,9.001,1998,1737,0.890,1.400,1.140,1,0,16.001,0,0,18,317,0,3,0
04-05 23:41:24,23.513,3.502,72.040,0,0,5349800,253960,179264,2232360,2581.428,1632.903,0,1324.733,0,12.007,2201,1750,0.890,1.400,1.140,1,0,3.002,0,0,18,316,0,3,0
04-05 23:41:25,19.984,3.997,74.191,0.500,0,5363696,235560,179348,2236396,9282.611,4461.449,0,435.653,0,27.978,2487,2143,0.890,1.400,1.140,1,0,17.986,0,0,18,317,0,3,0
04-05 23:41:26,24.260,6.253,67.779,0,0,5353688,243308,179556,2237900,2718.155,1632.694,0,1328.564,0,33.014,9292,16993,0.900,1.390,1.140,1,0,13.006,0,0,18,316,0,3,0
04-05 23:41:27,22.252,5.251,71.507,0.250,0,5363312,233416,179616,2238056,4038.422,1500.157,4.000,11653.219,1.000,215.022,3626,4494,0.900,1.390,1.140,2,0,5.001,0,0,18,316,0,3,0
04-05 23:41:28,22.504,6.501,68.011,0.250,0,5369508,227116,179624,2238152,2792.471,1512.255,0,2392.403,0,16.003,9138,16141,0.900,1.390,1.140,1,0,8.001,0,0,18,316,0,3,0
04-05 23:41:29,21.484,5.996,71.946,0,0,5330884,271700,179656,2232128,2656.015,1456.911,0,651.513,0,32.975,2286,1906,0.900,1.390,1.140,1,0,6.995,0,0,18,316,0,3,0
04-05 23:41:31,22.992,3.749,71.724,0.500,0,5323028,285100,179656,2227336,2477.103,1457.472,247.910,575.791,3.999,4.998,2287,1807,0.900,1.390,1.140,1,0,5.998,0,0,18,318,0,3,0
04-05 23:41:31,20.264,3.502,71.798,3.753,0,5341812,263680,179660,2229972,2616.749,1458.975,440.294,8.005,11.007,1.001,1986,1746,0.910,1.390,1.140,1,0,0,0,0,18,318,0,3,0
04-05 23:41:32,29.273,5.755,62.550,0.751,0,5357636,247372,179660,2230456,2748.203,1567.257,432.347,2566.057,26.021,110.088,5772,8030,0.910,1.390,1.140,4,0,3.002,0,0,18,324,0,8,0
04-05 23:41:33,42.842,9.521,44.346,2.255,0,5349720,254148,179660,2231592,2543.481,1461.149,1250.695,3768.120,41.089,371.801,6938,10023,0.910,1.390,1.140,3,0,25.054,0,0,18,322,0,8,0
04-05 23:41:34,28.169,22.934,46.616,0.249,0,5371356,232440,179660,2231664,2590.547,1453.817,514.520,4451.194,4.986,255.266,6531,5937,0.910,1.390,1.140,3,0,404.835,0,0,18,322,0,8,0
04-05 23:41:35,14.007,6.253,69.787,8.254,0,5347548,252884,179672,2235016,2965.560,2474.302,3345.760,844.444,236.124,35.018,3068,3086,0.910,1.390,1.140,0,0,36.019,0,0,18,323,0,10,0
04-05 23:41:36,2.248,0.999,95.416,0.250,0,5346904,253528,179672,2235016,7748.156,3022.330,0,1194.944,0,62.944,1194,1835,0.840,1.360,1.130,0,0,0,0,0,18,323,0,10,0
04-05 23:41:38,3.735,3.237,91.130,0.249,0,5326116,274088,179692,2235224,45526.084,4640.153,123.498,11493.317,3.984,431.248,1716,1762,0.840,1.360,1.130,1,0,17.927,0,0,18,322,0,10,2
04-05 23:41:38,64.777,8.788,26.363,0.502,0.251,4833468,766856,179692,2235380,2892.356,1584.770,4.017,2904.408,1.004,432.849,4715,2996,0.840,1.360,1.130,2,0,20.086,0,0,18,283,0,17,0
04-05 23:41:39,85.828,10.259,3.503,0,0,4889764,710552,179692,2235380,2720.457,1459.318,4.004,112.101,1.001,7.006,4888,2801,0.840,1.360,1.130,5,0,7.006,0,0,18,277,0,17,0
04-05 23:41:40,88.621,11.265,0,0,0,5032972,567336,179692,2235388,2966.058,1554.126,0,0,0,0,4876,2444,0.840,1.360,1.130,5,0,2.003,0,0,18,277,0,17,0
04-05 23:41:41,89.017,8.752,0.500,1.500,0,5123408,474848,179704,2237428,2735.514,1458.274,348.065,460.086,16.003,17.003,6456,7337,1.170,1.420,1.150,3,1,3.001,0,0,18,285,0,20,0
04-05 23:41:42,86.010,11.251,1.750,1.750,0,5241388,355524,179712,2238764,43412.948,23378.665,596.068,496.057,14.002,37.004,7035,8055,1.170,1.420,1.150,3,0,4.000,0,0,18,287,0,25,0
04-05 23:41:43,56.650,5.989,34.190,0.250,0,5259844,335700,179712,2240120,71890.847,33426.878,0,19537.444,0,207.633,7361,11895,1.170,1.420,1.150,2,0,0,0,0,18,289,0,31,0
04-05 23:41:44,26.069,3.008,70.436,0.501,0,5278020,317332,179712,2240312,70054.936,33598.696,0,192.508,0,20.053,3735,4516,1.170,1.420,1.150,2,0,0,0,0,18,297,0,31,0
04-05 23:41:46,15.431,1.493,80.639,0.249,0,5279256,316072,179712,2240336,43106.788,19454.800,0,812.359,0,58.737,2925,3318,1.170,1.420,1.150,1,0,0.996,0,0,18,297,0,31,0
04-05 23:41:46,1.001,0.500,96.587,0,0,5279256,316072,179712,2240336,2617.369,1459.321,0,136.123,0,8.007,945,1362,1.080,1.400,1.140,0,0,0,0,0,18,297,0,31,0
04-05 23:41:47,1.752,1.001,96.848,0.501,0,5279256,316072,179712,2240336,2600.643,1459.483,0,140.142,0,9.009,1020,1407,1.080,1.400,1.140,0,0,0,0,0,18,297,0,31,0
04-05 23:41:48,1.754,3.759,93.211,0.251,0,5280884,314336,179728,2240392,2603.900,1461.311,16.036,100632.016,4.009,879.994,2664,3302,1.080,1.400,1.140,0,0,0,0,0,18,297,0,31,0
04-05 23:41:50,1.243,0.994,95.961,0.249,0,5279728,315488,179728,2240396,2583.479,1449.851,0,11407.881,0,1184.343,1606,1453,1.080,1.400,1.140,0,0,0,0,0,18,297,0,31,0
04-05 23:41:51,1.252,0.501,97.408,0,0,5279724,315488,179728,2240400,2662.313,1460.366,0,0,0,0,929,1282,1.080,1.400,1.140,0,0,0,0,0,18,297,0,31,0
04-05 23:41:52,1.249,0.749,96.411,0,0,5279724,315488,179728,2240400,2912.311,1456.655,0,35.967,0,2.997,974,1345,0.990,1.380,1.140,0,0,0,0,0,18,297,0,31,0
04-05 23:41:52,6.532,3.517,88.681,0,0,5329292,265884,179728,2240436,4540.041,1465.113,0,100.488,0,9.044,1862,2337,0.990,1.380,1.140,1,0,3.015,0,0,18,297,0,31,0
04-05 23:41:53,3.992,2.246,91.317,0.250,0,5337332,257820,179740,2240448,2952.100,1455.092,11.976,44355.353,2.994,259.481,2058,2589,0.990,1.380,1.140,0,0,1.996,0,0,18,297,0,34,0
04-05 23:41:54,9.988,2.247,86.396,0.499,0,5337532,257568,179740,2240492,2894.511,1456.245,0,511.384,0,69.916,2836,3994,0.990,1.380,1.140,1,0,0.999,0,0,18,297,0,34,0
04-05 23:41:55,2.750,1.250,94.000,0.500,0,5337780,257316,179740,2240496,2777.995,1457.998,0,351.999,0,49.000,1551,2292,0.990,1.380,1.140,1,0,1.000,0,0,18,297,0,34,0
04-05 23:41:56,1.000,0.500,96.773,0.250,0,5337780,257316,179740,2240496,2735.640,1458.341,0,164.038,0,14.003,906,1305,0.910,1.350,1.130,0,0,0,0,0,18,297,0,32,0
04-05 23:41:58,1.247,1.247,95.986,0,0,5333716,261376,179744,2240496,2471.212,1454.006,0,159.562,0,11.967,966,1319,0.910,1.350,1.130,0,0,0,0,0,18,297,0,32,0
04-05 23:41:58,2.507,0.501,95.519,0.251,0,5333716,261376,179744,2240496,2484.995,1462.116,0,814.292,0,54.152,1321,1943,0.910,1.350,1.130,0,0,0,0,0,18,297,0,32,0
04-05 23:41:59,2.758,4.513,88.758,2.257,0,5336844,258132,179744,2240612,2425.059,1462.257,180.525,260.759,9.026,24.070,2088,2407,0.910,1.350,1.130,1,0,70.204,0,0,18,297,0,32,0
04-05 23:42:00,8.258,20.770,69.567,0,0,5359920,234952,179744,2240716,2420.315,1459.396,0,0,0,0,6295,5389,0.910,1.350,1.130,1,0,506.485,0,0,18,297,0,32,0
04-05 23:42:01,7.988,19.971,70.647,0,0,5361676,233164,179744,2240748,2611.190,1455.876,0,3.994,0,0.999,6259,5413,0.840,1.330,1.120,1,0,473.309,0,0,18,297,0,32,0
04-05 23:42:02,8.483,19.710,69.359,0.249,0,5349724,245048,179744,2240816,2532.839,1455.035,31.935,259.471,0.998,19.959,6685,6002,0.840,1.330,1.120,1,0,542.894,0,0,18,297,0,32,0
04-05 23:42:03,8.520,21.299,68.407,0,0,5355128,239580,179748,2240876,2603.964,1461.347,28.064,384.882,3.007,28.064,6323,5517,0.840,1.330,1.120,1,0,490.123,0,0,18,297,0,32,0
04-05 23:42:04,8.975,8.477,71.802,8.726,0,5365408,172816,179912,2297196,2650.678,1495.868,56364.304,2975.780,475.686,24.931,3355,3024,0.840,1.330,1.120,3,0,111.691,0,0,18,297,0,32,0
04-05 23:42:06,22.450,4.241,70.344,1.497,0,5376796,161180,180052,2297296,4874.205,2129.284,191.576,327.275,9.978,52.883,3477,3322,0.840,1.330,1.120,0,0,26.940,0,0,18,298,0,32,0
04-05 23:42:07,3.254,1.752,92.368,1.001,0,5374548,161048,180188,2299540,2401490.739,71910.561,136.173,2619.335,4.005,36.046,3780,3754,0.770,1.310,1.120,0,0,0,0,0,18,298,0,32,0
04-05 23:42:08,2.501,1.751,93.778,0,0,5375112,159284,180188,2300740,1283843.787,31269.421,0,1364.411,0,6.002,2808,2374,0.770,1.310,1.120,0,0,0,0,0,18,298,0,32,0
04-05 23:42:09,2.743,1.247,94.497,0,0,5374828,159284,180188,2301024,292443.544,8004.529,0,378.983,0,11.968,1555,1652,0.770,1.310,1.120,0,0,0,0,0,18,298,0,32,0
04-05 23:42:09,7.021,2.257,90.018,0.251,0,5392224,141224,180192,2301688,637807.481,13907.396,20.060,5528.456,2.006,403.200,2131,1692,0.770,1.310,1.120,2,0,2.006,0,0,18,297,0,33,0
04-05 23:42:10,9.794,5.525,71.821,11.300,0,5400044,123584,180824,2310920,2489.119,1464.542,4785.376,4552.335,141.633,35.157,2553,2465,0.770,1.310,1.120,1,0,32.144,0,0,18,297,0,33,0
04-05 23:42:11,9.216,14.446,68.494,5.230,0,5390856,145236,181060,2298436,2425.943,1452.577,3.985,27425.615,0.996,1615.967,8102,11144,0.790,1.300,1.120,0,1,123.539,0,0,18,297,0,33,0
04-05 23:42:12,19.583,10.796,67.034,1.757,0,5394980,136536,181260,2302336,2488.542,1464.203,48.204,6640.130,2.009,638.706,5037,5863,0.790,1.300,1.120,1,0,55.234,0,0,18,297,0,33,0
04-05 23:42:13,24.700,7.984,64.620,1.247,0,5398860,132052,181280,2302808,2413.132,1455.065,0,1776.417,0,125.746,3867,3487,0.790,1.300,1.120,1,0,36.926,0,0,18,297,0,33,0
04-05 23:42:14,24.550,7.766,66.386,0.501,0,5399408,130544,181320,2303596,2691.498,1569.205,0,1338.735,0,83.170,3532,3212,0.790,1.300,1.120,1,1,24.049,0,0,18,297,0,33,0
04-05 23:42:15,25.888,7.219,64.472,0.747,0,5391456,137528,181508,2304296,2467.363,1451.742,0,1374.076,0,110.524,3940,3855,0.790,1.300,1.120,1,0,24.893,0,0,18,297,0,33,0
04-05 23:42:16,24.492,5.248,68.229,0.500,0,5399656,125488,181640,2307584,2554.201,1457.544,0,4458.606,0,228.928,3345,3520,0.800,1.300,1.120,1,0,11.996,0,0,18,297,0,33,0
04-05 23:42:17,22.007,3.501,72.273,1.000,0,5387640,135196,181656,2309060,2478.793,1458.467,168.054,304.097,34.011,10.003,3047,3382,0.800,1.300,1.120,1,0,10.003,0,0,18,297,0,33,0
04-05 23:42:18,12.994,10.245,66.719,8.496,0,5362216,337060,174128,2149304,2476.848,1457.322,1023.524,5361.506,60.972,112.947,3605,4309,0.800,1.300,1.120,0,1,25.988,0,0,18,297,0,33,0
04-05 23:42:19,15.067,9.040,71.065,4.018,0.251,5403724,292676,174172,2151160,2489.040,1464.496,1816.055,24.107,54.241,4.018,2696,2109,0.800,1.300,1.120,1,0,28.125,0,0,18,297,0,33,0
04-05 23:42:20,13.686,7.714,72.164,4.728,0,5402260,291084,174184,2151596,2347.074,1520.920,557.405,2643.693,20.903,5.972,2366,1917,0.800,1.300,1.120,2,1,30.856,0,0,18,297,0,33,0
04-05 23:42:21,29.837,5.015,63.435,1.003,0.251,5439136,253872,174184,2151932,2502.281,1462.255,212.619,0,9.026,0,2958,13157,0.820,1.290,1.120,3,0,37.108,0,0,18,297,0,34,0
04-05 23:42:22,17.707,3.741,73.572,3.492,0,5381372,372096,174232,2091524,2531.858,1454.472,2493.950,159.613,65.840,12.969,2532,2232,0.820,1.290,1.120,0,0,16.959,0,0,18,297,0,34,0
04-05 23:42:24,1.248,0.499,96.380,0.250,0,5380680,372784,174236,2091520,2594.771,1456.188,0,451.438,0,28.964,1015,1470,0.820,1.290,1.120,0,0,0,0,0,18,297,0,34,0
04-05 23:42:24,1.501,1.251,96.321,0,0,5371116,382344,174240,2091520,2539.883,1459.082,4.003,52.039,1.001,6.004,932,1334,0.820,1.290,1.120,1,0,0,0,0,18,297,0,34,0
04-05 23:42:26,2.745,1.497,93.575,0,0,5367676,385732,174272,2091540,2533.251,1455.272,0,391.267,0,59.888,1750,2583,0.820,1.290,1.120,0,0,0.998,0,0,18,297,0,33,0
04-05 23:42:27,1.500,0.750,96.487,0.500,0,5365772,387632,174276,2091540,2568.643,1511.790,0,547.924,0,37.995,950,1408,0.750,1.270,1.110,0,0,0,0,0,18,297,0,33,0
04-05 23:42:27,1.252,0.751,97.194,0,0,5364112,389292,174276,2091540,2723.423,1502.993,0,0,0,0,913,1290,0.750,1.270,1.110,0,0,0,0,0,18,297,0,33,0
04-05 23:42:29,1.999,0.999,95.441,0,0,5362652,390744,174284,2091540,2536.430,1457.098,0,115.928,0,14.991,1195,1721,0.750,1.270,1.110,2,0,0,0,0,18,297,0,33,0
04-05 23:42:30,1.250,0.750,95.977,0.250,0,5361368,392016,174292,2091544,2657.356,1457.647,0,271.934,0,22.994,1155,1729,0.750,1.270,1.110,0,0,0,0,0,18,297,0,33,0
04-05 23:42:30,1.251,0.751,96.571,0.250,0,5356260,397124,174292,2091544,2479.830,1459.077,0,1084.801,0,232.171,1071,1339,0.750,1.270,1.110,0,0,0,0,0,18,297,0,33,0
04-05 23:42:32,1.248,0.999,96.368,0,0,5356052,397328,174292,2091548,2671.328,1455.999,0,43.940,0,3.995,1035,1526,0.690,1.250,1.100,0,0,0,0,0,18,297,0,33,0
04-05 23:42:33,1.502,1.001,96.121,0,0,5356000,397328,174300,2091592,2661.360,1459.843,44.056,264.334,3.004,24.030,1151,1762,0.690,1.250,1.100,1,0,0,0,0,18,297,0,33,0
04-05 23:42:33,1.500,1.000,96.276,0.250,0,5356240,397088,174300,2091592,2598.691,1458.388,0,336.089,0,23.006,1036,1430,0.690,1.250,1.100,0,0,0,0,0,18,297,0,28,0
04-05 23:42:35,0.750,0.500,96.944,0,0,5356240,397088,174300,2091592,2536.546,1457.164,0,11.993,0,0.999,889,1248,0.690,1.250,1.100,0,0,0,0,0,18,297,0,28,0
04-05 23:42:35,3.252,0.750,94.058,0.500,0,5356232,397088,174308,2091592,2659.640,1458.900,0,224.138,0,36.022,1485,2183,0.690,1.250,1.100,0,0,1.001,0,0,18,297,0,28,0
04-05 23:42:37,1.249,1.249,97.153,0,0,5356224,397088,174316,2091592,2612.405,1456.553,0,471.532,0,32.967,921,1340,0.640,1.230,1.100,0,0,0,0,0,18,297,0,28,0
04-05 23:42:38,1.250,0.250,96.538,0,0,5356224,397088,174316,2091592,2478.969,1500.587,0,4.002,0,1.000,924,1294,0.640,1.230,1.100,0,0,0,0,0,18,297,0,26,0
04-05 23:42:38,1.751,0.751,96.570,0.250,0,5356220,397088,174320,2091592,2419.750,1459.055,0,48.035,0,6.004,988,1352,0.640,1.230,1.100,0,0,0,0,0,18,297,0,26,0
04-05 23:42:39,1.750,0.750,96.501,0.250,0,5348760,404536,174320,2091604,3978.048,1458.018,0,2384.029,0,229.003,1006,1337,0.640,1.230,1.100,0,0,0,0,0,18,297,0,26,0
04-05 23:42:41,1.249,0.750,96.955,0,0,5348760,404536,174320,2091604,2600.782,1551.273,0,0,0,0,866,1243,0.640,1.230,1.100,0,0,0,0,0,18,297,0,26,0
04-05 23:42:41,1.501,0.250,96.581,0,0,5348760,404536,174320,2091604,2737.288,1459.220,0,36.030,0,4.003,930,1323,0.590,1.210,1.090,0,0,0,0,0,18,297,0,18,0
04-05 23:42:42,1.251,1.001,96.358,0.250,0,5348776,404536,174320,2091612,2540.861,1459.643,0,108.122,0,14.016,1054,1635,0.590,1.210,1.090,0,0,0,0,0,18,297,0,18,0
04-05 23:42:44,2.487,0.746,95.257,0.249,0,5348776,404536,174320,2091612,2584.629,1450.496,0,382.024,0,30.840,1244,1799,0.590,1.210,1.090,0,0,0,0,0,18,297,0,18,0
04-05 23:42:44,2.017,1.260,95.797,0,0,5348692,404612,174324,2091616,2680.287,1470.225,0,1839.294,0,31.260,1273,1865,0.590,1.210,1.090,0,0,0,0,0,18,297,0,18,0
04-05 23:42:45,3.485,1.245,93.600,0.249,0,5348660,404644,174324,2091616,4259.800,1451.797,0,434.145,0,38.834,1632,2245,0.590,1.210,1.090,0,0,1.991,0,0,18,297,0,5,0
04-05 23:42:46,2.500,0.750,94.735,0,0,5348612,404644,174328,2091660,2914.548,1457.774,31.995,139.978,2.000,10.998,1272,1714,0.540,1.190,1.080,0,0,2.000,0,0,18,297,0,5,0
04-05 23:42:47,2.000,0.500,96.523,0,0,5348608,404644,174332,2091660,2598.614,1458.345,0,108.026,0,8.002,998,1387,0.540,1.190,1.080,1,0,0,0,0,18,297,0,5,0
04-05 23:42:48,1.499,1.249,95.694,0,0,5348568,404644,174336,2091696,2808.357,1457.148,0,107.937,0,6.996,984,1311,0.540,1.190,1.080,0,0,0,0,0,18,297,0,5,0
04-05 23:42:50,2.497,0.999,94.879,0.250,0,5349028,404180,174336,2091700,2898.300,1456.141,0,447.429,0,29.962,1223,1703,0.540,1.190,1.080,0,0,0.999,0,0,18,297,0,5,0
04-05 23:42:50,3.757,2.504,92.913,0,0,5349764,403424,174336,2091720,2602.577,1460.568,0,61884.822,0,95.167,1493,1803,0.540,1.190,1.080,0,0,3.005,0,0,18,297,0,5,0
04-05 23:42:51,4.258,1.252,93.415,0.250,0,5350008,403172,174340,2091724,4422.818,1460.582,4.007,1234.182,1.002,205.363,1573,2060,0.500,1.170,1.080,0,0,2.004,0,0,18,297,0,5,0
04-05 23:42:52,2.495,1.747,94.314,0,0,5355936,397228,174340,2091740,2652.776,1455.135,0,0,0,0,1099,1366,0.500,1.170,1.080,1,0,4.990,0,0,18,297,0,5,0
04-05 23:42:53,13.005,4.252,72.776,8.753,0,5376248,374296,174756,2093944,3236.177,2247.817,2604.947,788.287,526.191,6.002,2298,2606,0.500,1.170,1.080,1,0,0,0,0,18,298,0,5,0
04-05 23:42:55,17.694,2.243,78.750,0,0,5381040,369060,174764,2094384,10276.349,8961.526,0,641.960,0,17.943,3024,3726,0.500,1.170,1.080,1,0,0,0,0,18,300,0,5,0
04-05 23:42:56,22.255,4.001,70.767,1.250,0,5402228,347676,174776,2094572,5480.287,3073.722,52.012,388.091,4.001,53.012,2909,3056,0.500,1.170,1.080,1,0,6.001,0,0,18,302,0,6,0
04-05 23:42:57,15.524,1.502,81.127,0.250,0,5409600,340144,174780,2094728,12247.181,10434.342,16.025,172.270,1.002,13.020,2099,2009,0.540,1.160,1.080,1,0,0,0,0,18,306,0,6,0
04-05 23:42:58,15.983,3.996,78.419,0.749,0.250,5397872,351756,174784,2094840,10608.995,9477.169,95.901,239.751,4.995,24.974,2326,2356,0.540,1.160,1.080,1,0,4.995,0,0,18,306,0,4,0
04-05 23:42:58,19.291,3.507,75.910,0.501,0,5401876,347728,174796,2094852,6183.015,4857.225,0,328.692,0,34.072,2786,2958,0.540,1.160,1.080,0,0,5.011,0,0,18,305,1,5,0
04-05 23:43:00,14.491,3.748,80.201,0.500,0,5397904,351524,174804,2095020,11517.904,10290.660,15.990,335.793,0.999,38.976,2543,2652,0.540,1.160,1.080,1,0,4.997,0,0,18,305,0,6,0
04-05 23:43:00,19.063,2.508,76.251,0,0,5393956,355452,174808,2095036,31259.035,20709.261,0,208.688,0,19.063,2816,2691,0.540,1.160,1.080,2,0,5.017,0,0,18,306,0,7,0
04-05 23:43:01,13.474,3.244,80.842,0.250,0,5396892,352484,174812,2095064,14259.043,11916.636,0,2467.163,0,379.256,2536,2455,0.490,1.140,1.070,0,0,0,0,0,18,306,0,7,0
04-05 23:43:02,64.931,8.774,25.321,1.253,0,5049120,700196,174820,2095116,3382.436,1660.632,48.134,204.571,6.017,17.048,4316,2251,0.490,1.140,1.070,3,0,23.064,0,0,18,293,0,10,0
04-05 23:43:03,73.277,12.711,12.711,0.997,0,5142176,607152,174820,2095240,2736.655,1495.440,127.611,107.672,13.957,7.976,4429,2097,0.490,1.140,1.070,4,0,3.988,0,0,18,293,0,10,0
04-05 23:43:04,86.046,13.257,0,0.750,0,5238716,510192,174820,2095660,2599.382,1458.775,224.119,980.521,5.003,67.036,4953,2318,0.490,1.140,1.070,5,0,1.001,0,0,18,293,0,10,0
04-05 23:43:05,76.518,14.551,2.007,6.774,0,5176388,567256,174824,2101032,2617.183,1463.134,5178.168,557.958,328.151,44.155,5744,3962,0.490,1.140,1.070,3,1,6.021,0,0,18,283,0,10,0
04-05 23:43:06,86.928,9.714,1.245,0.996,0.249,5237628,502604,174832,2104436,4273.187,1452.624,2343.328,370.628,194.281,30.886,6998,8143,1.020,1.240,1.100,4,0,1.993,0,0,18,285,0,14,0
04-05 23:43:07,52.219,6.527,39.917,1.004,0,5220116,518928,174832,2105656,2729.441,1464.137,1020.277,8.034,30.126,1.004,3675,3054,1.020,1.240,1.100,3,0,7.029,0,0,18,283,0,17,0
04-05 23:43:09,59.445,7.183,32.199,0,0,5300248,438096,174832,2106356,87960.664,43756.423,43.593,253.632,1.981,29.722,5233,5585,1.020,1.240,1.100,4,0,2.972,0,0,18,284,0,22,0
04-05 23:43:09,39.447,4.020,51.759,3.015,0,5321608,414912,174836,2108176,77163.446,35737.516,510.550,229.145,27.136,27.136,5209,8221,1.020,1.240,1.100,2,0,0,0,0,18,293,0,23,0
04-05 23:43:11,21.720,2.746,73.400,0.499,0,5329128,407352,174856,2108212,59291.074,28656.887,0,3355.420,0,162.778,3764,4657,1.020,1.240,1.100,0,0,0,0,0,18,297,0,22,0
04-05 23:43:11,1.750,0.500,96.272,0.250,0,5329116,407352,174864,2108216,2721.624,1404.322,0,172.039,0,14.003,1065,1546,0.930,1.220,1.100,0,0,0,0,0,18,297,0,22,0
04-05 23:43:12,1.750,1.500,95.772,0,0,5329336,407128,174864,2108220,2732.615,1512.340,0,10258.308,0,1238.279,1860,1513,0.930,1.220,1.100,0,0,2.000,0,0,18,297,0,22,0
04-05 23:43:13,2.750,1.750,93.745,0.500,0,5329624,406880,174864,2108228,2597.858,1457.921,0,319.983,0,30.998,1397,1865,0.930,1.220,1.100,0,0,6.000,0,0,18,297,0,22,0
04-05 23:43:14,1.500,0.750,96.000,0,0,5329620,406880,174868,2108228,2597.994,1457.997,0,255.999,0,23.000,1195,1802,0.930,1.220,1.100,1,0,0,0,0,18,297,0,22,0
04-05 23:43:16,1.499,0.999,95.439,0.250,0,5329620,406880,174872,2108224,2536.380,1457.069,0,1187.242,0,112.928,1261,1915,0.930,1.220,1.100,0,0,0.999,0,0,18,297,0,22,0
04-05 23:43:17,1.500,0.750,97.019,0,0,5329616,406880,174872,2108228,2615.510,1458.284,0,104.020,0,7.001,841,1299,0.860,1.200,1.090,0,0,0,0,0,18,297,0,22,0
04-05 23:43:17,1.250,0.750,96.780,0,0,5329616,406880,174872,2108228,2478.775,1458.456,0,0,0,0,936,1325,0.860,1.200,1.090,0,0,0,0,0,18,297,0,22,0
04-05 23:43:18,1.500,1.000,95.510,0,0,5329616,406880,174872,2108228,2598.260,1458.146,0,372.037,0,23.002,1111,1533,0.860,1.200,1.090,0,0,2.000,0,0,18,297,0,22,0
04-05 23:43:20,1.249,0.999,96.694,0,0,5329608,406880,174872,2108236,2716.426,1457.155,0,3.998,0,0.999,949,1360,0.860,1.200,1.090,0,0,0,0,0,18,297,0,22,0
04-05 23:43:20,2.751,0.750,94.791,0.250,0,5329608,406880,174876,2108232,2539.091,1458.627,0,176.076,0,30.013,1420,2007,0.860,1.200,1.090,0,0,0,0,0,18,297,0,22,0
04-05 23:43:21,9.005,4.502,85.794,0.250,0,5337364,399112,174884,2108236,2856.459,1458.745,0,420.215,0,28.014,2310,12075,0.790,1.180,1.080,0,0,36.018,0,0,18,297,0,23,0
04-05 23:43:22,0.750,0.750,97.012,0,0,5329432,407044,174884,2108236,2778.352,1458.185,0,1504.191,0,3.000,861,1258,0.790,1.180,1.080,0,0,0,0,0,18,297,0,22,0
04-05 23:43:23,1.999,0.250,95.953,0,0,5329520,406952,174884,2108240,2776.628,1457.280,0,71.964,0,5.997,1039,1439,0.790,1.180,1.080,0,0,0,0,0,18,297,0,22,0
04-05 23:43:24,1.501,1.001,97.052,0.250,0,5329520,406952,174884,2108240,2539.348,1458.774,0,48.025,0,6.003,933,1353,0.790,1.180,1.080,2,0,0,0,0,18,297,0,22,0
04-05 23:43:26,1.748,0.999,94.913,0.250,0,5329520,406952,174888,2108236,2775.442,1456.658,0,163.849,0,22.979,1243,1875,0.790,1.180,1.080,0,0,0.999,0,0,18,297,0,22,0
04-05 23:43:26,1.001,0.500,96.816,0,0,5329512,406952,174888,2108244,2676.835,1459.000,0,200.137,0,11.008,915,1340,0.730,1.160,1.080,0,0,0,0,0,18,297,0,22,0
04-05 23:43:28,33.927,8.731,52.387,3.991,0,5335048,400548,175036,2108916,2947.634,1734.254,654.586,127.724,55.879,6.985,3792,2783,0.730,1.160,1.080,5,0,70.847,0,0,18,293,0,24,0
04-05 23:43:28,25.054,5.512,67.395,0,0,5036368,699276,175040,2108972,2603.619,1813.915,72.156,116.251,5.011,13.028,2677,2391,0.730,1.160,1.080,1,0,8.017,0,0,18,293,0,24,0
04-05 23:43:29,23.510,3.752,71.531,0.250,0,5084300,651340,175040,2108976,2719.197,1958.862,0,268.118,0,23.010,2160,2069,0.730,1.160,1.080,1,0,0,0,0,18,293,0,24,0
04-05 23:43:30,25.349,3.765,68.769,1.004,0,5133892,600940,175048,2109796,2608.211,1463.731,160.629,252.990,20.079,35.138,3711,5603,0.730,1.160,1.080,3,0,6.024,0,0,18,293,0,24,0
04-05 23:43:32,21.580,4.465,71.436,0,0,5202140,532436,175048,2110052,2919.938,1553.728,174.621,138.903,12.898,9.922,2479,2067,0.750,1.160,1.080,1,0,11.906,0,0,18,297,0,26,0
04-05 23:43:32,22.333,6.022,71.768,0,0,5259816,474752,175052,2110056,2547.506,1463.461,0,5062.893,0,685.558,2526,1877,0.750,1.160,1.080,1,0,5.019,0,0,18,297,0,26,0
04-05 23:43:33,24.991,2.499,70.725,0.250,0,5288664,445724,175056,2110232,2537.088,1597.425,0,471.830,0,30.989,2318,1886,0.750,1.160,1.080,1,0,0,0,0,18,297,0,26,0
04-05 23:43:35,3.999,1.250,93.717,0,0,5292736,441636,175056,2110248,2537.107,1457.487,0,0,0,0,1092,1399,0.750,1.160,1.080,0,0,1.000,0,0,18,297,0,26,0
04-05 23:43:35,1.751,1.001,95.805,0,0,5290160,444224,175060,2110248,2719.571,1458.843,0,92.053,0,12.007,1172,1781,0.750,1.160,1.080,0,0,1.001,0,0,18,297,0,26,0
04-05 23:43:36,1.499,0.750,96.205,0.250,0,5287380,447004,175060,2110248,2913.640,1499.300,0,535.750,0,26.987,981,1374,0.690,1.140,1.070,0,0,0,0,0,18,297,0,26,0
04-05 23:43:38,1.250,0.750,96.983,0,0,5280092,454292,175060,2110248,4097.302,1547.737,0,3.999,0,1.000,947,1318,0.690,1.140,1.070,0,0,0,0,0,18,297,0,26,0
04-05 23:43:38,1.752,1.001,96.589,0,0,5273680,460700,175060,2110252,2720.519,1459.351,0,48.044,0,6.006,1043,1429,0.690,1.140,1.070,0,0,0,0,0,18,297,0,26,0
04-05 23:43:39,1.249,0.750,96.198,0.250,0,5268068,466312,175060,2110252,2970.407,1511.189,0,47.974,0,5.997,1005,1442,0.690,1.140,1.070,0,0,0,0,0,18,297,0,26,0
04-05 23:43:40,2.500,0.750,95.245,0.250,0,5263172,471196,175060,2110264,3229.842,1659.919,0,183.991,0,25.999,1333,1878,0.690,1.140,1.070,0,0,0,0,0,18,297,0,26,0
04-05 23:43:42,0.750,0.250,96.716,0,0,5258900,475468,175060,2110264,3033.940,1457.491,0,339.881,0,21.992,962,1413,0.630,1.120,1.070,0,0,0,0,0,18,297,0,26,0
04-05 23:43:42,1.501,1.250,97.038,0,0,5255164,479204,175060,2110264,2779.102,1640.650,0,32.013,0,3.001,916,1342,0.630,1.120,1.070,0,0,0,0,0,18,297,0,26,0
04-05 23:43:43,2.751,0.500,95.547,0.750,0,5252800,481556,175064,2110272,2733.357,1512.751,0,240.119,0,34.017,1373,2065,0.630,1.120,1.070,0,0,0,0,0,18,297,0,26,0
04-05 23:43:45,1.748,0.999,95.399,0.250,0,5250788,483572,175072,2110260,2743.107,1564.350,0,583.385,0,39.958,1379,2270,0.630,1.120,1.070,0,0,0,0,0,18,297,0,26,0
04-05 23:43:45,2.001,0.750,95.793,0,0,5250276,484080,175072,2110264,3973.769,1458.649,0,92.041,0,12.005,1255,1780,0.630,1.120,1.070,0,0,1.000,0,0,18,297,0,26,0
04-05 23:43:46,1.001,0.750,97.550,0,0,5248732,485624,175072,2110264,2750.403,1512.772,0,264.135,0,51.026,861,1287,0.580,1.100,1.060,0,0,0,0,0,18,297,0,26,0
04-05 23:43:47,1.000,0.750,96.711,0,0,5247376,486976,175072,2110268,2476.991,1547.370,0,0,0,0,901,1330,0.580,1.100,1.060,1,0,0,0,0,18,297,0,26,0
04-05 23:43:49,1.998,0.999,95.890,0.250,0,5246152,488160,175072,2110308,2622.981,1564.200,7.991,335.614,1.998,23.972,1005,1432,0.580,1.100,1.060,0,0,0,0,0,18,297,0,26,0
04-05 23:43:49,1.752,0.501,96.374,0,0,5245672,488508,175072,2110440,2555.281,1513.944,0,4.005,0,1.001,1049,1485,0.580,1.100,1.060,0,0,1.001,0,0,18,297,0,26,0
04-05 23:43:50,7.748,3.499,87.222,0,0,5297652,436508,175076,2110456,2417.227,1457.534,0,227.927,0,33.989,2141,2586,0.580,1.100,1.060,1,0,2.999,0,0,18,297,0,26,0
04-05 23:43:52,10.735,1.747,85.128,0.499,0,5297468,436508,175076,2110640,4490.544,1563.752,271.610,395.432,15.977,22.967,2630,3229,0.540,1.080,1.060,1,0,0.999,0,0,18,297,0,28,0
04-05 23:43:52,2.764,1.005,95.481,0,0,5297348,436508,175076,2110760,2430.232,1465.376,0,120.607,0,12.061,1255,1770,0.540,1.080,1.060,0,0,1.005,0,0,18,297,0,28,0
04-05 23:43:54,1.743,0.996,95.389,0.249,0,5297564,436284,175076,2110768,2602.149,1506.297,0,1916.744,0,284.921,1257,1667,0.540,1.080,1.060,0,0,0,0,0,18,297,0,28,0
04-05 23:43:54,1.505,1.003,96.823,0,0,5291516,442332,175076,2110768,2426.103,1462.886,0,48.161,0,6.020,1006,1403,0.540,1.080,1.060,0,0,0,0,0,18,297,0,28,0
04-05 23:43:55,2.493,0.748,95.498,0.249,0,5292760,441076,175080,2110776,2738.786,1561.886,0,299.212,0,24.934,1342,1904,0.540,1.080,1.060,0,0,0.997,0,0,18,297,0,28,0
04-05 23:43:56,1.250,0.500,96.734,0.250,0,5292760,441076,175080,2110776,2748.559,1511.757,0,279.955,0,19.997,922,1365,0.490,1.060,1.050,0,0,0,0,0,18,297,0,28,0
04-05 23:43:57,1.000,0.500,96.998,0,0,5292756,441076,175080,2110780,2417.949,1547.967,0,0,0,0,869,1274,0.490,1.060,1.050,0,0,0,0,0,18,297,0,28,0
04-05 23:43:58,6.528,15.064,78.331,0.251,0,5304160,429652,175080,2110800,2729.544,1464.192,4.017,96.408,1.004,12.051,4748,4261,0.490,1.060,1.050,1,0,302.278,0,0,18,297,0,28,0
04-05 23:43:59,22.655,3.983,71.451,0.249,0,5356456,377336,175080,2110820,2794.309,1698.892,0,270.867,0,22.904,2285,2071,0.490,1.060,1.050,0,1,9.958,0,0,18,297,0,25,0
04-05 23:44:00,19.500,2.750,75.751,0.500,0,5378880,354908,175080,2110824,9943.068,7316.050,8.000,188.001,1.000,31.000,2358,2226,0.490,1.060,1.050,1,0,0,0,0,18,298,0,25,0
04-05 23:44:01,21.086,3.514,73.803,0.502,0,5369628,363996,175088,2111012,6986.659,5587.921,152.626,787.229,10.041,93.383,4181,5284,0.530,1.060,1.050,7,0,1.004,0,0,18,298,0,27,0
04-05 23:44:02,33.377,6.974,54.799,2.491,0,5379232,354276,175120,2111096,5374.239,2706.050,39.853,4933.858,3.985,343.736,5209,6772,0.530,1.060,1.050,2,0,24.908,0,0,18,297,0,28,0
04-05 23:44:04,42.429,7.737,48.419,0.250,0,5474712,258644,175120,2111248,5882.170,3131.766,139.766,163.726,5.990,12.978,3192,1944,0.530,1.060,1.050,3,0,5.990,0,0,18,298,0,23,0
04-05 23:44:05,32.608,4.481,61.234,0.249,0,5495740,237432,175128,2111424,34087.010,30441.836,0,147.360,0,7.965,3530,3095,0.530,1.060,1.050,3,0,0,0,0,18,301,0,30,0
04-05 23:44:05,13.824,16.840,69.119,0,0.251,5488836,244308,175132,2111448,9727.931,8539.587,0,257.374,0,19.102,5525,4677,0.530,1.060,1.050,1,0,325.739,0,0,18,297,0,33,0
04-05 23:44:06,12.010,11.259,75.313,0,0,5458072,275028,175132,2111492,15198.716,3442.880,16.013,16.013,4.003,2.002,3738,3017,0.570,1.060,1.050,1,0,149.125,0,0,18,297,0,35,0
04-05 23:44:07,23.004,3.000,72.261,0.500,0,5486084,246440,175136,2112064,2492.383,1512.232,560.086,16.002,46.007,4.001,2088,1739,0.570,1.060,1.050,0,1,0,0,0,18,297,0,29,0
04-05 23:44:08,22.834,3.764,71.763,0.502,0,5512004,220488,175148,2112084,4293.708,1505.508,24.088,3906.291,3.011,474.737,2549,2046,0.570,1.060,1.050,1,0,2.007,0,0,18,297,0,29,0
04-05 23:44:09,22.893,1.991,71.168,1.991,0,5528736,199820,175292,2115876,2585.933,1451.228,1680.159,67.684,171.201,5.972,2377,2205,0.570,1.060,1.050,0,1,0,0,0,18,297,0,29,0
04-05 23:44:10,23.003,3.500,70.760,2.250,0,5533196,192108,175372,2119044,2598.366,1458.205,1400.197,732.103,142.020,33.005,2777,2798,0.570,1.060,1.050,1,0,3.000,0,0,18,297,0,29,0
04-05 23:44:12,22.432,3.739,71.782,0,0,5579424,145880,175372,2119044,2666.903,1453.587,0,3.988,0,0.997,2032,1606,0.610,1.060,1.050,6,1,0,0,0,18,297,0,22,0
04-05 23:44:12,24.838,5.269,66.738,2.007,0,5571836,153188,175416,2119280,2667.494,1463.208,28.100,1228.372,2.007,135.482,5970,8817,0.610,1.060,1.050,2,0,1.004,0,0,18,298,0,24,0
04-05 23:44:13,24.248,4.500,67.244,2.750,0,5571740,152588,175424,2119976,2537.790,1457.879,439.964,2039.831,37.997,131.989,4494,5602,0.610,1.060,1.050,1,1,6.999,0,0,18,303,0,25,0
04-05 23:44:14,31.030,4.755,60.309,3.003,0,5574856,148532,175472,2120872,6785.647,4192.106,608.596,1489.459,37.036,223.219,5056,6969,0.610,1.060,1.050,1,0,1.001,0,0,18,307,0,27,0
04-05 23:44:15,17.225,3.245,75.392,1.997,0,5571172,151776,175496,2121288,8577.743,4251.924,191.726,1178.316,10.984,176.747,4414,6205,0.610,1.060,1.050,0,0,1.997,0,0,18,307,0,28,0
04-05 23:44:16,9.748,1.750,86.236,1.000,0,5569120,153740,175520,2121352,6721.940,3614.430,15.997,4231.333,1.000,284.955,2887,4049,0.720,1.070,1.050,3,0,0,0,0,18,307,0,28,0
04-05 23:44:17,8.751,1.250,88.009,0.750,0,5565284,157544,175536,2121368,5529.592,3495.374,32.003,572.061,2.000,50.005,2248,2903,0.720,1.070,1.050,0,0,0,0,0,18,308,0,29,0
04-05 23:44:18,11.545,1.506,84.326,0.502,0,5562828,159888,175552,2121464,25010.721,12605.749,32.124,666.578,2.008,70.272,2439,2890,0.720,1.070,1.050,4,0,0,0,0,18,310,0,29,0
04-05 23:44:20,30.103,4.727,62.197,1.493,0,5559728,162664,175620,2121720,23932.319,8911.552,15.922,1946.510,0.995,235.850,6642,9227,0.720,1.070,1.050,1,0,0,0,0,18,310,0,29,0
04-05 23:44:20,25.279,4.255,66.075,1.251,0,5557924,164148,175700,2121960,2198.502,1297.477,0,3227.674,0,299.341,7108,10349,0.720,1.070,1.050,1,0,0,0,0,18,310,0,32,0
04-05 23:44:21,28.790,6.259,63.087,0.751,0,5563384,158096,175748,2122488,7226.012,4188.804,16.022,1910.647,1.001,208.289,6146,18592,0.900,1.110,1.060,0,1,36.050,0,0,18,309,0,35,0
04-05 23:44:22,9.988,1.748,85.901,0.749,0,5562572,158852,175756,2122536,5508.624,3437.022,0,3072.444,0,300.652,2855,3728,0.900,1.110,1.060,0,0,0,0,0,18,310,0,35,0
04-05 23:44:23,11.772,1.252,85.408,0.501,0,5560440,160948,175768,2122560,21689.170,10481.412,0,861.596,0,86.160,2403,2868,0.900,1.110,1.060,1,0,0,0,0,18,312,0,34,0
04-05 23:44:24,25.548,5.260,64.370,1.753,0,5552584,168472,175808,2122852,4085.600,1701.165,0,8808.386,0,1004.869,8012,11579,0.900,1.110,1.060,2,0,0,0,0,18,310,0,34,0
04-05 23:44:26,25.384,4.977,67.193,1.493,0,5551864,169056,175840,2122956,3798.645,1290.106,0,6920.383,0,470.849,7228,10794,0.900,1.110,1.060,1,0,0.995,0,0,18,310,0,34,0
04-05 23:44:27,15.750,3.250,77.002,1.250,0,5550936,169716,175860,2123204,6916.204,4312.127,0,2092.062,0,224.007,4324,6599,0.910,1.100,1.060,0,0,0,0,0,18,309,0,35,0
04-05 23:44:28,14.743,2.499,81.209,0.999,0,5550596,170036,175868,2123216,5518.214,4003.979,0,1775.104,0,149.924,3395,4643,0.910,1.100,1.060,0,0,0,0,0,18,310,0,34,0
04-05 23:44:28,7.792,2.011,88.723,0.503,0,5549580,170964,175872,2123300,3653.482,1652.814,0,739.946,0,70.375,2384,3171,0.910,1.100,1.060,1,0,0,0,0,18,310,0,34,0
04-05 23:44:29,11.200,1.991,83.876,0.747,0,5548996,171324,175916,2123480,6647.365,4000.166,0,1919.443,0,189.157,3218,4809,0.910,1.100,1.060,0,0,0,0,0,18,309,0,37,0
04-05 23:44:30,23.613,2.763,72.095,1.507,0.251,5550048,170036,175944,2123688,2564.268,1605.682,148.711,1053.038,8.038,93.447,4120,4533,0.910,1.100,1.060,1,0,0,0,0,18,310,0,38,0
04-05 23:44:32,10.439,1.740,84.509,0.746,0,5550080,169888,175968,2123780,26137.162,12800.637,0,1002.178,0,101.411,2773,3529,1,1.120,1.070,3,0,1.988,0,0,18,310,0,36,0
04-05 23:44:32,15.268,1.752,80.844,0.501,0,5549880,169860,176008,2123968,26075.206,13162.247,4.005,1157.341,1.001,115.133,3217,4042,1,1.120,1.070,2,0,0,0,0,18,309,0,36,0
04-05 23:44:34,13.211,1.994,81.013,1.496,0,5549724,169860,176132,2124000,25910.264,12779.645,0,6142.047,0,417.779,3642,5293,1,1.120,1.070,1,0,0,0,0,18,309,0,36,0
04-05 23:44:35,19.798,4.511,72.675,1.754,0,5549884,169608,176196,2124028,2586.224,1623.908,0,1836.420,0,231.557,6105,8875,1,1.120,1.070,2,0,0,0,0,18,310,0,36,0
04-05 23:44:35,25.841,4.265,67.488,1.004,0,5551244,167848,176252,2124372,2950.389,1667.873,0,2440.594,0,234.827,6951,9853,1,1.120,1.070,2,0,1.004,0,0,18,310,0,37,0
04-05 23:44:36,23.763,4.753,68.287,0.750,0,5551900,166928,176284,2124604,2616.431,1598.874,0,1392.762,0,162.089,6348,9084,1,1.120,1.070,2,0,0,0,0,18,310,0,38,0
04-05 23:44:37,26.180,2.743,68.069,0.997,0,5551836,166860,176348,2124672,2762.642,1615.697,0,2086.443,0,241.357,5694,8259,1,1.120,1.070,1,0,0,0,0,18,310,0,38,0
04-05 23:44:39,23.703,4.741,69.112,0.998,0,5553368,165012,176388,2124948,2712.579,1455.092,0,1684.633,0,150.699,6580,9525,1,1.120,1.070,1,0,0,0,0,18,310,0,39,0
04-05 23:44:40,5.754,1.001,91.310,0,0,5553516,164824,176388,2124988,2659.735,1458.952,0,504.329,0,31.020,2009,3132,1,1.120,1.070,0,0,3.002,0,0,18,312,0,39,0
04-05 23:44:41,5.998,1.250,91.226,0.750,0,5553720,164572,176416,2125008,3003.210,1713.549,0,675.822,0,59.984,2027,2605,1,1.120,1.070,0,0,0,0,0,18,312,0,39,0
04-05 23:44:41,9.510,2.002,86.838,0.501,0,5553684,164572,176452,2125008,2497.542,1459.486,0,1093.113,0,112.114,2915,4233,0.920,1.100,1.060,2,0,0,0,0,18,312,0,39,0
04-05 23:44:42,25.576,6.018,63.188,2.758,0,5554020,163816,176544,2125336,2605.750,1462.349,4.012,11835.199,1.003,676.011,8030,12882,0.920,1.100,1.060,2,0,0,0,0,18,312,0,40,0
04-05 23:44:43,24.503,4.751,67.509,1.250,0,5555016,162644,176568,2125488,2418.338,1458.204,0,2784.389,0,249.035,6910,10115,0.920,1.100,1.060,2,0,0,0,0,18,312,0,41,0
04-05 23:44:44,21.936,4.238,68.052,2.991,0,5555128,162156,176616,2125816,2692.178,1615.307,95.722,7920.987,4.986,988.129,6755,8712,0.920,1.100,1.060,2,0,0,0,0,18,313,0,42,0
04-05 23:44:46,13.190,2.240,76.898,5.475,0,5572468,144552,176668,2126028,2466.724,1451.365,159.272,1389.648,9.954,142.349,3213,4630,0.920,1.100,1.060,0,0,0.995,0,0,18,311,0,42,0
04-05 23:44:46,13.556,3.012,81.082,1.255,0,5575168,141780,176700,2126068,2686.001,1463.996,0,2446.018,0,245.003,3531,5369,0.920,1.100,1.060,1,1,0,0,0,18,311,0,45,0
04-05 23:44:47,5.511,1.252,91.680,0.751,0,5574280,142588,176712,2126136,7135.001,4374.584,0,1663.264,0,126.248,1968,2853,0.920,1.100,1.060,2,0,0,0,0,18,312,0,46,0
04-05 23:44:49,11.694,2.488,82.856,1.493,0,5575720,140848,176744,2126404,6937.018,4087.566,63.697,1528.732,3.981,170.191,3169,4536,0.920,1.100,1.060,0,0,0,0,0,18,311,0,46,0
04-05 23:44:49,8.522,2.256,86.977,1.003,0,5576112,140396,176808,2126400,2845.422,1461.813,0,5923.450,0,382.999,3100,4659,0.920,1.100,1.060,0,0,1.003,0,0,18,312,0,46,0
04-05 23:44:50,16.307,3.512,76.770,1.004,0,5583480,132848,176860,2126528,7175.230,4035.189,0,1818.394,0,168.593,4088,5741,0.920,1.100,1.060,0,0,3.011,0,0,18,311,0,49,0
04-05 23:44:52,18.419,2.489,76.413,0.747,0,5583288,132924,176908,2126596,7006.101,3784.310,0,1222.608,0,142.372,3969,5221,1.170,1.140,1.080,1,0,1.991,0,0,18,311,0,54,0
04-05 23:44:52,16.807,1.756,79.773,0.502,0,5583556,132492,176940,2126728,25192.158,12055.230,0,1031.528,0,102.350,2789,3251,1.170,1.140,1.080,2,0,0,0,0,18,313,0,53,0
04-05 23:44:53,9.502,1.250,86.770,0.500,0,5583112,132828,176956,2126820,9470.194,4527.049,0,1136.263,0,124.029,2542,3600,1.170,1.140,1.080,1,0,0,0,0,18,312,0,54,0
04-05 23:44:55,23.175,1.744,72.515,0.748,0,5583336,132456,177048,2126876,33026.945,15030.280,0,1399.464,0,187.393,4123,5105,1.170,1.140,1.080,2,1,0,0,0,18,312,0,56,0
04-05 23:44:56,17.225,2.746,77.137,1.248,0,5584468,131196,177084,2126968,11293.391,5896.328,15.977,2743.964,0.999,162.761,3992,5298,1.170,1.140,1.080,0,0,0.999,0,0,18,311,0,57,0
04-05 23:44:57,6.485,1.995,89.047,0.748,0,5584212,131196,177116,2127192,2549.196,1454.688,0,1117.456,0,100.771,2187,2944,1.080,1.130,1.070,2,1,0,0,0,18,312,0,57,0
04-05 23:44:58,10.524,1.754,86.195,0.251,0,5587164,128172,177152,2127228,8478.139,4346.813,0,1331.005,0,145.328,2692,4004,1.080,1.130,1.070,0,0,0,0,0,18,311,0,60,0
04-05 23:44:59,16.026,3.005,78.378,1.252,0,5588620,126408,177228,2127460,7040.531,4344.114,0,1686.762,0,192.315,3967,5522,1.080,1.130,1.070,0,0,0,0,0,18,311,0,64,0
04-05 23:45:00,6.750,1.500,88.247,1.000,0,5589296,125652,177328,2127440,2777.909,1457.952,0,6779.778,0,443.985,2983,4785,1.080,1.130,1.070,0,0,0,0,0,18,311,0,66,0
04-05 23:45:01,6.748,1.750,89.230,0.750,0,5589452,125400,177352,2127512,2477.448,1457.675,0,651.855,0,74.983,2237,3094,1.080,1.130,1.070,0,0,0,0,0,18,311,0,66,0
04-05 23:45:01,6.003,1.501,90.545,0.750,0,5590108,124732,177368,2127508,2468.227,1350.671,4.002,556.276,1.000,52.026,2108,2684,1.070,1.120,1.070,0,0,3.001,0,0,18,311,0,66,0
04-05 23:45:02,5.273,1.004,92.906,0,0,5590156,124624,177372,2127564,2414.551,1410.162,0,369.615,0,23.101,1524,1985,1.070,1.120,1.070,3,0,0,0,0,18,312,0,66,0
04-05 23:45:03,2.489,0.747,94.599,0.249,0,5590140,124624,177384,2127568,2527.284,1451.844,0,438.142,0,43.814,1424,2006,1.070,1.120,1.070,0,0,0,0,0,18,311,0,66,0
04-05 23:45:05,14.740,2.249,80.946,1.249,0,5590368,124260,177456,2127632,11454.420,6829.480,0,1239.180,0,167.889,3559,4910,1.070,1.120,1.070,0,0,0,0,0,18,311,0,60,0
04-05 23:45:06,17.255,3.251,75.522,1.500,0.250,5583200,181836,175896,2078784,11160.235,5785.677,8.002,6481.879,2.001,860.249,4650,6217,1.070,1.120,1.070,0,0,1.000,0,0,18,311,0,63,0
04-05 23:45:06,10.754,1.751,86.034,0.250,0,5584596,180424,175908,2078916,7039.777,3670.448,0,576.227,0,47.019,2560,3153,1.060,1.120,1.070,3,0,0,0,0,18,311,0,66,0
04-05 23:45:07,17.023,2.253,78.606,0.751,0,5584420,180520,175944,2078960,26529.667,13008.489,0,1445.944,0,194.261,3834,4848,1.060,1.120,1.070,2,0,0,0,0,18,312,0,66,0
04-05 23:45:09,10.953,1.991,84.638,0.747,0,5584220,180404,175988,2079232,2678.547,1386.073,0,1338.278,0,130.442,3185,4557,1.060,1.120,1.070,0,0,0,0,0,18,311,0,60,0
04-05 23:45:09,13.795,3.511,80.010,1.505,0,5584548,179900,176020,2079376,6907.428,4164.522,16.052,1725.603,1.003,213.694,3871,5439,1.060,1.120,1.070,0,0,0,0,0,18,311,0,65,0
04-05 23:45:11,9.458,1.245,86.121,0.747,0,5585040,179396,176064,2079344,6732.356,3981.469,0,1788.126,0,160.294,2918,4158,1.060,1.120,1.070,1,0,0,0,0,18,313,0,66,0
04-05 23:45:12,5.771,2.007,90.078,1.255,0,5584848,179396,176160,2079440,2564.329,1463.324,0,6314.975,0,418.523,2751,4293,0.980,1.100,1.070,1,0,0,0,0,18,314,0,67,0
04-05 23:45:12,8.504,1.000,87.787,1.000,0,5585356,178640,176224,2079624,6500.773,3508.496,0,1056.451,0,123.052,2632,3852,0.980,1.100,1.070,1,0,0,0,0,18,313,0,68,0
04-05 23:45:14,16.995,3.499,75.728,1.999,0,5587324,176380,176316,2079824,15402.494,8017.654,135.960,1783.478,9.997,180.947,3957,5067,0.980,1.100,1.070,0,0,5.998,0,0,18,314,0,70,0
04-05 23:45:14,18.253,3.251,76.263,0.750,0,5587156,176380,176364,2079944,13299.201,6322.046,0,1188.197,0,117.019,4651,6383,0.980,1.100,1.070,2,0,0,0,0,18,314,0,70,0
04-05 23:45:15,26.776,5.505,64.062,2.502,0,5587404,175876,176444,2080120,2378.307,1297.258,0,4216.089,0,487.473,7863,12009,0.980,1.100,1.070,1,0,2.002,0,0,18,314,0,70,0
04-05 23:45:16,23.800,4.760,68.144,1.253,0,5587736,175120,176464,2080524,2680.654,1461.082,32.068,2741.783,1.002,230.486,7078,10674,0.980,1.100,1.060,1,0,0,0,0,18,314,0,70,0
04-05 23:45:18,18.174,2.739,76.678,0.996,0,5588428,174364,176492,2080560,2246.567,1290.581,0,1597.293,0,155.348,4851,7044,0.980,1.100,1.060,1,0,0,0,0,18,313,0,66,0
04-05 23:45:18,13.333,2.013,82.764,1.006,0,5589328,173356,176532,2080628,5406.593,3303.526,0,2064.830,0,208.294,3394,4959,0.980,1.100,1.060,1,0,0,0,0,18,314,0,69,0
04-05 23:45:20,9.201,1.492,86.044,0.746,0,5589812,172600,176580,2080852,22999.997,11164.777,0,5363.549,0,346.164,2783,4105,0.980,1.100,1.060,1,0,0,0,0,18,314,0,69,0
04-05 23:45:21,9.742,1.998,85.934,0.749,0,5589744,172600,176612,2080888,6890.683,4137.807,0,1990.464,0,199.846,3190,4674,0.980,1.100,1.060,0,0,0,0,0,18,313,0,70,0
04-05 23:45:21,20.843,6.027,70.312,1.004,0,5621820,140440,176624,2084120,6604.329,3522.643,0,1964.725,0,174.776,5052,10627,0.900,1.080,1.060,6,0,36.161,0,0,18,313,0,68,0
04-05 23:45:22,12.229,1.497,84.855,0.499,0.250,5599696,162500,176624,2081024,6546.815,3501.019,0,1106.110,0,78.865,2847,5229,0.900,1.080,1.060,1,0,0,0,0,18,313,0,71,0
04-05 23:45:23,12.023,2.004,83.410,0.501,0,5599184,162876,176648,2081136,21845.912,10560.260,0,1655.176,0,187.359,3015,4020,0.900,1.080,1.060,2,0,0,0,0,18,314,0,72,0
04-05 23:45:24,24.940,4.988,66.590,1.995,0,5599552,162372,176692,2081228,2130.893,1292.901,31.923,2705.515,0.998,332.204,7235,10977,0.900,1.080,1.060,1,0,0,0,0,18,314,0,73,0
04-05 23:45:25,24.521,4.754,66.807,1.751,0,5592232,169152,176712,2081748,2257.917,1297.101,0,10124.597,0,1179.001,7606,11008,0.900,1.080,1.060,1,0,2.002,0,0,18,314,0,71,0
04-05 23:45:26,24.213,5.492,67.148,1.498,0,5592772,168396,176728,2081948,2149.742,1294.039,15.976,1957.034,0.998,206.687,6526,9479,1.070,1.110,1.070,3,0,0,0,0,18,314,0,72,0
04-05 23:45:27,24.509,5.252,65.523,2.001,0,5592844,168144,176752,2082104,2136.749,1296.455,0,7154.508,0,574.201,7732,12285,1.070,1.110,1.070,2,0,0,0,0,18,314,0,72,0
04-05 23:45:29,24.970,4.744,66.419,1.248,0,5593040,167668,176768,2082368,2133.402,1294.424,0,3679.519,0,324.605,6932,10407,1.070,1.110,1.070,1,0,0,0,0,18,313,0,73,0
04-05 23:45:29,24.622,4.522,68.589,1.256,0,5594156,166408,176788,2082492,2387.786,1302.428,0,1816.968,0,169.838,6641,9406,1.070,1.110,1.070,1,0,0,0,0,18,313,0,69,0
04-05 23:45:30,25.692,4.989,66.101,1.247,0,5594320,165904,176820,2082800,2430.530,1293.090,0,2550.260,0,308.306,7592,11101,1.070,1.110,1.070,1,0,0,0,0,18,314,0,70,0
04-05 23:45:31,25.741,4.998,65.977,1.749,0,5594472,165652,176864,2082856,2692.079,1295.557,0,2699.077,0,333.886,7455,11297,1.060,1.110,1.070,1,0,1.999,0,0,18,314,0,70,0
04-05 23:45:32,24.057,4.761,67.910,1.253,0,5595400,164392,176896,2083156,2562.027,1299.056,0,7020.516,0,466.097,7135,10710,1.060,1.110,1.070,1,0,0,0,0,18,314,0,71,0
04-05 23:45:34,8.953,1.492,87.794,0.497,0,5595524,164140,176896,2083284,2423.413,1289.304,0,1034.626,0,111.421,2919,4264,1.060,1.110,1.070,1,0,0,0,0,18,313,0,71,0
04-05 23:45:34,7.509,1.752,89.112,0.751,0,5595444,164140,176900,2083360,2379.000,1297.636,32.040,965.217,1.001,94.119,2479,3435,1.060,1.110,1.070,0,0,0,0,0,18,313,0,71,0
04-05 23:45:35,15.047,3.260,79.247,1.003,0,5595460,164116,176916,2083348,6758.034,4180.010,0,5826.133,0,694.160,4348,5725,1.060,1.110,1.070,1,1,1.003,0,0,18,313,0,75,0
04-05 23:45:36,9.714,1.245,87.429,0.249,0,5595300,164144,176916,2083480,2324.466,1291.259,0,2530.708,0,235.137,2398,2891,1.060,1.110,1.070,1,0,0,0,0,18,314,0,78,0
04-05 23:45:37,15.761,1.501,79.804,1.001,0,5595204,164144,176952,2083540,27550.687,12837.708,0,1705.157,0,181.123,3436,4746,1.060,1.110,1.070,0,0,0,0,0,18,313,0,77,0
04-05 23:45:39,12.972,1.996,83.318,0.499,0,5595864,163416,176976,2083584,22177.521,10594.840,0,1049.705,0,93.795,2684,3393,1.060,1.110,1.070,0,0,0,0,0,18,313,0,77,0
04-05 23:45:40,13.259,2.001,81.303,1.251,0,5595772,163164,177000,2083904,2423.565,1242.803,0,1204.778,0,142.092,3740,4967,1.060,1.110,1.070,0,0,0,0,0,18,313,0,77,0
04-05 23:45:40,8.789,2.009,87.133,0.502,0,5595972,162912,177064,2083892,4258.723,1396.138,0,1470.465,0,163.720,2550,3595,1.060,1.110,1.070,1,0,0,0,0,18,314,0,77,0
04-05 23:45:42,10.460,1.992,85.676,0.747,0,5596476,162156,177088,2084120,6788.302,4157.262,0,1466.449,0,142.461,2814,3976,0.970,1.090,1.060,0,0,0,0,0,18,313,0,81,0
04-05 23:45:43,15.742,3.748,76.962,1.499,0,5596460,161904,177152,2084324,6853.588,4031.993,0,7132.449,0,495.753,4547,6797,0.970,1.090,1.060,0,0,0,0,0,18,313,0,86,0
04-05 23:45:44,7.253,1.501,89.033,0.500,0,5596424,161904,177164,2084348,2094.765,1134.414,0,824.301,0,90.033,2479,3524,0.970,1.090,1.060,1,0,0,0,0,18,313,0,87,0
04-05 23:45:45,8.749,2.000,87.992,0.750,0,5596368,161904,177172,2084396,2135.814,1295.887,0,723.937,0,70.994,2707,3799,0.970,1.090,1.060,0,0,0,0,0,18,313,0,88,0
04-05 23:45:45,6.535,1.257,90.486,0.251,0,5596608,161652,177176,2084404,2207.850,1302.993,0,595.195,0,45.243,2091,2886,0.970,1.090,1.060,3,0,1.005,0,0,18,314,0,88,0
04-05 23:45:47,19.825,2.726,74.839,1.239,0,5595920,162212,177208,2084500,25437.342,12794.997,0,1538.413,0,204.197,4233,5630,0.900,1.070,1.060,1,0,0,0,0,18,314,0,91,0
04-05 23:45:47,21.193,4.541,71.905,1.514,0.252,5596124,161708,177260,2084748,6617.263,3417.120,0,1739.845,0,209.912,5836,8268,0.900,1.070,1.060,1,0,0,0,0,18,314,0,93,0
04-05 23:45:48,25.131,5.474,64.693,1.991,0,5596336,160704,177368,2085432,2185.643,1289.888,0,3730.324,0,440.911,7595,11854,0.900,1.070,1.060,1,0,0,0,0,18,313,0,94,0
04-05 23:45:49,24.245,4.249,67.736,0.750,0,5598044,158688,177380,2085712,2551.488,1241.751,0,3075.383,0,196.961,6694,9428,0.900,1.070,1.060,3,0,0,0,0,18,314,0,91,0
04-05 23:45:51,14.236,2.747,79.420,1.498,0,5597912,158688,177460,2085764,2387.585,1348.636,0,6889.033,0,472.522,5087,7966,0.900,1.070,1.060,1,0,0,0,0,18,313,0,93,0
04-05 23:45:52,15.744,3.998,77.469,1.749,0,5597676,158720,177480,2085948,7692.911,4198.314,0,6781.277,0,862.654,4383,5757,1.310,1.150,1.080,1,1,1.000,0,0,18,313,0,96,0
04-05 23:45:53,6.498,2.249,88.477,0,0,5603672,152596,177508,2086048,2837.252,1457.616,0,1843.514,0,91.976,2594,3599,1.310,1.150,1.080,1,0,2.999,0,0,18,314,0,97,0
04-05 23:45:54,19.232,3.247,75.179,1.249,0,5603612,152596,177540,2086076,18088.821,8734.704,3.996,1274.789,0.999,125.880,3990,5013,1.310,1.150,1.080,4,0,1.998,0,0,18,314,0,93,0
04-05 23:45:54,11.811,1.508,84.939,0.251,0,5603400,152596,177560,2086268,21313.069,10732.427,0,993.129,0,108.561,2569,3080,1.310,1.150,1.080,1,0,0,0,0,18,315,0,96,0
04-05 23:45:55,8.979,1.247,87.044,0,0,5603592,152344,177584,2086304,9033.596,3726.171,0,794.118,0,69.835,2514,3292,1.310,1.150,1.080,0,0,0.998,0,0,18,314,0,97,0
04-05 23:45:56,10.510,1.752,86.079,1.001,0,5603520,152344,177620,2086340,12498.462,5856.371,0,1213.112,0,149.137,2545,3596,1.280,1.150,1.080,0,0,0,0,0,18,314,0,99,0
04-05 23:45:58,18.905,1.990,76.616,1.244,0,5602868,152344,177632,2086980,30446.497,14973.997,577.109,748.252,14.925,54.726,3109,3359,1.280,1.150,1.080,0,0,0,0,0,18,315,0,102,0
04-05 23:45:59,4.012,1.254,93.269,0.251,0,5602856,152344,177648,2086976,4170.033,1462.219,0,726.095,0,62.179,1717,2495,1.280,1.150,1.080,0,0,0,0,0,18,315,0,97,0
04-05 23:45:59,22.298,3.257,71.403,1.503,0,5602680,152344,177684,2087116,23731.773,10929.383,0,1904.074,0,249.534,5339,7501,1.280,1.150,1.080,1,0,0,0,0,18,314,0,97,0
04-05 23:46:00,26.232,5.746,64.455,1.749,0,5602636,152092,177728,2087368,4163.104,1510.949,0,3013.903,0,379.736,7409,11015,1.280,1.150,1.080,1,0,0,0,0,18,314,0,98,0
04-05 23:46:02,25.228,3.996,66.941,1.249,0,5602844,151588,177812,2087580,2672.636,1456.712,0,7781.118,0,521.539,7333,11284,1.260,1.150,1.080,1,0,0,0,0,18,314,0,99,0
04-05 23:46:03,20.991,3.748,71.970,1.499,0,5602672,151588,177836,2087728,2670.895,1511.375,0,1799.255,0,183.924,6008,8470,1.260,1.150,1.080,0,0,0,0,0,18,313,0,93,0
04-05 23:46:03,6.257,1.251,89.844,0.501,0,5602872,151336,177844,2087772,4042.222,1459.524,0,1781.861,0,89.093,2204,3047,1.260,1.150,1.080,2,0,0,0,0,18,314,0,94,0
04-05 23:46:05,14.241,2.249,82.446,0.500,0,5602672,151336,177856,2087960,22071.560,10695.003,0,863.435,0,84.944,3018,3868,1.260,1.150,1.080,0,0,0,0,0,18,313,0,94,0
04-05 23:46:05,19.809,4.513,71.462,1.504,0,5602724,151084,177932,2088084,2846.446,1462.339,16.048,2298.821,1.003,294.875,6208,9609,1.260,1.150,1.080,1,0,1.003,0,0,18,314,0,94,0
04-05 23:46:06,25.754,5.251,65.261,2.500,0,5602912,150608,178024,2088280,2855.473,1458.241,0,8829.462,0,1083.179,7690,11209,1.400,1.180,1.090,2,0,0,0,0,18,314,0,88,0
04-05 23:46:07,24.285,5.257,66.845,1.752,0,5604380,148844,178116,2088484,2421.449,1460.080,0,7482.657,0,508.725,7678,11448,1.400,1.180,1.090,1,0,0,0,0,18,313,0,90,0
04-05 23:46:09,16.924,3.484,76.657,1.244,0,5604080,148844,178176,2088724,6987.759,4205.200,0,2034.902,0,225.990,4704,6684,1.400,1.180,1.090,1,0,0,0,0,18,313,0,92,0
04-05 23:46:10,15.238,2.498,78.688,0.999,0,5604536,148340,178216,2088732,2549.977,1596.734,0,1606.726,0,179.857,3738,5190,1.400,1.180,1.090,2,0,0,0,0,18,314,0,95,0
04-05 23:46:10,7.039,1.257,89.744,0.754,0,5604784,147836,178244,2088960,6802.449,4106.608,0,1391.661,0,126.697,2533,3572,1.400,1.180,1.090,2,0,0,0,0,18,313,0,87,0
04-05 23:46:12,14.182,5.971,77.377,1.742,0,5614308,130776,178280,2096456,6882.836,4204.740,0,4613.769,0,626.979,4342,5853,1.290,1.160,1.090,0,0,1.990,0,0,18,313,0,89,0
04-05 23:46:13,15.468,2.495,78.090,0.998,0,5614720,130272,178316,2096512,6705.287,4215.379,0,1912.090,0,215.559,4039,5716,1.290,1.160,1.090,1,0,0,0,0,18,313,0,91,0
04-05 23:46:14,12.012,2.753,83.086,0.751,0,5614992,129784,178324,2096720,2480.554,1459.503,0,1113.146,0,80.082,2920,3527,1.290,1.160,1.090,3,0,7.007,0,0,18,314,0,92,0
04-05 23:46:14,19.836,2.260,76.079,1.004,0,5614888,129788,178340,2096804,26442.182,12770.144,0,1655.147,0,164.711,3874,4965,1.290,1.160,1.090,0,0,0,0,0,18,313,0,85,0
04-05 23:46:16,14.690,1.992,78.180,1.743,0,5614780,129788,178396,2096856,15537.342,7909.593,0,6724.449,0,463.103,4385,6406,1.290,1.160,1.090,1,0,0.996,0,0,18,314,0,85,0
04-05 23:46:17,16.514,2.002,79.316,1.001,0,5614580,129788,178416,2097036,21425.914,10810.038,0,1168.977,0,136.114,3475,4464,1.660,1.240,1.110,0,0,0,0,0,18,314,0,85,0
04-05 23:46:17,12.049,2.008,83.842,0.502,0,5614524,129788,178424,2097084,19558.684,8684.381,0,855.485,0,78.319,2934,3614,1.660,1.240,1.110,3,0,0,0,0,18,314,0,85,0
04-05 23:46:18,13.971,1.247,82.078,0.748,0,5614716,129536,178440,2097128,32270.408,15092.388,0,1720.397,0,121.745,2981,3812,1.660,1.240,1.110,1,0,0,0,0,18,314,0,85,0
04-05 23:46:19,29.807,4.509,62.370,1.002,0,5614508,129536,178488,2097288,18645.906,8206.803,0,1867.596,0,243.469,6575,9450,1.660,1.240,1.110,2,0,0,0,0,18,314,0,87,0
04-05 23:46:20,26.475,4.745,64.689,1.998,0,5614856,128780,178576,2097608,2835.308,1456.617,0,3476.699,0,376.642,7668,11534,1.660,1.240,1.110,1,0,0.999,0,0,18,314,0,87,0
04-05 23:46:21,23.962,4.493,68.891,1.248,0,5614884,128528,178596,2097812,2910.378,1455.688,95.848,1936.924,4.992,166.735,6523,9300,1.610,1.240,1.110,2,0,0,0,0,18,314,0,88,0
04-05 23:46:22,31.116,6.775,58.720,1.506,0.251,5627460,160680,177116,2054592,2487.309,1463.477,0,6676.990,0,530.987,7783,23991,1.610,1.240,1.110,1,0,36.135,0,0,18,314,0,85,0
04-05 23:46:23,23.985,4.997,67.957,1.499,0,5627588,160480,177144,2054636,2416.457,1457.069,0,2302.529,0,293.812,7016,10272,1.610,1.240,1.110,6,0,0,0,0,18,314,0,85,0
04-05 23:46:24,24.895,4.481,66.220,1.494,0,5624352,163356,177168,2054972,3901.493,1451.857,0,3971.198,0,355.496,7117,10643,1.610,1.240,1.110,2,0,0,0,0,18,314,0,85,0
04-05 23:46:25,24.006,4.501,68.766,1.250,0,5622724,164788,177184,2055152,2598.622,1458.349,0,2020.484,0,204.049,6937,10066,1.610,1.240,1.110,1,0,1.000,0,0,18,314,0,87,0
04-05 23:46:27,11.244,2.749,83.205,0.500,0.250,5622536,164836,177192,2055284,6792.327,4181.738,0,1886.980,0,211.885,3380,5068,1.480,1.210,1.110,0,0,0,0,0,18,313,0,83,0
04-05 23:46:28,9.498,2.000,85.734,1.250,0,5622368,164836,177196,2055448,6908.716,4121.234,0,10158.111,0,178.967,2941,4177,1.480,1.210,1.110,0,0,0,0,0,18,313,0,83,0
04-05 23:46:29,13.497,2.499,81.231,1.000,0,5622312,164840,177200,2055496,6848.433,4120.057,0,1819.584,0,178.959,3659,5086,1.480,1.210,1.110,0,0,0,0,0,18,313,0,84,0
04-05 23:46:29,8.263,2.003,86.390,1.252,0,5622232,164840,177216,2055560,2676.345,1600.599,0,6414.414,0,392.637,3088,4719,1.480,1.210,1.110,1,0,0,0,0,18,314,0,87,0
04-05 23:46:31,4.979,1.245,91.611,0.498,0,5622200,164840,177220,2055588,6498.386,3514.067,0,1398.059,0,122.480,2246,3471,1.480,1.210,1.110,1,0,0,0,0,18,314,0,83,0
04-05 23:46:32,11.025,1.754,83.690,1.002,0,5622488,164336,177220,2055804,6942.775,4173.483,0,1226.787,0,140.319,3315,4676,1.360,1.190,1.100,1,0,2.005,0,0,18,313,0,83,0
04-05 23:46:33,9.250,2.000,86.996,0.500,0,5622448,164336,177224,2055840,10055.595,3776.848,0,1075.957,0,106.996,2550,3577,1.360,1.190,1.100,0,0,0,0,0,18,313,0,83,0
04-05 23:46:34,12.008,2.001,84.059,1.001,0,5622448,164336,177224,2055840,6974.927,4177.951,0,2073.465,0,164.116,3207,4563,1.360,1.190,1.100,0,0,0,0,0,18,313,0,84,0
04-05 23:46:35,8.487,1.498,87.869,0.499,0,5622336,164336,177232,2055944,6763.899,3663.529,0,762.861,0,61.908,2263,2974,1.360,1.190,1.100,1,1,0,0,0,18,313,0,83,0
04-05 23:46:35,6.790,1.760,89.776,1.006,0,5622580,164084,177236,2055948,2673.661,1466.590,0,1062.222,0,107.630,2447,3576,1.360,1.190,1.100,1,0,1.006,0,0,18,314,0,85,0
04-05 23:46:37,6.722,0.996,89.132,0.498,0,5615256,171320,177240,2056032,7197.259,4105.037,0,1175.144,0,134.444,2494,3654,1.250,1.170,1.090,2,0,0,0,0,18,313,0,85,0
04-05 23:46:38,9.246,1.749,87.467,0.250,0,5615444,171068,177244,2056092,6837.408,3667.610,0,1111.579,0,106.959,2564,3596,1.250,1.170,1.090,0,0,0,0,0,18,313,0,85,0
04-05 23:46:39,14.246,2.249,79.976,1.250,0,5615256,171068,177252,2056272,6897.930,3667.899,0,1723.483,0,189.943,4008,5631,1.250,1.170,1.090,0,0,0,0,0,18,313,0,79,0
04-05 23:46:39,9.508,2.252,85.576,1.501,0,5615084,171068,177272,2056424,6786.023,3672.259,0,5925.259,0,382.339,3077,4580,1.250,1.170,1.090,2,0,0,0,0,18,313,0,79,0
04-05 23:46:40,14.294,2.006,80.747,0.752,0.251,5615192,170816,177276,2056564,23903.080,10630.501,0,1175.594,0,143.439,3459,4730,1.250,1.170,1.090,1,0,0,0,0,18,314,0,79,0
04-05 23:46:41,25.510,4.752,66.027,2.001,0,5615380,170312,177444,2056712,2616.054,1458.588,0,2601.048,0,338.136,7237,10913,1.230,1.170,1.090,5,0,0,0,0,18,314,0,79,0
04-05 23:46:42,24.694,5.488,66.599,1.497,0,5615468,170060,177596,2056724,2592.115,1454.698,0,2474.383,0,264.400,7051,10211,1.230,1.170,1.090,1,0,0,0,0,18,314,0,80,0
04-05 23:46:43,24.984,4.497,67.958,0.750,0,5614604,170060,177704,2057480,2656.350,1457.095,3.998,1702.942,0.999,152.905,6519,9277,1.230,1.170,1.090,1,0,0,0,0,18,314,0,71,0
04-05 23:46:45,6.741,1.997,87.631,0.749,0,5614688,169808,177800,2057552,2594.468,1456.018,15.978,2588.476,0.999,224.694,2940,4664,1.230,1.170,1.090,0,0,0,0,0,18,313,0,72,0
04-05 23:46:45,17.263,3.753,76.058,1.501,0,5615208,169056,177884,2057700,4281.282,1459.119,0,2553.958,0,304.233,4931,7404,1.230,1.170,1.090,0,0,1.001,0,0,18,313,0,74,0
04-05 23:46:46,8.030,2.007,88.832,1.255,0,5615036,169056,177936,2057820,2745.250,1463.464,0,5295.772,0,327.222,2640,3862,1.130,1.150,1.090,1,0,0,0,0,18,314,0,74,0
04-05 23:46:47,24.021,5.755,65.807,1.752,0,5616364,167436,178024,2058024,2762.373,1621.393,0,7498.442,0,576.495,7458,11304,1.130,1.150,1.090,1,0,0,0,0,18,314,0,67,0
04-05 23:46:49,25.128,4.976,66.180,1.244,0,5616076,167436,178052,2058284,2827.315,1450.977,0,3988.694,0,344.333,7271,10812,1.130,1.150,1.090,1,0,0,0,0,18,314,0,67,0
04-05 23:46:49,23.308,4.762,69.423,1.003,0,5617696,165672,178064,2058416,2604.507,1461.652,0,1567.917,0,134.336,6475,9177,1.130,1.150,1.090,2,0,0,0,0,18,314,0,68,0
04-05 23:46:51,26.183,4.987,65.332,1.746,0,5617432,165672,178088,2058656,2471.656,1454.268,0,3056.156,0,312.199,7122,10464,1.130,1.150,1.090,3,0,0,0,0,18,314,0,68,0
04-05 23:46:51,25.085,4.766,66.226,1.505,0,5618048,164928,178112,2058760,4430.091,1462.984,0,2665.079,0,318.084,7369,11001,1.120,1.150,1.090,1,1,1.003,0,0,18,314,0,63,0
04-05 23:46:53,24.356,5.468,66.607,1.491,0,5627024,155424,178132,2059268,2702.073,1449.457,0,6593.138,0,433.445,6843,10101,1.120,1.150,1.090,0,0,2.982,0,0,18,314,0,63,0
04-05 23:46:53,7.797,2.012,89.284,0.252,0,5627016,155424,178136,2059272,5628.686,3465.741,0,728.359,0,44.265,2147,2645,1.120,1.150,1.090,2,0,2.012,0,0,18,315,0,63,0
04-05 23:46:54,31.978,5.246,58.960,1.999,0,5627376,154724,178196,2059552,19129.058,8511.242,0,3017.958,0,364.753,7733,11640,1.120,1.150,1.090,2,0,0,0,0,18,314,0,64,0
04-05 23:46:56,24.927,4.487,65.309,1.994,0,5626868,155124,178228,2059628,2769.885,1453.741,0,3485.788,0,361.940,7009,10532,1.120,1.150,1.090,3,0,0.997,0,0,18,314,0,51,0
04-05 23:46:56,23.568,5.014,68.949,1.003,0,5627332,154368,178232,2059916,4307.409,1462.213,0,1640.727,0,140.404,6462,8712,1.190,1.160,1.090,1,0,0,0,0,18,314,0,54,0
04-05 23:46:57,24.286,4.006,68.102,1.502,0,5627244,154368,178248,2059988,2601.890,1460.183,0,2692.025,0,316.473,7000,10488,1.190,1.160,1.090,1,0,0,0,0,18,314,0,56,0
04-05 23:46:58,25.495,5.499,65.237,1.750,0,5627136,154128,178316,2060252,2477.497,1457.704,0,3203.349,0,401.918,7498,11660,1.190,1.160,1.090,1,0,0,0,0,18,314,0,56,0
04-05 23:47:00,26.131,4.480,65.951,1.493,0,5628008,153120,178352,2060352,2586.265,1451.414,0,8469.569,0,563.443,7239,10910,1.190,1.160,1.090,1,0,0,0,0,18,314,0,52,0
04-05 23:47:00,24.378,5.026,68.107,0.754,0,5628504,152368,178360,2060600,2491.059,1465.683,0,2694.123,0,166.875,6898,9362,1.190,1.160,1.090,1,0,0,0,0,18,313,0,53,0
04-05 23:47:01,24.968,4.494,66.914,1.498,0,5629352,151360,178388,2060732,2611.634,1456.123,0,2033.379,0,257.668,6457,8886,1.180,1.160,1.090,6,0,0,0,0,18,312,0,55,0
04-05 23:47:03,7.221,1.245,89.144,0.747,0,5629128,151360,178400,2060944,6811.762,4173.312,0,1454.185,0,123.506,2282,3722,1.180,1.160,1.090,1,0,0,0,0,18,313,0,55,0
04-05 23:47:03,16.264,2.252,79.571,0.751,0,5628648,151764,178416,2061004,26605.640,12780.356,0,6573.841,0,361.321,3799,4971,1.180,1.160,1.090,0,0,0,0,0,18,313,0,54,0
04-05 23:47:05,15.701,3.489,78.004,1.495,0,5637200,142944,178448,2061240,6817.512,4175.838,0,1738.520,0,222.299,4277,5861,1.180,1.160,1.090,0,0,0,0,0,18,313,0,56,0
04-05 23:47:06,12.522,2.504,80.891,2.003,0,5637436,142692,178464,2061240,2662.651,1460.551,48.084,5721.994,2.003,428.749,4349,6374,1.180,1.160,1.090,2,0,1.002,0,0,18,314,0,57,0
04-05 23:47:06,13.083,1.761,82.021,1.006,0,5637500,142440,178492,2061400,6900.842,3692.459,0,1843.713,0,208.324,3729,5255,1.160,1.160,1.090,1,0,0,0,0,18,313,0,57,0
04-05 23:47:07,11.228,1.747,84.333,0.749,0,5637472,142440,178500,2061420,23466.649,10483.294,0,1037.950,0,99.803,2820,3450,1.160,1.160,1.090,2,0,0,0,0,18,314,0,54,0
04-05 23:47:08,23.746,4.999,66.738,2.250,0,5637648,141936,178532,2061716,2777.491,1457.733,0,2699.505,0,369.932,7722,11707,1.160,1.160,1.090,2,0,0,0,0,18,314,0,54,0
04-05 23:47:09,25.764,5.003,65.036,2.251,0,5637496,141936,178584,2061816,2793.531,1512.829,0,3253.783,0,418.229,7424,11450,1.160,1.160,1.090,3,0,0,0,0,18,314,0,55,0
04-05 23:47:10,25.463,4.743,65.655,1.747,0,5638448,140676,178616,2062092,2548.324,1509.822,0,4397.656,0,400.422,7680,11503,1.160,1.160,1.090,3,0,0,0,0,18,314,0,55,0
04-05 23:47:12,23.889,5.474,67.187,1.742,0,5638660,140172,178648,2062352,4149.651,1451.233,0,7174.547,0,517.587,7574,11461,1.150,1.150,1.090,2,1,0,0,0,18,314,0,49,0
04-05 23:47:13,9.024,1.003,86.980,0.752,0,5638816,139928,178668,2062420,6829.093,4095.851,0,2370.280,0,161.428,2722,4103,1.150,1.150,1.090,0,0,0,0,0,18,313,0,52,0
04-05 23:47:13,21.859,4.271,69.597,2.261,0,5641216,136908,178684,2063024,6888.347,3828.088,450.245,1736.659,17.085,196.982,5445,7383,1.150,1.150,1.090,1,0,6.030,0,0,18,314,0,52,0
04-05 23:47:14,11.728,1.747,83.092,0.749,0,5641368,136656,178692,2063116,22058.138,10452.164,0,1149.818,0,123.765,3313,4517,1.150,1.150,1.090,1,0,0,0,0,18,314,0,52,0
04-05 23:47:16,24.911,5.481,65.268,1.993,0,5641512,136404,178732,2063184,2588.789,1452.831,0,3471.648,0,361.713,7561,11635,1.150,1.150,1.090,0,1,0.996,0,0,18,314,0,49,0
04-05 23:47:17,26.012,4.502,66.030,1.501,0,5642252,135396,178740,2063444,2556.180,1458.674,0,3505.619,0,327.151,7141,10586,1.140,1.150,1.090,1,0,0,0,0,18,314,0,52,0
04-05 23:47:18,23.737,5.247,67.213,1.749,0,5642860,134640,178780,2063552,2536.612,1499.180,0,6440.476,0,476.739,7234,10663,1.140,1.150,1.090,4,0,0,0,0,18,314,0,53,0
04-05 23:47:19,10.505,2.251,84.544,1.251,0,5642856,134164,178784,2064028,9841.098,6231.228,0,6507.371,0,436.226,3293,4587,1.140,1.150,1.090,0,0,0,0,0,18,314,0,54,0
04-05 23:47:19,25.829,2.257,70.466,0.251,0.251,5643012,133912,178796,2064112,48769.180,23507.908,0,991.031,0,93.285,3858,4170,1.140,1.150,1.090,1,0,0,0,0,18,314,0,53,0
04-05 23:47:20,14.708,1.745,81.765,0.997,0,5643468,133408,178804,2064152,32491.797,15714.922,0,1048.991,0,116.665,2757,3318,1.140,1.150,1.090,0,0,0,0,0,18,314,0,53,0
04-05 23:47:21,20.249,2.500,74.747,0.250,0,5643436,133408,178816,2064172,32474.887,15425.471,0,1275.956,0,75.997,3524,3932,1.210,1.170,1.090,2,0,0,0,0,18,314,0,53,0
04-05 23:47:23,20.995,4.999,71.983,0,0,5634320,180320,177500,2028224,40667.593,19533.482,0,403.907,0,23.994,3246,9721,1.210,1.170,1.090,0,0,35.992,0,0,18,314,0,54,0
04-05 23:47:23,15.827,1.759,81.648,0.502,0,5626312,188316,177504,2028232,25939.531,12623.577,0,647.157,0,65.319,2721,3119,1.210,1.170,1.090,1,0,0,0,0,18,314,0,54,0
04-05 23:47:25,10.945,1.990,84.081,0.746,0,5621892,192500,177508,2028492,11587.287,5974.244,0,979.123,0,112.440,2991,4049,1.210,1.170,1.090,0,0,2.985,0,0,18,314,0,49,0
04-05 23:47:25,27.868,4.770,63.769,1.506,0,5621860,192248,177532,2028752,19290.523,8553.146,32.136,2112.929,1.004,270.142,6784,9729,1.210,1.170,1.090,2,0,1.004,0,0,18,314,0,49,0
04-05 23:47:26,26.653,4.235,64.763,1.993,0,5621460,192484,177552,2028896,2545.699,1452.692,0,4443.763,0,433.416,7464,11268,1.190,1.160,1.090,3,0,0.996,0,0,18,314,0,49,0
04-05 23:47:27,23.764,5.503,67.041,1.751,0.250,5622100,191596,177560,2029136,2549.547,1458.885,0,7920.805,0,528.320,7158,10915,1.190,1.160,1.090,1,0,0,0,0,18,315,0,50,0
04-05 23:47:29,17.482,2.997,76.420,1.498,0,5622084,191344,177564,2029400,6891.793,4239.567,0,1890.024,0,221.768,4533,6713,1.190,1.160,1.090,1,0,0,0,0,18,313,0,48,0
04-05 23:47:30,15.997,2.000,79.984,0.500,0,5622324,191104,177564,2029400,7193.595,3390.338,0,1295.747,0,148.971,3312,4327,1.190,1.160,1.090,0,0,0,0,0,18,314,0,48,0
04-05 23:47:30,10.534,2.007,85.779,0.502,0,5622236,191104,177572,2029480,19230.438,8598.919,0,878.853,0,71.231,2535,2978,1.190,1.160,1.090,1,0,0,0,0,18,314,0,48,0
04-05 23:47:32,15.699,1.246,79.494,0.997,0,5622436,190852,177580,2029524,26499.695,12674.201,0,1355.636,0,134.567,3393,4670,1.170,1.160,1.090,0,0,1.994,0,0,18,313,0,49,0
04-05 23:47:32,21.821,4.765,70.228,1.505,0,5622392,190600,177592,2029808,2606.462,1532.977,0,2167.035,0,264.860,6558,9737,1.170,1.160,1.090,1,0,0,0,0,18,314,0,45,0
04-05 23:47:33,25.264,4.502,65.286,1.751,0,5622444,190348,177684,2029916,2599.428,1458.801,0,3674.018,0,418.230,7543,11573,1.170,1.160,1.090,1,0,0,0,0,18,314,0,45,0
04-05 23:47:34,24.270,5.004,67.304,1.751,0,5623396,189088,177808,2030100,2600.092,1459.174,0,7169.770,0,483.389,7258,10959,1.170,1.160,1.090,1,0,0,0,0,18,314,0,46,0
04-05 23:47:36,21.332,4.217,71.932,1.488,0,5623492,188584,177928,2030388,6906.454,4154.191,0,1805.739,0,221.253,5093,7355,1.170,1.160,1.090,0,0,0.992,0,0,18,313,0,48,0
04-05 23:47:37,10.269,1.753,85.411,0.501,0,5623652,188332,177968,2030440,6869.924,3675.915,0,1759.310,0,89.168,2707,3577,1.160,1.160,1.090,2,0,0,0,0,18,313,0,45,0
04-05 23:47:37,13.322,1.759,83.450,0.503,0,5623504,188332,178032,2030524,22449.983,10560.913,0,1206.502,0,114.618,3112,4000,1.160,1.160,1.090,1,0,0,0,0,18,314,0,46,0
04-05 23:47:38,24.460,4.742,65.892,1.997,0,5623600,187856,178208,2030728,2653.666,1455.623,0,7903.092,0,633.965,7342,11312,1.160,1.160,1.090,2,0,0,0,0,18,314,0,46,0
04-05 23:47:39,25.770,4.503,66.301,1.751,0,5624332,186848,178300,2030912,4101.142,1459.118,0,3074.355,0,304.233,7311,10753,1.160,1.160,1.090,1,0,0,0,0,18,314,0,47,0
04-05 23:47:40,24.759,5.002,67.274,0.500,0,5623636,186596,178364,2031796,4177.486,1606.572,0,1992.709,0,196.070,6984,9778,1.160,1.160,1.090,2,0,0,0,0,18,314,0,46,0
04-05 23:47:42,25.159,5.231,64.765,2.740,0,5623432,186092,178508,2032360,2605.560,1452.737,0,6556.246,0,576.910,8024,12265,1.230,1.170,1.100,2,0,0,0,0,18,314,0,46,0
04-05 23:47:43,25.753,4.251,66.009,1.500,0,5624108,185336,178552,2032396,2658.345,1458.189,32.004,3812.494,1.000,311.040,7142,10211,1.230,1.170,1.100,1,0,0,0,0,18,314,0,46,0
04-05 23:47:44,24.990,4.748,67.723,1.000,0,5624736,184328,178564,2032764,2477.025,1457.426,0,2015.207,0,197.922,6932,9851,1.230,1.170,1.100,1,0,0,0,0,18,314,0,46,0
04-05 23:47:45,10.986,2.497,82.894,1.498,0,5624632,184328,178596,2032836,6710.447,4195.652,0,2584.705,0,266.660,3596,5631,1.230,1.170,1.100,0,0,0,0,0,18,313,0,45,0
04-05 23:47:46,10.767,1.502,84.633,1.002,0,5624428,184328,178620,2033016,6854.812,4140.531,0,2107.324,0,210.332,3295,4840,1.230,1.170,1.100,1,0,2.003,0,0,18,313,0,45,0
04-05 23:47:47,13.750,2.750,80.998,1.250,0,5624660,184076,178624,2033032,6976.839,3668.915,0,1983.954,0,189.996,3941,5513,1.370,1.200,1.110,0,0,0,0,0,18,313,0,45,0
04-05 23:47:48,8.503,1.501,87.284,1.501,0,5624540,184076,178644,2033132,5591.197,3496.374,0,5770.267,0,364.143,2824,4178,1.370,1.200,1.110,0,0,0,0,0,18,314,0,45,0
04-05 23:47:48,10.038,1.757,85.071,0.502,0,5624728,183824,178648,2033192,23726.426,10718.398,0,979.693,0,97.367,2575,3253,1.370,1.200,1.110,3,0,0,0,0,18,314,0,42,0
04-05 23:47:49,24.761,5.252,66.779,1.751,0,5624960,183320,178668,2033444,2659.139,1458.625,32.014,2625.125,1.000,350.150,7113,10744,1.370,1.200,1.110,3,0,0,0,0,18,314,0,42,0
04-05 23:47:50,25.235,5.247,65.461,1.999,0,5625096,183068,178680,2033548,2596.464,1457.138,0,3190.113,0,382.774,7665,11579,1.370,1.200,1.110,2,0,0,0,0,18,313,0,43,0
04-05 23:47:51,24.180,4.487,67.802,0.748,0,5626476,181556,178692,2033668,2846.703,1453.763,0,2061.990,0,176.486,6803,9641,1.420,1.220,1.110,0,0,0,0,0,18,314,0,44,0
04-05 23:47:52,24.489,4.498,67.469,1.249,0,5627032,180548,178708,2034104,5712.389,4054.147,15.993,3610.350,1.000,252.884,6273,9011,1.420,1.220,1.110,1,0,1.000,0,0,18,314,0,45,0
04-05 23:47:53,11.524,2.505,83.922,0.752,0,5637524,169992,178712,2034164,7047.480,3766.739,0,2116.348,0,174.358,2977,4245,1.420,1.220,1.110,1,0,3.006,0,0,18,315,0,47,0
04-05 23:47:55,17.654,2.238,77.826,0.497,0,5636408,171048,178716,2034220,42458.722,19593.273,0,6389.197,0,462.481,3629,4401,1.420,1.220,1.110,3,0,1.989,0,0,18,314,0,49,0
04-05 23:47:55,24.954,4.789,65.536,1.764,0,5637008,170296,178736,2034352,2679.899,1470.013,32.264,7069.772,2.016,557.556,7665,11616,1.420,1.220,1.110,1,0,2.016,0,0,18,314,0,50,0
04-05 23:47:56,26.198,5.489,64.372,2.495,0,5637364,169580,178780,2034652,2609.830,1594.840,0,4626.834,0,485.039,7853,12008,1.390,1.210,1.110,3,0,0,0,0,18,314,0,46,0
04-05 23:47:57,26.699,4.741,65.375,1.497,0,5637108,169580,178796,2034892,2772.720,1455.229,0,3022.244,0,350.333,7049,10570,1.390,1.210,1.110,1,0,0.998,0,0,18,314,0,47,0
04-05 23:47:58,23.479,5.495,67.938,0.500,0.250,5638008,168572,178800,2034996,2969.296,1510.624,0,1958.217,0,177.838,7260,10351,1.390,1.210,1.110,2,0,0,0,0,18,315,0,50,0
04-05 23:48:00,13.233,3.246,81.396,0.999,0,5637984,168320,178812,2035260,7337.651,4320.495,0,2269.109,0,244.688,3932,5765,1.390,1.210,1.110,0,0,0,0,0,18,313,0,52,0
04-05 23:48:01,15.510,2.001,79.799,1.001,0,5637908,168320,178816,2035332,20738.843,10270.360,0,2061.277,0,218.135,3756,5103,1.390,1.210,1.110,0,0,0,0,0,18,314,0,47,0
04-05 23:48:01,14.265,2.503,80.584,1.251,0,5637836,168320,178828,2035392,11760.208,5902.127,0,6706.963,0,462.480,3736,5630,1.360,1.210,1.110,0,0,0,0,0,18,314,0,47,0
04-05 23:48:02,11.279,2.005,83.468,0.752,0,5638084,168068,178836,2035388,19055.832,8431.047,0,1888.940,0,122.320,3117,4040,1.360,1.210,1.110,2,0,0,0,0,18,314,0,47,0
04-05 23:48:03,24.275,4.505,68.320,1.251,0,5639072,166556,178836,2035912,4102.213,1459.499,0,1873.924,0,207.213,6727,9653,1.360,1.210,1.110,1,0,0,0,0,18,314,0,49,0
04-05 23:48:04,26.254,5.001,64.511,2.000,0,5639516,166052,178856,2035952,2418.410,1458.247,0,3864.656,0,466.079,7627,11572,1.360,1.210,1.110,1,0,0,0,0,18,314,0,46,0
04-05 23:48:05,24.433,4.986,67.066,1.247,0,5640632,164316,178868,2036560,2531.063,1454.015,0,2313.659,0,215.410,6986,10193,1.360,1.210,1.110,1,0,0.997,0,0,18,314,0,47,0
04-05 23:48:07,24.432,3.490,68.561,0.748,0,5642096,162804,178876,2036600,2787.297,1453.982,0,2006.455,0,177.509,5403,7389,1.330,1.200,1.110,1,0,0,0,0,18,314,0,47,0
04-05 23:48:08,24.436,5.236,65.330,2.494,0,5642168,162552,178908,2036748,2471.571,1454.218,0,7484.533,0,571.513,7818,12105,1.330,1.200,1.110,3,0,0,0,0,18,314,0,48,0
04-05 23:48:08,24.889,5.279,65.867,2.263,0,5643124,161320,178916,2037016,3063.086,1574.784,0,2851.908,0,292.632,7215,10772,1.330,1.200,1.110,2,0,0,0,0,18,314,0,48,0
04-05 23:48:10,25.666,4.735,66.533,0.748,0,5643632,160564,178924,2037256,2898.534,1453.254,0,6550.606,0,443.551,6933,9670,1.330,1.200,1.110,3,0,0,0,0,18,314,0,47,0
04-05 23:48:10,25.665,5.032,65.420,2.013,0,5643564,160312,178928,2037572,2433.613,1467.414,0,3124.042,0,383.460,7359,11707,1.330,1.200,1.110,3,0,0,0,0,18,314,0,47,0
04-05 23:48:11,24.215,4.993,67.153,1.747,0,5643768,160060,178932,2037616,2671.133,1455.892,0,2572.276,0,273.604,6722,10039,1.300,1.200,1.110,2,0,0,0,0,18,314,0,49,0
04-05 23:48:12,24.447,4.490,68.351,0.748,0,5645136,158352,178936,2037952,2592.341,1454.824,0,3995.278,0,460.994,7041,9431,1.300,1.200,1.110,1,0,1.996,0,0,18,315,0,51,0
04-05 23:48:14,26.453,5.490,63.137,2.995,0,5646868,156340,178972,2038196,4084.708,1455.402,239.572,8109.522,9.982,589.947,7303,11171,1.300,1.200,1.110,3,0,6.988,0,0,18,314,0,46,0
04-05 23:48:14,26.596,3.513,66.490,1.756,0,5646820,156088,178988,2038480,2486.961,1463.273,0,2232.043,0,265.958,5998,8674,1.300,1.200,1.110,1,0,0,0,0,18,314,0,46,0
04-05 23:48:15,24.029,4.255,67.831,1.001,0,5646688,156088,178996,2038604,2480.968,1459.746,0,2342.802,0,220.263,6796,9769,1.300,1.200,1.110,1,0,1.001,0,0,18,314,0,47,0
04-05 23:48:16,25.666,4.984,66.283,1.246,0,5647384,155080,179012,2038900,2486.870,1453.249,0,2416.101,0,261.146,6673,9491,1.280,1.200,1.110,2,0,0,0,0,18,313,0,48,0
04-05 23:48:17,5.260,1.252,91.175,0.751,0,5647368,155080,179012,2038916,8294.887,4197.038,0,2288.383,0,120.230,2027,2985,1.280,1.200,1.110,1,0,0,0,0,18,314,0,44,0
04-05 23:48:19,14.408,2.236,80.489,0.745,0,5647388,154828,179024,2039136,9813.652,6136.017,0,1876.081,0,177.870,3577,5051,1.280,1.200,1.110,0,0,0,0,0,18,314,0,46,0
04-05 23:48:20,19.302,2.507,75.201,1.253,0,5647864,154324,179024,2039164,23673.417,11320.325,0,1724.620,0,191.513,4094,5399,1.280,1.200,1.110,0,0,0,0,0,18,313,0,47,0
04-05 23:48:20,12.818,2.765,82.187,0.754,0.251,5647780,154324,179024,2039248,2704.380,1465.794,0,1648.767,0,188.000,3257,4650,1.280,1.200,1.110,3,0,0,0,0,18,313,0,49,0
04-05 23:48:22,6.209,1.738,88.911,1.242,0,5647572,154324,179028,2039452,7361.274,4141.586,0,6294.336,0,404.324,2872,4600,1.170,1.180,1.100,1,0,0.993,0,0,18,314,0,47,0
04-05 23:48:22,34.678,5.780,57.546,1.256,0,5650180,151596,179044,2039540,51509.801,24023.500,0,2267.658,0,217.116,5818,20509,1.170,1.180,1.100,0,0,36.186,0,0,18,314,0,50,0
04-05 23:48:24,13.690,1.493,81.394,0.498,0,5650136,151596,179052,2039592,22274.691,10343.812,0,1445.684,0,140.387,3230,4425,1.170,1.180,1.100,1,0,0,0,0,18,314,0,51,0
04-05 23:48:24,12.770,2.003,83.381,1.002,0,5650096,151596,179060,2039624,15776.813,8234.952,0,1314.067,0,133.210,3048,4089,1.170,1.180,1.100,1,0,0,0,0,18,314,0,52,0
04-05 23:48:26,14.985,2.747,78.670,0.749,0,5650784,150840,179060,2039692,19189.429,8508.322,0,1446.525,0,154.842,4206,5938,1.170,1.180,1.100,4,0,0.999,0,0,18,314,0,51,0
04-05 23:48:27,24.994,5.499,65.234,2.000,0,5650668,150616,179064,2040028,2494.407,1457.654,0,2719.354,0,344.918,7328,11140,1.160,1.170,1.100,1,0,1.000,0,0,18,314,0,51,0
04-05 23:48:28,24.258,3.501,68.021,1.000,0,5650684,150364,179068,2040260,2418.755,1458.455,0,2436.761,0,235.073,6315,9090,1.160,1.170,1.100,1,0,0,0,0,18,315,0,51,0
04-05 23:48:28,25.275,4.504,67.066,1.752,0,5651128,149608,179120,2040520,2480.437,1501.475,0,3283.225,0,326.321,7269,10642,1.160,1.170,1.100,3,0,0,0,0,18,314,0,51,0
04-05 23:48:29,24.332,5.769,66.724,1.505,0,5651452,149104,179224,2040596,4232.212,1462.913,0,7300.516,0,532.789,7940,12120,1.160,1.170,1.100,1,0,0,0,0,18,314,0,49,0
04-05 23:48:30,25.680,4.488,65.821,1.247,0,5651828,148348,179284,2040916,2471.279,1454.045,0,7116.645,0,530.557,7072,10141,1.160,1.170,1.100,1,0,0,0,0,18,314,0,51,0
04-05 23:48:32,14.182,3.483,79.119,1.493,0,5652212,147844,179340,2040980,6942.536,4167.910,0,2360.621,0,238.849,3915,5905,1.070,1.150,1.090,0,0,1.990,0,0,18,313,0,53,0
04-05 23:48:32,9.536,2.258,85.823,0.753,0,5652112,147844,179372,2041048,6930.072,4141.581,0,1971.417,0,192.725,3008,4511,1.070,1.150,1.090,0,0,0,0,0,18,313,0,53,0
04-05 23:48:33,13.550,1.506,81.548,1.004,0,5652364,147592,179380,2041040,2426.880,1463.354,0,2204.064,0,181.665,3718,5215,1.070,1.150,1.090,1,1,0,0,0,18,314,0,53,0
04-05 23:48:35,5.727,1.992,89.886,0.747,0,5652340,147340,179400,2041296,8246.635,3654.216,0,1537.778,0,125.492,2266,3380,1.070,1.150,1.090,0,0,0,0,0,18,313,0,53,0
04-05 23:48:36,16.004,2.000,79.020,1.250,0,5652532,147088,179420,2041336,26274.512,12718.152,0,1512.375,0,150.037,3625,4794,1.070,1.150,1.090,0,0,1.000,0,0,18,313,0,53,0
04-05 23:48:36,20.085,4.770,72.307,1.255,0,5654308,145084,179436,2041532,2445.386,1464.219,0,2016.565,0,230.981,5569,8214,1.060,1.150,1.090,1,0,0,0,0,18,314,0,53,0
04-05 23:48:37,23.966,5.243,66.906,1.248,0,5654888,144328,179500,2041644,3792.655,1455.948,0,8096.589,0,566.202,7442,11420,1.060,1.150,1.090,5,0,0,0,0,18,314,0,49,0
04-05 23:48:38,24.761,4.752,66.278,2.001,0,5655300,143572,179516,2041972,2539.083,1458.622,32.014,2801.195,1.000,308.131,7286,11222,1.060,1.150,1.090,2,0,0,0,0,18,314,0,52,0
04-05 23:48:39,24.941,3.991,68.340,0.748,0,5655792,142816,179528,2042224,2591.917,1454.586,0,1783.814,0,146.656,5898,8522,1.060,1.150,1.090,1,0,0,0,0,18,314,0,53,0
04-05 23:48:41,12.981,3.495,79.885,1.498,0,5656180,142312,179544,2042324,8510.739,4270.847,0,2372.582,0,278.599,4030,6403,1.060,1.150,1.090,0,0,0,0,0,18,313,0,54,0
04-05 23:48:42,14.758,1.751,80.291,1.001,0,5656144,142312,179544,2042360,21781.155,10522.389,0,1760.902,0,155.079,3345,4407,0.980,1.130,1.090,1,0,0,0,0,18,314,0,51,0
04-05 23:48:42,15.833,3.267,79.669,0.754,0,5656072,142312,179548,2042428,7218.936,3729.599,0,1990.460,0,167.882,4435,6277,0.980,1.130,1.090,1,0,0,0,0,18,314,0,52,0
04-05 23:48:43,25.951,5.490,63.132,2.745,0,5655820,142312,179568,2042660,2593.135,1455.270,0,8903.296,0,734.622,8073,12980,0.980,1.130,1.090,6,0,0,0,0,18,314,0,52,0
04-05 23:48:44,23.537,5.258,68.359,1.252,0,5656564,141304,179584,2042908,2602.143,1460.325,0,2876.580,0,255.407,6926,10058,0.980,1.130,1.090,2,0,0,0,0,18,314,0,54,0
04-05 23:48:46,9.200,2.238,85.289,0.746,0.249,5654320,143456,179584,2043000,6921.562,4292.781,0,6592.343,0,501.289,3281,4690,0.980,1.130,1.090,0,0,0.995,0,0,18,313,0,53,0
04-05 23:48:46,9.271,1.754,86.693,1.002,0,5654272,143456,179584,2043048,7062.683,4131.173,0,1427.169,0,157.349,2855,4103,0.900,1.110,1.080,0,0,0,0,0,18,313,0,53,0
04-05 23:48:47,8.237,1.747,87.614,0.749,0,5654228,143456,179584,2043092,7078.995,4113.605,0,1449.746,0,140.781,2748,4039,0.900,1.110,1.080,0,0,0,0,0,18,313,0,54,0
04-05 23:48:48,12.508,2.752,81.800,1.501,0,5654028,143616,179596,2043120,11112.814,6023.693,0,1793.099,0,200.123,3452,4915,0.900,1.110,1.080,1,0,0,0,0,18,314,0,54,0
04-05 23:48:50,3.246,0.749,93.890,0.499,0,5654716,142732,179596,2043316,5454.612,3351.076,0,827.031,0,56.933,1463,2135,0.900,1.110,1.080,0,0,0,0,0,18,314,0,54,0
04-05 23:48:50,20.345,3.265,74.349,1.005,0,5654916,142480,179596,2043368,23465.076,10915.204,0,1953.162,0,225.056,4563,6127,0.900,1.110,1.080,3,0,0,0,0,18,314,0,55,0
04-05 23:48:52,7.217,1.493,87.350,0.995,0,5654764,142480,179604,2043512,7063.625,4164.911,0,5749.647,0,384.239,3056,4891,0.830,1.090,1.070,0,0,0,0,0,18,313,0,57,0
04-05 23:48:53,8.246,1.749,87.206,0.750,0,5655064,142004,179608,2043684,7326.271,4118.903,0,1323.326,0,130.933,2656,3887,0.830,1.090,1.070,0,0,0,0,0,18,313,0,58,0
04-05 23:48:53,18.339,3.266,75.867,1.256,0,5655324,141664,179616,2043756,12755.674,6543.639,0,2074.028,0,175.850,4140,5690,0.830,1.090,1.070,1,0,1.005,0,0,18,314,0,60,0
04-05 23:48:55,17.675,2.987,77.668,0.498,0,5659268,137644,179620,2043828,26287.792,12607.187,0,1294.475,0,118.494,3383,4266,0.830,1.090,1.070,1,0,2.987,0,0,18,315,0,54,0
04-05 23:48:55,22.512,2.251,73.791,0.250,0,5659604,137144,179620,2043992,32431.842,15012.259,0,768.423,0,50.028,3712,4153,0.830,1.090,1.070,1,0,2.001,0,0,18,314,0,56,0
04-05 23:48:56,6.499,1.000,89.491,0.250,0,5659576,137144,179628,2044012,7854.176,3829.598,0,723.924,0,53.994,1734,2322,0.760,1.080,1.070,1,0,1.000,0,0,18,315,0,56,0
04-05 23:48:58,11.985,1.248,84.641,0.499,0,5659796,136892,179628,2044044,28282.426,15087.489,0,922.807,0,85.889,2376,2914,0.760,1.080,1.070,0,0,0,0,0,18,314,0,56,0
04-05 23:48:59,3.003,1.502,93.847,0.250,0,5659784,136892,179628,2044056,5603.806,1459.512,0,856.888,0,87.090,1493,2131,0.760,1.080,1.070,0,0,0,0,0,18,314,0,50,0
04-05 23:48:59,13.282,1.504,84.455,0.752,0,5659736,136892,179632,2044100,23386.765,10703.981,0,1194.900,0,124.302,2951,4003,0.760,1.080,1.070,1,0,0,0,0,18,314,0,50,0
04-05 23:49:01,17.426,1.992,76.674,0.747,0,5659688,136892,179636,2044144,24562.663,12487.954,0,1358.231,0,158.327,3635,4672,0.760,1.080,1.070,2,0,0,0,0,18,314,0,50,0
04-05 23:49:02,20.526,4.005,72.590,1.502,0,5660152,136192,179644,2044372,4340.411,1700.119,0,5222.510,0,613.765,5964,8164,0.780,1.070,1.070,1,0,0,0,0,18,314,0,51,0
04-05 23:49:02,24.554,4.510,67.149,1.253,0,5660024,136192,179648,2044496,2483.503,1461.238,0,3066.795,0,306.680,6709,9811,0.780,1.070,1.070,1,0,0,0,0,18,314,0,50,0
04-05 23:49:04,9.983,1.497,86.105,0.998,0,5660300,135688,179652,2044720,8205.218,4176.984,0,6245.510,0,430.277,3193,5293,0.780,1.070,1.070,0,0,0,0,0,18,313,0,52,0
04-05 23:49:04,21.514,3.002,72.296,1.501,0,5660188,135688,179656,2044828,9603.056,5659.569,0,2877.815,0,205.129,5145,6845,0.780,1.070,1.070,0,0,0,0,0,18,314,0,52,0
04-05 23:49:05,13.250,3.250,81.251,0.250,0,5660024,135688,179664,2044984,19209.278,8517.123,0,1184.017,0,99.001,3596,4772,0.780,1.070,1.070,3,0,1.000,0,0,18,315,0,52,0
04-05 23:49:07,25.165,4.734,65.528,1.993,0,5659964,135436,179676,2045284,2725.765,1453.077,0,3017.775,0,339.849,7503,11067,0.800,1.070,1.070,1,0,0,0,0,18,314,0,48,0
04-05 23:49:07,24.879,4.775,67.853,0.754,0,5661104,134176,179680,2045400,2732.217,1465.626,0,2308.009,0,197.025,7009,10156,0.800,1.070,1.070,3,0,0,0,0,18,314,0,50,0
04-05 23:49:09,16.905,3.232,76.568,1.243,0.249,5661124,133924,179684,2045628,10082.131,4160.532,0,1889.343,0,211.805,4744,6958,0.800,1.070,1.070,0,0,0,0,0,18,313,0,51,0
04-05 23:49:10,12.539,2.257,82.510,1.003,0,5661124,133924,179688,2045624,2786.778,1462.607,16.051,2090.585,1.003,203.641,3831,5373,0.800,1.070,1.070,0,0,0,0,0,18,314,0,51,0
04-05 23:49:10,14.257,2.251,80.287,1.501,0.250,5660796,133924,179688,2045952,6797.105,3724.701,0,2253.029,0,246.112,4280,5895,0.800,1.070,1.070,1,0,0,0,0,18,313,0,50,0
04-05 23:49:11,15.274,2.504,79.125,1.502,0,5661008,133672,179692,2045988,22317.130,10520.561,0,5136.085,0,386.609,3963,5659,0.810,1.070,1.070,3,0,0,0,0,18,314,0,51,0
04-05 23:49:12,8.985,1.498,87.356,0.749,0,5661388,133168,179696,2046108,6767.809,4178.091,0,1964.751,0,151.749,2556,3846,0.810,1.070,1.070,0,0,0,0,0,18,313,0,53,0
04-05 23:49:14,19.224,2.996,74.398,1.248,0,5662832,131656,179704,2046168,21655.202,10448.623,0,1657.719,0,166.771,4432,5685,0.810,1.070,1.070,2,0,5.992,0,0,18,314,0,53,0
04-05 23:49:15,16.764,3.503,77.566,1.001,0,5662780,131656,179708,2046216,7067.018,3713.162,0,1605.367,0,165.141,5178,7486,0.810,1.070,1.070,2,0,0,0,0,18,315,0,49,0
04-05 23:49:15,25.897,5.783,62.353,2.263,0,5661252,132676,179712,2046720,2492.116,1466.306,0,3934.286,0,484.746,7999,12380,0.810,1.070,1.070,2,0,1.006,0,0,18,314,0,49,0
04-05 23:49:16,25.708,5.242,65.144,1.997,0,5660192,133616,179716,2046836,2550.865,1455.640,0,9101.247,0,766.757,7706,11701,0.830,1.070,1.070,1,0,0,0,0,18,314,0,49,0
04-05 23:49:18,23.658,4.981,67.238,1.494,0,5659964,133648,179724,2047024,2528.148,1452.340,31.876,7506.747,0.996,496.067,7191,11080,0.830,1.070,1.070,2,0,0,0,0,18,314,0,49,0
04-05 23:49:19,24.738,4.498,67.717,1.749,0,5661240,132148,179728,2047244,12481.995,6594.827,0,2007.034,0,236.886,6024,8691,0.830,1.070,1.070,1,0,0,0,0,18,314,0,48,0
04-05 23:49:19,13.516,1.251,83.348,0,0,5660912,132148,179728,2047556,18137.403,8278.769,0,1473.739,0,39.046,2888,3409,0.830,1.070,1.070,1,0,0,0,0,18,314,0,48,0
04-05 23:49:20,15.050,2.759,79.013,2.258,0,5661092,131896,179728,2047628,2560.527,1603.339,0,2468.219,0,323.076,4860,7239,0.830,1.070,1.070,1,0,0,0,0,18,314,0,48,0
04-05 23:49:21,10.462,1.495,85.940,0.498,0,5661120,131672,179728,2047824,26296.097,12661.305,0,948.577,0,85.691,2487,3167,0.840,1.070,1.070,1,0,0,0,0,18,314,0,48,0
04-05 23:49:22,19.081,5.524,72.810,0.753,0,5681672,145784,178940,2017212,6807.999,4205.916,0,1466.246,0,170.727,4597,9385,0.840,1.070,1.070,1,0,34.145,0,0,18,313,0,45,0
04-05 23:49:24,17.167,3.981,76.379,0.995,0,5673276,154228,178940,2014672,9669.984,5628.633,0,1265.845,0,139.323,4266,10439,0.840,1.070,1.070,0,0,1.990,0,0,18,314,0,47,0
04-05 23:49:24,15.810,2.259,79.804,1.004,0,5672160,155184,178944,2014828,18980.339,8549.585,0,1337.096,0,132.505,3788,5318,0.840,1.070,1.070,1,0,0,0,0,18,314,0,47,0
04-05 23:49:26,25.849,5.468,63.629,2.237,0,5671324,155832,178952,2014992,2582.956,1449.558,0,8224.101,0,710.860,8177,12697,0.840,1.070,1.070,1,0,0.994,0,0,18,314,0,47,0
04-05 23:49:26,26.928,5.537,63.923,2.517,0,5663572,163280,179000,2015248,4202.841,1467.723,0,3197.179,0,399.647,7571,11802,0.850,1.070,1.070,1,0,1.007,0,0,18,314,0,45,0
04-05 23:49:27,23.662,4.234,68.495,0.996,0,5663196,163284,179056,2015564,2588.382,1452.602,0,1865.069,0,175.348,6665,9620,0.850,1.070,1.070,1,0,0,0,0,18,314,0,47,0
04-05 23:49:29,24.208,4.742,68.131,0.749,0,5664056,162304,179088,2015652,2892.961,1497.392,0,1613.190,0,141.753,6214,9290,0.850,1.070,1.070,1,0,0,0,0,18,314,0,47,0
04-05 23:49:30,11.261,2.002,82.577,1.501,0,5664296,161812,179156,2015836,7205.757,4192.932,0,3647.420,0,302.283,3616,5644,0.850,1.070,1.070,0,0,0,0,0,18,313,0,49,0
04-05 23:49:30,14.257,1.751,81.291,1.001,0,5664160,161812,179220,2015908,2719.375,1458.738,0,2069.046,0,228.115,4334,6034,0.850,1.070,1.070,0,0,0,0,0,18,314,0,47,0
04-05 23:49:31,17.997,3.249,75.237,1.500,0,5664016,161812,179280,2015992,22086.044,10461.126,0,2415.567,0,275.951,4451,6192,0.870,1.060,1.060,1,0,2.000,0,0,18,314,0,48,0
04-05 23:49:33,15.457,2.742,78.533,1.247,0,5663532,162132,179320,2016116,11944.963,6356.419,0,11236.921,0,815.744,4391,6275,0.870,1.060,1.060,0,0,0,0,0,18,314,0,51,0
04-05 23:49:33,9.040,1.507,87.884,0.753,0,5663756,161880,179340,2016124,3589.700,1530.695,0,1124.920,0,95.417,2698,3649,0.870,1.060,1.060,1,0,0,0,0,18,314,0,52,0
04-05 23:49:35,13.971,1.746,81.083,0.998,0,5663596,161880,179344,2016280,26315.840,12850.553,0,1536.837,0,132.727,3241,4194,0.870,1.060,1.060,0,0,0,0,0,18,313,0,52,0
04-05 23:49:36,21.487,3.998,69.957,1.999,0,5664100,161128,179396,2016476,2356.545,1457.100,0,2226.625,0,265.836,6170,9499,0.870,1.060,1.060,2,0,0.999,0,0,18,314,0,50,0
04-05 23:49:36,24.820,5.014,66.187,2.006,0,5663716,161128,179456,2016800,4054.455,1462.131,0,3457.770,0,401.133,6882,10829,0.880,1.060,1.060,1,0,0,0,0,18,314,0,51,0
04-05 23:49:37,24.521,4.254,68.310,1.501,0,5664472,160296,179488,2016844,2420.114,1459.275,0,2478.165,0,259.226,6680,9822,0.880,1.060,1.060,1,0,0,0,0,18,314,0,51,0
04-05 23:49:39,16.705,3.241,76.294,1.745,0,5664136,160296,179520,2017148,6760.740,4169.738,15.957,2369.600,0.997,271.267,4586,6744,0.880,1.060,1.060,1,0,0,0,0,18,313,0,53,0
04-05 23:49:39,15.003,2.750,79.764,1.250,0,5663952,160296,179532,2017320,5535.979,4072.720,0,6221.100,0,437.077,4024,6009,0.880,1.060,1.060,0,0,0,0,0,18,314,0,50,0
04-05 23:49:40,11.787,1.756,83.514,1.003,0,5663824,160296,179552,2017428,13480.627,6777.431,0,2198.953,0,175.555,3186,4252,0.880,1.060,1.060,2,0,0,0,0,18,314,0,51,0
04-05 23:49:41,11.742,0.999,84.939,0.250,0,5664012,160072,179564,2017452,26625.950,13167.579,0,1171.162,0,93.933,2651,3419,0.810,1.050,1.060,0,0,0,0,0,18,313,0,51,0
04-05 23:49:43,16.363,1.735,79.087,0.744,0,5663928,160072,179584,2017516,27715.557,12936.505,0,1186.053,0,125.944,3319,4339,0.810,1.050,1.060,0,0,0,0,0,18,313,0,52,0
04-05 23:49:43,21.207,4.292,71.699,1.515,0,5663744,160072,179596,2017688,2744.768,1543.048,0,1967.185,0,237.314,5768,8339,0.810,1.050,1.060,1,0,0,0,0,18,314,0,50,0
04-05 23:49:44,24.212,4.493,67.146,1.248,0,5664288,159316,179608,2017888,2474.158,1455.739,0,2492.130,0,292.546,6586,9882,0.810,1.050,1.060,2,0,0,0,0,18,314,0,52,0
04-05 23:49:46,10.471,1.745,84.270,0.997,0,5664108,159316,179616,2018060,6820.380,4176.598,0,3458.558,0,261.287,3416,5250,0.810,1.050,1.060,3,0,0.997,0,0,18,313,0,55,0
04-05 23:49:47,18.000,2.000,78.251,0.750,0,5664032,159316,179620,2018132,26485.426,12937.208,0,1564.025,0,137.002,3442,4261,0.740,1.030,1.050,1,0,0,0,0,18,314,0,56,0
04-05 23:49:47,17.769,4.004,75.080,1.251,0,5664008,159316,179632,2018144,4202.490,1699.816,0,1950.084,0,222.237,5120,7589,0.740,1.030,1.050,1,0,0,0,0,18,314,0,53,0
04-05 23:49:48,24.075,4.263,67.209,1.755,0,5664400,158560,179632,2018508,2263.022,1300.034,0,8113.174,0,555.724,7426,11467,0.740,1.030,1.050,1,0,0,0,0,18,314,0,55,0
04-05 23:49:50,9.707,1.991,85.124,0.747,0,5664324,158560,179636,2018580,7107.620,4159.636,0,2552.730,0,222.020,3195,4956,0.740,1.030,1.050,0,0,0,0,0,18,313,0,56,0
04-05 23:49:50,18.769,3.503,74.824,1.501,0.250,5664324,158308,179640,2018828,8587.538,4182.158,0,1981.971,0,237.236,4883,6681,0.740,1.030,1.050,0,0,0,0,0,18,313,0,57,0
04-05 23:49:52,9.744,1.499,87.192,0.250,0,5664324,158308,179640,2018828,6027.998,3558.637,0,1055.299,0,86.942,2584,3374,1.080,1.090,1.070,0,0,0,0,0,18,314,0,54,0
04-05 23:49:53,11.982,1.997,82.874,0.998,0,5664676,157860,179640,2018924,23313.504,10895.411,0,6729.754,0,505.231,3272,4114,1.080,1.090,1.070,2,0,0,0,0,18,314,0,55,0
04-05 23:49:53,15.535,1.754,79.931,0.752,0,5665356,157144,179640,2018960,32154.647,15505.030,0,1339.025,0,135.306,3360,4332,1.080,1.090,1.070,1,0,1.002,0,0,18,313,1,55,0
04-05 23:49:54,32.147,6.279,58.769,1.758,0,5675336,146828,179652,2019284,16604.071,8152.350,0,3158.470,0,374.717,7875,11660,1.080,1.090,1.070,3,0,3.014,0,0,18,314,0,55,0
04-05 23:49:55,26.709,4.992,64.401,1.747,0,5674732,147364,179660,2019344,4109.666,1294.006,0,8586.767,0,504.223,7286,11020,1.080,1.090,1.070,3,1,2.995,0,0,18,314,0,51,0
04-05 23:49:56,25.262,4.502,67.032,1.251,0,5674632,147136,179664,2019668,2588.250,1350.652,0,2745.326,0,271.131,7112,10299,1.080,1.090,1.070,1,0,0,0,0,18,314,0,52,0
04-05 23:49:57,17.226,3.245,75.645,1.498,0,5674404,147136,179668,2019892,6695.676,4124.257,0,1909.341,0,226.684,4769,6959,1.080,1.090,1.070,0,0,0,0,0,18,313,0,54,0
04-05 23:49:58,14.508,2.251,81.043,0.750,0,5673304,148056,179672,2020068,5375.858,3849.046,0,1905.013,0,175.093,3428,4835,1.080,1.090,1.070,0,0,0,0,0,18,314,0,55,0
04-05 23:49:59,7.239,1.997,88.864,0.749,0,5672528,148772,179676,2020124,3734.294,1467.757,0,1429.815,0,112.828,2489,3461,1.080,1.090,1.070,1,0,0,0,0,18,314,0,55,0
04-05 23:50:00,12.240,2.248,82.432,0.999,0,5672440,148772,179680,2020208,8364.057,4070.621,0,2641.807,0,267.778,3712,5492,1.080,1.090,1.070,0,1,0,0,0,18,313,0,56,0
04-05 23:50:01,21.548,2.255,74.416,0,0,5673988,147036,179684,2020392,2666.956,1407.142,0,729.629,0,47.105,3243,3355,1.070,1.090,1.070,3,0,0,0,0,18,314,0,56,0
04-05 23:50:02,25.940,4.240,68.342,0.249,0,5680752,139980,179684,2020684,2190.937,1293.012,0,722.331,0,45.894,3768,4042,1.070,1.090,1.070,3,0,0,0,0,18,314,0,57,0
04-05 23:50:04,17.468,1.248,78.858,0.749,0,5680692,139980,179688,2020740,26118.856,12662.145,0,1269.708,0,129.766,3245,4008,1.070,1.090,1.070,0,0,0,0,0,18,313,0,51,0
04-05 23:50:05,17.759,2.251,78.040,0.500,0,5680644,139980,179688,2020788,26118.478,12889.652,0,1300.671,0,138.071,3360,4206,1.070,1.090,1.070,4,0,0,0,0,18,313,0,52,0
04-05 23:50:05,16.773,2.253,77.858,1.502,0,5680812,139732,179700,2020856,21672.018,10777.929,0,5796.028,0,402.558,3967,5513,1.070,1.090,1.070,2,0,1.001,0,0,18,314,0,52,0
04-05 23:50:06,16.784,3.507,74.900,3.006,0,5681260,139228,179700,2020912,8613.296,3555.139,16.032,1551.115,1.002,169.340,4726,6772,0.980,1.070,1.070,1,0,0,0,0,18,314,0,52,0
04-05 23:50:07,23.936,5.236,67.320,1.247,0,5681968,138248,179700,2021184,2489.337,1292.540,0,7364.289,0,599.396,6891,9417,0.980,1.070,1.070,1,0,0,0,0,18,315,0,52,0
04-05 23:50:08,13.999,2.750,79.245,1.000,0,5681764,138248,179700,2021388,6768.581,3912.758,0,2135.868,0,218.986,3953,5618,0.980,1.070,1.070,1,0,0,0,0,18,313,0,53,0
04-05 23:50:09,17.999,3.000,77.996,0.500,0,5681972,137996,179700,2021432,2721.847,1241.930,31.998,1223.931,2.000,75.996,4122,5362,0.980,1.070,1.070,1,0,0,0,0,18,317,0,56,0
04-05 23:50:10,26.085,3.511,67.471,1.003,0,5682612,136988,179700,2021800,2504.186,1300.250,124.407,1533.011,8.026,143.469,6366,8389,0.980,1.070,1.070,1,0,1.003,0,0,18,317,0,74,0
04-05 23:50:11,23.737,4.248,69.461,0.500,0,5683008,136484,179700,2021908,4498.453,1337.243,0,1818.970,0,148.916,6056,8191,0.990,1.070,1.070,1,0,1.999,0,0,18,320,0,74,0
04-05 23:50:12,27.739,4.248,66.474,0.750,0,5684764,134468,179704,2022164,2614.965,1295.487,0,1311.481,0,117.953,6055,7341,0.990,1.070,1.070,1,0,0,0,0,18,317,0,91,0
04-05 23:50:13,20.557,3.008,73.455,1.003,0,5685708,133208,179708,2022476,26210.301,12612.272,0,1536.296,0,159.446,4342,5545,0.990,1.070,1.070,4,0,7.020,0,0,18,316,0,93,0
04-05 23:50:15,18.398,4.724,72.845,1.492,0,5685620,133208,179708,2022564,2348.930,1235.128,3.978,6420.277,0.994,493.255,6057,9199,0.990,1.070,1.070,5,0,0,0,0,18,317,0,93,0
04-05 23:50:16,25.460,4.742,66.644,1.747,0,5685352,133208,179708,2022832,2312.328,1293.945,0,3043.167,0,269.572,6741,9925,0.990,1.070,1.070,2,0,0.998,0,0,18,317,0,95,0
04-05 23:50:17,9.007,2.002,85.819,1.501,0,5685276,133208,179708,2022908,6551.304,4057.285,0,2101.701,0,199.161,2994,4534,0.910,1.050,1.060,0,0,0,0,0,18,316,0,95,0
04-05 23:50:18,9.487,1.997,86.383,0.749,0,5685232,133208,179708,2022952,6605.040,3906.700,0,1621.800,0,173.764,2983,4347,0.910,1.050,1.060,0,0,0,0,0,18,316,0,95,0
04-05 23:50:19,10.012,1.502,85.102,0.751,0,5685180,133208,179708,2023004,9756.645,6027.193,0,1593.902,0,159.190,2973,4242,0.910,1.050,1.060,0,0,0,0,0,18,317,0,95,0
04-05 23:50:19,18.278,1.502,77.367,0.501,0,5685164,133208,179708,2023020,23302.221,11209.944,0,1422.150,0,151.229,3428,4248,0.910,1.050,1.060,0,0,0,0,0,18,316,0,95,0
04-05 23:50:20,7.269,1.755,89.982,0.501,0,5684940,133208,179708,2023244,2261.822,1299.344,0,1006.591,0,85.219,2311,3179,0.910,1.050,1.060,2,0,0,0,0,18,317,0,93,0
04-05 23:50:22,18.445,2.493,76.523,0.748,0,5686420,131444,179708,2023528,6513.648,3335.091,0,1160.552,0,99.704,3658,4504,0.830,1.030,1.060,0,0,0,0,0,18,316,0,94,0
04-05 23:50:23,7.497,1.749,88.460,0.750,0,5686392,131444,179708,2023556,8168.332,3637.367,0,1227.449,0,122.945,2403,3374,0.830,1.030,1.060,0,0,0,0,0,18,316,0,94,0
04-05 23:50:23,14.576,6.031,77.150,1.257,0,5696844,152820,179304,1992852,6429.330,3362.431,293.522,6180.038,17.089,493.559,3888,14658,0.830,1.030,1.060,0,0,39.203,0,0,18,316,0,95,0
04-05 23:50:25,7.214,1.244,90.054,0.249,0,5696832,152820,179304,1992864,5147.500,3262.836,0,756.254,0,61.694,1916,2633,0.830,1.030,1.060,0,0,0,0,0,18,317,0,92,0
04-05 23:50:26,12.250,2.000,82.247,0.750,0,5683332,166264,179308,1992916,23266.155,10407.622,0,1351.951,0,158.994,3189,4343,0.830,1.030,1.060,1,0,1.000,0,0,18,317,0,92,0
04-05 23:50:26,25.021,5.004,66.557,2.252,0.250,5683748,165760,179312,1993000,2353.008,1134.968,0,8479.235,0,568.485,7883,11959,0.850,1.030,1.050,2,0,0,0,0,18,317,0,93,0
04-05 23:50:28,24.699,4.740,67.360,1.247,0,5684644,164500,179344,1993332,5481.601,3850.992,0,2127.576,0,232.516,5772,8333,0.850,1.030,1.050,4,0,0,0,0,18,317,0,95,0
04-05 23:50:28,8.292,1.508,87.438,1.005,0,5684740,164248,179360,1993472,3656.317,1399.009,0,2166.856,0,203.017,2793,4004,0.850,1.030,1.050,2,0,0,0,0,18,317,0,92,0
04-05 23:50:30,5.460,1.489,90.095,0.496,0,5684660,164248,179380,1993532,8325.483,3780.520,0,1449.464,0,123.105,2317,3482,0.850,1.030,1.050,2,0,0,0,0,18,316,0,92,0
04-05 23:50:30,10.547,2.009,85.131,1.004,0,5684848,163996,179400,1993576,6708.037,3522.774,0,1691.574,0,199.895,3214,4353,0.850,1.030,1.050,0,0,0,0,0,18,316,0,93,0
04-05 23:50:32,14.228,1.997,81.375,0.998,0,5684784,163996,179416,1993624,26884.579,12857.191,0,1321.963,0,122.811,3207,3993,0.860,1.030,1.050,2,0,1.997,0,0,18,316,0,93,0
04-05 23:50:33,17.503,4.251,75.513,0.750,0,5684800,163744,179436,1993840,2806.475,1566.265,0,1952.330,0,212.036,4967,7295,0.860,1.030,1.050,3,0,0,0,0,18,317,0,90,0
04-05 23:50:33,26.544,2.254,68.614,1.002,0,5578524,269936,179456,1993904,2944.889,1622.694,16.027,2339.885,2.003,190.316,3999,5043,0.860,1.030,1.050,1,0,1.002,0,0,18,316,0,90,0
04-05 23:50:35,3.245,2.247,92.858,0.499,0,5502780,345524,179484,1994048,10627.792,261401.337,107.836,1118.294,11.982,68.895,1677,2018,0.860,1.030,1.050,0,0,13.979,0,0,18,316,0,90,0
04-05 23:50:36,1.999,1.249,94.461,0.500,0,5503260,345020,179504,1994052,2850.815,1619.327,0,3218.662,0,198.917,1725,2732,0.860,1.030,1.050,0,0,1.000,0,0,18,316,0,90,0
04-05 23:50:37,1.251,1.251,95.599,0.501,0,5503240,345020,179524,1994052,2857.956,1459.510,0,5049.223,0,215.223,1435,2323,0.790,1.020,1.050,0,0,0,0,0,18,316,0,84,0
04-05 23:50:38,1.742,0.249,96.799,0.249,0,5503240,345020,179524,1994052,2912.438,1558.742,0,43.796,0,5.972,894,1314,0.790,1.020,1.050,0,0,0,0,0,18,316,0,84,0
04-05 23:50:39,1.505,1.255,96.851,0,0,5503240,345020,179524,1994052,4488.283,1517.505,0,16.058,0,3.011,959,1322,0.790,1.020,1.050,0,0,0,0,0,18,316,0,84,0
04-05 23:50:40,1.001,0.500,97.053,0,0.250,5503240,345020,179524,1994052,2779.526,1458.801,0,0,0,0,938,1358,0.790,1.020,1.050,0,0,1.001,0,0,18,316,0,84,0
04-05 23:50:41,2.251,1.250,95.022,0,0,5503236,345020,179536,1994044,4206.968,1458.336,0,268.062,0,36.008,1402,2046,0.790,1.020,1.050,0,0,0,0,0,18,316,0,81,0
04-05 23:50:41,2.757,0.752,95.754,0.251,0,5503220,345020,179536,1994060,2904.694,1624.302,0,814.156,0,26.069,1128,1624,0.730,1,1.040,0,0,0,0,0,18,316,0,81,0
04-05 23:50:42,1.996,0.499,95.081,0.250,0,5503204,345020,179548,1994064,2533.491,1455.410,0,247.559,0,33.940,1307,1945,0.730,1,1.040,0,0,0,0,0,18,316,0,81,0
04-05 23:50:44,2.748,1.499,94.934,0.500,0,5503396,344796,179556,1994088,2296.397,1456.983,0,4125.120,0,482.663,1694,2153,0.730,1,1.040,0,0,0,0,0,18,316,0,81,0
04-05 23:50:45,2.000,0.750,96.006,0.250,0,5503380,344796,179568,1994092,4066.275,1566.106,0,256.017,0,23.002,1117,1752,0.730,1,1.040,0,0,0,0,0,18,316,0,77,0
04-05 23:50:46,2.499,0.750,95.225,0.250,0,5503376,344796,179576,1994088,2611.318,1511.605,0,263.931,0,22.994,1319,1913,0.730,1,1.040,1,0,1.000,0,0,18,316,0,77,0
04-05 23:50:47,1.497,0.748,96.277,0,0,5503368,344796,179580,1994092,4344.937,1454.631,0,179.584,0,11.972,993,1386,0.670,0.980,1.040,0,0,0,0,0,18,316,0,77,0
04-05 23:50:48,1.253,0.501,96.752,0,0,5503368,344796,179580,1994092,2725.090,1461.803,0,40.104,0,5.013,989,1408,0.670,0.980,1.040,0,0,0,0,0,18,316,0,77,0
04-05 23:50:49,1.749,1.250,95.716,0,0,5503572,344548,179580,1994136,2938.963,1619.429,0,0,0,0,1088,1399,0.670,0.980,1.040,0,0,0,0,0,18,316,0,70,0
04-05 23:50:50,1.000,0.500,96.756,0,0,5503572,344548,179580,1994136,2658.152,1458.083,0,4.000,0,1.000,900,1351,0.670,0.980,1.040,0,0,0,0,0,18,316,0,70,0
04-05 23:50:51,3.000,0.750,95.014,0.250,0,5503568,344548,179580,1994140,2838.429,1458.221,0,220.033,0,31.005,1426,2036,0.670,0.980,1.040,0,0,0,0,0,18,316,0,70,0
04-05 23:50:52,1.499,1.000,96.456,0,0,5503564,344548,179584,1994140,2821.726,1565.293,0,331.850,0,21.990,1075,1658,0.610,0.960,1.030,0,0,0,0,0,18,316,0,70,0
04-05 23:50:53,1.250,1.000,96.261,0.250,0,5503556,344548,179584,1994148,2852.336,1512.178,0,108.013,0,13.002,1133,1714,0.610,0.960,1.030,0,0,0,0,0,18,316,0,68,0
04-05 23:50:54,4.750,0.750,92.759,0.250,0,5503788,344308,179584,1994156,9508.909,3957.378,0,476.046,0,34.003,1426,1832,0.610,0.960,1.030,1,0,1.000,0,0,18,317,0,68,0
04-05 23:50:55,8.750,2.500,87.249,0.250,0,5507780,340288,179584,1994184,16495.737,8466.865,0,51.999,0,6.000,1941,2149,0.610,0.960,1.030,0,0,3.000,0,0,18,316,0,68,0
04-05 23:50:56,5.246,1.749,91.431,0.250,0,5500328,347736,179584,1994188,2656.003,1456.905,0,223.832,0,24.981,2088,2811,0.610,0.960,1.030,1,0,2.998,0,0,18,316,0,70,0
04-05 23:50:57,1.750,0.750,95.742,0.250,0,5500316,347736,179584,1994200,2748.784,1511.881,0,287.977,0,15.999,1057,1525,0.650,0.970,1.030,0,0,0,0,0,18,316,0,70,0
04-05 23:50:58,1.502,0.751,96.866,0,0,5500316,347736,179584,1994200,4102.900,1459.743,0,0,0,0,978,1370,0.650,0.970,1.030,0,0,0,0,0,18,316,0,66,0
04-05 23:50:59,1.499,0.750,95.939,0.250,0,5500316,347736,179584,1994200,2670.299,1511.037,0,111.929,0,15.990,1213,1789,0.650,0.970,1.030,0,0,0,0,0,18,316,0,66,0
04-05 23:51:00,2.242,0.996,95.396,0,0,5500308,347736,179584,1994208,2648.167,1452.607,0,1040.138,0,160.404,1364,1900,0.650,0.970,1.030,0,0,0,0,0,18,316,0,66,0
04-05 23:51:01,3.006,0.752,94.940,0.251,0,5500308,347736,179588,1994204,2543.085,1460.921,0,404.809,0,45.090,1519,2222,0.650,0.970,1.030,0,0,0,0,0,18,316,0,66,0
04-05 23:51:01,1.505,1.003,96.301,0,0,5500296,347736,179592,1994212,2817.820,1516.747,0,561.758,0,75.235,1177,1725,0.590,0.950,1.020,1,0,0,0,0,18,316,0,62,0
04-05 23:51:03,1.499,0.999,96.170,0,0,5500296,347736,179600,1994204,5653.318,1456.794,0,159.868,0,18.984,1256,1834,0.590,0.950,1.020,1,0,0,0,0,18,316,0,62,0
04-05 23:51:04,1.499,0.500,96.447,0.250,0,5500288,347736,179600,1994212,4289.649,1457.201,0,283.844,0,17.990,1107,1568,0.590,0.950,1.020,0,0,0,0,0,18,316,0,62,0
04-05 23:51:05,1.250,1.000,96.749,0,0,5500284,347736,179600,1994216,1339.980,539.992,0,55.999,0,5.000,933,1402,0.590,0.950,1.020,2,0,0,0,0,18,316,0,62,0
04-05 23:51:06,7.490,1.498,89.132,0.499,0,5515148,332868,179604,1994216,134219.958,2261.001,3.995,147.804,0.999,17.976,1726,2122,0.590,0.950,1.020,1,0,3.995,0,0,18,316,0,60,0
04-05 23:51:07,9.513,3.004,86.368,0.250,0,5523444,324556,179620,1994216,146911.159,5817.927,0,412.562,0,18.025,2016,1878,0.550,0.930,1.020,0,0,17.023,0,0,18,316,0,60,0
04-05 23:51:07,8.760,3.004,83.347,4.005,0,5524288,323516,179624,1994408,144640.668,6187.215,188.219,132.154,16.019,5.006,1994,1885,0.550,0.930,1.020,1,0,14.016,0,0,18,316,0,60,0
04-05 23:51:09,9.245,2.998,85.951,0.250,0,5512124,335628,179628,1994456,266798.410,7747.598,43.975,123.930,0.999,7.995,2041,1918,0.550,0.930,1.020,0,0,12.993,0,0,18,316,0,60,0
04-05 23:51:09,19.256,5.252,72.523,1.751,0,5519272,323028,179632,1999904,26068.108,1182.368,152.047,848.264,3.001,152.047,2474,1826,0.550,0.930,1.020,1,0,16.005,0,0,18,316,0,56,0
04-05 23:51:10,23.257,5.252,70.521,0.250,0,5520032,312192,179632,2009948,1446.437,486.147,0,288.087,0,33.010,2575,2201,0.550,0.930,1.020,1,0,8.002,0,0,18,316,0,56,0
