"pcp-dstat 6.2.0 CSV Output"
"Author:","PCP team <pcp@groups.io> and Dag Wieers <dag@wieers.com>",,,,"URL:","https://pcp.io/ and http://dag.wieers.com/home-made/dstat/"
"Host:","ubuntu",,,,"User:","ubuntu"
"Cmdline:","dstat -tcmndrylpg --tcp --output /tmp/devstack_logs/dstat-csv.log",,,,"Date:","14 May 2026 09:31:52 UTC"
"system","total usage",,,,,"memory usage",,,,"net/total",,"dsk/total",,"io/total",,"system",,"load avg",,,"procs",,,"paging",,"tcp sockets",,,,
"time","total usage:usr","total usage:sys","total usage:idl","total usage:wai","total usage:stl","used","free","buf","cach","net/total:recv","net/total:send","dsk/total:read","dsk/total:writ","read","writ","int","csw","1m","5m","15m","run","blk","new","in","out","lis","act","syn","tim","clo"
14-05 09:31:52,,925528,1785984,161068,4956228,,,,,,,1.340,0.990,0.620,1,0,,,,10,3,0,17,0
14-05 09:31:53,16.998,20.748,59.994,1.000,0,948068,1762588,161320,4956648,242689.626,20945.983,0,2503.759,0,93.991,6102,4878,1.310,0.990,0.630,1,0,389.962,0,0,10,4,0,17,0
14-05 09:31:54,12.002,21.003,66.008,0.250,0.250,950640,1757448,161400,4959080,1767037.403,44012.515,0,896.112,0,32.004,7833,5681,1.310,0.990,0.630,2,0,307.038,0,0,10,4,0,17,0
14-05 09:31:55,17.720,15.973,63.144,0,0,953608,1750072,161400,4963352,2459155.838,79722.009,0,15.973,0,3.993,9049,6948,1.310,0.990,0.630,1,0,206.653,0,0,10,4,0,17,0
14-05 09:31:56,29.716,16.231,51.940,0.250,0.250,971988,1727432,161400,4967904,2465559.754,75918.975,11.986,4962.312,1.998,289.668,9325,7536,1.310,0.990,0.630,2,0,185.787,0,0,10,4,0,13,0
14-05 09:31:57,13.999,7.000,75.995,0.250,0,1104568,1588620,161444,5098172,2065754.590,60157.028,19.999,9263.388,1.000,137.991,6757,6109,1.310,0.990,0.630,1,0,21.999,0,0,11,4,1,13,0
14-05 09:31:58,36.263,9.003,53.018,1.000,0.250,1103348,1575368,161504,5111236,2939.019,1478.512,16.006,1628.565,1.000,45.016,3603,2357,1.290,0.990,0.630,2,0,86.030,0,0,11,6,1,13,0
14-05 09:31:59,30.972,16.984,47.706,2.747,0.250,1085256,1601524,161508,5103192,3255.028,1878.285,51.953,231.788,12.988,8.992,4802,3063,1.290,0.990,0.630,1,1,250.771,0,0,11,4,1,13,0
14-05 09:32:00,53.183,15.052,29.853,1.505,0,1153556,1523048,161844,5111928,2670.185,1525.247,232.801,1505.178,12.041,21.072,5039,18012,1.290,0.990,0.630,3,0,169.583,0,0,11,4,1,16,0
14-05 09:32:01,63.620,6.487,24.700,4.990,0,1215360,1448128,162316,5122708,2578.744,1474.994,1564.811,2119.680,112.770,17.963,3652,1766,1.290,0.990,0.630,3,0,0.998,0,0,11,4,1,13,0
14-05 09:32:02,62.661,6.015,30.579,1.003,0,1243364,1415872,162560,5125984,9159.544,4619.875,244.629,1953.020,7.018,16.041,3560,1563,1.290,0.990,0.630,1,0,32.082,0,0,11,5,2,13,0
14-05 09:32:03,33.384,2.491,60.540,1.495,0,1238008,1420436,162748,5126472,236905.894,11547.027,15.945,3627.443,0.997,371.713,3855,4227,1.340,1.010,0.640,1,1,6.976,0,0,11,7,1,13,0
14-05 09:32:04,16.029,5.510,64.367,11.020,0,1231692,1416668,164104,5134884,3621.593,2588.713,0,37440.158,0,3355.108,14657,27658,1.340,1.010,0.640,1,0,48.088,0,0,11,8,1,13,0
14-05 09:32:05,29.965,7.991,55.186,4.994,0,1134212,1512636,164640,5135768,17512.713,4038.322,0,33305.419,0,2245.399,10055,16644,1.340,1.010,0.640,2,0,101.882,0,0,11,7,1,13,0
14-05 09:32:06,32.991,4.249,60.983,0.500,0.250,1193664,1452912,164708,5135896,23970.466,9897.302,0,1727.529,0,66.982,2530,1731,1.340,1.010,0.640,1,0,0,0,0,11,7,2,13,0
14-05 09:32:07,30.470,4.246,63.938,0.500,0,1228420,1417660,164844,5136148,27978.766,11122.174,0,16160.270,0,140.863,2600,1879,1.340,1.010,0.640,2,0,0.999,0,0,11,8,1,13,0
14-05 09:32:08,41.266,3.501,53.771,1.000,0,1216236,1429252,165036,5136436,14426.716,9925.933,0,7290.889,0,380.151,3309,2853,1.320,1.010,0.640,2,0,10.004,0,0,11,8,1,13,0
14-05 09:32:09,35.471,4.496,58.452,0.749,0,1221480,1423456,165224,5136684,41375.146,13441.002,0,1666.636,0,65.946,2637,1641,1.320,1.010,0.640,2,0,0,0,0,11,7,1,13,1
14-05 09:32:10,40.805,3.755,54.825,0.250,0,1237040,1407328,165336,5137044,15843.531,10624.438,0,1009.372,0,33.045,2680,1495,1.320,1.010,0.640,1,0,0,0,0,11,6,1,13,2
14-05 09:32:11,42.572,3.005,52.339,0.751,0,1142364,1481612,165576,5156236,176205.194,11508.541,0,1738.953,0,53.090,3105,1715,1.320,1.010,0.640,1,1,4.007,0,0,11,6,1,13,2
14-05 09:32:12,30.775,22.518,45.788,0.250,0.250,1169784,1441632,166368,5165860,2395.967,1134.932,0,1132.930,0,82.067,5990,4481,1.320,1.010,0.640,2,0,375.308,0,0,11,6,1,13,2
14-05 09:32:13,33.214,22.226,43.204,0.250,0.250,1166584,1428632,166724,5180384,2271.556,1132.781,0,1486.401,0,37.959,6428,5610,1.450,1.040,0.650,2,0,338.636,0,0,11,6,1,13,2
14-05 09:32:14,43.175,11.730,42.676,1.248,0.250,1183620,1393576,167036,5196384,1910.669,1132.026,0,1225.863,0,35.937,4740,4519,1.450,1.040,0.650,1,1,94.835,0,0,11,6,1,13,2
14-05 09:32:15,56.129,12.028,25.308,6.264,0,1261728,1296440,167708,5213408,2236.143,1136.614,7721.760,3034.980,78.180,139.320,4351,3265,1.450,1.040,0.650,3,0,123.284,0,0,11,7,1,13,2
14-05 09:32:16,65.866,7.984,23.951,1.247,0,1340160,1193020,168508,5235560,2089.753,1205.550,19.959,1660.625,3.992,57.882,3666,1731,1.450,1.040,0.650,3,0,0,0,0,11,7,1,13,2
14-05 09:32:17,71.262,4.001,24.004,0.500,0,1365428,1155344,169196,5245472,2154.367,1134.193,492.084,3412.581,4.001,211.036,3887,1791,1.450,1.040,0.650,4,0,1.000,0,0,11,7,1,11,2
14-05 09:32:18,63.233,11.497,24.243,0.500,0,1357676,1177236,169388,5230988,2477.324,1613.560,0,891.757,0,40.989,3754,1800,1.580,1.070,0.660,4,0,1.999,0,0,11,5,1,11,0
14-05 09:32:19,49.999,12.250,36.999,0,0,1394372,1138684,169504,5232700,7519.821,3321.921,0,1619.962,0,53.999,4864,5236,1.580,1.070,0.660,2,0,174.996,0,0,11,5,1,11,0
14-05 09:32:20,44.379,6.017,49.143,0,0,1425076,1101476,169660,5238268,2700.835,1353.927,0,3313.612,0,60.175,2910,1546,1.580,1.070,0.660,2,0,2.006,0,0,11,4,1,11,0
14-05 09:32:21,40.743,4.749,53.741,0,0,1477180,1049060,169660,5238428,9151.483,4140.314,0,827.863,0,26.996,2658,1460,1.580,1.070,0.660,1,0,16.997,0,0,11,5,1,11,0
14-05 09:32:22,46.516,5.752,46.266,0.500,0,1497880,1021516,169988,5243740,3570.236,1374.476,0,11908.124,0,203.070,7726,11310,1.580,1.070,0.660,3,0,6.002,0,0,11,6,1,11,0
14-05 09:32:23,45.010,6.751,45.760,1.250,0,1446352,1072336,170076,5244236,2016.432,1026.220,0,8425.806,0,625.134,8553,12714,1.690,1.100,0.680,2,0,10.002,0,0,11,4,1,13,0
14-05 09:32:24,43.333,9.961,43.831,0.996,0,1483956,1034536,170088,5244380,1966.400,1129.634,43.831,2255.283,2.988,291.872,9580,16197,1.690,1.100,0.680,2,0,53.792,0,0,11,4,1,13,0
14-05 09:32:25,42.751,6.250,49.252,1.000,0,1422408,1108352,170288,5233468,2748.090,1931.063,328.011,1100.036,10.000,12.000,2791,1349,1.690,1.100,0.680,1,0,8.000,0,0,11,5,1,13,0
14-05 09:32:26,41.549,5.256,52.061,0.501,0.250,1431076,1099604,170308,5233500,6196.244,4861.684,0,2322.716,0,151.177,3642,3047,1.690,1.100,0.680,2,0,26.030,0,0,11,17,1,13,0
14-05 09:32:27,27.215,4.245,59.424,7.990,0,1426624,1103792,170352,5233740,6867.262,5674.779,267.659,10023.246,65.916,586.254,3128,2205,1.690,1.100,0.680,1,0,52.933,0,0,11,29,1,13,0
14-05 09:32:28,20.765,5.754,72.801,0,0.250,1394720,1135688,170352,5233748,2797.961,1657.161,0,0,0,0,2193,1511,1.630,1.100,0.680,2,0,43.030,0,0,11,28,1,14,0
14-05 09:32:29,20.001,2.500,76.753,0,0,1409444,1120956,170352,5233748,4892.222,3849.175,0,164.007,0,5.000,1708,1184,1.630,1.100,0.680,2,0,6.000,0,0,11,29,1,14,0
14-05 09:32:30,19.055,5.014,74.965,0,0,1392376,1138008,170352,5233768,9444.077,6242.899,0,978.806,0,3.009,2460,1885,1.630,1.100,0.680,2,0,47.135,0,0,11,28,1,15,0
14-05 09:32:31,37.733,11.495,49.478,0,0,1476024,1054352,170352,5233776,2836.727,1457.346,0,11.995,0,2.999,3292,2060,1.630,1.100,0.680,3,0,108.951,0,0,11,28,1,15,0
14-05 09:32:32,36.181,5.240,57.142,0.250,0,1521288,1009076,170352,5233784,10691.739,9208.550,0,33400.706,0,159.697,3270,2524,1.630,1.100,0.680,2,0,0,0,0,11,30,1,15,0
14-05 09:32:33,38.082,4.009,57.123,0.251,0,1522048,1008092,170360,5234188,13749.599,11825.457,0,1122.416,0,44.095,5655,7555,1.660,1.120,0.690,2,0,0,0,0,11,29,1,16,0
14-05 09:32:34,52.012,25.506,21.505,0.250,0,1430068,1100032,170372,5234212,3129.708,1923.435,0,3604.816,0,191.043,5425,4875,1.660,1.120,0.690,7,0,467.106,0,0,11,28,1,16,0
14-05 09:32:35,84.272,15.504,0,0,0.250,1592100,937980,170372,5234232,4744.219,1566.402,0,296.076,0,15.004,5054,3104,1.660,1.120,0.690,7,0,111.029,0,0,11,28,1,16,0
14-05 09:32:36,90.096,9.983,0.749,0,0,1740988,789064,170384,5234248,14586.027,13717.514,0,1401.600,0,67.884,5387,3301,1.660,1.120,0.690,6,0,0,0,0,11,32,1,16,0
14-05 09:32:37,76.337,7.734,14.220,0.249,0,1782152,747820,170384,5234304,25124.508,22751.560,0,634.649,0,27.941,7915,8739,1.660,1.120,0.690,7,0,0.998,0,0,11,32,1,18,0
14-05 09:32:38,71.429,12.488,15.235,0,0,1674020,855720,170396,5234524,14764.374,13373.752,0,2209.811,0,134.866,7635,9058,1.930,1.180,0.710,2,0,199.802,0,0,11,28,1,21,1
14-05 09:32:39,23.023,9.259,67.067,0,0,1494068,1035660,170404,5234528,2492.503,1525.532,0,248.249,0,16.016,3095,2420,1.930,1.180,0.710,1,0,110.111,0,0,11,28,1,22,0
14-05 09:32:40,18.980,2.248,77.668,0,0,1487164,1042560,170404,5234532,4995.695,3810.953,0,147.843,0,9.989,1511,1075,1.930,1.180,0.710,1,0,0,0,0,11,29,1,22,0
14-05 09:32:41,19.023,2.002,77.845,0,0,1473852,1055840,170424,5234544,7118.646,6061.362,0,1097.333,0,55.067,2827,3266,1.930,1.180,0.710,1,0,0,0,0,11,28,1,20,0
14-05 09:32:42,19.253,7.751,72.510,0,0.250,1444024,1085660,170424,5234552,2724.363,1524.203,0,0,0,0,2534,1838,1.930,1.180,0.710,1,0,68.009,0,0,11,28,1,20,0
14-05 09:32:43,17.752,2.750,77.759,0,0,1466172,1063508,170424,5234556,6748.762,5309.599,0,12969.463,0,65.007,1990,1704,1.860,1.180,0.710,1,0,0,0,0,11,29,1,20,0
14-05 09:32:44,19.310,2.508,76.987,0.752,0,1435020,1094644,170424,5234572,5935.302,4599.182,0,734.264,0,32.099,2692,2905,1.860,1.180,0.710,1,0,8.025,0,0,11,28,1,21,0
14-05 09:32:45,7.501,23.254,68.011,0,0.500,1417168,1112484,170424,5234584,4415.732,1458.242,0,180.030,0,9.001,5796,4191,1.860,1.180,0.710,2,0,462.077,0,0,11,28,1,21,0
14-05 09:32:46,51.505,29.753,18.752,0,0,1457256,1072360,170428,5234616,2658.256,1458.140,0,244.023,0,22.002,5722,4487,1.860,1.180,0.710,6,0,568.055,0,0,11,28,1,21,0
14-05 09:32:47,88.504,10.751,0,0,0,1632340,897256,170432,5234632,2538.123,1458.071,0,648.031,0,40.002,4908,2384,1.860,1.180,0.710,5,0,1.000,0,0,11,28,1,21,0
14-05 09:32:48,80.736,9.718,9.469,0,0,1706092,823488,170432,5234648,22657.799,21287.287,0,72119.817,0,289.053,5840,5032,2.030,1.230,0.730,5,0,0,0,0,11,33,1,21,0
14-05 09:32:49,75.287,7.003,15.257,0,0,1712508,816824,170448,5234864,31670.363,28957.047,0,408.198,0,51.025,8895,13246,2.030,1.230,0.730,6,0,30.015,0,0,11,29,1,22,0
14-05 09:32:50,76.967,22.313,1.003,0,0,1529752,999468,170452,5234980,4779.463,3444.703,0,357.006,0,25.071,5943,5274,2.030,1.230,0.730,6,0,280.791,0,0,11,28,1,18,0
14-05 09:32:51,89.248,10.750,0,0,0,1674584,854636,170452,5234980,4350.897,3748.911,0,251.994,0,16.000,4828,2474,2.030,1.230,0.730,5,0,0,0,0,11,29,1,18,0
14-05 09:32:52,87.666,8.717,3.487,0,0,1791272,737776,170460,5235136,21537.854,19234.639,0,968.307,0,47.818,5890,4927,2.030,1.230,0.730,7,0,0,0,0,11,33,2,18,0
14-05 09:32:53,85.792,8.529,5.519,0,0,1786656,742180,170464,5235340,33424.613,31376.652,0,461.569,0,18.061,7896,11368,2.190,1.270,0.750,7,0,38.130,0,0,11,32,1,20,0
14-05 09:32:54,72.077,16.959,9.976,0,0,1508660,1019972,170468,5235540,16970.284,14425.390,0,2055.069,0,119.713,6569,7994,2.190,1.270,0.750,2,0,259.378,0,0,11,28,1,22,0
14-05 09:32:55,41.797,4.255,53.060,0,0.250,1559024,969596,170468,5235552,5246.906,3819.299,0,156.176,0,8.009,2679,1456,2.190,1.270,0.750,2,0,0,0,0,11,29,1,22,0
14-05 09:32:56,36.695,3.495,59.161,0.250,0,1556948,971640,170476,5235576,12851.590,11770.223,0,223.662,0,20.968,3660,3965,2.190,1.270,0.750,1,0,0,0,0,11,29,1,23,0
14-05 09:32:57,54.130,23.697,21.203,0,0.249,1478080,1050452,170476,5235632,9295.400,7200.044,0,223.505,0,17.960,6117,5870,2.190,1.270,0.750,3,0,378.162,0,0,11,28,1,24,0
14-05 09:32:58,64.836,6.509,28.037,0.250,0,1561240,967288,170480,5235632,4222.595,3753.974,0,464.616,0,17.023,3586,1639,2.250,1.300,0.760,2,0,0,0,0,11,29,1,24,0
14-05 09:32:59,51.066,5.507,42.805,0,0.250,1571104,957244,170488,5235804,21272.501,19687.452,0,232.300,0,18.023,5512,6609,2.250,1.300,0.760,2,0,0,0,0,11,31,1,24,0
14-05 09:33:00,58.413,17.298,23.566,0.251,0,1430740,1097540,170492,5235912,12140.852,9584.725,0,489.364,0,50.140,7116,16563,2.250,1.300,0.760,4,0,296.828,0,0,11,28,1,26,0
14-05 09:33:01,88.248,11.750,0,0,0,1545116,983156,170496,5235840,2900.925,1531.960,0,211.994,0,9.000,4737,1787,2.250,1.300,0.760,4,0,0,0,0,11,28,1,26,0
14-05 09:33:02,71.377,6.988,21.213,0,0,1605044,923204,170496,5235864,17562.674,16238.960,0,191.669,0,10.981,4899,3357,2.250,1.300,0.760,4,0,0,0,0,11,32,1,23,0
14-05 09:33:03,65.893,4.742,27.206,0,0,1606860,921188,170516,5236044,24714.729,22480.370,0,906.523,0,63.896,8212,10930,2.230,1.310,0.770,7,0,0,0,0,11,30,1,25,0
14-05 09:33:04,65.966,20.567,13.043,0.251,0.251,1511120,1016928,170524,5236100,7305.870,6115.983,0,2632.601,0,84.275,5453,4711,2.230,1.310,0.770,3,0,325.062,0,0,11,28,1,26,0
14-05 09:33:05,67.640,6.963,24.868,0,0,1571880,956168,170524,5236100,2940.366,1691.009,0,198.942,0,9.947,3564,1281,2.230,1.310,0.770,2,0,0,0,0,11,28,2,26,0
14-05 09:33:06,48.599,5.010,46.094,0,0,1576308,951700,170528,5236136,20329.283,20009.634,0,729.481,0,46.094,5014,5539,2.230,1.310,0.770,1,0,0,0,0,11,31,1,26,0
14-05 09:33:07,53.423,17.055,28.342,0.502,0,1416560,1111244,170548,5236320,14563.228,11704.959,0,389.262,0,47.153,6878,8042,2.230,1.310,0.770,3,0,300.976,0,0,11,28,1,28,0
14-05 09:33:08,66.151,9.236,23.964,0.250,0,1524824,1002972,170548,5236328,2474.305,1529.716,0,183.726,0,6.990,3717,1512,2.290,1.340,0.780,3,0,0,0,0,11,28,1,28,0
14-05 09:33:09,54.588,6.010,38.562,0,0,1571576,956208,170548,5236340,14471.397,13230.390,0,2043.304,0,115.186,4023,2614,2.290,1.340,0.780,3,0,0,0,0,11,31,1,28,0
14-05 09:33:10,51.245,8.499,38.746,0,0.250,1485324,1042256,170560,5236532,19848.026,17587.251,0,723.928,0,52.995,7425,9161,2.290,1.340,0.780,5,0,114.989,0,0,11,28,1,31,0
14-05 09:33:11,65.006,17.252,17.752,0,0,1508592,1018972,170560,5236548,2598.235,1458.132,0,160.014,0,9.001,4154,2258,2.290,1.340,0.780,3,0,172.016,0,0,11,28,1,31,0
14-05 09:33:12,54.884,5.738,38.419,0,0,1555892,971596,170560,5236624,14726.827,13115.238,0,111.763,0,5.987,3943,2690,2.290,1.340,0.780,3,0,0,0,0,11,31,1,31,0
14-05 09:33:13,55.486,4.479,38.317,0,0,1557292,969860,170580,5236940,17152.260,15283.168,0,609.097,0,53.744,6826,8189,2.350,1.370,0.790,3,0,0,0,0,11,28,1,33,0
14-05 09:33:14,62.682,13.845,23.915,0,0.252,1472756,1054380,170584,5236952,4186.848,1468.116,0,161.110,0,10.069,4346,2335,2.350,1.370,0.790,3,0,112.777,0,0,11,28,1,33,0
14-05 09:33:15,56.681,5.993,36.206,0,0,1555816,971312,170584,5236960,8416.787,8068.210,0,119.855,0,8.989,3588,1662,2.350,1.370,0.790,1,0,0,0,0,11,31,1,33,0
14-05 09:33:16,52.688,5.743,40.452,0,0,1556060,971016,170592,5237004,22881.924,19926.422,0,519.385,0,37.955,6479,8143,2.350,1.370,0.790,4,0,0,0,0,11,29,1,35,0
14-05 09:33:17,61.899,24.810,12.280,0,0,1505104,1021924,170596,5237048,3563.602,2001.832,0,256.619,0,33.080,5511,4681,2.350,1.370,0.790,5,0,445.074,0,0,11,28,1,35,0
14-05 09:33:18,79.497,20.249,0,0,0,1566792,960204,170596,5237080,2717.908,1457.950,0,167.994,0,12.000,5136,4039,2.640,1.450,0.820,7,0,305.990,0,0,11,28,1,35,0
14-05 09:33:19,84.140,15.979,0.250,0,0,1699032,827924,170608,5237108,6669.287,5537.765,0,543.290,0,32.957,5300,4214,2.640,1.450,0.820,7,0,274.641,0,0,11,29,1,35,0
14-05 09:33:20,81.849,16.770,1.001,0,0,1776592,750316,170608,5237152,23588.558,21490.017,0,160.194,0,13.016,6235,5584,2.640,1.450,0.820,4,0,269.326,0,0,11,31,2,35,0
14-05 09:33:21,76.972,18.493,4.748,0,0,1686744,839912,170612,5237400,31491.745,28344.870,0,271.903,0,25.991,7413,9004,2.640,1.450,0.820,6,0,277.901,0,0,11,30,1,36,0
14-05 09:33:22,80.784,18.008,1.251,0,0,1648536,877840,170624,5237644,15870.751,14166.025,0,400.170,0,31.013,6358,6196,2.640,1.450,0.820,5,0,253.108,0,0,11,28,1,36,0
14-05 09:33:23,88.353,11.730,0,0,0,1650872,875500,170632,5237640,4975.723,3808.664,0,990.353,0,13.977,4981,2520,2.830,1.500,0.840,5,0,29.950,0,0,11,29,1,36,0
14-05 09:33:24,81.212,8.746,8.496,0.250,0,1692876,833428,170660,5237680,25061.399,23941.918,0,2426.877,0,133.938,6236,6300,2.830,1.500,0.840,4,0,0,0,0,11,33,1,36,0
14-05 09:33:25,75.218,11.495,12.245,0,0,1644956,881128,170660,5237900,31839.342,27152.353,0,3.998,0,1.000,7629,11193,2.830,1.500,0.840,4,0,145.937,0,0,11,30,1,39,0
14-05 09:33:26,31.815,22.797,44.591,0,0.752,1427476,1098576,170660,5237932,9015.499,7476.340,0,128.263,0,8.016,6466,6328,2.830,1.500,0.840,1,0,512.051,0,0,11,28,1,41,0
14-05 09:33:27,30.987,33.986,33.486,0,0,1407304,1118712,170664,5237964,2486.953,1457.386,0,107.955,0,16.993,6021,5077,2.830,1.500,0.840,6,0,703.704,0,0,11,28,1,39,0
14-05 09:33:28,79.075,19.769,1.251,0,0,1515960,1010008,170664,5237996,3295.117,2215.095,0,4.004,0,1.001,5009,2960,3.010,1.560,0.860,8,0,242.229,0,0,11,29,1,39,0
14-05 09:33:29,74.249,8.000,17.250,0,0,1606344,919592,170668,5238012,16104.785,15626.791,0,267.996,0,20.000,4983,4065,3.010,1.560,0.860,4,0,8.000,0,0,11,35,1,39,0
14-05 09:33:30,64.867,10.229,23.452,0,0,1529860,995860,170688,5238208,19519.873,17869.266,0,2957.919,0,185.618,7082,8547,3.010,1.560,0.860,4,0,86.822,0,0,11,33,1,42,0
14-05 09:33:31,77.661,17.536,5.511,0,0,1568148,957540,170696,5238232,5096.589,3196.641,0,244.508,0,20.042,5381,3544,3.010,1.560,0.860,4,0,181.377,0,0,11,32,1,41,0
14-05 09:33:32,76.742,7.973,14.451,0,0,1616340,909332,170696,5238248,12110.301,12023.592,0,147.504,0,5.980,4436,2287,3.010,1.560,0.860,2,0,0,0,0,11,35,1,41,0
14-05 09:33:33,65.396,6.765,26.559,0,0,1616264,909332,170704,5238316,27704.839,25115.058,0,717.602,0,49.110,7735,10581,2.920,1.570,0.870,2,0,0,0,0,11,36,1,41,0
14-05 09:33:34,49.468,5.496,43.722,0.500,0,1616024,909332,170712,5238548,30334.255,27199.295,0,267.826,0,46.969,10218,14836,2.920,1.570,0.870,3,0,0,0,0,11,35,1,41,0
14-05 09:33:35,74.504,11.001,13.751,0,0.250,1469716,1055436,170736,5238728,18069.081,15675.938,0,392.023,0,44.003,7647,9547,2.920,1.570,0.870,5,0,90.005,0,0,11,32,1,40,0
14-05 09:33:36,85.637,10.954,2.987,0,0,1545468,979668,170736,5238744,4133.493,3415.534,0,107.545,0,5.975,4727,1889,2.920,1.570,0.870,3,0,29.873,0,0,11,33,1,40,0
14-05 09:33:37,70.679,7.268,21.805,0,0,1613980,911124,170736,5238776,20155.123,17984.618,0,0,0,0,4715,4304,2.920,1.570,0.870,2,0,1.003,0,0,11,36,1,40,0
14-05 09:33:38,56.853,6.011,36.316,0,0,1613760,911124,170736,5238996,35776.803,28469.567,0,0,0,0,9746,13403,2.930,1.590,0.880,3,0,0,0,0,11,36,1,40,0
14-05 09:33:39,58.066,8.259,31.536,0,0,1591408,933300,170736,5239220,31385.872,27933.927,0,12.014,0,2.002,9374,13334,2.930,1.590,0.880,5,0,72.082,0,0,11,34,1,36,0
14-05 09:33:40,77.902,17.478,4.494,0,0.250,1481496,1043188,170740,5239240,8470.341,6751.504,0,107.864,0,9.987,5443,5106,2.930,1.590,0.880,4,0,188.762,0,0,11,32,1,38,0
14-05 09:33:41,83.891,9.266,6.010,0,0,1591592,933084,170740,5239248,6579.025,5384.022,0,104.175,0,8.013,4679,2074,2.930,1.590,0.880,4,0,0,0,0,11,33,1,38,0
14-05 09:33:42,64.200,6.995,27.728,0,0,1624016,900600,170744,5239304,27379.511,25665.856,0,107.915,0,7.994,6340,7837,2.930,1.590,0.880,3,0,0,0,0,11,36,1,38,0
14-05 09:33:43,64.768,9.753,24.257,0.250,0,1574132,950268,170748,5239516,24583.690,21834.942,0,208.057,0,20.005,8534,11812,2.940,1.620,0.890,4,0,68.019,0,0,11,33,1,39,0
14-05 09:33:44,82.769,12.253,3.751,0,0,1534204,990176,170756,5239528,6839.556,5411.231,0,220.050,0,21.005,5437,4074,2.940,1.620,0.890,4,0,60.014,0,0,11,32,1,39,0
14-05 09:33:45,75.471,7.247,17.493,0,0.250,1588044,936320,170756,5239544,14609.424,12182.350,0,127.951,0,7.997,4424,2684,2.940,1.620,0.890,3,0,0,0,0,11,35,1,39,0
14-05 09:33:46,69.514,13.253,17.003,0,0,1585148,939048,170764,5239704,16908.449,14703.000,0,372.076,0,39.008,6202,6752,2.940,1.620,0.890,5,0,119.024,0,0,11,34,1,41,0
14-05 09:33:47,73.658,9.488,15.980,0,0,1636288,887816,170768,5239792,21867.781,19989.120,0,151.811,0,7.990,5835,9162,2.940,1.620,0.890,3,0,1.998,0,0,11,34,1,40,0
14-05 09:33:48,71.252,11.250,17.251,0,0.500,1551168,972772,170768,5239956,19966.662,17881.593,0,116.004,0,8.000,5767,5519,3.020,1.660,0.910,5,0,113.004,0,0,11,34,1,42,0
14-05 09:33:49,78.280,11.254,10.254,0,0,1572964,950944,170768,5239988,16831.532,13410.204,0,120.047,0,8.003,5941,6316,3.020,1.660,0.910,6,0,61.024,0,0,11,33,1,43,0
14-05 09:33:50,74.054,10.508,14.511,0,0,1606744,917128,170772,5240020,15417.240,12321.983,0,152.111,0,9.007,4861,3798,3.020,1.660,0.910,6,0,53.039,0,0,11,34,1,44,0
14-05 09:33:51,79.294,10.256,10.756,0,0,1615964,907884,170772,5240044,12962.265,11390.384,0,120.067,0,8.004,5171,4431,3.020,1.660,0.910,5,0,34.019,0,0,11,33,1,45,0
14-05 09:33:52,74.199,10.493,13.990,0,0,1603168,920512,170772,5240212,14216.308,13041.109,0,0,0,0,5386,5031,3.020,1.660,0.910,3,0,33.977,0,0,11,34,1,45,0
14-05 09:33:53,66.041,10.965,21.681,0,0,1539524,984084,170796,5240260,16926.345,15215.768,0,410.698,0,42.864,5933,6174,3.100,1.700,0.930,3,0,97.690,0,0,11,34,1,47,0
14-05 09:33:54,61.233,11.042,27.605,0.251,0,1572076,951512,170800,5240276,8093.825,6398.368,0,1525.811,0,38.145,4548,4037,3.100,1.700,0.930,3,0,100.382,0,0,11,32,1,49,0
14-05 09:33:55,60.564,9.471,29.410,0,0,1565436,958136,170804,5240288,7755.184,6318.595,0,3712.599,0,176.458,3983,2244,3.100,1.700,0.930,2,0,59.816,0,0,11,34,1,44,0
14-05 09:33:56,52.294,4.504,43.036,0,0.250,1589616,933760,170804,5240484,19176.249,17811.092,0,180.153,0,14.012,5324,5825,3.100,1.700,0.930,2,0,0,0,0,11,34,1,45,0
14-05 09:33:57,54.552,13.012,31.280,0,0,1556700,966636,170804,5240524,12648.067,10976.472,0,168.160,0,11.011,6188,6753,3.100,1.700,0.930,2,0,141.135,0,0,11,33,1,46,0
14-05 09:33:58,61.113,8.980,29.184,0,0,1561964,961232,170808,5240660,6262.936,4790.243,0,119.731,0,6.984,4298,2536,3.090,1.720,0.940,4,0,42.904,0,0,11,33,1,47,0
14-05 09:33:59,58.880,6.264,34.326,0,0,1598336,924776,170832,5240720,13126.004,11812.101,0,184.407,0,14.031,4740,4496,3.090,1.720,0.940,3,0,0,0,0,11,34,1,45,0
14-05 09:34:00,42.532,7.506,48.286,0.250,0.250,1560872,962188,170844,5240760,18093.496,16037.963,0,496.370,0,25.019,5811,6459,3.090,1.720,0.940,3,0,100.075,0,0,11,33,1,47,0
14-05 09:34:01,42.732,10.496,45.231,0,0,1424048,1098980,170852,5240784,7995.638,6594.228,0,239.899,0,22.990,5111,16851,3.090,1.720,0.940,3,0,98.958,0,0,11,32,1,49,0
14-05 09:34:02,41.211,8.742,48.953,0,0.500,1499400,1023624,170852,5240788,2964.183,2218.891,0,119.886,0,8.991,3162,1763,3.090,1.720,0.940,1,0,57.945,0,0,11,33,1,49,0
14-05 09:34:03,35.958,4.495,59.181,0,0,1526624,996368,170860,5240812,12650.275,10942.263,0,251.707,0,20.976,3695,3618,2.920,1.710,0.940,2,0,0,0,0,11,34,1,45,0
14-05 09:34:04,38.970,6.245,52.959,0,0,1499700,1023236,170864,5240864,9415.769,7940.902,0,207.840,0,14.988,4358,4826,2.920,1.710,0.940,2,0,33.974,0,0,11,33,1,46,0
14-05 09:34:05,41.015,10.504,48.268,0.250,0,1475196,1047720,170868,5240880,3648.344,2346.864,0,316.116,0,44.016,3507,2038,2.920,1.710,0.940,2,0,104.038,0,0,11,32,1,47,0
14-05 09:34:06,37.990,3.999,56.985,0,0,1478128,1044772,170876,5240888,8375.786,7093.125,0,191.949,0,9.997,2757,2180,2.920,1.710,0.940,1,0,0,0,0,11,33,1,47,0
14-05 09:34:07,37.747,7.499,53.996,0,0,1463116,1059688,170892,5240968,9726.251,8335.358,0,243.981,0,19.998,3819,3614,2.920,1.710,0.940,2,0,60.995,0,0,11,33,1,48,0
14-05 09:34:08,40.756,4.501,53.258,0,0,1452800,1069988,170896,5240980,7627.094,6275.901,0,220.032,0,20.003,3692,3277,2.770,1.690,0.940,1,0,5.001,0,0,11,33,1,46,0
14-05 09:34:09,38.686,5.241,54.910,0.250,0,1463796,1058848,170896,5241124,10314.031,9191.877,0,115.809,0,7.987,3346,2994,2.770,1.690,0.940,2,0,0,0,0,11,33,1,46,0
14-05 09:34:10,37.525,6.754,55.286,0,0.250,1456080,1066416,170896,5241272,11696.674,9999.561,0,116.076,0,8.005,3977,3775,2.770,1.690,0.940,2,0,43.028,0,0,11,33,1,47,0
14-05 09:34:11,41.048,3.504,53.813,0,0.250,1499880,1022584,170904,5241296,8747.186,7137.311,0,248.289,0,24.028,4114,4047,2.770,1.690,0.940,2,0,0,0,0,11,32,1,48,0
14-05 09:34:12,39.754,6.001,53.505,0.250,0,1474524,1047936,170904,5241300,7728.755,6343.620,0,148.014,0,10.001,2826,1837,2.770,1.690,0.940,2,0,5.000,0,0,11,33,1,45,0
14-05 09:34:13,34.720,3.997,60.449,0,0,1488116,1034308,170912,5241328,15349.924,13460.534,0,251.786,0,22.980,3867,4902,2.710,1.700,0.950,2,0,0,0,0,11,33,1,46,0
14-05 09:34:14,24.774,14.013,59.307,0.250,0,1461144,1061180,170916,5241424,8623.239,7133.816,0,252.241,0,18.017,5136,5410,2.710,1.700,0.950,1,0,277.265,0,0,11,32,1,47,0
14-05 09:34:15,21.720,3.745,73.398,0,0,1403424,1118900,170916,5241424,2791.112,1455.972,0,171.761,0,11.983,1959,1545,2.710,1.700,0.950,2,0,4.993,0,0,11,32,1,47,0
14-05 09:34:16,19.009,3.001,78.035,0,0,1428964,1093356,170916,5241428,8009.621,6503.940,0,2365.069,0,150.068,1957,1586,2.710,1.700,0.950,1,0,0,0,0,11,33,1,45,0
14-05 09:34:17,17.497,2.999,77.986,0.250,0.250,1425784,1096512,170920,5241448,7615.638,6291.875,0,567.898,0,35.994,3065,3670,2.710,1.700,0.950,1,0,1.000,0,0,11,33,1,45,0
14-05 09:34:18,13.988,13.488,69.938,0,0.500,1404412,1117852,170928,5241472,3466.942,2317.955,0,255.774,0,26.976,4586,3605,2.570,1.690,0.950,1,0,283.750,0,0,11,32,1,46,0
14-05 09:34:19,22.044,4.258,73.647,0,0,1436288,1085976,170928,5241472,2302.581,1460.906,0,0,0,0,1607,1151,2.570,1.690,0.950,1,0,0,0,0,11,32,1,46,0
14-05 09:34:20,18.749,2.250,77.497,0.250,0,1443236,1079016,170932,5241480,9456.637,6500.750,0,259.990,0,14.999,1968,1742,2.570,1.690,0.950,1,0,0,0,0,11,33,1,44,0
14-05 09:34:21,19.252,4.250,75.008,0,0.250,1394148,1127956,170932,5241628,8760.988,7152.807,0,180.020,0,20.002,3791,4159,2.570,1.690,0.950,1,0,46.005,0,0,11,32,1,45,0
14-05 09:34:22,22.241,3.998,72.969,0,0,1412812,1109252,170936,5241664,4270.211,1457.389,0,139.941,0,7.997,1732,1283,2.570,1.690,0.950,1,0,0,0,0,11,32,1,45,0
14-05 09:34:23,18.750,2.500,78.252,0,0,1424048,1098012,170936,5241668,8140.204,6555.164,0,0,0,0,1884,1532,2.450,1.680,0.950,1,0,0,0,0,11,33,1,45,0
14-05 09:34:24,18.003,2.500,77.514,0.500,0,1417952,1104076,170940,5241696,11897.100,10144.791,0,756.133,0,16.003,4510,5722,2.450,1.680,0.950,1,0,0,0,0,11,33,1,44,0
14-05 09:34:25,14.019,16.022,68.843,0,0,1383360,1138484,170944,5241880,3456.650,2033.736,0,148.199,0,14.019,4907,3916,2.450,1.680,0.950,2,0,308.415,0,0,11,32,1,44,0
14-05 09:34:26,24.052,19.292,56.122,0,0.251,1409632,1112200,170948,5241892,2469.381,1407.066,0,260.568,0,18.039,5121,3945,2.450,1.680,0.950,2,0,318.695,0,0,11,32,1,46,0
14-05 09:34:27,44.593,4.983,48.580,0.997,0.249,1505004,1016468,170956,5242244,2409.544,1452.901,35.874,597.902,0.997,25.909,2944,1847,2.450,1.680,0.950,2,0,0.997,0,0,11,32,1,46,0
14-05 09:34:28,39.386,7.024,46.160,6.272,0.251,1548000,968836,171368,5246156,2486.611,1463.067,437.515,11600.171,17.059,1101.816,6699,10634,2.410,1.680,0.950,4,0,62.215,0,0,11,36,1,41,0
14-05 09:34:29,39.159,8.480,38.909,10.974,0,1500696,1011040,172040,5250248,2426.337,1508.479,0,46663.087,0,3924.839,14545,29029,2.410,1.680,0.950,4,0,93.781,0,0,11,36,1,41,0
14-05 09:34:30,42.087,7.516,42.839,5.762,0,1453652,1057256,172600,5250464,2684.575,1555.230,0,32022.498,0,2524.242,11324,19723,2.410,1.680,0.950,3,0,26.054,0,0,11,32,1,41,0
14-05 09:34:31,44.565,5.975,48.051,0.498,0,1546080,964800,172628,5250464,2408.030,1451.988,0,3780.348,0,177.266,3113,2090,2.410,1.680,0.950,3,0,1.992,0,0,11,32,1,41,0
14-05 09:34:32,44.393,5.267,47.403,1.756,0,1539416,971292,172720,5250544,2786.988,1462.717,0,4482.455,0,647.087,5495,6948,2.410,1.680,0.950,4,1,2.006,0,0,11,34,1,37,0
14-05 09:34:33,38.917,7.734,43.158,8.482,0,1538324,971544,173096,5250988,2712.231,1528.749,0,19183.200,0,2540.596,13059,24114,2.460,1.700,0.960,2,0,0,0,0,11,34,1,37,0
14-05 09:34:34,30.937,8.732,58.880,0.249,0,1482240,1027604,173116,5250988,2772.333,1455.026,0,2570.745,0,155.682,3467,2590,2.460,1.700,0.960,1,0,99.796,0,0,11,32,1,37,0
14-05 09:34:35,23.467,3.245,72.399,0.250,0,1434056,1075760,173124,5251008,4408.878,1455.978,0,766.935,0,49.931,1899,1524,2.460,1.700,0.960,3,0,0.999,0,0,11,32,1,37,0
14-05 09:34:36,22.576,3.763,71.742,1.003,0,1456880,1052884,173144,5251008,2847.620,1462.942,0,7421.070,0,373.261,2466,2831,2.460,1.700,0.960,2,0,2.007,0,0,11,32,1,37,0
14-05 09:34:37,23.421,2.492,72.753,0.249,0,1466988,1042748,173148,5251028,2768.610,1453.072,0,302.972,0,18.936,1705,1109,2.460,1.700,0.960,2,0,0.997,0,0,11,32,1,37,0
14-05 09:34:38,21.812,4.011,73.710,0,0,1461324,1048412,173148,5251028,2424.921,1462.173,0,0,0,0,1771,1304,2.340,1.690,0.960,1,0,1.003,0,0,11,32,1,37,0
14-05 09:34:39,22.253,3.500,73.508,0,0.250,1497616,1012120,173148,5251028,2238.254,1458.165,0,4.000,0,1.000,1760,1107,2.340,1.690,0.960,1,0,2.000,0,0,11,32,1,37,0
14-05 09:34:40,23.990,2.499,73.221,0,0,1453324,1056400,173148,5251040,2613.951,1457.415,0,0,0,0,1713,1081,2.340,1.690,0.960,1,0,1.000,0,0,11,32,1,33,0
14-05 09:34:41,22.011,3.752,73.286,0,0,1443348,1066376,173148,5251040,2539.247,1458.717,0,1728.849,0,209.103,1860,1305,2.340,1.690,0.960,1,0,0,0,0,11,32,1,33,0
14-05 09:34:42,22.051,3.759,73.419,0,0,1468980,1040740,173148,5251044,2724.281,1461.369,0,0,0,0,1782,1140,2.340,1.690,0.960,1,0,2.005,0,0,11,32,1,33,0
14-05 09:34:43,23.204,2.745,72.107,0.499,0,1366924,1142664,173216,5251124,2772.517,1455.123,0,7261.640,0,358.291,2530,2760,2.230,1.680,0.960,1,0,0.998,0,0,11,32,1,33,0
14-05 09:34:44,23.065,3.009,73.208,0,0,1386568,1123008,173220,5251128,2665.559,1462.146,0,76.216,0,4.011,1807,1245,2.230,1.680,0.960,1,0,0,0,0,11,32,1,31,0
14-05 09:34:45,22.175,3.737,73.253,0,0,1438228,1071348,173220,5251128,2905.187,1453.092,0,7.973,0,1.993,1746,1147,2.230,1.680,0.960,1,0,1.993,0,0,11,32,1,31,0
14-05 09:34:46,23.750,2.500,73.251,0,0,1398508,1110980,173220,5251216,2598.036,1458.020,0,0,0,0,1673,1061,2.230,1.680,0.960,1,0,1.000,0,0,11,32,1,31,0
14-05 09:34:47,23.005,2.500,73.014,0,0,1438212,1071252,173228,5251232,2478.485,1458.286,0,240.047,0,51.010,1804,1237,2.230,1.680,0.960,1,0,1.000,0,0,11,32,1,31,0
14-05 09:34:48,22.514,3.752,73.796,0,0,1443136,1066316,173228,5251244,2359.464,1458.905,0,0,0,0,1694,1231,2.130,1.670,0.960,1,0,1.001,0,0,11,32,1,27,0
14-05 09:34:49,22.460,2.995,73.619,0,0,1488404,1021044,173228,5251244,2413.711,1455.414,0,0,0,0,1686,1108,2.130,1.670,0.960,1,0,1.996,0,0,11,32,1,27,0
14-05 09:34:50,23.509,2.501,73.529,0,0,1447556,1061872,173228,5251264,2676.067,1458.582,0,128.051,0,2.001,1680,1085,2.130,1.670,0.960,1,0,1.000,0,0,11,32,1,27,0
14-05 09:34:51,22.768,2.752,73.559,0,0.250,1452744,1056668,173232,5251276,2780.223,1459.167,0,4.003,0,1.001,1749,1248,2.130,1.670,0.960,1,0,0,0,0,11,32,1,27,0
14-05 09:34:52,23.005,2.751,73.515,0,0,1432808,1076576,173232,5251300,2718.568,1458.305,0,0,0,0,1684,1095,2.130,1.670,0.960,2,0,1.000,0,0,11,32,1,27,0
14-05 09:34:53,23.498,2.500,72.495,0.250,0,1451364,1058000,173244,5251308,2657.822,1457.903,0,647.957,0,66.996,1926,1641,2.040,1.660,0.970,1,0,0,0,0,11,32,1,23,0
14-05 09:34:54,21.995,3.749,73.485,0,0,1475956,1033408,173244,5251308,2417.503,1457.701,0,0,0,0,1653,1093,2.040,1.660,0.970,1,0,2.000,0,0,11,32,1,23,0
14-05 09:34:55,12.534,15.292,70.693,0,0.501,1429708,1079488,173248,5251460,2622.148,1461.985,0,369.006,0,5.014,4544,3392,2.040,1.660,0.970,1,0,292.798,0,0,11,32,1,23,0
14-05 09:34:56,9.505,20.510,69.035,0,0.250,1425044,1084108,173252,5251492,2599.314,1500.759,0,656.332,0,11.006,5631,4194,2.040,1.660,0.970,2,0,386.195,0,0,11,32,1,23,0
14-05 09:34:57,9.500,21.249,68.247,0,0.250,1431784,1077308,173252,5251524,2237.901,1531.932,0,271.988,0,5.000,5705,4357,2.040,1.660,0.970,1,0,400.982,0,0,11,32,1,18,0
14-05 09:34:58,11.468,16.704,70.057,0,0.249,1419516,1089540,173252,5251544,2291.690,1527.793,0,422.836,0,77.786,4837,3555,1.960,1.650,0.970,1,0,290.201,0,0,11,32,1,18,0
14-05 09:34:59,22.999,2.750,73.498,0,0,1442808,1066256,173252,5251536,2357.921,1531.949,0,147.995,0,2.000,1631,1251,1.960,1.650,0.970,1,0,0,0,0,11,32,1,18,0
14-05 09:35:00,22.003,3.500,73.759,0,0,1482336,1026728,173252,5251536,2675.315,1574.186,0,24.003,0,2.000,1711,1142,1.960,1.650,0.970,1,0,2.000,0,0,11,32,1,18,0
14-05 09:35:01,29.992,6.498,62.984,0,0,1464280,1044768,173252,5251552,4216.903,1531.601,0,2035.470,0,8.998,2876,13230,1.960,1.650,0.970,2,0,39.990,0,0,11,32,1,15,0
14-05 09:35:02,22.498,3.250,73.493,0,0.500,1502844,1006224,173252,5251532,2777.745,1573.855,0,4.000,0,1.000,1693,1180,1.960,1.650,0.970,1,0,2.000,0,0,11,32,1,15,0
14-05 09:35:03,23.198,2.245,72.586,0.249,0,1527308,981732,173268,5251544,2711.871,1454.712,0,598.647,0,39.910,1836,1525,1.880,1.640,0.970,1,0,0,0,0,11,32,1,15,0
14-05 09:35:04,22.306,3.759,73.685,0,0,1483680,1025352,173268,5251552,2424.080,1535.852,0,0,0,0,1711,1256,1.880,1.640,0.970,1,0,1.003,0,0,11,32,1,15,0
14-05 09:35:05,22.687,3.490,73.297,0,0,1508880,1000152,173268,5251552,2847.109,1453.970,0,0,0,0,1715,1132,1.880,1.640,0.970,2,0,1.994,0,0,11,32,1,11,0
14-05 09:35:06,23.776,2.252,73.331,0,0,1479932,1029088,173268,5251564,2781.071,1459.612,0,128.141,0,3.003,1597,1033,1.880,1.640,0.970,1,0,1.001,0,0,11,32,1,11,0
14-05 09:35:07,22.521,3.003,73.568,0,0,1477620,1031420,173268,5251544,2660.456,1459.347,0,0,0,0,1743,1251,1.880,1.640,0.970,1,0,1.001,0,0,11,32,1,11,0
14-05 09:35:08,22.259,4.002,73.278,0.250,0,1510976,998056,173272,5251548,2659.034,1532.596,0,488.190,0,89.035,1680,1087,1.810,1.620,0.970,1,0,2.001,0,0,11,32,1,11,0
14-05 09:35:09,23.507,2.251,73.772,0,0,1477280,1031732,173272,5251568,2598.765,1458.430,0,28.008,0,3.001,1650,1038,1.810,1.620,0.970,1,0,1.000,0,0,11,32,1,9,0
14-05 09:35:10,22.248,3.500,73.245,0,0,1484840,1024184,173272,5251556,2914.784,1457.892,0,0,0,0,1677,1230,1.810,1.620,0.970,2,0,0,0,0,11,32,1,9,0
14-05 09:35:11,22.756,3.001,73.519,0,0,1522136,986888,173272,5251556,2658.670,1458.367,0,0,0,0,1641,1065,1.810,1.620,0.970,1,0,2.001,0,0,11,32,1,9,0
14-05 09:35:12,23.252,2.250,73.256,0,0,1481652,1027388,173272,5251540,2718.228,1458.122,0,12.001,0,1.000,1645,1089,1.810,1.620,0.970,1,0,1.000,0,0,11,32,1,9,0
14-05 09:35:13,22.494,3.249,73.230,0.250,0,1533116,975916,173280,5251540,2717.266,1457.606,0,435.882,0,31.991,1889,1687,1.750,1.610,0.970,1,0,0,0,0,11,32,1,7,0
14-05 09:35:14,22.749,3.500,73.498,0,0,1561588,947440,173280,5251540,2717.939,1457.967,0,27.999,0,1.000,1719,1186,1.750,1.610,0.970,1,0,2.000,0,0,11,32,1,7,0
14-05 09:35:15,23.012,2.751,73.287,0,0,1513260,995824,173280,5251484,2676.368,1458.745,0,4.002,0,1.001,1709,1118,1.750,1.610,0.970,1,0,1.001,0,0,11,32,1,7,0
14-05 09:35:16,22.501,3.000,73.253,0,0,1525860,983224,173280,5251484,4100.160,1458.057,0,0,0,0,1713,1158,1.750,1.610,0.970,1,0,2.000,0,0,11,32,1,7,0
14-05 09:35:17,23.734,2.498,73.200,0,0,1547892,961192,173280,5251484,2776.087,1530.945,0,523.639,0,60.958,1704,1043,1.750,1.610,0.970,1,0,0.999,0,0,11,32,1,5,0
14-05 09:35:18,22.258,3.251,73.776,0,0.250,1497052,1011948,173284,5251564,2718.951,1458.510,0,236.083,0,40.014,1713,1201,1.690,1.600,0.970,1,0,3.001,0,0,11,32,1,5,0
14-05 09:35:19,22.549,3.006,73.158,0,0,1474120,1034868,173284,5251576,2483.348,1461.147,0,44.095,0,4.009,1693,1199,1.690,1.600,0.970,1,0,1.002,0,0,11,32,1,5,0
14-05 09:35:20,22.450,3.742,73.834,0,0,1497328,1011676,173284,5251560,2728.875,1454.735,0,0,0,0,1657,1109,1.690,1.600,0.970,1,0,0,0,0,11,32,1,5,0
14-05 09:35:21,22.500,3.250,73.249,0,0,1507664,1001340,173284,5251560,4211.926,1457.974,0,24.000,0,2.000,1666,1096,1.690,1.600,0.970,1,0,2.000,0,0,11,32,1,3,0
14-05 09:35:22,23.001,3.000,73.004,0,0.250,1469680,1039296,173284,5251588,2658.140,1458.077,0,20.001,0,1.000,1756,1182,1.690,1.600,0.970,1,0,1.000,0,0,11,32,1,3,0
14-05 09:35:23,22.996,2.999,72.987,0.250,0,1432332,1076620,173300,5251596,2597.551,1457.748,0,507.912,0,38.993,1836,1559,1.630,1.590,0.970,1,0,1.000,0,0,11,32,1,3,0
14-05 09:35:24,22.759,3.251,73.279,0,0,1430144,1078796,173300,5251608,2478.990,1458.583,0,128.051,0,27.011,1767,1267,1.630,1.590,0.970,1,0,0,0,0,11,32,1,3,0
14-05 09:35:25,21.997,3.500,73.740,0,0,1487900,1021040,173300,5251608,2974.604,1499.800,0,0,0,0,1696,1061,1.630,1.590,0.970,1,0,2.000,0,0,11,32,1,3,0
14-05 09:35:26,18.293,8.770,71.667,0,0.251,1441088,1067808,173300,5251652,2886.718,1623.779,0,96.224,0,5.012,2957,2080,1.630,1.590,0.970,1,0,133.310,0,0,11,32,1,3,0
14-05 09:35:27,10.716,19.687,69.029,0,0,1450560,1058320,173300,5251668,2649.520,1453.348,0,211.324,0,9.968,4962,3712,1.630,1.590,0.970,1,0,326.954,0,0,11,32,1,3,0
14-05 09:35:28,22.266,3.002,73.053,0,0,1502556,1006312,173300,5251680,2599.873,1459.051,0,0,0,0,1704,1227,1.580,1.580,0.970,1,0,0,0,0,11,32,1,3,0
14-05 09:35:29,24.997,2.500,72.241,0,0,1516248,992428,173304,5251856,2837.633,1457.811,0,231.970,0,28.996,1766,999,1.580,1.580,0.970,1,0,5.999,0,0,11,32,1,1,0
14-05 09:35:30,21.738,3.748,73.461,0,0,1495816,1012788,173304,5251924,3259.267,1713.089,0,0,0,0,1850,1194,1.580,1.580,0.970,2,0,8.995,0,0,11,32,1,1,0
14-05 09:35:31,23.230,3.497,73.437,0,0.250,1492872,1015732,173304,5251924,2775.617,1456.750,0,3.997,0,0.999,1631,1006,1.580,1.580,0.970,1,0,0,0,0,11,32,1,1,0
14-05 09:35:32,17.527,11.518,68.856,0.501,0,1450388,1058100,173304,5252040,2722.171,1460.237,40.061,28.043,2.003,1.002,3561,2460,1.580,1.580,0.970,2,0,216.331,0,0,11,32,1,1,0
14-05 09:35:33,8.027,21.823,69.233,0,0.502,1431332,1077084,173304,5252080,2907.785,1537.173,0,172.581,0,7.024,5572,4018,1.530,1.570,0.970,1,0,380.280,0,0,11,32,1,1,0
14-05 09:35:34,8.750,21.251,68.502,0,0.250,1420032,1088356,173304,5252108,2820.072,1620.041,0,356.009,0,5.000,5697,4172,1.530,1.570,0.970,3,0,406.010,0,0,11,32,1,1,0
14-05 09:35:35,8.740,21.975,67.922,0,0.250,1414452,1093908,173304,5252136,2971.592,1456.330,0,307.647,0,30.964,5614,4138,1.530,1.570,0.970,3,0,387.556,0,0,11,32,1,1,0
14-05 09:35:36,8.504,22.511,68.034,0,0.500,1405372,1102932,173304,5252156,4580.307,1458.735,0,804.405,0,9.005,5533,3916,1.530,1.570,0.970,1,0,375.189,0,0,11,32,1,1,0
14-05 09:35:37,8.498,22.244,68.232,0,0.250,1395228,1113044,173304,5252180,2851.264,1511.610,0,1159.700,0,11.997,5620,4022,1.530,1.570,0.970,1,0,386.900,0,0,11,32,1,1,0
14-05 09:35:38,8.976,21.691,67.567,0,0,1387200,1121056,173304,5252196,6149.342,1603.656,0,917.515,0,9.973,5540,3983,1.490,1.560,0.970,1,0,384.957,0,0,11,32,1,1,0
14-05 09:35:39,8.751,20.003,70.261,0,0.500,1379488,1128740,173304,5252224,2718.423,1458.227,0,416.065,0,10.002,5580,4134,1.490,1.560,0.970,1,0,373.058,0,0,11,32,1,1,0
14-05 09:35:40,8.528,21.070,68.980,0,0.251,1375924,1132284,173304,5252244,2864.568,1462.886,0,296.992,0,33.111,5709,4216,1.490,1.560,0.970,1,0,386.290,0,0,11,32,1,1,0
14-05 09:35:41,8.997,21.743,67.977,0,0,1369140,1139028,173304,5252276,3118.936,1619.448,0,239.918,0,9.997,5699,4163,1.490,1.560,0.970,2,0,394.865,0,0,11,32,1,1,0
14-05 09:35:42,8.994,22.234,68.452,0,0.500,1365088,1143056,173304,5252300,4274.976,1456.969,0,39.972,0,9.993,5666,4124,1.490,1.560,0.970,1,0,397.719,0,0,11,32,1,1,0
14-05 09:35:43,13.514,21.273,62.817,0,0.250,1352632,1155460,173320,5252328,2540.697,1459.549,0,400.425,0,18.019,5702,4468,1.450,1.550,0.970,4,0,406.431,0,0,11,32,1,3,0
14-05 09:35:44,39.377,30.654,28.910,0.498,0,1399536,1108524,173344,5252336,4221.813,1507.292,0,968.973,0,59.813,6550,5829,1.450,1.550,0.970,3,0,573.210,0,0,11,32,1,7,0
14-05 09:35:45,67.402,7.767,24.305,0,0,1535972,971688,173396,5252684,2648.960,1569.531,0,196.442,0,9.020,3608,1531,1.450,1.550,0.970,3,0,0,0,0,11,32,1,7,0
14-05 09:35:46,58.274,9.004,23.510,8.253,0,1634128,869376,173624,5256292,2599.052,1458.590,444.180,10032.061,10.004,1071.434,7169,9733,1.450,1.550,0.970,2,1,46.019,0,0,11,34,1,7,0
14-05 09:35:47,57.281,11.256,21.762,7.754,0.250,1579728,916124,174352,5262668,4040.158,1458.779,0,47657.459,0,3486.863,14097,26680,1.450,1.550,0.970,7,0,108.058,0,0,11,36,1,7,0
14-05 09:35:48,49.940,10.737,26.219,10.238,0,1616984,870008,174804,5270456,2548.953,1510.195,0,66164.920,0,4727.350,17204,33413,1.890,1.640,1,3,1,84.899,0,0,11,36,1,8,0
14-05 09:35:49,45.296,8.759,32.533,10.511,0,1636012,843072,175092,5277820,7855.948,6681.760,0,75452.334,0,5659.726,19348,38017,1.890,1.640,1,6,1,54.055,0,0,11,37,1,8,0
14-05 09:35:50,47.926,7.738,31.202,9.735,0,1639364,831984,175456,5284936,7272.724,5823.970,0,53389.223,0,4093.653,15731,29869,1.890,1.640,1,4,0,23.963,0,0,11,36,1,9,0
14-05 09:35:51,37.501,23.000,27.500,10.000,0,1560676,904832,175712,5290592,2724.040,1524.022,372.005,42416.615,6.000,3168.046,14444,25179,1.890,1.640,1,4,0,341.005,0,0,11,34,1,9,0
14-05 09:35:52,53.534,15.510,20.263,8.005,0,1571688,888104,175864,5295960,4736.002,3594.278,0,49775.552,0,3566.261,14335,28074,1.890,1.640,1,3,0,123.078,0,0,11,35,1,9,0
14-05 09:35:53,43.264,18.006,27.509,8.503,0,1581484,874760,176024,5298764,8326.672,6342.035,1800.578,45791.697,35.011,3363.079,14992,29167,2.460,1.770,1.050,2,1,169.054,0,0,11,35,1,9,0
14-05 09:35:54,32.969,9.491,46.207,8.492,0,1574320,878304,176156,5302176,11832.862,10705.923,0,43774.797,0,3502.703,16019,30118,2.460,1.770,1.050,2,0,99.906,0,0,11,35,1,9,0
14-05 09:35:55,34.533,9.259,43.792,9.509,0,1509212,942220,176332,5303136,7047.732,4970.748,0,44298.312,0,3800.630,15985,30092,2.460,1.770,1.050,2,0,66.063,0,0,11,34,1,9,0
14-05 09:35:56,42.282,7.756,39.029,9.007,0,1548304,902880,176496,5303216,2720.036,1459.092,0,41158.801,0,3399.544,13015,24884,2.460,1.770,1.050,2,1,21.016,0,0,11,34,1,9,0
14-05 09:35:57,34.754,7.001,45.506,10.251,0,1557484,893148,176584,5303644,7827.004,6617.849,0,40245.162,0,3739.480,15263,29338,2.460,1.770,1.050,2,0,37.005,0,0,11,35,1,9,0
14-05 09:35:58,34.930,6.986,47.904,7.984,0,1552636,896264,176692,5305224,11743.348,9996.866,0,40749.928,0,3508.933,15604,30024,2.990,1.890,1.090,2,1,29.940,0,0,11,37,1,9,0
14-05 09:35:59,40.816,6.010,43.570,7.763,0,1550508,896700,176740,5306832,11194.057,8185.204,0,30160.653,0,2873.636,14030,25817,2.990,1.890,1.090,2,0,33.053,0,0,11,36,1,10,0
14-05 09:36:00,34.180,11.726,41.664,8.982,0.249,1524608,920236,176804,5309068,2729.384,1570.768,0,36137.649,0,3372.062,14425,26697,2.990,1.890,1.090,3,1,112.768,0,0,11,36,1,10,0
14-05 09:36:01,43.594,9.520,35.576,8.769,0.251,1557892,883796,176908,5311984,5777.418,3511.548,0,49293.957,0,4140.901,16553,45676,2.990,1.890,1.090,1,0,87.187,0,0,11,37,1,11,0
14-05 09:36:02,34.219,6.744,45.709,9.991,0,1557460,881556,176968,5314524,9367.598,7723.073,0,47441.450,0,4261.178,16184,32145,2.990,1.890,1.090,2,1,74.933,0,0,11,37,1,10,0
14-05 09:36:03,33.682,7.984,47.653,9.231,0,1555308,881304,177012,5316820,11658.326,10346.989,0,43308.058,0,3810.263,17510,33101,3.150,1.940,1.110,2,1,68.860,0,0,11,37,1,10,0
14-05 09:36:04,37.610,9.528,41.872,9.026,0.251,1525496,908300,177064,5319528,7008.499,3845.247,0,47430.728,0,3908.432,14947,29278,3.150,1.940,1.110,2,0,57.167,0,0,11,36,1,10,0
14-05 09:36:05,39.256,7.501,40.757,10.002,0,1564348,875220,177104,5313720,4223.694,1458.240,0,41574.830,0,3822.628,15226,30325,3.150,1.940,1.110,2,1,6.001,0,0,11,36,1,10,0
14-05 09:36:06,37.881,5.732,45.108,7.227,0,1577316,861656,177168,5314248,7474.483,6438.742,0,49599.945,0,3546.841,13020,24900,3.150,1.940,1.110,2,0,32.896,0,0,11,35,1,12,0
14-05 09:36:07,32.052,15.024,51.083,0.751,0,1495516,943384,177168,5314316,8597.968,7229.745,0,6097.906,0,321.522,6345,7080,3.150,1.940,1.110,1,0,213.347,0,0,11,33,1,12,0
14-05 09:36:08,18.496,2.249,77.482,0,0,1486196,952424,177168,5314596,11254.377,9774.722,0,891.792,0,36.991,4475,5423,2.900,1.910,1.100,1,0,0,0,0,11,33,1,12,0
14-05 09:36:09,19.749,6.250,73.495,0,0.250,1430148,1008472,177168,5314596,3727.755,2603.829,0,515.966,0,27.998,2374,1719,2.900,1.910,1.100,1,0,54.996,0,0,11,32,1,13,0
14-05 09:36:10,23.219,2.497,72.902,0.250,0,1456324,982296,177168,5314596,2837.184,1402.114,0,503.323,0,33.954,1778,1274,2.900,1.910,1.100,1,0,0,0,0,11,32,1,13,0
14-05 09:36:11,17.239,2.249,78.949,0.750,0,1454548,983968,177172,5314696,11432.623,8321.631,0,4185.300,0,251.838,2757,3181,2.900,1.910,1.100,2,0,0,0,0,11,33,1,13,0
14-05 09:36:12,19.932,4.236,73.501,0,0,1425504,1013004,177172,5314704,4666.176,3278.881,0,7.973,0,0.997,2717,2524,2.900,1.910,1.100,1,0,33.885,0,0,11,32,1,14,0
14-05 09:36:13,23.094,3.012,73.550,0.251,0,1452516,985984,177172,5314708,2789.385,1463.975,0,76.311,0,6.025,1658,1041,2.740,1.890,1.100,2,0,0,0,0,11,32,1,14,0
14-05 09:36:14,19.419,2.490,77.678,0,0,1458820,979668,177172,5314720,7273.827,6312.813,0,91.620,0,9.959,1964,1656,2.740,1.890,1.100,1,0,0,0,0,11,33,1,14,0
14-05 09:36:15,17.359,5.786,76.478,0,0.252,1434564,1003788,177172,5314856,4486.040,3225.159,0,410.566,0,32.201,2812,2558,2.740,1.890,1.100,2,0,60.377,0,0,11,32,1,15,0
14-05 09:36:16,22.489,2.999,73.464,0.250,0,1467480,970872,177172,5314856,4009.036,1295.365,0,175.914,0,13.993,1747,1261,2.740,1.890,1.100,1,0,0,0,0,11,32,1,15,0
14-05 09:36:17,18.502,2.000,78.508,0,0,1476060,962288,177172,5314860,8049.790,6678.656,0,0,0,0,1904,1537,2.740,1.890,1.100,1,0,1.000,0,0,11,33,1,15,0
14-05 09:36:18,20.461,2.246,76.105,0,0,1473284,965040,177172,5314884,8060.663,6699.254,0,4291.834,0,28.945,3254,3663,2.520,1.860,1.100,1,0,0,0,0,11,32,1,16,0
14-05 09:36:19,20.012,5.503,73.045,0,0,1468356,969964,177172,5314888,2691.671,1350.839,0,0,0,0,2162,1548,2.520,1.860,1.100,1,0,43.027,0,0,11,32,1,16,0
14-05 09:36:20,19.015,2.252,78.310,0,0,1494780,943408,177172,5315020,5110.936,3763.898,0,8.006,0,1.001,1681,1301,2.520,1.860,1.100,2,0,0,0,0,11,33,1,16,0
14-05 09:36:21,18.470,2.246,78.372,0,0,1484640,953536,177172,5315032,9664.161,8523.031,0,211.653,0,2.995,2928,3184,2.520,1.860,1.100,0,0,0,0,0,11,33,1,16,0
14-05 09:36:22,13.980,13.231,70.649,0,0.499,1436644,1001380,177172,5315180,4423.693,2651.220,0,303.567,0,26.962,4485,3742,2.520,1.860,1.100,2,0,221.684,0,0,11,32,1,17,0
14-05 09:36:23,11.045,24.099,63.510,0,0.251,1429152,1008792,177172,5315260,2895.864,1409.776,0,558.287,0,49.202,5924,4471,2.400,1.850,1.100,2,0,447.835,0,0,11,34,1,18,0
14-05 09:36:24,61.074,12.713,24.928,0.499,0,1486792,950940,177192,5315452,2369.192,1334.166,0,889.444,0,64.814,4792,3316,2.400,1.850,1.100,3,0,128.630,0,0,11,32,1,23,0
14-05 09:36:25,67.023,9.253,23.758,0,0,1622580,814268,177224,5316296,2767.949,1350.463,0,280.096,0,19.007,3847,1687,2.400,1.850,1.100,3,0,3.001,0,0,11,32,1,23,0
14-05 09:36:26,69.977,5.248,23.492,0.500,0,1719024,714828,177336,5318936,2523.177,1403.542,0,4562.512,0,185.939,4044,1831,2.400,1.850,1.100,3,0,0,0,0,11,32,1,23,0
14-05 09:36:27,67.665,7.268,24.560,0.251,0,1818672,612228,177440,5321352,2261.525,1299.174,0,6756.505,0,265.649,4322,2647,2.400,1.850,1.100,5,0,8.020,0,0,11,38,1,23,0
14-05 09:36:28,36.798,7.760,41.053,11.265,0,1815344,603912,177508,5332568,2272.935,1351.746,0,65869.065,0,5027.493,19729,38853,2.690,1.910,1.120,2,1,213.275,0,0,11,38,1,23,0
14-05 09:36:29,28.467,9.739,46.196,11.986,0,1812500,598144,177532,5340832,2221.403,1402.361,0,85891.588,0,6269.670,21445,43002,2.690,1.910,1.120,2,0,191.776,0,0,11,38,1,23,0
14-05 09:36:30,38.193,8.238,39.441,12.232,0,1811312,591116,177560,5348756,2615.087,1549.681,0,75391.198,0,5935.120,21137,42052,2.690,1.910,1.120,1,1,152.771,0,0,11,38,1,23,0
14-05 09:36:31,43.341,13.529,28.310,10.773,0.251,1736664,655644,177612,5358504,2525.329,1623.426,0,91585.281,0,6535.793,21014,43799,2.690,1.910,1.120,6,0,216.457,0,0,11,36,1,23,0
14-05 09:36:32,48.241,8.748,29.994,10.498,0,1775660,608840,177632,5366000,2819.476,1619.699,0,54081.949,0,4181.223,15201,30237,2.690,1.910,1.120,2,1,51.990,0,0,11,36,1,23,0
14-05 09:36:33,40.400,10.474,32.919,13.217,0,1813084,560648,177644,5376344,2605.549,1582.083,0,78948.547,0,5335.790,18705,36655,2.720,1.930,1.130,3,1,24.938,0,0,11,36,1,23,0
14-05 09:36:34,50.513,9.252,26.507,10.503,0,1827972,542252,177664,5379728,2700.719,1620.431,0,80789.504,0,6241.661,19279,41225,2.720,1.930,1.130,1,2,86.023,0,0,11,38,1,23,0
14-05 09:36:35,42.824,8.264,44.076,4.257,0,1597512,771664,177680,5380732,3322.736,1622.802,0,26081.026,0,1982.422,8847,14723,2.720,1.930,1.130,2,1,148.256,0,0,11,32,1,23,0
14-05 09:36:36,15.238,13.739,68.195,1.249,0.250,1438780,930368,177680,5380760,3177.432,1618.692,0,11746.505,0,686.445,5150,5677,2.720,1.930,1.130,1,0,211.829,0,0,11,32,1,23,0
14-05 09:36:37,22.729,3.497,72.434,0.250,0,1475460,893684,177680,5380764,2775.470,1456.672,0,4212.161,0,210.808,2088,2022,2.720,1.930,1.130,1,0,1.998,0,0,11,32,1,23,0
14-05 09:36:38,22.976,2.497,73.673,0,0,1515376,853764,177680,5380768,2563.328,1564.369,0,31.967,0,3.996,1724,1236,2.580,1.920,1.130,1,0,0,0,0,11,32,1,23,0
14-05 09:36:39,24.251,1.750,73.004,0.250,0,1540824,828312,177680,5380772,2492.123,1512.075,0,152.008,0,13.001,2083,1749,2.580,1.920,1.130,1,0,2.000,0,0,11,38,1,23,0
14-05 09:36:40,21.524,4.505,73.083,0,0,1489492,879640,177680,5380776,2617.972,1459.657,0,0,0,0,2072,1270,2.580,1.920,1.130,1,0,27.031,0,0,11,32,1,23,0
14-05 09:36:41,22.723,2.996,73.164,0,0,1513936,855196,177680,5380776,2415.165,1456.290,0,39.953,0,3.995,1694,1153,2.580,1.920,1.130,1,0,0.999,0,0,11,32,1,23,0
14-05 09:36:42,23.422,1.993,73.258,0,0.249,1541352,827780,177680,5380776,2870.500,1614.656,0,0,0,0,1642,1088,2.580,1.920,1.130,1,0,0,0,0,11,32,1,23,0
14-05 09:36:43,23.840,2.760,72.776,0.251,0,1564516,804616,177680,5380776,2607.890,1463.551,0,297.127,0,24.091,1994,1648,2.450,1.900,1.130,4,0,2.008,0,0,11,34,1,23,0
14-05 09:36:44,16.808,21.072,61.461,0,0,1420768,948352,177680,5380788,2667.168,1463.029,0,28.097,0,7.024,4633,3736,2.450,1.900,1.130,4,0,430.480,0,0,11,32,1,23,0
14-05 09:36:45,13.248,35.996,48.244,0,0,1435896,933164,177680,5380848,3136.641,1619.815,0,319.963,0,24.997,7067,6349,2.450,1.900,1.130,2,0,825.906,0,0,11,32,1,23,0
14-05 09:36:46,8.739,21.724,68.417,0,0.499,1421988,947012,177680,5380908,4392.685,1456.238,0,107.869,0,12.984,5445,3720,2.450,1.900,1.130,2,0,390.527,0,0,11,32,1,23,0
14-05 09:36:47,8.509,20.523,69.577,0,0.250,1424492,944476,177680,5380940,2781.093,1459.624,0,8.009,0,2.002,5393,3898,2.450,1.900,1.130,1,0,339.377,0,0,11,32,1,17,0
14-05 09:36:48,9.485,20.218,68.390,0,0.250,1422356,946568,177680,5380972,2593.836,1455.663,0,23.962,0,5.990,5322,3689,2.410,1.900,1.140,1,0,292.530,0,0,11,32,1,17,0
14-05 09:36:49,14.730,18.975,65.912,0,0.250,1421216,947668,177680,5381428,2696.419,1617.851,0,31.958,0,7.989,5593,5076,2.410,1.900,1.140,1,0,269.642,0,0,11,32,1,17,0
14-05 09:36:50,28.810,14.280,55.615,0,0,1434872,933996,177684,5381344,2440.045,1461.021,0,0,0,0,4827,5199,2.410,1.900,1.140,3,0,159.329,0,0,11,32,1,17,0
14-05 09:36:51,45.631,7.481,46.379,0,0,1530200,838524,177688,5381556,2411.721,1454.214,0,231.398,0,4.987,2985,1515,2.410,1.900,1.140,2,0,33.912,0,0,11,33,1,15,0
14-05 09:36:52,43.518,7.253,48.521,0,0,1603488,765216,177688,5381576,2419.023,1458.617,0,16.007,0,1.000,2727,1323,2.410,1.900,1.140,3,0,0,0,0,11,33,1,15,0
14-05 09:36:53,48.746,3.000,47.496,0.250,0,1638620,729740,177704,5381904,4139.642,1619.860,103.991,2527.781,1.000,264.977,3970,3245,2.380,1.910,1.140,2,0,16.999,0,0,11,49,1,15,0
14-05 09:36:54,46.364,5.764,47.116,0.501,0,1685156,681356,177760,5383404,3867.529,1461.601,0,2442.017,0,189.467,3591,2756,2.380,1.910,1.140,4,0,2.005,0,0,11,49,1,15,0
14-05 09:36:55,19.981,17.983,60.442,0,0.500,1689624,674336,177764,5385820,4170.980,1456.596,0,55.946,0,3.996,7269,9711,2.380,1.910,1.140,1,0,279.730,0,0,11,48,1,15,0
14-05 09:36:56,20.470,13.730,63.406,0,0,1696120,667760,177764,5386184,2534.232,1455.836,0,0,0,0,5777,7564,2.380,1.910,1.140,1,0,186.722,0,0,11,48,1,15,0
14-05 09:36:57,5.998,3.499,90.471,0,0,1694056,669820,177764,5385828,2639.156,1619.482,0,3.999,0,1.000,1693,1865,2.380,1.910,1.140,0,0,31.990,0,0,11,48,0,15,0
14-05 09:36:58,0.500,1.000,97.739,0,0,1694056,669820,177764,5385828,2417.720,1457.831,0,811.906,0,2.000,720,1007,2.190,1.870,1.130,0,0,3.000,0,0,11,48,0,15,0
14-05 09:36:59,0.500,1.000,97.502,0,0,1694056,669820,177764,5385828,2538.050,1458.029,0,1376.027,0,11.000,739,1004,2.190,1.870,1.130,0,0,3.000,0,0,11,48,0,15,0
14-05 09:37:00,0.750,0.250,98.276,0,0,1694056,669820,177764,5385828,2675.713,1458.388,0,4.001,0,1.000,626,873,2.190,1.870,1.130,0,0,1.000,0,0,11,48,0,14,0
14-05 09:37:01,9.987,10.236,79.144,0,0.499,1686484,677384,177764,5387732,3058.913,1617.839,0,215.712,0,1.997,3737,5835,2.190,1.870,1.130,5,0,177.763,0,0,11,48,0,14,0
14-05 09:37:02,24.843,16.060,57.465,0,0,1669736,694100,177764,5385824,2607.774,1463.485,0,0,0,0,5194,16313,2.190,1.870,1.130,0,0,182.685,0,0,11,48,0,15,0
14-05 09:37:03,12.240,15.737,69.940,0.250,0,1721764,641928,177764,5385996,4034.551,1456.755,0,759.351,0,62.946,5397,5317,2.010,1.840,1.130,1,0,289.752,0,0,12,64,0,15,0
14-05 09:37:04,19.779,18.527,60.087,0,0,1729176,634472,177764,5386356,2778.036,1698.468,0,60.087,0,4.006,5890,8217,2.010,1.840,1.130,1,0,252.367,0,0,12,64,0,14,0
14-05 09:37:05,14.701,11.960,71.262,0.249,0.249,1719248,644416,177764,5386016,2606.301,1453.150,0,247.175,0,10.963,3564,3667,2.010,1.840,1.130,0,0,186.378,0,0,12,64,0,14,0
14-05 09:37:06,5.501,10.001,83.508,0,0.500,1709672,653840,177764,5386512,2598.240,1458.135,0,452.042,0,6.001,3095,2637,2.010,1.840,1.130,4,0,148.014,0,0,14,64,0,14,0
14-05 09:37:07,23.525,13.014,62.818,0,0,1687588,675916,177764,5386168,2660.881,1459.580,0,16.017,0,4.004,5268,6796,2.010,1.840,1.130,1,0,124.134,0,0,14,64,0,14,0
14-05 09:37:08,8.517,18.788,71.643,0,0.251,1699880,663596,177764,5386212,2723.441,1460.919,0,16.032,0,4.008,5042,3987,1.850,1.810,1.120,1,0,319.639,0,0,14,66,0,12,0
14-05 09:37:09,9.499,19.998,68.745,0,0,1662724,700724,177764,5386240,2657.800,1499.887,0,5155.613,0,372.972,5419,3850,1.850,1.810,1.120,1,0,305.977,0,0,14,66,0,12,0
14-05 09:37:10,19.001,15.251,64.504,0,0.250,1665808,697628,177764,5386592,2675.174,1458.095,0,180.012,0,7.000,5871,6401,1.850,1.810,1.120,5,0,175.011,0,0,14,66,0,12,0
14-05 09:37:11,25.476,19.482,53.949,0,0,1699920,663500,177776,5386252,4148.078,1456.623,0,63.940,0,3.996,5216,4566,1.850,1.810,1.120,2,0,286.729,0,0,14,66,0,12,0
14-05 09:37:12,29.548,24.290,45.074,0,0.250,1763204,600140,177776,5386324,2662.363,1502.462,0,348.571,0,6.010,6094,4568,1.850,1.810,1.120,3,0,428.703,0,0,14,66,0,10,0
14-05 09:37:13,31.455,22.717,44.935,0.250,0,1807576,555260,177832,5386740,2696.113,1659.607,0,918.675,0,35.948,6226,4852,1.950,1.830,1.130,3,0,435.372,0,0,14,66,0,10,0
14-05 09:37:14,31.959,22.971,43.445,0.250,0,1857844,503796,177852,5387812,2355.008,1546.035,7.990,263.665,0.999,13.982,6396,7579,1.950,1.830,1.130,3,0,371.528,0,0,14,70,0,12,0
14-05 09:37:15,40.975,17.989,40.226,0,0,1901592,460008,177852,5388276,2613.434,1457.127,0,15.990,0,3.998,5346,6368,1.950,1.830,1.130,2,0,180.892,0,0,14,70,0,12,0
14-05 09:37:16,64.653,22.877,11.439,0,0,1974980,386600,177864,5388292,2405.082,1450.211,0,3.979,0,0.995,4982,3603,1.950,1.830,1.130,4,0,335.200,0,0,14,70,0,11,0
14-05 09:37:17,65.929,21.138,12.834,0,0.252,2079216,281932,177868,5389016,2433.846,1467.555,0,793.164,0,12.079,6143,5755,1.950,1.830,1.130,3,0,319.077,0,0,14,70,0,11,0
14-05 09:37:18,67.249,18.000,14.500,0,0,2143760,216516,177896,5389456,3857.919,1457.969,0,99.998,0,5.000,5688,6160,2.110,1.870,1.150,4,0,170.996,0,0,14,70,0,11,0
14-05 09:37:19,72.824,25.776,1.251,0.250,0,2193744,179484,175376,5379004,2660.699,1459.480,20.020,516.524,3.003,7.007,5070,4275,2.110,1.870,1.150,4,0,389.395,0,0,14,70,0,11,0
14-05 09:37:20,69.794,20.763,2.502,6.504,0,2294372,132148,174300,5328240,4551.883,1512.958,580.368,308.195,74.047,13.008,6638,7875,2.110,1.870,1.150,4,0,223.141,0,0,14,74,0,10,0
14-05 09:37:21,78.753,19.251,1.250,0.750,0,2422652,163192,171392,5175444,4338.192,1458.065,76.003,5372.238,5.000,439.019,7266,8004,2.110,1.870,1.150,6,0,205.009,0,0,14,74,0,10,0
14-05 09:37:22,66.476,23.991,5.998,2.749,0,2507992,153360,170896,5102208,2864.965,1565.434,131.952,22839.748,13.995,1717.380,12380,20265,2.110,1.870,1.150,5,0,286.896,0,0,14,76,0,10,0
14-05 09:37:23,66.609,19.958,9.230,2.994,0,2569172,134568,170900,5060984,2772.129,1454.919,0,17642.635,0,1833.118,12219,22805,2.580,1.970,1.180,5,0,174.630,0,0,14,76,0,10,0
14-05 09:37:24,73.302,19.764,6.254,0.250,0,2619560,156436,170484,4990552,2659.897,1549.105,56.040,8221.865,4.003,604.431,8202,9967,2.580,1.970,1.180,6,0,194.138,0,0,14,78,0,5,0
14-05 09:37:25,76.456,20.738,2.249,0,0,2692072,149520,169764,4927072,2673.449,1457.155,15.991,3410.022,2.998,335.805,7755,10760,2.580,1.970,1.180,5,0,279.838,0,0,14,91,0,10,0
14-05 09:37:26,64.975,22.991,11.496,0,0,2754208,160392,169748,4855884,2477.044,1457.438,7.997,1007.611,1.999,55.978,6900,7654,2.580,1.970,1.180,4,0,355.863,0,0,14,95,0,12,0
14-05 09:37:27,43.179,22.214,32.447,0.499,0.250,2812732,172460,169748,4787584,4115.252,1509.525,15.974,3781.799,0.998,67.889,6912,9349,2.580,1.970,1.180,3,0,278.543,0,0,14,95,0,12,0
14-05 09:37:28,52.649,15.470,31.440,0,0,2890236,164748,169636,4719184,2413.356,1455.200,3.992,4511.319,0.998,238.541,5734,5844,2.620,1.990,1.190,4,0,186.641,0,0,14,97,0,12,0
14-05 09:37:29,60.464,10.036,26.092,2.760,0,2979048,136940,169640,4659416,2547.025,1463.185,1003.556,160.569,13.046,7.025,4954,7050,2.620,1.990,1.190,2,0,25.089,0,0,14,100,0,15,0
14-05 09:37:30,42.864,8.523,47.125,0.251,0,3027896,152564,169660,4596236,2894.670,1664.410,8.021,1620.293,2.005,73.194,3907,3003,2.620,1.990,1.190,3,0,82.218,0,0,14,101,0,16,0
14-05 09:37:31,21.467,20.468,57.161,0,0,3051884,128376,169660,4596436,2544.047,1455.738,0,0,0,0,5913,4742,2.620,1.990,1.190,2,0,356.446,0,0,14,103,0,16,0
14-05 09:37:32,8.003,19.507,70.776,0.250,0.750,3048764,131464,169660,4596468,2538.937,1458.538,4.001,144.053,1.000,14.005,5458,4048,2.620,1.990,1.190,1,0,312.115,0,0,14,103,0,16,0
14-05 09:37:33,11.979,16.222,70.378,0,0,3065572,181380,169660,4531212,2593.501,1455.475,3.993,419.273,0.998,5.990,4462,3305,2.490,1.970,1.190,2,0,239.584,0,0,14,103,0,16,0
14-05 09:37:34,23.209,2.745,72.872,0,0,3117204,129748,169660,4531212,3971.036,1545.290,0,2783.119,0,6.988,1740,1077,2.490,1.970,1.190,4,0,0.998,0,0,14,105,0,16,0
14-05 09:37:35,18.300,2.758,78.213,0.501,0,3123188,123740,169660,4531236,10917.698,7935.586,8.022,421.146,2.005,33.090,2535,2724,2.490,1.970,1.190,1,0,1.003,0,0,14,110,0,16,0
14-05 09:37:36,20.287,6.512,72.131,0,0.250,3072004,174904,169660,4531256,19584.663,17941.671,0,108.197,0,12.022,2653,1973,2.490,1.970,1.190,1,0,65.119,0,0,14,113,0,17,0
14-05 09:37:37,22.664,2.491,73.223,0,0,3120868,126028,169660,4531268,2882.081,2065.176,3.985,39.849,0.996,3.985,1743,1148,2.490,1.970,1.190,0,0,0.996,0,0,14,114,0,17,0
14-05 09:37:38,17.259,2.501,79.039,0.250,0,3122876,124012,169660,4531280,10440.148,7401.650,4.002,2773.368,1.000,154.076,2694,3066,2.290,1.940,1.190,1,0,2.001,0,0,14,120,0,17,0
14-05 09:37:39,31.065,7.766,59.375,1.253,0.251,3201416,177012,169676,4402588,2302.855,1461.080,288.608,11512.272,19.040,738.557,5065,6712,2.290,1.940,1.190,3,1,7.015,0,0,14,125,0,17,0
14-05 09:37:40,31.511,4.752,61.521,0.750,0,3210944,167676,169676,4402600,2675.932,1458.508,96.033,2116.737,6.002,194.068,4969,6744,2.290,1.940,1.190,4,1,3.001,0,0,14,129,0,18,0
14-05 09:37:41,23.937,9.226,65.080,0.249,0,3176560,201964,169676,4402696,3815.021,2660.042,0,546.570,0,57.849,3584,3072,2.290,1.940,1.190,1,0,111.708,0,0,14,130,0,19,0
14-05 09:37:42,22.491,1.999,74.471,0.250,0,3223384,155132,169676,4402704,4269.318,3428.649,0,295.883,0,15.994,1677,1138,2.290,1.940,1.190,0,0,0,0,0,14,131,0,19,0
14-05 09:37:43,18.758,3.001,77.035,0.250,0,3229396,149084,169676,4402740,7835.530,5898.657,32.014,1296.584,2.001,76.034,2339,2374,2.180,1.920,1.180,1,0,0,0,0,14,131,0,19,0
14-05 09:37:44,19.756,3.501,73.772,0.750,0,3230884,147572,169676,4402764,4687.384,3445.017,0,944.279,0,99.029,3655,4920,2.180,1.920,1.180,1,0,0,0,0,14,131,0,19,0
14-05 09:37:45,39.625,10.784,48.653,0.502,0,3293908,148148,169688,4340588,4085.862,2672.412,0,758.387,0,70.221,4602,4056,2.180,1.920,1.180,2,0,94.297,0,0,14,130,0,20,0
14-05 09:37:46,44.123,7.478,47.613,0,0,3367416,139184,169688,4277872,2696.241,1453.816,0,319.082,0,16.951,2781,1482,2.180,1.920,1.180,3,0,4.986,0,0,14,130,0,20,0
14-05 09:37:47,32.282,4.254,62.062,0.250,0,3359444,210404,169688,4216232,27621.528,24167.085,180.180,1017.014,1.001,58.058,2550,1859,2.180,1.920,1.180,1,0,1.001,0,0,14,130,0,21,0
14-05 09:37:48,19.969,7.239,72.138,0,0,3339968,229848,169688,4216264,2414.243,1455.735,7.988,123.807,1.997,12.980,2545,1865,2.090,1.910,1.180,1,0,54.915,0,0,14,130,0,21,0
14-05 09:37:49,29.865,3.513,66.254,0,0,3374556,195252,169688,4216272,9975.254,7211.656,4.015,333.278,1.004,23.089,3526,4335,2.090,1.910,1.180,1,0,7.027,0,0,14,133,0,21,0
14-05 09:37:50,19.923,5.230,72.967,0,0.498,3343532,226036,169688,4216512,20251.396,18477.283,0,406.423,0,13.946,2649,2027,2.090,1.910,1.180,1,0,50.803,0,0,14,132,0,22,0
14-05 09:37:51,23.649,2.738,72.439,0.249,0,3359176,210376,169688,4216528,2646.645,1451.771,0,234.992,0,22.902,1948,1596,2.090,1.910,1.180,1,0,0,0,0,14,132,0,22,0
14-05 09:37:52,15.523,2.504,81.618,0,0.250,3366900,202648,169688,4216532,9321.528,7914.486,0,140.203,0,8.012,1614,1306,2.090,1.910,1.180,1,0,0,0,0,14,134,0,22,0
14-05 09:37:53,19.253,8.001,69.509,0.750,0,3344780,224736,169688,4216564,3896.519,2672.356,0,852.113,0,103.014,4112,4567,2,1.890,1.180,1,0,82.011,0,0,14,132,0,23,0
14-05 09:37:54,23.815,3.008,72.448,0.251,0.251,3388836,180672,169688,4216572,4229.577,1462.002,0,304.834,0,26.071,1993,1639,2,1.890,1.180,1,0,0,0,0,14,132,0,23,0
14-05 09:37:55,18.273,2.754,78.601,0,0,3393836,175660,169688,4216584,26190.665,24174.073,0,456.587,0,73.094,2037,1685,2,1.890,1.180,2,0,0,0,0,14,132,0,23,1
14-05 09:37:56,21.223,5.493,71.410,0,0,3367708,201772,169688,4216600,2726.555,1522.077,0,251.682,0,14.981,2534,1979,2,1.890,1.180,1,0,54.931,0,0,14,132,0,24,0
14-05 09:37:57,19.314,2.257,77.756,0.251,0,3383928,185544,169688,4216608,5034.555,7075.265,0,236.779,0,15.049,1778,1398,2,1.890,1.180,0,0,1.003,0,0,14,133,0,24,0
14-05 09:37:58,20.505,4.001,71.268,1.750,0,3384152,185240,169692,4216684,6923.754,2597.658,0,5201.317,0,441.112,4675,6991,1.920,1.880,1.180,1,0,1.000,0,0,14,134,0,24,0
14-05 09:37:59,25.927,3.739,67.061,1.496,0,3384204,185108,169692,4216764,3785.334,2756.233,0,4794.490,0,363.974,5692,8766,1.920,1.880,1.180,3,1,0.997,0,0,14,135,0,26,0
14-05 09:38:00,20.297,6.515,72.918,0,0,3362572,206740,169692,4216764,2793.444,1473.399,0,2237.161,0,163.377,2515,2110,1.920,1.880,1.180,1,0,53.123,0,0,14,135,0,26,0
14-05 09:38:01,18.403,2.736,77.841,0.249,0,3388160,181140,169692,4216776,8654.495,7144.435,0,1436.447,0,82.566,1832,1591,1.920,1.880,1.180,1,0,0,0,0,14,136,0,26,0
14-05 09:38:02,25.381,6.282,66.091,1.256,0,3384412,184672,169692,4216976,9133.116,5814.999,24.124,490.531,2.010,48.249,4291,15692,1.920,1.880,1.180,3,0,36.187,0,0,14,136,0,27,0
14-05 09:38:03,24.643,4.232,68.453,0.747,0.249,3385116,183944,169692,4217000,4373.024,1451.701,0,900.094,0,108.529,5165,7213,1.850,1.860,1.180,1,0,0,0,0,14,136,0,27,0
14-05 09:38:04,30.116,6.023,61.487,0.502,0,3388320,180668,169692,4217072,3501.522,2333.010,0,1092.218,0,126.488,8731,13631,1.850,1.860,1.180,3,0,1.004,0,0,14,137,0,28,0
14-05 09:38:05,20.455,6.984,71.092,0,0.249,3329228,239748,169692,4217084,4405.202,1454.764,0,2853.653,0,268.403,2871,2251,1.850,1.860,1.180,1,0,76.829,0,0,14,137,0,27,0
14-05 09:38:06,18.227,2.247,78.150,0.250,0,3365244,203724,169696,4217088,8366.338,7174.857,0,395.496,0,17.977,1701,1308,1.850,1.860,1.180,1,0,0,0,0,14,138,0,27,0
14-05 09:38:07,20.518,2.752,75.568,0.751,0,3365664,203248,169696,4217144,6600.904,5375.808,32.029,1036.927,1.001,119.107,3546,4878,1.850,1.860,1.180,1,0,1.001,0,0,14,137,0,28,0
14-05 09:38:08,17.769,10.011,71.076,0,0.250,3328984,239888,169696,4217168,2420.599,1459.567,0,428.460,0,26.028,3365,2644,1.780,1.850,1.180,1,0,147.158,0,0,14,137,0,28,0
14-05 09:38:09,23.817,3.009,72.455,0.251,0.251,3370360,198512,169696,4217168,3929.110,1462.134,0,2655.509,0,164.465,2260,2190,1.780,1.850,1.180,3,0,0,0,0,14,137,0,28,0
14-05 09:38:10,23.737,2.998,72.459,0.250,0,3378916,189932,169696,4217192,10764.942,7862.575,0,655.631,0,50.971,3089,3205,1.780,1.850,1.180,2,0,0,0,0,14,138,0,28,0
14-05 09:38:11,17.008,3.502,76.537,0.250,0,3379252,189588,169696,4217200,9502.559,6627.179,0,576.276,0,62.030,3666,4728,1.780,1.850,1.180,2,0,0,0,0,14,138,0,28,0
14-05 09:38:12,23.439,4.738,69.819,0.748,0,3381480,187320,169696,4217240,2651.115,1496.115,0,805.907,0,82.785,4826,6685,1.780,1.850,1.180,2,0,0,0,0,14,138,0,28,0
14-05 09:38:13,39.845,8.019,50.119,0.251,0,3388752,179772,169696,4217500,4400.444,3095.346,36.086,3396.060,3.007,257.611,8019,11253,1.720,1.830,1.180,6,0,3.007,0,0,14,137,0,29,0
14-05 09:38:14,32.318,16.159,48.478,0.994,0,3358288,210068,169696,4217652,2877.832,1776.022,79.553,4538.502,5.966,310.257,7835,10070,1.720,1.830,1.180,2,0,286.391,0,0,14,137,0,29,0
14-05 09:38:15,24.144,3.485,72.182,0.249,0.249,3409188,159164,169696,4217656,2870.342,1626.826,0,274.788,0,17.921,1853,1276,1.720,1.830,1.180,2,0,0,0,0,14,137,0,29,0
14-05 09:38:16,18.115,1.761,78.751,0,0,3412420,155888,169700,4217680,10133.525,9017.419,0,277.769,0,14.090,2024,1624,1.720,1.830,1.180,1,0,0,0,0,14,137,0,30,0
14-05 09:38:17,8.777,20.062,69.967,0,0,3398220,170056,169700,4217712,2634.188,1552.827,0,180.561,0,9.028,5261,3859,1.720,1.830,1.180,1,0,305.951,0,0,14,137,0,28,0
14-05 09:38:18,9.735,20.717,67.643,0,0.499,3331332,236916,169704,4217736,2565.924,1347.859,0,535.150,0,38.938,5372,3935,1.740,1.840,1.180,2,0,303.518,0,0,14,137,0,28,0
14-05 09:38:19,21.491,13.494,63.474,0.250,0.250,3326052,242188,169704,4218192,2684.901,1565.359,0,183.925,0,13.994,5592,7706,1.740,1.840,1.180,1,0,159.935,0,0,14,137,0,28,0
14-05 09:38:20,29.785,19.523,50.809,0,0,3361024,207184,169704,4217780,2650.070,1421.647,0,72.084,0,5.006,5552,4461,1.740,1.840,1.180,2,0,324.376,0,0,14,137,0,28,0
14-05 09:38:21,32.058,23.042,44.581,0,0,3392852,175196,169704,4217940,2811.111,1460.656,0,44.080,0,11.020,5714,4259,1.740,1.840,1.180,2,0,351.639,0,0,14,137,0,28,0
14-05 09:38:22,41.746,16.897,39.012,0.248,0,3430984,136664,169716,4218652,2761.188,1449.176,39.758,632.151,1.988,26.837,6252,8037,1.740,1.840,1.180,3,0,209.723,0,0,14,141,0,28,0
14-05 09:38:23,47.209,19.587,32.393,0,0,3504808,186844,169716,4097632,2609.532,1464.472,68.302,325.438,6.027,22.098,5780,4920,1.840,1.850,1.190,3,0,334.478,0,0,16,143,0,28,0
14-05 09:38:24,60.818,26.029,12.514,0,0,3610992,137216,169724,4042532,2360.637,1549.731,52.058,696.778,5.006,49.055,8482,12414,1.840,1.850,1.190,4,0,373.417,0,0,16,149,0,28,0
14-05 09:38:25,58.249,23.150,17.923,0.249,0,3682500,151872,169724,3957464,2782.997,1451.739,23.897,525.733,2.987,29.871,6746,7575,1.840,1.850,1.190,3,0,267.845,0,0,16,149,0,28,0
14-05 09:38:26,55.907,19.304,24.318,0.251,0,3752636,126264,169724,3912904,2725.670,1532.312,28.079,1058.980,2.006,70.198,7122,10445,1.840,1.850,1.190,2,0,250.705,0,0,16,165,0,20,0
14-05 09:38:27,35.977,23.735,39.224,0,0,3799808,132916,169724,3859832,2476.388,1457.052,3.997,339.779,0.999,17.988,13199,4882,1.840,1.850,1.190,3,0,419.727,0,0,16,165,0,20,0
14-05 09:38:28,31.251,22.751,45.002,0,0,3834976,142172,169736,3816116,2358.101,1458.063,76.003,148.006,2.000,14.001,5877,4578,1.850,1.860,1.200,2,0,367.016,0,0,17,165,0,20,0
14-05 09:38:29,20.733,15.737,62.448,0.250,0,3844288,132828,169736,3816584,2623.805,1526.723,3.997,387.676,0.999,23.980,5747,7347,1.850,1.860,1.200,1,0,193.838,0,0,17,165,0,20,0
14-05 09:38:30,30.098,20.818,48.658,0,0,3894936,134320,169736,3764972,2808.144,1557.070,0,0,0,0,5679,4725,1.850,1.860,1.200,3,0,358.166,0,0,17,165,0,16,2
14-05 09:38:31,32.950,24.213,41.187,0.250,0,3941228,142220,169736,3712508,2414.315,1455.778,3.994,9916.865,0.998,824.741,7200,6570,1.850,1.860,1.200,2,0,358.453,0,0,17,165,0,16,2
14-05 09:38:32,40.067,14.023,45.326,0,0,3975660,159076,169744,3661992,2602.336,1460.433,8.013,200.334,2.003,9.015,5528,5396,1.850,1.860,1.200,2,0,136.227,0,0,17,173,0,16,2
14-05 09:38:33,37.770,25.674,35.054,0,0.494,4044152,120356,169744,3633036,3928.048,1439.692,0,1884.041,0,17.774,7347,8908,2.110,1.910,1.220,7,0,481.872,0,0,17,179,0,16,0
14-05 09:38:34,35.667,25.802,36.932,1.012,0,4130064,143028,169744,3526964,2568.034,1566.319,24.284,849.940,3.036,51.604,7382,9493,2.110,1.910,1.220,2,0,474.550,0,0,17,185,0,15,0
14-05 09:38:35,27.995,22.746,47.491,0.250,0,4179388,161960,169744,3459944,2854.465,1457.727,15.997,719.865,3.999,40.992,9066,13476,2.110,1.910,1.220,1,0,383.928,0,0,17,191,0,16,0
14-05 09:38:36,15.699,17.942,64.292,0.498,0.498,4187580,153608,169744,3460552,2769.025,1453.290,3.987,1531.038,0.997,138.551,6289,6815,2.110,1.910,1.220,1,0,262.150,0,0,17,207,0,16,0
14-05 09:38:37,24.095,14.808,59.987,0,0,4198564,142616,169744,3460104,2519.946,1355.350,0,353.395,0,16.063,5213,5842,2.110,1.910,1.220,4,0,179.709,0,0,17,207,0,16,0
14-05 09:38:38,42.598,7.972,47.331,1.495,0,4296604,123908,169744,3381996,2469.187,1452.815,677.582,111.602,11.957,12.954,3149,1895,2.100,1.910,1.220,2,0,12.954,0,0,17,207,0,15,0
14-05 09:38:39,46.810,6.008,44.807,0.501,0,4389688,114648,169744,3300376,2300.937,1459.864,104.133,564.721,5.006,59.075,3353,2356,2.100,1.910,1.220,2,0,2.003,0,0,17,211,0,15,0
14-05 09:38:40,40.315,7.512,48.578,3.506,0,4457092,151068,169748,3199124,2739.384,1460.337,160.256,496.795,14.022,43.069,3405,2787,2.100,1.910,1.220,1,0,11.018,0,0,17,218,0,15,0
14-05 09:38:41,30.768,12.257,55.783,0.250,0,4372992,235120,169756,3199164,2539.513,1458.869,0,292.174,0,18.011,4061,3265,2.100,1.910,1.220,2,0,205.122,0,0,17,217,0,15,0
14-05 09:38:42,31.480,25.734,40.224,1.249,0,4415540,191616,169760,3200112,2582.348,1403.103,943.397,1071.315,10.993,25.983,6134,5163,2.100,1.910,1.220,4,0,416.733,0,0,17,223,0,13,0
14-05 09:38:43,38.061,27.364,32.091,0.995,0,4433516,213348,169764,3161700,8275.965,7148.555,911.481,417.928,17.911,22.887,6927,7334,2.250,1.950,1.240,4,0,341.308,0,0,17,226,0,13,0
14-05 09:38:44,44.871,15.291,38.604,0,0,4365156,280812,169764,3162224,5674.243,4446.946,4.011,393.056,1.003,20.054,5586,7142,2.250,1.950,1.240,3,0,164.442,0,0,17,227,0,14,0
14-05 09:38:45,73.166,18.292,5.609,1.463,0,4539576,158288,169768,3111800,2785.199,1510.154,128.773,390.221,7.804,16.584,5129,3859,2.250,1.950,1.240,5,0,136.577,0,0,17,230,0,14,0
14-05 09:38:46,65.568,11.481,20.410,3.317,0,4624000,137992,169772,3049980,10202.032,7398.693,991.935,326.563,19.390,13.267,4139,2707,2.250,1.950,1.240,6,0,20.410,0,0,17,231,0,13,0
14-05 09:38:47,55.142,9.568,21.402,13.345,0.252,4659072,141340,169800,3012852,8153.019,6773.200,3456.598,1196.515,189.347,45.323,5508,5256,2.250,1.950,1.240,4,0,25.179,0,0,17,236,0,14,0
14-05 09:38:48,64.933,11.738,14.485,8.741,0.250,4641812,151768,169868,3019580,2655.249,1456.491,3740.125,10565.053,308.680,124.871,5831,6067,2.310,1.960,1.250,3,0,24.974,0,0,17,236,0,19,0
14-05 09:38:49,40.063,21.534,37.058,0,0,4680084,154592,169868,2979472,8516.407,7195.327,4.006,512.807,1.002,27.043,6435,6708,2.310,1.960,1.250,6,0,345.544,0,0,17,240,0,19,0
14-05 09:38:50,34.575,23.630,39.798,0.249,0,4689284,170592,169868,2955560,7999.489,6746.833,71.637,2407.806,3.980,160.189,7693,9179,2.310,1.960,1.250,5,0,348.236,0,0,17,239,0,18,0
14-05 09:38:51,46.508,16.844,35.698,0,0,4660088,199084,169868,2955792,2491.832,1466.139,4.022,1162.453,1.006,69.385,5421,5789,2.310,1.960,1.250,4,0,142.793,0,0,17,239,0,18,0
14-05 09:38:52,56.859,24.439,17.207,0,0,4742408,124968,169872,2947856,4891.833,7034.503,3.990,13558.276,0.998,1087.296,6817,5675,2.310,1.960,1.250,6,0,380.055,0,0,17,240,0,18,0
14-05 09:38:53,54.888,24.562,20.050,0.251,0.251,4765560,148324,169872,2903488,11202.201,6689.841,48.121,625.575,5.013,43.109,6826,7695,2.450,2,1.260,3,0,309.780,0,0,17,239,0,19,0
14-05 09:38:54,64.301,18.443,14.954,1.495,0,4789288,121368,169896,2906220,2540.119,1453.491,1315.917,669.922,57.821,39.876,6960,10682,2.450,2,1.260,4,0,163.493,0,0,17,243,0,21,0
14-05 09:38:55,55.680,26.084,17.306,0,0,4824096,151512,169896,2842076,8547.567,7273.458,12.039,172.557,2.006,9.029,6218,5920,2.450,2,1.260,4,0,396.278,0,0,17,244,0,21,0
14-05 09:38:56,58.832,21.688,17.201,0.997,0,4872144,126280,169908,2819700,7940.341,6761.704,877.496,745.872,20.940,52.849,9044,21024,2.450,2,1.260,3,0,254.274,0,0,17,243,0,23,0
14-05 09:38:57,53.392,20.053,24.565,1.003,0,4866164,130100,169912,2821484,2544.763,1461.885,409.087,842.238,26.069,38.101,7036,10938,2.450,2,1.260,4,0,207.552,0,0,17,251,0,23,0
14-05 09:38:58,62.577,11.718,25.430,0.249,0,4980788,174480,169912,2666784,8419.762,7230.045,91.747,378.954,7.978,32.909,4518,3065,2.490,2.020,1.270,5,0,55.846,0,0,17,256,0,22,0
14-05 09:38:59,53.482,7.497,35.738,2.499,0,5049800,132588,169916,2640264,15422.811,12502.793,367.876,503.830,6.998,40.986,4079,3909,2.490,2.020,1.270,5,0,2.999,0,0,17,256,0,24,0
14-05 09:39:00,61.195,10.283,21.318,6.521,0,5056544,151000,169928,2615444,3700.818,2281.285,930.973,918.934,73.234,68.218,5552,6732,2.490,2.020,1.270,3,0,19.061,0,0,17,260,0,29,0
14-05 09:39:01,57.618,7.982,32.426,1.497,0.249,5131040,125324,169928,2568084,11142.456,9587.022,794.179,474.911,19.954,39.909,4504,3314,2.490,2.020,1.270,3,0,7.982,0,0,17,266,0,30,0
14-05 09:39:02,65.343,20.279,12.017,1.001,0,5010340,268876,169964,2545668,8089.511,6623.425,1265.801,825.174,47.067,79.113,7191,20298,2.490,2.020,1.270,5,1,309.440,0,0,17,270,0,30,0
14-05 09:39:03,47.887,28.931,19.703,2.743,0,5074304,200748,170228,2549496,2651.717,1454.554,4070.356,5557.832,67.839,238.435,8008,9529,2.530,2.030,1.280,3,0,394.066,0,0,17,271,0,30,0
14-05 09:39:04,53.551,20.269,25.274,0,0,5085400,189480,170228,2550012,9772.316,7389.044,784.748,532.508,7.007,34.032,6142,6647,2.530,2.030,1.280,6,0,221.211,0,0,17,274,0,30,0
14-05 09:39:05,60.226,20.492,18.243,0.500,0,5146960,127628,170232,2550244,7913.791,6775.253,335.864,719.708,8.996,50.979,5266,5555,2.530,2.030,1.280,4,0,235.904,0,0,18,276,0,31,0
14-05 09:39:06,85.457,13.205,0.997,0.498,0,5162904,128572,170232,2533828,2248.291,1291.572,625.854,378.702,10.962,20.928,4970,2467,2.530,2.030,1.280,4,0,11.959,0,0,18,276,0,31,0
14-05 09:39:07,72.422,10.988,6.743,8.741,0,5248032,120308,170232,2459964,8248.141,7176.292,2900.884,3652.077,151.837,279.700,5029,3318,2.530,2.030,1.280,5,0,10.988,0,0,18,279,0,30,0
14-05 09:39:08,80.940,9.021,9.272,0.251,0,5293524,127148,170248,2409464,7984.778,6733.837,966.272,13539.843,34.080,1196.815,6054,3459,2.650,2.060,1.300,5,0,7.017,0,0,18,278,0,31,0
14-05 09:39:09,74.854,16.523,7.761,0.501,0,5288924,130212,170264,2410992,2481.447,1460.028,432.601,9469.152,16.022,90.125,6652,7308,2.650,2.060,1.300,3,0,155.216,0,0,18,279,0,33,0
14-05 09:39:10,45.442,10.986,42.695,0.749,0,5314080,134192,170280,2382684,8327.330,4593.115,591.242,451.422,11.985,42.945,4327,3384,2.650,2.060,1.300,2,1,75.903,0,0,18,285,0,33,0
14-05 09:39:11,33.918,6.734,57.610,0.499,0.249,5346960,125988,170280,2358932,20109.269,12412.919,518.743,861.911,5.985,54.867,3603,3141,2.650,2.060,1.300,2,0,4.988,0,0,18,285,0,32,1
14-05 09:39:12,45.020,8.300,45.272,0,0.252,5307088,161492,170280,2363300,4665793.603,123786.476,515.090,273.641,4.024,15.091,9136,6327,2.650,2.060,1.300,2,0,10.060,0,0,18,284,0,33,0
14-05 09:39:13,46.276,8.004,43.024,0.500,0,5346584,116292,170280,2368988,6201952.982,176099.306,320.177,1100.608,6.003,77.043,10426,8713,2.680,2.080,1.300,1,0,5.003,0,0,18,287,0,33,0
14-05 09:39:14,32.573,7.957,57.687,0,0,5345468,157080,170280,2330936,6266621.403,170088.748,513.214,3083.264,4.973,19.892,11979,6945,2.680,2.080,1.300,3,0,8.951,0,0,18,287,0,33,1
14-05 09:39:15,34.770,16.509,46.526,1.251,0,5316868,183116,170280,2333484,8269.691,6763.837,2545.444,540.306,28.016,48.027,5628,5185,2.680,2.080,1.300,2,0,262.149,0,0,18,286,0,33,0
14-05 09:39:16,46.142,5.517,47.647,0,0,5379036,149696,170280,2305448,2383.339,1300.003,0,160.494,0,10.031,2878,1538,2.680,2.080,1.300,2,0,0,0,0,18,286,0,33,0
14-05 09:39:17,31.265,4.002,64.280,0.250,0,5397680,131164,170280,2305476,19015.895,18503.656,0,348.163,0,28.013,3028,2532,2.680,2.080,1.300,1,0,1.000,0,0,18,293,0,35,0
14-05 09:39:18,26.769,4.253,65.546,0.500,0,5317332,210960,170280,2306028,106969.961,3443701.229,496.348,1356.951,26.018,107.075,5526,6369,2.540,2.060,1.300,1,0,38.027,0,0,18,290,0,38,0
14-05 09:39:19,1.992,1.245,91.877,0.747,0,5319792,208496,170280,2306032,375150.156,12332370.442,0,2434.113,0,113.539,4216,1841,2.540,2.060,1.300,0,0,0.996,0,0,18,292,0,37,0
14-05 09:39:20,13.054,2.259,82.589,0.251,0,5322252,206016,170280,2306052,2872944.835,753078.637,0,1919.889,0,96.396,8048,6560,2.540,2.060,1.300,2,0,1.004,0,0,18,299,0,37,0
14-05 09:39:21,17.961,3.492,76.083,0.249,0,5291552,227876,170284,2314872,6552170.977,187067.672,79.825,451.011,2.993,42.906,13395,10540,2.540,2.060,1.300,1,0,0.998,0,0,18,299,0,37,0
14-05 09:39:22,5.516,4.263,87.260,0,0,5291120,221868,170284,2321312,6913448.219,184553.279,0,144.430,0,9.027,14548,13476,2.540,2.060,1.300,0,0,0,0,0,18,299,0,37,0
14-05 09:39:23,15.241,9.245,72.958,0.500,0,5230076,281908,170284,2322300,833228.242,32789.160,59.966,827.525,3.998,55.968,4974,4001,2.340,2.030,1.300,1,0,164.905,0,0,18,296,0,40,0
14-05 09:39:24,14.668,14.171,69.115,0.497,0.249,5263280,248644,170284,2322360,2523.941,1449.924,27.845,238.671,1.989,27.845,4808,4481,2.340,2.030,1.300,1,0,298.338,0,0,18,296,0,40,0
14-05 09:39:25,24.746,2.500,71.239,0,0.250,5311332,200588,170284,2322364,2734.577,1457.775,0,183.972,0,17.997,2118,1710,2.340,2.030,1.300,1,1,2.000,0,0,18,300,0,40,0
14-05 09:39:26,12.762,15.264,70.567,0.250,0.500,5294448,217432,170288,2322400,2720.573,1459.380,4.004,16283.399,1.001,54.051,4665,3645,2.340,2.030,1.300,3,0,210.199,0,0,18,300,0,40,0
14-05 09:39:27,9.285,19.825,69.262,0.251,0,5296648,215200,170288,2322432,2324.789,1300.918,0,176.668,0,11.042,5668,4557,2.340,2.030,1.300,1,0,314.188,0,0,18,302,0,40,0
14-05 09:39:28,3.986,8.969,84.453,0.249,0,5297452,214372,170288,2322456,2590.903,1452.899,0,5193.764,0,122.570,2986,2844,2.230,2.010,1.290,0,0,148.479,0,0,18,302,0,40,0
14-05 09:39:29,13.731,4.494,81.138,0,0,5325468,186356,170288,2322456,2534.497,1455.988,0,5208.801,0,642.112,2097,1749,2.230,2.010,1.290,1,0,14.979,0,0,18,302,0,40,0
14-05 09:39:30,22.999,2.750,72.498,0,0,5348164,163656,170288,2322460,3552.881,3015.899,0,351.988,0,23.999,2183,1940,2.230,2.010,1.290,1,0,0,0,0,18,303,0,40,0
14-05 09:39:31,20.044,2.255,76.166,0.501,0.251,5348424,163180,170288,2322676,10892.799,8965.588,64.140,276.604,4.009,26.057,2594,2647,2.230,2.010,1.290,1,0,3.007,0,0,18,306,0,41,0
14-05 09:39:32,10.270,15.531,70.640,2.755,0,5284076,227452,170292,2322732,4048.041,1460.902,12.024,116.231,3.006,8.016,4521,3405,2.230,2.010,1.290,1,0,178.354,0,0,18,306,0,41,0
14-05 09:39:33,13.026,16.783,68.886,0.250,0.250,5276956,234388,170292,2322900,2603.140,1460.885,0,12180.050,0,38.075,4964,3664,2.130,1.990,1.290,4,0,168.332,0,0,18,308,0,41,0
14-05 09:39:34,12.245,15.994,70.471,0,0.250,5267856,243296,170292,2323100,2536.973,1457.410,0,115.953,0,10.996,4841,3510,2.130,1.990,1.290,3,0,167.932,0,0,18,308,0,41,0
14-05 09:39:35,19.655,7.215,71.655,0,0.249,5311644,199460,170292,2323132,2781.608,1451.014,3.981,47.770,0.995,1.990,2961,2275,2.130,1.990,1.290,1,0,84.593,0,0,18,308,0,40,0
14-05 09:39:36,23.264,3.502,72.043,0,0,5359296,151788,170292,2323136,2599.535,1458.861,0,92.054,0,7.004,2022,1590,2.130,1.990,1.290,1,0,1.001,0,0,18,308,0,40,0
14-05 09:39:37,20.236,3.747,71.199,3.498,0,5388276,153824,170292,2293060,2536.191,1456.961,387.724,59.957,11.991,3.997,2101,1762,2.130,1.990,1.290,3,0,4.996,0,0,18,312,0,40,0
14-05 09:39:38,24.032,2.253,71.846,0.250,0,5265620,276356,170292,2293184,2541.381,1459.942,112.149,628.837,7.009,51.068,2483,2374,2.040,1.980,1.290,1,0,6.008,0,0,18,310,0,40,0
14-05 09:39:39,22.970,3.246,72.157,1.248,0,5310684,231248,170292,2293228,2414.880,1456.119,23.969,247.680,3.995,28.963,2155,1987,2.040,1.980,1.290,1,0,0,0,0,18,310,0,40,0
14-05 09:39:40,23.720,3.995,70.660,0.250,0,5351372,190424,170292,2293364,2731.528,1456.149,0,267.660,0,31.959,2339,2187,2.040,1.980,1.290,2,1,0.999,0,0,18,312,0,40,0
14-05 09:39:41,15.767,3.003,78.583,0.250,0,5370176,171540,170292,2293444,12863.535,10421.966,80.084,404.426,4.004,42.044,2608,2687,2.040,1.980,1.290,0,0,2.002,0,0,18,315,0,41,0
14-05 09:39:42,18.748,1.500,78.740,0,0,5375004,166692,170292,2293464,13310.231,11514.470,0,155.979,0,8.999,2242,2055,2.040,1.980,1.290,1,0,2.000,0,0,18,312,0,42,0
14-05 09:39:43,22.291,4.508,72.134,0,0.250,5354012,187684,170292,2293464,4285.971,1460.717,0,168.313,0,9.017,2263,1733,1.960,1.960,1.290,2,0,15.028,0,0,18,312,0,42,0
14-05 09:39:44,23.708,3.244,72.124,0.250,0.250,5376880,164768,170292,2293512,2727.223,1509.356,47.916,247.566,1.997,15.972,1903,1409,1.960,1.960,1.290,1,0,0,0,0,18,312,0,42,0
14-05 09:39:45,17.775,7.010,74.103,0,0,5319024,222488,170292,2293648,3039.224,1460.029,388.540,16.022,4.006,2.003,2799,2229,1.960,1.960,1.290,2,0,89.124,0,0,18,312,0,42,0
14-05 09:39:46,10.780,21.060,66.688,0,0,5312036,229292,170296,2293828,2860.081,1516.284,36.102,324.918,4.011,7.020,5865,4976,1.960,1.960,1.290,1,0,370.046,0,0,18,312,0,42,0
14-05 09:39:47,19.663,9.956,67.453,0.996,0,5323368,217932,170296,2293856,2765.816,1451.606,31.860,95.579,1.991,5.974,3905,3295,1.960,1.960,1.290,1,0,132.417,0,0,18,312,0,40,0
14-05 09:39:48,23.540,4.007,71.121,0.250,0.250,5331340,209868,170324,2293920,3269.560,1954.323,16.027,352.600,2.003,20.034,2662,2307,1.880,1.940,1.290,1,0,33.056,0,0,18,313,0,40,0
14-05 09:39:49,21.238,1.249,76.205,0.500,0.250,5327376,209128,170488,2298348,7768.436,3313.053,0,807.526,0,22.986,1794,1442,1.880,1.940,1.290,1,0,0.999,0,0,18,312,0,40,0
14-05 09:39:50,23.251,3.750,71.504,0.250,0,5326120,209028,170532,2299644,2795.145,1458.076,0,3432.178,0,438.023,2560,2143,1.880,1.940,1.290,2,0,2.000,0,0,18,312,0,40,0
14-05 09:39:51,19.762,2.251,76.797,0,0,5333868,200192,170552,2300712,9488.761,4587.786,16.010,488.296,1.001,31.019,2184,1991,1.880,1.940,1.290,3,0,16.010,0,0,18,313,0,40,0
14-05 09:39:52,23.991,6.248,67.974,0.250,0,5334532,194716,171016,2304932,3118.793,1631.369,0,1175.545,0,25.990,10364,18781,1.880,1.940,1.290,3,0,10.996,0,0,18,312,0,34,0
14-05 09:39:53,12.281,3.008,82.961,0.251,0,5307868,221064,171040,2305224,9992.455,3573.102,0,372.950,0,13.033,1723,1535,1.810,1.930,1.280,1,0,3.008,0,0,18,313,0,34,0
14-05 09:39:54,24.186,5.984,67.821,0.499,0,5315000,213584,171092,2305520,5276.087,2352.796,0,678.212,0,34.908,10914,19768,1.810,1.930,1.280,1,0,12.966,0,0,18,313,0,34,0
14-05 09:39:55,21.992,4.498,72.222,0,0,5305380,223156,171128,2305516,4347.332,1457.441,0,167.936,0,1.999,2071,1479,1.810,1.930,1.280,3,0,7.997,0,0,18,313,0,34,0
14-05 09:39:56,13.286,14.038,70.692,0.251,0,5271768,266648,171216,2295632,3008.163,1636.441,0,1347.657,0,44.120,4660,4048,1.810,1.930,1.280,3,0,239.650,0,0,18,312,0,30,0
14-05 09:39:57,22.689,4.987,70.562,0,0.249,5323420,214988,171216,2295640,2650.922,1454.118,0,127.659,0,13.963,2375,2005,1.810,1.930,1.280,1,0,29.920,0,0,18,312,0,30,0
14-05 09:39:58,20.989,1.749,76.460,0,0.250,5342168,196052,171216,2295828,7387.128,3707.057,0,1179.382,0,73.961,1920,1385,1.750,1.910,1.280,0,0,0,0,0,18,313,0,30,0
14-05 09:39:59,21.310,3.008,73.958,0,0,5299744,238444,171216,2295860,11384.966,9530.760,16.045,0,1.003,0,2381,1940,1.750,1.910,1.280,2,0,17.048,0,0,18,312,0,33,0
14-05 09:40:00,19.706,8.481,70.345,0.249,0,5349040,189144,171216,2295876,2848.704,1454.785,0,311.312,0,23.947,3236,2945,1.750,1.910,1.280,1,0,98.782,0,0,18,312,0,28,0
14-05 09:40:01,19.498,2.250,76.742,0,0.250,5371488,166640,171216,2295932,8502.147,7183.279,47.995,211.979,2.000,18.998,2058,1945,1.750,1.910,1.280,1,0,0,0,0,18,313,0,28,0
14-05 09:40:02,24.590,6.524,67.749,1.004,0,5314152,223944,171216,2297444,5639.690,4525.603,8.029,128.471,2.007,8.029,3047,5458,1.750,1.910,1.280,4,1,105.387,0,0,18,312,0,29,0
14-05 09:40:03,26.910,4.734,65.780,0.748,0,5348000,189964,171304,2296008,2469.753,1453.147,135.547,147.507,9.967,10.963,2806,9320,1.690,1.900,1.280,2,0,2.990,0,0,18,312,0,30,0
14-05 09:40:04,20.272,2.503,77.082,0,0,5368364,169592,171304,2296016,9767.449,7191.694,0,272.291,0,22.024,1900,1545,1.690,1.900,1.280,2,0,0,0,0,18,313,0,22,0
14-05 09:40:05,19.323,6.023,73.780,0,0,5343724,194208,171304,2296040,10575.109,8895.739,0,1537.833,0,295.119,2859,2165,1.690,1.900,1.280,2,0,56.213,0,0,18,312,0,23,0
14-05 09:40:06,23.136,3.234,71.895,0.249,0,5388512,149420,171304,2296040,2465.829,1450.839,0,159.214,0,6.966,1962,1511,1.690,1.900,1.280,2,0,0,0,0,18,312,0,23,0
14-05 09:40:07,17.027,2.504,79.625,0,0,5391508,146284,171304,2296180,11265.719,10193.032,0,0,0,0,1994,1830,1.690,1.900,1.280,3,0,1.002,0,0,18,315,0,24,0
14-05 09:40:08,20.966,5.241,72.132,0,0,5359388,178404,171304,2296180,4273.014,2985.120,0,15.974,0,0.998,2524,1931,1.630,1.880,1.280,1,0,31.948,0,0,18,312,0,25,0
14-05 09:40:09,23.051,2.756,72.912,0,0.251,5359496,178292,171304,2296184,3431.612,2994.643,0,136.302,0,14.031,2016,1672,1.630,1.880,1.280,1,0,0,0,0,18,313,0,25,0
14-05 09:40:10,14.265,2.503,81.587,0.250,0,5357108,180616,171304,2296248,11400.119,9815.435,48.051,848.902,2.002,71.076,2397,2861,1.630,1.880,1.280,1,1,0,0,0,18,313,0,25,0
14-05 09:40:11,19.961,5.739,72.359,0.749,0,5322768,214944,171304,2296260,4436.348,2561.005,0,2379.360,0,159.689,2991,3063,1.630,1.880,1.280,3,0,46.909,0,0,18,312,0,26,0
14-05 09:40:12,23.671,2.741,72.008,0,0,5349968,187740,171304,2296264,3168.361,1736.170,0,0,0,0,1924,1516,1.630,1.880,1.280,1,0,0,0,0,18,312,1,22,0
14-05 09:40:13,16.508,2.251,80.791,0,0.500,5346304,191376,171304,2296292,13137.664,11580.874,16.008,240.122,1.001,12.006,2201,2023,1.660,1.880,1.280,1,0,0,0,0,18,312,0,25,0
14-05 09:40:14,21.323,6.021,71.746,0,0,5347020,190652,171304,2296300,2486.539,1463.024,0,64.221,0,7.024,2449,2004,1.660,1.880,1.280,2,0,34.117,0,0,18,312,0,25,0
14-05 09:40:15,19.696,1.995,76.040,0,0,5375572,162096,171304,2296304,4342.033,3698.806,0,95.736,0,7.978,1866,1547,1.660,1.880,1.280,0,0,0,0,0,18,313,0,25,0
14-05 09:40:16,14.580,2.765,81.949,0.503,0,5372008,165652,171304,2296312,13569.398,10051.108,0,563.087,0,47.259,2484,2662,1.660,1.880,1.280,1,0,0,0,0,18,313,0,24,0
14-05 09:40:17,11.199,9.955,74.662,1.742,0.249,5289756,247600,171500,2296420,3731.090,2700.759,147.332,23.892,6.968,4.977,3679,3076,1.660,1.880,1.280,0,1,180.183,0,0,18,314,0,25,0
14-05 09:40:18,2.999,1.749,89.969,3.499,0,5288784,247600,171896,2296996,8218.204,3800.707,975.668,255.913,243.917,14.995,1529,2036,1.610,1.870,1.280,0,0,0,0,0,18,314,0,25,0
14-05 09:40:19,6.250,7.500,84.250,0.250,0,5290344,245952,171928,2297052,16276.961,4657.989,0,1819.996,0,274.999,3151,2666,1.610,1.870,1.280,0,0,127.000,0,0,18,314,0,26,0
14-05 09:40:20,8.029,12.295,77.283,0.753,0,5289328,246868,171928,2297152,4323.826,2411.828,28.103,710.601,2.007,51.187,4171,3964,1.610,1.870,1.280,1,1,208.764,0,0,18,312,0,22,0
14-05 09:40:21,20.205,3.991,72.089,2.494,0,5309132,217900,172452,2305760,2817.699,1454.747,1504.635,135.697,142.681,16.962,2217,2005,1.610,1.870,1.280,3,0,5.987,0,0,18,312,0,22,0
14-05 09:40:22,23.728,2.498,72.184,0,0.250,5328432,194476,172660,2309596,3130.122,1883.268,0,819.247,0,3.996,2214,1777,1.610,1.870,1.280,0,0,15.985,0,0,18,313,0,22,0
14-05 09:40:23,15.566,1.757,81.096,0.753,0,5318868,200484,172732,2313064,13925.363,5816.797,8.034,702.997,2.009,19.081,1742,1541,1.480,1.840,1.270,1,0,1.004,0,0,18,312,0,22,0
14-05 09:40:24,17.224,6.740,71.142,3.245,0,5298384,217908,172744,2316048,4313.466,1617.550,1166.233,3438.791,17.973,119.819,4029,4013,1.480,1.840,1.270,1,0,98.850,0,0,18,312,0,19,0
14-05 09:40:25,15.932,12.696,69.952,0,0.498,5301476,214800,172744,2316064,2783.145,1451.816,0,11.949,0,2.987,3929,3157,1.480,1.840,1.270,2,0,204.131,0,0,18,312,0,19,0
14-05 09:40:26,22.978,2.498,72.931,0.250,0,5343044,173220,172744,2316076,4147.065,3426.749,0,507.518,0,52.950,2347,2113,1.480,1.840,1.270,0,0,0,0,0,18,313,0,19,0
14-05 09:40:27,21.100,2.512,75.607,0,0.251,5256220,260036,172744,2316084,24601.204,22276.222,0,80.380,0,6.028,2277,1903,1.480,1.840,1.270,2,0,5.024,0,0,18,312,0,21,0
14-05 09:40:28,21.200,4.988,71.831,0.249,0,5311896,204344,172744,2316100,2412.330,1454.581,0,83.803,0,3.991,2491,2074,1.440,1.820,1.270,1,0,42.899,0,0,18,312,0,21,0
14-05 09:40:29,21.306,3.008,74.445,0,0,5332740,183496,172744,2316104,9722.498,7202.890,0,2145.627,0,33.087,2355,2082,1.440,1.820,1.270,1,0,6.016,0,0,18,313,0,21,0
14-05 09:40:30,20.997,4.499,72.740,0.750,0,5273544,242296,172744,2316500,5971.154,4696.335,367.948,367.948,20.997,38.994,2821,2779,1.440,1.820,1.270,1,0,13.998,0,0,18,312,0,23,0
14-05 09:40:31,23.193,2.993,72.073,0.249,0,5318144,197692,172744,2316504,4081.983,1454.431,0,1312.778,0,250.386,2180,1646,1.440,1.820,1.270,3,0,0,0,0,18,312,0,23,0
14-05 09:40:32,16.253,2.250,80.267,0,0,5327704,188128,172744,2316508,8518.828,7958.708,0,208.045,0,9.002,1780,1521,1.440,1.820,1.270,2,0,0,0,0,18,313,0,23,0
14-05 09:40:33,25.222,5.244,66.176,1.498,0,5249692,264064,172744,2318580,4573.885,2830.835,1853.927,1362.476,80.910,167.812,6066,8846,1.400,1.810,1.270,2,1,5.993,0,0,18,312,0,23,0
14-05 09:40:34,23.015,3.752,71.795,0,0.250,5305128,208624,172744,2318584,2419.529,1458.922,0,1725.090,0,111.070,2147,1718,1.400,1.810,1.270,3,0,0,0,0,18,312,0,23,0
14-05 09:40:35,18.719,2.496,77.869,0,0,5324276,189472,172744,2318588,8739.336,7171.966,0,331.444,0,17.970,1916,1544,1.400,1.810,1.270,2,0,0,0,0,18,313,0,23,0
14-05 09:40:36,18.539,4.259,74.408,1.253,0,5317760,195948,172744,2318628,6960.790,5361.391,96.204,2533.383,5.011,191.407,4424,6006,1.400,1.810,1.270,1,1,0,0,0,18,313,0,23,0
14-05 09:40:37,16.804,13.794,67.717,0,0,5298764,214824,172744,2318748,3995.821,2692.639,0,822.639,0,65.209,5113,4967,1.400,1.810,1.270,2,0,255.821,0,0,18,312,0,24,0
14-05 09:40:38,8.505,23.013,67.038,0.250,0,5308236,205324,172744,2318776,2599.493,1458.838,0,320.184,0,29.017,6304,5212,1.370,1.800,1.270,2,1,505.290,0,0,18,312,0,24,0
14-05 09:40:39,9.258,22.270,66.060,0.250,0,5311140,202396,172744,2318800,2480.270,1459.336,0,704.645,0,62.057,6567,5985,1.370,1.800,1.270,3,0,477.437,0,0,18,312,0,24,0
14-05 09:40:40,10.232,21.711,65.883,0.250,0,5307752,205760,172744,2318824,2790.044,1455.415,0,1964.511,0,119.787,6608,5901,1.370,1.800,1.270,2,0,475.156,0,0,18,312,0,24,0
14-05 09:40:41,8.263,23.537,67.104,0,0,5305624,207860,172744,2318852,2541.947,1460.267,0,188.292,0,24.037,6411,5464,1.370,1.800,1.270,2,0,496.771,0,0,18,312,0,24,0
14-05 09:40:42,9.001,21.753,67.010,0,0,5297352,216108,172744,2318876,2538.382,1458.220,0,40.006,0,10.002,6145,4867,1.370,1.800,1.270,2,0,459.069,0,0,18,312,0,24,0
14-05 09:40:43,9.999,22.748,66.246,0.250,0.250,5280416,233012,172744,2318908,2417.838,1457.902,0,227.985,0,23.998,6383,5561,1.420,1.800,1.270,2,0,451.970,0,0,18,312,0,24,0
14-05 09:40:44,9.501,22.502,65.505,0.250,0,5289848,223532,172744,2318956,2478.170,1458.100,0,540.037,0,39.003,6347,5658,1.420,1.800,1.270,2,0,452.031,0,0,18,312,0,24,0
14-05 09:40:45,14.979,15.728,67.907,0,0.749,5301368,211968,172748,2318996,4411.942,1456.001,0,159.781,0,11.984,5032,4256,1.420,1.800,1.270,2,0,278.617,0,0,18,312,0,22,0
14-05 09:40:46,18.925,9.214,69.725,0.747,0,5319940,292800,172768,2229820,2468.263,1452.271,15.937,4450.444,3.984,126.501,3100,3425,1.420,1.800,1.270,2,0,30.878,0,0,18,312,0,22,0
14-05 09:40:47,24.982,2.498,71.200,0.250,0,5324212,284620,172768,2233728,2296.377,1456.970,0,391.723,0,11.992,2257,1955,1.420,1.800,1.270,1,0,0.999,0,0,18,312,0,22,0
14-05 09:40:48,14.757,1.751,80.537,1.000,0,5321460,286796,172796,2234276,10492.803,5951.724,88.040,1092.500,11.005,24.011,1884,1603,1.390,1.790,1.270,1,0,16.007,0,0,18,313,0,22,0
14-05 09:40:49,13.266,2.002,79.095,4.005,0,5332476,274868,172876,2235108,15611.702,9487.365,712.854,2643.166,40.048,123.148,1975,2042,1.390,1.790,1.270,1,0,0,0,0,18,313,0,22,0
14-05 09:40:50,14.730,1.997,80.142,2.497,0,5330452,275996,172988,2235892,22409.848,13169.281,383.484,1470.022,36.950,56.923,1943,1954,1.390,1.790,1.270,1,0,0,0,0,18,313,0,22,0
14-05 09:40:51,18.512,1.501,76.551,2.001,0,5347264,257988,173060,2237020,12243.079,7768.126,992.655,1000.660,37.024,41.027,1801,1551,1.390,1.790,1.270,1,0,0,0,0,18,313,0,22,0
14-05 09:40:52,17.500,1.000,78.000,2.000,0,5352184,251840,173104,2238196,15891.094,10066.059,964.006,992.006,38.000,33.000,1792,1550,1.390,1.790,1.270,1,0,0,0,0,18,313,0,22,0
14-05 09:40:53,24.341,4.517,64.491,5.521,0,5371932,215948,173156,2254284,18596.474,10988.050,7628.499,1176.395,73.274,49.184,2694,2079,1.280,1.760,1.260,1,1,5.019,0,0,18,313,0,22,0
14-05 09:40:54,41.880,6.232,48.112,2.991,0,5433000,138080,173156,2271080,4026.472,1453.838,4993.703,1372.072,74.786,59.829,3448,2448,1.280,1.760,1.260,4,0,6.980,0,0,18,313,0,22,0
14-05 09:40:55,32.935,5.489,59.133,0.749,0,5412968,147596,173156,2281576,2669.698,1455.110,255.493,16343.541,1.996,116.768,3085,2296,1.280,1.760,1.260,2,0,0.998,0,0,18,313,0,22,0
14-05 09:40:56,24.276,2.252,71.077,0.501,0,5410920,136852,173156,2294148,2600.804,1459.574,32.035,1141.230,1.001,51.055,2516,2683,1.280,1.760,1.260,1,0,0,0,0,18,313,0,22,0
14-05 09:40:57,23.329,3.763,70.990,1.003,0,5393228,168200,173060,2281232,2546.609,1462.945,0,4190.164,0,448.516,2613,2365,1.280,1.760,1.260,1,0,1.003,0,0,18,313,0,22,0
14-05 09:40:58,23.421,2.242,71.758,1.246,0,5382884,167688,173060,2292112,2557.381,1560.740,0,2495.590,0,107.637,2545,2431,1.250,1.740,1.260,1,0,0,0,0,18,313,0,22,0
14-05 09:40:59,23.246,2.000,71.739,0.500,0,5365164,163584,173084,2313672,2537.595,1457.767,0,1407.775,0,47.992,2234,2032,1.250,1.740,1.260,2,0,0,0,0,18,313,0,22,0
14-05 09:41:00,23.510,3.001,70.781,0.750,0,5381448,156704,173116,2304012,3138.393,1632.725,0,1840.817,0,71.032,2514,2473,1.250,1.740,1.260,1,0,0,0,0,18,312,0,22,0
14-05 09:41:01,23.604,3.516,72.571,0,0.251,5318840,219260,173116,2303992,2790.341,1464.477,0,389.724,0,13.058,2230,1725,1.250,1.740,1.260,1,0,19.084,0,0,18,312,0,19,0
14-05 09:41:02,18.399,2.735,77.078,0.249,0,5333968,199700,173120,2308420,8453.727,3787.270,0,1280.988,0,12.929,1961,1664,1.250,1.740,1.260,1,0,15.913,0,0,18,312,0,19,0
14-05 09:41:03,29.806,5.761,62.869,0,0,5332916,199460,173120,2309712,2723.157,1460.766,0,4.008,0,1.002,3132,14572,2.270,1.950,1.330,1,0,39.074,0,0,18,312,0,20,0
14-05 09:41:04,19.728,2.248,77.165,0,0,5348736,182588,173120,2310760,9099.940,4525.997,0,511.435,0,11.987,1818,1478,2.270,1.950,1.330,1,0,15.982,0,0,18,313,0,20,0
14-05 09:41:05,22.987,5.997,67.962,0.500,0,5340644,186148,173308,2314964,3015.308,1631.085,0,7575.750,0,239.865,8682,16013,2.270,1.950,1.330,1,0,10.994,0,0,18,312,0,17,0
14-05 09:41:06,22.828,4.265,71.997,0,0.251,5340576,185896,173332,2315268,2500.594,1517.214,0,369.269,0,8.028,3005,3590,2.270,1.950,1.330,1,0,8.028,0,0,18,312,0,17,0
14-05 09:41:07,21.925,6.229,69.512,0,0,5337848,188404,173372,2315432,2409.741,1453.020,0,83.713,0,0.997,7922,16301,2.270,1.950,1.330,1,0,15.945,0,0,18,312,0,17,0
14-05 09:41:08,23.030,4.756,71.092,0.250,0.250,5311508,226312,173380,2304080,2661.436,1459.885,0,2262.921,0,29.037,2334,2005,2.170,1.930,1.330,1,0,2.003,0,0,18,312,0,17,0
14-05 09:41:09,23.470,3.995,71.409,0.250,0,5318780,219044,173384,2304104,2534.782,1456.151,0,503.361,0,28.963,2939,2819,2.170,1.930,1.330,1,0,49.937,0,0,18,312,0,14,0
14-05 09:41:10,23.745,4.999,67.486,0,0,5329664,208144,173384,2304120,2854.407,1457.697,0,255.947,0,11.998,10091,18906,2.170,1.930,1.330,2,0,6.999,0,0,18,312,0,14,0
14-05 09:41:11,18.826,3.263,77.062,0.251,0,5351108,186680,173384,2304140,10040.693,3877.716,0,397.611,0,26.106,2275,2179,2.170,1.930,1.330,1,0,33.134,0,0,18,313,0,14,0
14-05 09:41:12,23.420,3.239,72.502,0,0,5331884,200264,173384,2309780,2989.767,1668.290,0,629.844,0,6.976,2082,1617,2.170,1.930,1.330,2,0,1.993,0,0,18,312,0,14,0
14-05 09:41:13,19.507,2.751,76.528,0,0,5338380,193664,173384,2309868,8340.015,3670.327,0,404.146,0,12.004,2225,1931,2.080,1.910,1.330,2,0,17.006,0,0,18,313,0,10,0
14-05 09:41:14,23.848,3.765,71.292,0.251,0.251,5336028,190820,173384,2314952,3728.257,2546.421,0,1365.588,0,46.189,4217,6678,2.080,1.910,1.330,1,0,8.033,0,0,18,312,0,10,0
14-05 09:41:15,23.201,5.987,68.856,0,0,5331436,194940,173384,2315408,2876.971,1562.725,0,407.147,0,14.969,7053,12496,2.080,1.910,1.330,1,0,8.981,0,0,18,312,0,10,0
14-05 09:41:16,22.198,7.233,68.339,0,0.249,5323684,202528,173384,2315572,2605.859,1508.445,0,654.458,0,15.962,10103,18654,2.080,1.910,1.330,2,0,18.955,0,0,18,312,0,10,0
14-05 09:41:17,22.508,4.752,72.026,0,0,5281160,256564,173396,2304144,2779.022,1458.536,0,340.125,0,11.004,2076,1606,2.080,1.910,1.330,1,0,2.001,0,0,18,312,0,10,0
14-05 09:41:18,24.336,2.760,72.255,0,0,5292716,245004,173396,2304148,2727.643,1463.173,0,774.739,0,164.582,2372,1742,1.990,1.900,1.330,1,0,21.075,0,0,18,312,0,9,0
14-05 09:41:19,21.666,5.479,70.476,0.498,0,5290896,246804,173404,2304160,4229.551,1559.933,0,573.769,0,6.973,3207,2675,1.990,1.900,1.330,1,0,93.636,0,0,18,312,0,9,0
14-05 09:41:20,24.771,5.004,69.310,0,0,5292864,235492,173972,2312920,2931.528,1513.305,0,12254.567,0,81.070,2605,2295,1.990,1.900,1.330,1,0,4.003,0,0,18,314,0,9,0
14-05 09:41:21,19.942,2.243,76.279,0.249,0,5305868,220132,174108,2315060,8475.390,3825.891,0,1044.966,0,27.919,2047,1779,1.990,1.900,1.330,1,0,15.954,0,0,18,314,0,9,0
14-05 09:41:22,17.032,1.503,80.403,0.250,0,5321632,204004,174124,2315392,14386.447,7381.082,4.008,669.277,1.002,18.034,1697,1466,1.990,1.900,1.330,1,0,0,0,0,18,315,0,7,0
14-05 09:41:23,12.218,1.496,84.032,0.748,0,5321216,204004,174124,2315808,42399.924,15407.001,0,1627.774,0,57.850,1796,1774,1.910,1.880,1.320,0,0,0,0,0,18,315,0,7,0
14-05 09:41:24,10.537,1.505,84.801,1.756,0,5321132,203752,174224,2316044,138070.661,12734.254,4.014,1417.036,1.004,63.225,1820,2017,1.910,1.880,1.320,2,0,0,0,0,18,316,0,7,0
14-05 09:41:25,17.430,1.743,78.433,0.249,0,5345100,179560,174228,2316240,14445.600,9123.118,3.984,14314.132,0.996,122.505,1917,1849,1.910,1.880,1.320,2,0,0,0,0,18,316,0,7,0
14-05 09:41:26,16.570,1.255,80.841,0.753,0,5348572,175780,174228,2316548,19147.758,12109.072,0,1317.557,0,54.229,1949,2110,1.910,1.880,1.320,1,0,0,0,0,18,316,0,7,0
14-05 09:41:27,11.457,1.245,84.437,0.249,0,5352224,171748,174268,2316872,301182.777,12763.612,0,868.774,0,28.893,2091,2037,1.910,1.880,1.320,0,1,0.996,0,0,18,316,0,7,0
14-05 09:41:28,7.523,1.755,88.023,1.505,0,5352156,171272,174504,2317168,113245.884,20005.987,28.087,3490.816,4.012,256.796,2023,2203,1.760,1.850,1.320,0,0,0,0,0,18,316,0,7,0
14-05 09:41:29,15.739,2.498,80.196,0.999,0,5351680,171272,174568,2317572,32025.454,13526.900,103.930,1718.844,5.996,69.953,1964,1843,1.760,1.850,1.320,0,0,5.996,0,0,18,316,0,7,0
14-05 09:41:30,6.028,3.767,86.903,0.251,0.251,5360456,151168,174588,2328832,1511499.951,58287.205,4.019,58430.871,1.005,264.225,4634,3735,1.760,1.850,1.320,3,0,1.005,0,0,18,318,0,4,0
14-05 09:41:31,2.988,2.241,91.626,0,0,5356932,150692,174592,2332828,2272047.928,64309.275,0,16687.825,0,75.691,3915,3477,1.760,1.850,1.320,1,0,0.996,0,0,18,318,0,4,0
14-05 09:41:32,3.505,1.502,91.627,0,0.501,5349228,153936,174604,2337244,2346683.875,57632.692,0,3949.461,0,9.012,4467,3209,1.760,1.850,1.320,1,0,1.001,0,0,18,318,0,4,0
14-05 09:41:33,3.235,1.742,92.074,0.249,0,5349760,151528,174644,2339080,2215036.401,61711.527,0,1031.230,0,18.913,4453,2799,1.780,1.860,1.320,0,0,0.995,0,0,18,318,0,4,0
14-05 09:41:34,3.762,2.257,91.041,0,0,5347056,148252,174644,2345060,2098610.999,50439.296,0,108.346,0,6.019,4289,3665,1.780,1.860,1.320,1,0,0,0,0,18,318,0,2,0
14-05 09:41:35,3.498,0.999,90.952,0,0,5343860,146824,174644,2349684,2460563.929,86828.370,0,0,0,0,5014,3441,1.780,1.860,1.320,0,0,0,0,0,18,318,0,2,0
14-05 09:41:36,1.999,1.750,90.475,2.749,0,5344368,142048,174644,2353936,2460638.414,92464.914,0,4986.647,0,289.921,4610,3048,1.780,1.860,1.320,0,0,0,0,0,18,318,0,2,0
14-05 09:41:37,1.752,0.751,95.832,0,0,5344436,141572,174644,2354448,525313.006,22627.427,0,44.038,0,4.003,1721,1540,1.780,1.860,1.320,0,0,1.001,0,0,18,318,0,2,0
14-05 09:41:38,3.746,2.498,90.915,0.250,0,5347384,133376,174656,2359652,1788034.890,54239.308,0,10066.592,0,13.987,3253,4051,1.640,1.820,1.310,1,0,0.999,0,0,18,318,0,1,0
14-05 09:41:39,4.752,1.751,91.293,0.500,0,5348616,124584,174696,2367172,986044.503,35691.705,164.077,2885.350,4.002,176.082,3077,2657,1.640,1.820,1.310,0,0,0,0,0,18,318,0,1,0
14-05 09:41:40,16.739,2.248,77.698,0.749,0,5345532,123588,174856,2371076,520281.811,15683.474,0,1902.723,0,71.952,3098,2944,1.640,1.820,1.310,1,0,0.999,0,0,18,318,0,1,0
14-05 09:41:41,22.276,4.005,72.085,1.001,0,5346456,133732,177416,2357460,2406.844,1405.661,0,4637.480,0,111.131,2631,2641,1.640,1.820,1.310,1,0,0,0,0,18,318,0,1,0
14-05 09:41:42,23.978,2.747,71.184,0.250,0,5353976,162988,178044,2321728,4140.190,1402.709,0,1094.992,0,23.978,2327,2026,1.640,1.820,1.310,1,0,0,0,0,18,318,0,1,0
14-05 09:41:43,23.790,3.005,72.122,0.250,0,5358984,148012,178308,2331204,2514.252,1352.287,0,276.468,0,12.020,2266,1880,1.580,1.810,1.310,2,0,0,0,0,18,318,0,1,0
14-05 09:41:44,23.271,3.003,72.565,0.751,0,5375032,126208,178764,2335732,2356.097,1405.251,0,2061.835,0,87.077,2364,2211,1.580,1.810,1.310,2,0,0,0,0,18,318,0,1,0
14-05 09:41:45,22.695,3.242,71.825,0.249,0,5365840,128936,179452,2340536,2594.692,1400.595,0,1376.653,0,51.874,2261,1970,1.580,1.810,1.310,3,0,0,0,0,18,318,0,1,0
14-05 09:41:46,23.517,3.503,71.051,1.001,0,5363772,124452,180136,2346140,2705.941,1405.008,0,2141.536,0,69.050,2586,2388,1.580,1.810,1.310,1,0,1.001,0,0,18,318,0,1,0
14-05 09:41:47,26.833,3.009,68.462,0.502,0,5370280,131668,180732,2331988,2772.590,1408.363,0,2355.297,0,102.317,2793,2717,1.580,1.810,1.310,1,0,4.012,0,0,18,318,0,1,0
14-05 09:41:48,29.969,4.745,63.434,0,0,5413740,129476,181620,2289912,2567.311,1390.544,0,1650.272,0,15.983,2997,2656,1.540,1.800,1.310,3,0,1.998,0,0,18,318,0,3,0
14-05 09:41:49,23.446,3.741,71.337,0.998,0,5417268,131020,182296,2284340,2518.247,1400.800,0,2973.208,0,229.476,2468,2222,1.540,1.800,1.310,2,0,0,0,0,18,318,0,3,0
14-05 09:41:50,23.857,2.511,72.074,0.502,0.502,5416080,118696,182996,2296996,4300.318,1410.336,0,1816.159,0,67.302,2486,2407,1.540,1.800,1.310,1,0,0,0,0,18,318,0,3,0
14-05 09:41:51,23.391,3.733,70.671,0.249,0.249,5348956,218644,183156,2263740,3179.188,1690.126,0,12067.777,0,116.457,2412,1994,1.540,1.800,1.310,3,0,1.991,0,0,18,316,0,3,0
14-05 09:41:52,18.490,3.498,77.207,0,0,5385216,182364,183156,2263752,8139.460,3578.004,0,439.755,0,2.998,2096,1608,1.540,1.800,1.310,1,0,32.982,0,0,18,317,0,3,0
14-05 09:41:53,35.462,5.744,57.688,0.250,0,5405204,156740,183156,2269204,2729.067,1588.293,255.725,942.986,1.998,6.992,2824,1752,1.490,1.780,1.310,2,0,5.994,0,0,18,316,0,3,0
14-05 09:41:54,41.540,8.008,49.548,0,0,5417932,143572,183156,2269480,4500.371,1844.792,512.498,408.397,4.004,12.012,3316,2178,1.490,1.780,1.310,4,0,22.021,0,0,18,317,0,3,0
14-05 09:41:55,30.298,4.757,64.101,0.501,0,5395716,187016,183156,2248356,9089.325,4110.478,256.404,1093.724,2.003,29.046,2675,1943,1.490,1.780,1.310,1,0,5.008,0,0,18,316,0,3,0
14-05 09:41:56,22.475,7.242,67.674,0.250,0,5399212,183028,183156,2248816,2507.172,1348.479,0,279.685,0,11.986,10017,18593,1.490,1.780,1.310,2,0,11.986,0,0,18,316,0,3,0
14-05 09:41:57,24.528,5.256,68.078,0,0,5419640,162392,183156,2248976,3888.446,1351.546,0,320.366,0,3.003,9736,18368,1.490,1.780,1.310,2,0,7.008,0,0,18,316,0,3,0
14-05 09:41:58,19.999,6.750,71.746,0,0,5415504,166312,183164,2249148,2509.865,1349.928,0,2267.878,0,9.000,2287,1721,1.450,1.770,1.310,1,0,13.999,0,0,18,316,0,3,0
14-05 09:41:59,21.942,5.485,72.058,0.249,0,5356448,237232,183180,2237796,2443.503,1346.420,0,1132.987,0,29.920,2046,1618,1.450,1.770,1.310,1,0,0.997,0,0,18,316,0,3,0
14-05 09:42:00,22.283,3.756,70.855,1.001,0,5369392,222456,183336,2239472,2590.823,1351.995,737.088,1382.039,59.087,186.275,2459,2318,1.450,1.770,1.310,1,0,5.007,0,0,18,316,0,3,0
14-05 09:42:01,20.327,3.513,72.275,3.262,0.251,5384356,204468,183604,2242204,2338.902,1355.158,1180.493,1758.693,120.458,16.061,2342,2256,1.450,1.770,1.310,1,0,0,0,0,18,317,0,3,0
14-05 09:42:02,24.544,4.508,67.871,1.252,0.250,5382708,205544,183608,2242768,2574.587,1352.409,400.714,1258.242,24.043,170.303,6370,9216,1.450,1.770,1.310,2,0,0,0,0,18,319,0,8,0
14-05 09:42:03,27.673,11.967,57.840,0.997,0,5332632,254952,183608,2243436,2503.066,1346.271,446.762,1208.652,20.942,163.547,7136,20951,1.420,1.760,1.300,1,0,139.613,0,0,18,318,0,9,0
14-05 09:42:04,9.729,19.209,68.352,0.998,0.249,5341184,245836,183608,2244000,2384.852,1347.092,399.138,1584.580,3.991,100.782,5540,4566,1.420,1.760,1.300,0,1,324.300,0,0,18,318,0,9,0
14-05 09:42:05,15.325,4.522,71.349,8.039,0,5325004,241320,183608,2264696,2599.727,1356.642,20902.328,245.200,1333.528,11.054,3536,4454,1.420,1.760,1.300,0,1,20.098,0,0,18,318,0,11,0
14-05 09:42:06,5.222,2.487,84.799,4.974,0,5328740,233032,183608,2269248,3119.396,2447.970,4539.836,4289.170,858.431,176.063,2510,3902,1.420,1.760,1.300,0,0,5.968,0,0,18,319,0,11,0
14-05 09:42:07,1.250,0.750,96.779,0,0,5328736,233032,183612,2269248,22193.568,3416.011,0,124.037,0,11.003,1029,1459,1.420,1.760,1.300,0,0,1.000,0,0,18,319,0,10,0
14-05 09:42:08,51.964,8.284,38.659,0,0,5081868,479884,183612,2269264,29357.013,2872.842,4.017,144.596,1.004,13.054,3885,2175,1.460,1.760,1.310,2,0,17.070,0,0,18,300,0,15,0
14-05 09:42:09,68.702,13.691,18.669,0,0,5057560,504172,183612,2269268,2306.006,1290.407,3.983,103.551,0.996,12.944,4294,2465,1.460,1.760,1.310,4,0,7.965,0,0,18,296,0,15,0
14-05 09:42:10,85.217,14.580,0,0,0,5170288,391304,183612,2269404,2406.200,1303.149,0,2928.063,0,420.306,5434,2570,1.460,1.760,1.310,4,0,1.006,0,0,18,296,0,15,0
14-05 09:42:11,86.349,10.981,0.250,1.747,0,5233464,327780,183612,2269752,2445.728,1347.646,159.721,439.233,5.990,21.962,5019,2800,1.460,1.760,1.310,6,0,3.993,0,0,18,298,0,18,0
14-05 09:42:12,82.426,15.736,1.748,0,0,5191264,369316,183612,2270612,2493.759,1294.836,255.770,27775.035,1.998,521.531,7207,8328,1.460,1.760,1.310,7,0,6.994,0,0,18,292,0,20,0
14-05 09:42:13,79.932,10.524,9.522,0,0,5264384,295820,183612,2271012,2321.272,1298.950,256.583,248.565,2.005,27.061,5955,6003,1.830,1.830,1.330,3,0,5.011,0,0,18,288,0,23,0
14-05 09:42:14,62.629,9.981,26.948,0,0,5310696,249484,183612,2271036,2251.641,1335.415,511.011,115.776,3.992,7.985,4771,3480,1.830,1.830,1.330,5,0,7.985,0,0,18,288,0,23,0
14-05 09:42:15,45.040,5.255,46.792,0.751,0,5364284,194180,183616,2272748,2529.246,1351.200,408.363,924.821,11.010,30.027,6482,9734,1.830,1.830,1.330,2,0,0,0,0,18,296,0,25,0
14-05 09:42:16,36.712,5.744,55.442,0.250,0.250,5424716,165560,183604,2241340,60831.513,30749.908,43.954,439.541,3.996,41.956,5466,7667,1.830,1.830,1.330,2,0,1.998,0,0,18,296,0,31,0
14-05 09:42:17,27.951,6.489,63.140,0.499,0.250,5432624,157488,183608,2241500,71394.329,34786.255,3.993,88868.814,0.998,689.795,5255,4990,1.830,1.830,1.330,4,0,0.998,0,0,18,296,0,31,0
14-05 09:42:18,24.427,4.985,68.295,0.748,0,5338540,251344,183608,2241736,54467.888,26468.736,31.904,1308.083,1.994,13.958,3924,4308,1.840,1.830,1.340,1,0,0.997,0,0,18,294,0,32,0
14-05 09:42:19,14.025,1.252,81.646,0.751,0,5338760,251092,183608,2241768,38283.337,17588.396,4.007,1470.625,1.002,92.165,2656,2993,1.840,1.830,1.340,1,0,0,0,0,18,293,0,32,0
14-05 09:42:20,2.500,1.000,95.486,0.500,0,5338752,251092,183612,2241772,2170.680,1133.833,0,3267.519,0,166.975,1457,2406,1.840,1.830,1.340,0,0,0,0,0,18,293,0,32,0
14-05 09:42:21,1.500,1.000,95.504,0.500,0,5338208,251636,183612,2241772,2094.080,1134.043,0,10184.388,0,1183.045,1430,1545,1.840,1.830,1.340,0,0,0,0,0,18,293,0,32,0
14-05 09:42:22,1.246,0.997,96.414,0,0,5338172,251636,183612,2241808,3701.110,1130.064,0,207.278,0,10.962,959,1348,1.840,1.830,1.340,1,0,0,0,0,18,293,0,32,0
14-05 09:42:23,1.254,2.258,94.313,0.251,0,5338404,251396,183612,2241816,2175.227,1191.960,0,59385.302,0,475.580,1995,2559,1.690,1.800,1.330,0,0,0,0,0,18,293,0,32,0
14-05 09:42:24,1.751,0.750,96.280,0.500,0,5338404,251396,183612,2241820,1974.619,1134.355,0,168.053,0,18.006,1117,1675,1.690,1.800,1.330,0,0,0,0,0,18,293,0,32,0
14-05 09:42:25,1.755,1.003,96.276,0.251,0,5336888,252908,183612,2241824,2357.761,1137.261,0,276.794,0,26.075,1191,1841,1.690,1.800,1.330,0,0,0,0,0,18,293,0,32,0
14-05 09:42:26,1.245,0.249,95.397,0.249,0,5334448,255308,183612,2241864,2265.618,1129.820,31.882,259.042,0.996,31.882,1327,2164,1.690,1.800,1.330,0,0,0,0,0,18,293,0,32,0
14-05 09:42:27,2.002,1.251,96.112,0,0,5332116,257628,183612,2241876,2290.664,1189.383,0,272.317,0,20.023,1196,1730,1.690,1.800,1.330,0,0,1.001,0,0,18,293,0,32,0
14-05 09:42:28,1.745,0.498,96.447,0.249,0.249,5330084,259656,183616,2241876,2326.693,1130.450,0,175.449,0,7.975,975,1395,1.560,1.770,1.320,0,0,0,0,0,18,293,0,32,0
14-05 09:42:29,3.256,1.753,93.174,0.501,0,5326588,263152,183616,2241876,2158.040,1136.127,0,669.253,0,63.118,1737,2396,1.560,1.770,1.320,0,0,6.011,0,0,18,293,0,32,0
14-05 09:42:30,1.251,0.500,96.322,0.250,0,5326588,263152,183616,2241876,4031.003,1228.916,0,516.385,0,38.028,1189,1785,1.560,1.770,1.320,1,0,0,0,0,18,293,0,32,0
14-05 09:42:31,1.498,0.999,96.894,0,0,5325840,263900,183616,2241876,2285.493,1186.699,0,0,0,0,907,1265,1.560,1.770,1.320,0,0,0,0,0,18,293,0,32,0
14-05 09:42:32,1.251,0.501,96.848,0,0,5324648,265088,183616,2241880,2216.250,1135.152,0,0,0,0,945,1294,1.560,1.770,1.320,0,0,0,0,0,18,293,0,32,0
14-05 09:42:33,6.510,12.771,78.125,1.252,0,5325536,264004,183616,2242076,2944.729,1622.606,180.290,2964.761,9.014,36.058,4065,3582,1.430,1.740,1.310,2,0,287.462,0,0,18,293,0,32,0
14-05 09:42:34,8.759,20.271,70.073,0,0.250,5351228,238276,183616,2242112,2748.859,1567.630,0,68.071,0,6.006,6291,5443,1.430,1.740,1.310,1,0,471.490,0,0,18,293,0,32,0
14-05 09:42:35,7.487,20.464,69.380,0,0.250,5348880,240596,183616,2242140,4628.966,1617.193,0,111.806,0,12.977,6294,5420,1.430,1.740,1.310,2,0,457.207,0,0,18,293,0,32,0
14-05 09:42:36,8.022,22.311,67.936,0.251,0,5345844,243544,183616,2242228,3100.484,1516.149,32.088,352.966,1.003,30.082,6528,5885,1.430,1.740,1.310,1,0,522.429,0,0,18,293,0,32,0
14-05 09:42:37,9.195,19.633,69.587,0.249,0,5339176,250164,183620,2242272,3000.179,1449.391,19.882,0,0.994,0,6164,5231,1.430,1.740,1.310,0,1,454.301,0,0,18,293,0,32,0
14-05 09:42:38,11.026,3.258,72.671,11.778,0.251,5351208,188556,183792,2291676,2812.637,1569.704,49689.244,152.359,430.015,5.012,1922,1827,1.400,1.730,1.310,1,0,2.005,0,0,18,293,0,32,0
14-05 09:42:39,18.251,3.750,73.255,2.500,0,5381584,157988,183928,2291732,3031.191,2134.135,184.012,772.049,9.001,79.005,3401,3758,1.400,1.730,1.310,0,0,26.002,0,0,18,294,0,32,0
14-05 09:42:40,1.751,1.001,95.551,0.500,0,5381568,157988,183928,2291748,18038.606,2239.192,0,584.311,0,43.023,1275,1932,1.400,1.730,1.310,0,0,0,0,0,18,294,0,32,0
14-05 09:42:41,1.999,0.500,95.217,0,0,5378088,161276,183928,2291940,202485.455,7143.511,0,115.960,0,13.995,1459,1825,1.400,1.730,1.310,0,0,0,0,0,18,294,0,32,0
14-05 09:42:42,1.501,1.251,95.585,0,0,5378420,160548,183928,2292336,430682.225,15667.905,0,1016.902,0,220.195,1737,1690,1.400,1.730,1.310,0,0,0,0,0,18,294,0,32,0
14-05 09:42:43,2.744,1.497,93.783,0.249,0,5378624,159792,183928,2292976,685873.366,24728.723,0,3356.226,0,101.764,2340,2026,1.290,1.700,1.310,0,0,0,0,0,18,294,0,32,0
14-05 09:42:44,2.756,1.253,93.939,0.251,0,5377644,159816,184060,2293800,890043.617,31883.108,0,2068.158,0,2.004,2546,2264,1.290,1.700,1.310,0,1,0,0,0,18,294,0,32,0
14-05 09:42:45,3.008,1.253,93.998,0.501,0,5378316,159084,184064,2293864,64968.731,3114.232,136.360,160.424,4.011,14.037,1596,2168,1.290,1.700,1.310,1,0,1.003,0,0,18,294,0,32,0
14-05 09:42:46,3.240,1.994,92.705,0.249,0,5380556,156584,184064,2294124,258957.489,9312.350,0,314.997,0,20.933,1887,2299,1.290,1.700,1.310,1,0,2.990,0,0,18,294,0,32,0
14-05 09:42:47,5.001,1.500,91.268,0,0,5378260,158476,184064,2294528,419252.637,15669.163,0,136.027,0,13.003,2334,2480,1.290,1.700,1.310,1,0,3.001,0,0,18,294,0,32,0
14-05 09:42:48,2.496,1.997,94.114,0,0.250,5376052,160128,184072,2295076,583225.323,20363.543,0,1322.088,0,8.987,2100,1910,1.180,1.670,1.300,0,0,0,0,0,18,294,0,30,0
14-05 09:42:49,6.279,1.507,89.660,1.005,0,5374656,161436,184072,2295164,151028.188,5624.742,0,948.340,0,74.340,2420,3319,1.180,1.670,1.300,1,0,0,0,0,18,294,0,30,0
14-05 09:42:50,5.480,1.495,89.925,0.498,0.249,5372856,162960,184076,2295436,192183.990,5593.771,0,1231.546,0,102.629,2541,3638,1.180,1.670,1.300,0,0,0,0,0,18,294,0,30,0
14-05 09:42:51,1.500,0.750,96.499,0,0.250,5371592,164120,184076,2295540,101911.763,3785.954,0,395.995,0,13.000,1110,1460,1.180,1.670,1.300,0,0,0,0,0,18,294,0,30,0
14-05 09:42:52,2.001,1.251,95.070,0,0,5370184,165152,184076,2295916,402990.209,11532.505,0,588.434,0,12.009,1698,1848,1.180,1.670,1.300,0,0,0,0,0,18,294,0,30,0
14-05 09:42:53,6.247,1.749,86.956,2.249,0,5380652,154336,184224,2296120,234384.111,6380.763,199.899,1659.158,11.994,240.878,1990,2102,1.090,1.650,1.290,0,1,1.999,0,0,18,293,0,31,0
14-05 09:42:54,11.789,7.776,70.484,9.532,0,5408352,134792,184660,2288148,1846.125,1083.595,7003.234,15912.793,150.499,178.593,3636,4149,1.090,1.650,1.290,1,1,51.170,0,0,18,293,0,31,0
14-05 09:42:55,8.507,15.263,69.811,4.003,0.250,5404160,128576,184736,2298440,2024.756,1026.890,0,20125.452,0,1884.634,9130,13212,1.090,1.650,1.290,1,0,135.117,0,0,18,293,0,31,0
14-05 09:42:56,23.272,7.507,66.564,1.001,0,5399128,131344,184736,2300672,1813.736,972.931,16.015,3723.564,1.001,291.279,3986,4207,1.090,1.650,1.290,1,0,31.030,0,0,18,293,0,31,0
14-05 09:42:57,23.980,7.244,66.195,1.249,0,5401412,128276,184736,2301440,2078.287,1079.110,0,4812.033,0,274.774,3810,3670,1.090,1.650,1.290,1,0,30.974,0,0,18,293,0,31,0
14-05 09:42:58,23.963,7.489,67.148,0.749,0,5397644,131452,184736,2302016,1883.131,1024.439,0,1162.230,0,71.890,3172,2604,1.080,1.640,1.290,1,0,23.963,0,0,18,293,0,31,0
14-05 09:42:59,24.423,5.483,68.283,0.498,0,5395256,131144,184776,2304300,1925.894,968.928,0,941.016,0,56.820,3171,3118,1.080,1.640,1.290,1,0,17.943,0,0,18,293,0,31,0
14-05 09:43:00,22.480,4.996,68.689,2.248,0,5377100,145736,184820,2307372,2334.919,1079.038,51.954,1590.582,12.988,79.929,2944,2919,1.080,1.640,1.290,1,0,13.988,0,0,18,293,0,31,0
14-05 09:43:01,21.873,4.526,71.403,1.760,0,5378980,143272,184820,2307444,2258.747,1031.823,44.250,0,9.051,0,3753,4720,1.080,1.640,1.290,1,0,16.091,0,0,18,293,0,31,0
14-05 09:43:02,10.901,7.681,69.868,9.663,0,5437056,160920,183996,2233964,2093.078,963.292,2065.329,5422.975,95.140,105.050,2575,2472,1.080,1.640,1.290,1,0,15.857,0,0,18,293,0,31,0
14-05 09:43:03,19.638,9.315,61.431,9.315,0,5432252,162936,184024,2236252,2240.724,1087.632,2316.254,269.894,82.580,16.113,3648,13173,1.070,1.620,1.290,1,0,61.431,0,0,18,293,0,32,0
14-05 09:43:04,15.990,6.746,72.206,3.498,0,5443888,147984,184028,2236428,1969.801,1025.376,75.954,103.937,6.996,6.996,2028,1604,1.070,1.620,1.290,1,0,12.992,0,0,18,293,0,26,0
14-05 09:43:05,22.723,3.995,71.916,1.249,0,5437460,151748,184032,2239088,2186.449,970.867,219.744,2684.867,10.987,18.978,2435,2025,1.070,1.620,1.290,1,0,20.976,0,0,18,293,0,26,0
14-05 09:43:06,20.493,1.999,72.475,3.749,0,5430532,158620,184064,2239108,2199.249,1079.631,59.980,247.915,10.996,21.992,1922,1481,1.070,1.620,1.290,1,0,4.998,0,0,18,293,0,26,0
14-05 09:43:07,2.498,4.246,89.674,2.248,0,5361796,287324,184064,2179428,1944.358,1067.099,2234.114,0,42.964,0,1504,1648,1.070,1.620,1.290,0,0,13.988,0,0,18,293,0,26,0
14-05 09:43:08,2.751,0.750,95.788,0,0,5348716,300404,184064,2179428,1812.722,1014.404,0,204.081,0,12.005,1244,1709,0.990,1.600,1.280,0,0,1.000,0,0,18,293,0,21,0
14-05 09:43:09,2.251,1.001,94.556,0.500,0,5336192,312924,184064,2179432,1841.081,1080.634,0,1408.827,0,250.147,1570,2325,0.990,1.600,1.280,0,0,0,0,0,18,293,0,21,0
14-05 09:43:10,1.748,0.499,96.121,0,0.250,5336192,312924,184064,2179432,2020.289,1024.625,0,215.711,0,21.971,1204,1781,0.990,1.600,1.280,0,0,0,0,0,18,293,0,21,0
14-05 09:43:11,1.502,1.001,96.354,0,0,5335556,313556,184064,2179436,1813.952,973.047,0,172.185,0,20.022,1153,1739,0.990,1.600,1.280,0,0,0,0,0,18,293,0,21,0
14-05 09:43:12,0.500,1.001,97.596,0,0,5334188,314924,184064,2179436,1841.812,1081.064,0,104.102,0,7.007,897,1282,0.990,1.600,1.280,0,0,0,0,0,18,293,0,15,0
14-05 09:43:13,1.249,0.500,96.422,0.500,0,5332988,316120,184064,2179440,1824.525,1025.171,3.997,471.619,0.999,30.975,1013,1425,0.910,1.570,1.270,0,0,0,0,0,18,293,0,15,0
14-05 09:43:14,0.750,0.750,97.477,0,0,5332300,316800,184064,2179448,1571.632,971.772,0,2307.459,0,155.963,937,1270,0.910,1.570,1.270,0,0,2.000,0,0,18,293,0,15,0
14-05 09:43:15,2.252,0.751,96.085,0,0,5332540,316576,184064,2179448,3600.194,1080.959,0,108.096,0,16.014,1110,1627,0.910,1.570,1.270,0,0,0,0,0,18,293,0,15,0
14-05 09:43:16,1.248,0.250,97.371,0.250,0,5332540,316576,184064,2179448,1823.588,1024.645,0,223.704,0,14.980,846,1237,0.910,1.570,1.270,0,0,0,0,0,18,293,0,3,0
14-05 09:43:17,0.501,0.501,97.120,0,0,5332540,316576,184064,2179448,1934.386,973.200,0,0,0,0,833,1191,0.910,1.570,1.270,0,0,1.001,0,0,18,293,0,3,0
14-05 09:43:18,1.750,0.750,97.259,0,0.250,5332540,316576,184064,2179448,1840.166,1080.098,0,0,0,0,972,1341,0.840,1.540,1.270,1,0,0,0,0,18,293,0,3,0
14-05 09:43:19,1.746,0.748,95.282,0,0.499,5332536,316576,184064,2179452,2103.180,1185.284,0,706.381,0,135.689,1428,2053,0.840,1.540,1.270,0,0,0,0,0,18,293,0,3,0
14-05 09:43:20,1.250,1.000,95.988,0.250,0,5332524,316576,184064,2179464,4214.489,1403.830,4.000,339.959,1.000,28.996,1139,1713,0.840,1.540,1.270,0,0,0,0,0,18,293,0,2,0
14-05 09:43:21,1.252,0.501,96.870,0,0,5332524,316576,184064,2179464,2453.034,1351.672,0,60.074,0,9.011,921,1304,0.840,1.540,1.270,0,0,0,0,0,18,293,0,2,0
14-05 09:43:22,1.747,1.248,95.099,1.248,0,5332728,316328,184064,2179508,2713.693,1455.689,11.981,0,2.995,0,957,1267,0.840,1.540,1.270,0,0,0,0,0,18,293,0,2,0
14-05 09:43:23,1.502,0.501,96.632,0,0,5332716,316328,184064,2179520,2587.533,1405.919,0,204.279,0,15.021,950,1332,0.770,1.520,1.260,0,0,0,0,0,18,293,0,2,0
14-05 09:43:24,1.001,0.250,96.832,0.250,0,5332716,316328,184064,2179520,2271.926,1351.146,0,164.139,0,18.015,994,1520,0.770,1.520,1.260,2,0,0,0,0,18,293,0,2,0
14-05 09:43:25,2.000,1.000,95.741,0.250,0,5332716,316328,184064,2179520,4294.586,1457.860,0,247.976,0,22.998,1226,1790,0.770,1.520,1.260,0,0,0,0,0,18,293,0,2,0
14-05 09:43:26,1.750,0.750,95.747,0.250,0,5332716,316328,184064,2179520,2717.902,1457.948,0,79.997,0,12.000,1175,1705,0.770,1.520,1.260,0,0,0,0,0,18,293,0,2,0
14-05 09:43:27,1.251,0.750,96.797,0,0,5332712,316328,184064,2179524,2645.278,1404.678,0,108.052,0,8.004,1083,1585,0.770,1.520,1.260,0,0,1.000,0,0,18,293,0,2,0
14-05 09:43:28,1.248,0.749,96.376,0,0,5332712,316328,184064,2179524,2326.998,1348.260,0,0,0,0,899,1205,0.710,1.490,1.250,0,0,0,0,0,18,293,0,2,0
14-05 09:43:29,2.500,1.500,94.507,0.250,0,5332708,316328,184064,2179528,2478.172,1458.101,0,3044.212,0,74.005,1540,2099,0.710,1.490,1.250,2,0,3.000,0,0,18,293,0,2,0
14-05 09:43:30,1.999,1.749,94.452,0,0,5333212,315824,184068,2179524,2783.579,1497.236,0,395.798,0,39.980,1262,1859,0.710,1.490,1.250,0,0,2.998,0,0,18,293,0,2,0
14-05 09:43:31,1.502,0.250,97.156,0,0,5333208,315824,184068,2179528,2453.930,1352.165,0,0,0,0,894,1183,0.710,1.490,1.250,0,0,0,0,0,18,293,0,2,0
14-05 09:43:32,2.499,0.500,95.703,0,0,5333204,315824,184068,2179532,5512.285,3389.330,0,11.994,0,1.000,953,1254,0.710,1.490,1.250,0,0,0,0,0,18,294,0,2,0
14-05 09:43:33,6.251,0.750,91.021,0.250,0,5333196,315824,184068,2179540,19067.318,8650.959,0,220.050,0,16.004,1476,1585,0.730,1.480,1.250,0,0,0,0,0,18,293,0,2,0
14-05 09:43:34,0.750,1.750,95.999,0.250,0,5333188,315824,184072,2179544,2597.985,1457.992,0,61279.649,0,89.999,1056,1350,0.730,1.480,1.250,0,0,0,0,0,18,293,0,2,0
14-05 09:43:35,1.750,0.750,96.225,0,0,5333188,315824,184072,2179544,2526.345,1349.650,0,891.769,0,175.954,1215,1603,0.730,1.480,1.250,0,0,0,0,0,18,293,0,2,0
14-05 09:43:36,1.000,0.500,96.254,0.250,0,5333184,315824,184072,2179548,2344.098,1404.058,0,344.014,0,27.001,981,1363,0.730,1.480,1.250,0,0,0,0,0,18,293,0,2,0
14-05 09:43:37,10.553,3.769,78.140,7.286,0,5350720,296168,184264,2181476,3937.669,1465.319,2134.663,36.181,486.430,3.015,2128,2440,0.730,1.480,1.250,1,0,6.030,0,0,18,293,0,2,0
14-05 09:43:38,14.217,2.744,79.568,1.247,0,5354380,291688,184380,2181932,12311.764,9606.967,191.561,15.963,21.950,0.998,2998,3656,0.670,1.460,1.240,1,0,0,0,0,18,298,0,2,0
14-05 09:43:39,23.934,3.989,71.055,0.499,0,5357488,288384,184380,2182140,6392.476,2265.789,67.814,1144.862,4.986,53.852,2802,2806,0.670,1.460,1.240,1,0,4.986,0,0,18,299,0,3,0
14-05 09:43:40,16.765,1.501,80.320,0,0.250,5365012,280824,184380,2182176,12535.906,11108.664,16.014,212.185,1.001,20.017,2437,2497,0.670,1.460,1.240,1,0,1.001,0,0,18,302,0,3,0
14-05 09:43:41,20.231,3.996,73.681,0.250,0,5380268,265368,184380,2182376,12126.572,10443.159,47.955,319.699,2.997,37.964,2952,3146,0.670,1.460,1.240,0,0,6.993,0,0,18,305,0,4,0
14-05 09:43:42,22.519,4.504,70.810,0.250,0.250,5369256,276232,184380,2182524,24172.456,12961.969,0,2706.290,0,164.139,3269,3352,0.670,1.460,1.240,0,0,5.004,0,0,18,303,1,5,0
14-05 09:43:43,14.522,3.255,80.874,0.250,0,5372904,272548,184380,2182560,11352.471,10258.788,16.025,404.623,1.002,18.028,2482,2543,0.620,1.430,1.240,1,0,5.008,0,0,18,303,0,6,0
14-05 09:43:44,13.770,2.754,82.369,0,0.250,5368464,276976,184380,2182572,13046.848,11918.218,0,204.295,0,20.029,2284,2423,0.620,1.430,1.240,1,0,5.007,0,0,18,303,0,7,0
14-05 09:43:45,15.227,4.244,78.384,0.250,0.250,5382936,262464,184380,2182612,13102.531,11772.507,0,295.561,0,31.953,2853,3179,0.620,1.430,1.240,2,0,2.996,0,0,18,303,0,7,1
14-05 09:43:46,58.603,7.764,29.552,3.757,0,5135740,509460,184380,2182812,4357.691,1526.694,356.629,68.120,16.028,7.012,4128,2318,0.620,1.430,1.240,3,0,21.037,0,0,18,293,0,10,0
14-05 09:43:47,70.683,13.487,14.236,1.998,0,5144672,500344,184380,2183148,2521.608,1402.669,151.856,131.875,11.989,11.989,4823,2860,0.620,1.430,1.240,2,2,8.991,0,0,18,291,0,10,0
14-05 09:43:48,86.761,12.502,0,0.250,0,5252236,392740,184380,2183188,2358.305,1458.188,40.005,8.001,4.001,1.000,4859,2088,0.890,1.480,1.250,4,0,0,0,0,18,291,0,10,0
14-05 09:43:49,82.896,12.021,0.250,5.259,0,5303128,339820,184380,2185216,2362.161,1460.573,1751.085,436.769,93.164,31.055,4935,2466,0.890,1.480,1.250,3,1,3.005,0,0,18,291,0,10,0
14-05 09:43:50,76.005,13.164,0.497,8.942,0,5362472,274328,184380,2191364,4120.145,1341.258,5881.663,2225.494,426.222,183.802,5646,4898,0.890,1.480,1.250,5,0,1.987,0,0,18,291,0,13,0
14-05 09:43:51,73.782,10.791,14.807,0,0,5318592,317092,184380,2192580,18192.461,8020.624,28.107,5456.835,4.015,681.602,7287,8923,0.890,1.480,1.250,3,0,8.031,0,0,18,291,0,17,0
14-05 09:43:52,55.619,6.235,35.916,0,0,5407160,228500,184380,2192604,27538.236,12933.583,0,0,0,0,4939,4576,0.890,1.480,1.250,4,0,0.998,0,0,18,289,0,17,0
14-05 09:43:53,44.839,7.264,45.340,1.503,0,5431884,202128,184380,2194284,2274.533,1352.696,541.078,1174.341,30.060,25.050,6137,10855,1.060,1.500,1.260,3,0,1.002,0,0,18,292,0,18,0
14-05 09:43:54,27.700,5.989,64.882,0.749,0,5380392,253044,184380,2194936,42909.818,23333.486,3.993,690.741,0.998,62.885,4213,6415,1.060,1.500,1.260,0,0,2.995,0,0,18,287,0,22,0
14-05 09:43:55,28.499,1.500,69.497,0,0,5380860,252540,184380,2194972,93660.099,45088.122,0,159.993,0,13.999,3096,2275,1.060,1.500,1.260,1,0,0,0,0,18,287,0,22,0
14-05 09:43:56,21.936,1.994,74.035,0.249,0.249,5398852,234396,184380,2195124,49104.183,23983.246,31.907,267.223,1.994,28.916,3089,3177,1.060,1.500,1.260,0,0,0,0,0,18,294,0,22,0
14-05 09:43:57,15.043,1.504,81.985,0.251,0,5402100,231120,184380,2195152,40205.476,17986.660,0,353.014,0,22.063,2720,3203,1.060,1.500,1.260,0,0,1.003,0,0,18,295,0,22,0
14-05 09:43:58,1.496,0.748,96.230,0,0,5402100,231120,184380,2195152,2143.992,1346.228,0,103.709,0,7.978,1024,1414,0.970,1.480,1.250,0,0,0,0,0,18,295,0,22,0
14-05 09:43:59,1.003,0.752,97.034,0,0,5402000,231220,184380,2195152,2290.709,1408.124,0,0,0,0,945,1346,0.970,1.480,1.250,0,0,0,0,0,18,295,0,22,0
14-05 09:44:00,1.742,0.996,95.572,0.249,0,5400128,233092,184380,2195152,2424.151,1451.504,0,669.006,0,47.786,1218,1881,0.970,1.480,1.250,0,0,0,0,0,18,295,0,22,0
14-05 09:44:01,1.751,0.500,96.082,0.250,0,5397988,235232,184380,2195152,2151.832,1351.150,0,248.211,0,21.018,1041,1542,0.970,1.480,1.250,0,0,0,0,0,18,295,0,22,0
14-05 09:44:02,1.003,0.502,97.826,0,0,5396336,236884,184380,2195152,2351.832,1408.691,0,0,0,0,890,1365,0.970,1.480,1.250,0,0,0,0,0,18,295,0,22,0
14-05 09:44:03,3.760,2.757,92.496,0.251,0,5398852,234368,184380,2195760,2304.125,1461.886,0,160.426,0,19.051,1662,4511,0.980,1.470,1.250,4,0,34.091,0,0,18,295,0,22,0
14-05 09:44:04,6.482,2.244,89.002,0,0,5392620,240592,184380,2195160,2291.625,1453.955,0,243.323,0,20.942,2105,9700,0.980,1.470,1.250,0,0,1.994,0,0,18,295,0,23,0
14-05 09:44:05,1.001,0.250,97.336,0,0,5392368,240844,184380,2195160,2349.087,1351.200,0,0,0,0,891,1329,0.980,1.470,1.250,0,0,0,0,0,18,295,0,23,0
14-05 09:44:06,1.249,0.749,96.143,0.250,0,5392340,240872,184380,2195160,2700.981,1402.432,0,8035.018,0,974.910,1400,1514,0.980,1.470,1.250,0,0,0,0,0,18,295,0,22,0
14-05 09:44:07,1.751,0.750,95.283,0.250,0,5393344,239864,184380,2195164,2538.887,1500.524,0,172.060,0,24.008,1251,2005,0.980,1.470,1.250,0,0,1.000,0,0,18,295,0,22,0
14-05 09:44:08,2.250,0.500,95.997,0.250,0,5393344,239864,184380,2195164,2389.936,1349.964,0,31.999,0,3.000,1105,1566,0.900,1.450,1.250,0,0,0,0,0,18,295,0,22,0
14-05 09:44:09,1.499,0.750,96.713,0,0,5393340,239864,184380,2195168,2403.077,1445.445,0,99.962,0,13.995,1034,1557,0.900,1.450,1.250,2,0,0,0,0,18,295,0,22,0
14-05 09:44:10,2.001,1.001,95.305,0.250,0,5393088,240116,184380,2195168,2616.506,1458.840,0,520.299,0,41.024,1339,2009,0.900,1.450,1.250,0,0,0,0,0,18,295,0,22,0
14-05 09:44:11,24.280,8.511,59.825,6.258,0,5389624,242292,184396,2196424,2837.564,1698.133,1117.404,172.216,84.106,20.025,3630,3290,0.900,1.450,1.250,3,0,73.092,0,0,18,291,0,24,0
14-05 09:44:12,34.439,4.242,59.893,0,0.250,5076848,555252,184396,2196412,2445.644,2026.390,0,163.708,0,8.984,2558,1726,0.900,1.450,1.250,2,0,6.988,0,0,18,291,0,24,0
14-05 09:44:13,23.327,4.264,71.738,0.502,0.251,5108200,523820,184400,2196488,2411.989,1408.666,76.253,433.436,6.020,31.103,2389,2166,0.910,1.440,1.240,1,0,0,0,0,18,291,0,24,0
14-05 09:44:14,22.505,2.501,72.517,1.500,0,5129204,502700,184400,2196604,2358.561,1458.347,104.025,216.051,10.002,15.004,1952,1514,0.910,1.440,1.240,0,1,0,0,0,18,291,0,24,0
14-05 09:44:15,22.433,4.736,69.543,2.243,0,5171984,458880,184400,2197644,2399.874,1346.003,223.337,3.988,20.938,0.997,2839,4381,0.910,1.440,1.240,2,0,7.976,0,0,18,293,0,24,0
14-05 09:44:16,22.810,4.512,72.189,0,0,5224852,405992,184412,2197672,2470.484,1548.063,4.011,136.358,1.003,7.018,2383,1999,0.910,1.440,1.240,2,0,10.026,0,0,18,295,0,26,0
14-05 09:44:17,23.283,5.007,71.100,0.250,0,5300896,329928,184412,2197692,2481.503,1460.061,0,220.311,0,24.034,2562,2438,0.910,1.440,1.240,1,0,6.008,0,0,18,295,0,26,0
14-05 09:44:18,22.649,3.236,71.930,0.249,0,5306436,324384,184416,2197692,2357.518,1451.546,3.982,278.761,0.996,20.907,2125,1684,0.910,1.430,1.240,1,0,0,0,0,18,295,0,26,0
14-05 09:44:19,13.487,1.748,83.668,0.250,0,5320612,310020,184416,2197880,2387.657,1348.677,0,67.933,0,5.994,1537,1528,0.910,1.430,1.240,0,0,0.999,0,0,18,295,0,26,0
14-05 09:44:20,1.999,0.500,95.936,0,0,5320836,309796,184416,2197880,4152.227,1403.063,0,399.733,0,65.956,1169,1691,0.910,1.430,1.240,0,0,0,0,0,18,295,0,26,0
14-05 09:44:21,1.502,1.001,96.376,0.250,0,5319480,311152,184416,2197880,2481.242,1550.025,0,1077.408,0,132.173,1069,1487,0.910,1.430,1.240,1,0,0,0,0,18,295,0,26,0
14-05 09:44:22,1.748,0.999,96.165,0,0.500,5317780,312812,184416,2197920,2327.937,1348.805,0,3.996,0,0.999,935,1347,0.910,1.430,1.240,0,0,0,0,0,18,295,0,26,0
14-05 09:44:23,2.003,0.751,95.873,0,0,5316128,314464,184416,2197920,3963.068,1405.798,0,116.149,0,12.015,1234,1797,0.840,1.410,1.240,0,0,0,0,0,18,295,0,26,0
14-05 09:44:24,1.497,0.748,96.034,0,0,5311040,319552,184416,2197920,2352.707,1594.413,0,993.764,0,23.946,1104,1679,0.840,1.410,1.240,1,0,0,0,0,18,295,0,26,0
14-05 09:44:25,1.752,0.501,96.855,0,0,5306816,323776,184416,2197920,2677.891,1351.459,0,0,0,0,1074,1496,0.840,1.410,1.240,0,0,0,0,0,18,295,0,26,0
14-05 09:44:26,1.497,0.998,95.814,0.250,0,5304004,326584,184416,2197924,2325.492,1455.179,0,115.776,0,14.971,1189,1782,0.840,1.410,1.240,0,0,0,0,0,18,295,0,26,0
14-05 09:44:27,2.002,1.501,93.843,1.001,0,5301380,329208,184416,2197924,2406.381,1405.390,0,2610.583,0,179.177,1812,2947,0.840,1.410,1.240,1,0,1.001,0,0,18,295,0,26,0
14-05 09:44:28,1.503,0.501,96.423,0,0,5299300,331284,184416,2197928,2482.442,1460.614,0,408.731,0,26.047,1034,1449,0.770,1.380,1.230,0,0,0,0,0,18,295,0,26,0
14-05 09:44:29,1.499,0.999,95.919,0,0,5297484,333096,184416,2197932,2595.817,1456.775,0,99.916,0,11.990,1136,1661,0.770,1.380,1.230,0,0,0,0,0,18,295,0,26,0
14-05 09:44:30,2.003,1.752,94.877,0.250,0,5296312,334268,184416,2197932,2834.781,1445.929,0,260.347,0,23.031,1317,1779,0.770,1.380,1.230,0,0,6.008,0,0,18,295,0,26,0
14-05 09:44:31,1.498,0.499,96.653,0,0.250,5294700,335880,184416,2197932,2775.209,1546.445,0,0,0,0,992,1327,0.770,1.380,1.230,0,0,0,0,0,18,295,0,26,0
14-05 09:44:32,1.000,0.500,97.477,0,0,5293040,337540,184416,2197932,2643.387,1403.674,0,0,0,0,876,1278,0.770,1.380,1.230,0,0,0,0,0,18,295,0,26,0
14-05 09:44:33,2.254,0.751,95.924,0.250,0,5292056,338520,184416,2197936,2662.842,1460.656,0,280.510,0,25.046,1254,1860,0.710,1.360,1.220,0,0,0,0,0,18,295,0,26,0
14-05 09:44:34,1.248,0.749,96.626,0,0,5291112,339464,184416,2197936,2386.943,1348.273,0,235.698,0,20.973,948,1426,0.710,1.360,1.220,0,0,0,0,0,18,295,0,26,0
14-05 09:44:35,1.001,0.500,97.088,0,0,5291112,339464,184416,2197936,4164.770,1405.272,0,0,0,0,904,1317,0.710,1.360,1.220,0,0,0,0,0,18,295,0,26,0
14-05 09:44:36,1.750,1.000,96.486,0,0,5290856,339716,184416,2197940,2477.652,1457.795,0,63.991,0,5.999,1027,1420,0.710,1.360,1.220,0,0,0,0,0,18,295,0,26,0
14-05 09:44:37,2.499,0.500,94.961,0.500,0,5291108,339464,184416,2197940,2389.019,1391.429,0,4630.098,0,606.751,1652,2277,0.710,1.360,1.220,0,0,1.000,0,0,18,295,0,26,0
14-05 09:44:38,1.249,1.000,96.209,0.250,0,5291108,339464,184416,2197940,2476.949,1457.382,0,271.885,0,20.991,994,1475,0.650,1.340,1.220,0,0,0,0,0,18,295,0,26,0
14-05 09:44:39,2.498,0.500,95.187,0,0,5291096,339464,184416,2197952,2282.489,1403.071,0,239.841,0,31.979,1364,2141,0.650,1.340,1.220,0,0,0,0,0,18,295,0,26,0
14-05 09:44:40,2.502,0.500,94.825,0.751,0,5291088,339464,184416,2197960,2557.021,1459.153,0,480.380,0,48.038,1377,2134,0.650,1.340,1.220,0,0,0,0,0,18,295,0,26,0
14-05 09:44:41,1.501,1.251,96.049,0.250,0,5291088,339464,184416,2197960,2419.228,1598.812,0,84.043,0,12.006,1169,1738,0.650,1.340,1.220,0,0,0,0,0,18,295,0,26,0
14-05 09:44:42,5.511,11.524,80.916,0,0,5294760,335780,184416,2197972,2422.965,1551.179,24.049,0,2.004,0,3792,3395,0.650,1.340,1.220,1,0,234.481,0,0,18,295,0,23,0
14-05 09:44:43,20.225,7.241,70.911,0,0,5344208,286300,184416,2198004,2235.183,1456.165,0,383.517,0,31.960,3082,2804,0.680,1.330,1.210,1,0,76.903,0,0,18,295,0,23,0
14-05 09:44:44,19.240,3.248,76.961,0.250,0,5371664,258844,184416,2198004,8170.899,7138.417,0,187.906,0,11.994,1915,1618,0.680,1.330,1.210,1,0,0,0,0,18,296,0,23,0
14-05 09:44:45,21.078,2.760,74.023,0.753,0.251,5371832,258340,184416,2198340,6843.200,5531.369,353.301,594.188,29.107,76.281,4094,5321,0.680,1.330,1.210,1,0,1.004,0,0,18,296,0,25,0
14-05 09:44:46,36.149,7.230,54.847,0.499,0.249,5381876,248052,184416,2198584,3903.133,2762.309,23.933,650.190,2.992,81.772,4865,5601,0.680,1.330,1.210,2,0,25.928,0,0,18,295,0,21,0
14-05 09:44:47,42.108,8.471,46.593,1.744,0,5425772,203980,184416,2198760,4124.068,3392.539,139.529,207.300,5.980,23.919,3670,3041,0.680,1.330,1.210,1,0,8.970,0,0,18,296,0,21,0
14-05 09:44:48,41.290,6.757,50.800,0,0,5466396,162932,184416,2199184,39359.367,37043.109,348.340,0,22.021,0,5031,5205,0.790,1.340,1.220,4,0,1.001,0,0,18,297,0,34,0
14-05 09:44:49,12.070,17.351,68.900,0,0.251,5435620,193676,184416,2199216,3027.569,1840.681,0,245.424,0,21.123,5622,4930,0.790,1.340,1.220,2,0,343.996,0,0,18,295,0,36,0
14-05 09:44:50,12.947,10.457,73.949,0.498,0,5437272,191992,184416,2199248,15423.146,3228.841,0,454.149,0,32.866,3759,3323,0.790,1.340,1.220,2,0,130.468,0,0,18,295,0,38,0
14-05 09:44:51,22.496,4.249,72.238,0.500,0,5470448,158728,184424,2199328,2477.579,1457.752,75.987,343.942,4.999,69.988,2098,1730,0.790,1.340,1.220,1,0,2.000,0,0,18,295,0,35,0
14-05 09:44:52,23.228,2.997,71.931,0,0,5507316,121852,184424,2199336,2655.471,1456.613,3.996,187.821,0.999,36.965,1960,1598,0.790,1.340,1.220,1,0,0,0,0,18,295,0,35,0
14-05 09:44:53,20.999,3.750,69.745,4.250,0,5505484,146180,184160,2177468,2777.818,1457.905,2243.853,3551.767,231.985,178.988,2889,3269,0.800,1.340,1.220,1,0,0,0,0,18,295,0,35,0
14-05 09:44:54,23.020,4.254,71.563,0.751,0,5470272,179264,184192,2179496,2600.293,1459.287,840.741,704.621,80.071,23.020,2353,2416,0.800,1.340,1.220,1,0,3.003,0,0,18,295,0,35,0
14-05 09:44:55,23.357,3.767,71.077,1.507,0,5508844,140484,184192,2179704,2807.921,1464.740,16.074,389.794,3.014,4.018,2423,2374,0.800,1.340,1.220,2,0,0,0,0,18,296,0,26,0
14-05 09:44:56,24.400,4.233,68.468,0.996,0,5508876,140260,184196,2179892,2826.376,1452.028,31.869,979.970,1.992,128.472,6659,9562,0.800,1.340,1.220,1,0,0.996,0,0,18,296,0,29,0
14-05 09:44:57,23.995,2.749,68.985,1.750,0,5513384,134972,184196,2180672,2657.430,1457.687,683.853,2855.387,47.990,194.958,4024,5091,0.800,1.340,1.220,4,0,1.000,0,0,18,301,0,29,0
14-05 09:44:58,31.638,5.022,60.515,2.009,0,5527504,153984,183468,2148496,7049.820,4207.393,530.318,2711.855,29.127,295.291,5533,7912,0.900,1.350,1.220,2,0,1.004,0,0,18,307,0,31,0
14-05 09:44:59,8.952,0.995,87.284,0.497,0,5528112,153316,183472,2148552,6932.994,4103.099,15.915,962.861,0.995,77.586,2351,3224,0.900,1.350,1.220,0,0,0.995,0,0,18,305,0,34,0
14-05 09:45:00,9.756,1.501,86.303,0.500,0.250,5530572,150796,183472,2148612,6861.242,3671.270,16.010,1020.631,1.001,80.049,2635,3613,0.900,1.350,1.220,0,0,0,0,0,18,305,0,34,0
14-05 09:45:01,11.993,2.249,83.203,0.999,0,5531824,149284,183472,2148872,16898.434,7883.537,87.950,779.559,6.996,102.942,2971,3840,0.900,1.350,1.220,0,0,2.998,0,0,18,306,0,34,0
14-05 09:45:02,17.314,3.262,77.788,0.502,0.251,5523900,157104,183472,2148976,13665.593,6308.355,28.104,5877.761,2.007,765.835,4504,5830,0.900,1.350,1.220,3,0,0,0,0,18,309,0,35,0
14-05 09:45:03,25.178,4.487,66.062,1.994,0,5524716,155944,183472,2149320,2351.302,1453.858,107.693,2369.251,5.983,307.125,7320,10666,0.990,1.360,1.230,1,0,0,0,0,18,308,0,36,0
14-05 09:45:04,33.181,7.734,53.638,3.493,0,5536232,144052,183472,2149696,5291.958,3577.535,39.917,7392.574,2.994,547.857,8177,21392,0.990,1.360,1.230,1,0,35.925,0,0,18,309,0,41,0
14-05 09:45:05,8.270,1.253,87.465,0.251,0,5536892,143296,183472,2149792,23364.434,11127.353,0,902.218,0,78.192,2178,2788,0.990,1.360,1.230,1,0,0,0,0,18,309,0,41,0
14-05 09:45:06,15.739,1.749,80.192,0.999,0,5536540,143584,183472,2149856,26342.802,12747.710,0,887.353,0,103.924,3479,4263,0.990,1.360,1.230,0,0,0,0,0,18,307,0,41,0
14-05 09:45:07,20.501,4.750,71.504,1.250,0,5537300,142576,183472,2150104,2358.121,1458.075,0,1644.084,0,240.012,6314,9203,0.990,1.360,1.230,4,0,1.000,0,0,18,308,0,41,0
14-05 09:45:08,25.362,5.524,66.292,1.758,0.251,5538408,141320,183476,2150248,2428.689,1506.631,0,3503.420,0,308.357,7290,10578,1.070,1.370,1.230,2,0,1.004,0,0,18,308,0,43,0
14-05 09:45:09,18.892,3.480,74.822,0.994,0,5539432,140060,183476,2150484,6561.440,4155.214,0,3002.811,0,297.298,4984,7421,1.070,1.370,1.230,0,0,0,0,0,18,307,0,44,0
14-05 09:45:10,13.514,3.003,79.832,1.251,0,5539244,140060,183476,2150672,5617.738,4009.095,0,3079.145,0,273.279,3703,5332,1.070,1.370,1.230,0,0,0,0,0,18,308,0,45,0
14-05 09:45:11,6.516,1.253,88.974,1.003,0,5539432,139808,183500,2150712,3671.231,1636.114,0,4491.293,0,305.769,2565,3973,1.070,1.370,1.230,1,0,0,0,0,18,308,0,45,0
14-05 09:45:12,11.974,2.245,83.072,0.998,0,5539840,139332,183500,2150780,6824.368,4171.057,0,894.083,0,138.703,3295,5010,1.070,1.370,1.230,0,0,0,0,0,18,307,0,47,0
14-05 09:45:13,22.757,2.501,73.523,0.750,0,5537128,141800,183500,2151024,2732.836,1598.489,148.045,1608.492,8.002,110.034,4097,4752,1.060,1.360,1.230,1,0,0,0,0,18,308,0,47,0
14-05 09:45:14,8.725,0.748,86.747,0.499,0,5537196,141576,183500,2151180,24531.571,12299.188,0,1156.632,0,99.710,2299,3028,1.060,1.360,1.230,1,0,0,0,0,18,309,0,47,0
14-05 09:45:15,10.781,1.755,85.746,0.501,0,5534428,144300,183500,2151224,14233.884,6434.482,0,954.742,0,121.349,2761,3809,1.060,1.360,1.230,5,0,2.006,0,0,18,308,0,46,0
14-05 09:45:16,16.465,1.746,79.331,0.748,0.249,5534828,143852,183500,2151272,33105.534,14915.252,0,1165.519,0,132.718,3247,4164,1.060,1.360,1.230,1,0,0,0,0,18,308,0,46,0
14-05 09:45:17,21.622,4.274,70.397,1.509,0,5535132,143352,183500,2151468,11338.961,5938.498,0,2047.550,0,250.413,6193,8855,1.060,1.360,1.230,1,0,1.006,0,0,18,307,0,46,1
14-05 09:45:18,26.282,4.005,67.082,1.001,0,5536264,142092,183500,2151596,2661.272,1459.795,0,2875.535,0,253.311,7007,10012,1.060,1.360,1.230,1,0,0,0,0,18,308,0,47,0
14-05 09:45:19,24.905,4.981,67.494,0.747,0,5535940,142108,183500,2151904,2528.393,1452.481,0,8400.082,0,989.241,7280,9538,1.060,1.360,1.230,1,0,1.992,0,0,18,308,0,47,0
14-05 09:45:20,24.951,5.739,65.121,1.747,0,5536608,141352,183500,2151992,2609.823,1455.114,0,7553.019,0,537.933,7781,11902,1.060,1.360,1.230,2,0,0,0,0,18,308,0,49,0
14-05 09:45:21,18.951,3.740,74.805,0.748,0,5537892,139616,183500,2152444,2591.236,1454.204,0,1895.054,0,137.641,5388,7577,1.060,1.360,1.230,1,0,0.997,0,0,18,309,0,50,0
14-05 09:45:22,5.008,1.252,92.390,0,0.501,5537844,139616,183500,2152492,4158.308,1460.215,4.006,228.346,1.002,12.018,1645,2034,1.060,1.360,1.230,0,0,1.002,0,0,18,310,0,50,0
14-05 09:45:23,4.506,1.001,92.120,0.250,0,5537904,139504,183500,2152544,2421.152,1459.901,0,120.156,0,15.020,1653,2158,0.970,1.330,1.220,0,0,0,0,0,18,310,0,50,0
14-05 09:45:24,15.054,3.513,78.282,1.004,0,5538376,139000,183504,2152572,2366.522,1463.269,0,1112.004,0,162.585,4887,7237,0.970,1.330,1.220,3,0,0,0,0,18,310,0,50,0
14-05 09:45:25,25.676,4.986,64.812,2.243,0,5538780,138272,183508,2152892,2400.041,1346.097,0,3015.257,0,361.950,7701,11451,0.970,1.330,1.220,2,0,0,0,0,18,310,0,50,0
14-05 09:45:26,24.867,4.019,68.322,1.005,0,5539712,137264,183512,2152964,2489.732,1464.903,0,1302.136,0,136.644,6677,9297,0.970,1.330,1.220,1,0,0,0,0,18,310,0,50,0
14-05 09:45:27,29.330,4.723,61.643,1.491,0,5553308,146660,181432,2132740,2284.751,1449.594,270.432,8244.193,15.908,426.527,6644,9193,0.970,1.330,1.220,1,0,0.994,0,0,18,309,0,54,0
14-05 09:45:28,8.004,1.751,87.791,1.000,0.250,5553476,146436,181468,2132760,9600.485,6193.894,0,6086.844,0,377.176,2658,4055,0.900,1.310,1.210,1,0,0,0,0,18,311,0,54,0
14-05 09:45:29,18.490,2.249,76.709,0.999,0,5554080,145680,181504,2132876,24392.027,11171.059,63.966,1411.249,3.998,165.912,3718,4609,0.900,1.310,1.210,0,0,0,0,0,18,309,0,55,0
14-05 09:45:30,7.252,3.251,87.276,0.500,0,5554904,144672,181512,2133052,2859.836,1552.454,0,1112.325,0,93.027,2651,3639,0.900,1.310,1.210,0,0,6.002,0,0,18,310,0,55,0
14-05 09:45:31,13.761,2.752,80.317,0.751,0,5563508,136008,181520,2133104,6855.698,4024.345,0,1541.281,0,132.110,3408,4638,0.900,1.310,1.210,0,0,0,0,0,18,309,0,59,0
14-05 09:45:32,13.949,2.242,80.704,0.996,0,5571556,127944,181528,2133112,6755.227,3655.594,0,685.486,0,88.675,3295,4208,0.900,1.310,1.210,2,0,0,0,0,18,309,0,64,0
14-05 09:45:33,14.800,2.007,81.277,0.753,0,5572500,126744,181544,2133352,25278.063,12595.885,0,5932.197,0,776.644,3437,4134,0.820,1.290,1.210,2,0,0,0,0,18,310,0,66,0
14-05 09:45:34,4.748,1.499,91.452,0.750,0,5572472,126744,181544,2133380,3661.082,1631.146,0,1035.458,0,119.937,2136,3156,0.820,1.290,1.210,3,0,0,0,0,18,310,0,67,0
14-05 09:45:35,14.507,2.001,80.290,0.750,0,5570108,129008,181572,2133452,21901.830,10468.176,0,1448.716,0,165.082,3402,4636,0.820,1.290,1.210,1,0,0,0,0,18,310,0,69,0
14-05 09:45:36,12.737,1.998,82.417,1.249,0,5570444,128504,181580,2133612,7018.894,3706.248,31.968,2073.900,1.998,158.839,3534,5068,0.820,1.290,1.210,0,0,0,0,0,18,309,0,70,0
14-05 09:45:37,14.743,3.498,77.964,1.749,0.250,5571200,127496,181624,2133820,7151.680,4029.130,0,7396.566,0,549.745,4326,6783,0.820,1.290,1.210,0,0,1.000,0,0,18,310,0,74,0
14-05 09:45:38,5.784,1.760,90.784,0.503,0,5571184,127496,181632,2133828,3925.096,1641.660,0,607.575,0,56.331,2005,2766,0.760,1.270,1.200,1,0,0,0,0,18,310,0,75,0
14-05 09:45:39,10.950,1.742,83.616,0.995,0,5571304,127272,181652,2133912,9973.258,4185.802,0,1321.937,0,178.183,3433,5179,0.760,1.270,1.200,0,0,0,0,0,18,309,0,79,0
14-05 09:45:40,7.751,2.000,88.515,0.500,0.250,5571272,127272,181668,2133928,2795.468,1458.244,0,672.112,0,65.011,2401,3350,0.760,1.270,1.200,0,0,0,0,0,18,309,0,80,0
14-05 09:45:41,6.487,1.247,90.063,0.499,0,5571860,126516,181668,2134096,2652.490,1454.978,0,606.740,0,64.865,2135,2975,0.760,1.270,1.200,0,0,0,0,0,18,309,0,81,0
14-05 09:45:42,5.511,1.503,91.677,0.501,0,5571860,126516,181680,2134084,2843.488,1460.820,0,565.091,0,56.108,1804,2527,0.760,1.270,1.200,0,0,0,0,0,18,309,0,82,0
14-05 09:45:43,5.750,1.000,90.256,0.250,0,5571792,126516,181680,2134152,4218.283,1458.098,0,628.042,0,67.004,2092,3056,0.700,1.250,1.190,0,0,0,0,0,18,309,0,82,0
14-05 09:45:44,6.265,1.504,91.216,0.251,0,5572548,125760,181680,2134152,3987.434,1461.458,0,601.423,0,61.145,1846,2554,0.700,1.250,1.190,0,1,0,0,0,18,310,0,84,0
14-05 09:45:45,7.725,1.246,88.468,0.997,0.249,5572308,125940,181684,2134208,11502.284,6770.388,0,992.831,0,127.593,2416,3541,0.700,1.250,1.190,1,0,0,0,0,18,309,0,84,0
14-05 09:45:46,14.510,2.752,79.306,1.001,0,5572808,125196,181688,2134432,11209.881,5884.137,0,1489.047,0,202.142,3975,5618,0.700,1.250,1.190,1,0,0,0,0,18,309,0,87,0
14-05 09:45:47,15.012,2.002,81.563,0.500,0,5573000,124944,181688,2134492,11150.600,5884.539,0,1148.886,0,99.076,3271,4152,0.700,1.250,1.190,1,0,1.001,0,0,18,311,0,91,0
14-05 09:45:48,18.558,2.508,75.235,2.006,0,5573660,124200,181712,2134552,22184.227,10296.130,0,2303.187,0,288.902,4727,6726,0.640,1.220,1.190,3,0,1.003,0,0,18,312,0,85,0
14-05 09:45:49,6.721,2.738,88.372,0.498,0,5579096,157372,179856,2098700,3997.913,1583.233,0,6751.146,0,416.221,2841,4469,0.640,1.220,1.190,2,0,2.987,0,0,18,312,0,85,0
14-05 09:45:50,17.503,3.250,76.511,1.250,0,5578152,158052,179856,2098964,7125.048,4313.635,16.002,1560.230,1.000,211.031,4279,6023,0.640,1.220,1.190,0,0,2.000,0,0,18,311,0,90,0
14-05 09:45:51,10.503,1.751,85.028,1.250,0,5579316,156824,179868,2099016,7272.354,4107.329,0,1544.500,0,144.047,3130,4425,0.640,1.220,1.190,0,0,0,0,0,18,311,0,91,0
14-05 09:45:52,10.995,1.999,83.960,0.500,0,5579500,156600,179872,2099052,7076.658,3667.268,0,811.617,0,103.951,3088,4222,0.640,1.220,1.190,2,0,0,0,0,18,311,0,80,0
14-05 09:45:53,6.755,1.501,90.317,0.250,0.250,5579444,156600,179872,2099108,3036.260,1459.086,0,240.179,0,21.016,2019,2629,0.590,1.200,1.180,1,0,0,0,0,18,312,0,81,0
14-05 09:45:54,14.241,1.749,80.697,0.999,0,5576016,159816,179888,2099304,26404.559,12838.520,0,6251.870,0,829.452,3835,4524,0.590,1.200,1.180,3,0,0,0,0,18,311,0,82,0
14-05 09:45:55,22.875,4.776,69.126,1.760,0,5575788,159816,179960,2099460,2749.970,1465.980,64.350,2083.341,2.011,266.450,6648,10062,0.590,1.200,1.180,2,0,0,0,0,18,312,0,82,0
14-05 09:45:56,26.422,4.487,63.811,2.243,0,5575408,159816,180028,2099772,2590.321,1453.690,63.811,5711.069,1.994,543.389,8216,13173,0.590,1.200,1.180,2,1,0.997,0,0,18,312,0,80,0
14-05 09:45:57,24.785,4.757,66.595,1.252,0,5577324,157548,180044,2100108,2421.443,1460.076,0,5475.786,0,386.550,7429,10836,0.590,1.200,1.180,1,0,1.001,0,0,18,312,0,81,0
14-05 09:45:58,5.715,1.739,89.942,0.994,0,5577240,157548,180056,2100180,2403.081,1449.004,0,3704.998,0,244.482,2481,3870,0.540,1.180,1.170,0,0,0,0,0,18,311,0,81,0
14-05 09:45:59,14.776,2.504,79.388,1.002,0,5577340,157296,180080,2100308,6790.808,4215.330,32.056,1442.508,1.002,195.340,3896,5727,0.540,1.180,1.170,0,0,0,0,0,18,311,0,84,0
14-05 09:46:00,9.510,2.002,85.843,1.502,0,5577244,157296,180124,2100360,8736.423,4133.458,0,1685.818,0,173.187,3025,4473,0.540,1.180,1.170,0,0,0,0,0,18,311,0,79,0
14-05 09:46:01,11.048,2.009,85.372,0.502,0.251,5577084,157296,180132,2100512,2850.429,1464.385,0,1020.450,0,95.416,3069,4026,0.540,1.180,1.170,2,0,0,0,0,18,312,0,80,0
14-05 09:46:02,7.212,0.746,89.280,0.746,0,5576944,157296,180144,2100640,8654.452,3649.791,15.916,1432.461,0.995,134.293,2272,3471,0.540,1.180,1.170,1,0,0,0,0,18,311,0,81,0
14-05 09:46:03,16.514,2.502,78.065,0.751,0.500,5577236,156792,180148,2100848,25298.065,12485.396,0,1701.417,0,189.158,3789,4988,0.740,1.210,1.180,0,0,0,0,0,18,312,0,83,0
14-05 09:46:04,27.505,7.251,61.510,2.000,0,5582680,151140,180168,2101004,16750.788,6298.048,0,11889.979,0,1153.192,7584,25498,0.740,1.210,1.180,2,0,36.006,0,0,18,313,0,79,0
14-05 09:46:05,28.002,4.250,64.255,2.000,0,5583428,150124,180200,2101236,11592.988,5905.503,0,3408.290,0,367.031,7283,10719,0.740,1.210,1.180,1,0,0,0,0,18,312,0,79,0
14-05 09:46:06,24.291,5.008,67.863,1.002,0,5583172,150248,180212,2101356,4152.941,1502.511,0,2307.857,0,157.263,7038,9837,0.740,1.210,1.180,1,0,0,0,0,18,312,0,79,0
14-05 09:46:07,24.923,5.732,65.297,1.745,0,5584256,148824,180240,2101668,2470.337,1453.492,0,2875.082,0,344.930,7577,11281,0.740,1.210,1.180,2,0,0.997,0,0,18,312,0,79,0
14-05 09:46:08,25.554,5.011,64.636,2.505,0,5584116,148572,180320,2101980,2483.230,1531.225,0,7792.413,0,644.357,8165,12777,1,1.260,1.200,1,0,0,0,0,18,312,0,75,0
14-05 09:46:09,26.755,4.001,68.262,1.000,0,5584872,147724,180336,2102056,2538.460,1458.264,0,2476.449,0,192.035,6693,9371,1,1.260,1.200,2,0,0,0,0,18,313,0,76,0
14-05 09:46:10,24.719,4.994,66.667,1.498,0,5584556,147724,180356,2102352,2851.470,1498.145,0,2472.939,0,292.638,7310,10296,1,1.260,1.200,4,0,0,0,0,18,312,0,76,0
14-05 09:46:11,25.992,4.499,64.730,1.999,0,5584768,147220,180372,2102628,2597.193,1457.547,0,3075.045,0,370.885,7651,11724,1,1.260,1.200,3,0,0,0,0,18,311,0,77,0
14-05 09:46:12,24.819,4.763,68.189,1.504,0,5585180,146716,180408,2102684,4410.202,1462.045,0,7083.599,0,479.326,6990,10285,1,1.260,1.200,1,0,0,0,0,18,312,0,75,0
14-05 09:46:13,12.906,2.234,81.901,0.745,0,5585900,145720,180416,2102952,2579.127,1447.409,0,1088.038,0,126.077,3922,5660,1.080,1.270,1.200,0,0,0,0,0,18,311,0,73,0
14-05 09:46:14,6.269,1.505,90.022,0.251,0,5585864,145720,180424,2102980,2545.694,1462.420,0,910.753,0,81.246,2218,3241,1.080,1.270,1.200,0,0,0,0,0,18,311,0,73,0
14-05 09:46:15,14.019,2.503,81.358,1.252,0,5586068,145468,180444,2103008,3053.055,1600.125,0,1369.819,0,165.219,3371,4881,1.080,1.270,1.200,1,0,0,0,0,18,312,0,77,0
14-05 09:46:16,4.514,1.003,92.785,0.502,0,5585968,145468,180448,2103104,8579.319,4069.484,0,722.216,0,66.203,1946,2766,1.080,1.270,1.200,1,0,2.006,0,0,18,312,0,79,0
14-05 09:46:17,19.751,2.250,75.253,1.000,0,5586328,144992,180476,2103192,17625.706,8268.331,0,2272.091,0,201.008,4134,5776,1.080,1.270,1.200,1,0,1.000,0,0,18,312,0,82,0
14-05 09:46:18,15.540,1.755,80.710,0.752,0,5586256,144992,180600,2103140,29187.981,14749.395,96.251,1058.756,4.010,97.253,2996,3545,1.070,1.270,1.200,0,0,0,0,0,18,312,0,82,0
14-05 09:46:19,14.181,2.488,80.854,0.746,0,5586460,144544,180620,2103364,4142.729,1689.732,0,7706.292,0,995.131,4051,5150,1.070,1.270,1.200,2,0,0,0,0,18,311,0,82,0
14-05 09:46:20,4.261,1.253,91.995,0.251,0,5587464,143536,180624,2103364,2802.465,1461.894,0,806.147,0,62.166,1792,2524,1.070,1.270,1.200,1,0,0,0,0,18,312,0,82,0
14-05 09:46:21,13.205,2.242,81.471,1.495,0,5584012,146680,180652,2103644,6636.248,4182.660,0,1873.577,0,217.255,3574,5291,1.070,1.270,1.200,0,0,0,0,0,18,311,0,80,0
14-05 09:46:22,14.244,3.249,79.216,0.750,0,5584452,145980,180664,2103892,7135.896,4194.175,0,1603.302,0,178.922,3815,5342,1.070,1.270,1.200,1,0,0,0,0,18,311,0,84,0
14-05 09:46:23,7.758,1.752,87.839,1.251,0.250,5584656,145740,180704,2103888,2600.624,1459.473,0,5873.927,0,401.405,3043,4733,0.990,1.250,1.190,0,0,0,0,0,18,311,0,86,0
14-05 09:46:24,7.745,1.249,88.444,0.500,0.250,5584600,145740,180716,2103932,2536.387,1457.074,0,1079.314,0,83.947,2133,2879,0.990,1.250,1.190,1,0,0,0,0,18,311,0,87,0
14-05 09:46:25,2.262,0.754,96.008,0,0,5583756,146552,180716,2103964,2930.506,1606.500,0,313.660,0,14.074,1084,1542,0.990,1.250,1.190,3,0,0,0,0,18,312,0,86,0
14-05 09:46:26,18.420,2.738,75.671,1.742,0.249,5584020,146076,180756,2104136,16839.719,8211.267,0,1620.946,0,214.068,4383,6187,0.990,1.250,1.190,1,0,0,0,0,18,312,0,92,0
14-05 09:46:27,22.820,4.012,69.715,1.505,0,5583948,145824,180800,2104416,16820.778,8162.125,0,2447.534,0,252.778,5965,8723,0.990,1.250,1.190,2,1,0,0,0,18,312,0,93,0
14-05 09:46:28,27.258,5.001,63.768,1.751,0,5584520,145072,180844,2104552,5836.678,3445.991,16.005,3561.024,1.000,447.129,7337,11340,0.990,1.240,1.190,1,0,1.000,0,0,18,313,0,93,0
14-05 09:46:29,29.483,4.747,62.713,1.499,0,5585140,143812,180848,2105188,19051.801,8511.996,0,3250.089,0,260.847,7017,10177,0.990,1.240,1.190,1,0,0,0,0,18,312,0,89,0
14-05 09:46:30,11.939,2.985,81.585,0.995,0,5586028,142604,180880,2105476,2904.243,1544.154,0,6152.738,0,427.826,4238,6840,0.990,1.240,1.190,0,0,5.970,0,0,18,311,0,89,0
14-05 09:46:31,15.264,2.752,78.070,1.752,0,5586800,141768,180900,2105520,6785.124,4203.794,0,2922.638,0,240.217,3993,5571,0.990,1.240,1.190,1,0,0,0,0,18,311,0,92,0
14-05 09:46:32,5.754,1.501,90.813,0.751,0.250,5586728,141768,180900,2105592,2779.914,1459.005,0,1252.863,0,97.067,2082,3209,0.990,1.240,1.190,0,0,0,0,0,18,312,0,93,0
14-05 09:46:33,14.997,2.000,80.734,0.500,0,5587256,141040,180908,2105780,15676.840,8584.270,0,1611.675,0,130.974,3201,4376,0.910,1.220,1.190,1,0,0,0,0,18,312,0,87,0
14-05 09:46:34,10.543,1.757,85.347,0.502,0,5587232,141040,180908,2105804,4282.389,1779.225,0,943.833,0,96.391,2737,3759,0.910,1.220,1.190,4,1,0,0,0,18,312,0,92,0
14-05 09:46:35,2.986,0.249,94.808,0.249,0,5587204,141040,180912,2105828,6109.547,3339.448,0,553.423,0,36.828,1142,1741,0.910,1.220,1.190,0,0,0,0,0,18,312,0,92,0
14-05 09:46:36,7.498,1.500,88.482,1.000,0,5587164,141040,180916,2105864,7138.553,3618.267,0,1219.753,0,151.969,2547,3863,0.910,1.220,1.190,1,0,0,0,0,18,312,0,93,0
14-05 09:46:37,19.518,2.002,76.569,0.500,0,5589148,139012,180916,2105908,39098.359,17332.675,0,852.771,0,78.071,3460,4086,0.910,1.220,1.190,1,0,0,0,0,18,313,0,90,0
14-05 09:46:38,3.248,1.249,93.199,0.500,0,5589368,138760,180928,2105928,2522.621,1403.233,0,675.631,0,49.973,1422,1931,0.840,1.200,1.180,0,0,0.999,0,0,18,313,0,91,0
14-05 09:46:39,8.246,1.499,86.712,1.000,0,5589560,138508,180960,2105956,7066.931,3845.330,0,1379.401,0,173.924,2723,4137,0.840,1.200,1.180,0,0,0,0,0,18,312,0,92,0
14-05 09:46:40,19.284,4.258,73.381,1.252,0,5588692,139164,180968,2106160,19234.328,8532.228,0,7100.673,0,943.684,5423,7071,0.840,1.200,1.180,1,0,0,0,0,18,313,0,92,0
14-05 09:46:41,26.363,5.021,64.024,2.260,0,5588504,139164,181008,2106308,2669.418,1464.263,0,3587.345,0,456.955,7545,11798,0.840,1.200,1.180,1,0,0,0,0,18,312,0,81,0
14-05 09:46:42,25.508,5.002,66.272,1.751,0,5588880,138408,181072,2106624,2584.859,1404.467,0,8286.754,0,547.182,7547,11472,0.840,1.200,1.180,2,0,0,0,0,18,312,0,83,0
14-05 09:46:43,15.166,2.735,78.317,0.746,0,5589524,137652,181108,2106700,2657.296,1449.976,0,2060.597,0,164.092,4712,6821,1.010,1.230,1.190,2,0,0,0,0,18,311,0,85,0
14-05 09:46:44,13.484,2.247,82.153,0.999,0,5589764,137400,181140,2106680,2594.940,1596.118,0,1446.294,0,122.855,3579,4694,1.010,1.230,1.190,1,0,0,0,0,18,312,0,85,0
14-05 09:46:45,8.027,1.254,89.555,0.251,0,5589524,137400,181144,2106916,22379.207,10399.413,0,581.982,0,40.137,1852,2090,1.010,1.230,1.190,2,0,0,0,0,18,312,0,82,0
14-05 09:46:46,24.801,4.760,66.636,2.004,0.251,5589440,137400,181180,2106964,2677.469,1515.095,0,2517.141,0,326.667,7169,11068,1.010,1.230,1.190,2,0,0,0,0,18,312,0,82,0
14-05 09:46:47,25.169,4.984,64.542,1.744,0,5589296,137148,181212,2107328,4204.455,1453.318,0,3668.183,0,387.751,7557,11318,1.010,1.230,1.190,3,0,0,0,0,18,312,0,84,0
14-05 09:46:48,24.223,4.495,67.424,1.748,0,5591024,135144,181256,2107544,2655.011,1456.360,0,6508.673,0,437.507,7224,10738,1.170,1.260,1.200,1,0,1.998,0,0,18,312,0,84,0
14-05 09:46:49,12.003,2.751,82.273,1.000,0.250,5590892,135144,181284,2107648,6840.872,4223.156,0,2748.752,0,265.073,3587,5358,1.170,1.260,1.200,0,0,1.000,0,0,18,311,0,76,0
14-05 09:46:50,18.237,4.247,74.698,1.499,0.250,5596696,129096,181312,2107864,6731.337,4220.076,0,1934.660,0,241.832,4555,6726,1.170,1.260,1.200,0,0,2.998,0,0,18,311,0,78,0
14-05 09:46:51,12.995,2.749,81.222,1.000,0,5597100,128592,181324,2107952,2597.098,1457.494,0,1755.391,0,185.935,3433,4751,1.170,1.260,1.200,1,0,1.999,0,0,18,312,0,80,0
14-05 09:46:52,10.512,5.256,81.340,1.752,0,5595800,158268,179520,2082508,7146.921,4227.685,68.075,7095.864,8.009,914.013,3633,3951,1.170,1.260,1.200,1,0,2.002,0,0,18,311,0,81,0
14-05 09:46:53,14.735,2.997,77.921,0.999,0,5595588,158228,179556,2082724,8630.223,4219.709,0,1618.354,0,197.799,4180,5756,1.150,1.260,1.200,0,0,0,0,0,18,311,0,75,0
14-05 09:46:54,17.268,2.252,78.583,0.501,0,5595752,157976,179572,2082796,3982.181,1459.532,0,1121.177,0,89.094,3234,3814,1.150,1.260,1.200,2,0,0,0,0,18,311,0,75,0
14-05 09:46:55,12.752,1.500,83.014,1.250,0,5595620,158024,179600,2082852,26683.477,12717.133,0,6213.042,0,412.069,3256,4816,1.150,1.260,1.200,0,0,0,0,0,18,311,0,75,0
14-05 09:46:56,16.322,2.762,78.846,1.004,0,5595916,157520,179616,2083044,28213.747,12771.014,0,1430.273,0,145.639,3455,4755,1.150,1.260,1.200,1,1,0,0,0,18,311,0,75,0
14-05 09:46:57,15.636,1.986,79.420,0.745,0,5595868,157520,179620,2083088,17795.074,8208.071,0,1227.041,0,139.978,3701,4990,1.150,1.260,1.200,1,0,0,0,0,18,312,0,76,0
14-05 09:46:58,14.242,1.999,78.954,0.999,0,5595908,157272,179628,2083288,18443.153,10097.062,0,2058.789,0,160.905,3714,4925,1.060,1.240,1.190,1,0,0.999,0,0,18,312,0,73,0
14-05 09:46:59,13.590,2.265,82.043,1.258,0,5596376,156768,179628,2083324,19189.985,8573.735,0,1389.193,0,157.039,3669,4847,1.060,1.240,1.190,1,0,0,0,0,18,312,0,73,0
14-05 09:47:00,25.877,5.225,64.444,1.991,0.249,5596476,156516,179684,2083420,2781.806,1451.117,0,2683.273,0,356.310,7421,11543,1.060,1.240,1.190,1,0,0.995,0,0,18,312,0,73,0
14-05 09:47:01,24.381,5.278,67.613,1.005,0,5596908,155760,179716,2083712,2672.347,1465.870,0,3000.107,0,276.484,7157,10240,1.060,1.240,1.190,1,0,0,0,0,18,312,0,73,0
14-05 09:47:02,23.408,4.233,66.986,2.241,0,5597492,154752,179760,2084092,2910.512,1506.056,95.623,6514.288,4.980,491.062,7340,10918,1.060,1.240,1.190,1,0,0,0,0,18,312,0,68,0
14-05 09:47:03,25.031,4.005,67.334,1.502,0,5598352,153500,179776,2084468,2781.490,1459.831,0,3119.914,0,270.339,7297,10403,1.220,1.270,1.200,1,0,0,0,0,18,312,0,69,0
14-05 09:47:04,34.494,7.499,53.991,2.250,0.250,5605972,145692,179792,2084548,15120.349,6055.938,0,3283.424,0,412.928,8570,26555,1.220,1.270,1.200,2,0,35.994,0,0,18,313,0,71,0
14-05 09:47:05,26.518,4.253,66.046,1.001,0,5605760,145468,179800,2085068,11600.019,5909.085,0,2237.547,0,195.135,7073,9914,1.220,1.270,1.200,2,0,0,0,0,18,312,0,73,0
14-05 09:47:06,16.211,3.492,76.816,1.746,0,5605608,145468,179820,2085200,7002.273,4175.027,0,2266.585,0,231.447,4731,6844,1.220,1.270,1.200,1,0,0,0,0,18,311,0,71,0
14-05 09:47:07,9.505,2.001,84.792,1.251,0,5605396,145468,179864,2085368,7093.481,4165.044,0,6239.061,0,441.216,3534,5649,1.220,1.270,1.200,1,0,0,0,0,18,313,0,72,0
14-05 09:47:08,11.811,2.262,84.184,1.005,0,5604864,145972,179888,2085372,2551.152,1465.556,0,1552.001,0,164.850,3357,4922,1.120,1.240,1.190,2,0,2.010,0,0,18,313,0,72,0
14-05 09:47:09,4.230,0.995,91.816,0.498,0,5604764,145968,179900,2085464,6877.528,4144.432,0,1293.891,0,72.657,1890,2968,1.120,1.240,1.190,1,0,0,0,0,18,313,0,72,0
14-05 09:47:10,9.996,2.499,85.466,0.750,0,5604956,145720,179916,2085504,6974.247,3667.552,0,9840.115,0,132.948,3115,4469,1.120,1.240,1.190,0,0,0,0,0,18,313,0,71,0
14-05 09:47:11,11.250,2.000,84.250,1.000,0,5604944,145496,179940,2085716,8583.954,4253.977,0,1359.993,0,151.999,3451,5069,1.120,1.240,1.190,0,0,0,0,0,18,313,0,73,0
14-05 09:47:12,9.006,1.751,87.554,0.500,0,5604892,145496,179952,2085756,7084.384,3671.272,0,1136.703,0,106.066,2529,3576,1.120,1.240,1.190,0,0,0,0,0,18,313,0,73,0
14-05 09:47:13,9.744,1.749,84.947,0.999,0,5604852,145496,179960,2085788,7145.567,4119.445,0,1375.147,0,145.909,3078,4399,1.030,1.220,1.190,0,0,0,0,0,18,313,0,73,0
14-05 09:47:14,7.001,1.500,90.014,0.250,0.250,5605052,145244,179960,2085840,5649.881,3495.545,0,728.114,0,58.009,2059,2741,1.030,1.220,1.190,0,0,0,0,0,18,314,0,71,0
14-05 09:47:15,4.274,1.508,93.012,0.754,0,5604868,145244,179980,2086004,4008.078,1641.040,0,973.362,0,94.521,1897,2881,1.030,1.220,1.190,1,0,0,0,0,18,314,0,71,0
14-05 09:47:16,10.195,1.492,85.784,0.746,0,5604992,145020,179992,2086092,6992.036,4099.740,3.978,1464.051,0.995,177.039,3207,4698,1.030,1.220,1.190,0,0,1.989,0,0,18,313,0,71,0
14-05 09:47:17,8.993,1.499,85.186,1.249,0,5605952,143952,180036,2086156,6714.993,3666.266,0,5603.822,0,401.700,3604,5584,1.030,1.220,1.190,0,0,0,0,0,18,313,0,71,0
14-05 09:47:18,13.268,2.754,81.611,1.001,0,5606004,143700,180064,2086328,8231.234,3674.015,0,1357.853,0,164.224,3820,5220,0.950,1.200,1.180,0,0,1.001,0,0,18,313,0,61,0
14-05 09:47:19,7.761,1.252,89.376,0.250,0,5605936,143700,180080,2086380,5416.616,3499.921,0,737.036,0,70.099,2095,2938,0.950,1.200,1.180,0,0,0,0,0,18,314,0,61,0
14-05 09:47:20,12.231,1.997,83.372,0.749,0.250,5605872,143700,180092,2086432,25089.370,10661.584,0,1162.211,0,114.823,2984,3899,0.950,1.200,1.180,1,0,0,0,0,18,314,0,61,0
14-05 09:47:21,25.482,4.747,65.704,1.999,0,5605824,143448,180144,2086680,2536.214,1456.974,0,2845.996,0,381.731,7659,11738,0.950,1.200,1.180,4,0,0,0,0,18,314,0,61,0
14-05 09:47:22,25.772,5.004,65.806,1.501,0,5607100,141964,180180,2086852,4101.518,1459.252,4.003,2974.552,1.001,298.256,7430,11013,0.950,1.200,1.180,2,0,0,0,0,18,314,0,54,0
14-05 09:47:23,22.478,5.245,68.433,1.499,0,5607120,141208,180220,2087548,2775.263,1456.563,15.984,2673.363,0.999,299.704,6846,10318,0.950,1.200,1.180,0,0,0,0,0,18,313,0,57,0
14-05 09:47:24,4.769,1.255,91.873,1.255,0.251,5607068,141208,180236,2087584,2831.491,1626.601,0,5843.715,0,363.475,2330,3791,0.950,1.200,1.180,1,0,0,0,0,18,314,0,57,0
14-05 09:47:25,13.452,2.989,79.716,1.744,0,5607392,140704,180260,2087740,2904.639,1452.818,0,2479.156,0,292.955,4608,7082,0.950,1.200,1.180,0,0,0,0,0,18,313,0,59,0
14-05 09:47:26,14.047,3.261,80.520,1.003,0,5607472,140452,180280,2087892,2787.363,1462.914,0,1777.972,0,181.610,4395,6354,0.950,1.200,1.180,2,0,0,0,0,18,314,0,51,0
14-05 09:47:27,25.759,5.002,64.022,2.751,0,5607192,140452,180360,2088092,4279.470,1458.501,0,4121.415,0,466.160,7599,11953,0.950,1.200,1.180,1,0,0,0,0,18,314,0,52,0
14-05 09:47:28,27.663,3.987,64.796,1.246,0.249,5608160,139192,180408,2088336,5858.548,3595.675,0,2691.523,0,239.246,6935,9635,0.960,1.200,1.180,3,0,0.997,0,0,18,315,0,52,0
14-05 09:47:29,30.302,4.508,62.607,1.252,0,5609280,137932,180456,2088428,19215.748,8531.540,0,7989.616,0,433.739,7065,10059,0.960,1.200,1.180,1,0,0,0,0,18,314,0,55,0
14-05 09:47:30,25.695,5.987,63.365,2.245,0,5609696,137180,180540,2088680,2848.935,1454.903,0,2945.729,0,424.097,7813,11829,0.960,1.200,1.180,1,0,5.987,0,0,18,314,0,55,0
14-05 09:47:31,24.775,4.755,67.819,1.001,0,5610568,135920,180572,2089036,2904.944,1553.574,0,7531.632,0,430.436,6764,9761,0.960,1.200,1.180,2,0,0,0,0,18,314,0,58,0
14-05 09:47:32,14.488,3.247,80.184,0.749,0,5610472,135920,180584,2089120,3053.501,1564.720,0,1346.898,0,101.917,4319,5974,0.960,1.200,1.180,0,0,0,0,0,18,314,0,58,0
14-05 09:47:33,12.805,2.762,82.354,0.502,0,5610664,135668,180592,2089172,2789.978,1464.286,0,1132.864,0,109.470,3827,5436,0.880,1.180,1.170,1,0,0,0,0,18,315,0,58,0
14-05 09:47:34,25.666,4.984,64.538,2.243,0,5610440,135668,180624,2089364,3022.070,1507.048,0,3297.166,0,416.631,7307,11081,0.880,1.180,1.170,1,0,0,0,0,18,314,0,47,0
14-05 09:47:35,24.034,4.506,67.596,1.252,0,5610864,134912,180644,2089676,4541.439,1460.070,0,5952.440,0,425.603,7170,10953,0.880,1.180,1.170,1,0,0,0,0,18,314,0,50,0
14-05 09:47:36,24.188,4.239,68.074,1.247,0,5611592,133904,180668,2089932,4745.765,1454.251,0,2481.602,0,278.283,6899,10169,0.880,1.180,1.170,4,0,0,0,0,18,314,0,50,0
14-05 09:47:37,25.356,5.774,65.022,2.511,0,5611372,133904,180696,2090124,2789.674,1464.127,0,3554.876,0,435.824,7864,12467,0.880,1.180,1.170,2,0,0,0,0,18,314,0,51,0
14-05 09:47:38,24.654,4.732,66.989,1.245,0,5612076,132896,180716,2090408,4141.838,1452.333,31.876,3115.842,0.996,294.849,6933,10254,0.890,1.170,1.170,1,0,0.996,0,0,18,314,0,51,0
14-05 09:47:39,24.857,4.771,67.792,1.255,0,5612468,132392,180736,2090500,2428.443,1464.297,0,2723.713,0,229.989,6649,9644,0.890,1.170,1.170,1,0,0,0,0,18,313,0,45,0
14-05 09:47:40,23.897,4.481,66.714,1.991,0,5612900,131636,180812,2090748,2484.332,1451.766,0,7571.486,0,527.734,6910,10164,0.890,1.170,1.170,2,0,0,0,0,18,313,0,45,0
14-05 09:47:41,8.990,2.247,86.652,0.749,0,5612808,131636,180832,2090820,6891.244,4185.290,0,2037.707,0,164.815,2838,4165,0.890,1.170,1.170,0,0,0,0,0,18,313,0,47,0
14-05 09:47:42,15.749,1.250,79.997,0.750,0,5612748,131636,180848,2090864,17804.240,8267.647,0,1123.952,0,116.995,3162,3996,0.890,1.170,1.170,1,0,0,0,0,18,314,0,47,0
14-05 09:47:43,17.514,2.752,77.063,1.251,0,5613520,130628,180868,2091080,15588.787,8817.233,0,1561.281,0,187.154,4228,5803,0.900,1.170,1.170,0,0,0,0,0,18,313,0,47,0
14-05 09:47:44,10.787,2.007,84.288,1.003,0,5613484,130628,180888,2091096,2790.545,1463.004,16.055,1525.217,1.003,184.632,3524,5168,0.900,1.170,1.170,2,0,0,0,0,18,314,0,47,0
14-05 09:47:45,12.954,1.744,82.205,0.747,0,5613576,130376,180904,2091240,7131.440,3787.425,0,1518.557,0,182.346,3607,5007,0.900,1.170,1.170,1,0,0,0,0,18,313,0,47,0
14-05 09:47:46,13.036,2.507,82.979,0.752,0,5613864,129872,180912,2091448,22542.298,10797.841,0,5587.442,0,339.939,3132,3800,0.900,1.170,1.170,1,0,0,0,0,18,314,0,47,0
14-05 09:47:47,22.758,5.002,66.774,2.251,0.250,5613684,129872,180976,2091564,2676.961,1366.490,0,3217.154,0,423.152,7917,11975,0.900,1.170,1.170,1,0,0,0,0,18,314,0,46,0
14-05 09:47:48,26.778,5.005,63.317,2.753,0,5614000,129368,181056,2091672,4282.539,1459.547,0,10214.826,0,817.867,8466,13417,0.910,1.170,1.170,3,0,1.001,0,0,18,314,0,46,0
14-05 09:47:49,27.012,4.752,65.030,0.750,0,5613936,129116,181068,2091976,2719.250,1458.671,0,2585.188,0,256.118,7052,10358,0.910,1.170,1.170,1,0,0,0,0,18,314,0,48,0
14-05 09:47:50,23.264,4.753,67.792,1.501,0,5613988,128864,181092,2092152,4389.721,1350.837,0,2069.283,0,227.141,6576,9467,0.910,1.170,1.170,3,1,0,0,0,18,314,0,49,0
14-05 09:47:51,7.959,1.244,88.048,0.995,0,5613988,128612,181100,2092396,6849.829,4117.856,0,2057.436,0,163.162,2625,3847,0.910,1.170,1.170,1,0,0.995,0,0,18,313,0,47,0
14-05 09:47:52,23.510,4.252,68.278,2.001,0,5617984,124088,181112,2092912,6842.844,3670.526,440.183,2060.857,15.006,202.084,5412,7485,0.910,1.170,1.170,1,1,3.001,0,0,18,313,0,50,0
14-05 09:47:53,15.510,2.251,78.802,1.001,0,5618136,123864,181112,2092984,21852.317,10612.953,0,1765.156,0,172.113,3733,5012,0.910,1.160,1.170,1,0,2.001,0,0,18,314,0,52,0
14-05 09:47:54,24.535,6.008,65.092,2.754,0,5618360,123360,181136,2093240,3983.629,1460.063,0,10819.287,0,747.056,8558,13691,0.910,1.160,1.170,1,0,0,0,0,18,314,0,52,0
14-05 09:47:55,25.508,4.001,67.771,1.250,0,5619012,122604,181140,2093340,2633.835,1296.411,0,2836.899,0,265.084,6723,9865,0.910,1.160,1.170,1,0,0,0,0,18,314,0,47,0
14-05 09:47:56,24.002,5.250,67.756,0.750,0,5619588,121848,181144,2093516,2538.239,1458.137,32.003,1952.183,1.000,168.016,6714,9384,0.910,1.160,1.170,2,0,0,0,0,18,314,0,47,0
14-05 09:47:57,11.199,1.991,83.370,1.742,0.249,5619300,121848,181144,2093804,6586.946,4060.474,0,2703.664,0,280.719,3889,6006,0.910,1.160,1.170,0,0,0,0,0,18,313,0,49,0
14-05 09:47:58,19.717,2.246,75.874,0.499,0,5619204,121596,181144,2094152,29256.321,15179.743,0,1473.548,0,131.781,3601,4436,1,1.180,1.170,1,0,0.998,0,0,18,314,0,50,0
14-05 09:47:59,13.538,2.256,82.734,0.251,0,5618944,148728,179604,2069148,32023.534,15207.995,0,1079.051,0,84.238,2276,2447,1,1.180,1.170,2,0,0,0,0,18,313,0,49,0
14-05 09:48:00,23.754,2.000,72.012,0.750,0,5619384,148224,179608,2069208,35398.687,17331.784,0,988.159,0,102.016,3738,4343,1,1.180,1.170,1,0,0,0,0,18,314,0,49,0
14-05 09:48:01,15.232,1.249,81.904,0,0,5618240,149320,179612,2069252,40253.729,19880.654,0,643.245,0,60.928,2187,2106,1,1.180,1.170,0,0,0,0,0,18,314,0,49,0
14-05 09:48:02,16.244,1.749,80.472,0.500,0.250,5618948,148564,179616,2069296,27330.526,12527.657,0,759.737,0,76.973,2619,3042,1,1.180,1.170,1,0,0,0,0,18,315,0,49,0
14-05 09:48:03,16.974,1.747,78.379,0.749,0.499,5619380,148060,179636,2069348,27648.339,12719.374,0,4964.340,0,353.455,3755,5200,1,1.170,1.170,1,0,0,0,0,18,313,0,47,0
14-05 09:48:04,25.457,4.789,68.306,1.260,0,5625116,142016,179648,2069644,14747.067,5967.587,0,2351.142,0,249.028,6251,9036,1,1.170,1.170,3,0,11.090,0,0,18,315,0,47,0
14-05 09:48:05,33.535,6.459,54.898,1.490,0,5629840,166860,178100,2041848,11308.539,5718.359,0,4201.081,0,393.479,7893,21482,1,1.170,1.170,1,0,25.834,0,0,18,314,0,48,0
14-05 09:48:06,23.820,4.764,68.701,1.254,0,5631076,165376,178108,2042088,3810.135,1137.324,0,1997.839,0,176.516,6487,9475,1,1.170,1.170,2,0,0,0,0,18,314,0,49,0
14-05 09:48:07,17.714,3.493,75.345,0.998,0,5630912,165376,178116,2042244,6543.522,4162.426,31.934,7676.188,0.998,482.007,5048,7620,1,1.170,1.170,0,0,0,0,0,18,313,0,44,0
14-05 09:48:08,17.287,2.255,78.670,1.002,0,5627704,168540,178136,2042268,4915.626,3127.761,0,1715.709,0,158.342,3374,4371,1,1.170,1.170,0,0,2.004,0,0,18,314,0,44,0
14-05 09:48:09,8.506,1.501,88.066,0.751,0,5627548,168540,178156,2042432,17026.712,8211.130,0,5716.268,0,345.258,2455,3607,1,1.170,1.170,1,0,0,0,0,18,314,0,44,0
14-05 09:48:10,12.663,1.490,82.186,0.745,0,5627484,168540,178164,2042488,14265.161,5706.859,0,1144.153,0,124.149,3299,4524,1,1.170,1.170,0,0,0,0,0,18,314,0,44,0
14-05 09:48:11,25.679,4.783,67.219,1.259,0,5627348,168540,178180,2042608,18991.500,8359.321,0,2392.693,0,250.749,6554,9308,1,1.170,1.170,1,0,0,0,0,18,314,0,42,0
14-05 09:48:12,25.570,5.264,65.428,1.755,0,5626480,169188,178192,2042816,3904.634,1137.097,0,2915.942,0,349.953,7258,11243,1,1.170,1.170,1,0,0,0,0,18,314,0,42,0
14-05 09:48:13,24.224,4.246,67.678,1.249,0,5627308,168188,178204,2042976,2451.408,1174.758,0,1997.887,0,177.812,6352,8854,1,1.170,1.170,1,0,0,0,0,18,313,0,42,0
14-05 09:48:14,20.671,3.736,71.975,1.245,0,5627320,167936,178212,2043208,6711.359,4008.685,0,2251.398,0,247.056,5280,7582,1,1.170,1.170,0,0,0,0,0,18,313,0,46,0
14-05 09:48:15,9.981,1.497,86.089,0.499,0,5627268,167936,178224,2043248,5397.892,3165.073,0,1952.344,0,106.800,2463,3186,1,1.170,1.170,0,0,0,0,0,18,314,0,46,0
14-05 09:48:16,15.817,2.260,80.339,0.502,0,5627072,167936,178232,2043436,23138.528,10530.385,0,1614.806,0,137.580,3299,4193,1,1.170,1.170,1,0,2.008,0,0,18,314,0,46,0
14-05 09:48:17,26.011,5.252,64.027,2.751,0,5626888,167936,178268,2043584,1974.843,1134.484,0,7855.354,0,683.292,7950,12826,1,1.170,1.170,1,0,0,0,0,18,314,0,46,0
14-05 09:48:18,24.737,4.498,66.965,0.999,0,5628328,166176,178276,2043896,1913.001,1133.408,31.983,4085.867,0.999,374.804,7151,10652,1,1.170,1.170,2,0,0.999,0,0,18,314,0,46,0
14-05 09:48:19,24.683,4.239,68.565,0.748,0,5629460,164920,178284,2044012,2208.027,1130.940,0,1579.726,0,133.638,6154,8687,1,1.170,1.170,4,0,0,0,0,18,314,0,47,0
14-05 09:48:20,26.124,4.773,65.058,1.758,0,5629552,163688,178288,2045148,2241.600,1139.388,0,3054.444,0,373.768,7675,11670,1,1.170,1.170,1,0,0,0,0,18,314,0,47,0
14-05 09:48:21,25.637,5.725,66.456,1.493,0,5629204,163688,178316,2045468,2084.779,1129.007,0,2652.269,0,316.600,7191,10578,1,1.170,1.170,1,0,0,0,0,18,313,0,47,0
14-05 09:48:22,24.626,5.528,66.591,1.759,0,5629292,163436,178328,2045620,2225.410,1139.844,4.021,11997.511,1.005,815.179,7232,10809,1,1.170,1.170,1,0,0,0,0,18,314,0,47,0
14-05 09:48:23,11.190,1.741,82.554,0.995,0,5629064,163436,178348,2045828,6153.748,3748.744,0,2661.618,0,257.608,3676,5489,0.920,1.150,1.160,1,0,0.995,0,0,18,313,0,48,0
14-05 09:48:24,10.500,1.250,85.747,1.250,0,5623044,169392,178352,2045888,6585.790,3811.878,0,1435.954,0,163.995,3097,4498,0.920,1.150,1.160,0,0,0,0,0,18,313,0,46,0
14-05 09:48:25,13.251,2.750,81.755,1.000,0,5622960,169392,178360,2045964,6339.388,3291.201,0,1624.099,0,168.010,3600,5205,0.920,1.150,1.160,0,0,0,0,0,18,313,0,47,0
14-05 09:48:26,7.500,1.250,88.504,0.500,0.250,5622920,169392,178364,2046000,5151.214,3237.134,0,1596.066,0,97.004,2418,3319,0.920,1.150,1.160,2,0,0,0,0,18,314,0,48,0
14-05 09:48:27,12.547,1.757,83.309,0.753,0.251,5622960,169140,178444,2046132,22886.008,10790.079,0,1417.264,0,139.518,3245,4303,0.920,1.150,1.160,2,1,0,0,0,18,314,0,48,0
14-05 09:48:28,26.338,5.466,63.858,2.236,0,5623424,168416,178632,2046204,5059.946,3209.304,0,3021.457,0,372.713,7485,11113,0.930,1.140,1.160,3,0,0.994,0,0,18,315,0,44,0
14-05 09:48:29,30.673,5.783,60.843,1.257,0,5623236,168164,178748,2046528,18664.134,8438.534,0,3749.119,0,376.119,7569,11442,0.930,1.140,1.160,1,0,0,0,0,18,313,0,46,0
14-05 09:48:30,25.536,5.257,65.843,1.502,0,5625660,165392,178852,2046772,2176.069,1135.602,0,6681.423,0,461.651,7560,11304,0.930,1.140,1.160,1,0,6.008,0,0,18,314,0,45,0
14-05 09:48:31,19.418,3.734,72.444,1.494,0,5625440,165392,178920,2046924,6666.823,4198.256,15.933,2664.738,0.996,304.712,5454,8002,0.930,1.140,1.160,0,0,0,0,0,18,313,0,46,0
14-05 09:48:32,8.519,1.503,88.449,0.501,0,5625388,165392,178924,2046972,6943.596,3785.503,0,1347.026,0,91.205,2285,3091,0.930,1.140,1.160,2,0,0,0,0,18,313,0,38,0
14-05 09:48:33,16.930,2.739,76.684,1.245,0,5625412,165140,178944,2047180,22043.148,10646.121,0,1704.973,0,179.261,3855,5135,1.010,1.160,1.170,1,0,0,0,0,18,314,0,38,0
14-05 09:48:34,24.329,4.765,67.719,1.254,0,5625712,164636,179048,2047280,3990.901,1462.728,0,2700.730,0,318.028,6822,10612,1.010,1.160,1.170,1,0,0,0,0,18,314,0,38,0
14-05 09:48:35,27.101,4.517,63.988,2.509,0,5625716,164424,179140,2047396,3074.451,1571.854,0,4111.313,0,464.731,7831,11998,1.010,1.160,1.170,0,1,0,0,0,18,314,0,39,0
14-05 09:48:36,24.359,4.474,66.614,1.988,0,5626092,163668,179212,2047704,3119.938,1449.608,0,7886.343,0,549.817,7591,11325,1.010,1.160,1.170,1,0,0,0,0,18,314,0,36,0
14-05 09:48:37,23.824,4.765,66.958,1.755,0,5626352,163164,179240,2047920,2726.470,1462.543,0,7523.372,0,562.748,7406,10676,1.010,1.160,1.170,2,0,0,0,0,18,314,0,38,0
14-05 09:48:38,7.229,1.496,88.493,0.499,0,5626240,163164,179264,2048008,6833.117,4257.611,0,1730.963,0,138.597,2451,3630,0.930,1.140,1.160,0,0,0.997,0,0,18,313,0,38,0
14-05 09:48:39,15.005,2.501,80.028,0.750,0,5626244,162924,179292,2048200,22007.817,10969.896,0,1560.554,0,163.058,3645,4700,0.930,1.140,1.160,1,0,0,0,0,18,313,0,38,0
14-05 09:48:40,16.262,2.252,79.061,1.001,0,5626120,162924,179328,2048288,12457.545,6304.831,32.025,1545.184,2.002,163.125,3664,4771,0.930,1.140,1.160,2,0,1.001,0,0,18,314,0,37,0
14-05 09:48:41,17.998,2.750,75.991,1.000,0.250,5626144,162672,179364,2048480,16452.968,8213.986,0,2067.745,0,151.981,4514,5872,0.930,1.140,1.160,1,0,0,0,0,18,314,0,38,0
14-05 09:48:42,25.062,4.511,66.666,1.253,0,5626832,161664,179404,2048760,2604.483,1461.638,0,2514.258,0,302.754,7024,10274,0.930,1.140,1.160,1,0,1.002,0,0,18,314,0,39,0
14-05 09:48:43,27.666,4.985,63.309,2.742,0,5627556,160656,179540,2048908,2590.179,1453.611,0,8905.111,0,714.842,8234,12984,0.940,1.140,1.160,2,0,1.994,0,0,18,313,0,39,0
14-05 09:48:44,23.865,4.773,68.830,0.754,0,5628596,159144,179600,2049320,2610.529,1465.031,0,1651.928,0,148.714,6460,9072,0.940,1.140,1.160,1,0,0,0,0,18,314,0,36,0
14-05 09:48:45,24.859,3.729,68.861,1.243,0,5629548,157884,179644,2049584,2751.440,1342.408,0,1714.305,0,171.033,5712,7857,0.940,1.140,1.160,2,0,0,0,0,18,314,0,38,0
14-05 09:48:46,25.581,4.765,64.704,2.006,0.251,5629660,157632,179708,2049660,4231.324,1462.606,0,3334.500,0,395.245,7313,11105,0.940,1.140,1.160,1,0,0,0,0,18,314,0,40,0
14-05 09:48:47,25.947,3.742,66.863,1.247,0,5629388,157632,179724,2049916,2472.944,1455.025,0,2538.809,0,271.445,6382,9144,0.940,1.140,1.160,1,0,0,0,0,18,314,0,40,0
14-05 09:48:48,26.245,4.499,66.487,0.750,0,5631088,155616,179752,2050204,2477.516,1597.688,0,1915.626,0,163.968,6490,9147,0.940,1.130,1.160,2,0,1.000,0,0,18,313,0,42,0
14-05 09:48:49,25.078,5.266,66.456,2.006,0.251,5630964,155616,179784,2050296,2411.471,1408.363,0,3093.584,0,366.134,7481,11050,0.940,1.130,1.160,1,0,0,0,0,18,314,0,41,0
14-05 09:48:50,25.436,4.738,64.588,1.995,0,5631300,154872,179840,2050632,2488.769,1454.359,0,8706.202,0,663.339,8029,12937,0.940,1.130,1.160,1,0,0,0,0,18,314,0,41,0
14-05 09:48:51,25.550,4.008,67.884,0.751,0,5632680,153400,179844,2050720,2362.661,1460.882,0,1847.645,0,151.298,6713,9353,0.940,1.130,1.160,1,0,1.002,0,0,18,314,0,41,0
14-05 09:48:52,25.809,4.963,64.771,1.489,0,5637696,148120,179864,2050964,2400.259,1447.302,0,2989.901,0,254.122,6948,10152,0.940,1.130,1.160,1,0,2.978,0,0,18,314,0,36,0
14-05 09:48:53,28.127,5.274,62.532,2.511,0,5637996,147616,179884,2051148,2400.810,1356.106,0,8208.962,0,650.931,7985,12154,0.950,1.130,1.160,0,1,2.009,0,0,18,314,0,38,0
14-05 09:48:54,24.620,5.025,66.575,1.507,0,5639240,146104,179916,2051380,2490.171,1465.161,0,7219.285,0,491.402,7523,11565,0.950,1.130,1.160,1,0,0,0,0,18,314,0,39,0
14-05 09:48:55,12.897,2.480,81.596,1.240,0,5638980,146104,179920,2051636,7039.536,4154.675,0,2261.858,0,241.066,3722,5700,0.950,1.130,1.160,0,0,0,0,0,18,313,0,41,0
14-05 09:48:56,14.800,2.759,79.269,1.003,0,5638372,146624,179932,2051712,7042.883,4203.254,0,1794.084,0,201.684,3896,5785,0.950,1.130,1.160,1,0,0,0,0,18,313,0,40,0
14-05 09:48:57,12.000,2.500,82.753,0.750,0,5638600,146372,179940,2051728,2912.109,1598.060,0,1512.056,0,152.006,3271,4906,0.950,1.130,1.160,3,0,0,0,0,18,314,0,41,0
14-05 09:48:58,7.031,1.507,90.399,0.753,0,5638880,145872,179940,2051948,6901.451,4012.705,0,932.113,0,83.368,2188,2918,0.870,1.110,1.150,2,0,1.004,0,0,18,314,0,42,0
14-05 09:48:59,14.445,1.992,80.193,0.996,0,5639056,145620,179944,2052020,8279.323,4165.064,0,1665.627,0,196.249,3733,5552,0.870,1.110,1.150,0,0,0,0,0,18,313,0,43,0
14-05 09:49:00,20.484,2.498,73.193,1.249,0,5641624,142848,179944,2052224,19738.721,10176.123,0,2230.274,0,251.805,4182,5943,0.870,1.110,1.150,1,0,0,0,0,18,315,0,41,0
14-05 09:49:01,21.864,2.513,73.383,1.759,0,5641560,142848,179952,2052276,38885.777,18314.505,0,6823.583,0,482.516,4702,6294,0.870,1.110,1.150,0,1,0,0,0,18,313,0,41,0
14-05 09:49:02,16.489,1.249,79.946,0.500,0,5640852,143488,179956,2052340,22090.989,10528.845,0,1610.905,0,118.919,3052,3690,0.870,1.110,1.150,1,0,0,0,0,18,314,0,41,0
14-05 09:49:03,12.991,1.999,82.440,0.749,0.250,5641072,143236,179956,2052372,24543.130,12164.143,0,951.307,0,103.924,2653,3328,0.880,1.110,1.150,1,0,0,0,0,18,315,0,41,0
14-05 09:49:04,28.719,4.995,62.932,1.498,0,5640916,143236,179972,2052512,16434.240,5988.529,0,2413.392,0,312.662,7143,10388,0.880,1.110,1.150,3,0,0,0,0,18,315,0,41,0
14-05 09:49:05,34.218,7.993,54.449,1.249,0,5647360,165904,178680,2025184,11613.104,5877.486,0,2961.222,0,319.700,7848,19788,0.880,1.110,1.150,1,0,36.965,0,0,18,314,0,42,0
14-05 09:49:06,23.407,4.731,67.731,1.494,0,5647164,165856,178680,2025428,2725.163,1290.867,0,2195.271,0,227.097,6267,9337,0.880,1.110,1.150,2,0,0,0,0,18,314,0,42,0
14-05 09:49:07,25.317,4.261,67.179,1.253,0,5647308,165604,178680,2025536,2562.815,1299.455,0,2274.047,0,232.619,7051,9923,0.880,1.110,1.150,1,0,0,0,0,18,314,0,42,0
14-05 09:49:08,25.610,4.519,66.033,1.255,0,5647292,165352,178684,2025800,2506.759,1301.586,0,2587.103,0,310.332,7082,10370,0.890,1.110,1.150,2,0,2.009,0,0,18,314,0,42,0
14-05 09:49:09,22.884,4.229,68.405,1.990,0,5647692,164848,178704,2025884,5405.714,3832.654,0,7537.951,0,541.268,6438,9649,0.890,1.110,1.150,0,0,0,0,0,18,314,0,41,0
14-05 09:49:10,10.256,1.751,85.296,1.251,0,5647452,164848,178712,2026116,6877.729,4008.173,0,1877.018,0,195.106,3180,4803,0.890,1.110,1.150,2,0,0,0,0,18,314,0,41,0
14-05 09:49:11,6.027,1.507,89.905,0.753,0.251,5647640,164624,178712,2026152,3707.712,1476.656,16.072,2378.722,1.005,160.724,2470,3585,0.890,1.110,1.150,1,0,0,0,0,18,314,0,41,0
14-05 09:49:12,14.677,2.488,80.100,1.244,0,5647640,164372,178720,2026396,6704.532,3620.925,0,2893.556,0,191.046,4375,5925,0.890,1.110,1.150,0,0,0,0,0,18,313,0,42,0
14-05 09:49:13,11.211,2.242,84.210,0.997,0,5647624,164372,178720,2026412,9701.555,5672.445,0,6780.624,0,432.509,3138,4181,0.820,1.090,1.140,0,0,0,0,0,18,314,0,42,0
14-05 09:49:14,15.585,2.262,80.943,0.503,0,5648320,163616,178724,2026468,18930.672,8612.164,0,1033.661,0,88.485,3578,4542,0.820,1.090,1.140,1,0,0,0,0,18,314,0,43,0
14-05 09:49:15,25.042,4.758,66.612,1.252,0,5649036,162608,178772,2026712,2549.275,1189.995,0,2712.548,0,305.512,7016,10223,0.820,1.090,1.140,1,0,0,0,0,18,314,0,44,0
14-05 09:49:16,24.996,4.499,65.739,2.000,0,5649124,162356,178924,2026724,2675.569,1295.791,0,7958.717,0,592.904,7530,11501,0.820,1.090,1.140,1,0,2.000,0,0,18,314,0,44,0
14-05 09:49:17,24.230,4.746,67.945,1.249,0,5649496,161600,178972,2027056,2733.776,1294.947,0,1726.595,0,168.863,6673,9325,0.820,1.090,1.140,1,0,0,0,0,18,314,0,42,0
14-05 09:49:18,22.052,4.010,71.419,0.752,0,5649812,161096,179028,2027188,6632.731,4163.876,0,1924.565,0,220.523,5397,7914,0.910,1.110,1.150,1,0,1.002,0,0,18,313,0,44,0
14-05 09:49:19,11.681,1.491,85.243,0.497,0,5649856,160844,179072,2027352,4122.479,2616.437,0,1511.012,0,115.314,2572,3539,0.910,1.110,1.150,0,0,0,0,0,18,314,0,45,0
14-05 09:49:20,10.290,1.757,85.832,0.502,0,5649764,160844,179144,2027372,25932.187,11164.132,0,1541.957,0,143.555,2834,3941,0.910,1.110,1.150,1,0,0,0,0,18,314,0,45,0
14-05 09:49:21,25.161,4.733,66.017,1.744,0,5649752,160592,179304,2027476,2427.421,1291.436,0,2558.956,0,319.869,6904,9986,0.910,1.110,1.150,4,0,0,0,0,18,314,0,44,0
14-05 09:49:22,26.288,5.258,65.596,1.502,0.250,5649596,160340,179424,2027764,2412.519,1135.656,0,3092.511,0,349.510,7468,11071,0.910,1.110,1.150,1,0,0,0,0,18,314,0,46,0
14-05 09:49:23,25.710,4.243,65.149,1.747,0,5649664,160088,179480,2027892,2625.923,1433.774,0,7700.046,0,540.161,6557,9582,0.920,1.100,1.150,1,0,0,0,0,18,314,0,47,0
14-05 09:49:24,6.037,1.509,90.049,1.006,0,5649616,160088,179492,2027928,6540.904,3743.840,0,1726.533,0,149.915,2315,3517,0.920,1.100,1.150,1,0,0,0,0,18,314,0,48,0
14-05 09:49:25,6.220,0.995,90.560,0.249,0,5649672,159836,179508,2028108,7030.868,3940.869,0,1333.526,0,108.473,2263,3266,0.920,1.100,1.150,0,0,0,0,0,18,313,0,46,0
14-05 09:49:26,7.991,1.748,87.653,0.749,0,5649620,159836,179516,2028152,6518.788,3793.803,0,1242.625,0,131.854,2832,4012,0.920,1.100,1.150,0,0,0,0,0,18,313,0,46,0
14-05 09:49:27,14.256,1.501,79.785,1.251,0,5649760,159584,179560,2028220,13923.057,8088.519,0,1968.857,0,214.093,3798,5458,0.920,1.100,1.150,0,0,0,0,0,18,314,0,46,0
14-05 09:49:28,5.524,1.004,91.654,0.502,0,5649756,159584,179560,2028224,6544.867,3418.076,0,867.828,0,61.270,1548,2012,0.850,1.080,1.140,1,0,1.004,0,0,18,314,0,46,0
14-05 09:49:29,24.621,2.736,69.884,1.243,0,5649684,159332,179600,2028508,34627.420,16152.300,0,1715.007,0,190.004,4538,6024,0.850,1.080,1.140,1,0,0,0,0,18,315,0,46,0
14-05 09:49:30,12.061,3.267,82.168,0.754,0.251,5650912,158072,179620,2028520,10378.800,5183.369,0,1620.243,0,174.890,3503,4798,0.850,1.080,1.140,1,0,6.031,0,0,18,313,0,47,0
14-05 09:49:31,4.983,0.997,91.184,0.997,0,5650820,158072,179652,2028580,7129.301,4201.444,0,6015.160,0,372.709,2425,3874,0.850,1.080,1.140,2,0,0,0,0,18,314,0,47,0
14-05 09:49:32,14.237,2.997,79.180,0.999,0,5650580,158072,179688,2028784,7143.710,4086.402,0,1346.814,0,162.857,3657,5333,0.850,1.080,1.140,1,0,0,0,0,18,313,0,49,0
14-05 09:49:33,12.725,1.747,83.085,0.998,0.250,5650524,158072,179692,2028836,22548.098,10091.903,0,1237.536,0,142.716,2914,3537,0.780,1.070,1.130,2,0,0,0,0,18,315,0,47,0
14-05 09:49:34,9.040,1.256,88.137,0.251,0,5650772,157820,179696,2028836,23861.788,10920.959,0,5672.912,0,385.694,1962,2187,0.780,1.070,1.130,0,0,0,0,0,18,314,0,47,0
14-05 09:49:35,6.230,0.997,90.706,0.249,0,5650744,157820,179696,2028864,13197.192,6382.297,0,530.280,0,34.887,1616,2009,0.780,1.070,1.130,4,0,0,0,0,18,315,0,47,0
14-05 09:49:36,11.526,1.754,85.442,0.752,0,5650732,157820,179704,2028868,19948.871,11119.010,0,801.803,0,87.196,2355,2945,0.780,1.070,1.130,1,0,0,0,0,18,314,0,47,0
14-05 09:49:37,4.494,1.248,91.624,0.250,0.250,5650680,157820,179716,2028908,5333.639,3350.376,0,746.969,0,57.920,1858,2750,0.780,1.070,1.130,0,0,0,0,0,18,314,0,45,0
14-05 09:49:38,13.501,1.500,82.256,0.750,0,5650920,157568,179720,2028916,18518.263,8426.574,0,1396.095,0,112.008,3067,4034,0.800,1.070,1.130,1,0,1.000,0,0,18,314,0,46,0
14-05 09:49:39,11.313,1.760,84.976,1.006,0,5650712,157568,179728,2029116,19712.391,10197.105,0,1065.970,0,111.625,2776,3759,0.800,1.070,1.130,1,0,0,0,0,18,315,0,46,0
14-05 09:49:40,29.201,5.491,61.646,1.747,0,5650552,157568,179756,2029248,13659.952,6274.414,0,2603.607,0,323.454,7643,11168,0.800,1.070,1.130,3,0,0,0,0,18,314,0,46,0
14-05 09:49:41,24.868,4.228,67.143,1.243,0,5650512,157316,179784,2029512,5565.406,3987.795,0,2685.718,0,270.561,6357,9013,0.800,1.070,1.130,0,0,0,0,0,18,314,0,46,0
14-05 09:49:42,7.278,2.008,89.091,0.753,0,5650436,157316,179792,2029580,5543.210,1638.269,0,1818.960,0,134.515,2463,3476,0.800,1.070,1.130,1,0,0,0,0,18,314,0,47,0
14-05 09:49:43,19.434,3.488,73.251,1.495,0,5650432,157064,179816,2029812,12831.415,6147.120,0,6669.346,0,470.402,5355,7725,0.810,1.060,1.130,1,0,0,0,0,18,314,0,47,0
14-05 09:49:44,17.084,3.266,77.382,0.754,0,5650860,156588,179824,2029852,17915.343,8177.324,0,4944.381,0,523.582,4588,6014,0.810,1.060,1.130,2,0,0,0,0,18,314,0,47,0
14-05 09:49:45,25.194,4.490,66.353,1.497,0,5650836,156336,179848,2030104,2908.558,1454.778,0,3133.060,0,280.379,6938,10310,0.810,1.060,1.130,2,0,0.998,0,0,18,314,0,45,0
14-05 09:49:46,24.830,4.765,67.968,0.752,0,5651812,155088,179848,2030376,2305.397,1462.693,0,2046.566,0,181.583,6624,9234,0.810,1.060,1.130,1,0,0,0,0,18,314,0,48,0
14-05 09:49:47,16.670,3.483,75.139,1.493,0,5651904,154836,179876,2030492,6925.769,4165.016,0,2201.437,0,241.840,4757,7132,0.810,1.060,1.130,1,0,0,0,0,18,313,0,49,0
14-05 09:49:48,12.749,1.750,81.996,1.500,0,5652144,154332,179888,2030744,2417.875,1457.925,15.999,2363.878,1.000,212.989,3834,5378,0.750,1.050,1.130,1,0,1.000,0,0,18,314,0,49,0
14-05 09:49:49,12.497,1.999,81.979,1.500,0,5652056,154332,179912,2030808,6838.245,3668.059,0,2071.469,0,213.945,3566,5042,0.750,1.050,1.130,1,0,0,0,0,18,313,0,49,0
14-05 09:49:50,15.051,3.010,79.270,1.505,0,5652752,153576,179932,2030848,22393.158,10539.845,0,5478.632,0,389.324,4065,5755,0.750,1.050,1.130,0,1,0,0,0,18,314,0,45,0
14-05 09:49:51,9.467,1.246,85.701,0.747,0,5652496,153576,179940,2031096,6934.844,4169.476,0,1474.863,0,146.490,2906,4302,0.750,1.050,1.130,0,0,0,0,0,18,313,0,46,0
14-05 09:49:52,17.267,3.003,77.325,1.001,0,5652676,153324,179948,2031160,15663.156,7895.640,0,1561.511,0,160.155,4036,5442,0.750,1.050,1.130,0,0,1.001,0,0,18,314,0,46,0
14-05 09:49:53,18.960,3.742,73.596,0.748,0,5657344,148548,179952,2031264,14002.698,6271.876,0,1632.584,0,162.660,5573,7785,1.010,1.100,1.140,4,0,2.994,0,0,18,315,0,46,0
14-05 09:49:54,32.719,6.040,57.384,2.517,0,5657272,148296,179992,2031548,4306.810,1467.819,32.216,4022.911,1.007,473.165,8399,13117,1.010,1.100,1.140,4,0,1.007,0,0,18,314,0,43,0
14-05 09:49:55,25.497,5.249,65.492,2.250,0,5656896,148296,180028,2031888,5728.323,1457.828,0,4931.417,0,462.945,7724,11898,1.010,1.100,1.140,1,0,1.000,0,0,18,314,0,43,0
14-05 09:49:56,25.500,3.750,67.501,1.250,0,5658024,147036,180040,2032008,2478.042,1458.024,0,6648.112,0,466.008,7298,11144,1.010,1.100,1.140,1,0,0,0,0,18,314,0,43,0
14-05 09:49:57,20.320,4.708,71.368,1.239,0,5658584,146280,180056,2032188,6778.989,4152.242,0,1895.222,0,232.938,5678,8159,1.010,1.100,1.140,1,0,0,0,0,18,313,0,44,0
14-05 09:49:58,11.061,2.514,84.218,1.006,0,5658500,146280,180060,2032268,2431.504,1466.142,0,1653.181,0,168.938,3528,5194,0.930,1.080,1.140,3,0,1.006,0,0,18,314,0,38,0
14-05 09:49:59,12.482,2.247,82.131,1.498,0.250,5658248,146280,180076,2032504,8636.472,3531.877,0,8152.175,0,588.147,3933,5576,0.930,1.080,1.140,2,0,0,0,0,18,314,0,38,0
14-05 09:50:00,13.505,1.751,82.531,0.750,0.250,5658112,146280,180084,2032632,23390.691,10681.969,0,1064.395,0,106.039,3003,3837,0.930,1.080,1.140,2,0,0,0,0,18,314,0,38,0
14-05 09:50:01,11.240,2.248,83.925,0.999,0,5657736,146280,180088,2033004,6712.969,4185.240,0,1810.374,0,198.821,3284,5091,0.930,1.080,1.140,0,0,0,0,0,18,313,0,40,0
14-05 09:50:02,15.750,2.500,78.998,1.000,0,5657916,146028,180092,2033072,12490.608,6035.811,0,1507.953,0,152.995,3715,4942,0.930,1.080,1.140,1,0,0,0,0,18,314,0,37,0
14-05 09:50:03,16.760,3.002,76.046,1.251,0,5657820,146028,180100,2033160,16525.055,8087.921,0,5719.480,0,446.272,5157,7622,0.850,1.060,1.130,3,0,0,0,0,18,314,0,37,0
14-05 09:50:04,29.366,5.773,62.245,2.008,0.251,5658096,145528,180108,2033376,13435.894,6080.939,0,2855.240,0,371.462,7526,11109,0.850,1.060,1.130,3,0,0,0,0,18,315,0,38,0
14-05 09:50:05,35.762,7.002,50.267,4.001,0,5662748,171016,179060,2004228,12916.244,5906.941,188.062,2608.857,13.004,279.092,7540,22665,0.850,1.060,1.130,1,0,41.013,0,0,18,314,0,40,0
14-05 09:50:06,24.120,4.725,67.885,0.995,0,5665924,167604,179068,2004528,2405.065,1450.201,0,1885.857,0,170.085,6748,9848,0.850,1.060,1.130,1,0,0,0,0,18,314,0,40,0
14-05 09:50:07,23.539,5.259,67.363,1.252,0,5665800,167604,179068,2004652,2361.953,1460.444,0,2231.735,0,230.386,6396,9363,0.850,1.060,1.130,4,1,0,0,0,18,314,0,41,0
14-05 09:50:08,8.489,1.748,87.133,0.999,0,5665588,167604,179068,2004864,6650.081,4183.389,0,1901.450,0,174.766,2777,4110,0.790,1.040,1.120,0,0,0.999,0,0,18,313,0,43,0
14-05 09:50:09,12.507,1.751,83.049,1.001,0,5665528,167604,179068,2004924,2271.329,1392.815,0,2109.234,0,221.129,3935,5627,0.790,1.040,1.120,1,0,0,0,0,18,314,0,44,0
14-05 09:50:10,16.486,2.998,76.437,1.749,0,5665464,167604,179068,2004988,9785.879,5651.310,0,7413.848,0,579.519,5210,7772,0.790,1.040,1.120,0,0,0,0,0,18,314,0,42,0
14-05 09:50:11,19.013,2.502,74.803,1.251,0.250,5665624,167100,179068,2005332,22030.611,11093.861,0,1769.254,0,198.140,4232,5799,0.790,1.040,1.120,0,0,0,0,0,18,314,0,44,0
14-05 09:50:12,11.544,2.008,84.319,0.753,0,5665608,167100,179068,2005348,3675.916,1638.202,0,1642.217,0,133.505,3283,4396,0.790,1.040,1.120,2,1,0,0,0,18,314,0,44,0
14-05 09:50:13,11.461,1.744,84.462,0.498,0,5665656,166848,179068,2005552,24593.136,12761.483,0,1108.221,0,111.619,2741,3595,0.800,1.040,1.120,0,0,0,0,0,18,314,0,44,0
14-05 09:50:14,24.586,4.767,67.487,1.505,0,5665484,166848,179160,2005632,4117.457,1703.983,0,2874.091,0,308.082,6976,10606,0.800,1.040,1.120,2,0,0,0,0,18,314,0,44,0
14-05 09:50:15,25.194,3.991,66.603,1.996,0,5665548,166372,179284,2005920,2609.235,1454.786,0,9495.020,0,786.263,6503,9621,0.800,1.040,1.120,1,0,0,0,0,18,314,0,44,0
14-05 09:50:16,25.488,4.248,66.220,1.749,0,5665368,166372,179368,2006016,4036.162,1457.336,0,6748.926,0,482.780,7696,11396,0.800,1.040,1.120,1,0,1.999,0,0,18,314,0,44,0
14-05 09:50:17,15.474,2.995,78.118,1.248,0,5665256,166120,179468,2006280,6707.696,4173.966,15.973,2607.605,0.998,248.581,4386,6483,0.800,1.040,1.120,0,0,0,0,0,18,313,0,46,0
14-05 09:50:18,15.305,3.262,79.785,1.505,0,5665640,165620,179504,2006360,6877.585,4336.501,0,2103.519,0,183.657,3633,5202,0.740,1.020,1.120,1,0,1.004,0,0,18,314,0,41,0
14-05 09:50:19,12.763,1.502,83.086,0.501,0,5663660,167396,179508,2006560,14658.099,8032.274,0,3271.370,0,429.442,3029,3753,0.740,1.020,1.120,0,0,2.002,0,0,18,314,0,41,0
14-05 09:50:20,11.221,1.995,83.786,0.499,0.249,5663612,167396,179512,2006604,23322.308,10650.740,0,1117.141,0,104.732,2794,3822,0.740,1.020,1.120,1,0,0,0,0,18,314,0,41,0
14-05 09:50:21,13.719,1.497,82.311,0.499,0,5663564,167396,179524,2006640,26481.309,12685.926,0,1229.183,0,131.698,3173,4055,0.740,1.020,1.120,0,0,0,0,0,18,313,0,41,0
14-05 09:50:22,23.280,4.756,67.836,1.502,0,5663620,167144,179548,2006812,2661.382,1459.855,0,2302.926,0,297.378,6766,9861,0.740,1.020,1.120,2,0,0,0,0,18,314,0,41,0
14-05 09:50:23,26.252,5.000,66.255,1.500,0,5664068,166388,179608,2007060,2909.230,2313.183,0,2528.200,0,285.023,6412,9045,0.760,1.020,1.110,1,0,0,0,0,18,314,0,42,0
14-05 09:50:24,5.248,1.249,90.707,0.750,0,5664204,166136,179648,2007136,6344.987,3332.418,47.977,6940.704,2.999,428.796,2373,4157,0.760,1.020,1.110,2,0,0,0,0,18,314,0,42,0
14-05 09:50:25,14.527,1.753,80.901,0.751,0,5664320,165884,179676,2007244,28231.867,12738.855,0,1354.537,0,132.248,3277,4342,0.760,1.020,1.110,1,0,0,0,0,18,313,0,44,0
14-05 09:50:26,22.521,4.004,69.564,1.752,0,5664064,165884,179768,2007408,2720.500,1459.341,16.015,2418.222,1.001,296.272,6703,10012,0.760,1.020,1.110,2,0,0,0,0,18,313,0,41,0
14-05 09:50:27,25.815,5.013,65.916,1.754,0,5664648,164876,179832,2007768,2664.713,1461.682,0,3163.970,0,297.750,6773,9519,0.760,1.020,1.110,1,0,0,0,0,18,313,0,42,0
14-05 09:50:28,7.207,1.988,87.972,0.746,0,5664608,164876,179844,2007796,9717.651,6300.171,0,1634.188,0,132.206,2488,3532,0.700,1,1.110,2,0,0.994,0,0,18,315,0,42,0
14-05 09:50:29,24.759,3.001,69.525,1.250,0,5664712,164624,179860,2007928,23442.564,11241.107,0,2344.857,0,238.087,4920,6630,0.700,1,1.110,0,0,0,0,0,18,313,0,43,0
14-05 09:50:30,10.499,2.000,84.744,0.500,0.250,5665712,163616,179872,2007924,7231.450,3494.734,0,1563.881,0,124.991,2871,3857,0.700,1,1.110,0,0,6.000,0,0,18,314,0,43,0
14-05 09:50:31,14.991,1.749,79.451,1.249,0,5665484,163616,179888,2008136,27776.809,12801.078,0,7083.616,0,471.708,3685,5462,0.700,1,1.110,0,0,0,0,0,18,314,0,40,0
14-05 09:50:32,10.539,2.007,86.067,0.753,0,5665704,163364,179888,2008168,21645.694,10476.572,0,790.912,0,91.336,2491,3194,0.700,1,1.110,1,0,0,0,0,18,315,0,40,0
14-05 09:50:33,26.920,4.985,64.060,1.496,0,5665388,163364,179904,2008468,4090.878,1692.983,0,2680.058,0,347.969,7590,11501,0.720,1,1.110,2,1,0,0,0,18,313,0,41,1
14-05 09:50:34,25.323,5.014,67.193,1.504,0,5666064,162608,179920,2008532,2485.134,1462.198,0,2816.085,0,300.864,6875,10320,0.720,1,1.110,3,0,0,0,0,18,314,0,42,0
14-05 09:50:35,24.802,4.760,67.643,1.002,0,5665996,162356,179940,2008832,2740.801,1461.092,0,6906.617,0,562.190,6551,9509,0.720,1,1.110,2,0,0,0,0,18,314,0,43,0
14-05 09:50:36,12.435,2.736,81.324,1.243,0,5665868,162356,179956,2008944,6715.834,4053.773,0,2578.498,0,262.625,3826,5667,0.720,1,1.110,0,0,0,0,0,18,313,0,45,0
14-05 09:50:37,16.500,2.500,76.752,1.500,0,5665664,162356,179972,2009132,6779.188,4184.116,0,2300.064,0,245.007,4266,6246,0.720,1,1.110,1,0,0,0,0,18,313,0,47,0
14-05 09:50:38,12.063,2.513,82.431,2.011,0.251,5666100,161856,179988,2009180,2551.347,1465.668,0,7499.232,0,509.666,3702,5890,0.660,0.990,1.100,1,0,1.005,0,0,18,313,0,48,0
14-05 09:50:39,7.249,1.500,88.488,0.750,0,5666120,161604,179996,2009404,6838.089,4181.443,0,1171.844,0,105.986,2517,3726,0.660,0.990,1.100,1,0,0,0,0,18,314,0,47,0
14-05 09:50:40,26.170,3.739,68.540,0,0.249,5671800,155808,179996,2009520,2666.834,1453.549,0,1902.175,0,50.844,3974,4227,0.660,0.990,1.100,2,0,0,0,0,18,314,0,47,0
14-05 09:50:41,24.705,2.745,69.623,0.749,0,5676688,150768,180000,2009668,9633.404,5645.688,0,1397.448,0,150.725,4474,5618,0.660,0.990,1.100,0,0,0,0,0,18,314,0,50,0
14-05 09:50:42,13.000,1.750,83.750,0.250,0,5676568,150768,180004,2009784,23370.930,10793.968,0,927.997,0,76.000,2667,3264,0.660,0.990,1.100,1,0,0,0,0,18,313,0,52,0
14-05 09:50:43,14.061,2.009,81.607,1.255,0.251,5676516,150768,180012,2009828,22337.608,10550.101,0,1422.215,0,146.641,3190,4236,0.610,0.970,1.090,2,0,0,0,0,18,314,0,49,0
14-05 09:50:44,11.439,1.741,84.298,0.746,0,5676916,150264,180028,2009916,26101.993,12647.163,0,1507.912,0,111.402,2614,3543,0.610,0.970,1.090,1,0,0,0,0,18,313,0,49,0
14-05 09:50:45,25.540,5.008,66.354,1.753,0,5676756,150012,180044,2010312,4421.904,1460.280,0,2371.703,0,286.447,7033,10451,0.610,0.970,1.090,1,0,1.002,0,0,18,314,0,49,0
14-05 09:50:46,24.234,3.997,67.456,1.499,0,5677948,148752,180060,2010364,5951.160,4006.415,0,2958.091,0,300.806,6291,8911,0.610,0.970,1.090,0,0,0,0,0,18,314,0,51,0
14-05 09:50:47,7.755,1.501,89.058,0.500,0,5677716,148752,180064,2010592,3964.579,1633.062,0,1853.205,0,146.095,2568,3780,0.610,0.970,1.090,2,0,0,0,0,18,317,0,45,0
14-05 09:50:48,25.485,4.248,67.961,1.249,0,5677916,148500,180072,2010636,2656.481,1457.167,0,5540.832,0,328.812,6370,8736,0.640,0.970,1.090,1,0,0.999,0,0,18,317,0,48,0
14-05 09:50:49,25.779,3.504,67.577,0.751,0,5678988,146988,180096,2011052,2420.755,1459.661,132.150,1461.664,8.009,145.165,6235,8362,0.640,0.970,1.090,4,0,2.002,0,0,18,319,0,68,0
14-05 09:50:50,26.566,4.511,67.166,0.501,0,5680948,144972,180096,2011108,2787.902,1407.485,0,1427.534,0,141.350,6194,8482,0.640,0.970,1.090,1,0,1.002,0,0,18,317,0,81,0
14-05 09:50:51,25.439,3.492,69.334,1.247,0,5681516,143964,180104,2011540,8453.725,3799.886,0,1632.086,0,164.605,5311,6703,0.640,0.970,1.090,2,0,0,0,0,18,317,0,81,0
14-05 09:50:52,13.549,2.007,81.796,0.502,0,5681988,143488,180104,2011544,22730.264,10522.081,4.015,1124.068,1.004,96.349,3355,4429,0.640,0.970,1.090,1,0,0,0,0,18,318,0,81,0
14-05 09:50:53,25.860,4.476,65.395,1.492,0,5681892,143248,180124,2011860,4185.277,1396.418,0,2979.822,0,334.186,7368,10899,0.830,1,1.100,2,0,0.995,0,0,18,317,0,84,0
14-05 09:50:54,17.757,5.002,74.277,1.250,0,5689940,134932,180140,2012112,6781.506,4193.549,0,3213.187,0,312.115,5489,8244,0.830,1,1.100,0,0,3.001,0,0,18,316,0,87,0
14-05 09:50:55,11.269,2.504,82.641,1.753,0,5690104,134680,180152,2012188,8802.004,4135.048,0,6282.709,0,447.763,3892,6046,0.830,1,1.100,0,0,2.003,0,0,18,316,0,87,0
14-05 09:50:56,10.734,1.747,83.621,0.998,0,5690328,134428,180152,2012216,6959.304,4121.665,0,8067.600,0,550.154,3123,4287,0.830,1,1.100,0,0,0,0,0,18,316,0,88,0
14-05 09:50:57,8.012,2.003,87.378,1.001,0,5690156,134428,180164,2012376,5663.304,3960.807,0,1482.173,0,161.236,2784,4223,0.830,1,1.100,0,0,0,0,0,18,317,0,88,0
14-05 09:50:58,4.743,1.248,91.363,0.499,0,5690080,134428,180164,2012452,3967.043,1629.553,0,878.681,0,69.895,1879,2801,0.760,0.990,1.100,3,0,0.999,0,0,18,317,0,88,0
14-05 09:50:59,20.745,2.999,73.983,0.750,0,5690908,133420,180164,2012632,6778.488,3668.182,0,1219.728,0,107.976,3945,4884,0.760,0.990,1.100,1,0,0,0,0,18,316,0,87,0
14-05 09:51:00,11.001,1.750,85.258,0.500,0,5690908,133420,180168,2012628,6977.631,3711.335,0,1244.112,0,92.008,2310,3060,0.760,0.990,1.100,2,0,0,0,0,18,316,0,87,0
14-05 09:51:01,5.774,1.506,91.135,0.502,0.251,5690708,133420,180176,2012820,2803.833,1604.772,0,968.086,0,96.407,2003,2964,0.760,0.990,1.100,2,0,0,0,0,18,318,0,87,0
14-05 09:51:02,3.485,0.498,92.854,0.498,0,5690940,133168,180180,2012836,6976.267,3514.023,0,888.214,0,80.656,1724,2691,0.760,0.990,1.100,0,0,0,0,0,18,316,0,87,0
14-05 09:51:03,14.493,2.249,80.464,1.000,0,5690884,133168,180184,2012888,25025.772,12469.406,0,1227.449,0,135.939,3342,4421,0.940,1.020,1.110,0,0,0,0,0,18,316,0,85,0
14-05 09:51:04,25.148,5.281,66.894,1.760,0.251,5691020,132916,180192,2012996,14841.397,6193.472,0,2655.638,0,341.008,6904,10276,0.940,1.020,1.110,5,0,0,0,0,18,317,0,86,0
14-05 09:51:05,29.458,6.241,61.662,0.999,0,5695844,156136,179380,1986624,11589.485,6036.398,67.903,6638.540,0.999,491.300,7086,12381,0.940,1.020,1.110,1,1,33.952,0,0,18,317,0,87,0
14-05 09:51:06,14.702,3.239,78.743,0.498,0.249,5681820,170164,179384,1985752,6936.375,4181.361,0,2491.872,0,202.340,3693,11789,0.940,1.020,1.110,1,0,1.993,0,0,18,316,0,90,0
14-05 09:51:07,10.245,1.999,85.208,1.499,0,5682124,169660,179400,1985936,7146.445,4129.946,0,1591.208,0,189.906,3403,5122,0.940,1.020,1.110,0,0,0,0,0,18,316,0,86,0
14-05 09:51:08,8.752,2.000,86.268,0.500,0,5682584,169160,179404,1985972,6841.428,3669.766,0,1252.261,0,118.025,2737,3797,1.030,1.040,1.110,0,0,2.000,0,0,18,316,0,86,0
14-05 09:51:09,8.228,0.997,88.014,0.499,0,5683028,168684,179404,1986004,5759.563,3485.657,0,1025.252,0,84.773,2269,3133,1.030,1.040,1.110,0,0,0,0,0,18,317,0,86,0
14-05 09:51:10,17.329,2.511,78.356,1.005,0,5682924,168732,179404,1986060,18919.896,8464.429,0,1547.023,0,164.748,4136,5921,1.030,1.040,1.110,3,0,0,0,0,18,318,0,86,0
14-05 09:51:11,26.848,3.513,66.994,1.255,0,5584620,266784,179408,1986308,7292.574,3765.722,12.044,3986.527,1.004,297.083,5051,7166,1.030,1.040,1.110,1,0,0,0,0,18,316,0,87,0
14-05 09:51:12,9.454,2.239,85.835,0.498,0,5508568,342752,179432,1986368,12611.035,261639.171,23.885,1787.359,4.976,106.485,1936,2090,1.030,1.040,1.110,0,0,13.933,0,0,18,316,0,82,0
14-05 09:51:13,2.246,0.749,94.841,0.250,0,5508808,342512,179432,1986368,2473.850,1455.558,0,902.486,0,58.901,1449,2238,0.950,1.020,1.110,0,0,0,0,0,18,316,0,82,0
14-05 09:51:14,1.251,1.001,95.828,0.751,0,5508808,342512,179432,1986368,2480.031,1459.195,0,3258.669,0,188.154,1311,2216,0.950,1.020,1.110,0,0,0,0,0,18,316,0,82,0
14-05 09:51:15,0.750,0.750,96.807,0,0,5508808,342512,179432,1986368,2616.538,1458.858,0,364.214,0,7.004,934,1403,0.950,1.020,1.110,0,0,0,0,0,18,316,0,82,0
14-05 09:51:16,1.248,0.749,96.629,0.250,0,5507344,343972,179432,1986372,2594.746,1456.174,0,4178.759,0,420.473,1247,1555,0.950,1.020,1.110,0,0,1.997,0,0,18,316,0,81,0
14-05 09:51:17,2.513,1.256,94.729,0.251,0,5507568,343748,179432,1986372,2741.870,1465.413,0,188.956,0,24.122,1389,2142,0.950,1.020,1.110,1,0,0,0,0,18,316,0,81,0
14-05 09:51:18,1.741,0.249,95.279,0.249,0,5507564,343748,179432,1986376,2824.030,1450.823,0,4115.641,0,203.991,1430,2357,0.870,1,1.100,1,0,0.995,0,0,18,316,0,81,0
14-05 09:51:19,1.000,1.250,96.512,0,0.250,5507564,343748,179432,1986376,4398.526,1458.174,0,32.004,0,4.000,973,1402,0.870,1,1.100,0,0,0,0,0,18,316,0,81,0
14-05 09:51:20,2.508,0.752,95.793,0.251,0,5507788,343524,179432,1986376,2743.380,1462.468,0,236.723,0,33.101,1329,2023,0.870,1,1.100,0,0,0,0,0,18,316,0,78,0
14-05 09:51:21,1.746,0.748,94.525,0.499,0,5507732,343524,179432,1986432,2651.686,1454.537,31.924,570.641,0.998,62.850,1569,2303,0.870,1,1.100,0,0,0,0,0,18,316,0,78,0
14-05 09:51:22,1.757,1.255,96.911,0.251,0,5507696,343524,179432,1986468,2729.589,1464.217,0,317.347,0,20.085,1022,1431,0.870,1,1.100,0,0,0,0,0,18,316,0,78,0
14-05 09:51:23,1.493,0.498,95.777,0,0,5507696,343524,179432,1986468,2465.833,1450.841,0,119.411,0,15.921,1221,1866,0.880,1,1.100,0,0,0,0,0,18,316,0,78,0
14-05 09:51:24,1.752,0.501,96.379,0.250,0,5507696,343524,179432,1986468,2601.485,1459.956,0,256.343,0,23.031,1081,1635,0.880,1,1.100,1,0,0,0,0,18,316,0,75,0
14-05 09:51:25,0.999,0.999,96.898,0.250,0,5507696,343524,179432,1986468,2792.051,1456.462,0,171.819,0,10.988,1002,1486,0.880,1,1.100,1,0,0,0,0,18,316,0,75,0
14-05 09:51:26,1.999,0.500,94.955,0,0,5507696,343524,179432,1986468,2716.713,1457.310,0,259.877,0,25.988,1359,1982,0.880,1,1.100,1,0,0,0,0,18,316,0,75,0
14-05 09:51:27,2.751,1.501,94.041,0.500,0,5507692,343524,179432,1986472,2909.264,1458.634,0,288.125,0,42.018,1649,2480,0.880,1,1.100,0,0,0,0,0,18,316,0,75,0
14-05 09:51:28,2.500,1.000,95.253,0.250,0.250,5507680,343524,179432,1986484,5535.162,3445.101,0,252.007,0,17.000,1125,1519,0.810,0.990,1.090,0,0,1.000,0,0,18,317,0,72,0
14-05 09:51:29,6.498,0.500,91.215,0,0.250,5507672,343524,179432,1986492,19289.697,8513.777,0,31.988,0,3.998,1485,1626,0.810,0.990,1.090,0,0,0,0,0,18,316,0,72,0
14-05 09:51:30,3.248,1.999,92.949,0.250,0,5507704,343524,179432,1986524,2853.426,1457.196,31.982,151.916,1.999,20.988,1520,2077,0.810,0.990,1.090,0,0,5.997,0,0,18,316,0,72,0
14-05 09:51:31,1.251,1.000,95.791,0.250,0,5507660,343524,179432,1986568,2839.219,1458.626,32.014,424.182,1.000,36.015,1308,2022,0.810,0.990,1.090,0,0,0,0,0,18,316,0,72,0
14-05 09:51:32,1.748,0.500,96.416,0,0.250,5507660,343524,179432,1986568,2715.629,1456.728,0,279.756,0,17.984,1001,1491,0.810,0.990,1.090,0,0,0,0,0,18,316,0,71,0
14-05 09:51:33,1.001,1.001,95.848,0.250,0,5507660,343524,179432,1986568,2660.730,1459.498,0,172.177,0,23.024,1225,1868,0.750,0.970,1.090,0,0,0,0,0,18,316,0,71,0
14-05 09:51:34,1.498,0.749,95.847,0,0,5507660,343524,179432,1986568,2653.754,1455.671,0,227.636,0,16.973,1006,1505,0.750,0.970,1.090,1,0,0,0,0,18,316,0,71,0
14-05 09:51:35,1.253,0.501,96.944,0,0,5507660,343524,179432,1986568,2980.970,1460.926,0,32.064,0,4.008,933,1407,0.750,0.970,1.090,0,0,0,0,0,18,316,0,71,0
14-05 09:51:36,1.501,0.500,96.534,0,0,5507656,343524,179432,1986572,2598.914,1458.513,0,340.120,0,51.018,1080,1505,0.750,0.970,1.090,0,0,0,0,0,18,316,0,64,0
14-05 09:51:37,1.499,1.499,94.961,0.500,0,5507656,343524,179432,1986572,2786.862,1457.405,0,899.633,0,177.927,1425,2135,0.750,0.970,1.090,0,0,0,0,0,18,316,0,64,0
14-05 09:51:38,1.501,0.751,96.566,0.500,0,5507656,343524,179432,1986572,2779.912,1459.003,0,248.171,0,17.012,1034,1487,0.680,0.950,1.080,1,0,1.001,0,0,18,316,0,64,0
14-05 09:51:39,1.500,0.500,96.234,0,0.250,5507652,343524,179432,1986576,2657.559,1457.758,0,99.983,0,13.998,1061,1534,0.680,0.950,1.080,0,0,0,0,0,18,316,0,64,0
14-05 09:51:40,1.497,0.998,95.045,0.249,0,5507648,343524,179432,1986580,2729.106,1454.858,0,363.216,0,34.925,1321,2038,0.680,0.950,1.080,0,0,0,0,0,18,316,0,61,0
14-05 09:51:41,2.253,1.252,95.117,0.501,0,5507636,343524,179432,1986592,2841.481,1501.840,0,448.549,0,44.054,1465,2262,0.680,0.950,1.080,0,0,0,0,0,18,316,0,61,0
14-05 09:51:42,0.999,0.999,96.108,0.250,0,5507636,343524,179432,1986592,3518.786,862.722,0,331.509,0,20.969,982,1441,0.680,0.950,1.080,0,0,0,0,0,18,316,0,61,0
14-05 09:51:43,1.750,2.000,94.484,0,0,5503296,347864,179432,1986592,899.847,0,0,211.964,0,23.996,1254,1845,0.630,0.940,1.070,1,0,0,0,0,18,316,0,61,0
14-05 09:51:44,9.274,2.005,86.475,0.251,0,5528028,323124,179444,1986588,279773.090,5428.146,8.021,172.449,2.005,11.029,1779,1677,0.630,0.940,1.070,1,0,7.018,0,0,18,316,0,56,0
14-05 09:51:45,9.993,3.248,84.943,0.500,0,5533532,317592,179460,1986600,141073.141,4938.714,11.992,79.947,2.998,4.997,1981,1750,0.630,0.940,1.070,1,0,17.988,0,0,18,316,0,56,0
14-05 09:51:46,9.300,3.267,85.205,0.754,0,5521784,329180,179464,1986756,149979.633,7299.013,152.817,168.903,9.048,6.032,2173,1930,0.630,0.940,1.070,1,0,15.081,0,0,18,316,0,56,0
14-05 09:51:47,9.950,3.234,84.079,0.498,0.249,5520912,329080,179472,1987720,147209.270,3556.202,135.323,246.765,5.970,24.876,2261,2357,0.630,0.940,1.070,1,0,12.935,0,0,18,316,0,56,0
14-05 09:51:48,21.108,6.534,71.869,0,0,5514020,326572,179476,1997100,1513.766,488.506,0,309.588,0,16.083,2454,1892,0.660,0.940,1.070,2,0,15.077,0,0,18,316,0,51,0
14-05 09:51:49,19.187,4.734,71.765,2.741,0,5511516,320032,179544,2006044,1501.079,484.412,243.203,171.438,44.853,9.967,2368,1918,0.660,0.940,1.070,1,0,13.954,0,0,18,316,0,51,0
