"pcp-dstat 6.2.0 CSV Output"
"Author:","PCP team <pcp@groups.io> and Dag Wieers <dag@wieers.com>",,,,"URL:","https://pcp.io/ and http://dag.wieers.com/home-made/dstat/"
"Host:","ubuntu",,,,"User:","ubuntu"
"Cmdline:","dstat -tcmndrylpg --tcp --output /tmp/devstack_logs/dstat-csv.log",,,,"Date:","12 Mar 2026 13:24:13 UTC"
"system","total usage",,,,,"memory usage",,,,"net/total",,"dsk/total",,"io/total",,"system",,"load avg",,,"procs",,,"paging",,"tcp sockets",,,,
"time","total usage:usr","total usage:sys","total usage:idl","total usage:wai","total usage:stl","used","free","buf","cach","net/total:recv","net/total:send","dsk/total:read","dsk/total:writ","read","writ","int","csw","1m","5m","15m","run","blk","new","in","out","lis","act","syn","tim","clo"
12-03 13:24:13,,988168,1477112,164112,5186816,,,,,,,1.400,1.040,0.650,1,1,,,,10,3,1,18,0
12-03 13:24:14,8.263,19.782,69.112,1.252,0,992920,1472400,164120,5186856,4283.926,1622.623,0,7992.922,0,294.476,6047,4332,1.400,1.040,0.650,1,0,420.680,0,0,10,3,1,18,0
12-03 13:24:15,12.743,20.739,66.214,0.250,0,975160,1489976,164136,5187024,3886.887,2766.496,0,155.915,0,11.993,5308,3652,1.400,1.040,0.650,3,0,329.821,0,0,10,4,1,18,0
12-03 13:24:16,25.006,17.254,56.014,0,0,983972,1480836,164172,5187276,13675.381,3997.989,0,188.046,0,11.003,5526,5835,1.400,1.040,0.650,1,0,236.058,0,0,10,5,1,18,0
12-03 13:24:17,33.040,14.017,51.563,0.250,0,990704,1473756,164292,5196000,28096.163,10918.276,0,1253.524,0,36.044,6090,7666,1.400,1.040,0.650,2,0,146.178,0,0,11,6,1,18,0
12-03 13:24:18,11.991,3.997,81.937,0.500,0,1119504,1344032,164444,5312820,31416.862,13123.917,0,1406.919,0,44.965,1995,1884,1.290,1.020,0.650,2,0,34.973,0,0,11,8,1,18,0
12-03 13:24:19,40.960,10.989,46.455,1.748,0,1166536,1296612,164548,5313036,13552.843,9408.866,15.984,1086.945,0.999,36.964,4322,12376,1.290,1.020,0.650,1,0,108.894,0,0,11,8,1,19,0
12-03 13:24:20,30.498,11.249,56.496,0.750,0,1166520,1296116,164724,5313300,38636.370,12722.134,0,1807.877,0,65.996,4432,3350,1.290,1.020,0.650,1,0,179.988,0,0,11,7,1,21,1
12-03 13:24:21,34.803,4.006,57.837,2.504,0,1230328,1231100,164920,5314104,19460.422,11863.937,32.048,2968.488,2.003,63.095,2535,1754,1.290,1.020,0.650,2,0,0,0,0,11,6,1,20,2
12-03 13:24:22,43.705,4.745,50.199,0.999,0,1259804,1176248,165520,5336888,170442.490,6729.110,0,3052.874,0,71.926,3058,1902,1.290,1.020,0.650,2,0,0.999,0,0,11,6,1,20,2
12-03 13:24:23,41.039,5.005,47.294,4.754,0,1280768,1135336,166756,5353528,2702.540,1621.524,0,20070.865,0,1404.320,6870,11734,1.430,1.050,0.660,3,1,16.015,0,0,11,8,1,20,2
12-03 13:24:24,37.697,7.240,43.189,10.236,0.250,1277264,1122328,168080,5367248,2773.099,1617.724,0,54335.558,0,3759.711,15260,28769,1.430,1.050,0.660,2,1,65.907,0,0,11,8,1,20,2
12-03 13:24:25,42.820,8.264,45.074,2.755,0,1208712,1170812,168592,5385120,2584.254,1622.671,0,17973.586,0,990.631,5801,7609,1.430,1.050,0.660,2,0,75.124,0,0,11,6,1,20,2
12-03 13:24:26,44.188,5.492,48.432,0.999,0,1259960,1106216,169396,5395608,4194.113,1617.729,0,3183.531,0,136.808,3189,2088,1.430,1.050,0.660,2,0,0,0,0,11,6,1,20,2
12-03 13:24:27,45.484,4.998,46.983,1.499,0,1280920,1060012,170128,5418112,4096.533,1457.478,0,8057.115,0,449.839,3647,3022,1.430,1.050,0.660,2,0,1.000,0,0,11,6,1,20,2
12-03 13:24:28,44.472,3.748,50.468,0.999,0,1281400,1050016,170732,5425468,3303.918,2736.276,0,2206.609,0,175.889,3004,1954,1.470,1.070,0.670,1,0,9.994,0,0,11,7,1,20,2
12-03 13:24:29,42.283,5.755,51.040,0,0,1293448,1055340,170736,5408460,8467.653,3339.624,0,14779.613,0,181.142,2924,1741,1.470,1.070,0.670,3,0,2.002,0,0,11,4,1,16,0
12-03 13:24:30,40.757,5.001,53.509,0.250,0,1305268,1043480,170764,5408476,8261.434,3796.659,0,1040.181,0,42.007,2700,1496,1.470,1.070,0.670,3,0,33.006,0,0,11,5,1,16,0
12-03 13:24:31,36.008,15.753,47.010,0,0,1255500,1086744,170844,5414224,3042.635,1794.374,0,1116.233,0,50.010,4985,3523,1.470,1.070,0.670,3,0,300.063,0,0,11,4,1,16,0
12-03 13:24:32,27.019,22.266,49.034,0.250,0,1254404,1087660,170844,5414392,9638.723,4696.275,0,748.522,0,52.036,5748,4200,1.470,1.070,0.670,4,0,365.255,0,0,11,5,1,16,0
12-03 13:24:33,39.779,19.264,39.779,0,0,1217720,1117496,171336,5419920,3344.478,1795.330,0,1164.863,0,92.068,13234,22427,1.760,1.130,0.690,2,0,206.153,0,0,11,4,1,14,0
12-03 13:24:34,57.740,15.497,26.496,0.250,0,1254356,1080184,171416,5420308,2674.560,1531.748,0,14613.594,0,372.939,4576,4926,1.760,1.130,0.690,5,0,142.976,0,0,11,5,1,14,0
12-03 13:24:35,66.141,11.731,20.965,0,0,1330472,1003828,171440,5420588,2695.561,1691.215,0,698.849,0,26.956,9672,16445,1.760,1.130,0.690,3,0,14.975,0,0,11,5,1,14,0
12-03 13:24:36,67.649,7.489,23.964,0.250,0,1317944,1028536,171448,5409712,2456.340,1691.479,0,750.881,0,33.949,3793,1449,1.760,1.130,0.690,4,0,9.985,0,0,11,5,1,14,0
12-03 13:24:37,65.428,11.531,22.060,0,0,1332888,1011896,171488,5411356,2466.705,1698.617,0,742.017,0,57.155,4120,3347,1.760,1.130,0.690,3,0,61.166,0,0,11,5,1,14,0
12-03 13:24:38,16.214,9.479,73.837,0,0,1334248,1009744,171520,5412128,2514.436,1732.167,0,239.470,0,21.951,3547,3202,1.620,1.110,0.690,0,0,123.726,0,0,11,4,1,14,0
12-03 13:24:39,14.746,4.249,80.726,0,0,1367552,976424,171536,5412128,2836.170,1693.504,0,3.999,0,1.000,1747,1505,1.620,1.110,0.690,1,0,21.994,0,0,11,4,1,14,0
12-03 13:24:40,22.279,4.005,72.845,0,0,1410540,933428,171536,5412132,2583.384,1622.125,0,28589.449,0,256.336,2052,1552,1.620,1.110,0.690,1,0,0,0,0,11,4,1,14,0
12-03 13:24:41,23.257,2.501,73.273,0.250,0,1424312,919656,171536,5412132,2418.765,1532.485,0,4861.537,0,121.038,1830,1322,1.620,1.110,0.690,1,0,0,0,0,11,4,1,14,0
12-03 13:24:42,23.755,2.501,72.265,0.500,0,1437216,906504,171564,5412352,2880.580,1620.326,0,1180.238,0,111.022,2626,2721,1.620,1.110,0.690,2,0,1.000,0,0,11,10,1,13,0
12-03 13:24:43,21.763,4.753,71.291,1.001,0,1320728,1022928,171600,5412380,3061.774,1620.939,0,3349.941,0,284.165,3719,4496,1.570,1.110,0.690,2,0,42.024,0,0,11,4,1,15,0
12-03 13:24:44,21.475,2.247,72.915,2.497,0,1346524,996788,171864,5412420,3257.222,1712.014,271.685,555.356,9.988,9.988,1697,1151,1.570,1.110,0.690,1,0,0,0,0,11,4,1,15,0
12-03 13:24:45,19.508,2.501,77.530,0,0,1361736,981224,171864,5412736,5248.057,4152.627,0,8431.304,0,293.115,1903,1219,1.570,1.110,0.690,1,0,1.000,0,0,11,11,1,15,0
12-03 13:24:46,14.255,2.251,73.026,9.503,0,1362940,979816,171908,5412964,5198.828,4034.418,268.094,1800.633,66.023,37.013,2132,2340,1.570,1.110,0.690,1,0,0,0,0,11,25,1,14,0
12-03 13:24:47,20.465,5.241,73.376,0.499,0,1351336,991408,171916,5412968,8119.238,5315.990,0,427.276,0,11.980,2708,2489,1.570,1.110,0.690,1,0,45.922,0,0,11,28,1,15,0
12-03 13:24:48,23.271,3.003,73.316,0,0,1406280,936464,171916,5412968,2434.176,1513.353,0,92.082,0,4.004,1733,1159,1.520,1.110,0.690,1,0,0,0,0,11,28,1,15,0
12-03 13:24:49,17.493,2.249,78.969,0,0,1407992,934736,171916,5412984,9636.185,8428.663,0,39.984,0,1.999,1998,1608,1.520,1.110,0.690,1,0,0,0,0,11,28,1,16,0
12-03 13:24:50,32.488,11.996,53.980,0,0,1440788,901932,171916,5412992,2459.099,1689.381,0,235.914,0,4.998,3586,2353,1.520,1.110,0.690,2,0,156.942,0,0,11,28,1,16,0
12-03 13:24:51,38.087,5.011,56.630,0,0,1506188,836512,171916,5413008,10484.036,9475.725,0,0,0,0,2898,2155,1.520,1.110,0.690,2,0,0,0,0,11,30,1,16,0
12-03 13:24:52,39.180,4.242,55.151,0,0,1495816,846672,171932,5413204,14043.855,12372.847,0,343.385,0,27.950,6191,7682,1.520,1.110,0.690,2,0,0,0,0,11,28,1,17,0
12-03 13:24:53,55.612,29.309,14.529,0,0,1461500,880980,171936,5413208,2831.706,1763.554,0,200.404,0,20.040,5631,4590,1.800,1.180,0.710,6,0,554.117,0,0,11,28,1,17,0
12-03 13:24:54,86.752,13.000,0,0,0,1644656,697776,171940,5413252,3178.089,1862.052,0,812.023,0,13.000,4876,2586,1.800,1.180,0.710,5,0,25.001,0,0,11,28,2,17,0
12-03 13:24:55,88.498,10.500,1.000,0,0,1752240,590112,171940,5413280,17644.562,16809.583,0,31327.223,0,147.996,6501,5103,1.800,1.180,0.710,5,0,6.000,0,0,11,32,1,17,0
12-03 13:24:56,83.596,7.736,8.235,0,0,1779192,562964,171952,5413464,29793.038,26673.792,0,1233.724,0,43.919,7793,10016,1.800,1.180,0.710,5,0,16.969,0,0,11,31,1,20,0
12-03 13:24:57,44.737,14.496,39.239,0,0,1543676,798392,171964,5413540,8199.634,6619.090,0,471.864,0,44.987,5529,6116,1.800,1.180,0.710,1,0,293.915,0,0,11,28,1,23,0
12-03 13:24:58,21.998,2.500,74.493,0,0,1554264,787796,171968,5413544,4012.632,3591.670,0,211.981,0,10.999,1732,1167,1.730,1.170,0.720,0,0,0,0,0,11,29,1,23,0
12-03 13:24:59,16.228,1.748,80.888,0.499,0,1530596,811428,171988,5413560,8056.884,6657.814,0,750.964,0,53.926,2677,3137,1.730,1.170,0.720,1,0,0,0,0,11,28,1,24,0
12-03 13:25:00,19.067,9.533,70.999,0,0,1488500,853520,171988,5413564,2589.083,1625.703,0,55069.201,0,227.799,3086,2443,1.730,1.170,0.720,1,0,68.239,0,0,11,28,1,24,0
12-03 13:25:01,26.196,14.720,57.881,0.249,0,1486872,855104,171988,5413568,4124.516,3584.626,0,718.522,0,9.979,4644,3785,1.730,1.170,0.720,0,0,332.316,0,0,11,29,1,24,0
12-03 13:25:02,16.739,2.249,79.698,0.250,0,1477660,864288,172004,5413580,8148.708,6525.762,0,291.810,0,23.984,2734,3129,1.730,1.170,0.720,1,0,2.998,0,0,11,28,1,20,0
12-03 13:25:03,10.774,19.293,68.654,0.251,0,1404584,937360,172004,5413588,2826.349,1623.647,0,196.441,0,11.025,5143,3771,1.680,1.170,0.720,1,0,369.831,0,0,11,28,1,20,0
12-03 13:25:04,34.519,31.517,33.268,0,0,1415848,926096,172004,5413592,2958.614,1620.884,0,232.127,0,21.011,5910,4819,1.680,1.170,0.720,5,0,648.354,0,0,11,28,1,20,0
12-03 13:25:05,87.952,11.960,0.249,0,0,1603240,738664,172008,5413628,5056.884,3073.597,0,3157.314,0,77.737,4861,2448,1.680,1.170,0.720,4,0,20.929,0,0,11,29,1,20,0
12-03 13:25:06,80.250,8.750,10.250,0,0,1698188,643684,172008,5413660,25188.873,21497.891,0,199.999,0,9.000,5559,4495,1.680,1.170,0.720,4,0,0,0,0,11,33,1,19,0
12-03 13:25:07,79.768,9.783,9.783,0,0,1701196,640440,172020,5413892,32240.230,29272.267,0,537.805,0,68.229,8754,13774,1.680,1.170,0.720,6,0,31.104,0,0,11,29,1,20,0
12-03 13:25:08,79.503,20.001,0.500,0,0,1565184,776372,172056,5413936,3417.132,2085.081,0,3472.134,0,193.007,5807,5271,2.100,1.270,0.750,6,0,280.011,0,0,11,28,1,20,0
12-03 13:25:09,88.250,12.000,0,0,0,1698448,643056,172056,5413988,6585.026,5375.021,0,148.001,0,8.000,4872,2764,2.100,1.270,0.750,6,0,0,0,0,11,29,1,20,0
12-03 13:25:10,80.733,9.748,9.248,0,0,1781680,559544,172060,5414264,23720.877,22646.110,0,475.897,0,24.995,6096,5630,2.100,1.270,0.750,6,0,51.989,0,0,11,34,1,17,0
12-03 13:25:11,75.232,9.748,14.497,0,0,1779360,561564,172060,5414488,33588.156,31389.669,0,127.970,0,4.999,8466,12934,2.100,1.270,0.750,3,0,83.980,0,0,11,32,1,18,1
12-03 13:25:12,65.180,14.984,19.229,0,0.250,1552620,788236,172088,5414528,12395.781,10021.313,0,587.374,0,41.955,6722,7350,2.100,1.270,0.750,2,0,247.736,0,0,11,28,1,22,0
12-03 13:25:13,44.993,4.499,49.992,0.250,0,1575064,765788,172088,5414540,4473.295,3457.455,0,703.889,0,8.999,2746,1305,2.090,1.280,0.760,2,0,0,0,0,11,29,2,22,0
12-03 13:25:14,31.275,3.753,64.051,0,0,1559384,781436,172092,5414568,15637.431,14021.146,0,304.242,0,24.019,4759,5361,2.090,1.280,0.760,2,0,0,0,0,11,29,1,23,0
12-03 13:25:15,43.450,22.474,32.712,0,0,1488892,851884,172092,5414596,6966.924,5714.376,0,207.759,0,17.979,5409,4998,2.090,1.280,0.760,3,0,377.562,0,0,11,28,1,24,0
12-03 13:25:16,66.789,7.476,24.423,1.495,0,1559752,781008,172092,5414612,5453.756,3419.189,0,3624.540,0,318.991,3746,1279,2.090,1.280,0.760,2,0,0,0,0,11,29,1,24,0
12-03 13:25:17,50.222,5.524,43.693,0.251,0,1571928,768712,172092,5414784,21991.280,21253.014,0,566.506,0,33.147,5539,7041,2.090,1.280,0.760,1,0,1.004,0,0,11,31,1,24,0
12-03 13:25:18,59.041,19.764,20.014,0.250,0,1447540,893060,172108,5414808,12503.579,8445.795,0,480.330,0,49.034,6566,6917,2.330,1.340,0.780,4,0,258.177,0,0,11,28,1,25,0
12-03 13:25:19,88.661,10.958,0,0,0,1613584,726992,172112,5416032,2706.654,1613.831,0,183.299,0,9.962,4824,3044,2.330,1.340,0.780,6,0,33.871,0,0,11,28,1,25,0
12-03 13:25:20,67.743,7.778,24.588,0,0,1644252,696272,172120,5414872,24570.181,23693.033,0,806.896,0,52.187,6255,12999,2.330,1.340,0.780,2,0,2.007,0,0,11,32,1,26,0
12-03 13:25:21,61.266,14.504,23.006,0,0,1572808,767516,172132,5415060,24140.449,19929.324,0,396.106,0,39.010,8711,11293,2.330,1.340,0.780,5,0,287.077,0,0,11,28,1,29,0
12-03 13:25:22,63.733,11.997,23.744,0,0,1540056,800248,172132,5415080,2699.282,1619.569,0,155.959,0,6.998,3729,1687,2.330,1.340,0.780,3,0,36.990,0,0,11,28,1,29,0
12-03 13:25:23,55.068,5.980,38.373,0,0,1577656,762632,172136,5415092,14852.821,13791.336,0,107.644,0,6.977,4042,2758,2.380,1.370,0.790,3,0,0,0,0,11,31,1,26,0
12-03 13:25:24,52.797,14.012,33.029,0.250,0,1515684,824396,172144,5415292,20434.056,18219.098,0,584.516,0,37.033,8162,10358,2.380,1.370,0.790,4,0,251.222,0,0,11,28,1,28,0
12-03 13:25:25,65.430,11.782,22.311,0.251,0,1561880,778184,172148,5415304,2526.933,1624.457,0,168.462,0,11.030,3851,1717,2.380,1.370,0.790,3,0,48.132,0,0,11,28,1,28,0
12-03 13:25:26,54.686,4.994,39.454,0,0,1597244,742808,172148,5415316,14592.951,13884.778,0,127.851,0,8.989,4046,2726,2.380,1.370,0.790,2,0,0,0,0,11,31,1,28,0
12-03 13:25:27,51.559,11.263,36.542,0,0,1541592,798224,172160,5415540,19657.332,17348.709,0,957.087,0,73.083,7740,9840,2.380,1.370,0.790,5,0,161.183,0,0,11,28,1,31,0
12-03 13:25:28,64.002,15.500,21.001,0,0,1537028,802656,172160,5415676,2700.084,1620.050,0,152.005,0,9.000,4011,2117,2.430,1.400,0.810,3,0,127.004,0,0,11,28,1,31,0
12-03 13:25:29,54.239,5.499,39.242,0,0,1595152,744512,172168,5415688,15323.881,13996.151,0,235.952,0,7.998,3961,2596,2.430,1.400,0.810,4,0,0,0,0,11,31,1,31,0
12-03 13:25:30,53.959,8.494,36.472,0.500,0,1476668,862792,172180,5415880,16401.517,14716.799,0,339.741,0,36.972,7417,8885,2.430,1.400,0.810,4,0,93.929,0,0,11,28,1,33,0
12-03 13:25:31,64.535,11.256,23.763,0,0,1517148,822300,172188,5415884,2641.453,1620.892,0,528.291,0,62.034,3892,1633,2.430,1.400,0.810,3,0,18.010,0,0,11,28,1,33,0
12-03 13:25:32,54.248,5.500,39.249,0,0,1556352,783084,172188,5415896,16465.450,15244.491,0,163.995,0,10.000,3879,3276,2.430,1.400,0.810,3,0,0,0,0,11,31,1,33,0
12-03 13:25:33,49.966,13.241,36.725,0.250,0,1491816,847532,172208,5415960,15397.651,13694.795,0,431.710,0,45.969,7428,8686,2.560,1.440,0.820,3,0,221.851,0,0,11,28,1,35,0
12-03 13:25:34,70.999,27.500,1.750,0,0,1531188,808132,172212,5415952,2776.954,1693.972,0,227.996,0,19.000,5420,4191,2.560,1.440,0.820,7,0,387.994,0,0,11,28,1,35,0
12-03 13:25:35,82.890,16.977,0,0,0,1662428,676856,172212,5415988,5820.260,4615.862,0,179.761,0,7.989,5304,3922,2.560,1.440,0.820,5,0,275.633,0,0,11,30,1,35,0
12-03 13:25:36,81.912,17.677,0.249,0,0.249,1757104,582156,172212,5416012,18407.005,16180.199,0,3457.725,0,132.453,6193,5492,2.560,1.440,0.820,7,0,282.832,0,0,11,32,1,35,0
12-03 13:25:37,79.005,18.367,1.761,0,0,1753188,585800,172248,5416252,36349.439,34674.730,0,410.626,0,37.238,7915,9799,2.560,1.440,0.820,9,0,354.265,0,0,11,30,1,36,0
12-03 13:25:38,80.261,18.753,0.750,0,0,1668148,670676,172276,5416388,16700.366,15160.148,0,480.068,0,35.005,6250,6160,2.910,1.530,0.860,7,0,259.037,0,0,11,28,1,36,0
12-03 13:25:39,84.128,11.983,3.994,0,0,1623376,715360,172280,5416472,7071.736,6258.916,0,411.403,0,9.986,4954,2653,2.910,1.530,0.860,4,0,75.890,0,0,11,30,1,36,0
12-03 13:25:40,82.711,9.246,6.747,0,0,1680712,657984,172280,5416512,21350.894,19185.918,0,0,0,0,5881,5932,2.910,1.530,0.860,7,0,0,0,0,11,33,1,36,0
12-03 13:25:41,71.675,14.735,12.986,0,0,1639708,698792,172280,5416708,25285.403,23766.001,0,1622.294,0,109.884,7814,9824,2.910,1.530,0.860,4,0,225.763,0,0,11,31,1,38,0
12-03 13:25:42,47.873,16.292,35.842,0,0.251,1451568,886888,172280,5416752,16342.073,13928.860,0,148.382,0,6.015,6719,7341,2.910,1.530,0.860,1,0,290.749,0,0,11,28,1,41,0
12-03 13:25:43,18.977,29.964,48.941,0,0,1458176,880240,172288,5416784,2646.789,1618.037,0,359.564,0,25.968,6480,5391,2.840,1.540,0.860,6,0,631.234,0,0,11,28,1,39,0
12-03 13:25:44,72.047,27.518,0.500,0,0,1518156,820204,172292,5416836,2740.805,1553.023,0,168.111,0,12.008,5205,3747,2.840,1.540,0.860,4,0,454.299,0,0,11,28,1,39,0
12-03 13:25:45,76.238,8.471,15.198,0,0,1600700,737612,172300,5416876,14666.603,13786.626,0,562.069,0,42.853,4757,3355,2.840,1.540,0.860,6,0,0.997,0,0,11,33,1,39,0
12-03 13:25:46,63.945,9.780,25.578,0,0,1597852,740304,172308,5417040,22811.514,18039.974,0,324.990,0,32.098,6733,8237,2.840,1.540,0.860,4,0,68.208,0,0,11,32,1,41,0
12-03 13:25:47,75.726,17.744,5.748,0,0,1524856,813264,172312,5417072,7088.761,6123.066,0,423.866,0,38.988,5647,4626,2.840,1.540,0.860,4,0,200.937,0,0,11,30,1,42,0
12-03 13:25:48,78.841,8.259,13.265,0,0,1596740,741344,172316,5417104,12848.751,12068.856,0,212.244,0,13.015,4597,2729,2.850,1.560,0.880,3,0,1.001,0,0,11,35,1,42,0
12-03 13:25:49,64.267,6.502,27.757,0,0,1615932,721940,172316,5417316,29305.756,26453.001,0,224.059,0,11.003,7667,10858,2.850,1.560,0.880,2,0,0,0,0,11,36,1,42,0
12-03 13:25:50,54.759,6.001,38.006,0,0,1575296,762344,172320,5417544,34061.392,31263.949,0,200.032,0,20.003,11807,16831,2.850,1.560,0.880,7,0,30.005,0,0,11,35,1,42,0
12-03 13:25:51,78.502,13.250,7.250,0.250,0,1515284,822288,172336,5417596,13954.418,10073.302,0,468.014,0,50.001,6797,7628,2.850,1.560,0.880,5,0,90.003,0,0,11,32,1,41,0
12-03 13:25:52,82.981,10.248,6.748,0.250,0,1591168,746400,172336,5417600,7422.302,6999.399,0,331.924,0,47.989,4707,2107,2.850,1.560,0.880,4,0,0,0,0,11,34,1,41,0
12-03 13:25:53,67.807,7.229,24.680,0,0,1615968,721532,172340,5417664,28934.674,26726.956,0,725.935,0,49.858,6787,9638,2.950,1.610,0.890,3,0,0,0,0,11,36,1,41,0
12-03 13:25:54,53.121,5.763,40.342,0,0,1615828,721308,172340,5418028,33811.312,30056.727,0,0,0,0,11297,16298,2.950,1.610,0.890,3,0,0,0,0,11,35,1,42,0
12-03 13:25:55,69.304,15.762,13.761,0,0,1538860,798212,172340,5418096,21275.702,19342.184,0,4.003,0,1.001,7609,9335,2.950,1.610,0.890,4,0,211.166,0,0,11,32,1,44,0
12-03 13:25:56,81.003,14.001,5.000,0,0,1555660,781400,172340,5418108,4792.180,5405.203,0,136.005,0,27.001,4743,2287,2.950,1.610,0.890,3,0,55.002,0,0,11,33,1,44,0
12-03 13:25:57,69.997,7.500,21.999,0,0,1620952,715948,172340,5418268,24996.831,21058.016,0,8.000,0,1.000,5454,5445,2.950,1.610,0.890,3,0,1.000,0,0,11,36,1,44,0
12-03 13:25:58,63.823,6.233,28.172,0,0,1578788,758008,172352,5418360,27509.525,24553.742,0,147.590,0,13.961,9831,13512,2.950,1.630,0.900,5,0,33.906,0,0,11,33,1,46,0
12-03 13:25:59,81.250,13.000,5.750,0.250,0,1580384,756244,172360,5418520,9157.029,7646.024,0,108.000,0,12.000,5377,4413,2.950,1.630,0.900,4,0,64.000,0,0,11,32,1,40,0
12-03 13:26:00,73.062,10.509,16.764,0,0,1584120,752492,172368,5418528,11211.580,10259.767,0,112.096,0,8.007,4398,2253,2.950,1.630,0.900,5,0,30.026,0,0,11,35,1,40,0
12-03 13:26:01,72.510,10.001,16.252,0,0.250,1592324,744216,172400,5418568,17119.447,15710.246,0,348.050,0,35.005,5873,6182,2.950,1.630,0.900,5,0,60.009,0,0,11,34,1,42,0
12-03 13:26:02,74.526,10.754,14.255,0,0,1609736,726616,172404,5418752,21657.433,18546.365,0,264.091,0,10.003,6526,8592,2.950,1.630,0.900,3,0,60.021,0,0,11,34,1,42,0
12-03 13:26:03,71.361,11.017,17.277,0,0,1559480,776828,172408,5418792,23465.567,20711.275,0,120.187,0,8.012,5941,6640,2.950,1.650,0.920,5,0,90.140,0,0,11,34,1,44,0
12-03 13:26:04,76.740,11.249,10.999,0,0,1582676,753576,172408,5418848,18163.699,14205.200,0,139.982,0,7.999,6138,6895,2.950,1.650,0.920,4,0,93.988,0,0,11,32,1,44,0
12-03 13:26:05,74.751,11.250,14.000,0,0,1582452,753768,172408,5418880,12973.201,11541.178,0,116.002,0,7.000,5101,3687,2.950,1.650,0.920,4,0,43.001,0,0,11,34,1,44,0
12-03 13:26:06,76.248,9.250,14.000,0,0,1625336,710720,172408,5419044,16391.585,13385.661,0,0,0,0,4977,3952,2.950,1.650,0.920,3,0,33.999,0,0,11,34,1,46,0
12-03 13:26:07,75.501,9.500,14.250,0,0,1681464,654524,172424,5419096,18444.303,16648.274,0,3484.057,0,162.003,5521,7016,2.950,1.650,0.920,3,0,35.001,0,0,11,34,1,47,0
12-03 13:26:08,62.749,11.750,25.000,0,0,1636984,698944,172456,5419124,15532.824,13018.852,0,395.996,0,35.000,5062,5101,2.800,1.640,0.920,3,0,137.998,0,0,11,33,1,48,0
12-03 13:26:09,56.172,11.734,31.456,0,0,1494844,841080,172456,5419128,6462.044,5502.374,0,211.707,0,20.971,4315,2989,2.800,1.640,0.920,2,0,119.834,0,0,11,33,1,49,0
12-03 13:26:10,57.052,7.257,35.282,0,0,1527972,807756,172468,5419312,14220.026,12088.073,0,1353.240,0,17.016,4539,4307,2.800,1.640,0.920,5,0,0,0,0,11,34,1,49,0
12-03 13:26:11,55.519,10.504,33.511,0,0,1498320,837256,172468,5419480,16508.659,15023.150,0,220.075,0,12.004,5917,6252,2.800,1.640,0.920,3,0,96.033,0,0,11,33,1,51,0
12-03 13:26:12,59.736,11.497,28.244,0.250,0,1493484,842048,172488,5419504,10676.582,8873.990,0,1855.580,0,109.975,4959,4412,2.800,1.640,0.920,2,0,85.981,0,0,11,33,1,49,0
12-03 13:26:13,56.072,6.479,36.634,0,0,1540628,794844,172492,5419560,10661.178,8638.594,0,91.709,0,6.978,3938,3820,2.730,1.650,0.920,3,0,0,0,0,11,34,1,49,0
12-03 13:26:14,45.293,8.758,45.043,0,0,1535288,800132,172492,5419608,19029.110,17510.665,0,164.156,0,10.010,5572,6063,2.730,1.650,0.920,2,0,86.082,0,0,11,34,1,50,0
12-03 13:26:15,33.833,9.774,54.634,0.501,0,1499172,836216,172504,5419628,10813.610,8679.358,0,312.770,0,27.067,5604,5998,2.730,1.650,0.920,2,0,135.333,0,0,11,32,1,52,0
12-03 13:26:16,43.677,5.740,49.418,0,0,1554416,780964,172508,5419632,4245.941,3586.038,0,115.807,0,7.987,2786,1344,2.730,1.650,0.920,1,0,0,0,0,11,33,1,48,0
12-03 13:26:17,35.276,4.003,60.295,0,0,1557228,778120,172512,5419660,14109.594,12811.620,0,188.141,0,13.010,3621,3708,2.730,1.650,0.920,1,0,1.001,0,0,11,34,1,48,0
12-03 13:26:18,37.443,10.734,49.425,0,0.250,1416952,918132,172516,5419920,8082.661,6077.722,0,227.652,0,17.973,5030,5055,2.670,1.650,0.930,2,0,137.790,0,0,11,32,1,50,0
12-03 13:26:19,41.060,5.508,53.077,0.250,0,1482688,852388,172520,5419924,4942.208,3820.572,0,196.286,0,11.016,2857,1655,2.670,1.650,0.930,2,0,0,0,0,11,33,1,50,0
12-03 13:26:20,43.293,7.758,48.047,0,0,1484580,850472,172532,5419936,13566.320,12269.047,0,548.539,0,39.038,4707,9992,2.670,1.650,0.930,1,0,71.070,0,0,11,33,1,50,0
12-03 13:26:21,38.672,7.984,52.643,0.249,0,1459224,875680,172532,5420084,7551.691,5600.646,0,215.563,0,19.960,3856,3513,2.670,1.650,0.930,2,0,29.939,0,0,11,32,1,51,0
12-03 13:26:22,41.021,4.502,53.528,0,0,1467056,867844,172532,5420088,7834.075,6508.385,0,188.098,0,39.020,2957,1718,2.670,1.650,0.930,2,0,0,0,0,11,33,1,51,0
12-03 13:26:23,37.235,3.748,57.976,0,0,1467500,867352,172536,5420128,17638.829,15606.655,0,279.886,0,21.991,4927,6103,2.620,1.660,0.930,2,0,0,0,0,11,33,1,52,0
12-03 13:26:24,39.203,7.990,51.937,0.250,0,1453624,881200,172544,5420148,6160.581,4735.298,0,271.673,0,26.968,3746,3318,2.620,1.660,0.930,2,0,47.942,0,0,11,32,1,49,0
12-03 13:26:25,39.747,5.250,54.246,0,0,1506420,828392,172548,5420156,7589.425,6504.507,0,111.992,0,6.999,2608,1610,2.620,1.660,0.930,2,0,0,0,0,11,33,1,49,0
12-03 13:26:26,33.032,3.503,62.561,0.250,0,1501944,832832,172552,5420188,18371.857,15569.133,0,464.451,0,26.025,4877,5933,2.620,1.660,0.930,1,0,0,0,0,11,34,1,49,0
12-03 13:26:27,30.058,14.778,53.352,0.250,0,1396608,937960,172560,5420388,6778.972,5034.634,0,2797.353,0,174.334,5699,5282,2.620,1.660,0.930,1,0,283.543,0,0,11,32,1,51,0
12-03 13:26:28,22.204,2.994,74.595,0,0,1445392,889172,172560,5420392,3182.401,2304.222,0,139.710,0,7.983,1673,1072,2.490,1.650,0.930,0,0,0,0,0,11,33,1,47,0
12-03 13:26:29,17.521,2.002,79.097,0.250,0,1442880,891668,172560,5420408,11664.240,9234.273,0,224.274,0,13.016,2880,3324,2.490,1.650,0.930,1,0,0,0,0,11,33,1,47,0
12-03 13:26:30,12.764,12.263,74.331,0,0,1427776,906752,172564,5420424,5439.915,4052.406,0,144.157,0,18.020,4090,3459,2.490,1.650,0.930,1,0,218.237,0,0,11,32,1,48,0
12-03 13:26:31,19.723,6.242,72.901,0,0,1427564,906960,172564,5420428,2816.189,1617.810,0,7.989,0,1.997,2319,1596,2.490,1.650,0.930,2,0,65.911,0,0,11,32,1,48,0
12-03 13:26:32,18.764,2.502,77.308,0.250,0,1423184,911328,172564,5420436,8234.150,6667.981,0,312.233,0,19.014,1989,1732,2.490,1.650,0.930,1,0,0,0,0,11,33,1,46,0
12-03 13:26:33,19.230,4.495,75.173,0,0,1362976,971512,172568,5420456,8631.102,7144.635,0,143.852,0,7.992,3589,3858,2.370,1.640,0.930,1,0,45.953,0,0,11,32,1,47,0
12-03 13:26:34,22.757,4.251,72.271,0.250,0,1376344,958152,172568,5420448,2957.860,1620.471,0,252.073,0,17.005,2087,1714,2.370,1.640,0.930,1,0,2.001,0,0,11,32,0,47,0
12-03 13:26:35,17.507,2.251,78.281,0,0,1390548,943936,172572,5420452,9203.606,8408.294,0,112.044,0,8.003,2289,2230,2.370,1.640,0.930,0,0,0,0,0,11,33,0,47,0
12-03 13:26:36,19.492,2.999,76.469,0.250,0,1389292,945160,172576,5420480,11137.549,8958.420,0,99.960,0,11.995,4140,5202,2.370,1.640,0.930,1,0,0,0,0,11,32,0,45,0
12-03 13:26:37,9.010,21.024,68.327,0,0,1310512,1023784,172576,5420624,2763.129,1621.837,0,152.172,0,9.010,5486,4020,2.370,1.640,0.930,2,0,416.472,0,0,11,32,0,45,0
12-03 13:26:38,34.480,15.241,49.721,0,0,1384080,950200,172584,5420632,2818.344,1661.024,0,447.737,0,25.985,4365,3093,2.340,1.640,0.940,2,0,210.876,0,0,11,32,0,47,0
12-03 13:26:39,45.755,5.251,48.505,0.250,0,1489640,843408,172664,5421716,4457.479,1620.174,0,636.068,0,38.004,2896,1357,2.340,1.640,0.940,2,0,2.000,0,0,11,32,0,47,0
12-03 13:26:40,39.774,7.254,43.776,7.004,0,1523624,803632,173372,5426452,2479.480,1458.871,0,25247.066,0,2205.316,11689,19938,2.340,1.640,0.940,3,1,87.052,0,0,11,36,0,46,0
12-03 13:26:41,39.992,8.498,39.742,9.248,0,1482032,841872,173960,5428996,4319.111,1619.667,0,45686.600,0,3921.193,16359,31245,2.340,1.640,0.940,4,0,72.985,0,0,11,36,0,46,0
12-03 13:26:42,43.487,6.998,42.487,4.998,0.250,1412180,911664,174156,5428832,3084.055,1619.504,0,26367.922,0,2174.334,10049,16725,2.340,1.640,0.940,2,0,13.996,0,0,11,32,0,46,0
12-03 13:26:43,45.280,5.754,49.032,0.250,0,1492316,831528,174156,5428832,2846.870,1621.065,0,784.515,0,37.024,2622,1438,2.310,1.650,0.950,2,0,2.001,0,0,11,32,0,46,0
12-03 13:26:44,43.995,5.749,45.994,3.000,0,1470728,852808,174288,5429008,3080.625,1713.791,0,8454.971,0,893.891,6851,9500,2.310,1.650,0.950,2,1,2.000,0,0,11,34,0,41,0
12-03 13:26:45,39.240,7.748,42.489,7.998,0,1499328,823212,174880,5429392,2519.359,1619.588,0,18599.268,0,2420.384,14876,25264,2.310,1.650,0.950,3,0,1.999,0,0,11,34,0,41,0
12-03 13:26:46,29.253,8.251,61.756,0.750,0,1480640,841860,174908,5429404,2580.241,1620.151,0,2192.205,0,131.012,3179,2389,2.310,1.650,0.950,1,0,99.009,0,0,11,32,0,41,0
12-03 13:26:47,21.468,3.994,73.139,0,0,1472576,849924,174908,5429404,3971.993,1455.798,0,71.891,0,6.989,1968,1578,2.310,1.650,0.950,1,0,0.998,0,0,11,32,0,41,0
12-03 13:26:48,22.528,3.504,72.090,0.751,0,1512380,810108,174920,5429404,2523.133,1622.014,0,3332.138,0,174.216,2127,1971,2.210,1.640,0.950,1,0,2.002,0,0,11,32,0,41,0
12-03 13:26:49,22.746,2.999,73.987,0,0,1472288,850176,174924,5429424,2596.560,1619.725,0,43.993,0,2.999,1711,1154,2.210,1.640,0.950,1,0,1.000,0,0,11,32,0,37,0
12-03 13:26:50,22.222,3.246,73.157,0,0,1502024,820440,174924,5429424,2576.741,1617.954,0,0,0,0,1692,1116,2.210,1.640,0.950,1,0,1.997,0,0,11,32,0,37,0
12-03 13:26:51,23.541,2.504,73.377,0,0,1408276,914184,174924,5429432,2824.878,1622.802,0,0,0,0,1749,1155,2.210,1.640,0.950,1,0,2.003,0,0,11,32,0,37,0
12-03 13:26:52,22.734,3.248,73.198,0,0,1462572,859884,174924,5429436,2877.954,1618.849,0,0,0,0,1702,1222,2.210,1.640,0.950,1,0,0,0,0,11,32,0,37,0
12-03 13:26:53,22.495,3.499,73.233,0,0,1489720,832736,174928,5429432,4438.949,1619.617,0,2147.492,0,255.939,1893,1168,2.110,1.630,0.950,1,0,2.000,0,0,11,32,0,37,0
12-03 13:26:54,23.022,3.253,73.321,0,0,1447032,875336,174928,5429512,2737.640,1459.407,0,0,0,0,1706,1146,2.110,1.630,0.950,1,0,1.001,0,0,11,32,0,37,0
12-03 13:26:55,22.971,3.745,71.909,0.499,0,1488752,833628,174928,5429512,2816.423,1617.945,0,523.335,0,41.947,2057,1608,2.110,1.630,0.950,1,0,7.990,0,0,11,32,0,37,0
12-03 13:26:56,23.775,2.252,73.578,0,0,1459180,863112,174928,5429600,2883.055,1621.718,0,160.170,0,31.033,1692,1095,2.110,1.630,0.950,1,0,1.001,0,0,11,32,0,37,0
12-03 13:26:57,22.003,3.500,73.010,0,0,1461128,861164,174928,5429600,2650.357,1620.218,0,0,0,0,1789,1300,2.110,1.630,0.950,1,0,1.000,0,0,11,32,0,33,0
12-03 13:26:58,22.478,3.746,73.428,0,0,1440832,881432,174928,5429624,2817.249,1618.419,0,0,0,0,1728,1209,2.020,1.620,0.950,2,0,0.999,0,0,11,32,0,33,0
12-03 13:26:59,22.536,4.006,73.367,0,0,1468252,854012,174928,5429624,4404.053,1622.598,0,0,0,0,1700,1136,2.020,1.620,0.950,2,0,2.003,0,0,11,32,0,33,0
12-03 13:27:00,22.485,2.498,73.701,0,0,1433532,888712,174928,5429644,2966.010,1457.023,0,107.928,0,1.999,1677,1040,2.020,1.620,0.950,2,0,0.999,0,0,11,32,0,33,0
12-03 13:27:01,22.478,3.497,73.428,0,0,1466252,855952,174928,5429652,2757.305,1618.418,0,3.996,0,0.999,1656,1098,2.020,1.620,0.950,2,0,0,0,0,11,32,0,30,0
12-03 13:27:02,22.536,3.255,73.368,0,0,1450352,871828,174928,5429676,4537.279,1622.603,0,0,0,0,1693,1170,2.020,1.620,0.950,3,0,1.002,0,0,11,32,0,30,0
12-03 13:27:03,22.479,3.497,73.431,0,0,1487696,834484,174928,5429676,2967.214,1618.480,0,255.760,0,34.967,1703,1124,1.940,1.610,0.950,2,0,1.998,0,0,11,32,0,30,0
12-03 13:27:04,20.520,5.255,73.073,0,0,1459540,862544,174928,5429772,4454.422,1621.610,0,0,0,0,2382,1652,1.940,1.610,0.950,2,0,68.068,0,0,11,32,0,30,0
12-03 13:27:05,8.749,21.748,68.244,0.250,0,1460020,861976,174928,5429852,2519.764,1619.848,0,1359.872,0,45.996,6070,4972,1.940,1.610,0.950,1,0,457.957,0,0,11,32,0,25,0
12-03 13:27:06,8.997,20.242,68.974,0,0,1427716,894104,174928,5430028,2519.059,1619.395,0,455.830,0,7.997,5570,4088,1.940,1.610,0.950,2,0,369.862,0,0,11,32,0,25,0
12-03 13:27:07,7.755,22.265,68.796,0,0,1418140,903656,174928,5430052,2539.706,1458.980,0,100.067,0,3.002,5665,4204,1.940,1.610,0.950,1,0,377.253,0,0,11,32,0,25,0
12-03 13:27:08,19.187,7.725,72.513,0,0,1443796,877992,174928,5430060,2751.000,1614.717,0,0,0,0,2806,2051,1.860,1.600,0.950,2,0,96.684,0,0,11,32,0,25,0
12-03 13:27:09,22.284,3.505,73.614,0,0,1485380,836420,174928,5430048,3041.707,1622.511,0,644.998,0,97.150,1893,1268,1.860,1.600,0.950,2,0,2.003,0,0,11,32,0,19,0
12-03 13:27:10,23.277,3.004,73.085,0,0,1476064,845720,174928,5430064,2703.151,1621.890,0,148.173,0,3.004,1719,1136,1.860,1.600,0.950,2,0,1.001,0,0,11,32,0,19,0
12-03 13:27:11,21.998,3.000,73.992,0,0,1531484,790320,174928,5430044,2759.711,1703.821,0,0,0,0,1673,1157,1.860,1.600,0.950,2,0,0,0,0,11,32,0,19,0
12-03 13:27:12,22.718,2.996,73.146,0,0,1544264,777540,174928,5430044,2816.005,1617.705,0,39.943,0,2.996,1753,1173,1.860,1.600,0.950,2,0,1.997,0,0,11,32,0,19,0
12-03 13:27:13,22.280,4.005,73.601,0,0,1490904,830880,174928,5430064,3576.888,1459.995,0,4.005,0,1.001,1674,1171,1.790,1.590,0.950,1,0,1.001,0,0,11,32,0,16,0
12-03 13:27:14,22.748,3.500,73.244,0,0,1524484,797312,174928,5430052,3418.713,1619.864,0,1927.838,0,14.999,1746,1126,1.790,1.590,0.950,2,0,2.000,0,0,11,32,0,16,0
12-03 13:27:15,22.976,2.747,73.172,0.250,0,1487104,834660,174944,5430064,3401.396,1618.285,0,499.471,0,31.966,1910,1589,1.790,1.590,0.950,2,0,0.999,0,0,11,32,0,16,0
12-03 13:27:16,23.038,3.005,73.370,0,0,1507964,813820,174944,5430044,3287.358,1622.645,0,0,0,0,1683,1121,1.790,1.590,0.950,2,0,0,0,0,11,32,0,16,0
12-03 13:27:17,22.986,2.748,72.956,0,0,1516280,805504,174944,5430044,4197.471,1619.025,0,19.988,0,0.999,1801,1169,1.790,1.590,0.950,2,0,2.998,0,0,11,32,0,13,0
12-03 13:27:18,22.234,4.497,73.698,0,0,1475940,845824,174944,5430064,2818.012,1618.858,0,0,0,0,1724,1192,1.730,1.580,0.950,2,0,0.999,0,0,11,32,0,13,0
12-03 13:27:19,22.281,3.004,73.353,0,0,1507420,814356,174944,5430052,2961.159,1622.279,0,4.006,0,1.001,1710,1126,1.730,1.580,0.950,2,0,2.003,0,0,11,32,0,13,0
12-03 13:27:20,30.222,5.495,63.692,0,0,1449020,872728,174944,5430064,2706.531,1456.671,0,47.956,0,2.997,2817,15334,1.730,1.580,0.950,3,0,36.966,0,0,11,32,0,14,0
12-03 13:27:21,22.240,3.748,73.467,0,0,1454368,867408,174944,5430036,2929.695,1619.279,0,0,0,0,1733,1160,1.730,1.580,0.950,3,0,1.999,0,0,11,32,0,9,0
12-03 13:27:22,23.529,1.752,73.592,0,0,1480324,841452,174944,5430036,2643.300,1622.025,0,28.035,0,1.001,1628,996,1.730,1.580,0.950,2,0,0,0,0,11,32,0,9,0
12-03 13:27:23,22.482,3.497,73.442,0,0,1475660,846088,174944,5430064,4380.531,1618.718,0,0,0,0,1715,1226,1.670,1.570,0.950,2,0,0.999,0,0,11,32,0,9,0
12-03 13:27:24,22.490,3.499,73.469,0,0,1502312,819524,174944,5429976,3246.609,1619.306,0,607.740,0,99.957,1766,1207,1.670,1.570,0.950,2,0,1.999,0,0,11,32,0,9,0
12-03 13:27:25,23.775,2.252,72.828,0.250,0,1457924,863820,174948,5430072,3054.254,1621.728,0,560.597,0,36.038,1953,1666,1.670,1.570,0.950,2,0,1.001,0,0,11,32,0,7,0
12-03 13:27:26,22.473,3.496,73.162,0,0,1446804,874936,174948,5430076,2876.540,1618.054,0,11.986,0,0.999,1757,1273,1.670,1.570,0.950,3,0,0.999,0,0,11,32,0,7,0
12-03 13:27:27,22.748,3.500,73.245,0,0,1445076,876684,174948,5430056,2417.825,1457.895,0,0,0,0,1791,1391,1.670,1.570,0.950,3,0,1.000,0,0,11,32,0,7,0
12-03 13:27:28,22.026,3.504,73.586,0,0,1476356,845404,174948,5430056,4666.446,1621.893,0,20.023,0,1.001,1721,1221,1.620,1.560,0.950,2,0,2.002,0,0,11,32,0,7,0
12-03 13:27:29,22.984,2.498,73.698,0,0,1439836,881904,174948,5430076,2884.979,1618.866,0,11.992,0,0.999,1698,1161,1.620,1.560,0.950,2,0,0.999,0,0,11,32,0,7,0
12-03 13:27:30,23.498,2.500,73.243,0,0,1473376,848388,174948,5430052,2579.753,1619.845,0,211.980,0,29.997,1731,1185,1.620,1.560,0.950,2,0,0,0,0,11,32,0,5,0
12-03 13:27:31,22.275,4.005,73.583,0,0,1457220,864516,174948,5430080,2683.018,1621.824,0,8.009,0,2.002,1736,1301,1.620,1.560,0.950,1,0,1.001,0,0,11,32,0,5,0
12-03 13:27:32,22.731,2.748,73.937,0,0,1495284,826464,174948,5430068,2507.868,1618.624,0,0,0,0,1689,1103,1.620,1.560,0.950,2,0,1.998,0,0,11,32,0,5,0
12-03 13:27:33,16.516,12.012,70.818,0,0,1443076,878624,174948,5430116,4254.096,1621.561,0,132.127,0,6.006,3671,2610,1.650,1.560,0.960,2,0,223.215,0,0,11,32,0,5,0
12-03 13:27:34,14.977,13.729,70.639,0,0,1478096,843588,174948,5430132,2610.912,1455.721,0,291.544,0,9.984,4028,3107,1.650,1.560,0.960,1,0,236.630,0,0,11,32,0,3,0
12-03 13:27:35,23.208,2.495,72.119,0.499,0,1519448,802204,174960,5430152,4352.097,1617.064,0,2866.794,0,167.695,2169,2128,1.650,1.560,0.960,1,0,0,0,0,11,32,0,3,0
12-03 13:27:36,24.308,2.005,73.426,0,0,1473364,848048,174960,5430392,3388.136,1623.900,0,0,0,0,1830,1048,1.650,1.560,0.960,1,0,9.022,0,0,11,32,0,3,0
12-03 13:27:37,22.485,3.498,73.450,0,0,1482644,838768,174960,5430392,4197.166,1618.907,0,3.997,0,0.999,1879,1474,1.650,1.560,0.960,1,0,0.999,0,0,11,32,0,3,0
12-03 13:27:38,22.278,3.755,73.343,0,0,1471884,849520,174960,5430400,2883.641,1664.101,0,0,0,0,1967,1359,1.600,1.550,0.960,1,0,31.039,0,0,11,32,0,3,0
12-03 13:27:39,10.246,21.991,66.722,0,0,1443916,877344,174960,5430540,4515.092,1619.316,39.983,215.909,1.999,6.997,5920,4434,1.600,1.550,0.960,1,0,438.815,0,0,11,32,0,3,0
12-03 13:27:40,9.005,22.263,68.539,0,0,1440292,880928,174964,5430568,4100.337,1458.831,0,344.196,0,7.004,5782,4280,1.600,1.550,0.960,1,0,410.234,0,0,11,32,0,3,0
12-03 13:27:41,7.751,22.004,68.262,0,0,1435440,885752,174964,5430588,2760.469,1662.283,0,228.039,0,30.005,5705,4090,1.600,1.550,0.960,2,0,401.068,0,0,11,32,0,3,0
12-03 13:27:42,9.237,21.220,68.154,0,0.749,1425640,895516,174964,5430616,2696.219,1617.731,0,926.700,0,10.985,5837,4280,1.600,1.550,0.960,1,0,425.403,0,0,11,32,0,1,0
12-03 13:27:43,8.262,22.031,68.848,0,0,1410084,911052,174964,5430636,2703.834,1622.301,0,1017.443,0,12.017,5709,4019,1.710,1.580,0.970,2,0,395.561,0,0,11,32,0,1,0
12-03 13:27:44,8.997,21.992,67.476,0,0,1398044,923024,174964,5430692,2959.948,1713.391,0,919.673,0,9.996,5652,4045,1.710,1.580,0.970,1,0,397.859,0,0,11,32,0,1,0
12-03 13:27:45,8.000,21.251,69.752,0,0,1389780,931256,174964,5430724,2823.084,1620.048,0,420.013,0,8.000,5549,3989,1.710,1.580,0.970,1,0,359.011,0,0,11,32,0,1,0
12-03 13:27:46,7.752,21.005,69.765,0,0,1371004,950004,174964,5430752,2880.620,1620.349,0,296.064,0,33.007,5577,3980,1.710,1.580,0.970,1,0,366.079,0,0,11,32,0,1,0
12-03 13:27:47,8.500,21.751,68.753,0,0,1356232,964748,174964,5430776,2658.131,1458.072,0,236.012,0,9.000,5625,4196,1.710,1.580,0.970,3,0,389.019,0,0,11,32,0,1,0
12-03 13:27:48,7.990,22.471,67.664,0,0,1356780,964172,174964,5430804,2936.250,1617.934,0,43.944,0,10.986,5949,4427,1.650,1.570,0.970,1,0,445.431,0,0,11,32,0,1,0
12-03 13:27:49,14.517,23.278,60.822,0,0,1311112,1009652,174976,5430944,2780.314,1621.933,0,476.568,0,25.030,6096,5003,1.650,1.570,0.970,2,0,481.574,0,0,11,32,0,3,0
12-03 13:27:50,46.622,26.926,25.929,0.249,0,1393780,926912,174992,5430992,2692.605,1615.563,0,869.612,0,50.860,6039,5130,1.650,1.570,0.970,4,0,495.639,0,0,11,32,0,7,0
12-03 13:27:51,67.355,8.263,24.538,0,0,1530652,789364,174992,5431636,2523.924,1622.522,0,0,0,0,3547,1564,1.650,1.570,0.970,3,0,0,0,0,11,32,0,7,0
12-03 13:27:52,59.048,8.007,25.271,6.255,0,1613940,697972,175432,5438560,2462.000,1621.317,372.302,21305.310,3.002,1753.425,9245,15179,1.650,1.570,0.970,3,1,58.047,0,0,11,38,0,7,0
12-03 13:27:53,44.131,12.466,30.169,10.721,0,1642312,660060,175952,5446900,2513.221,1615.642,0,61617.792,0,4619.539,18591,35468,1.600,1.560,0.970,5,0,150.594,0,0,11,36,0,9,0
12-03 13:27:54,46.256,11.001,27.753,12.502,0,1677976,614144,176260,5456464,2555.319,1458.182,0,87298.890,0,6198.773,20344,40303,1.600,1.560,0.970,3,0,72.009,0,0,11,36,0,9,0
12-03 13:27:55,45.339,8.266,30.811,12.775,0,1679172,604136,176684,5464528,8593.888,7780.289,0,59665.246,0,4845.522,16994,33674,1.600,1.560,0.970,2,1,42.083,0,0,11,37,0,9,0
12-03 13:27:56,43.247,15.749,30.498,8.249,0,1566132,711076,177096,5469984,6479.592,4760.700,0,48008.974,0,3539.777,15803,28310,1.600,1.560,0.970,5,2,221.986,0,0,11,34,0,10,0
12-03 13:27:57,45.279,21.013,22.765,9.506,0,1552308,717928,177324,5476796,2701.728,1621.037,372.238,53338.107,6.004,3642.329,15679,29763,1.600,1.560,0.970,6,0,211.135,0,0,11,34,0,10,0
12-03 13:27:58,47.958,16.985,24.978,9.242,0,1578928,688048,177448,5479460,7921.105,6657.205,619.461,41696.707,9.991,3284.141,14840,28508,1.950,1.630,1,3,1,175.847,0,0,11,35,0,10,0
12-03 13:27:59,37.790,12.513,37.289,10.511,0,1570016,693852,177564,5482340,9096.533,7451.810,1025.074,47738.030,17.018,3913.101,16701,31018,1.950,1.630,1,2,0,146.153,0,0,11,35,0,10,0
12-03 13:28:00,33.992,7.248,45.989,9.998,0,1570480,693768,177832,5481680,11570.336,10238.642,0,45873.437,0,3928.095,17110,32537,1.950,1.630,1,2,1,17.996,0,0,11,34,0,10,0
12-03 13:28:01,40.834,9.213,37.348,9.710,0,1529656,732396,178104,5483552,2615.355,1559.652,0,40853.714,0,3643.171,15844,27793,1.950,1.630,1,2,0,65.732,0,0,11,34,0,10,0
12-03 13:28:02,36.418,8.037,42.446,10.298,0,1560404,701364,178208,5483716,4130.070,3746.298,0,43637.490,0,3908.045,16372,29379,1.950,1.630,1,3,0,24.111,0,0,11,35,0,10,0
12-03 13:28:03,39.499,6.750,42.498,9.000,0,1556772,703224,178272,5485392,11231.587,9554.649,0,40102.527,0,3417.874,14970,28334,2.200,1.690,1.020,4,0,29.999,0,0,11,37,0,10,0
12-03 13:28:04,36.497,6.000,46.247,8.499,0,1554784,703272,178312,5487236,14220.022,11635.200,0,33161.719,0,3077.788,16180,30094,2.200,1.690,1.020,1,1,41.997,0,0,11,36,0,11,0
12-03 13:28:05,35.393,10.718,40.627,10.468,0,1494560,760716,178428,5489828,2512.422,1615.128,0,54415.869,0,4495.441,16404,32485,2.200,1.690,1.020,2,0,115.651,0,0,11,36,0,11,0
12-03 13:28:06,35.858,8.776,42.378,11.786,0,1536308,715860,178556,5492700,4085.316,3602.861,0,60004.893,0,5051.228,17506,35619,2.200,1.690,1.020,7,0,57.172,0,0,11,37,0,11,0
12-03 13:28:07,33.249,7.500,45.249,10.750,0,1536308,712848,178588,5495596,9759.738,7913.788,0,55266.518,0,4482.880,18487,36057,2.200,1.690,1.020,2,1,90.998,0,0,11,37,0,11,0
12-03 13:28:08,32.747,7.499,47.246,10.249,0,1536964,710132,178620,5497568,12276.861,10669.010,0,44919.834,0,3861.642,17738,33563,2.340,1.730,1.040,4,1,44.996,0,0,11,37,0,11,0
12-03 13:28:09,37.508,10.002,41.258,10.002,0,1540308,711644,178664,5492664,4946.014,3554.729,0,52366.733,0,4606.944,17144,33294,2.340,1.730,1.040,4,0,42.009,0,0,11,36,0,11,0
12-03 13:28:10,40.697,7.490,40.198,9.238,0,1582308,669172,178692,5493100,2456.828,1617.911,0,42632.949,0,3719.197,13840,26687,2.340,1.730,1.040,3,0,38.950,0,0,11,34,0,13,0
12-03 13:28:11,31.030,11.761,56.054,0.250,0,1450428,800864,178692,5493284,10734.350,9372.037,0,1581.525,0,83.080,5264,4883,2.340,1.730,1.040,1,0,212.205,0,0,11,33,0,13,0
12-03 13:28:12,18.242,2.749,76.965,0.250,0,1443128,808128,178692,5493320,12282.487,10156.441,0,891.600,0,50.977,4711,6072,2.340,1.730,1.040,2,0,0,0,0,11,33,0,13,0
12-03 13:28:13,17.736,5.995,74.441,0,0,1436624,814616,178692,5493336,8709.052,5663.482,0,731.417,0,26.978,3180,2999,2.230,1.720,1.030,1,0,54.956,0,0,11,32,0,14,0
12-03 13:28:14,23.775,2.753,73.327,0,0,1489808,761432,178692,5493336,2960.115,1663.751,0,468.493,0,34.036,1858,1393,2.230,1.720,1.030,1,0,0,0,0,11,32,0,14,0
12-03 13:28:15,16.501,2.000,79.753,0.500,0,1479616,771356,178700,5493596,10308.346,8899.298,0,4408.148,0,256.009,2963,3785,2.230,1.720,1.030,1,0,2.000,0,0,11,33,0,14,0
12-03 13:28:16,19.971,5.242,73.641,0,0,1468624,782256,178700,5493688,4091.969,2971.620,0,7.988,0,0.999,2402,1974,2.230,1.720,1.030,2,0,33.950,0,0,11,32,0,15,0
12-03 13:28:17,19.279,2.504,77.367,0,0,1496404,754472,178700,5493692,4979.544,3983.034,0,60.091,0,4.006,1781,1398,2.230,1.720,1.030,1,0,1.002,0,0,11,33,0,15,0
12-03 13:28:18,18.236,4.746,75.691,0.250,0,1401416,849456,178700,5493696,7253.366,5982.353,0,251.804,0,22.982,2887,2664,2.130,1.700,1.030,2,0,43.966,0,0,11,32,0,16,0
12-03 13:28:19,21.505,5.251,73.018,0,0,1445588,805284,178700,5493696,2717.665,1620.396,0,88.022,0,10.002,2100,1744,2.130,1.700,1.030,2,0,16.004,0,0,11,32,0,16,0
12-03 13:28:20,25.512,5.002,68.532,0,0,1433192,817668,178700,5493704,8801.095,7403.444,0,72.034,0,5.002,3110,10081,2.130,1.700,1.030,1,0,36.017,0,0,11,33,0,17,0
12-03 13:28:21,19.215,4.741,73.866,0.499,0,1431640,819064,178700,5493860,7678.050,6324.509,0,259.528,0,17.967,3749,3939,2.130,1.700,1.030,1,0,42.922,0,0,11,32,0,18,0
12-03 13:28:22,22.785,3.005,73.364,0,0,1477016,773688,178700,5493860,2602.045,1460.270,0,0,0,0,1672,1074,2.130,1.700,1.030,1,0,0,0,0,11,32,0,18,0
12-03 13:28:23,17.248,2.000,80.241,0,0,1469068,781624,178700,5493872,11599.739,8591.066,0,111.988,0,7.999,2121,2225,2.040,1.690,1.030,1,0,0,0,0,11,33,0,17,0
12-03 13:28:24,15.013,7.757,76.065,0,0,1436412,814100,178700,5494052,7062.052,5489.705,0,272.233,0,23.020,3809,3723,2.040,1.690,1.030,1,0,115.099,0,0,11,32,0,18,0
12-03 13:28:25,8.500,23.000,66.751,0.250,0,1425892,824516,178700,5494172,2580.035,1620.022,0,5644.076,0,201.003,5949,4404,2.040,1.690,1.030,2,0,450.006,0,0,11,32,0,18,0
12-03 13:28:26,53.763,16.754,28.757,0.250,0,1468644,781556,178720,5494360,2700.677,1620.406,0,1056.265,0,60.015,5036,3590,2.040,1.690,1.030,3,0,232.058,0,0,11,32,0,24,0
12-03 13:28:27,66.979,8.747,23.992,0,0,1559756,689576,178740,5495208,4252.660,1619.490,0,239.924,0,10.997,3874,1721,2.040,1.690,1.030,3,0,3.999,0,0,11,32,0,24,0
12-03 13:28:28,69.680,5.744,23.976,0,0,1668220,578380,178852,5497516,2235.744,1456.530,0,3892.073,0,116.882,3966,1669,2.120,1.710,1.040,3,0,0,0,0,11,32,0,24,0
12-03 13:28:29,66.627,7.237,24.205,1.248,0,1767140,476096,178960,5500376,4269.147,1617.026,0,6939.236,0,280.484,4696,3096,2.120,1.710,1.040,3,1,5.989,0,0,11,38,0,24,0
12-03 13:28:30,34.227,8.744,40.972,11.742,0,1766444,464308,179048,5512352,2518.289,1618.900,0,74965.060,0,5582.207,21302,41417,2.120,1.710,1.040,2,1,218.851,0,0,11,38,0,24,0
12-03 13:28:31,28.534,9.762,46.305,13.016,0.250,1766416,455740,179132,5520596,2462.948,1621.941,0,95053.763,0,6729.054,22962,45904,2.120,1.710,1.040,2,1,192.230,0,0,11,38,0,24,0
12-03 13:28:32,47.738,8.998,29.743,10.997,0,1766304,447676,179204,5528440,2639.339,1619.595,0,67918.996,0,5596.599,24611,47372,2.120,1.710,1.040,4,1,143.964,0,0,11,38,0,24,0
12-03 13:28:33,44.738,13.246,28.992,10.747,0,1701160,504644,179272,5536284,2759.254,1619.562,0,76279.389,0,5494.515,20094,39333,2.270,1.750,1.060,3,2,203.945,0,0,11,36,0,24,0
12-03 13:28:34,47.570,10.515,27.040,11.016,0,1744368,452480,179312,5544884,2901.247,1622.375,0,71344.443,0,5106.476,18019,34911,2.270,1.750,1.060,1,2,61.089,0,0,11,36,0,24,0
12-03 13:28:35,40.982,9.246,33.985,12.994,0,1782732,403100,179340,5555424,2638.866,1619.304,0,72316.917,0,4947.873,17973,34759,2.270,1.750,1.060,1,2,8.996,0,0,11,36,0,24,0
12-03 13:28:36,48.633,8.978,27.933,11.971,0,1806720,375884,179348,5558524,2531.911,1454.502,0,82673.166,0,6184.127,19885,41472,2.270,1.750,1.060,2,1,82.801,0,0,11,38,0,24,0
12-03 13:28:37,41.924,8.786,44.183,3.766,0,1600452,580744,179352,5559896,4287.782,1626.746,0,18171.361,0,1612.688,8819,13950,2.270,1.750,1.060,5,0,166.691,0,0,11,32,0,24,0
12-03 13:28:38,19.187,12.459,66.532,1.246,0,1524632,656520,179352,5559924,2750.996,1614.715,0,12802.098,0,757.521,4824,5908,2.170,1.740,1.060,1,0,200.344,0,0,11,32,0,24,0
12-03 13:28:39,23.027,2.753,72.585,0.250,0,1553100,628056,179352,5559920,4282.036,1621.907,0,1357.597,0,77.091,1960,1570,2.170,1.740,1.060,1,0,1.001,0,0,11,32,0,24,0
12-03 13:28:40,23.018,3.253,72.308,0.751,0,1579620,601536,179352,5559920,2642.115,1663.331,0,4815.855,0,284.227,2320,2387,2.170,1.740,1.060,1,0,2.002,0,0,11,36,0,24,0
12-03 13:28:41,22.514,3.752,72.546,0,0,1443932,737216,179352,5559928,4022.564,1621.033,0,76.048,0,6.004,2322,1741,2.170,1.740,1.060,2,0,27.017,0,0,11,32,0,24,0
12-03 13:28:42,22.999,3.000,73.748,0,0,1483840,697308,179352,5559928,2519.932,1619.956,0,103.997,0,10.000,1780,1196,2.170,1.740,1.060,2,0,1.000,0,0,11,32,0,24,0
12-03 13:28:43,22.754,3.501,73.264,0,0,1517660,663488,179352,5559928,2478.459,1458.270,0,4.001,0,1.000,1743,1160,2.070,1.730,1.060,2,0,0,0,0,11,32,0,24,0
12-03 13:28:44,23.995,2.250,72.735,0.250,0,1534352,646748,179356,5559968,2840.427,1713.655,0,195.960,0,12.997,2022,1549,2.070,1.730,1.060,1,0,2.000,0,0,11,34,0,24,0
12-03 13:28:45,16.512,24.518,57.043,0,0,1473108,707956,179360,5560000,2401.799,1621.214,0,376.282,0,27.020,5267,4291,2.070,1.730,1.060,2,0,505.379,0,0,11,32,0,24,0
12-03 13:28:46,13.980,37.446,48.180,0.250,0,1455524,725492,179360,5560048,2755.999,1617.652,0,419.391,0,21.968,6854,5711,2.070,1.730,1.060,2,0,777.871,0,0,11,32,0,24,0
12-03 13:28:47,8.759,21.272,68.570,0,0,1451060,729900,179360,5560104,4407.494,1621.654,0,32.033,0,8.008,5583,3905,2.070,1.730,1.060,2,0,403.411,0,0,11,32,0,24,0
12-03 13:28:48,8.999,19.748,69.992,0,0,1446324,734604,179360,5560136,2845.678,1619.817,0,7.999,0,2.000,5459,3897,1.910,1.700,1.050,1,0,342.961,0,0,11,32,0,24,0
12-03 13:28:49,9.995,20.740,67.967,0,0,1416588,764292,179360,5560164,2861.617,1619.218,0,35.983,0,8.996,5381,3790,1.910,1.700,1.050,2,0,306.852,0,0,11,32,0,24,0
12-03 13:28:50,14.761,17.763,66.298,0,0,1413828,766996,179360,5560184,2832.040,1459.051,0,140.101,0,8.006,5190,5018,1.910,1.700,1.050,1,0,254.183,0,0,11,32,0,24,0
12-03 13:28:51,32.972,16.236,49.707,0,0,1419696,761108,179364,5560556,2989.420,1618.603,0,0,0,0,5579,5819,1.910,1.700,1.050,2,0,192.834,0,0,11,33,0,18,0
12-03 13:28:52,45.543,6.256,48.296,0,0,1499300,681476,179372,5560680,4556.326,1621.540,0,0,0,0,2753,1326,1.910,1.700,1.050,3,0,0,0,0,11,33,0,18,0
12-03 13:28:53,44.245,6.749,48.495,0,0,1572036,608648,179372,5560768,2991.665,1619.819,0,0,0,0,2643,1118,1.920,1.700,1.060,3,0,0,0,0,11,33,0,18,0
12-03 13:28:54,46.435,4.494,47.684,0,0,1614828,565304,179412,5561264,3064.734,1617.748,0,754.949,0,55.922,3771,3158,1.920,1.700,1.060,3,0,18.974,0,0,11,49,0,18,0
12-03 13:28:55,38.813,9.766,50.082,0,0,1642520,533552,179444,5564864,2756.487,1622.641,0,1306.126,0,108.176,5056,7631,1.920,1.700,1.060,2,0,88.143,0,0,11,48,0,18,0
12-03 13:28:56,13.245,19.743,66.976,0,0,1646996,529004,179448,5565316,2810.974,1619.409,0,195.928,0,5.998,6185,6099,1.920,1.700,1.060,3,0,321.883,0,0,11,48,0,16,0
12-03 13:28:57,15.707,8.477,73.797,0.499,0,1654696,521288,179448,5564892,2523.072,1454.007,0,4814.779,0,330.094,4455,5338,1.920,1.700,1.060,0,0,92.745,0,0,11,48,0,16,0
12-03 13:28:58,0.751,1.252,97.429,0.250,0,1654696,521288,179448,5564892,4740.696,1622.977,0,104.191,0,10.018,793,1109,1.760,1.670,1.050,0,0,3.006,0,0,11,48,0,16,0
12-03 13:28:59,0.750,0.500,97.986,0,0.250,1654696,521288,179448,5564892,2922.590,1619.773,0,791.889,0,3.000,720,980,1.760,1.670,1.050,0,0,2.000,0,0,11,48,0,16,0
12-03 13:29:00,0.750,0.750,97.945,0,0,1654692,521288,179448,5564896,2904.367,1619.090,0,0,0,0,719,954,1.760,1.670,1.050,0,0,1.999,0,0,11,48,0,15,0
12-03 13:29:01,1.752,2.503,94.851,0,0,1618012,557980,179448,5564888,2788.962,1621.722,0,2266.407,0,85.090,1305,1425,1.760,1.670,1.050,0,0,27.029,0,0,11,48,0,15,0
12-03 13:29:02,18.245,14.996,64.982,0,0,1662372,513596,179448,5565244,2819.238,1619.562,0,0,0,0,6546,8608,1.760,1.670,1.050,13,0,245.934,0,0,11,48,0,15,0
12-03 13:29:03,13.252,12.251,72.508,0,0,1678268,497672,179448,5564904,4218.487,1458.168,0,4.000,0,1.000,3798,3380,1.780,1.680,1.060,1,0,175.020,0,0,11,48,0,15,0
12-03 13:29:04,16.508,22.011,60.030,0.500,0,1693120,482756,179448,5565396,3194.591,1858.926,0,656.327,0,46.023,6829,7884,1.780,1.680,1.060,1,0,360.179,0,0,12,64,0,15,0
12-03 13:29:05,18.480,11.238,68.425,0,0,1681040,494716,179448,5565064,2637.121,1618.233,0,383.581,0,21.976,4564,5987,1.780,1.680,1.060,0,0,137.849,0,0,12,64,0,15,0
12-03 13:29:06,6.258,9.262,83.856,0,0,1689084,486652,179448,5565092,2523.186,1622.048,0,388.491,0,12.015,2771,2588,1.780,1.680,1.060,2,0,175.221,0,0,12,64,0,15,0
12-03 13:29:07,19.504,16.003,63.512,0,0,1670312,505404,179448,5565548,2640.495,1620.304,0,36.007,0,7.001,6072,8153,1.780,1.680,1.060,2,0,205.038,0,0,14,64,0,15,0
12-03 13:29:08,11.004,16.006,71.277,0,0,1671644,504000,179448,5565148,2640.994,1620.610,0,4.002,0,1.000,4721,3665,1.720,1.670,1.060,1,0,263.099,0,0,14,66,0,14,0
12-03 13:29:09,9.242,20.482,69.688,0,0,1652656,522956,179448,5565180,2834.484,1660.526,0,27.975,0,6.994,5357,3882,1.720,1.670,1.060,2,0,312.722,0,0,14,66,0,14,0
12-03 13:29:10,15.264,17.015,65.560,0,0,1648064,527524,179448,5565200,2480.258,1459.328,0,156.142,0,9.008,5495,6047,1.720,1.670,1.060,1,0,232.211,0,0,14,66,0,14,0
12-03 13:29:11,25.985,20.238,53.219,0.250,0,1676280,499284,179456,5565220,2698.419,1661.027,0,6999.899,0,340.800,6502,6923,1.720,1.670,1.060,2,0,310.818,0,0,14,66,0,14,0
12-03 13:29:12,30.228,23.732,44.717,0.250,0,1749028,426480,179456,5565276,2877.864,1618.799,0,1650.775,0,60.955,6265,4905,1.720,1.670,1.060,3,0,445.669,0,0,14,66,0,12,0
12-03 13:29:13,31.262,23.759,43.516,0,0,1821104,353092,179520,5566424,2821.039,1620.597,0,48.018,0,9.003,6815,7278,1.740,1.670,1.060,3,0,460.170,0,0,14,66,0,12,0
12-03 13:29:14,30.520,25.016,44.029,0,0,1872384,301416,179536,5566760,3018.966,1753.142,0,600.391,0,18.012,6104,4833,1.740,1.670,1.060,4,0,376.245,0,0,14,70,0,14,0
12-03 13:29:15,40.684,17.472,40.684,0,0,1956996,216688,179536,5566832,2695.615,1617.369,0,511.168,0,27.955,5952,6489,1.740,1.670,1.060,2,0,152.752,0,0,14,70,0,14,0
12-03 13:29:16,70.924,22.226,6.243,0,0,2013420,160084,179552,5567456,2757.049,1618.268,0,7.991,0,1.998,4915,3911,1.740,1.670,1.060,5,0,374.599,0,0,14,70,0,12,0
12-03 13:29:17,58.046,22.268,14.762,4.003,0,2100324,161144,173040,5488264,2359.880,1459.162,80.064,7205.740,14.011,458.365,6202,5778,1.740,1.670,1.060,2,1,282.225,0,0,14,70,0,12,0
12-03 13:29:18,65.910,18.974,14.480,0.749,0,2167800,143892,171632,5439912,2576.495,1617.799,99.864,327.554,19.973,22.969,6297,6125,1.920,1.710,1.080,4,0,194.735,0,0,14,70,0,12,0
12-03 13:29:19,71.163,25.469,1.998,0.999,0,2255096,172676,170644,5327576,2713.673,1618.016,1318.384,1190.540,73.909,75.907,5554,4624,1.920,1.710,1.080,6,0,372.543,0,0,14,70,0,12,0
12-03 13:29:20,71.220,18.676,5.727,3.486,0,2336484,200628,171996,5220168,2569.880,1613.645,1832.782,1796.924,107.576,23.906,6532,7707,1.920,1.710,1.080,6,0,234.078,0,0,14,74,0,11,0
12-03 13:29:21,72.880,22.192,3.531,1.765,0,2470244,143656,171728,5144516,2541.980,1634.130,153.326,6072.509,14.122,677.861,8727,20023,1.920,1.710,1.080,8,0,243.102,0,0,14,74,0,12,0
12-03 13:29:22,66.447,24.480,5.496,2.248,0,2542972,135168,171600,5082164,4332.540,1618.707,3.997,26143.122,0.999,1903.480,12882,22354,1.920,1.710,1.080,8,0,288.769,0,0,14,76,0,12,0
12-03 13:29:23,72.588,19.887,6.215,0.746,0,2594208,153784,171548,5014348,2446.122,1610.861,27.842,13026.095,1.989,1310.564,12012,23072,2.010,1.740,1.090,12,0,217.764,0,0,14,76,0,12,0
12-03 13:29:24,79.462,18.608,1.257,1.006,0,2653304,164512,171548,4945716,2630.299,1557.057,136.796,1359.910,7.041,71.415,7099,8126,2.010,1.740,1.090,7,0,198.153,0,0,14,80,0,12,0
12-03 13:29:25,66.535,25.263,8.505,0.250,0,2757296,128144,171560,4879604,2581.372,1620.861,28.015,1248.663,6.003,66.035,8542,11621,2.010,1.740,1.090,3,0,401.213,0,0,14,93,0,18,0
12-03 13:29:26,49.495,25.998,23.998,0,0,2818268,176904,171560,4772580,2699.754,1619.852,0,835.924,0,47.996,8068,10805,2.010,1.740,1.090,4,0,377.966,0,0,14,93,0,18,0
12-03 13:29:27,42.991,15.247,39.491,0,0,2878188,149688,171560,4740600,2579.432,1619.643,0,3311.270,0,49.989,5902,8120,2.010,1.740,1.090,5,0,148.967,0,0,14,95,0,18,0
12-03 13:29:28,67.906,12.982,16.977,1.997,0,3001672,154836,171564,4614996,2696.278,1617.767,3135.672,794.903,33.953,42.941,5408,6307,2.090,1.760,1.100,6,0,119.835,0,0,14,94,0,13,0
12-03 13:29:29,52.017,8.253,39.513,0.250,0,3083772,136040,171588,4553076,2777.924,1620.539,4.001,3981.324,1.000,222.074,3873,4304,2.090,1.760,1.100,2,0,9.003,0,0,14,98,0,15,0
12-03 13:29:30,10.263,18.524,68.337,1.001,0,3092960,192596,171588,4488764,2583.295,1622.069,8.010,1145.461,2.003,76.097,5589,4742,2.090,1.760,1.100,1,0,289.369,0,0,14,101,0,16,0
12-03 13:29:31,8.991,18.730,70.676,0,0,3108780,176740,171588,4488800,2697.190,1618.314,7.992,143.850,1.998,12.986,5369,3868,2.090,1.760,1.100,1,0,295.692,0,0,14,101,0,16,0
12-03 13:29:32,8.250,19.250,70.750,0,0,3111100,174392,171588,4488828,2297.995,1457.997,0,104.000,0,10.000,5336,3874,2.090,1.760,1.100,1,0,309.999,0,0,14,101,0,16,0
12-03 13:29:33,18.239,8.245,71.958,0,0,3152332,133152,171592,4488832,2758.391,1619.055,0,1247.272,0,6.996,2779,2039,2,1.740,1.100,2,1,95.944,0,0,14,101,0,16,0
12-03 13:29:34,17.740,3.498,77.458,0.999,0.250,3163952,189376,171592,4423312,10362.345,7341.993,79.956,227.876,6.996,6.996,2028,1723,2,1.740,1.100,1,0,0.999,0,0,14,104,0,16,0
12-03 13:29:35,20.537,3.256,73.634,1.503,0,3109896,243336,171596,4423404,20324.899,18701.953,8.015,244.444,2.004,26.047,2648,2489,2,1.740,1.100,1,0,15.027,0,0,14,109,0,17,0
12-03 13:29:36,21.460,6.238,71.366,0,0,3152936,200284,171596,4423416,3155.071,1616.962,0,243.542,0,20.961,2320,1793,2,1.740,1.100,1,0,51.902,0,0,14,113,0,17,0
12-03 13:29:37,19.693,1.994,77.026,0.499,0,3171036,182180,171596,4423420,8744.599,7263.900,0,163.525,0,17.948,2137,1975,2,1.740,1.100,1,0,0.997,0,0,14,114,0,17,0
12-03 13:29:38,19.324,3.513,76.040,0,0,3174504,178496,171608,4423628,3453.153,2290.725,32.122,10825.233,2.008,567.160,2639,2293,2,1.750,1.100,1,0,1.004,0,0,14,118,0,17,0
12-03 13:29:39,32.042,6.509,58.077,1.502,0,3205816,146252,171608,4424512,3287.356,1664.205,696.923,1714.272,42.056,227.301,6077,8576,2,1.750,1.100,1,0,7.009,0,0,14,123,0,17,0
12-03 13:29:40,23.911,9.216,65.009,0.249,0,3186968,164912,171608,4424700,4057.947,2752.788,0,1275.269,0,131.512,4469,4855,2,1.750,1.100,1,0,114.575,0,0,14,128,0,19,0
12-03 13:29:41,22.292,4.258,72.385,0,0,3239508,177364,171608,4361212,2911.438,1623.031,0,749.400,0,45.084,1867,1422,2,1.750,1.100,1,0,0,0,0,14,128,0,19,0
12-03 13:29:42,19.511,2.001,77.542,0.500,0,3249608,167256,171608,4361220,9664.283,8034.392,64.035,404.221,4.002,24.013,2091,1852,2,1.750,1.100,1,0,0,0,0,14,129,0,19,0
12-03 13:29:43,18.988,2.748,76.700,0.999,0,3247908,168768,171608,4361408,5262.547,3603.636,51.966,2346.461,3.997,154.898,2420,2699,1.840,1.720,1.100,2,0,0,0,0,14,129,0,19,0
12-03 13:29:44,26.024,6.006,65.061,0.751,0,3262160,154432,171612,4361488,4655.372,2910.734,12.011,968.910,3.003,108.102,4751,6194,1.840,1.720,1.100,3,0,3.003,0,0,14,128,0,20,0
12-03 13:29:45,41.279,11.008,47.283,0,0,3283236,197180,171612,4298840,6116.242,1621.124,0,296.205,0,17.012,3569,2262,1.840,1.720,1.100,2,0,95.066,0,0,14,128,0,20,0
12-03 13:29:46,43.815,5.228,50.537,0,0,3346564,133716,171612,4298976,4484.073,3415.583,0,306.705,0,13.941,2699,1283,1.840,1.720,1.100,1,0,0.996,0,0,14,129,0,20,0
12-03 13:29:47,27.875,4.771,66.046,0.251,0.251,3304416,239932,171612,4236464,24803.291,22432.654,188.847,1289.787,3.014,77.347,2716,2066,1.840,1.720,1.100,1,0,20.090,0,0,14,128,0,21,0
12-03 13:29:48,21.929,5.981,71.019,0,0,3367416,176932,171612,4236464,3161.694,1614.737,0,386.739,0,7.974,2342,1721,1.850,1.720,1.100,3,0,36.880,0,0,14,128,0,21,2
12-03 13:29:49,34.302,6.510,57.837,0.250,0,3407804,136472,171612,4236536,11160.881,8022.133,8.012,252.382,2.003,22.033,6918,11415,1.850,1.720,1.100,1,0,33.050,0,0,14,137,0,26,2
12-03 13:29:50,20.510,5.253,73.036,0,0,3379992,164252,171612,4236568,19847.651,17922.715,4.002,280.136,1.000,25.012,2758,2405,1.850,1.720,1.100,1,0,51.025,0,0,14,136,0,27,2
12-03 13:29:51,19.003,2.500,77.013,0.500,0,3417780,126464,171612,4236568,5204.869,4009.669,0,1408.235,0,88.015,1901,1661,1.850,1.720,1.100,1,0,0,0,0,14,137,0,27,2
12-03 13:29:52,20.750,3.250,74.500,0.750,0,3421492,122696,171612,4236624,8427.972,6703.978,32.000,967.997,2.000,104.000,2933,3372,1.850,1.720,1.100,1,0,0,0,0,14,136,0,28,2
12-03 13:29:53,19.518,7.507,72.066,0.500,0,3394248,149900,171612,4236648,3028.755,1621.475,0,3014.742,0,312.284,2863,2167,1.780,1.710,1.100,2,0,82.075,0,0,14,136,0,28,2
12-03 13:29:54,19.986,2.498,76.197,0,0,3421392,122760,171612,4236660,9035.681,7340.866,0,387.729,0,27.980,2016,1721,1.780,1.710,1.100,2,0,0.999,0,0,14,137,0,28,2
12-03 13:29:55,20.744,6.748,70.978,0.500,0,3380036,227184,171612,4175108,20581.563,18572.191,3.999,1831.427,1.000,112.965,2911,2750,1.780,1.710,1.100,2,0,61.981,0,0,14,136,0,29,2
12-03 13:29:56,20.944,2.244,75.547,0,0,3422708,184500,171612,4175120,4301.431,3582.365,0,155.582,0,9.973,1733,1217,1.780,1.710,1.100,1,0,0,0,0,14,137,0,29,2
12-03 13:29:57,18.269,4.004,76.329,1.001,0,3422808,184276,171612,4175244,7959.265,6453.701,64.067,965.002,5.005,144.150,3647,4897,1.780,1.710,1.100,1,0,1.001,0,0,14,137,0,29,2
12-03 13:29:58,28.813,4.760,63.138,2.004,0,3429396,177484,171616,4175444,3792.302,2866.275,116.255,5644.357,8.018,379.832,7012,10824,1.640,1.680,1.100,1,0,1.002,0,0,14,141,0,31,2
12-03 13:29:59,21.259,6.003,72.032,0,0,3428412,178436,171616,4175476,2496.107,1458.647,0,3353.487,0,335.149,2730,2052,1.640,1.680,1.100,2,0,53.024,0,0,14,143,0,31,2
12-03 13:30:00,18.727,2.247,77.905,0,0,3452352,154488,171616,4175484,8412.689,7400.929,0,243.701,0,12.984,1715,1326,1.640,1.680,1.100,3,0,0,0,0,14,144,0,31,2
12-03 13:30:01,19.000,2.500,76.751,0.500,0,3451572,155236,171616,4175516,7009.121,5947.102,100.002,1428.025,6.000,107.002,2818,3145,1.640,1.680,1.100,4,0,0,0,0,14,144,0,31,2
12-03 13:30:02,25.969,4.245,67.418,0.749,0,3449884,156800,171616,4175640,2876.523,1618.044,0,1006.783,0,120.854,5194,7389,1.640,1.680,1.100,1,0,0,0,0,14,144,0,31,2
12-03 13:30:03,37.073,5.511,55.108,0.501,0,3430612,175852,171620,4175856,3777.432,2490.901,0,949.869,0,98.193,8062,11895,1.670,1.690,1.100,1,0,5.010,0,0,14,143,0,32,2
12-03 13:30:04,21.717,7.489,69.894,0.499,0,3478696,189680,171620,4115320,3132.269,1617.557,0,3822.227,0,211.680,2913,2957,1.670,1.690,1.100,1,0,64.902,0,0,14,145,0,32,0
12-03 13:30:05,18.958,2.245,77.327,0,0,3483200,185464,171620,4115196,9461.864,8014.098,0,335.251,0,16.962,1770,1367,1.670,1.690,1.100,1,0,0,0,0,14,147,0,32,0
12-03 13:30:06,17.827,8.286,71.559,0.753,0,3417828,250680,171624,4115348,6097.310,4705.303,136.589,883.814,9.039,102.442,4709,5552,1.670,1.690,1.100,1,0,139.602,0,0,14,145,0,34,0
12-03 13:30:07,22.245,4.499,73.235,0,0,3470380,198100,171624,4115376,2999.367,1619.658,0,583.877,0,26.994,1914,1394,1.670,1.690,1.100,2,0,8.998,0,0,14,145,0,34,0
12-03 13:30:08,25.959,2.496,69.639,0.250,0,3482632,185804,171624,4115404,10470.311,9656.608,0,583.071,0,47.924,3092,3542,1.620,1.680,1.100,0,0,0,0,0,14,146,0,34,0
12-03 13:30:09,20.985,4.497,71.949,1.249,0,3482412,185884,171624,4115544,6925.110,5073.418,31.977,3477.545,1.999,232.836,5257,7306,1.620,1.680,1.100,3,0,0.999,0,0,14,146,0,34,0
12-03 13:30:10,22.803,6.014,67.406,1.754,0,3480940,187196,171628,4115700,2766.383,1623.747,80.185,641.480,9.021,76.176,5460,7573,1.620,1.680,1.100,1,0,3.007,0,0,14,146,0,34,0
12-03 13:30:11,43.772,12.756,41.271,1.001,0,3465188,202796,171628,4115852,4132.085,3249.640,40.020,1248.630,4.002,131.066,11014,16306,1.620,1.680,1.100,2,0,188.095,0,0,14,147,0,35,0
12-03 13:30:12,28.158,8.223,61.550,0.498,0,3462888,204936,171632,4115944,2645.396,1955.640,0,964.862,0,82.731,4556,5317,1.620,1.680,1.100,1,0,100.673,0,0,14,147,0,35,0
12-03 13:30:13,21.064,2.006,75.730,0,0,3485624,182200,171632,4115944,8412.543,7528.859,0,417.267,0,26.079,2029,1654,1.730,1.700,1.110,1,0,0,0,0,14,148,0,35,0
12-03 13:30:14,14.504,13.004,71.522,0.250,0,3467040,200780,171632,4115976,4717.445,3290.008,0,2808.860,0,323.099,4370,3429,1.730,1.700,1.110,1,0,207.063,0,0,14,149,0,36,0
12-03 13:30:15,9.985,19.721,68.648,0,0,3438280,229500,171632,4116016,3131.341,1617.593,0,427.364,0,28.957,5803,4513,1.730,1.700,1.110,1,0,374.443,0,0,14,149,0,36,0
12-03 13:30:16,20.994,13.746,63.732,0.250,0,3412740,254904,171636,4116596,2763.227,1619.547,0,363.898,0,19.994,5797,7433,1.730,1.700,1.110,1,0,190.947,0,0,14,149,0,36,0
12-03 13:30:17,28.753,21.002,48.756,0.250,0,3443020,224580,171636,4116196,2700.306,1690.192,4.000,1636.186,1.000,101.011,5938,5043,1.730,1.700,1.110,2,0,347.039,0,0,14,149,0,34,0
12-03 13:30:18,31.512,23.009,44.268,0,0,3483648,183920,171636,4116228,4261.688,1620.642,16.006,204.081,1.000,19.008,5871,4453,1.910,1.740,1.130,2,0,357.141,0,0,14,149,0,34,0
12-03 13:30:19,34.243,14.747,49.740,0.250,0,3524488,142664,171648,4116936,4316.100,1457.696,63.987,371.922,3.999,14.997,6973,9260,1.910,1.740,1.130,1,0,189.960,0,0,14,157,0,34,0
12-03 13:30:20,53.180,23.719,22.470,0,0,3614808,167868,171648,4004040,2636.532,1617.872,103.863,407.464,7.989,21.971,6808,12240,1.910,1.740,1.130,6,0,339.553,0,0,16,162,0,34,0
12-03 13:30:21,55.073,28.287,15.270,0.751,0,3708648,155952,171648,3922792,2643.487,1622.140,16.021,328.433,2.003,22.029,6507,16251,1.910,1.740,1.130,4,0,437.577,0,0,16,163,0,35,0
12-03 13:30:22,61.515,19.255,18.505,0,0,3765296,151152,171648,3871956,2580.650,1710.431,16.004,484.122,1.000,14.004,7066,7942,1.910,1.740,1.130,3,0,244.061,0,0,16,175,0,34,0
12-03 13:30:23,44.020,21.009,34.766,0,0,3825916,139352,171648,3823636,2641.191,1620.731,12.005,544.245,3.001,40.018,7480,10725,1.920,1.740,1.130,3,0,295.133,0,0,16,179,0,34,0
12-03 13:30:24,37.216,22.480,39.464,0.250,0,3878984,133364,171648,3777120,3074.230,1618.542,7.993,919.172,1.998,96.913,6701,5426,1.920,1.740,1.130,4,0,463.582,0,0,16,179,0,34,0
12-03 13:30:25,24.278,21.776,52.812,0.250,0,3893448,171584,171656,3725636,2583.032,1621.904,8.009,440.517,2.002,30.035,5821,4558,1.920,1.740,1.130,1,0,318.374,0,0,17,179,0,34,0
12-03 13:30:26,23.244,13.746,61.984,0,0,3894932,170080,171656,3725648,2477.358,1527.604,3.999,371.904,1.000,32.991,6131,8635,1.920,1.740,1.130,2,0,160.958,0,0,17,179,0,25,0
12-03 13:30:27,29.349,22.883,45.268,0,0,3941928,177100,171656,3672964,2773.765,1611.728,0,7.959,0,1.990,6162,4606,1.920,1.740,1.130,2,0,411.886,0,0,17,179,0,25,0
12-03 13:30:28,36.698,20.611,42.982,0,0,3995068,123936,171656,3673344,2895.657,1628.807,4.022,518.805,1.005,30.163,5649,5941,2.320,1.830,1.160,2,0,282.528,0,0,17,179,0,25,0
12-03 13:30:29,47.961,18.735,31.724,0.999,0,4076284,148028,171672,3570192,3134.473,1618.695,171.861,2545.948,5.995,43.965,7718,10743,2.320,1.830,1.160,2,0,197.841,0,0,17,199,0,25,0
12-03 13:30:30,31.007,24.006,43.010,0.750,0,4113412,188060,171672,3494624,2940.684,1620.377,56.013,11294.627,4.001,870.202,7093,5548,2.320,1.830,1.160,2,0,509.118,0,0,17,199,0,21,0
12-03 13:30:31,29.897,24.166,44.097,0,0,4176544,125240,171672,3494568,2870.071,1614.415,0,203.297,0,15.945,6421,5181,2.320,1.830,1.160,2,0,467.383,0,0,17,200,0,21,0
12-03 13:30:32,22.590,22.841,53.464,0,0,4207000,163244,171672,3427772,3072.291,1716.868,12.048,803.213,3.012,43.173,7424,9310,2.320,1.830,1.160,2,0,357.430,0,0,17,209,0,21,0
12-03 13:30:33,20.153,17.167,60.707,0.498,0,4220544,149688,171672,3428240,2746.723,1612.207,0,449.826,0,39.808,6740,8343,2.300,1.830,1.170,1,0,249.793,0,0,17,221,0,21,0
12-03 13:30:34,33.094,12.285,51.646,1.254,0,4275088,173608,171672,3351236,2742.762,1462.138,316.897,3008.515,5.014,191.542,4781,4521,2.300,1.830,1.170,3,0,117.332,0,0,17,221,0,21,0
12-03 13:30:35,44.280,6.504,45.781,2.502,0,4369312,131064,171672,3300708,2521.727,1621.110,612.419,1356.929,12.008,77.053,3336,2293,2.300,1.830,1.170,3,0,1.001,0,0,17,221,0,21,0
12-03 13:30:36,44.679,6.240,45.428,2.496,0,4432528,133296,171672,3236452,2635.807,1617.427,159.746,183.708,8.986,21.965,3233,2149,2.300,1.830,1.170,2,0,1.997,0,0,17,225,0,21,0
12-03 13:30:37,38.538,6.256,53.052,0.751,0,4365292,247228,171672,3190828,4144.068,1621.592,72.071,228.224,6.006,16.016,3447,2718,2.300,1.830,1.170,2,0,10.010,0,0,17,228,0,21,0
12-03 13:30:38,35.052,25.037,38.558,1.001,0,4420380,190608,171676,3192356,2643.944,1664.483,853.273,416.622,9.013,24.036,7332,8081,2.270,1.830,1.170,5,0,472.705,0,0,17,229,0,20,0
12-03 13:30:39,31.742,26.493,39.740,0.250,0,4456756,153712,171684,3192868,8681.752,7344.098,27.993,1067.723,1.999,35.991,7065,7218,2.270,1.830,1.170,4,0,475.877,0,0,17,238,0,20,0
12-03 13:30:40,48.086,16.942,32.639,1.495,0,4470092,159316,171696,3174840,5675.659,4581.388,988.631,617.894,21.925,33.885,6644,8721,2.270,1.830,1.170,2,1,179.389,0,0,17,239,0,21,0
12-03 13:30:41,68.974,18.309,11.036,1.254,0,4507212,163160,171700,3135408,2546.269,1532.978,48.156,184.599,5.016,14.046,5209,4488,2.270,1.830,1.170,5,0,152.495,0,0,17,240,0,21,0
12-03 13:30:42,65.613,13.472,14.470,5.738,0,4608976,178144,171704,3021336,8587.023,7420.465,981.944,315.340,20.956,14.969,4532,3419,2.270,1.830,1.170,4,0,17.962,0,0,17,243,0,19,0
12-03 13:30:43,60.665,9.025,19.303,10.529,0,4698444,171504,171736,2940780,8219.402,6835.631,1540.198,1215.312,79.216,54.148,5242,4773,2.330,1.850,1.180,2,2,26.071,0,0,17,248,0,20,0
12-03 13:30:44,58.154,11.432,13.420,16.154,0,4659844,201460,171792,2949352,6158.411,1703.877,5364.130,1781.416,426.466,113.327,5727,6364,2.330,1.850,1.180,4,0,22.864,0,0,17,252,0,20,0
12-03 13:30:45,55.068,18.105,26.654,0,0,4725388,153840,171808,2931552,4599.574,3967.925,68.395,7555.653,6.035,24.139,5921,6128,2.330,1.850,1.180,4,0,241.395,0,0,17,252,0,24,0
12-03 13:30:46,34.964,25.723,37.461,0,0,4704404,178348,171812,2928408,12144.383,10267.333,163.830,819.149,7.992,50.947,7119,7591,2.330,1.850,1.180,3,0,371.614,0,0,17,251,0,24,0
12-03 13:30:47,47.998,17.499,33.748,0,0,4660128,221828,171812,2929668,2579.867,1619.916,0,511.974,0,31.998,7324,8760,2.330,1.850,1.180,3,0,185.990,0,0,17,251,0,24,0
12-03 13:30:48,51.413,19.373,28.314,0.497,0,4733996,151640,171816,2925528,4038.517,3812.003,7.948,290.098,1.987,16.889,5433,4895,2.390,1.870,1.190,5,0,289.104,0,0,17,252,0,24,0
12-03 13:30:49,50.579,25.918,22.144,0,0,4776716,155788,171816,2880300,12118.711,10224.408,16.105,1159.531,4.026,57.373,6745,6741,2.390,1.870,1.190,4,0,344.236,0,0,17,251,0,25,0
12-03 13:30:50,65.068,20.021,13.264,1.001,0,4773252,156656,171836,2883348,2702.807,1621.684,1073.115,428.445,47.049,22.023,6699,8565,2.390,1.870,1.190,5,0,203.211,0,0,17,253,0,19,0
12-03 13:30:51,58.725,23.990,15.993,0.250,0,4851508,169980,171840,2792508,8816.288,7342.908,111.953,10259.680,9.996,997.580,7525,10334,2.390,1.870,1.190,7,0,329.861,0,0,17,256,0,20,0
12-03 13:30:52,53.104,27.175,17.950,0.249,0,4883580,133252,171840,2797152,8282.153,6792.263,438.790,737.964,6.981,43.879,10480,18736,2.390,1.870,1.190,7,0,322.111,0,0,17,255,0,21,0
12-03 13:30:53,63.204,17.306,15.049,4.264,0,4863748,181644,171844,2769640,2835.152,1691.460,601.943,894.889,30.097,33.107,7938,13573,2.440,1.890,1.200,3,0,158.512,0,0,17,263,0,23,0
12-03 13:30:54,53.709,16.737,28.978,0,0,4963768,154372,171844,2698304,6254.243,7340.417,11.991,5164.072,1.998,199.848,5478,4291,2.440,1.890,1.200,2,0,172.869,0,0,17,264,0,22,0
12-03 13:30:55,60.966,8.495,28.484,1.249,0,5054676,129280,171844,2634036,14822.834,8844.128,343.811,771.575,7.996,79.956,4868,3891,2.440,1.890,1.200,4,0,9.994,0,0,17,268,0,23,0
12-03 13:30:56,57.293,9.715,25.159,5.978,0,5053024,158172,171860,2607524,9017.483,6006.341,1052.206,900.752,77.720,50.817,5892,7090,2.440,1.890,1.200,6,0,13.950,0,0,17,271,0,25,0
12-03 13:30:57,60.247,9.539,26.609,3.263,0,5132664,152756,171860,2535148,9822.269,9003.914,947.886,654.684,30.124,69.284,5932,6894,2.440,1.890,1.200,3,0,11.045,0,0,17,279,0,28,0
12-03 13:30:58,58.004,18.751,22.251,0.250,0,5074268,211104,171860,2535196,8522.554,7514.489,532.035,516.034,6.000,40.003,6157,5713,2.480,1.910,1.210,4,0,255.017,0,0,17,283,0,28,0
12-03 13:30:59,53.781,27.766,15.259,2.251,0.250,5113024,167904,172120,2539264,2538.486,1620.949,4558.668,3529.066,95.056,304.178,8306,10185,2.480,1.910,1.210,3,0,391.229,0,0,17,283,0,28,0
12-03 13:31:00,49.635,21.700,27.686,0.499,0,5130388,150208,172140,2539764,9897.129,9656.685,802.146,682.423,10.975,41.903,6397,7738,2.480,1.910,1.210,2,0,237.451,0,0,17,286,0,28,0
12-03 13:31:01,63.554,19.016,15.763,0.751,0,5122392,158120,172144,2540056,6626.673,4478.834,592.507,728.624,11.009,62.053,6501,6644,2.480,1.910,1.210,5,0,177.152,0,0,18,287,0,29,0
12-03 13:31:02,83.254,12.962,0.748,2.243,0.249,5165612,154660,172144,2501828,4367.087,1615.224,626.149,438.703,10.968,19.941,5273,3094,2.480,1.910,1.210,4,0,72.785,0,0,18,290,0,29,0
12-03 13:31:03,72.082,11.051,8.791,8.539,0,5276792,150984,172148,2398104,9931.768,9372.189,2676.333,550.537,131.606,29.134,5160,3323,2.600,1.950,1.230,4,0,10.046,0,0,18,293,0,29,0
12-03 13:31:04,77.097,10.197,5.223,6.964,0,5266788,160584,172168,2398956,6609.473,4764.113,1054.492,4273.675,39.792,230.794,5787,4476,2.600,1.950,1.230,4,0,13.927,0,0,18,292,0,30,0
12-03 13:31:05,66.585,17.272,15.019,0.250,0.250,5306880,148028,172192,2372188,2924.748,2054.633,588.755,12395.886,11.014,84.108,6654,7402,2.600,1.950,1.230,2,0,219.281,0,0,18,296,0,31,0
12-03 13:31:06,33.866,7.275,57.448,0.502,0,5343668,131740,172200,2352420,17175.068,12914.415,666.292,481.657,14.048,38.131,3884,3551,2.600,1.950,1.230,4,0,6.021,0,0,18,297,0,32,0
12-03 13:31:07,43.736,8.997,44.485,0.750,0,5331588,166500,172200,2330668,2764962.769,61969.599,511.832,12895.755,3.999,1174.613,8713,5892,2.600,1.950,1.230,3,0,12.996,0,0,18,298,0,30,0
12-03 13:31:08,42.243,8.999,46.742,0,0,5381556,129900,172200,2317996,12027089.375,273445.174,303.950,291.952,4.999,20.997,16182,11592,2.470,1.930,1.230,1,0,5.999,0,0,18,302,0,30,0
12-03 13:31:09,40.529,17.763,37.527,2.752,0,5355308,173916,172200,2300800,2350038.831,61592.529,3074.173,564.399,34.024,53.037,9006,8079,2.470,1.930,1.230,4,0,264.187,0,0,18,301,0,30,0
12-03 13:31:10,47.938,6.492,43.943,0,0,5349612,179600,172200,2300812,3452.561,2409.901,0,2261.093,0,94.878,4016,3369,2.470,1.930,1.230,2,0,5.992,0,0,18,300,0,31,0
12-03 13:31:11,34.519,4.252,60.533,0.250,0,5393944,135260,172200,2300820,16683.003,16310.802,0,136.073,0,10.005,2970,2098,2.470,1.930,1.230,1,0,0,0,0,18,302,0,32,0
12-03 13:31:12,33.004,3.500,60.758,0.750,0,5397804,130848,172200,2301376,59899.724,1900978.114,432.056,640.083,26.003,75.010,5849,6918,2.470,1.930,1.230,4,0,1.000,0,0,18,304,0,35,0
12-03 13:31:13,5.231,3.985,86.680,0,0,5382296,146352,172200,2301380,357772.933,12377922.050,0,267.016,0,17.934,4462,2081,2.280,1.900,1.220,0,0,36.864,0,0,18,304,0,35,0
12-03 13:31:14,2.504,0.250,94.669,0.250,0,5376100,152544,172200,2301384,93068.906,2123783.881,0,296.529,0,15.027,1787,1686,2.280,1.900,1.220,0,0,2.004,0,0,18,304,0,35,0
12-03 13:31:15,2.003,0.751,95.656,0.501,0,5369756,158880,172200,2301388,2644.304,1622.641,4.007,969.578,1.002,62.101,1243,1963,2.280,1.900,1.220,0,0,1.002,0,0,18,306,0,33,0
12-03 13:31:16,10.992,1.998,83.685,0,0,5358908,169728,172200,2301388,4073744.344,124501.740,0,67.947,0,5.995,8492,6109,2.280,1.900,1.220,3,0,0,0,0,18,311,0,33,0
12-03 13:31:17,18.508,4.002,74.783,0.250,0,5341076,174940,172212,2313964,9345000.748,158849.111,32.014,796.346,1.000,50.022,16310,12574,2.280,1.900,1.220,1,0,2.001,0,0,18,311,0,33,0
12-03 13:31:18,14.021,9.514,73.110,0.751,0,5270252,242096,172212,2317632,3684955.475,84777.512,64.096,364.548,4.006,33.050,12008,12577,2.170,1.880,1.220,1,0,142.214,0,0,18,308,0,36,0
12-03 13:31:19,15.490,13.741,69.455,0,0,5288328,223792,172212,2317872,2715.228,1618.943,11.992,315.794,0.999,23.984,4922,4532,2.170,1.880,1.220,1,0,322.789,0,0,18,308,0,36,0
12-03 13:31:20,24.947,2.744,70.101,0.249,0,5329152,182964,172212,2317876,2634.390,1616.557,0,518.895,0,37.919,2497,2110,2.170,1.880,1.220,2,0,1.996,0,0,18,312,0,36,0
12-03 13:31:21,15.795,20.308,61.927,0.752,0,5308776,203132,172212,2321436,2587.401,1624.647,172.493,693.985,8.023,46.132,6662,12741,2.170,1.880,1.220,4,0,383.096,0,0,19,313,0,36,0
12-03 13:31:22,8.706,19.401,69.395,0.497,0,5277988,233864,172212,2318140,2566.881,1611.762,11.939,16149.462,0.995,50.741,5728,7332,2.170,1.880,1.220,1,0,321.358,0,0,18,312,0,37,0
12-03 13:31:23,3.267,1.256,93.981,0,0,5277984,233864,172212,2318144,2593.280,1628.339,0,4.021,0,1.005,1442,1857,2,1.850,1.210,1,0,9.046,0,0,18,312,0,36,0
12-03 13:31:24,23.970,4.245,70.910,0,0,5332164,179684,172212,2318144,2713.568,1617.954,0,99.874,0,12.984,2487,2333,2,1.850,1.210,1,0,0.999,0,0,18,312,0,36,0
12-03 13:31:25,20.483,2.498,75.687,0.250,0,5347660,164140,172212,2318176,10602.193,9522.090,63.947,1191.011,3.997,157.869,2835,2825,2,1.850,1.210,2,0,3.997,0,0,18,315,0,36,0
12-03 13:31:26,13.779,12.777,70.149,1.503,0,5324944,186728,172216,2318268,3537.519,2571.466,12.026,160.341,3.006,11.023,4441,3480,2,1.850,1.210,2,0,148.315,0,0,18,318,0,37,0
12-03 13:31:27,13.985,16.482,68.175,0,0,5317640,193748,172216,2318520,2517.218,1618.212,31.965,451.501,0.999,46.948,5733,4907,2,1.850,1.210,1,0,189.790,0,0,18,322,0,37,0
12-03 13:31:28,12.992,15.741,69.209,0.500,0,5309820,201472,172216,2318612,4257.467,1619.037,0,4017.610,0,506.699,5724,4469,1.920,1.840,1.210,1,0,187.888,0,0,18,324,0,37,0
12-03 13:31:29,20.755,7.252,71.017,0,0,5346504,164760,172216,2318640,2837.683,1620.390,4.001,4.001,1.000,1.000,3123,2571,1.920,1.840,1.210,2,0,79.019,0,0,18,324,0,37,0
12-03 13:31:30,24.241,2.999,71.724,0,0,5362364,148884,172216,2318640,2579.066,1619.414,0,219.920,0,2.999,2178,1729,1.920,1.840,1.210,1,0,0,0,0,18,324,0,37,0
12-03 13:31:31,21.998,3.500,70.743,2.250,0,5394460,132984,172216,2303076,2639.726,1619.832,403.958,119.988,11.999,9.999,2493,2203,1.920,1.840,1.210,2,0,4.000,0,0,18,328,0,37,0
12-03 13:31:32,24.496,3.000,70.738,0.250,0,5284012,243400,172220,2303104,2699.552,1619.731,0,491.918,0,37.994,2607,2467,1.920,1.840,1.210,1,0,4.999,0,0,18,324,0,37,0
12-03 13:31:33,24.485,2.748,71.206,0.500,0,5331520,195860,172220,2303136,2476.461,1457.095,23.985,103.935,3.998,5.996,2194,1836,1.850,1.820,1.210,1,0,0,0,0,18,324,0,37,0
12-03 13:31:34,23.735,3.997,70.954,0,0,5378376,148988,172220,2303152,4394.160,1618.954,0,95.938,0,12.992,2382,2075,1.850,1.820,1.210,2,0,2.998,0,0,18,324,0,37,0
12-03 13:31:35,14.031,2.004,81.932,0.501,0,5382628,144732,172220,2303156,21601.950,20478.456,0,244.543,0,27.060,2801,2986,1.850,1.820,1.210,1,0,1.002,0,0,18,331,0,38,0
12-03 13:31:36,24.153,4.233,70.219,0,0,5280356,246984,172220,2303176,2701.196,1745.021,0,91.634,0,6.972,2512,2027,1.850,1.820,1.210,1,0,14.940,0,0,18,326,0,39,0
12-03 13:31:37,25.833,3.511,69.724,0.502,0,5332488,194848,172220,2303180,2528.126,1625.224,0,168.542,0,21.068,2765,2679,1.850,1.820,1.210,3,0,1.003,0,0,18,326,0,39,0
12-03 13:31:38,28.789,4.005,65.340,0,0,5321392,205696,172220,2303428,2643.622,1622.222,0,416.571,0,27.037,4171,5048,1.940,1.840,1.220,2,0,20.027,0,0,18,326,0,39,0
12-03 13:31:39,11.994,19.491,67.219,0.250,0,5327696,199260,172220,2303560,2715.736,1619.246,407.810,559.739,5.997,30.986,6012,5623,1.940,1.840,1.220,1,0,329.846,0,0,18,326,0,39,0
12-03 13:31:40,15.971,12.977,68.876,0,0,5346444,180388,172220,2303684,3839.103,1497.310,15.971,16354.620,0.998,41.925,4846,4246,1.940,1.840,1.220,1,0,235.577,0,0,18,326,0,39,0
12-03 13:31:41,22.786,4.006,71.613,0.250,0,5348168,178628,172248,2303692,2950.663,2116.345,0,272.431,0,12.019,2610,2199,1.940,1.840,1.220,3,0,33.052,0,0,18,327,0,39,0
12-03 13:31:42,21.225,2.497,75.410,0.499,0,5327388,194016,172824,2308396,8226.173,3472.851,123.852,739.117,2.996,17.979,2106,1835,1.940,1.840,1.220,1,0,0.999,0,0,18,326,0,39,0
12-03 13:31:43,24.511,3.001,71.031,0,0,5350420,169892,172880,2309416,4321.897,1620.711,0,1300.571,0,174.076,2621,2273,1.860,1.830,1.220,2,1,2.001,0,0,18,326,0,37,0
12-03 13:31:44,19.497,2.750,76.237,0.250,0,5355288,161004,173168,2313148,9831.333,4654.211,3.999,1123.809,1.000,140.976,2284,1972,1.860,1.830,1.220,4,0,16.997,0,0,18,327,0,37,0
12-03 13:31:45,24.142,5.475,67.198,0,0,5357500,156704,173428,2314848,2978.617,1785.975,0,1095.080,0,20.906,10911,19708,1.860,1.830,1.220,3,0,12.942,0,0,18,326,0,37,0
12-03 13:31:46,19.335,3.264,76.587,0.251,0,5344316,169488,173472,2315204,9269.758,4551.010,4.018,486.137,1.004,10.044,2206,2025,1.860,1.830,1.220,1,0,1.004,0,0,18,327,0,37,0
12-03 13:31:47,25.032,6.258,67.084,0.250,0,5342016,171652,173520,2315292,4145.217,1622.041,32.040,2274.863,1.001,119.150,9997,18668,1.860,1.830,1.220,2,0,17.021,0,0,18,327,0,37,0
12-03 13:31:48,22.698,3.742,71.837,0,0.249,5334768,177488,173596,2316628,2634.023,1616.332,0,913.926,0,35.918,2323,2013,1.790,1.810,1.210,1,0,3.991,0,0,18,327,0,32,0
12-03 13:31:49,14.781,14.531,69.396,0.501,0,5306488,217052,173608,2305408,2945.203,1797.787,0,1086.288,0,34.072,4974,4192,1.790,1.810,1.210,1,0,268.566,0,0,18,326,0,32,0
12-03 13:31:50,23.497,4.000,71.242,0,0,5355348,168192,173608,2305408,2519.732,1619.828,0,63.993,0,5.999,2174,1825,1.790,1.810,1.210,1,0,0,0,0,18,326,0,32,0
12-03 13:31:51,20.656,1.742,75.655,0,0,5373948,149400,173608,2305600,8147.871,7312.677,0,274.748,0,2.986,2185,1950,1.790,1.810,1.210,1,0,0,0,0,18,327,0,32,0
12-03 13:31:52,18.539,7.516,72.652,0.501,0,5336696,186484,173608,2305768,7123.931,6204.003,28.059,0,2.004,0,3407,2885,1.790,1.810,1.210,1,0,116.244,0,0,18,326,0,32,0
12-03 13:31:53,23.480,4.496,71.438,0,0,5380164,143012,173608,2305772,2415.891,1456.728,0,3.997,0,0.999,2334,1896,1.730,1.800,1.210,1,0,0,0,0,18,326,0,32,0
12-03 13:31:54,19.779,2.754,75.613,0,0,5387808,135356,173608,2305784,11654.360,10280.314,0,204.304,0,12.018,2458,2344,1.730,1.800,1.210,1,0,1.001,0,0,18,326,0,33,0
12-03 13:31:55,22.820,7.272,69.211,0,0,5353328,169828,173608,2305792,2587.897,1624.959,0,288.882,0,23.070,3156,2776,1.730,1.800,1.210,1,0,77.236,0,0,18,326,0,33,0
12-03 13:31:56,19.721,2.496,76.638,0,0,5388408,134744,173608,2305796,8778.164,7335.274,0,882.709,0,91.866,2073,1843,1.730,1.800,1.210,1,0,0,0,0,18,327,0,29,0
12-03 13:31:57,21.761,5.503,71.035,0.250,0,5357960,165136,173608,2305856,10619.221,9028.439,32.016,208.102,1.000,25.012,3472,3226,1.730,1.800,1.210,1,0,57.028,0,0,18,326,0,30,0
12-03 13:31:58,24.516,3.752,71.546,0,0,5378840,144240,173608,2305872,2821.817,1691.089,0,160.103,0,9.006,2273,2002,1.670,1.790,1.210,2,0,0,0,0,18,326,0,30,0
12-03 13:31:59,18.220,1.997,77.372,0,0,5381948,141124,173608,2305880,13035.370,11689.603,0,1381.707,0,259.569,2412,2171,1.670,1.790,1.210,1,0,0,0,0,18,326,0,34,0
12-03 13:32:00,22.257,5.252,70.772,0.750,0,5341824,181024,173608,2306104,2700.828,1620.497,92.028,508.156,6.002,30.009,2762,2494,1.670,1.790,1.210,2,0,32.010,0,0,18,326,0,26,0
12-03 13:32:01,20.264,2.502,75.801,0,0,5367740,155108,173608,2306104,8490.755,7350.982,0,36.024,0,2.001,2171,1962,1.670,1.790,1.210,1,0,0,0,0,18,327,0,26,0
12-03 13:32:02,16.723,1.997,79.371,0.250,0,5365240,157592,173608,2306120,8113.766,6801.905,0,299.511,0,29.951,2450,2675,1.670,1.790,1.210,2,0,0,0,0,18,326,0,27,0
12-03 13:32:03,22.004,5.751,71.262,0.250,0,5384872,137952,173608,2306128,2700.460,1620.276,0,124.021,0,8.001,2683,2234,1.620,1.770,1.210,2,0,47.008,0,0,18,326,0,27,0
12-03 13:32:04,21.278,3.505,74.598,0,0,5391076,162880,173608,2275684,10315.591,7355.691,0,152.201,0,12.016,2266,1910,1.620,1.770,1.210,1,0,0,0,0,18,327,0,25,0
12-03 13:32:05,22.213,4.992,71.382,0.250,0,5333884,220244,173608,2275680,8902.240,6134.828,0,311.484,0,22.962,2942,2575,1.620,1.770,1.210,2,0,31.947,0,0,18,326,0,28,0
12-03 13:32:06,19.773,2.503,76.089,0,0,5372308,181820,173608,2275680,5771.783,3713.364,0,164.193,0,9.011,2102,1942,1.620,1.770,1.210,0,0,0,0,0,18,327,0,28,0
12-03 13:32:07,16.475,2.496,79.131,0.749,0,5369912,184160,173608,2275736,12588.063,10274.543,31.952,463.303,0.998,57.913,2775,3393,1.620,1.770,1.210,1,0,0.998,0,0,18,326,0,29,0
12-03 13:32:08,11.474,10.975,72.583,3.243,0,5353120,200716,173752,2275828,3763.340,2736.702,143.669,175.596,5.986,15.963,4108,3553,1.490,1.740,1.200,5,1,179.587,0,0,18,328,0,26,0
12-03 13:32:09,4.519,1.506,87.869,4.268,0,5345764,207084,174148,2276420,8424.358,3860.202,984.130,325.366,246.033,23.097,1905,2662,1.490,1.740,1.200,2,0,1.004,0,0,18,328,0,26,0
12-03 13:32:10,7.001,8.001,83.512,0.500,0,5343752,209044,174148,2276472,16465.386,4754.689,0,984.143,0,62.009,3449,3508,1.490,1.740,1.200,0,0,126.018,0,0,18,328,0,27,0
12-03 13:32:11,5.743,11.236,79.150,1.248,0,5334704,218020,174152,2276540,4509.288,2615.687,3.995,395.499,0.999,13.982,3945,3417,1.490,1.740,1.200,1,0,184.766,0,0,18,326,0,28,0
12-03 13:32:12,17.762,5.504,71.049,5.003,0,5340736,205236,174152,2283276,2821.957,1621.124,240.167,12.008,26.018,3.002,2415,2105,1.490,1.740,1.200,2,0,29.020,0,0,18,326,0,25,0
12-03 13:32:13,26.514,3.002,69.537,0.500,0,5365192,176836,174168,2287188,2920.573,1458.786,64.034,876.472,1.001,11.006,2563,2234,1.450,1.730,1.200,2,0,0,0,0,18,326,0,25,0
12-03 13:32:14,15.481,2.247,79.653,0.250,0,5364632,173488,174168,2290976,15803.852,6151.547,0,1118.645,0,28.965,2252,2205,1.450,1.730,1.200,1,0,17.978,0,0,18,326,0,25,0
12-03 13:32:15,15.285,6.014,71.164,6.014,0,5300488,234848,174172,2293740,2525.808,1623.734,1098.526,4402.123,16.037,359.827,3522,3371,1.450,1.730,1.200,1,0,63.145,0,0,18,326,0,25,0
12-03 13:32:16,14.994,13.245,69.972,0.500,0,5303972,231224,174172,2293864,4018.386,1689.321,71.971,443.822,1.999,28.988,4522,4041,1.450,1.730,1.200,1,0,240.903,0,0,18,326,0,23,0
12-03 13:32:17,24.646,3.236,70.452,0.249,0,5346708,188424,174172,2293928,3996.118,3576.889,47.798,473.998,1.992,61.739,2743,2893,1.450,1.730,1.200,0,0,0.996,0,0,18,327,0,23,0
12-03 13:32:18,19.086,4.269,75.089,0.251,0,5318692,216432,174172,2293936,24697.558,22433.331,0,417.888,0,28.127,2833,2438,1.410,1.720,1.200,1,0,47.213,0,0,18,326,0,25,0
12-03 13:32:19,23.955,3.493,71.115,0,0,5375816,159296,174172,2293948,4209.038,1616.941,0,63.879,0,5.989,2258,1759,1.410,1.720,1.200,2,0,0,0,0,18,326,0,25,0
12-03 13:32:20,20.195,2.493,76.043,0,0,5386696,148236,174172,2294128,10212.167,9028.394,63.826,111.696,3.989,12.965,2391,2151,1.410,1.720,1.200,1,0,0,0,0,18,327,0,23,0
12-03 13:32:21,22.845,4.268,72.051,0,0,5399872,134956,174172,2294232,4083.054,2908.147,80.336,1751.315,4.017,6.025,2451,2082,1.410,1.720,1.200,1,0,14.059,0,0,18,326,0,24,0
12-03 13:32:22,27.226,6.494,65.192,0,0,5352556,206192,174172,2271712,8711.294,7339.508,0,0,0,0,3548,9599,1.410,1.720,1.200,3,0,35.968,0,0,18,327,0,25,0
12-03 13:32:23,21.785,4.006,69.362,2.504,0,5348372,208936,174172,2273152,3682.942,2462.974,1494.411,1045.687,71.115,131.212,5099,7288,1.620,1.760,1.220,2,0,1.002,0,0,18,329,0,25,0
12-03 13:32:24,24.498,4.250,70.494,0.250,0,5328128,229012,174172,2273320,3980.639,2859.741,0,767.930,0,68.994,3538,4388,1.620,1.760,1.220,1,0,5.999,0,0,18,328,0,25,0
12-03 13:32:25,20.216,2.745,75.623,0.250,0,5365376,191764,174172,2273320,6489.125,4004.289,0,403.324,0,28.951,2290,2234,1.620,1.760,1.220,2,0,0.998,0,0,18,329,0,25,0
12-03 13:32:26,20.251,2.250,74.753,0.750,0,5362744,194348,174172,2273368,9765.428,8685.381,16.001,700.031,1.000,86.004,3522,4354,1.620,1.760,1.220,2,0,0,0,0,18,329,0,25,0
12-03 13:32:27,38.320,13.274,46.585,1.002,0,5387344,169640,174172,2273476,3897.102,2893.273,577.052,4816.778,7.013,335.612,6710,7798,1.620,1.760,1.220,3,0,140.256,0,0,18,328,0,26,0
12-03 13:32:28,28.971,27.472,42.707,0,0.250,5368124,188836,174172,2273500,2697.264,1618.359,511.481,295.700,3.996,23.976,6972,6088,1.650,1.760,1.220,4,0,592.399,0,0,18,328,0,26,0
12-03 13:32:29,10.007,22.264,66.293,0,0,5358360,198568,174172,2273532,2838.849,1621.056,0,408.266,0,34.022,6569,5718,1.650,1.760,1.220,1,0,524.341,0,0,18,328,0,25,0
12-03 13:32:30,9.253,22.257,66.771,0.500,0,5358864,198036,174172,2273556,2820.884,1620.508,0,3605.130,0,429.135,6797,5760,1.650,1.760,1.220,1,0,514.161,0,0,18,328,0,25,0
12-03 13:32:31,10.247,21.993,66.729,0.250,0,5344664,212212,174172,2273580,4378.652,1619.502,0,267.918,0,25.992,6560,5626,1.650,1.760,1.220,1,0,512.842,0,0,18,328,0,25,0
12-03 13:32:32,8.749,21.998,67.743,0,0,5336508,220332,174172,2273616,2881.681,1619.821,0,1439.841,0,111.988,6605,5663,1.650,1.760,1.220,2,0,538.940,0,0,18,328,0,25,0
12-03 13:32:33,9.253,22.007,67.522,0.250,0,5329392,227420,174172,2273644,2598.843,1458.473,0,104.034,0,11.004,6311,5240,1.600,1.750,1.220,1,0,466.151,0,0,18,328,0,25,0
12-03 13:32:34,9.000,22.251,66.753,0,0,5323844,232944,174172,2273668,2777.113,1620.066,0,176.007,0,20.001,6434,5556,1.600,1.750,1.220,1,0,461.019,0,0,18,328,0,25,0
12-03 13:32:35,15.000,12.500,70.999,0,0,5314948,348140,174188,2177992,2399.970,1619.980,32.000,255.997,5.000,13.000,3760,3172,1.600,1.750,1.220,3,0,134.998,0,0,18,328,0,25,0
12-03 13:32:36,23.721,3.995,70.912,0,0,5327256,326732,174360,2186920,2917.391,1617.999,0,2624.753,0,21.973,2439,2112,1.600,1.750,1.220,2,0,2.996,0,0,18,328,0,25,0
12-03 13:32:37,22.979,2.498,72.685,0.999,0,5334124,317944,174372,2188824,8493.366,2889.403,19.982,1418.725,3.996,64.942,2808,2926,1.600,1.750,1.220,0,0,16.985,0,0,18,329,0,23,0
12-03 13:32:38,14.261,2.002,79.312,3.253,0,5344856,306352,174452,2189596,14761.625,9630.585,676.533,1012.798,38.030,30.024,1997,1963,1.470,1.720,1.210,1,0,0,0,0,18,329,0,23,0
12-03 13:32:39,14.482,1.997,80.149,1.248,0,5352628,297784,174536,2190304,19441.438,13263.244,311.606,1542.052,31.960,53.932,2234,2438,1.470,1.720,1.210,0,0,0.999,0,0,18,329,0,23,0
12-03 13:32:40,19.038,3.758,73.648,3.006,0,5377836,271376,174536,2191500,13355.845,8665.417,909.829,1290.594,44.089,58.117,3771,5335,1.470,1.720,1.210,2,0,2.004,0,0,18,329,0,23,0
12-03 13:32:41,17.484,1.499,78.180,0.999,0,5384136,264320,174536,2192256,20042.043,11028.119,723.352,1266.865,41.962,39.964,2380,2193,1.470,1.720,1.210,1,0,0,0,0,18,329,0,23,0
12-03 13:32:42,19.205,1.746,75.076,1.497,0,5404728,242648,174540,2193320,16143.483,11016.399,526.776,1723.994,27.935,51.879,2842,2844,1.470,1.720,1.210,1,0,0,0,0,18,329,0,25,0
12-03 13:32:43,17.515,2.752,72.562,6.005,0,5399656,218708,174540,2222328,6524.576,3231.762,11766.056,836.715,124.106,35.030,2307,2220,1.430,1.710,1.210,1,0,1.001,0,0,18,329,0,25,0
12-03 13:32:44,24.985,3.248,69.708,0.750,0,5406756,200576,174540,2233356,3139.089,1712.957,0,1798.905,0,61.962,2641,2306,1.430,1.710,1.210,1,0,0,0,0,18,329,0,25,0
12-03 13:32:45,24.792,2.755,71.622,0.501,0,5403640,189260,174544,2247472,2584.402,1622.764,0,1338.279,0,44.075,2433,2204,1.430,1.710,1.210,1,0,0,0,0,18,329,0,25,0
12-03 13:32:46,23.873,2.487,71.121,0.249,0,5409876,165484,174544,2264916,2584.227,1450.270,0,2355.446,0,237.733,2604,2296,1.430,1.710,1.210,1,0,0,0,0,18,329,0,25,0
12-03 13:32:47,24.415,3.524,70.224,1.258,0,5415884,150188,174700,2273800,2839.149,1631.001,0,17421.502,0,207.399,3192,3563,1.430,1.710,1.210,1,0,1.007,0,0,18,329,0,25,0
12-03 13:32:48,23.466,2.247,71.647,0.250,0,5410960,131816,175144,2296392,2875.880,1617.683,0,1769.465,0,67.903,2494,2343,1.400,1.700,1.210,1,0,0,0,0,18,329,0,25,0
12-03 13:32:49,24.281,2.754,72.093,0.501,0,5410656,122936,175144,2305424,3020.889,1622.088,0,1778.289,0,63.081,2538,2465,1.400,1.700,1.210,1,0,0,0,0,18,329,0,25,0
12-03 13:32:50,24.229,2.748,71.188,0.250,0.250,5330412,219584,175156,2288904,3219.185,1792.432,0,711.378,0,29.974,2295,1969,1.400,1.700,1.210,1,0,1.998,0,0,18,328,0,25,0
12-03 13:32:51,20.237,3.997,75.202,0,0,5365316,184668,175156,2288916,10112.503,3793.563,0,415.733,0,6.996,2320,1971,1.400,1.700,1.210,1,0,32.979,0,0,18,329,0,25,0
12-03 13:32:52,24.503,3.000,71.510,0.500,0,5362864,181420,175252,2294484,3102.420,1794.243,0,920.125,0,12.002,2273,1896,1.400,1.700,1.210,1,0,2.000,0,0,18,328,0,25,0
12-03 13:32:53,20.002,2.750,75.509,0,0,5370716,173384,175252,2294652,10784.265,4465.524,0,476.056,0,7.001,2262,2008,1.280,1.670,1.200,3,0,17.002,0,0,18,329,0,22,0
12-03 13:32:54,24.298,5.260,67.384,0.250,0,5359816,178580,175576,2299888,2944.850,1797.571,0,1094.173,0,24.048,10336,19086,1.280,1.670,1.200,1,0,12.024,0,0,18,328,0,22,0
12-03 13:32:55,24.989,6.747,66.472,0,0,5362656,175424,175580,2300184,2518.931,1619.313,0,1947.174,0,24.989,9799,17789,1.280,1.670,1.200,1,0,14.994,0,0,18,328,0,22,0
12-03 13:32:56,21.446,6.234,71.071,0,0,5355096,182880,175588,2300276,2453.834,1615.940,0,167.579,0,1.995,3175,3563,1.280,1.670,1.200,1,0,14.962,0,0,18,328,0,22,0
12-03 13:32:57,23.817,4.262,69.696,0.251,0,5323052,226248,175588,2289064,4151.672,1624.567,32.090,1805.075,1.003,156.440,3621,3805,1.280,1.670,1.200,1,0,50.141,0,0,18,328,0,20,0
12-03 13:32:58,25.206,5.490,66.634,0.250,0,5321488,227800,175588,2289076,2575.520,1617.187,0,658.854,0,37.934,10979,19800,1.260,1.660,1.200,2,0,8.984,0,0,18,328,0,20,0
12-03 13:32:59,20.008,3.501,75.032,0,0,5363056,186220,175588,2289088,8121.415,3503.473,0,356.150,0,8.003,2376,2022,1.260,1.660,1.200,1,0,33.014,0,0,18,329,0,20,0
12-03 13:33:00,23.967,2.746,71.151,0.250,0,5380520,163140,175588,2294704,3097.679,1857.409,0,627.125,0,5.992,2286,1926,1.260,1.660,1.200,1,0,1.997,0,0,18,328,0,20,0
12-03 13:33:01,20.513,3.002,75.799,0,0,5394992,148552,175588,2294820,9517.158,4563.953,0,432.280,0,6.004,2196,1916,1.260,1.660,1.200,1,0,17.011,0,0,18,329,0,16,0
12-03 13:33:02,25.017,5.754,67.796,0,0,5369428,168760,175588,2300064,3164.142,1795.216,0,788.534,0,13.009,10516,19283,1.260,1.660,1.200,2,0,10.007,0,0,18,328,0,16,0
12-03 13:33:03,23.520,6.756,66.806,0,0,5364208,173692,175588,2300352,2882.411,1621.356,0,84.070,0,1.001,10259,18750,1.240,1.640,1.200,1,0,10.008,0,0,18,328,0,16,0
12-03 13:33:04,21.425,6.228,71.002,0.249,0,5359404,181504,175592,2297340,4620.832,1614.352,0,773.294,0,16.941,2583,2103,1.240,1.640,1.200,3,0,13.951,0,0,18,328,0,16,0
12-03 13:33:05,24.070,4.513,70.204,0.251,0,5347924,201344,175592,2289092,2828.211,1624.717,0,657.910,0,21.061,2762,2556,1.240,1.640,1.200,2,0,22.064,0,0,18,328,0,12,0
12-03 13:33:06,23.504,4.501,71.263,0,0,5338420,210840,175592,2289100,2418.440,1458.265,0,232.042,0,12.002,2966,2543,1.240,1.640,1.200,1,0,73.013,0,0,18,328,0,12,0
12-03 13:33:07,23.253,5.251,70.009,0.250,0,5345220,195980,175592,2297128,2580.329,1620.206,0,2796.356,0,162.021,2950,2778,1.240,1.640,1.200,1,1,25.003,0,0,18,328,0,12,0
12-03 13:33:08,24.954,3.494,69.872,0.998,0,5350508,187928,175592,2299916,4677.457,2109.148,3.993,15695.333,0.998,208.619,3004,2659,1.220,1.630,1.200,1,0,15.971,0,0,18,329,0,12,0
12-03 13:33:09,16.770,1.752,79.843,0.501,0,5365236,173060,175592,2300056,22180.921,12250.316,0,1653.933,0,51.060,2312,2396,1.220,1.630,1.200,1,0,1.001,0,0,18,329,0,12,0
12-03 13:33:10,14.252,2.250,80.263,1.250,0,5364500,173276,175592,2300560,157255.270,18139.030,0,2136.357,0,96.016,2604,2924,1.220,1.630,1.200,0,1,1.000,0,0,18,330,0,11,0
12-03 13:33:11,19.733,1.748,76.932,0.500,0,5393476,144072,175592,2300768,23733.996,10304.880,0,1230.911,0,49.956,2105,1924,1.220,1.630,1.200,1,0,0,0,0,18,330,0,11,0
12-03 13:33:12,18.507,1.501,77.781,0.750,0,5391252,145992,175628,2301036,20778.414,13190.341,0,2140.867,0,174.070,2114,2002,1.220,1.630,1.200,1,0,0,0,0,18,330,0,11,0
12-03 13:33:13,15.761,2.001,78.803,1.251,0,5398028,138508,175800,2301556,339361.380,23078.463,4.003,2545.706,1.001,105.070,2790,2786,1.200,1.620,1.200,4,1,0,0,0,18,330,0,11,0
12-03 13:33:14,15.987,1.998,79.184,1.249,0,5397740,138256,175904,2301992,84710.674,17410.546,127.894,2254.129,8.993,92.923,2324,2370,1.200,1.620,1.200,1,0,1.998,0,0,18,330,0,9,0
12-03 13:33:15,8.012,1.753,86.124,0.250,0,5393356,124228,175976,2320264,5236127.384,144535.866,0,2591.727,0,99.143,9795,7014,1.200,1.620,1.200,1,1,4.006,0,0,18,330,0,9,0
12-03 13:33:16,5.235,1.994,89.498,0.499,0,5387532,137164,176028,2313848,4809589.594,102405.571,0,4503.316,0,29.916,6430,7004,1.200,1.620,1.200,0,0,1.994,0,0,18,330,0,9,0
12-03 13:33:17,4.255,3.003,89.595,0.250,0,5389268,140832,176048,2309028,6554509.739,135064.435,0,10270.907,0,37.039,11127,8380,1.200,1.620,1.200,0,0,2.002,0,0,18,330,0,9,0
12-03 13:33:18,12.010,4.254,79.818,1.501,0,5387452,132328,176124,2319272,1832288.877,35953.706,172.147,60139.362,6.005,316.270,4433,3906,1.190,1.610,1.190,2,0,0,0,0,18,330,0,9,0
12-03 13:33:19,23.210,3.993,70.129,1.248,0,5390380,136876,178840,2308904,2850.097,1455.496,0,4580.121,0,103.821,2693,2587,1.190,1.610,1.190,4,0,0.998,0,0,18,330,0,9,0
12-03 13:33:20,24.735,3.498,70.206,0.250,0,5403220,133604,179508,2298456,2878.207,1660.965,0,1583.014,0,35.978,2524,2247,1.190,1.610,1.190,2,0,0,0,0,18,330,0,9,0
12-03 13:33:21,24.806,2.756,70.410,0.752,0,5403152,139668,179820,2292336,2766.272,1623.681,0,2702.127,0,116.264,2638,2608,1.190,1.610,1.190,2,0,0,0,0,18,330,0,9,0
12-03 13:33:22,29.240,6.498,61.479,0.750,0,5416284,146908,180496,2271644,2769.041,1619.439,0,2263.216,0,87.970,3676,11581,1.190,1.610,1.190,3,0,35.988,0,0,18,330,0,6,0
12-03 13:33:23,23.512,5.253,70.036,0.500,0,5403540,137328,181096,2293432,2581.313,1620.825,8.004,30459.495,2.001,131.067,2719,2360,1.170,1.600,1.190,1,0,0,0,0,18,330,0,6,0
12-03 13:33:24,24.748,2.000,70.745,0.750,0,5403736,125020,181708,2304744,2836.780,1619.874,0,1859.856,0,79.994,2912,2968,1.170,1.600,1.190,1,0,1.000,0,0,18,330,0,6,0
12-03 13:33:25,25.486,3.498,69.711,0.500,0,5403256,134896,182956,2294108,2578.560,1619.096,0,1015.433,0,46.974,2715,2619,1.170,1.600,1.190,1,0,0.999,0,0,18,330,0,6,0
12-03 13:33:26,24.236,2.249,70.958,0.500,0,5401248,141012,183480,2288904,2670.425,1553.084,0,2634.447,0,50.970,2685,2607,1.170,1.600,1.190,1,0,0,0,0,18,330,0,4,0
12-03 13:33:27,41.308,8.512,48.318,0.751,0,5443836,133984,184252,2253400,2629.721,1568.219,512.725,2086.953,4.006,78.111,3962,3222,1.170,1.600,1.190,2,0,7.010,0,0,18,330,0,4,0
12-03 13:33:28,40.954,7.242,50.943,0.250,0.250,5471280,136980,184536,2222316,8975.904,4210.264,511.425,1234.611,3.996,46.947,3588,2536,1.240,1.610,1.200,2,0,5.993,0,0,18,328,0,4,0
12-03 13:33:29,25.018,4.003,70.050,0,0,5361980,246452,184540,2222192,2899.074,1621.160,0,352.252,0,7.005,2598,1998,1.240,1.610,1.200,1,0,19.014,0,0,18,328,0,4,0
12-03 13:33:30,19.754,2.751,76.517,0.250,0,5360696,242688,184860,2226744,8542.855,3904.848,0,1380.300,0,9.002,2128,1806,1.240,1.610,1.200,1,0,16.003,0,0,18,328,0,3,0
12-03 13:33:31,23.728,3.247,70.684,0,0,5352196,250008,184944,2227840,2637.525,1618.482,0,0,0,0,2378,2001,1.240,1.610,1.200,2,0,2.997,0,0,18,328,0,3,0
12-03 13:33:32,18.992,2.999,76.969,0.250,0,5352808,242788,185452,2232956,9609.189,4733.123,0,1263.499,0,17.993,2196,1885,1.240,1.610,1.200,2,0,17.993,0,0,18,328,0,3,0
12-03 13:33:33,23.760,6.253,67.527,0,0,5353064,242072,185484,2233300,2701.093,1620.656,0,940.380,0,192.078,10285,18787,1.220,1.600,1.200,2,0,12.005,0,0,18,328,0,3,0
12-03 13:33:34,24.249,6.000,66.997,0,0,5353544,241344,185508,2233460,2688.882,1511.934,0,2371.896,0,11.999,9974,18323,1.220,1.600,1.200,1,0,6.000,0,0,18,328,0,3,0
12-03 13:33:35,20.509,6.503,72.282,0,0,5351672,242984,185548,2233628,2567.131,1566.690,0,252.111,0,9.004,2400,1961,1.220,1.600,1.200,1,0,14.006,0,0,18,328,0,3,0
12-03 13:33:36,21.786,5.008,72.371,0.250,0,5325452,281556,185556,2222276,2644.413,1622.708,0,885.478,0,14.023,2209,1774,1.220,1.600,1.200,1,0,1.002,0,0,18,328,0,3,0
12-03 13:33:37,23.191,3.990,70.321,0.499,0,5335788,269740,185556,2223756,2633.312,1615.896,247.372,343.129,3.990,15.959,2609,2457,1.220,1.600,1.200,2,0,5.985,0,0,18,328,0,3,0
12-03 13:33:38,23.551,5.261,68.649,1.754,0,5343680,260304,185556,2225480,2826.119,1623.515,420.911,26401.163,11.024,702.521,4522,5320,1.280,1.610,1.200,1,0,0,0,0,18,330,0,4,0
12-03 13:33:39,26.250,4.750,64.000,2.000,0,5341308,261632,185556,2226524,2896.984,1619.991,735.996,1911.989,46.000,267.999,7848,11573,1.280,1.610,1.200,3,0,2.000,0,0,18,330,0,7,0
12-03 13:33:40,12.253,18.755,67.269,0.500,0,5285228,317540,185556,2226696,2640.729,1620.448,128.035,1968.544,1.000,126.035,6056,5644,1.280,1.610,1.200,1,0,370.102,0,0,18,330,0,7,0
12-03 13:33:41,13.500,6.500,70.752,7.500,0,5278616,322628,185556,2228252,2700.074,1620.044,1528.042,228.006,59.002,10.000,2964,2663,1.280,1.610,1.200,1,0,69.002,0,0,18,330,0,9,0
12-03 13:33:42,4.744,2.996,85.897,4.994,0,5276500,322956,185652,2229948,3100.286,2523.976,1789.856,691.172,147.823,10.987,1786,2257,1.280,1.610,1.200,6,0,15.981,0,0,18,331,0,7,0
12-03 13:33:43,7.007,3.503,86.583,1.501,0,5271812,327532,185652,2230060,46298.544,5620.407,0,5156.962,0,499.481,4066,5907,1.260,1.600,1.200,1,0,1.001,0,0,18,331,0,7,0
12-03 13:33:44,7.503,4.252,85.037,1.000,0,5265272,333604,185700,2230480,137769.125,4877.128,128.056,648.283,7.003,20.009,2642,2745,1.260,1.600,1.200,1,0,21.009,0,0,18,330,0,10,1
12-03 13:33:45,49.102,8.474,41.126,0,0,5027692,571164,185700,2230500,2482.523,1668.973,0,482.547,0,15.952,3843,2526,1.260,1.600,1.200,1,0,7.976,0,0,18,314,0,14,0
12-03 13:33:46,59.645,11.528,28.569,0.251,0,5106840,492004,185700,2230496,2586.277,1623.941,4.010,0,1.002,0,3930,1985,1.260,1.600,1.200,4,0,4.010,0,0,18,314,0,14,0
12-03 13:33:47,82.531,10.722,5.984,0,0,5058600,540064,185700,2230684,2692.855,1615.713,3.989,131.651,0.997,18.950,4844,2438,1.260,1.600,1.200,5,0,2.992,0,0,18,308,0,14,0
12-03 13:33:48,86.934,11.524,0,2.004,0,5041692,556832,185708,2230828,6120.983,1623.444,160.340,324.689,7.015,12.026,5134,2704,1.480,1.640,1.210,5,0,6.013,0,0,18,295,0,15,0
12-03 13:33:49,87.349,9.511,2.753,0,0,5083184,514996,185708,2231172,2812.172,1513.708,0,568.641,0,48.054,6003,6284,1.480,1.640,1.210,5,0,5.006,0,0,18,285,0,21,0
12-03 13:33:50,66.004,7.500,25.751,0.500,0,5152772,444236,185712,2232388,2700.145,1620.087,28.002,1080.058,1.000,71.004,5889,7943,1.480,1.640,1.210,3,0,0,0,0,18,291,0,26,0
12-03 13:33:51,58.333,7.728,30.662,1.994,0,5248844,346468,185720,2234076,70654.426,35147.229,638.170,331.051,16.951,32.906,5941,7398,1.480,1.640,1.210,4,0,2.991,0,0,18,293,0,30,0
12-03 13:33:52,43.595,4.259,51.362,0,0,5276344,317936,185720,2235108,101994.259,48886.008,32.070,256.562,2.004,23.050,5556,8337,1.480,1.640,1.210,1,0,0,0,0,18,299,0,32,0
12-03 13:33:53,20.505,2.251,75.017,0.250,0,5278956,315164,185720,2235268,52465.914,24536.572,0,1552.352,0,113.026,4153,5155,1.440,1.620,1.210,0,0,0,0,0,18,303,0,32,0
12-03 13:33:54,2.746,3.995,74.899,16.727,0,5279464,314620,185728,2235296,3072.844,1617.812,7.989,38388.082,1.997,1226.341,2718,2961,1.440,1.620,1.210,0,0,0.999,0,0,18,303,0,32,0
12-03 13:33:55,2.753,4.755,89.843,0.501,0,5287748,306312,185732,2235316,2702.802,1621.681,4.004,65335.739,1.001,722.749,3153,4042,1.440,1.620,1.210,0,0,7.007,0,0,18,303,0,32,0
12-03 13:33:56,2.001,2.001,94.301,0.250,0,5287736,306312,185736,2235324,4184.252,1512.814,4.002,31773.102,1.001,313.169,1586,1998,1.440,1.620,1.210,0,0,0,0,0,18,303,0,32,0
12-03 13:33:57,2.746,0.998,94.349,0.250,0,5288236,305812,185736,2235324,2755.585,1617.408,0,131.789,0,19.968,1462,2081,1.440,1.620,1.210,0,0,0.998,0,0,18,303,0,32,0
12-03 13:33:58,1.500,1.500,95.780,0,0,5288476,305572,185736,2235324,2880.906,1620.509,0,2204.693,0,114.036,1326,2114,1.320,1.600,1.210,0,0,0,0,0,18,303,0,32,0
12-03 13:33:59,1.752,0.501,95.601,0,0,5287216,306828,185736,2235328,2765.929,1567.660,0,60.064,0,8.008,1282,1880,1.320,1.600,1.210,0,0,0,0,0,18,303,0,32,0
12-03 13:34:00,0.999,0.500,96.157,0.250,0,5287216,306828,185736,2235328,2937.160,1618.435,0,499.517,0,87.915,1083,1609,1.320,1.600,1.210,0,0,0,0,0,18,303,0,32,0
12-03 13:34:01,3.002,3.002,93.051,0.500,0,5287416,306604,185740,2235348,2701.495,1620.897,4.002,36940.441,1.001,276.153,2197,2966,1.320,1.600,1.210,0,0,0,0,0,18,303,0,32,0
12-03 13:34:02,2.000,0.750,95.773,0,0,5287416,306604,185740,2235348,2760.657,1620.385,0,748.178,0,19.005,1127,1647,1.320,1.600,1.210,0,0,0,0,0,18,303,0,32,0
12-03 13:34:03,2.497,0.749,94.128,0.250,0,5287416,306604,185740,2235348,2788.393,1510.047,0,191.752,0,30.960,1601,2418,1.220,1.570,1.200,1,0,0,0,0,18,303,0,32,0
12-03 13:34:04,2.001,1.000,95.542,0.500,0,5287412,306604,185740,2235352,2958.301,1620.713,0,304.134,0,23.010,1255,1720,1.220,1.570,1.200,0,0,0,0,0,18,303,0,32,0
12-03 13:34:05,1.499,0.500,95.436,0,0,5287412,306604,185740,2235352,2758.144,1618.911,0,79.946,0,10.993,1089,1547,1.220,1.570,1.200,1,0,0,0,0,18,303,0,32,0
12-03 13:34:06,2.251,0.750,96.040,0,0,5287412,306604,185740,2235352,2627.106,1566.660,0,64.027,0,1.000,1105,1541,1.220,1.570,1.200,0,0,0,0,0,18,303,0,32,0
12-03 13:34:07,2.001,0.750,94.779,0.250,0,5287416,306604,185740,2235352,2700.824,1620.494,0,108.033,0,12.004,1398,2066,1.220,1.570,1.200,0,0,1.000,0,0,18,303,0,32,0
12-03 13:34:08,2.248,0.749,95.909,0.250,0,5287416,306604,185740,2235352,2637.486,1618.458,0,171.836,0,10.990,1150,1655,1.120,1.540,1.190,1,0,0,0,0,18,303,0,32,0
12-03 13:34:09,3.252,2.252,91.820,0.751,0,5290092,303832,185740,2235448,4040.073,1513.151,104.079,108.082,4.003,16.012,1822,2331,1.120,1.540,1.190,1,0,16.012,0,0,18,303,0,32,0
12-03 13:34:10,9.510,20.521,68.821,0.250,0,5303664,290136,185740,2235572,3936.074,1621.678,76.079,288.298,5.005,23.024,7016,6666,1.120,1.540,1.190,1,0,593.614,0,0,18,303,0,32,0
12-03 13:34:11,8.755,19.010,69.788,0.250,0,5307224,286484,185740,2235664,2521.386,1620.891,32.018,232.128,1.001,17.009,6909,6491,1.120,1.540,1.190,2,0,519.285,0,0,18,303,0,32,0
12-03 13:34:12,8.500,21.250,68.251,0,0,5304516,289180,185744,2235820,2700.053,1620.032,0,6396.124,0,179.003,6773,5962,1.120,1.540,1.190,5,0,549.011,0,0,18,303,0,32,0
12-03 13:34:13,9.250,20.249,68.247,0,0,5303000,290640,185744,2235876,2699.895,1619.937,19.999,179.993,1.000,23.999,6987,6571,1.190,1.550,1.200,1,0,510.980,0,0,18,303,0,32,0
12-03 13:34:14,20.247,2.750,71.488,4.499,0,5331284,222628,185892,2275448,4382.282,1565.744,39705.499,815.866,330.946,45.992,2773,2539,1.190,1.550,1.200,3,0,17.997,0,0,18,303,0,32,0
12-03 13:34:15,6.986,3.493,86.331,0.998,0,5332684,221076,185900,2275592,33727.073,3345.461,123.758,802.431,5.988,162.682,2271,2501,1.190,1.550,1.200,2,0,17.965,0,0,18,304,0,32,0
12-03 13:34:16,2.990,1.246,93.672,0,0,5332892,220348,185900,2276112,558830.809,15623.338,0,0,0,0,1945,2020,1.190,1.550,1.200,2,0,0,0,0,18,304,0,32,0
12-03 13:34:17,5.022,2.260,90.398,0,0,5331372,220348,185900,2277632,1632313.562,45652.132,0,2760.161,0,24.106,3681,3128,1.190,1.550,1.200,0,0,1.004,0,0,18,304,0,32,0
12-03 13:34:18,1.746,0.998,94.765,0.249,0,5331164,220348,185900,2277840,228692.926,6970.715,0,239.406,0,11.970,1356,1873,1.100,1.530,1.190,0,0,0,0,0,18,304,0,32,0
12-03 13:34:19,3.246,1.748,91.648,0,0,5330264,220348,185904,2278736,1093796.303,28479.165,0,1314.531,0,10.988,2493,2499,1.100,1.530,1.190,2,0,0,0,0,18,304,0,32,0
12-03 13:34:20,2.509,1.004,95.088,0,0,5329944,220348,185904,2279056,193870.888,6634.575,0,309.098,0,12.043,1522,1796,1.100,1.530,1.190,0,0,0,0,0,18,304,0,32,0
12-03 13:34:21,2.747,1.249,93.656,0.250,0,5329644,220096,185904,2279608,584108.111,13948.009,0,727.271,0,14.985,1974,2326,1.100,1.530,1.190,2,0,0,0,0,18,304,0,32,0
12-03 13:34:22,15.010,5.253,74.550,4.253,0,5374104,175024,186052,2279992,302005.938,8237.481,200.133,652.434,12.008,24.016,3343,13506,1.100,1.530,1.190,2,0,38.025,0,0,18,303,0,34,0
12-03 13:34:23,12.771,13.021,68.110,4.507,0,5385940,139352,186452,2303096,2556.120,1514.441,3621.838,24735.874,38.061,816.316,6489,8289,1.090,1.520,1.190,1,0,102.165,0,0,18,303,0,33,0
12-03 13:34:24,12.477,13.475,68.375,3.743,0,5384836,131960,187096,2309924,2771.920,1617.037,147.729,13898.529,3.993,1478.291,7849,10492,1.090,1.520,1.190,1,0,97.821,0,0,18,303,0,33,0
12-03 13:34:25,24.720,6.992,65.670,0.749,0.250,5377308,138344,187116,2310968,2636.799,1618.036,0,1398.303,0,86.895,3708,3388,1.090,1.520,1.190,2,0,28.965,0,0,18,303,0,33,0
12-03 13:34:26,24.214,7.738,65.902,0.749,0,5386620,128292,187148,2311596,2516.251,1617.590,0,1469.810,0,95.857,3676,3348,1.090,1.520,1.190,3,0,29.955,0,0,18,303,0,33,0
12-03 13:34:27,25.545,8.014,65.366,0.501,0,5381276,132736,187212,2312288,4147.361,1693.005,0,1134.013,0,72.128,3666,3310,1.090,1.520,1.190,1,0,27.048,0,0,18,303,0,33,0
12-03 13:34:28,24.783,5.758,67.339,0.501,0.250,5372456,138596,187292,2314800,4325.692,1664.190,0,1530.013,0,72.095,3322,3146,1.080,1.510,1.190,2,0,17.022,0,0,18,303,0,33,0
12-03 13:34:29,23.036,3.756,70.109,1.502,0,5363880,143912,187360,2317336,2781.319,1622.519,60.093,404.628,15.023,15.023,3881,4818,1.080,1.510,1.190,4,0,15.023,0,0,18,303,0,33,0
12-03 13:34:30,16.742,7.496,69.966,3.998,0,5394328,147628,187120,2284204,2476.784,1457.285,119.941,6109.001,26.987,250.877,3318,3706,1.080,1.510,1.190,0,1,15.992,0,0,18,303,0,33,0
12-03 13:34:31,12.984,8.240,70.161,7.491,0.250,5361644,202224,187244,2261956,2756.516,1617.955,415.475,0,26.966,0,2764,2523,1.080,1.510,1.190,3,0,30.961,0,0,18,303,0,33,0
12-03 13:34:32,17.451,7.728,71.548,2.244,0,5367352,193852,187248,2262144,2897.833,1615.447,191.460,2604.660,11.966,4.986,2819,2257,1.080,1.510,1.190,1,0,33.904,0,0,18,303,0,33,0
12-03 13:34:33,26.822,1.504,69.937,0.251,0,5383972,177220,187264,2262140,2853.630,1624.343,16.043,232.622,4.011,27.072,2635,2424,1.070,1.500,1.180,2,0,3.008,0,0,18,303,0,33,0
12-03 13:34:34,12.008,3.252,82.804,0.750,0,5330672,292072,187272,2201032,3071.001,1621.056,24.016,516.336,3.002,36.023,2446,2534,1.070,1.500,1.180,0,0,16.010,0,0,18,303,0,33,0
12-03 13:34:35,1.748,0.999,95.659,0,0,5330672,292072,187272,2201032,3075.063,1618.454,0,51.950,0,6.993,1177,1709,1.070,1.500,1.180,0,0,0,0,0,18,303,0,33,0
12-03 13:34:36,2.249,1.250,94.716,1.000,0,5328048,294696,187272,2201032,2956.945,1619.422,0,2463.122,0,159.943,1526,2473,1.070,1.500,1.180,0,0,0,0,0,18,303,0,33,0
12-03 13:34:37,1.752,1.251,94.359,0,0,5324380,298364,187272,2201032,2825.262,1459.685,0,164.190,0,21.024,1442,2092,1.070,1.500,1.180,0,0,1.001,0,0,18,303,0,33,0
12-03 13:34:38,2.248,0.749,95.397,0.250,0,5321396,301348,187272,2201032,2954.803,1618.249,0,175.810,0,10.988,1173,1729,0.990,1.470,1.180,0,0,0,0,0,18,303,0,33,0
12-03 13:34:39,2.500,1.000,95.011,0,0,5318568,304172,187272,2201036,3095.349,1620.183,0,88.010,0,12.001,1472,2121,0.990,1.470,1.180,0,0,0,0,0,18,303,0,33,0
12-03 13:34:40,3.004,1.001,93.629,0.250,0,5316288,306452,187272,2201036,2936.031,1622.227,0,96.132,0,13.018,1609,2215,0.990,1.470,1.180,0,0,0,0,0,18,303,0,29,0
12-03 13:34:41,6.492,2.747,89.894,0,0,5304004,318652,187272,2201120,2902.591,1618.100,0,0,0,0,3117,4755,0.990,1.470,1.180,0,0,0.999,0,0,18,303,0,29,0
12-03 13:34:42,5.754,1.001,91.815,0,0,5301860,320788,187272,2201160,2848.010,1621.144,0,2717.918,0,208.147,1956,2413,0.990,1.470,1.180,0,0,0,0,0,18,303,0,29,0
12-03 13:34:43,2.999,1.000,93.463,0.500,0,5300072,322576,187272,2201168,2417.048,1457.426,0,255.899,0,31.987,1699,2525,0.910,1.450,1.170,0,0,0,0,0,18,303,0,29,0
12-03 13:34:44,2.497,0.999,94.370,0,0,5298756,323860,187276,2201196,2956.916,1711.636,0,363.498,0,24.966,1418,1895,0.910,1.450,1.170,0,0,0,0,0,18,303,0,27,0
12-03 13:34:45,1.499,0.999,95.906,0,0,5287108,335496,187276,2201208,2397.653,1618.416,0,103.898,0,6.993,1132,1638,0.910,1.450,1.170,0,0,0,0,0,18,303,0,27,0
12-03 13:34:46,2.005,0.752,96.002,0.251,0,5287108,335496,187276,2201208,2707.108,1624.265,0,320.842,0,19.050,1205,1702,0.910,1.450,1.170,1,0,0,0,0,18,303,0,27,0
12-03 13:34:47,2.500,1.000,94.984,0,0,5287108,335496,187276,2201208,3959.329,1619.726,0,123.979,0,17.997,1406,2095,0.910,1.450,1.170,0,0,1.000,0,0,18,303,0,27,0
12-03 13:34:48,2.747,0.749,94.891,0,0,5287328,335272,187276,2201212,2636.969,1618.140,0,235.729,0,14.983,1258,1750,0.830,1.430,1.170,0,0,0,0,0,18,303,0,19,0
12-03 13:34:49,8.756,1.751,87.308,0.250,0,5311772,310828,187276,2201212,2616.752,1458.977,0,352.236,0,41.027,2670,3689,0.830,1.430,1.170,1,0,0,0,0,18,303,0,19,0
12-03 13:34:50,1.996,1.248,96.068,0,0,5311756,310828,187276,2201228,2694.906,1616.944,0,0,0,0,1170,1599,0.830,1.430,1.170,0,0,0,0,0,18,303,0,19,0
12-03 13:34:51,1.754,0.752,96.243,0.251,0,5311756,310828,187276,2201228,2887.301,1624.107,0,36.091,0,4.010,1095,1596,0.830,1.430,1.170,1,0,0,0,0,18,303,0,19,0
12-03 13:34:52,1.993,0.996,95.406,0.249,0,5311980,310604,187276,2201228,2869.666,1614.187,0,422.479,0,26.903,1267,1801,0.830,1.430,1.170,2,0,0,0,0,18,303,0,2,0
12-03 13:34:53,3.001,1.000,93.788,0.250,0,5305728,316852,187276,2201232,2941.187,1620.654,0,216.087,0,29.012,1670,2509,0.850,1.420,1.160,0,0,0,0,0,18,303,0,2,0
12-03 13:34:54,2.007,1.003,95.060,0,0,5305720,316852,187276,2201240,3087.083,1625.308,0,345.127,0,30.098,1361,2125,0.850,1.420,1.160,0,0,0,0,0,18,303,0,2,0
12-03 13:34:55,2.747,1.498,93.900,0.250,0,5307196,315372,187276,2201244,2637.198,1618.281,0,67.928,0,8.990,1405,1921,0.850,1.420,1.160,1,0,5.994,0,0,18,303,0,2,0
12-03 13:34:56,8.501,1.500,89.512,0,0,5307188,315372,187276,2201252,20263.663,10265.349,0,60.008,0,6.001,1677,2008,0.850,1.420,1.160,1,0,0,0,0,18,304,0,2,0
12-03 13:34:57,3.256,0.501,93.419,0.250,0,5307184,315372,187276,2201256,5535.016,1863.372,0,96.174,0,15.027,1637,2333,0.850,1.420,1.160,1,0,1.002,0,0,18,303,0,2,0
12-03 13:34:58,1.747,0.998,95.065,0.250,0,5307184,315372,187276,2201256,2515.095,1616.847,0,2842.456,0,52.897,1292,1822,0.780,1.390,1.160,0,0,0,0,0,18,303,0,2,0
12-03 13:34:59,1.998,0.999,95.401,0.250,0,5307180,315372,187276,2201260,2654.242,1618.319,0,143.851,0,13.985,1205,1748,0.780,1.390,1.160,0,0,0,0,0,18,303,0,2,0
12-03 13:35:00,3.007,1.002,94.717,0,0,5307180,315372,187276,2201260,2826.464,1623.713,0,84.193,0,12.028,1284,1901,0.780,1.390,1.160,1,0,0,0,0,18,303,0,2,0
12-03 13:35:01,1.748,0.749,96.144,0.250,0,5307400,315148,187276,2201264,2756.952,1618.211,0,1778.034,0,333.631,1319,1667,0.780,1.390,1.160,1,0,0,0,0,18,303,0,2,0
12-03 13:35:02,1.501,1.501,95.548,0,0,5307904,314644,187276,2201264,2839.425,1500.753,0,36.018,0,4.002,1222,1676,0.780,1.390,1.160,1,0,3.002,0,0,18,303,0,2,0
12-03 13:35:03,2.251,1.751,93.281,0.250,0,5307896,314644,187288,2201264,2880.956,1620.538,0,59907.873,0,99.033,1700,2333,0.720,1.370,1.150,1,0,0,0,0,18,303,0,2,0
12-03 13:35:04,10.762,2.503,82.596,2.753,0,5328376,293476,187296,2201944,2900.367,1621.883,752.874,304.353,51.059,26.030,1889,2034,0.720,1.370,1.150,2,0,5.006,0,0,18,303,0,2,0
12-03 13:35:05,9.997,3.749,75.226,9.247,0,5332748,286672,187680,2203992,4928.458,3993.751,2347.266,1507.528,509.841,25.992,2933,3748,0.720,1.370,1.150,2,0,0,0,0,18,304,0,2,0
12-03 13:35:06,21.184,2.991,73.271,0.748,0,5324276,295020,187680,2204120,10848.125,8234.287,51.838,334.954,3.988,23.925,3438,4410,0.720,1.370,1.150,1,0,4.984,0,0,18,309,0,3,0
12-03 13:35:07,16.230,3.246,79.154,0,0,5341456,277380,187680,2204584,13847.130,11313.217,0,131.839,0,17.978,2688,2821,0.720,1.370,1.150,2,0,0.999,0,0,18,312,0,3,0
12-03 13:35:08,24.090,3.764,71.016,0.251,0,5346980,271840,187680,2204600,3700.877,2607.778,16.060,128.482,1.004,17.064,2609,2491,0.740,1.360,1.150,1,0,5.019,0,0,18,313,1,4,0
12-03 13:35:09,13.990,3.248,80.941,0.250,0,5364932,253728,187680,2204760,12883.661,11713.510,0,299.783,0,32.976,3141,3564,0.740,1.360,1.150,1,0,4.996,0,0,18,313,0,5,0
12-03 13:35:10,16.734,3.247,77.927,0.250,0,5369944,248692,187680,2204784,11655.037,10756.881,0,671.368,0,54.948,2931,3415,0.740,1.360,1.150,1,0,4.995,0,0,18,313,0,7,0
12-03 13:35:11,12.526,3.257,82.419,0.501,0,5372060,246436,187680,2204924,12575.828,11350.311,0,108.222,0,8.016,2202,2347,0.740,1.360,1.150,1,0,0,0,0,18,314,0,7,0
12-03 13:35:12,16.469,3.244,78.353,0,0,5371068,247416,187680,2204936,11689.110,10294.722,0,187.649,0,19.963,2566,2678,0.740,1.360,1.150,1,0,4.991,0,0,18,315,0,8,0
12-03 13:35:13,46.569,6.510,44.066,1.001,0,5361896,256412,187680,2205112,5315.924,4108.123,304.454,1329.982,4.006,138.206,4110,3275,0.920,1.390,1.160,3,0,19.028,0,0,18,309,0,9,0
12-03 13:35:14,42.492,11.248,43.241,3.249,0,5191084,427048,187680,2205416,2836.436,1619.678,31.994,2223.558,5.999,135.973,3510,2537,0.920,1.390,1.160,2,1,7.998,0,0,18,305,0,11,0
12-03 13:35:15,78.493,11.999,6.249,3.000,0,5174140,444024,187680,2205360,2297.806,1457.877,55.995,239.980,5.000,16.999,4647,2281,0.920,1.390,1.160,5,0,2.000,0,0,18,301,0,11,0
12-03 13:35:16,83.873,11.767,0,4.507,0,5228980,388928,187680,2205632,4266.261,1622.381,76.112,628.923,6.009,21.031,4703,1965,0.920,1.390,1.160,2,2,3.004,0,0,18,301,0,11,0
12-03 13:35:17,79.456,12.493,0,7.746,0,5198908,416412,187680,2208216,2578.587,1619.113,2562.595,419.770,145.920,38.979,5168,3742,0.920,1.390,1.160,7,0,6.996,0,0,18,297,0,11,0
12-03 13:35:18,76.892,13.231,0.499,8.238,0.250,5110132,500248,187680,2213336,4427.780,1617.728,4825.222,387.456,367.484,30.957,6046,6291,1.250,1.450,1.180,6,0,6.990,0,0,18,289,0,16,0
12-03 13:35:19,58.574,7.509,33.042,0.250,0,5205968,402972,187680,2214776,2960.722,1622.039,164.206,288.362,8.010,30.038,5836,8163,1.250,1.450,1.180,3,1,2.003,0,0,18,293,0,20,0
12-03 13:35:20,31.776,5.505,59.549,2.002,0,5256064,350612,187680,2217040,2892.381,1663.369,1188.979,204.168,35.029,23.019,4360,7873,1.250,1.450,1.180,2,0,1.001,0,0,18,297,0,24,0
12-03 13:35:21,40.934,3.245,53.414,0.250,0,5287376,318500,187680,2217840,122920.976,59685.362,0,1170.105,0,21.964,5468,6957,1.250,1.450,1.180,3,0,0.998,0,0,18,296,0,26,0
12-03 13:35:22,38.186,4.742,54.908,0.250,0,5330800,274872,187680,2220392,87388.493,40161.669,0,10793.904,0,1217.958,5631,6859,1.250,1.450,1.180,4,0,33.943,0,0,18,307,0,26,0
12-03 13:35:23,8.755,2.001,88.802,0,0,5311084,294584,187680,2218048,16354.605,8389.928,0,132.078,0,10.006,2142,5178,1.150,1.430,1.180,1,0,2.001,0,0,18,305,0,27,0
12-03 13:35:24,2.500,1.250,94.508,0.250,0,5311072,294584,187680,2218060,2717.217,1620.129,0,196.016,0,20.002,1482,2165,1.150,1.430,1.180,0,0,0,0,0,18,305,0,27,0
12-03 13:35:25,2.002,0.751,94.326,0,0,5311324,294332,187680,2218060,2401.938,1621.308,0,580.468,0,45.036,1431,2196,1.150,1.430,1.180,1,0,0,0,0,18,305,0,25,0
12-03 13:35:26,1.998,0.749,95.165,0,0,5311564,294092,187680,2218060,2817.492,1660.522,0,31.972,0,2.997,1296,1885,1.150,1.430,1.180,0,0,0,0,0,18,305,0,25,0
12-03 13:35:27,2.249,1.250,93.978,0.250,0,5311564,294092,187680,2218060,2759.366,1619.628,0,119.972,0,17.996,1526,2233,1.150,1.430,1.180,1,0,1.000,0,0,18,305,0,25,0
12-03 13:35:28,2.003,1.001,96.141,0,0,5311564,294092,187680,2218060,2601.829,1460.149,0,292.430,0,17.025,1209,1741,1.060,1.400,1.170,0,0,0,0,0,18,305,0,25,0
12-03 13:35:29,1.499,0.500,95.674,0,0,5311564,294092,187680,2218060,3074.549,1618.710,0,31.975,0,3.997,1198,1716,1.060,1.400,1.170,1,0,0,0,0,18,305,0,25,0
12-03 13:35:30,2.251,1.001,95.800,0,0,5311560,294092,187680,2218064,3266.708,1620.848,0,0,0,0,1128,1634,1.060,1.400,1.170,0,0,0,0,0,18,305,0,25,0
12-03 13:35:31,1.750,0.750,95.773,0,0,5311560,294092,187680,2218064,3215.784,1620.395,0,0,0,0,1108,1600,1.060,1.400,1.170,3,0,0,0,0,18,305,0,25,0
12-03 13:35:32,2.249,1.249,94.945,0,0,5311560,294092,187680,2218064,2818.371,1619.064,0,899.480,0,177.897,1337,1923,1.060,1.400,1.170,0,0,0,0,0,18,305,0,25,0
12-03 13:35:33,3.503,1.001,93.581,0.500,0,5312312,293336,187680,2218068,2582.224,1621.397,0,408.352,0,47.041,1746,2673,0.970,1.380,1.160,2,0,0,0,0,18,305,0,25,0
12-03 13:35:34,1.749,1.000,95.472,0,0,5312312,293336,187680,2218068,2776.177,1619.520,0,47.986,0,6.998,1163,1650,0.970,1.380,1.160,0,0,0,0,0,18,305,0,25,0
12-03 13:35:35,1.998,0.500,95.658,0.250,0,5312312,293336,187680,2218068,2475.616,1456.597,0,47.954,0,5.994,1138,1630,0.970,1.380,1.160,1,0,0,0,0,18,305,0,25,0
12-03 13:35:36,1.753,1.252,95.891,0,0,5312312,293336,187680,2218068,4025.939,1622.394,0,572.845,0,20.030,1111,1668,0.970,1.380,1.160,3,0,0,0,0,18,305,0,25,0
12-03 13:35:37,3.748,1.249,92.943,0,0,5312312,293336,187680,2218068,2638.379,1619.006,0,107.934,0,15.990,1571,2145,0.970,1.380,1.160,4,0,0.999,0,0,18,305,0,25,0
12-03 13:35:38,27.699,8.235,59.390,3.494,0,5243324,361668,187824,2218468,3110.228,1854.558,511.052,239.555,32.939,14.972,3965,3209,1.210,1.420,1.180,4,0,71.867,0,0,18,301,0,27,0
12-03 13:35:39,30.860,5.771,62.472,0.251,0,4961000,644032,187824,2218584,3087.972,2308.201,72.257,208.742,5.018,15.053,3079,2636,1.210,1.420,1.180,2,0,9.032,0,0,18,301,0,27,0
12-03 13:35:40,24.246,3.499,70.487,0.500,0,5011112,593828,187824,2218676,3059.434,1619.700,19.996,299.945,2.000,24.995,2446,2224,1.210,1.420,1.180,1,0,0,0,0,18,301,0,27,0
12-03 13:35:41,26.168,6.978,64.299,0.498,0,5072512,531160,187824,2219964,2811.218,1614.955,307.041,0,28.910,0,5805,9182,1.210,1.420,1.180,1,0,17.944,0,0,18,305,0,29,0
12-03 13:35:42,25.074,6.018,68.452,0,0,5123276,480388,187824,2219972,2726.029,1462.307,0,357.052,0,2.006,2806,2323,1.210,1.420,1.180,1,0,6.018,0,0,18,305,0,32,0
12-03 13:35:43,26.447,3.992,67.863,0.249,0,5173536,430116,187824,2219984,2814.309,1756.448,0,419.152,0,50.897,3078,3120,1.200,1.420,1.180,1,0,0,0,0,18,305,0,32,0
12-03 13:35:44,17.241,2.249,78.958,0,0,5184396,419032,187824,2220208,3079.375,1713.096,0,435.770,0,74.960,2000,1898,1.200,1.420,1.180,2,0,0.999,0,0,18,305,0,32,0
12-03 13:35:45,1.995,0.748,95.533,0,0,5178108,425320,187824,2220208,2574.145,1616.324,0,127.710,0,7.982,1148,1662,1.200,1.420,1.180,2,0,0,0,0,18,305,0,32,0
12-03 13:35:46,2.257,0.502,95.787,0.251,0,5175344,428084,187824,2220208,2888.652,1624.867,0,417.250,0,29.087,1173,1702,1.200,1.420,1.180,0,0,0,0,0,18,305,0,32,0
12-03 13:35:47,2.503,1.252,94.628,0,0,5173184,430240,187824,2220212,5707.719,1622.194,0,332.450,0,21.028,1533,2176,1.200,1.420,1.180,0,0,1.001,0,0,18,305,0,32,0
12-03 13:35:48,1.751,0.750,96.303,0.250,0,5163616,439808,187824,2220212,2913.590,1602.875,0,4962.708,0,641.350,1478,1750,1.100,1.390,1.170,0,0,0,0,0,18,305,0,32,0
12-03 13:35:49,2.746,0.250,95.602,0.250,0,5163616,439808,187824,2220212,2938.446,1563.577,0,143.777,0,12.980,1253,1769,1.100,1.390,1.170,0,0,0,0,0,18,305,0,32,0
12-03 13:35:50,2.000,0.750,96.506,0.250,0,5163616,439808,187824,2220212,2940.183,1620.101,0,64.004,0,6.000,1186,1737,1.100,1.390,1.170,0,0,0,0,0,18,305,0,32,0
12-03 13:35:51,1.999,0.750,96.205,0,0,5163616,439808,187824,2220212,2758.720,1759.184,0,0,0,0,1121,1647,1.100,1.390,1.170,1,0,0,0,0,18,305,0,32,0
12-03 13:35:52,2.254,0.751,94.900,0,0,5163616,439808,187824,2220212,4447.050,1622.572,0,60.095,0,7.011,1276,1770,1.100,1.390,1.170,0,0,0,0,0,18,305,0,32,0
12-03 13:35:53,3.244,1.248,94.338,0.250,0,5163604,439808,187824,2220224,2875.070,1617.227,0,435.254,0,46.920,1693,2644,1.010,1.370,1.160,0,0,0,0,0,18,305,0,32,0
12-03 13:35:54,2.253,1.001,94.876,0,0,5163600,439808,187824,2220228,2780.707,1622.162,0,76.101,0,13.017,1391,2093,1.010,1.370,1.160,2,0,0,0,0,18,305,0,32,0
12-03 13:35:55,2.745,1.747,93.583,0.250,0,5164356,439052,187824,2220228,2293.899,1455.398,0,183.672,0,19.964,1547,2156,1.010,1.370,1.160,0,0,5.989,0,0,18,305,0,32,0
12-03 13:35:56,1.751,0.751,95.826,0,0,5164356,439052,187824,2220228,2522.003,1621.287,0,108.086,0,8.006,1123,1654,1.010,1.370,1.160,1,0,0,0,0,18,305,0,32,0
12-03 13:35:57,2.001,1.001,94.813,0,0,5164356,439052,187824,2220228,4022.686,1621.083,0,84.056,0,13.009,1394,2027,1.010,1.370,1.160,0,0,1.001,0,0,18,305,0,32,0
12-03 13:35:58,1.748,0.749,95.888,0.250,0,5164356,439052,187824,2220228,2457.122,1708.000,0,527.382,0,35.958,1167,1734,0.930,1.350,1.160,2,0,0,0,0,18,305,0,32,0
12-03 13:35:59,1.250,0.500,95.723,0,0,5164356,439052,187824,2220228,2596.259,1619.537,0,51.985,0,3.999,1153,1646,0.930,1.350,1.160,1,0,0,0,0,18,305,0,32,0
12-03 13:36:00,2.000,1.000,95.742,0,0,5164356,439052,187824,2220228,2519.788,1619.863,0,0,0,0,1180,1644,0.930,1.350,1.160,0,0,0,0,0,18,305,0,32,0
12-03 13:36:01,1.250,0.750,95.986,0,0,5164576,438828,187824,2220232,2519.627,1619.760,0,0,0,0,1097,1633,0.930,1.350,1.160,1,0,0,0,0,18,305,0,32,0
12-03 13:36:02,2.754,0.751,95.895,0,0,5164576,438828,187824,2220232,4164.278,1460.202,0,36.054,0,3.005,1167,1683,0.930,1.350,1.160,2,0,0,0,0,18,305,0,32,0
12-03 13:36:03,2.999,1.250,93.977,0.250,0,5164572,438828,187824,2220236,2579.374,1619.607,0,495.880,0,51.987,1643,2530,0.860,1.320,1.150,2,0,0,0,0,18,305,0,32,0
12-03 13:36:04,1.748,0.999,94.657,0.500,0,5164568,438828,187824,2220240,4392.681,1660.367,0,2389.650,0,148.854,1534,2352,0.860,1.320,1.150,0,0,0,0,0,18,305,0,32,0
12-03 13:36:05,1.502,1.001,95.605,0.250,0,5164568,438828,187824,2220240,2522.778,1621.786,0,76.084,0,10.011,1126,1688,0.860,1.320,1.150,2,0,0,0,0,18,305,0,32,0
12-03 13:36:06,1.500,0.750,95.728,0,0,5164568,438828,187824,2220240,2579.413,1619.631,0,0,0,0,1119,1650,0.860,1.320,1.150,0,0,0,0,0,18,305,0,32,0
12-03 13:36:07,2.746,0.999,94.625,0,0,5164568,438828,187824,2220240,4182.467,1757.675,0,111.852,0,16.978,1462,2086,0.860,1.320,1.150,0,0,0.999,0,0,18,305,0,32,0
12-03 13:36:08,2.002,1.001,95.863,0.250,0,5164568,438828,187824,2220240,2540.988,1459.717,0,176.207,0,11.013,1135,1664,0.790,1.300,1.150,0,0,0,0,0,18,305,0,32,0
12-03 13:36:09,7.509,13.267,77.597,0,0,5169120,434256,187824,2220260,2960.684,1712.130,0,296.369,0,18.022,4728,4361,0.790,1.300,1.150,1,0,265.330,0,0,18,305,0,32,0
12-03 13:36:10,21.957,5.988,70.361,0.250,0,5227088,376284,187824,2220264,2634.813,1616.817,0,271.466,0,23.953,2896,2661,0.790,1.300,1.150,2,0,45.910,0,0,18,305,0,29,0
12-03 13:36:11,19.250,3.000,77.002,0,0,5245220,358152,187824,2220264,8611.194,7412.167,0,0,0,0,2145,1927,0.790,1.300,1.150,1,0,0,0,0,18,306,0,29,0
12-03 13:36:12,21.017,4.253,71.807,0.751,0,5245344,357648,187824,2220644,7088.652,5743.579,336.268,584.466,20.016,72.057,5086,6817,0.790,1.300,1.150,1,0,1.001,0,0,18,306,0,31,0
12-03 13:36:13,41.965,7.244,48.460,0.999,0,5294436,308512,187824,2220688,4104.623,2821.679,47.961,743.388,2.998,97.919,4710,5129,0.880,1.310,1.150,3,0,24.979,0,0,18,305,0,32,0
12-03 13:36:14,37.691,6.740,53.667,0.499,0,5352180,250580,187832,2220868,24009.701,22040.760,111.826,395.386,4.992,58.908,3864,3263,0.880,1.310,1.150,2,0,4.992,0,0,18,308,0,32,0
12-03 13:36:15,25.352,10.542,63.255,0,0.251,5334836,267868,187832,2220924,20499.598,18747.539,0,88.356,0,2.008,4466,3653,0.880,1.310,1.150,1,0,149.603,0,0,18,305,0,37,0
12-03 13:36:16,7.738,17.972,72.635,0,0,5297660,304876,187832,2221092,15546.399,3266.831,0,27.956,0,3.994,5477,4529,0.880,1.310,1.150,2,0,312.505,0,0,18,305,0,39,0
12-03 13:36:17,23.018,4.754,70.304,0,0,5349812,252668,187832,2221148,2882.196,1621.235,52.040,252.192,2.002,15.011,2651,2477,0.880,1.310,1.150,3,0,11.008,0,0,18,305,0,39,0
12-03 13:36:18,23.228,4.496,70.683,0.500,0,5396216,206228,187836,2221180,2637.493,1618.462,23.977,3496.676,2.997,185.823,2497,2709,0.890,1.310,1.150,2,0,1.998,0,0,18,305,0,39,0
12-03 13:36:19,23.248,2.250,70.744,2.250,0,5410268,187996,187980,2225088,2836.760,1619.863,1707.856,2223.812,177.985,383.968,2791,2587,0.890,1.310,1.150,2,0,0,0,0,18,305,0,39,0
12-03 13:36:20,22.775,3.254,70.829,1.251,0,5423888,171044,188056,2228104,2703.017,1663.857,1349.506,568.635,133.149,8.009,2531,2398,0.890,1.310,1.150,2,0,3.003,0,0,18,305,0,39,0
12-03 13:36:21,25.516,3.502,70.545,0,0,5463016,131836,188056,2228184,2239.416,1458.922,0,232.147,0,4.003,2776,2769,0.890,1.310,1.150,2,0,0,0,0,18,306,0,39,0
12-03 13:36:22,24.495,4.749,67.987,0.750,0,5459616,135108,188056,2228312,2779.479,1619.696,0,2015.622,0,176.967,6921,9682,0.890,1.310,1.150,1,0,0,0,0,18,306,0,26,0
12-03 13:36:23,29.725,6.245,60.200,2.998,0,5448724,145060,188056,2229272,2757.709,1618.655,831.309,887.263,53.955,121.899,5598,13305,0.900,1.300,1.150,1,0,36.969,0,0,18,311,0,27,0
12-03 13:36:24,33.265,4.502,58.277,1.751,0,5451852,141136,188056,2230072,7293.347,4493.062,256.118,1828.839,15.007,271.124,5978,8467,0.900,1.300,1.150,2,0,2.001,0,0,18,318,0,30,0
12-03 13:36:25,7.499,1.250,88.484,1.250,0,5452844,140128,188056,2230120,7134.724,4146.258,15.997,5199.070,1.000,337.940,2867,4518,0.900,1.300,1.150,1,0,0,0,0,18,315,0,30,0
12-03 13:36:26,9.492,2.248,85.680,0.749,0,5451528,141388,188060,2230172,8634.965,3869.847,15.987,951.225,0.999,79.935,2901,3934,0.900,1.300,1.150,0,0,0,0,0,18,315,0,29,0
12-03 13:36:27,16.008,1.751,79.540,0.750,0.250,5447212,145532,188060,2230344,26630.480,12883.521,64.032,808.409,4.002,108.055,3550,4534,0.900,1.300,1.150,1,0,1.001,0,0,18,315,0,30,0
12-03 13:36:28,16.267,3.253,78.330,0.751,0,5443476,149088,188060,2230524,2662.735,1459.499,16.016,1201.234,1.001,125.129,4807,6794,0.910,1.300,1.150,4,0,0,0,0,18,318,0,30,0
12-03 13:36:29,25.734,4.747,65.709,1.749,0,5436964,155312,188060,2230812,2955.138,1618.980,0,3237.960,0,354.776,7549,11394,0.910,1.300,1.150,2,0,0,0,0,18,318,0,30,0
12-03 13:36:30,26.734,5.247,65.212,1.499,0,5435628,156444,188060,2231016,6131.383,4167.541,15.991,3134.151,0.999,312.815,6903,9921,0.910,1.300,1.150,2,0,0,0,0,18,318,0,32,0
12-03 13:36:31,6.507,2.002,88.845,1.001,0,5433708,158312,188060,2231068,3948.218,1795.918,0,5209.565,0,344.368,2792,4246,0.910,1.300,1.150,2,0,0,0,0,18,318,0,32,1
12-03 13:36:32,13.980,1.498,81.385,0.749,0,5431656,160192,188060,2231240,26509.651,12858.883,0,938.677,0,110.844,3290,4284,0.910,1.300,1.150,0,0,0,0,0,18,317,0,32,0
12-03 13:36:33,24.025,5.005,67.821,1.752,0,5430300,161412,188064,2231372,3003.166,1621.709,0,3055.220,0,345.364,7332,11351,0.920,1.290,1.150,1,0,0,0,0,18,318,0,32,0
12-03 13:36:34,24.734,4.497,67.206,0.999,0,5429296,162244,188064,2231544,2981.046,1618.939,0,3369.791,0,270.822,6831,9711,0.920,1.290,1.150,1,0,0,0,0,18,318,0,32,0
12-03 13:36:35,23.977,3.247,69.432,1.249,0,5424760,166392,188064,2231932,26318.356,13213.125,0,7001.178,0,862.160,5400,7071,0.920,1.290,1.150,2,0,0,0,0,18,317,0,34,0
12-03 13:36:36,14.526,3.256,79.393,1.252,0,5424032,166936,188064,2232116,9877.817,4175.532,0,2901.233,0,196.354,3666,5020,0.920,1.290,1.150,1,0,0,0,0,18,318,0,35,0
12-03 13:36:37,8.246,1.999,87.211,0.500,0,5423528,167384,188064,2232172,6928.931,1793.206,0,1283.432,0,106.953,2713,3679,0.920,1.290,1.150,3,0,1.000,0,0,18,318,0,36,0
12-03 13:36:38,11.487,2.747,82.906,1.249,0,5422728,168008,188064,2232348,9890.790,4475.927,0,1338.483,0,162.815,3506,5093,0.840,1.270,1.140,1,0,0,0,0,18,317,0,35,0
12-03 13:36:39,22.504,3.001,71.513,1.500,0,5422692,167816,188064,2232576,9008.602,3831.681,148.026,4588.816,8.001,298.053,4686,5983,0.840,1.270,1.140,2,0,0,0,0,18,317,0,35,0
12-03 13:36:40,13.275,1.503,82.156,0.751,0,5422472,167944,188064,2232668,25364.117,10826.538,0,2019.832,0,167.317,3385,4661,0.840,1.270,1.140,2,0,0,0,0,18,318,0,35,0
12-03 13:36:41,10.972,1.746,85.036,0.748,0,5422696,167692,188064,2232696,29556.485,12704.970,0,821.928,0,85.784,2676,3530,0.840,1.270,1.140,3,0,1.995,0,0,18,317,0,35,0
12-03 13:36:42,15.763,2.002,79.814,0.500,0.250,5422548,167692,188064,2232844,28666.857,12725.146,0,756.603,0,101.081,3546,4309,0.840,1.270,1.140,1,0,0,0,0,18,317,0,35,0
12-03 13:36:43,26.244,6.748,63.485,1.750,0,5422904,167168,188064,2233012,3426.168,1619.607,0,2087.493,0,294.928,8815,14325,0.860,1.270,1.140,0,1,1.000,0,0,18,318,0,31,0
12-03 13:36:44,30.804,5.760,60.106,1.002,0,5423024,166544,188064,2233516,3272.753,1717.018,64.113,3414.002,4.007,262.461,8481,12179,0.860,1.270,1.140,2,0,0,0,0,18,319,0,36,0
12-03 13:36:45,26.753,5.501,64.508,1.750,0,5423264,166040,188064,2233780,3307.393,1620.192,0,3300.392,0,337.040,7479,10937,0.860,1.270,1.140,1,0,0,0,0,18,318,0,37,0
12-03 13:36:46,24.256,4.001,67.266,1.500,0,5423832,165284,188064,2233968,2726.654,1620.388,0,5993.437,0,447.107,7391,11032,0.860,1.270,1.140,1,0,0,0,0,18,318,0,37,0
12-03 13:36:47,11.978,2.994,82.598,0.499,0,5423960,165032,188064,2234092,2661.088,1617.015,0,1209.767,0,87.838,4006,5958,0.860,1.270,1.140,2,0,2.994,0,0,18,320,0,38,0
12-03 13:36:48,4.752,0.750,92.781,0,0,5424452,164528,188064,2234104,4407.494,1620.549,0,4.001,0,1.000,1697,2110,0.790,1.240,1.130,0,0,0,0,0,18,320,0,38,0
12-03 13:36:49,4.500,0.750,92.999,0,0,5424392,164528,188064,2234164,2614.980,1457.989,0,56.000,0,4.000,1641,2091,0.790,1.240,1.130,1,0,0,0,0,18,320,0,38,0
12-03 13:36:50,32.745,4.999,58.740,1.500,0,5424208,164528,188064,2234348,22463.243,10664.216,0,7974.666,0,456.924,7851,11203,0.790,1.240,1.130,3,1,0,0,0,18,320,0,38,0
12-03 13:36:51,25.530,5.507,66.078,1.752,0,5425072,163520,188068,2234496,2883.413,1621.920,0,3784.480,0,315.373,7604,11249,0.790,1.240,1.130,1,0,0,0,0,18,320,0,39,0
12-03 13:36:52,24.942,3.991,68.341,0.499,0,5425824,162512,188068,2234752,2873.322,1616.244,63.852,1189.236,3.991,127.703,6428,8706,0.790,1.240,1.130,1,0,0,0,0,18,321,0,39,0
12-03 13:36:53,10.971,1.995,84.279,0.499,0,5427288,160748,188068,2235052,4368.543,1615.762,159.581,2505.429,9.974,217.430,3447,5078,0.720,1.220,1.130,1,0,0,0,0,18,319,0,39,0
12-03 13:36:54,16.573,2.762,77.590,1.507,0.251,5432052,155960,188072,2235072,7308.045,4386.233,0,2057.020,0,238.044,4407,6488,0.720,1.220,1.130,1,0,0,0,0,18,319,0,43,0
12-03 13:36:55,11.239,3.746,80.669,2.248,0,5435168,152516,188076,2235392,7082.883,4262.717,63.936,12387.553,3.996,1305.688,4605,6173,0.720,1.220,1.130,1,0,5.994,0,0,18,319,0,44,0
12-03 13:36:56,5.247,1.000,91.456,0,0,5435052,152608,188076,2235416,2536.788,1457.304,0,403.807,0,23.989,1729,2312,0.720,1.220,1.130,1,0,0,0,0,18,320,0,44,0
12-03 13:36:57,15.539,2.506,79.197,1.253,0,5434988,152608,188076,2235480,2766.895,1624.047,0,1327.308,0,156.390,3578,5034,0.720,1.220,1.130,2,0,1.002,0,0,18,320,0,45,0
12-03 13:36:58,8.230,1.496,88.286,0.499,0,5436224,151348,188076,2235504,7252.395,4172.870,0,746.189,0,63.845,2291,3274,0.670,1.200,1.120,1,0,0,0,0,18,319,0,47,0
12-03 13:36:59,20.714,1.997,74.870,0.499,0,5438284,149080,188076,2235712,26631.664,12854.634,0,858.506,0,116.797,4163,5260,0.670,1.200,1.120,1,0,0,0,0,18,319,0,51,0
12-03 13:37:00,10.035,2.007,84.793,1.003,0,5438488,148828,188076,2235760,9025.166,3844.275,0,1071.701,0,123.426,3116,4353,0.670,1.200,1.120,2,0,0,0,0,18,319,0,53,0
12-03 13:37:01,11.969,1.746,83.785,0.499,0,5442456,144796,188076,2235824,7540.660,3821.199,0,1097.186,0,99.744,2976,3916,0.670,1.200,1.120,1,1,0,0,0,18,319,0,56,0
12-03 13:37:02,12.028,2.506,83.946,0.752,0,5442684,144544,188076,2235848,23860.680,10528.569,16.037,1226.863,1.002,124.290,2924,3753,0.670,1.200,1.120,2,0,0,0,0,18,320,0,56,0
12-03 13:37:03,9.497,1.999,85.973,1.000,0,5442660,144292,188076,2236124,2939.076,1619.491,0,1487.532,0,170.946,3356,5055,0.610,1.180,1.110,0,0,0,0,0,18,319,0,57,0
12-03 13:37:04,19.248,3.250,74.491,1.000,0,5443652,143284,188076,2236140,8827.937,4365.474,0,1695.796,0,207.975,4334,5822,0.610,1.180,1.110,0,0,0,0,0,18,319,0,61,0
12-03 13:37:05,11.264,2.503,83.103,2.002,0,5443548,143284,188076,2236244,2523.128,1622.011,0,7112.818,0,490.608,4086,6174,0.610,1.180,1.110,2,0,0,0,0,18,320,0,64,0
12-03 13:37:06,7.462,1.492,88.302,0.497,0,5443608,143032,188076,2236436,6923.907,4342.988,0,652.692,0,69.647,2488,3550,0.610,1.180,1.110,0,0,0,0,0,18,319,0,65,0
12-03 13:37:07,8.023,1.504,88.256,0.251,0,5444088,142528,188076,2236460,2587.492,1624.704,0,557.614,0,62.180,2485,3454,0.610,1.180,1.110,1,0,1.003,0,0,18,319,0,67,0
12-03 13:37:08,6.257,1.502,90.351,0.250,0,5444084,142528,188080,2236460,2540.830,1459.626,0,516.575,0,53.059,2137,3069,0.560,1.160,1.110,0,0,0,0,0,18,319,0,67,0
12-03 13:37:09,6.994,1.499,90.173,0.749,0,5444036,142528,188080,2236508,2834.572,1618.613,0,591.493,0,61.947,2369,3333,0.560,1.160,1.110,0,0,0,0,0,18,319,0,67,0
12-03 13:37:10,6.256,1.752,89.586,0.250,0,5444036,142528,188080,2236508,2822.697,1663.590,0,616.589,0,58.055,2283,3215,0.560,1.160,1.110,0,0,0,0,0,18,319,0,67,0
12-03 13:37:11,11.736,1.498,83.650,0.999,0,5443960,142528,188080,2236584,7275.324,4422.726,0,894.933,0,113.864,2998,4090,0.560,1.160,1.110,1,0,0,0,0,18,320,0,69,0
12-03 13:37:12,7.012,1.503,90.160,0.250,0,5443800,142528,188080,2236744,7088.548,4155.356,0,685.213,0,77.137,2373,3265,0.560,1.160,1.110,2,0,0,0,0,18,320,0,69,0
12-03 13:37:13,11.474,1.497,82.814,1.247,0,5443728,142528,188084,2236812,11362.514,6028.478,15.964,1915.703,0.998,248.443,3736,5871,0.520,1.140,1.100,1,0,0,0,0,18,319,0,71,0
12-03 13:37:14,18.508,2.751,75.784,1.251,0,5443896,142276,188084,2236896,22422.122,10645.806,0,1564.706,0,202.091,4467,5997,0.520,1.140,1.100,1,0,0,0,0,18,320,0,75,0
12-03 13:37:15,14.015,2.252,80.838,0.751,0,5443648,142276,188084,2237144,11203.187,5911.431,0,1385.507,0,139.151,3805,4970,0.520,1.140,1.100,1,0,0,0,0,18,319,0,61,0
12-03 13:37:16,7.745,2.498,87.944,1.249,0,5442188,143640,188084,2237240,2878.161,1618.965,15.990,5828.275,0.999,717.541,2925,3716,0.520,1.140,1.100,3,0,0,0,0,18,320,0,62,0
12-03 13:37:17,9.746,1.749,85.467,0.500,0,5442332,143388,188084,2237348,8635.681,4364.323,0,1211.534,0,123.952,2933,4319,0.520,1.140,1.100,1,0,1.000,0,0,18,319,0,65,0
12-03 13:37:18,10.762,2.252,83.840,1.502,0,5442312,143388,188084,2237368,7458.001,4273.585,0,7724.287,0,533.572,4107,6331,0.480,1.120,1.090,1,0,0,0,0,18,319,0,66,0
12-03 13:37:19,12.732,2.247,81.885,0.999,0,5442748,142888,188084,2237432,7140.998,3825.642,0,1014.579,0,127.821,3516,4793,0.480,1.120,1.090,2,0,0,0,0,18,319,0,65,0
12-03 13:37:20,12.770,1.753,83.129,0.751,0,5442816,142636,188084,2237616,7151.057,3878.998,0,1037.604,0,129.200,3357,4580,0.480,1.120,1.090,2,1,0,0,0,18,319,0,68,0
12-03 13:37:21,12.511,1.752,83.326,0.500,0,5442720,142636,188084,2237720,22086.028,10513.534,0,1193.082,0,111.101,2917,3712,0.480,1.120,1.090,1,0,0,0,0,18,320,0,68,0
12-03 13:37:22,26.234,4.997,65.211,2.249,0,5442916,142384,188084,2237776,2698.372,1619.023,31.981,3349.979,0.999,332.799,7807,11656,0.480,1.120,1.090,2,0,0.999,0,0,18,320,0,68,0
12-03 13:37:23,30.241,7.748,57.482,1.500,0,5438916,157676,188012,2226400,4382.663,1619.506,35.989,3890.813,1.999,393.880,8440,20894,0.520,1.120,1.090,6,0,35.989,0,0,18,320,0,66,0
12-03 13:37:24,23.995,4.999,67.735,1.500,0,5436024,160924,188012,2226360,2836.367,1619.638,0,2531.435,0,253.943,7058,10089,0.520,1.120,1.090,1,0,0,0,0,18,319,0,67,0
12-03 13:37:25,4.996,1.748,89.671,1.499,0,5435864,160924,188012,2226520,2637.668,1618.569,0,4923.648,0,310.725,2614,4032,0.520,1.120,1.090,2,0,0,0,0,18,320,0,67,0
12-03 13:37:26,12.996,2.499,81.476,1.000,0,5435796,160700,188012,2226812,7042.957,4368.733,47.986,3359.026,1.999,284.917,4092,6215,0.520,1.120,1.090,2,0,0,0,0,18,319,0,71,0
12-03 13:37:27,10.470,1.994,84.504,0.748,0,5435760,160700,188012,2226848,7095.358,4278.553,0,1360.043,0,170.504,3269,4657,0.520,1.120,1.090,0,0,0.997,0,0,18,319,0,72,0
12-03 13:37:28,16.330,2.764,78.386,1.507,0,5441652,154572,188012,2227084,6670.836,3687.149,0,1736.548,0,186.920,4168,5905,0.720,1.150,1.100,0,0,0,0,0,18,319,0,71,0
12-03 13:37:29,5.241,1.248,92.594,0.250,0,5441500,154692,188012,2227116,4561.295,1617.268,0,706.806,0,47.919,1773,2476,0.720,1.150,1.100,2,0,0,0,0,18,320,0,72,0
12-03 13:37:30,15.248,2.500,79.990,1.000,0,5441428,154692,188012,2227188,26776.667,12917.392,0,1535.809,0,167.979,3778,5163,0.720,1.150,1.100,1,0,0,0,0,18,319,0,73,0
12-03 13:37:31,22.003,4.751,68.760,1.500,0,5441404,154684,188012,2227220,2872.404,1620.228,0,7273.023,0,944.133,7095,9764,0.720,1.150,1.100,6,0,0,0,0,18,320,0,73,0
12-03 13:37:32,26.273,5.004,64.306,2.502,0,5441000,154684,188012,2227624,2814.461,1621.418,0,8471.406,0,669.585,8452,13106,0.720,1.150,1.100,1,0,0,0,0,18,320,0,71,0
12-03 13:37:33,25.255,4.251,67.013,1.250,0,5440748,154684,188012,2227876,4432.871,1620.318,0,2760.542,0,249.049,7397,10550,0.660,1.130,1.100,2,0,0,0,0,18,320,0,73,0
12-03 13:37:34,25.021,5.004,66.806,1.501,0.250,5441152,154184,188012,2227972,3011.506,1621.349,0,2321.932,0,280.233,7512,10890,0.660,1.130,1.100,1,0,0,0,0,18,320,0,74,0
12-03 13:37:35,32.705,4.494,58.669,2.247,0,5441152,153932,188016,2228220,22369.162,10651.316,0,3407.303,0,395.455,8127,11833,0.660,1.130,1.100,1,0,0,0,0,18,320,0,74,0
12-03 13:37:36,24.275,5.506,67.320,1.752,0,5442820,151916,188016,2228568,4164.300,1459.507,0,7127.359,0,460.475,7388,11040,0.660,1.130,1.100,1,0,0,0,0,18,321,0,74,0
12-03 13:37:37,24.999,5.750,65.498,1.500,0,5443288,151420,188016,2228596,2701.924,1619.954,0,2255.936,0,301.991,7596,10783,0.660,1.130,1.100,1,0,1.000,0,0,18,320,0,75,0
12-03 13:37:38,26.487,4.248,64.468,1.999,0,5443116,151196,188016,2228992,4403.848,1619.209,0,3378.349,0,364.822,7737,11772,0.690,1.130,1.100,1,0,0,0,0,18,320,0,75,0
12-03 13:37:39,25.013,4.752,67.284,1.251,0,5444800,149432,188016,2229072,4545.277,1620.812,0,1860.932,0,181.091,7030,9837,0.690,1.130,1.100,1,0,0,0,0,18,321,0,77,0
12-03 13:37:40,10.234,2.746,84.616,0.499,0,5436716,157272,188016,2229316,2901.417,1757.224,0,1633.420,0,160.746,3890,5596,0.690,1.130,1.100,0,0,0,0,0,18,319,0,74,0
12-03 13:37:41,7.001,2.000,88.018,0.750,0,5436656,157272,188016,2229376,4440.916,1620.334,0,1896.391,0,154.032,2692,3951,0.690,1.130,1.100,1,0,2.000,0,0,18,319,0,74,0
12-03 13:37:42,14.000,3.500,78.500,2.000,0,5436652,157272,188016,2229380,8938.045,4023.020,0,5956.030,0,443.002,4431,6520,0.690,1.130,1.100,0,0,0,0,0,18,320,0,77,0
12-03 13:37:43,9.766,2.003,84.887,0.751,0,5437404,156276,188016,2229624,6777.923,1796.896,0,1702.744,0,137.221,3376,4652,0.710,1.130,1.100,1,0,0,0,0,18,320,0,79,0
12-03 13:37:44,19.923,4.483,73.217,0.996,0,5437912,155552,188016,2229840,28327.583,12921.092,0,1498.213,0,161.377,5638,8318,0.710,1.130,1.100,1,0,0.996,0,0,18,319,0,78,0
12-03 13:37:45,14.284,1.754,81.697,0,0.251,5437864,155552,188016,2229888,23571.725,10691.730,0,910.190,0,87.210,3456,4098,0.710,1.130,1.100,0,0,0,0,0,18,319,0,80,0
12-03 13:37:46,14.235,2.248,80.667,1.249,0,5437620,155552,188016,2230132,5115.731,1618.333,0,1238.724,0,129.866,3992,5314,0.710,1.130,1.100,0,0,0,0,0,18,319,0,82,0
12-03 13:37:47,8.741,2.497,86.158,0.999,0,5437456,155668,188016,2230180,3508.243,1618.267,0,7591.869,0,989.940,3400,4181,0.710,1.130,1.100,3,0,0.999,0,0,18,320,0,83,0
12-03 13:37:48,8.497,1.499,86.967,0.750,0,5437836,155204,188016,2230264,9652.351,4356.353,0,1211.542,0,114.957,2842,4078,0.660,1.110,1.090,0,0,0,0,0,18,319,0,80,0
12-03 13:37:49,17.016,2.753,77.824,1.001,0,5437792,155204,188016,2230308,7674.343,4201.019,0,1753.678,0,189.181,4192,5915,0.660,1.110,1.090,0,0,0,0,0,18,319,0,84,0
12-03 13:37:50,13.459,2.492,82.249,0.498,0,5437624,155204,188016,2230476,22161.368,10633.549,0,1180.398,0,105.677,3003,3751,0.660,1.110,1.090,0,0,0,0,0,18,319,0,85,0
12-03 13:37:51,9.044,1.759,86.167,1.256,0,5437556,155204,188016,2230544,2787.488,1627.877,0,5727.715,0,368.784,3142,4628,0.660,1.110,1.090,0,0,0,0,0,18,319,0,86,0
12-03 13:37:52,7.478,1.745,90.483,0,0,5439312,153440,188016,2230552,3365.086,1615.241,0,897.356,0,58.827,1990,2471,0.660,1.110,1.090,1,0,0,0,0,18,319,0,90,0
12-03 13:37:53,20.830,2.510,72.276,1.506,0,5439100,153440,188016,2230764,31227.418,15145.920,0,3115.916,0,237.910,4705,6382,0.600,1.090,1.080,1,0,0,0,0,18,319,0,91,0
12-03 13:37:54,21.484,4.996,70.449,0.999,0,5438952,153440,188016,2230912,2894.892,1618.821,0,1962.571,0,249.818,6608,9695,0.600,1.090,1.080,1,0,0,0,0,18,320,0,92,0
12-03 13:37:55,26.761,5.002,63.527,2.251,0,5438748,153440,188016,2231116,2761.166,1620.684,0,3981.681,0,436.184,7950,11905,0.600,1.090,1.080,7,0,3.001,0,0,18,320,0,93,0
12-03 13:37:56,24.971,4.994,66.923,1.249,0,5438364,153192,188016,2231748,2475.151,1456.324,31.963,2509.112,0.999,206.762,7129,10056,0.600,1.090,1.080,3,0,2.997,0,0,18,319,0,88,1
12-03 13:37:57,10.249,2.500,85.243,1.250,0,5438192,153192,188016,2231920,2759.787,1619.875,0,2535.804,0,215.983,3621,5378,0.600,1.090,1.080,0,0,1.000,0,0,18,319,0,88,0
12-03 13:37:58,14.243,3.248,78.209,1.499,0,5438384,152968,188016,2231952,6895.372,4360.705,0,6788.428,0,489.742,4394,6989,0.550,1.070,1.080,2,0,0,0,0,18,319,0,91,0
12-03 13:37:59,6.257,1.502,90.356,0.501,0,5438308,152968,188016,2232028,2720.191,1621.903,0,780.916,0,66.078,2209,3094,0.550,1.070,1.080,1,0,0,0,0,18,320,0,92,0
12-03 13:38:00,16.225,2.496,79.127,1.248,0,5438272,152968,188016,2232064,17156.233,9211.628,0,1134.230,0,118.815,3582,4747,0.550,1.070,1.080,0,0,0,0,0,18,319,0,86,0
12-03 13:38:01,11.510,1.251,84.821,0.250,0,5438000,152968,188016,2232336,6080.066,3660.049,0,664.554,0,48.040,2666,3436,0.550,1.070,1.080,1,0,0,0,0,18,320,0,90,0
12-03 13:38:02,8.996,1.749,86.964,0.750,0,5437932,152968,188016,2232404,6795.167,3617.492,0,1319.450,0,166.930,2831,4236,0.550,1.070,1.080,4,0,0,0,0,18,321,0,92,0
12-03 13:38:03,15.503,1.500,80.018,1.000,0,5440432,150064,188016,2232808,37501.414,17458.917,332.075,840.189,10.002,71.016,3041,3758,0.510,1.050,1.070,2,0,0,0,0,18,321,0,93,0
12-03 13:38:04,9.753,1.751,85.527,1.000,0,5440420,150064,188016,2232820,15237.763,6569.053,0,1132.354,0,128.040,2743,3771,0.510,1.050,1.070,2,0,0,0,0,18,320,0,86,0
12-03 13:38:05,25.302,4.760,67.638,1.503,0.251,5440260,150064,188016,2232980,11626.713,6121.485,0,2184.455,0,276.564,6961,9899,0.510,1.050,1.070,1,0,0,0,0,18,320,0,86,0
12-03 13:38:06,26.463,4.743,64.159,2.496,0,5438040,152240,188016,2233024,2576.355,1617.711,0,4281.942,0,457.353,8184,12505,0.510,1.050,1.070,1,0,0,0,0,18,320,0,86,0
12-03 13:38:07,24.470,4.994,65.421,1.248,0,5438488,151232,188016,2233584,2576.885,1618.044,0,6548.085,0,502.393,7801,11191,0.510,1.050,1.070,8,0,0.999,0,0,18,320,0,86,0
12-03 13:38:08,8.259,2.002,87.844,0.501,0,5436864,152812,188016,2233628,2522.702,1621.737,0,7860.420,0,842.903,3410,4402,0.470,1.040,1.070,1,0,0,0,0,18,319,0,86,0
12-03 13:38:09,17.981,2.497,77.171,1.249,0,5437116,152560,188016,2233628,22180.155,10493.192,0,1082.885,0,114.882,4052,5178,0.470,1.040,1.070,2,0,0,0,0,18,319,0,81,0
12-03 13:38:10,12.279,3.258,81.445,1.002,0,5436820,152560,188016,2233924,2646.344,1623.893,0,2281.469,0,185.445,4298,6377,0.470,1.040,1.070,5,0,0,0,0,18,320,0,81,0
12-03 13:38:11,26.976,4.496,63.944,1.998,0,5436808,152560,188020,2233932,2697.635,1618.581,0,3189.204,0,386.661,7639,11592,0.470,1.040,1.070,1,0,0,0,0,18,320,0,81,0
12-03 13:38:12,24.241,4.498,67.225,1.749,0,5436676,152308,188020,2234316,2818.959,1619.402,0,2782.972,0,268.901,7576,10855,0.470,1.040,1.070,1,0,0,0,0,18,320,0,83,0
12-03 13:38:13,23.979,4.246,68.439,0.999,0,5449940,138952,188020,2234408,7508.287,4209.237,0,2154.074,0,246.779,6310,9124,0.510,1.040,1.070,0,0,0,0,0,18,320,0,82,0
12-03 13:38:14,9.262,2.503,85.110,1.752,0,5450524,138196,188020,2234580,4266.531,1796.329,0,7265.418,0,472.613,3479,5474,0.510,1.040,1.070,1,1,0,0,0,18,320,0,83,0
12-03 13:38:15,10.725,2.245,84.053,1.247,0,5451188,137440,188020,2234672,6942.748,4375.757,0,1715.983,0,202.526,3427,5264,0.510,1.040,1.070,2,1,1.995,0,0,18,319,0,84,0
12-03 13:38:16,15.537,4.010,77.434,1.253,0.251,5448984,139432,188024,2234864,6692.888,4234.051,0,5308.602,0,684.625,4796,6007,0.510,1.040,1.070,3,0,0,0,0,18,319,0,86,0
12-03 13:38:17,14.228,2.995,79.378,1.498,0,5442512,145828,188028,2234936,5646.350,4248.492,0,1541.638,0,179.725,3902,5451,0.510,1.040,1.070,1,0,0.998,0,0,18,320,0,79,0
12-03 13:38:18,7.002,1.750,89.275,0.250,0,5442716,145564,188028,2234996,3827.080,1794.506,0,2328.657,0,329.093,2508,3100,0.550,1.030,1.060,1,0,0,0,0,18,319,0,79,0
12-03 13:38:19,23.020,5.255,69.061,1.001,0,5449152,131492,188028,2242616,26528.459,12888.397,0,2542.248,0,255.226,4525,5237,0.550,1.030,1.060,1,0,2.002,0,0,18,319,0,79,0
12-03 13:38:20,14.003,2.250,81.017,1.000,0,5449152,131492,188028,2242616,17719.692,8431.757,0,1232.257,0,133.028,3497,4782,0.550,1.030,1.060,1,0,0,0,0,18,320,0,79,0
12-03 13:38:21,13.496,1.749,82.473,0.500,0,5450828,129728,188028,2242704,15487.933,8275.293,0,1115.635,0,103.966,3301,4242,0.550,1.030,1.060,1,1,0,0,0,18,319,0,74,0
12-03 13:38:22,12.751,2.000,82.509,0.500,0,5452216,138968,188028,2232232,22231.450,10667.175,0,1752.193,0,169.019,3361,4321,0.550,1.030,1.060,3,0,0,0,0,18,320,0,74,0
12-03 13:38:23,20.980,6.993,68.183,1.998,0,5474852,230616,187528,2131520,27798.873,12702.604,0,6697.464,0,503.509,5566,18293,0.510,1.020,1.060,0,0,35.965,0,0,18,319,0,75,0
12-03 13:38:24,24.552,4.760,67.643,1.503,0,5473312,232264,187528,2131524,2843.014,1623.434,0,2052.341,0,293.621,7004,10245,0.510,1.020,1.060,1,0,0,0,0,18,320,0,75,0
12-03 13:38:25,25.988,4.998,64.971,1.749,0,5471476,233988,187528,2131636,2578.844,1619.274,3.998,2438.907,1.000,313.859,8136,12150,0.510,1.020,1.060,1,0,1.000,0,0,18,320,0,74,0
12-03 13:38:26,25.014,5.003,67.287,1.251,0,5470180,234988,187528,2131932,2761.506,1662.907,112.061,2069.128,6.003,197.107,7268,10216,0.510,1.020,1.060,1,0,0,0,0,18,320,0,74,0
12-03 13:38:27,26.206,5.241,65.639,1.747,0,5468852,235736,187528,2132512,2455.862,1617.275,0,2723.412,0,283.522,7628,10816,0.510,1.020,1.060,1,0,0.998,0,0,18,320,0,76,0
12-03 13:38:28,25.012,5.253,64.282,2.751,0,5460880,243472,187528,2132748,4136.042,1620.800,0,7319.614,0,636.314,8378,13144,0.550,1.020,1.060,1,0,0,0,0,18,320,0,76,0
12-03 13:38:29,25.276,4.254,67.570,1.251,0,5461268,242764,187528,2133068,4344.489,1621.676,0,3203.310,0,236.244,7579,10991,0.550,1.020,1.060,1,0,0,0,0,18,320,0,68,0
12-03 13:38:30,21.742,3.999,70.475,1.000,0,5461712,242272,187528,2133116,6614.611,4183.489,0,2123.233,0,236.914,6114,8709,0.550,1.020,1.060,1,0,0,0,0,18,319,0,70,0
12-03 13:38:31,9.497,1.749,85.971,1.250,0,5461684,242048,187528,2133352,7207.563,4282.552,0,1707.423,0,177.940,2903,4247,0.550,1.020,1.060,0,0,0,0,0,18,319,0,70,0
12-03 13:38:32,5.990,1.248,91.103,0.250,0,5461916,241796,187528,2133372,2875.353,1617.386,0,994.393,0,64.895,1992,2777,0.550,1.020,1.060,1,0,0,0,0,18,320,0,70,0
12-03 13:38:33,10.751,2.000,83.757,1.500,0,5462068,241544,187532,2133468,7390.645,4283.374,0,10472.914,0,238.021,3639,5461,0.500,1,1.050,0,0,0,0,0,18,321,0,66,0
12-03 13:38:34,10.760,2.502,84.576,1.001,0,5462800,240788,187532,2133492,7157.413,3834.436,0,1665.492,0,144.129,3274,4507,0.500,1,1.050,0,0,0,0,0,18,321,0,66,0
12-03 13:38:35,16.749,2.000,76.746,1.500,0,5462592,240788,187532,2133700,26923.751,13328.382,0,6163.714,0,412.981,4343,6112,0.500,1,1.050,1,0,0,0,0,18,321,0,67,0
12-03 13:38:36,9.759,2.002,86.328,1.001,0,5462536,240788,187532,2133756,7080.432,3834.483,0,1105.004,0,106.096,2821,3781,0.500,1,1.050,3,0,0,0,0,18,321,0,67,0
12-03 13:38:37,8.490,1.748,87.899,0.999,0,5462744,240536,187532,2133800,2535.097,1456.332,0,1026.824,0,103.881,2741,3887,0.500,1,1.050,0,1,0.999,0,0,18,322,0,63,0
12-03 13:38:38,5.483,1.994,89.721,0.249,0,5462492,240604,187532,2133984,8563.379,4270.724,0,913.161,0,88.724,2159,3166,0.460,0.980,1.050,1,0,0,0,0,18,321,0,63,0
12-03 13:38:39,9.531,2.006,85.777,1.254,0,5464392,238672,187532,2134016,6813.031,3843.428,0,1199.880,0,127.412,2928,4090,0.460,0.980,1.050,0,0,1.003,0,0,18,321,0,63,0
12-03 13:38:40,10.998,1.750,84.488,0.500,0,5464328,238672,187532,2134080,8528.739,4283.367,0,1303.807,0,146.978,3245,4635,0.460,0.980,1.050,2,0,0,0,0,18,321,0,63,0
12-03 13:38:41,8.752,2.251,86.274,0.750,0,5464528,238420,187532,2134132,6895.939,3832.078,0,1220.343,0,123.035,2964,4066,0.460,0.980,1.050,1,0,2.001,0,0,18,321,0,61,0
12-03 13:38:42,12.014,2.253,83.348,0.501,0,5464540,238168,187532,2134372,4399.178,1762.074,0,1097.292,0,97.114,3190,4390,0.460,0.980,1.050,1,0,0,0,0,18,322,0,61,0
12-03 13:38:43,5.488,1.247,90.800,0.998,0,5464516,238168,187532,2134396,6703.203,3521.227,0,1261.216,0,119.736,2416,3795,0.420,0.970,1.040,1,0,0,0,0,18,322,0,61,0
12-03 13:38:44,16.451,2.493,78.269,0.997,0,5464456,238168,187532,2134456,26909.593,12932.837,0,1439.751,0,156.538,3859,5122,0.420,0.970,1.040,3,0,0,0,0,18,321,0,61,0
12-03 13:38:45,22.310,4.261,69.687,1.504,0,5464696,237676,187532,2134708,2586.936,1694.544,0,2137.732,0,265.712,6432,9379,0.420,0.970,1.040,1,1,0,0,0,18,322,0,52,0
12-03 13:38:46,27.900,6.975,60.034,1.993,0,5467396,234676,187532,2135008,2630.546,1614.198,0,9693.162,0,739.343,10194,16525,0.420,0.970,1.040,3,0,0.996,0,0,18,322,0,53,0
12-03 13:38:47,26.921,5.787,65.165,0.755,0,5467260,234428,187532,2135392,4341.627,1630.375,4.026,1686.733,1.006,164.044,7394,10392,0.420,0.970,1.040,1,0,1.006,0,0,18,322,0,57,0
12-03 13:38:48,7.744,2.248,86.685,1.499,0,5467420,234176,187532,2135484,2638.035,1618.794,15.988,2534.112,0.999,258.807,3244,5014,0.390,0.950,1.040,1,0,0,0,0,18,321,0,58,0
12-03 13:38:49,16.223,3.245,76.373,1.498,0,5467244,234176,187532,2135660,2892.174,1617.302,0,2212.309,0,265.557,4900,7177,0.390,0.950,1.040,0,0,0,0,0,18,321,0,50,0
12-03 13:38:50,14.787,2.005,82.456,0.501,0,5466908,234176,187532,2135996,22361.910,10530.328,0,1259.148,0,90.226,3025,3547,0.390,0.950,1.040,2,0,0,0,0,18,322,0,50,0
12-03 13:38:51,25.654,4.981,64.508,2.242,0,5466664,234176,187532,2136240,2809.444,1613.936,0,8428.332,0,672.473,8080,12775,0.390,0.950,1.040,1,0,0,0,0,18,322,0,50,0
12-03 13:38:52,27.095,4.265,65.981,1.505,0,5466568,233924,187532,2136588,2950.326,1625.690,0,3299.548,0,358.254,7725,11714,0.390,0.950,1.040,2,0,0,0,0,18,322,0,50,0
12-03 13:38:53,26.251,4.250,67.504,0.750,0,5468028,232412,187532,2136640,4440.251,1620.091,0,2440.138,0,215.012,6828,9596,0.440,0.950,1.030,3,0,0,0,0,18,322,0,50,0
12-03 13:38:54,26.133,5.476,64.462,1.742,0,5467076,233088,187532,2136916,3063.322,1612.799,31.858,7562.235,0.996,530.631,8252,11720,0.440,0.950,1.030,1,0,0,0,0,18,322,0,42,0
12-03 13:38:55,25.351,4.769,65.763,2.008,0,5467144,232836,187532,2137100,2590.357,1626.503,0,4144.571,0,331.325,7780,11283,0.440,0.950,1.030,1,0,0,0,0,18,322,0,42,0
12-03 13:38:56,22.234,4.247,71.200,0.500,0,5467580,232080,187536,2137416,2758.077,1618.871,0,1622.868,0,143.900,6370,8595,0.440,0.950,1.030,1,0,5.996,0,0,18,322,0,43,0
12-03 13:38:57,8.002,2.751,86.269,1.500,0,5467572,232080,187536,2137424,2358.518,1458.320,0,7425.632,0,481.106,3554,5516,0.440,0.950,1.030,1,0,1.000,0,0,18,322,0,43,0
12-03 13:38:58,25.245,4.749,65.487,2.250,0,5467536,231828,187536,2137712,2639.479,1619.680,0,2779.451,0,360.929,7738,11778,0.480,0.950,1.030,2,0,0,0,0,18,322,0,44,0
12-03 13:38:59,25.741,4.249,66.727,0.750,0,5467480,231828,187536,2137768,4275.495,1619.430,0,2191.229,0,207.927,6781,9907,0.480,0.950,1.030,1,0,0,0,0,18,322,0,46,0
12-03 13:39:00,24.225,4.246,67.431,1.998,0,5467452,231576,187536,2138048,2936.988,1618.340,0,2173.770,0,234.759,7186,10192,0.480,0.950,1.030,1,0,0,0,0,18,322,0,47,0
12-03 13:39:01,25.528,5.005,66.072,1.251,0.250,5467340,231576,187536,2138160,2883.136,1621.764,0,2839.088,0,335.365,7660,11167,0.480,0.950,1.030,2,0,0,0,0,18,322,0,47,0
12-03 13:39:02,26.796,4.257,65.113,2.254,0,5467536,231100,187536,2138440,2884.998,1622.811,0,3494.053,0,393.682,7866,11863,0.480,0.950,1.030,3,0,0,0,0,18,322,0,36,0
12-03 13:39:03,24.976,4.995,66.188,1.748,0,5468236,230092,187536,2138748,2937.229,1618.473,0,7940.510,0,558.473,8294,12334,0.610,0.970,1.040,1,0,0,0,0,18,322,0,36,0
12-03 13:39:04,23.524,4.254,67.819,1.752,0,5468500,229588,187540,2138984,4419.503,1459.487,0,2006.044,0,243.248,6871,9544,0.610,0.970,1.040,2,0,0,0,0,18,321,0,38,0
12-03 13:39:05,8.712,1.493,85.125,0.996,0,5468660,229336,187540,2139076,7107.715,4374.744,0,2532.852,0,204.102,3292,4873,0.610,0.970,1.040,1,0,0,0,0,18,321,0,39,0
12-03 13:39:06,16.522,3.004,79.108,0.501,0,5468880,229084,187540,2139108,26530.105,12894.548,0,1321.799,0,129.176,3597,4618,0.610,0.970,1.040,0,0,0,0,0,18,321,0,35,0
12-03 13:39:07,15.261,2.752,79.305,1.001,0,5469440,228328,187540,2139304,6843.772,4355.037,0,1545.077,0,183.128,4064,5565,0.610,0.970,1.040,1,0,1.001,0,0,18,321,0,37,0
12-03 13:39:08,12.259,2.502,82.810,1.251,0,5469588,228076,187540,2139408,2521.840,1621.183,16.012,1385.011,1.001,156.114,3733,5291,0.640,0.970,1.040,1,0,0,0,0,18,322,0,37,0
12-03 13:39:09,14.724,2.496,79.361,1.497,0,5469544,228076,187540,2139452,7038.642,3964.040,0,2208.123,0,249.562,4364,6196,0.640,0.970,1.040,1,0,0,0,0,18,322,0,37,0
12-03 13:39:10,13.022,2.254,81.886,1.002,0,5469812,227572,187540,2139688,21968.362,10381.183,0,5400.940,0,359.595,3658,5086,0.640,0.970,1.040,1,0,0,0,0,18,322,0,36,0
12-03 13:39:11,24.774,4.755,67.066,2.252,0,5471556,225780,187540,2139736,2822.760,1621.585,0,2614.556,0,370.362,7656,11698,0.640,0.970,1.040,4,0,0,0,0,18,322,0,37,0
12-03 13:39:12,25.478,5.495,62.945,2.997,0,5471204,225780,187540,2140088,3057.328,1618.585,0,4132.388,0,499.563,8432,13481,0.640,0.970,1.040,2,0,0,0,0,18,322,0,37,0
12-03 13:39:13,27.530,4.255,66.073,1.251,0,5471384,225528,187540,2140160,3063.375,1621.787,0,2098.312,0,212.234,6871,9966,0.670,0.970,1.040,1,0,0,0,0,18,322,0,38,0
12-03 13:39:14,26.196,4.241,65.863,1.247,0,5471344,225276,187540,2140452,3204.349,1756.355,0,2315.195,0,252.476,6954,9940,0.670,0.970,1.040,3,0,0,0,0,18,322,0,36,0
12-03 13:39:15,5.759,1.753,89.394,1.502,0,5471280,225276,187540,2140516,6956.187,4220.788,0,12039.362,0,602.970,2905,4624,0.670,0.970,1.040,1,0,0,0,0,18,322,0,36,0
12-03 13:39:16,21.997,3.999,69.490,2.250,0,5470708,225276,187540,2141088,12500.282,6197.148,471.935,2199.698,15.998,216.970,5252,7346,0.670,0.970,1.040,1,0,0,0,0,18,322,0,37,0
12-03 13:39:17,13.952,2.740,80.720,1.246,0,5471068,224772,187540,2141232,16765.823,8150.717,0,1498.799,0,160.443,4057,5739,0.670,0.970,1.040,2,0,0.997,0,0,18,322,0,37,0
12-03 13:39:18,26.578,5.265,64.438,2.507,0,5470840,224772,187540,2141460,2828.248,1624.738,0,3903.383,0,436.272,7990,12082,0.690,0.970,1.040,1,0,0,0,0,18,322,0,32,0
12-03 13:39:19,24.780,4.255,67.331,1.252,0,5471708,223764,187540,2141600,2970.574,1621.952,0,2446.944,0,238.287,7286,10457,0.690,0.970,1.040,1,0,0,0,0,18,322,0,32,0
12-03 13:39:20,24.968,4.494,67.165,1.997,0,5471864,223260,187540,2141948,6067.333,4223.663,0,2668.628,0,281.644,6927,9926,0.690,0.970,1.040,0,0,0,0,0,18,322,0,34,0
12-03 13:39:21,6.511,1.753,89.658,0.751,0,5471964,223108,187540,2142000,4131.261,1797.159,0,1811.183,0,128.225,2254,3235,0.690,0.970,1.040,2,0,0,0,0,18,322,0,34,0
12-03 13:39:22,19.740,2.249,74.962,0.999,0,5472632,222352,187540,2142088,47306.938,21848.887,0,4849.533,0,347.823,3943,5172,0.690,0.970,1.040,2,0,0,0,0,18,322,0,35,0
12-03 13:39:23,19.002,4.251,74.009,1.000,0,5501040,193900,187540,2144544,36174.272,17714.092,8.001,840.099,1.000,99.012,3986,7973,0.720,0.970,1.040,1,0,34.004,0,0,18,321,0,36,0
12-03 13:39:24,22.240,2.499,71.968,0.500,0,5473936,220732,187540,2142372,32542.388,16531.577,0,2175.023,0,142.936,4378,10885,0.720,0.970,1.040,2,0,1.999,0,0,18,322,0,38,0
12-03 13:39:25,18.240,1.999,78.456,0.250,0,5473744,220732,187540,2142564,47406.429,22619.322,0,2446.629,0,85.952,3121,3640,0.720,0.970,1.040,0,0,0,0,0,18,322,0,38,0
12-03 13:39:26,14.984,1.748,80.165,0.999,0,5473944,220480,187540,2142616,8709.766,4248.496,0,1230.695,0,119.873,3392,4380,0.720,0.970,1.040,1,0,0,0,0,18,322,0,36,0
12-03 13:39:27,12.525,1.503,83.166,0.752,0,5473984,220228,187540,2142828,22198.440,10547.115,0,969.942,0,77.154,3102,4050,0.720,0.970,1.040,1,0,1.002,0,0,18,322,0,36,0
12-03 13:39:28,25.658,5.231,65.267,1.993,0,5473864,220228,187540,2142948,2570.817,1614.234,0,2590.746,0,330.818,7734,11725,0.820,0.990,1.040,2,1,0.996,0,0,18,322,0,36,0
12-03 13:39:29,24.814,4.512,66.923,1.253,0,5473632,220228,187540,2143180,2724.038,1624.196,0,3264.434,0,328.850,7539,10932,0.820,0.990,1.040,2,0,0,0,0,18,322,0,37,0
12-03 13:39:30,26.029,4.755,65.323,1.752,0,5473824,219724,187540,2143492,2642.951,1621.811,0,2590.893,0,277.310,7244,10412,0.820,0.990,1.040,3,0,0,0,0,18,321,0,34,0
12-03 13:39:31,6.243,1.498,89.398,0.749,0.250,5473804,219724,187540,2143512,6909.146,4197.229,0,5605.628,0,372.576,2797,4497,0.820,0.990,1.040,1,0,0,0,0,18,322,0,34,0
12-03 13:39:32,15.756,1.751,79.779,0.500,0,5473740,219724,187540,2143576,22363.031,10669.832,0,1524.548,0,140.050,3456,4502,0.820,0.990,1.040,1,0,0,0,0,18,321,0,34,0
12-03 13:39:33,18.518,1.752,76.827,1.501,0,5473740,219724,187540,2143576,22124.057,10701.669,0,1401.397,0,147.147,3944,5189,0.760,0.970,1.040,1,0,0,0,0,18,322,0,34,0
12-03 13:39:34,14.249,2.500,80.492,0.500,0,5473472,219724,187540,2143844,9202.117,3871.628,0,1415.864,0,139.987,4608,6524,0.760,0.970,1.040,1,0,0,0,0,18,322,0,34,0
12-03 13:39:35,30.251,6.000,59.252,2.750,0,5473888,219248,187540,2143904,22288.599,10666.286,0,8324.224,0,635.017,8114,11678,0.760,0.970,1.040,1,1,0,0,0,18,322,0,34,0
12-03 13:39:36,24.720,4.994,67.667,1.248,0,5471468,221368,187540,2144232,2696.707,1618.024,0,3276.000,0,244.701,7284,10356,0.760,0.970,1.040,1,0,0.999,0,0,18,322,0,35,0
12-03 13:39:37,24.448,4.490,67.605,0.998,0,5472240,220384,187540,2144444,5762.626,4166.054,0,2247.175,0,225.516,6279,8831,0.760,0.970,1.040,1,0,0.998,0,0,18,322,0,39,0
12-03 13:39:38,8.760,1.502,86.347,1.251,0,5472160,220384,187540,2144524,3786.232,1633.826,0,1585.773,0,133.149,2694,3735,0.860,0.990,1.040,3,0,0,0,0,18,322,0,40,0
12-03 13:39:39,12.011,2.002,83.576,0.751,0,5472148,220384,187540,2144536,26469.107,12888.739,0,1665.517,0,161.147,3118,4307,0.860,0.990,1.040,1,0,0,0,0,18,321,0,39,0
12-03 13:39:40,26.232,5.496,64.206,2.498,0,5471816,220384,187544,2144864,2758.117,1618.895,0,7382.961,0,617.578,8181,12683,0.860,0.990,1.040,1,0,0,0,0,18,322,0,40,0
12-03 13:39:41,25.552,5.010,65.131,2.255,0,5471760,220384,187544,2144920,2705.458,1623.275,0,3863.795,0,362.732,7837,11609,0.860,0.990,1.040,2,0,2.004,0,0,18,322,0,40,0
12-03 13:39:42,25.466,4.993,66.912,0.749,0,5471220,220384,187544,2145460,2756.361,1617.864,0,2021.331,0,197.739,7495,10776,0.860,0.990,1.040,0,0,0,0,0,18,322,0,41,0
12-03 13:39:43,27.700,4.741,64.134,2.246,0,5471192,220384,187544,2145488,2814.925,1617.084,0,3357.946,0,419.244,7917,11965,0.870,0.990,1.040,2,0,0,0,0,18,322,0,41,0
12-03 13:39:44,25.061,5.012,65.911,1.504,0,5470092,220384,187544,2146588,3332.142,1718.198,0,2710.623,0,270.661,7753,11178,0.870,0.990,1.040,1,0,0,0,0,18,322,0,41,0
12-03 13:39:45,22.740,5.248,69.221,1.499,0.250,5470396,219908,187544,2146760,5430.700,4024.296,0,6545.228,0,574.757,6479,9081,0.870,0.990,1.040,0,0,0,0,0,18,322,0,45,0
12-03 13:39:46,8.761,2.002,85.604,1.502,0,5470144,219908,187544,2147012,7072.572,1796.177,0,8526.335,0,571.693,3821,6143,0.870,0.990,1.040,3,0,0,0,0,18,321,1,46,0
12-03 13:39:47,5.743,1.498,89.886,0.749,0,5470120,219908,187544,2147036,7021.056,4293.531,0,838.931,0,69.911,2329,3271,0.870,0.990,1.040,2,0,0.999,0,0,18,322,0,44,0
12-03 13:39:48,16.492,3.748,77.214,0.750,0,5484172,205560,187544,2147332,7070.666,3829.194,0,1551.269,0,149.929,5345,8478,0.800,0.970,1.040,0,0,1.000,0,0,18,321,0,45,0
12-03 13:39:49,19.730,2.498,75.674,0.999,0,5485808,203796,187544,2147460,25034.976,12624.381,15.984,1494.506,0.999,148.851,4236,5323,0.800,0.970,1.040,2,0,0,0,0,18,322,0,48,0
12-03 13:39:50,20.281,3.255,72.612,1.002,0,5484700,204856,187544,2147508,25698.761,10922.900,16.025,1766.733,1.002,205.318,5640,7650,0.800,0.970,1.040,1,0,0,0,0,18,323,0,48,0
12-03 13:39:51,26.757,6.002,63.267,2.751,0,5491056,198240,187544,2147768,2760.750,1760.478,0,4393.194,0,501.136,7946,12085,0.800,0.970,1.040,3,0,0,0,0,18,322,0,43,0
12-03 13:39:52,24.982,4.497,67.702,1.249,0,5491912,197232,187544,2147920,2476.258,1456.975,0,2302.380,0,215.848,7098,10036,0.800,0.970,1.040,1,0,0,0,0,18,322,0,46,0
12-03 13:39:53,26.015,5.003,66.789,0.750,0,5492848,196224,187544,2147992,2821.666,1620.957,32.019,2001.182,1.001,188.111,7101,9997,0.890,0.990,1.040,1,0,0,0,0,18,322,0,46,0
12-03 13:39:54,13.989,3.247,80.188,1.499,0.250,5492784,196000,187544,2148280,7475.243,4388.620,15.988,7362.330,0.999,560.568,4779,7573,0.890,0.990,1.040,1,0,0,0,0,18,321,0,47,0
12-03 13:39:55,16.239,1.749,79.445,0.999,0,5492752,196000,187544,2148312,22234.615,11920.752,0,2334.385,0,190.868,3578,4641,0.890,0.990,1.040,2,0,0,0,0,18,322,0,47,0
12-03 13:39:56,14.774,3.005,79.376,0.751,0,5493532,195000,187544,2148532,6739.734,2572.097,0,1326.112,0,125.199,3772,4805,0.890,0.990,1.040,1,0,6.010,0,0,18,322,0,47,0
12-03 13:39:57,24.969,5.493,65.667,1.748,0,5493444,195000,187544,2148620,2456.904,1617.961,0,3527.554,0,347.562,7711,11425,0.890,0.990,1.040,3,0,0.999,0,0,18,322,0,48,0
12-03 13:39:58,26.475,4.995,63.689,2.498,0,5493660,194524,187544,2148880,2577.527,1618.447,0,4287.886,0,501.519,8217,12822,0.900,0.990,1.040,1,0,0,0,0,18,322,0,48,0
12-03 13:39:59,24.540,4.507,67.109,1.252,0,5493392,194524,187544,2149148,2509.083,1460.376,0,2371.859,0,221.360,7152,10316,0.900,0.990,1.040,1,0,0,0,0,18,321,0,42,0
12-03 13:40:00,24.469,4.744,66.916,1.498,0,5493588,194020,187544,2149456,5707.831,4200.724,0,2784.503,0,277.651,6782,9673,0.900,0.990,1.040,1,0,0,0,0,18,322,0,44,0
12-03 13:40:01,6.755,2.252,88.070,2.002,0,5493772,193796,187544,2149496,3947.153,1795.434,0,12005.590,0,811.648,3510,5481,0.900,0.990,1.040,2,0,0,0,0,18,322,0,44,0
12-03 13:40:02,9.761,1.752,85.599,0.501,0,5493728,193796,187544,2149540,22194.552,10678.294,0,1517.747,0,98.113,2543,3378,0.900,0.990,1.040,1,0,0,0,0,18,321,0,44,0
12-03 13:40:03,18.232,1.998,76.922,0.499,0,5493672,193796,187544,2149596,26695.047,12864.012,0,1438.548,0,143.855,3801,4827,0.910,0.990,1.040,1,0,0,0,0,18,321,0,43,0
12-03 13:40:04,19.516,3.503,74.563,1.251,0,5494460,192788,187544,2149816,2839.395,1621.367,0,1541.300,0,169.143,5053,6723,0.910,0.990,1.040,1,0,0,0,0,18,322,0,44,0
12-03 13:40:05,25.022,5.255,65.308,2.502,0,5494840,192284,187544,2149940,2642.327,1663.465,0,2926.577,0,330.291,7620,11156,0.910,0.990,1.040,2,0,0,0,0,18,322,0,45,0
12-03 13:40:06,25.512,5.252,65.530,1.501,0,5494672,192032,187544,2150360,2359.066,1458.659,0,3813.724,0,372.168,7912,11606,0.910,0.990,1.040,1,0,0,0,0,18,322,0,45,0
12-03 13:40:07,25.244,3.999,66.985,1.500,0,5496188,190268,187548,2150612,2639.400,1619.632,0,6242.581,0,453.897,7390,10699,0.910,0.990,1.040,3,0,1.000,0,0,18,321,1,40,0
12-03 13:40:08,25.907,3.986,67.008,1.744,0,5497204,189008,187548,2150856,2630.515,1614.180,0,2028.685,0,230.170,6681,9258,1,1.010,1.050,2,1,0,0,0,18,322,0,40,0
12-03 13:40:09,27.040,4.256,64.346,2.253,0.250,5497168,188756,187548,2151144,2600.875,1622.417,0,3897.807,0,409.610,7682,11839,1,1.010,1.050,0,0,0,0,0,18,322,0,43,0
12-03 13:40:10,24.282,4.756,67.339,1.001,0,5498184,187496,187548,2151388,2645.483,1622.136,0,2086.748,0,186.245,7009,9926,1,1.010,1.050,1,0,0,0,0,18,322,0,45,0
12-03 13:40:11,25.762,4.502,66.532,1.751,0,5498424,186992,187548,2151652,2641.254,1620.770,0,2449.163,0,246.117,7214,10144,1,1.010,1.050,0,1,0,0,0,18,322,0,46,0
12-03 13:40:12,25.702,5.989,63.630,3.244,0,5500364,184976,187552,2151724,2874.589,1616.956,67.872,4124.237,8.983,430.190,8084,12542,1,1.010,1.050,2,0,1.996,0,0,18,322,0,46,0
12-03 13:40:13,25.655,4.732,65.756,1.245,0,5501476,183464,187552,2152124,2947.048,1452.602,0,7627.653,0,521.064,7907,11691,1.080,1.030,1.050,3,0,0,0,0,18,322,0,47,0
12-03 13:40:14,24.603,4.268,67.784,1.757,0,5501400,183464,187552,2152200,3029.678,1626.807,0,1920.035,0,196.824,7038,9928,1.080,1.030,1.050,1,0,0,0,0,18,322,0,47,0
12-03 13:40:15,27.216,4.994,63.422,2.497,0,5501080,183464,187552,2152520,2819.525,1618.006,0,3783.337,0,448.447,8193,12667,1.080,1.030,1.050,1,0,0,0,0,18,322,0,42,0
12-03 13:40:16,24.799,3.256,69.137,1.002,0,5501340,182960,187552,2152764,2585.107,1623.207,0,1835.626,0,155.307,6302,8752,1.080,1.030,1.050,1,0,0,0,0,18,322,0,42,0
12-03 13:40:17,21.482,4.246,70.692,1.499,0,5501860,182324,187552,2152880,7113.117,4389.369,0,7741.597,0,538.555,5986,8520,1.080,1.030,1.050,0,0,1.998,0,0,18,321,0,44,0
12-03 13:40:18,12.495,2.999,80.219,1.499,0,5501892,182072,187552,2153100,4238.374,1619.379,0,7525.113,0,509.804,4348,6689,1.150,1.040,1.060,1,0,0,0,0,18,321,0,45,0
12-03 13:40:19,5.260,1.753,90.926,1.002,0,5501860,182072,187552,2153132,6961.452,4359.424,0,801.549,0,72.139,2135,3144,1.150,1.040,1.060,1,0,0,0,0,18,322,0,45,0
12-03 13:40:20,13.226,2.495,81.603,0.749,0,5501780,182072,187552,2153212,8156.269,4180.450,0,1485.317,0,166.699,3652,5219,1.150,1.040,1.060,0,0,0,0,0,18,321,0,46,0
12-03 13:40:21,15.756,3.001,78.531,1.250,0,5501944,181820,187552,2153300,6841.719,4278.700,0,1608.639,0,189.075,4085,5672,1.150,1.040,1.060,1,0,0,0,0,18,321,0,47,0
12-03 13:40:22,12.763,2.252,82.084,0.751,0,5502520,181064,187552,2153480,9985.237,5874.022,0,1237.268,0,115.118,3188,4287,1.150,1.040,1.060,1,0,0,0,0,18,322,0,47,0
12-03 13:40:23,16.744,2.499,76.724,1.499,0,5502464,181064,187552,2153536,45220.508,20245.064,0,1871.359,0,221.924,4183,5585,1.060,1.020,1.050,1,0,0,0,0,18,321,0,47,0
12-03 13:40:24,20.474,4.494,72.906,0.499,0,5515868,167456,187552,2153740,26831.404,12860.418,0,1438.146,0,149.807,4755,15327,1.060,1.020,1.050,2,0,35.954,0,0,18,321,0,43,0
12-03 13:40:25,16.229,1.997,78.399,1.248,0,5516076,167204,187552,2153784,26394.072,12860.469,0,2253.104,0,202.739,3845,4916,1.060,1.020,1.050,1,0,0,0,0,18,321,0,43,0
12-03 13:40:26,19.304,4.011,71.952,2.507,0,5515988,167204,187552,2153872,2424.801,1504.219,0,6775.001,0,525.474,6612,10055,1.060,1.020,1.050,1,0,0,0,0,18,322,0,43,0
12-03 13:40:27,26.968,4.495,64.173,1.748,0,5515208,167856,187552,2154000,2636.835,1618.058,0,3543.746,0,351.578,7834,11742,1.060,1.020,1.050,2,0,0.999,0,0,18,322,0,43,0
12-03 13:40:28,25.022,5.505,66.807,1.752,0,5514364,168440,187552,2154260,2762.377,1621.395,0,2209.902,0,221.190,7146,10245,0.980,1.010,1.040,1,0,0,0,0,18,322,0,42,0
12-03 13:40:29,26.470,5.244,65.924,0.999,0,5512944,169588,187552,2154532,2773.808,1618.138,0,2133.545,0,206.762,7353,10460,0.980,1.010,1.040,2,0,0.999,0,0,18,322,0,43,0
12-03 13:40:30,24.044,5.009,66.873,1.252,0,5512456,170056,187552,2154552,2706.970,1622.980,0,2652.871,0,293.539,7282,10578,0.980,1.010,1.040,2,0,0,0,0,18,322,0,44,0
12-03 13:40:31,19.969,4.743,71.890,2.496,0,5511508,170636,187552,2154920,7008.245,4344.333,0,8359.172,0,620.048,6371,10066,0.980,1.010,1.040,2,0,0,0,0,18,321,0,46,0
12-03 13:40:32,9.746,1.749,84.965,1.000,0,5511296,170652,187552,2155116,7267.043,4327.239,0,1459.406,0,170.930,3180,4627,0.980,1.010,1.040,3,0,0,0,0,18,321,0,45,0
12-03 13:40:33,9.243,1.999,86.189,0.749,0,5511284,170652,187552,2155128,2596.166,1456.971,0,1255.113,0,131.907,3210,4707,0.980,1.010,1.040,4,0,0,0,0,18,322,0,46,0
12-03 13:40:34,13.277,2.505,81.666,1.253,0,5511060,170652,187552,2155352,7225.721,3838.821,0,1647.356,0,185.378,3934,5576,0.980,1.010,1.040,0,0,0,0,0,18,321,0,46,0
12-03 13:40:35,21.729,1.998,73.680,0.749,0,5511020,170652,187552,2155392,41471.362,19652.216,0,1370.690,0,121.884,3684,4258,0.980,1.010,1.040,1,0,0,0,0,18,322,0,47,0
12-03 13:40:36,13.997,2.999,78.982,1.000,0,5512708,168888,187552,2155452,7384.355,3871.137,0,1699.621,0,188.958,4615,6790,0.980,1.010,1.040,2,0,0,0,0,18,322,0,47,0
12-03 13:40:37,26.009,4.752,66.773,1.250,0,5513224,168132,187552,2155692,4321.475,1620.553,0,8074.757,0,527.180,7357,10041,0.980,1.010,1.040,2,0,0,0,0,18,322,0,48,0
12-03 13:40:38,24.534,5.508,65.090,2.754,0,5513180,167880,187552,2155988,2703.738,1622.243,32.044,8295.470,1.001,601.832,8216,12519,0.980,1.010,1.040,1,0,1.001,0,0,18,322,0,48,0
12-03 13:40:39,25.688,4.739,66.839,1.247,0,5513280,167628,187552,2156140,2590.741,1616.095,0,1967.247,0,179.566,7217,10180,0.980,1.010,1.040,1,0,0,0,0,18,322,0,50,0
12-03 13:40:40,14.025,2.755,80.894,1.252,0,5513564,167124,187552,2156360,6688.906,4191.461,0,2007.573,0,240.428,4134,6144,0.980,1.010,1.040,1,0,0,0,0,18,321,0,45,0
12-03 13:40:41,16.454,1.994,78.781,0.748,0,5513564,167124,187552,2156360,24794.149,12602.005,0,1340.278,0,123.657,3597,4488,0.980,1.010,1.040,1,0,1.994,0,0,18,322,0,46,0
12-03 13:40:42,14.293,3.260,79.490,0.752,0,5513452,167124,187552,2156472,4518.659,1865.640,0,1480.475,0,144.437,4585,6505,0.980,1.010,1.040,1,0,0,0,0,18,322,0,47,0
12-03 13:40:43,27.007,5.501,62.015,2.751,0,5513376,167124,187552,2156548,2880.717,1620.403,0,4157.035,0,520.129,8495,13319,0.980,1.010,1.040,1,0,0,0,0,18,322,0,48,0
12-03 13:40:44,25.214,4.993,67.154,1.498,0,5513404,166620,187552,2157024,9136.993,4260.934,0,2752.082,0,277.605,6702,9369,0.980,1.010,1.040,0,0,0,0,0,18,322,0,48,0
12-03 13:40:45,7.009,1.752,87.108,2.002,0,5513580,166368,187552,2157100,3888.800,1796.217,0,7505.265,0,503.622,3299,5292,0.980,1.010,1.040,2,0,0,0,0,18,322,0,48,0
12-03 13:40:46,6.247,1.499,89.703,0.750,0,5513508,166368,187552,2157172,7446.081,4281.747,31.983,1071.436,1.999,93.951,2463,3627,0.980,1.010,1.040,2,0,0,0,0,18,321,0,48,0
12-03 13:40:47,8.987,2.496,85.873,0.749,0,5513460,166368,187552,2157220,6977.652,4115.896,0,1377.956,0,139.793,3047,4440,0.980,1.010,1.040,0,0,0,0,0,18,321,0,48,0
12-03 13:40:48,14.787,2.256,80.952,1.002,0,5513672,166116,187552,2157260,14502.157,8099.193,0,2185.449,0,183.457,3843,5343,0.900,0.990,1.040,0,0,1.002,0,0,18,322,0,43,0
12-03 13:40:49,7.985,0.998,88.588,0.749,0,5513648,166116,187552,2157284,9843.014,5455.032,0,1129.935,0,102.812,2314,3089,0.900,0.990,1.040,0,0,0,0,0,18,322,0,43,0
12-03 13:40:50,26.711,5.991,64.156,0.999,0,5517748,161604,187552,2157696,39439.318,18643.733,0,1593.669,0,150.779,6111,8979,0.900,0.990,1.040,1,0,0.999,0,0,18,322,0,45,0
12-03 13:40:51,12.036,2.257,84.250,0.752,0,5517964,161352,187552,2157732,4029.970,1939.762,0,1323.932,0,137.408,3211,4320,0.900,0.990,1.040,2,0,0,0,0,18,322,0,47,0
12-03 13:40:52,6.739,1.248,89.352,0.250,0,5517928,161352,187552,2157768,7064.260,4136.126,0,958.407,0,79.867,2480,3174,0.900,0.990,1.040,1,0,0,0,0,18,322,0,42,0
12-03 13:40:53,14.270,3.505,79.864,1.502,0,5517736,161352,187552,2157960,7220.334,4259.096,0,1902.723,0,222.318,3944,5788,0.830,0.970,1.030,0,0,0,0,0,18,321,0,44,0
12-03 13:40:54,15.177,1.742,80.117,0.498,0,5517916,161128,187552,2158004,25973.808,12308.149,0,1341.585,0,131.372,3243,4319,0.830,0.970,1.030,0,0,0,0,0,18,323,0,44,0
12-03 13:40:55,8.522,1.504,87.980,0.752,0,5517884,161128,187552,2158036,20334.126,8802.999,0,5819.204,0,347.909,2635,3826,0.830,0.970,1.030,1,0,0,0,0,18,322,0,44,0
12-03 13:40:56,11.747,2.250,84.482,0.250,0,5518364,160624,187552,2158060,26063.307,13355.083,0,811.823,0,55.988,2197,2162,0.830,0.970,1.030,3,0,5.999,0,0,18,323,0,42,0
12-03 13:40:57,9.027,1.505,87.764,0.502,0,5518344,160624,187552,2158080,11646.014,5919.798,0,5689.105,0,396.191,2485,3307,0.830,0.970,1.030,0,0,0,0,0,18,322,0,42,0
12-03 13:40:58,17.964,2.745,77.097,0.749,0,5518328,160624,187552,2158096,27677.033,13025.132,0,1544.932,0,140.721,3687,4835,1.240,1.060,1.060,2,1,0.998,0,0,18,321,0,42,0
12-03 13:40:59,12.759,2.001,83.307,0.500,0,5518116,160624,187552,2158308,22440.245,10673.251,0,820.557,0,76.052,2961,3794,1.240,1.060,1.060,3,0,0,0,0,18,322,0,42,0
12-03 13:41:00,25.766,5.003,65.541,1.751,0,5517876,160624,187552,2158548,2941.832,1621.010,0,2401.496,0,301.188,7316,10777,1.240,1.060,1.060,1,0,0,0,0,18,322,0,42,0
12-03 13:41:01,24.215,3.495,68.900,1.498,0,5514736,163592,187552,2158720,6751.219,4004.199,0,2428.482,0,246.643,5948,8305,1.240,1.060,1.060,0,0,0.999,0,0,18,322,0,41,0
12-03 13:41:02,9.757,1.751,87.314,0.500,0,5514688,163592,187552,2158768,4599.359,1795.311,0,1569.146,0,124.091,2880,4001,1.240,1.060,1.060,0,1,0,0,0,18,322,0,41,0
12-03 13:41:03,21.784,3.005,71.360,1.753,0,5514692,163340,187552,2159016,26709.156,12896.873,0,2491.840,0,238.367,4937,6560,1.140,1.040,1.050,2,0,0,0,0,18,321,0,41,0
12-03 13:41:04,15.982,3.246,77.163,0.999,0,5514536,163340,187552,2159172,2833.794,1618.170,0,2249.455,0,238.730,5215,7670,1.140,1.040,1.050,1,0,0,0,0,18,322,0,41,0
12-03 13:41:05,26.750,4.500,65.001,2.000,0,5514916,162836,187552,2159296,2640.023,1662.014,0,7660.066,0,546.005,7334,10709,1.140,1.040,1.050,2,0,0,0,0,18,322,0,41,0
12-03 13:41:06,24.280,4.506,68.835,1.252,0,5515164,162332,187552,2159552,2583.202,1622.011,0,1545.916,0,144.179,6827,9594,1.140,1.040,1.050,2,0,0,0,0,18,322,0,42,0
12-03 13:41:07,15.974,3.245,76.876,1.248,0,5514940,162332,187552,2159776,7067.611,4340.006,0,2168.506,0,233.624,4415,6702,1.140,1.040,1.050,0,0,0,0,0,18,321,0,43,0
12-03 13:41:08,12.260,1.751,82.568,0.751,0,5514796,162332,187552,2159920,2540.077,1459.193,16.013,2337.912,1.001,195.160,3776,5523,1.050,1.020,1.050,0,0,1.001,0,0,18,322,0,44,0
12-03 13:41:09,16.243,2.499,77.718,1.499,0,5515016,162080,187552,2159952,15513.540,8046.649,0,2327.031,0,252.895,4422,6241,1.050,1.020,1.050,1,0,0,0,0,18,322,0,43,0
12-03 13:41:10,16.504,3.001,77.771,1.250,0,5514984,161828,187552,2160236,13882.715,6588.763,0,1804.483,0,182.049,4131,5636,1.050,1.020,1.050,1,0,0,0,0,18,322,0,45,0
12-03 13:41:11,5.745,1.249,90.673,0.250,0,5514960,161828,187552,2160260,6939.122,4203.439,0,1226.961,0,95.919,2064,2877,1.050,1.020,1.050,3,0,0,0,0,18,322,0,45,0
12-03 13:41:12,17.737,2.498,77.193,1.249,0.250,5514880,161828,187552,2160340,26588.203,12867.419,0,1654.768,0,163.878,3960,5129,1.050,1.020,1.050,0,0,0,0,0,18,321,0,46,0
12-03 13:41:13,19.289,4.760,71.142,2.255,0,5515140,161352,187552,2160556,2955.904,1623.242,32.064,11527.022,1.002,875.749,7328,10880,1.210,1.050,1.060,1,0,0,0,0,18,322,0,39,0
12-03 13:41:14,26.743,4.749,63.732,2.749,0,5514984,161352,187552,2160712,2896.195,1619.550,0,3315.078,0,438.878,8004,12393,1.210,1.050,1.060,1,0,0,0,0,18,322,0,39,0
12-03 13:41:15,25.457,4.492,65.889,1.747,0,5516048,160092,187552,2160908,2473.815,1455.538,0,2994.934,0,293.504,7540,11115,1.210,1.050,1.060,1,0,0,0,0,18,322,0,42,0
12-03 13:41:16,24.043,4.758,67.870,0.751,0,5517068,158832,187552,2161148,4267.571,1622.879,0,2067.668,0,188.334,7058,10190,1.210,1.050,1.060,1,0,0,0,0,18,322,0,42,0
12-03 13:41:17,16.231,3.496,77.658,1.249,0,5516940,158832,187552,2161276,7010.705,4386.810,0,2900.568,0,284.663,4776,7032,1.210,1.050,1.060,2,0,0,0,0,18,321,0,43,0
12-03 13:41:18,13.236,3.246,79.664,2.248,0,5516744,158832,187552,2161472,2876.897,1618.255,0,7344.080,0,508.452,4824,7193,1.110,1.040,1.050,0,0,0.999,0,0,18,322,0,44,0
12-03 13:41:19,15.793,2.005,78.712,1.755,0,5516640,158832,187552,2161576,18201.049,8452.779,0,2655.155,0,252.681,4363,6137,1.110,1.040,1.050,2,0,0,0,0,18,322,0,44,0
12-03 13:41:20,15.482,2.747,79.660,0.499,0,5516584,158580,187552,2161884,11579.885,6060.136,0,1298.529,0,132.850,3631,4904,1.110,1.040,1.050,1,0,0,0,0,18,321,0,46,0
12-03 13:41:21,5.740,0.998,90.340,0.499,0,5516568,158580,187552,2161900,6956.699,4343.320,0,890.426,0,71.873,2060,2961,1.110,1.040,1.050,1,0,0,0,0,18,321,0,41,0
12-03 13:41:22,19.304,2.507,75.961,0.752,0,5516616,158328,187552,2162104,26453.650,12750.499,0,1419.953,0,152.424,4233,5455,1.110,1.040,1.050,2,0,0,0,0,18,321,0,41,0
12-03 13:41:23,18.472,3.744,74.137,1.747,0,5516712,158076,187552,2162260,2935.518,1617.530,0,1757.317,0,218.666,5779,8560,1.100,1.040,1.050,1,0,0,0,0,18,322,0,42,0
12-03 13:41:24,32.249,8.250,55.499,2.000,0,5521508,205600,186668,2110984,2956.922,1619.957,0,8519.775,0,734.981,9765,24071,1.100,1.040,1.050,2,0,35.999,0,0,18,322,0,44,0
12-03 13:41:25,25.543,5.008,65.609,2.003,0,5513332,213668,186668,2111092,2791.658,1622.708,0,3405.683,0,354.592,7724,11378,1.100,1.040,1.050,1,0,0,0,0,18,322,0,44,0
12-03 13:41:26,25.246,4.499,67.740,1.250,0.250,5514680,212056,186668,2111356,2999.565,1661.759,0,1899.724,0,170.975,7088,9918,1.100,1.040,1.050,0,1,0,0,0,18,322,0,45,0
12-03 13:41:27,17.212,3.492,75.336,0.998,0,5513592,212848,186668,2111652,7063.577,4341.521,0,2941.577,0,300.344,5315,7654,1.100,1.040,1.050,2,0,0,0,0,18,321,0,46,0
12-03 13:41:28,12.257,3.002,81.045,1.751,0,5521028,205360,186668,2111704,2701.493,1620.896,16.009,7316.045,1.001,563.311,4341,6021,1.170,1.050,1.060,3,0,1.001,0,0,18,322,0,46,0
12-03 13:41:29,13.719,2.494,79.073,1.497,0,5523292,202992,186668,2111808,13997.618,5882.811,0,2857.593,0,266.403,4309,6132,1.170,1.050,1.060,1,0,0,0,0,18,321,0,45,0
12-03 13:41:30,12.547,2.509,81.804,0.753,0.251,5522952,203104,186668,2112036,16822.529,8470.484,0,1585.895,0,144.537,3199,4270,1.170,1.050,1.060,1,0,0,0,0,18,322,0,45,0
12-03 13:41:31,9.993,1.749,84.695,1.749,0,5522880,203104,186668,2112108,7134.342,4348.161,0,6243.923,0,424.723,3353,5181,1.170,1.050,1.060,1,0,0,0,0,18,321,0,46,0
12-03 13:41:32,20.488,2.499,75.457,0.750,0,5522796,203104,186668,2112192,26652.651,12869.589,0,1455.162,0,144.917,4417,5462,1.170,1.050,1.060,0,0,0,0,0,18,321,0,46,0
12-03 13:41:33,16.724,3.495,76.630,1.498,0,5523008,202852,186668,2112232,3065.202,1617.468,0,1533.599,0,176.723,5455,7978,1.160,1.050,1.060,1,0,0,0,0,18,323,0,42,0
12-03 13:41:34,26.053,6.012,63.629,2.505,0,5522940,202600,186668,2112552,3023.107,1623.279,0,3571.214,0,422.854,8153,12310,1.160,1.050,1.060,1,0,1.002,0,0,18,322,0,42,0
12-03 13:41:35,32.949,4.243,59.657,2.246,0,5522744,202600,186668,2112748,23870.690,10649.355,0,2975.350,0,312.512,7514,10528,1.160,1.050,1.060,1,0,0,0,0,18,322,0,42,0
12-03 13:41:36,21.242,3.999,71.473,1.250,0,5523568,201592,186668,2112932,6848.436,4179.435,15.994,2467.076,1.000,266.900,5705,8054,1.160,1.050,1.060,1,0,0,0,0,18,321,0,43,0
12-03 13:41:37,14.279,3.257,78.662,1.754,0,5523568,201592,186672,2112928,3287.770,1623.343,0,6473.329,0,450.929,4373,6610,1.160,1.050,1.060,2,0,0,0,0,18,321,0,42,0
12-03 13:41:38,9.498,1.250,86.483,0.750,0,5523520,201368,186672,2113200,16541.759,9142.209,0,1079.788,0,86.983,2511,3351,1.150,1.050,1.060,1,0,1.000,0,0,18,321,0,42,0
12-03 13:41:39,15.738,1.749,79.939,0.749,0,5523484,201368,186672,2113236,26543.736,12867.177,0,1478.871,0,148.886,3489,4511,1.150,1.050,1.060,1,0,0,0,0,18,321,0,42,0
12-03 13:41:40,16.509,2.001,78.791,0.750,0,5523420,201368,186672,2113300,26735.988,12883.741,0,1376.720,0,142.074,3525,4633,1.150,1.050,1.060,2,0,0,0,0,18,321,0,42,0
12-03 13:41:41,19.011,3.752,73.542,1.501,0,5523248,201368,186672,2113472,4310.448,1620.921,0,1969.118,0,237.135,5757,8519,1.150,1.050,1.060,4,0,2.001,0,0,18,322,0,42,0
12-03 13:41:42,26.523,5.004,65.556,2.002,0,5523012,201368,186676,2113704,2780.395,1459.257,0,3006.589,0,306.264,7129,10538,1.150,1.050,1.060,1,0,0,0,0,18,321,0,41,0
12-03 13:41:43,6.996,1.249,88.450,0.500,0,5522840,201368,186676,2113876,9053.877,4348.539,0,2942.335,0,221.874,2780,4315,1.050,1.030,1.050,2,0,0,0,0,18,322,0,41,0
12-03 13:41:44,16.754,2.501,78.268,1.250,0,5522988,201116,186676,2113980,27301.177,12973.935,0,6433.456,0,536.121,3923,4662,1.050,1.030,1.050,0,0,0,0,0,18,321,0,41,0
12-03 13:41:45,20.506,5.001,70.520,1.750,0,5523068,200864,186676,2114152,2820.796,1620.457,0,2268.640,0,276.078,6292,9282,1.050,1.030,1.050,1,0,0,0,0,18,322,0,41,0
12-03 13:41:46,26.716,4.494,64.917,1.997,0.250,5522828,200864,186676,2114392,2816.387,1617.924,0,8832.669,0,620.204,7829,11510,1.050,1.030,1.050,1,0,0,0,0,18,321,0,39,0
12-03 13:41:47,6.998,1.749,88.474,0.500,0,5523444,200108,186676,2114532,8816.376,4339.708,0,1319.607,0,101.970,2548,3653,1.050,1.030,1.050,1,0,0,0,0,18,322,0,39,0
12-03 13:41:48,18.011,3.252,76.546,1.001,0,5523524,199860,186676,2114696,7623.570,4341.603,0,1881.128,0,208.125,4483,6315,0.970,1.010,1.040,0,0,1.001,0,0,18,321,0,40,0
12-03 13:41:49,12.745,1.999,82.717,1.250,0,5523496,199860,186676,2114724,10006.019,5653.751,0,1495.405,0,145.942,3356,4615,0.970,1.010,1.040,0,0,0,0,0,18,322,0,40,0
12-03 13:41:50,19.736,1.999,75.698,0.500,0,5523688,199620,186676,2114772,43350.271,19934.329,0,1079.260,0,90.938,3785,4164,0.970,1.010,1.040,0,1,0,0,0,18,321,0,40,0
12-03 13:41:51,14.526,4.258,78.389,1.002,0,5523728,199380,186676,2114972,22447.828,10684.958,48.085,1286.282,1.002,108.192,5121,7540,0.970,1.010,1.040,1,0,1.002,0,0,18,322,0,40,0
12-03 13:41:52,32.216,5.494,58.438,1.498,0,5523624,199128,186676,2115328,3116.683,1618.278,0,2801.019,0,324.654,8589,12665,0.970,1.010,1.040,1,0,0,0,0,18,322,0,43,0
12-03 13:41:53,27.249,5.750,63.498,1.500,0,5524100,198372,186676,2115608,3059.912,1619.953,0,7419.787,0,561.984,8480,12876,0.970,1.010,1.040,3,0,0,0,0,18,322,0,43,0
12-03 13:41:54,25.034,5.007,66.090,2.003,0,5524868,197364,186676,2115848,3081.218,1622.221,0,4005.484,0,346.474,7311,10631,0.970,1.010,1.040,2,0,0,0,0,18,322,0,38,0
12-03 13:41:55,10.236,2.247,85.634,0.999,0,5524772,197364,186676,2115944,7069.437,4340.129,0,3495.272,0,212.712,3201,4786,0.970,1.010,1.040,2,0,0,0,0,18,321,0,40,0
12-03 13:41:56,15.978,2.996,77.642,0.999,0,5525188,196860,186676,2116032,7009.260,4339.969,19.972,1853.424,1.997,202.718,4119,5888,0.970,1.010,1.040,1,0,5.992,0,0,18,321,0,41,0
12-03 13:41:57,16.528,2.755,77.884,1.002,0,5525796,196132,186676,2116152,2496.287,1600.749,0,2532.349,0,243.418,4016,5514,0.970,1.010,1.040,1,0,0,0,0,18,322,0,42,0
12-03 13:41:58,8.253,1.500,88.278,0.500,0,5525640,196132,186676,2116308,6889.159,4207.319,0,1224.384,0,96.030,2428,3236,0.970,1.010,1.040,1,0,1.000,0,0,18,322,0,42,0
12-03 13:41:59,26.485,3.498,68.962,0.500,0,5530272,191372,186676,2116436,2835.428,1619.102,0,5504.948,0,395.781,4100,4125,0.970,1.010,1.040,1,0,0,0,0,18,322,0,43,0
12-03 13:42:00,23.226,2.997,71.178,0.749,0,5530372,191084,186676,2116624,17875.849,8421.449,0,1230.750,0,135.862,4092,5077,0.970,1.010,1.040,1,0,0,0,0,18,322,0,43,0
12-03 13:42:01,14.487,1.998,80.677,1.499,0,5530324,190832,186676,2116924,18784.932,10255.682,0,5263.218,0,397.639,3846,5542,0.970,1.010,1.040,1,0,0,0,0,18,322,0,43,0
12-03 13:42:02,13.536,2.005,82.717,0.501,0,5530252,190832,186676,2116996,22466.997,10744.214,0,1014.664,0,79.208,3022,3721,0.970,1.010,1.040,0,0,0,0,0,18,322,0,41,0
12-03 13:42:03,10.968,1.745,83.259,0.748,0,5530220,190832,186676,2117028,23607.571,10647.138,0,1268.324,0,136.604,3227,4385,0.900,1,1.040,1,0,0,0,0,18,322,0,41,0
12-03 13:42:04,25.807,5.011,66.396,2.004,0,5530216,190580,186676,2117284,4707.321,1623.560,0,2537.563,0,310.681,7436,11156,0.900,1,1.040,0,1,0,0,0,18,322,0,42,0
12-03 13:42:05,23.005,4.751,69.265,1.500,0,5530852,189824,186676,2117404,8520.818,4345.927,0,2656.567,0,277.059,6014,8563,0.900,1,1.040,1,0,0,0,0,18,321,0,43,0
12-03 13:42:06,9.723,0.997,86.012,0.499,0,5530816,189824,186676,2117440,2752.369,1615.521,0,1962.559,0,123.657,2882,4019,0.900,1,1.040,3,0,0,0,0,18,324,0,43,0
12-03 13:42:07,26.014,3.752,67.786,1.001,0,5531136,189320,186676,2117624,4190.225,1620.861,128.068,1632.867,8.004,138.073,6567,8892,0.900,1,1.040,2,0,0,0,0,18,324,0,47,0
12-03 13:42:08,24.579,3.762,67.968,2.508,0,5532428,187556,186676,2118096,2889.265,1625.212,64.206,1765.662,4.013,158.508,6262,8250,0.910,1,1.040,1,0,3.010,0,0,18,327,0,62,0
12-03 13:42:09,26.158,3.737,67.014,1.246,0,5533372,186548,186676,2118160,2946.618,1614.312,0,5783.623,0,381.655,6555,8843,0.910,1,1.040,2,0,0.996,0,0,18,324,0,77,1
12-03 13:42:10,26.064,3.759,67.166,1.002,0,5533280,186296,186676,2118504,12429.670,6050.931,0,1724.255,0,177.438,5667,7313,0.910,1,1.040,4,0,0,0,0,18,325,0,77,0
12-03 13:42:11,13.503,2.500,82.515,0.250,0,5533208,186296,186676,2118576,16629.116,8300.555,4.001,1068.200,1.000,83.016,3614,4812,0.910,1,1.040,3,0,0,0,0,18,326,0,77,0
12-03 13:42:12,25.517,5.254,65.794,2.001,0,5533936,185288,186676,2118856,2641.777,1621.091,0,3198.152,0,358.241,7814,11341,0.910,1,1.040,1,0,0,0,0,18,325,0,78,0
12-03 13:42:13,16.723,2.995,75.880,0.998,0,5533712,185288,186676,2119080,7067.782,4347.100,0,2759.620,0,276.561,4945,7338,0.830,0.980,1.030,0,0,0,0,0,18,324,0,80,0
12-03 13:42:14,9.506,2.001,86.552,1.251,0,5533676,185288,186676,2119116,8726.242,4292.578,0,1981.190,0,182.109,3085,4467,0.830,0.980,1.030,1,0,1.001,0,0,18,324,0,78,0
12-03 13:42:15,8.242,1.748,86.667,0.999,0,5533896,185036,186676,2119148,6957.305,4285.876,0,1830.239,0,166.839,2952,4173,0.830,0.980,1.030,0,0,0,0,0,18,324,0,78,0
12-03 13:42:16,9.000,2.000,86.752,1.000,0,5533844,185036,186676,2119200,6808.155,4128.094,0,1652.038,0,155.004,2769,3879,0.830,0.980,1.030,0,1,0,0,0,18,324,0,78,0
12-03 13:42:17,5.515,1.755,88.484,1.504,0,5534032,184784,186676,2119264,4150.975,1666.406,0,6023.927,0,375.994,3012,4681,0.830,0.980,1.030,2,0,0,0,0,18,325,0,79,0
12-03 13:42:18,24.193,3.242,71.333,0.499,0,5535540,183020,186676,2119520,6758.157,3822.040,0,993.671,0,88.792,4242,5013,0.770,0.960,1.020,1,0,0.998,0,0,18,324,0,75,0
12-03 13:42:19,8.013,1.503,87.648,0.751,0,5535708,182796,186676,2119576,6802.450,3837.459,0,6759.378,0,478.806,2721,3628,0.770,0.960,1.020,0,0,0,0,0,18,324,0,75,0
12-03 13:42:20,6.494,1.249,89.911,0,0,5535688,182796,186676,2119596,8385.710,3827.217,0,591.415,0,38.961,2018,2788,0.770,0.960,1.020,2,0,0,0,0,18,324,0,75,0
12-03 13:42:21,5.002,1.250,91.778,0.500,0,5535664,182796,186676,2119620,2580.786,1620.493,0,768.234,0,74.023,1923,2858,0.770,0.960,1.020,3,0,0,0,0,18,325,0,75,0
12-03 13:42:22,13.510,2.001,80.808,1.251,0,5535760,182544,186676,2119776,26567.154,12886.290,0,1425.027,0,159.115,3416,4590,0.770,0.960,1.020,1,0,0,0,0,18,324,0,74,0
12-03 13:42:23,24.756,4.251,68.517,1.250,0,5535672,182544,186676,2119864,2478.604,1458.356,0,2164.528,0,266.065,5827,8134,0.780,0.960,1.020,1,0,0,0,0,18,325,0,74,0
12-03 13:42:24,32.210,6.991,58.177,1.498,0,5564852,153096,186676,2120116,2833.449,1617.972,0,2516.846,0,243.695,7787,18943,0.780,0.960,1.020,1,0,35.955,0,0,18,325,0,76,0
12-03 13:42:25,14.422,2.735,79.072,1.492,0,5564708,153096,186676,2120276,7040.917,4506.624,0,2824.721,0,281.478,4186,6309,0.780,0.960,1.020,2,0,0,0,0,18,324,0,78,0
12-03 13:42:26,9.290,2.009,85.368,1.004,0,5561444,156304,186676,2120332,8870.204,4313.579,0,3503.088,0,216.934,3189,4853,0.780,0.960,1.020,0,0,0,0,0,18,324,0,78,0
12-03 13:42:27,9.511,2.002,85.850,1.001,0,5553984,163608,186676,2120488,6902.037,3835.466,0,1709.991,0,153.178,2951,4283,0.780,0.960,1.020,0,0,0,0,0,18,324,0,73,0
12-03 13:42:28,10.759,2.002,83.817,2.002,0,5552080,165452,186676,2120548,7219.807,3974.197,0,7005.635,0,496.399,3495,5357,0.880,0.980,1.030,2,0,1.001,0,0,18,325,0,73,0
12-03 13:42:29,11.502,2.000,83.513,0.500,0,5550456,167028,186676,2120596,22474.619,10527.695,0,1040.167,0,84.014,3356,4435,0.880,0.980,1.030,1,0,0,0,0,18,325,0,73,0
12-03 13:42:30,26.416,3.738,66.290,1.246,0,5547836,169580,186676,2120664,2649.594,1453.389,0,2252.853,0,268.149,6266,8963,0.880,0.980,1.030,1,0,0,0,0,18,324,0,74,0
12-03 13:42:31,14.521,3.255,79.866,1.502,0,5376336,341240,186692,2120580,12636.374,259256.972,128.186,1209.759,9.013,68.099,2516,2438,0.880,0.980,1.030,0,0,14.020,0,0,18,324,0,72,0
12-03 13:42:32,1.998,0.749,94.916,0.250,0,5375704,341932,186692,2120536,2697.619,1618.571,0,759.330,0,39.965,1301,1909,0.880,0.980,1.030,0,0,0,0,0,18,324,0,72,0
12-03 13:42:33,2.501,1.251,92.552,0.750,0,5375704,341932,186692,2120536,2941.665,1620.917,0,3229.828,0,198.112,1993,3335,0.810,0.970,1.020,1,0,0,0,0,18,324,0,72,0
12-03 13:42:34,2.754,1.001,94.889,0.501,0,5375704,341932,186692,2120536,2901.260,1622.382,0,444.653,0,35.051,1400,2101,0.810,0.970,1.020,0,0,0,0,0,18,324,0,72,0
12-03 13:42:35,8.237,1.248,88.614,0,0,5375688,341932,186692,2120552,22133.971,10649.627,0,183.718,0,12.980,1741,1995,0.810,0.970,1.020,0,0,0,0,0,18,324,0,72,0
12-03 13:42:36,1.745,0.748,95.456,0.249,0,5375688,341932,186692,2120552,2811.344,1453.525,0,99.693,0,12.960,1229,1787,0.810,0.970,1.020,0,0,0,0,0,18,324,0,72,0
12-03 13:42:37,3.014,1.005,94.683,0,0,5375688,341932,186692,2120552,2699.346,1627.444,0,108.496,0,17.078,1444,2074,0.810,0.970,1.020,1,0,0,0,0,18,324,0,72,0
12-03 13:42:38,1.743,0.498,95.110,0,0,5375684,341932,186692,2120556,4362.096,1613.378,0,175.281,0,10.955,1154,1752,0.750,0.950,1.020,0,0,0.996,0,0,18,324,0,72,0
12-03 13:42:39,3.007,1.002,94.976,0.251,0,5375908,341708,186692,2120556,2663.333,1623.862,0,248.591,0,23.055,1476,2184,0.750,0.950,1.020,0,0,0,0,0,18,324,0,69,0
12-03 13:42:40,2.753,1.502,92.862,0.501,0,5375852,341708,186692,2120612,2643.176,1621.949,32.038,356.428,1.001,46.055,1727,2706,0.750,0.950,1.020,1,0,0,0,0,18,324,0,69,0
12-03 13:42:41,1.998,0.999,95.651,0.250,0,5375724,341708,186692,2120740,4195.674,1618.331,0,371.617,0,25.973,1174,1775,0.750,0.950,1.020,0,0,1.998,0,0,18,324,0,69,0
12-03 13:42:42,2.250,0.500,95.253,0,0,5375720,341708,186692,2120744,2520.087,1620.056,0,120.004,0,12.000,1248,1787,0.750,0.950,1.020,1,0,0,0,0,18,324,0,69,0
12-03 13:42:43,3.253,2.002,94.090,0.500,0,5375720,341708,186692,2120744,2300.206,1459.399,0,460.442,0,48.046,1839,2794,0.690,0.930,1.010,1,0,0,0,0,18,324,0,66,0
12-03 13:42:44,2.249,1.000,94.223,0.250,0,5375672,341708,186692,2120792,2716.219,1619.534,3.999,355.898,1.000,25.993,1415,1899,0.690,0.930,1.010,3,0,0,0,0,18,324,0,66,0
12-03 13:42:45,1.989,1.491,95.206,0,0,5375672,341708,186692,2120792,2744.312,1610.792,0,31.818,0,3.977,1166,1698,0.690,0.930,1.010,0,0,0,0,0,18,324,0,66,0
12-03 13:42:46,1.511,0.252,96.421,0,0,5375668,341708,186692,2120796,2960.601,1631.352,0,4.028,0,1.007,1076,1658,0.690,0.930,1.010,0,0,0,0,0,18,324,0,66,0
12-03 13:42:47,2.748,1.249,94.434,0.250,0,5374336,343040,186692,2120796,2818.028,1618.867,0,83.941,0,11.992,1516,2190,0.690,0.930,1.010,0,0,0,0,0,18,324,0,64,0
12-03 13:42:48,1.500,1.000,95.721,0,0,5374300,343076,186692,2120796,2939.124,1619.517,0,171.949,0,10.997,1226,1805,0.630,0.920,1.010,0,0,1.000,0,0,18,324,0,64,0
12-03 13:42:49,2.501,0.750,95.056,0,0,5374300,343076,186692,2120796,2736.601,1458.853,0,180.105,0,19.011,1322,1866,0.630,0.920,1.010,0,0,0,0,0,18,324,0,64,0
12-03 13:42:50,8.737,0.998,87.617,0.499,0,5374244,343076,186692,2120852,22619.725,10649.863,31.952,3630.499,0.998,447.322,2286,2509,0.630,0.920,1.010,1,0,0,0,0,18,324,0,64,0
12-03 13:42:51,2.000,1.000,95.486,0,0,5374244,343076,186692,2120852,2699.602,1619.761,0,319.953,0,20.997,1145,1730,0.630,0.920,1.010,0,0,0,0,0,18,324,0,62,0
12-03 13:42:52,2.752,1.001,94.570,0,0,5374480,342836,186692,2120856,4385.231,1621.195,0,32.024,0,4.003,1412,1874,0.630,0.920,1.010,1,0,0,0,0,18,324,0,62,0
12-03 13:42:53,6.748,2.999,87.470,0.250,0,5374608,342596,186692,2120968,2819.023,1619.439,0,419.855,0,48.983,3960,6180,0.580,0.900,1,0,0,1.000,0,0,18,324,0,62,0
12-03 13:42:54,5.751,2.000,89.764,1.250,0,5374596,342596,186692,2120980,4451.702,1620.256,0,3448.544,0,225.035,2559,3652,0.580,0.900,1,1,0,0,0,0,18,324,0,64,0
12-03 13:42:55,2.753,0.501,94.361,0,0,5374584,342596,186692,2120992,2643.111,1621.909,0,476.561,0,32.038,1680,2375,0.580,0.900,1,1,0,0,0,0,18,324,0,58,0
12-03 13:42:56,2.746,1.748,94.865,0,0,5374584,342596,186692,2120992,2354.655,1455.932,0,443.370,0,16.976,1335,1818,0.580,0.900,1,1,0,5.991,0,0,18,324,0,58,0
12-03 13:42:57,2.250,0.500,95.020,0,0,5374576,342596,186692,2121000,4260.908,1620.345,0,108.023,0,13.003,1466,2141,0.580,0.900,1,0,0,0,0,0,18,324,0,58,0
12-03 13:42:58,1.500,1.000,96.007,0,0,5374576,342596,186692,2121000,2895.213,1620.119,0,280.021,0,17.001,1178,1781,0.530,0.890,0.990,1,0,1.000,0,0,18,324,0,58,0
12-03 13:42:59,2.252,0.751,96.351,0,0,5374576,342596,186692,2121000,2659.800,1621.707,0,312.329,0,61.064,1268,1735,0.530,0.890,0.990,0,0,0,0,0,18,324,0,55,0
12-03 13:43:00,1.998,0.999,95.633,0.250,0,5374324,342848,186692,2121000,2816.563,1618.025,0,103.873,0,10.987,1392,2141,0.530,0.890,0.990,1,0,0,0,0,18,324,0,55,0
12-03 13:43:01,2.252,0.501,95.601,0,0.250,5374320,342848,186692,2121004,2558.703,1297.371,0,364.385,0,22.023,1180,1754,0.530,0.890,0.990,0,0,0,0,0,18,324,0,55,0
12-03 13:43:02,1.748,0.749,96.113,0,0,5374320,342848,186692,2121004,419.404,0,0,0,0,0,1133,1705,0.530,0.890,0.990,0,0,0,0,0,18,324,0,55,0
12-03 13:43:03,14.767,3.254,80.342,1.001,0,5379640,337508,186696,2121020,279160.780,7480.542,20.023,480.549,2.002,48.055,2967,3254,0.570,0.890,1,0,0,8.009,0,0,18,324,0,55,0
12-03 13:43:04,8.255,4.252,81.295,4.002,0,5379092,338032,186712,2121028,147049.888,8832.859,180.099,584.321,13.007,32.018,2772,2622,0.570,0.890,1,0,0,26.014,0,0,18,324,0,55,0
12-03 13:43:05,14.258,4.503,77.543,2.251,0.250,5386324,330416,186716,2121408,291474.917,9209.147,156.087,224.125,4.002,24.013,2952,2937,0.570,0.890,1,1,0,19.011,0,0,18,324,0,55,0
12-03 13:43:06,20.235,6.745,71.448,0,0,5384428,323056,186720,2130660,1159.151,539.605,0,251.815,0,10.992,2574,2022,0.570,0.890,1,2,0,13.990,0,0,18,324,0,55,0
12-03 13:43:07,20.259,6.003,70.531,1.751,0,5374624,323584,186736,2139920,1086.481,486.215,72.032,192.085,11.005,21.009,2787,2447,0.570,0.890,1,3,1,13.006,0,0,18,324,0,55,0
