"pcp-dstat 6.2.0 CSV Output"
"Author:","PCP team <pcp@groups.io> and Dag Wieers <dag@wieers.com>",,,,"URL:","https://pcp.io/ and http://dag.wieers.com/home-made/dstat/"
"Host:","ubuntu",,,,"User:","ubuntu"
"Cmdline:","dstat -tcmndrylpg --tcp --output /tmp/devstack_logs/dstat-csv.log",,,,"Date:","01 May 2026 00:35:46 UTC"
"system","total usage",,,,,"memory usage",,,,"net/total",,"dsk/total",,"io/total",,"system",,"load avg",,,"procs",,,"paging",,"tcp sockets",,,,
"time","total usage:usr","total usage:sys","total usage:idl","total usage:wai","total usage:stl","used","free","buf","cach","net/total:recv","net/total:send","dsk/total:read","dsk/total:writ","read","writ","int","csw","1m","5m","15m","run","blk","new","in","out","lis","act","syn","tim","clo"
01-05 00:35:46,,1010056,1662480,162228,4989400,,,,,,,1.150,0.880,0.570,1,0,,,,10,4,1,17,0
01-05 00:35:47,26.236,20.989,50.724,0,0,1019932,1650904,162244,4990968,237306.365,10496.576,0,563.709,0,17.991,6006,4432,1.150,0.880,0.570,2,0,401.792,0,0,10,4,1,17,0
01-05 00:35:48,45.374,21.440,33.158,0,0,1021000,1649156,162272,4991924,15236.539,4391.761,0,347.033,0,16.953,5881,4923,1.150,0.880,0.570,4,0,359.997,0,0,10,5,1,17,0
01-05 00:35:49,44.632,16.298,38.112,0.501,0,1041432,1628536,162308,4992072,27270.350,11551.034,0,1223.605,0,37.109,5150,5431,1.060,0.870,0.560,4,0,248.733,0,0,10,7,1,15,0
01-05 00:35:50,33.959,12.235,52.437,0.250,0,1048708,1620668,162356,4992056,29709.430,13580.740,0,1701.962,0,52.937,5102,5851,1.060,0.870,0.560,2,0,95.885,0,0,10,7,1,15,0
01-05 00:35:51,22.723,7.491,67.419,0.749,0,1205676,1463080,162420,5117288,15750.995,9784.194,15.981,1753.884,0.999,135.836,3645,3379,1.060,0.870,0.560,1,0,79.904,0,0,11,9,1,15,0
01-05 00:35:52,34.336,7.268,57.644,0.501,0,1232692,1435616,162464,5117612,37389.478,10997.495,0,1515.790,0,53.133,3199,2038,1.060,0.870,0.560,2,0,40.100,0,0,11,8,1,15,1
01-05 00:35:53,29.938,10.977,56.633,1.497,0,1259920,1400376,162556,5125180,141437.128,16874.059,99.793,2007.842,7.983,57.880,4336,3440,1.060,0.870,0.560,2,0,169.649,0,0,11,7,1,13,2
01-05 00:35:54,45.821,5.759,44.569,3.005,0,1294904,1347804,162996,5140740,49914.846,4958.634,1670.572,3036.675,113.174,83.128,3440,2253,1.130,0.890,0.570,2,0,1.002,0,0,11,6,1,13,2
01-05 00:35:55,44.454,5.245,48.950,1.249,0,1334720,1293476,163836,5152212,2109.834,971.003,243.750,2445.490,6.993,34.964,2879,1512,1.130,0.890,0.570,2,0,0,0,0,11,6,1,13,2
01-05 00:35:56,44.774,3.752,48.526,1.501,0,1345424,1266196,164312,5166684,5376.866,1080.576,16.009,6611.524,1.001,409.218,4732,5191,1.130,0.890,0.570,3,0,10.005,0,0,11,8,1,13,2
01-05 00:35:57,34.772,6.754,46.029,10.507,0,1355096,1230444,165664,5189664,2264.443,1026.654,0,39305.048,0,2838.809,13565,24549,1.130,0.890,0.570,1,1,45.029,0,0,11,8,1,13,2
01-05 00:35:58,42.238,7.748,43.487,4.999,0,1256140,1316828,166688,5199436,1971.427,1025.702,0,36821.295,0,2467.283,9686,17428,1.130,0.890,0.570,2,0,66.981,0,0,11,6,1,13,2
01-05 00:35:59,42.440,8.987,45.935,1.997,0,1271772,1276916,167440,5221008,2282.783,1078.480,0,16293.038,0,1114.429,5149,5715,1.200,0.910,0.580,2,0,35.949,0,0,11,6,1,13,2
01-05 00:36:00,45.977,4.748,47.976,0.999,0,1313016,1225856,167944,5228928,2050.974,971.514,0,17103.444,0,276.861,3407,2254,1.200,0.910,0.580,2,0,0,0,0,11,6,1,13,2
01-05 00:36:01,43.332,3.006,52.850,1.002,0,1337440,1214824,168288,5214804,8647.338,3946.456,0,6319.940,0,364.689,3317,2704,1.200,0.910,0.580,2,0,0,0,0,11,4,1,13,0
01-05 00:36:02,43.761,6.752,48.513,0,0,1257036,1295280,168300,5214772,2143.555,1026.266,0,1332.345,0,119.031,2997,1581,1.200,0.910,0.580,2,0,29.008,0,0,11,4,1,13,0
01-05 00:36:03,40.934,4.742,53.165,0,0,1293340,1256916,168304,5216840,7539.924,3250.793,0,415.335,0,17.971,2668,1455,1.200,0.910,0.580,2,0,15.974,0,0,11,5,1,13,0
01-05 00:36:04,47.071,4.507,48.073,0.501,0,1289268,1257004,168308,5220376,2245.403,1255.903,0,993.505,0,43.065,2918,1491,1.270,0.920,0.590,2,0,6.009,0,0,11,4,0,13,0
01-05 00:36:05,29.488,16.993,52.478,0,0,1238880,1305996,168308,5221568,9114.181,4139.266,0,643.730,0,32.986,5195,3957,1.270,0.920,0.590,2,0,338.858,0,0,11,5,0,13,0
01-05 00:36:06,32.038,24.779,40.798,0.250,0,1240800,1298212,168620,5225924,2216.611,1147.351,0,1001.179,0,55.065,13557,20931,1.270,0.920,0.590,3,0,395.466,0,0,11,4,0,13,0
01-05 00:36:07,42.492,17.247,38.743,0,0,1188012,1350452,168676,5226240,2336.554,1079.794,0,87.983,0,2.000,10455,15229,1.270,0.920,0.590,3,0,148.972,0,0,11,4,0,13,0
01-05 00:36:08,30.755,12.002,38.757,17.253,0,1183036,1347436,168696,5234600,3712.663,1026.183,7705.375,2648.473,78.014,199.036,6310,9089,1.270,0.920,0.590,4,0,96.017,0,0,11,4,0,13,0
01-05 00:36:09,66.176,10.946,22.142,0.249,0,1193780,1349468,168708,5223396,3739.677,967.261,0,999.105,0,59.707,3980,2078,1.400,0.960,0.600,3,0,54.732,0,0,11,5,0,11,0
01-05 00:36:10,69.237,5.749,22.746,1.250,0,1222940,1320236,168720,5223460,2319.550,1079.790,19.996,18756.359,3.999,512.900,4066,1580,1.400,0.960,0.600,3,0,21.996,0,0,11,5,0,11,0
01-05 00:36:11,41.834,10.271,46.343,1.503,0,1242396,1299824,168732,5224436,2396.791,1028.055,492.985,356.713,4.008,29.058,2995,1791,1.400,0.960,0.600,2,0,46.092,0,0,11,5,0,11,0
01-05 00:36:12,48.788,5.004,45.535,0,0,1255724,1284452,168768,5226444,2310.800,972.758,0,1116.870,0,92.072,4722,4765,1.400,0.960,0.600,2,0,0,0,0,11,5,0,11,0
01-05 00:36:13,14.762,10.258,73.810,0,0,1290532,1249432,168768,5226624,2568.088,1080.879,0,808.658,0,5.004,3499,3052,1.400,0.960,0.600,2,0,140.114,0,0,11,4,0,11,0
01-05 00:36:14,22.448,3.242,73.330,0,0,1337652,1202308,168768,5226628,3982.764,1023.626,0,2625.910,0,16.961,1748,1297,1.370,0.960,0.600,2,0,0,0,0,11,4,0,11,0
01-05 00:36:15,24.078,2.508,72.736,0,0,1364868,1175092,168768,5226628,2391.756,975.162,0,16654.003,0,98.319,1817,1467,1.370,0.960,0.600,1,0,0,0,0,11,4,0,11,0
01-05 00:36:16,24.462,2.746,73.138,0.250,0,1384064,1155688,168772,5226832,2402.316,1078.346,0,13802.832,0,86.867,1967,1566,1.370,0.960,0.600,1,0,0.998,0,0,11,6,0,11,0
01-05 00:36:17,20.715,4.492,71.130,1.248,0,1293852,1245904,168832,5226868,2139.392,1024.273,0,1784.990,0,213.640,4093,5082,1.370,0.960,0.600,1,0,41.929,0,0,11,4,0,13,0
01-05 00:36:18,22.535,3.505,73.615,0.250,0,1344752,1194956,168832,5226916,2462.838,1298.023,44.069,320.499,3.005,15.023,1662,1291,1.370,0.960,0.600,1,0,0,0,0,11,4,0,13,0
01-05 00:36:19,19.032,1.503,77.131,1.002,0,1359552,1179576,168972,5227288,4431.535,3829.511,328.559,0,10.017,0,1594,1074,1.340,0.960,0.600,0,0,1.002,0,0,11,5,0,13,0
01-05 00:36:20,19.953,2.245,72.579,3.741,0,1367464,1171520,169020,5227364,4793.674,3212.410,59.859,2913.117,14.965,140.668,2684,3017,1.340,0.960,0.600,0,1,0.998,0,0,11,17,0,13,0
01-05 00:36:21,16.516,1.501,76.075,6.006,0,1373796,1164928,169060,5227548,7164.070,5819.743,208.205,3671.623,51.050,24.024,2038,1886,1.340,0.960,0.600,1,0,2.002,0,0,11,28,0,14,0
01-05 00:36:22,20.471,5.992,72.898,0,0,1398180,1140536,169060,5227556,2611.357,1455.969,0,199.721,0,39.944,2215,1573,1.340,0.960,0.600,1,0,42.940,0,0,11,28,0,14,0
01-05 00:36:23,17.926,2.490,77.679,0,0,1424496,1114212,169064,5227560,6812.881,3833.179,0,2386.152,0,54.774,1615,1113,1.340,0.960,0.600,1,0,0,0,0,11,29,0,14,0
01-05 00:36:24,20.873,3.772,75.445,0,0,1416452,1122248,169064,5227568,7272.908,5992.353,0,0,0,0,2420,1917,1.310,0.960,0.610,1,0,30.178,0,0,11,28,0,15,0
01-05 00:36:25,37.507,11.752,49.759,0,0,1450092,1088592,169064,5227584,2778.514,1458.270,0,12.002,0,3.001,3445,2219,1.310,0.960,0.610,2,0,126.023,0,0,11,28,0,15,0
01-05 00:36:26,36.267,5.252,57.527,0.250,0,1505960,1032716,169064,5227592,9035.293,7801.707,0,23187.017,0,117.056,2901,2014,1.310,0.960,0.610,2,0,0,0,0,11,30,0,15,0
01-05 00:36:27,37.439,4.493,56.658,0,0,1503684,1034584,169084,5227980,13713.759,11869.750,0,670.912,0,17.971,5417,6953,1.310,0.960,0.610,1,0,0,0,0,11,29,0,15,1
01-05 00:36:28,48.365,24.558,26.062,0,0.501,1403216,1135024,169088,5228004,4753.285,3436.158,0,1283.046,0,156.371,5764,5419,1.310,0.960,0.610,6,0,454.078,0,0,11,28,0,16,0
01-05 00:36:29,83.123,16.724,0,0,0,1570924,967272,169096,5228040,2556.087,1455.772,0,207.682,0,10.983,5138,3194,1.690,1.050,0.640,6,0,125.807,0,0,11,28,0,16,0
01-05 00:36:30,89.071,10.479,0.499,0,0,1721668,816516,169096,5228048,10644.618,9219.481,0,175.647,0,8.982,5206,2992,1.690,1.050,0.640,6,0,0,0,0,11,30,0,16,0
01-05 00:36:31,82.289,10.537,7.025,0,0,1770228,767920,169096,5228072,25798.640,24777.051,0,64711.355,0,360.266,6923,8098,1.690,1.050,0.640,4,0,0,0,0,11,33,0,17,0
01-05 00:36:32,77.249,14.000,7.750,0,0,1597672,940220,169108,5231632,19593.683,15128.755,0,395.994,0,46.999,7764,21697,1.690,1.050,0.640,8,0,235.996,0,0,11,29,0,21,0
01-05 00:36:33,24.980,9.492,64.448,0.250,0,1560524,977316,169112,5228364,3759.978,2351.110,0,659.470,0,25.979,3687,7240,1.690,1.050,0.640,2,0,109.912,0,0,11,28,0,23,0
01-05 00:36:34,23.231,2.748,73.441,0,0,1554336,983504,169112,5228364,2871.705,1402.879,0,243.805,0,8.993,1644,1135,1.630,1.040,0.640,1,0,0,0,0,11,28,0,18,0
01-05 00:36:35,14.760,2.001,81.808,0.250,0,1545772,992052,169120,5228372,9473.667,7481.265,0,724.510,0,49.035,2308,2569,1.630,1.040,0.640,1,0,0,0,0,11,29,0,18,0
01-05 00:36:36,18.765,6.755,73.057,0,0,1467048,1070764,169124,5228380,5313.128,2340.819,0,120.093,0,15.012,3151,2882,1.630,1.040,0.640,1,0,68.053,0,0,11,28,0,19,0
01-05 00:36:37,23.372,2.735,73.101,0,0,1487520,1050292,169124,5228380,3103.069,1450.088,0,0,0,0,1716,1076,1.630,1.040,0.640,1,0,0,0,0,11,28,0,19,0
01-05 00:36:38,15.283,2.255,81.178,0,0,1477448,1060356,169124,5228388,9593.008,7267.916,0,0,0,0,2262,2272,1.630,1.040,0.640,0,0,0,0,0,11,29,0,18,0
01-05 00:36:39,14.796,13.793,70.721,0,0,1444760,1093016,169132,5228408,4633.510,2650.300,0,429.345,0,34.107,4719,4097,1.500,1.030,0.630,1,0,251.788,0,0,11,28,0,19,0
01-05 00:36:40,18.004,27.507,53.513,0.250,0,1428848,1108900,169136,5228432,3044.742,1458.355,0,224.055,0,17.004,6031,4803,1.500,1.030,0.630,4,0,598.146,0,0,11,28,0,19,0
01-05 00:36:41,80.250,18.750,0.500,0,0,1536308,1001404,169144,5228460,2703.993,1403.997,0,5415.987,0,380.999,5040,3077,1.500,1.030,0.630,5,0,190.000,0,0,11,28,0,19,0
01-05 00:36:42,86.541,8.927,4.215,0,0,1683276,854500,169152,5228472,12070.061,10072.436,0,658.601,0,42.650,5255,3052,1.500,1.030,0.630,6,0,0,0,0,11,31,0,16,0
01-05 00:36:43,79.492,8.301,12.075,0,0,1716308,821260,169160,5228668,31789.631,29310.296,0,169.046,0,18.112,7534,10532,1.500,1.030,0.630,5,0,0,0,0,11,32,0,16,0
01-05 00:36:44,81.644,11.520,6.261,0,0,1615488,921980,169248,5228680,17411.639,14740.939,0,3297.803,0,213.375,7427,9988,1.940,1.130,0.670,5,0,91.160,0,0,11,28,0,17,0
01-05 00:36:45,79.523,20.506,0.250,0,0,1612256,925080,169248,5228812,3028.858,1404.398,0,612.173,0,15.004,5069,3555,1.940,1.130,0.670,6,0,219.062,0,0,11,28,0,17,0
01-05 00:36:46,90.933,8.494,0.250,0,0,1717752,819564,169256,5228824,8873.428,7672.318,0,419.689,0,11.991,4850,2472,1.940,1.130,0.670,10,0,0,0,0,11,30,0,17,0
01-05 00:36:47,84.413,9.711,4.731,0,0,1782152,754828,169272,5229116,31292.884,29667.383,0,840.639,0,50.797,6948,8186,1.940,1.130,0.670,6,0,5.976,0,0,11,33,0,18,0
01-05 00:36:48,76.063,9.790,13.556,0.251,0.251,1767056,769688,169272,5229352,28701.083,25778.057,0,136.562,0,13.054,8741,11762,1.940,1.130,0.670,5,0,100.413,0,0,11,31,0,20,0
01-05 00:36:49,54.734,14.246,30.491,0,0,1533456,1003248,169284,5229380,7041.982,5529.415,0,191.945,0,26.992,5350,4925,1.950,1.140,0.680,3,0,198.943,0,0,11,28,0,22,0
01-05 00:36:50,45.144,4.489,49.634,0,0,1548848,987844,169288,5229388,3458.883,2755.534,0,163.616,0,8.979,2717,1197,1.950,1.140,0.680,0,0,0,0,0,11,30,0,22,0
01-05 00:36:51,30.946,4.243,63.888,0,0,1541140,995528,169288,5229412,15578.638,13492.302,0,295.481,0,6.988,3992,4317,1.950,1.140,0.680,2,0,0,0,0,11,30,0,22,0
01-05 00:36:52,42.350,21.050,34.832,0.251,0,1436308,1100300,169296,5229464,9842.285,6386.108,0,1182.798,0,86.204,5644,5747,1.950,1.140,0.680,4,0,378.896,0,0,11,28,0,24,0
01-05 00:36:53,67.473,8.497,23.990,0,0,1533968,1002636,169296,5229464,2716.913,1457.417,0,0,0,0,3792,1503,1.950,1.140,0.680,3,0,1.999,0,0,11,28,0,24,0
01-05 00:36:54,51.659,5.266,41.879,0,0,1565756,970824,169296,5229460,16537.759,15126.427,0,0,0,0,4598,3900,2.030,1.170,0.690,4,0,0,0,0,11,31,0,22,0
01-05 00:36:55,54.210,6.245,38.971,0.250,0,1514312,1022088,169308,5229628,18223.641,16023.254,0,407.701,0,42.969,6659,8442,2.030,1.170,0.690,3,0,41.969,0,0,11,28,0,23,0
01-05 00:36:56,75.054,21.515,2.752,0,0,1512928,1023440,169308,5229660,2525.809,1405.006,0,460.330,0,16.011,4842,2859,2.030,1.170,0.690,4,0,216.155,0,0,11,28,0,23,0
01-05 00:36:57,72.191,7.442,19.846,0,0,1615036,921308,169312,5229680,15373.909,13910.247,0,166.709,0,7.939,4725,2678,2.030,1.170,0.690,4,0,0,0,0,11,32,0,23,0
01-05 00:36:58,65.086,5.780,28.145,0.251,0,1617580,918564,169316,5229876,25497.549,23993.791,0,554.863,0,38.197,7993,10644,2.030,1.170,0.690,4,0,0,0,0,11,30,0,25,0
01-05 00:36:59,61.856,20.034,18.031,0,0,1505552,1030572,169332,5229880,9029.453,6867.753,0,1750.997,0,69.118,5619,5640,2.110,1.200,0.700,5,0,325.557,0,0,11,28,0,26,0
01-05 00:37:00,67.980,7.498,23.993,0,0,1536088,999996,169332,5229920,2537.236,1457.561,0,1299.609,0,46.986,3825,1494,2.110,1.200,0.700,5,0,0,0,0,11,28,0,26,0
01-05 00:37:01,52.552,5.255,41.791,0,0,1574784,961280,169332,5229940,16262.093,15721.558,0,228.226,0,8.008,3749,3051,2.110,1.200,0.700,1,0,0,0,0,11,31,0,26,0
01-05 00:37:02,53.504,13.751,32.003,0.250,0,1515132,1020732,169348,5230124,21545.764,16305.335,0,1104.090,0,83.007,7509,10207,2.110,1.200,0.700,4,0,219.018,0,0,11,28,0,28,0
01-05 00:37:03,66.792,12.710,20.686,0,0,1509840,1026000,169348,5230148,2755.431,1441.517,0,163.492,0,10.966,4051,1984,2.110,1.200,0.700,3,0,79.752,0,0,11,28,0,28,0
01-05 00:37:04,59.464,5.497,33.480,0.250,0.250,1576296,959528,169352,5230160,12084.675,9352.331,0,139.915,0,5.996,3615,2120,2.180,1.230,0.710,3,0,0,0,0,11,30,0,28,0
01-05 00:37:05,49.878,11.028,37.847,0,0,1552872,982752,169376,5230336,18017.320,16099.389,0,585.505,0,51.131,6358,7643,2.180,1.230,0.710,4,0,157.405,0,0,11,29,0,30,0
01-05 00:37:06,78.063,16.764,5.004,0,0,1498340,1037192,169376,5230428,8436.857,7085.759,0,188.153,0,11.009,5321,4315,2.180,1.230,0.710,4,0,130.106,0,0,11,28,0,31,0
01-05 00:37:07,55.773,6.003,37.266,0,0,1562136,973368,169380,5230452,10600.461,9973.197,0,180.076,0,7.003,3667,2071,2.180,1.230,0.710,2,0,0,0,0,11,31,0,31,0
01-05 00:37:08,55.231,5.248,38.737,0.250,0,1559968,975360,169380,5230628,18281.745,17007.181,0,251.914,0,19.993,6465,7499,2.180,1.230,0.710,2,0,0,0,0,11,30,0,32,0
01-05 00:37:09,60.020,14.255,25.258,0,0,1524012,1011160,169384,5230780,4426.479,2867.958,0,332.111,0,27.009,4988,3928,2.250,1.260,0.730,3,0,113.038,0,0,11,28,0,33,0
01-05 00:37:10,62.119,5.987,31.184,0,0,1591920,943240,169388,5230788,7939.289,8285.560,0,155.672,0,9.979,3697,1738,2.250,1.260,0.730,2,0,0,0,0,11,31,0,33,0
01-05 00:37:11,52.044,4.504,43.286,0,0,1592668,942432,169400,5230836,18799.770,15993.416,0,272.228,0,28.024,5266,6285,2.250,1.260,0.730,5,0,0,0,0,11,30,0,34,0
01-05 00:37:12,64.832,23.780,10.513,0,0,1456368,1078716,169408,5230844,7200.149,5675.211,0,488.621,0,63.080,6137,6219,2.250,1.260,0.730,5,0,443.564,0,0,11,28,0,35,0
01-05 00:37:13,79.996,20.249,0,0,0,1586256,948780,169408,5230900,2537.866,1457.923,0,235.988,0,12.999,5199,4093,2.250,1.260,0.730,7,0,309.984,0,0,11,28,0,35,0
01-05 00:37:14,82.779,16.705,0.249,0,0,1701916,833124,169412,5230924,9085.737,7827.099,0,199.467,0,9.973,5342,4270,2.550,1.340,0.760,7,0,279.254,0,0,11,30,0,35,0
01-05 00:37:15,81.668,17.787,1.002,0,0,1771196,763768,169420,5230988,23096.552,22457.236,0,2805.777,0,202.417,6481,6695,2.550,1.340,0.760,6,0,290.598,0,0,11,32,0,35,0
01-05 00:37:16,77.684,18.235,2.748,0,0,1730432,804316,169432,5231192,29538.011,25502.425,0,691.415,0,27.976,7494,8529,2.550,1.340,0.760,6,0,272.769,0,0,11,30,0,36,0
01-05 00:37:17,81.043,18.010,1.001,0,0,1651456,883208,169440,5231260,16063.575,13694.310,0,576.308,0,40.021,6375,5820,2.550,1.340,0.760,7,0,228.122,0,0,11,28,0,36,0
01-05 00:37:18,88.332,11.511,0.250,0,0,1638396,896100,169440,5231428,6560.067,5391.987,0,140.130,0,10.009,5029,2788,2.550,1.340,0.760,5,0,30.028,0,0,11,29,0,36,0
01-05 00:37:19,85.745,8.000,6.000,0,0,1689372,845088,169440,5231460,18123.898,16472.999,0,0,0,0,5452,4466,2.580,1.370,0.770,8,0,1.000,0,0,11,32,0,34,0
01-05 00:37:20,72.956,11.243,14.741,0,0,1683340,850916,169448,5231660,28540.684,25585.477,0,119.927,0,14.991,7986,10660,2.580,1.370,0.770,3,0,133.919,0,0,11,33,0,35,1
01-05 00:37:21,54.027,17.259,27.264,0,0.250,1499412,1034784,169448,5231720,17818.054,15080.663,0,144.073,0,9.005,6813,8436,2.580,1.370,0.770,2,0,349.177,0,0,11,32,0,39,0
01-05 00:37:22,15.719,22.456,61.381,0,0,1445968,1088200,169448,5231748,2789.571,1455.168,0,223.565,0,7.984,5523,4176,2.580,1.370,0.770,6,0,452.120,0,0,11,32,0,39,0
01-05 00:37:23,59.123,34.822,5.511,0,0,1482432,1051724,169448,5231760,2543.281,1461.034,0,28.058,0,7.015,5326,4752,2.580,1.370,0.770,5,0,654.359,0,0,11,32,0,38,0
01-05 00:37:24,85.249,10.000,5.250,0,0,1600276,933836,169460,5231788,6327.930,5374.941,0,655.993,0,40.000,4636,2192,2.700,1.410,0.790,4,0,15.000,0,0,11,33,0,38,0
01-05 00:37:25,65.909,6.241,26.963,0,0,1628164,905904,169464,5231828,23049.299,21879.907,0,119.835,0,14.979,5596,6835,2.700,1.410,0.790,3,0,0,0,0,11,35,0,39,0
01-05 00:37:26,68.345,16.022,15.021,0.501,0,1534508,999488,169480,5231880,11521.022,9159.738,0,500.696,0,53.074,6210,6659,2.700,1.410,0.790,5,0,201.280,0,0,11,33,0,41,0
01-05 00:37:27,80.495,13.249,6.000,0,0,1542872,990968,169480,5232032,6102.637,6074.639,0,199.988,0,12.999,4847,2653,2.700,1.410,0.790,3,0,66.996,0,0,11,33,0,41,0
01-05 00:37:28,76.166,8.241,15.483,0,0,1615384,918432,169484,5232052,17619.469,15218.131,0,195.783,0,8.990,5070,4478,2.700,1.410,0.790,3,0,0,0,0,11,35,0,41,0
01-05 00:37:29,58.799,6.005,33.028,0,0,1623212,910380,169484,5232272,29979.068,26721.344,0,140.117,0,8.007,8212,12220,2.720,1.440,0.800,2,0,1.001,0,0,11,36,0,41,0
01-05 00:37:30,60.519,8.253,30.260,0.250,0,1621360,912128,169500,5232356,28757.201,25080.024,0,2696.863,0,140.045,10172,13913,2.720,1.440,0.800,3,0,30.010,0,0,11,34,0,41,0
01-05 00:37:31,80.997,11.000,7.250,0,0,1557060,976276,169516,5232492,11123.583,8579.678,0,311.988,0,31.999,5905,6406,2.720,1.440,0.800,4,0,59.998,0,0,11,32,0,40,0
01-05 00:37:32,82.694,10.493,6.995,0,0,1597508,935784,169516,5232536,9751.399,7830.699,0,459.689,0,13.991,4643,2235,2.720,1.440,0.800,2,0,30.979,0,0,11,34,0,40,0
01-05 00:37:33,69.767,9.502,20.005,0,0,1661188,872012,169520,5232620,23603.906,21731.438,0,184.046,0,8.002,6420,22807,2.720,1.440,0.800,2,0,36.009,0,0,11,36,0,41,0
01-05 00:37:34,62.448,5.995,29.725,0,0.250,1664984,867980,169520,5232848,32855.821,29187.856,0,107.911,0,6.994,10986,15254,2.910,1.500,0.820,4,0,0,0,0,11,35,0,42,0
01-05 00:37:35,68.839,13.768,16.521,0,0,1567920,964844,169524,5233024,21613.030,19468.249,0,112.145,0,8.010,7682,9810,2.910,1.500,0.820,4,0,155.201,0,0,11,33,0,37,0
01-05 00:37:36,76.500,15.000,8.000,0,0,1562888,969832,169528,5233064,9138.030,7941.026,0,240.001,0,23.000,5283,4346,2.910,1.500,0.820,4,0,105.000,0,0,11,33,0,38,0
01-05 00:37:37,79.434,8.414,12.125,0,0,1630792,901844,169584,5233092,13387.521,11828.531,0,1999.467,0,125.709,4909,4057,2.910,1.500,0.820,5,0,0,0,0,11,35,0,38,0
01-05 00:37:38,70.500,5.520,22.580,0,0.251,1651528,880912,169584,5233284,24313.319,22664.465,0,40.143,0,2.007,6767,9262,2.910,1.500,0.820,3,0,0,0,0,11,35,0,39,0
01-05 00:37:39,71.201,11.573,17.108,0.252,0.252,1506584,1025792,169592,5233332,19516.561,16688.657,0,140.892,0,12.076,7625,9895,3.150,1.580,0.850,4,0,99.631,0,0,11,33,0,38,0
01-05 00:37:40,80.358,11.480,7.986,0,0,1595496,936844,169592,5233360,10122.162,8661.736,127.775,111.803,0.998,11.979,5084,3833,3.150,1.580,0.850,4,0,30.945,0,0,11,33,0,38,0
01-05 00:37:41,77.827,9.009,13.013,0,0,1630568,901660,169596,5233512,14112.995,11268.174,0,240.238,0,25.025,4850,3200,3.150,1.580,0.850,4,0,39.039,0,0,11,34,0,39,0
01-05 00:37:42,70.678,10.739,17.982,0,0,1621444,910608,169604,5233676,16320.345,15117.573,0,199.796,0,17.982,6109,6507,3.150,1.580,0.850,3,0,80.917,0,0,11,34,0,40,0
01-05 00:37:43,72.389,8.767,18.786,0,0,1637808,894168,169608,5233748,24530.262,21549.519,0,288.556,0,10.019,6263,8169,3.150,1.580,0.850,5,0,0,0,0,11,34,0,41,0
01-05 00:37:44,69.143,10.234,19.470,0,0,1641092,890704,169612,5233920,20081.995,18022.175,0,123.809,0,8.986,6942,8135,3.220,1.620,0.870,4,0,58.909,0,0,11,34,0,42,0
01-05 00:37:45,74.215,14.493,11.744,0,0,1556268,975508,169616,5233936,12659.975,11137.700,0,115.945,0,7.996,5079,4955,3.220,1.620,0.870,4,0,124.941,0,0,11,33,0,44,0
01-05 00:37:46,82.687,9.271,8.269,0,0,1590408,941332,169616,5233972,10772.389,9384.247,0,3006.808,0,163.370,4733,3772,3.220,1.620,0.870,5,0,43.098,0,0,11,33,0,45,0
01-05 00:37:47,74.487,10.748,13.748,0,0,1613924,917632,169616,5234148,16906.968,15972.136,0,0,0,0,4995,5059,3.220,1.620,0.870,2,0,39.993,0,0,11,34,0,46,0
01-05 00:37:48,73.391,9.486,16.226,0,0,1641992,889536,169624,5234168,14734.180,12680.222,0,419.379,0,52.922,5490,5780,3.220,1.620,0.870,3,0,61.908,0,0,11,34,0,45,0
01-05 00:37:49,69.131,12.479,18.219,0,0,1593836,937632,169632,5234220,12719.091,11300.535,0,335.422,0,35.938,5756,5160,3.280,1.660,0.880,2,0,110.809,0,0,11,33,0,47,0
01-05 00:37:50,56.868,9.019,33.069,0.251,0,1562264,969184,169640,5234232,9767.290,8116.861,0,296.616,0,25.052,4453,3325,3.280,1.660,0.880,3,0,60.125,0,0,11,33,0,48,0
01-05 00:37:51,55.815,9.761,34.039,0,0,1608036,923212,169640,5234424,11165.907,10356.972,0,204.236,0,14.016,5144,4782,3.280,1.660,0.880,3,0,60.069,0,0,11,34,0,48,0
01-05 00:37:52,55.501,10.750,33.251,0,0,1563128,968096,169648,5234440,13565.314,13579.314,0,144.003,0,9.000,5329,4861,3.280,1.660,0.880,1,0,96.002,0,0,11,34,0,44,0
01-05 00:37:53,59.524,7.937,31.002,0,0,1572280,958908,169648,5234476,13208.413,8850.252,0,186.509,0,8.929,4415,4079,3.280,1.660,0.880,3,0,42.659,0,0,11,33,0,45,0
01-05 00:37:54,57.924,9.066,32.740,0.252,0,1580340,950664,169648,5234656,9731.284,8815.576,0,173.269,0,10.074,4139,3543,3.180,1.660,0.890,2,0,43.317,0,0,11,33,0,46,0
01-05 00:37:55,52.956,8.493,38.218,0,0,1522716,1008256,169652,5234684,12712.385,10424.295,0,127.893,0,12.989,5400,4933,3.180,1.660,0.890,2,0,85.928,0,0,11,33,1,47,0
01-05 00:37:56,32.303,5.008,61.601,0,0,1504536,1026400,169656,5234712,15840.981,14066.070,0,256.421,0,21.034,4957,5668,3.180,1.660,0.890,3,0,51.084,0,0,11,33,0,46,0
01-05 00:37:57,38.720,8.493,51.960,0.250,0,1454448,1076456,169668,5234732,6886.660,5422.795,0,231.820,0,21.983,4600,4181,3.180,1.660,0.890,2,0,83.935,0,0,11,32,0,47,0
01-05 00:37:58,40.260,5.001,53.013,0,0,1480996,1049892,169676,5234740,7513.861,6314.564,0,252.062,0,18.004,3125,2215,3.180,1.660,0.890,2,0,0,0,0,11,33,0,47,0
01-05 00:37:59,38.520,4.752,55.529,0,0,1483348,1047512,169680,5234764,11746.146,10064.266,0,136.071,0,6.003,4115,3833,3.090,1.670,0.890,2,0,26.014,0,0,11,33,0,48,0
01-05 00:38:00,38.742,7.499,52.990,0.500,0,1439320,1091476,169684,5234820,7011.643,5625.911,0,199.961,0,15.997,3962,3853,3.090,1.670,0.890,2,0,51.990,0,0,11,32,0,46,0
01-05 00:38:01,38.982,7.746,53.475,0,0,1459440,1071328,169696,5234832,7622.492,6244.127,0,2398.896,0,142.934,3243,2246,3.090,1.670,0.890,2,0,60.972,0,0,11,33,0,46,0
01-05 00:38:02,35.477,6.496,56.714,0,0,1393060,1137624,169704,5234908,9559.886,8088.827,0,1187.241,0,21.986,3526,2986,3.090,1.670,0.890,2,0,59.962,0,0,11,33,0,47,0
01-05 00:38:03,38.504,5.001,55.006,0,0,1436852,1093804,169712,5234928,8497.958,7115.803,0,236.027,0,17.002,3022,3458,3.090,1.670,0.890,2,0,0,0,0,11,32,0,47,1
01-05 00:38:04,40.050,6.258,53.316,0,0,1459892,1070628,169712,5235060,7629.466,6416.962,0,164.204,0,13.016,2910,1991,3.080,1.690,0.910,3,0,5.006,0,0,11,33,0,46,0
01-05 00:38:05,37.666,3.742,58.370,0,0,1490332,1040032,169712,5235216,12085.002,10391.785,0,107.759,0,6.984,2927,3762,3.080,1.690,0.910,3,0,0,0,0,11,33,0,47,0
01-05 00:38:06,37.811,7.011,53.586,0.250,0,1467292,1063052,169712,5235236,9271.893,8617.843,0,116.187,0,8.013,3931,3855,3.080,1.690,0.910,2,0,43.069,0,0,11,33,0,47,0
01-05 00:38:07,38.646,6.233,54.104,0,0,1468176,1062156,169716,5235244,6275.056,4789.068,0,203.451,0,22.938,2965,2264,3.080,1.690,0.910,2,0,4.987,0,0,11,33,0,48,0
01-05 00:38:08,40.495,4.249,54.493,0,0,1505932,1024380,169716,5235264,13186.295,10495.643,0,151.980,0,11.998,3113,3221,3.080,1.690,0.910,1,0,0,0,0,11,34,0,45,0
01-05 00:38:09,31.591,9.527,56.914,0,0,1485956,1044296,169736,5235300,14322.176,10742.886,0,252.727,0,23.066,5512,6219,2.910,1.680,0.910,1,0,171.493,0,0,11,33,0,46,0
01-05 00:38:10,20.745,8.498,70.483,0.250,0,1475908,1054256,169744,5235380,5082.759,3349.182,0,307.925,0,24.994,3034,2776,2.910,1.680,0.910,1,0,111.973,0,0,11,32,0,47,0
01-05 00:38:11,21.995,2.999,73.982,0.250,0,1471452,1058704,169752,5235380,3231.222,2212.467,0,135.967,0,7.998,1668,1080,2.910,1.680,0.910,2,0,0,0,0,11,33,0,47,0
01-05 00:38:12,17.494,1.749,79.475,0,0,1460600,1069532,169752,5235400,10730.601,8992.152,0,139.956,0,8.997,2844,3199,2.910,1.680,0.910,2,0,0,0,0,11,33,0,43,0
01-05 00:38:13,13.485,10.988,74.167,0,0,1381536,1148560,169772,5235416,6570.658,3827.723,0,659.263,0,50.943,4260,3872,2.910,1.680,0.910,2,0,198.778,0,0,11,32,0,44,0
01-05 00:38:14,19.538,7.264,72.641,0,0,1407552,1122536,169776,5235420,2783.420,1460.845,0,180.351,0,12.023,2570,1859,2.760,1.670,0.910,1,0,85.166,0,0,11,32,0,44,0
01-05 00:38:15,18.250,2.500,78.251,0,0,1427972,1102108,169776,5235428,7946.110,6501.090,0,0,0,0,1922,1624,2.760,1.670,0.910,1,0,0,0,0,11,33,0,44,0
01-05 00:38:16,20.243,1.499,76.973,0,0,1423156,1106772,169780,5235576,8756.943,7215.481,0,215.925,0,7.997,3259,3592,2.760,1.670,0.910,1,0,0,0,0,11,32,0,44,0
01-05 00:38:17,20.619,5.962,72.041,0.248,0.248,1376604,1153320,169780,5235580,2836.935,1448.775,0,1462.686,0,142.095,2394,1873,2.760,1.670,0.910,2,0,45.709,0,0,11,32,0,44,0
01-05 00:38:18,19.248,2.250,77.492,0.250,0,1410696,1119224,169780,5235580,4743.496,3814.595,0,383.959,0,52.994,1677,1268,2.760,1.670,0.910,1,0,0,0,0,11,33,0,44,0
01-05 00:38:19,20.609,2.262,75.650,0,0,1406820,1123088,169784,5235596,9061.942,7505.708,0,112.596,0,8.043,3279,3622,2.540,1.640,0.900,1,0,1.005,0,0,11,33,0,44,0
01-05 00:38:20,19.245,2.749,76.481,0.250,0,1366012,1163876,169784,5235616,8799.848,7246.228,0,131.968,0,18.995,3394,4030,2.540,1.640,0.900,2,0,12.997,0,0,11,32,0,43,0
01-05 00:38:21,9.016,22.790,66.869,0,0,1361164,1168528,169792,5235796,2602.620,1460.592,0,116.206,0,9.016,5710,4133,2.540,1.640,0.900,1,0,420.747,0,0,11,32,0,43,0
01-05 00:38:22,35.964,12.488,48.951,1.499,0,1418896,1110724,169816,5235844,2792.217,1456.548,35.964,283.717,0.999,18.981,4135,3056,2.540,1.640,0.900,2,0,192.808,0,0,11,32,0,45,0
01-05 00:38:23,44.717,5.496,48.964,0,0,1515008,1013364,169892,5236900,4154.973,1456.939,0,659.520,0,20.985,2795,1331,2.540,1.640,0.900,2,0,1.999,0,0,11,32,0,45,0
01-05 00:38:24,37.271,7.254,43.775,9.755,0,1542956,978700,170616,5242300,4100.303,1458.819,436.245,20195.342,17.010,1995.120,11020,18961,2.490,1.640,0.910,3,1,96.054,0,0,11,36,0,41,0
01-05 00:38:25,39.981,6.747,40.481,9.496,0,1488484,1029736,171288,5244888,2656.766,1457.323,0,42592.212,0,3718.272,14121,27554,2.490,1.640,0.910,3,0,66.969,0,0,11,36,0,41,0
01-05 00:38:26,43.213,5.995,45.462,2.997,0,1451668,1066772,171456,5244476,2715.701,1456.767,0,26029.962,0,1870.416,8347,14440,2.490,1.640,0.910,2,0,10.991,0,0,11,32,0,41,0
01-05 00:38:27,45.064,6.259,48.068,0.501,0.250,1511616,1006808,171472,5244476,3540.035,1460.077,0,2603.703,0,134.191,3001,1890,2.490,1.640,0.910,2,0,2.003,0,0,11,32,0,41,0
01-05 00:38:28,41.538,6.506,45.292,5.005,0,1509200,1008824,171628,5244720,2660.464,1459.351,0,7727.156,0,1294.198,8722,14163,2.490,1.640,0.910,4,1,2.002,0,0,11,34,0,41,0
01-05 00:38:29,40.771,7.004,45.023,5.003,0,1469088,1048192,172092,5244988,2599.334,1458.749,0,14759.577,0,1748.898,10453,17401,2.450,1.650,0.920,3,0,26.013,0,0,11,32,0,37,0
01-05 00:38:30,24.237,6.746,67.962,0.750,0,1503832,1013420,172116,5244992,2476.627,1457.192,0,2330.708,0,140.922,2784,2325,2.450,1.650,0.920,1,0,75.958,0,0,11,32,0,37,0
01-05 00:38:31,22.733,3.248,72.945,0,0,1373364,1143872,172120,5245004,2665.986,1456.899,0,719.456,0,42.968,1925,1602,2.450,1.650,0.920,1,0,0.999,0,0,11,32,0,37,0
01-05 00:38:32,22.763,3.502,71.541,1.001,0,1432248,1084928,172180,5245004,2736.560,1458.832,0,7288.156,0,396.226,2598,2876,2.450,1.650,0.920,2,0,2.001,0,0,11,32,0,37,0
01-05 00:38:33,30.719,5.495,63.187,0,0,1461264,1055872,172180,5245040,2775.233,1456.548,0,239.761,0,4.995,2796,12294,2.450,1.650,0.920,1,0,35.964,0,0,11,32,0,38,0
01-05 00:38:34,21.768,3.753,73.309,0,0,1455944,1061164,172180,5245064,2465.987,1405.132,0,0,0,0,1795,1327,2.340,1.640,0.920,2,0,1.001,0,0,11,32,0,38,0
01-05 00:38:35,22.253,3.751,73.261,0,0,1511384,1005724,172180,5245064,6032.912,1512.229,0,0,0,0,1744,1138,2.340,1.640,0.920,2,0,2.000,0,0,11,32,0,38,0
01-05 00:38:36,23.263,2.251,73.541,0,0,1470116,1046988,172180,5245068,2539.421,1458.816,0,0,0,0,1682,1144,2.340,1.640,0.920,2,0,1.001,0,0,11,32,0,38,0
01-05 00:38:37,21.979,3.497,72.930,0.250,0,1461972,1055116,172180,5245084,4284.865,1456.594,0,687.337,0,122.881,1810,1257,2.340,1.640,0.920,3,0,0,0,0,11,32,0,33,0
01-05 00:38:38,22.280,3.755,72.847,0,0,1509448,1007632,172188,5245084,4043.403,1459.951,0,200.268,0,15.020,2026,1684,2.340,1.640,0.920,2,0,2.003,0,0,11,32,0,33,0
01-05 00:38:39,23.487,2.749,72.960,0.250,0,1454808,1062180,172192,5245160,4035.804,1457.207,0,383.791,0,17.990,1831,1284,2.230,1.630,0.920,2,0,1.999,0,0,11,32,0,33,0
01-05 00:38:40,22.260,3.001,73.283,0,0,1461432,1055556,172192,5245160,2719.210,1458.649,0,68.030,0,4.002,1780,1245,2.230,1.630,0.920,2,0,2.001,0,0,11,32,0,33,0
01-05 00:38:41,23.486,2.498,73.456,0,0.250,1487572,1029416,172192,5245160,2656.393,1457.118,0,0,0,0,1673,1130,2.230,1.630,0.920,1,0,0,0,0,11,32,0,31,0
01-05 00:38:42,22.495,3.249,73.484,0,0,1448380,1068512,172196,5245248,2744.403,1499.674,0,0,0,0,1747,1257,2.230,1.630,0.920,2,0,1.000,0,0,11,32,0,31,0
01-05 00:38:43,23.128,2.736,73.612,0,0,1460188,1056688,172196,5245264,2465.011,1450.358,0,11.937,0,1.990,1749,1355,2.230,1.630,0.920,1,0,0.995,0,0,11,32,0,31,0
01-05 00:38:44,23.122,3.016,73.386,0,0,1458088,1058776,172196,5245276,3938.734,1465.716,0,136.720,0,3.016,1821,1403,2.130,1.620,0.920,2,0,0,0,0,11,32,0,31,0
01-05 00:38:45,22.247,3.250,73.989,0,0,1481664,1035200,172196,5245276,2657.592,1457.776,0,123.981,0,2.000,1713,1244,2.130,1.620,0.920,2,0,2.000,0,0,11,32,0,26,0
01-05 00:38:46,23.743,2.499,73.479,0,0,1438516,1078324,172196,5245300,2537.290,1457.592,0,0,0,0,1750,1152,2.130,1.620,0.920,2,0,1.000,0,0,11,32,0,26,0
01-05 00:38:47,23.771,3.753,72.063,0,0,1468944,1047844,172196,5245308,2737.409,1459.284,0,0,0,0,1816,1201,2.130,1.620,0.920,2,0,6.005,0,0,11,32,0,26,0
01-05 00:38:48,21.979,3.746,72.682,0,0,1451112,1065636,172204,5245340,2595.568,1456.635,0,139.869,0,8.992,1845,1554,2.130,1.620,0.920,5,0,0.999,0,0,11,32,0,26,0
01-05 00:38:49,22.768,3.503,72.807,0.250,0,1483724,1033020,172208,5245340,5662.457,1459.148,0,2113.664,0,207.163,1972,1462,2.040,1.610,0.920,3,0,3.002,0,0,11,32,0,21,0
01-05 00:38:50,23.748,2.250,73.242,0,0,1494608,1022144,172212,5245340,2657.723,1499.844,0,35.996,0,5.999,1648,1114,2.040,1.610,0.920,3,0,0,0,0,11,32,0,21,0
01-05 00:38:51,9.989,19.229,69.425,0,0,1451704,1064856,172220,5245496,2595.188,1456.422,0,615.333,0,8.990,5607,4397,2.040,1.610,0.920,2,0,399.567,0,0,11,32,0,21,0
01-05 00:38:52,8.010,22.277,68.582,0.250,0,1436608,1079916,172228,5245516,2738.280,1459.749,0,5338.395,0,223.267,5899,4926,2.040,1.610,0.920,1,0,388.465,0,0,11,32,0,21,0
01-05 00:38:53,8.491,21.227,69.175,0,0,1431068,1085408,172228,5245568,2715.073,1456.430,0,203.780,0,4.995,5662,4195,2.040,1.610,0.920,2,0,383.587,0,0,11,32,0,17,0
01-05 00:38:54,14.228,12.980,70.890,0,0,1437996,1078460,172228,5245580,2414.249,1455.738,0,1765.257,0,9.984,3845,2857,1.960,1.600,0.920,1,0,196.694,0,0,11,32,0,17,0
01-05 00:38:55,23.024,3.253,73.578,0,0,1484136,1032332,172228,5245568,2720.875,1459.542,0,16.017,0,2.002,1698,1182,1.960,1.600,0.920,1,0,0,0,0,11,32,0,17,0
01-05 00:38:56,22.994,2.999,73.231,0,0,1494936,1021532,172228,5245568,2537.336,1457.619,0,19.995,0,1.999,1699,1162,1.960,1.600,0.920,1,0,1.999,0,0,11,32,0,17,0
01-05 00:38:57,22.488,3.248,73.212,0,0,1484556,1031896,172228,5245584,2733.582,1457.244,0,0,0,0,1797,1261,1.960,1.600,0.920,1,0,0.999,0,0,11,32,0,13,0
01-05 00:38:58,23.033,3.255,73.105,0.250,0,1513600,1002848,172240,5245572,2421.484,1460.101,0,236.340,0,11.016,1890,1478,1.960,1.600,0.920,1,0,2.003,0,0,11,32,0,13,0
01-05 00:38:59,23.727,2.747,72.681,0.250,0,1487364,1029060,172244,5245592,2295.812,1456.612,0,715.318,0,27.973,1873,1318,1.880,1.590,0.920,1,0,1.998,0,0,11,32,0,13,0
01-05 00:39:00,22.741,3.249,72.722,0,0,1483748,1032688,172244,5245580,2477.031,1457.430,0,75.970,0,4.998,1848,1286,1.880,1.590,0.920,1,0,0,0,0,11,32,0,13,0
01-05 00:39:01,23.036,3.255,73.365,0,0,1507088,1009348,172244,5245580,5600.776,1460.288,0,0,0,0,1841,1156,1.880,1.590,0.920,1,0,2.003,0,0,11,32,0,11,0
01-05 00:39:02,22.955,2.495,73.108,0,0,1461180,1055244,172244,5245592,2609.916,1455.165,0,15.969,0,1.996,1655,1100,1.880,1.590,0.920,1,0,0.998,0,0,11,32,0,11,0
01-05 00:39:03,23.522,3.003,73.818,0,0,1495928,1020508,172244,5245580,2480.295,1459.350,0,0,0,0,1596,1147,1.880,1.590,0.920,1,0,0,0,0,11,32,0,11,0
01-05 00:39:04,22.794,3.256,73.141,0,0,1526884,989552,172244,5245580,2302.431,1460.811,0,20.039,0,1.002,1719,1130,1.810,1.580,0.920,1,0,2.004,0,0,11,32,0,11,0
01-05 00:39:05,22.213,3.494,73.377,0,0,1468072,1048344,172244,5245600,2473.866,1455.568,0,47.920,0,1.997,1785,1229,1.810,1.580,0.920,1,0,0.998,0,0,11,32,0,8,0
01-05 00:39:06,23.251,2.750,73.003,0,0,1495876,1020552,172244,5245588,2418.097,1500.060,0,4.000,0,1.000,1745,1107,1.810,1.580,0.920,1,0,2.000,0,0,11,32,0,8,0
01-05 00:39:07,23.243,2.499,73.477,0,0,1462712,1053704,172244,5245600,2554.200,1457.544,0,11.996,0,1.000,1670,1022,1.810,1.580,0.920,1,0,1.000,0,0,11,32,0,8,0
01-05 00:39:08,23.032,3.505,72.602,0.250,0,1470228,1046180,172244,5245608,2361.327,1460.057,0,116.164,0,11.016,1900,1516,1.810,1.580,0.920,1,0,0,0,0,11,32,0,8,0
01-05 00:39:09,22.243,2.999,73.226,0,0,1512080,1004348,172248,5245584,2297.239,1457.517,0,931.692,0,122.959,1821,1232,1.740,1.570,0.920,1,0,2.999,0,0,11,32,0,8,0
01-05 00:39:10,23.749,2.500,72.997,0.250,0,1460596,1055804,172248,5245612,2597.910,1457.950,0,123.996,0,6.000,1738,1124,1.740,1.570,0.920,1,0,1.000,0,0,11,32,0,6,0
01-05 00:39:11,23.464,2.496,73.387,0,0,1497708,1018776,172248,5245528,2594.008,1455.760,0,0,0,0,1714,1148,1.740,1.570,0.920,1,0,0,0,0,11,32,0,6,0
01-05 00:39:12,23.035,3.005,73.111,0,0,1526948,989536,172248,5245528,2799.252,1460.218,0,96.146,0,2.003,1749,1152,1.740,1.570,0.920,1,0,2.003,0,0,11,32,0,6,0
01-05 00:39:13,22.986,2.748,73.207,0,0.250,1462504,1053892,172248,5245616,2476.529,1457.135,0,0,0,0,1748,1166,1.740,1.570,0.920,1,0,0.999,0,0,11,32,0,6,0
01-05 00:39:14,23.046,2.755,73.897,0,0,1444112,1072284,172248,5245616,5393.709,1352.686,0,16.032,0,2.004,1709,1165,1.680,1.560,0.920,1,0,1.002,0,0,11,32,0,4,0
01-05 00:39:15,21.690,3.989,73.298,0,0,1492056,1024360,172248,5245596,4266.247,1453.995,0,147.593,0,3.989,1750,1329,1.680,1.560,0.920,1,0,0,0,0,11,32,0,4,0
01-05 00:39:16,22.745,3.249,73.734,0,0,1517788,998628,172248,5245596,2477.455,1457.679,0,0,0,0,1751,1105,1.680,1.560,0.920,1,0,2.000,0,0,11,32,0,4,0
01-05 00:39:17,23.293,2.004,73.635,0,0,1469732,1046664,172248,5245616,2679.906,1460.674,0,24.044,0,2.004,1695,1071,1.680,1.560,0.920,1,0,1.002,0,0,11,32,0,4,0
01-05 00:39:18,22.478,4.246,72.680,0,0,1490992,1025424,172252,5245592,2595.513,1456.604,0,91.912,0,8.991,1940,1615,1.680,1.560,0.920,1,0,0,0,0,11,32,0,3,0
01-05 00:39:19,23.242,2.499,72.726,0,0,1474936,1041452,172256,5245616,2721.116,1551.496,0,303.901,0,18.994,1804,1269,1.630,1.550,0.920,1,0,1.999,0,0,11,32,0,3,0
01-05 00:39:20,22.746,3.249,73.487,0.250,0,1484368,1032032,172256,5245604,2667.525,1457.740,0,287.949,0,35.994,1762,1257,1.630,1.550,0.920,1,0,0,0,0,11,32,0,3,0
01-05 00:39:21,21.752,4.000,73.007,0,0,1497968,1018432,172256,5245604,2418.226,1458.136,0,12.001,0,1.000,1750,1188,1.630,1.550,0.920,1,0,2.000,0,0,11,32,0,3,0
01-05 00:39:22,15.508,13.757,70.537,0,0,1440140,1076216,172256,5245648,2556.353,1458.772,0,144.076,0,6.003,3986,2795,1.630,1.550,0.920,3,0,247.131,0,0,11,32,0,1,0
01-05 00:39:23,15.505,13.004,70.773,0,0,1439872,1076464,172256,5245668,5533.763,1458.465,0,100.032,0,5.002,3814,2792,1.630,1.550,0.920,1,0,213.068,0,0,11,32,0,1,0
01-05 00:39:24,22.500,3.250,73.251,0,0,1484464,1031860,172256,5245680,2238.018,1458.012,0,0,0,0,1753,1239,1.580,1.540,0.920,2,0,0,0,0,11,32,0,1,0
01-05 00:39:25,25.127,1.244,72.645,0,0,1484388,1031748,172260,5245864,3958.642,1450.905,0,143.299,0,3.981,1666,994,1.580,1.540,0.920,1,0,0,0,0,11,32,0,1,0
01-05 00:39:26,21.884,4.025,73.200,0,0,1453280,1062748,172260,5245932,2131.090,1467.011,0,4.025,0,1.006,1901,1398,1.580,1.540,0.920,1,0,9.056,0,0,11,32,0,1,0
01-05 00:39:27,23.207,2.495,73.612,0,0,1471324,1044704,172260,5245932,2490.347,1455.281,0,0,0,0,1654,985,1.580,1.540,0.920,1,0,0,0,0,11,32,0,1,0
01-05 00:39:28,14.000,17.000,67.748,0.500,0,1445284,1070620,172260,5246052,2357.941,1457.964,39.999,83.998,2.000,3.000,4796,3574,1.580,1.540,0.920,2,0,324.992,0,0,11,32,0,1,0
01-05 00:39:29,8.513,21.783,69.104,0,0,1433240,1082608,172260,5246100,2421.654,1460.203,0,120.181,0,5.008,6003,4631,1.530,1.530,0.920,2,0,450.680,0,0,11,32,0,1,0
01-05 00:39:30,8.245,22.486,67.956,0,0,1427840,1087984,172260,5246124,2356.488,1457.065,0,455.708,0,6.996,5872,4457,1.530,1.530,0.920,1,0,435.720,0,0,11,32,0,1,0
01-05 00:39:31,9.002,22.256,68.019,0,0,1422996,1092796,172260,5246152,3751.029,1296.356,0,616.169,0,7.002,5810,4342,1.530,1.530,0.920,1,0,426.117,0,0,11,32,0,1,0
01-05 00:39:32,8.999,21.998,68.244,0,0,1414228,1101544,172260,5246172,2614.756,1457.864,0,975.909,0,12.999,5649,4136,1.530,1.530,0.920,1,0,415.961,0,0,11,32,0,1,0
01-05 00:39:33,15.014,24.273,58.806,0,0.250,1398828,1116888,172260,5246240,2480.354,1459.385,0,1012.961,0,11.010,6226,17953,1.530,1.530,0.920,1,0,446.424,0,0,11,32,0,2,0
01-05 00:39:34,9.002,20.505,70.018,0,0,1394540,1121144,172260,5246256,2178.571,1458.383,0,456.120,0,8.002,5777,4461,1.410,1.500,0.920,2,0,423.111,0,0,11,32,0,1,0
01-05 00:39:35,8.249,20.998,69.744,0,0,1393580,1122084,172260,5246276,2597.762,1457.866,0,303.972,0,8.999,5658,4242,1.410,1.500,0.920,1,0,386.965,0,0,11,32,0,1,0
01-05 00:39:36,8.749,22.247,67.991,0,0,1394252,1121356,172260,5246312,2417.695,1457.816,0,239.970,0,9.999,5697,4215,1.410,1.500,0.920,3,0,411.948,0,0,11,32,0,1,0
01-05 00:39:37,9.489,21.475,68.422,0,0.250,1387352,1128228,172260,5246340,2971.601,1456.334,0,39.954,0,9.989,5749,4301,1.410,1.500,0.920,1,0,418.521,0,0,11,32,0,1,0
01-05 00:39:38,14.521,22.533,60.838,0,0,1355204,1160344,172260,5246360,2601.783,1460.123,0,380.553,0,21.031,5986,4955,1.410,1.500,0.920,3,0,460.670,0,0,11,32,0,3,0
01-05 00:39:39,44.741,27.744,26.995,0.250,0,1439916,1075588,172268,5246396,2597.484,1457.710,0,759.849,0,46.991,6003,5051,1.540,1.530,0.930,3,0,504.900,0,0,11,32,0,7,0
01-05 00:39:40,67.000,8.250,24.500,0,0,1573404,941824,172296,5246644,2658.011,1458.006,0,720.003,0,107.000,3597,1535,1.540,1.530,0.930,3,0,0,0,0,11,32,0,7,0
01-05 00:39:41,63.007,8.501,23.503,4.000,0,1673696,836040,172756,5251064,2672.308,1512.174,444.051,9041.041,10.001,730.084,6200,7632,1.540,1.530,0.930,5,0,34.004,0,0,11,34,0,7,0
01-05 00:39:42,47.648,11.226,28.938,10.478,0,1649056,850432,173680,5259648,3028.516,1496.795,0,58949.786,0,4323.743,17471,32973,1.540,1.530,0.930,7,0,144.690,0,0,11,36,0,9,0
01-05 00:39:43,43.838,10.271,31.063,12.024,0,1693044,795548,174116,5269704,2543.134,1460.949,0,80165.823,0,5781.671,19488,39256,1.540,1.530,0.930,2,2,84.170,0,0,11,36,0,9,0
01-05 00:39:44,45.707,8.992,33.968,9.741,0,1709680,770096,174328,5278036,7878.643,6494.935,0,58669.218,0,4802.516,17136,33434,2.050,1.640,0.970,7,0,38.964,0,0,11,37,0,9,0
01-05 00:39:45,48.042,7.256,31.027,9.508,0,1705396,767472,174988,5284008,7139.295,5718.042,0,55689.105,0,4192.697,16950,31622,2.050,1.640,0.970,4,0,24.021,0,0,11,36,0,10,0
01-05 00:39:46,37.660,25.190,26.188,8.979,0,1628844,838488,175292,5289364,2472.111,1454.535,371.116,47151.674,5.986,3427.834,15098,27664,2.050,1.640,0.970,18,0,388.076,0,0,11,34,0,10,0
01-05 00:39:47,55.474,15.743,19.991,7.496,0,1653200,809040,175516,5294112,4239.998,3482.356,0,52523.199,0,3906.156,15416,30433,2.050,1.640,0.970,4,1,108.949,0,0,11,35,0,10,0
01-05 00:39:48,43.330,16.030,29.054,9.768,0,1652028,807112,175604,5296496,9499.557,7842.494,1390.570,36260.014,25.046,2820.212,13704,26089,2.050,1.640,0.970,1,1,148.274,0,0,11,35,0,10,0
01-05 00:39:49,32.987,10.746,44.732,8.497,0,1644880,812332,175752,5298192,12429.107,9340.323,411.838,42827.140,9.996,3463.636,16113,30315,1.970,1.630,0.970,4,1,116.954,0,0,11,35,0,10,0
01-05 00:39:50,37.811,8.263,42.569,9.015,0,1556848,900052,176064,5298188,6005.741,4767.733,0,45730.174,0,4056.580,15318,29132,1.970,1.630,0.970,3,1,48.078,0,0,11,34,0,10,0
01-05 00:39:51,41.247,7.999,38.497,11.249,0,1583344,872584,176316,5298872,2237.835,1457.893,0,41104.972,0,4101.698,14752,29671,1.970,1.630,0.970,2,0,38.997,0,0,11,34,0,10,0
01-05 00:39:52,36.965,7.243,43.959,9.741,0,1595664,858324,176440,5300660,7715.785,6494.927,0,46680.350,0,4094.172,14811,29601,1.970,1.630,0.970,2,1,32.969,0,0,11,37,0,10,0
01-05 00:39:53,37.708,5.494,45.450,8.491,0,1593968,858352,176464,5302268,11514.295,9932.041,0,28996.006,0,2767.946,13655,26237,1.970,1.630,0.970,4,0,29.967,0,0,11,37,0,10,0
01-05 00:39:54,35.407,6.732,46.627,9.226,0,1582848,866592,176528,5305004,9471.022,8142.526,0,48308.596,0,4079.242,16420,32204,2.050,1.650,0.980,5,1,47.874,0,0,11,36,0,11,0
01-05 00:39:55,33.893,12.051,41.174,11.047,0,1576520,869856,176652,5307844,2488.515,1464.187,0,48368.381,0,4101.330,16521,30601,2.050,1.650,0.980,1,1,122.518,0,0,11,36,0,11,0
01-05 00:39:56,33.661,7.730,43.884,11.470,0,1594532,848848,176800,5310612,4917.016,6352.227,0,51440.171,0,4440.275,17858,33727,2.050,1.650,0.980,1,0,80.787,0,0,11,37,0,11,0
01-05 00:39:57,33.810,8.014,44.830,10.268,0,1590220,850616,176864,5313024,10128.024,5955.598,0,50582.015,0,4307.666,17251,33928,2.050,1.650,0.980,2,0,63.112,0,0,11,37,0,11,0
01-05 00:39:58,33.288,6.758,48.556,8.760,0,1588664,852080,176892,5313044,12649.582,11085.779,0,45095.984,0,3825.410,16981,32373,2.050,1.650,0.980,1,1,24.028,0,0,11,37,0,11,0
01-05 00:39:59,37.503,10.001,38.753,10.501,0,1566672,878104,176908,5309016,3135.211,1923.129,0,44803.013,0,3952.266,16194,31431,2.290,1.700,1,3,0,46.003,0,0,11,36,0,11,0
01-05 00:40:00,45.245,5.499,41.996,5.999,0,1586352,858012,176960,5309372,2209.763,1349.855,0,21425.705,0,1912.795,9346,15714,2.290,1.700,1,4,0,23.997,0,0,11,34,0,13,0
01-05 00:40:01,23.971,12.235,61.426,1.248,0,1455388,988916,176964,5309428,10098.815,9016.122,0,8365.906,0,584.295,5784,6323,2.290,1.700,1,1,0,211.745,0,0,11,33,0,13,0
01-05 00:40:02,17.753,2.500,79.262,0,0,1454040,990228,176964,5309464,11984.817,9926.505,0,508.077,0,31.005,4264,5418,2.290,1.700,1,0,0,0,0,0,11,33,0,13,0
01-05 00:40:03,18.519,5.005,74.826,0,0,1423012,1020988,176964,5309732,7878.006,5759.854,0,444.452,0,25.025,3629,3654,2.290,1.700,1,2,0,55.056,0,0,11,32,0,14,0
01-05 00:40:04,22.230,3.497,72.936,0.500,0,1429752,1014248,176964,5309732,2415.870,1456.716,0,395.651,0,25.977,1725,1238,2.180,1.690,1,1,0,0,0,0,11,32,0,14,0
01-05 00:40:05,18.712,2.495,77.343,0,0,1445828,998076,176968,5309824,7929.954,6487.872,0,1828.301,0,109.778,2072,2103,2.180,1.690,1,1,0,0,0,0,11,33,0,14,0
01-05 00:40:06,19.307,4.513,75.973,0,0,1429992,1013896,176968,5309840,6515.115,5064.860,0,0,0,0,3087,3216,2.180,1.690,1,1,0,34.100,0,0,11,32,0,15,0
01-05 00:40:07,22.993,2.999,73.229,0,0,1488224,955664,176968,5309840,2928.159,1553.554,0,0,0,0,1715,1104,2.180,1.690,1,1,0,0,0,0,11,32,0,15,0
01-05 00:40:08,16.201,1.994,80.755,0.249,0,1486952,956928,176968,5309848,7808.266,7211.081,0,43.867,0,4.985,1733,1537,2.180,1.690,1,0,0,0,0,0,11,33,0,15,0
01-05 00:40:09,20.571,6.021,72.500,0.251,0,1448884,994864,176968,5309980,4135.262,2427.371,0,317.094,0,35.121,3218,3237,2.090,1.680,1,1,0,61.211,0,0,11,32,0,16,0
01-05 00:40:10,22.469,2.746,73.647,0,0,1468900,974848,176968,5309980,3110.653,2231.881,0,135.810,0,8.987,1664,1108,2.090,1.680,1,0,0,0,0,0,11,33,0,16,0
01-05 00:40:11,17.719,1.747,79.613,0,0,1468868,974864,176968,5309996,11035.998,9238.094,0,1401.587,0,17.969,2704,3114,2.090,1.680,1,2,0,0,0,0,11,33,0,16,0
01-05 00:40:12,19.803,5.515,74.197,0,0,1444632,999084,176968,5310012,4784.695,3552.425,0,0,0,0,2972,2824,2.090,1.680,1,1,0,43.114,0,0,11,32,0,17,0
01-05 00:40:13,23.005,2.751,73.515,0,0,1462120,981596,176968,5310012,2390.476,1350.269,0,40.008,0,4.001,1661,1038,2.090,1.680,1,2,0,0,0,0,11,32,0,17,0
01-05 00:40:14,17.505,1.500,79.523,0,0,1463764,979812,176968,5310152,9863.797,9118.586,0,4.001,0,1.000,2618,2916,1.920,1.650,0.990,0,0,0,0,0,11,33,0,17,0
01-05 00:40:15,15.248,7.249,75.991,0,0,1436632,1006880,176968,5310216,6930.147,4582.436,0,263.968,0,18.998,3753,3542,1.920,1.650,0.990,2,0,118.985,0,0,11,32,0,18,0
01-05 00:40:16,9.239,22.473,67.419,0.250,0,1424408,1018980,176968,5310340,2714.739,1456.251,0,4850.173,0,192.768,5925,4288,1.920,1.650,0.990,2,0,432.480,0,0,11,32,0,18,0
01-05 00:40:17,51.732,17.994,29.740,0,0,1504484,938692,176980,5310540,2808.010,1511.467,0,923.674,0,57.980,5182,3918,1.920,1.650,0.990,3,0,244.914,0,0,11,32,0,24,0
01-05 00:40:18,67.269,8.752,24.007,0,0.250,1588016,854296,176996,5311388,2404.676,1404.395,0,0,0,0,3771,1459,1.920,1.650,0.990,5,0,3.001,0,0,11,32,0,24,0
01-05 00:40:19,68.271,7.002,23.507,0.250,0,1698736,741428,177088,5313332,2602.785,1552.468,0,2144.647,0,74.022,4064,2083,2.010,1.680,1.010,5,0,1.000,0,0,11,32,0,24,0
01-05 00:40:20,70.292,6.254,23.514,0.250,0,1811616,625788,177184,5315684,2419.433,1458.864,0,3690.185,0,94.056,3874,1473,2.010,1.680,1.010,4,0,6.004,0,0,11,32,0,24,0
01-05 00:40:21,44.192,7.990,36.702,7.990,0.250,1827232,601092,177300,5324180,2936.147,1617.877,0,50118.231,0,3802.011,15513,28554,2.010,1.680,1.010,5,0,119.843,0,0,11,38,0,24,0
01-05 00:40:22,35.535,9.760,42.542,11.011,0,1824256,592776,177380,5334984,2515.463,1297.270,0,68947.512,0,5477.363,20668,40953,2.010,1.680,1.010,1,1,240.235,0,0,11,38,0,24,0
01-05 00:40:23,30.020,9.756,45.030,12.508,0,1824296,584712,177420,5342720,2719.790,1458.960,0,94742.339,0,6874.523,23291,46744,2.010,1.680,1.010,4,0,159.105,0,0,11,38,0,24,0
01-05 00:40:24,45.844,11.461,29.151,10.215,0,1742408,658132,177508,5350804,2469.590,1453.052,0,70320.536,0,5236.169,19194,37626,2.090,1.700,1.020,3,0,224.236,0,0,11,36,0,24,0
01-05 00:40:25,48.918,9.533,30.605,8.529,0,1782088,611920,177552,5357064,3070.557,1625.589,0,54250.527,0,4119.163,16179,30909,2.090,1.700,1.020,4,2,76.262,0,0,11,36,0,24,0
01-05 00:40:26,41.696,9.987,33.956,11.236,0,1812788,568580,177584,5369196,2594.664,1456.128,0,70545.308,0,4837.781,17024,34240,2.090,1.700,1.020,3,1,0,0,0,11,36,0,24,0
01-05 00:40:27,44.305,11.514,30.788,12.015,0,1851752,525132,177616,5373428,4294.334,1459.813,0,79827.158,0,5929.365,19978,40091,2.090,1.700,1.020,3,0,74.092,0,0,11,36,0,24,0
01-05 00:40:28,52.395,8.733,29.441,6.737,0,1789008,584996,177636,5376184,3868.270,1293.415,0,43572.929,0,3447.112,14175,25956,2.090,1.700,1.020,2,0,146.707,0,0,11,36,0,24,0
01-05 00:40:29,27.014,15.008,57.029,1.251,0,1506748,867216,177640,5376216,2701.395,1620.837,0,17404.985,0,1015.524,5943,7111,2,1.690,1.020,1,0,250.129,0,0,11,32,0,24,0
01-05 00:40:30,22.507,3.501,72.523,0.250,0,1500056,873904,177640,5376216,4071.277,1350.423,0,1232.386,0,78.024,1951,1616,2,1.690,1.020,1,0,1.000,0,0,11,32,0,24,0
01-05 00:40:31,23.205,3.493,72.360,0.499,0,1528088,845872,177640,5376216,2772.652,1455.193,0,4543.237,0,273.473,2186,2183,2,1.690,1.020,1,0,0,0,0,11,32,0,24,0
01-05 00:40:32,23.240,2.749,72.968,0,0,1564560,809400,177640,5376216,2793.769,1457.358,0,3.998,0,1.000,1938,1437,2,1.690,1.020,3,0,1.999,0,0,11,36,0,24,0
01-05 00:40:33,22.822,4.264,71.978,0.251,0,1491352,882564,177640,5376260,2652.416,1408.469,0,156.497,0,12.038,2411,1700,2,1.690,1.020,2,0,28.089,0,0,11,32,0,24,0
01-05 00:40:34,28.901,5.980,63.782,0,0,1538208,835692,177640,5376264,2349.961,1453.029,0,47.836,0,3.986,2796,12255,1.920,1.670,1.020,1,0,37.870,0,0,11,32,0,25,0
01-05 00:40:35,22.801,3.257,73.413,0,0,1576932,796968,177640,5376264,2724.037,1461.238,0,0,0,0,1634,1041,1.920,1.670,1.020,1,0,1.002,0,0,11,32,0,25,0
01-05 00:40:36,23.721,1.998,72.910,0.250,0,1598424,775472,177640,5376268,2774.561,1456.195,0,111.861,0,13.983,1908,1516,1.920,1.670,1.020,1,0,1.998,0,0,11,34,0,24,0
01-05 00:40:37,17.273,21.529,60.580,0,0.250,1522848,851032,177640,5376284,2438.228,1459.933,0,656.870,0,107.142,4815,4054,1.920,1.670,1.020,2,0,458.607,0,0,11,32,0,24,0
01-05 00:40:38,14.007,36.769,47.775,0,0,1507920,865892,177644,5376344,2419.258,1458.758,0,240.125,0,22.011,7077,6335,1.920,1.670,1.020,1,0,807.420,0,0,11,32,0,24,0
01-05 00:40:39,8.731,21.952,68.100,0,0,1498932,874828,177644,5376396,2412.670,1454.786,0,263.418,0,19.956,5812,4284,1.930,1.680,1.020,1,0,452.001,0,0,11,32,0,24,0
01-05 00:40:40,9.497,19.744,69.730,0,0,1483684,890028,177644,5376444,2657.224,1457.574,0,7.998,0,1.999,5665,4274,1.930,1.680,1.020,1,0,369.892,0,0,11,32,0,18,0
01-05 00:40:41,9.524,19.549,69.175,0,0,1481476,892212,177644,5376468,2604.580,1461.693,0,28.071,0,7.018,5394,3816,1.930,1.680,1.020,2,0,311.788,0,0,11,32,0,18,0
01-05 00:40:42,18.500,17.250,63.501,0,0,1442760,930904,177644,5376828,3095.064,1500.031,0,16.000,0,4.000,6304,7847,1.930,1.680,1.020,15,0,249.005,0,0,11,32,0,18,0
01-05 00:40:43,36.010,13.504,49.764,0,0,1486632,887000,177648,5376856,2778.758,1458.398,0,1200.327,0,187.051,4070,2844,1.930,1.680,1.020,2,0,134.037,0,0,11,33,0,18,0
01-05 00:40:44,45.002,6.250,48.252,0,0,1548132,825420,177652,5377028,3018.106,1458.051,0,260.009,0,7.000,2734,1256,2.010,1.700,1.030,2,0,0,0,0,11,33,0,16,0
01-05 00:40:45,43.860,6.728,48.595,0,0,1610140,763352,177652,5377088,2769.151,1453.356,0,0,0,0,2672,1168,2.010,1.700,1.030,2,0,0,0,0,11,33,0,16,0
01-05 00:40:46,44.887,5.015,47.897,0.502,0,1649560,723536,177656,5377472,2485.605,1462.475,104.319,429.314,1.003,34.104,3741,3187,2.010,1.700,1.030,2,0,19.058,0,0,11,49,0,16,0
01-05 00:40:47,50.801,6.006,42.793,0.250,0,1681208,687808,177700,5381132,4359.388,1459.469,0,1761.773,0,153.154,5169,7435,2.010,1.700,1.030,1,0,15.015,0,0,11,48,0,17,0
01-05 00:40:48,9.237,19.722,70.151,0,0,1700368,668428,177700,5381492,4146.148,1455.945,0,371.476,0,14.979,5458,4018,2.010,1.700,1.030,1,0,338.522,0,0,11,48,0,16,0
01-05 00:40:49,23.193,12.719,62.846,0.499,0,1698880,669900,177700,5381328,2651.483,1454.425,0,323.206,0,23.941,5666,7188,1.930,1.690,1.030,0,0,146.640,0,0,11,48,0,16,0
01-05 00:40:50,0.501,0.751,97.442,0.250,0,1697788,670992,177700,5381328,2603.116,1502.954,0,100.197,0,11.022,699,974,1.930,1.690,1.030,0,0,3.006,0,0,11,48,0,16,0
01-05 00:40:51,0.749,0.499,98.104,0,0,1696016,672764,177700,5381328,2654.050,1455.833,0,0,0,0,633,940,1.930,1.690,1.030,2,0,0.999,0,0,11,48,0,16,0
01-05 00:40:52,0.501,0.751,97.153,0,0,1694292,674472,177700,5381340,2859.505,1460.301,0,3329.246,0,98.155,883,1147,1.930,1.690,1.030,0,0,2.003,0,0,11,48,0,16,0
01-05 00:40:53,0.749,0.999,96.624,0.499,0,1692808,675956,177700,5381340,3014.056,1456.094,0,6886.987,0,334.562,1271,2137,1.930,1.690,1.030,0,0,0.999,0,0,11,48,0,16,0
01-05 00:40:54,13.746,11.746,72.978,0.250,0,1695472,673292,177700,5381688,2777.156,1457.557,0,2779.155,0,137.958,4699,5746,1.860,1.680,1.030,1,0,200.939,0,0,11,48,0,16,0
01-05 00:40:55,17.295,13.285,67.676,0,0,1668676,700056,177700,5381336,2785.250,1461.805,0,4.010,0,1.003,4900,5667,1.860,1.680,1.030,0,0,155.405,0,0,11,48,0,16,0
01-05 00:40:56,14.510,20.764,63.542,0.500,0,1681512,687032,177700,5381468,2895.921,1697.126,0,456.303,0,42.028,6147,5850,1.860,1.680,1.030,1,0,357.237,0,0,12,64,0,15,0
01-05 00:40:57,21.496,13.498,64.239,0,0,1684436,684084,177700,5381568,2794.526,1457.753,0,1155.804,0,20.996,6020,8327,1.860,1.680,1.030,1,0,161.973,0,0,12,64,0,15,0
01-05 00:40:58,8.998,9.998,78.984,0,0,1682576,685796,177700,5381604,2417.509,1457.704,0,5342.914,0,387.921,3653,3486,1.860,1.680,1.030,0,0,187.962,0,0,12,64,0,15,0
01-05 00:40:59,12.740,14.738,71.694,0,0,1676308,692032,177700,5382068,2476.067,1456.862,0,31.975,0,6.995,4982,5604,1.870,1.680,1.040,2,0,203.841,0,0,14,64,0,15,0
01-05 00:41:00,18.774,12.266,68.589,0,0,1660640,707700,177700,5381636,2601.385,1529.991,0,0,0,0,4600,5094,1.870,1.680,1.040,3,0,153.199,0,0,14,66,0,13,0
01-05 00:41:01,9.250,19.750,69.752,0,0,1676404,691748,177700,5381804,2778.069,1458.036,0,16.000,0,4.000,5413,3976,1.870,1.680,1.040,2,0,339.008,0,0,14,66,0,13,0
01-05 00:41:02,9.995,20.739,68.214,0,0,1643476,724640,177700,5381836,2853.495,1499.209,0,31.983,0,7.996,5358,3852,1.870,1.680,1.040,2,0,301.841,0,0,14,66,0,13,0
01-05 00:41:03,22.256,12.253,65.017,0,0,1652284,715816,177700,5381936,2778.727,1458.382,0,132.035,0,8.002,5552,7934,1.870,1.680,1.040,2,0,130.034,0,0,14,66,0,13,0
01-05 00:41:04,29.504,23.503,45.506,0,0,1707236,660836,177700,5381872,2986.424,1566.222,0,124.018,0,6.001,6259,4940,1.880,1.690,1.040,3,0,418.059,0,0,14,66,0,12,0
01-05 00:41:05,31.965,23.474,44.201,0,0,1769564,598464,177716,5381900,2715.014,1456.398,0,275.697,0,2.997,6108,4652,1.880,1.690,1.040,3,0,473.479,0,0,14,66,0,12,0
01-05 00:41:06,31.742,23.744,43.240,0.250,0,1821804,544544,177772,5383380,2477.413,1547.633,7.998,675.840,1.000,19.995,7056,7844,1.880,1.690,1.040,2,0,396.906,0,0,14,70,0,14,0
01-05 00:41:07,33.768,24.263,41.022,0,0.250,1911680,454612,177772,5383756,3050.645,1554.838,0,1080.583,0,34.018,6567,6225,1.880,1.690,1.040,3,0,332.179,0,0,14,70,0,14,0
01-05 00:41:08,46.166,15.722,36.684,0,0,1936536,429728,177772,5383764,2860.821,1563.170,0,7.986,0,1.996,4940,4380,1.880,1.690,1.040,5,0,116.789,0,0,14,70,0,13,0
01-05 00:41:09,73.445,25.317,2.005,0,0,2032860,333212,177780,5384060,2725.244,1461.886,0,774.058,0,7.019,5048,3864,2.130,1.750,1.060,5,0,367.978,0,0,14,70,0,13,0
01-05 00:41:10,60.498,19.999,19.000,0,0,2113936,251896,177792,5384268,2837.926,1457.962,0,19.999,0,5.000,5606,5972,2.130,1.750,1.060,4,0,243.994,0,0,14,70,0,13,0
01-05 00:41:11,68.126,20.388,9.945,0,0.249,2183336,181724,177812,5384988,3075.106,1503.739,0,1101.946,0,133.268,5123,5598,2.130,1.750,1.060,4,0,270.514,0,0,14,70,0,13,0
01-05 00:41:12,69.697,26.074,2.507,2.006,0,2234324,142716,175700,5374856,3071.703,1570.450,104.296,597.694,19.054,31.088,5297,4886,2.130,1.750,1.060,2,2,368.043,0,0,14,70,0,11,0
01-05 00:41:13,75.709,17.047,4.262,2.256,0,2334808,155112,172880,5267568,2845.867,1462.042,324.898,16.044,49.136,4.011,6384,6397,2.130,1.750,1.060,5,0,143.396,0,0,14,74,0,11,0
01-05 00:41:14,69.407,23.468,4.744,1.997,0,2454044,122212,171852,5183952,2788.257,1509.973,691.072,22353.990,29.960,1548.921,11833,18975,2.520,1.830,1.100,5,1,267.641,0,0,14,76,0,11,0
01-05 00:41:15,69.254,26.157,3.239,0.996,0,2542900,163068,171332,5058424,2708.395,1452.848,0,21918.269,0,2091.582,13461,24122,2.520,1.830,1.100,4,2,312.890,0,0,14,76,0,11,0
01-05 00:41:16,72.720,17.493,7.997,1.499,0,2598864,178352,171176,4989168,2864.820,1565.355,55.977,3818.427,3.998,271.888,8700,13813,2.520,1.830,1.100,6,0,149.938,0,0,14,78,0,13,0
01-05 00:41:17,77.786,20.009,1.501,0,0,2637196,138236,171176,4990704,4357.025,1548.720,0,1772.824,0,55.026,8023,11979,2.520,1.830,1.100,5,2,232.108,0,0,14,78,0,16,0
01-05 00:41:18,60.652,24.812,14.035,0.251,0,2718664,124016,170448,4925556,2724.811,1461.654,24.060,1138.847,5.013,55.138,7228,8216,2.520,1.830,1.100,3,0,403.007,0,0,14,93,0,20,0
01-05 00:41:19,45.554,24.529,28.284,0,0.250,2785356,128492,170416,4856316,5816.954,1661.987,0,853.020,0,35.042,7134,9233,2.480,1.840,1.100,2,0,339.406,0,0,14,93,0,20,0
01-05 00:41:20,44.846,14.201,39.614,0.249,0,2814360,171616,170416,4785984,2483.456,1506.816,19.931,558.080,1.993,29.897,5925,7925,2.480,1.840,1.100,1,0,134.537,0,0,14,95,0,20,0
01-05 00:41:21,67.545,13.057,18.581,0.753,0,2923592,132412,170304,4717864,2549.117,1464.386,36.158,2285.969,3.013,118.517,4929,4159,2.480,1.840,1.100,5,0,128.561,0,0,14,96,0,14,0
01-05 00:41:22,56.409,8.986,33.446,0,0,2998136,189536,170308,4588652,2610.795,1455.655,0,7.987,0,1.997,4592,5740,2.480,1.840,1.100,2,0,8.986,0,0,14,98,0,17,0
01-05 00:41:23,29.532,13.765,54.810,0.501,0,3034052,152952,170324,4589372,2698.969,1567.725,4.004,2710.982,1.001,302.333,5256,4561,2.480,1.840,1.100,1,0,199.219,0,0,14,101,0,17,0
01-05 00:41:24,7.990,19.974,70.409,0,0,3045576,141396,170328,4589400,2488.796,1510.056,0,14173.751,0,557.282,5414,3858,2.360,1.820,1.100,1,0,283.635,0,0,14,101,0,17,0
01-05 00:41:25,8.502,19.755,70.770,0,0,3043988,142952,170328,4589432,2658.738,1458.405,4.001,184.051,1.000,7.002,5302,3841,2.360,1.820,1.100,1,0,298.083,0,0,14,101,0,17,0
01-05 00:41:26,13.268,14.019,70.847,0,0,3059544,193768,170328,4524316,2541.482,1460.000,0,508.697,0,12.016,4081,3149,2.360,1.820,1.100,1,0,210.288,0,0,14,101,0,17,0
01-05 00:41:27,23.717,2.497,72.899,0.250,0,3110144,143480,170328,4524168,3099.697,1895.369,3.994,2424.634,0.999,10.985,1855,1235,2.360,1.820,1.100,0,0,0.999,0,0,14,103,1,17,0
01-05 00:41:28,19.501,3.250,76.253,0.250,0,3118152,135444,170328,4524196,8970.335,7672.286,4.000,308.011,1.000,38.001,2962,3187,2.360,1.820,1.100,1,0,4.000,0,0,14,114,0,17,0
01-05 00:41:29,19.779,6.259,73.359,0,0,3080324,173256,170328,4524212,19806.330,18296.093,0,140.208,0,9.013,2531,1923,2.250,1.810,1.100,1,0,64.095,0,0,14,113,0,18,0
01-05 00:41:30,21.486,2.498,74.703,0,0,3128944,124632,170328,4524216,3737.647,3028.094,0,0,0,0,1646,1104,2.250,1.810,1.100,1,0,0,0,0,14,114,0,18,0
01-05 00:41:31,17.982,2.248,77.674,0.500,0,3130664,122896,170328,4524236,8869.347,6638.523,3.996,363.645,0.999,39.961,2638,2787,2.250,1.810,1.100,2,0,1.998,0,0,14,118,0,18,0
01-05 00:41:32,29.485,6.996,61.718,0.999,0,3152232,167832,170340,4459236,3455.234,1619.172,119.939,1363.303,8.995,187.904,4895,6911,2.250,1.810,1.100,2,0,5.997,0,0,14,123,0,18,0
01-05 00:41:33,27.049,6.011,64.117,1.503,0,3157048,162972,170344,4459404,4165.618,2701.941,12.022,1647.012,3.005,186.341,5036,6870,2.250,1.810,1.100,3,0,4.007,0,0,14,128,0,19,1
01-05 00:41:34,30.736,9.995,57.473,0.500,0,3131760,188192,170344,4459304,4256.013,1631.238,23.989,579.729,1.999,35.983,4216,12842,2.150,1.790,1.100,1,0,146.931,0,0,14,128,0,21,0
01-05 00:41:35,19.943,1.994,77.279,0,0,3171824,148124,170344,4459476,4545.991,3878.900,0,442.733,0,25.926,1617,1198,2.150,1.790,1.100,0,0,0,0,0,14,129,0,21,0
01-05 00:41:36,22.577,3.010,74.255,0.251,0,3173544,146360,170344,4459520,7731.511,6749.142,32.110,369.266,2.007,24.083,2371,2237,2.150,1.790,1.100,0,0,0,0,0,14,129,0,21,0
01-05 00:41:37,19.474,4.244,73.402,0.499,0,3178564,141320,170344,4459540,5049.273,2528.631,0,998.669,0,94.874,3817,4918,2.150,1.790,1.100,1,0,0,0,0,14,129,0,20,0
01-05 00:41:38,39.182,10.482,48.416,0.250,0,3173768,211328,170220,4395952,3629.712,2647.413,0,3481.968,0,237.588,4648,4965,2.150,1.790,1.100,2,0,93.837,0,0,14,128,0,21,0
01-05 00:41:39,45.070,6.761,47.574,0.250,0,3252756,132204,170220,4396088,2555.991,1514.365,0,416.651,0,21.033,2902,1557,2.140,1.800,1.100,2,0,6.009,0,0,14,128,0,21,0
01-05 00:41:40,36.767,5.002,57.276,0.250,0,3293372,155072,170220,4334060,26245.914,24658.193,180.082,332.151,1.000,15.007,2880,1706,2.140,1.800,1.100,2,0,0,0,0,14,129,0,21,0
01-05 00:41:41,19.949,6.982,71.817,0.249,0,3266144,182272,170220,4334088,4458.633,1585.957,7.980,1675.728,1.995,92.763,2799,2348,2.140,1.800,1.100,1,0,54.860,0,0,14,128,0,22,0
01-05 00:41:42,35.574,5.511,58.372,0,0,3350440,162248,170220,4271664,2860.963,1503.133,8.017,456.952,2.004,20.042,3403,3052,2.140,1.800,1.100,5,0,5.010,0,0,14,130,0,22,0
01-05 00:41:43,21.278,2.253,75.098,0.250,0,3351448,161028,170220,4271876,26246.356,24703.336,0,620.813,0,32.042,2789,3118,2.140,1.800,1.100,2,0,2.003,0,0,14,130,0,23,0
01-05 00:41:44,19.953,6.235,72.330,0,0,3303536,208920,170220,4271896,2665.738,1508.457,0,163.616,0,12.970,2432,1996,2.050,1.780,1.100,2,0,50.880,0,0,14,130,0,23,0
01-05 00:41:45,19.036,2.254,77.896,0.250,0,3330460,181996,170220,4271896,8397.769,7202.524,0,2632.944,0,299.562,1863,1395,2.050,1.780,1.100,1,0,0,0,0,14,131,0,23,0
01-05 00:41:46,19.747,3.500,73.990,0.750,0,3334188,178216,170220,4271948,4549.360,3493.508,11.998,711.900,1.000,90.987,3154,4023,2.050,1.780,1.100,1,0,0,0,0,14,130,0,24,0
01-05 00:41:47,19.750,8.750,71.249,0,0,3334660,177728,170220,4271948,2674.957,1457.976,0,227.996,0,14.000,2826,2071,2.050,1.780,1.100,1,0,87.999,0,0,14,130,0,24,0
01-05 00:41:48,23.743,2.499,72.228,0.250,0,3335652,176732,170220,4271952,2597.204,1457.553,0,459.859,0,29.991,1961,1602,2.050,1.780,1.100,1,0,0,0,0,14,130,0,24,0
01-05 00:41:49,18.469,1.497,78.868,0,0,3337628,174744,170220,4271964,25940.469,24629.669,0,259.564,0,14.975,1920,1562,1.960,1.770,1.100,1,0,0.998,0,0,14,130,0,24,0
01-05 00:41:50,20.558,6.268,72.455,0,0,3328416,183944,170220,4271976,4169.779,1504.249,0,192.544,0,11.031,2431,1765,1.960,1.770,1.100,1,0,55.156,0,0,14,130,0,24,0
01-05 00:41:51,18.647,2.238,77.570,0,0,3362996,149360,170220,4271980,4924.704,3827.784,0,202.876,0,14.917,1775,1371,1.960,1.770,1.100,1,0,0,0,0,14,131,0,24,0
01-05 00:41:52,21.346,3.265,73.580,1.256,0,3361268,151020,170220,4272048,7203.302,5838.180,4.018,1410.324,1.005,183.824,4036,5508,1.960,1.770,1.100,1,0,0,0,0,14,131,0,24,0
01-05 00:41:53,25.984,3.997,66.458,1.249,0,3363844,148224,170220,4272268,2596.365,1457.082,0,2106.673,0,272.828,5155,7475,1.960,1.770,1.100,3,0,1.999,0,0,14,134,0,25,0
01-05 00:41:54,20.741,6.747,71.967,0.250,0,3338588,173468,170220,4272288,3680.315,2762.735,0,1595.270,0,115.947,3819,4705,1.890,1.760,1.100,1,0,52.976,0,0,14,133,0,26,0
01-05 00:41:55,22.233,2.248,74.192,0.500,0,3385120,126936,170220,4272288,3261.462,2103.363,0,483.624,0,28.977,1694,1157,1.890,1.760,1.100,1,0,0,0,0,14,134,0,26,0
01-05 00:41:56,15.275,2.003,81.384,0.250,0,3380980,131060,170220,4272304,11689.264,10849.881,0,2880.747,0,170.281,2186,2343,1.890,1.760,1.100,1,0,0,0,0,14,134,0,26,0
01-05 00:41:57,26.969,5.494,65.925,0.749,0,3385056,126936,170224,4272348,2498.147,1456.337,0,978.882,0,127.854,5992,8645,1.890,1.760,1.100,1,0,0.999,0,0,14,134,0,26,2
01-05 00:41:58,32.562,5.510,60.114,0.751,0,3384728,127188,170224,4272424,2274.318,1352.568,0,869.651,0,97.184,7102,10411,1.890,1.760,1.100,3,0,2.004,0,0,14,138,0,26,2
01-05 00:41:59,28.724,8.243,61.445,0.500,0,3343576,168316,170224,4272448,3845.575,2267.980,0,4839.689,0,292.739,5033,6226,1.810,1.750,1.100,2,0,79.929,0,0,14,139,0,27,0
01-05 00:42:00,23.196,2.993,73.329,0,0,3393168,118712,170224,4272460,2932.152,1696.039,0,363.152,0,13.967,1749,1151,1.810,1.750,1.100,0,0,0,0,0,14,139,1,27,0
01-05 00:42:01,16.538,2.506,78.931,0.501,0,3390512,184836,170224,4210540,11291.940,9832.588,8.018,2325.342,2.005,299.688,2772,3160,1.810,1.750,1.100,1,0,0,0,0,14,140,0,27,0
01-05 00:42:02,18.277,9.514,71.357,0.250,0,3336844,238532,170224,4210564,4132.197,2608.913,0,941.412,0,73.110,3768,3645,1.810,1.750,1.100,1,0,147.221,0,0,14,139,0,28,0
01-05 00:42:03,23.456,2.994,72.613,0.250,0,3385228,190148,170224,4210564,2832.649,1455.251,0,443.163,0,35.932,2003,1730,1.810,1.750,1.100,1,0,0,0,0,14,139,0,28,0
01-05 00:42:04,23.292,2.505,72.131,0.250,0.250,3394512,180836,170224,4210592,9018.372,7839.232,0,593.077,0,55.100,3165,3708,1.670,1.720,1.090,2,0,0,0,0,14,140,0,28,0
01-05 00:42:05,19.731,3.497,74.180,0.749,0,3394656,180536,170228,4210744,9409.156,6629.768,3.996,2106.020,0.999,144.864,4199,5579,1.670,1.720,1.090,1,0,0,0,0,14,140,0,28,0
01-05 00:42:06,24.741,6.248,67.225,0.250,0,3396612,178532,170228,4210792,2329.129,1391.479,0,867.675,0,96.964,6204,8802,1.670,1.720,1.090,1,0,1.999,0,0,14,140,0,28,0
01-05 00:42:07,41.244,7.249,49.992,1.000,0,3320700,254308,170228,4210928,4094.365,2993.536,31.995,959.851,2.000,100.984,8846,13255,1.670,1.720,1.090,4,0,20.997,0,0,14,141,0,29,0
01-05 00:42:08,31.280,16.015,50.298,0.250,0,3361196,213664,170228,4211012,2596.487,1787.713,0,1213.162,0,107.103,7174,9042,1.670,1.720,1.090,3,0,269.258,0,0,14,141,0,29,0
01-05 00:42:09,24.468,3.495,71.655,0.250,0,3409800,165056,170228,4211016,2175.117,1523.980,0,543.280,0,32.956,1987,1424,1.610,1.700,1.090,1,0,1.997,0,0,14,143,0,29,0
01-05 00:42:10,19.214,1.497,77.603,0,0,3412056,162800,170228,4211016,9997.032,9033.860,0,399.243,0,25.951,2108,1749,1.610,1.700,1.090,1,0,0,0,0,14,143,0,28,0
01-05 00:42:11,10.031,19.059,69.967,0.251,0.251,3392708,182108,170228,4211056,2606.101,1354.210,4.012,353.098,1.003,19.059,5189,3863,1.610,1.700,1.090,2,0,308.960,0,0,14,143,0,28,0
01-05 00:42:12,9.994,20.988,68.210,0,0,3341040,233620,170232,4211208,2719.405,1403.177,0,355.791,0,28.983,5351,3884,1.610,1.700,1.090,3,0,295.826,0,0,14,143,0,28,0
01-05 00:42:13,22.001,13.500,63.502,0,0,3335644,239004,170232,4211580,4010.121,1350.041,0,1428.043,0,90.003,6224,8460,1.610,1.700,1.090,1,0,164.005,0,0,14,143,0,28,0
01-05 00:42:14,28.465,20.724,49.689,0,0,3392592,182040,170232,4211240,2474.946,1526.117,0,163.798,0,11.985,5746,4461,1.650,1.710,1.100,2,0,339.581,0,0,14,143,0,28,0
01-05 00:42:15,31.285,23.276,44.800,0,0,3426028,148556,170232,4211288,2554.830,1405.557,0,36.040,0,9.010,5631,3961,1.650,1.710,1.100,2,0,318.353,0,0,14,143,0,28,0
01-05 00:42:16,36.020,16.009,45.525,0.500,0,3450828,185828,170244,4151124,2271.259,1350.749,32.018,3589.990,3.002,389.216,7510,10222,1.650,1.710,1.100,5,0,216.120,0,0,14,149,0,28,0
01-05 00:42:17,39.760,17.395,41.251,0,0,3508080,127612,170244,4152092,2539.648,1449.240,3.976,496.996,0.994,33.796,6169,7738,1.650,1.710,1.100,6,0,213.708,0,0,16,149,0,28,0
01-05 00:42:18,56.862,26.418,16.354,0.252,0,3623840,130156,170244,4036648,1968.548,1394.891,96.616,3635.172,6.038,224.431,7489,10708,1.650,1.710,1.100,3,0,412.630,0,0,16,155,0,18,0
01-05 00:42:19,55.771,24.259,20.008,0,0,3685036,159752,170004,3947344,2663.010,1552.589,0,696.264,0,22.008,6099,6034,1.750,1.730,1.110,3,0,293.111,0,0,16,155,0,18,0
01-05 00:42:20,65.392,16.972,16.223,0,0,3734556,156480,170004,3900828,4077.281,1401.690,7.987,1217.993,1.997,74.877,7453,10111,1.750,1.730,1.110,5,0,182.699,0,0,16,171,0,18,0
01-05 00:42:21,36.120,24.412,38.362,0,0,3783252,161684,170004,3847712,2441.231,1345.168,3.986,2100.455,0.996,25.907,6542,6237,1.750,1.730,1.110,5,0,340.776,0,0,16,171,0,18,0
01-05 00:42:22,35.165,21.350,41.947,0.251,0,3816392,172756,170008,3804304,2673.551,1410.622,8.038,289.358,2.009,13.061,5969,4264,1.750,1.730,1.110,3,0,374.759,0,0,16,171,0,15,0
01-05 00:42:23,24.752,20.502,53.754,0,0,3848084,140972,170020,3804728,4038.301,1420.106,4.000,204.015,1.000,19.001,6911,7139,1.750,1.730,1.110,2,0,301.022,0,0,17,171,0,15,0
01-05 00:42:24,22.763,13.508,63.035,0.250,0,3848036,141012,170020,3804384,2479.394,1458.820,4.002,760.428,1.001,103.058,4129,4510,1.690,1.720,1.110,4,0,122.069,0,0,17,171,0,15,0
01-05 00:42:25,29.751,23.501,45.501,0,0,3903924,137788,169900,3752844,2464.069,1404.039,0,8.000,0,2.000,6064,4587,1.690,1.720,1.110,4,0,395.011,0,0,17,171,0,15,0
01-05 00:42:26,35.751,22.000,41.501,0,0,3958096,137852,169900,3700336,2150.034,1350.022,4.000,404.006,1.000,37.001,5838,6356,1.690,1.720,1.110,3,0,298.005,0,0,17,179,0,15,0
01-05 00:42:27,35.481,12.993,49.973,0,0,3986568,159760,169904,3650724,2331.722,1295.290,0,0,0,0,5049,6127,1.690,1.720,1.110,2,0,127.930,0,0,17,185,0,15,0
01-05 00:42:28,41.769,25.511,31.764,0.500,0,4070300,134388,170036,3593672,2419.088,1548.697,140.063,584.263,6.003,44.020,8664,12156,1.690,1.720,1.110,6,0,431.194,0,0,17,191,0,15,0
01-05 00:42:29,30.501,26.251,42.752,0.250,0,4117032,182528,170040,3500940,2478.089,1458.052,20.001,232.008,2.000,20.001,6502,6056,1.800,1.740,1.120,3,0,496.018,0,0,17,191,0,15,0
01-05 00:42:30,34.658,22.939,39.645,0.748,0,4178268,148404,170044,3474616,2190.190,1292.571,15.958,817.830,3.989,52.860,8581,12658,1.800,1.740,1.120,1,0,405.923,0,0,17,213,0,14,0
01-05 00:42:31,14.761,20.015,64.550,0,0,4193324,133308,170044,3475096,2539.955,1459.123,4.003,836.644,1.001,60.046,6177,6001,1.800,1.740,1.120,1,0,274.211,0,0,17,213,0,14,0
01-05 00:42:32,23.497,14.248,61.742,0,0.250,4205716,120900,170044,3474652,5446.288,1295.831,0,171.978,0,10.999,5448,6446,1.800,1.740,1.120,3,0,162.979,0,0,17,213,0,14,0
01-05 00:42:33,44.501,8.250,45.501,1.000,0,4285536,138460,170044,3378696,2478.050,1458.029,272.005,360.007,6.000,37.001,3445,2414,1.800,1.740,1.120,3,0,29.001,0,0,17,217,0,14,0
01-05 00:42:34,51.562,8.510,37.295,1.001,0,4394932,126400,170044,3283072,2360.827,1459.748,408.489,224.269,13.016,22.026,4002,21707,1.820,1.740,1.120,2,0,37.044,0,0,17,217,0,12,0
01-05 00:42:35,43.019,8.254,46.521,2.001,0,4465112,118728,170052,3221912,2437.104,1296.587,132.060,364.165,11.005,22.010,3265,2259,1.820,1.740,1.120,1,0,9.004,0,0,17,220,0,12,0
01-05 00:42:36,30.232,11.243,56.966,0,0,4361756,242436,170056,3202004,2476.505,1457.121,0,259.843,0,17.989,3696,2914,1.820,1.740,1.120,3,0,184.888,0,0,17,221,0,12,0
01-05 00:42:37,28.272,24.519,42.533,4.003,0,4399756,203428,170056,3202980,2514.952,1297.007,944.733,18246.163,11.009,882.685,6486,5000,1.820,1.740,1.120,5,0,399.310,0,0,17,227,0,12,0
01-05 00:42:38,35.726,28.481,31.979,2.498,0,4450624,150512,170072,3205016,4894.734,3846.433,1215.189,431.712,22.985,28.981,6402,5670,1.820,1.740,1.120,5,0,353.764,0,0,17,228,0,11,0
01-05 00:42:39,43.014,17.005,39.262,1.000,0,4449600,175340,170076,3182316,8798.780,7902.497,36.011,380.120,3.001,15.005,6271,8031,1.910,1.770,1.130,3,0,187.059,0,0,17,229,0,12,0
01-05 00:42:40,65.601,16.338,14.605,1.980,0,4490644,132752,170080,3183828,2572.539,1443.711,126.746,253.491,6.931,14.853,4819,4020,1.910,1.770,1.130,5,0,152.491,0,0,17,232,0,12,0
01-05 00:42:41,70.229,13.844,11.327,4.279,0,4597568,151076,170084,3060712,8277.414,7070.186,430.937,225.537,11.075,8.055,4654,3112,1.910,1.770,1.130,4,0,14.096,0,0,17,233,0,12,0
01-05 00:42:42,53.939,9.989,23.973,11.487,0,4664932,120312,170108,3025252,9529.256,6713.431,1702.081,819.077,53.939,40.954,4646,4071,1.910,1.770,1.130,2,2,27.968,0,0,17,238,0,12,1
01-05 00:42:43,51.631,10.527,16.793,21.054,0,4626020,153216,170112,3031256,4318.992,1407.582,4194.675,6668.973,262.668,32.082,4686,4191,1.910,1.770,1.130,3,1,21.054,0,0,17,238,0,12,0
01-05 00:42:44,64.774,11.504,16.256,6.252,0,4665972,146124,170176,2999848,4472.639,3784.387,2004.735,1756.644,180.066,137.050,6028,7308,2.080,1.800,1.150,1,0,45.016,0,0,17,242,0,17,0
01-05 00:42:45,31.518,22.763,44.025,0.500,0.250,4698152,151312,170184,2963324,11959.876,10025.764,28.016,916.527,4.002,55.032,6987,7232,2.080,1.800,1.150,2,0,378.217,0,0,17,241,0,19,0
01-05 00:42:46,44.986,22.993,31.490,0,0,4667448,180448,170188,2965300,2417.231,1457.536,0,635.798,0,33.989,6994,7606,2.080,1.800,1.150,3,0,297.905,0,0,17,243,0,19,0
01-05 00:42:47,45.501,18.000,35.751,0,0,4685800,161280,170188,2965632,4086.077,3621.068,0,280.005,0,20.000,5592,6264,2.080,1.800,1.150,2,0,190.004,0,0,17,244,0,17,0
01-05 00:42:48,50.801,25.276,23.023,0.751,0,4723048,164436,170188,2926220,10852.950,9831.920,12.012,764.772,3.003,52.053,6453,6728,2.080,1.800,1.150,5,0,392.396,0,0,17,244,0,17,0
01-05 00:42:49,61.670,22.221,14.731,0.250,0,4754568,131668,170188,2927452,3142.909,1545.987,31.958,371.516,0.999,21.971,5813,6232,2.150,1.820,1.160,3,0,249.675,0,0,17,243,0,18,0
01-05 00:42:50,65.905,18.973,13.231,1.498,0,4811164,142392,170212,2862116,4065.125,3413.068,1170.309,806.834,56.918,28.958,6579,8621,2.150,1.820,1.160,5,0,211.694,0,0,17,247,0,21,0
01-05 00:42:51,50.809,24.779,22.776,0.501,0,4831328,162184,170212,2822988,11355.144,9657.179,144.167,1041.205,5.006,64.074,6938,7186,2.150,1.820,1.160,3,0,375.435,0,0,17,248,0,20,0
01-05 00:42:52,63.774,21.758,13.255,1.000,0,4835912,152720,170216,2828204,3271.248,2089.797,976.372,664.253,26.010,48.018,8740,17417,2.150,1.820,1.160,4,0,225.086,0,0,17,249,0,22,0
01-05 00:42:53,55.299,19.267,20.018,4.504,0,4888536,134408,170216,2794408,2955.631,2074.847,372.331,652.581,24.021,23.020,7132,11307,2.150,1.820,1.160,3,0,218.194,0,0,17,256,0,22,0
01-05 00:42:54,58.756,10.001,30.503,0.250,0,4986956,130112,170216,2701152,11385.112,10689.044,92.009,468.046,8.001,41.004,4490,3269,2.220,1.840,1.170,3,0,39.004,0,0,17,260,0,22,0
01-05 00:42:55,61.978,9.210,27.380,0.747,0.249,5014928,135156,170224,2669036,9904.463,8160.131,410.197,446.039,9.956,40.821,4788,3845,2.220,1.840,1.170,4,0,13.939,0,0,17,260,0,21,0
01-05 00:42:56,64.940,10.280,21.062,3.510,0,5098596,141812,169840,2581400,3380.915,2360.924,970.847,910.671,80.235,68.200,5464,6494,2.220,1.840,1.170,4,0,10.029,0,0,17,264,1,27,0
01-05 00:42:57,54.591,7.229,34.649,2.742,0,5149716,125556,169840,2547516,15836.014,14504.879,981.151,2584.495,32.904,174.493,5100,4727,2.220,1.840,1.170,4,0,6.980,0,0,17,269,0,29,0
01-05 00:42:58,58.730,22.337,17.820,0.502,0,5059240,242664,169876,2521424,2412.448,1301.095,762.988,995.900,20.079,56.220,6355,6205,2.220,1.840,1.170,3,0,329.290,0,0,17,273,0,30,0
01-05 00:42:59,49.691,26.219,19.727,3.496,0,5082972,214736,170132,2525340,3864.417,3264.129,4406.773,2831.642,86.897,251.701,8066,10185,2.360,1.880,1.180,3,0,372.558,0,0,17,276,0,29,0
01-05 00:43:00,47.838,20.788,30.306,0,0,5116236,181060,170132,2526032,10343.061,9528.560,821.514,2003.693,10.018,210.388,7331,8605,2.360,1.880,1.180,2,0,262.484,0,0,17,278,0,29,0
01-05 00:43:01,70.554,16.704,11.967,0.499,0,5108936,188272,170136,2526220,3891.177,2149.023,370.968,590.358,12.964,47.867,5409,4100,2.360,1.880,1.180,6,0,120.664,0,0,18,277,0,30,0
01-05 00:43:02,82.058,13.510,1.001,3.502,0,5206280,157356,170136,2461392,2574.811,1296.912,1016.715,340.239,49.034,17.012,5028,2700,2.360,1.880,1.180,4,0,55.039,0,0,18,280,0,30,0
01-05 00:43:03,54.117,10.022,11.525,23.301,0,5248620,146416,170136,2430976,9737.109,9265.086,2609.658,27419.444,138.300,1281.779,5263,3254,2.360,1.880,1.180,2,2,9.020,0,0,18,283,0,29,0
01-05 00:43:04,79.815,10.940,7.459,0.995,0,5227480,199148,170152,2400120,6155.428,4440.780,978.662,672.333,35.805,53.707,5377,3771,2.730,1.960,1.210,4,0,13.924,0,0,18,282,0,30,0
01-05 00:43:05,85.101,11.548,2.761,0.753,0,5296372,158816,170172,2372360,2568.591,1301.366,959.958,847.495,33.137,74.306,6336,7378,2.730,1.960,1.210,3,0,52.215,0,0,18,283,0,31,0
01-05 00:43:06,41.220,14.989,41.970,0.749,0,5337980,174536,170172,2317052,10332.576,10274.617,579.584,1398.995,8.994,33.976,4778,3818,2.730,1.960,1.210,1,0,174.874,0,0,18,289,0,31,0
01-05 00:43:07,37.022,8.255,53.281,0.750,0.250,5328532,183936,170184,2317088,14753.698,6427.789,524.309,528.311,7.004,53.031,3583,2976,2.730,1.960,1.210,2,0,11.006,0,0,18,289,0,32,0
01-05 00:43:08,45.032,9.006,45.032,0,0,5361996,148912,170184,2318648,1928061.017,55977.195,304.213,7885.521,5.004,552.387,7100,4202,2.730,1.960,1.210,2,0,5.004,0,0,18,291,0,32,0
01-05 00:43:09,37.028,7.005,54.541,0.250,0,5377004,132668,170184,2319884,780885.553,26947.034,528.393,392.292,5.004,39.029,4514,3040,2.600,1.950,1.210,3,0,7.005,0,0,18,292,0,32,0
01-05 00:43:10,20.710,6.487,70.862,0.250,0,5387068,152268,170184,2291424,2458249.462,68656.735,515.000,307.403,4.990,23.954,6219,3662,2.600,1.950,1.210,2,0,3.992,0,0,18,292,0,32,0
01-05 00:43:11,5.748,2.249,87.965,0.250,0,5383396,153360,170184,2294004,2463986.594,58585.974,15.994,431.830,1.000,36.985,5178,5181,2.600,1.950,1.210,0,0,0,0,0,18,292,0,30,0
01-05 00:43:12,16.786,3.508,77.165,0.251,0,5335788,198568,170184,2296404,2790764.954,75695.088,0,308.661,0,24.052,6302,4054,2.600,1.950,1.210,1,0,5.011,0,0,18,291,0,31,0
01-05 00:43:13,28.505,9.002,60.011,1.250,0,5346640,178616,170188,2305468,6742021.987,164485.789,2276.412,296.054,26.005,24.004,14314,10323,2.600,1.950,1.210,2,0,111.020,0,0,18,290,0,31,0
01-05 00:43:14,34.671,10.726,52.631,0.249,0,5398456,126764,170188,2305504,8204.395,7167.746,15.964,203.538,0.998,11.973,4048,2922,2.550,1.950,1.220,2,0,145.670,0,0,18,291,0,31,0
01-05 00:43:15,32.510,6.252,60.019,0.250,0,5388608,157756,170188,2285436,9648.048,8632.728,8.003,1168.369,2.001,89.028,3760,3460,2.550,1.950,1.220,3,0,40.013,0,0,18,297,0,32,0
01-05 00:43:16,19.706,2.494,76.329,0.499,0,5385556,160784,170188,2285464,10428.626,8554.826,0,311.302,0,34.922,3203,3726,2.550,1.950,1.220,1,0,0,0,0,18,302,0,34,0
01-05 00:43:17,11.480,2.246,82.606,0,0,5382036,163804,170188,2285964,185706.746,6163920.474,463.191,351.386,26.953,31.944,4750,4314,2.550,1.950,1.220,1,0,0.998,0,0,18,300,0,35,0
01-05 00:43:18,2.762,1.507,92.410,0.251,0,5375188,170652,170188,2285964,341986.976,10321303.286,0,337.499,0,31.138,3913,1837,2.550,1.950,1.220,1,0,0,0,0,18,300,0,35,0
01-05 00:43:19,17.243,3.249,76.719,0.500,0,5370960,174756,170200,2286076,3789525.534,142452.280,63.974,439.822,3.998,39.984,9174,7708,2.420,1.930,1.220,1,0,3.998,0,0,18,308,0,35,0
01-05 00:43:20,13.522,5.760,76.627,0.250,0,5334308,200808,170200,2296660,7595681.527,161974.808,4.007,1554.580,1.002,98.163,16577,20237,2.420,1.930,1.220,1,0,2.003,0,0,18,311,0,35,0
01-05 00:43:21,13.980,3.994,78.637,0.250,0,5334124,195544,170200,2302108,5721307.666,128091.243,31.954,299.568,1.997,35.948,13708,15786,2.420,1.930,1.220,1,0,0,0,0,18,308,0,38,0
01-05 00:43:22,12.990,13.740,69.448,2.248,0,5250588,279020,170200,2302200,4473.669,1510.875,39.970,471.649,2.998,27.979,4292,3174,2.420,1.930,1.220,1,0,229.829,0,0,18,308,0,38,0
01-05 00:43:23,17.507,11.004,70.278,0,0,5293164,236432,170200,2302212,2805.103,1458.574,0,136.054,0,11.004,4016,3717,2.420,1.930,1.220,1,0,235.092,0,0,18,308,0,38,0
01-05 00:43:24,23.517,2.752,73.303,0,0,5333456,196124,170200,2302228,2894.079,1567.126,0,116.083,0,10.007,1852,1315,2.310,1.920,1.210,1,0,0,0,0,18,308,0,38,0
01-05 00:43:25,11.484,16.727,69.403,0.250,0,5332004,197540,170200,2302264,2728.194,1509.894,0,16285.282,0,65.908,5200,4367,2.310,1.920,1.210,1,0,284.603,0,0,18,308,0,38,0
01-05 00:43:26,8.521,20.800,69.669,0.251,0,5334288,195248,170200,2302308,3019.303,1569.797,0,5164.492,0,121.293,5887,4560,2.310,1.920,1.210,1,0,356.863,0,0,18,308,0,38,0
01-05 00:43:27,1.748,1.748,95.145,0.250,0,5327924,201608,170200,2302312,4484.046,1510.331,0,39.956,0,3.996,1320,1705,2.310,1.920,1.210,0,0,27.969,0,0,18,308,0,38,0
01-05 00:43:28,21.008,4.252,73.526,0,0,5374580,154948,170200,2302316,2936.052,1512.542,0,64.023,0,6.002,2063,1585,2.310,1.920,1.210,1,0,9.003,0,0,18,308,0,38,0
01-05 00:43:29,19.761,2.752,76.543,0.500,0,5376220,153144,170200,2302480,8844.913,7308.059,16.009,2741.523,1.001,387.215,2343,2059,2.200,1.900,1.210,1,0,2.001,0,0,18,311,0,38,0
01-05 00:43:30,16.753,8.752,72.764,0.250,0,5350304,178976,170200,2302564,6143.210,4750.936,64.013,2612.515,4.001,138.027,3862,3508,2.200,1.900,1.210,1,0,108.021,0,0,18,314,0,39,0
01-05 00:43:31,13.251,15.002,69.008,0.750,0,5348680,180400,170204,2302744,2995.338,1512.171,12.001,12125.368,3.000,47.005,5074,3763,2.200,1.900,1.210,1,0,157.018,0,0,18,314,0,39,0
01-05 00:43:32,12.491,16.738,69.452,0.250,0,5338948,189808,170204,2303052,2926.975,1510.955,0,191.867,0,13.990,5027,3757,2.200,1.900,1.210,1,0,171.881,0,0,18,314,0,39,0
01-05 00:43:33,14.709,13.712,69.808,0,0,5351316,177304,170204,2303172,2807.261,1507.843,3.989,219.395,0.997,19.945,4617,3718,2.200,1.900,1.210,1,0,163.549,0,0,18,314,0,39,0
01-05 00:43:34,28.566,5.513,65.402,0,0,5395284,133336,170204,2305764,2566.950,1461.387,0,120.279,0,8.019,2524,7353,3.070,2.090,1.280,2,0,35.081,0,0,18,314,0,39,0
01-05 00:43:35,27.088,3.976,67.845,0.497,0,5381432,177000,170204,2274132,2656.148,1503.030,135.193,226.647,2.982,30.816,2766,8376,3.070,2.090,1.280,1,0,3.976,0,0,18,316,0,40,0
01-05 00:43:36,25.636,3.267,69.620,1.005,0,5411416,146816,170204,2274332,2769.701,1520.068,285.515,361.921,11.059,35.187,2869,2761,3.070,2.090,1.280,1,0,6.032,0,0,18,320,0,39,0
01-05 00:43:37,25.741,3.499,69.225,0,0,5308308,249728,170204,2274528,2554.068,1457.468,79.971,135.950,4.998,7.997,2434,1902,3.070,2.090,1.280,1,0,6.997,0,0,18,316,0,39,0
01-05 00:43:38,24.769,2.752,68.803,3.002,0,5354100,203892,170208,2274568,2760.135,1513.171,24.019,328.254,4.003,28.022,2486,2278,3.070,2.090,1.280,3,0,1.001,0,0,18,316,0,39,0
01-05 00:43:39,22.732,4.746,71.444,0.250,0,5395872,162064,170208,2274624,2695.888,1510.816,47.962,291.771,1.998,21.983,2226,1910,2.900,2.070,1.270,1,0,3.997,0,0,18,316,0,39,0
01-05 00:43:40,10.753,2.001,85.772,0,0,5399800,158100,170208,2274660,20797.301,20144.134,16.004,600.153,1.000,43.011,2278,2473,2.900,2.070,1.270,0,0,0,0,0,18,319,0,39,0
01-05 00:43:41,24.271,4.003,71.061,0,0,5360796,197100,170208,2274664,3991.406,1777.517,0,84.072,0,6.005,2434,1742,2.900,2.070,1.270,1,0,16.014,0,0,18,316,0,40,0
01-05 00:43:42,24.506,3.001,71.516,0,0,5392276,165600,170208,2274668,2989.684,1596.365,0,64.015,0,8.002,2149,1719,2.900,2.070,1.270,1,0,0,0,0,18,316,0,40,0
01-05 00:43:43,24.751,2.000,72.252,0.250,0.250,5395248,162500,170208,2274796,3044.105,1458.050,0,128.004,0,16.001,1984,1382,2.900,2.070,1.270,1,0,0,0,0,18,316,0,40,0
01-05 00:43:44,10.002,17.004,70.515,0.750,0,5375268,182440,170212,2274832,4318.936,1512.328,392.085,3008.652,5.001,415.090,4983,3666,2.830,2.070,1.280,1,0,254.055,0,0,18,316,0,39,0
01-05 00:43:45,9.503,17.005,69.270,1.751,0,5377728,179868,170212,2274976,2852.818,1512.434,36.010,204.059,2.001,12.003,5133,4193,2.830,2.070,1.280,2,0,314.090,0,0,18,316,0,39,0
01-05 00:43:46,24.248,3.750,71.996,0.250,0,5395788,161792,170212,2274992,2623.837,1457.909,0,339.979,0,22.999,2534,2166,2.830,2.070,1.280,1,0,31.998,0,0,18,316,0,39,0
01-05 00:43:47,19.999,3.750,74.496,0.500,0,5390468,166236,170212,2275868,8368.570,3749.807,4.000,223.988,1.000,15.999,2265,1773,2.830,2.070,1.280,1,0,21.999,0,0,18,317,0,39,0
01-05 00:43:48,23.738,3.748,71.215,0,0,5362660,189224,170212,2280592,2918.561,1685.169,0,815.598,0,24.988,2404,2116,2.830,2.070,1.280,1,0,1.999,0,0,18,316,0,32,0
01-05 00:43:49,19.516,2.502,76.563,0.250,0,5375416,176196,170212,2280832,10904.004,4448.673,84.069,628.519,6.005,26.021,2224,2001,2.680,2.050,1.280,1,0,18.015,0,0,18,317,0,32,0
01-05 00:43:50,23.990,4.498,70.222,0.250,0,5369148,176892,170572,2285904,2518.991,1631.346,0,1183.526,0,30.988,5028,7805,2.680,2.050,1.280,1,0,5.998,0,0,18,316,0,32,0
01-05 00:43:51,19.967,4.742,74.378,0.250,0,5360048,185480,170592,2286380,7053.393,3608.063,15.974,299.507,1.997,8.985,6593,11317,2.680,2.050,1.280,1,0,7.987,0,0,18,317,0,32,0
01-05 00:43:52,23.208,5.740,67.378,0.250,0,5362696,182396,170644,2286764,5123.727,2404.648,91.834,682.764,6.987,23.957,9764,17966,2.680,2.050,1.280,1,0,12.977,0,0,18,317,0,27,0
01-05 00:43:53,22.057,5.264,72.188,0,0,5351144,193912,170680,2286764,2751.154,1461.801,0,168.438,0,2.005,2249,1632,2.680,2.050,1.280,1,0,7.018,0,0,18,317,0,27,0
01-05 00:43:54,13.265,13.766,71.080,0.250,0,5304080,250888,170772,2276840,2803.173,1687.910,0,612.693,0,21.024,4457,3627,2.630,2.050,1.280,3,0,230.261,0,0,18,316,0,27,0
01-05 00:43:55,22.722,5.243,71.411,0,0,5358396,196564,170772,2276848,2788.536,1510.124,0,499.380,0,11.985,2303,2089,2.630,2.050,1.280,1,0,38.952,0,0,18,316,0,27,0
01-05 00:43:56,21.493,1.749,74.974,0,0,5375276,179512,170772,2277036,4235.549,3428.826,0,1575.460,0,97.966,2013,1709,2.630,2.050,1.280,0,0,0,0,0,18,317,0,22,0
01-05 00:43:57,20.785,3.256,75.378,0,0,5359716,195040,170772,2277068,11643.835,9853.785,20.034,0,2.003,0,2483,2040,2.630,2.050,1.280,1,0,24.041,0,0,18,316,0,25,0
01-05 00:43:58,19.979,7.492,71.174,0.250,0,5356848,197892,170772,2277084,2515.328,1510.395,0,127.864,0,8.990,2957,2464,2.630,2.050,1.280,1,0,91.902,0,0,18,316,0,25,0
01-05 00:43:59,19.254,2.250,77.266,0,0,5372700,181988,170772,2277136,8350.765,7185.519,48.010,112.024,2.000,13.003,2003,1887,2.500,2.030,1.280,2,0,1.000,0,0,18,317,0,25,0
01-05 00:44:00,20.657,5.973,72.672,0,0,5352980,201692,170772,2277152,5667.386,4411.064,0,1329.989,0,228.965,2829,2323,2.500,2.030,1.280,2,0,69.685,0,0,18,316,0,20,0
01-05 00:44:01,23.855,3.516,72.068,0.502,0,5357184,197488,170772,2277152,2709.954,1518.699,0,108.479,0,14.062,2153,1757,2.500,2.030,1.280,3,1,0,0,0,18,316,0,20,0
01-05 00:44:02,18.221,2.246,78.373,0,0,5365036,189624,170772,2277164,16275.677,14366.764,0,83.864,0,9.984,2285,2093,2.500,2.030,1.280,1,0,0,0,0,18,317,0,20,0
01-05 00:44:03,21.029,6.008,71.599,0,0,5314052,240584,170772,2277188,3014.153,1646.268,0,192.265,0,20.028,2749,2477,2.500,2.030,1.280,3,0,56.077,0,0,18,316,0,21,0
01-05 00:44:04,23.018,4.253,71.806,0.250,0,5360544,193964,170772,2277316,4614.619,3486.734,0,108.085,0,8.006,1992,1432,2.380,2.010,1.280,2,0,2.002,0,0,18,317,0,19,0
01-05 00:44:05,38.938,7.238,53.165,0,0,5363536,190956,170772,2277332,11588.549,9721.522,511.186,271.568,3.994,23.962,3396,2454,2.380,2.010,1.280,2,0,9.984,0,0,18,316,0,22,0
01-05 00:44:06,40.825,9.768,48.338,0,0.250,5397704,156780,170772,2277340,2943.384,1556.848,512.938,32.059,4.007,3.005,3512,2321,2.380,2.010,1.280,4,0,34.062,0,0,18,316,0,22,0
01-05 00:44:07,21.246,2.750,74.737,0,0,5419012,135464,170772,2277348,8646.541,7278.771,0,23.996,0,2.000,2106,1685,2.380,2.010,1.280,1,0,0,0,0,18,317,0,22,0
01-05 00:44:08,17.008,2.501,78.789,0.500,0,5397548,156840,170772,2277436,7848.846,6654.261,80.039,420.206,4.002,40.020,2640,2835,2.380,2.010,1.280,1,0,8.004,0,0,18,316,0,23,0
01-05 00:44:09,22.002,5.751,72.007,0,0,5414832,139548,170772,2277444,4452.436,1512.148,0,144.014,0,8.001,2431,1933,2.350,2.010,1.280,1,0,40.004,0,0,18,316,0,21,0
01-05 00:44:10,19.753,2.000,77.513,0,0,5420412,133964,170772,2277448,8480.387,7305.195,0,144.024,0,9.001,1915,1533,2.350,2.010,1.280,2,0,0,0,0,18,317,0,21,0
01-05 00:44:11,19.991,5.248,72.466,0.250,0.250,5401560,152800,170776,2277460,7317.578,5980.203,0,719.663,0,44.979,2830,2527,2.350,2.010,1.280,2,0,31.985,0,0,18,316,0,24,0
01-05 00:44:12,24.232,3.997,71.447,0,0,5422420,163000,170776,2247512,3068.745,1510.890,0,19.985,0,1.999,2204,1762,2.350,2.010,1.280,2,0,0,0,0,18,316,0,24,0
01-05 00:44:13,14.760,2.001,81.808,0.250,0,5417448,167956,170776,2247528,12161.551,11399.015,0,248.174,0,24.017,2280,2230,2.350,2.010,1.280,0,0,0,0,0,18,317,0,23,0
01-05 00:44:14,12.226,11.228,74.352,0.499,0,5340600,244556,170920,2247632,4995.055,3167.693,135.730,207.587,3.992,24.950,4010,3321,2.240,1.990,1.280,0,0,179.642,0,0,18,317,0,24,0
01-05 00:44:15,4.001,1.501,86.779,6.502,0,5352540,231624,171324,2248220,8158.753,3816.288,988.333,276.093,247.083,18.006,1650,2170,2.240,1.990,1.280,0,0,0,0,0,18,318,0,24,0
01-05 00:44:16,5.991,8.238,83.624,0.250,0,5326160,257988,171328,2248272,13290.925,4263.560,0,647.023,0,42.935,3150,2931,2.240,1.990,1.280,0,0,124.811,0,0,18,318,0,25,0
01-05 00:44:17,1.747,0.749,95.576,0,0,5326160,257988,171328,2248272,7441.460,2859.797,0,167.695,0,5.989,1125,1573,2.240,1.990,1.280,0,0,0,0,0,18,318,0,22,0
01-05 00:44:18,2.507,1.003,95.284,0.251,0,5326132,257988,171328,2248300,2740.167,1516.520,16.048,296.885,1.003,33.099,1470,2230,2.240,1.990,1.280,0,0,0,0,0,18,318,0,22,0
01-05 00:44:19,1.001,0.500,96.834,0,0,5326128,257988,171328,2248304,2944.548,1607.391,0,100.087,0,8.007,923,1338,2.140,1.980,1.280,0,0,1.001,0,0,18,318,0,22,0
01-05 00:44:20,1.250,0.750,97.279,0,0,5324112,260004,171328,2248304,4245.249,1458.429,0,104.031,0,9.003,873,1241,2.140,1.980,1.280,0,0,0,0,0,18,318,0,22,0
01-05 00:44:21,1.498,0.499,96.388,0.250,0,5320964,263152,171328,2248304,2788.750,1510.240,0,299.651,0,25.970,1084,1569,2.140,1.980,1.280,0,0,0,0,0,18,318,0,21,0
01-05 00:44:22,0.997,0.748,96.689,0,0,5316840,267276,171328,2248304,3124.938,1507.147,0,111.641,0,10.965,956,1335,2.140,1.980,1.280,0,0,0,0,0,18,318,0,21,0
01-05 00:44:23,3.011,0.753,94.581,0.251,0,5314008,270100,171328,2248312,2847.980,1463.127,0,240.844,0,35.123,1488,2004,2.140,1.980,1.280,1,0,0,0,0,18,318,0,21,0
01-05 00:44:24,1.503,0.751,96.415,0.501,0,5310284,273824,171328,2248312,3202.473,1514.589,0,2131.643,0,119.204,1203,1808,1.970,1.940,1.270,0,0,0,0,0,18,318,0,21,0
01-05 00:44:25,2.249,0.750,95.451,0.250,0,5308588,275520,171328,2248312,3115.410,1511.229,0,2122.917,0,361.815,1361,1765,1.970,1.940,1.270,0,0,0,0,0,18,318,0,18,0
01-05 00:44:26,1.994,1.246,95.707,0.249,0,5308180,275924,171328,2248316,2709.716,1453.556,0,307.061,0,21.933,1142,1613,1.970,1.940,1.270,0,0,0,0,0,18,318,0,18,0
01-05 00:44:27,1.753,1.252,95.934,0,0,5308188,275912,171328,2248320,3134.011,1581.032,0,2200.220,0,71.136,1227,1652,1.970,1.940,1.270,0,0,0,0,0,18,318,0,18,0
01-05 00:44:28,11.476,11.975,70.603,3.742,0,5313856,269504,171332,2249056,3383.947,1916.007,654.636,299.376,57.879,19.958,4447,3929,1.970,1.940,1.270,2,0,209.563,0,0,18,316,0,19,0
01-05 00:44:29,21.047,4.260,71.912,2.005,0,5328380,246092,171616,2257612,2483.579,1461.283,753.693,1146.576,103.232,36.081,2321,2088,1.890,1.930,1.270,1,0,5.011,0,0,18,316,0,19,0
01-05 00:44:30,20.784,2.755,75.624,0,0,5340176,230972,171816,2260624,6984.414,2920.773,0,0,0,0,2149,1767,1.890,1.930,1.270,0,0,16.026,0,0,18,317,0,19,0
01-05 00:44:31,16.689,2.491,77.216,2.989,0,5339832,227192,171856,2264692,11436.954,4731.605,864.821,1247.414,9.963,28.894,1995,1850,1.890,1.930,1.270,2,0,1.993,0,0,18,316,0,19,0
01-05 00:44:32,13.282,8.771,70.923,4.511,0,5292884,271172,171868,2267632,2861.963,1461.556,1170.849,3428.341,18.044,112.273,4097,3863,1.890,1.930,1.270,2,0,119.290,0,0,18,316,0,19,0
01-05 00:44:33,17.491,11.494,69.965,0.250,0,5319800,244164,171868,2267724,2670.669,1511.247,3.998,287.856,1.000,25.987,3919,3364,1.890,1.930,1.270,1,0,182.909,0,0,18,316,0,18,0
01-05 00:44:34,20.682,2.741,75.999,0,0,5360352,203604,171868,2267732,4083.498,3696.777,0,111.631,0,11.960,2030,1767,1.740,1.900,1.260,0,0,0,0,0,18,317,0,18,0
01-05 00:44:35,27.095,7.025,64.728,0,0,5320096,243836,171868,2267756,26138.878,22023.412,0,148.522,0,15.053,3874,12926,1.740,1.900,1.260,3,0,83.293,0,0,18,316,0,21,0
01-05 00:44:36,22.733,3.997,72.697,0,0,5339724,224208,171868,2267756,2610.097,1510.898,0,111.918,0,7.994,2099,1705,1.740,1.900,1.260,1,0,0,0,0,18,316,0,21,0
01-05 00:44:37,20.501,2.000,77.005,0,0,5358952,204844,171868,2267892,8636.617,7184.513,0,0,0,0,1958,1545,1.740,1.900,1.260,1,0,0,0,0,18,317,0,20,0
01-05 00:44:38,21.945,4.239,72.318,0.748,0,5335120,228292,171872,2268272,5880.214,4645.319,414.957,554.605,24.937,35.910,2885,2762,1.740,1.900,1.260,2,0,14.962,0,0,18,316,0,22,0
01-05 00:44:39,24.816,3.509,70.687,0,0.251,5375372,187972,171872,2268340,2614.933,1461.876,0,0,0,0,2372,1962,1.680,1.880,1.260,1,0,4.011,0,0,18,316,0,22,0
01-05 00:44:40,18.788,3.006,76.655,0.251,0,5382640,180424,171872,2268620,9627.410,8093.317,256.517,280.566,16.032,28.057,2756,2945,1.680,1.880,1.260,1,0,2.004,0,0,18,317,0,24,0
01-05 00:44:41,26.399,4.732,65.748,1.494,0,5332792,228052,171872,2270840,3920.988,2741.504,2119.884,2737.519,84.676,451.272,5325,7060,1.680,1.880,1.260,2,0,5.977,0,0,18,318,0,23,0
01-05 00:44:42,23.803,3.508,72.162,0.251,0,5371852,188992,171872,2270840,4728.621,1545.471,0,400.900,0,25.056,2147,1750,1.680,1.880,1.260,1,0,0,0,0,18,318,0,23,0
01-05 00:44:43,18.002,2.000,78.511,0.250,0,5382932,177904,171872,2270848,9929.345,9100.232,0,264.036,0,16.002,2081,1790,1.680,1.880,1.260,0,0,0,0,0,18,319,0,23,0
01-05 00:44:44,20.161,4.480,71.186,0.996,0,5382688,177904,171876,2271088,5405.164,4682.351,63.719,3361.178,2.987,270.806,4865,6956,2.270,2,1.300,0,0,0,0,0,18,319,0,23,0
01-05 00:44:45,13.814,16.326,69.071,0,0,5356344,204220,171876,2271116,4181.448,1717.990,0,482.243,0,41.192,5400,4814,2.270,2,1.300,1,0,380.771,0,0,18,318,0,24,0
01-05 00:44:46,9.259,22.772,66.565,0.250,0,5349560,210980,171876,2271140,2480.434,1459.432,0,580.570,0,46.045,6450,5602,2.270,2,1.300,1,0,492.483,0,0,18,318,0,24,0
01-05 00:44:47,9.749,22.998,65.745,0,0,5350296,210220,171876,2271164,2808.779,1511.881,0,423.967,0,26.998,6234,5155,2.270,2,1.300,2,0,478.962,0,0,18,318,0,24,0
01-05 00:44:48,8.985,22.214,67.390,0,0,5338076,222412,171876,2271192,4211.156,1455.634,0,467.241,0,37.938,6420,5535,2.270,2,1.300,1,0,483.215,0,0,18,318,0,24,0
01-05 00:44:49,8.508,22.772,67.064,0,0,5339260,221216,171876,2271204,2554.449,1513.451,0,336.322,0,29.028,6166,5094,2.080,1.970,1.290,2,0,492.472,0,0,18,318,0,24,0
01-05 00:44:50,9.242,22.230,67.190,0.500,0,5342196,218244,171876,2271240,2535.726,1456.694,0,1574.588,0,96.913,6387,5484,2.080,1.970,1.290,2,0,481.568,0,0,18,318,0,24,0
01-05 00:44:51,8.753,23.259,66.524,0.250,0,5338356,222056,171876,2271268,2658.973,1458.534,0,484.177,0,42.015,6373,5516,2.080,1.970,1.290,1,0,481.176,0,0,18,318,0,24,0
01-05 00:44:52,8.509,22.024,68.073,0,0,5331016,229368,171876,2271296,2992.193,1513.615,0,104.111,0,12.013,6205,5115,2.080,1.970,1.290,2,0,483.516,0,0,18,318,0,24,0
01-05 00:44:53,17.177,10.704,71.196,0,0,5329432,337364,171888,2175212,2646.690,1451.796,7.966,1995.473,1.991,7.966,3352,2851,2.080,1.970,1.290,2,0,106.545,0,0,18,318,0,24,0
01-05 00:44:54,24.090,3.262,72.018,0,0,5345472,312428,171888,2184096,2501.297,1517.641,0,819.044,0,12.045,2201,1798,2,1.950,1.290,3,0,3.011,0,0,18,318,0,24,0
01-05 00:44:55,21.997,2.250,73.740,0.500,0,5356084,299860,171888,2186048,6912.035,2915.593,11.998,1007.859,2.000,37.995,2363,2179,2,1.950,1.290,0,0,15.998,0,0,18,319,0,24,0
01-05 00:44:56,14.760,1.751,79.304,3.252,0,5368624,286504,171888,2186860,16055.002,9587.570,708.486,928.636,41.028,32.022,1941,1754,2,1.950,1.290,1,0,0,0,0,18,319,0,24,0
01-05 00:44:57,14.721,1.747,80.589,1.996,0,5375668,278692,171888,2187620,19207.574,13025.941,383.233,1361.277,36.926,41.916,1936,1847,2,1.950,1.290,0,0,0,0,0,18,319,0,24,0
01-05 00:44:58,15.539,1.754,76.943,4.511,0.251,5392396,261052,171888,2188616,13438.763,7986.064,878.206,5100.815,38.096,251.632,1985,1694,2,1.950,1.290,2,0,0,0,0,18,319,0,21,0
01-05 00:44:59,15.999,1.250,79.743,1.250,0,5393308,259288,171888,2189472,18222.302,11346.943,775.928,1239.884,45.996,38.996,1821,1550,1.840,1.920,1.280,2,0,1.000,0,0,18,319,0,21,0
01-05 00:45:00,14.743,1.499,81.710,1.749,0,5411688,239884,171888,2190496,9949.145,6343.904,663.676,619.698,26.987,20.990,1697,1586,1.840,1.920,1.280,1,0,0,0,0,18,319,0,21,0
01-05 00:45:01,12.247,1.999,71.982,11.997,0,5412424,222496,171892,2207140,12384.845,7640.053,7929.980,5482.603,89.977,455.884,2329,2536,1.840,1.920,1.280,0,1,2.999,0,0,18,319,0,21,0
01-05 00:45:02,16.514,2.752,71.560,8.507,0,5415060,203452,171896,2223544,2737.281,1459.216,6397.331,1004.837,85.071,49.041,2028,1966,1.840,1.920,1.280,1,0,1.001,0,0,18,319,0,20,0
01-05 00:45:03,23.981,3.247,70.693,0.500,0,5431780,176636,171896,2233616,2729.794,1510.779,0,15391.564,0,143.884,2593,2429,1.840,1.920,1.280,4,0,0,0,0,18,319,0,20,0
01-05 00:45:04,26.267,3.252,68.794,0.500,0,5428016,166352,171896,2247604,2359.520,1458.940,0,2085.344,0,46.030,2544,2207,1.770,1.900,1.280,5,0,3.002,0,0,18,319,0,20,0
01-05 00:45:05,43.781,7.255,48.284,0.500,0,5450384,126756,171896,2264696,2673.890,1513.070,512.362,1605.135,4.003,75.053,3713,2566,1.770,1.900,1.280,4,0,6.004,0,0,18,319,0,20,0
01-05 00:45:06,42.357,7.679,47.063,0.991,0,5449516,146468,172192,2246000,2469.074,1581.317,507.290,2203.540,3.963,95.117,3587,2537,1.770,1.900,1.280,4,0,5.945,0,0,18,319,0,16,0
01-05 00:45:07,23.678,2.771,72.041,0.504,0,5440972,132896,172648,2267412,4327.500,1469.033,0,1378.352,0,50.378,2352,2027,1.770,1.900,1.280,1,0,0,0,0,18,319,0,16,0
01-05 00:45:08,24.261,2.751,72.033,0.750,0,5441704,122344,173104,2276724,2553.159,1512.687,0,2068.939,0,78.035,2473,2278,1.770,1.900,1.280,1,0,0,0,0,18,319,0,16,0
01-05 00:45:09,25.480,2.248,70.944,0.250,0,5372460,206852,173176,2261172,2757.838,1630.721,0,839.342,0,37.970,2424,2083,1.710,1.890,1.280,1,0,2.998,0,0,18,318,0,16,0
01-05 00:45:10,22.266,3.753,73.304,0,0,5385864,193432,173176,2261180,3220.378,2589.913,0,456.337,0,16.012,2424,1978,1.710,1.890,1.280,1,0,33.024,0,0,18,319,0,15,0
01-05 00:45:11,21.233,2.498,74.440,0.250,0,5356804,216884,173176,2266780,8020.518,2783.750,0,1374.889,0,25.979,2161,1887,1.710,1.890,1.280,2,0,1.998,0,0,18,318,0,15,0
01-05 00:45:12,19.989,3.248,75.710,0,0,5357356,216156,173176,2266920,8787.306,3559.099,0,143.923,0,6.996,2285,2008,1.710,1.890,1.280,0,0,16.991,0,0,18,319,0,15,0
01-05 00:45:13,23.997,4.249,69.990,0.250,0,5357688,210364,173428,2271996,6778.046,2589.636,0,1027.855,0,24.996,7784,13703,1.710,1.890,1.280,1,0,5.999,0,0,18,318,0,15,0
01-05 00:45:14,22.032,5.508,71.603,0,0,5352624,214924,173488,2272420,2615.778,1514.187,0,88.127,0,2.003,4411,6490,1.650,1.870,1.280,2,0,9.013,0,0,18,318,0,11,0
01-05 00:45:15,23.218,6.491,67.657,0,0,5356108,211208,173524,2272624,2728.232,1509.915,0,1633.744,0,19.972,9906,18263,1.650,1.870,1.280,1,0,18.974,0,0,18,318,0,11,0
01-05 00:45:16,22.529,5.006,71.342,0.250,0.250,5293008,285672,173524,2261296,2421.131,1459.888,0,1057.368,0,34.044,2396,2018,1.650,1.870,1.280,1,0,9.012,0,0,18,318,0,11,0
01-05 00:45:17,23.773,5.255,69.317,0,0,5327828,250848,173524,2261300,2751.677,1513.472,0,32.031,0,3.003,8860,15719,1.650,1.870,1.280,2,0,46.045,0,0,18,318,0,11,0
01-05 00:45:18,23.436,3.740,70.805,0,0,5344944,233716,173524,2261316,2650.717,1454.005,0,339.068,0,13.962,3923,5089,1.650,1.870,1.280,1,0,19.945,0,0,18,318,0,10,0
01-05 00:45:19,8.010,1.502,89.112,0,0,5352748,225904,173524,2261324,4914.152,2685.362,0,236.296,0,9.011,1613,1802,1.520,1.840,1.270,0,0,17.021,0,0,18,319,0,10,0
01-05 00:45:20,1.499,0.999,96.451,0.750,0,5352748,225904,173524,2261324,2476.752,1457.266,0,315.841,0,28.985,994,1388,1.520,1.840,1.270,0,0,0,0,0,18,319,0,10,0
01-05 00:45:21,1.500,0.250,96.996,0,0,5352748,225904,173524,2261324,2417.892,1457.935,0,0,0,0,968,1276,1.520,1.840,1.270,0,0,0,0,0,18,319,0,10,0
01-05 00:45:22,1.501,0.750,97.312,0,0,5352748,225904,173524,2261324,4117.620,1458.928,0,0,0,0,878,1232,1.520,1.840,1.270,0,0,0,0,0,18,319,0,10,0
01-05 00:45:23,1.245,0.747,96.642,0,0,5352748,225904,173524,2261324,2528.632,1452.619,0,0,0,0,1060,1459,1.520,1.840,1.270,1,0,0,0,0,18,319,0,10,0
01-05 00:45:24,1.251,0.501,96.865,0,0,5352748,225904,173524,2261324,2480.951,1459.736,0,8.010,0,1.001,883,1253,1.400,1.810,1.260,1,0,0,0,0,18,319,0,10,0
01-05 00:45:25,2.005,0.752,96.511,0,0,5352736,225904,173524,2261336,2651.163,1407.804,0,108.293,0,12.033,1036,1565,1.400,1.810,1.260,0,0,0,0,0,18,319,0,10,0
01-05 00:45:26,1.750,1.000,95.989,0,0,5352736,225904,173524,2261336,2597.704,1457.834,0,211.976,0,17.998,1154,1617,1.400,1.810,1.260,0,0,0,0,0,18,319,0,10,0
01-05 00:45:27,1.495,0.747,96.403,0.249,0,5352736,225904,173524,2261336,2725.181,1452.765,0,31.885,0,3.986,1046,1545,1.400,1.810,1.260,0,0,0,0,0,18,319,0,10,0
01-05 00:45:28,1.506,1.255,95.381,0,0,5352736,225904,173524,2261336,2608.424,1463.850,0,16024.037,0,290.160,1245,1509,1.400,1.810,1.260,2,0,0,0,0,18,319,0,10,0
01-05 00:45:29,1.748,0.749,96.654,0,0,5352736,225904,173524,2261336,2475.536,1456.550,0,311.690,0,2.997,977,1360,1.280,1.780,1.260,0,0,0.999,0,0,18,319,0,10,0
01-05 00:45:30,1.250,0.500,96.719,0,0,5352740,225904,173524,2261336,2477.194,1457.526,0,7.997,0,1.000,918,1283,1.280,1.780,1.260,0,0,0,0,0,18,319,0,9,0
01-05 00:45:31,2.251,0.750,96.274,0.250,0,5352736,225904,173524,2261340,2880.705,1458.357,0,96.023,0,13.003,1221,1640,1.280,1.780,1.260,0,0,0,0,0,18,319,0,9,0
01-05 00:45:32,1.250,0.500,96.994,0,0,5352852,225904,173524,2261340,2540.840,1403.911,0,243.985,0,15.999,970,1387,1.280,1.780,1.260,1,0,0,0,0,18,319,0,9,0
01-05 00:45:33,1.999,1.499,94.932,0.250,0,5352848,225904,173524,2261344,4035.117,1456.959,0,1466.952,0,283.797,1419,1746,1.280,1.780,1.260,0,0,0,0,0,18,319,0,9,0
01-05 00:45:34,13.001,2.500,83.753,0.250,0,5362096,212044,173524,2265956,11648.483,3874.161,0,14060.583,0,61.003,1688,1453,1.260,1.770,1.260,3,0,0,0,0,18,318,0,9,0
01-05 00:45:35,32.297,6.009,60.337,0.250,0,5344864,228224,173532,2266916,2541.684,1460.116,0,741.074,0,27.039,3512,13087,1.260,1.770,1.260,1,0,39.057,0,0,18,318,0,10,0
01-05 00:45:36,18.989,2.499,76.707,0.250,0,5359724,208108,173532,2272160,9506.719,4636.424,0,1211.327,0,33.981,2185,1898,1.260,1.770,1.260,1,0,16.991,0,0,18,318,0,10,0
01-05 00:45:37,23.528,6.257,68.081,0,0,5353072,214412,173532,2272508,2678.183,1459.735,0,140.167,0,4.005,10239,18565,1.260,1.770,1.260,2,0,13.015,0,0,18,318,0,10,0
01-05 00:45:38,23.453,6.238,67.864,0,0,5349552,217688,173532,2272752,2473.057,1455.091,0,143.713,0,4.990,10043,18453,1.260,1.770,1.260,1,0,12.974,0,0,18,318,0,10,0
01-05 00:45:39,21.276,8.510,68.833,0.250,0,5312208,266236,173560,2261492,2392.887,1351.631,0,73312.444,0,328.396,2664,2136,1.240,1.750,1.250,3,0,10.012,0,0,18,318,0,5,0
01-05 00:45:40,23.490,3.498,72.468,0,0,5347296,231268,173568,2261412,2804.752,1457.352,0,3.998,0,1.000,2191,1584,1.240,1.750,1.250,1,0,20.991,0,0,18,318,0,5,0
01-05 00:45:41,24.275,6.507,68.069,0,0,5337292,241240,173576,2261436,2780.826,1567.593,0,784.798,0,16.016,3589,3507,1.240,1.750,1.250,1,0,97.099,0,0,18,318,0,5,0
01-05 00:45:42,25.730,3.997,69.198,0,0,5332688,237432,173792,2269632,3046.689,1552.822,0,23.982,0,2.998,2567,2272,1.240,1.750,1.250,1,0,4.996,0,0,18,318,0,7,0
01-05 00:45:43,25.269,3.002,70.554,0.250,0,5345984,221316,173948,2272280,3435.645,1928.484,4.003,1216.937,1.001,18.014,2534,2247,1.240,1.750,1.250,0,0,17.013,0,0,18,319,0,4,0
01-05 00:45:44,14.690,1.245,81.914,0.249,0,5359464,207708,173948,2272392,18701.213,10066.667,0,1175.175,0,29.877,1633,1515,1.220,1.740,1.250,0,0,0,0,0,18,319,0,4,0
01-05 00:45:45,13.049,2.008,83.814,0.753,0,5360072,206700,173956,2272780,47889.313,13872.945,0,1698.359,0,60.226,1880,1958,1.220,1.740,1.250,1,0,0,0,0,18,320,0,4,0
01-05 00:45:46,12.740,1.249,83.686,0.749,0,5366212,200148,174036,2273088,136288.247,15430.140,0,1990.470,0,88.932,2065,2154,1.220,1.740,1.250,0,1,0,0,0,18,320,0,4,0
01-05 00:45:47,20.195,2.244,76.293,0.249,0,5390276,175956,174036,2273212,11777.017,8256.577,0,849.692,0,29.919,2072,1801,1.220,1.740,1.250,0,0,5.984,0,0,18,320,0,3,0
01-05 00:45:48,18.296,1.504,78.447,0.251,0,5406196,159700,174096,2273468,15230.248,9183.062,0,1170.941,0,46.116,2037,1893,1.220,1.740,1.250,2,0,0,0,0,18,320,0,3,0
01-05 00:45:49,9.512,1.752,86.358,0.501,0,5407184,158316,174240,2273720,323985.513,17311.721,0,1405.764,0,52.065,2089,1980,1.120,1.710,1.250,0,0,1.001,0,0,18,320,0,3,0
01-05 00:45:50,6.984,1.746,89.296,1.497,0,5406812,158064,174488,2274084,86773.131,14747.372,27.936,2202.977,3.991,105.759,1789,1980,1.120,1.710,1.250,0,0,0,0,0,18,320,0,3,0
01-05 00:45:51,17.267,1.501,79.828,0.500,0,5416820,147508,174616,2274468,27146.634,11819.596,104.102,1401.375,6.006,48.047,1955,1741,1.120,1.710,1.250,0,0,0,0,0,18,320,0,3,0
01-05 00:45:52,5.476,1.494,88.866,0.498,0,5417784,134988,174656,2285916,1717996.026,58420.446,0,2007.322,0,24.892,4294,3170,1.120,1.710,1.250,1,0,1.991,0,0,18,320,0,3,0
01-05 00:45:53,4.005,1.752,90.623,0,0,5406452,141780,174656,2290440,2465830.721,61661.740,0,8.011,0,1.001,5231,3896,1.120,1.710,1.250,0,0,0,0,0,18,320,0,3,0
01-05 00:45:54,4.515,2.508,90.046,0.251,0,5407196,137272,174708,2294120,1963827.123,46892.159,0,4563.001,0,29.096,4491,3826,1.030,1.680,1.240,0,0,2.007,0,0,18,320,0,3,0
01-05 00:45:55,4.253,1.501,91.561,0.250,0,5407256,132580,174708,2298732,2464424.423,66970.524,0,152.101,0,12.008,5024,3425,1.030,1.680,1.240,0,0,0,0,0,18,320,0,3,0
01-05 00:45:56,2.997,1.748,90.901,0.250,0,5404212,131168,174708,2303172,2463083.960,66901.369,0,227.753,0,17.980,5067,3461,1.030,1.680,1.240,0,0,0,0,0,18,320,0,3,0
01-05 00:45:57,3.497,1.249,92.659,0,0,5403688,126912,174708,2307952,2349768.223,79953.577,0,39.961,0,3.996,4592,2375,1.030,1.680,1.240,0,0,0,0,0,18,320,0,3,0
01-05 00:45:58,3.509,2.005,90.480,0,0,5403636,122524,174708,2312396,2460016.753,54859.439,0,958.436,0,193.492,5004,4510,1.030,1.680,1.240,0,0,0,0,0,18,320,0,3,0
01-05 00:45:59,3.730,2.735,89.266,0.249,0,5395760,155396,174724,2288324,2169961.430,51005.611,0,10045.565,0,14.919,4943,4651,0.950,1.650,1.230,0,0,1.989,0,0,18,320,0,3,0
01-05 00:46:00,9.551,2.262,83.447,3.770,0,5393144,149096,174836,2297192,653355.557,20888.887,164.883,8211.986,4.022,316.696,2890,2672,0.950,1.650,1.230,1,0,0,0,0,18,320,0,3,0
01-05 00:46:01,22.770,3.003,72.312,1.251,0,5398728,133904,176740,2303680,2618.255,1297.117,0,3507.020,0,93.080,2494,2297,0.950,1.650,1.230,1,0,1.001,0,0,18,320,0,3,0
01-05 00:46:02,23.731,2.248,72.443,0,0.250,5398728,120288,178252,2313996,2852.742,1456.847,0,1654.691,0,39.968,2344,2210,0.950,1.650,1.230,1,0,0,0,0,18,320,0,3,0
01-05 00:46:03,24.015,3.002,71.545,0.500,0,5398312,125928,178608,2308144,2751.719,1350.844,0,1508.943,0,42.026,2559,2417,0.950,1.650,1.230,1,0,0,0,0,18,320,0,3,0
01-05 00:46:04,26.194,3.243,69.852,0,0,5390576,155600,178776,2286172,2518.663,1401.031,0,754.402,0,20.956,2385,2052,1.110,1.680,1.240,2,0,1.996,0,0,18,320,0,3,0
01-05 00:46:05,43.103,7.518,46.611,1.002,0,5409044,146724,179444,2276288,3028.217,1461.483,517.233,3656.714,5.012,162.387,3711,2772,1.110,1.680,1.240,3,0,5.012,0,0,18,320,0,3,0
01-05 00:46:06,43.114,8.722,47.849,0.748,0,5449616,124524,180104,2257764,2368.522,1333.789,510.389,2049.529,3.987,76.758,3545,2358,1.110,1.680,1.240,2,0,6.978,0,0,18,320,0,3,0
01-05 00:46:07,25.182,2.493,70.810,0.499,0.249,5422044,139324,180368,2269240,2727.669,1454.092,0,1081.094,0,41.887,2346,1937,1.110,1.680,1.240,1,0,0,0,0,18,320,0,3,0
01-05 00:46:08,25.106,2.008,72.054,0.251,0,5404248,136688,180940,2287636,3966.759,1397.906,0,478.020,0,19.081,2209,1782,1.110,1.680,1.240,1,0,0,0,0,18,320,0,3,0
01-05 00:46:09,24.757,2.001,72.771,0.250,0,5400160,133764,181176,2293580,4025.171,1404.409,0,1596.464,0,13.004,2198,1882,1.100,1.660,1.240,1,0,1.000,0,0,18,320,0,3,0
01-05 00:46:10,23.509,2.751,72.528,0.750,0,5404480,132704,181956,2289616,2659.043,1458.572,0,1896.744,0,63.025,2314,2101,1.100,1.660,1.240,1,0,0,0,0,18,320,0,3,0
01-05 00:46:11,20.017,2.502,76.316,0.500,0,5404172,121052,182584,2299800,6748.855,3437.982,0,2858.480,0,259.225,2391,2151,1.100,1.660,1.240,0,0,2.002,0,0,18,321,0,3,0
01-05 00:46:12,24.988,1.749,71.715,0,0,5303588,256500,182584,2264972,4530.772,2044.994,3.998,135.933,1.000,7.996,2107,1547,1.100,1.660,1.240,1,0,1.999,0,0,18,318,0,3,0
01-05 00:46:13,23.003,4.250,72.508,0,0,5352808,207268,182584,2264984,2802.312,1789.200,0,348.039,0,6.001,2363,1743,1.100,1.660,1.240,2,0,33.004,0,0,18,319,0,3,0
01-05 00:46:14,20.760,2.501,76.535,0.500,0,5350992,203484,182584,2270404,7897.650,3382.563,0,1160.536,0,10.005,1849,1507,1.180,1.670,1.250,1,0,1.000,0,0,18,318,0,3,0
01-05 00:46:15,22.963,3.494,72.384,0,0,5352004,202016,182608,2270716,4414.899,2368.191,3.994,11425.622,0.998,80.870,2561,2194,1.180,1.670,1.250,0,0,17.971,0,0,18,319,0,3,0
01-05 00:46:16,20.029,3.004,75.610,0.250,0,5350644,197076,182948,2275756,9419.759,3634.309,0,1442.106,0,46.067,2212,2085,1.180,1.670,1.250,1,0,2.003,0,0,18,318,0,3,0
01-05 00:46:17,23.004,7.001,68.513,0,0,5352380,194924,182948,2276100,2605.507,1296.252,0,0,0,0,10596,19440,1.180,1.670,1.250,1,0,12.002,0,0,18,318,0,3,0
01-05 00:46:18,25.485,5.247,67.459,0.250,0,5351156,195884,182988,2276264,2596.427,1457.117,0,2294.610,0,16.990,10518,19165,1.180,1.670,1.250,2,0,5.996,0,0,18,318,0,3,0
01-05 00:46:19,21.011,6.503,72.038,0,0,5351160,195652,183020,2276428,2621.393,1390.739,0,84.045,0,1.001,2238,1650,1.160,1.660,1.240,1,0,15.008,0,0,18,318,0,3,0
01-05 00:46:20,21.468,4.993,72.392,0.499,0,5320772,238196,183032,2265168,2580.164,1401.916,0,774.848,0,32.951,2072,1556,1.160,1.660,1.240,1,0,0.999,0,0,18,318,0,3,0
01-05 00:46:21,20.747,3.000,72.739,3.000,0,5339884,218792,183036,2265532,2389.627,1349.789,247.961,11.998,3.999,2.000,1923,1611,1.160,1.660,1.240,1,0,4.999,0,0,18,318,0,3,0
01-05 00:46:22,20.032,4.006,72.115,2.504,0,5357204,198420,183416,2268180,2651.244,1352.164,452.725,0,14.022,0,1917,1580,1.160,1.660,1.240,1,0,0,0,0,18,318,0,3,0
01-05 00:46:23,24.738,3.748,68.966,0.750,0,5355244,199728,183416,2268832,3760.136,1403.304,335.833,3030.497,20.990,127.937,5620,7690,1.160,1.660,1.240,1,0,0,0,0,18,323,0,6,0
01-05 00:46:24,26.460,4.743,65.900,1.498,0,5353020,201236,183416,2269548,2693.924,1294.042,591.106,3526.664,29.955,577.127,6326,8934,1.310,1.680,1.250,1,0,0.998,0,0,18,322,0,7,0
01-05 00:46:25,10.014,19.277,68.095,1.001,0,5313876,240196,183416,2269732,2841.965,1460.037,132.184,1393.945,2.003,98.137,5648,4927,1.310,1.680,1.250,2,0,350.489,0,0,18,322,0,7,0
01-05 00:46:26,13.221,8.731,70.343,6.486,0,5311052,241652,183416,2271100,2550.316,1293.118,1337.020,5551.627,34.922,176.606,3395,2859,1.310,1.680,1.250,0,1,87.804,0,0,18,322,0,9,0
01-05 00:46:27,8.272,4.262,72.196,13.787,0,5290644,233848,183416,2299312,2802.605,1461.967,28401.067,405.099,1608.364,9.024,3605,4976,1.310,1.680,1.250,0,1,10.027,0,0,18,322,0,9,0
01-05 00:46:28,8.998,3.499,81.729,3.999,0,5287808,222796,183416,2313184,2941.250,2434.379,13756.492,4578.832,1851.528,181.954,3860,6173,1.310,1.680,1.250,0,0,5.998,0,0,18,323,0,9,0
01-05 00:46:29,1.747,0.998,96.077,0.250,0,5287400,223200,183420,2313184,34192.482,3977.843,0,127.770,0,13.975,1068,1497,1.280,1.670,1.250,2,0,0.998,0,0,18,323,0,9,0
01-05 00:46:30,18.505,6.252,71.519,2.751,0,5266904,242240,183616,2314384,23368.187,4474.185,780.207,484.128,28.007,5.001,2678,2038,1.280,1.670,1.250,4,0,29.008,0,0,18,318,0,12,0
01-05 00:46:31,43.004,9.001,45.254,1.750,0,5027752,481380,183616,2313968,2570.212,1350.112,4.000,2892.239,1.000,37.003,3185,1783,1.280,1.670,1.250,3,0,4.000,0,0,18,306,0,14,0
01-05 00:46:32,63.762,15.193,20.922,0,0,5110692,398420,183616,2314408,2770.655,1398.777,0,70197.895,0,559.909,4570,2864,1.280,1.670,1.250,4,0,1.993,0,0,18,306,0,14,0
01-05 00:46:33,75.179,13.282,11.778,0.251,0,5021876,487012,183620,2314628,4005.552,1299.098,184.440,95146.900,3.007,1149.742,5554,4534,1.280,1.670,1.250,5,0,3.007,0,0,18,285,0,16,0
01-05 00:46:34,86.698,9.021,0.251,3.508,0.251,5057140,451376,183620,2315008,2575.886,1353.092,164.376,6743.410,7.016,444.015,5485,3309,1.500,1.710,1.270,4,0,6.014,0,0,18,283,0,16,0
01-05 00:46:35,84.277,12.467,2.244,0,0,5203168,304864,183620,2317820,2756.700,1400.292,0,271.282,0,22.939,5635,9097,1.500,1.710,1.270,8,0,38.897,0,0,18,277,0,21,0
01-05 00:46:36,68.194,10.781,18.302,2.256,0,5265260,240220,183636,2318028,21497.123,10529.940,365.038,609.734,10.029,62.177,7008,15504,1.500,1.710,1.270,3,0,4.011,0,0,18,285,0,28,0
01-05 00:46:37,55.703,4.996,38.717,0,0,5295308,210124,183636,2318076,95119.005,47565.497,0,27.976,0,2.997,4108,2510,1.500,1.710,1.270,2,0,0.999,0,0,18,285,0,28,0
01-05 00:46:38,47.504,5.250,46.754,0.250,0,5326500,177896,183640,2319108,72376.946,34255.814,0,4104.337,0,213.018,6384,10519,1.500,1.710,1.270,1,0,0,0,0,18,299,0,30,0
01-05 00:46:39,13.767,1.252,83.104,0.501,0,5320984,183388,183640,2319132,38448.175,17649.114,0,344.432,0,38.048,2437,2557,1.380,1.680,1.260,1,0,1.001,0,0,18,297,0,30,0
01-05 00:46:40,1.498,1.248,96.368,0,0,5280780,223588,183640,2319136,3916.653,1240.307,0,9403.163,0,1107.488,1685,1452,1.380,1.680,1.260,0,0,0,0,0,18,297,0,30,0
01-05 00:46:41,1.499,0.500,96.413,0.250,0,5280780,223588,183640,2319136,2271.952,1132.978,0,567.488,0,19.982,1044,1448,1.380,1.680,1.260,0,0,0,0,0,18,297,0,30,0
01-05 00:46:42,2.501,1.000,95.035,0.250,0,5281016,223348,183640,2319140,2651.988,1176.438,0,780.291,0,44.016,1285,1850,1.380,1.680,1.260,1,0,1.000,0,0,18,297,0,30,0
01-05 00:46:43,10.007,2.752,86.057,0.500,0,5285712,218616,183640,2319176,2709.783,1230.810,0,800.527,0,73.048,2989,4347,1.380,1.680,1.260,0,0,3.002,0,0,18,297,0,30,0
01-05 00:46:44,4.718,1.242,91.884,0.248,0,5285696,218616,183640,2319192,2318.466,1126.453,0,170.855,0,21.854,1611,2152,1.270,1.650,1.250,0,0,1.987,0,0,18,297,0,30,0
01-05 00:46:45,2.506,1.002,95.738,0.251,0,5285432,218872,183640,2319200,2367.893,1245.099,0,104.259,0,12.030,1199,1690,1.270,1.650,1.250,0,0,0,0,0,18,297,0,30,0
01-05 00:46:46,2.260,1.004,95.924,0,0,5285392,218872,183640,2319240,2043.035,1139.037,32.142,152.675,1.004,22.098,1363,2017,1.270,1.650,1.250,0,0,0,0,0,18,297,0,30,0
01-05 00:46:47,2.247,1.997,95.128,0.250,0,5286144,218116,183640,2319244,2421.888,1186.475,0,115.851,0,10.986,1297,1629,1.270,1.650,1.250,0,0,5.992,0,0,18,297,0,30,0
01-05 00:46:48,1.500,1.000,95.531,0,0,5286368,217892,183640,2319244,2274.740,1134.369,0,184.060,0,22.007,1250,1790,1.270,1.650,1.250,0,0,0,0,0,18,297,0,30,0
01-05 00:46:49,3.003,0.751,94.844,0.500,0,5286368,217892,183640,2319244,2036.024,1135.128,0,312.310,0,45.045,1598,2420,1.170,1.620,1.250,0,0,0,0,0,18,297,0,30,0
01-05 00:46:50,1.750,1.000,96.227,0.250,0,5286364,217892,183640,2319248,2301.439,1241.697,0,875.787,0,55.986,1070,1565,1.170,1.620,1.250,0,0,1.000,0,0,18,297,0,30,0
01-05 00:46:51,1.500,0.750,97.224,0,0,5286364,217892,183640,2319248,2273.390,1133.696,0,0,0,0,935,1314,1.170,1.620,1.250,0,0,0,0,0,18,297,0,30,0
01-05 00:46:52,0.998,0.499,97.039,0,0,5286364,217892,183640,2319248,3964.391,1185.426,0,0,0,0,860,1208,1.170,1.620,1.250,0,0,0,0,0,18,297,0,30,0
01-05 00:46:53,1.751,1.001,96.071,0,0,5286364,217892,183640,2319248,2095.550,1134.839,0,476.352,0,7.005,1008,1417,1.170,1.620,1.250,1,0,0,0,0,18,297,0,30,0
01-05 00:46:54,1.251,0.501,96.611,0.250,0,5286360,217892,183640,2319252,1976.264,1135.301,0,76.087,0,6.007,943,1329,1.080,1.600,1.240,0,0,0,0,0,18,297,0,30,0
01-05 00:46:55,3.506,3.506,91.412,0.751,0,5345576,158676,183640,2319252,2546.524,1244.211,180.320,116.206,9.016,15.027,1689,2014,1.080,1.600,1.240,2,0,37.066,0,0,18,297,0,30,0
01-05 00:46:56,12.484,20.474,65.915,0.250,0,5363840,140144,183640,2319520,2211.140,1132.535,31.959,407.473,0.999,35.953,6769,6407,1.080,1.600,1.240,2,0,563.271,0,0,18,297,0,30,0
01-05 00:46:57,8.013,19.781,70.612,0,0,5364136,139820,183640,2319548,2428.856,1189.889,0,0,0,0,6285,5426,1.080,1.600,1.240,1,0,462.735,0,0,18,297,0,30,0
01-05 00:46:58,7.997,20.993,69.476,0.250,0,5361060,142860,183640,2319584,2273.222,1133.612,0,75.974,0,8.997,6672,5952,1.080,1.600,1.240,1,0,571.804,0,0,18,297,0,30,0
01-05 00:46:59,9.499,20.747,67.241,0.500,0,5357928,145940,183640,2319636,2163.723,1133.855,23.997,839.893,2.000,69.991,6919,6869,1.150,1.600,1.240,1,0,525.933,0,0,18,297,0,30,0
01-05 00:47:00,13.987,3.497,71.684,9.491,0,5356352,143144,183668,2324996,2299.875,1240.854,19605.888,347.679,183.830,20.981,2195,2023,1.150,1.600,1.240,1,0,34.968,0,0,18,297,0,30,0
01-05 00:47:01,15.243,3.998,78.713,1.499,0,5377124,136052,183620,2312304,2765.712,1809.158,175.918,107.950,5.997,11.994,2769,2655,1.150,1.600,1.240,0,0,26.987,0,0,18,298,0,30,0
01-05 00:47:02,1.750,1.500,96.242,0,0,5381200,132144,183620,2312296,85667.681,3839.672,0,195.983,0,11.999,1184,1505,1.150,1.600,1.240,0,0,0,0,0,18,298,0,30,0
01-05 00:47:03,2.252,1.001,94.816,0,0,5381208,131920,183620,2312512,271221.605,7301.050,0,116.080,0,15.010,1626,1993,1.150,1.600,1.240,1,0,0,0,0,18,298,0,30,0
01-05 00:47:04,3.238,1.245,93.405,0.249,0,5380952,131920,183620,2313028,514883.027,13438.333,0,2271.604,0,128.525,2208,2388,1.060,1.580,1.240,0,0,0.996,0,0,18,298,0,30,0
01-05 00:47:05,3.513,1.506,92.590,0.251,0,5379528,132732,183620,2313640,717167.304,18584.186,0,413.517,0,37.136,2538,2684,1.060,1.580,1.240,0,0,0,0,0,18,298,0,30,0
01-05 00:47:06,2.749,1.999,93.707,0,0,5378424,133168,183620,2314308,655192.506,19004.313,0,2171.008,0,12.994,2513,2779,1.060,1.580,1.240,0,0,1.999,0,0,18,298,0,30,0
01-05 00:47:07,1.500,1.000,96.475,0,0,5378424,133168,183620,2314308,47816.633,2783.280,0,139.964,0,7.998,1071,1419,1.060,1.580,1.240,0,0,0,0,0,18,298,0,30,0
01-05 00:47:08,1.751,1.251,95.827,0,0,5370120,141232,183620,2314548,212826.223,6509.206,0,28.022,0,3.002,1353,1576,1.060,1.580,1.240,1,0,0,0,0,18,298,0,30,0
01-05 00:47:09,3.745,1.498,92.129,0.499,0,5369968,140980,183620,2314952,435656.584,11163.358,0,639.162,0,66.912,2173,3051,1.050,1.570,1.240,0,0,0,0,0,18,298,0,30,0
01-05 00:47:10,1.751,1.501,94.562,0,0,5366956,143420,183620,2315524,609713.259,14775.724,0,432.284,0,30.020,1718,2235,1.050,1.570,1.240,0,0,1.001,0,0,18,298,0,30,0
01-05 00:47:11,1.251,1.251,96.076,0.250,0,5364152,146136,183620,2315612,147137.487,5475.335,0,2702.139,0,264.209,1339,1633,1.050,1.570,1.240,0,0,0,0,0,18,298,0,30,0
01-05 00:47:12,1.499,0.500,96.949,0,0,5364044,146136,183620,2315720,52440.275,2799.520,0,51.973,0,2.998,1016,1411,1.050,1.570,1.240,0,0,0,0,0,18,298,0,30,0
01-05 00:47:13,1.500,1.500,95.531,0,0,5363904,146136,183620,2315860,235926.787,7442.422,0,336.109,0,10.003,1516,1769,1.050,1.570,1.240,0,0,0,0,0,18,298,0,30,0
01-05 00:47:14,2.497,0.499,95.619,0,0,5363492,146136,183620,2316272,350239.128,9299.232,0,343.528,0,3.995,1565,1706,0.970,1.540,1.230,1,0,0,0,0,18,298,0,30,0
01-05 00:47:15,1.748,1.498,95.126,0,0.250,5363428,146136,183620,2316336,161454.073,5285.095,0,383.499,0,15.979,1490,1999,0.970,1.540,1.230,0,0,0,0,0,18,298,0,30,0
01-05 00:47:16,13.031,6.265,72.423,7.017,0,5401936,135172,183520,2289496,143397.045,4270.216,3588.585,3231.731,65.156,160.384,3045,3299,0.970,1.540,1.230,0,2,27.065,0,0,18,297,0,31,0
01-05 00:47:17,9.516,13.272,70.368,6.761,0,5391576,128900,183944,2305784,1980.308,1081.807,3654.105,28675.909,67.112,1432.393,7509,10491,0.970,1.540,1.230,1,0,105.176,0,0,18,297,0,31,0
01-05 00:47:18,17.737,11.242,67.702,2.248,0,5389164,141548,184140,2295284,1764.742,1025.269,651.536,9529.209,15.989,852.393,5937,7227,0.970,1.540,1.230,2,0,74.947,0,0,18,297,0,31,0
01-05 00:47:19,23.770,7.756,66.054,1.001,0,5402736,127480,184140,2295780,2145.766,1174.967,36.030,1769.456,6.005,125.103,3813,3664,0.970,1.530,1.230,2,0,32.026,0,0,18,297,0,31,0
01-05 00:47:20,25.484,6.496,66.707,0.750,0,5399556,129896,184168,2296500,3563.721,1025.344,0,1622.962,0,100.935,3289,2890,0.970,1.530,1.230,2,0,24.984,0,0,18,297,0,31,0
01-05 00:47:21,24.246,6.749,67.240,0.500,0.250,5402488,126144,184228,2297260,2259.658,1079.837,0,1755.735,0,213.968,3199,2627,0.970,1.530,1.230,2,0,23.996,0,0,18,297,0,31,0
01-05 00:47:22,24.212,6.240,67.645,0.499,0,5401568,124492,184456,2299540,2259.487,1024.407,0,926.559,0,35.944,2964,2710,0.970,1.530,1.230,1,0,15.975,0,0,18,297,0,31,0
01-05 00:47:23,21.789,3.506,72.631,1.002,0,5392276,131096,184492,2302136,2203.966,1081.947,116.209,368.663,26.047,14.025,2086,1730,0.970,1.530,1.230,1,0,2.004,0,0,18,297,0,31,0
01-05 00:47:24,19.504,4.251,70.513,3.751,0,5386364,137744,184492,2301396,1946.357,1026.188,292.054,2796.512,44.008,29.005,3725,5015,0.970,1.520,1.230,1,1,16.003,0,0,18,297,0,31,0
01-05 00:47:25,14.176,10.694,69.634,3.979,0,5457276,134352,184516,2235132,1949.755,1074.355,1245.456,2908.716,26.859,88.535,3241,3067,0.970,1.520,1.230,1,0,38.796,0,0,18,297,0,27,0
01-05 00:47:26,18.319,8.783,71.771,0.753,0,5465236,152384,184524,2206940,1772.690,1029.887,72.273,265.000,6.023,21.080,2448,2053,0.970,1.520,1.230,1,0,17.064,0,0,18,297,0,27,0
01-05 00:47:27,21.991,3.499,72.219,1.499,0,5472444,142520,184528,2209592,1976.159,1079.541,171.927,2626.882,7.997,9.996,2275,1666,0.970,1.520,1.230,1,0,19.991,0,0,18,297,0,27,0
01-05 00:47:28,22.506,3.001,72.020,1.250,0,5484000,149796,184560,2190896,1946.533,1026.281,48.013,52.014,9.002,7.002,2408,1860,0.970,1.520,1.230,1,0,13.004,0,0,18,297,0,27,0
01-05 00:47:29,3.001,1.751,93.790,0.250,0,5429076,249172,184560,2147352,2140.908,1122.476,0,328.139,0,41.017,1670,2422,0.890,1.500,1.220,0,0,5.002,0,0,18,297,0,25,0
01-05 00:47:30,2.001,1.001,96.320,0,0,5411572,266672,184560,2147356,3748.739,1026.750,0,368.269,0,19.014,1046,1510,0.890,1.500,1.220,0,0,1.001,0,0,18,297,0,25,0
01-05 00:47:31,1.746,0.249,96.262,0,0,5394608,283632,184560,2147360,2254.438,1077.342,0,99.754,0,12.968,1038,1467,0.890,1.500,1.220,0,0,0,0,0,18,297,0,25,0
01-05 00:47:32,1.503,1.002,97.174,0.250,0,5374956,303284,184560,2147360,2206.942,1027.836,0,52.093,0,7.013,970,1482,0.890,1.500,1.220,0,0,0,0,0,18,297,0,25,0
01-05 00:47:33,2.250,1.000,95.239,0,0,5366796,311440,184560,2147364,3879.548,1079.874,0,79.991,0,12.998,1268,1755,0.890,1.500,1.220,0,0,0,0,0,18,297,0,18,0
01-05 00:47:34,1.495,0.249,96.942,0,0,5363936,314268,184560,2147396,2621.673,1345.726,0,0,0,0,866,1289,0.820,1.470,1.210,0,0,0,0,0,18,297,0,18,0
01-05 00:47:35,2.252,0.751,94.815,0.751,0,5360868,317396,184560,2147396,2807.916,1567.070,0,2641.803,0,233.159,1333,1856,0.820,1.470,1.210,0,0,1.001,0,0,18,297,0,18,0
01-05 00:47:36,10.287,4.516,85.054,0.251,0,5366060,312192,184560,2147408,2649.454,1625.802,0,168.602,0,11.039,2587,8906,0.820,1.470,1.210,0,0,38.136,0,0,18,297,0,19,0
01-05 00:47:37,1.496,0.249,96.245,0,0,5366056,312192,184560,2147412,2681.900,1508.008,0,1081.138,0,225.403,1006,1469,0.820,1.470,1.210,1,0,0,0,0,18,297,0,6,0
01-05 00:47:38,1.752,0.751,96.352,0,0,5366056,312192,184560,2147412,2762.925,1621.717,0,44.047,0,3.003,1043,1460,0.820,1.470,1.210,0,0,0,0,0,18,297,0,6,0
01-05 00:47:39,2.501,0.750,94.556,0.250,0,5364964,313284,184560,2147412,2761.628,1620.956,0,320.189,0,42.025,1636,2505,0.760,1.450,1.210,0,0,0,0,0,18,297,0,6,0
01-05 00:47:40,1.751,1.250,95.036,0,0,5363708,314536,184560,2147416,2761.047,1620.615,0,332.126,0,21.008,1250,1698,0.760,1.450,1.210,0,0,2.001,0,0,18,297,0,6,0
01-05 00:47:41,3.496,0.999,95.133,0.250,0,5362880,315352,184560,2147428,4300.709,1564.076,0,67.916,0,5.993,1353,1816,0.760,1.450,1.210,0,0,1.998,0,0,18,297,0,6,0
01-05 00:47:42,4.254,1.251,94.094,0,0,5354800,323416,184560,2147444,2871.879,1513.517,0,40.040,0,4.004,1382,1756,0.760,1.450,1.210,0,0,2.002,0,0,18,297,0,4,0
01-05 00:47:43,2.500,0.750,94.732,0.500,0,5354796,323416,184560,2147448,3577.325,1541.709,0,131.975,0,18.996,1352,1898,0.760,1.450,1.210,0,0,1.000,0,0,18,297,0,4,0
01-05 00:47:44,1.248,0.999,97.113,0,0,5354792,323416,184564,2147448,2622.293,1563.789,0,19.972,0,1.997,935,1355,0.700,1.420,1.200,0,0,0,0,0,18,297,0,4,0
01-05 00:47:45,1.503,0.251,96.213,0.251,0,5354788,323416,184564,2147452,2844.284,1461.229,0,292.647,0,27.060,1055,1661,0.700,1.420,1.200,0,0,0,0,0,18,297,0,4,0
01-05 00:47:46,1.748,0.999,96.145,0,0,5354780,323416,184564,2147460,2732.020,1510.353,0,239.739,0,19.978,1107,1641,0.700,1.420,1.200,0,0,0,0,0,18,297,0,2,0
01-05 00:47:47,2.001,1.251,95.315,0,0,5354780,323416,184564,2147460,2676.836,1459.001,0,28.019,0,4.003,1186,1644,0.700,1.420,1.200,0,0,6.004,0,0,18,297,0,2,0
01-05 00:47:48,1.750,0.750,96.005,0.250,0,5354780,323416,184564,2147460,2446.136,1566.087,0,80.004,0,12.001,1228,1833,0.700,1.420,1.200,0,0,0,0,0,18,297,0,2,0
01-05 00:47:49,2.248,0.999,95.653,0,0,5354780,323416,184564,2147460,2429.541,1510.471,0,207.790,0,35.964,1536,2494,0.640,1.400,1.190,0,0,0,0,0,18,297,0,2,0
01-05 00:47:50,1.250,1.250,96.034,0.250,0,5354780,323416,184564,2147460,2538.904,1458.519,0,2108.751,0,52.019,1078,1556,0.640,1.400,1.190,0,0,1.000,0,0,18,297,0,2,0
01-05 00:47:51,1.500,0.750,96.742,0,0,5354780,323416,184564,2147460,2597.794,1457.885,0,243.981,0,5.000,927,1360,0.640,1.400,1.190,0,0,0,0,0,18,297,0,2,0
01-05 00:47:52,1.750,0.750,96.526,0,0,5355004,323192,184564,2147460,2675.722,1458.394,0,808.218,0,161.043,1025,1351,0.640,1.400,1.190,0,0,0,0,0,18,297,0,2,0
01-05 00:47:53,1.250,0.250,97.019,0,0,5355004,323192,184564,2147460,2880.562,1620.316,0,0,0,0,904,1295,0.640,1.400,1.190,0,0,0,0,0,18,297,0,2,0
01-05 00:47:54,1.248,0.749,96.822,0,0,5355000,323192,184564,2147464,2653.131,1455.329,0,0,0,0,867,1280,0.590,1.380,1.180,0,0,0,0,0,18,297,0,2,0
01-05 00:47:55,1.503,2.254,94.916,0.751,0,5355000,323192,184584,2147444,2782.866,1460.554,0,62557.393,0,109.191,1247,1739,0.590,1.380,1.180,0,0,0,0,0,18,297,0,2,0
01-05 00:47:56,2.000,0.500,96.242,0.250,0,5354976,323192,184584,2147468,2237.804,1457.872,0,207.982,0,17.998,1121,1611,0.590,1.380,1.180,0,0,0,0,0,18,297,0,2,0
01-05 00:47:57,1.250,0.500,96.981,0,0,5354976,323192,184584,2147468,2494.509,1457.713,0,31.994,0,3.999,871,1305,0.590,1.380,1.180,1,0,0,0,0,18,297,0,2,0
01-05 00:47:58,1.750,1.000,96.251,0.250,0,5354976,323192,184584,2147468,2418.026,1458.016,0,40.000,0,6.000,1004,1371,0.590,1.380,1.180,0,0,0,0,0,18,297,0,2,0
01-05 00:47:59,13.494,5.248,70.721,8.247,0,5367200,308720,184896,2149404,2776.856,1457.400,2239.078,735.697,496.795,49.979,3029,4023,0.620,1.370,1.180,1,0,4.998,0,0,18,297,0,2,0
01-05 00:48:00,15.759,2.251,79.545,1.001,0,5371612,303680,184896,2150036,11470.429,9652.410,36.020,2769.552,5.003,105.059,3055,4172,0.620,1.370,1.180,1,0,1.001,0,0,18,300,0,2,0
01-05 00:48:01,20.026,3.755,74.599,0,0,5371704,303556,184896,2150072,5416.165,4341.744,20.026,280.371,2.003,30.040,2483,2307,0.620,1.370,1.180,0,0,5.007,0,0,18,302,0,3,0
01-05 00:48:02,18.167,1.493,78.891,0.249,0,5378968,296276,184896,2150088,11682.874,9768.579,15.928,131.402,0.995,17.919,2422,2492,0.620,1.370,1.180,2,0,0,0,0,18,305,0,3,1
01-05 00:48:03,17.300,4.012,77.724,0,0,5385860,289228,184896,2150244,10946.591,9509.444,0,1440.156,0,244.706,2610,2539,0.620,1.370,1.180,1,0,5.014,0,0,18,307,0,4,0
01-05 00:48:04,18.514,4.003,76.058,0.250,0,5415328,259752,184896,2150252,5705.320,4293.251,0,204.155,0,22.017,2434,2370,0.650,1.360,1.180,1,0,5.004,0,0,18,305,1,5,0
01-05 00:48:05,15.234,3.247,79.918,0.250,0,5409824,265100,184900,2150404,11822.798,10286.384,0,343.645,0,33.965,2666,2825,0.650,1.360,1.180,1,0,4.995,0,0,18,305,0,6,0
01-05 00:48:06,13.755,3.251,81.278,0.250,0,5401300,273604,184900,2150424,13212.510,11881.056,0,1288.440,0,124.042,2757,2801,0.650,1.360,1.180,1,0,7.002,0,0,18,305,0,7,0
01-05 00:48:07,19.756,3.251,75.773,0,0,5413520,261376,184900,2150432,31432.527,20710.277,0,72.022,0,9.003,2785,2480,0.650,1.360,1.180,1,0,0,0,0,18,306,0,8,0
01-05 00:48:08,71.347,8.731,19.209,0.499,0,5085324,589556,184900,2150464,5567.070,1694.369,3.991,87.812,0.998,9.979,4516,2184,0.650,1.360,1.180,3,0,20.955,0,0,18,293,0,10,0
01-05 00:48:09,77.355,12.517,7.510,2.754,0,5191700,483164,184900,2150536,3997.401,1514.046,72.097,212.287,10.014,33.045,4904,2828,0.920,1.410,1.200,5,0,4.005,0,0,18,293,0,10,0
01-05 00:48:10,86.360,12.015,0,1.001,0,5280848,393664,184900,2150888,2541.245,1459.864,164.210,1161.483,16.020,81.104,4957,2297,0.920,1.410,1.200,4,0,2.003,0,0,18,293,0,10,0
01-05 00:48:11,78.538,10.970,0.249,9.225,0,5327084,340852,184900,2157464,2411.498,1454.080,6414.705,311.161,377.981,12.965,4836,2637,0.920,1.410,1.200,7,0,3.989,0,0,18,291,0,10,0
01-05 00:48:12,87.363,11.765,1.001,0.501,0,5287040,379008,184900,2159408,32541.156,15197.688,881.141,320.415,126.163,30.039,6332,8676,0.920,1.410,1.200,6,0,2.003,0,0,18,293,0,17,0
01-05 00:48:13,53.124,7.768,38.339,0,0,5183020,482868,184900,2159664,11733.279,5975.894,8.019,168.392,1.002,20.047,5199,5487,0.920,1.410,1.200,3,0,7.016,0,0,18,281,0,17,0
01-05 00:48:14,45.490,7.248,44.490,1.750,0,5235000,429168,184900,2161444,4091.107,1457.682,799.825,127.972,32.993,16.996,4736,7506,1.090,1.430,1.210,2,0,2.000,0,0,18,287,0,18,0
01-05 00:48:15,33.758,5.751,58.515,0.750,0,5328792,334028,184900,2162792,32927.214,17408.343,600.150,724.181,12.003,61.015,4515,6421,1.090,1.430,1.210,3,0,2.000,0,0,18,289,0,23,0
01-05 00:48:16,31.742,1.999,64.983,0.250,0,5321340,341364,184900,2162908,100115.635,49617.933,0,271.928,0,31.992,3642,3172,1.090,1.430,1.210,0,0,0,0,0,18,289,0,23,0
01-05 00:48:17,29.759,3.001,65.520,0.500,0,5328656,333792,184900,2163164,73026.740,32980.819,0,260.077,0,28.008,3862,3916,1.090,1.430,1.210,2,0,0,0,0,18,299,0,23,0
01-05 00:48:18,7.744,1.499,89.434,0.500,0,5329092,333344,184900,2163176,20709.804,9666.907,0,10864.028,0,1277.063,2337,2184,1.090,1.430,1.210,0,0,0,0,0,18,297,0,22,0
01-05 00:48:19,1.250,0.750,97.022,0,0,5329092,333344,184900,2163176,2476.552,1552.346,0,0,0,0,999,1376,1,1.410,1.200,0,0,0,0,0,18,297,0,22,0
01-05 00:48:20,1.248,0.499,96.590,0,0,5329344,333092,184900,2163176,2549.778,1455.590,0,3.993,0,0.998,925,1311,1,1.410,1.200,0,0,0.998,0,0,18,297,0,22,0
01-05 00:48:21,1.501,0.751,96.324,0.250,0,5329344,333092,184900,2163176,2419.868,1459.126,0,576.445,0,38.029,1007,1445,1,1.410,1.200,0,0,0,0,0,18,297,0,22,0
01-05 00:48:22,1.248,0.250,96.822,0,0,5329344,333092,184900,2163176,2729.983,1455.326,0,1517.212,0,2.994,844,1296,1,1.410,1.200,0,0,0,0,0,18,297,0,22,0
01-05 00:48:23,2.746,1.248,94.622,0.250,0,5328688,333748,184900,2163176,4032.556,1456.034,0,299.596,0,32.956,1379,2123,1,1.410,1.200,0,0,0,0,0,18,297,0,22,0
01-05 00:48:24,1.002,0.251,96.947,0,0,5328684,333748,184900,2163180,2483.047,1460.969,0,0,0,0,882,1271,0.920,1.390,1.190,0,0,0,0,0,18,297,0,22,0
01-05 00:48:25,2.001,1.000,96.547,0,0,5328684,333748,184900,2163180,4160.044,1458.717,0,100.049,0,15.007,1038,1589,0.920,1.390,1.190,0,0,0,0,0,18,297,0,22,0
01-05 00:48:26,1.000,0.500,96.709,0.250,0,5328684,333748,184900,2163180,2476.953,1457.384,0,319.865,0,25.989,984,1517,0.920,1.390,1.190,0,0,0,0,0,18,297,0,22,0
01-05 00:48:27,1.250,0.500,97.021,0,0,5328680,333748,184900,2163184,2735.583,1458.311,0,28.006,0,4.001,925,1319,0.920,1.390,1.190,0,0,0,0,0,18,297,0,22,0
01-05 00:48:28,2.248,0.999,94.935,0.749,0,5328928,333496,184900,2163188,2490.289,1456.999,0,431.703,0,45.968,1416,2244,0.920,1.390,1.190,0,0,0,0,0,18,297,0,22,0
01-05 00:48:29,1.251,0.751,96.861,0,0,5328928,333496,184900,2163188,2448.817,1621.866,0,0,0,0,864,1288,0.850,1.360,1.190,0,0,1.001,0,0,18,297,0,22,0
01-05 00:48:30,1.751,1.000,97.033,0,0,5329148,333272,184900,2163192,2358.807,1458.499,0,0,0,0,911,1298,0.850,1.360,1.190,0,0,1.000,0,0,18,297,0,22,0
01-05 00:48:31,1.752,0.751,96.118,0,0,5329188,333232,184900,2163192,2420.970,1459.791,0,308.378,0,27.033,1057,1515,0.850,1.360,1.190,0,0,0,0,0,18,297,0,22,0
01-05 00:48:32,0.749,0.999,96.885,0,0,5329056,333364,184900,2163192,2611.904,1456.274,0,203.758,0,14.982,1006,1537,0.850,1.360,1.190,0,0,0,0,0,18,297,0,22,0
01-05 00:48:33,40.291,9.259,46.297,4.004,0.250,5109344,552576,185044,2163508,2716.739,1697.712,512.517,340.343,33.033,39.039,4507,3760,0.850,1.360,1.190,2,0,71.072,0,0,18,295,0,24,0
01-05 00:48:34,21.726,5.494,70.671,0.499,0,5043472,618408,185044,2163696,2355.382,1955.826,71.920,223.751,4.994,20.977,2610,2449,0.860,1.360,1.180,2,0,8.990,0,0,18,295,0,24,0
01-05 00:48:35,24.010,3.251,72.029,0.250,0.250,5090340,571536,185044,2163700,4039.639,1638.665,20.008,96.039,2.001,12.005,2234,2036,0.860,1.360,1.180,1,0,0,0,0,18,295,0,24,0
01-05 00:48:36,29.722,7.243,59.943,0.999,0,5133860,526852,185044,2164812,3974.250,1456.626,307.710,687.351,28.973,81.923,5447,15302,0.860,1.360,1.180,5,0,48.954,0,0,18,299,0,27,0
01-05 00:48:37,22.290,5.009,71.879,0,0,5222284,438412,185044,2164900,2633.722,1514.716,8.014,100.180,2.004,4.007,2152,1768,0.860,1.360,1.180,2,0,6.011,0,0,18,299,0,27,0
01-05 00:48:38,23.006,5.251,70.270,0.500,0,5228624,432068,185044,2164904,5593.570,1458.409,0,2788.783,0,189.053,2821,3098,0.860,1.360,1.180,3,0,4.001,0,0,18,299,0,27,0
01-05 00:48:39,24.788,2.231,71.639,0,0,5236928,423592,185044,2165076,4329.054,1691.563,0,4826.806,0,658.381,2354,1483,0.870,1.350,1.180,3,0,0,0,0,18,299,0,26,0
01-05 00:48:40,1.506,0.502,97.131,0,0,5236116,424388,185044,2165092,2788.943,1463.743,0,0,0,0,1034,1419,0.870,1.350,1.180,0,0,2.008,0,0,18,299,0,26,0
01-05 00:48:41,1.255,0.502,95.886,0.502,0,5234272,426228,185044,2165096,2608.506,1463.896,0,357.440,0,25.101,1091,1519,0.870,1.350,1.180,0,0,0,0,0,18,299,0,26,0
01-05 00:48:42,1.747,1.747,95.836,0,0,5258452,402048,185044,2165096,2790.219,1455.506,0,191.672,0,1.997,1084,1407,0.870,1.350,1.180,1,0,0.998,0,0,18,299,0,26,0
01-05 00:48:43,7.006,2.502,89.323,0,0,5292940,367536,185044,2165120,2660.178,1549.269,0,192.157,0,18.015,1981,2518,0.870,1.350,1.180,0,0,2.002,0,0,18,299,0,26,0
01-05 00:48:44,11.694,2.239,84.598,0.249,0,5292532,367760,185044,2165304,2416.521,1451.107,159.244,234.884,9.953,20.901,2681,3441,0.800,1.330,1.180,0,0,1.991,0,0,18,299,0,29,0
01-05 00:48:45,3.010,0.753,94.575,0.251,0,5292324,367956,185044,2165316,4367.014,1517.216,0,184.635,0,22.076,1429,2088,0.800,1.330,1.180,2,0,1.003,0,0,18,299,0,29,0
01-05 00:48:46,1.749,0.999,95.452,0,0,5291028,369252,185044,2165316,2356.805,1457.261,0,207.895,0,22.988,1242,1787,0.800,1.330,1.180,2,0,0,0,0,18,299,0,29,0
01-05 00:48:47,2.003,1.752,95.133,0,0,5291504,368776,185044,2165316,2678.738,1460.037,0,108.151,0,9.013,1275,1586,0.800,1.330,1.180,0,0,6.008,0,0,18,299,0,29,0
01-05 00:48:48,2.748,0.500,94.438,0.750,0,5290180,370088,185044,2165328,2476.374,1596.951,0,331.782,0,47.968,1597,2423,0.800,1.330,1.180,0,0,0,0,0,18,299,0,29,0
01-05 00:48:49,1.499,0.750,96.462,0,0,5288344,371924,185044,2165328,2417.037,1457.419,0,103.959,0,8.996,987,1355,0.740,1.310,1.170,1,0,0,0,0,18,299,0,29,0
01-05 00:48:50,1.497,0.998,96.582,0,0,5286728,373540,185044,2165328,5602.279,1509.381,0,103.820,0,8.984,982,1357,0.740,1.310,1.170,0,0,0.998,0,0,18,299,0,29,0
01-05 00:48:51,1.505,1.003,96.324,0.502,0,5285540,374728,185044,2165328,2500.422,1517.110,0,425.433,0,30.101,1077,1494,0.740,1.310,1.170,0,0,0,0,0,18,299,0,29,0
01-05 00:48:52,1.747,0.250,96.591,0,0,5284304,375964,185044,2165328,2670.611,1455.608,0,0,0,0,950,1298,0.740,1.310,1.170,0,0,0,0,0,18,299,0,29,0
01-05 00:48:53,1.501,0.500,96.324,0,0,5283336,376928,185044,2165332,2539.959,1549.195,0,496.383,0,13.010,1178,1665,0.740,1.310,1.170,0,0,0,0,0,18,299,0,29,0
01-05 00:48:54,2.000,0.750,95.250,0.250,0,5283336,376928,185044,2165332,2552.003,1512.002,0,304.000,0,28.000,1130,1528,0.680,1.280,1.160,0,0,0,0,0,18,299,0,29,0
01-05 00:48:55,2.247,0.749,95.881,0.250,0,5283328,376928,185044,2165340,2534.848,1456.189,0,87.891,0,11.985,1065,1562,0.680,1.280,1.160,1,0,0,0,0,18,299,0,29,0
01-05 00:48:56,1.253,1.002,96.716,0,0,5283328,376928,185044,2165340,2543.690,1461.269,0,244.547,0,21.047,1066,1619,0.680,1.280,1.160,0,0,0,0,0,18,299,0,29,0
01-05 00:48:57,1.496,0.249,96.216,0,0,5283328,376928,185044,2165340,2607.296,1453.704,0,27.918,0,3.988,981,1338,0.680,1.280,1.160,0,0,0,0,0,18,299,0,29,0
01-05 00:48:58,1.503,1.252,95.415,0.501,0,5283324,376928,185044,2165344,2362.073,1460.519,0,356.615,0,43.074,1395,2104,0.680,1.280,1.160,1,0,0,0,0,18,299,0,29,0
01-05 00:48:59,1.747,0.499,96.561,0,0,5283196,376928,185044,2165472,2427.241,1509.041,0,1309.433,0,262.485,1109,1388,0.620,1.260,1.160,0,0,0,0,0,18,299,0,29,0
01-05 00:49:00,1.499,0.749,96.432,0,0,5283196,376928,185044,2165472,2490.235,1510.929,0,0,0,0,987,1325,0.620,1.260,1.160,0,0,0.999,0,0,18,299,0,29,0
01-05 00:49:01,1.750,1.000,95.750,0.250,0.250,5283192,376928,185044,2165476,2658.011,1458.006,0,272.001,0,24.000,1120,1588,0.620,1.260,1.160,0,0,0,0,0,18,299,0,29,0
01-05 00:49:02,1.503,0.251,96.722,0.251,0,5283192,376928,185044,2165476,6297.454,1557.575,0,324.745,0,22.051,1101,1562,0.620,1.260,1.160,0,0,0,0,0,18,299,0,29,0
01-05 00:49:03,2.505,1.503,94.682,0,0,5283192,376928,185044,2165476,2723.238,1691.253,0,184.355,0,25.048,1495,2181,0.620,1.260,1.160,0,0,0,0,0,18,299,0,27,0
01-05 00:49:04,9.757,14.010,74.053,0.751,0,5291492,368608,185044,2165496,2659.912,1459.049,4.003,128.092,1.001,14.010,4986,4458,0.650,1.260,1.160,2,0,312.224,0,0,18,299,0,27,0
01-05 00:49:05,23.210,3.743,71.375,0,0,5345624,314472,185044,2165500,2833.058,1455.461,0,163.714,0,16.970,2247,1865,0.650,1.260,1.160,1,0,0,0,0,18,299,0,27,0
01-05 00:49:06,18.761,2.752,77.047,0.250,0,5356296,303784,185044,2165516,9062.488,7844.751,16.010,124.075,2.001,11.007,2328,2209,0.650,1.260,1.160,1,0,0,0,0,18,301,0,28,0
01-05 00:49:07,20.252,4.500,72.005,0.750,0,5356552,303132,185044,2165912,6144.457,4855.361,336.025,856.064,20.001,107.008,5032,6674,0.650,1.260,1.160,1,0,1.000,0,0,18,300,0,29,0
01-05 00:49:08,41.798,6.718,49.013,0.995,0.249,5379544,280048,185044,2166004,3568.765,2649.206,47.769,437.885,2.986,61.702,4240,4169,0.650,1.260,1.160,4,0,24.880,0,0,18,299,0,26,0
01-05 00:49:09,37.455,7.038,54.297,1.005,0,5414160,245300,185048,2166132,11646.696,10362.674,112.616,0,5.027,0,3345,2653,0.760,1.270,1.160,2,0,5.027,0,0,18,303,0,29,0
01-05 00:49:10,29.003,8.251,62.006,0,0,5436992,222424,185048,2166176,32379.035,30431.852,0,2348.220,0,365.034,4074,3219,0.760,1.270,1.160,1,0,85.008,0,0,18,299,0,37,0
01-05 00:49:11,7.248,17.995,73.231,0,0,5436196,223192,185048,2166204,7604.075,2339.408,0,131.967,0,8.998,5548,4586,0.760,1.270,1.160,1,0,350.911,0,0,18,299,0,37,1
01-05 00:49:12,18.672,5.975,73.196,1.494,0,5469932,188972,185048,2166688,10329.103,2469.743,466.064,362.495,31.868,65.727,2675,2151,0.760,1.270,1.160,1,0,36.847,0,0,18,299,0,35,0
01-05 00:49:13,22.604,5.274,70.574,1.005,0,5487172,171584,185048,2166836,2549.723,1464.735,140.647,3142.449,5.023,168.776,2652,2771,0.760,1.270,1.160,1,0,2.009,0,0,18,299,0,35,0
01-05 00:49:14,23.453,2.744,71.855,0.249,0,5515860,142352,185076,2167352,5819.255,1455.063,99.799,275.444,9.980,18.962,2190,1869,0.780,1.270,1.160,1,0,0,0,0,18,299,0,35,0
01-05 00:49:15,23.511,2.501,71.033,1.501,0,5532572,142620,185216,2150560,4400.061,1458.683,936.439,676.317,111.052,14.007,2570,2622,0.780,1.270,1.160,2,0,0,0,0,18,299,0,35,0
01-05 00:49:16,23.522,4.004,71.566,0.250,0,5509708,165256,185216,2150736,2614.408,1513.394,0,324.299,0,24.022,2270,1989,0.780,1.270,1.160,1,0,3.003,0,0,18,299,0,24,0
01-05 00:49:17,25.757,3.751,68.268,0.500,0,5525176,149520,185216,2151004,2735.710,1458.378,0,1268.329,0,92.024,4769,6097,0.780,1.270,1.160,1,0,0,0,0,18,300,0,24,0
01-05 00:49:18,25.760,3.501,68.027,1.000,0,5522724,151556,185216,2151408,2613.030,1512.596,228.090,2196.866,30.012,170.067,5637,7770,0.780,1.270,1.160,1,0,1.000,0,0,18,303,0,28,0
01-05 00:49:19,28.753,3.750,62.755,3.000,0,5534160,138956,185216,2152576,2923.255,2956.258,932.081,1244.108,60.005,175.015,4565,5927,0.880,1.280,1.170,2,0,1.000,0,0,18,307,0,30,0
01-05 00:49:20,27.629,3.734,64.966,1.742,0,5545704,126860,185216,2153128,10856.490,5480.019,191.163,2214.310,10.952,228.998,5033,6459,0.880,1.280,1.170,1,0,1.991,0,0,18,307,0,31,0
01-05 00:49:21,3.511,1.003,93.547,0,0,5545688,126860,185216,2153144,2485.897,1462.646,0,758.409,0,28.089,1401,1892,0.880,1.280,1.170,1,0,0,0,0,18,309,0,31,0
01-05 00:49:22,7.241,1.498,90.140,0.749,0.250,5547040,125464,185216,2153188,6848.636,3796.364,15.980,834.980,0.999,82.899,2214,3109,0.880,1.280,1.170,0,0,0,0,0,18,307,0,32,0
01-05 00:49:23,16.747,2.250,77.736,0.500,0,5546664,125468,185216,2153560,27951.017,12712.734,63.989,1219.783,3.999,151.973,3623,4676,0.880,1.280,1.170,0,0,0,0,0,18,307,0,32,0
01-05 00:49:24,19.296,3.759,74.178,1.002,0,5545632,126372,185216,2153688,4161.964,1461.499,16.038,1335.197,1.002,167.401,5365,7523,1.050,1.310,1.180,2,0,0,0,0,18,310,0,32,0
01-05 00:49:25,25.977,5.245,65.191,2.248,0,5538960,132828,185216,2153904,2863.427,1564.594,0,11929.280,0,1180.939,7943,11629,1.050,1.310,1.180,1,1,0,0,0,18,310,0,33,0
01-05 00:49:26,25.268,5.254,67.548,1.001,0,5539816,131568,185216,2154308,7230.154,4011.860,16.011,1453.036,1.001,189.135,6175,8962,1.050,1.310,1.180,0,0,0,0,0,18,310,0,35,0
01-05 00:49:27,6.002,1.501,90.531,0.250,0,5539784,131568,185216,2154340,3920.359,1632.566,0,1516.526,0,87.030,2153,2852,1.050,1.310,1.180,1,0,0,0,0,18,311,0,35,0
01-05 00:49:28,15.146,1.490,80.942,1.241,0,5539732,131568,185216,2154392,26169.746,12681.651,0,1223.572,0,146.988,3389,4856,1.050,1.310,1.180,1,0,0,0,0,18,309,0,35,0
01-05 00:49:29,24.108,4.269,69.312,1.256,0,5540156,131064,185216,2154468,2549.466,1464.587,0,2290.300,0,257.157,6521,9865,1.040,1.300,1.170,1,0,0,0,0,18,310,0,36,0
01-05 00:49:30,24.267,5.504,67.799,1.001,0,5540372,130560,185216,2154756,2359.688,1459.044,0,2661.905,0,245.175,6995,10015,1.040,1.300,1.170,2,0,1.001,0,0,18,310,0,36,0
01-05 00:49:31,19.977,3.995,71.917,1.498,0,5541208,129552,185216,2154928,6711.223,4175.161,0,2660.916,0,289.664,5380,7818,1.040,1.300,1.170,0,0,0,0,0,18,309,0,37,0
01-05 00:49:32,13.022,3.005,80.885,2.003,0,5541820,128796,185216,2155072,4250.081,1600.667,0,7324.202,0,494.824,4074,6195,1.040,1.300,1.170,2,0,0,0,0,18,310,0,41,0
01-05 00:49:33,6.988,1.747,88.354,0.749,0,5542060,128544,185216,2155084,6753.864,4032.351,0,1190.038,0,113.812,2582,3672,1.040,1.300,1.170,1,0,0,0,0,18,309,0,41,0
01-05 00:49:34,13.183,2.487,81.085,0.746,0,5542540,127800,185216,2155332,6832.025,4265.165,0,1062.560,0,146.251,3399,4860,0.960,1.280,1.170,0,0,0,0,0,18,309,0,42,0
01-05 00:49:35,18.562,2.759,76.255,2.007,0,5545060,125280,185216,2155332,2606.706,1603.355,148.496,573.917,8.027,48.161,3306,3560,0.960,1.280,1.170,2,0,0,0,0,18,310,0,43,0
01-05 00:49:36,20.565,5.267,71.225,0.251,0,5552308,166308,185196,2109892,26359.140,12755.232,0,842.658,0,92.291,4186,15190,0.960,1.280,1.170,0,0,38.120,0,0,18,309,0,41,0
01-05 00:49:37,14.485,2.747,80.415,0.999,0,5548828,169744,185196,2109936,27150.151,12713.491,0,1006.930,0,117.875,3238,4227,0.960,1.280,1.170,0,0,0,0,0,18,309,0,41,0
01-05 00:49:38,16.419,1.493,79.858,0.249,0,5548792,169744,185196,2109972,26280.882,12706.573,0,931.424,0,126.379,3120,4162,0.960,1.280,1.170,2,0,0,0,0,18,309,0,41,0
01-05 00:49:39,17.096,4.274,75.174,1.760,0,5548952,169492,185196,2110064,2552.392,1466.268,0,1886.638,0,242.367,5574,8494,1.120,1.310,1.180,1,0,0,0,0,18,310,0,41,0
01-05 00:49:40,25.283,4.256,68.088,1.252,0,5549948,168236,185196,2110324,2661.442,1459.888,0,3428.434,0,287.372,7184,10164,1.120,1.310,1.180,1,0,1.001,0,0,18,310,0,40,0
01-05 00:49:41,25.500,5.000,66.749,1.500,0,5550064,167984,185196,2110460,2717.973,1457.985,0,5663.943,0,392.996,7145,10468,1.120,1.310,1.180,1,0,0,0,0,18,311,0,44,0
01-05 00:49:42,25.483,4.497,66.207,1.749,0,5550280,167492,185196,2110736,2913.097,1457.048,0,3014.031,0,303.802,7107,10455,1.120,1.310,1.180,2,0,0.999,0,0,18,310,0,45,0
01-05 00:49:43,21.464,4.492,71.379,0.998,0.250,5553760,163988,185196,2110760,2773.301,1455.534,0,3394.249,0,276.531,6101,9189,1.120,1.310,1.180,0,0,2.995,0,0,18,311,0,49,0
01-05 00:49:44,7.256,1.751,89.827,0,0,5553772,163736,185196,2111000,2494.131,1513.293,0,228.195,0,18.015,2020,2395,1.030,1.290,1.170,0,0,3.003,0,0,18,312,0,48,0
01-05 00:49:45,6.253,1.251,90.793,0.250,0,5554268,163232,185196,2111008,2627.240,1566.740,0,480.227,0,36.017,1982,2535,1.030,1.290,1.170,1,0,1.000,0,0,18,312,0,48,0
01-05 00:49:46,20.734,3.497,73.192,0.749,0,5554596,162784,185196,2111128,21896.664,10495.690,0,7526.042,0,983.222,5235,6571,1.030,1.290,1.170,1,0,0,0,0,18,312,0,48,0
01-05 00:49:47,27.211,5.991,63.160,2.496,0,5555380,161780,185196,2111348,2491.464,1455.934,0,3007.732,0,417.408,7872,11975,1.030,1.290,1.170,2,0,5.991,0,0,18,312,0,48,0
01-05 00:49:48,24.826,4.514,67.206,1.254,0,5555580,161304,185196,2111624,2305.056,1462.477,0,11134.083,0,483.480,7332,10759,1.030,1.290,1.170,1,0,0,0,0,18,312,0,48,0
01-05 00:49:49,23.677,3.489,70.783,0.997,0,5556536,160044,185196,2111928,3846.196,1453.539,271.168,913.197,15.951,129.602,5417,7387,0.950,1.260,1.170,0,0,0,0,0,18,311,0,49,0
01-05 00:49:50,5.268,1.756,91.319,0.251,0,5556696,159792,185196,2112020,2366.268,1463.112,0,658.300,0,52.182,1831,2493,0.950,1.260,1.170,4,0,1.004,0,0,18,312,0,50,0
01-05 00:49:51,17.158,2.238,77.334,0.995,0,5560232,156012,185196,2112264,26391.070,13178.128,0,1818.222,0,198.930,3792,5347,0.950,1.260,1.170,0,0,0,0,0,18,311,0,53,0
01-05 00:49:52,11.264,2.003,84.858,1.001,0,5563716,152484,185196,2112308,7056.010,4111.250,64.082,1385.770,4.005,159.203,3001,4314,0.950,1.260,1.170,0,0,0,0,0,18,311,0,54,0
01-05 00:49:53,7.275,1.756,89.052,0.502,0,5564100,151980,185196,2112424,2606.851,1462.967,0,1352.592,0,97.330,2280,3357,0.950,1.260,1.170,0,0,0,0,0,18,312,0,55,0
01-05 00:49:54,14.995,2.999,80.221,0.750,0,5568344,147696,185196,2112464,6967.502,4019.559,0,1175.579,0,131.953,3488,4828,0.870,1.240,1.160,0,0,0,0,0,18,311,0,59,0
01-05 00:49:55,13.498,1.750,82.236,1.000,0,5570336,145680,185196,2112488,6972.820,3722.370,0,955.838,0,99.983,3106,4051,0.870,1.240,1.160,1,0,0,0,0,18,311,0,63,0
01-05 00:49:56,13.001,1.250,83.259,0.500,0,5570372,145428,185196,2112704,22318.359,10753.137,0,1048.111,0,116.012,2737,3588,0.870,1.240,1.160,2,0,0,0,0,18,313,0,64,0
01-05 00:49:57,17.257,2.501,77.281,1.501,0,5570536,145176,185196,2112792,9963.963,5568.214,16.006,6538.600,1.000,466.185,3997,5899,0.870,1.240,1.160,1,0,0,0,0,18,312,0,67,0
01-05 00:49:58,20.983,2.498,73.689,1.499,0,5571512,143916,185200,2113072,21540.049,10429.308,15.987,1998.335,0.999,263.780,4758,6682,0.870,1.240,1.160,0,0,0,0,0,18,312,0,69,0
01-05 00:49:59,7.257,2.252,88.587,0.500,0,5572492,142908,185200,2113100,4143.086,1699.676,0,896.885,0,99.098,2204,3022,1.200,1.310,1.180,1,0,0,0,0,18,312,0,69,0
01-05 00:50:00,10.973,1.995,85.040,0.748,0,5572908,142404,185200,2113188,6642.629,4192.667,0,1001.532,0,135.666,2966,4535,1.200,1.310,1.180,0,0,0.998,0,0,18,311,0,72,0
01-05 00:50:01,15.255,2.751,79.027,1.000,0,5573104,142152,185200,2113244,6901.319,4205.413,0,1212.407,0,164.055,3752,5551,1.200,1.310,1.180,0,0,0,0,0,18,311,0,77,0
01-05 00:50:02,6.761,1.502,89.892,0.501,0,5573440,141648,185200,2113412,2739.326,1460.306,0,773.221,0,70.111,2090,2845,1.200,1.310,1.180,0,0,0,0,0,18,311,0,78,0
01-05 00:50:03,6.747,1.000,89.217,0.500,0,5573664,141396,185200,2113440,2597.025,1499.437,0,1191.553,0,102.961,2407,3611,1.200,1.310,1.180,0,0,0,0,0,18,311,0,78,0
01-05 00:50:04,5.751,1.250,91.523,0.250,0,5573632,141396,185204,2113468,2538.626,1458.360,0,644.159,0,56.014,1731,2496,1.110,1.280,1.170,0,0,0,0,0,18,311,0,78,0
01-05 00:50:05,3.005,1.252,94.402,0.250,0,5573612,141396,185204,2113488,2722.380,1502.417,0,392.632,0,31.050,1367,2028,1.110,1.280,1.170,2,0,0,0,0,18,312,0,79,0
01-05 00:50:06,3.988,1.246,92.473,0.249,0,5573592,141396,185204,2113508,2751.758,1615.162,0,5798.631,0,737.790,2012,2582,1.110,1.280,1.170,0,0,0,0,0,18,311,0,79,0
01-05 00:50:07,14.991,3.248,74.705,5.497,0,5574780,139884,185288,2113748,11472.125,6787.932,147.911,1619.030,11.993,194.883,3832,5358,1.110,1.280,1.170,0,0,2.998,0,0,18,311,0,82,0
01-05 00:50:08,15.785,2.756,78.173,1.754,0,5575000,139632,185288,2113780,10866.002,5893.017,0,1896.189,0,239.529,4279,6156,1.110,1.280,1.170,0,0,0,0,0,18,311,0,86,0
01-05 00:50:09,10.708,1.992,83.917,1.245,0,5575124,139380,185288,2113908,5268.090,3481.183,0,6032.058,0,372.521,3271,4836,1.020,1.260,1.170,1,0,0,0,0,18,312,0,86,0
01-05 00:50:10,14.508,2.001,81.046,1.001,0,5575364,139128,185288,2113920,25940.682,12656.163,0,1340.759,0,186.105,3301,4571,1.020,1.260,1.170,1,0,1.001,0,0,18,313,0,86,0
01-05 00:50:11,11.293,1.506,84.574,1.004,0,5576844,137364,185288,2114204,4154.908,1704.526,0,1035.966,0,133.511,3507,4989,1.020,1.260,1.170,0,0,0,0,0,18,311,0,87,0
01-05 00:50:12,16.450,2.991,78.263,1.246,0,5581824,132324,185288,2114264,7134.388,4192.301,15.952,1296.074,0.997,180.453,3942,5450,1.020,1.260,1.170,1,0,0,0,0,18,311,0,91,0
01-05 00:50:13,11.012,2.002,85.597,0.751,0,5583464,130560,185288,2114388,7037.984,4111.664,0,993.127,0,130.148,2892,4112,1.020,1.260,1.170,1,0,0,0,0,18,311,0,79,0
01-05 00:50:14,5.240,1.497,90.076,0.749,0,5584208,129804,185288,2114400,2533.097,1455.183,0,1241.597,0,126.755,2034,2839,1.020,1.260,1.170,2,0,0,0,0,18,312,0,80,0
01-05 00:50:15,10.493,1.999,84.945,0.999,0,5585516,128292,185292,2114600,6955.466,3666.610,0,1271.171,0,138.909,2870,4122,1.020,1.260,1.170,0,0,0,0,0,18,311,0,82,0
01-05 00:50:16,18.087,2.261,77.372,1.005,0,5588476,125268,185292,2114664,21750.502,10567.774,0,1382.643,0,170.821,4096,5386,1.020,1.260,1.170,4,0,0,0,0,18,312,0,84,0
01-05 00:50:17,17.253,3.501,76.764,1.500,0,5588388,125268,185292,2114752,7320.327,3710.673,0,6549.187,0,447.081,5183,7798,1.020,1.260,1.170,1,0,0,0,0,18,312,0,86,0
01-05 00:50:18,26.744,4.999,63.236,2.249,0,5588328,125016,185292,2115064,2685.401,1565.651,31.993,3547.209,1.000,460.897,8113,12797,1.020,1.260,1.170,1,1,1.000,0,0,18,312,0,88,0
01-05 00:50:19,24.994,4.749,67.985,1.000,0,5588700,124512,185292,2115196,2597.427,1457.679,0,2419.467,0,165.963,6665,9759,1.020,1.250,1.170,1,0,0,0,0,18,312,0,88,0
01-05 00:50:20,13.746,2.999,80.727,1.000,0,5588956,124008,185292,2115444,2841.201,1551.564,0,1467.588,0,158.955,4221,6186,1.020,1.250,1.170,0,0,1.000,0,0,18,311,0,88,0
01-05 00:50:21,13.730,2.496,80.630,0.999,0,5589292,123504,185296,2115608,5706.530,4029.020,31.953,2460.348,1.997,227.662,3667,5379,1.020,1.250,1.170,0,0,0,0,0,18,312,0,84,0
01-05 00:50:22,7.231,2.244,87.768,1.247,0,5589148,123504,185296,2115752,4207.900,1627.706,0,6203.636,0,449.813,3109,4989,1.020,1.250,1.170,2,0,0,0,0,18,312,0,85,0
01-05 00:50:23,7.528,1.506,88.326,1.255,0,5589124,123504,185296,2115776,7310.991,4199.504,0,1714.329,0,147.545,2653,3980,1.020,1.250,1.170,0,0,0,0,0,18,311,0,85,0
01-05 00:50:24,18.173,2.240,76.176,0.747,0,5589808,122748,185296,2115848,6691.575,3653.480,0,1417.977,0,170.277,4641,6092,0.930,1.230,1.160,0,0,0,0,0,18,311,0,86,0
01-05 00:50:25,13.818,2.512,82.406,1.005,0,5590004,122496,185296,2115904,6887.967,3827.876,0,1330.561,0,165.818,3513,4732,0.930,1.230,1.160,1,0,0,0,0,18,312,0,88,0
01-05 00:50:26,12.759,2.001,83.310,0.751,0,5589924,122496,185296,2115984,21989.874,10425.526,16.012,788.569,1.001,80.058,2986,3904,0.930,1.230,1.160,1,0,0,0,0,18,312,0,88,0
01-05 00:50:27,24.443,5.487,66.346,1.497,0,5588780,123200,185296,2116424,4219.218,1454.627,0,8715.792,0,1145.344,7679,10695,0.930,1.230,1.160,6,0,0,0,0,18,312,0,88,0
01-05 00:50:28,24.493,4.499,67.732,1.750,0,5581568,130268,185296,2116568,2491.328,1511.592,0,3263.120,0,316.914,6800,10256,0.930,1.230,1.160,1,0,0,0,0,18,312,0,88,0
01-05 00:50:29,24.287,5.008,68.353,0.751,0,5581504,130044,185296,2116856,4164.270,1460.199,0,2047.082,0,198.299,6794,9604,0.940,1.230,1.160,1,0,0,0,0,18,312,0,86,0
01-05 00:50:30,25.468,4.494,65.417,1.997,0,5582060,129320,185296,2117024,4106.816,1510.094,0,7150.974,0,625.211,7993,12534,0.940,1.230,1.160,1,0,0.999,0,0,18,312,0,86,0
01-05 00:50:31,25.278,5.006,66.323,1.502,0,5582052,129068,185296,2117284,2480.732,1459.608,0,3303.639,0,332.366,7352,10870,0.940,1.230,1.160,2,0,0,0,0,18,311,0,86,0
01-05 00:50:32,25.002,4.750,68.004,1.500,0,5580708,130352,185296,2117344,2735.175,1458.093,0,2556.164,0,213.014,6673,9561,0.940,1.230,1.160,1,0,0,0,0,18,312,0,86,0
01-05 00:50:33,24.513,5.503,66.035,1.751,0,5581048,129692,185296,2117664,2539.342,1458.771,0,2477.309,0,313.165,7314,10888,0.940,1.230,1.160,2,0,0,0,0,18,312,0,86,0
01-05 00:50:34,25.769,5.754,64.048,2.502,0,5581028,129428,185300,2117944,2359.772,1459.096,0,8250.196,0,675.507,8308,12697,1.020,1.240,1.160,4,0,0,0,0,18,312,0,81,0
01-05 00:50:35,24.739,4.748,66.971,0.750,0,5581384,128924,185300,2118092,2610.869,1511.345,0,2986.706,0,194.916,7308,10340,1.020,1.240,1.160,1,0,1.000,0,0,18,313,0,81,0
01-05 00:50:36,8.228,3.491,85.767,0.997,0,5600952,124216,185220,2104368,2485.244,1507.901,0,1420.139,0,127.653,3021,6650,1.020,1.240,1.160,2,0,35.902,0,0,18,311,0,82,0
01-05 00:50:37,11.273,4.008,82.420,0.251,0,5593768,145124,185216,2090152,2754.680,1515.124,0,1010.083,0,101.209,3213,8560,1.020,1.240,1.160,0,0,2.004,0,0,18,311,0,84,0
01-05 00:50:38,15.500,3.000,77.998,1.750,0,5591380,147464,185216,2090200,6898.793,4195.874,0,1675.950,0,215.994,4250,6177,1.020,1.240,1.160,1,0,0,0,0,18,311,0,85,0
01-05 00:50:39,10.484,1.747,86.119,0.499,0.250,5591528,147240,185216,2090276,2653.963,1455.786,0,954.548,0,65.900,2637,3262,1.020,1.240,1.160,3,0,0,0,0,18,312,0,88,0
01-05 00:50:40,13.776,2.254,81.655,0.751,0.250,5591924,146768,185216,2090352,26626.636,12739.226,0,1498.850,0,150.286,3050,4036,1.020,1.240,1.160,0,0,1.002,0,0,18,311,0,89,0
01-05 00:50:41,12.745,1.999,83.465,0.500,0,5592112,146544,185216,2090388,22264.746,10499.636,0,1115.536,0,103.957,2768,3322,1.020,1.240,1.160,0,0,0,0,0,18,311,0,89,0
01-05 00:50:42,13.932,2.239,81.353,0.746,0,5591924,146304,185216,2090816,2841.128,1590.235,0,1158.344,0,134.344,3659,5010,1.020,1.240,1.160,0,0,0.995,0,0,18,311,0,84,0
01-05 00:50:43,14.583,4.526,77.440,1.760,0,5594388,143800,185216,2090856,3196.164,1607.133,0,5776.830,0,442.515,4485,6713,1.020,1.240,1.160,2,1,2.011,0,0,18,312,0,87,0
01-05 00:50:44,7.975,1.744,88.221,0.748,0,5594280,143800,185216,2090964,6948.988,4043.192,0,1331.781,0,110.649,2450,3245,1.100,1.250,1.170,2,0,1.994,0,0,18,312,0,90,0
01-05 00:50:45,14.974,2.246,79.614,1.497,0,5594320,143548,185216,2091176,6887.221,4188.836,0,1852.831,0,240.589,3728,5603,1.100,1.250,1.170,1,0,0.998,0,0,18,311,0,94,0
01-05 00:50:46,12.787,2.006,83.491,0.251,0,5594280,143548,185216,2091216,22526.941,10696.837,0,894.579,0,88.254,2919,3535,1.100,1.250,1.170,0,0,0,0,0,18,311,0,88,0
01-05 00:50:47,8.258,2.502,87.330,0.500,0,5592388,145436,185216,2091220,2737.502,1459.334,0,8099.402,0,1056.966,3304,3803,1.100,1.250,1.170,1,0,3.003,0,0,18,311,0,89,0
01-05 00:50:48,12.501,2.500,82.757,1.000,0,5592824,144944,185216,2091308,7417.670,3495.316,0,840.076,0,86.008,3213,4287,1.100,1.250,1.170,0,0,3.000,0,0,18,312,0,94,0
01-05 00:50:49,15.748,2.000,79.738,1.250,0,5592816,144944,185216,2091316,29342.424,12886.990,0,1591.752,0,182.971,3389,4387,1.090,1.250,1.170,2,0,0,0,0,18,311,0,94,1
01-05 00:50:50,25.486,4.747,66.464,1.999,0,5592468,144944,185216,2091664,2596.583,1457.205,0,3110.303,0,343.812,7471,11008,1.090,1.250,1.170,1,0,0.999,0,0,18,312,0,94,0
01-05 00:50:51,30.766,4.502,59.781,1.751,0,5591740,144944,185216,2092392,22371.603,10707.553,0,7655.971,0,609.316,8091,12651,1.090,1.250,1.170,1,0,0,0,0,18,312,0,97,0
01-05 00:50:52,24.773,4.004,68.815,0.751,0,5591584,144944,185216,2092548,2811.655,1513.429,0,2097.981,0,173.164,6662,9299,1.090,1.250,1.170,3,0,0,0,0,18,312,0,100,0
01-05 00:50:53,5.748,1.749,90.220,1.000,0,5591404,144944,185216,2092728,2563.140,1457.511,0,1551.479,0,142.952,2456,3841,1.090,1.250,1.170,0,0,0,0,0,18,311,0,100,0
01-05 00:50:54,14.502,3.000,80.011,1.000,0,5591296,144944,185216,2092836,7073.936,4441.588,0,2056.272,0,235.031,4034,5870,1,1.220,1.160,0,0,0,0,0,18,311,0,94,0
01-05 00:50:55,6.234,1.247,89.526,0.748,0,5591548,144692,185216,2092836,2591.519,1454.363,0,1991.021,0,98.753,2105,3079,1,1.220,1.160,0,0,0,0,0,18,312,0,95,0
01-05 00:50:56,17.548,2.758,77.965,1.003,0,5592484,143684,185216,2092908,17097.130,9048.944,0,1552.279,0,164.453,3624,4975,1,1.220,1.160,0,0,0,0,0,18,311,0,99,0
01-05 00:50:57,11.237,1.249,85.405,0.499,0,5592328,143684,185216,2093064,5785.557,3491.112,0,619.310,0,47.947,2567,3317,1,1.220,1.160,0,0,0,0,0,18,312,0,104,0
01-05 00:50:58,3.995,1.249,93.389,0.250,0,5592284,143684,185216,2093108,2797.662,1456.263,0,567.323,0,47.943,1705,2488,1,1.220,1.160,0,0,0,0,0,18,312,0,95,0
01-05 00:50:59,17.996,2.499,76.981,1.000,0.250,5592228,143684,185216,2093164,23790.260,11013.343,0,1547.627,0,173.958,3933,5034,1.080,1.240,1.160,2,0,0,0,0,18,313,0,97,0
01-05 00:51:00,7.508,1.251,89.599,0,0,5595992,139652,185216,2093432,19565.615,9961.004,240.265,820.907,4.004,48.053,1728,2102,1.080,1.240,1.160,0,0,1.001,0,0,18,313,0,97,0
01-05 00:51:01,9.247,1.500,86.723,1.500,0,5595964,139652,185216,2093460,14630.521,6221.095,0,1359.584,0,169.948,2747,3841,1.080,1.240,1.160,1,0,0,0,0,18,311,0,99,0
01-05 00:51:02,25.755,4.751,65.763,1.750,0,5596180,139148,185220,2093744,11712.249,6154.182,0,7321.406,0,568.109,7318,11236,1.080,1.240,1.160,2,0,0,0,0,18,312,0,91,0
01-05 00:51:03,27.285,5.006,64.333,1.752,0,5596132,139148,185220,2093792,2744.529,1459.877,0,2983.836,0,355.457,7258,11239,1.080,1.240,1.160,1,0,0,0,0,18,312,0,91,0
01-05 00:51:04,25.239,4.748,67.721,1.000,0,5596312,138644,185220,2094116,2739.834,1457.380,31.986,1727.265,1.000,176.925,6880,9829,1.160,1.250,1.170,1,0,1.000,0,0,18,312,0,93,0
01-05 00:51:05,12.752,2.250,82.264,0.750,0,5596228,138644,185220,2094200,2556.423,1338.221,0,1684.278,0,164.027,3970,5821,1.160,1.250,1.170,0,0,0,0,0,18,311,0,94,0
01-05 00:51:06,13.975,2.995,80.853,0.749,0,5596424,138392,185220,2094256,8026.382,3636.377,0,1465.331,0,149.727,3807,5347,1.160,1.250,1.170,1,0,0,0,0,18,311,0,93,0
01-05 00:51:07,11.770,1.503,84.146,0.751,0,5596740,137888,185220,2094444,17260.851,8465.641,0,5465.452,0,345.598,3136,4317,1.160,1.250,1.170,1,0,0,0,0,18,312,0,93,0
01-05 00:51:08,25.001,5.750,65.503,2.500,0,5587768,146772,185220,2094532,2638.111,1296.054,0,9032.378,0,1182.050,7937,11349,1.160,1.250,1.170,1,0,0,0,0,18,312,0,93,0
01-05 00:51:09,25.968,4.744,65.668,1.748,0,5587588,146648,185220,2094836,2796.521,1456.189,0,3172.054,0,330.589,7262,10514,1.230,1.260,1.170,2,0,0,0,0,18,312,0,93,0
01-05 00:51:10,24.438,4.239,68.078,0.997,0,5589460,144636,185220,2094976,2697.188,1400.463,0,1655.818,0,159.597,6767,9583,1.230,1.260,1.170,2,0,0.997,0,0,18,313,0,83,0
01-05 00:51:11,14.796,3.260,80.498,1.254,0.251,5589504,144384,185220,2095184,6892.253,4129.735,0,2856.809,0,281.869,4137,5789,1.230,1.260,1.170,1,0,2.006,0,0,18,311,0,84,0
01-05 00:51:12,16.250,3.250,78.998,1.000,0,5587236,146648,185220,2095188,7043.832,4302.897,0,3847.908,0,545.987,4018,5299,1.230,1.260,1.170,1,0,0,0,0,18,311,0,86,0
01-05 00:51:13,9.011,3.254,83.598,1.251,0,5591800,137728,185224,2099524,2573.013,1351.583,4.005,6643.780,1.001,455.533,3404,5257,1.230,1.260,1.170,5,0,1.001,0,0,18,312,0,86,0
01-05 00:51:14,12.485,4.245,80.402,1.498,0,5596664,129504,185224,2102868,7095.341,4218.851,0,3383.870,0,448.453,3459,4915,1.210,1.260,1.170,0,0,0.999,0,0,18,311,0,87,0
01-05 00:51:15,16.245,2.999,77.975,1.250,0,5596860,129252,185224,2102924,6879.819,4059.713,0,1639.480,0,211.933,4049,5755,1.210,1.260,1.170,0,0,0,0,0,18,311,0,82,0
01-05 00:51:16,12.731,1.498,84.123,0.250,0,5596904,129000,185224,2103132,2520.202,1401.887,0,854.712,0,84.872,2591,2984,1.210,1.260,1.170,1,0,0,0,0,18,311,0,85,0
01-05 00:51:17,15.470,1.996,79.844,0.749,0,5596840,129000,185224,2103196,27219.673,13043.446,0,1209.630,0,125.754,3302,4449,1.210,1.260,1.170,1,0,0,0,0,18,311,0,84,0
01-05 00:51:18,18.308,2.006,77.494,0.752,0,5596884,128748,185224,2103404,25617.781,12592.709,0,1464.618,0,168.531,3915,5211,1.210,1.260,1.170,0,0,0,0,0,18,312,0,85,0
01-05 00:51:19,14.501,2.500,81.508,0.750,0,5596852,128748,185224,2103436,15933.570,7682.757,0,1408.139,0,152.015,3607,4932,1.270,1.270,1.180,0,0,0,0,0,18,312,0,77,0
01-05 00:51:20,14.510,2.001,81.054,1.251,0,5597020,128496,185224,2103520,22385.962,9366.260,0,1388.928,0,152.102,3626,4815,1.270,1.270,1.180,1,0,1.001,0,0,18,312,0,78,0
01-05 00:51:21,11.746,1.999,84.218,0.500,0,5597260,128248,185224,2103528,22103.684,10667.986,0,1267.523,0,74.972,2933,3728,1.270,1.270,1.180,1,0,0,0,0,18,312,0,79,0
01-05 00:51:22,25.300,6.262,64.879,2.254,0,5597000,128212,185224,2103824,2664.285,1298.576,0,8372.608,0,703.395,8479,13571,1.270,1.270,1.180,1,0,1.002,0,0,18,312,0,80,0
01-05 00:51:23,24.718,4.494,67.663,1.498,0,5598172,126952,185224,2103912,2600.649,1310.312,0,1817.658,0,212.726,7037,10049,1.270,1.270,1.180,3,0,0,0,0,18,312,0,76,0
01-05 00:51:24,23.939,4.489,67.828,1.247,0,5598280,126448,185224,2104308,2833.795,1292.713,95.757,1891.192,4.987,205.478,7025,10050,1.330,1.280,1.180,3,0,0,0,0,18,312,0,76,0
01-05 00:51:25,26.596,3.764,66.993,1.505,0,5598668,125692,185224,2104676,2891.474,1300.712,0,2489.016,0,252.916,6979,9737,1.330,1.280,1.180,2,0,0,0,0,18,312,0,84,0
01-05 00:51:26,25.208,4.742,65.891,1.997,0,5598732,125440,185224,2104864,2537.811,1239.953,0,4213.045,0,360.405,7547,11387,1.330,1.280,1.180,2,0,0,0,0,18,312,0,84,0
01-05 00:51:27,25.871,4.975,66.420,1.493,0,5598880,124936,185228,2105216,2869.726,1235.853,0,7323.573,0,528.372,7412,11327,1.330,1.280,1.180,1,0,0,0,0,18,312,0,81,0
01-05 00:51:28,25.336,4.766,68.232,1.254,0,5599184,124432,185228,2105416,5692.344,3862.124,0,10531.790,0,258.880,6545,9425,1.330,1.280,1.180,0,0,0,0,0,18,312,0,82,0
01-05 00:51:29,8.023,1.504,87.748,1.003,0,5599076,124432,185228,2105524,3690.434,1474.168,0,2089.909,0,179.508,2629,3739,1.460,1.310,1.190,2,0,0,0,0,18,312,0,82,0
01-05 00:51:30,5.487,1.247,92.030,0.249,0,5599164,124184,185228,2105684,6851.652,3950.574,0,766.172,0,75.819,1896,2859,1.460,1.310,1.190,0,0,0.998,0,0,18,311,0,83,0
01-05 00:51:31,14.471,2.745,80.092,0.749,0,5599104,124184,185228,2105744,6854.491,3952.211,0,1712.625,0,181.642,3981,5483,1.460,1.310,1.190,1,0,0,0,0,18,311,0,81,0
01-05 00:51:32,10.284,1.756,86.540,0.753,0,5599812,123428,185228,2105792,6583.082,3597.066,0,1159.891,0,128.431,2990,4205,1.460,1.310,1.190,0,0,0,0,0,18,311,0,81,0
01-05 00:51:33,11.755,2.501,83.038,1.251,0,5599600,123428,185232,2106000,5375.431,3787.713,0,5438.460,0,395.179,3800,5834,1.460,1.310,1.190,0,0,0,0,0,18,312,0,81,0
01-05 00:51:34,3.001,0.750,93.527,0.250,0,5599540,123428,185232,2106060,5358.551,1416.410,0,560.162,0,47.014,1627,2380,1.510,1.320,1.200,1,0,0,0,0,18,312,0,81,0
01-05 00:51:35,8.745,1.499,87.950,0.999,0,5599748,123176,185232,2106104,6660.209,3451.036,0,1067.392,0,114.935,2621,3717,1.510,1.320,1.200,0,0,0,0,0,18,311,0,81,0
01-05 00:51:36,11.009,2.002,84.816,0.751,0,5599700,123176,185232,2106152,6813.323,3963.096,0,1313.026,0,131.102,3227,4597,1.510,1.320,1.200,0,0,2.002,0,0,18,311,0,82,0
01-05 00:51:37,15.460,5.985,76.552,0.499,0,5612176,192132,184444,2027188,6791.444,3563.788,0,981.463,0,96.750,3832,15275,1.510,1.320,1.200,0,0,35.907,0,0,18,311,0,83,0
01-05 00:51:38,12.021,2.003,83.395,1.002,0,5612392,191880,184444,2027224,7324.767,4291.480,4.007,1414.465,1.002,167.292,3521,4948,1.510,1.320,1.200,0,0,0,0,0,18,311,0,83,0
01-05 00:51:39,6.472,0.747,89.862,0.249,0,5612336,191880,184444,2027280,2881.559,1752.434,0,673.094,0,53.768,1917,2703,1.470,1.320,1.200,1,0,0,0,0,18,312,0,76,0
01-05 00:51:40,5.274,1.256,92.680,0.502,0,5612280,191880,184444,2027336,7093.883,3708.189,0,1020.732,0,100.466,1959,2954,1.470,1.320,1.200,2,0,1.005,0,0,18,312,0,76,0
01-05 00:51:41,12.701,1.992,81.682,1.494,0,5612056,191880,184444,2027560,7675.133,3816.150,0,1506.139,0,159.380,3555,4980,1.470,1.320,1.200,1,1,0,0,0,18,311,0,79,0
01-05 00:51:42,14.024,2.003,82.643,0.501,0,5612052,191880,184444,2027564,18876.742,8390.554,0,1194.071,0,126.219,3000,3920,1.470,1.320,1.200,2,0,0,0,0,18,312,0,79,0
01-05 00:51:43,18.271,3.003,74.586,1.502,0,5612424,191388,184444,2027684,11518.281,5965.879,20.023,5970.884,2.002,445.514,5644,8544,1.470,1.320,1.200,1,0,1.001,0,0,18,313,0,76,0
01-05 00:51:44,27.056,5.261,63.883,2.255,0,5616572,186896,184444,2028028,2705.648,1623.389,48.100,2637.506,1.002,356.745,7511,11069,1.470,1.320,1.200,3,0,2.004,0,0,18,312,0,79,0
01-05 00:51:45,25.239,6.997,64.472,1.499,0,5620192,183188,184444,2028116,2716.832,1457.373,0,1895.185,0,208.910,7070,10297,1.510,1.330,1.200,2,0,1.999,0,0,18,312,0,82,0
01-05 00:51:46,30.186,4.989,61.869,0.998,0,5619696,183000,184444,2028800,22227.034,10679.434,15.966,2626.450,0.998,302.361,6634,9360,1.510,1.330,1.200,3,0,0.998,0,0,18,311,0,84,0
01-05 00:51:47,4.510,1.253,92.214,0.752,0,5619696,183000,184444,2028800,2889.697,1569.638,0,1547.587,0,100.232,1934,2840,1.510,1.330,1.200,1,0,0,0,0,18,311,0,73,0
01-05 00:51:48,14.460,4.238,78.284,1.496,0,5620204,182244,184444,2029088,2664.648,1507.840,19.945,2596.835,1.994,310.144,4403,6689,1.510,1.330,1.200,0,0,5.983,0,0,18,311,0,75,0
01-05 00:51:49,14.259,2.502,81.304,0.750,0,5620204,182244,184444,2029088,2659.772,1458.972,0,5947.963,0,372.248,3517,4973,1.510,1.330,1.200,2,0,0,0,0,18,312,0,75,0
01-05 00:51:50,24.563,5.514,64.916,2.256,0,5620072,181992,184444,2029472,2919.477,1515.882,32.082,8541.878,1.003,686.759,8048,12568,1.470,1.320,1.200,2,0,1.003,0,0,18,312,0,75,0
01-05 00:51:51,35.152,4.986,57.839,1.247,0,5619952,181992,184444,2029592,24154.721,10582.524,31.911,3933.045,0.997,333.072,7359,10740,1.470,1.320,1.200,2,0,0,0,0,18,312,0,67,0
01-05 00:51:52,24.796,4.007,69.128,0.751,0,5620924,180732,184444,2029880,2980.514,1460.702,0,1462.706,0,125.232,6242,8499,1.470,1.320,1.200,1,0,0,0,0,18,312,0,67,0
01-05 00:51:53,25.262,4.752,66.033,1.751,0,5620940,180480,184448,2030112,2659.309,1458.718,0,2813.385,0,351.173,7160,10997,1.470,1.320,1.200,3,0,0,0,0,18,312,0,67,0
01-05 00:51:54,25.761,4.752,66.279,1.501,0,5621192,179976,184448,2030364,2779.218,1500.658,0,2909.275,0,317.139,6734,10126,1.470,1.320,1.200,2,0,0,0,0,18,312,0,68,0
01-05 00:51:55,22.186,3.988,70.046,1.246,0,5621380,179724,184448,2030428,2650.300,1453.776,0,7414.458,0,495.560,7013,10417,1.590,1.350,1.210,1,0,0,0,0,18,312,0,60,0
01-05 00:51:56,5.503,1.501,91.050,0.500,0,5621160,179724,184448,2030648,2359.293,1458.799,0,876.480,0,53.029,1908,2502,1.590,1.350,1.210,1,1,0,0,0,18,312,0,60,0
01-05 00:51:57,24.776,5.005,66.570,1.502,0,5621124,179724,184448,2030684,2571.723,1513.602,0,3880.108,0,343.364,7361,11222,1.590,1.350,1.210,1,0,0,0,0,18,312,0,60,0
01-05 00:51:58,26.269,3.753,66.298,1.501,0,5621532,178968,184448,2031032,2299.661,1459.054,0,2870.073,0,291.210,6847,10297,1.590,1.350,1.210,1,0,0,0,0,18,312,0,62,0
01-05 00:51:59,25.215,4.244,68.156,1.248,0,5622776,177708,184448,2031048,2534.502,1455.990,0,2021.210,0,206.715,6198,8846,1.590,1.350,1.210,4,0,0,0,0,18,312,0,63,0
01-05 00:52:00,24.023,4.254,68.566,1.251,0,5622680,177456,184448,2031396,2808.719,1567.518,0,2634.551,0,279.270,6898,10301,1.620,1.360,1.210,2,0,1.001,0,0,18,312,0,51,0
01-05 00:52:01,26.718,4.994,63.924,2.747,0,5622648,177456,184448,2031428,2594.896,1456.258,0,3695.579,0,466.442,7871,12284,1.620,1.360,1.210,2,0,0,0,0,18,312,0,51,0
01-05 00:52:02,24.782,5.006,68.088,1.502,0,5623540,176196,184448,2031796,2798.616,1459.887,0,7637.870,0,505.653,7347,11109,1.620,1.360,1.210,1,0,0,0,0,18,312,0,51,0
01-05 00:52:03,24.992,3.999,68.478,0.750,0,5624256,175440,184448,2031836,2357.250,1457.536,0,1459.536,0,151.952,6770,9389,1.620,1.360,1.210,2,0,0,0,0,18,312,0,53,0
01-05 00:52:04,18.765,3.253,74.058,1.751,0,5624940,174432,184448,2032160,6664.203,4366.409,0,7730.035,0,492.384,5533,8116,1.620,1.360,1.210,0,0,0,0,0,18,311,0,51,0
01-05 00:52:05,11.745,1.999,83.967,0.750,0,5624940,174432,184448,2032160,11400.547,5707.771,0,1391.457,0,147.942,3115,4364,1.570,1.360,1.210,1,0,0,0,0,18,312,0,51,0
01-05 00:52:06,11.929,2.734,82.755,0.497,0,5625080,174180,184448,2032272,18989.309,8704.883,0,1149.120,0,91.452,2960,3613,1.570,1.360,1.210,3,0,0,0,0,18,312,0,51,0
01-05 00:52:07,9.052,1.760,87.499,0.754,0,5625040,174180,184448,2032312,7076.381,4213.041,0,1263.208,0,138.792,2831,4094,1.570,1.360,1.210,0,0,0,0,0,18,311,0,52,0
01-05 00:52:08,13.996,2.749,80.979,1.250,0,5625432,173676,184448,2032424,2597.341,1457.630,47.988,5914.500,1.999,447.886,4411,6617,1.570,1.360,1.210,0,0,0,0,0,18,312,0,49,0
01-05 00:52:09,19.497,2.000,75.239,1.000,0,5625884,173172,184448,2032476,24515.264,12117.154,0,1763.731,0,228.965,4431,5841,1.570,1.360,1.210,1,0,0,0,0,18,312,0,49,0
01-05 00:52:10,14.737,3.247,78.932,1.998,0,5626088,172668,184448,2032776,4517.112,2130.166,0,1710.528,0,223.807,4760,6964,1.530,1.350,1.210,1,0,0.999,0,0,18,312,0,50,0
01-05 00:52:11,25.528,4.755,65.572,2.002,0,5625836,172668,184448,2033028,2600.872,1459.612,0,3235.573,0,391.432,7597,11658,1.530,1.350,1.210,2,0,0,0,0,18,312,0,50,0
01-05 00:52:12,26.033,4.756,65.332,2.253,0,5626012,172416,184448,2033104,2784.485,1405.760,0,4177.229,0,451.565,7873,12026,1.530,1.350,1.210,2,0,0,0,0,18,312,0,49,0
01-05 00:52:13,24.481,3.997,68.198,1.249,0,5626640,171408,184448,2033484,2761.907,1402.937,0,2426.162,0,191.855,6545,9416,1.530,1.350,1.210,1,0,0,0,0,18,312,0,49,0
01-05 00:52:14,22.228,4.246,69.432,1.748,0.250,5627684,170148,184448,2033700,8376.792,4133.950,0,7592.561,0,546.465,6170,9388,1.530,1.350,1.210,0,0,0,0,0,18,311,0,51,0
01-05 00:52:15,8.251,2.000,87.009,1.250,0,5629612,168132,184448,2033788,2658.287,1458.157,60.006,1456.157,4.000,99.011,2701,3709,1.400,1.330,1.200,1,0,0,0,0,18,312,0,51,0
01-05 00:52:16,20.454,2.744,73.334,0.998,0,5629388,168132,184448,2034012,21689.023,10583.102,0,1943.611,0,196.556,4569,6228,1.400,1.330,1.200,1,0,0,0,0,18,312,0,46,0
01-05 00:52:17,15.539,3.008,79.201,1.253,0,5629364,168132,184448,2034036,7249.397,3611.164,0,1704.325,0,220.560,4930,7151,1.400,1.330,1.200,2,0,0,0,0,18,313,0,46,0
01-05 00:52:18,26.516,6.004,63.789,2.251,0,5629240,168132,184448,2034160,2839.747,1458.897,0,3510.159,0,424.261,7640,11455,1.400,1.330,1.200,3,0,0,0,0,18,312,0,46,0
01-05 00:52:19,24.724,4.246,67.929,1.249,0,5630076,167124,184448,2034332,2507.381,1348.592,0,2317.579,0,225.764,7101,10626,1.400,1.330,1.200,2,0,0,0,0,18,312,0,47,0
01-05 00:52:20,24.542,4.257,68.117,1.503,0,5630256,166368,184448,2034908,5774.897,4115.052,0,2564.395,0,257.441,6408,9027,1.370,1.320,1.200,1,0,1.002,0,0,18,312,0,47,0
01-05 00:52:21,6.740,1.498,89.116,1.498,0,5630244,166368,184448,2034920,5320.006,1575.632,0,5623.550,0,375.436,2880,4484,1.370,1.320,1.200,1,0,0,0,0,18,312,0,47,0
01-05 00:52:22,18.494,1.499,77.973,0,0.250,5631156,165360,184452,2035012,43028.108,21334.616,0,1091.622,0,51.982,2973,3261,1.370,1.320,1.200,1,0,0,0,0,18,312,0,47,0
01-05 00:52:23,18.260,2.001,78.043,0.750,0,5631144,165360,184452,2035024,37778.615,18133.895,0,1320.721,0,128.070,3292,3887,1.370,1.320,1.200,0,0,0,0,0,18,312,0,47,0
01-05 00:52:24,22.188,1.496,74.291,0.499,0,5631420,164856,184452,2035252,25669.718,12913.637,0,1120.844,0,82.767,3543,3858,1.370,1.320,1.200,2,0,0,0,0,18,312,0,44,0
01-05 00:52:25,15.784,1.754,80.676,0.501,0,5631632,164632,184452,2035264,40199.485,20058.653,0,5640.275,0,319.696,3009,3134,1.580,1.370,1.220,0,0,0,0,0,18,312,0,44,0
01-05 00:52:26,18.022,2.253,78.347,0.501,0,5632592,163624,184452,2035312,23085.679,10843.471,0,776.965,0,63.078,3279,3725,1.580,1.370,1.220,0,1,0,0,0,18,311,0,44,0
01-05 00:52:27,13.006,1.251,83.536,0.750,0,5632672,163372,184452,2035484,22004.384,10556.502,0,2581.101,0,120.051,3043,3892,1.580,1.370,1.220,2,0,0,0,0,18,311,1,44,0
01-05 00:52:28,26.436,4.739,64.593,1.995,0,5630568,165340,184452,2035620,2057.013,1238.996,0,3104.474,0,376.088,7883,12322,1.580,1.370,1.220,1,1,0.998,0,0,18,312,0,34,0
01-05 00:52:29,26.302,4.509,66.633,1.503,0,5631200,164472,184452,2035856,2246.480,1244.482,0,3166.315,0,322.643,6927,10194,1.580,1.370,1.220,1,0,0,0,0,18,312,0,35,0
01-05 00:52:30,23.736,5.497,67.710,0.750,0,5622240,173144,184452,2036188,2120.740,1241.263,31.981,1870.889,0.999,164.902,6462,9124,1.620,1.380,1.220,1,0,1.999,0,0,18,312,0,35,0
01-05 00:52:31,13.510,2.252,81.563,2.252,0,5622408,172920,184456,2036240,6594.105,3934.045,0,6452.995,0,506.392,4259,6621,1.620,1.380,1.220,2,0,0,0,0,18,311,0,37,0
01-05 00:52:32,19.464,1.996,76.359,0.499,0,5618588,176656,184456,2036324,14882.458,5884.111,0,1353.495,0,150.721,3722,4801,1.620,1.380,1.220,2,0,0,0,0,18,312,0,36,0
01-05 00:52:33,14.974,1.997,80.861,0.499,0,5619064,176180,184456,2036324,12747.088,5818.997,0,1154.016,0,102.823,3242,4115,1.620,1.380,1.220,3,0,0,0,0,18,312,0,36,0
01-05 00:52:34,10.281,1.755,84.752,0.501,0,5619072,175928,184456,2036568,26029.266,12672.618,0,1424.228,0,120.357,2788,3617,1.620,1.380,1.220,3,0,0,0,0,18,312,0,36,0
01-05 00:52:35,25.531,4.756,66.581,2.002,0,5619408,175424,184456,2036736,1976.396,1135.376,32.039,3011.651,1.001,343.416,7215,10894,1.810,1.420,1.240,1,0,0,0,0,18,312,0,36,0
01-05 00:52:36,25.247,5.249,65.244,1.750,0.250,5619696,174948,184456,2036924,2421.759,1241.876,0,4063.596,0,395.961,7500,11280,1.810,1.420,1.240,2,0,3.000,0,0,18,312,0,38,0
01-05 00:52:37,32.746,7.499,55.993,2.250,0,5628576,165648,184456,2037312,2364.716,1187.857,75.991,1715.794,2.000,140.983,7665,22903,1.810,1.420,1.240,4,0,35.996,0,0,18,312,0,39,0
01-05 00:52:38,15.742,3.498,77.211,1.000,0,5627640,166472,184456,2037424,6525.741,3916.045,0,6656.676,0,527.736,4920,7925,1.810,1.420,1.240,1,0,0,0,0,18,311,0,41,0
01-05 00:52:39,13.991,1.999,82.448,0.750,0,5627616,166472,184456,2037448,12052.348,5762.342,0,1227.221,0,129.918,3200,4237,1.810,1.420,1.240,1,0,0,0,0,18,312,0,41,0
01-05 00:52:40,14.760,2.752,80.053,0.750,0,5627644,166220,184456,2037672,16264.754,8070.336,0,1416.937,0,131.087,4007,5404,1.820,1.430,1.240,1,0,1.001,0,0,18,312,0,42,0
01-05 00:52:41,25.507,5.251,65.519,2.251,0,5627576,166220,184456,2037740,2274.646,1134.322,0,3456.981,0,403.114,7120,10893,1.820,1.430,1.240,1,0,0,0,0,18,312,0,41,0
01-05 00:52:42,25.245,4.249,67.238,1.250,0,5628028,165464,184456,2038044,2678.508,1241.772,0,2643.514,0,249.954,7008,10432,1.820,1.430,1.240,2,0,0,0,0,18,312,0,41,0
01-05 00:52:43,24.478,4.496,67.190,1.249,0,5628316,164216,184456,2039004,5569.065,1132.996,0,2769.546,0,187.834,6937,10001,1.820,1.430,1.240,3,0,0.999,0,0,18,312,0,43,0
01-05 00:52:44,27.535,4.756,64.582,1.752,0,5630036,162212,184456,2039288,2170.741,1189.502,0,3340.218,0,408.516,7367,11426,1.820,1.430,1.240,1,0,2.003,0,0,18,312,0,43,0
01-05 00:52:45,26.941,5.239,64.110,1.746,0,5630680,161232,184456,2039624,2328.900,1131.522,0,13063.393,0,806.234,7656,12085,1.840,1.440,1.250,1,0,1.996,0,0,18,312,0,39,0
01-05 00:52:46,32.314,4.509,59.368,1.252,0,5631608,160000,184456,2039928,24936.453,13103.987,0,2637.230,0,279.554,7019,9898,1.840,1.440,1.250,0,0,1.002,0,0,18,312,0,43,0
01-05 00:52:47,7.248,1.750,88.980,0.750,0,5631424,160168,184456,2039944,3608.191,1361.695,0,1571.647,0,135.969,2439,3497,1.840,1.440,1.250,1,0,0,0,0,18,312,0,43,0
01-05 00:52:48,8.249,2.500,87.244,1.250,0.250,5631484,159928,184456,2040124,6479.559,3866.737,0,1843.875,0,205.986,2842,4268,1.840,1.440,1.250,0,0,7.000,0,0,18,313,0,43,0
01-05 00:52:49,14.754,2.251,80.271,0.500,0,5631392,159928,184456,2040216,6211.645,3345.886,32.008,1560.413,2.001,161.043,3970,5456,1.840,1.440,1.250,0,0,1.000,0,0,18,313,0,35,0
01-05 00:52:50,11.999,2.000,83.994,1.000,0,5631324,159928,184456,2040284,14932.015,7213.524,0,1335.912,0,134.991,2998,4144,1.690,1.420,1.240,2,0,1.000,0,0,18,314,0,35,0
01-05 00:52:51,20.249,2.500,74.496,1.500,0,5631292,159928,184456,2040316,33327.431,16016.246,0,1523.928,0,175.992,4321,5733,1.690,1.420,1.240,3,0,0,0,0,18,313,0,35,0
01-05 00:52:52,24.509,5.252,65.774,2.001,0,5631076,159928,184456,2040532,2351.847,1134.408,0,3741.347,0,439.158,7304,11355,1.690,1.420,1.240,2,0,0,0,0,18,314,0,35,0
01-05 00:52:53,26.254,4.251,66.260,1.500,0,5625956,164884,184456,2040704,2154.316,1274.187,0,8321.220,0,544.080,7447,11196,1.690,1.420,1.240,2,0,0,0,0,18,314,0,35,0
01-05 00:52:54,24.249,5.000,68.746,1.000,0,5626704,163876,184456,2040964,2153.889,1133.942,0,1403.928,0,139.993,6554,9434,1.690,1.420,1.240,3,0,0,0,0,18,315,0,36,0
01-05 00:52:55,15.974,3.245,77.374,1.248,0,5626688,163652,184456,2041204,6564.331,4030.449,15.974,2531.885,0.998,270.560,4687,6951,1.710,1.430,1.240,0,0,0,0,0,18,313,0,38,0
01-05 00:52:56,14.774,1.753,81.634,0.250,0,5626880,163428,184456,2041236,6332.360,3382.534,0,1402.294,0,141.231,3149,4110,1.710,1.430,1.240,1,0,0,0,0,18,314,0,38,0
01-05 00:52:57,12.970,2.494,82.309,1.247,0,5625740,164508,184456,2041296,21884.232,10310.082,0,1312.954,0,126.706,3380,4386,1.710,1.430,1.240,3,0,0,0,0,18,314,0,38,0
01-05 00:52:58,25.013,5.003,66.033,1.751,0,5625588,164328,184456,2041612,2599.318,1458.740,0,3649.851,0,347.176,7551,11423,1.710,1.430,1.240,2,0,0,0,0,18,314,0,38,0
01-05 00:52:59,26.032,6.258,63.829,3.004,0,5625736,164076,184456,2041716,2601.218,1459.806,0,10132.536,0,868.074,8712,14326,1.710,1.430,1.240,1,0,0,0,0,18,314,0,39,0
01-05 00:53:00,25.260,4.502,66.777,1.250,0,5626068,163576,184456,2041884,2645.053,1404.559,0,2845.132,0,243.097,7019,10271,1.660,1.420,1.240,1,0,1.000,0,0,18,314,0,39,0
01-05 00:53:01,25.998,4.750,65.245,1.500,0,5626124,163100,184456,2042304,2865.770,1651.867,0,6731.460,0,556.955,6699,9382,1.660,1.420,1.240,2,0,1.000,0,0,18,314,0,37,0
01-05 00:53:02,5.496,1.249,90.438,0.749,0,5626100,163100,184456,2042328,7139.080,4115.164,0,1590.904,0,122.915,2221,3284,1.660,1.420,1.240,3,0,0,0,0,18,314,0,37,0
01-05 00:53:03,13.728,1.997,81.617,0.998,0,5626044,163100,184456,2042384,22103.852,10630.615,0,2072.611,0,201.670,3475,4719,1.660,1.420,1.240,0,0,0,0,0,18,313,0,37,0
01-05 00:53:04,19.007,2.001,76.780,1.000,0,5626004,163100,184456,2042424,24578.563,12533.877,0,1832.713,0,160.062,3675,4736,1.660,1.420,1.240,0,0,1.000,0,0,18,314,0,37,0
01-05 00:53:05,18.035,2.755,76.397,1.252,0,5626568,162344,184456,2042616,4267.191,1701.266,0,5682.908,0,407.783,5300,7557,1.680,1.430,1.250,1,0,0,0,0,18,314,0,35,0
01-05 00:53:06,24.975,4.745,66.682,1.748,0,5626520,162092,184456,2042916,2581.373,1402.573,0,3372.568,0,333.660,7198,10860,1.680,1.430,1.250,2,0,0,0,0,18,314,0,36,0
01-05 00:53:07,25.000,4.250,66.500,2.000,0,5626616,161844,184456,2043068,2914.987,1499.993,0,3731.983,0,395.998,7355,10936,1.680,1.430,1.250,1,0,0,0,0,18,314,0,37,0
01-05 00:53:08,24.517,4.503,68.048,1.251,0,5628024,160080,184456,2043424,2493.754,1513.064,0,1981.393,0,181.127,6856,9782,1.680,1.430,1.250,2,0,0,0,0,18,315,0,38,0
01-05 00:53:09,23.507,4.001,68.520,1.500,0,5628432,159576,184456,2043520,2538.734,1458.422,0,2332.675,0,236.068,5999,8452,1.680,1.430,1.250,1,0,0,0,0,18,314,0,39,0
01-05 00:53:10,25.000,4.750,65.250,2.500,0,5628444,159072,184456,2044012,2717.995,1457.997,0,7927.985,0,655.999,7543,12013,1.630,1.420,1.240,3,0,1.000,0,0,18,314,0,39,0
01-05 00:53:11,24.712,3.994,68.146,1.248,0,5629424,158064,184456,2044040,2594.044,1455.780,0,2020.918,0,197.698,6168,8828,1.630,1.420,1.240,2,0,0,0,0,18,314,0,39,0
01-05 00:53:12,25.281,4.255,68.585,0.751,0,5630096,157056,184456,2044376,2618.233,1459.802,0,1257.553,0,113.140,6159,8287,1.630,1.420,1.240,1,0,0,0,0,18,314,0,40,0
01-05 00:53:13,25.674,4.487,66.055,1.994,0,5630144,156804,184456,2044580,2590.363,1453.714,0,2723.970,0,339.998,7575,11687,1.630,1.420,1.240,1,0,0.997,0,0,18,314,0,39,0
01-05 00:53:14,25.040,4.507,67.108,1.502,0,5629964,156804,184456,2044760,2379.812,1298.080,0,2836.544,0,324.520,7394,10924,1.630,1.420,1.240,3,0,0,0,0,18,314,0,39,0
01-05 00:53:15,24.779,4.255,68.579,0.751,0,5631496,155040,184456,2044992,2721.132,1459.680,0,2014.319,0,171.197,6857,9957,1.660,1.430,1.250,2,0,0,0,0,18,314,0,40,0
01-05 00:53:16,25.515,4.753,66.539,2.251,0,5631388,155040,184456,2045100,2599.543,1458.866,0,7584.502,0,587.349,7132,10782,1.660,1.430,1.250,3,1,0,0,0,18,314,0,43,0
01-05 00:53:17,26.453,4.492,65.633,1.497,0,5631356,154788,184456,2045384,2849.922,1455.407,0,3278.159,0,365.349,7513,11706,1.660,1.430,1.250,1,0,0,0,0,18,314,0,43,0
01-05 00:53:18,24.543,4.508,67.618,1.252,0,5632752,153276,184456,2045500,2602.556,1460.557,0,2340.097,0,236.414,6824,9859,1.660,1.430,1.250,3,0,0,0,0,18,314,0,43,0
01-05 00:53:19,19.464,3.993,73.863,1.497,0,5632596,153276,184456,2045656,8453.305,4181.237,0,3449.595,0,240.553,5120,7316,1.660,1.430,1.250,2,0,0,0,0,18,313,0,45,0
01-05 00:53:20,14.255,2.751,80.529,0.750,0,5632920,152772,184456,2045836,5961.165,4109.493,32.012,1796.653,1.000,188.068,3583,4986,1.530,1.410,1.240,1,0,1.000,0,0,18,314,0,48,0
01-05 00:53:21,6.254,1.501,90.561,0.751,0,5632896,152772,184456,2045860,3964.688,1633.107,0,6964.723,0,349.237,2255,3021,1.530,1.410,1.240,1,0,0,0,0,18,314,0,48,0
01-05 00:53:22,12.234,2.746,82.391,0.999,0,5632948,152520,184456,2046060,8752.447,4314.305,0,1873.527,0,192.746,3572,5065,1.530,1.410,1.240,0,0,0,0,0,18,313,0,45,0
01-05 00:53:23,18.513,3.002,76.054,1.501,0,5633164,152268,184460,2046092,6903.874,4117.907,0,1893.337,0,230.163,4281,5905,1.530,1.410,1.240,0,0,0,0,0,18,313,0,46,0
01-05 00:53:24,11.510,2.002,83.571,1.251,0.250,5633576,151764,184460,2046184,5603.748,3497.964,0,6869.821,0,393.333,3259,4808,1.530,1.410,1.240,4,0,0,0,0,18,315,0,46,0
01-05 00:53:25,18.928,2.740,75.462,1.494,0,5634872,150252,184460,2046400,49419.437,21887.487,0,1833.006,0,201.232,4182,5296,1.560,1.420,1.250,2,0,0,0,0,18,313,0,46,0
01-05 00:53:26,17.301,1.755,79.232,0.752,0,5635324,149748,184460,2046452,26467.626,12818.595,0,1351.965,0,141.415,3608,4590,1.560,1.420,1.250,1,0,0,0,0,18,313,0,47,0
01-05 00:53:27,14.728,1.997,80.129,0.749,0,5635292,149748,184460,2046484,28036.621,12641.891,0,1258.098,0,131.801,3330,4374,1.560,1.420,1.250,0,1,0,0,0,18,313,0,47,0
01-05 00:53:28,17.533,4.258,75.392,1.503,0,5635208,149748,184460,2046568,2482.665,1460.745,0,1847.471,0,225.424,5447,8330,1.560,1.420,1.250,1,0,0,0,0,18,314,0,48,0
01-05 00:53:29,26.770,4.753,64.547,1.751,0,5635440,149244,184460,2046840,2539.853,1459.064,0,3586.616,0,402.293,7383,11553,1.560,1.420,1.250,2,0,1.001,0,0,18,314,0,48,0
01-05 00:53:30,25.258,5.502,68.272,1.250,0,5635416,148992,184460,2047116,2961.950,1458.468,0,5265.689,0,352.113,6858,10014,1.600,1.430,1.250,1,0,1.000,0,0,18,314,0,48,0
01-05 00:53:31,25.447,5.239,66.361,1.247,0,5636412,147760,184460,2047352,2592.558,1454.946,0,3428.803,0,314.340,7282,10576,1.600,1.430,1.250,2,0,0,0,0,18,314,0,48,0
01-05 00:53:32,24.774,4.254,66.815,1.501,0,5636296,147760,184464,2047464,2811.726,1513.467,0,2414.341,0,296.287,7305,11048,1.600,1.430,1.250,3,0,0,0,0,18,314,0,48,0
01-05 00:53:33,25.024,5.005,66.815,1.001,0,5636912,146752,184464,2047856,2670.595,1459.418,4.004,2402.334,1.001,250.243,6911,9931,1.600,1.430,1.250,2,0,0,0,0,18,313,0,50,0
01-05 00:53:34,6.743,1.499,90.163,0.749,0,5636896,146752,184464,2047872,6832.395,4184.955,0,1518.532,0,123.880,2215,3219,1.600,1.430,1.250,2,0,0,0,0,18,314,0,48,0
01-05 00:53:35,10.750,1.250,85.250,1.000,0,5636836,146752,184464,2047932,6807.980,3962.988,0,1931.994,0,209.999,3240,4898,1.550,1.420,1.250,0,0,0,0,0,18,313,0,48,0
01-05 00:53:36,18.255,3.751,75.022,1.751,0,5637060,146500,184464,2047960,6836.001,3670.075,0,7666.245,0,577.169,5759,8718,1.550,1.420,1.250,0,0,2.001,0,0,18,313,0,48,0
01-05 00:53:37,11.010,2.753,83.577,0.500,0,5667304,164520,184008,2002388,5521.069,2970.727,0,5549.094,0,384.353,2722,6067,1.550,1.420,1.250,5,0,34.031,0,0,18,314,0,48,0
01-05 00:53:38,16.241,3.748,78.207,0.750,0,5651924,180352,184008,1999944,23661.871,11198.786,0,1271.295,0,135.925,3639,13190,1.550,1.420,1.250,3,0,1.999,0,0,18,314,0,43,0
01-05 00:53:39,24.512,5.253,66.534,1.501,0,5652524,179504,184008,2000192,2539.280,1458.735,0,2445.233,0,300.151,6765,10035,1.550,1.420,1.250,1,0,0,0,0,18,314,0,44,0
01-05 00:53:40,25.248,4.000,68.245,1.000,0,5652704,179252,184008,2000264,2597.792,1457.883,0,1983.841,0,178.986,6344,8887,1.510,1.410,1.250,2,0,1.000,0,0,18,315,0,44,0
01-05 00:53:41,25.711,4.992,66.648,1.248,0.250,5652464,179252,184012,2000500,2653.931,1455.768,0,2783.732,0,296.545,7246,10832,1.510,1.410,1.250,1,0,0,0,0,18,314,0,44,0
01-05 00:53:42,24.041,5.259,67.113,1.503,0,5652536,179000,184012,2000680,2859.834,1460.469,0,2432.111,0,262.444,6654,9836,1.510,1.410,1.250,1,1,0,0,0,18,314,0,43,0
01-05 00:53:43,10.193,1.740,84.282,1.740,0,5652592,178760,184012,2000864,7039.947,4159.924,0,6631.215,0,453.484,3566,5846,1.510,1.410,1.250,0,0,0.994,0,0,18,313,0,45,0
01-05 00:53:44,20.068,3.010,74.754,0.753,0,5657332,173976,184012,2000908,26486.081,12758.392,0,1348.587,0,135.461,3748,4882,1.510,1.410,1.250,2,1,2.007,0,0,18,313,0,45,0
01-05 00:53:45,27.002,4.250,66.004,1.000,0,5657380,173724,184012,2001112,4278.270,1458.092,160.010,1956.123,10.001,215.014,6776,10048,1.470,1.410,1.250,2,0,2.000,0,0,18,314,0,47,0
01-05 00:53:46,34.068,5.261,57.115,2.004,0,5657356,173472,184012,2001388,22258.679,10525.127,0,4076.182,0,403.811,7547,11456,1.470,1.410,1.250,2,0,1.002,0,0,18,314,0,40,0
01-05 00:53:47,24.210,4.992,67.639,1.248,0,5657900,172716,184012,2001600,5842.449,4004.453,0,2555.822,0,271.556,6522,9537,1.470,1.410,1.250,0,0,0,0,0,18,314,0,42,0
01-05 00:53:48,7.750,2.250,87.252,1.500,0,5657720,172716,184012,2001780,3722.088,1632.038,0,2456.058,0,220.005,3081,4671,1.470,1.410,1.250,1,0,6.000,0,0,18,314,0,42,0
01-05 00:53:49,7.002,1.250,90.032,0.500,0,5657944,172464,184012,2001808,6792.397,4123.455,0,1756.620,0,193.068,2505,3749,1.470,1.410,1.250,0,0,0,0,0,18,313,0,42,0
01-05 00:53:50,8.739,2.247,84.895,1.498,0,5657888,172464,184012,2001864,8639.328,4181.834,0,7886.258,0,452.441,3564,5520,1.350,1.380,1.240,0,0,0.999,0,0,18,313,0,40,0
01-05 00:53:51,19.477,2.247,75.662,1.249,0,5657844,172464,184012,2001908,33655.882,16943.307,0,1642.091,0,179.791,4044,5306,1.350,1.380,1.240,0,0,0,0,0,18,314,0,40,0
01-05 00:53:52,6.024,1.506,90.865,0.753,0,5657900,172240,184012,2002076,4070.331,1779.138,0,5522.156,0,434.744,2044,2663,1.350,1.380,1.240,1,0,0,0,0,18,314,0,40,0
01-05 00:53:53,19.220,2.746,73.633,0.749,0,5657784,172240,184012,2002192,25776.147,12895.561,0,1401.778,0,151.759,4251,5467,1.350,1.380,1.240,0,0,0,0,0,18,314,0,43,0
01-05 00:53:54,7.991,1.498,88.397,0.499,0,5657588,172240,184012,2002388,3957.372,1630.094,0,1618.108,0,130.847,2515,3683,1.350,1.380,1.240,3,0,0,0,0,18,313,0,41,0
01-05 00:53:55,4.756,1.252,92.117,0.751,0,5657552,172240,184012,2002408,7219.145,4169.281,0,1013.284,0,93.118,1989,2944,1.320,1.380,1.240,1,0,0,0,0,18,314,0,41,0
01-05 00:53:56,13.912,2.733,78.503,1.491,0,5657508,172240,184012,2002452,7045.407,4065.269,0,1669.433,0,182.843,3976,5745,1.320,1.380,1.240,1,0,0,0,0,18,313,0,42,0
01-05 00:53:57,14.096,2.265,82.311,0.755,0,5657696,171988,184012,2002516,23429.650,10563.983,0,1300.864,0,127.871,3087,3940,1.320,1.380,1.240,1,0,0,0,0,18,315,0,42,0
01-05 00:53:58,9.743,1.749,86.441,0.250,0,5657516,171988,184012,2002696,21405.490,10486.891,0,887.398,0,76.948,2264,2925,1.320,1.380,1.240,0,0,0,0,0,18,314,0,39,0
01-05 00:53:59,4.248,0.500,92.958,0.500,0,5657516,171988,184012,2002696,7716.484,3688.319,0,659.699,0,35.984,1332,1737,1.320,1.380,1.240,0,0,0,0,0,18,314,0,39,0
01-05 00:54:00,9.472,1.246,87.987,0,0,5657496,171988,184012,2002716,20494.834,10481.718,0,518.453,0,31.905,1663,1855,1.210,1.350,1.230,1,0,0.997,0,0,18,315,0,39,0
01-05 00:54:01,9.534,1.505,87.809,0.753,0,5657492,171988,184012,2002720,15582.890,8453.778,0,895.153,0,85.300,2175,2814,1.210,1.350,1.230,1,0,0,0,0,18,314,0,39,0
01-05 00:54:02,11.004,1.501,84.284,0.500,0,5657416,171988,184012,2002796,12476.065,5511.238,0,1144.465,0,131.053,2994,4173,1.210,1.350,1.230,1,0,0,0,0,18,315,0,37,0
01-05 00:54:03,16.266,2.502,78.326,1.501,0,5657380,171988,184012,2002832,37908.788,17979.448,0,6198.015,0,437.424,4175,5949,1.210,1.350,1.230,2,0,0,0,0,18,313,0,38,0
01-05 00:54:04,25.750,4.500,66.750,1.750,0,5657348,171736,184012,2003116,2597.987,1457.993,0,2375.988,0,290.999,7072,10655,1.210,1.350,1.230,1,0,0,0,0,18,314,0,38,0
01-05 00:54:05,21.492,4.248,70.225,1.499,0,5657916,170980,184012,2003304,7018.520,4181.522,0,2155.238,0,254.910,5899,8742,1.360,1.380,1.240,0,0,0,0,0,18,313,0,40,0
01-05 00:54:06,9.733,1.747,86.352,0.499,0,5657784,170980,184012,2003436,2653.439,1455.498,0,1513.398,0,120.792,2791,3761,1.360,1.380,1.240,2,1,0,0,0,18,313,0,41,0
01-05 00:54:07,19.522,2.002,76.085,1.502,0,5657688,170980,184012,2003532,25080.179,12531.080,0,2142.407,0,198.223,4059,5527,1.360,1.380,1.240,0,0,0,0,0,18,314,0,40,0
01-05 00:54:08,18.768,3.754,74.070,1.501,0,5653472,175004,184012,2003724,4263.037,1699.610,0,5865.555,0,595.564,5735,8459,1.360,1.380,1.240,2,0,0,0,0,18,314,0,40,0
01-05 00:54:09,25.251,4.500,67.004,1.250,0,5653556,174816,184012,2003828,4158.226,1458.079,0,2604.141,0,235.013,6942,10067,1.360,1.380,1.240,1,0,1.000,0,0,18,314,0,41,0
01-05 00:54:10,24.222,4.744,67.671,1.498,0,5653144,174816,184012,2004240,2608.940,1456.292,0,5501.547,0,376.558,7104,10553,1.410,1.390,1.250,1,0,0.999,0,0,18,314,0,42,0
01-05 00:54:11,12.002,3.000,82.263,1.500,0,5653072,174816,184012,2004312,6914.114,4293.692,0,2936.473,0,267.043,3828,5723,1.410,1.390,1.250,0,0,0,0,0,18,313,0,39,0
01-05 00:54:12,12.499,1.750,82.243,1.000,0,5653028,174816,184012,2004356,2674.776,1457.878,15.999,1663.861,1.000,185.984,3904,5448,1.410,1.390,1.250,0,0,0,0,0,18,314,0,39,0
01-05 00:54:13,16.747,2.250,78.737,1.500,0.250,5653116,174564,184012,2004520,17480.147,8344.638,0,1935.684,0,246.960,4200,5783,1.410,1.390,1.250,1,0,0,0,0,18,314,0,39,0
01-05 00:54:14,16.884,2.483,77.717,0.745,0,5653112,174312,184012,2004776,14329.778,8399.427,0,1394.442,0,152.952,3825,5080,1.410,1.390,1.250,0,0,0,0,0,18,314,0,40,0
01-05 00:54:15,6.801,1.763,89.419,0.756,0,5652976,174312,184012,2004912,4005.973,1698.710,0,1168.745,0,103.776,2423,3369,1.300,1.370,1.240,1,0,0,0,0,18,314,0,39,0
01-05 00:54:16,15.443,1.744,79.708,0.747,0,5652876,174312,184012,2005012,26345.390,12614.741,0,1498.505,0,155.430,3372,4365,1.300,1.370,1.240,1,1,0,0,0,18,313,0,39,0
01-05 00:54:17,21.558,4.763,71.692,1.253,0,5653100,174060,184012,2005040,2890.736,1570.202,16.043,2578.901,1.003,308.826,6355,10037,1.300,1.370,1.240,0,1,0,0,0,18,314,0,39,0
01-05 00:54:18,26.783,5.256,63.578,2.753,0,5652968,173808,184012,2005424,2481.042,1459.790,0,9844.070,0,809.993,8281,13374,1.300,1.370,1.240,1,0,0,0,0,18,314,0,39,0
01-05 00:54:19,25.741,3.499,67.477,1.499,0,5652892,173808,184012,2005500,2477.151,1457.500,0,3362.847,0,314.892,5865,8660,1.300,1.370,1.240,2,0,0,0,0,18,314,0,33,0
01-05 00:54:20,24.022,4.254,67.563,1.251,0,5654644,171848,184012,2005708,4165.861,1553.440,0,3299.058,0,224.208,7011,10145,1.270,1.360,1.240,1,0,1.001,0,0,18,314,0,33,0
01-05 00:54:21,23.185,4.487,71.301,0.997,0,5654416,171848,184012,2005936,6760.159,4177.358,0,1890.730,0,207.422,5507,8188,1.270,1.360,1.240,1,0,0,0,0,18,313,0,34,0
01-05 00:54:22,9.008,1.752,86.828,1.001,0,5654300,171848,184012,2006052,2603.329,1405.257,0,1389.243,0,115.103,2748,3851,1.270,1.360,1.240,1,0,0,0,0,18,314,0,34,0
01-05 00:54:23,15.250,2.250,77.998,2.000,0,5651804,174212,184012,2006184,2791.938,1511.967,0,7351.838,0,676.985,4899,7399,1.270,1.360,1.240,1,0,0,0,0,18,314,0,28,0
01-05 00:54:24,11.476,1.996,82.827,1.247,0.249,5651484,174212,184012,2006504,26460.816,12688.538,0,5652.212,0,394.178,3408,4969,1.270,1.360,1.240,1,0,0,0,0,18,314,0,28,0
01-05 00:54:25,15.039,2.757,80.208,1.253,0,5651644,173960,184016,2006592,7097.424,4199.902,0,2261.871,0,191.497,3977,5526,1.250,1.350,1.240,0,0,0,0,0,18,313,0,29,0
01-05 00:54:26,14.741,2.249,80.199,0.999,0,5651540,173960,184016,2006696,12482.127,6032.195,0,1511.047,0,156.901,3812,5220,1.250,1.350,1.240,1,0,0,0,0,18,314,0,29,0
01-05 00:54:27,14.524,2.504,80.633,1.002,0,5651732,173736,184016,2006728,16728.522,8150.409,0,1266.083,0,117.193,3802,5082,1.250,1.350,1.240,1,0,0,0,0,18,314,0,27,0
01-05 00:54:28,25.715,5.243,64.163,2.497,0,5651476,173736,184016,2006984,2534.560,1456.024,0,3686.996,0,447.393,7887,12363,1.250,1.350,1.240,1,1,0,0,0,18,314,0,27,0
01-05 00:54:29,26.249,5.000,65.246,1.750,0,5651844,173232,184016,2007120,2477.864,1457.920,0,3139.827,0,367.980,7128,11161,1.250,1.350,1.240,1,0,1.000,0,0,18,314,0,27,0
01-05 00:54:30,24.750,4.250,68.251,1.000,0,5652816,171972,184016,2007408,2538.021,1458.012,0,1904.015,0,160.001,6412,9227,1.310,1.370,1.240,2,0,1.000,0,0,18,314,0,27,0
01-05 00:54:31,25.646,4.980,65.236,1.992,0,5652668,171720,184016,2007808,4141.210,1452.112,0,7449.795,0,555.747,7425,11430,1.310,1.370,1.240,1,1,0,0,0,18,313,0,26,0
01-05 00:54:32,7.033,1.507,90.170,0.251,0,5652576,171724,184020,2007892,6948.394,4207.616,0,1077.021,0,88.412,2268,3175,1.310,1.370,1.240,1,0,0,0,0,18,314,0,26,0
01-05 00:54:33,14.510,2.502,79.055,1.751,0,5652484,171724,184020,2007984,2659.850,1459.015,0,2501.740,0,330.230,4978,7526,1.310,1.370,1.240,1,0,0,0,0,18,314,0,26,0
01-05 00:54:34,19.465,2.496,76.114,0.749,0,5652300,171820,184020,2008072,26408.837,12692.333,0,1880.641,0,183.672,3909,5189,1.310,1.370,1.240,1,0,0,0,0,18,313,0,26,0
01-05 00:54:35,16.505,2.251,78.276,1.000,0,5652476,171316,184020,2008400,6901.257,4189.370,16.005,1932.632,1.000,199.065,4074,5743,1.370,1.380,1.240,0,0,0,0,0,18,313,0,26,0
01-05 00:54:36,14.241,2.249,82.198,0.500,0,5652952,170840,184020,2008400,6994.557,2966.116,0,1071.319,0,95.939,3113,4021,1.370,1.380,1.240,3,0,1.999,0,0,18,314,0,26,0
01-05 00:54:37,10.259,1.751,85.321,0.751,0.250,5652864,170840,184020,2008488,23711.824,11214.375,0,988.827,0,97.081,2564,3350,1.370,1.380,1.240,1,0,0,0,0,18,314,0,26,0
01-05 00:54:38,30.535,7.759,57.315,2.253,0,5652012,171356,184020,2008824,2600.954,1459.658,28.032,8842.043,2.002,706.803,9299,22189,1.370,1.380,1.240,1,1,36.041,0,0,18,314,0,27,0
01-05 00:54:39,25.730,5.746,65.200,2.498,0,5652364,170880,184020,2008948,2655.977,1456.890,0,7386.374,0,705.463,7606,11340,1.370,1.380,1.240,2,0,0,0,0,18,314,0,25,0
01-05 00:54:40,24.223,4.495,67.673,1.249,0,5653144,169872,184020,2009176,2654.991,1456.350,0,1801.958,0,188.786,6492,9549,1.580,1.420,1.260,2,0,0.999,0,0,18,314,0,26,0
01-05 00:54:41,9.973,1.745,85.016,1.247,0,5653032,169872,184020,2009288,6894.046,4223.388,0,2572.926,0,256.295,3360,5185,1.580,1.420,1.260,0,0,0,0,0,18,313,0,27,0
01-05 00:54:42,16.819,3.514,77.568,0.753,0,5652796,169872,184020,2009524,18040.019,8886.462,0,1903.811,0,184.758,3829,5015,1.580,1.420,1.260,1,0,0,0,0,18,313,0,28,0
01-05 00:54:43,13.727,2.496,81.864,1.248,0,5653000,169632,184020,2009560,12455.256,5886.197,0,1437.606,0,152.746,3380,4726,1.580,1.420,1.260,1,0,0.998,0,0,18,314,0,26,0
01-05 00:54:44,15.008,2.501,79.792,0.750,0,5657592,164848,184020,2009752,20877.068,10439.535,0,1268.673,0,105.056,3397,4058,1.580,1.420,1.260,1,0,2.001,0,0,18,313,0,26,0
01-05 00:54:45,15.512,2.502,79.562,0.751,0,5657480,164848,184020,2009864,22245.453,10566.290,0,1417.112,0,145.114,3704,4770,1.770,1.460,1.270,2,0,2.002,0,0,18,314,0,26,0
01-05 00:54:46,33.103,5.725,57.494,1.991,0,5657560,164596,184020,2010036,21996.116,10457.464,0,7582.258,0,611.280,8320,12347,1.770,1.460,1.270,5,0,0.996,0,0,18,314,0,26,0
01-05 00:54:47,21.023,4.004,71.079,1.752,0,5657372,164596,184020,2010224,6983.720,4192.634,0,3507.878,0,302.334,5928,8572,1.770,1.460,1.270,0,0,0,0,0,18,313,0,29,0
01-05 00:54:48,12.037,2.508,82.756,0.752,0,5657512,164344,184020,2010336,5612.343,3505.834,0,1793.542,0,143.443,3311,4545,1.770,1.460,1.270,0,0,6.019,0,0,18,314,0,27,0
01-05 00:54:49,11.010,2.002,84.826,0.500,0,5657504,164344,184020,2010344,24921.459,10687.631,0,1221.100,0,107.097,2695,3578,1.770,1.460,1.270,1,0,0,0,0,18,314,0,27,0
01-05 00:54:50,24.978,5.495,66.440,1.748,0,5657224,164344,184020,2010624,2595.664,1456.689,0,2669.597,0,295.734,7024,10619,1.710,1.460,1.270,1,0,0.999,0,0,18,314,0,29,0
01-05 00:54:51,29.755,4.501,62.511,1.250,0,5656988,164344,184020,2010860,26459.705,13226.352,0,4044.719,0,297.053,6439,8784,1.710,1.460,1.270,1,0,0,0,0,18,313,0,32,0
01-05 00:54:52,8.254,1.501,87.797,1.001,0,5657188,164092,184020,2010912,2796.493,1458.779,0,1901.015,0,152.081,2552,3542,1.710,1.460,1.270,2,0,0,0,0,18,314,0,32,0
01-05 00:54:53,12.477,2.994,80.849,1.248,0,5657080,164092,184020,2011020,6946.065,4170.234,0,2363.599,0,249.535,3681,5829,1.710,1.460,1.270,0,0,0,0,0,18,313,0,35,0
01-05 00:54:54,14.261,3.002,80.815,1.501,0,5657260,163868,184020,2011064,15365.331,7894.336,0,11505.233,0,811.651,3988,5628,1.710,1.460,1.270,0,0,0,0,0,18,314,0,35,0
01-05 00:54:55,15.222,1.996,79.851,0.499,0,5657088,163868,184020,2011236,20835.103,10463.466,0,1381.421,0,143.732,3463,4532,1.650,1.450,1.270,0,0,0,0,0,18,314,0,36,0
01-05 00:54:56,14.773,2.754,80.376,0.501,0,5657020,163868,184024,2011300,20689.358,8572.407,0,1466.293,0,91.143,3765,5093,1.650,1.450,1.270,1,0,0,0,0,18,314,0,34,0
01-05 00:54:57,25.798,4.508,65.874,2.004,0,5656856,163868,184024,2011464,2680.025,1460.739,0,3097.808,0,360.676,7291,10981,1.650,1.450,1.270,1,0,0,0,0,18,314,0,36,0
01-05 00:54:58,26.243,5.498,65.232,1.999,0,5657168,163364,184024,2011656,2597.270,1457.590,0,3079.134,0,356.900,7493,11514,1.650,1.450,1.270,2,0,0,0,0,18,314,0,37,0
01-05 00:54:59,23.220,4.744,68.661,0.999,0,5657528,162860,184024,2011800,2834.325,1456.112,0,2109.265,0,194.747,6388,8846,1.650,1.450,1.270,1,0,0,0,0,18,314,0,40,0
01-05 00:55:00,10.504,1.501,85.281,1.000,0,5657556,162608,184024,2012024,6721.459,4185.531,0,2765.012,0,239.087,3174,4948,1.760,1.470,1.280,1,0,1.000,0,0,18,313,0,40,0
01-05 00:55:01,14.738,3.247,78.436,1.998,0,5657712,162356,184028,2012116,6893.370,4180.585,35.971,5683.358,5.995,419.657,4182,6544,1.760,1.470,1.280,1,1,0.999,0,0,18,313,0,42,0
01-05 00:55:02,14.262,3.002,79.816,1.751,0,5658272,161600,184028,2012312,6037.014,4013.333,104.086,1933.606,9.007,169.140,3576,5025,1.760,1.470,1.280,0,0,2.002,0,0,18,314,0,43,0
01-05 00:55:03,8.010,1.001,88.359,1.001,0,5658656,161096,184028,2012432,3966.905,1634.020,0,1001.238,0,88.109,2412,3329,1.760,1.470,1.280,1,0,0,0,0,18,313,0,43,1
01-05 00:55:04,27.236,2.749,68.464,0.250,0,5664876,154544,184028,2012764,2536.674,1457.239,0,819.572,0,49.974,3936,4051,1.760,1.470,1.280,2,0,0.999,0,0,18,314,0,44,0
01-05 00:55:05,22.416,2.989,71.731,0.747,0,5669004,150260,184028,2012920,9800.258,5634.874,0,1291.159,0,135.492,4314,5279,2.100,1.550,1.310,0,0,0,0,0,18,314,0,47,0
01-05 00:55:06,14.558,2.510,81.075,0.502,0,5668792,150260,184028,2013132,23386.840,10911.784,0,1409.656,0,147.592,3464,4544,2.100,1.550,1.310,1,0,0,0,0,18,314,0,49,0
01-05 00:55:07,13.734,1.998,82.402,0.999,0,5668752,150260,184028,2013172,23822.742,10533.505,0,1106.687,0,92.890,2832,3516,2.100,1.550,1.310,1,0,0,0,0,18,314,0,49,0
01-05 00:55:08,12.270,1.252,83.633,0.751,0,5668708,150260,184028,2013216,26123.645,12595.078,0,1306.082,0,134.214,3055,4142,2.100,1.550,1.310,1,0,0,0,0,18,314,0,45,0
01-05 00:55:09,25.183,4.987,66.324,1.745,0,5668924,150008,184028,2013252,2291.902,1454.131,0,3115.710,0,332.116,7178,10916,2.100,1.550,1.310,1,0,0,0,0,18,314,0,45,0
01-05 00:55:10,22.559,4.762,67.927,2.507,0,5669952,148496,184028,2013736,5790.091,4019.476,0,8265.543,0,598.560,6730,10350,2.010,1.540,1.300,0,0,1.003,0,0,18,314,0,48,0
01-05 00:55:11,8.249,1.250,88.488,0.250,0,5669940,148496,184028,2013748,3901.468,1631.777,0,903.877,0,65.991,2179,3013,2.010,1.540,1.300,1,0,0,0,0,18,317,0,49,0
01-05 00:55:12,25.724,3.496,69.930,0.250,0,5669464,148848,184028,2013872,4350.635,1456.539,47.952,871.126,2.997,73.926,5655,7592,2.010,1.540,1.300,1,0,0,0,0,18,317,0,48,0
01-05 00:55:13,25.232,3.248,68.452,0.999,0,5670124,147840,184032,2014216,2596.166,1456.971,135.904,1454.972,8.994,143.898,5778,7607,2.010,1.540,1.300,0,1,0.999,0,0,18,317,0,67,0
01-05 00:55:14,26.505,3.001,69.262,0.750,0,5671300,146580,184032,2014300,4218.737,1458.255,0,1088.190,0,89.016,6095,7910,2.010,1.540,1.300,1,0,2.000,0,0,18,320,0,80,0
01-05 00:55:15,27.538,3.755,66.591,1.001,0,5673176,144368,184032,2014636,7046.639,3674.025,0,7554.333,0,562.770,6113,7470,2.090,1.560,1.310,1,0,0,0,0,18,317,0,85,0
01-05 00:55:16,12.228,1.747,83.851,0.499,0.250,5673092,144368,184032,2014720,22234.468,10485.357,0,982.254,0,83.851,2908,3866,2.090,1.560,1.310,6,0,0,0,0,18,317,0,84,0
01-05 00:55:17,26.536,5.257,65.340,1.752,0,5673076,144116,184032,2014988,2558.514,1460.005,4.006,3328.572,1.001,359.494,7378,11169,2.090,1.560,1.310,1,0,0,0,0,18,316,0,84,1
01-05 00:55:18,20.997,4.499,71.241,1.750,0,5673940,143108,184032,2015132,6718.136,4191.461,0,7850.990,0,591.924,6274,10016,2.090,1.560,1.310,0,0,0,0,0,18,316,0,85,0
01-05 00:55:19,9.757,1.251,85.560,1.001,0,5673792,143108,184032,2015280,6914.830,4131.886,0,1469.026,0,163.114,2855,4228,2.090,1.560,1.310,0,0,0,0,0,18,316,0,85,0
01-05 00:55:20,6.995,1.999,88.942,0.750,0,5673960,142856,184032,2015364,4293.221,1690.905,0,1183.234,0,109.929,2432,3546,1.920,1.540,1.310,1,0,0.999,0,0,18,317,0,85,0
01-05 00:55:21,4.500,1.000,92.992,0.750,0,5673948,142856,184032,2015376,6895.394,3987.649,0,1063.906,0,115.990,1776,2519,1.920,1.540,1.310,2,0,0,0,0,18,317,0,85,0
01-05 00:55:22,7.247,1.499,88.708,0.500,0,5673772,142856,184032,2015552,7163.597,4126.040,0,2886.629,0,170.919,2736,4250,1.920,1.540,1.310,0,0,0,0,0,18,316,0,85,0
01-05 00:55:23,24.747,2.750,71.242,0.500,0,5674736,141848,184032,2015596,4157.554,1457.843,0,767.918,0,48.995,3508,3643,1.920,1.540,1.310,1,0,0,0,0,18,317,0,87,0
01-05 00:55:24,9.756,1.501,86.299,0.250,0,5675352,141092,184032,2015736,7144.089,3671.101,0,1088.623,0,96.055,2702,3586,1.920,1.540,1.310,3,0,0,0,0,18,316,0,86,0
01-05 00:55:25,9.008,1.752,87.828,0.751,0,5675820,140616,184032,2015744,6960.173,3672.257,0,4868.318,0,516.458,2817,3627,1.930,1.550,1.310,0,0,0,0,0,18,316,0,86,0
01-05 00:55:26,6.982,1.745,88.765,0.499,0,5675628,140616,184032,2015936,6881.809,3659.327,0,1416.256,0,99.736,2485,3420,1.930,1.550,1.310,0,0,0,0,0,18,316,0,86,0
01-05 00:55:27,12.523,1.753,83.651,1.002,0,5675880,140364,184032,2015936,15451.969,7902.304,0,1442.611,0,153.277,3048,4140,1.930,1.550,1.310,0,0,0,0,0,18,317,0,86,0
01-05 00:55:28,15.998,3.500,77.241,1.250,0,5675748,140364,184032,2016068,13842.341,6284.247,0,1743.791,0,210.975,4481,6495,1.930,1.550,1.310,1,0,0,0,0,18,317,0,85,0
01-05 00:55:29,25.252,5.250,65.006,2.000,0,5676304,139608,184032,2016268,2478.225,1458.133,0,8924.811,0,642.058,7802,11914,1.930,1.550,1.310,1,0,0,0,0,18,318,0,85,0
01-05 00:55:30,18.498,3.500,75.490,1.500,0,5677384,138348,184032,2016448,6658.137,4194.456,0,1799.767,0,198.974,4455,6212,1.860,1.540,1.310,0,0,1.000,0,0,18,316,0,88,0
01-05 00:55:31,9.501,1.500,87.260,0.500,0,5677384,138348,184032,2016448,6924.794,4186.480,0,1344.154,0,159.018,2749,3982,1.860,1.540,1.310,1,0,0,0,0,18,316,0,88,0
01-05 00:55:32,8.998,1.250,86.982,1.000,0,5677168,138348,184032,2016664,6855.600,3668.251,0,1143.766,0,104.979,2606,3592,1.860,1.540,1.310,0,0,0,0,0,18,316,0,88,0
01-05 00:55:33,9.757,2.001,86.558,0.751,0,5677672,137844,184032,2016664,4160.791,1545.037,4.003,1048.704,1.001,99.066,2641,3611,1.860,1.540,1.310,2,0,0,0,0,18,317,0,87,0
01-05 00:55:34,10.496,1.499,84.967,1.000,0,5677540,137844,184032,2016796,27931.089,12570.090,0,1259.508,0,128.950,2828,3747,1.860,1.540,1.310,1,0,0,0,0,18,317,0,87,0
01-05 00:55:35,29.474,19.483,46.459,2.248,0,5688808,126028,184052,2017296,4288.175,1510.652,243.783,3021.305,19.982,294.737,8258,11971,1.790,1.530,1.310,1,0,417.627,0,0,18,316,0,87,0
01-05 00:55:36,22.742,4.248,72.474,1.000,0.250,5512168,302492,184068,2017456,10916.106,263484.016,155.944,1411.497,7.997,89.968,2832,2471,1.790,1.530,1.310,0,0,15.994,0,0,18,316,0,87,0
01-05 00:55:37,1.503,0.251,96.454,0.251,0,5506320,308316,184068,2017480,2666.649,1473.121,0,773.639,0,44.093,1166,1710,1.790,1.530,1.310,0,0,0,0,0,18,316,0,85,0
01-05 00:55:38,8.237,4.992,83.871,0.499,0,5500520,314116,184068,2017352,2548.073,1509.673,0,3518.577,0,219.661,3081,8759,1.790,1.530,1.310,0,0,35.945,0,0,18,316,0,86,0
01-05 00:55:39,2.750,1.000,95.501,0.750,0,5500496,314116,184068,2017488,2344.021,1404.012,0,3780.033,0,226.002,1475,2297,1.790,1.530,1.310,0,0,0,0,0,18,316,0,86,0
01-05 00:55:40,1.993,0.747,96.141,0,0,5500364,314244,184068,2017492,2588.332,1452.575,0,494.154,0,27.896,1106,1515,1.640,1.500,1.300,0,0,0.996,0,0,18,316,0,86,0
01-05 00:55:41,1.251,0.500,96.570,0.250,0,5500364,314244,184068,2017492,2479.787,1459.051,0,1188.857,0,61.044,1072,1594,1.640,1.500,1.300,0,0,0,0,0,18,316,0,83,0
01-05 00:55:42,1.757,0.753,96.620,0,0,5500364,314244,184068,2017492,2685.273,1463.599,0,0,0,0,978,1348,1.640,1.500,1.300,1,0,0,0,0,18,316,0,83,0
01-05 00:55:43,1.996,0.499,95.581,0,0,5500364,314244,184068,2017492,2773.104,1455.431,0,107.810,0,11.979,1136,1741,1.640,1.500,1.300,0,0,0,0,0,18,316,0,83,0
01-05 00:55:44,2.506,0.752,95.247,0.251,0,5500596,314004,184068,2017500,4182.834,1515.926,0,212.551,0,16.042,1210,1631,1.640,1.500,1.300,1,0,1.003,0,0,18,316,0,83,0
01-05 00:55:45,4.746,2.748,91.177,0.999,0,5494784,319816,184068,2017500,2655.876,1456.835,31.974,4012.791,0.999,509.592,2272,2877,1.510,1.480,1.290,0,0,1.998,0,0,18,316,0,82,0
01-05 00:55:46,10.240,1.249,85.663,0,0.250,5494664,319860,184068,2017576,22125.546,10493.351,0,463.530,0,31.968,2213,2525,1.510,1.480,1.290,0,0,1.998,0,0,18,316,0,84,0
01-05 00:55:47,3.252,1.501,93.554,0.250,0,5494648,319860,184068,2017592,4297.492,1458.846,0,644.374,0,45.026,1624,2368,1.510,1.480,1.290,0,0,1.001,0,0,18,316,0,84,0
01-05 00:55:48,3.752,1.751,92.789,0.250,0,5494648,319860,184068,2017592,2539.071,1458.616,0,520.220,0,57.024,1789,2651,1.510,1.480,1.290,0,0,6.003,0,0,18,316,0,84,0
01-05 00:55:49,1.496,0.499,95.981,0.499,0,5494644,319860,184068,2017596,2411.244,1453.927,0,199.441,0,15.955,1010,1463,1.510,1.480,1.290,0,0,0,0,0,18,316,0,79,0
01-05 00:55:50,1.003,1.003,96.786,0,0,5494644,319860,184068,2017596,2605.705,1462.324,0,4.012,0,1.003,1052,1462,1.390,1.450,1.280,0,0,1.003,0,0,18,316,0,79,0
01-05 00:55:51,8.496,1.000,89.961,0,0,5494636,319860,184068,2017604,22144.292,10499.397,0,0,0,0,1540,1642,1.390,1.450,1.280,0,0,0,0,0,18,316,0,79,0
01-05 00:55:52,0.999,0.999,96.162,0,0,5494628,319860,184068,2017612,4171.171,1456.663,0,287.736,0,65.939,1068,1417,1.390,1.450,1.280,0,0,0,0,0,18,316,0,79,0
01-05 00:55:53,1.752,0.501,96.386,0,0,5494628,319860,184068,2017612,2661.758,1460.061,0,592.837,0,14.020,1238,1840,1.390,1.450,1.280,0,0,0,0,0,18,316,0,71,0
01-05 00:55:54,1.999,0.749,96.182,0.500,0,5494628,319860,184068,2017612,2716.068,1456.964,0,263.812,0,18.986,1012,1472,1.390,1.450,1.280,1,0,0,0,0,18,316,0,71,0
01-05 00:55:55,2.002,1.001,95.582,0,0,5494616,319860,184068,2017624,2780.385,1459.252,0,160.137,0,20.017,1298,2025,1.280,1.430,1.280,0,0,0,0,0,18,316,0,71,0
01-05 00:55:56,1.750,0.750,95.736,0.250,0,5494612,319860,184068,2017628,4277.394,1457.793,0,495.930,0,38.994,1206,1766,1.280,1.430,1.280,0,0,0,0,0,18,316,0,71,0
01-05 00:55:57,1.249,0.999,96.180,0,0,5494612,319860,184068,2017628,2673.043,1456.934,0,131.903,0,6.995,1055,1465,1.280,1.430,1.280,0,0,0,0,0,18,316,0,68,0
01-05 00:55:58,2.995,0.749,94.602,0.250,0,5494612,319860,184068,2017628,2534.038,1455.724,0,375.413,0,40.936,1453,2217,1.280,1.430,1.280,0,0,0,0,0,18,316,0,68,0
01-05 00:55:59,1.501,0.500,96.535,0.250,0,5494612,319860,184068,2017628,4273.540,1458.525,0,172.062,0,11.004,981,1414,1.280,1.430,1.280,1,0,0,0,0,18,316,0,68,0
01-05 00:56:00,1.751,1.251,95.806,0,0,5494612,319860,184068,2017628,2599.520,1458.853,0,24.014,0,4.002,1123,1512,1.180,1.400,1.270,0,0,1.001,0,0,18,316,0,68,0
01-05 00:56:01,1.497,0.499,96.084,0,0.250,5494612,319860,184068,2017628,2773.201,1455.481,0,0,0,0,1028,1413,1.180,1.400,1.270,0,0,0,0,0,18,316,0,60,0
01-05 00:56:02,2.257,0.752,96.309,0,0,5494604,319860,184068,2017636,2743.801,1462.692,0,268.862,0,25.080,1304,1899,1.180,1.400,1.270,0,0,0,0,0,18,316,0,60,0
01-05 00:56:03,2.496,0.998,94.593,0.749,0,5494604,319860,184068,2017636,2713.493,1455.582,0,315.476,0,34.942,1403,2155,1.180,1.400,1.270,0,0,0,0,0,18,316,0,60,0
01-05 00:56:04,1.251,0.751,97.107,0,0,5494604,319860,184068,2017636,2540.805,1459.611,0,172.190,0,11.012,1008,1391,1.180,1.400,1.270,0,0,0,0,0,18,316,0,60,0
01-05 00:56:05,2.748,0.749,94.675,0.250,0,5494604,319860,184068,2017636,2595.950,1456.849,0,203.839,0,29.976,1374,2042,1.080,1.380,1.260,0,0,0,0,0,18,316,0,54,0
01-05 00:56:06,1.498,0.999,96.146,0,0,5494596,319860,184068,2017644,2655.135,1456.429,0,1262.638,0,180.805,1227,1821,1.080,1.380,1.260,0,0,0,0,0,18,316,0,54,0
01-05 00:56:07,1.753,0.501,96.417,0.250,0,5494596,319860,184068,2017644,1303.262,324.563,0,184.320,0,8.014,1015,1437,1.080,1.380,1.260,1,0,0,0,0,18,316,0,54,0
01-05 00:56:08,8.246,2.499,87.462,0.500,0,5505432,309024,184068,2017644,134459.071,3016.678,0,347.848,0,36.984,2077,2531,1.080,1.380,1.260,0,0,3.998,0,0,18,316,0,54,0
01-05 00:56:09,8.509,3.754,86.588,0,0,5511464,302976,184080,2017648,160624.398,5855.921,0,212.215,0,11.011,2149,1918,1.080,1.380,1.260,1,0,21.021,0,0,18,316,0,52,0
01-05 00:56:10,9.252,3.001,84.521,1.750,0,5515428,298972,184080,2017688,151945.496,6379.574,168.041,156.039,7.002,8.002,2138,2059,1,1.360,1.260,0,0,15.004,0,0,18,316,0,52,0
01-05 00:56:11,8.000,2.500,87.745,0,0,5521944,292324,184084,2017816,273036.742,6771.622,0,4.000,0,1.000,1868,1782,1,1.360,1.260,1,0,8.000,0,0,18,316,0,52,0
01-05 00:56:12,20.002,5.000,71.757,2.250,0,5537644,269452,184084,2024972,1463.144,486.048,1264.125,140.014,24.002,10.001,2433,1880,1,1.360,1.260,1,0,18.002,0,0,18,316,0,52,0
01-05 00:56:13,22.498,5.499,70.993,0.250,0,5537304,259132,184084,2035616,1265.874,485.952,63.994,195.980,1.000,17.998,2471,2052,1,1.360,1.260,1,0,7.999,0,0,18,316,0,52,0
