{0} setUpClass (tempest.api.compute.admin.test_live_migration.LiveAutoBlockMigrationV225Test) ... SKIPPED: Less than 2 compute nodes, skipping migration test.
{0} setUpClass (tempest.api.compute.admin.test_live_migration.LiveMigrationTest) ... SKIPPED: Less than 2 compute nodes, skipping migration test.
{0} setUpClass (tempest.api.compute.admin.test_live_migration.LiveMigrationWithoutHostTest) ... SKIPPED: Less than 2 compute nodes, skipping migration test.
{0} setUpClass (tempest.api.compute.servers.test_server_rescue.ServerBootFromVolumeStableRescueTest) ... SKIPPED: Stable rescue not available.
{0} setUpClass (tempest.api.compute.servers.test_server_rescue.ServerStableDeviceRescueTest) ... SKIPPED: Stable rescue not available.
{0} tempest.api.compute.volumes.test_volume_snapshots.VolumesSnapshotsTestJSON.test_volume_snapshot_create_get_list_delete [3.323952s] ... FAILED

Captured traceback:
~~~~~~~~~~~~~~~~~~~
    Traceback (most recent call last):

      File "/opt/stack/tempest/tempest/api/compute/volumes/test_volume_snapshots.py", line 54, in test_volume_snapshot_create_get_list_delete
    volume = self.create_volume()
             ^^^^^^^^^^^^^^^^^^^^

      File "/opt/stack/tempest/tempest/api/compute/base.py", line 551, in create_volume
    waiters.wait_for_volume_resource_status(cls.volumes_client,

      File "/opt/stack/tempest/tempest/common/waiters.py", line 379, in wait_for_volume_resource_status
    raise exceptions.VolumeResourceBuildErrorException(

    tempest.exceptions.VolumeResourceBuildErrorException: volume c024449e-5664-4f51-ae87-e02d6b9b99b5 failed to build and is in ERROR status


Captured pythonlogging:
~~~~~~~~~~~~~~~~~~~~~~~
    2026-05-06 00:47:48,767 124029 INFO     [tempest.lib.common.rest_client] Request (VolumesSnapshotsTestJSON:test_volume_snapshot_create_get_list_delete): 200 POST http://10.132.44.209/compute/v2.1/os-volumes 2.048s
2026-05-06 00:47:48,768 124029 DEBUG    [tempest.lib.common.rest_client] Request - Headers: {'Content-Type': 'application/json', 'Accept': 'application/json', 'X-Auth-Token': '<omitted>'}
        Body: {"volume": {"size": 1, "display_name": "tempest-VolumesSnapshotsTestJSON-volume-3838925"}}
    Response - Headers: {'date': 'Wed, 06 May 2026 00:47:46 GMT', 'server': 'Apache/2.4.58 (Ubuntu)', 'content-length': '339', 'location': 'http://10.132.44.209/compute/v2.1/os-volumes/c024449e-5664-4f51-ae87-e02d6b9b99b5', 'content-type': 'application/json', 'openstack-api-version': 'compute 2.1', 'x-openstack-nova-api-version': '2.1', 'vary': 'OpenStack-API-Version,X-OpenStack-Nova-API-Version', 'x-openstack-request-id': 'req-4935c13f-03bd-4dfc-98d4-f4478242c2ae', 'x-compute-request-id': 'req-4935c13f-03bd-4dfc-98d4-f4478242c2ae', 'connection': 'close', 'status': '200', 'content-location': 'http://10.132.44.209/compute/v2.1/os-volumes'}
        Body: b'{"volume": {"id": "c024449e-5664-4f51-ae87-e02d6b9b99b5", "status": "creating", "size": 1, "availabilityZone": "nova", "createdAt": "2026-05-06T00:47:48.118524", "attachments": [{}], "displayName": "tempest-VolumesSnapshotsTestJSON-volume-3838925", "displayDescription": null, "volumeType": "arcusfc1", "snapshotId": null, "metadata": {}}}'
2026-05-06 00:47:48,962 124029 INFO     [tempest.lib.common.rest_client] Request (VolumesSnapshotsTestJSON:test_volume_snapshot_create_get_list_delete): 200 GET http://10.132.44.209/compute/v2.1/os-volumes/c024449e-5664-4f51-ae87-e02d6b9b99b5 0.188s
2026-05-06 00:47:48,962 124029 DEBUG    [tempest.lib.common.rest_client] Request - Headers: {'Content-Type': 'application/json', 'Accept': 'application/json', 'X-Auth-Token': '<omitted>'}
        Body: None
    Response - Headers: {'date': 'Wed, 06 May 2026 00:47:48 GMT', 'server': 'Apache/2.4.58 (Ubuntu)', 'content-length': '336', 'content-type': 'application/json', 'openstack-api-version': 'compute 2.1', 'x-openstack-nova-api-version': '2.1', 'vary': 'OpenStack-API-Version,X-OpenStack-Nova-API-Version', 'x-openstack-request-id': 'req-8ecdbf59-398d-418e-b25d-ace534b6b2df', 'x-compute-request-id': 'req-8ecdbf59-398d-418e-b25d-ace534b6b2df', 'connection': 'close', 'status': '200', 'content-location': 'http://10.132.44.209/compute/v2.1/os-volumes/c024449e-5664-4f51-ae87-e02d6b9b99b5'}
        Body: b'{"volume": {"id": "c024449e-5664-4f51-ae87-e02d6b9b99b5", "status": "error", "size": 1, "availabilityZone": "nova", "createdAt": "2026-05-06T00:47:48.000000", "attachments": [{}], "displayName": "tempest-VolumesSnapshotsTestJSON-volume-3838925", "displayDescription": null, "volumeType": "arcusfc1", "snapshotId": null, "metadata": {}}}'
2026-05-06 00:47:50,037 124029 INFO     [tempest.lib.common.rest_client] Request (VolumesSnapshotsTestJSON:test_volume_snapshot_create_get_list_delete): 200 GET http://10.132.44.209/compute/v2.1/os-volumes/c024449e-5664-4f51-ae87-e02d6b9b99b5 0.069s
2026-05-06 00:47:50,037 124029 DEBUG    [tempest.lib.common.rest_client] Request - Headers: {'Content-Type': 'application/json', 'Accept': 'application/json', 'X-Auth-Token': '<omitted>'}
        Body: None
    Response - Headers: {'date': 'Wed, 06 May 2026 00:47:49 GMT', 'server': 'Apache/2.4.58 (Ubuntu)', 'content-length': '336', 'content-type': 'application/json', 'openstack-api-version': 'compute 2.1', 'x-openstack-nova-api-version': '2.1', 'vary': 'OpenStack-API-Version,X-OpenStack-Nova-API-Version', 'x-openstack-request-id': 'req-1e2d2798-044e-4637-b7d2-20bd9c8b93b8', 'x-compute-request-id': 'req-1e2d2798-044e-4637-b7d2-20bd9c8b93b8', 'connection': 'close', 'status': '200', 'content-location': 'http://10.132.44.209/compute/v2.1/os-volumes/c024449e-5664-4f51-ae87-e02d6b9b99b5'}
        Body: b'{"volume": {"id": "c024449e-5664-4f51-ae87-e02d6b9b99b5", "status": "error", "size": 1, "availabilityZone": "nova", "createdAt"
    : "2026-05-06T00:47:48.000000", "attachments": [{}], "displayName": "tempest-VolumesSnapshotsTestJSON-volume-3838925", "displayDescription": null, "volumeType": "arcusfc1", "snapshotId": null, "metadata": {}}}'

{0} tempest.api.compute.volumes.test_volumes_get.VolumesGetTestJSON.test_volume_create_get_delete [1.557346s] ... FAILED

Captured traceback:
~~~~~~~~~~~~~~~~~~~
    Traceback (most recent call last):

      File "/opt/stack/tempest/tempest/api/compute/volumes/test_volumes_get.py", line 56, in test_volume_create_get_delete
    volume = self.create_volume(size=CONF.volume.volume_size,
             ^^^^^^^^^^^^^^^^^^^^^^^^^^^^^^^^^^^^^^^^^^^^^^^^

      File "/opt/stack/tempest/tempest/api/compute/base.py", line 551, in create_volume
    waiters.wait_for_volume_resource_status(cls.volumes_client,

      File "/opt/stack/tempest/tempest/common/waiters.py", line 379, in wait_for_volume_resource_status
    raise exceptions.VolumeResourceBuildErrorException(

    tempest.exceptions.VolumeResourceBuildErrorException: volume a8c8dd8f-ca77-41ce-b3c0-955fceb30f7e failed to build and is in ERROR status


Captured pythonlogging:
~~~~~~~~~~~~~~~~~~~~~~~
    2026-05-06 00:47:52,672 124029 INFO     [tempest.lib.common.rest_client] Request (VolumesGetTestJSON:test_volume_create_get_delete): 200 POST http://10.132.44.209/compute/v2.1/os-volumes 0.432s
2026-05-06 00:47:52,672 124029 DEBUG    [tempest.lib.common.rest_client] Request - Headers: {'Content-Type': 'application/json', 'Accept': 'application/json', 'X-Auth-Token': '<omitted>'}
        Body: {"volume": {"size": 1, "display_name": "tempest-VolumesGetTestJSON-Volume-1356292151", "metadata": {"Type": "work"}}}
    Response - Headers: {'date': 'Wed, 06 May 2026 00:47:52 GMT', 'server': 'Apache/2.4.58 (Ubuntu)', 'content-length': '350', 'location': 'http://10.132.44.209/compute/v2.1/os-volumes/a8c8dd8f-ca77-41ce-b3c0-955fceb30f7e', 'content-type': 'application/json', 'openstack-api-version': 'compute 2.1', 'x-openstack-nova-api-version': '2.1', 'vary': 'OpenStack-API-Version,X-OpenStack-Nova-API-Version', 'x-openstack-request-id': 'req-1efc5ee7-55ad-4d0e-8b4f-17fc5c91ba1a', 'x-compute-request-id': 'req-1efc5ee7-55ad-4d0e-8b4f-17fc5c91ba1a', 'connection': 'close', 'status': '200', 'content-location': 'http://10.132.44.209/compute/v2.1/os-volumes'}
        Body: b'{"volume": {"id": "a8c8dd8f-ca77-41ce-b3c0-955fceb30f7e", "status": "creating", "size": 1, "availabilityZone": "nova", "createdAt": "2026-05-06T00:47:52.558402", "attachments": [{}], "displayName": "tempest-VolumesGetTestJSON-Volume-1356292151", "displayDescription": null, "volumeType": "arcusfc1", "snapshotId": null, "metadata": {"Type": "work"}}}'
2026-05-06 00:47:52,723 124029 INFO     [tempest.lib.common.rest_client] Request (VolumesGetTestJSON:test_volume_create_get_delete): 200 GET http://10.132.44.209/compute/v2.1/os-volumes/a8c8dd8f-ca77-41ce-b3c0-955fceb30f7e 0.047s
2026-05-06 00:47:52,723 124029 DEBUG    [tempest.lib.common.rest_client] Request - Headers: {'Content-Type': 'application/json', 'Accept': 'application/json', 'X-Auth-Token': '<omitted>'}
        Body: None
    Response - Headers: {'date': 'Wed, 06 May 2026 00:47:52 GMT', 'server': 'Apache/2.4.58 (Ubuntu)', 'content-length': '347', 'content-type': 'application/json', 'openstack-api-version': 'compute 2.1', 'x-openstack-nova-api-version': '2.1', 'vary': 'OpenStack-API-Version,X-OpenStack-Nova-API-Version', 'x-openstack-request-id': 'req-8ed6539e-21c6-4f7b-ac40-d077e5f2ddd5', 'x-compute-request-id': 'req-8ed6539e-21c6-4f7b-ac40-d077e5f2ddd5', 'connection': 'close', 'status': '200', 'content-location': 'http://10.132.44.209/compute/v2.1/os-volumes/a8c8dd8f-ca77-41ce-b3c0-955fceb30f7e'}
        Body: b'{"volume": {"id": "a8c8dd8f-ca77-41ce-b3c0-955fceb30f7e", "status": "error", "size": 1, "availabilityZone": "nova", "createdAt": "2026-05-06T00:47:53.000000", "attachments": [{}], "displayName": "tempest-VolumesGetTestJSON-Volume-1356292151", "displayDescription": null, "volumeType": "arcusfc1", "snapshotId": null, "metadata": {"Type": "work"}}}'
2026-05-06 00:47:53,790 124029 INFO     [tempest.lib.common.rest_client] Request (VolumesGetTestJSON:test_volume_create_get_delete): 200 GET http://10.132.44.209/compute/v2.1/os-volumes/a8c8dd8f-ca77-41ce-b3c0-955fceb30f7e 0.063s
2026-05-06 00:47:53,790 124029 DEBUG    [tempest.lib.common.rest_client] Request - Headers: {'Content-Type': 'application/json', 'Accept': 'application/json', 'X-Auth-Token': '<omitted>'}
        Body: None
    Response - Headers: {'date': 'Wed, 06 May 2026 00:47:53 GMT', 'server': 'Apache/2.4.58 (Ubuntu)', 'content-length': '347', 'content-type': 'application/json', 'openstack-api-version': 'compute 2.1', 'x-openstack-nova-api-version': '2.1', 'vary': 'OpenStack-API-Version,X-OpenStack-Nova-API-Version', 'x-openstack-request-id': 'req-a9c368c6-4f6f-43a1-ab18-0ac802fc00b8', 'x-compute-request-id': 'req-a9c368c6-4f6f-43a1-ab18-0ac802fc00b8', 'connection': 'close', 'status': '200', 'content-location': 'http://10.132.44.209/compute/v2.1/os-volumes/a8c8dd8f-ca77-41ce-b3c0-955fceb30f7e'}
        Body: b'{"volume": {"id": "a8c8dd8f-ca77-41ce-b3c0-955fceb30f7e", "status": "error", "size": 1, "availabilityZone": "nova", "createdAt": "2026-05-
    06T00:47:53.000000", "attachments": [{}], "displayName": "tempest-VolumesGetTestJSON-Volume-1356292151", "displayDescription": null, "volumeType": "arcusfc1", "snapshotId": null, "metadata": {"Type": "work"}}}'

{0} setUpClass (tempest.api.compute.volumes.test_volumes_list.VolumesTestJSON) [0.000000s] ... FAILED

Captured traceback:
~~~~~~~~~~~~~~~~~~~
    Traceback (most recent call last):

      File "/opt/stack/tempest/tempest/test.py", line 185, in setUpClass
    raise value.with_traceback(trace)

      File "/opt/stack/tempest/tempest/test.py", line 178, in setUpClass
    cls.resource_setup()

      File "/opt/stack/tempest/tempest/api/compute/volumes/test_volumes_list.py", line 57, in resource_setup
    volume = cls.create_volume(metadata=metadata)
             ^^^^^^^^^^^^^^^^^^^^^^^^^^^^^^^^^^^^

      File "/opt/stack/tempest/tempest/api/compute/base.py", line 551, in create_volume
    waiters.wait_for_volume_resource_status(cls.volumes_client,

      File "/opt/stack/tempest/tempest/common/waiters.py", line 379, in wait_for_volume_resource_status
    raise exceptions.VolumeResourceBuildErrorException(

    tempest.exceptions.VolumeResourceBuildErrorException: volume 33024137-a1b5-4790-a523-1c2bdb0cb9e2 failed to build and is in ERROR status

{0} tempest.api.compute.volumes.test_volumes_negative.VolumesNegativeTest.test_create_volume_with_invalid_size [0.177927s] ... ok
{0} tempest.api.compute.volumes.test_volumes_negative.VolumesNegativeTest.test_create_volume_with_size_zero [0.012994s] ... ok
{0} tempest.api.compute.volumes.test_volumes_negative.VolumesNegativeTest.test_create_volume_without_passing_size [0.011211s] ... ok
{0} tempest.api.compute.volumes.test_volumes_negative.VolumesNegativeTest.test_delete_invalid_volume_id [0.033254s] ... ok
{0} tempest.api.compute.volumes.test_volumes_negative.VolumesNegativeTest.test_delete_volume_without_passing_volume_id [0.010040s] ... ok
{0} tempest.api.compute.volumes.test_volumes_negative.VolumesNegativeTest.test_get_volume_without_passing_volume_id [0.006685s] ... ok
{0} tempest.api.compute.volumes.test_volumes_negative.VolumesNegativeTest.test_volume_delete_nonexistent_volume_id [0.031884s] ... ok
{0} tempest.api.compute.volumes.test_volumes_negative.VolumesNegativeTest.test_volume_get_nonexistent_volume_id [0.035397s] ... ok
{0} tempest.api.volume.admin.test_backends_capabilities.BackendsCapabilitiesAdminTestsJSON.test_compare_volume_stats_values [0.549972s] ... ok
{0} tempest.api.volume.admin.test_backends_capabilities.BackendsCapabilitiesAdminTestsJSON.test_get_capabilities_backend [0.000682s] ... FAILED

Captured traceback:
~~~~~~~~~~~~~~~~~~~
    Traceback (most recent call last):

      File "/opt/stack/tempest/tempest/api/volume/admin/test_backends_capabilities.py", line 38, in test_get_capabilities_backend
    self.admin_capabilities_client.show_backend_capabilities(self.hosts[0])
                                                             ~~~~~~~~~~^^^

    IndexError: list index out of range

{0} setUpClass (tempest.api.volume.admin.test_encrypted_volumes_extend.EncryptedVolumesExtendAttachedTest) ... SKIPPED: Attached encrypted volume extend is disabled.
{0} tempest.api.volume.admin.test_group_snapshots.GroupSnapshotsTest.test_create_group_from_group_snapshot [1.762128s] ... FAILED

Captured traceback:
~~~~~~~~~~~~~~~~~~~
    Traceback (most recent call last):

      File "/opt/stack/tempest/tempest/api/volume/admin/test_group_snapshots.py", line 162, in test_create_group_from_group_snapshot
    grp = self.create_group(group_type=group_type['id'],
          ^^^^^^^^^^^^^^^^^^^^^^^^^^^^^^^^^^^^^^^^^^^^^^

      File "/opt/stack/tempest/tempest/api/volume/base.py", line 293, in create_group
    waiters.wait_for_volume_resource_status(

      File "/opt/stack/tempest/tempest/common/waiters.py", line 379, in wait_for_volume_resource_status
    raise exceptions.VolumeResourceBuildErrorException(

    tempest.exceptions.VolumeResourceBuildErrorException: group 003dfd5e-7055-46fa-936c-803152a981ca failed to build and is in ERROR status


Captured pythonlogging:
~~~~~~~~~~~~~~~~~~~~~~~
    2026-05-06 00:48:06,167 124029 INFO     [tempest.lib.common.rest_client] Request (GroupSnapshotsTest:test_create_group_from_group_snapshot): 200 POST http://10.132.44.209/volume/v3/types 0.121s
2026-05-06 00:48:06,167 124029 DEBUG    [tempest.lib.common.rest_client] Request - Headers: {'Content-Type': 'application/json', 'Accept': 'application/json', 'X-Auth-Token': '<omitted>'}
        Body: {"volume_type": {"name": "tempest-GroupSnapshotsTest-volume-type-310946326"}}
    Response - Headers: {'date': 'Wed, 06 May 2026 00:48:06 GMT', 'server': 'Apache/2.4.58 (Ubuntu)', 'content-type': 'application/json', 'x-compute-request-id': 'req-34b4d6e2-eb21-47e9-9b2a-7b34195cf2ba', 'content-length': '223', 'openstack-api-version': 'volume 3.0', 'vary': 'OpenStack-API-Version', 'x-openstack-request-id': 'req-34b4d6e2-eb21-47e9-9b2a-7b34195cf2ba', 'connection': 'close', 'status': '200', 'content-location': 'http://10.132.44.209/volume/v3/types'}
        Body: b'{"volume_type": {"id": "dab5379b-8885-4a5c-9bf0-8582e5fe1d42", "name": "tempest-GroupSnapshotsTest-volume-type-310946326", "is_public": true, "extra_specs": {}, "description": null, "os-volume-type-access:is_public": true}}'
2026-05-06 00:48:06,231 124029 INFO     [tempest.lib.common.rest_client] Request (GroupSnapshotsTest:test_create_group_from_group_snapshot): 202 POST http://10.132.44.209/volume/v3/group_types 0.058s
2026-05-06 00:48:06,231 124029 DEBUG    [tempest.lib.common.rest_client] Request - Headers: {'Content-Type': 'application/json', 'Accept': 'application/json', 'Openstack-Api-Version': 'volume 3.14', 'X-Auth-Token': '<omitted>'}
        Body: {"group_type": {"name": "tempest-GroupSnapshotsTest-group-type-1715500414"}}
    Response - Headers: {'date': 'Wed, 06 May 2026 00:48:06 GMT', 'server': 'Apache/2.4.58 (Ubuntu)', 'content-type': 'application/json', 'x-compute-request-id': 'req-5f0e69b6-c0dc-49fc-9be3-3415e31f3196', 'content-length': '181', 'openstack-api-version': 'volume 3.14', 'vary': 'OpenStack-API-Version', 'x-openstack-request-id': 'req-5f0e69b6-c0dc-49fc-9be3-3415e31f3196', 'connection': 'close', 'status': '202', 'content-location': 'http://10.132.44.209/volume/v3/group_types'}
        Body: b'{"group_type": {"id": "f3ed5f02-6bd7-4875-b143-9d102bfed410", "name": "tempest-GroupSnapshotsTest-group-type-1715500414", "description": null, "is_public": true, "group_specs": {}}}'
2026-05-06 00:48:06,415 124029 INFO     [tempest.lib.common.rest_client] Request (GroupSnapshotsTest:test_create_group_from_group_snapshot): 202 POST http://10.132.44.209/volume/v3/groups 0.180s
2026-05-06 00:48:06,416 124029 DEBUG    [tempest.lib.common.rest_client] Request - Headers: {'Content-Type': 'application/json', 'Accept': 'application/json', 'Openstack-Api-Version': 'volume 3.14', 'X-Auth-Token': '<omitted>'}
        Body: {"group": {"group_type": "f3ed5f02-6bd7-4875-b143-9d102bfed410", "volume_types": ["dab5379b-8885-4a5c-9bf0-8582e5fe1d42"], "name": "tempest-GroupSnapshotsTest-Group-1368997724"}}
    Response - Headers: {'date': 'Wed, 06 May 2026 00:48:06 GMT', 'server': 'Apache/2.4.58 (Ubuntu)', 'content-type': 'application/json', 'x-compute-request-id': 'req-e43015f4-fbb2-4471-ac40-22232c81ba99', 'content-length': '112', 'openstack-api-version': 'volume 3.14', 'vary': 'OpenStack-API-Version', 'x-openstack-request-id': 'req-e43015f4-fbb2-4471-ac40-22232c81ba99', 'connection': 'close', 'status': '202', 'content-location': 'http://10.132.44.209/volume/v3/groups'}
        Body: b'{"group": {"id": "003dfd5e-7055-46fa-936c-803152a981ca", "name": "tempest-GroupSnapshotsTest-Group-1368997724"}}'
2026-05-06 00:48:06,459 124029 INFO     [tempest.lib.common.rest_client] Request (GroupSnapshotsTest:test_create_group_from_group_snapshot): 200 GET http://10.132.44.209/volume/v3/groups/003dfd5e-7055-46fa-936c-803152a981ca 0.041s
2026-05-06 00:48:06,460 124029 DEBUG    [tempest.lib.common.rest_client] Request - Headers: {'Content-Type': 'application/json', 'Accept': 'application/json', 'Openstack-Api-Version': 'volume 3.14', 'X-Auth-Token': '<omitted>'}
        Body: None
    Respons
    e - Headers: {'date': 'Wed, 06 May 2026 00:48:06 GMT', 'server': 'Apache/2.4.58 (Ubuntu)', 'content-type': 'application/json', 'x-compute-request-id': 'req-c26c3507-7155-4792-9616-224ac612b2f5', 'content-length': '389', 'openstack-api-version': 'volume 3.14', 'vary': 'OpenStack-API-Version', 'x-openstack-request-id': 'req-c26c3507-7155-4792-9616-224ac612b2f5', 'connection': 'close', 'status': '200', 'content-location': 'http://10.132.44.209/volume/v3/groups/003dfd5e-7055-46fa-936c-803152a981ca'}
        Body: b'{"group": {"id": "003dfd5e-7055-46fa-936c-803152a981ca", "status": "error", "availability_zone": "nova", "created_at": "2026-05-06T00:48:06.000000", "name": "tempest-GroupSnapshotsTest-Group-1368997724", "description": null, "group_type": "f3ed5f02-6bd7-4875-b143-9d102bfed410", "volume_types": ["dab5379b-8885-4a5c-9bf0-8582e5fe1d42"], "group_snapshot_id": null, "source_group_id": null}}'
2026-05-06 00:48:07,508 124029 INFO     [tempest.lib.common.rest_client] Request (GroupSnapshotsTest:test_create_group_from_group_snapshot): 200 GET http://10.132.44.209/volume/v3/groups/003dfd5e-7055-46fa-936c-803152a981ca 0.041s
2026-05-06 00:48:07,509 124029 DEBUG    [tempest.lib.common.rest_client] Request - Headers: {'Content-Type': 'application/json', 'Accept': 'application/json', 'Openstack-Api-Version': 'volume 3.14', 'X-Auth-Token': '<omitted>'}
        Body: None
    Response - Headers: {'date': 'Wed, 06 May 2026 00:48:07 GMT', 'server': 'Apache/2.4.58 (Ubuntu)', 'content-type': 'application/json', 'x-compute-request-id': 'req-61f36616-5fd5-48fe-9eda-f8b437671264', 'content-length': '389', 'openstack-api-version': 'volume 3.14', 'vary': 'OpenStack-API-Version', 'x-openstack-request-id': 'req-61f36616-5fd5-48fe-9eda-f8b437671264', 'connection': 'close', 'status': '200', 'content-location': 'http://10.132.44.209/volume/v3/groups/003dfd5e-7055-46fa-936c-803152a981ca'}
        Body: b'{"group": {"id": "003dfd5e-7055-46fa-936c-803152a981ca", "status": "error", "availability_zone": "nova", "created_at": "2026-05-06T00:48:06.000000", "name": "tempest-GroupSnapshotsTest-Group-1368997724", "description": null, "group_type": "f3ed5f02-6bd7-4875-b143-9d102bfed410", "volume_types": ["dab5379b-8885-4a5c-9bf0-8582e5fe1d42"], "group_snapshot_id": null, "source_group_id": null}}'
2026-05-06 00:48:07,591 124029 INFO     [tempest.lib.common.rest_client] Request (GroupSnapshotsTest:_run_cleanups): 200 GET http://10.132.44.209/volume/v3/volumes/detail 0.075s
2026-05-06 00:48:07,591 124029 DEBUG    [tempest.lib.common.rest_client] Request - Headers: {'Content-Type': 'application/json', 'Accept': 'application/json', 'Openstack-Api-Version': 'volume 3.14', 'X-Auth-Token': '<omitted>'}
        Body: None
    Response - Headers: {'date': 'Wed, 06 May 2026 00:48:07 GMT', 'server': 'Apache/2.4.58 (Ubuntu)', 'content-type': 'application/json', 'x-compute-request-id': 'req-b173a563-82c2-42e2-9cd5-6e38912c1d1e', 'content-length': '15', 'openstack-api-version': 'volume 3.14', 'vary': 'OpenStack-API-Version', 'x-openstack-request-id': 'req-b173a563-82c2-42e2-9cd5-6e38912c1d1e', 'connection': 'close', 'status': '200', 'content-location': 'http://10.132.44.209/volume/v3/volumes/detail'}
        Body: b'{"volumes": []}'
2026-05-06 00:48:07,661 124029 INFO     [tempest.lib.common.rest_client] Request (GroupSnapshotsTest:_run_cleanups): 202 POST http://10.132.44.209/volume/v3/groups/003dfd5e-7055-46fa-936c-803152a981ca/action 0.062s
2026-05-06 00:48:07,661 124029 DEBUG    [tempest.lib.common.rest_client] Request - Headers: {'Content-Type': 'application/json', 'Accept': 'application/json', 'Openstack-Api-Version': 'volume 3.14', 'X-Auth-Token': '<omitted>'}
        Body: {"delete": {"delete-volumes": true}}
    Response - Headers: {'date': 'Wed, 06 May 2026 00:48:07 GMT', 'server': 'Apache/2.4.58 (Ubuntu)', 'content-length': '0', 'content-type': 'text/html; charset=UTF-8', 'openstack-api-version': 'volume 3.14', 'vary': 'OpenStack-API-Version', 'x-openstack-request-id': 'req-5bd79289-7b44-48a6-aae2-4e779b152c1f', 'connection': 'close', 'status': '202', 'cont
    ent-location': 'http://10.132.44.209/volume/v3/groups/003dfd5e-7055-46fa-936c-803152a981ca/action'}
        Body: b''
2026-05-06 00:48:07,673 124029 INFO     [tempest.lib.common.rest_client] Request (GroupSnapshotsTest:_run_cleanups): 404 GET http://10.132.44.209/volume/v3/groups/003dfd5e-7055-46fa-936c-803152a981ca 0.011s
2026-05-06 00:48:07,673 124029 DEBUG    [tempest.lib.common.rest_client] Request - Headers: {'Content-Type': 'application/json', 'Accept': 'application/json', 'Openstack-Api-Version': 'volume 3.14', 'X-Auth-Token': '<omitted>'}
        Body: None
    Response - Headers: {'date': 'Wed, 06 May 2026 00:48:07 GMT', 'server': 'Apache/2.4.58 (Ubuntu)', 'openstack-api-version': 'volume 3.14', 'vary': 'OpenStack-API-Version', 'content-length': '108', 'content-type': 'application/json', 'x-compute-request-id': 'req-ab988599-dc45-4545-aad1-1ca178d828ef', 'x-openstack-request-id': 'req-ab988599-dc45-4545-aad1-1ca178d828ef', 'connection': 'close', 'status': '404', 'content-location': 'http://10.132.44.209/volume/v3/groups/003dfd5e-7055-46fa-936c-803152a981ca'}
        Body: b'{"itemNotFound": {"code": 404, "message": "Group 003dfd5e-7055-46fa-936c-803152a981ca could not be found."}}'
2026-05-06 00:48:07,710 124029 INFO     [tempest.lib.common.rest_client] Request (GroupSnapshotsTest:_run_cleanups): 202 DELETE http://10.132.44.209/volume/v3/group_types/f3ed5f02-6bd7-4875-b143-9d102bfed410 0.035s
2026-05-06 00:48:07,710 124029 DEBUG    [tempest.lib.common.rest_client] Request - Headers: {'Content-Type': 'application/json', 'Accept': 'application/json', 'Openstack-Api-Version': 'volume 3.14', 'X-Auth-Token': '<omitted>'}
        Body: None
    Response - Headers: {'date': 'Wed, 06 May 2026 00:48:07 GMT', 'server': 'Apache/2.4.58 (Ubuntu)', 'content-length': '0', 'content-type': 'text/html; charset=UTF-8', 'openstack-api-version': 'volume 3.14', 'vary': 'OpenStack-API-Version', 'x-openstack-request-id': 'req-357e4606-545c-4843-9ab2-20a8bb71ade1', 'connection': 'close', 'status': '202', 'content-location': 'http://10.132.44.209/volume/v3/group_types/f3ed5f02-6bd7-4875-b143-9d102bfed410'}
        Body: b''
2026-05-06 00:48:07,787 124029 INFO     [tempest.lib.common.rest_client] Request (GroupSnapshotsTest:_run_cleanups): 202 DELETE http://10.132.44.209/volume/v3/types/dab5379b-8885-4a5c-9bf0-8582e5fe1d42 0.076s
2026-05-06 00:48:07,788 124029 DEBUG    [tempest.lib.common.rest_client] Request - Headers: {'Content-Type': 'application/json', 'Accept': 'application/json', 'X-Auth-Token': '<omitted>'}
        Body: None
    Response - Headers: {'date': 'Wed, 06 May 2026 00:48:07 GMT', 'server': 'Apache/2.4.58 (Ubuntu)', 'content-length': '0', 'content-type': 'text/html; charset=UTF-8', 'openstack-api-version': 'volume 3.0', 'vary': 'OpenStack-API-Version', 'x-openstack-request-id': 'req-b1c0c7d4-479b-4331-9c64-880d2c07fd7c', 'connection': 'close', 'status': '202', 'content-location': 'http://10.132.44.209/volume/v3/types/dab5379b-8885-4a5c-9bf0-8582e5fe1d42'}
        Body: b''
2026-05-06 00:48:07,806 124029 INFO     [tempest.lib.common.rest_client] Request (GroupSnapshotsTest:_run_cleanups): 404 GET http://10.132.44.209/volume/v3/types/dab5379b-8885-4a5c-9bf0-8582e5fe1d42 0.018s
2026-05-06 00:48:07,807 124029 DEBUG    [tempest.lib.common.rest_client] Request - Headers: {'Content-Type': 'application/json', 'Accept': 'application/json', 'X-Auth-Token': '<omitted>'}
        Body: None
    Response - Headers: {'date': 'Wed, 06 May 2026 00:48:07 GMT', 'server': 'Apache/2.4.58 (Ubuntu)', 'openstack-api-version': 'volume 3.0', 'vary': 'OpenStack-API-Version', 'content-length': '114', 'content-type': 'application/json', 'x-compute-request-id': 'req-5d125229-fe44-48d3-8569-5c630aaecba8', 'x-openstack-request-id': 'req-5d125229-fe44-48d3-8569-5c630aaecba8', 'connection': 'close', 'status': '404', 'content-location': 'http://10.132.44.209/volume/v3/types/dab5379b-8885-4a5c-9bf0-8582e5fe1d42'}
        Body: b'{"itemNotFound": {"code": 404, "message": "Volume type dab5379b-8885-4a5c-9bf0-8582e5fe1d42 could not be found."}}'

{0} tempest.api.volume.admin.test_group_snapshots.GroupSnapshotsTest.test_delete_group_snapshots_following_updated_volumes [1.510061s] ... FAILED

Captured traceback:
~~~~~~~~~~~~~~~~~~~
    Traceback (most recent call last):

      File "/opt/stack/tempest/tempest/lib/decorators.py", line 106, in wrapper
    raise exc

      File "/opt/stack/tempest/tempest/lib/decorators.py", line 98, in wrapper
    return f(*func_args, **func_kwargs)
           ^^^^^^^^^^^^^^^^^^^^^^^^^^^^

      File "/opt/stack/tempest/tempest/api/volume/admin/test_group_snapshots.py", line 225, in test_delete_group_snapshots_following_updated_volumes
    grp = self.create_group(group_type=group_type['id'],
          ^^^^^^^^^^^^^^^^^^^^^^^^^^^^^^^^^^^^^^^^^^^^^^

      File "/opt/stack/tempest/tempest/api/volume/base.py", line 293, in create_group
    waiters.wait_for_volume_resource_status(

      File "/opt/stack/tempest/tempest/common/waiters.py", line 379, in wait_for_volume_resource_status
    raise exceptions.VolumeResourceBuildErrorException(

    tempest.exceptions.VolumeResourceBuildErrorException: group 8d89f3dc-4c52-4f13-a7a1-2c34f18a6095 failed to build and is in ERROR status


Captured pythonlogging:
~~~~~~~~~~~~~~~~~~~~~~~
    2026-05-06 00:48:07,841 124029 INFO     [tempest.lib.common.rest_client] Request (GroupSnapshotsTest:test_delete_group_snapshots_following_updated_volumes): 200 POST http://10.132.44.209/volume/v3/types 0.031s
2026-05-06 00:48:07,842 124029 DEBUG    [tempest.lib.common.rest_client] Request - Headers: {'Content-Type': 'application/json', 'Accept': 'application/json', 'X-Auth-Token': '<omitted>'}
        Body: {"volume_type": {"name": "tempest-GroupSnapshotsTest-volume-type-1418364282"}}
    Response - Headers: {'date': 'Wed, 06 May 2026 00:48:07 GMT', 'server': 'Apache/2.4.58 (Ubuntu)', 'content-type': 'application/json', 'x-compute-request-id': 'req-c1e24bf0-070a-4d90-b38c-8dd2320938cc', 'content-length': '224', 'openstack-api-version': 'volume 3.0', 'vary': 'OpenStack-API-Version', 'x-openstack-request-id': 'req-c1e24bf0-070a-4d90-b38c-8dd2320938cc', 'connection': 'close', 'status': '200', 'content-location': 'http://10.132.44.209/volume/v3/types'}
        Body: b'{"volume_type": {"id": "3bb37176-a67f-4c6c-b788-ff967a2a046a", "name": "tempest-GroupSnapshotsTest-volume-type-1418364282", "is_public": true, "extra_specs": {}, "description": null, "os-volume-type-access:is_public": true}}'
2026-05-06 00:48:07,877 124029 INFO     [tempest.lib.common.rest_client] Request (GroupSnapshotsTest:test_delete_group_snapshots_following_updated_volumes): 202 POST http://10.132.44.209/volume/v3/group_types 0.031s
2026-05-06 00:48:07,878 124029 DEBUG    [tempest.lib.common.rest_client] Request - Headers: {'Content-Type': 'application/json', 'Accept': 'application/json', 'Openstack-Api-Version': 'volume 3.14', 'X-Auth-Token': '<omitted>'}
        Body: {"group_type": {"name": "tempest-GroupSnapshotsTest-group-type-1063181342"}}
    Response - Headers: {'date': 'Wed, 06 May 2026 00:48:07 GMT', 'server': 'Apache/2.4.58 (Ubuntu)', 'content-type': 'application/json', 'x-compute-request-id': 'req-6ace63b9-60f4-4351-8b05-169c42e0723c', 'content-length': '181', 'openstack-api-version': 'volume 3.14', 'vary': 'OpenStack-API-Version', 'x-openstack-request-id': 'req-6ace63b9-60f4-4351-8b05-169c42e0723c', 'connection': 'close', 'status': '202', 'content-location': 'http://10.132.44.209/volume/v3/group_types'}
        Body: b'{"group_type": {"id": "3e1d0f78-04cd-4790-a373-46b2efa7e421", "name": "tempest-GroupSnapshotsTest-group-type-1063181342", "description": null, "is_public": true, "group_specs": {}}}'
2026-05-06 00:48:07,990 124029 INFO     [tempest.lib.common.rest_client] Request (GroupSnapshotsTest:test_delete_group_snapshots_following_updated_volumes): 202 POST http://10.132.44.209/volume/v3/groups 0.108s
2026-05-06 00:48:07,990 124029 DEBUG    [tempest.lib.common.rest_client] Request - Headers: {'Content-Type': 'application/json', 'Accept': 'application/json', 'Openstack-Api-Version': 'volume 3.14', 'X-Auth-Token': '<omitted>'}
        Body: {"group": {"group_type": "3e1d0f78-04cd-4790-a373-46b2efa7e421", "volume_types": ["3bb37176-a67f-4c6c-b788-ff967a2a046a"], "name": "tempest-GroupSnapshotsTest-Group-1842268974"}}
    Response - Headers: {'date': 'Wed, 06 May 2026 00:48:07 GMT', 'server': 'Apache/2.4.58 (Ubuntu)', 'content-type': 'application/json', 'x-compute-request-id': 'req-ff9cbe8e-6dea-4fa5-b2d3-672cbe684cd2', 'content-length': '112', 'openstack-api-version': 'volume 3.14', 'vary': 'OpenStack-API-Version', 'x-openstack-request-id': 'req-ff9cbe8e-6dea-4fa5-b2d3-672cbe684cd2', 'connection': 'close', 'status': '202', 'content-location': 'http://10.132.44.209/volume/v3/groups'}
        Body: b'{"group": {"id": "8d89f3dc-4c52-4f13-a7a1-2c34f18a6095", "name": "tempest-GroupSnapshotsTest-Group-1842268974"}}'
2026-05-06 00:48:08,020 124029 INFO     [tempest.lib.common.rest_client] Request (GroupSnapshotsTest:test_delete_group_snapshots_following_updated_volumes): 200 GET http://10.132.44.209/volume/v3/groups/8d89f3dc-4c52-4f13-a7a1-2c34f18a6095 0.026s
2026-05-06 00:48:08,020 124029 DEBUG    [tempest.lib.common.rest_client] Request - Headers: {'Content-Type': 'application/json', 'Accept': 'application/json', 'Openstack-Api-Version': 'volume 
    3.14', 'X-Auth-Token': '<omitted>'}
        Body: None
    Response - Headers: {'date': 'Wed, 06 May 2026 00:48:07 GMT', 'server': 'Apache/2.4.58 (Ubuntu)', 'content-type': 'application/json', 'x-compute-request-id': 'req-770d6b74-ebeb-4f16-a478-18976d0a8afd', 'content-length': '392', 'openstack-api-version': 'volume 3.14', 'vary': 'OpenStack-API-Version', 'x-openstack-request-id': 'req-770d6b74-ebeb-4f16-a478-18976d0a8afd', 'connection': 'close', 'status': '200', 'content-location': 'http://10.132.44.209/volume/v3/groups/8d89f3dc-4c52-4f13-a7a1-2c34f18a6095'}
        Body: b'{"group": {"id": "8d89f3dc-4c52-4f13-a7a1-2c34f18a6095", "status": "creating", "availability_zone": "nova", "created_at": "2026-05-06T00:48:08.000000", "name": "tempest-GroupSnapshotsTest-Group-1842268974", "description": null, "group_type": "3e1d0f78-04cd-4790-a373-46b2efa7e421", "volume_types": ["3bb37176-a67f-4c6c-b788-ff967a2a046a"], "group_snapshot_id": null, "source_group_id": null}}'
2026-05-06 00:48:09,060 124029 INFO     [tempest.lib.common.rest_client] Request (GroupSnapshotsTest:test_delete_group_snapshots_following_updated_volumes): 200 GET http://10.132.44.209/volume/v3/groups/8d89f3dc-4c52-4f13-a7a1-2c34f18a6095 0.034s
2026-05-06 00:48:09,060 124029 DEBUG    [tempest.lib.common.rest_client] Request - Headers: {'Content-Type': 'application/json', 'Accept': 'application/json', 'Openstack-Api-Version': 'volume 3.14', 'X-Auth-Token': '<omitted>'}
        Body: None
    Response - Headers: {'date': 'Wed, 06 May 2026 00:48:09 GMT', 'server': 'Apache/2.4.58 (Ubuntu)', 'content-type': 'application/json', 'x-compute-request-id': 'req-ce2140f4-5a80-4588-a4aa-c781bc12b75b', 'content-length': '389', 'openstack-api-version': 'volume 3.14', 'vary': 'OpenStack-API-Version', 'x-openstack-request-id': 'req-ce2140f4-5a80-4588-a4aa-c781bc12b75b', 'connection': 'close', 'status': '200', 'content-location': 'http://10.132.44.209/volume/v3/groups/8d89f3dc-4c52-4f13-a7a1-2c34f18a6095'}
        Body: b'{"group": {"id": "8d89f3dc-4c52-4f13-a7a1-2c34f18a6095", "status": "error", "availability_zone": "nova", "created_at": "2026-05-06T00:48:08.000000", "name": "tempest-GroupSnapshotsTest-Group-1842268974", "description": null, "group_type": "3e1d0f78-04cd-4790-a373-46b2efa7e421", "volume_types": ["3bb37176-a67f-4c6c-b788-ff967a2a046a"], "group_snapshot_id": null, "source_group_id": null}}'
2026-05-06 00:48:09,066 124029 ERROR    [tempest.lib.decorators] Hints: This test was made for the bug_type 1739031. The failure could be related to https://launchpad.net/bugs/1739031
2026-05-06 00:48:09,124 124029 INFO     [tempest.lib.common.rest_client] Request (GroupSnapshotsTest:_run_cleanups): 200 GET http://10.132.44.209/volume/v3/volumes/detail 0.056s
2026-05-06 00:48:09,125 124029 DEBUG    [tempest.lib.common.rest_client] Request - Headers: {'Content-Type': 'application/json', 'Accept': 'application/json', 'Openstack-Api-Version': 'volume 3.14', 'X-Auth-Token': '<omitted>'}
        Body: None
    Response - Headers: {'date': 'Wed, 06 May 2026 00:48:09 GMT', 'server': 'Apache/2.4.58 (Ubuntu)', 'content-type': 'application/json', 'x-compute-request-id': 'req-430cf72b-5907-4b14-bda8-cf06d83ff931', 'content-length': '15', 'openstack-api-version': 'volume 3.14', 'vary': 'OpenStack-API-Version', 'x-openstack-request-id': 'req-430cf72b-5907-4b14-bda8-cf06d83ff931', 'connection': 'close', 'status': '200', 'content-location': 'http://10.132.44.209/volume/v3/volumes/detail'}
        Body: b'{"volumes": []}'
2026-05-06 00:48:09,205 124029 INFO     [tempest.lib.common.rest_client] Request (GroupSnapshotsTest:_run_cleanups): 202 POST http://10.132.44.209/volume/v3/groups/8d89f3dc-4c52-4f13-a7a1-2c34f18a6095/action 0.068s
2026-05-06 00:48:09,205 124029 DEBUG    [tempest.lib.common.rest_client] Request - Headers: {'Content-Type': 'application/json', 'Accept': 'application/json', 'Openstack-Api-Version': 'volume 3.14', 'X-Auth-Token': '<omitted>'}
        Body: {"delete": {"delete-volumes": true}}
    Response - Headers: {'date': 'Wed, 06 May 2026 00:48:09 GMT', 'server': 'Apache/2.4.
    58 (Ubuntu)', 'content-length': '0', 'content-type': 'text/html; charset=UTF-8', 'openstack-api-version': 'volume 3.14', 'vary': 'OpenStack-API-Version', 'x-openstack-request-id': 'req-42f9729a-f87a-4bcb-90fb-dc1fcda89f06', 'connection': 'close', 'status': '202', 'content-location': 'http://10.132.44.209/volume/v3/groups/8d89f3dc-4c52-4f13-a7a1-2c34f18a6095/action'}
        Body: b''
2026-05-06 00:48:09,218 124029 INFO     [tempest.lib.common.rest_client] Request (GroupSnapshotsTest:_run_cleanups): 404 GET http://10.132.44.209/volume/v3/groups/8d89f3dc-4c52-4f13-a7a1-2c34f18a6095 0.012s
2026-05-06 00:48:09,218 124029 DEBUG    [tempest.lib.common.rest_client] Request - Headers: {'Content-Type': 'application/json', 'Accept': 'application/json', 'Openstack-Api-Version': 'volume 3.14', 'X-Auth-Token': '<omitted>'}
        Body: None
    Response - Headers: {'date': 'Wed, 06 May 2026 00:48:09 GMT', 'server': 'Apache/2.4.58 (Ubuntu)', 'openstack-api-version': 'volume 3.14', 'vary': 'OpenStack-API-Version', 'content-length': '108', 'content-type': 'application/json', 'x-compute-request-id': 'req-16697369-dba4-4fb6-8e83-2d2818b884cf', 'x-openstack-request-id': 'req-16697369-dba4-4fb6-8e83-2d2818b884cf', 'connection': 'close', 'status': '404', 'content-location': 'http://10.132.44.209/volume/v3/groups/8d89f3dc-4c52-4f13-a7a1-2c34f18a6095'}
        Body: b'{"itemNotFound": {"code": 404, "message": "Group 8d89f3dc-4c52-4f13-a7a1-2c34f18a6095 could not be found."}}'
2026-05-06 00:48:09,249 124029 INFO     [tempest.lib.common.rest_client] Request (GroupSnapshotsTest:_run_cleanups): 202 DELETE http://10.132.44.209/volume/v3/group_types/3e1d0f78-04cd-4790-a373-46b2efa7e421 0.030s
2026-05-06 00:48:09,250 124029 DEBUG    [tempest.lib.common.rest_client] Request - Headers: {'Content-Type': 'application/json', 'Accept': 'application/json', 'Openstack-Api-Version': 'volume 3.14', 'X-Auth-Token': '<omitted>'}
        Body: None
    Response - Headers: {'date': 'Wed, 06 May 2026 00:48:09 GMT', 'server': 'Apache/2.4.58 (Ubuntu)', 'content-length': '0', 'content-type': 'text/html; charset=UTF-8', 'openstack-api-version': 'volume 3.14', 'vary': 'OpenStack-API-Version', 'x-openstack-request-id': 'req-850cab95-0da2-45f2-9a68-f0322bbc917b', 'connection': 'close', 'status': '202', 'content-location': 'http://10.132.44.209/volume/v3/group_types/3e1d0f78-04cd-4790-a373-46b2efa7e421'}
        Body: b''
2026-05-06 00:48:09,306 124029 INFO     [tempest.lib.common.rest_client] Request (GroupSnapshotsTest:_run_cleanups): 202 DELETE http://10.132.44.209/volume/v3/types/3bb37176-a67f-4c6c-b788-ff967a2a046a 0.056s
2026-05-06 00:48:09,306 124029 DEBUG    [tempest.lib.common.rest_client] Request - Headers: {'Content-Type': 'application/json', 'Accept': 'application/json', 'X-Auth-Token': '<omitted>'}
        Body: None
    Response - Headers: {'date': 'Wed, 06 May 2026 00:48:09 GMT', 'server': 'Apache/2.4.58 (Ubuntu)', 'content-length': '0', 'content-type': 'text/html; charset=UTF-8', 'openstack-api-version': 'volume 3.0', 'vary': 'OpenStack-API-Version', 'x-openstack-request-id': 'req-fec08ef1-4ce3-4b1d-80e3-1ef71846c642', 'connection': 'close', 'status': '202', 'content-location': 'http://10.132.44.209/volume/v3/types/3bb37176-a67f-4c6c-b788-ff967a2a046a'}
        Body: b''
2026-05-06 00:48:09,319 124029 INFO     [tempest.lib.common.rest_client] Request (GroupSnapshotsTest:_run_cleanups): 404 GET http://10.132.44.209/volume/v3/types/3bb37176-a67f-4c6c-b788-ff967a2a046a 0.012s
2026-05-06 00:48:09,319 124029 DEBUG    [tempest.lib.common.rest_client] Request - Headers: {'Content-Type': 'application/json', 'Accept': 'application/json', 'X-Auth-Token': '<omitted>'}
        Body: None
    Response - Headers: {'date': 'Wed, 06 May 2026 00:48:09 GMT', 'server': 'Apache/2.4.58 (Ubuntu)', 'openstack-api-version': 'volume 3.0', 'vary': 'OpenStack-API-Version', 'content-length': '114', 'content-type': 'application/json', 'x-compute-request-id': 'req-5a7d15de-df87-4344-89ac-39456affe381', 'x-openstack-request-id': 'req-5a7d15de-df87-4344-89ac-39456affe381', 'connection': 
    'close', 'status': '404', 'content-location': 'http://10.132.44.209/volume/v3/types/3bb37176-a67f-4c6c-b788-ff967a2a046a'}
        Body: b'{"itemNotFound": {"code": 404, "message": "Volume type 3bb37176-a67f-4c6c-b788-ff967a2a046a could not be found."}}'

{0} tempest.api.volume.admin.test_group_snapshots.GroupSnapshotsTest.test_group_snapshot_create_show_list_delete [1.395834s] ... FAILED

Captured traceback:
~~~~~~~~~~~~~~~~~~~
    Traceback (most recent call last):

      File "/opt/stack/tempest/tempest/api/volume/admin/test_group_snapshots.py", line 92, in test_group_snapshot_create_show_list_delete
    grp = self.create_group(group_type=group_type['id'],
          ^^^^^^^^^^^^^^^^^^^^^^^^^^^^^^^^^^^^^^^^^^^^^^

      File "/opt/stack/tempest/tempest/api/volume/base.py", line 293, in create_group
    waiters.wait_for_volume_resource_status(

      File "/opt/stack/tempest/tempest/common/waiters.py", line 379, in wait_for_volume_resource_status
    raise exceptions.VolumeResourceBuildErrorException(

    tempest.exceptions.VolumeResourceBuildErrorException: group ac482738-f895-408b-8d9d-a0180bcce14f failed to build and is in ERROR status


Captured pythonlogging:
~~~~~~~~~~~~~~~~~~~~~~~
    2026-05-06 00:48:09,345 124029 INFO     [tempest.lib.common.rest_client] Request (GroupSnapshotsTest:test_group_snapshot_create_show_list_delete): 200 POST http://10.132.44.209/volume/v3/types 0.023s
2026-05-06 00:48:09,345 124029 DEBUG    [tempest.lib.common.rest_client] Request - Headers: {'Content-Type': 'application/json', 'Accept': 'application/json', 'X-Auth-Token': '<omitted>'}
        Body: {"volume_type": {"name": "tempest-GroupSnapshotsTest-volume-type-16084078"}}
    Response - Headers: {'date': 'Wed, 06 May 2026 00:48:09 GMT', 'server': 'Apache/2.4.58 (Ubuntu)', 'content-type': 'application/json', 'x-compute-request-id': 'req-73fc0f96-df0d-473f-b15a-054b83cbb64c', 'content-length': '222', 'openstack-api-version': 'volume 3.0', 'vary': 'OpenStack-API-Version', 'x-openstack-request-id': 'req-73fc0f96-df0d-473f-b15a-054b83cbb64c', 'connection': 'close', 'status': '200', 'content-location': 'http://10.132.44.209/volume/v3/types'}
        Body: b'{"volume_type": {"id": "c434f2f1-23b3-449d-8d59-b93e32b07498", "name": "tempest-GroupSnapshotsTest-volume-type-16084078", "is_public": true, "extra_specs": {}, "description": null, "os-volume-type-access:is_public": true}}'
2026-05-06 00:48:09,377 124029 INFO     [tempest.lib.common.rest_client] Request (GroupSnapshotsTest:test_group_snapshot_create_show_list_delete): 202 POST http://10.132.44.209/volume/v3/group_types 0.029s
2026-05-06 00:48:09,378 124029 DEBUG    [tempest.lib.common.rest_client] Request - Headers: {'Content-Type': 'application/json', 'Accept': 'application/json', 'Openstack-Api-Version': 'volume 3.14', 'X-Auth-Token': '<omitted>'}
        Body: {"group_type": {"name": "tempest-GroupSnapshotsTest-group-type-70877965"}}
    Response - Headers: {'date': 'Wed, 06 May 2026 00:48:09 GMT', 'server': 'Apache/2.4.58 (Ubuntu)', 'content-type': 'application/json', 'x-compute-request-id': 'req-63758b87-d919-45d3-90cd-f5c7e670ac96', 'content-length': '179', 'openstack-api-version': 'volume 3.14', 'vary': 'OpenStack-API-Version', 'x-openstack-request-id': 'req-63758b87-d919-45d3-90cd-f5c7e670ac96', 'connection': 'close', 'status': '202', 'content-location': 'http://10.132.44.209/volume/v3/group_types'}
        Body: b'{"group_type": {"id": "b7c309bb-f4b7-469d-b06d-dc04460d8926", "name": "tempest-GroupSnapshotsTest-group-type-70877965", "description": null, "is_public": true, "group_specs": {}}}'
2026-05-06 00:48:09,447 124029 INFO     [tempest.lib.common.rest_client] Request (GroupSnapshotsTest:test_group_snapshot_create_show_list_delete): 202 POST http://10.132.44.209/volume/v3/groups 0.066s
2026-05-06 00:48:09,448 124029 DEBUG    [tempest.lib.common.rest_client] Request - Headers: {'Content-Type': 'application/json', 'Accept': 'application/json', 'Openstack-Api-Version': 'volume 3.14', 'X-Auth-Token': '<omitted>'}
        Body: {"group": {"group_type": "b7c309bb-f4b7-469d-b06d-dc04460d8926", "volume_types": ["c434f2f1-23b3-449d-8d59-b93e32b07498"], "name": "tempest-GroupSnapshotsTest-Group-1331362304"}}
    Response - Headers: {'date': 'Wed, 06 May 2026 00:48:09 GMT', 'server': 'Apache/2.4.58 (Ubuntu)', 'content-type': 'application/json', 'x-compute-request-id': 'req-8e2c0e7f-cf8a-4677-a467-7e749dfbef2a', 'content-length': '112', 'openstack-api-version': 'volume 3.14', 'vary': 'OpenStack-API-Version', 'x-openstack-request-id': 'req-8e2c0e7f-cf8a-4677-a467-7e749dfbef2a', 'connection': 'close', 'status': '202', 'content-location': 'http://10.132.44.209/volume/v3/groups'}
        Body: b'{"group": {"id": "ac482738-f895-408b-8d9d-a0180bcce14f", "name": "tempest-GroupSnapshotsTest-Group-1331362304"}}'
2026-05-06 00:48:09,475 124029 INFO     [tempest.lib.common.rest_client] Request (GroupSnapshotsTest:test_group_snapshot_create_show_list_delete): 200 GET http://10.132.44.209/volume/v3/groups/ac482738-f895-408b-8d9d-a0180bcce14f 0.026s
2026-05-06 00:48:09,476 124029 DEBUG    [tempest.lib.common.rest_client] Request - Headers: {'Content-Type': 'application/json', 'Accept': 'application/json', 'Openstack-Api-Version': 'volume 3.14', 'X-Auth-Token': '<omitted>'}
        Body
    : None
    Response - Headers: {'date': 'Wed, 06 May 2026 00:48:09 GMT', 'server': 'Apache/2.4.58 (Ubuntu)', 'content-type': 'application/json', 'x-compute-request-id': 'req-09823439-e021-4ea4-bd4c-312e2670ee45', 'content-length': '392', 'openstack-api-version': 'volume 3.14', 'vary': 'OpenStack-API-Version', 'x-openstack-request-id': 'req-09823439-e021-4ea4-bd4c-312e2670ee45', 'connection': 'close', 'status': '200', 'content-location': 'http://10.132.44.209/volume/v3/groups/ac482738-f895-408b-8d9d-a0180bcce14f'}
        Body: b'{"group": {"id": "ac482738-f895-408b-8d9d-a0180bcce14f", "status": "creating", "availability_zone": "nova", "created_at": "2026-05-06T00:48:09.000000", "name": "tempest-GroupSnapshotsTest-Group-1331362304", "description": null, "group_type": "b7c309bb-f4b7-469d-b06d-dc04460d8926", "volume_types": ["c434f2f1-23b3-449d-8d59-b93e32b07498"], "group_snapshot_id": null, "source_group_id": null}}'
2026-05-06 00:48:10,511 124029 INFO     [tempest.lib.common.rest_client] Request (GroupSnapshotsTest:test_group_snapshot_create_show_list_delete): 200 GET http://10.132.44.209/volume/v3/groups/ac482738-f895-408b-8d9d-a0180bcce14f 0.030s
2026-05-06 00:48:10,512 124029 DEBUG    [tempest.lib.common.rest_client] Request - Headers: {'Content-Type': 'application/json', 'Accept': 'application/json', 'Openstack-Api-Version': 'volume 3.14', 'X-Auth-Token': '<omitted>'}
        Body: None
    Response - Headers: {'date': 'Wed, 06 May 2026 00:48:10 GMT', 'server': 'Apache/2.4.58 (Ubuntu)', 'content-type': 'application/json', 'x-compute-request-id': 'req-9a0d2f39-3b04-4758-9a8a-9ef14b55b013', 'content-length': '389', 'openstack-api-version': 'volume 3.14', 'vary': 'OpenStack-API-Version', 'x-openstack-request-id': 'req-9a0d2f39-3b04-4758-9a8a-9ef14b55b013', 'connection': 'close', 'status': '200', 'content-location': 'http://10.132.44.209/volume/v3/groups/ac482738-f895-408b-8d9d-a0180bcce14f'}
        Body: b'{"group": {"id": "ac482738-f895-408b-8d9d-a0180bcce14f", "status": "error", "availability_zone": "nova", "created_at": "2026-05-06T00:48:09.000000", "name": "tempest-GroupSnapshotsTest-Group-1331362304", "description": null, "group_type": "b7c309bb-f4b7-469d-b06d-dc04460d8926", "volume_types": ["c434f2f1-23b3-449d-8d59-b93e32b07498"], "group_snapshot_id": null, "source_group_id": null}}'
2026-05-06 00:48:10,545 124029 INFO     [tempest.lib.common.rest_client] Request (GroupSnapshotsTest:_run_cleanups): 200 GET http://10.132.44.209/volume/v3/volumes/detail 0.030s
2026-05-06 00:48:10,546 124029 DEBUG    [tempest.lib.common.rest_client] Request - Headers: {'Content-Type': 'application/json', 'Accept': 'application/json', 'Openstack-Api-Version': 'volume 3.14', 'X-Auth-Token': '<omitted>'}
        Body: None
    Response - Headers: {'date': 'Wed, 06 May 2026 00:48:10 GMT', 'server': 'Apache/2.4.58 (Ubuntu)', 'content-type': 'application/json', 'x-compute-request-id': 'req-b6eb79d1-f86f-46be-978f-72591c7ca177', 'content-length': '15', 'openstack-api-version': 'volume 3.14', 'vary': 'OpenStack-API-Version', 'x-openstack-request-id': 'req-b6eb79d1-f86f-46be-978f-72591c7ca177', 'connection': 'close', 'status': '200', 'content-location': 'http://10.132.44.209/volume/v3/volumes/detail'}
        Body: b'{"volumes": []}'
2026-05-06 00:48:10,617 124029 INFO     [tempest.lib.common.rest_client] Request (GroupSnapshotsTest:_run_cleanups): 202 POST http://10.132.44.209/volume/v3/groups/ac482738-f895-408b-8d9d-a0180bcce14f/action 0.061s
2026-05-06 00:48:10,617 124029 DEBUG    [tempest.lib.common.rest_client] Request - Headers: {'Content-Type': 'application/json', 'Accept': 'application/json', 'Openstack-Api-Version': 'volume 3.14', 'X-Auth-Token': '<omitted>'}
        Body: {"delete": {"delete-volumes": true}}
    Response - Headers: {'date': 'Wed, 06 May 2026 00:48:10 GMT', 'server': 'Apache/2.4.58 (Ubuntu)', 'content-length': '0', 'content-type': 'text/html; charset=UTF-8', 'openstack-api-version': 'volume 3.14', 'vary': 'OpenStack-API-Version', 'x-openstack-request-id': 'req-b8611088-a6e3-4b74-880d-8e8cc4dd169d', 'connection': 'clo
    se', 'status': '202', 'content-location': 'http://10.132.44.209/volume/v3/groups/ac482738-f895-408b-8d9d-a0180bcce14f/action'}
        Body: b''
2026-05-06 00:48:10,630 124029 INFO     [tempest.lib.common.rest_client] Request (GroupSnapshotsTest:_run_cleanups): 404 GET http://10.132.44.209/volume/v3/groups/ac482738-f895-408b-8d9d-a0180bcce14f 0.012s
2026-05-06 00:48:10,630 124029 DEBUG    [tempest.lib.common.rest_client] Request - Headers: {'Content-Type': 'application/json', 'Accept': 'application/json', 'Openstack-Api-Version': 'volume 3.14', 'X-Auth-Token': '<omitted>'}
        Body: None
    Response - Headers: {'date': 'Wed, 06 May 2026 00:48:10 GMT', 'server': 'Apache/2.4.58 (Ubuntu)', 'openstack-api-version': 'volume 3.14', 'vary': 'OpenStack-API-Version', 'content-length': '108', 'content-type': 'application/json', 'x-compute-request-id': 'req-fbb34a18-2bd5-474b-a22e-60d4a41795aa', 'x-openstack-request-id': 'req-fbb34a18-2bd5-474b-a22e-60d4a41795aa', 'connection': 'close', 'status': '404', 'content-location': 'http://10.132.44.209/volume/v3/groups/ac482738-f895-408b-8d9d-a0180bcce14f'}
        Body: b'{"itemNotFound": {"code": 404, "message": "Group ac482738-f895-408b-8d9d-a0180bcce14f could not be found."}}'
2026-05-06 00:48:10,656 124029 INFO     [tempest.lib.common.rest_client] Request (GroupSnapshotsTest:_run_cleanups): 202 DELETE http://10.132.44.209/volume/v3/group_types/b7c309bb-f4b7-469d-b06d-dc04460d8926 0.025s
2026-05-06 00:48:10,656 124029 DEBUG    [tempest.lib.common.rest_client] Request - Headers: {'Content-Type': 'application/json', 'Accept': 'application/json', 'Openstack-Api-Version': 'volume 3.14', 'X-Auth-Token': '<omitted>'}
        Body: None
    Response - Headers: {'date': 'Wed, 06 May 2026 00:48:10 GMT', 'server': 'Apache/2.4.58 (Ubuntu)', 'content-length': '0', 'content-type': 'text/html; charset=UTF-8', 'openstack-api-version': 'volume 3.14', 'vary': 'OpenStack-API-Version', 'x-openstack-request-id': 'req-5fcb5b00-fe0e-42aa-b31c-0c4478251a26', 'connection': 'close', 'status': '202', 'content-location': 'http://10.132.44.209/volume/v3/group_types/b7c309bb-f4b7-469d-b06d-dc04460d8926'}
        Body: b''
2026-05-06 00:48:10,700 124029 INFO     [tempest.lib.common.rest_client] Request (GroupSnapshotsTest:_run_cleanups): 202 DELETE http://10.132.44.209/volume/v3/types/c434f2f1-23b3-449d-8d59-b93e32b07498 0.043s
2026-05-06 00:48:10,701 124029 DEBUG    [tempest.lib.common.rest_client] Request - Headers: {'Content-Type': 'application/json', 'Accept': 'application/json', 'X-Auth-Token': '<omitted>'}
        Body: None
    Response - Headers: {'date': 'Wed, 06 May 2026 00:48:10 GMT', 'server': 'Apache/2.4.58 (Ubuntu)', 'content-length': '0', 'content-type': 'text/html; charset=UTF-8', 'openstack-api-version': 'volume 3.0', 'vary': 'OpenStack-API-Version', 'x-openstack-request-id': 'req-5fcf6dc3-4117-4010-ab33-29061a43dff5', 'connection': 'close', 'status': '202', 'content-location': 'http://10.132.44.209/volume/v3/types/c434f2f1-23b3-449d-8d59-b93e32b07498'}
        Body: b''
2026-05-06 00:48:10,716 124029 INFO     [tempest.lib.common.rest_client] Request (GroupSnapshotsTest:_run_cleanups): 404 GET http://10.132.44.209/volume/v3/types/c434f2f1-23b3-449d-8d59-b93e32b07498 0.015s
2026-05-06 00:48:10,716 124029 DEBUG    [tempest.lib.common.rest_client] Request - Headers: {'Content-Type': 'application/json', 'Accept': 'application/json', 'X-Auth-Token': '<omitted>'}
        Body: None
    Response - Headers: {'date': 'Wed, 06 May 2026 00:48:10 GMT', 'server': 'Apache/2.4.58 (Ubuntu)', 'openstack-api-version': 'volume 3.0', 'vary': 'OpenStack-API-Version', 'content-length': '114', 'content-type': 'application/json', 'x-compute-request-id': 'req-1b125ccf-c242-44cd-aa4b-279de69e72b8', 'x-openstack-request-id': 'req-1b125ccf-c242-44cd-aa4b-279de69e72b8', 'connection': 'close', 'status': '404', 'content-location': 'http://10.132.44.209/volume/v3/types/c434f2f1-23b3-449d-8d59-b93e32b07498'}
        Body: b'{"itemNotFound": {"code": 404, "message": "Volume type c434f2f1-23b3-449d-8d59-b93e32b07498 could not b
    e found."}}'

{0} tempest.api.volume.admin.test_group_snapshots.GroupSnapshotsV319Test.test_reset_group_snapshot_status [1.638883s] ... FAILED

Captured traceback:
~~~~~~~~~~~~~~~~~~~
    Traceback (most recent call last):

      File "/opt/stack/tempest/tempest/api/volume/admin/test_group_snapshots.py", line 293, in test_reset_group_snapshot_status
    group = self.create_group(group_type=group_type['id'],
            ^^^^^^^^^^^^^^^^^^^^^^^^^^^^^^^^^^^^^^^^^^^^^^

      File "/opt/stack/tempest/tempest/api/volume/base.py", line 293, in create_group
    waiters.wait_for_volume_resource_status(

      File "/opt/stack/tempest/tempest/common/waiters.py", line 379, in wait_for_volume_resource_status
    raise exceptions.VolumeResourceBuildErrorException(

    tempest.exceptions.VolumeResourceBuildErrorException: group fa867e64-31b7-4c3e-a31a-5e173772a9ae failed to build and is in ERROR status


Captured pythonlogging:
~~~~~~~~~~~~~~~~~~~~~~~
    2026-05-06 00:48:13,612 124029 INFO     [tempest.lib.common.rest_client] Request (GroupSnapshotsV319Test:test_reset_group_snapshot_status): 200 POST http://10.132.44.209/volume/v3/types 0.155s
2026-05-06 00:48:13,613 124029 DEBUG    [tempest.lib.common.rest_client] Request - Headers: {'Content-Type': 'application/json', 'Accept': 'application/json', 'X-Auth-Token': '<omitted>'}
        Body: {"volume_type": {"name": "tempest-GroupSnapshotsV319Test-volume-type-1125575032"}}
    Response - Headers: {'date': 'Wed, 06 May 2026 00:48:13 GMT', 'server': 'Apache/2.4.58 (Ubuntu)', 'content-type': 'application/json', 'x-compute-request-id': 'req-9652ba34-0a7c-4961-a25e-7d1c483bcb41', 'content-length': '228', 'openstack-api-version': 'volume 3.0', 'vary': 'OpenStack-API-Version', 'x-openstack-request-id': 'req-9652ba34-0a7c-4961-a25e-7d1c483bcb41', 'connection': 'close', 'status': '200', 'content-location': 'http://10.132.44.209/volume/v3/types'}
        Body: b'{"volume_type": {"id": "e0a34165-b187-4007-a972-3467010d2b3e", "name": "tempest-GroupSnapshotsV319Test-volume-type-1125575032", "is_public": true, "extra_specs": {}, "description": null, "os-volume-type-access:is_public": true}}'
2026-05-06 00:48:13,653 124029 INFO     [tempest.lib.common.rest_client] Request (GroupSnapshotsV319Test:test_reset_group_snapshot_status): 202 POST http://10.132.44.209/volume/v3/group_types 0.033s
2026-05-06 00:48:13,654 124029 DEBUG    [tempest.lib.common.rest_client] Request - Headers: {'Content-Type': 'application/json', 'Accept': 'application/json', 'Openstack-Api-Version': 'volume 3.19', 'X-Auth-Token': '<omitted>'}
        Body: {"group_type": {"name": "tempest-GroupSnapshotsV319Test-group-type-1081852089"}}
    Response - Headers: {'date': 'Wed, 06 May 2026 00:48:13 GMT', 'server': 'Apache/2.4.58 (Ubuntu)', 'content-type': 'application/json', 'x-compute-request-id': 'req-689ffd17-6bf3-49a4-8323-b575dfbb8aeb', 'content-length': '185', 'openstack-api-version': 'volume 3.19', 'vary': 'OpenStack-API-Version', 'x-openstack-request-id': 'req-689ffd17-6bf3-49a4-8323-b575dfbb8aeb', 'connection': 'close', 'status': '202', 'content-location': 'http://10.132.44.209/volume/v3/group_types'}
        Body: b'{"group_type": {"id": "fdb3e5d7-9134-4795-9391-dd07f8fea6ee", "name": "tempest-GroupSnapshotsV319Test-group-type-1081852089", "description": null, "is_public": true, "group_specs": {}}}'
2026-05-06 00:48:13,812 124029 INFO     [tempest.lib.common.rest_client] Request (GroupSnapshotsV319Test:test_reset_group_snapshot_status): 202 POST http://10.132.44.209/volume/v3/groups 0.153s
2026-05-06 00:48:13,812 124029 DEBUG    [tempest.lib.common.rest_client] Request - Headers: {'Content-Type': 'application/json', 'Accept': 'application/json', 'Openstack-Api-Version': 'volume 3.19', 'X-Auth-Token': '<omitted>'}
        Body: {"group": {"group_type": "fdb3e5d7-9134-4795-9391-dd07f8fea6ee", "volume_types": ["e0a34165-b187-4007-a972-3467010d2b3e"], "name": "tempest-GroupSnapshotsV319Test-Group-393836193"}}
    Response - Headers: {'date': 'Wed, 06 May 2026 00:48:13 GMT', 'server': 'Apache/2.4.58 (Ubuntu)', 'content-type': 'application/json', 'x-compute-request-id': 'req-e304c9fc-42eb-4ccb-a2d0-f44303184af5', 'content-length': '115', 'openstack-api-version': 'volume 3.19', 'vary': 'OpenStack-API-Version', 'x-openstack-request-id': 'req-e304c9fc-42eb-4ccb-a2d0-f44303184af5', 'connection': 'close', 'status': '202', 'content-location': 'http://10.132.44.209/volume/v3/groups'}
        Body: b'{"group": {"id": "fa867e64-31b7-4c3e-a31a-5e173772a9ae", "name": "tempest-GroupSnapshotsV319Test-Group-393836193"}}'
2026-05-06 00:48:13,843 124029 INFO     [tempest.lib.common.rest_client] Request (GroupSnapshotsV319Test:test_reset_group_snapshot_status): 200 GET http://10.132.44.209/volume/v3/groups/fa867e64-31b7-4c3e-a31a-5e173772a9ae 0.028s
2026-05-06 00:48:13,844 124029 DEBUG    [tempest.lib.common.rest_client] Request - Headers: {'Content-Type': 'application/json', 'Accept': 'application/json', 'Openstack-Api-Version': 'volume 3.19', 'X-Auth-Token': '<omitted>'}
        Bo
    dy: None
    Response - Headers: {'date': 'Wed, 06 May 2026 00:48:13 GMT', 'server': 'Apache/2.4.58 (Ubuntu)', 'content-type': 'application/json', 'x-compute-request-id': 'req-94751ae4-edff-491c-a173-207dbae4217c', 'content-length': '392', 'openstack-api-version': 'volume 3.19', 'vary': 'OpenStack-API-Version', 'x-openstack-request-id': 'req-94751ae4-edff-491c-a173-207dbae4217c', 'connection': 'close', 'status': '200', 'content-location': 'http://10.132.44.209/volume/v3/groups/fa867e64-31b7-4c3e-a31a-5e173772a9ae'}
        Body: b'{"group": {"id": "fa867e64-31b7-4c3e-a31a-5e173772a9ae", "status": "error", "availability_zone": "nova", "created_at": "2026-05-06T00:48:14.000000", "name": "tempest-GroupSnapshotsV319Test-Group-393836193", "description": null, "group_type": "fdb3e5d7-9134-4795-9391-dd07f8fea6ee", "volume_types": ["e0a34165-b187-4007-a972-3467010d2b3e"], "group_snapshot_id": null, "source_group_id": null}}'
2026-05-06 00:48:14,886 124029 INFO     [tempest.lib.common.rest_client] Request (GroupSnapshotsV319Test:test_reset_group_snapshot_status): 200 GET http://10.132.44.209/volume/v3/groups/fa867e64-31b7-4c3e-a31a-5e173772a9ae 0.034s
2026-05-06 00:48:14,886 124029 DEBUG    [tempest.lib.common.rest_client] Request - Headers: {'Content-Type': 'application/json', 'Accept': 'application/json', 'Openstack-Api-Version': 'volume 3.19', 'X-Auth-Token': '<omitted>'}
        Body: None
    Response - Headers: {'date': 'Wed, 06 May 2026 00:48:14 GMT', 'server': 'Apache/2.4.58 (Ubuntu)', 'content-type': 'application/json', 'x-compute-request-id': 'req-2e8db2c5-6d30-4a5b-89fe-71470652988b', 'content-length': '392', 'openstack-api-version': 'volume 3.19', 'vary': 'OpenStack-API-Version', 'x-openstack-request-id': 'req-2e8db2c5-6d30-4a5b-89fe-71470652988b', 'connection': 'close', 'status': '200', 'content-location': 'http://10.132.44.209/volume/v3/groups/fa867e64-31b7-4c3e-a31a-5e173772a9ae'}
        Body: b'{"group": {"id": "fa867e64-31b7-4c3e-a31a-5e173772a9ae", "status": "error", "availability_zone": "nova", "created_at": "2026-05-06T00:48:14.000000", "name": "tempest-GroupSnapshotsV319Test-Group-393836193", "description": null, "group_type": "fdb3e5d7-9134-4795-9391-dd07f8fea6ee", "volume_types": ["e0a34165-b187-4007-a972-3467010d2b3e"], "group_snapshot_id": null, "source_group_id": null}}'
2026-05-06 00:48:14,915 124029 INFO     [tempest.lib.common.rest_client] Request (GroupSnapshotsV319Test:_run_cleanups): 200 GET http://10.132.44.209/volume/v3/volumes/detail 0.023s
2026-05-06 00:48:14,915 124029 DEBUG    [tempest.lib.common.rest_client] Request - Headers: {'Content-Type': 'application/json', 'Accept': 'application/json', 'Openstack-Api-Version': 'volume 3.19', 'X-Auth-Token': '<omitted>'}
        Body: None
    Response - Headers: {'date': 'Wed, 06 May 2026 00:48:14 GMT', 'server': 'Apache/2.4.58 (Ubuntu)', 'content-type': 'application/json', 'x-compute-request-id': 'req-31bf8689-29ab-4d50-9263-d2f08be42430', 'content-length': '15', 'openstack-api-version': 'volume 3.19', 'vary': 'OpenStack-API-Version', 'x-openstack-request-id': 'req-31bf8689-29ab-4d50-9263-d2f08be42430', 'connection': 'close', 'status': '200', 'content-location': 'http://10.132.44.209/volume/v3/volumes/detail'}
        Body: b'{"volumes": []}'
2026-05-06 00:48:14,993 124029 INFO     [tempest.lib.common.rest_client] Request (GroupSnapshotsV319Test:_run_cleanups): 202 POST http://10.132.44.209/volume/v3/groups/fa867e64-31b7-4c3e-a31a-5e173772a9ae/action 0.064s
2026-05-06 00:48:14,993 124029 DEBUG    [tempest.lib.common.rest_client] Request - Headers: {'Content-Type': 'application/json', 'Accept': 'application/json', 'Openstack-Api-Version': 'volume 3.19', 'X-Auth-Token': '<omitted>'}
        Body: {"delete": {"delete-volumes": true}}
    Response - Headers: {'date': 'Wed, 06 May 2026 00:48:14 GMT', 'server': 'Apache/2.4.58 (Ubuntu)', 'content-length': '0', 'content-type': 'text/html; charset=UTF-8', 'openstack-api-version': 'volume 3.19', 'vary': 'OpenStack-API-Version', 'x-openstack-request-id': 'req-cd890489-3cd2-46fe-9034-ba15db135a1a', 'connection'
    : 'close', 'status': '202', 'content-location': 'http://10.132.44.209/volume/v3/groups/fa867e64-31b7-4c3e-a31a-5e173772a9ae/action'}
        Body: b''
2026-05-06 00:48:15,014 124029 INFO     [tempest.lib.common.rest_client] Request (GroupSnapshotsV319Test:_run_cleanups): 404 GET http://10.132.44.209/volume/v3/groups/fa867e64-31b7-4c3e-a31a-5e173772a9ae 0.019s
2026-05-06 00:48:15,014 124029 DEBUG    [tempest.lib.common.rest_client] Request - Headers: {'Content-Type': 'application/json', 'Accept': 'application/json', 'Openstack-Api-Version': 'volume 3.19', 'X-Auth-Token': '<omitted>'}
        Body: None
    Response - Headers: {'date': 'Wed, 06 May 2026 00:48:14 GMT', 'server': 'Apache/2.4.58 (Ubuntu)', 'openstack-api-version': 'volume 3.19', 'vary': 'OpenStack-API-Version', 'content-length': '108', 'content-type': 'application/json', 'x-compute-request-id': 'req-2fdaf13c-816f-4905-bdce-a7c732b6020c', 'x-openstack-request-id': 'req-2fdaf13c-816f-4905-bdce-a7c732b6020c', 'connection': 'close', 'status': '404', 'content-location': 'http://10.132.44.209/volume/v3/groups/fa867e64-31b7-4c3e-a31a-5e173772a9ae'}
        Body: b'{"itemNotFound": {"code": 404, "message": "Group fa867e64-31b7-4c3e-a31a-5e173772a9ae could not be found."}}'
2026-05-06 00:48:15,041 124029 INFO     [tempest.lib.common.rest_client] Request (GroupSnapshotsV319Test:_run_cleanups): 202 DELETE http://10.132.44.209/volume/v3/group_types/fdb3e5d7-9134-4795-9391-dd07f8fea6ee 0.026s
2026-05-06 00:48:15,041 124029 DEBUG    [tempest.lib.common.rest_client] Request - Headers: {'Content-Type': 'application/json', 'Accept': 'application/json', 'Openstack-Api-Version': 'volume 3.19', 'X-Auth-Token': '<omitted>'}
        Body: None
    Response - Headers: {'date': 'Wed, 06 May 2026 00:48:15 GMT', 'server': 'Apache/2.4.58 (Ubuntu)', 'content-length': '0', 'content-type': 'text/html; charset=UTF-8', 'openstack-api-version': 'volume 3.19', 'vary': 'OpenStack-API-Version', 'x-openstack-request-id': 'req-15cdc0b5-e02c-4db2-b02d-5fa13f8a4fd7', 'connection': 'close', 'status': '202', 'content-location': 'http://10.132.44.209/volume/v3/group_types/fdb3e5d7-9134-4795-9391-dd07f8fea6ee'}
        Body: b''
2026-05-06 00:48:15,080 124029 INFO     [tempest.lib.common.rest_client] Request (GroupSnapshotsV319Test:_run_cleanups): 202 DELETE http://10.132.44.209/volume/v3/types/e0a34165-b187-4007-a972-3467010d2b3e 0.038s
2026-05-06 00:48:15,081 124029 DEBUG    [tempest.lib.common.rest_client] Request - Headers: {'Content-Type': 'application/json', 'Accept': 'application/json', 'X-Auth-Token': '<omitted>'}
        Body: None
    Response - Headers: {'date': 'Wed, 06 May 2026 00:48:15 GMT', 'server': 'Apache/2.4.58 (Ubuntu)', 'content-length': '0', 'content-type': 'text/html; charset=UTF-8', 'openstack-api-version': 'volume 3.0', 'vary': 'OpenStack-API-Version', 'x-openstack-request-id': 'req-8ac5bb1d-341a-4a7e-b77a-6e4e95bb3f72', 'connection': 'close', 'status': '202', 'content-location': 'http://10.132.44.209/volume/v3/types/e0a34165-b187-4007-a972-3467010d2b3e'}
        Body: b''
2026-05-06 00:48:15,094 124029 INFO     [tempest.lib.common.rest_client] Request (GroupSnapshotsV319Test:_run_cleanups): 404 GET http://10.132.44.209/volume/v3/types/e0a34165-b187-4007-a972-3467010d2b3e 0.013s
2026-05-06 00:48:15,095 124029 DEBUG    [tempest.lib.common.rest_client] Request - Headers: {'Content-Type': 'application/json', 'Accept': 'application/json', 'X-Auth-Token': '<omitted>'}
        Body: None
    Response - Headers: {'date': 'Wed, 06 May 2026 00:48:15 GMT', 'server': 'Apache/2.4.58 (Ubuntu)', 'openstack-api-version': 'volume 3.0', 'vary': 'OpenStack-API-Version', 'content-length': '114', 'content-type': 'application/json', 'x-compute-request-id': 'req-6899a2cd-eaee-4450-b254-66b1be51e7e2', 'x-openstack-request-id': 'req-6899a2cd-eaee-4450-b254-66b1be51e7e2', 'connection': 'close', 'status': '404', 'content-location': 'http://10.132.44.209/volume/v3/types/e0a34165-b187-4007-a972-3467010d2b3e'}
        Body: b'{"itemNotFound": {"code": 404, "message": "Volume type e0a34165-b187-4007-a972-34
    67010d2b3e could not be found."}}'

{0} tempest.api.volume.admin.test_group_type_specs.GroupTypeSpecsTest.test_group_type_specs_create_show_update_list_delete [0.439587s] ... ok
{0} tempest.api.volume.admin.test_group_types.GroupTypesTest.test_group_type_create_list_update_show_delete [0.382457s] ... ok
{0} tempest.api.volume.admin.test_group_types.GroupTypesTest.test_group_type_list_by_optional_params [0.240660s] ... ok
{0} tempest.api.volume.admin.test_groups.GroupsTest.test_group_create_show_list_delete [1.576938s] ... FAILED

Captured traceback:
~~~~~~~~~~~~~~~~~~~
    Traceback (most recent call last):

      File "/opt/stack/tempest/tempest/api/volume/admin/test_groups.py", line 43, in test_group_create_show_list_delete
    grp1 = self.create_group(group_type=group_type['id'],
           ^^^^^^^^^^^^^^^^^^^^^^^^^^^^^^^^^^^^^^^^^^^^^^

      File "/opt/stack/tempest/tempest/api/volume/base.py", line 293, in create_group
    waiters.wait_for_volume_resource_status(

      File "/opt/stack/tempest/tempest/common/waiters.py", line 379, in wait_for_volume_resource_status
    raise exceptions.VolumeResourceBuildErrorException(

    tempest.exceptions.VolumeResourceBuildErrorException: group 28f5f578-9950-48c5-8f2e-72858096604e failed to build and is in ERROR status


Captured pythonlogging:
~~~~~~~~~~~~~~~~~~~~~~~
    2026-05-06 00:48:24,361 124029 INFO     [tempest.lib.common.rest_client] Request (GroupsTest:test_group_create_show_list_delete): 200 POST http://10.132.44.209/volume/v3/types 0.104s
2026-05-06 00:48:24,361 124029 DEBUG    [tempest.lib.common.rest_client] Request - Headers: {'Content-Type': 'application/json', 'Accept': 'application/json', 'X-Auth-Token': '<omitted>'}
        Body: {"volume_type": {"name": "tempest-GroupsTest-volume-type-1257684739"}}
    Response - Headers: {'date': 'Wed, 06 May 2026 00:48:24 GMT', 'server': 'Apache/2.4.58 (Ubuntu)', 'content-type': 'application/json', 'x-compute-request-id': 'req-41c623ef-7cbb-4ea1-bef2-3414f5806151', 'content-length': '216', 'openstack-api-version': 'volume 3.0', 'vary': 'OpenStack-API-Version', 'x-openstack-request-id': 'req-41c623ef-7cbb-4ea1-bef2-3414f5806151', 'connection': 'close', 'status': '200', 'content-location': 'http://10.132.44.209/volume/v3/types'}
        Body: b'{"volume_type": {"id": "29928f14-f9a8-4d46-956f-5b3db9a7935d", "name": "tempest-GroupsTest-volume-type-1257684739", "is_public": true, "extra_specs": {}, "description": null, "os-volume-type-access:is_public": true}}'
2026-05-06 00:48:24,397 124029 INFO     [tempest.lib.common.rest_client] Request (GroupsTest:test_group_create_show_list_delete): 202 POST http://10.132.44.209/volume/v3/group_types 0.034s
2026-05-06 00:48:24,398 124029 DEBUG    [tempest.lib.common.rest_client] Request - Headers: {'Content-Type': 'application/json', 'Accept': 'application/json', 'Openstack-Api-Version': 'volume 3.13', 'X-Auth-Token': '<omitted>'}
        Body: {"group_type": {"name": "tempest-GroupsTest-group-type-133158804"}}
    Response - Headers: {'date': 'Wed, 06 May 2026 00:48:24 GMT', 'server': 'Apache/2.4.58 (Ubuntu)', 'content-type': 'application/json', 'x-compute-request-id': 'req-be21d3f8-5ace-4ba4-b996-4f247c2c5e5b', 'content-length': '172', 'openstack-api-version': 'volume 3.13', 'vary': 'OpenStack-API-Version', 'x-openstack-request-id': 'req-be21d3f8-5ace-4ba4-b996-4f247c2c5e5b', 'connection': 'close', 'status': '202', 'content-location': 'http://10.132.44.209/volume/v3/group_types'}
        Body: b'{"group_type": {"id": "db005de3-c464-4eda-8ae7-274058ee514a", "name": "tempest-GroupsTest-group-type-133158804", "description": null, "is_public": true, "group_specs": {}}}'
2026-05-06 00:48:24,555 124029 INFO     [tempest.lib.common.rest_client] Request (GroupsTest:test_group_create_show_list_delete): 202 POST http://10.132.44.209/volume/v3/groups 0.151s
2026-05-06 00:48:24,556 124029 DEBUG    [tempest.lib.common.rest_client] Request - Headers: {'Content-Type': 'application/json', 'Accept': 'application/json', 'Openstack-Api-Version': 'volume 3.13', 'X-Auth-Token': '<omitted>'}
        Body: {"group": {"group_type": "db005de3-c464-4eda-8ae7-274058ee514a", "volume_types": ["29928f14-f9a8-4d46-956f-5b3db9a7935d"], "name": "tempest-Group1-629786584"}}
    Response - Headers: {'date': 'Wed, 06 May 2026 00:48:24 GMT', 'server': 'Apache/2.4.58 (Ubuntu)', 'content-type': 'application/json', 'x-compute-request-id': 'req-16a3ea5a-6b18-4e3c-b7e1-dead040732e0', 'content-length': '93', 'openstack-api-version': 'volume 3.13', 'vary': 'OpenStack-API-Version', 'x-openstack-request-id': 'req-16a3ea5a-6b18-4e3c-b7e1-dead040732e0', 'connection': 'close', 'status': '202', 'content-location': 'http://10.132.44.209/volume/v3/groups'}
        Body: b'{"group": {"id": "28f5f578-9950-48c5-8f2e-72858096604e", "name": "tempest-Group1-629786584"}}'
2026-05-06 00:48:24,588 124029 INFO     [tempest.lib.common.rest_client] Request (GroupsTest:test_group_create_show_list_delete): 200 GET http://10.132.44.209/volume/v3/groups/28f5f578-9950-48c5-8f2e-72858096604e 0.030s
2026-05-06 00:48:24,588 124029 DEBUG    [tempest.lib.common.rest_client] Request - Headers: {'Content-Type': 'application/json', 'Accept': 'application/json', 'Openstack-Api-Version': 'volume 3.13', 'X-Auth-Token': '<omitted>'}
        Body: None
    Response - Headers: {'date': 'Wed, 06 May 2026 00:48:24 GMT', 'server': 'Apache/2.4.58 (Ubuntu)', 'content-type': 'applica
    tion/json', 'x-compute-request-id': 'req-7c6410a0-567b-4a21-9ee0-74c13035ed6c', 'content-length': '321', 'openstack-api-version': 'volume 3.13', 'vary': 'OpenStack-API-Version', 'x-openstack-request-id': 'req-7c6410a0-567b-4a21-9ee0-74c13035ed6c', 'connection': 'close', 'status': '200', 'content-location': 'http://10.132.44.209/volume/v3/groups/28f5f578-9950-48c5-8f2e-72858096604e'}
        Body: b'{"group": {"id": "28f5f578-9950-48c5-8f2e-72858096604e", "status": "creating", "availability_zone": "nova", "created_at": "2026-05-06T00:48:25.000000", "name": "tempest-Group1-629786584", "description": null, "group_type": "db005de3-c464-4eda-8ae7-274058ee514a", "volume_types": ["29928f14-f9a8-4d46-956f-5b3db9a7935d"]}}'
2026-05-06 00:48:25,627 124029 INFO     [tempest.lib.common.rest_client] Request (GroupsTest:test_group_create_show_list_delete): 200 GET http://10.132.44.209/volume/v3/groups/28f5f578-9950-48c5-8f2e-72858096604e 0.033s
2026-05-06 00:48:25,627 124029 DEBUG    [tempest.lib.common.rest_client] Request - Headers: {'Content-Type': 'application/json', 'Accept': 'application/json', 'Openstack-Api-Version': 'volume 3.13', 'X-Auth-Token': '<omitted>'}
        Body: None
    Response - Headers: {'date': 'Wed, 06 May 2026 00:48:25 GMT', 'server': 'Apache/2.4.58 (Ubuntu)', 'content-type': 'application/json', 'x-compute-request-id': 'req-d57dced8-79ca-4443-9277-c20d06eb194a', 'content-length': '318', 'openstack-api-version': 'volume 3.13', 'vary': 'OpenStack-API-Version', 'x-openstack-request-id': 'req-d57dced8-79ca-4443-9277-c20d06eb194a', 'connection': 'close', 'status': '200', 'content-location': 'http://10.132.44.209/volume/v3/groups/28f5f578-9950-48c5-8f2e-72858096604e'}
        Body: b'{"group": {"id": "28f5f578-9950-48c5-8f2e-72858096604e", "status": "error", "availability_zone": "nova", "created_at": "2026-05-06T00:48:25.000000", "name": "tempest-Group1-629786584", "description": null, "group_type": "db005de3-c464-4eda-8ae7-274058ee514a", "volume_types": ["29928f14-f9a8-4d46-956f-5b3db9a7935d"]}}'
2026-05-06 00:48:25,660 124029 INFO     [tempest.lib.common.rest_client] Request (GroupsTest:_run_cleanups): 200 GET http://10.132.44.209/volume/v3/volumes/detail 0.027s
2026-05-06 00:48:25,660 124029 DEBUG    [tempest.lib.common.rest_client] Request - Headers: {'Content-Type': 'application/json', 'Accept': 'application/json', 'Openstack-Api-Version': 'volume 3.13', 'X-Auth-Token': '<omitted>'}
        Body: None
    Response - Headers: {'date': 'Wed, 06 May 2026 00:48:25 GMT', 'server': 'Apache/2.4.58 (Ubuntu)', 'content-type': 'application/json', 'x-compute-request-id': 'req-f18818c2-f5e3-4239-a73e-98b98befbc81', 'content-length': '15', 'openstack-api-version': 'volume 3.13', 'vary': 'OpenStack-API-Version', 'x-openstack-request-id': 'req-f18818c2-f5e3-4239-a73e-98b98befbc81', 'connection': 'close', 'status': '200', 'content-location': 'http://10.132.44.209/volume/v3/volumes/detail'}
        Body: b'{"volumes": []}'
2026-05-06 00:48:25,728 124029 INFO     [tempest.lib.common.rest_client] Request (GroupsTest:_run_cleanups): 202 POST http://10.132.44.209/volume/v3/groups/28f5f578-9950-48c5-8f2e-72858096604e/action 0.057s
2026-05-06 00:48:25,729 124029 DEBUG    [tempest.lib.common.rest_client] Request - Headers: {'Content-Type': 'application/json', 'Accept': 'application/json', 'Openstack-Api-Version': 'volume 3.13', 'X-Auth-Token': '<omitted>'}
        Body: {"delete": {"delete-volumes": true}}
    Response - Headers: {'date': 'Wed, 06 May 2026 00:48:25 GMT', 'server': 'Apache/2.4.58 (Ubuntu)', 'content-length': '0', 'content-type': 'text/html; charset=UTF-8', 'openstack-api-version': 'volume 3.13', 'vary': 'OpenStack-API-Version', 'x-openstack-request-id': 'req-64430b16-2f08-4c65-9a47-58e5bc720fa0', 'connection': 'close', 'status': '202', 'content-location': 'http://10.132.44.209/volume/v3/groups/28f5f578-9950-48c5-8f2e-72858096604e/action'}
        Body: b''
2026-05-06 00:48:25,748 124029 INFO     [tempest.lib.common.rest_client] Request (GroupsTest:_run_cleanups): 404 GET http://10.132.44.209/volume/v3/groups/28f5f578
    -9950-48c5-8f2e-72858096604e 0.019s
2026-05-06 00:48:25,749 124029 DEBUG    [tempest.lib.common.rest_client] Request - Headers: {'Content-Type': 'application/json', 'Accept': 'application/json', 'Openstack-Api-Version': 'volume 3.13', 'X-Auth-Token': '<omitted>'}
        Body: None
    Response - Headers: {'date': 'Wed, 06 May 2026 00:48:25 GMT', 'server': 'Apache/2.4.58 (Ubuntu)', 'openstack-api-version': 'volume 3.13', 'vary': 'OpenStack-API-Version', 'content-length': '108', 'content-type': 'application/json', 'x-compute-request-id': 'req-9bde76a6-2b60-4dc7-b25b-6450307de2c8', 'x-openstack-request-id': 'req-9bde76a6-2b60-4dc7-b25b-6450307de2c8', 'connection': 'close', 'status': '404', 'content-location': 'http://10.132.44.209/volume/v3/groups/28f5f578-9950-48c5-8f2e-72858096604e'}
        Body: b'{"itemNotFound": {"code": 404, "message": "Group 28f5f578-9950-48c5-8f2e-72858096604e could not be found."}}'
2026-05-06 00:48:25,774 124029 INFO     [tempest.lib.common.rest_client] Request (GroupsTest:_run_cleanups): 202 DELETE http://10.132.44.209/volume/v3/group_types/db005de3-c464-4eda-8ae7-274058ee514a 0.024s
2026-05-06 00:48:25,774 124029 DEBUG    [tempest.lib.common.rest_client] Request - Headers: {'Content-Type': 'application/json', 'Accept': 'application/json', 'Openstack-Api-Version': 'volume 3.13', 'X-Auth-Token': '<omitted>'}
        Body: None
    Response - Headers: {'date': 'Wed, 06 May 2026 00:48:25 GMT', 'server': 'Apache/2.4.58 (Ubuntu)', 'content-length': '0', 'content-type': 'text/html; charset=UTF-8', 'openstack-api-version': 'volume 3.13', 'vary': 'OpenStack-API-Version', 'x-openstack-request-id': 'req-d6e366a2-38b6-4cc3-8838-cc1611faa983', 'connection': 'close', 'status': '202', 'content-location': 'http://10.132.44.209/volume/v3/group_types/db005de3-c464-4eda-8ae7-274058ee514a'}
        Body: b''
2026-05-06 00:48:25,814 124029 INFO     [tempest.lib.common.rest_client] Request (GroupsTest:_run_cleanups): 202 DELETE http://10.132.44.209/volume/v3/types/29928f14-f9a8-4d46-956f-5b3db9a7935d 0.039s
2026-05-06 00:48:25,815 124029 DEBUG    [tempest.lib.common.rest_client] Request - Headers: {'Content-Type': 'application/json', 'Accept': 'application/json', 'X-Auth-Token': '<omitted>'}
        Body: None
    Response - Headers: {'date': 'Wed, 06 May 2026 00:48:25 GMT', 'server': 'Apache/2.4.58 (Ubuntu)', 'content-length': '0', 'content-type': 'text/html; charset=UTF-8', 'openstack-api-version': 'volume 3.0', 'vary': 'OpenStack-API-Version', 'x-openstack-request-id': 'req-cb8a73c5-1a86-4a18-8c08-548ee5427e86', 'connection': 'close', 'status': '202', 'content-location': 'http://10.132.44.209/volume/v3/types/29928f14-f9a8-4d46-956f-5b3db9a7935d'}
        Body: b''
2026-05-06 00:48:25,832 124029 INFO     [tempest.lib.common.rest_client] Request (GroupsTest:_run_cleanups): 404 GET http://10.132.44.209/volume/v3/types/29928f14-f9a8-4d46-956f-5b3db9a7935d 0.017s
2026-05-06 00:48:25,833 124029 DEBUG    [tempest.lib.common.rest_client] Request - Headers: {'Content-Type': 'application/json', 'Accept': 'application/json', 'X-Auth-Token': '<omitted>'}
        Body: None
    Response - Headers: {'date': 'Wed, 06 May 2026 00:48:25 GMT', 'server': 'Apache/2.4.58 (Ubuntu)', 'openstack-api-version': 'volume 3.0', 'vary': 'OpenStack-API-Version', 'content-length': '114', 'content-type': 'application/json', 'x-compute-request-id': 'req-ca71d3be-1c4b-45f9-b846-f7f81fbd77af', 'x-openstack-request-id': 'req-ca71d3be-1c4b-45f9-b846-f7f81fbd77af', 'connection': 'close', 'status': '404', 'content-location': 'http://10.132.44.209/volume/v3/types/29928f14-f9a8-4d46-956f-5b3db9a7935d'}
        Body: b'{"itemNotFound": {"code": 404, "message": "Volume type 29928f14-f9a8-4d46-956f-5b3db9a7935d could not be found."}}'

{0} tempest.api.volume.admin.test_groups.GroupsTest.test_group_update [1.369294s] ... FAILED

Captured traceback:
~~~~~~~~~~~~~~~~~~~
    Traceback (most recent call last):

      File "/opt/stack/tempest/tempest/api/volume/admin/test_groups.py", line 111, in test_group_update
    grp = self.create_group(group_type=group_type['id'],
          ^^^^^^^^^^^^^^^^^^^^^^^^^^^^^^^^^^^^^^^^^^^^^^

      File "/opt/stack/tempest/tempest/api/volume/base.py", line 293, in create_group
    waiters.wait_for_volume_resource_status(

      File "/opt/stack/tempest/tempest/common/waiters.py", line 379, in wait_for_volume_resource_status
    raise exceptions.VolumeResourceBuildErrorException(

    tempest.exceptions.VolumeResourceBuildErrorException: group b237cf6d-757d-495c-a7b9-19838bf08690 failed to build and is in ERROR status


Captured pythonlogging:
~~~~~~~~~~~~~~~~~~~~~~~
    2026-05-06 00:48:25,860 124029 INFO     [tempest.lib.common.rest_client] Request (GroupsTest:test_group_update): 200 POST http://10.132.44.209/volume/v3/types 0.025s
2026-05-06 00:48:25,860 124029 DEBUG    [tempest.lib.common.rest_client] Request - Headers: {'Content-Type': 'application/json', 'Accept': 'application/json', 'X-Auth-Token': '<omitted>'}
        Body: {"volume_type": {"name": "tempest-GroupsTest-volume-type-1643595213"}}
    Response - Headers: {'date': 'Wed, 06 May 2026 00:48:25 GMT', 'server': 'Apache/2.4.58 (Ubuntu)', 'content-type': 'application/json', 'x-compute-request-id': 'req-f46b6f66-3035-42a9-9d5f-2487207dcf6f', 'content-length': '216', 'openstack-api-version': 'volume 3.0', 'vary': 'OpenStack-API-Version', 'x-openstack-request-id': 'req-f46b6f66-3035-42a9-9d5f-2487207dcf6f', 'connection': 'close', 'status': '200', 'content-location': 'http://10.132.44.209/volume/v3/types'}
        Body: b'{"volume_type": {"id": "de020d85-46d4-4589-8655-66ee51242d05", "name": "tempest-GroupsTest-volume-type-1643595213", "is_public": true, "extra_specs": {}, "description": null, "os-volume-type-access:is_public": true}}'
2026-05-06 00:48:25,891 124029 INFO     [tempest.lib.common.rest_client] Request (GroupsTest:test_group_update): 202 POST http://10.132.44.209/volume/v3/group_types 0.028s
2026-05-06 00:48:25,892 124029 DEBUG    [tempest.lib.common.rest_client] Request - Headers: {'Content-Type': 'application/json', 'Accept': 'application/json', 'Openstack-Api-Version': 'volume 3.13', 'X-Auth-Token': '<omitted>'}
        Body: {"group_type": {"name": "tempest-GroupsTest-group-type-894185666"}}
    Response - Headers: {'date': 'Wed, 06 May 2026 00:48:25 GMT', 'server': 'Apache/2.4.58 (Ubuntu)', 'content-type': 'application/json', 'x-compute-request-id': 'req-72a624cb-e1b1-446d-9c9c-aff1ea6d6a38', 'content-length': '172', 'openstack-api-version': 'volume 3.13', 'vary': 'OpenStack-API-Version', 'x-openstack-request-id': 'req-72a624cb-e1b1-446d-9c9c-aff1ea6d6a38', 'connection': 'close', 'status': '202', 'content-location': 'http://10.132.44.209/volume/v3/group_types'}
        Body: b'{"group_type": {"id": "72b61541-4354-4475-85e7-2b3911e4356d", "name": "tempest-GroupsTest-group-type-894185666", "description": null, "is_public": true, "group_specs": {}}}'
2026-05-06 00:48:25,959 124029 INFO     [tempest.lib.common.rest_client] Request (GroupsTest:test_group_update): 202 POST http://10.132.44.209/volume/v3/groups 0.065s
2026-05-06 00:48:25,960 124029 DEBUG    [tempest.lib.common.rest_client] Request - Headers: {'Content-Type': 'application/json', 'Accept': 'application/json', 'Openstack-Api-Version': 'volume 3.13', 'X-Auth-Token': '<omitted>'}
        Body: {"group": {"group_type": "72b61541-4354-4475-85e7-2b3911e4356d", "volume_types": ["de020d85-46d4-4589-8655-66ee51242d05"], "name": "tempest-GroupsTest-Group-377314307"}}
    Response - Headers: {'date': 'Wed, 06 May 2026 00:48:25 GMT', 'server': 'Apache/2.4.58 (Ubuntu)', 'content-type': 'application/json', 'x-compute-request-id': 'req-957ab86f-950b-4446-b7c1-0d11bab319ab', 'content-length': '103', 'openstack-api-version': 'volume 3.13', 'vary': 'OpenStack-API-Version', 'x-openstack-request-id': 'req-957ab86f-950b-4446-b7c1-0d11bab319ab', 'connection': 'close', 'status': '202', 'content-location': 'http://10.132.44.209/volume/v3/groups'}
        Body: b'{"group": {"id": "b237cf6d-757d-495c-a7b9-19838bf08690", "name": "tempest-GroupsTest-Group-377314307"}}'
2026-05-06 00:48:25,991 124029 INFO     [tempest.lib.common.rest_client] Request (GroupsTest:test_group_update): 200 GET http://10.132.44.209/volume/v3/groups/b237cf6d-757d-495c-a7b9-19838bf08690 0.028s
2026-05-06 00:48:25,991 124029 DEBUG    [tempest.lib.common.rest_client] Request - Headers: {'Content-Type': 'application/json', 'Accept': 'application/json', 'Openstack-Api-Version': 'volume 3.13', 'X-Auth-Token': '<omitted>'}
        Body: None
    Response - Headers: {'date': 'Wed, 06 May 2026 00:48:25 GMT', 'server': 'Apache/2.4.58 (Ubuntu)', 'content-type': 'application/json', 'x-compute-request-id': 'req-75ce6b
    1a-d2d5-456a-a522-976153311835', 'content-length': '331', 'openstack-api-version': 'volume 3.13', 'vary': 'OpenStack-API-Version', 'x-openstack-request-id': 'req-75ce6b1a-d2d5-456a-a522-976153311835', 'connection': 'close', 'status': '200', 'content-location': 'http://10.132.44.209/volume/v3/groups/b237cf6d-757d-495c-a7b9-19838bf08690'}
        Body: b'{"group": {"id": "b237cf6d-757d-495c-a7b9-19838bf08690", "status": "creating", "availability_zone": "nova", "created_at": "2026-05-06T00:48:26.000000", "name": "tempest-GroupsTest-Group-377314307", "description": null, "group_type": "72b61541-4354-4475-85e7-2b3911e4356d", "volume_types": ["de020d85-46d4-4589-8655-66ee51242d05"]}}'
2026-05-06 00:48:27,028 124029 INFO     [tempest.lib.common.rest_client] Request (GroupsTest:test_group_update): 200 GET http://10.132.44.209/volume/v3/groups/b237cf6d-757d-495c-a7b9-19838bf08690 0.032s
2026-05-06 00:48:27,028 124029 DEBUG    [tempest.lib.common.rest_client] Request - Headers: {'Content-Type': 'application/json', 'Accept': 'application/json', 'Openstack-Api-Version': 'volume 3.13', 'X-Auth-Token': '<omitted>'}
        Body: None
    Response - Headers: {'date': 'Wed, 06 May 2026 00:48:26 GMT', 'server': 'Apache/2.4.58 (Ubuntu)', 'content-type': 'application/json', 'x-compute-request-id': 'req-531ac6cf-a9bc-4508-ae24-10d5520e7b12', 'content-length': '328', 'openstack-api-version': 'volume 3.13', 'vary': 'OpenStack-API-Version', 'x-openstack-request-id': 'req-531ac6cf-a9bc-4508-ae24-10d5520e7b12', 'connection': 'close', 'status': '200', 'content-location': 'http://10.132.44.209/volume/v3/groups/b237cf6d-757d-495c-a7b9-19838bf08690'}
        Body: b'{"group": {"id": "b237cf6d-757d-495c-a7b9-19838bf08690", "status": "error", "availability_zone": "nova", "created_at": "2026-05-06T00:48:26.000000", "name": "tempest-GroupsTest-Group-377314307", "description": null, "group_type": "72b61541-4354-4475-85e7-2b3911e4356d", "volume_types": ["de020d85-46d4-4589-8655-66ee51242d05"]}}'
2026-05-06 00:48:27,057 124029 INFO     [tempest.lib.common.rest_client] Request (GroupsTest:_run_cleanups): 200 GET http://10.132.44.209/volume/v3/volumes/detail 0.026s
2026-05-06 00:48:27,057 124029 DEBUG    [tempest.lib.common.rest_client] Request - Headers: {'Content-Type': 'application/json', 'Accept': 'application/json', 'Openstack-Api-Version': 'volume 3.13', 'X-Auth-Token': '<omitted>'}
        Body: None
    Response - Headers: {'date': 'Wed, 06 May 2026 00:48:27 GMT', 'server': 'Apache/2.4.58 (Ubuntu)', 'content-type': 'application/json', 'x-compute-request-id': 'req-ae5a1836-514a-4030-99c3-c0319c96635e', 'content-length': '15', 'openstack-api-version': 'volume 3.13', 'vary': 'OpenStack-API-Version', 'x-openstack-request-id': 'req-ae5a1836-514a-4030-99c3-c0319c96635e', 'connection': 'close', 'status': '200', 'content-location': 'http://10.132.44.209/volume/v3/volumes/detail'}
        Body: b'{"volumes": []}'
2026-05-06 00:48:27,119 124029 INFO     [tempest.lib.common.rest_client] Request (GroupsTest:_run_cleanups): 202 POST http://10.132.44.209/volume/v3/groups/b237cf6d-757d-495c-a7b9-19838bf08690/action 0.052s
2026-05-06 00:48:27,119 124029 DEBUG    [tempest.lib.common.rest_client] Request - Headers: {'Content-Type': 'application/json', 'Accept': 'application/json', 'Openstack-Api-Version': 'volume 3.13', 'X-Auth-Token': '<omitted>'}
        Body: {"delete": {"delete-volumes": true}}
    Response - Headers: {'date': 'Wed, 06 May 2026 00:48:27 GMT', 'server': 'Apache/2.4.58 (Ubuntu)', 'content-length': '0', 'content-type': 'text/html; charset=UTF-8', 'openstack-api-version': 'volume 3.13', 'vary': 'OpenStack-API-Version', 'x-openstack-request-id': 'req-145b419b-72fe-4307-b202-06eacbbe1e12', 'connection': 'close', 'status': '202', 'content-location': 'http://10.132.44.209/volume/v3/groups/b237cf6d-757d-495c-a7b9-19838bf08690/action'}
        Body: b''
2026-05-06 00:48:27,132 124029 INFO     [tempest.lib.common.rest_client] Request (GroupsTest:_run_cleanups): 404 GET http://10.132.44.209/volume/v3/groups/b237cf6d-757d-495c-a7b9-19838bf08690 0.012s
2026-05-
    06 00:48:27,132 124029 DEBUG    [tempest.lib.common.rest_client] Request - Headers: {'Content-Type': 'application/json', 'Accept': 'application/json', 'Openstack-Api-Version': 'volume 3.13', 'X-Auth-Token': '<omitted>'}
        Body: None
    Response - Headers: {'date': 'Wed, 06 May 2026 00:48:27 GMT', 'server': 'Apache/2.4.58 (Ubuntu)', 'openstack-api-version': 'volume 3.13', 'vary': 'OpenStack-API-Version', 'content-length': '108', 'content-type': 'application/json', 'x-compute-request-id': 'req-4364d27b-8c49-4d68-b581-225ba49b88b4', 'x-openstack-request-id': 'req-4364d27b-8c49-4d68-b581-225ba49b88b4', 'connection': 'close', 'status': '404', 'content-location': 'http://10.132.44.209/volume/v3/groups/b237cf6d-757d-495c-a7b9-19838bf08690'}
        Body: b'{"itemNotFound": {"code": 404, "message": "Group b237cf6d-757d-495c-a7b9-19838bf08690 could not be found."}}'
2026-05-06 00:48:27,152 124029 INFO     [tempest.lib.common.rest_client] Request (GroupsTest:_run_cleanups): 202 DELETE http://10.132.44.209/volume/v3/group_types/72b61541-4354-4475-85e7-2b3911e4356d 0.020s
2026-05-06 00:48:27,152 124029 DEBUG    [tempest.lib.common.rest_client] Request - Headers: {'Content-Type': 'application/json', 'Accept': 'application/json', 'Openstack-Api-Version': 'volume 3.13', 'X-Auth-Token': '<omitted>'}
        Body: None
    Response - Headers: {'date': 'Wed, 06 May 2026 00:48:27 GMT', 'server': 'Apache/2.4.58 (Ubuntu)', 'content-length': '0', 'content-type': 'text/html; charset=UTF-8', 'openstack-api-version': 'volume 3.13', 'vary': 'OpenStack-API-Version', 'x-openstack-request-id': 'req-76ac8a04-2bbd-4abc-9004-0c3bdd090e26', 'connection': 'close', 'status': '202', 'content-location': 'http://10.132.44.209/volume/v3/group_types/72b61541-4354-4475-85e7-2b3911e4356d'}
        Body: b''
2026-05-06 00:48:27,191 124029 INFO     [tempest.lib.common.rest_client] Request (GroupsTest:_run_cleanups): 202 DELETE http://10.132.44.209/volume/v3/types/de020d85-46d4-4589-8655-66ee51242d05 0.038s
2026-05-06 00:48:27,191 124029 DEBUG    [tempest.lib.common.rest_client] Request - Headers: {'Content-Type': 'application/json', 'Accept': 'application/json', 'X-Auth-Token': '<omitted>'}
        Body: None
    Response - Headers: {'date': 'Wed, 06 May 2026 00:48:27 GMT', 'server': 'Apache/2.4.58 (Ubuntu)', 'content-length': '0', 'content-type': 'text/html; charset=UTF-8', 'openstack-api-version': 'volume 3.0', 'vary': 'OpenStack-API-Version', 'x-openstack-request-id': 'req-291eb8c7-da05-484c-8c63-ad61edb7a741', 'connection': 'close', 'status': '202', 'content-location': 'http://10.132.44.209/volume/v3/types/de020d85-46d4-4589-8655-66ee51242d05'}
        Body: b''
2026-05-06 00:48:27,203 124029 INFO     [tempest.lib.common.rest_client] Request (GroupsTest:_run_cleanups): 404 GET http://10.132.44.209/volume/v3/types/de020d85-46d4-4589-8655-66ee51242d05 0.012s
2026-05-06 00:48:27,204 124029 DEBUG    [tempest.lib.common.rest_client] Request - Headers: {'Content-Type': 'application/json', 'Accept': 'application/json', 'X-Auth-Token': '<omitted>'}
        Body: None
    Response - Headers: {'date': 'Wed, 06 May 2026 00:48:27 GMT', 'server': 'Apache/2.4.58 (Ubuntu)', 'openstack-api-version': 'volume 3.0', 'vary': 'OpenStack-API-Version', 'content-length': '114', 'content-type': 'application/json', 'x-compute-request-id': 'req-f2f2890e-27df-404e-8222-379a8d71a348', 'x-openstack-request-id': 'req-f2f2890e-27df-404e-8222-379a8d71a348', 'connection': 'close', 'status': '404', 'content-location': 'http://10.132.44.209/volume/v3/types/de020d85-46d4-4589-8655-66ee51242d05'}
        Body: b'{"itemNotFound": {"code": 404, "message": "Volume type de020d85-46d4-4589-8655-66ee51242d05 could not be found."}}'

{0} tempest.api.volume.admin.test_groups.GroupsV314Test.test_create_group_from_group [1.551620s] ... FAILED

Captured traceback:
~~~~~~~~~~~~~~~~~~~
    Traceback (most recent call last):

      File "/opt/stack/tempest/tempest/api/volume/admin/test_groups.py", line 182, in test_create_group_from_group
    grp = self.create_group(group_type=group_type['id'],
          ^^^^^^^^^^^^^^^^^^^^^^^^^^^^^^^^^^^^^^^^^^^^^^

      File "/opt/stack/tempest/tempest/api/volume/base.py", line 293, in create_group
    waiters.wait_for_volume_resource_status(

      File "/opt/stack/tempest/tempest/common/waiters.py", line 379, in wait_for_volume_resource_status
    raise exceptions.VolumeResourceBuildErrorException(

    tempest.exceptions.VolumeResourceBuildErrorException: group 01903672-c7a8-4d8d-bf48-a4e18a9cf820 failed to build and is in ERROR status


Captured pythonlogging:
~~~~~~~~~~~~~~~~~~~~~~~
    2026-05-06 00:48:29,850 124029 INFO     [tempest.lib.common.rest_client] Request (GroupsV314Test:test_create_group_from_group): 200 POST http://10.132.44.209/volume/v3/types 0.110s
2026-05-06 00:48:29,851 124029 DEBUG    [tempest.lib.common.rest_client] Request - Headers: {'Content-Type': 'application/json', 'Accept': 'application/json', 'X-Auth-Token': '<omitted>'}
        Body: {"volume_type": {"name": "tempest-GroupsV314Test-volume-type-1317185644"}}
    Response - Headers: {'date': 'Wed, 06 May 2026 00:48:29 GMT', 'server': 'Apache/2.4.58 (Ubuntu)', 'content-type': 'application/json', 'x-compute-request-id': 'req-c1d93a98-08d9-4ffb-8d76-43c1719d23a3', 'content-length': '220', 'openstack-api-version': 'volume 3.0', 'vary': 'OpenStack-API-Version', 'x-openstack-request-id': 'req-c1d93a98-08d9-4ffb-8d76-43c1719d23a3', 'connection': 'close', 'status': '200', 'content-location': 'http://10.132.44.209/volume/v3/types'}
        Body: b'{"volume_type": {"id": "230a298b-45a1-426f-b01d-e90a5ff797dd", "name": "tempest-GroupsV314Test-volume-type-1317185644", "is_public": true, "extra_specs": {}, "description": null, "os-volume-type-access:is_public": true}}'
2026-05-06 00:48:29,880 124029 INFO     [tempest.lib.common.rest_client] Request (GroupsV314Test:test_create_group_from_group): 202 POST http://10.132.44.209/volume/v3/group_types 0.025s
2026-05-06 00:48:29,880 124029 DEBUG    [tempest.lib.common.rest_client] Request - Headers: {'Content-Type': 'application/json', 'Accept': 'application/json', 'Openstack-Api-Version': 'volume 3.14', 'X-Auth-Token': '<omitted>'}
        Body: {"group_type": {"name": "tempest-GroupsV314Test-group-type-471130939"}}
    Response - Headers: {'date': 'Wed, 06 May 2026 00:48:29 GMT', 'server': 'Apache/2.4.58 (Ubuntu)', 'content-type': 'application/json', 'x-compute-request-id': 'req-d6bb1123-c2d2-4d74-a4b8-6c4c48ea45a7', 'content-length': '176', 'openstack-api-version': 'volume 3.14', 'vary': 'OpenStack-API-Version', 'x-openstack-request-id': 'req-d6bb1123-c2d2-4d74-a4b8-6c4c48ea45a7', 'connection': 'close', 'status': '202', 'content-location': 'http://10.132.44.209/volume/v3/group_types'}
        Body: b'{"group_type": {"id": "4bcea552-110f-450f-93ee-e970a98dd123", "name": "tempest-GroupsV314Test-group-type-471130939", "description": null, "is_public": true, "group_specs": {}}}'
2026-05-06 00:48:30,025 124029 INFO     [tempest.lib.common.rest_client] Request (GroupsV314Test:test_create_group_from_group): 202 POST http://10.132.44.209/volume/v3/groups 0.142s
2026-05-06 00:48:30,026 124029 DEBUG    [tempest.lib.common.rest_client] Request - Headers: {'Content-Type': 'application/json', 'Accept': 'application/json', 'Openstack-Api-Version': 'volume 3.14', 'X-Auth-Token': '<omitted>'}
        Body: {"group": {"group_type": "4bcea552-110f-450f-93ee-e970a98dd123", "volume_types": ["230a298b-45a1-426f-b01d-e90a5ff797dd"], "name": "tempest-GroupsV314Test-Group-1911274499"}}
    Response - Headers: {'date': 'Wed, 06 May 2026 00:48:29 GMT', 'server': 'Apache/2.4.58 (Ubuntu)', 'content-type': 'application/json', 'x-compute-request-id': 'req-d2c4be3c-ec7a-4e6e-b71b-bcbdb1bb57f0', 'content-length': '108', 'openstack-api-version': 'volume 3.14', 'vary': 'OpenStack-API-Version', 'x-openstack-request-id': 'req-d2c4be3c-ec7a-4e6e-b71b-bcbdb1bb57f0', 'connection': 'close', 'status': '202', 'content-location': 'http://10.132.44.209/volume/v3/groups'}
        Body: b'{"group": {"id": "01903672-c7a8-4d8d-bf48-a4e18a9cf820", "name": "tempest-GroupsV314Test-Group-1911274499"}}'
2026-05-06 00:48:30,058 124029 INFO     [tempest.lib.common.rest_client] Request (GroupsV314Test:test_create_group_from_group): 200 GET http://10.132.44.209/volume/v3/groups/01903672-c7a8-4d8d-bf48-a4e18a9cf820 0.028s
2026-05-06 00:48:30,058 124029 DEBUG    [tempest.lib.common.rest_client] Request - Headers: {'Content-Type': 'application/json', 'Accept': 'application/json', 'Openstack-Api-Version': 'volume 3.14', 'X-Auth-Token': '<omitted>'}
        Body: None
    Response - Headers: {'date': 'Wed, 06 May 2026 00:48:30 GMT', 'server': 'Apache/2.4
    .58 (Ubuntu)', 'content-type': 'application/json', 'x-compute-request-id': 'req-ff170172-48c8-454b-ab42-8a577b6cdca0', 'content-length': '388', 'openstack-api-version': 'volume 3.14', 'vary': 'OpenStack-API-Version', 'x-openstack-request-id': 'req-ff170172-48c8-454b-ab42-8a577b6cdca0', 'connection': 'close', 'status': '200', 'content-location': 'http://10.132.44.209/volume/v3/groups/01903672-c7a8-4d8d-bf48-a4e18a9cf820'}
        Body: b'{"group": {"id": "01903672-c7a8-4d8d-bf48-a4e18a9cf820", "status": "creating", "availability_zone": "nova", "created_at": "2026-05-06T00:48:30.000000", "name": "tempest-GroupsV314Test-Group-1911274499", "description": null, "group_type": "4bcea552-110f-450f-93ee-e970a98dd123", "volume_types": ["230a298b-45a1-426f-b01d-e90a5ff797dd"], "group_snapshot_id": null, "source_group_id": null}}'
2026-05-06 00:48:31,089 124029 INFO     [tempest.lib.common.rest_client] Request (GroupsV314Test:test_create_group_from_group): 200 GET http://10.132.44.209/volume/v3/groups/01903672-c7a8-4d8d-bf48-a4e18a9cf820 0.027s
2026-05-06 00:48:31,090 124029 DEBUG    [tempest.lib.common.rest_client] Request - Headers: {'Content-Type': 'application/json', 'Accept': 'application/json', 'Openstack-Api-Version': 'volume 3.14', 'X-Auth-Token': '<omitted>'}
        Body: None
    Response - Headers: {'date': 'Wed, 06 May 2026 00:48:31 GMT', 'server': 'Apache/2.4.58 (Ubuntu)', 'content-type': 'application/json', 'x-compute-request-id': 'req-dfcc95bb-6c0f-4eac-bb51-3a93bce9dc37', 'content-length': '385', 'openstack-api-version': 'volume 3.14', 'vary': 'OpenStack-API-Version', 'x-openstack-request-id': 'req-dfcc95bb-6c0f-4eac-bb51-3a93bce9dc37', 'connection': 'close', 'status': '200', 'content-location': 'http://10.132.44.209/volume/v3/groups/01903672-c7a8-4d8d-bf48-a4e18a9cf820'}
        Body: b'{"group": {"id": "01903672-c7a8-4d8d-bf48-a4e18a9cf820", "status": "error", "availability_zone": "nova", "created_at": "2026-05-06T00:48:30.000000", "name": "tempest-GroupsV314Test-Group-1911274499", "description": null, "group_type": "4bcea552-110f-450f-93ee-e970a98dd123", "volume_types": ["230a298b-45a1-426f-b01d-e90a5ff797dd"], "group_snapshot_id": null, "source_group_id": null}}'
2026-05-06 00:48:31,121 124029 INFO     [tempest.lib.common.rest_client] Request (GroupsV314Test:_run_cleanups): 200 GET http://10.132.44.209/volume/v3/volumes/detail 0.025s
2026-05-06 00:48:31,122 124029 DEBUG    [tempest.lib.common.rest_client] Request - Headers: {'Content-Type': 'application/json', 'Accept': 'application/json', 'Openstack-Api-Version': 'volume 3.14', 'X-Auth-Token': '<omitted>'}
        Body: None
    Response - Headers: {'date': 'Wed, 06 May 2026 00:48:31 GMT', 'server': 'Apache/2.4.58 (Ubuntu)', 'content-type': 'application/json', 'x-compute-request-id': 'req-40330f39-e364-4105-b9fb-dfe4c45ec5cd', 'content-length': '15', 'openstack-api-version': 'volume 3.14', 'vary': 'OpenStack-API-Version', 'x-openstack-request-id': 'req-40330f39-e364-4105-b9fb-dfe4c45ec5cd', 'connection': 'close', 'status': '200', 'content-location': 'http://10.132.44.209/volume/v3/volumes/detail'}
        Body: b'{"volumes": []}'
2026-05-06 00:48:31,191 124029 INFO     [tempest.lib.common.rest_client] Request (GroupsV314Test:_run_cleanups): 202 POST http://10.132.44.209/volume/v3/groups/01903672-c7a8-4d8d-bf48-a4e18a9cf820/action 0.062s
2026-05-06 00:48:31,192 124029 DEBUG    [tempest.lib.common.rest_client] Request - Headers: {'Content-Type': 'application/json', 'Accept': 'application/json', 'Openstack-Api-Version': 'volume 3.14', 'X-Auth-Token': '<omitted>'}
        Body: {"delete": {"delete-volumes": true}}
    Response - Headers: {'date': 'Wed, 06 May 2026 00:48:31 GMT', 'server': 'Apache/2.4.58 (Ubuntu)', 'content-length': '0', 'content-type': 'text/html; charset=UTF-8', 'openstack-api-version': 'volume 3.14', 'vary': 'OpenStack-API-Version', 'x-openstack-request-id': 'req-58d913a6-371b-45d8-81d2-3cd56e8d4a5d', 'connection': 'close', 'status': '202', 'content-location': 'http://10.132.44.209/volume/v3/groups/01903672-c7a8-4d8d-bf48-a4e18a9cf820/action'}
  
          Body: b''
2026-05-06 00:48:31,203 124029 INFO     [tempest.lib.common.rest_client] Request (GroupsV314Test:_run_cleanups): 404 GET http://10.132.44.209/volume/v3/groups/01903672-c7a8-4d8d-bf48-a4e18a9cf820 0.011s
2026-05-06 00:48:31,204 124029 DEBUG    [tempest.lib.common.rest_client] Request - Headers: {'Content-Type': 'application/json', 'Accept': 'application/json', 'Openstack-Api-Version': 'volume 3.14', 'X-Auth-Token': '<omitted>'}
        Body: None
    Response - Headers: {'date': 'Wed, 06 May 2026 00:48:31 GMT', 'server': 'Apache/2.4.58 (Ubuntu)', 'openstack-api-version': 'volume 3.14', 'vary': 'OpenStack-API-Version', 'content-length': '108', 'content-type': 'application/json', 'x-compute-request-id': 'req-47b9a8b0-c212-44e3-8385-0ff39bd0394a', 'x-openstack-request-id': 'req-47b9a8b0-c212-44e3-8385-0ff39bd0394a', 'connection': 'close', 'status': '404', 'content-location': 'http://10.132.44.209/volume/v3/groups/01903672-c7a8-4d8d-bf48-a4e18a9cf820'}
        Body: b'{"itemNotFound": {"code": 404, "message": "Group 01903672-c7a8-4d8d-bf48-a4e18a9cf820 could not be found."}}'
2026-05-06 00:48:31,232 124029 INFO     [tempest.lib.common.rest_client] Request (GroupsV314Test:_run_cleanups): 202 DELETE http://10.132.44.209/volume/v3/group_types/4bcea552-110f-450f-93ee-e970a98dd123 0.028s
2026-05-06 00:48:31,233 124029 DEBUG    [tempest.lib.common.rest_client] Request - Headers: {'Content-Type': 'application/json', 'Accept': 'application/json', 'Openstack-Api-Version': 'volume 3.14', 'X-Auth-Token': '<omitted>'}
        Body: None
    Response - Headers: {'date': 'Wed, 06 May 2026 00:48:31 GMT', 'server': 'Apache/2.4.58 (Ubuntu)', 'content-length': '0', 'content-type': 'text/html; charset=UTF-8', 'openstack-api-version': 'volume 3.14', 'vary': 'OpenStack-API-Version', 'x-openstack-request-id': 'req-fd4ba9c3-666c-46c3-ba3d-8cd2bcd57fee', 'connection': 'close', 'status': '202', 'content-location': 'http://10.132.44.209/volume/v3/group_types/4bcea552-110f-450f-93ee-e970a98dd123'}
        Body: b''
2026-05-06 00:48:31,276 124029 INFO     [tempest.lib.common.rest_client] Request (GroupsV314Test:_run_cleanups): 202 DELETE http://10.132.44.209/volume/v3/types/230a298b-45a1-426f-b01d-e90a5ff797dd 0.042s
2026-05-06 00:48:31,277 124029 DEBUG    [tempest.lib.common.rest_client] Request - Headers: {'Content-Type': 'application/json', 'Accept': 'application/json', 'X-Auth-Token': '<omitted>'}
        Body: None
    Response - Headers: {'date': 'Wed, 06 May 2026 00:48:31 GMT', 'server': 'Apache/2.4.58 (Ubuntu)', 'content-length': '0', 'content-type': 'text/html; charset=UTF-8', 'openstack-api-version': 'volume 3.0', 'vary': 'OpenStack-API-Version', 'x-openstack-request-id': 'req-81bbd5a7-e2f0-4e95-b6b2-d6fb35ae1c98', 'connection': 'close', 'status': '202', 'content-location': 'http://10.132.44.209/volume/v3/types/230a298b-45a1-426f-b01d-e90a5ff797dd'}
        Body: b''
2026-05-06 00:48:31,290 124029 INFO     [tempest.lib.common.rest_client] Request (GroupsV314Test:_run_cleanups): 404 GET http://10.132.44.209/volume/v3/types/230a298b-45a1-426f-b01d-e90a5ff797dd 0.012s
2026-05-06 00:48:31,290 124029 DEBUG    [tempest.lib.common.rest_client] Request - Headers: {'Content-Type': 'application/json', 'Accept': 'application/json', 'X-Auth-Token': '<omitted>'}
        Body: None
    Response - Headers: {'date': 'Wed, 06 May 2026 00:48:31 GMT', 'server': 'Apache/2.4.58 (Ubuntu)', 'openstack-api-version': 'volume 3.0', 'vary': 'OpenStack-API-Version', 'content-length': '114', 'content-type': 'application/json', 'x-compute-request-id': 'req-3666db5b-d920-451a-ac2e-10e352658588', 'x-openstack-request-id': 'req-3666db5b-d920-451a-ac2e-10e352658588', 'connection': 'close', 'status': '404', 'content-location': 'http://10.132.44.209/volume/v3/types/230a298b-45a1-426f-b01d-e90a5ff797dd'}
        Body: b'{"itemNotFound": {"code": 404, "message": "Volume type 230a298b-45a1-426f-b01d-e90a5ff797dd could not be found."}}'

{0} tempest.api.volume.admin.test_groups.GroupsV320Test.test_reset_group_status [1.581703s] ... FAILED

Captured traceback:
~~~~~~~~~~~~~~~~~~~
    Traceback (most recent call last):

      File "/opt/stack/tempest/tempest/api/volume/admin/test_groups.py", line 227, in test_reset_group_status
    group = self.create_group(group_type=group_type['id'],
            ^^^^^^^^^^^^^^^^^^^^^^^^^^^^^^^^^^^^^^^^^^^^^^

      File "/opt/stack/tempest/tempest/api/volume/base.py", line 293, in create_group
    waiters.wait_for_volume_resource_status(

      File "/opt/stack/tempest/tempest/common/waiters.py", line 379, in wait_for_volume_resource_status
    raise exceptions.VolumeResourceBuildErrorException(

    tempest.exceptions.VolumeResourceBuildErrorException: group 3220f34f-d50d-4552-bf95-19a93b2adee9 failed to build and is in ERROR status


Captured pythonlogging:
~~~~~~~~~~~~~~~~~~~~~~~
    2026-05-06 00:48:34,246 124029 INFO     [tempest.lib.common.rest_client] Request (GroupsV320Test:test_reset_group_status): 200 POST http://10.132.44.209/volume/v3/types 0.121s
2026-05-06 00:48:34,247 124029 DEBUG    [tempest.lib.common.rest_client] Request - Headers: {'Content-Type': 'application/json', 'Accept': 'application/json', 'X-Auth-Token': '<omitted>'}
        Body: {"volume_type": {"name": "tempest-GroupsV320Test-volume-type-146136487"}}
    Response - Headers: {'date': 'Wed, 06 May 2026 00:48:34 GMT', 'server': 'Apache/2.4.58 (Ubuntu)', 'content-type': 'application/json', 'x-compute-request-id': 'req-4594a302-0cd3-4544-843f-6dc9b652a90b', 'content-length': '219', 'openstack-api-version': 'volume 3.0', 'vary': 'OpenStack-API-Version', 'x-openstack-request-id': 'req-4594a302-0cd3-4544-843f-6dc9b652a90b', 'connection': 'close', 'status': '200', 'content-location': 'http://10.132.44.209/volume/v3/types'}
        Body: b'{"volume_type": {"id": "c5a18732-91fa-44f4-a43b-3539f3f9899f", "name": "tempest-GroupsV320Test-volume-type-146136487", "is_public": true, "extra_specs": {}, "description": null, "os-volume-type-access:is_public": true}}'
2026-05-06 00:48:34,277 124029 INFO     [tempest.lib.common.rest_client] Request (GroupsV320Test:test_reset_group_status): 202 POST http://10.132.44.209/volume/v3/group_types 0.029s
2026-05-06 00:48:34,278 124029 DEBUG    [tempest.lib.common.rest_client] Request - Headers: {'Content-Type': 'application/json', 'Accept': 'application/json', 'Openstack-Api-Version': 'volume 3.20', 'X-Auth-Token': '<omitted>'}
        Body: {"group_type": {"name": "tempest-GroupsV320Test-group-type-151053892"}}
    Response - Headers: {'date': 'Wed, 06 May 2026 00:48:34 GMT', 'server': 'Apache/2.4.58 (Ubuntu)', 'content-type': 'application/json', 'x-compute-request-id': 'req-556e4e7e-dfaa-4c49-a07b-49703d7a595b', 'content-length': '176', 'openstack-api-version': 'volume 3.20', 'vary': 'OpenStack-API-Version', 'x-openstack-request-id': 'req-556e4e7e-dfaa-4c49-a07b-49703d7a595b', 'connection': 'close', 'status': '202', 'content-location': 'http://10.132.44.209/volume/v3/group_types'}
        Body: b'{"group_type": {"id": "eb641552-46b7-4168-bd84-46f4e6a2db23", "name": "tempest-GroupsV320Test-group-type-151053892", "description": null, "is_public": true, "group_specs": {}}}'
2026-05-06 00:48:34,438 124029 INFO     [tempest.lib.common.rest_client] Request (GroupsV320Test:test_reset_group_status): 202 POST http://10.132.44.209/volume/v3/groups 0.158s
2026-05-06 00:48:34,438 124029 DEBUG    [tempest.lib.common.rest_client] Request - Headers: {'Content-Type': 'application/json', 'Accept': 'application/json', 'Openstack-Api-Version': 'volume 3.20', 'X-Auth-Token': '<omitted>'}
        Body: {"group": {"group_type": "eb641552-46b7-4168-bd84-46f4e6a2db23", "volume_types": ["c5a18732-91fa-44f4-a43b-3539f3f9899f"], "name": "tempest-GroupsV320Test-Group-1176181998"}}
    Response - Headers: {'date': 'Wed, 06 May 2026 00:48:34 GMT', 'server': 'Apache/2.4.58 (Ubuntu)', 'content-type': 'application/json', 'x-compute-request-id': 'req-ab8a94c7-024a-4cda-a044-a97dfabb185d', 'content-length': '108', 'openstack-api-version': 'volume 3.20', 'vary': 'OpenStack-API-Version', 'x-openstack-request-id': 'req-ab8a94c7-024a-4cda-a044-a97dfabb185d', 'connection': 'close', 'status': '202', 'content-location': 'http://10.132.44.209/volume/v3/groups'}
        Body: b'{"group": {"id": "3220f34f-d50d-4552-bf95-19a93b2adee9", "name": "tempest-GroupsV320Test-Group-1176181998"}}'
2026-05-06 00:48:34,464 124029 INFO     [tempest.lib.common.rest_client] Request (GroupsV320Test:test_reset_group_status): 200 GET http://10.132.44.209/volume/v3/groups/3220f34f-d50d-4552-bf95-19a93b2adee9 0.025s
2026-05-06 00:48:34,465 124029 DEBUG    [tempest.lib.common.rest_client] Request - Headers: {'Content-Type': 'application/json', 'Accept': 'application/json', 'Openstack-Api-Version': 'volume 3.20', 'X-Auth-Token': '<omitted>'}
        Body: None
    Response - Headers: {'date': 'Wed, 06 May 2026 00:48:34 GMT', 'server': 'Apache/2.4.58 (Ubuntu)', 'conten
    t-type': 'application/json', 'x-compute-request-id': 'req-fe655ff3-5a41-4bd0-a200-5a888559f957', 'content-length': '388', 'openstack-api-version': 'volume 3.20', 'vary': 'OpenStack-API-Version', 'x-openstack-request-id': 'req-fe655ff3-5a41-4bd0-a200-5a888559f957', 'connection': 'close', 'status': '200', 'content-location': 'http://10.132.44.209/volume/v3/groups/3220f34f-d50d-4552-bf95-19a93b2adee9'}
        Body: b'{"group": {"id": "3220f34f-d50d-4552-bf95-19a93b2adee9", "status": "creating", "availability_zone": "nova", "created_at": "2026-05-06T00:48:34.000000", "name": "tempest-GroupsV320Test-Group-1176181998", "description": null, "group_type": "eb641552-46b7-4168-bd84-46f4e6a2db23", "volume_types": ["c5a18732-91fa-44f4-a43b-3539f3f9899f"], "group_snapshot_id": null, "source_group_id": null}}'
2026-05-06 00:48:35,498 124029 INFO     [tempest.lib.common.rest_client] Request (GroupsV320Test:test_reset_group_status): 200 GET http://10.132.44.209/volume/v3/groups/3220f34f-d50d-4552-bf95-19a93b2adee9 0.030s
2026-05-06 00:48:35,499 124029 DEBUG    [tempest.lib.common.rest_client] Request - Headers: {'Content-Type': 'application/json', 'Accept': 'application/json', 'Openstack-Api-Version': 'volume 3.20', 'X-Auth-Token': '<omitted>'}
        Body: None
    Response - Headers: {'date': 'Wed, 06 May 2026 00:48:35 GMT', 'server': 'Apache/2.4.58 (Ubuntu)', 'content-type': 'application/json', 'x-compute-request-id': 'req-2e1b3904-4c8d-4b35-8f7e-5921a9559075', 'content-length': '385', 'openstack-api-version': 'volume 3.20', 'vary': 'OpenStack-API-Version', 'x-openstack-request-id': 'req-2e1b3904-4c8d-4b35-8f7e-5921a9559075', 'connection': 'close', 'status': '200', 'content-location': 'http://10.132.44.209/volume/v3/groups/3220f34f-d50d-4552-bf95-19a93b2adee9'}
        Body: b'{"group": {"id": "3220f34f-d50d-4552-bf95-19a93b2adee9", "status": "error", "availability_zone": "nova", "created_at": "2026-05-06T00:48:34.000000", "name": "tempest-GroupsV320Test-Group-1176181998", "description": null, "group_type": "eb641552-46b7-4168-bd84-46f4e6a2db23", "volume_types": ["c5a18732-91fa-44f4-a43b-3539f3f9899f"], "group_snapshot_id": null, "source_group_id": null}}'
2026-05-06 00:48:35,533 124029 INFO     [tempest.lib.common.rest_client] Request (GroupsV320Test:_run_cleanups): 200 GET http://10.132.44.209/volume/v3/volumes/detail 0.032s
2026-05-06 00:48:35,534 124029 DEBUG    [tempest.lib.common.rest_client] Request - Headers: {'Content-Type': 'application/json', 'Accept': 'application/json', 'Openstack-Api-Version': 'volume 3.20', 'X-Auth-Token': '<omitted>'}
        Body: None
    Response - Headers: {'date': 'Wed, 06 May 2026 00:48:35 GMT', 'server': 'Apache/2.4.58 (Ubuntu)', 'content-type': 'application/json', 'x-compute-request-id': 'req-ac4f634a-452f-4e70-a08e-9414fb68f0a7', 'content-length': '15', 'openstack-api-version': 'volume 3.20', 'vary': 'OpenStack-API-Version', 'x-openstack-request-id': 'req-ac4f634a-452f-4e70-a08e-9414fb68f0a7', 'connection': 'close', 'status': '200', 'content-location': 'http://10.132.44.209/volume/v3/volumes/detail'}
        Body: b'{"volumes": []}'
2026-05-06 00:48:35,594 124029 INFO     [tempest.lib.common.rest_client] Request (GroupsV320Test:_run_cleanups): 202 POST http://10.132.44.209/volume/v3/groups/3220f34f-d50d-4552-bf95-19a93b2adee9/action 0.050s
2026-05-06 00:48:35,594 124029 DEBUG    [tempest.lib.common.rest_client] Request - Headers: {'Content-Type': 'application/json', 'Accept': 'application/json', 'Openstack-Api-Version': 'volume 3.20', 'X-Auth-Token': '<omitted>'}
        Body: {"delete": {"delete-volumes": true}}
    Response - Headers: {'date': 'Wed, 06 May 2026 00:48:35 GMT', 'server': 'Apache/2.4.58 (Ubuntu)', 'content-length': '0', 'content-type': 'text/html; charset=UTF-8', 'openstack-api-version': 'volume 3.20', 'vary': 'OpenStack-API-Version', 'x-openstack-request-id': 'req-b6ee8968-11d3-4532-a207-1ee183d22f28', 'connection': 'close', 'status': '202', 'content-location': 'http://10.132.44.209/volume/v3/groups/3220f34f-d50d-4552-bf95-19a93b2adee9/action'}
        Body: b''
2026-05-06 
    00:48:35,611 124029 INFO     [tempest.lib.common.rest_client] Request (GroupsV320Test:_run_cleanups): 404 GET http://10.132.44.209/volume/v3/groups/3220f34f-d50d-4552-bf95-19a93b2adee9 0.016s
2026-05-06 00:48:35,612 124029 DEBUG    [tempest.lib.common.rest_client] Request - Headers: {'Content-Type': 'application/json', 'Accept': 'application/json', 'Openstack-Api-Version': 'volume 3.20', 'X-Auth-Token': '<omitted>'}
        Body: None
    Response - Headers: {'date': 'Wed, 06 May 2026 00:48:35 GMT', 'server': 'Apache/2.4.58 (Ubuntu)', 'openstack-api-version': 'volume 3.20', 'vary': 'OpenStack-API-Version', 'content-length': '108', 'content-type': 'application/json', 'x-compute-request-id': 'req-82d951bb-dc46-41c2-86b1-3f09212ebbdf', 'x-openstack-request-id': 'req-82d951bb-dc46-41c2-86b1-3f09212ebbdf', 'connection': 'close', 'status': '404', 'content-location': 'http://10.132.44.209/volume/v3/groups/3220f34f-d50d-4552-bf95-19a93b2adee9'}
        Body: b'{"itemNotFound": {"code": 404, "message": "Group 3220f34f-d50d-4552-bf95-19a93b2adee9 could not be found."}}'
2026-05-06 00:48:35,635 124029 INFO     [tempest.lib.common.rest_client] Request (GroupsV320Test:_run_cleanups): 202 DELETE http://10.132.44.209/volume/v3/group_types/eb641552-46b7-4168-bd84-46f4e6a2db23 0.023s
2026-05-06 00:48:35,636 124029 DEBUG    [tempest.lib.common.rest_client] Request - Headers: {'Content-Type': 'application/json', 'Accept': 'application/json', 'Openstack-Api-Version': 'volume 3.20', 'X-Auth-Token': '<omitted>'}
        Body: None
    Response - Headers: {'date': 'Wed, 06 May 2026 00:48:35 GMT', 'server': 'Apache/2.4.58 (Ubuntu)', 'content-length': '0', 'content-type': 'text/html; charset=UTF-8', 'openstack-api-version': 'volume 3.20', 'vary': 'OpenStack-API-Version', 'x-openstack-request-id': 'req-7a4d633d-8f75-445a-86a6-21a07b8d1788', 'connection': 'close', 'status': '202', 'content-location': 'http://10.132.44.209/volume/v3/group_types/eb641552-46b7-4168-bd84-46f4e6a2db23'}
        Body: b''
2026-05-06 00:48:35,690 124029 INFO     [tempest.lib.common.rest_client] Request (GroupsV320Test:_run_cleanups): 202 DELETE http://10.132.44.209/volume/v3/types/c5a18732-91fa-44f4-a43b-3539f3f9899f 0.054s
2026-05-06 00:48:35,690 124029 DEBUG    [tempest.lib.common.rest_client] Request - Headers: {'Content-Type': 'application/json', 'Accept': 'application/json', 'X-Auth-Token': '<omitted>'}
        Body: None
    Response - Headers: {'date': 'Wed, 06 May 2026 00:48:35 GMT', 'server': 'Apache/2.4.58 (Ubuntu)', 'content-length': '0', 'content-type': 'text/html; charset=UTF-8', 'openstack-api-version': 'volume 3.0', 'vary': 'OpenStack-API-Version', 'x-openstack-request-id': 'req-30e4a9a7-edca-48ba-a9d4-e50b3f7aae43', 'connection': 'close', 'status': '202', 'content-location': 'http://10.132.44.209/volume/v3/types/c5a18732-91fa-44f4-a43b-3539f3f9899f'}
        Body: b''
2026-05-06 00:48:35,705 124029 INFO     [tempest.lib.common.rest_client] Request (GroupsV320Test:_run_cleanups): 404 GET http://10.132.44.209/volume/v3/types/c5a18732-91fa-44f4-a43b-3539f3f9899f 0.014s
2026-05-06 00:48:35,705 124029 DEBUG    [tempest.lib.common.rest_client] Request - Headers: {'Content-Type': 'application/json', 'Accept': 'application/json', 'X-Auth-Token': '<omitted>'}
        Body: None
    Response - Headers: {'date': 'Wed, 06 May 2026 00:48:35 GMT', 'server': 'Apache/2.4.58 (Ubuntu)', 'openstack-api-version': 'volume 3.0', 'vary': 'OpenStack-API-Version', 'content-length': '114', 'content-type': 'application/json', 'x-compute-request-id': 'req-081f49e4-c61d-4a52-bb3a-0bb77230277e', 'x-openstack-request-id': 'req-081f49e4-c61d-4a52-bb3a-0bb77230277e', 'connection': 'close', 'status': '404', 'content-location': 'http://10.132.44.209/volume/v3/types/c5a18732-91fa-44f4-a43b-3539f3f9899f'}
        Body: b'{"itemNotFound": {"code": 404, "message": "Volume type c5a18732-91fa-44f4-a43b-3539f3f9899f could not be found."}}'

{0} setUpClass (tempest.api.volume.admin.test_multi_backend.VolumeMultiBackendTest) [0.000000s] ... FAILED

Captured traceback:
~~~~~~~~~~~~~~~~~~~
    Traceback (most recent call last):

      File "/opt/stack/tempest/tempest/test.py", line 185, in setUpClass
    raise value.with_traceback(trace)

      File "/opt/stack/tempest/tempest/test.py", line 178, in setUpClass
    cls.resource_setup()

      File "/opt/stack/tempest/tempest/api/volume/admin/test_multi_backend.py", line 50, in resource_setup
    cls._create_type_and_volume(backend_name, False)

      File "/opt/stack/tempest/tempest/api/volume/admin/test_multi_backend.py", line 74, in _create_type_and_volume
    cls.volume = cls.create_volume(**params)
                 ^^^^^^^^^^^^^^^^^^^^^^^^^^^

      File "/opt/stack/tempest/tempest/api/volume/base.py", line 144, in create_volume
    waiters.wait_for_volume_resource_status(self.volumes_client,

      File "/opt/stack/tempest/tempest/common/waiters.py", line 379, in wait_for_volume_resource_status
    raise exceptions.VolumeResourceBuildErrorException(

    tempest.exceptions.VolumeResourceBuildErrorException: volume 1df1a943-8384-4779-89ad-3bc5e9cbb365 failed to build and is in ERROR status

{0} tempest.api.volume.admin.test_qos.QosSpecsTestJSON.test_associate_disassociate_qos [0.554918s] ... ok
{0} tempest.api.volume.admin.test_qos.QosSpecsTestJSON.test_create_delete_qos_with_back_end_consumer [0.145264s] ... ok
{0} tempest.api.volume.admin.test_qos.QosSpecsTestJSON.test_create_delete_qos_with_both_consumer [0.154322s] ... ok
{0} tempest.api.volume.admin.test_qos.QosSpecsTestJSON.test_create_delete_qos_with_front_end_consumer [0.144220s] ... ok
{0} tempest.api.volume.admin.test_qos.QosSpecsTestJSON.test_get_qos [0.017598s] ... ok
{0} tempest.api.volume.admin.test_qos.QosSpecsTestJSON.test_list_qos [0.015479s] ... ok
{0} tempest.api.volume.admin.test_qos.QosSpecsTestJSON.test_set_unset_qos_key [0.107632s] ... ok
{0} setUpClass (tempest.api.volume.admin.test_snapshots_actions.SnapshotsActionsTest) [0.000000s] ... FAILED

Captured traceback:
~~~~~~~~~~~~~~~~~~~
    Traceback (most recent call last):

      File "/opt/stack/tempest/tempest/test.py", line 185, in setUpClass
    raise value.with_traceback(trace)

      File "/opt/stack/tempest/tempest/test.py", line 178, in setUpClass
    cls.resource_setup()

      File "/opt/stack/tempest/tempest/api/volume/admin/test_snapshots_actions.py", line 38, in resource_setup
    cls.volume = cls.create_volume()
                 ^^^^^^^^^^^^^^^^^^^

      File "/opt/stack/tempest/tempest/api/volume/base.py", line 144, in create_volume
    waiters.wait_for_volume_resource_status(self.volumes_client,

      File "/opt/stack/tempest/tempest/common/waiters.py", line 379, in wait_for_volume_resource_status
    raise exceptions.VolumeResourceBuildErrorException(

    tempest.exceptions.VolumeResourceBuildErrorException: volume a12d868b-4be3-41b6-bf54-9c63f509ba2f failed to build and is in ERROR status

{0} tempest.api.volume.admin.test_user_messages.UserMessagesTest.test_delete_message [1.800787s] ... ok
{0} tempest.api.volume.admin.test_user_messages.UserMessagesTest.test_list_show_messages [1.693366s] ... ok
{0} tempest.api.volume.admin.test_volume_hosts.VolumeHostsAdminTestsJSON.test_list_hosts [0.116554s] ... ok
{0} tempest.api.volume.admin.test_volume_hosts.VolumeHostsAdminTestsJSON.test_show_host [0.161402s] ... ok
{0} setUpClass (tempest.api.volume.admin.test_volume_manage.VolumeManageAdminTest) ... SKIPPED: Manage volume tests are disabled
{0} tempest.api.volume.admin.test_volume_pools.VolumePoolsAdminTestsJSON.test_get_pools_with_details [0.617889s] ... FAILED

Captured traceback:
~~~~~~~~~~~~~~~~~~~
    Traceback (most recent call last):

      File "/opt/stack/tempest/tempest/api/volume/admin/test_volume_pools.py", line 44, in test_get_pools_with_details
    self._assert_pools(with_detail=True)

      File "/opt/stack/tempest/tempest/api/volume/admin/test_volume_pools.py", line 29, in _assert_pools
    self.assertNotEmpty(cinder_pools, "no cinder pools listed.")

      File "/opt/stack/tempest/tempest/test.py", line 949, in assertNotEmpty
    self.assertTrue(items, msg)

      File "/usr/lib/python3.12/unittest/case.py", line 727, in assertTrue
    raise self.failureException(msg)

    AssertionError: [] is not true : no cinder pools listed.


Captured pythonlogging:
~~~~~~~~~~~~~~~~~~~~~~~
    2026-05-06 00:49:01,812 124029 INFO     [tempest.lib.common.rest_client] Request (VolumePoolsAdminTestsJSON:test_get_pools_with_details): 200 GET http://10.132.44.209/volume/v3/scheduler-stats/get_pools?detail=True 0.597s
2026-05-06 00:49:01,812 124029 DEBUG    [tempest.lib.common.rest_client] Request - Headers: {'Content-Type': 'application/json', 'Accept': 'application/json', 'X-Auth-Token': '<omitted>'}
        Body: None
    Response - Headers: {'date': 'Wed, 06 May 2026 00:49:01 GMT', 'server': 'Apache/2.4.58 (Ubuntu)', 'content-type': 'application/json', 'x-compute-request-id': 'req-34c5d9bc-f6d8-45d1-9cb8-47e628d494b8', 'content-length': '13', 'openstack-api-version': 'volume 3.0', 'vary': 'OpenStack-API-Version', 'x-openstack-request-id': 'req-34c5d9bc-f6d8-45d1-9cb8-47e628d494b8', 'connection': 'close', 'status': '200', 'content-location': 'http://10.132.44.209/volume/v3/scheduler-stats/get_pools?detail=True'}
        Body: b'{"pools": []}'

{0} tempest.api.volume.admin.test_volume_pools.VolumePoolsAdminTestsJSON.test_get_pools_without_details [0.524173s] ... FAILED

Captured traceback:
~~~~~~~~~~~~~~~~~~~
    Traceback (most recent call last):

      File "/opt/stack/tempest/tempest/api/volume/admin/test_volume_pools.py", line 39, in test_get_pools_without_details
    self._assert_pools()

      File "/opt/stack/tempest/tempest/api/volume/admin/test_volume_pools.py", line 29, in _assert_pools
    self.assertNotEmpty(cinder_pools, "no cinder pools listed.")

      File "/opt/stack/tempest/tempest/test.py", line 949, in assertNotEmpty
    self.assertTrue(items, msg)

      File "/usr/lib/python3.12/unittest/case.py", line 727, in assertTrue
    raise self.failureException(msg)

    AssertionError: [] is not true : no cinder pools listed.


Captured pythonlogging:
~~~~~~~~~~~~~~~~~~~~~~~
    2026-05-06 00:49:02,352 124029 INFO     [tempest.lib.common.rest_client] Request (VolumePoolsAdminTestsJSON:test_get_pools_without_details): 200 GET http://10.132.44.209/volume/v3/scheduler-stats/get_pools 0.518s
2026-05-06 00:49:02,352 124029 DEBUG    [tempest.lib.common.rest_client] Request - Headers: {'Content-Type': 'application/json', 'Accept': 'application/json', 'X-Auth-Token': '<omitted>'}
        Body: None
    Response - Headers: {'date': 'Wed, 06 May 2026 00:49:01 GMT', 'server': 'Apache/2.4.58 (Ubuntu)', 'content-type': 'application/json', 'x-compute-request-id': 'req-286f4828-950d-43ae-802d-ad187024b65e', 'content-length': '13', 'openstack-api-version': 'volume 3.0', 'vary': 'OpenStack-API-Version', 'x-openstack-request-id': 'req-286f4828-950d-43ae-802d-ad187024b65e', 'connection': 'close', 'status': '200', 'content-location': 'http://10.132.44.209/volume/v3/scheduler-stats/get_pools'}
        Body: b'{"pools": []}'

{0} tempest.api.volume.admin.test_volume_quota_classes.VolumeQuotaClassesTest.test_show_default_quota [0.119738s] ... ok
{0} tempest.api.volume.admin.test_volume_quota_classes.VolumeQuotaClassesTest.test_update_default_quota [0.694398s] ... ok
{0} tempest.api.volume.admin.test_volume_quotas.VolumeQuotasAdminTestJSON.test_delete_quota [0.262323s] ... ok
{0} tempest.api.volume.admin.test_volume_quotas.VolumeQuotasAdminTestJSON.test_list_default_quotas [0.029902s] ... ok
{0} tempest.api.volume.admin.test_volume_quotas.VolumeQuotasAdminTestJSON.test_list_quotas [0.030109s] ... ok
{0} tempest.api.volume.admin.test_volume_quotas.VolumeQuotasAdminTestJSON.test_quota_usage [1.658942s] ... FAILED

Captured traceback:
~~~~~~~~~~~~~~~~~~~
    Traceback (most recent call last):

      File "/opt/stack/tempest/tempest/api/volume/admin/test_volume_quotas.py", line 123, in test_quota_usage
    volume = self.create_volume()
             ^^^^^^^^^^^^^^^^^^^^

      File "/opt/stack/tempest/tempest/api/volume/base.py", line 144, in create_volume
    waiters.wait_for_volume_resource_status(self.volumes_client,

      File "/opt/stack/tempest/tempest/common/waiters.py", line 379, in wait_for_volume_resource_status
    raise exceptions.VolumeResourceBuildErrorException(

    tempest.exceptions.VolumeResourceBuildErrorException: volume 193cb741-77d5-4a7d-bc39-eb8b27632612 failed to build and is in ERROR status


Captured pythonlogging:
~~~~~~~~~~~~~~~~~~~~~~~
    2026-05-06 00:49:10,046 124029 INFO     [tempest.lib.common.rest_client] Request (VolumeQuotasAdminTestJSON:test_quota_usage): 200 GET http://10.132.44.209/volume/v3/os-quota-sets/f6a3f66f4902415fb038c01a3d08d4e3?usage=True 0.042s
2026-05-06 00:49:10,047 124029 DEBUG    [tempest.lib.common.rest_client] Request - Headers: {'Content-Type': 'application/json', 'Accept': 'application/json', 'X-Auth-Token': '<omitted>'}
        Body: None
    Response - Headers: {'date': 'Wed, 06 May 2026 00:49:10 GMT', 'server': 'Apache/2.4.58 (Ubuntu)', 'content-type': 'application/json', 'x-compute-request-id': 'req-307abef3-72a6-4a4f-906d-c5cde5b8f668', 'content-length': '1254', 'openstack-api-version': 'volume 3.0', 'vary': 'OpenStack-API-Version', 'x-openstack-request-id': 'req-307abef3-72a6-4a4f-906d-c5cde5b8f668', 'connection': 'close', 'status': '200', 'content-location': 'http://10.132.44.209/volume/v3/os-quota-sets/f6a3f66f4902415fb038c01a3d08d4e3?usage=True'}
        Body: b'{"quota_set": {"volumes": {"limit": 10, "in_use": 0, "reserved": 0}, "per_volume_gigabytes": {"limit": -1, "in_use": 0, "reserved": 0}, "snapshots": {"limit": 10, "in_use": 0, "reserved": 0}, "gigabytes": {"limit": 1000, "in_use": 0, "reserved": 0}, "backups": {"limit": 10, "in_use": 0, "reserved": 0}, "backup_gigabytes": {"limit": 1000, "in_use": 0, "reserved": 0}, "volumes_arcusfc2": {"limit": -1, "in_use": 0, "reserved": 0}, "gigabytes_arcusfc2": {"limit": -1, "in_use": 0, "reserved": 0}, "snapshots_arcusfc2": {"limit": -1, "in_use": 0, "reserved": 0}, "volumes_arcusfc1": {"limit": -1, "in_use": 0, "reserved": 0}, "gigabytes_arcusfc1": {"limit": -1, "in_use": 0, "reserved": 0}, "snapshots_arcusfc1": {"limit": -1, "in_use": 0, "reserved": 0}, "volumes_lvmdriver-1": {"limit": -1, "in_use": 0, "reserved": 0}, "gigabytes_lvmdriver-1": {"limit": -1, "in_use": 0, "reserved": 0}, "snapshots_lvmdriver-1": {"limit": -1, "in_use": 0, "reserved": 0}, "volumes___DEFAULT__": {"limit": -1, "in_use": 0, "reserved": 0}, "gigabytes___DEFAULT__": {"limit": -1, "in_use": 0, "reserved": 0}, "snapshots___DEFAULT__": {"limit": -1, "in_use": 0, "reserved": 0}, "groups": {"limit": 10, "in_use": 0, "reserved": 0}, "id": "f6a3f66f4902415fb038c01a3d08d4e3"}}'
2026-05-06 00:49:10,372 124029 INFO     [tempest.lib.common.rest_client] Request (VolumeQuotasAdminTestJSON:test_quota_usage): 202 POST http://10.132.44.209/volume/v3/volumes 0.315s
2026-05-06 00:49:10,372 124029 DEBUG    [tempest.lib.common.rest_client] Request - Headers: {'Content-Type': 'application/json', 'Accept': 'application/json', 'X-Auth-Token': '<omitted>'}
        Body: {"volume": {"size": 1, "name": "tempest-VolumeQuotasAdminTestJSON-Volume-1260592657"}}
    Response - Headers: {'date': 'Wed, 06 May 2026 00:49:10 GMT', 'server': 'Apache/2.4.58 (Ubuntu)', 'content-type': 'application/json', 'x-compute-request-id': 'req-8bdc6be1-b179-42bd-9158-5ad0baea6e52', 'content-length': '760', 'openstack-api-version': 'volume 3.0', 'vary': 'OpenStack-API-Version', 'x-openstack-request-id': 'req-8bdc6be1-b179-42bd-9158-5ad0baea6e52', 'connection': 'close', 'status': '202', 'content-location': 'http://10.132.44.209/volume/v3/volumes'}
        Body: b'{"volume": {"id": "193cb741-77d5-4a7d-bc39-eb8b27632612", "status": "creating", "size": 1, "availability_zone": "nova", "created_at": "2026-05-06T00:49:10.288988", "updated_at": null, "name": "tempest-VolumeQuotasAdminTestJSON-Volume-1260592657", "description": null, "volume_type": "arcusfc1", "snapshot_id": null, "source_volid": null, "metadata": {}, "links": [{"rel": "self", "href": "http://10.132.44.209/volume/v3/volumes/193cb741-77d5-4a7d-bc39-eb8b27632612"}, {"rel": "bookmark", "href": "http://10.132.44.209/volume/volumes/193cb741-77d5-4a7d-bc39-eb8b27632612"}], "user_id": "e1a97ad9e64d45198b0be0d191d1f9f3", "bootable": "false", "encrypted": false, "replication_status": null, "consistencygroup_id": null, "multiattach": false, "attachments": []}}'
2026-05-06 00:49:10,429 124029 INFO     [tempest.lib.common.rest_client] Request (VolumeQuotasAdminTestJSON:test_quota_usage): 200 GET h
    ttp://10.132.44.209/volume/v3/volumes/193cb741-77d5-4a7d-bc39-eb8b27632612 0.044s
2026-05-06 00:49:10,429 124029 DEBUG    [tempest.lib.common.rest_client] Request - Headers: {'Content-Type': 'application/json', 'Accept': 'application/json', 'X-Auth-Token': '<omitted>'}
        Body: None
    Response - Headers: {'date': 'Wed, 06 May 2026 00:49:10 GMT', 'server': 'Apache/2.4.58 (Ubuntu)', 'content-type': 'application/json', 'x-compute-request-id': 'req-20456886-954d-433c-8682-87cc5bf6471c', 'content-length': '828', 'openstack-api-version': 'volume 3.0', 'vary': 'OpenStack-API-Version', 'x-openstack-request-id': 'req-20456886-954d-433c-8682-87cc5bf6471c', 'connection': 'close', 'status': '200', 'content-location': 'http://10.132.44.209/volume/v3/volumes/193cb741-77d5-4a7d-bc39-eb8b27632612'}
        Body: b'{"volume": {"id": "193cb741-77d5-4a7d-bc39-eb8b27632612", "status": "creating", "size": 1, "availability_zone": "nova", "created_at": "2026-05-06T00:49:10.000000", "updated_at": null, "name": "tempest-VolumeQuotasAdminTestJSON-Volume-1260592657", "description": null, "volume_type": "arcusfc1", "snapshot_id": null, "source_volid": null, "metadata": {}, "links": [{"rel": "self", "href": "http://10.132.44.209/volume/v3/volumes/193cb741-77d5-4a7d-bc39-eb8b27632612"}, {"rel": "bookmark", "href": "http://10.132.44.209/volume/volumes/193cb741-77d5-4a7d-bc39-eb8b27632612"}], "user_id": "e1a97ad9e64d45198b0be0d191d1f9f3", "bootable": "false", "encrypted": false, "replication_status": null, "consistencygroup_id": null, "multiattach": false, "attachments": [], "os-vol-tenant-attr:tenant_id": "f6a3f66f4902415fb038c01a3d08d4e3"}}'
2026-05-06 00:49:11,484 124029 INFO     [tempest.lib.common.rest_client] Request (VolumeQuotasAdminTestJSON:test_quota_usage): 200 GET http://10.132.44.209/volume/v3/volumes/193cb741-77d5-4a7d-bc39-eb8b27632612 0.041s
2026-05-06 00:49:11,485 124029 DEBUG    [tempest.lib.common.rest_client] Request - Headers: {'Content-Type': 'application/json', 'Accept': 'application/json', 'X-Auth-Token': '<omitted>'}
        Body: None
    Response - Headers: {'date': 'Wed, 06 May 2026 00:49:11 GMT', 'server': 'Apache/2.4.58 (Ubuntu)', 'content-type': 'application/json', 'x-compute-request-id': 'req-96c99ac8-fae0-4acc-a512-2e7ed3cde771', 'content-length': '849', 'openstack-api-version': 'volume 3.0', 'vary': 'OpenStack-API-Version', 'x-openstack-request-id': 'req-96c99ac8-fae0-4acc-a512-2e7ed3cde771', 'connection': 'close', 'status': '200', 'content-location': 'http://10.132.44.209/volume/v3/volumes/193cb741-77d5-4a7d-bc39-eb8b27632612'}
        Body: b'{"volume": {"id": "193cb741-77d5-4a7d-bc39-eb8b27632612", "status": "error", "size": 1, "availability_zone": "nova", "created_at": "2026-05-06T00:49:10.000000", "updated_at": "2026-05-06T00:49:10.000000", "name": "tempest-VolumeQuotasAdminTestJSON-Volume-1260592657", "description": null, "volume_type": "arcusfc1", "snapshot_id": null, "source_volid": null, "metadata": {}, "links": [{"rel": "self", "href": "http://10.132.44.209/volume/v3/volumes/193cb741-77d5-4a7d-bc39-eb8b27632612"}, {"rel": "bookmark", "href": "http://10.132.44.209/volume/volumes/193cb741-77d5-4a7d-bc39-eb8b27632612"}], "user_id": "e1a97ad9e64d45198b0be0d191d1f9f3", "bootable": "false", "encrypted": false, "replication_status": null, "consistencygroup_id": null, "multiattach": false, "attachments": [], "os-vol-tenant-attr:tenant_id": "f6a3f66f4902415fb038c01a3d08d4e3"}}'
2026-05-06 00:49:11,530 124029 INFO     [tempest.lib.common.rest_client] Request (VolumeQuotasAdminTestJSON:_run_cleanups): 200 GET http://10.132.44.209/volume/v3/volumes/193cb741-77d5-4a7d-bc39-eb8b27632612 0.036s
2026-05-06 00:49:11,531 124029 DEBUG    [tempest.lib.common.rest_client] Request - Headers: {'Content-Type': 'application/json', 'Accept': 'application/json', 'X-Auth-Token': '<omitted>'}
        Body: None
    Response - Headers: {'date': 'Wed, 06 May 2026 00:49:11 GMT', 'server': 'Apache/2.4.58 (Ubuntu)', 'content-type': 'application/json', 'x-compute-request-id': 'req-73f0e78d-8099-40ff-ae1b-992a228604d4', 'content-length':
     '849', 'openstack-api-version': 'volume 3.0', 'vary': 'OpenStack-API-Version', 'x-openstack-request-id': 'req-73f0e78d-8099-40ff-ae1b-992a228604d4', 'connection': 'close', 'status': '200', 'content-location': 'http://10.132.44.209/volume/v3/volumes/193cb741-77d5-4a7d-bc39-eb8b27632612'}
        Body: b'{"volume": {"id": "193cb741-77d5-4a7d-bc39-eb8b27632612", "status": "error", "size": 1, "availability_zone": "nova", "created_at": "2026-05-06T00:49:10.000000", "updated_at": "2026-05-06T00:49:10.000000", "name": "tempest-VolumeQuotasAdminTestJSON-Volume-1260592657", "description": null, "volume_type": "arcusfc1", "snapshot_id": null, "source_volid": null, "metadata": {}, "links": [{"rel": "self", "href": "http://10.132.44.209/volume/v3/volumes/193cb741-77d5-4a7d-bc39-eb8b27632612"}, {"rel": "bookmark", "href": "http://10.132.44.209/volume/volumes/193cb741-77d5-4a7d-bc39-eb8b27632612"}], "user_id": "e1a97ad9e64d45198b0be0d191d1f9f3", "bootable": "false", "encrypted": false, "replication_status": null, "consistencygroup_id": null, "multiattach": false, "attachments": [], "os-vol-tenant-attr:tenant_id": "f6a3f66f4902415fb038c01a3d08d4e3"}}'
2026-05-06 00:49:11,645 124029 INFO     [tempest.lib.common.rest_client] Request (VolumeQuotasAdminTestJSON:_run_cleanups): 202 DELETE http://10.132.44.209/volume/v3/volumes/193cb741-77d5-4a7d-bc39-eb8b27632612 0.097s
2026-05-06 00:49:11,645 124029 DEBUG    [tempest.lib.common.rest_client] Request - Headers: {'Content-Type': 'application/json', 'Accept': 'application/json', 'X-Auth-Token': '<omitted>'}
        Body: None
    Response - Headers: {'date': 'Wed, 06 May 2026 00:49:11 GMT', 'server': 'Apache/2.4.58 (Ubuntu)', 'content-length': '0', 'content-type': 'text/html; charset=UTF-8', 'openstack-api-version': 'volume 3.0', 'vary': 'OpenStack-API-Version', 'x-openstack-request-id': 'req-2984eb19-6b6f-4b9b-a35d-4abc64dddd0a', 'connection': 'close', 'status': '202', 'content-location': 'http://10.132.44.209/volume/v3/volumes/193cb741-77d5-4a7d-bc39-eb8b27632612'}
        Body: b''
2026-05-06 00:49:11,661 124029 INFO     [tempest.lib.common.rest_client] Request (VolumeQuotasAdminTestJSON:_run_cleanups): 404 GET http://10.132.44.209/volume/v3/volumes/193cb741-77d5-4a7d-bc39-eb8b27632612 0.016s
2026-05-06 00:49:11,662 124029 DEBUG    [tempest.lib.common.rest_client] Request - Headers: {'Content-Type': 'application/json', 'Accept': 'application/json', 'X-Auth-Token': '<omitted>'}
        Body: None
    Response - Headers: {'date': 'Wed, 06 May 2026 00:49:11 GMT', 'server': 'Apache/2.4.58 (Ubuntu)', 'openstack-api-version': 'volume 3.0', 'vary': 'OpenStack-API-Version', 'content-length': '109', 'content-type': 'application/json', 'x-compute-request-id': 'req-e075b387-22d5-4a43-a4d1-0404a536e6a9', 'x-openstack-request-id': 'req-e075b387-22d5-4a43-a4d1-0404a536e6a9', 'connection': 'close', 'status': '404', 'content-location': 'http://10.132.44.209/volume/v3/volumes/193cb741-77d5-4a7d-bc39-eb8b27632612'}
        Body: b'{"itemNotFound": {"code": 404, "message": "Volume 193cb741-77d5-4a7d-bc39-eb8b27632612 could not be found."}}'

{0} tempest.api.volume.admin.test_volume_quotas.VolumeQuotasAdminTestJSON.test_quota_usage_after_volume_transfer [1.460999s] ... FAILED

Captured traceback:
~~~~~~~~~~~~~~~~~~~
    Traceback (most recent call last):

      File "/opt/stack/tempest/tempest/api/volume/admin/test_volume_quotas.py", line 141, in test_quota_usage_after_volume_transfer
    volume = self.create_volume()
             ^^^^^^^^^^^^^^^^^^^^

      File "/opt/stack/tempest/tempest/api/volume/base.py", line 144, in create_volume
    waiters.wait_for_volume_resource_status(self.volumes_client,

      File "/opt/stack/tempest/tempest/common/waiters.py", line 379, in wait_for_volume_resource_status
    raise exceptions.VolumeResourceBuildErrorException(

    tempest.exceptions.VolumeResourceBuildErrorException: volume 97ec193f-4d36-4c62-9d59-0ea5403ffa3e failed to build and is in ERROR status


Captured pythonlogging:
~~~~~~~~~~~~~~~~~~~~~~~
    2026-05-06 00:49:11,866 124029 INFO     [tempest.lib.common.rest_client] Request (VolumeQuotasAdminTestJSON:test_quota_usage_after_volume_transfer): 202 POST http://10.132.44.209/volume/v3/volumes 0.201s
2026-05-06 00:49:11,867 124029 DEBUG    [tempest.lib.common.rest_client] Request - Headers: {'Content-Type': 'application/json', 'Accept': 'application/json', 'X-Auth-Token': '<omitted>'}
        Body: {"volume": {"size": 1, "name": "tempest-VolumeQuotasAdminTestJSON-Volume-203043288"}}
    Response - Headers: {'date': 'Wed, 06 May 2026 00:49:11 GMT', 'server': 'Apache/2.4.58 (Ubuntu)', 'content-type': 'application/json', 'x-compute-request-id': 'req-4762a94e-e849-4634-852e-511a475a50cb', 'content-length': '759', 'openstack-api-version': 'volume 3.0', 'vary': 'OpenStack-API-Version', 'x-openstack-request-id': 'req-4762a94e-e849-4634-852e-511a475a50cb', 'connection': 'close', 'status': '202', 'content-location': 'http://10.132.44.209/volume/v3/volumes'}
        Body: b'{"volume": {"id": "97ec193f-4d36-4c62-9d59-0ea5403ffa3e", "status": "creating", "size": 1, "availability_zone": "nova", "created_at": "2026-05-06T00:49:11.789850", "updated_at": null, "name": "tempest-VolumeQuotasAdminTestJSON-Volume-203043288", "description": null, "volume_type": "arcusfc1", "snapshot_id": null, "source_volid": null, "metadata": {}, "links": [{"rel": "self", "href": "http://10.132.44.209/volume/v3/volumes/97ec193f-4d36-4c62-9d59-0ea5403ffa3e"}, {"rel": "bookmark", "href": "http://10.132.44.209/volume/volumes/97ec193f-4d36-4c62-9d59-0ea5403ffa3e"}], "user_id": "e1a97ad9e64d45198b0be0d191d1f9f3", "bootable": "false", "encrypted": false, "replication_status": null, "consistencygroup_id": null, "multiattach": false, "attachments": []}}'
2026-05-06 00:49:11,919 124029 INFO     [tempest.lib.common.rest_client] Request (VolumeQuotasAdminTestJSON:test_quota_usage_after_volume_transfer): 200 GET http://10.132.44.209/volume/v3/volumes/97ec193f-4d36-4c62-9d59-0ea5403ffa3e 0.041s
2026-05-06 00:49:11,920 124029 DEBUG    [tempest.lib.common.rest_client] Request - Headers: {'Content-Type': 'application/json', 'Accept': 'application/json', 'X-Auth-Token': '<omitted>'}
        Body: None
    Response - Headers: {'date': 'Wed, 06 May 2026 00:49:11 GMT', 'server': 'Apache/2.4.58 (Ubuntu)', 'content-type': 'application/json', 'x-compute-request-id': 'req-2925ff3f-452e-4171-a9e2-051cd950e5bc', 'content-length': '827', 'openstack-api-version': 'volume 3.0', 'vary': 'OpenStack-API-Version', 'x-openstack-request-id': 'req-2925ff3f-452e-4171-a9e2-051cd950e5bc', 'connection': 'close', 'status': '200', 'content-location': 'http://10.132.44.209/volume/v3/volumes/97ec193f-4d36-4c62-9d59-0ea5403ffa3e'}
        Body: b'{"volume": {"id": "97ec193f-4d36-4c62-9d59-0ea5403ffa3e", "status": "creating", "size": 1, "availability_zone": "nova", "created_at": "2026-05-06T00:49:12.000000", "updated_at": null, "name": "tempest-VolumeQuotasAdminTestJSON-Volume-203043288", "description": null, "volume_type": "arcusfc1", "snapshot_id": null, "source_volid": null, "metadata": {}, "links": [{"rel": "self", "href": "http://10.132.44.209/volume/v3/volumes/97ec193f-4d36-4c62-9d59-0ea5403ffa3e"}, {"rel": "bookmark", "href": "http://10.132.44.209/volume/volumes/97ec193f-4d36-4c62-9d59-0ea5403ffa3e"}], "user_id": "e1a97ad9e64d45198b0be0d191d1f9f3", "bootable": "false", "encrypted": false, "replication_status": null, "consistencygroup_id": null, "multiattach": false, "attachments": [], "os-vol-tenant-attr:tenant_id": "f6a3f66f4902415fb038c01a3d08d4e3"}}'
2026-05-06 00:49:12,970 124029 INFO     [tempest.lib.common.rest_client] Request (VolumeQuotasAdminTestJSON:test_quota_usage_after_volume_transfer): 200 GET http://10.132.44.209/volume/v3/volumes/97ec193f-4d36-4c62-9d59-0ea5403ffa3e 0.041s
2026-05-06 00:49:12,970 124029 DEBUG    [tempest.lib.common.rest_client] Request - Headers: {'Content-Type': 'application/json', 'Accept': 'application/json', 'X-Auth-Token': '<omitted>'}
        Body: None
    Response - Headers: {'date': 'Wed, 06 May 2026 00:49:12 GMT', 'server': 'Apache/2.4.58 (Ubuntu)',
     'content-type': 'application/json', 'x-compute-request-id': 'req-9c4271f0-80e9-428f-8f66-b06027656e58', 'content-length': '848', 'openstack-api-version': 'volume 3.0', 'vary': 'OpenStack-API-Version', 'x-openstack-request-id': 'req-9c4271f0-80e9-428f-8f66-b06027656e58', 'connection': 'close', 'status': '200', 'content-location': 'http://10.132.44.209/volume/v3/volumes/97ec193f-4d36-4c62-9d59-0ea5403ffa3e'}
        Body: b'{"volume": {"id": "97ec193f-4d36-4c62-9d59-0ea5403ffa3e", "status": "error", "size": 1, "availability_zone": "nova", "created_at": "2026-05-06T00:49:12.000000", "updated_at": "2026-05-06T00:49:12.000000", "name": "tempest-VolumeQuotasAdminTestJSON-Volume-203043288", "description": null, "volume_type": "arcusfc1", "snapshot_id": null, "source_volid": null, "metadata": {}, "links": [{"rel": "self", "href": "http://10.132.44.209/volume/v3/volumes/97ec193f-4d36-4c62-9d59-0ea5403ffa3e"}, {"rel": "bookmark", "href": "http://10.132.44.209/volume/volumes/97ec193f-4d36-4c62-9d59-0ea5403ffa3e"}], "user_id": "e1a97ad9e64d45198b0be0d191d1f9f3", "bootable": "false", "encrypted": false, "replication_status": null, "consistencygroup_id": null, "multiattach": false, "attachments": [], "os-vol-tenant-attr:tenant_id": "f6a3f66f4902415fb038c01a3d08d4e3"}}'
2026-05-06 00:49:13,011 124029 INFO     [tempest.lib.common.rest_client] Request (VolumeQuotasAdminTestJSON:_run_cleanups): 200 GET http://10.132.44.209/volume/v3/volumes/97ec193f-4d36-4c62-9d59-0ea5403ffa3e 0.030s
2026-05-06 00:49:13,012 124029 DEBUG    [tempest.lib.common.rest_client] Request - Headers: {'Content-Type': 'application/json', 'Accept': 'application/json', 'X-Auth-Token': '<omitted>'}
        Body: None
    Response - Headers: {'date': 'Wed, 06 May 2026 00:49:12 GMT', 'server': 'Apache/2.4.58 (Ubuntu)', 'content-type': 'application/json', 'x-compute-request-id': 'req-701461c7-ca8f-4c28-8b48-7a6965813cdb', 'content-length': '848', 'openstack-api-version': 'volume 3.0', 'vary': 'OpenStack-API-Version', 'x-openstack-request-id': 'req-701461c7-ca8f-4c28-8b48-7a6965813cdb', 'connection': 'close', 'status': '200', 'content-location': 'http://10.132.44.209/volume/v3/volumes/97ec193f-4d36-4c62-9d59-0ea5403ffa3e'}
        Body: b'{"volume": {"id": "97ec193f-4d36-4c62-9d59-0ea5403ffa3e", "status": "error", "size": 1, "availability_zone": "nova", "created_at": "2026-05-06T00:49:12.000000", "updated_at": "2026-05-06T00:49:12.000000", "name": "tempest-VolumeQuotasAdminTestJSON-Volume-203043288", "description": null, "volume_type": "arcusfc1", "snapshot_id": null, "source_volid": null, "metadata": {}, "links": [{"rel": "self", "href": "http://10.132.44.209/volume/v3/volumes/97ec193f-4d36-4c62-9d59-0ea5403ffa3e"}, {"rel": "bookmark", "href": "http://10.132.44.209/volume/volumes/97ec193f-4d36-4c62-9d59-0ea5403ffa3e"}], "user_id": "e1a97ad9e64d45198b0be0d191d1f9f3", "bootable": "false", "encrypted": false, "replication_status": null, "consistencygroup_id": null, "multiattach": false, "attachments": [], "os-vol-tenant-attr:tenant_id": "f6a3f66f4902415fb038c01a3d08d4e3"}}'
2026-05-06 00:49:13,108 124029 INFO     [tempest.lib.common.rest_client] Request (VolumeQuotasAdminTestJSON:_run_cleanups): 202 DELETE http://10.132.44.209/volume/v3/volumes/97ec193f-4d36-4c62-9d59-0ea5403ffa3e 0.090s
2026-05-06 00:49:13,108 124029 DEBUG    [tempest.lib.common.rest_client] Request - Headers: {'Content-Type': 'application/json', 'Accept': 'application/json', 'X-Auth-Token': '<omitted>'}
        Body: None
    Response - Headers: {'date': 'Wed, 06 May 2026 00:49:13 GMT', 'server': 'Apache/2.4.58 (Ubuntu)', 'content-length': '0', 'content-type': 'text/html; charset=UTF-8', 'openstack-api-version': 'volume 3.0', 'vary': 'OpenStack-API-Version', 'x-openstack-request-id': 'req-2d62bad0-2c80-4346-94f8-27f23dec36f0', 'connection': 'close', 'status': '202', 'content-location': 'http://10.132.44.209/volume/v3/volumes/97ec193f-4d36-4c62-9d59-0ea5403ffa3e'}
        Body: b''
2026-05-06 00:49:13,124 124029 INFO     [tempest.lib.common.rest_client] Request (VolumeQuotasAdminTestJSON:_run_cleanups): 40
    4 GET http://10.132.44.209/volume/v3/volumes/97ec193f-4d36-4c62-9d59-0ea5403ffa3e 0.015s
2026-05-06 00:49:13,124 124029 DEBUG    [tempest.lib.common.rest_client] Request - Headers: {'Content-Type': 'application/json', 'Accept': 'application/json', 'X-Auth-Token': '<omitted>'}
        Body: None
    Response - Headers: {'date': 'Wed, 06 May 2026 00:49:13 GMT', 'server': 'Apache/2.4.58 (Ubuntu)', 'openstack-api-version': 'volume 3.0', 'vary': 'OpenStack-API-Version', 'content-length': '109', 'content-type': 'application/json', 'x-compute-request-id': 'req-84831027-db23-4245-8b5f-91db1b96ac60', 'x-openstack-request-id': 'req-84831027-db23-4245-8b5f-91db1b96ac60', 'connection': 'close', 'status': '404', 'content-location': 'http://10.132.44.209/volume/v3/volumes/97ec193f-4d36-4c62-9d59-0ea5403ffa3e'}
        Body: b'{"itemNotFound": {"code": 404, "message": "Volume 97ec193f-4d36-4c62-9d59-0ea5403ffa3e could not be found."}}'

{0} tempest.api.volume.admin.test_volume_quotas.VolumeQuotasAdminTestJSON.test_show_quota_usage [0.047939s] ... ok
{0} tempest.api.volume.admin.test_volume_quotas.VolumeQuotasAdminTestJSON.test_update_all_quota_resources_for_tenant [0.215088s] ... ok
{0} setUpClass (tempest.api.volume.admin.test_volume_quotas_negative.VolumeQuotasNegativeTestJSON) [0.000000s] ... FAILED

Captured traceback:
~~~~~~~~~~~~~~~~~~~
    Traceback (most recent call last):

      File "/opt/stack/tempest/tempest/test.py", line 185, in setUpClass
    raise value.with_traceback(trace)

      File "/opt/stack/tempest/tempest/test.py", line 178, in setUpClass
    cls.resource_setup()

      File "/opt/stack/tempest/tempest/api/volume/admin/test_volume_quotas_negative.py", line 51, in resource_setup
    cls.volume = cls.create_volume()
                 ^^^^^^^^^^^^^^^^^^^

      File "/opt/stack/tempest/tempest/api/volume/base.py", line 144, in create_volume
    waiters.wait_for_volume_resource_status(self.volumes_client,

      File "/opt/stack/tempest/tempest/common/waiters.py", line 379, in wait_for_volume_resource_status
    raise exceptions.VolumeResourceBuildErrorException(

    tempest.exceptions.VolumeResourceBuildErrorException: volume b6b0920e-518a-453d-86cf-c2bb03ac8397 failed to build and is in ERROR status

{0} tempest.api.volume.admin.test_volume_retype.VolumeRetypeMultiattachTest.test_volume_retype_multiattach [1.573637s] ... FAILED

Captured traceback:
~~~~~~~~~~~~~~~~~~~
    Traceback (most recent call last):

      File "/opt/stack/tempest/tempest/api/volume/admin/test_volume_retype.py", line 247, in test_volume_retype_multiattach
    vol = self.create_volume(volume_type=self.src_vol_type['name'])
          ^^^^^^^^^^^^^^^^^^^^^^^^^^^^^^^^^^^^^^^^^^^^^^^^^^^^^^^^^

      File "/opt/stack/tempest/tempest/api/volume/base.py", line 144, in create_volume
    waiters.wait_for_volume_resource_status(self.volumes_client,

      File "/opt/stack/tempest/tempest/common/waiters.py", line 379, in wait_for_volume_resource_status
    raise exceptions.VolumeResourceBuildErrorException(

    tempest.exceptions.VolumeResourceBuildErrorException: volume 4faa73f9-b24c-4754-9475-69be4c475190 failed to build and is in ERROR status


Captured pythonlogging:
~~~~~~~~~~~~~~~~~~~~~~~
    2026-05-06 00:49:22,115 124029 INFO     [tempest.lib.common.rest_client] Request (VolumeRetypeMultiattachTest:test_volume_retype_multiattach): 202 POST http://10.132.44.209/volume/v3/volumes 0.301s
2026-05-06 00:49:22,116 124029 DEBUG    [tempest.lib.common.rest_client] Request - Headers: {'Content-Type': 'application/json', 'Accept': 'application/json', 'Openstack-Api-Version': 'volume 3.50', 'X-Auth-Token': '<omitted>'}
        Body: {"volume": {"volume_type": "tempest-VolumeRetypeMultiattachTest-volume-type-1463048720", "size": 1, "name": "tempest-VolumeRetypeMultiattachTest-Volume-1457352681"}}
    Response - Headers: {'date': 'Wed, 06 May 2026 00:49:21 GMT', 'server': 'Apache/2.4.58 (Ubuntu)', 'content-type': 'application/json', 'x-compute-request-id': 'req-477f0833-ecad-4fd7-94bd-ffb2e5d8f8a0', 'content-length': '876', 'openstack-api-version': 'volume 3.50', 'vary': 'OpenStack-API-Version', 'x-openstack-request-id': 'req-477f0833-ecad-4fd7-94bd-ffb2e5d8f8a0', 'connection': 'close', 'status': '202', 'content-location': 'http://10.132.44.209/volume/v3/volumes'}
        Body: b'{"volume": {"id": "4faa73f9-b24c-4754-9475-69be4c475190", "status": "creating", "size": 1, "availability_zone": "nova", "created_at": "2026-05-06T00:49:22.042002", "updated_at": null, "name": "tempest-VolumeRetypeMultiattachTest-Volume-1457352681", "description": null, "volume_type": "tempest-VolumeRetypeMultiattachTest-volume-type-1463048720", "snapshot_id": null, "source_volid": null, "metadata": {}, "links": [{"rel": "self", "href": "http://10.132.44.209/volume/v3/volumes/4faa73f9-b24c-4754-9475-69be4c475190"}, {"rel": "bookmark", "href": "http://10.132.44.209/volume/volumes/4faa73f9-b24c-4754-9475-69be4c475190"}], "user_id": "7de758c808f940c5b703574c03df5d0b", "bootable": "false", "encrypted": false, "replication_status": null, "consistencygroup_id": null, "multiattach": false, "attachments": [], "group_id": null, "shared_targets": true, "service_uuid": null}}'
2026-05-06 00:49:22,169 124029 INFO     [tempest.lib.common.rest_client] Request (VolumeRetypeMultiattachTest:test_volume_retype_multiattach): 200 GET http://10.132.44.209/volume/v3/volumes/4faa73f9-b24c-4754-9475-69be4c475190 0.040s
2026-05-06 00:49:22,169 124029 DEBUG    [tempest.lib.common.rest_client] Request - Headers: {'Content-Type': 'application/json', 'Accept': 'application/json', 'Openstack-Api-Version': 'volume 3.50', 'X-Auth-Token': '<omitted>'}
        Body: None
    Response - Headers: {'date': 'Wed, 06 May 2026 00:49:22 GMT', 'server': 'Apache/2.4.58 (Ubuntu)', 'content-type': 'application/json', 'x-compute-request-id': 'req-7daa60e5-2ec8-4f07-8160-f972fcc6e2a3', 'content-length': '944', 'openstack-api-version': 'volume 3.50', 'vary': 'OpenStack-API-Version', 'x-openstack-request-id': 'req-7daa60e5-2ec8-4f07-8160-f972fcc6e2a3', 'connection': 'close', 'status': '200', 'content-location': 'http://10.132.44.209/volume/v3/volumes/4faa73f9-b24c-4754-9475-69be4c475190'}
        Body: b'{"volume": {"id": "4faa73f9-b24c-4754-9475-69be4c475190", "status": "creating", "size": 1, "availability_zone": "nova", "created_at": "2026-05-06T00:49:22.000000", "updated_at": null, "name": "tempest-VolumeRetypeMultiattachTest-Volume-1457352681", "description": null, "volume_type": "tempest-VolumeRetypeMultiattachTest-volume-type-1463048720", "snapshot_id": null, "source_volid": null, "metadata": {}, "links": [{"rel": "self", "href": "http://10.132.44.209/volume/v3/volumes/4faa73f9-b24c-4754-9475-69be4c475190"}, {"rel": "bookmark", "href": "http://10.132.44.209/volume/volumes/4faa73f9-b24c-4754-9475-69be4c475190"}], "user_id": "7de758c808f940c5b703574c03df5d0b", "bootable": "false", "encrypted": false, "replication_status": null, "consistencygroup_id": null, "multiattach": false, "attachments": [], "group_id": null, "shared_targets": true, "service_uuid": null, "os-vol-tenant-attr:tenant_id": "37a85d1373af4873888e4d916e877382"}}'
2026-05-06 00:49:23,221 124029 INFO     [tempest.lib.common.rest_client] Request (VolumeRetypeMultiattachTest:test_volume_retype_multiattach): 200 GET http://10.132
    .44.209/volume/v3/volumes/4faa73f9-b24c-4754-9475-69be4c475190 0.043s
2026-05-06 00:49:23,222 124029 DEBUG    [tempest.lib.common.rest_client] Request - Headers: {'Content-Type': 'application/json', 'Accept': 'application/json', 'Openstack-Api-Version': 'volume 3.50', 'X-Auth-Token': '<omitted>'}
        Body: None
    Response - Headers: {'date': 'Wed, 06 May 2026 00:49:23 GMT', 'server': 'Apache/2.4.58 (Ubuntu)', 'content-type': 'application/json', 'x-compute-request-id': 'req-c3964028-76f4-4ed1-92ed-04314070763a', 'content-length': '965', 'openstack-api-version': 'volume 3.50', 'vary': 'OpenStack-API-Version', 'x-openstack-request-id': 'req-c3964028-76f4-4ed1-92ed-04314070763a', 'connection': 'close', 'status': '200', 'content-location': 'http://10.132.44.209/volume/v3/volumes/4faa73f9-b24c-4754-9475-69be4c475190'}
        Body: b'{"volume": {"id": "4faa73f9-b24c-4754-9475-69be4c475190", "status": "error", "size": 1, "availability_zone": "nova", "created_at": "2026-05-06T00:49:22.000000", "updated_at": "2026-05-06T00:49:22.000000", "name": "tempest-VolumeRetypeMultiattachTest-Volume-1457352681", "description": null, "volume_type": "tempest-VolumeRetypeMultiattachTest-volume-type-1463048720", "snapshot_id": null, "source_volid": null, "metadata": {}, "links": [{"rel": "self", "href": "http://10.132.44.209/volume/v3/volumes/4faa73f9-b24c-4754-9475-69be4c475190"}, {"rel": "bookmark", "href": "http://10.132.44.209/volume/volumes/4faa73f9-b24c-4754-9475-69be4c475190"}], "user_id": "7de758c808f940c5b703574c03df5d0b", "bootable": "false", "encrypted": false, "replication_status": null, "consistencygroup_id": null, "multiattach": false, "attachments": [], "group_id": null, "shared_targets": true, "service_uuid": null, "os-vol-tenant-attr:tenant_id": "37a85d1373af4873888e4d916e877382"}}'
2026-05-06 00:49:23,269 124029 INFO     [tempest.lib.common.rest_client] Request (VolumeRetypeMultiattachTest:_run_cleanups): 200 GET http://10.132.44.209/volume/v3/volumes/4faa73f9-b24c-4754-9475-69be4c475190 0.029s
2026-05-06 00:49:23,269 124029 DEBUG    [tempest.lib.common.rest_client] Request - Headers: {'Content-Type': 'application/json', 'Accept': 'application/json', 'Openstack-Api-Version': 'volume 3.50', 'X-Auth-Token': '<omitted>'}
        Body: None
    Response - Headers: {'date': 'Wed, 06 May 2026 00:49:23 GMT', 'server': 'Apache/2.4.58 (Ubuntu)', 'content-type': 'application/json', 'x-compute-request-id': 'req-c04e3c8b-975e-4152-9da0-09fa61566636', 'content-length': '965', 'openstack-api-version': 'volume 3.50', 'vary': 'OpenStack-API-Version', 'x-openstack-request-id': 'req-c04e3c8b-975e-4152-9da0-09fa61566636', 'connection': 'close', 'status': '200', 'content-location': 'http://10.132.44.209/volume/v3/volumes/4faa73f9-b24c-4754-9475-69be4c475190'}
        Body: b'{"volume": {"id": "4faa73f9-b24c-4754-9475-69be4c475190", "status": "error", "size": 1, "availability_zone": "nova", "created_at": "2026-05-06T00:49:22.000000", "updated_at": "2026-05-06T00:49:22.000000", "name": "tempest-VolumeRetypeMultiattachTest-Volume-1457352681", "description": null, "volume_type": "tempest-VolumeRetypeMultiattachTest-volume-type-1463048720", "snapshot_id": null, "source_volid": null, "metadata": {}, "links": [{"rel": "self", "href": "http://10.132.44.209/volume/v3/volumes/4faa73f9-b24c-4754-9475-69be4c475190"}, {"rel": "bookmark", "href": "http://10.132.44.209/volume/volumes/4faa73f9-b24c-4754-9475-69be4c475190"}], "user_id": "7de758c808f940c5b703574c03df5d0b", "bootable": "false", "encrypted": false, "replication_status": null, "consistencygroup_id": null, "multiattach": false, "attachments": [], "group_id": null, "shared_targets": true, "service_uuid": null, "os-vol-tenant-attr:tenant_id": "37a85d1373af4873888e4d916e877382"}}'
2026-05-06 00:49:23,367 124029 INFO     [tempest.lib.common.rest_client] Request (VolumeRetypeMultiattachTest:_run_cleanups): 202 DELETE http://10.132.44.209/volume/v3/volumes/4faa73f9-b24c-4754-9475-69be4c475190 0.088s
2026-05-06 00:49:23,368 124029 DEBUG    [tempest.lib.common.rest_client] Request - Headers: {'Content-T
    ype': 'application/json', 'Accept': 'application/json', 'Openstack-Api-Version': 'volume 3.50', 'X-Auth-Token': '<omitted>'}
        Body: None
    Response - Headers: {'date': 'Wed, 06 May 2026 00:49:23 GMT', 'server': 'Apache/2.4.58 (Ubuntu)', 'content-length': '0', 'content-type': 'text/html; charset=UTF-8', 'openstack-api-version': 'volume 3.50', 'vary': 'OpenStack-API-Version', 'x-openstack-request-id': 'req-f7d4bb39-7540-4fb7-9c7d-6c4dbbed7c7a', 'connection': 'close', 'status': '202', 'content-location': 'http://10.132.44.209/volume/v3/volumes/4faa73f9-b24c-4754-9475-69be4c475190'}
        Body: b''
2026-05-06 00:49:23,386 124029 INFO     [tempest.lib.common.rest_client] Request (VolumeRetypeMultiattachTest:_run_cleanups): 404 GET http://10.132.44.209/volume/v3/volumes/4faa73f9-b24c-4754-9475-69be4c475190 0.018s
2026-05-06 00:49:23,387 124029 DEBUG    [tempest.lib.common.rest_client] Request - Headers: {'Content-Type': 'application/json', 'Accept': 'application/json', 'Openstack-Api-Version': 'volume 3.50', 'X-Auth-Token': '<omitted>'}
        Body: None
    Response - Headers: {'date': 'Wed, 06 May 2026 00:49:23 GMT', 'server': 'Apache/2.4.58 (Ubuntu)', 'openstack-api-version': 'volume 3.50', 'vary': 'OpenStack-API-Version', 'content-length': '109', 'content-type': 'application/json', 'x-compute-request-id': 'req-d380d205-0ede-4062-a8ca-ac3ff8b61c6e', 'x-openstack-request-id': 'req-d380d205-0ede-4062-a8ca-ac3ff8b61c6e', 'connection': 'close', 'status': '404', 'content-location': 'http://10.132.44.209/volume/v3/volumes/4faa73f9-b24c-4754-9475-69be4c475190'}
        Body: b'{"itemNotFound": {"code": 404, "message": "Volume 4faa73f9-b24c-4754-9475-69be4c475190 could not be found."}}'

{0} tempest.api.volume.admin.test_volume_retype.VolumeRetypeWithoutMigrationTest.test_available_volume_retype [1.523453s] ... FAILED

Captured traceback:
~~~~~~~~~~~~~~~~~~~
    Traceback (most recent call last):

      File "/opt/stack/tempest/tempest/api/volume/admin/test_volume_retype.py", line 203, in test_available_volume_retype
    src_vol = self.create_volume(volume_type=self.src_vol_type['name'])
              ^^^^^^^^^^^^^^^^^^^^^^^^^^^^^^^^^^^^^^^^^^^^^^^^^^^^^^^^^

      File "/opt/stack/tempest/tempest/api/volume/base.py", line 144, in create_volume
    waiters.wait_for_volume_resource_status(self.volumes_client,

      File "/opt/stack/tempest/tempest/common/waiters.py", line 379, in wait_for_volume_resource_status
    raise exceptions.VolumeResourceBuildErrorException(

    tempest.exceptions.VolumeResourceBuildErrorException: volume ae34bdef-3259-44ab-adfc-2ae6980ca066 failed to build and is in ERROR status


Captured pythonlogging:
~~~~~~~~~~~~~~~~~~~~~~~
    2026-05-06 00:49:26,576 124029 INFO     [tempest.lib.common.rest_client] Request (VolumeRetypeWithoutMigrationTest:test_available_volume_retype): 202 POST http://10.132.44.209/volume/v3/volumes 0.266s
2026-05-06 00:49:26,577 124029 DEBUG    [tempest.lib.common.rest_client] Request - Headers: {'Content-Type': 'application/json', 'Accept': 'application/json', 'X-Auth-Token': '<omitted>'}
        Body: {"volume": {"volume_type": "volume-type-1", "size": 1, "name": "tempest-VolumeRetypeWithoutMigrationTest-Volume-1111866286"}}
    Response - Headers: {'date': 'Wed, 06 May 2026 00:49:26 GMT', 'server': 'Apache/2.4.58 (Ubuntu)', 'content-type': 'application/json', 'x-compute-request-id': 'req-2e52035f-20cd-4001-b764-6536207815d3', 'content-length': '772', 'openstack-api-version': 'volume 3.0', 'vary': 'OpenStack-API-Version', 'x-openstack-request-id': 'req-2e52035f-20cd-4001-b764-6536207815d3', 'connection': 'close', 'status': '202', 'content-location': 'http://10.132.44.209/volume/v3/volumes'}
        Body: b'{"volume": {"id": "ae34bdef-3259-44ab-adfc-2ae6980ca066", "status": "creating", "size": 1, "availability_zone": "nova", "created_at": "2026-05-06T00:49:26.516859", "updated_at": null, "name": "tempest-VolumeRetypeWithoutMigrationTest-Volume-1111866286", "description": null, "volume_type": "volume-type-1", "snapshot_id": null, "source_volid": null, "metadata": {}, "links": [{"rel": "self", "href": "http://10.132.44.209/volume/v3/volumes/ae34bdef-3259-44ab-adfc-2ae6980ca066"}, {"rel": "bookmark", "href": "http://10.132.44.209/volume/volumes/ae34bdef-3259-44ab-adfc-2ae6980ca066"}], "user_id": "fc218a4f76af4fa2b32414c882af2bf8", "bootable": "false", "encrypted": false, "replication_status": null, "consistencygroup_id": null, "multiattach": false, "attachments": []}}'
2026-05-06 00:49:26,622 124029 INFO     [tempest.lib.common.rest_client] Request (VolumeRetypeWithoutMigrationTest:test_available_volume_retype): 200 GET http://10.132.44.209/volume/v3/volumes/ae34bdef-3259-44ab-adfc-2ae6980ca066 0.039s
2026-05-06 00:49:26,623 124029 DEBUG    [tempest.lib.common.rest_client] Request - Headers: {'Content-Type': 'application/json', 'Accept': 'application/json', 'X-Auth-Token': '<omitted>'}
        Body: None
    Response - Headers: {'date': 'Wed, 06 May 2026 00:49:26 GMT', 'server': 'Apache/2.4.58 (Ubuntu)', 'content-type': 'application/json', 'x-compute-request-id': 'req-d9f1950b-c327-4fd0-aec8-6bedc294abf3', 'content-length': '840', 'openstack-api-version': 'volume 3.0', 'vary': 'OpenStack-API-Version', 'x-openstack-request-id': 'req-d9f1950b-c327-4fd0-aec8-6bedc294abf3', 'connection': 'close', 'status': '200', 'content-location': 'http://10.132.44.209/volume/v3/volumes/ae34bdef-3259-44ab-adfc-2ae6980ca066'}
        Body: b'{"volume": {"id": "ae34bdef-3259-44ab-adfc-2ae6980ca066", "status": "creating", "size": 1, "availability_zone": "nova", "created_at": "2026-05-06T00:49:27.000000", "updated_at": null, "name": "tempest-VolumeRetypeWithoutMigrationTest-Volume-1111866286", "description": null, "volume_type": "volume-type-1", "snapshot_id": null, "source_volid": null, "metadata": {}, "links": [{"rel": "self", "href": "http://10.132.44.209/volume/v3/volumes/ae34bdef-3259-44ab-adfc-2ae6980ca066"}, {"rel": "bookmark", "href": "http://10.132.44.209/volume/volumes/ae34bdef-3259-44ab-adfc-2ae6980ca066"}], "user_id": "fc218a4f76af4fa2b32414c882af2bf8", "bootable": "false", "encrypted": false, "replication_status": null, "consistencygroup_id": null, "multiattach": false, "attachments": [], "os-vol-tenant-attr:tenant_id": "938a6379f8734256b9c3985ac04cabfe"}}'
2026-05-06 00:49:27,674 124029 INFO     [tempest.lib.common.rest_client] Request (VolumeRetypeWithoutMigrationTest:test_available_volume_retype): 200 GET http://10.132.44.209/volume/v3/volumes/ae34bdef-3259-44ab-adfc-2ae6980ca066 0.040s
2026-05-06 00:49:27,674 124029 DEBUG    [tempest.lib.common.rest_client] Request - Headers: {'Content-Type': 'application/json', 'Accept': 'application/json', 'X-Auth-Token': '<omitted>'}
        Body: None
    Response - Headers: {'date': 'Wed, 06 Ma
    y 2026 00:49:27 GMT', 'server': 'Apache/2.4.58 (Ubuntu)', 'content-type': 'application/json', 'x-compute-request-id': 'req-33c73488-05c3-4077-af50-061b3cee2f41', 'content-length': '861', 'openstack-api-version': 'volume 3.0', 'vary': 'OpenStack-API-Version', 'x-openstack-request-id': 'req-33c73488-05c3-4077-af50-061b3cee2f41', 'connection': 'close', 'status': '200', 'content-location': 'http://10.132.44.209/volume/v3/volumes/ae34bdef-3259-44ab-adfc-2ae6980ca066'}
        Body: b'{"volume": {"id": "ae34bdef-3259-44ab-adfc-2ae6980ca066", "status": "error", "size": 1, "availability_zone": "nova", "created_at": "2026-05-06T00:49:27.000000", "updated_at": "2026-05-06T00:49:27.000000", "name": "tempest-VolumeRetypeWithoutMigrationTest-Volume-1111866286", "description": null, "volume_type": "volume-type-1", "snapshot_id": null, "source_volid": null, "metadata": {}, "links": [{"rel": "self", "href": "http://10.132.44.209/volume/v3/volumes/ae34bdef-3259-44ab-adfc-2ae6980ca066"}, {"rel": "bookmark", "href": "http://10.132.44.209/volume/volumes/ae34bdef-3259-44ab-adfc-2ae6980ca066"}], "user_id": "fc218a4f76af4fa2b32414c882af2bf8", "bootable": "false", "encrypted": false, "replication_status": null, "consistencygroup_id": null, "multiattach": false, "attachments": [], "os-vol-tenant-attr:tenant_id": "938a6379f8734256b9c3985ac04cabfe"}}'
2026-05-06 00:49:27,717 124029 INFO     [tempest.lib.common.rest_client] Request (VolumeRetypeWithoutMigrationTest:_run_cleanups): 200 GET http://10.132.44.209/volume/v3/volumes/ae34bdef-3259-44ab-adfc-2ae6980ca066 0.035s
2026-05-06 00:49:27,717 124029 DEBUG    [tempest.lib.common.rest_client] Request - Headers: {'Content-Type': 'application/json', 'Accept': 'application/json', 'X-Auth-Token': '<omitted>'}
        Body: None
    Response - Headers: {'date': 'Wed, 06 May 2026 00:49:27 GMT', 'server': 'Apache/2.4.58 (Ubuntu)', 'content-type': 'application/json', 'x-compute-request-id': 'req-66ab108b-86a7-4b42-8367-db0fe6004d6d', 'content-length': '861', 'openstack-api-version': 'volume 3.0', 'vary': 'OpenStack-API-Version', 'x-openstack-request-id': 'req-66ab108b-86a7-4b42-8367-db0fe6004d6d', 'connection': 'close', 'status': '200', 'content-location': 'http://10.132.44.209/volume/v3/volumes/ae34bdef-3259-44ab-adfc-2ae6980ca066'}
        Body: b'{"volume": {"id": "ae34bdef-3259-44ab-adfc-2ae6980ca066", "status": "error", "size": 1, "availability_zone": "nova", "created_at": "2026-05-06T00:49:27.000000", "updated_at": "2026-05-06T00:49:27.000000", "name": "tempest-VolumeRetypeWithoutMigrationTest-Volume-1111866286", "description": null, "volume_type": "volume-type-1", "snapshot_id": null, "source_volid": null, "metadata": {}, "links": [{"rel": "self", "href": "http://10.132.44.209/volume/v3/volumes/ae34bdef-3259-44ab-adfc-2ae6980ca066"}, {"rel": "bookmark", "href": "http://10.132.44.209/volume/volumes/ae34bdef-3259-44ab-adfc-2ae6980ca066"}], "user_id": "fc218a4f76af4fa2b32414c882af2bf8", "bootable": "false", "encrypted": false, "replication_status": null, "consistencygroup_id": null, "multiattach": false, "attachments": [], "os-vol-tenant-attr:tenant_id": "938a6379f8734256b9c3985ac04cabfe"}}'
2026-05-06 00:49:27,813 124029 INFO     [tempest.lib.common.rest_client] Request (VolumeRetypeWithoutMigrationTest:_run_cleanups): 202 DELETE http://10.132.44.209/volume/v3/volumes/ae34bdef-3259-44ab-adfc-2ae6980ca066 0.085s
2026-05-06 00:49:27,814 124029 DEBUG    [tempest.lib.common.rest_client] Request - Headers: {'Content-Type': 'application/json', 'Accept': 'application/json', 'X-Auth-Token': '<omitted>'}
        Body: None
    Response - Headers: {'date': 'Wed, 06 May 2026 00:49:27 GMT', 'server': 'Apache/2.4.58 (Ubuntu)', 'content-length': '0', 'content-type': 'text/html; charset=UTF-8', 'openstack-api-version': 'volume 3.0', 'vary': 'OpenStack-API-Version', 'x-openstack-request-id': 'req-191aa650-2a58-40b8-9320-d0524c35e1fc', 'connection': 'close', 'status': '202', 'content-location': 'http://10.132.44.209/volume/v3/volumes/ae34bdef-3259-44ab-adfc-2ae6980ca066'}
        Body: b''
2026-05-06 00:49:27,832 12402
    9 INFO     [tempest.lib.common.rest_client] Request (VolumeRetypeWithoutMigrationTest:_run_cleanups): 404 GET http://10.132.44.209/volume/v3/volumes/ae34bdef-3259-44ab-adfc-2ae6980ca066 0.017s
2026-05-06 00:49:27,832 124029 DEBUG    [tempest.lib.common.rest_client] Request - Headers: {'Content-Type': 'application/json', 'Accept': 'application/json', 'X-Auth-Token': '<omitted>'}
        Body: None
    Response - Headers: {'date': 'Wed, 06 May 2026 00:49:27 GMT', 'server': 'Apache/2.4.58 (Ubuntu)', 'openstack-api-version': 'volume 3.0', 'vary': 'OpenStack-API-Version', 'content-length': '109', 'content-type': 'application/json', 'x-compute-request-id': 'req-389a5fd3-4a5a-49b8-a252-f1cceae2c301', 'x-openstack-request-id': 'req-389a5fd3-4a5a-49b8-a252-f1cceae2c301', 'connection': 'close', 'status': '404', 'content-location': 'http://10.132.44.209/volume/v3/volumes/ae34bdef-3259-44ab-adfc-2ae6980ca066'}
        Body: b'{"itemNotFound": {"code": 404, "message": "Volume ae34bdef-3259-44ab-adfc-2ae6980ca066 could not be found."}}'

{0} tempest.api.volume.admin.test_volume_services.VolumesServicesTestJSON.test_get_service_by_host_name [0.026368s] ... ok
{0} tempest.api.volume.admin.test_volume_services.VolumesServicesTestJSON.test_get_service_by_service_and_host_name [0.022811s] ... ok
{0} tempest.api.volume.admin.test_volume_services.VolumesServicesTestJSON.test_get_service_by_service_binary_name [0.016239s] ... ok
{0} tempest.api.volume.admin.test_volume_services.VolumesServicesTestJSON.test_get_service_by_volume_host_name [1.571950s] ... FAILED

Captured traceback:
~~~~~~~~~~~~~~~~~~~
    Traceback (most recent call last):

      File "/opt/stack/tempest/tempest/api/volume/admin/test_volume_services.py", line 76, in test_get_service_by_volume_host_name
    volume_id = self.create_volume()['id']
                ^^^^^^^^^^^^^^^^^^^^

      File "/opt/stack/tempest/tempest/api/volume/base.py", line 144, in create_volume
    waiters.wait_for_volume_resource_status(self.volumes_client,

      File "/opt/stack/tempest/tempest/common/waiters.py", line 379, in wait_for_volume_resource_status
    raise exceptions.VolumeResourceBuildErrorException(

    tempest.exceptions.VolumeResourceBuildErrorException: volume 13ec4a88-c733-4c42-97f2-a10ade6a833a failed to build and is in ERROR status


Captured pythonlogging:
~~~~~~~~~~~~~~~~~~~~~~~
    2026-05-06 00:49:31,211 124029 INFO     [tempest.lib.common.rest_client] Request (VolumesServicesTestJSON:test_get_service_by_volume_host_name): 202 POST http://10.132.44.209/volume/v3/volumes 0.325s
2026-05-06 00:49:31,212 124029 DEBUG    [tempest.lib.common.rest_client] Request - Headers: {'Content-Type': 'application/json', 'Accept': 'application/json', 'X-Auth-Token': '<omitted>'}
        Body: {"volume": {"size": 1, "name": "tempest-VolumesServicesTestJSON-Volume-2116947763"}}
    Response - Headers: {'date': 'Wed, 06 May 2026 00:49:30 GMT', 'server': 'Apache/2.4.58 (Ubuntu)', 'content-type': 'application/json', 'x-compute-request-id': 'req-1eba86b8-24dc-4732-a7ee-1c2226c5cb9d', 'content-length': '758', 'openstack-api-version': 'volume 3.0', 'vary': 'OpenStack-API-Version', 'x-openstack-request-id': 'req-1eba86b8-24dc-4732-a7ee-1c2226c5cb9d', 'connection': 'close', 'status': '202', 'content-location': 'http://10.132.44.209/volume/v3/volumes'}
        Body: b'{"volume": {"id": "13ec4a88-c733-4c42-97f2-a10ade6a833a", "status": "creating", "size": 1, "availability_zone": "nova", "created_at": "2026-05-06T00:49:31.125561", "updated_at": null, "name": "tempest-VolumesServicesTestJSON-Volume-2116947763", "description": null, "volume_type": "arcusfc1", "snapshot_id": null, "source_volid": null, "metadata": {}, "links": [{"rel": "self", "href": "http://10.132.44.209/volume/v3/volumes/13ec4a88-c733-4c42-97f2-a10ade6a833a"}, {"rel": "bookmark", "href": "http://10.132.44.209/volume/volumes/13ec4a88-c733-4c42-97f2-a10ade6a833a"}], "user_id": "919e90e3447f4b1f9537eaa5dac3bebb", "bootable": "false", "encrypted": false, "replication_status": null, "consistencygroup_id": null, "multiattach": false, "attachments": []}}'
2026-05-06 00:49:31,265 124029 INFO     [tempest.lib.common.rest_client] Request (VolumesServicesTestJSON:test_get_service_by_volume_host_name): 200 GET http://10.132.44.209/volume/v3/volumes/13ec4a88-c733-4c42-97f2-a10ade6a833a 0.039s
2026-05-06 00:49:31,265 124029 DEBUG    [tempest.lib.common.rest_client] Request - Headers: {'Content-Type': 'application/json', 'Accept': 'application/json', 'X-Auth-Token': '<omitted>'}
        Body: None
    Response - Headers: {'date': 'Wed, 06 May 2026 00:49:31 GMT', 'server': 'Apache/2.4.58 (Ubuntu)', 'content-type': 'application/json', 'x-compute-request-id': 'req-228cebbf-7d41-494a-b613-9586a37ce63c', 'content-length': '826', 'openstack-api-version': 'volume 3.0', 'vary': 'OpenStack-API-Version', 'x-openstack-request-id': 'req-228cebbf-7d41-494a-b613-9586a37ce63c', 'connection': 'close', 'status': '200', 'content-location': 'http://10.132.44.209/volume/v3/volumes/13ec4a88-c733-4c42-97f2-a10ade6a833a'}
        Body: b'{"volume": {"id": "13ec4a88-c733-4c42-97f2-a10ade6a833a", "status": "creating", "size": 1, "availability_zone": "nova", "created_at": "2026-05-06T00:49:31.000000", "updated_at": null, "name": "tempest-VolumesServicesTestJSON-Volume-2116947763", "description": null, "volume_type": "arcusfc1", "snapshot_id": null, "source_volid": null, "metadata": {}, "links": [{"rel": "self", "href": "http://10.132.44.209/volume/v3/volumes/13ec4a88-c733-4c42-97f2-a10ade6a833a"}, {"rel": "bookmark", "href": "http://10.132.44.209/volume/volumes/13ec4a88-c733-4c42-97f2-a10ade6a833a"}], "user_id": "919e90e3447f4b1f9537eaa5dac3bebb", "bootable": "false", "encrypted": false, "replication_status": null, "consistencygroup_id": null, "multiattach": false, "attachments": [], "os-vol-tenant-attr:tenant_id": "2e19ee1396574eedb17adc2bcb7378ed"}}'
2026-05-06 00:49:32,309 124029 INFO     [tempest.lib.common.rest_client] Request (VolumesServicesTestJSON:test_get_service_by_volume_host_name): 200 GET http://10.132.44.209/volume/v3/volumes/13ec4a88-c733-4c42-97f2-a10ade6a833a 0.036s
2026-05-06 00:49:32,309 124029 DEBUG    [tempest.lib.common.rest_client] Request - Headers: {'Content-Type': 'application/json', 'Accept': 'application/json', 'X-Auth-Token': '<omitted>'}
        Body: None
    Response - Headers: {'date': 'Wed, 06 May 2026 00:49:32 GMT', 'server': 'Apache/2.4.58 (Ubuntu)', 'content-type'
    : 'application/json', 'x-compute-request-id': 'req-d25c873f-c62c-4dc6-962e-eada526fed3b', 'content-length': '847', 'openstack-api-version': 'volume 3.0', 'vary': 'OpenStack-API-Version', 'x-openstack-request-id': 'req-d25c873f-c62c-4dc6-962e-eada526fed3b', 'connection': 'close', 'status': '200', 'content-location': 'http://10.132.44.209/volume/v3/volumes/13ec4a88-c733-4c42-97f2-a10ade6a833a'}
        Body: b'{"volume": {"id": "13ec4a88-c733-4c42-97f2-a10ade6a833a", "status": "error", "size": 1, "availability_zone": "nova", "created_at": "2026-05-06T00:49:31.000000", "updated_at": "2026-05-06T00:49:31.000000", "name": "tempest-VolumesServicesTestJSON-Volume-2116947763", "description": null, "volume_type": "arcusfc1", "snapshot_id": null, "source_volid": null, "metadata": {}, "links": [{"rel": "self", "href": "http://10.132.44.209/volume/v3/volumes/13ec4a88-c733-4c42-97f2-a10ade6a833a"}, {"rel": "bookmark", "href": "http://10.132.44.209/volume/volumes/13ec4a88-c733-4c42-97f2-a10ade6a833a"}], "user_id": "919e90e3447f4b1f9537eaa5dac3bebb", "bootable": "false", "encrypted": false, "replication_status": null, "consistencygroup_id": null, "multiattach": false, "attachments": [], "os-vol-tenant-attr:tenant_id": "2e19ee1396574eedb17adc2bcb7378ed"}}'
2026-05-06 00:49:32,351 124029 INFO     [tempest.lib.common.rest_client] Request (VolumesServicesTestJSON:_run_cleanups): 200 GET http://10.132.44.209/volume/v3/volumes/13ec4a88-c733-4c42-97f2-a10ade6a833a 0.029s
2026-05-06 00:49:32,352 124029 DEBUG    [tempest.lib.common.rest_client] Request - Headers: {'Content-Type': 'application/json', 'Accept': 'application/json', 'X-Auth-Token': '<omitted>'}
        Body: None
    Response - Headers: {'date': 'Wed, 06 May 2026 00:49:32 GMT', 'server': 'Apache/2.4.58 (Ubuntu)', 'content-type': 'application/json', 'x-compute-request-id': 'req-deca210f-84ef-4650-a9d2-237b206a9f3a', 'content-length': '847', 'openstack-api-version': 'volume 3.0', 'vary': 'OpenStack-API-Version', 'x-openstack-request-id': 'req-deca210f-84ef-4650-a9d2-237b206a9f3a', 'connection': 'close', 'status': '200', 'content-location': 'http://10.132.44.209/volume/v3/volumes/13ec4a88-c733-4c42-97f2-a10ade6a833a'}
        Body: b'{"volume": {"id": "13ec4a88-c733-4c42-97f2-a10ade6a833a", "status": "error", "size": 1, "availability_zone": "nova", "created_at": "2026-05-06T00:49:31.000000", "updated_at": "2026-05-06T00:49:31.000000", "name": "tempest-VolumesServicesTestJSON-Volume-2116947763", "description": null, "volume_type": "arcusfc1", "snapshot_id": null, "source_volid": null, "metadata": {}, "links": [{"rel": "self", "href": "http://10.132.44.209/volume/v3/volumes/13ec4a88-c733-4c42-97f2-a10ade6a833a"}, {"rel": "bookmark", "href": "http://10.132.44.209/volume/volumes/13ec4a88-c733-4c42-97f2-a10ade6a833a"}], "user_id": "919e90e3447f4b1f9537eaa5dac3bebb", "bootable": "false", "encrypted": false, "replication_status": null, "consistencygroup_id": null, "multiattach": false, "attachments": [], "os-vol-tenant-attr:tenant_id": "2e19ee1396574eedb17adc2bcb7378ed"}}'
2026-05-06 00:49:32,438 124029 INFO     [tempest.lib.common.rest_client] Request (VolumesServicesTestJSON:_run_cleanups): 202 DELETE http://10.132.44.209/volume/v3/volumes/13ec4a88-c733-4c42-97f2-a10ade6a833a 0.079s
2026-05-06 00:49:32,438 124029 DEBUG    [tempest.lib.common.rest_client] Request - Headers: {'Content-Type': 'application/json', 'Accept': 'application/json', 'X-Auth-Token': '<omitted>'}
        Body: None
    Response - Headers: {'date': 'Wed, 06 May 2026 00:49:32 GMT', 'server': 'Apache/2.4.58 (Ubuntu)', 'content-length': '0', 'content-type': 'text/html; charset=UTF-8', 'openstack-api-version': 'volume 3.0', 'vary': 'OpenStack-API-Version', 'x-openstack-request-id': 'req-f18675fc-4f5c-414c-9ccf-438ae5de503b', 'connection': 'close', 'status': '202', 'content-location': 'http://10.132.44.209/volume/v3/volumes/13ec4a88-c733-4c42-97f2-a10ade6a833a'}
        Body: b''
2026-05-06 00:49:32,455 124029 INFO     [tempest.lib.common.rest_client] Request (VolumesServicesTestJSON:_run_cleanups): 404 GET http://10.132.44.
    209/volume/v3/volumes/13ec4a88-c733-4c42-97f2-a10ade6a833a 0.017s
2026-05-06 00:49:32,456 124029 DEBUG    [tempest.lib.common.rest_client] Request - Headers: {'Content-Type': 'application/json', 'Accept': 'application/json', 'X-Auth-Token': '<omitted>'}
        Body: None
    Response - Headers: {'date': 'Wed, 06 May 2026 00:49:32 GMT', 'server': 'Apache/2.4.58 (Ubuntu)', 'openstack-api-version': 'volume 3.0', 'vary': 'OpenStack-API-Version', 'content-length': '109', 'content-type': 'application/json', 'x-compute-request-id': 'req-cb232445-fd72-446f-a398-bed24d78139f', 'x-openstack-request-id': 'req-cb232445-fd72-446f-a398-bed24d78139f', 'connection': 'close', 'status': '404', 'content-location': 'http://10.132.44.209/volume/v3/volumes/13ec4a88-c733-4c42-97f2-a10ade6a833a'}
        Body: b'{"itemNotFound": {"code": 404, "message": "Volume 13ec4a88-c733-4c42-97f2-a10ade6a833a could not be found."}}'

{0} tempest.api.volume.admin.test_volume_services.VolumesServicesTestJSON.test_list_services [0.016748s] ... ok
{0} tempest.api.volume.admin.test_volume_services_negative.VolumeServicesNegativeTest.test_disable_log_reason_with_no_reason [0.010987s] ... ok
{0} tempest.api.volume.admin.test_volume_services_negative.VolumeServicesNegativeTest.test_disable_service_with_invalid_binary [0.021056s] ... ok
{0} tempest.api.volume.admin.test_volume_services_negative.VolumeServicesNegativeTest.test_enable_service_with_invalid_host [0.021588s] ... ok
{0} tempest.api.volume.admin.test_volume_services_negative.VolumeServicesNegativeTest.test_freeze_host_with_invalid_host [0.020395s] ... ok
{0} tempest.api.volume.admin.test_volume_services_negative.VolumeServicesNegativeTest.test_thaw_host_with_invalid_host [0.018023s] ... ok
{0} setUpClass (tempest.api.volume.admin.test_volume_snapshot_quotas_negative.VolumeSnapshotQuotasNegativeTestJSON) [0.000000s] ... FAILED

Captured traceback:
~~~~~~~~~~~~~~~~~~~
    Traceback (most recent call last):

      File "/opt/stack/tempest/tempest/test.py", line 185, in setUpClass
    raise value.with_traceback(trace)

      File "/opt/stack/tempest/tempest/test.py", line 178, in setUpClass
    cls.resource_setup()

      File "/opt/stack/tempest/tempest/api/volume/admin/test_volume_snapshot_quotas_negative.py", line 65, in resource_setup
    cls.volume = cls.create_volume()
                 ^^^^^^^^^^^^^^^^^^^

      File "/opt/stack/tempest/tempest/api/volume/base.py", line 144, in create_volume
    waiters.wait_for_volume_resource_status(self.volumes_client,

      File "/opt/stack/tempest/tempest/common/waiters.py", line 379, in wait_for_volume_resource_status
    raise exceptions.VolumeResourceBuildErrorException(

    tempest.exceptions.VolumeResourceBuildErrorException: volume eed0c2bb-32a3-4c06-a345-3d232fe67945 failed to build and is in ERROR status

{0} tempest.api.volume.admin.test_volume_type_access.VolumeTypesAccessTest.test_volume_type_access_add [1.789971s] ... FAILED

Captured traceback:
~~~~~~~~~~~~~~~~~~~
    Traceback (most recent call last):

      File "/opt/stack/tempest/tempest/api/volume/admin/test_volume_type_access.py", line 51, in test_volume_type_access_add
    volume = self.create_volume(volume_type=volume_type['id'])
             ^^^^^^^^^^^^^^^^^^^^^^^^^^^^^^^^^^^^^^^^^^^^^^^^^

      File "/opt/stack/tempest/tempest/api/volume/base.py", line 144, in create_volume
    waiters.wait_for_volume_resource_status(self.volumes_client,

      File "/opt/stack/tempest/tempest/common/waiters.py", line 379, in wait_for_volume_resource_status
    raise exceptions.VolumeResourceBuildErrorException(

    tempest.exceptions.VolumeResourceBuildErrorException: volume d622a432-4bf8-4af2-a34f-3329cdc53dc5 failed to build and is in ERROR status


Captured pythonlogging:
~~~~~~~~~~~~~~~~~~~~~~~
    2026-05-06 00:49:43,206 124029 INFO     [tempest.lib.common.rest_client] Request (VolumeTypesAccessTest:test_volume_type_access_add): 200 POST http://10.132.44.209/volume/v3/types 0.095s
2026-05-06 00:49:43,206 124029 DEBUG    [tempest.lib.common.rest_client] Request - Headers: {'Content-Type': 'application/json', 'Accept': 'application/json', 'X-Auth-Token': '<omitted>'}
        Body: {"volume_type": {"name": "tempest-VolumeTypesAccessTest-volume-type-921272194", "os-volume-type-access:is_public": false}}
    Response - Headers: {'date': 'Wed, 06 May 2026 00:49:43 GMT', 'server': 'Apache/2.4.58 (Ubuntu)', 'content-type': 'application/json', 'x-compute-request-id': 'req-62439e25-c244-4e5b-a3a9-76d82a1c0f27', 'content-length': '228', 'openstack-api-version': 'volume 3.0', 'vary': 'OpenStack-API-Version', 'x-openstack-request-id': 'req-62439e25-c244-4e5b-a3a9-76d82a1c0f27', 'connection': 'close', 'status': '200', 'content-location': 'http://10.132.44.209/volume/v3/types'}
        Body: b'{"volume_type": {"id": "730f2147-a8d1-44ff-8828-871637622070", "name": "tempest-VolumeTypesAccessTest-volume-type-921272194", "is_public": false, "extra_specs": {}, "description": null, "os-volume-type-access:is_public": false}}'
2026-05-06 00:49:43,299 124029 INFO     [tempest.lib.common.rest_client] Request (VolumeTypesAccessTest:test_volume_type_access_add): 404 POST http://10.132.44.209/volume/v3/volumes 0.090s
2026-05-06 00:49:43,299 124029 DEBUG    [tempest.lib.common.rest_client] Request - Headers: {'Content-Type': 'application/json', 'Accept': 'application/json', 'X-Auth-Token': '<omitted>'}
        Body: {"volume": {"volume_type": "730f2147-a8d1-44ff-8828-871637622070", "size": 1}}
    Response - Headers: {'date': 'Wed, 06 May 2026 00:49:43 GMT', 'server': 'Apache/2.4.58 (Ubuntu)', 'openstack-api-version': 'volume 3.0', 'vary': 'OpenStack-API-Version', 'content-length': '114', 'content-type': 'application/json', 'x-compute-request-id': 'req-18469783-846e-4924-b7b6-4b22aecc633b', 'x-openstack-request-id': 'req-18469783-846e-4924-b7b6-4b22aecc633b', 'connection': 'close', 'status': '404', 'content-location': 'http://10.132.44.209/volume/v3/volumes'}
        Body: b'{"itemNotFound": {"code": 404, "message": "Volume type 730f2147-a8d1-44ff-8828-871637622070 could not be found."}}'
2026-05-06 00:49:43,299 124029 WARNING  [tempest.lib.common.rest_client] Deprecated: "tenant_id" property is deprecated for removal, use "project_id" instead
2026-05-06 00:49:43,324 124029 INFO     [tempest.lib.common.rest_client] Request (VolumeTypesAccessTest:test_volume_type_access_add): 202 POST http://10.132.44.209/volume/v3/types/730f2147-a8d1-44ff-8828-871637622070/action 0.024s
2026-05-06 00:49:43,324 124029 DEBUG    [tempest.lib.common.rest_client] Request - Headers: {'Content-Type': 'application/json', 'Accept': 'application/json', 'X-Auth-Token': '<omitted>'}
        Body: {"addProjectAccess": {"project": "42fa3364f8df4e6d9983e745a787b0c8"}}
    Response - Headers: {'date': 'Wed, 06 May 2026 00:49:43 GMT', 'server': 'Apache/2.4.58 (Ubuntu)', 'content-length': '0', 'content-type': 'text/html; charset=UTF-8', 'openstack-api-version': 'volume 3.0', 'vary': 'OpenStack-API-Version', 'x-openstack-request-id': 'req-822e4fc1-c194-4860-8e7d-9ad32c2cc8df', 'connection': 'close', 'status': '202', 'content-location': 'http://10.132.44.209/volume/v3/types/730f2147-a8d1-44ff-8828-871637622070/action'}
        Body: b''
2026-05-06 00:49:43,509 124029 INFO     [tempest.lib.common.rest_client] Request (VolumeTypesAccessTest:test_volume_type_access_add): 202 POST http://10.132.44.209/volume/v3/volumes 0.184s
2026-05-06 00:49:43,510 124029 DEBUG    [tempest.lib.common.rest_client] Request - Headers: {'Content-Type': 'application/json', 'Accept': 'application/json', 'X-Auth-Token': '<omitted>'}
        Body: {"volume": {"volume_type": "730f2147-a8d1-44ff-8828-871637622070", "size": 1, "name": "tempest-VolumeTypesAccessTest-Volume-1793754109"}}
    Response - Headers: {'date': 'Wed, 06 May 2026 00:49:43 GMT', 'server': 'Apache/2.4.58 (Ubuntu)', 'content-type': 'applic
    ation/json', 'x-compute-request-id': 'req-f47ebd8f-ff67-4497-88a0-fa714ebfeff5', 'content-length': '799', 'openstack-api-version': 'volume 3.0', 'vary': 'OpenStack-API-Version', 'x-openstack-request-id': 'req-f47ebd8f-ff67-4497-88a0-fa714ebfeff5', 'connection': 'close', 'status': '202', 'content-location': 'http://10.132.44.209/volume/v3/volumes'}
        Body: b'{"volume": {"id": "d622a432-4bf8-4af2-a34f-3329cdc53dc5", "status": "creating", "size": 1, "availability_zone": "nova", "created_at": "2026-05-06T00:49:43.449756", "updated_at": null, "name": "tempest-VolumeTypesAccessTest-Volume-1793754109", "description": null, "volume_type": "tempest-VolumeTypesAccessTest-volume-type-921272194", "snapshot_id": null, "source_volid": null, "metadata": {}, "links": [{"rel": "self", "href": "http://10.132.44.209/volume/v3/volumes/d622a432-4bf8-4af2-a34f-3329cdc53dc5"}, {"rel": "bookmark", "href": "http://10.132.44.209/volume/volumes/d622a432-4bf8-4af2-a34f-3329cdc53dc5"}], "user_id": "f24b1da703ea465db06d21aeedce9adb", "bootable": "false", "encrypted": false, "replication_status": null, "consistencygroup_id": null, "multiattach": false, "attachments": []}}'
2026-05-06 00:49:43,560 124029 INFO     [tempest.lib.common.rest_client] Request (VolumeTypesAccessTest:test_volume_type_access_add): 200 GET http://10.132.44.209/volume/v3/volumes/d622a432-4bf8-4af2-a34f-3329cdc53dc5 0.044s
2026-05-06 00:49:43,561 124029 DEBUG    [tempest.lib.common.rest_client] Request - Headers: {'Content-Type': 'application/json', 'Accept': 'application/json', 'X-Auth-Token': '<omitted>'}
        Body: None
    Response - Headers: {'date': 'Wed, 06 May 2026 00:49:43 GMT', 'server': 'Apache/2.4.58 (Ubuntu)', 'content-type': 'application/json', 'x-compute-request-id': 'req-96622598-9d1a-4b30-96ef-9272901d15f6', 'content-length': '867', 'openstack-api-version': 'volume 3.0', 'vary': 'OpenStack-API-Version', 'x-openstack-request-id': 'req-96622598-9d1a-4b30-96ef-9272901d15f6', 'connection': 'close', 'status': '200', 'content-location': 'http://10.132.44.209/volume/v3/volumes/d622a432-4bf8-4af2-a34f-3329cdc53dc5'}
        Body: b'{"volume": {"id": "d622a432-4bf8-4af2-a34f-3329cdc53dc5", "status": "creating", "size": 1, "availability_zone": "nova", "created_at": "2026-05-06T00:49:43.000000", "updated_at": null, "name": "tempest-VolumeTypesAccessTest-Volume-1793754109", "description": null, "volume_type": "tempest-VolumeTypesAccessTest-volume-type-921272194", "snapshot_id": null, "source_volid": null, "metadata": {}, "links": [{"rel": "self", "href": "http://10.132.44.209/volume/v3/volumes/d622a432-4bf8-4af2-a34f-3329cdc53dc5"}, {"rel": "bookmark", "href": "http://10.132.44.209/volume/volumes/d622a432-4bf8-4af2-a34f-3329cdc53dc5"}], "user_id": "f24b1da703ea465db06d21aeedce9adb", "bootable": "false", "encrypted": false, "replication_status": null, "consistencygroup_id": null, "multiattach": false, "attachments": [], "os-vol-tenant-attr:tenant_id": "42fa3364f8df4e6d9983e745a787b0c8"}}'
2026-05-06 00:49:44,620 124029 INFO     [tempest.lib.common.rest_client] Request (VolumeTypesAccessTest:test_volume_type_access_add): 200 GET http://10.132.44.209/volume/v3/volumes/d622a432-4bf8-4af2-a34f-3329cdc53dc5 0.046s
2026-05-06 00:49:44,621 124029 DEBUG    [tempest.lib.common.rest_client] Request - Headers: {'Content-Type': 'application/json', 'Accept': 'application/json', 'X-Auth-Token': '<omitted>'}
        Body: None
    Response - Headers: {'date': 'Wed, 06 May 2026 00:49:44 GMT', 'server': 'Apache/2.4.58 (Ubuntu)', 'content-type': 'application/json', 'x-compute-request-id': 'req-45c1cca3-7079-4dc3-b7d6-389b32bb0ad3', 'content-length': '888', 'openstack-api-version': 'volume 3.0', 'vary': 'OpenStack-API-Version', 'x-openstack-request-id': 'req-45c1cca3-7079-4dc3-b7d6-389b32bb0ad3', 'connection': 'close', 'status': '200', 'content-location': 'http://10.132.44.209/volume/v3/volumes/d622a432-4bf8-4af2-a34f-3329cdc53dc5'}
        Body: b'{"volume": {"id": "d622a432-4bf8-4af2-a34f-3329cdc53dc5", "status": "error", "size": 1, "availability_zone": "nova", "created_at": "2026-05-
    06T00:49:43.000000", "updated_at": "2026-05-06T00:49:44.000000", "name": "tempest-VolumeTypesAccessTest-Volume-1793754109", "description": null, "volume_type": "tempest-VolumeTypesAccessTest-volume-type-921272194", "snapshot_id": null, "source_volid": null, "metadata": {}, "links": [{"rel": "self", "href": "http://10.132.44.209/volume/v3/volumes/d622a432-4bf8-4af2-a34f-3329cdc53dc5"}, {"rel": "bookmark", "href": "http://10.132.44.209/volume/volumes/d622a432-4bf8-4af2-a34f-3329cdc53dc5"}], "user_id": "f24b1da703ea465db06d21aeedce9adb", "bootable": "false", "encrypted": false, "replication_status": null, "consistencygroup_id": null, "multiattach": false, "attachments": [], "os-vol-tenant-attr:tenant_id": "42fa3364f8df4e6d9983e745a787b0c8"}}'
2026-05-06 00:49:44,668 124029 INFO     [tempest.lib.common.rest_client] Request (VolumeTypesAccessTest:_run_cleanups): 200 GET http://10.132.44.209/volume/v3/volumes/d622a432-4bf8-4af2-a34f-3329cdc53dc5 0.033s
2026-05-06 00:49:44,668 124029 DEBUG    [tempest.lib.common.rest_client] Request - Headers: {'Content-Type': 'application/json', 'Accept': 'application/json', 'X-Auth-Token': '<omitted>'}
        Body: None
    Response - Headers: {'date': 'Wed, 06 May 2026 00:49:44 GMT', 'server': 'Apache/2.4.58 (Ubuntu)', 'content-type': 'application/json', 'x-compute-request-id': 'req-4c8e8b07-afd4-42c3-a83d-178d37228695', 'content-length': '888', 'openstack-api-version': 'volume 3.0', 'vary': 'OpenStack-API-Version', 'x-openstack-request-id': 'req-4c8e8b07-afd4-42c3-a83d-178d37228695', 'connection': 'close', 'status': '200', 'content-location': 'http://10.132.44.209/volume/v3/volumes/d622a432-4bf8-4af2-a34f-3329cdc53dc5'}
        Body: b'{"volume": {"id": "d622a432-4bf8-4af2-a34f-3329cdc53dc5", "status": "error", "size": 1, "availability_zone": "nova", "created_at": "2026-05-06T00:49:43.000000", "updated_at": "2026-05-06T00:49:44.000000", "name": "tempest-VolumeTypesAccessTest-Volume-1793754109", "description": null, "volume_type": "tempest-VolumeTypesAccessTest-volume-type-921272194", "snapshot_id": null, "source_volid": null, "metadata": {}, "links": [{"rel": "self", "href": "http://10.132.44.209/volume/v3/volumes/d622a432-4bf8-4af2-a34f-3329cdc53dc5"}, {"rel": "bookmark", "href": "http://10.132.44.209/volume/volumes/d622a432-4bf8-4af2-a34f-3329cdc53dc5"}], "user_id": "f24b1da703ea465db06d21aeedce9adb", "bootable": "false", "encrypted": false, "replication_status": null, "consistencygroup_id": null, "multiattach": false, "attachments": [], "os-vol-tenant-attr:tenant_id": "42fa3364f8df4e6d9983e745a787b0c8"}}'
2026-05-06 00:49:44,782 124029 INFO     [tempest.lib.common.rest_client] Request (VolumeTypesAccessTest:_run_cleanups): 202 DELETE http://10.132.44.209/volume/v3/volumes/d622a432-4bf8-4af2-a34f-3329cdc53dc5 0.100s
2026-05-06 00:49:44,782 124029 DEBUG    [tempest.lib.common.rest_client] Request - Headers: {'Content-Type': 'application/json', 'Accept': 'application/json', 'X-Auth-Token': '<omitted>'}
        Body: None
    Response - Headers: {'date': 'Wed, 06 May 2026 00:49:44 GMT', 'server': 'Apache/2.4.58 (Ubuntu)', 'content-length': '0', 'content-type': 'text/html; charset=UTF-8', 'openstack-api-version': 'volume 3.0', 'vary': 'OpenStack-API-Version', 'x-openstack-request-id': 'req-6113b454-e579-4a9c-8e89-ca966d06a5c5', 'connection': 'close', 'status': '202', 'content-location': 'http://10.132.44.209/volume/v3/volumes/d622a432-4bf8-4af2-a34f-3329cdc53dc5'}
        Body: b''
2026-05-06 00:49:44,800 124029 INFO     [tempest.lib.common.rest_client] Request (VolumeTypesAccessTest:_run_cleanups): 404 GET http://10.132.44.209/volume/v3/volumes/d622a432-4bf8-4af2-a34f-3329cdc53dc5 0.017s
2026-05-06 00:49:44,801 124029 DEBUG    [tempest.lib.common.rest_client] Request - Headers: {'Content-Type': 'application/json', 'Accept': 'application/json', 'X-Auth-Token': '<omitted>'}
        Body: None
    Response - Headers: {'date': 'Wed, 06 May 2026 00:49:44 GMT', 'server': 'Apache/2.4.58 (Ubuntu)', 'openstack-api-version': 'volume 3.0', 'vary': 'OpenStack-API-Version', 'content-length': '109', 'con
    tent-type': 'application/json', 'x-compute-request-id': 'req-5ac585d1-21e5-44ba-bc1d-2ffcf445e216', 'x-openstack-request-id': 'req-5ac585d1-21e5-44ba-bc1d-2ffcf445e216', 'connection': 'close', 'status': '404', 'content-location': 'http://10.132.44.209/volume/v3/volumes/d622a432-4bf8-4af2-a34f-3329cdc53dc5'}
        Body: b'{"itemNotFound": {"code": 404, "message": "Volume d622a432-4bf8-4af2-a34f-3329cdc53dc5 could not be found."}}'
2026-05-06 00:49:44,834 124029 INFO     [tempest.lib.common.rest_client] Request (VolumeTypesAccessTest:_run_cleanups): 202 POST http://10.132.44.209/volume/v3/types/730f2147-a8d1-44ff-8828-871637622070/action 0.032s
2026-05-06 00:49:44,835 124029 DEBUG    [tempest.lib.common.rest_client] Request - Headers: {'Content-Type': 'application/json', 'Accept': 'application/json', 'X-Auth-Token': '<omitted>'}
        Body: {"removeProjectAccess": {"project": "42fa3364f8df4e6d9983e745a787b0c8"}}
    Response - Headers: {'date': 'Wed, 06 May 2026 00:49:44 GMT', 'server': 'Apache/2.4.58 (Ubuntu)', 'content-length': '0', 'content-type': 'text/html; charset=UTF-8', 'openstack-api-version': 'volume 3.0', 'vary': 'OpenStack-API-Version', 'x-openstack-request-id': 'req-f8537016-3e85-486f-97a8-e224768dff6e', 'connection': 'close', 'status': '202', 'content-location': 'http://10.132.44.209/volume/v3/types/730f2147-a8d1-44ff-8828-871637622070/action'}
        Body: b''
2026-05-06 00:49:44,878 124029 INFO     [tempest.lib.common.rest_client] Request (VolumeTypesAccessTest:_run_cleanups): 202 DELETE http://10.132.44.209/volume/v3/types/730f2147-a8d1-44ff-8828-871637622070 0.043s
2026-05-06 00:49:44,879 124029 DEBUG    [tempest.lib.common.rest_client] Request - Headers: {'Content-Type': 'application/json', 'Accept': 'application/json', 'X-Auth-Token': '<omitted>'}
        Body: None
    Response - Headers: {'date': 'Wed, 06 May 2026 00:49:44 GMT', 'server': 'Apache/2.4.58 (Ubuntu)', 'content-length': '0', 'content-type': 'text/html; charset=UTF-8', 'openstack-api-version': 'volume 3.0', 'vary': 'OpenStack-API-Version', 'x-openstack-request-id': 'req-ea754a00-4292-492c-b246-c22dd230b4d2', 'connection': 'close', 'status': '202', 'content-location': 'http://10.132.44.209/volume/v3/types/730f2147-a8d1-44ff-8828-871637622070'}
        Body: b''
2026-05-06 00:49:44,899 124029 INFO     [tempest.lib.common.rest_client] Request (VolumeTypesAccessTest:_run_cleanups): 404 GET http://10.132.44.209/volume/v3/types/730f2147-a8d1-44ff-8828-871637622070 0.019s
2026-05-06 00:49:44,899 124029 DEBUG    [tempest.lib.common.rest_client] Request - Headers: {'Content-Type': 'application/json', 'Accept': 'application/json', 'X-Auth-Token': '<omitted>'}
        Body: None
    Response - Headers: {'date': 'Wed, 06 May 2026 00:49:44 GMT', 'server': 'Apache/2.4.58 (Ubuntu)', 'openstack-api-version': 'volume 3.0', 'vary': 'OpenStack-API-Version', 'content-length': '114', 'content-type': 'application/json', 'x-compute-request-id': 'req-2ef5e37d-48a2-426a-8771-2e413cb8189f', 'x-openstack-request-id': 'req-2ef5e37d-48a2-426a-8771-2e413cb8189f', 'connection': 'close', 'status': '404', 'content-location': 'http://10.132.44.209/volume/v3/types/730f2147-a8d1-44ff-8828-871637622070'}
        Body: b'{"itemNotFound": {"code": 404, "message": "Volume type 730f2147-a8d1-44ff-8828-871637622070 could not be found."}}'

{0} tempest.api.volume.admin.test_volume_type_access.VolumeTypesAccessTest.test_volume_type_access_list [0.258127s] ... ok
{0} tempest.api.volume.admin.test_volume_types.VolumeTypesTest.test_volume_crud_with_volume_type_and_extra_specs [1.864511s] ... FAILED

Captured traceback:
~~~~~~~~~~~~~~~~~~~
    Traceback (most recent call last):

      File "/opt/stack/tempest/tempest/api/volume/admin/test_volume_types.py", line 56, in test_volume_crud_with_volume_type_and_extra_specs
    volume = self.create_volume(**params)
             ^^^^^^^^^^^^^^^^^^^^^^^^^^^^

      File "/opt/stack/tempest/tempest/api/volume/base.py", line 144, in create_volume
    waiters.wait_for_volume_resource_status(self.volumes_client,

      File "/opt/stack/tempest/tempest/common/waiters.py", line 379, in wait_for_volume_resource_status
    raise exceptions.VolumeResourceBuildErrorException(

    tempest.exceptions.VolumeResourceBuildErrorException: volume 7eaf0a87-5e87-454d-88c8-963730cb015a failed to build and is in ERROR status


Captured pythonlogging:
~~~~~~~~~~~~~~~~~~~~~~~
    2026-05-06 00:49:49,148 124029 INFO     [tempest.lib.common.rest_client] Request (VolumeTypesTest:test_volume_crud_with_volume_type_and_extra_specs): 200 POST http://10.132.44.209/volume/v3/types 0.137s
2026-05-06 00:49:49,149 124029 DEBUG    [tempest.lib.common.rest_client] Request - Headers: {'Content-Type': 'application/json', 'Accept': 'application/json', 'X-Auth-Token': '<omitted>'}
        Body: {"volume_type": {"name": "tempest-VolumeTypesTest-volume-type-1929957828", "extra_specs": {"storage_protocol": "FC", "vendor_name": "Hewlett Packard Enterprise"}}}
    Response - Headers: {'date': 'Wed, 06 May 2026 00:49:49 GMT', 'server': 'Apache/2.4.58 (Ubuntu)', 'content-type': 'application/json', 'x-compute-request-id': 'req-9599732d-fc29-4cde-bc42-df8813857821', 'content-length': '290', 'openstack-api-version': 'volume 3.0', 'vary': 'OpenStack-API-Version', 'x-openstack-request-id': 'req-9599732d-fc29-4cde-bc42-df8813857821', 'connection': 'close', 'status': '200', 'content-location': 'http://10.132.44.209/volume/v3/types'}
        Body: b'{"volume_type": {"id": "86d0a127-7479-428b-8628-b7dd8f49df41", "name": "tempest-VolumeTypesTest-volume-type-1929957828", "is_public": true, "extra_specs": {"storage_protocol": "FC", "vendor_name": "Hewlett Packard Enterprise"}, "description": null, "os-volume-type-access:is_public": true}}'
2026-05-06 00:49:49,183 124029 INFO     [tempest.lib.common.rest_client] Request (VolumeTypesTest:test_volume_crud_with_volume_type_and_extra_specs): 200 POST http://10.132.44.209/volume/v3/types 0.028s
2026-05-06 00:49:49,183 124029 DEBUG    [tempest.lib.common.rest_client] Request - Headers: {'Content-Type': 'application/json', 'Accept': 'application/json', 'X-Auth-Token': '<omitted>'}
        Body: {"volume_type": {"name": "tempest-VolumeTypesTest-volume-type-970778307", "extra_specs": {"storage_protocol": "FC", "vendor_name": "Hewlett Packard Enterprise"}}}
    Response - Headers: {'date': 'Wed, 06 May 2026 00:49:49 GMT', 'server': 'Apache/2.4.58 (Ubuntu)', 'content-type': 'application/json', 'x-compute-request-id': 'req-81374131-cc3b-4f37-81ae-e1d824277337', 'content-length': '289', 'openstack-api-version': 'volume 3.0', 'vary': 'OpenStack-API-Version', 'x-openstack-request-id': 'req-81374131-cc3b-4f37-81ae-e1d824277337', 'connection': 'close', 'status': '200', 'content-location': 'http://10.132.44.209/volume/v3/types'}
        Body: b'{"volume_type": {"id": "bdfc7691-cf1b-4c88-83ac-4fce68baf87e", "name": "tempest-VolumeTypesTest-volume-type-970778307", "is_public": true, "extra_specs": {"storage_protocol": "FC", "vendor_name": "Hewlett Packard Enterprise"}, "description": null, "os-volume-type-access:is_public": true}}'
2026-05-06 00:49:49,472 124029 INFO     [tempest.lib.common.rest_client] Request (VolumeTypesTest:test_volume_crud_with_volume_type_and_extra_specs): 202 POST http://10.132.44.209/volume/v3/volumes 0.286s
2026-05-06 00:49:49,472 124029 DEBUG    [tempest.lib.common.rest_client] Request - Headers: {'Content-Type': 'application/json', 'Accept': 'application/json', 'X-Auth-Token': '<omitted>'}
        Body: {"volume": {"name": "tempest-VolumeTypesTest-volume-2132857198", "volume_type": "86d0a127-7479-428b-8628-b7dd8f49df41", "size": 1}}
    Response - Headers: {'date': 'Wed, 06 May 2026 00:49:49 GMT', 'server': 'Apache/2.4.58 (Ubuntu)', 'content-type': 'application/json', 'x-compute-request-id': 'req-77765808-ace1-4a62-b52f-271176e3fe3a', 'content-length': '788', 'openstack-api-version': 'volume 3.0', 'vary': 'OpenStack-API-Version', 'x-openstack-request-id': 'req-77765808-ace1-4a62-b52f-271176e3fe3a', 'connection': 'close', 'status': '202', 'content-location': 'http://10.132.44.209/volume/v3/volumes'}
        Body: b'{"volume": {"id": "7eaf0a87-5e87-454d-88c8-963730cb015a", "status": "creating", "size": 1, "availability_zone": "nova", "created_at": "2026-05-06T00:49:49.401742", "updated_at": null, "name": "tempest-VolumeTypesTest-volume-2132857198", "description": null, "volume_type": "tempest-VolumeTypesTest-volume-type-1929957828", "snapshot_id": null, "source_volid": null, "m
    etadata": {}, "links": [{"rel": "self", "href": "http://10.132.44.209/volume/v3/volumes/7eaf0a87-5e87-454d-88c8-963730cb015a"}, {"rel": "bookmark", "href": "http://10.132.44.209/volume/volumes/7eaf0a87-5e87-454d-88c8-963730cb015a"}], "user_id": "bff3e24fd4f8444a9a75cd6933036082", "bootable": "false", "encrypted": false, "replication_status": null, "consistencygroup_id": null, "multiattach": false, "attachments": []}}'
2026-05-06 00:49:49,517 124029 INFO     [tempest.lib.common.rest_client] Request (VolumeTypesTest:test_volume_crud_with_volume_type_and_extra_specs): 200 GET http://10.132.44.209/volume/v3/volumes/7eaf0a87-5e87-454d-88c8-963730cb015a 0.036s
2026-05-06 00:49:49,518 124029 DEBUG    [tempest.lib.common.rest_client] Request - Headers: {'Content-Type': 'application/json', 'Accept': 'application/json', 'X-Auth-Token': '<omitted>'}
        Body: None
    Response - Headers: {'date': 'Wed, 06 May 2026 00:49:49 GMT', 'server': 'Apache/2.4.58 (Ubuntu)', 'content-type': 'application/json', 'x-compute-request-id': 'req-4855b2ce-ad74-42c1-9c41-567acc16ca33', 'content-length': '856', 'openstack-api-version': 'volume 3.0', 'vary': 'OpenStack-API-Version', 'x-openstack-request-id': 'req-4855b2ce-ad74-42c1-9c41-567acc16ca33', 'connection': 'close', 'status': '200', 'content-location': 'http://10.132.44.209/volume/v3/volumes/7eaf0a87-5e87-454d-88c8-963730cb015a'}
        Body: b'{"volume": {"id": "7eaf0a87-5e87-454d-88c8-963730cb015a", "status": "creating", "size": 1, "availability_zone": "nova", "created_at": "2026-05-06T00:49:49.000000", "updated_at": null, "name": "tempest-VolumeTypesTest-volume-2132857198", "description": null, "volume_type": "tempest-VolumeTypesTest-volume-type-1929957828", "snapshot_id": null, "source_volid": null, "metadata": {}, "links": [{"rel": "self", "href": "http://10.132.44.209/volume/v3/volumes/7eaf0a87-5e87-454d-88c8-963730cb015a"}, {"rel": "bookmark", "href": "http://10.132.44.209/volume/volumes/7eaf0a87-5e87-454d-88c8-963730cb015a"}], "user_id": "bff3e24fd4f8444a9a75cd6933036082", "bootable": "false", "encrypted": false, "replication_status": null, "consistencygroup_id": null, "multiattach": false, "attachments": [], "os-vol-tenant-attr:tenant_id": "27149589def045c8bfe92a56c7f68c66"}}'
2026-05-06 00:49:50,572 124029 INFO     [tempest.lib.common.rest_client] Request (VolumeTypesTest:test_volume_crud_with_volume_type_and_extra_specs): 200 GET http://10.132.44.209/volume/v3/volumes/7eaf0a87-5e87-454d-88c8-963730cb015a 0.041s
2026-05-06 00:49:50,573 124029 DEBUG    [tempest.lib.common.rest_client] Request - Headers: {'Content-Type': 'application/json', 'Accept': 'application/json', 'X-Auth-Token': '<omitted>'}
        Body: None
    Response - Headers: {'date': 'Wed, 06 May 2026 00:49:50 GMT', 'server': 'Apache/2.4.58 (Ubuntu)', 'content-type': 'application/json', 'x-compute-request-id': 'req-7e7c542b-48a0-4bc2-8c1d-c35d099460a3', 'content-length': '877', 'openstack-api-version': 'volume 3.0', 'vary': 'OpenStack-API-Version', 'x-openstack-request-id': 'req-7e7c542b-48a0-4bc2-8c1d-c35d099460a3', 'connection': 'close', 'status': '200', 'content-location': 'http://10.132.44.209/volume/v3/volumes/7eaf0a87-5e87-454d-88c8-963730cb015a'}
        Body: b'{"volume": {"id": "7eaf0a87-5e87-454d-88c8-963730cb015a", "status": "error", "size": 1, "availability_zone": "nova", "created_at": "2026-05-06T00:49:49.000000", "updated_at": "2026-05-06T00:49:50.000000", "name": "tempest-VolumeTypesTest-volume-2132857198", "description": null, "volume_type": "tempest-VolumeTypesTest-volume-type-1929957828", "snapshot_id": null, "source_volid": null, "metadata": {}, "links": [{"rel": "self", "href": "http://10.132.44.209/volume/v3/volumes/7eaf0a87-5e87-454d-88c8-963730cb015a"}, {"rel": "bookmark", "href": "http://10.132.44.209/volume/volumes/7eaf0a87-5e87-454d-88c8-963730cb015a"}], "user_id": "bff3e24fd4f8444a9a75cd6933036082", "bootable": "false", "encrypted": false, "replication_status": null, "consistencygroup_id": null, "multiattach": false, "attachments": [], "os-vol-tenant-attr:tenant_id": "27149589def045c8bfe92a
    56c7f68c66"}}'
2026-05-06 00:49:50,627 124029 INFO     [tempest.lib.common.rest_client] Request (VolumeTypesTest:_run_cleanups): 200 GET http://10.132.44.209/volume/v3/volumes/7eaf0a87-5e87-454d-88c8-963730cb015a 0.039s
2026-05-06 00:49:50,628 124029 DEBUG    [tempest.lib.common.rest_client] Request - Headers: {'Content-Type': 'application/json', 'Accept': 'application/json', 'X-Auth-Token': '<omitted>'}
        Body: None
    Response - Headers: {'date': 'Wed, 06 May 2026 00:49:50 GMT', 'server': 'Apache/2.4.58 (Ubuntu)', 'content-type': 'application/json', 'x-compute-request-id': 'req-0e010459-e5e9-4176-8e7e-f106c098a601', 'content-length': '877', 'openstack-api-version': 'volume 3.0', 'vary': 'OpenStack-API-Version', 'x-openstack-request-id': 'req-0e010459-e5e9-4176-8e7e-f106c098a601', 'connection': 'close', 'status': '200', 'content-location': 'http://10.132.44.209/volume/v3/volumes/7eaf0a87-5e87-454d-88c8-963730cb015a'}
        Body: b'{"volume": {"id": "7eaf0a87-5e87-454d-88c8-963730cb015a", "status": "error", "size": 1, "availability_zone": "nova", "created_at": "2026-05-06T00:49:49.000000", "updated_at": "2026-05-06T00:49:50.000000", "name": "tempest-VolumeTypesTest-volume-2132857198", "description": null, "volume_type": "tempest-VolumeTypesTest-volume-type-1929957828", "snapshot_id": null, "source_volid": null, "metadata": {}, "links": [{"rel": "self", "href": "http://10.132.44.209/volume/v3/volumes/7eaf0a87-5e87-454d-88c8-963730cb015a"}, {"rel": "bookmark", "href": "http://10.132.44.209/volume/volumes/7eaf0a87-5e87-454d-88c8-963730cb015a"}], "user_id": "bff3e24fd4f8444a9a75cd6933036082", "bootable": "false", "encrypted": false, "replication_status": null, "consistencygroup_id": null, "multiattach": false, "attachments": [], "os-vol-tenant-attr:tenant_id": "27149589def045c8bfe92a56c7f68c66"}}'
2026-05-06 00:49:50,734 124029 INFO     [tempest.lib.common.rest_client] Request (VolumeTypesTest:_run_cleanups): 202 DELETE http://10.132.44.209/volume/v3/volumes/7eaf0a87-5e87-454d-88c8-963730cb015a 0.095s
2026-05-06 00:49:50,734 124029 DEBUG    [tempest.lib.common.rest_client] Request - Headers: {'Content-Type': 'application/json', 'Accept': 'application/json', 'X-Auth-Token': '<omitted>'}
        Body: None
    Response - Headers: {'date': 'Wed, 06 May 2026 00:49:50 GMT', 'server': 'Apache/2.4.58 (Ubuntu)', 'content-length': '0', 'content-type': 'text/html; charset=UTF-8', 'openstack-api-version': 'volume 3.0', 'vary': 'OpenStack-API-Version', 'x-openstack-request-id': 'req-c70b9831-10dc-4978-8699-457405f882a4', 'connection': 'close', 'status': '202', 'content-location': 'http://10.132.44.209/volume/v3/volumes/7eaf0a87-5e87-454d-88c8-963730cb015a'}
        Body: b''
2026-05-06 00:49:50,751 124029 INFO     [tempest.lib.common.rest_client] Request (VolumeTypesTest:_run_cleanups): 404 GET http://10.132.44.209/volume/v3/volumes/7eaf0a87-5e87-454d-88c8-963730cb015a 0.016s
2026-05-06 00:49:50,751 124029 DEBUG    [tempest.lib.common.rest_client] Request - Headers: {'Content-Type': 'application/json', 'Accept': 'application/json', 'X-Auth-Token': '<omitted>'}
        Body: None
    Response - Headers: {'date': 'Wed, 06 May 2026 00:49:50 GMT', 'server': 'Apache/2.4.58 (Ubuntu)', 'openstack-api-version': 'volume 3.0', 'vary': 'OpenStack-API-Version', 'content-length': '109', 'content-type': 'application/json', 'x-compute-request-id': 'req-516fd2d9-5410-4e27-b365-259c365d264e', 'x-openstack-request-id': 'req-516fd2d9-5410-4e27-b365-259c365d264e', 'connection': 'close', 'status': '404', 'content-location': 'http://10.132.44.209/volume/v3/volumes/7eaf0a87-5e87-454d-88c8-963730cb015a'}
        Body: b'{"itemNotFound": {"code": 404, "message": "Volume 7eaf0a87-5e87-454d-88c8-963730cb015a could not be found."}}'
2026-05-06 00:49:50,794 124029 INFO     [tempest.lib.common.rest_client] Request (VolumeTypesTest:_run_cleanups): 202 DELETE http://10.132.44.209/volume/v3/types/bdfc7691-cf1b-4c88-83ac-4fce68baf87e 0.042s
2026-05-06 00:49:50,794 124029 DEBUG    [tempest.lib.common.rest_client] Request - Headers: {'Content-Type': 'application/
    json', 'Accept': 'application/json', 'X-Auth-Token': '<omitted>'}
        Body: None
    Response - Headers: {'date': 'Wed, 06 May 2026 00:49:50 GMT', 'server': 'Apache/2.4.58 (Ubuntu)', 'content-length': '0', 'content-type': 'text/html; charset=UTF-8', 'openstack-api-version': 'volume 3.0', 'vary': 'OpenStack-API-Version', 'x-openstack-request-id': 'req-288ca004-6fb7-4a22-bceb-de10021350a4', 'connection': 'close', 'status': '202', 'content-location': 'http://10.132.44.209/volume/v3/types/bdfc7691-cf1b-4c88-83ac-4fce68baf87e'}
        Body: b''
2026-05-06 00:49:50,810 124029 INFO     [tempest.lib.common.rest_client] Request (VolumeTypesTest:_run_cleanups): 404 GET http://10.132.44.209/volume/v3/types/bdfc7691-cf1b-4c88-83ac-4fce68baf87e 0.015s
2026-05-06 00:49:50,810 124029 DEBUG    [tempest.lib.common.rest_client] Request - Headers: {'Content-Type': 'application/json', 'Accept': 'application/json', 'X-Auth-Token': '<omitted>'}
        Body: None
    Response - Headers: {'date': 'Wed, 06 May 2026 00:49:50 GMT', 'server': 'Apache/2.4.58 (Ubuntu)', 'openstack-api-version': 'volume 3.0', 'vary': 'OpenStack-API-Version', 'content-length': '114', 'content-type': 'application/json', 'x-compute-request-id': 'req-dfb00849-a65a-4f23-8ea9-4a98e9dcfc16', 'x-openstack-request-id': 'req-dfb00849-a65a-4f23-8ea9-4a98e9dcfc16', 'connection': 'close', 'status': '404', 'content-location': 'http://10.132.44.209/volume/v3/types/bdfc7691-cf1b-4c88-83ac-4fce68baf87e'}
        Body: b'{"itemNotFound": {"code": 404, "message": "Volume type bdfc7691-cf1b-4c88-83ac-4fce68baf87e could not be found."}}'
2026-05-06 00:49:50,856 124029 INFO     [tempest.lib.common.rest_client] Request (VolumeTypesTest:_run_cleanups): 202 DELETE http://10.132.44.209/volume/v3/types/86d0a127-7479-428b-8628-b7dd8f49df41 0.045s
2026-05-06 00:49:50,856 124029 DEBUG    [tempest.lib.common.rest_client] Request - Headers: {'Content-Type': 'application/json', 'Accept': 'application/json', 'X-Auth-Token': '<omitted>'}
        Body: None
    Response - Headers: {'date': 'Wed, 06 May 2026 00:49:50 GMT', 'server': 'Apache/2.4.58 (Ubuntu)', 'content-length': '0', 'content-type': 'text/html; charset=UTF-8', 'openstack-api-version': 'volume 3.0', 'vary': 'OpenStack-API-Version', 'x-openstack-request-id': 'req-22f4318c-abc0-424f-9392-df5ee2b2df18', 'connection': 'close', 'status': '202', 'content-location': 'http://10.132.44.209/volume/v3/types/86d0a127-7479-428b-8628-b7dd8f49df41'}
        Body: b''
2026-05-06 00:49:50,872 124029 INFO     [tempest.lib.common.rest_client] Request (VolumeTypesTest:_run_cleanups): 404 GET http://10.132.44.209/volume/v3/types/86d0a127-7479-428b-8628-b7dd8f49df41 0.016s
2026-05-06 00:49:50,873 124029 DEBUG    [tempest.lib.common.rest_client] Request - Headers: {'Content-Type': 'application/json', 'Accept': 'application/json', 'X-Auth-Token': '<omitted>'}
        Body: None
    Response - Headers: {'date': 'Wed, 06 May 2026 00:49:50 GMT', 'server': 'Apache/2.4.58 (Ubuntu)', 'openstack-api-version': 'volume 3.0', 'vary': 'OpenStack-API-Version', 'content-length': '114', 'content-type': 'application/json', 'x-compute-request-id': 'req-3119f871-5882-4175-bd4c-1edc124fde9e', 'x-openstack-request-id': 'req-3119f871-5882-4175-bd4c-1edc124fde9e', 'connection': 'close', 'status': '404', 'content-location': 'http://10.132.44.209/volume/v3/types/86d0a127-7479-428b-8628-b7dd8f49df41'}
        Body: b'{"itemNotFound": {"code": 404, "message": "Volume type 86d0a127-7479-428b-8628-b7dd8f49df41 could not be found."}}'

{0} tempest.api.volume.admin.test_volume_types.VolumeTypesTest.test_volume_type_create_get_delete [0.116992s] ... ok
{0} tempest.api.volume.admin.test_volume_types.VolumeTypesTest.test_volume_type_encryption_create_get_update_delete [0.371067s] ... ok
{0} tempest.api.volume.admin.test_volume_types.VolumeTypesTest.test_volume_type_list [0.038125s] ... ok
{0} tempest.api.volume.admin.test_volume_types.VolumeTypesTest.test_volume_type_update [0.193038s] ... ok
{0} tempest.api.volume.admin.test_volume_types_extra_specs.VolumeTypesExtraSpecsTest.test_volume_type_extra_spec_create_get_delete [0.148483s] ... ok
{0} tempest.api.volume.admin.test_volume_types_extra_specs.VolumeTypesExtraSpecsTest.test_volume_type_extra_specs_list [0.059521s] ... ok
{0} tempest.api.volume.admin.test_volume_types_extra_specs.VolumeTypesExtraSpecsTest.test_volume_type_extra_specs_update [0.179931s] ... ok
{0} tempest.api.volume.admin.test_volume_types_extra_specs_negative.ExtraSpecsNegativeTest.test_create_invalid_body [0.012648s] ... ok
{0} tempest.api.volume.admin.test_volume_types_extra_specs_negative.ExtraSpecsNegativeTest.test_create_none_body [0.012555s] ... ok
{0} tempest.api.volume.admin.test_volume_types_extra_specs_negative.ExtraSpecsNegativeTest.test_create_nonexistent_type_id [0.024791s] ... ok
{0} tempest.api.volume.admin.test_volume_types_extra_specs_negative.ExtraSpecsNegativeTest.test_delete_nonexistent_volume_type_id [0.017533s] ... ok
{0} tempest.api.volume.admin.test_volume_types_extra_specs_negative.ExtraSpecsNegativeTest.test_get_nonexistent_extra_spec_name [0.019098s] ... ok
{0} tempest.api.volume.admin.test_volume_types_extra_specs_negative.ExtraSpecsNegativeTest.test_get_nonexistent_volume_type_id [0.013300s] ... ok
{0} tempest.api.volume.admin.test_volume_types_extra_specs_negative.ExtraSpecsNegativeTest.test_list_nonexistent_volume_type_id [0.013784s] ... ok
{0} tempest.api.volume.admin.test_volume_types_extra_specs_negative.ExtraSpecsNegativeTest.test_update_multiple_extra_spec [0.010537s] ... ok
{0} tempest.api.volume.admin.test_volume_types_extra_specs_negative.ExtraSpecsNegativeTest.test_update_no_body [0.010423s] ... ok
{0} tempest.api.volume.admin.test_volume_types_extra_specs_negative.ExtraSpecsNegativeTest.test_update_none_extra_spec_id [0.022323s] ... ok
{0} tempest.api.volume.admin.test_volume_types_extra_specs_negative.ExtraSpecsNegativeTest.test_update_nonexistent_extra_spec_id [0.028146s] ... ok
{0} tempest.api.volume.admin.test_volume_types_extra_specs_negative.ExtraSpecsNegativeTest.test_update_nonexistent_type_id [0.027155s] ... ok
{0} tempest.api.volume.admin.test_volume_types_negative.VolumeTypesNegativeTest.test_create_volume_type_encryption_nonexistent_type_id [0.098347s] ... ok
{0} tempest.api.volume.admin.test_volume_types_negative.VolumeTypesNegativeTest.test_create_volume_with_private_volume_type [0.198067s] ... ok
{0} tempest.api.volume.admin.test_volume_types_negative.VolumeTypesNegativeTest.test_create_with_empty_name [0.013421s] ... ok
{0} tempest.api.volume.admin.test_volume_types_negative.VolumeTypesNegativeTest.test_create_with_repeated_name [0.108438s] ... ok
{0} tempest.api.volume.admin.test_volume_types_negative.VolumeTypesNegativeTest.test_delete_nonexistent_type_id [0.014062s] ... ok
{0} tempest.api.volume.admin.test_volume_types_negative.VolumeTypesNegativeTest.test_get_nonexistent_type_id [0.011300s] ... ok
{0} setUpClass (tempest.api.volume.admin.test_volumes_list.VolumesListAdminTestJSON) [0.000000s] ... FAILED

Captured traceback:
~~~~~~~~~~~~~~~~~~~
    Traceback (most recent call last):

      File "/opt/stack/tempest/tempest/test.py", line 185, in setUpClass
    raise value.with_traceback(trace)

      File "/opt/stack/tempest/tempest/test.py", line 178, in setUpClass
    cls.resource_setup()

      File "/opt/stack/tempest/tempest/api/volume/admin/test_volumes_list.py", line 37, in resource_setup
    volume = cls.create_volume()
             ^^^^^^^^^^^^^^^^^^^

      File "/opt/stack/tempest/tempest/api/volume/base.py", line 144, in create_volume
    waiters.wait_for_volume_resource_status(self.volumes_client,

      File "/opt/stack/tempest/tempest/common/waiters.py", line 379, in wait_for_volume_resource_status
    raise exceptions.VolumeResourceBuildErrorException(

    tempest.exceptions.VolumeResourceBuildErrorException: volume 618397df-33aa-4f44-a692-bd07c6d438eb failed to build and is in ERROR status

{0} tempest.api.volume.test_availability_zone.AvailabilityZoneTestJSON.test_get_availability_zone_list [0.100012s] ... ok
{0} tempest.api.volume.test_extensions.ExtensionsTestJSON.test_list_extensions [0.095655s] ... ok
{0} tempest.api.volume.test_snapshot_metadata.SnapshotMetadataTestJSON.test_crud_snapshot_metadata [0.236860s] ... ok
{0} tempest.api.volume.test_snapshot_metadata.SnapshotMetadataTestJSON.test_update_show_snapshot_metadata_item [0.208546s] ... ok
{0} tempest.api.volume.test_versions.VersionsTest.test_list_versions [0.017337s] ... ok
{0} tempest.api.volume.test_versions.VersionsTest.test_show_version [0.098727s] ... ok
{0} tempest.api.volume.test_volume_absolute_limits.AbsoluteLimitsTests.test_get_volume_absolute_limits [0.048283s] ... ok
{0} tempest.api.volume.test_volume_delete_cascade.VolumesDeleteCascade.test_volume_delete_cascade [45.848938s] ... ok
{0} tempest.api.volume.test_volume_delete_cascade.VolumesDeleteCascade.test_volume_from_snapshot_cascade_delete [131.617425s] ... ok
{0} tempest.api.volume.test_volume_metadata.VolumesMetadataTest.test_crud_volume_metadata [0.268712s] ... ok
{0} tempest.api.volume.test_volume_metadata.VolumesMetadataTest.test_update_show_volume_metadata_item [0.185912s] ... ok
{0} tempest.api.volume.test_volume_transfers.VolumesTransfersTest.test_create_get_list_accept_volume_transfer [16.445726s] ... ok
{0} tempest.api.volume.test_volume_transfers.VolumesTransfersTest.test_create_list_delete_volume_transfer [15.218663s] ... ok
{0} tempest.api.volume.test_volume_transfers.VolumesTransfersV355Test.test_create_get_list_accept_volume_transfer [16.462884s] ... ok
{0} tempest.api.volume.test_volume_transfers.VolumesTransfersV355Test.test_create_list_delete_volume_transfer [15.303326s] ... ok
{0} tempest.api.volume.test_volume_transfers.VolumesTransfersV357Test.test_create_get_list_accept_volume_transfer [16.361848s] ... ok
{0} tempest.api.volume.test_volume_transfers.VolumesTransfersV357Test.test_create_list_delete_volume_transfer [15.517707s] ... ok
{0} tempest.api.volume.test_volumes_clone.VolumesCloneTest.test_create_from_volume [45.169606s] ... ok
{0} tempest.api.volume.test_volumes_clone_negative.VolumesCloneNegativeTest.test_create_from_volume_decreasing_size [16.389546s] ... ok
{0} tempest.api.volume.test_volumes_get.VolumesGetTest.test_volume_create_get_update_delete [32.798907s] ... ok
{0} tempest.api.volume.test_volumes_get.VolumesSummaryTest.test_show_volume_summary [0.106632s] ... ok
{0} tempest.api.volume.test_volumes_list.VolumesListTestJSON.test_volume_list [0.022291s] ... ok
{0} tempest.api.volume.test_volumes_list.VolumesListTestJSON.test_volume_list_by_name [0.067155s] ... ok
{0} tempest.api.volume.test_volumes_list.VolumesListTestJSON.test_volume_list_details_by_name [0.070250s] ... ok
{0} tempest.api.volume.test_volumes_list.VolumesListTestJSON.test_volume_list_details_pagination [0.249442s] ... ok
{0} tempest.api.volume.test_volumes_list.VolumesListTestJSON.test_volume_list_details_with_multiple_params [0.136926s] ... ok
{0} tempest.api.volume.test_volumes_list.VolumesListTestJSON.test_volume_list_pagination [0.148896s] ... ok
{0} tempest.api.volume.test_volumes_list.VolumesListTestJSON.test_volume_list_param_display_name_and_status [0.051235s] ... ok
{0} tempest.api.volume.test_volumes_list.VolumesListTestJSON.test_volume_list_with_detail_param_display_name_and_status [0.079465s] ... ok
{0} tempest.api.volume.test_volumes_list.VolumesListTestJSON.test_volume_list_with_detail_param_marker [0.085178s] ... ok
{0} tempest.api.volume.test_volumes_list.VolumesListTestJSON.test_volume_list_with_detail_param_metadata [0.082047s] ... ok
{0} tempest.api.volume.test_volumes_list.VolumesListTestJSON.test_volume_list_with_details [0.049804s] ... ok
{0} tempest.api.volume.test_volumes_list.VolumesListTestJSON.test_volume_list_with_param_metadata [0.040943s] ... ok
{0} tempest.api.volume.test_volumes_list.VolumesListTestJSON.test_volumes_list_by_availability_zone [0.122965s] ... ok
{0} tempest.api.volume.test_volumes_list.VolumesListTestJSON.test_volumes_list_by_bootable [0.125677s] ... ok
{0} tempest.api.volume.test_volumes_list.VolumesListTestJSON.test_volumes_list_by_status [0.129999s] ... ok
{0} tempest.api.volume.test_volumes_list.VolumesListTestJSON.test_volumes_list_details_by_availability_zone [0.036579s] ... ok
{0} tempest.api.volume.test_volumes_list.VolumesListTestJSON.test_volumes_list_details_by_bootable [0.050222s] ... ok
{0} tempest.api.volume.test_volumes_list.VolumesListTestJSON.test_volumes_list_details_by_status [0.035485s] ... ok
{0} tempest.api.volume.test_volumes_negative.VolumesNegativeTest.test_create_volume_from_deactivated_image [1.685279s] ... ok
{0} tempest.api.volume.test_volumes_negative.VolumesNegativeTest.test_create_volume_from_image_with_decreasing_size [1.510218s] ... ok
{0} tempest.api.volume.test_volumes_negative.VolumesNegativeTest.test_create_volume_with_invalid_size [0.017819s] ... ok
{0} tempest.api.volume.test_volumes_negative.VolumesNegativeTest.test_create_volume_with_nonexistent_snapshot_id [0.018517s] ... ok
{0} tempest.api.volume.test_volumes_negative.VolumesNegativeTest.test_create_volume_with_nonexistent_source_volid [0.019034s] ... ok
{0} tempest.api.volume.test_volumes_negative.VolumesNegativeTest.test_create_volume_with_nonexistent_volume_type [0.024138s] ... ok
{0} tempest.api.volume.test_volumes_negative.VolumesNegativeTest.test_create_volume_with_size_negative [0.013450s] ... ok
{0} tempest.api.volume.test_volumes_negative.VolumesNegativeTest.test_create_volume_with_size_zero [0.011623s] ... ok
{0} tempest.api.volume.test_volumes_negative.VolumesNegativeTest.test_create_volume_without_passing_size [0.011249s] ... ok
{0} tempest.api.volume.test_volumes_negative.VolumesNegativeTest.test_delete_invalid_volume_id [0.016457s] ... ok
{0} tempest.api.volume.test_volumes_negative.VolumesNegativeTest.test_delete_volume_without_passing_volume_id [0.007002s] ... ok
{0} tempest.api.volume.test_volumes_negative.VolumesNegativeTest.test_detach_volumes_with_invalid_volume_id [0.020063s] ... ok
{0} tempest.api.volume.test_volumes_negative.VolumesNegativeTest.test_get_invalid_volume_id [0.016590s] ... ok
{0} tempest.api.volume.test_volumes_negative.VolumesNegativeTest.test_get_volume_without_passing_volume_id [0.006417s] ... ok
{0} tempest.api.volume.test_volumes_negative.VolumesNegativeTest.test_list_volumes_detail_with_invalid_status [0.027763s] ... ok
{0} tempest.api.volume.test_volumes_negative.VolumesNegativeTest.test_list_volumes_detail_with_nonexistent_name [0.027939s] ... ok
{0} tempest.api.volume.test_volumes_negative.VolumesNegativeTest.test_list_volumes_with_invalid_status [0.018731s] ... ok
{0} tempest.api.volume.test_volumes_negative.VolumesNegativeTest.test_list_volumes_with_nonexistent_name [0.018257s] ... ok
{0} tempest.api.volume.test_volumes_negative.VolumesNegativeTest.test_reserve_volume_with_negative_volume_status [0.101193s] ... ok
{0} tempest.api.volume.test_volumes_negative.VolumesNegativeTest.test_reserve_volume_with_nonexistent_volume_id [0.021124s] ... ok
{0} tempest.api.volume.test_volumes_negative.VolumesNegativeTest.test_unreserve_volume_with_nonexistent_volume_id [0.019648s] ... ok
{0} tempest.api.volume.test_volumes_negative.VolumesNegativeTest.test_update_volume_with_empty_volume_id [0.007897s] ... ok
{0} tempest.api.volume.test_volumes_negative.VolumesNegativeTest.test_update_volume_with_invalid_volume_id [0.017832s] ... ok
{0} tempest.api.volume.test_volumes_negative.VolumesNegativeTest.test_update_volume_with_nonexistent_volume_id [0.019086s] ... ok
{0} tempest.api.volume.test_volumes_negative.VolumesNegativeTest.test_volume_delete_nonexistent_volume_id [0.018293s] ... ok
{0} tempest.api.volume.test_volumes_negative.VolumesNegativeTest.test_volume_extend_with_None_size [0.010639s] ... ok
{0} tempest.api.volume.test_volumes_negative.VolumesNegativeTest.test_volume_extend_with_non_number_size [0.010161s] ... ok
{0} tempest.api.volume.test_volumes_negative.VolumesNegativeTest.test_volume_extend_with_nonexistent_volume_id [0.016508s] ... ok
{0} tempest.api.volume.test_volumes_negative.VolumesNegativeTest.test_volume_extend_with_size_smaller_than_original_size [0.009745s] ... ok
{0} tempest.api.volume.test_volumes_negative.VolumesNegativeTest.test_volume_extend_without_passing_volume_id [0.015721s] ... ok
{0} tempest.api.volume.test_volumes_negative.VolumesNegativeTest.test_volume_get_nonexistent_volume_id [0.015844s] ... ok
{0} tempest.api.volume.test_volumes_snapshots_list.VolumesSnapshotListTestJSON.test_snapshot_list_param_limit [0.021029s] ... ok
{0} tempest.api.volume.test_volumes_snapshots_list.VolumesSnapshotListTestJSON.test_snapshot_list_param_limit_equals_infinite [0.057295s] ... ok
{0} tempest.api.volume.test_volumes_snapshots_list.VolumesSnapshotListTestJSON.test_snapshot_list_param_limit_equals_zero [0.020563s] ... ok
{0} tempest.api.volume.test_volumes_snapshots_list.VolumesSnapshotListTestJSON.test_snapshot_list_param_marker [0.062298s] ... ok
{0} tempest.api.volume.test_volumes_snapshots_list.VolumesSnapshotListTestJSON.test_snapshot_list_param_offset [0.034538s] ... ok
{0} tempest.api.volume.test_volumes_snapshots_list.VolumesSnapshotListTestJSON.test_snapshot_list_param_sort_created_at_asc [0.044811s] ... ok
{0} tempest.api.volume.test_volumes_snapshots_list.VolumesSnapshotListTestJSON.test_snapshot_list_param_sort_created_at_desc [0.027138s] ... ok
{0} tempest.api.volume.test_volumes_snapshots_list.VolumesSnapshotListTestJSON.test_snapshot_list_param_sort_id_asc [0.041705s] ... ok
{0} tempest.api.volume.test_volumes_snapshots_list.VolumesSnapshotListTestJSON.test_snapshot_list_param_sort_id_desc [0.041892s] ... ok
{0} tempest.api.volume.test_volumes_snapshots_list.VolumesSnapshotListTestJSON.test_snapshot_list_param_sort_name_asc [0.037163s] ... ok
{0} tempest.api.volume.test_volumes_snapshots_list.VolumesSnapshotListTestJSON.test_snapshot_list_param_sort_name_desc [0.035824s] ... ok
{0} tempest.api.volume.test_volumes_snapshots_list.VolumesSnapshotListTestJSON.test_snapshots_list_details_with_params [0.120909s] ... ok
{0} tempest.api.volume.test_volumes_snapshots_list.VolumesSnapshotListTestJSON.test_snapshots_list_with_params [0.108220s] ... ok
{0} tempest.api.volume.test_volumes_snapshots_negative.VolumesSnapshotNegativeTestJSON.test_create_snapshot_with_nonexistent_volume_id [0.107889s] ... ok
{0} tempest.api.volume.test_volumes_snapshots_negative.VolumesSnapshotNegativeTestJSON.test_create_snapshot_without_passing_volume_id [0.065285s] ... ok
{0} tempest.api.volume.test_volumes_snapshots_negative.VolumesSnapshotNegativeTestJSON.test_list_snapshot_invalid_param_limit [0.009992s] ... ok
{0} tempest.api.volume.test_volumes_snapshots_negative.VolumesSnapshotNegativeTestJSON.test_list_snapshots_invalid_param_marker [0.021861s] ... ok
{0} tempest.api.volume.test_volumes_snapshots_negative.VolumesSnapshotNegativeTestJSON.test_list_snapshots_invalid_param_sort [0.011928s] ... ok
{0} tempest.api.volume.test_volumes_snapshots_negative.VolumesSnapshotNegativeTestJSON.test_volume_from_snapshot_decreasing_size [29.868431s] ... ok

==============================
Failed 26 tests - output below:
==============================

tempest.api.compute.volumes.test_volume_snapshots.VolumesSnapshotsTestJSON.test_volume_snapshot_create_get_list_delete[id-cd4ec87d-7825-450d-8040-6e2068f2da8f]
---------------------------------------------------------------------------------------------------------------------------------------------------------------

Captured traceback:
~~~~~~~~~~~~~~~~~~~
    Traceback (most recent call last):

      File "/opt/stack/tempest/tempest/api/compute/volumes/test_volume_snapshots.py", line 54, in test_volume_snapshot_create_get_list_delete
    volume = self.create_volume()
             ^^^^^^^^^^^^^^^^^^^^

      File "/opt/stack/tempest/tempest/api/compute/base.py", line 551, in create_volume
    waiters.wait_for_volume_resource_status(cls.volumes_client,

      File "/opt/stack/tempest/tempest/common/waiters.py", line 379, in wait_for_volume_resource_status
    raise exceptions.VolumeResourceBuildErrorException(

    tempest.exceptions.VolumeResourceBuildErrorException: volume c024449e-5664-4f51-ae87-e02d6b9b99b5 failed to build and is in ERROR status


Captured pythonlogging:
~~~~~~~~~~~~~~~~~~~~~~~
    2026-05-06 00:47:48,767 124029 INFO     [tempest.lib.common.rest_client] Request (VolumesSnapshotsTestJSON:test_volume_snapshot_create_get_list_delete): 200 POST http://10.132.44.209/compute/v2.1/os-volumes 2.048s
2026-05-06 00:47:48,768 124029 DEBUG    [tempest.lib.common.rest_client] Request - Headers: {'Content-Type': 'application/json', 'Accept': 'application/json', 'X-Auth-Token': '<omitted>'}
        Body: {"volume": {"size": 1, "display_name": "tempest-VolumesSnapshotsTestJSON-volume-3838925"}}
    Response - Headers: {'date': 'Wed, 06 May 2026 00:47:46 GMT', 'server': 'Apache/2.4.58 (Ubuntu)', 'content-length': '339', 'location': 'http://10.132.44.209/compute/v2.1/os-volumes/c024449e-5664-4f51-ae87-e02d6b9b99b5', 'content-type': 'application/json', 'openstack-api-version': 'compute 2.1', 'x-openstack-nova-api-version': '2.1', 'vary': 'OpenStack-API-Version,X-OpenStack-Nova-API-Version', 'x-openstack-request-id': 'req-4935c13f-03bd-4dfc-98d4-f4478242c2ae', 'x-compute-request-id': 'req-4935c13f-03bd-4dfc-98d4-f4478242c2ae', 'connection': 'close', 'status': '200', 'content-location': 'http://10.132.44.209/compute/v2.1/os-volumes'}
        Body: b'{"volume": {"id": "c024449e-5664-4f51-ae87-e02d6b9b99b5", "status": "creating", "size": 1, "availabilityZone": "nova", "createdAt": "2026-05-06T00:47:48.118524", "attachments": [{}], "displayName": "tempest-VolumesSnapshotsTestJSON-volume-3838925", "displayDescription": null, "volumeType": "arcusfc1", "snapshotId": null, "metadata": {}}}'
2026-05-06 00:47:48,962 124029 INFO     [tempest.lib.common.rest_client] Request (VolumesSnapshotsTestJSON:test_volume_snapshot_create_get_list_delete): 200 GET http://10.132.44.209/compute/v2.1/os-volumes/c024449e-5664-4f51-ae87-e02d6b9b99b5 0.188s
2026-05-06 00:47:48,962 124029 DEBUG    [tempest.lib.common.rest_client] Request - Headers: {'Content-Type': 'application/json', 'Accept': 'application/json', 'X-Auth-Token': '<omitted>'}
        Body: None
    Response - Headers: {'date': 'Wed, 06 May 2026 00:47:48 GMT', 'server': 'Apache/2.4.58 (Ubuntu)', 'content-length': '336', 'content-type': 'application/json', 'openstack-api-version': 'compute 2.1', 'x-openstack-nova-api-version': '2.1', 'vary': 'OpenStack-API-Version,X-OpenStack-Nova-API-Version', 'x-openstack-request-id': 'req-8ecdbf59-398d-418e-b25d-ace534b6b2df', 'x-compute-request-id': 'req-8ecdbf59-398d-418e-b25d-ace534b6b2df', 'connection': 'close', 'status': '200', 'content-location': 'http://10.132.44.209/compute/v2.1/os-volumes/c024449e-5664-4f51-ae87-e02d6b9b99b5'}
        Body: b'{"volume": {"id": "c024449e-5664-4f51-ae87-e02d6b9b99b5", "status": "error", "size": 1, "availabilityZone": "nova", "createdAt": "2026-05-06T00:47:48.000000", "attachments": [{}], "displayName": "tempest-VolumesSnapshotsTestJSON-volume-3838925", "displayDescription": null, "volumeType": "arcusfc1", "snapshotId": null, "metadata": {}}}'
2026-05-06 00:47:50,037 124029 INFO     [tempest.lib.common.rest_client] Request (VolumesSnapshotsTestJSON:test_volume_snapshot_create_get_list_delete): 200 GET http://10.132.44.209/compute/v2.1/os-volumes/c024449e-5664-4f51-ae87-e02d6b9b99b5 0.069s
2026-05-06 00:47:50,037 124029 DEBUG    [tempest.lib.common.rest_client] Request - Headers: {'Content-Type': 'application/json', 'Accept': 'application/json', 'X-Auth-Token': '<omitted>'}
        Body: None
    Response - Headers: {'date': 'Wed, 06 May 2026 00:47:49 GMT', 'server': 'Apache/2.4.58 (Ubuntu)', 'content-length': '336', 'content-type': 'application/json', 'openstack-api-version': 'compute 2.1', 'x-openstack-nova-api-version': '2.1', 'vary': 'OpenStack-API-Version,X-OpenStack-Nova-API-Version', 'x-openstack-request-id': 'req-1e2d2798-044e-4637-b7d2-20bd9c8b93b8', 'x-compute-request-id': 'req-1e2d2798-044e-4637-b7d2-20bd9c8b93b8', 'connection': 'close', 'status': '200', 'content-location': 'http://10.132.44.209/compute/v2.1/os-volumes/c024449e-5664-4f51-ae87-e02d6b9b99b5'}
        Body: b'{"volume": {"id": "c024449e-5664-4f51-ae87-e02d6b9b99b5", "status": "error", "size": 1, "availabilityZone": "nova", "createdAt"
    : "2026-05-06T00:47:48.000000", "attachments": [{}], "displayName": "tempest-VolumesSnapshotsTestJSON-volume-3838925", "displayDescription": null, "volumeType": "arcusfc1", "snapshotId": null, "metadata": {}}}'


tempest.api.compute.volumes.test_volumes_get.VolumesGetTestJSON.test_volume_create_get_delete[id-f10f25eb-9775-4d9d-9cbe-1cf54dae9d5f]
--------------------------------------------------------------------------------------------------------------------------------------

Captured traceback:
~~~~~~~~~~~~~~~~~~~
    Traceback (most recent call last):

      File "/opt/stack/tempest/tempest/api/compute/volumes/test_volumes_get.py", line 56, in test_volume_create_get_delete
    volume = self.create_volume(size=CONF.volume.volume_size,
             ^^^^^^^^^^^^^^^^^^^^^^^^^^^^^^^^^^^^^^^^^^^^^^^^

      File "/opt/stack/tempest/tempest/api/compute/base.py", line 551, in create_volume
    waiters.wait_for_volume_resource_status(cls.volumes_client,

      File "/opt/stack/tempest/tempest/common/waiters.py", line 379, in wait_for_volume_resource_status
    raise exceptions.VolumeResourceBuildErrorException(

    tempest.exceptions.VolumeResourceBuildErrorException: volume a8c8dd8f-ca77-41ce-b3c0-955fceb30f7e failed to build and is in ERROR status


Captured pythonlogging:
~~~~~~~~~~~~~~~~~~~~~~~
    2026-05-06 00:47:52,672 124029 INFO     [tempest.lib.common.rest_client] Request (VolumesGetTestJSON:test_volume_create_get_delete): 200 POST http://10.132.44.209/compute/v2.1/os-volumes 0.432s
2026-05-06 00:47:52,672 124029 DEBUG    [tempest.lib.common.rest_client] Request - Headers: {'Content-Type': 'application/json', 'Accept': 'application/json', 'X-Auth-Token': '<omitted>'}
        Body: {"volume": {"size": 1, "display_name": "tempest-VolumesGetTestJSON-Volume-1356292151", "metadata": {"Type": "work"}}}
    Response - Headers: {'date': 'Wed, 06 May 2026 00:47:52 GMT', 'server': 'Apache/2.4.58 (Ubuntu)', 'content-length': '350', 'location': 'http://10.132.44.209/compute/v2.1/os-volumes/a8c8dd8f-ca77-41ce-b3c0-955fceb30f7e', 'content-type': 'application/json', 'openstack-api-version': 'compute 2.1', 'x-openstack-nova-api-version': '2.1', 'vary': 'OpenStack-API-Version,X-OpenStack-Nova-API-Version', 'x-openstack-request-id': 'req-1efc5ee7-55ad-4d0e-8b4f-17fc5c91ba1a', 'x-compute-request-id': 'req-1efc5ee7-55ad-4d0e-8b4f-17fc5c91ba1a', 'connection': 'close', 'status': '200', 'content-location': 'http://10.132.44.209/compute/v2.1/os-volumes'}
        Body: b'{"volume": {"id": "a8c8dd8f-ca77-41ce-b3c0-955fceb30f7e", "status": "creating", "size": 1, "availabilityZone": "nova", "createdAt": "2026-05-06T00:47:52.558402", "attachments": [{}], "displayName": "tempest-VolumesGetTestJSON-Volume-1356292151", "displayDescription": null, "volumeType": "arcusfc1", "snapshotId": null, "metadata": {"Type": "work"}}}'
2026-05-06 00:47:52,723 124029 INFO     [tempest.lib.common.rest_client] Request (VolumesGetTestJSON:test_volume_create_get_delete): 200 GET http://10.132.44.209/compute/v2.1/os-volumes/a8c8dd8f-ca77-41ce-b3c0-955fceb30f7e 0.047s
2026-05-06 00:47:52,723 124029 DEBUG    [tempest.lib.common.rest_client] Request - Headers: {'Content-Type': 'application/json', 'Accept': 'application/json', 'X-Auth-Token': '<omitted>'}
        Body: None
    Response - Headers: {'date': 'Wed, 06 May 2026 00:47:52 GMT', 'server': 'Apache/2.4.58 (Ubuntu)', 'content-length': '347', 'content-type': 'application/json', 'openstack-api-version': 'compute 2.1', 'x-openstack-nova-api-version': '2.1', 'vary': 'OpenStack-API-Version,X-OpenStack-Nova-API-Version', 'x-openstack-request-id': 'req-8ed6539e-21c6-4f7b-ac40-d077e5f2ddd5', 'x-compute-request-id': 'req-8ed6539e-21c6-4f7b-ac40-d077e5f2ddd5', 'connection': 'close', 'status': '200', 'content-location': 'http://10.132.44.209/compute/v2.1/os-volumes/a8c8dd8f-ca77-41ce-b3c0-955fceb30f7e'}
        Body: b'{"volume": {"id": "a8c8dd8f-ca77-41ce-b3c0-955fceb30f7e", "status": "error", "size": 1, "availabilityZone": "nova", "createdAt": "2026-05-06T00:47:53.000000", "attachments": [{}], "displayName": "tempest-VolumesGetTestJSON-Volume-1356292151", "displayDescription": null, "volumeType": "arcusfc1", "snapshotId": null, "metadata": {"Type": "work"}}}'
2026-05-06 00:47:53,790 124029 INFO     [tempest.lib.common.rest_client] Request (VolumesGetTestJSON:test_volume_create_get_delete): 200 GET http://10.132.44.209/compute/v2.1/os-volumes/a8c8dd8f-ca77-41ce-b3c0-955fceb30f7e 0.063s
2026-05-06 00:47:53,790 124029 DEBUG    [tempest.lib.common.rest_client] Request - Headers: {'Content-Type': 'application/json', 'Accept': 'application/json', 'X-Auth-Token': '<omitted>'}
        Body: None
    Response - Headers: {'date': 'Wed, 06 May 2026 00:47:53 GMT', 'server': 'Apache/2.4.58 (Ubuntu)', 'content-length': '347', 'content-type': 'application/json', 'openstack-api-version': 'compute 2.1', 'x-openstack-nova-api-version': '2.1', 'vary': 'OpenStack-API-Version,X-OpenStack-Nova-API-Version', 'x-openstack-request-id': 'req-a9c368c6-4f6f-43a1-ab18-0ac802fc00b8', 'x-compute-request-id': 'req-a9c368c6-4f6f-43a1-ab18-0ac802fc00b8', 'connection': 'close', 'status': '200', 'content-location': 'http://10.132.44.209/compute/v2.1/os-volumes/a8c8dd8f-ca77-41ce-b3c0-955fceb30f7e'}
        Body: b'{"volume": {"id": "a8c8dd8f-ca77-41ce-b3c0-955fceb30f7e", "status": "error", "size": 1, "availabilityZone": "nova", "createdAt": "2026-05-
    06T00:47:53.000000", "attachments": [{}], "displayName": "tempest-VolumesGetTestJSON-Volume-1356292151", "displayDescription": null, "volumeType": "arcusfc1", "snapshotId": null, "metadata": {"Type": "work"}}}'


setUpClass (tempest.api.compute.volumes.test_volumes_list.VolumesTestJSON)
--------------------------------------------------------------------------

Captured traceback:
~~~~~~~~~~~~~~~~~~~
    Traceback (most recent call last):

      File "/opt/stack/tempest/tempest/test.py", line 185, in setUpClass
    raise value.with_traceback(trace)

      File "/opt/stack/tempest/tempest/test.py", line 178, in setUpClass
    cls.resource_setup()

      File "/opt/stack/tempest/tempest/api/compute/volumes/test_volumes_list.py", line 57, in resource_setup
    volume = cls.create_volume(metadata=metadata)
             ^^^^^^^^^^^^^^^^^^^^^^^^^^^^^^^^^^^^

      File "/opt/stack/tempest/tempest/api/compute/base.py", line 551, in create_volume
    waiters.wait_for_volume_resource_status(cls.volumes_client,

      File "/opt/stack/tempest/tempest/common/waiters.py", line 379, in wait_for_volume_resource_status
    raise exceptions.VolumeResourceBuildErrorException(

    tempest.exceptions.VolumeResourceBuildErrorException: volume 33024137-a1b5-4790-a523-1c2bdb0cb9e2 failed to build and is in ERROR status


tempest.api.volume.admin.test_backends_capabilities.BackendsCapabilitiesAdminTestsJSON.test_get_capabilities_backend[id-3750af44-5ea2-4cd4-bc3e-56e7e6caf854]
-------------------------------------------------------------------------------------------------------------------------------------------------------------

Captured traceback:
~~~~~~~~~~~~~~~~~~~
    Traceback (most recent call last):

      File "/opt/stack/tempest/tempest/api/volume/admin/test_backends_capabilities.py", line 38, in test_get_capabilities_backend
    self.admin_capabilities_client.show_backend_capabilities(self.hosts[0])
                                                             ~~~~~~~~~~^^^

    IndexError: list index out of range


tempest.api.volume.admin.test_group_snapshots.GroupSnapshotsTest.test_create_group_from_group_snapshot[id-eff52c70-efc7-45ed-b47a-4ad675d09b81]
-----------------------------------------------------------------------------------------------------------------------------------------------

Captured traceback:
~~~~~~~~~~~~~~~~~~~
    Traceback (most recent call last):

      File "/opt/stack/tempest/tempest/api/volume/admin/test_group_snapshots.py", line 162, in test_create_group_from_group_snapshot
    grp = self.create_group(group_type=group_type['id'],
          ^^^^^^^^^^^^^^^^^^^^^^^^^^^^^^^^^^^^^^^^^^^^^^

      File "/opt/stack/tempest/tempest/api/volume/base.py", line 293, in create_group
    waiters.wait_for_volume_resource_status(

      File "/opt/stack/tempest/tempest/common/waiters.py", line 379, in wait_for_volume_resource_status
    raise exceptions.VolumeResourceBuildErrorException(

    tempest.exceptions.VolumeResourceBuildErrorException: group 003dfd5e-7055-46fa-936c-803152a981ca failed to build and is in ERROR status


Captured pythonlogging:
~~~~~~~~~~~~~~~~~~~~~~~
    2026-05-06 00:48:06,167 124029 INFO     [tempest.lib.common.rest_client] Request (GroupSnapshotsTest:test_create_group_from_group_snapshot): 200 POST http://10.132.44.209/volume/v3/types 0.121s
2026-05-06 00:48:06,167 124029 DEBUG    [tempest.lib.common.rest_client] Request - Headers: {'Content-Type': 'application/json', 'Accept': 'application/json', 'X-Auth-Token': '<omitted>'}
        Body: {"volume_type": {"name": "tempest-GroupSnapshotsTest-volume-type-310946326"}}
    Response - Headers: {'date': 'Wed, 06 May 2026 00:48:06 GMT', 'server': 'Apache/2.4.58 (Ubuntu)', 'content-type': 'application/json', 'x-compute-request-id': 'req-34b4d6e2-eb21-47e9-9b2a-7b34195cf2ba', 'content-length': '223', 'openstack-api-version': 'volume 3.0', 'vary': 'OpenStack-API-Version', 'x-openstack-request-id': 'req-34b4d6e2-eb21-47e9-9b2a-7b34195cf2ba', 'connection': 'close', 'status': '200', 'content-location': 'http://10.132.44.209/volume/v3/types'}
        Body: b'{"volume_type": {"id": "dab5379b-8885-4a5c-9bf0-8582e5fe1d42", "name": "tempest-GroupSnapshotsTest-volume-type-310946326", "is_public": true, "extra_specs": {}, "description": null, "os-volume-type-access:is_public": true}}'
2026-05-06 00:48:06,231 124029 INFO     [tempest.lib.common.rest_client] Request (GroupSnapshotsTest:test_create_group_from_group_snapshot): 202 POST http://10.132.44.209/volume/v3/group_types 0.058s
2026-05-06 00:48:06,231 124029 DEBUG    [tempest.lib.common.rest_client] Request - Headers: {'Content-Type': 'application/json', 'Accept': 'application/json', 'Openstack-Api-Version': 'volume 3.14', 'X-Auth-Token': '<omitted>'}
        Body: {"group_type": {"name": "tempest-GroupSnapshotsTest-group-type-1715500414"}}
    Response - Headers: {'date': 'Wed, 06 May 2026 00:48:06 GMT', 'server': 'Apache/2.4.58 (Ubuntu)', 'content-type': 'application/json', 'x-compute-request-id': 'req-5f0e69b6-c0dc-49fc-9be3-3415e31f3196', 'content-length': '181', 'openstack-api-version': 'volume 3.14', 'vary': 'OpenStack-API-Version', 'x-openstack-request-id': 'req-5f0e69b6-c0dc-49fc-9be3-3415e31f3196', 'connection': 'close', 'status': '202', 'content-location': 'http://10.132.44.209/volume/v3/group_types'}
        Body: b'{"group_type": {"id": "f3ed5f02-6bd7-4875-b143-9d102bfed410", "name": "tempest-GroupSnapshotsTest-group-type-1715500414", "description": null, "is_public": true, "group_specs": {}}}'
2026-05-06 00:48:06,415 124029 INFO     [tempest.lib.common.rest_client] Request (GroupSnapshotsTest:test_create_group_from_group_snapshot): 202 POST http://10.132.44.209/volume/v3/groups 0.180s
2026-05-06 00:48:06,416 124029 DEBUG    [tempest.lib.common.rest_client] Request - Headers: {'Content-Type': 'application/json', 'Accept': 'application/json', 'Openstack-Api-Version': 'volume 3.14', 'X-Auth-Token': '<omitted>'}
        Body: {"group": {"group_type": "f3ed5f02-6bd7-4875-b143-9d102bfed410", "volume_types": ["dab5379b-8885-4a5c-9bf0-8582e5fe1d42"], "name": "tempest-GroupSnapshotsTest-Group-1368997724"}}
    Response - Headers: {'date': 'Wed, 06 May 2026 00:48:06 GMT', 'server': 'Apache/2.4.58 (Ubuntu)', 'content-type': 'application/json', 'x-compute-request-id': 'req-e43015f4-fbb2-4471-ac40-22232c81ba99', 'content-length': '112', 'openstack-api-version': 'volume 3.14', 'vary': 'OpenStack-API-Version', 'x-openstack-request-id': 'req-e43015f4-fbb2-4471-ac40-22232c81ba99', 'connection': 'close', 'status': '202', 'content-location': 'http://10.132.44.209/volume/v3/groups'}
        Body: b'{"group": {"id": "003dfd5e-7055-46fa-936c-803152a981ca", "name": "tempest-GroupSnapshotsTest-Group-1368997724"}}'
2026-05-06 00:48:06,459 124029 INFO     [tempest.lib.common.rest_client] Request (GroupSnapshotsTest:test_create_group_from_group_snapshot): 200 GET http://10.132.44.209/volume/v3/groups/003dfd5e-7055-46fa-936c-803152a981ca 0.041s
2026-05-06 00:48:06,460 124029 DEBUG    [tempest.lib.common.rest_client] Request - Headers: {'Content-Type': 'application/json', 'Accept': 'application/json', 'Openstack-Api-Version': 'volume 3.14', 'X-Auth-Token': '<omitted>'}
        Body: None
    Respons
    e - Headers: {'date': 'Wed, 06 May 2026 00:48:06 GMT', 'server': 'Apache/2.4.58 (Ubuntu)', 'content-type': 'application/json', 'x-compute-request-id': 'req-c26c3507-7155-4792-9616-224ac612b2f5', 'content-length': '389', 'openstack-api-version': 'volume 3.14', 'vary': 'OpenStack-API-Version', 'x-openstack-request-id': 'req-c26c3507-7155-4792-9616-224ac612b2f5', 'connection': 'close', 'status': '200', 'content-location': 'http://10.132.44.209/volume/v3/groups/003dfd5e-7055-46fa-936c-803152a981ca'}
        Body: b'{"group": {"id": "003dfd5e-7055-46fa-936c-803152a981ca", "status": "error", "availability_zone": "nova", "created_at": "2026-05-06T00:48:06.000000", "name": "tempest-GroupSnapshotsTest-Group-1368997724", "description": null, "group_type": "f3ed5f02-6bd7-4875-b143-9d102bfed410", "volume_types": ["dab5379b-8885-4a5c-9bf0-8582e5fe1d42"], "group_snapshot_id": null, "source_group_id": null}}'
2026-05-06 00:48:07,508 124029 INFO     [tempest.lib.common.rest_client] Request (GroupSnapshotsTest:test_create_group_from_group_snapshot): 200 GET http://10.132.44.209/volume/v3/groups/003dfd5e-7055-46fa-936c-803152a981ca 0.041s
2026-05-06 00:48:07,509 124029 DEBUG    [tempest.lib.common.rest_client] Request - Headers: {'Content-Type': 'application/json', 'Accept': 'application/json', 'Openstack-Api-Version': 'volume 3.14', 'X-Auth-Token': '<omitted>'}
        Body: None
    Response - Headers: {'date': 'Wed, 06 May 2026 00:48:07 GMT', 'server': 'Apache/2.4.58 (Ubuntu)', 'content-type': 'application/json', 'x-compute-request-id': 'req-61f36616-5fd5-48fe-9eda-f8b437671264', 'content-length': '389', 'openstack-api-version': 'volume 3.14', 'vary': 'OpenStack-API-Version', 'x-openstack-request-id': 'req-61f36616-5fd5-48fe-9eda-f8b437671264', 'connection': 'close', 'status': '200', 'content-location': 'http://10.132.44.209/volume/v3/groups/003dfd5e-7055-46fa-936c-803152a981ca'}
        Body: b'{"group": {"id": "003dfd5e-7055-46fa-936c-803152a981ca", "status": "error", "availability_zone": "nova", "created_at": "2026-05-06T00:48:06.000000", "name": "tempest-GroupSnapshotsTest-Group-1368997724", "description": null, "group_type": "f3ed5f02-6bd7-4875-b143-9d102bfed410", "volume_types": ["dab5379b-8885-4a5c-9bf0-8582e5fe1d42"], "group_snapshot_id": null, "source_group_id": null}}'
2026-05-06 00:48:07,591 124029 INFO     [tempest.lib.common.rest_client] Request (GroupSnapshotsTest:_run_cleanups): 200 GET http://10.132.44.209/volume/v3/volumes/detail 0.075s
2026-05-06 00:48:07,591 124029 DEBUG    [tempest.lib.common.rest_client] Request - Headers: {'Content-Type': 'application/json', 'Accept': 'application/json', 'Openstack-Api-Version': 'volume 3.14', 'X-Auth-Token': '<omitted>'}
        Body: None
    Response - Headers: {'date': 'Wed, 06 May 2026 00:48:07 GMT', 'server': 'Apache/2.4.58 (Ubuntu)', 'content-type': 'application/json', 'x-compute-request-id': 'req-b173a563-82c2-42e2-9cd5-6e38912c1d1e', 'content-length': '15', 'openstack-api-version': 'volume 3.14', 'vary': 'OpenStack-API-Version', 'x-openstack-request-id': 'req-b173a563-82c2-42e2-9cd5-6e38912c1d1e', 'connection': 'close', 'status': '200', 'content-location': 'http://10.132.44.209/volume/v3/volumes/detail'}
        Body: b'{"volumes": []}'
2026-05-06 00:48:07,661 124029 INFO     [tempest.lib.common.rest_client] Request (GroupSnapshotsTest:_run_cleanups): 202 POST http://10.132.44.209/volume/v3/groups/003dfd5e-7055-46fa-936c-803152a981ca/action 0.062s
2026-05-06 00:48:07,661 124029 DEBUG    [tempest.lib.common.rest_client] Request - Headers: {'Content-Type': 'application/json', 'Accept': 'application/json', 'Openstack-Api-Version': 'volume 3.14', 'X-Auth-Token': '<omitted>'}
        Body: {"delete": {"delete-volumes": true}}
    Response - Headers: {'date': 'Wed, 06 May 2026 00:48:07 GMT', 'server': 'Apache/2.4.58 (Ubuntu)', 'content-length': '0', 'content-type': 'text/html; charset=UTF-8', 'openstack-api-version': 'volume 3.14', 'vary': 'OpenStack-API-Version', 'x-openstack-request-id': 'req-5bd79289-7b44-48a6-aae2-4e779b152c1f', 'connection': 'close', 'status': '202', 'cont
    ent-location': 'http://10.132.44.209/volume/v3/groups/003dfd5e-7055-46fa-936c-803152a981ca/action'}
        Body: b''
2026-05-06 00:48:07,673 124029 INFO     [tempest.lib.common.rest_client] Request (GroupSnapshotsTest:_run_cleanups): 404 GET http://10.132.44.209/volume/v3/groups/003dfd5e-7055-46fa-936c-803152a981ca 0.011s
2026-05-06 00:48:07,673 124029 DEBUG    [tempest.lib.common.rest_client] Request - Headers: {'Content-Type': 'application/json', 'Accept': 'application/json', 'Openstack-Api-Version': 'volume 3.14', 'X-Auth-Token': '<omitted>'}
        Body: None
    Response - Headers: {'date': 'Wed, 06 May 2026 00:48:07 GMT', 'server': 'Apache/2.4.58 (Ubuntu)', 'openstack-api-version': 'volume 3.14', 'vary': 'OpenStack-API-Version', 'content-length': '108', 'content-type': 'application/json', 'x-compute-request-id': 'req-ab988599-dc45-4545-aad1-1ca178d828ef', 'x-openstack-request-id': 'req-ab988599-dc45-4545-aad1-1ca178d828ef', 'connection': 'close', 'status': '404', 'content-location': 'http://10.132.44.209/volume/v3/groups/003dfd5e-7055-46fa-936c-803152a981ca'}
        Body: b'{"itemNotFound": {"code": 404, "message": "Group 003dfd5e-7055-46fa-936c-803152a981ca could not be found."}}'
2026-05-06 00:48:07,710 124029 INFO     [tempest.lib.common.rest_client] Request (GroupSnapshotsTest:_run_cleanups): 202 DELETE http://10.132.44.209/volume/v3/group_types/f3ed5f02-6bd7-4875-b143-9d102bfed410 0.035s
2026-05-06 00:48:07,710 124029 DEBUG    [tempest.lib.common.rest_client] Request - Headers: {'Content-Type': 'application/json', 'Accept': 'application/json', 'Openstack-Api-Version': 'volume 3.14', 'X-Auth-Token': '<omitted>'}
        Body: None
    Response - Headers: {'date': 'Wed, 06 May 2026 00:48:07 GMT', 'server': 'Apache/2.4.58 (Ubuntu)', 'content-length': '0', 'content-type': 'text/html; charset=UTF-8', 'openstack-api-version': 'volume 3.14', 'vary': 'OpenStack-API-Version', 'x-openstack-request-id': 'req-357e4606-545c-4843-9ab2-20a8bb71ade1', 'connection': 'close', 'status': '202', 'content-location': 'http://10.132.44.209/volume/v3/group_types/f3ed5f02-6bd7-4875-b143-9d102bfed410'}
        Body: b''
2026-05-06 00:48:07,787 124029 INFO     [tempest.lib.common.rest_client] Request (GroupSnapshotsTest:_run_cleanups): 202 DELETE http://10.132.44.209/volume/v3/types/dab5379b-8885-4a5c-9bf0-8582e5fe1d42 0.076s
2026-05-06 00:48:07,788 124029 DEBUG    [tempest.lib.common.rest_client] Request - Headers: {'Content-Type': 'application/json', 'Accept': 'application/json', 'X-Auth-Token': '<omitted>'}
        Body: None
    Response - Headers: {'date': 'Wed, 06 May 2026 00:48:07 GMT', 'server': 'Apache/2.4.58 (Ubuntu)', 'content-length': '0', 'content-type': 'text/html; charset=UTF-8', 'openstack-api-version': 'volume 3.0', 'vary': 'OpenStack-API-Version', 'x-openstack-request-id': 'req-b1c0c7d4-479b-4331-9c64-880d2c07fd7c', 'connection': 'close', 'status': '202', 'content-location': 'http://10.132.44.209/volume/v3/types/dab5379b-8885-4a5c-9bf0-8582e5fe1d42'}
        Body: b''
2026-05-06 00:48:07,806 124029 INFO     [tempest.lib.common.rest_client] Request (GroupSnapshotsTest:_run_cleanups): 404 GET http://10.132.44.209/volume/v3/types/dab5379b-8885-4a5c-9bf0-8582e5fe1d42 0.018s
2026-05-06 00:48:07,807 124029 DEBUG    [tempest.lib.common.rest_client] Request - Headers: {'Content-Type': 'application/json', 'Accept': 'application/json', 'X-Auth-Token': '<omitted>'}
        Body: None
    Response - Headers: {'date': 'Wed, 06 May 2026 00:48:07 GMT', 'server': 'Apache/2.4.58 (Ubuntu)', 'openstack-api-version': 'volume 3.0', 'vary': 'OpenStack-API-Version', 'content-length': '114', 'content-type': 'application/json', 'x-compute-request-id': 'req-5d125229-fe44-48d3-8569-5c630aaecba8', 'x-openstack-request-id': 'req-5d125229-fe44-48d3-8569-5c630aaecba8', 'connection': 'close', 'status': '404', 'content-location': 'http://10.132.44.209/volume/v3/types/dab5379b-8885-4a5c-9bf0-8582e5fe1d42'}
        Body: b'{"itemNotFound": {"code": 404, "message": "Volume type dab5379b-8885-4a5c-9bf0-8582e5fe1d42 could not be found."}}'


tempest.api.volume.admin.test_group_snapshots.GroupSnapshotsTest.test_delete_group_snapshots_following_updated_volumes[id-7d7fc000-0b4c-4376-a372-544116d2e127]
---------------------------------------------------------------------------------------------------------------------------------------------------------------

Captured traceback:
~~~~~~~~~~~~~~~~~~~
    Traceback (most recent call last):

      File "/opt/stack/tempest/tempest/lib/decorators.py", line 106, in wrapper
    raise exc

      File "/opt/stack/tempest/tempest/lib/decorators.py", line 98, in wrapper
    return f(*func_args, **func_kwargs)
           ^^^^^^^^^^^^^^^^^^^^^^^^^^^^

      File "/opt/stack/tempest/tempest/api/volume/admin/test_group_snapshots.py", line 225, in test_delete_group_snapshots_following_updated_volumes
    grp = self.create_group(group_type=group_type['id'],
          ^^^^^^^^^^^^^^^^^^^^^^^^^^^^^^^^^^^^^^^^^^^^^^

      File "/opt/stack/tempest/tempest/api/volume/base.py", line 293, in create_group
    waiters.wait_for_volume_resource_status(

      File "/opt/stack/tempest/tempest/common/waiters.py", line 379, in wait_for_volume_resource_status
    raise exceptions.VolumeResourceBuildErrorException(

    tempest.exceptions.VolumeResourceBuildErrorException: group 8d89f3dc-4c52-4f13-a7a1-2c34f18a6095 failed to build and is in ERROR status


Captured pythonlogging:
~~~~~~~~~~~~~~~~~~~~~~~
    2026-05-06 00:48:07,841 124029 INFO     [tempest.lib.common.rest_client] Request (GroupSnapshotsTest:test_delete_group_snapshots_following_updated_volumes): 200 POST http://10.132.44.209/volume/v3/types 0.031s
2026-05-06 00:48:07,842 124029 DEBUG    [tempest.lib.common.rest_client] Request - Headers: {'Content-Type': 'application/json', 'Accept': 'application/json', 'X-Auth-Token': '<omitted>'}
        Body: {"volume_type": {"name": "tempest-GroupSnapshotsTest-volume-type-1418364282"}}
    Response - Headers: {'date': 'Wed, 06 May 2026 00:48:07 GMT', 'server': 'Apache/2.4.58 (Ubuntu)', 'content-type': 'application/json', 'x-compute-request-id': 'req-c1e24bf0-070a-4d90-b38c-8dd2320938cc', 'content-length': '224', 'openstack-api-version': 'volume 3.0', 'vary': 'OpenStack-API-Version', 'x-openstack-request-id': 'req-c1e24bf0-070a-4d90-b38c-8dd2320938cc', 'connection': 'close', 'status': '200', 'content-location': 'http://10.132.44.209/volume/v3/types'}
        Body: b'{"volume_type": {"id": "3bb37176-a67f-4c6c-b788-ff967a2a046a", "name": "tempest-GroupSnapshotsTest-volume-type-1418364282", "is_public": true, "extra_specs": {}, "description": null, "os-volume-type-access:is_public": true}}'
2026-05-06 00:48:07,877 124029 INFO     [tempest.lib.common.rest_client] Request (GroupSnapshotsTest:test_delete_group_snapshots_following_updated_volumes): 202 POST http://10.132.44.209/volume/v3/group_types 0.031s
2026-05-06 00:48:07,878 124029 DEBUG    [tempest.lib.common.rest_client] Request - Headers: {'Content-Type': 'application/json', 'Accept': 'application/json', 'Openstack-Api-Version': 'volume 3.14', 'X-Auth-Token': '<omitted>'}
        Body: {"group_type": {"name": "tempest-GroupSnapshotsTest-group-type-1063181342"}}
    Response - Headers: {'date': 'Wed, 06 May 2026 00:48:07 GMT', 'server': 'Apache/2.4.58 (Ubuntu)', 'content-type': 'application/json', 'x-compute-request-id': 'req-6ace63b9-60f4-4351-8b05-169c42e0723c', 'content-length': '181', 'openstack-api-version': 'volume 3.14', 'vary': 'OpenStack-API-Version', 'x-openstack-request-id': 'req-6ace63b9-60f4-4351-8b05-169c42e0723c', 'connection': 'close', 'status': '202', 'content-location': 'http://10.132.44.209/volume/v3/group_types'}
        Body: b'{"group_type": {"id": "3e1d0f78-04cd-4790-a373-46b2efa7e421", "name": "tempest-GroupSnapshotsTest-group-type-1063181342", "description": null, "is_public": true, "group_specs": {}}}'
2026-05-06 00:48:07,990 124029 INFO     [tempest.lib.common.rest_client] Request (GroupSnapshotsTest:test_delete_group_snapshots_following_updated_volumes): 202 POST http://10.132.44.209/volume/v3/groups 0.108s
2026-05-06 00:48:07,990 124029 DEBUG    [tempest.lib.common.rest_client] Request - Headers: {'Content-Type': 'application/json', 'Accept': 'application/json', 'Openstack-Api-Version': 'volume 3.14', 'X-Auth-Token': '<omitted>'}
        Body: {"group": {"group_type": "3e1d0f78-04cd-4790-a373-46b2efa7e421", "volume_types": ["3bb37176-a67f-4c6c-b788-ff967a2a046a"], "name": "tempest-GroupSnapshotsTest-Group-1842268974"}}
    Response - Headers: {'date': 'Wed, 06 May 2026 00:48:07 GMT', 'server': 'Apache/2.4.58 (Ubuntu)', 'content-type': 'application/json', 'x-compute-request-id': 'req-ff9cbe8e-6dea-4fa5-b2d3-672cbe684cd2', 'content-length': '112', 'openstack-api-version': 'volume 3.14', 'vary': 'OpenStack-API-Version', 'x-openstack-request-id': 'req-ff9cbe8e-6dea-4fa5-b2d3-672cbe684cd2', 'connection': 'close', 'status': '202', 'content-location': 'http://10.132.44.209/volume/v3/groups'}
        Body: b'{"group": {"id": "8d89f3dc-4c52-4f13-a7a1-2c34f18a6095", "name": "tempest-GroupSnapshotsTest-Group-1842268974"}}'
2026-05-06 00:48:08,020 124029 INFO     [tempest.lib.common.rest_client] Request (GroupSnapshotsTest:test_delete_group_snapshots_following_updated_volumes): 200 GET http://10.132.44.209/volume/v3/groups/8d89f3dc-4c52-4f13-a7a1-2c34f18a6095 0.026s
2026-05-06 00:48:08,020 124029 DEBUG    [tempest.lib.common.rest_client] Request - Headers: {'Content-Type': 'application/json', 'Accept': 'application/json', 'Openstack-Api-Version': 'volume 
    3.14', 'X-Auth-Token': '<omitted>'}
        Body: None
    Response - Headers: {'date': 'Wed, 06 May 2026 00:48:07 GMT', 'server': 'Apache/2.4.58 (Ubuntu)', 'content-type': 'application/json', 'x-compute-request-id': 'req-770d6b74-ebeb-4f16-a478-18976d0a8afd', 'content-length': '392', 'openstack-api-version': 'volume 3.14', 'vary': 'OpenStack-API-Version', 'x-openstack-request-id': 'req-770d6b74-ebeb-4f16-a478-18976d0a8afd', 'connection': 'close', 'status': '200', 'content-location': 'http://10.132.44.209/volume/v3/groups/8d89f3dc-4c52-4f13-a7a1-2c34f18a6095'}
        Body: b'{"group": {"id": "8d89f3dc-4c52-4f13-a7a1-2c34f18a6095", "status": "creating", "availability_zone": "nova", "created_at": "2026-05-06T00:48:08.000000", "name": "tempest-GroupSnapshotsTest-Group-1842268974", "description": null, "group_type": "3e1d0f78-04cd-4790-a373-46b2efa7e421", "volume_types": ["3bb37176-a67f-4c6c-b788-ff967a2a046a"], "group_snapshot_id": null, "source_group_id": null}}'
2026-05-06 00:48:09,060 124029 INFO     [tempest.lib.common.rest_client] Request (GroupSnapshotsTest:test_delete_group_snapshots_following_updated_volumes): 200 GET http://10.132.44.209/volume/v3/groups/8d89f3dc-4c52-4f13-a7a1-2c34f18a6095 0.034s
2026-05-06 00:48:09,060 124029 DEBUG    [tempest.lib.common.rest_client] Request - Headers: {'Content-Type': 'application/json', 'Accept': 'application/json', 'Openstack-Api-Version': 'volume 3.14', 'X-Auth-Token': '<omitted>'}
        Body: None
    Response - Headers: {'date': 'Wed, 06 May 2026 00:48:09 GMT', 'server': 'Apache/2.4.58 (Ubuntu)', 'content-type': 'application/json', 'x-compute-request-id': 'req-ce2140f4-5a80-4588-a4aa-c781bc12b75b', 'content-length': '389', 'openstack-api-version': 'volume 3.14', 'vary': 'OpenStack-API-Version', 'x-openstack-request-id': 'req-ce2140f4-5a80-4588-a4aa-c781bc12b75b', 'connection': 'close', 'status': '200', 'content-location': 'http://10.132.44.209/volume/v3/groups/8d89f3dc-4c52-4f13-a7a1-2c34f18a6095'}
        Body: b'{"group": {"id": "8d89f3dc-4c52-4f13-a7a1-2c34f18a6095", "status": "error", "availability_zone": "nova", "created_at": "2026-05-06T00:48:08.000000", "name": "tempest-GroupSnapshotsTest-Group-1842268974", "description": null, "group_type": "3e1d0f78-04cd-4790-a373-46b2efa7e421", "volume_types": ["3bb37176-a67f-4c6c-b788-ff967a2a046a"], "group_snapshot_id": null, "source_group_id": null}}'
2026-05-06 00:48:09,066 124029 ERROR    [tempest.lib.decorators] Hints: This test was made for the bug_type 1739031. The failure could be related to https://launchpad.net/bugs/1739031
2026-05-06 00:48:09,124 124029 INFO     [tempest.lib.common.rest_client] Request (GroupSnapshotsTest:_run_cleanups): 200 GET http://10.132.44.209/volume/v3/volumes/detail 0.056s
2026-05-06 00:48:09,125 124029 DEBUG    [tempest.lib.common.rest_client] Request - Headers: {'Content-Type': 'application/json', 'Accept': 'application/json', 'Openstack-Api-Version': 'volume 3.14', 'X-Auth-Token': '<omitted>'}
        Body: None
    Response - Headers: {'date': 'Wed, 06 May 2026 00:48:09 GMT', 'server': 'Apache/2.4.58 (Ubuntu)', 'content-type': 'application/json', 'x-compute-request-id': 'req-430cf72b-5907-4b14-bda8-cf06d83ff931', 'content-length': '15', 'openstack-api-version': 'volume 3.14', 'vary': 'OpenStack-API-Version', 'x-openstack-request-id': 'req-430cf72b-5907-4b14-bda8-cf06d83ff931', 'connection': 'close', 'status': '200', 'content-location': 'http://10.132.44.209/volume/v3/volumes/detail'}
        Body: b'{"volumes": []}'
2026-05-06 00:48:09,205 124029 INFO     [tempest.lib.common.rest_client] Request (GroupSnapshotsTest:_run_cleanups): 202 POST http://10.132.44.209/volume/v3/groups/8d89f3dc-4c52-4f13-a7a1-2c34f18a6095/action 0.068s
2026-05-06 00:48:09,205 124029 DEBUG    [tempest.lib.common.rest_client] Request - Headers: {'Content-Type': 'application/json', 'Accept': 'application/json', 'Openstack-Api-Version': 'volume 3.14', 'X-Auth-Token': '<omitted>'}
        Body: {"delete": {"delete-volumes": true}}
    Response - Headers: {'date': 'Wed, 06 May 2026 00:48:09 GMT', 'server': 'Apache/2.4.
    58 (Ubuntu)', 'content-length': '0', 'content-type': 'text/html; charset=UTF-8', 'openstack-api-version': 'volume 3.14', 'vary': 'OpenStack-API-Version', 'x-openstack-request-id': 'req-42f9729a-f87a-4bcb-90fb-dc1fcda89f06', 'connection': 'close', 'status': '202', 'content-location': 'http://10.132.44.209/volume/v3/groups/8d89f3dc-4c52-4f13-a7a1-2c34f18a6095/action'}
        Body: b''
2026-05-06 00:48:09,218 124029 INFO     [tempest.lib.common.rest_client] Request (GroupSnapshotsTest:_run_cleanups): 404 GET http://10.132.44.209/volume/v3/groups/8d89f3dc-4c52-4f13-a7a1-2c34f18a6095 0.012s
2026-05-06 00:48:09,218 124029 DEBUG    [tempest.lib.common.rest_client] Request - Headers: {'Content-Type': 'application/json', 'Accept': 'application/json', 'Openstack-Api-Version': 'volume 3.14', 'X-Auth-Token': '<omitted>'}
        Body: None
    Response - Headers: {'date': 'Wed, 06 May 2026 00:48:09 GMT', 'server': 'Apache/2.4.58 (Ubuntu)', 'openstack-api-version': 'volume 3.14', 'vary': 'OpenStack-API-Version', 'content-length': '108', 'content-type': 'application/json', 'x-compute-request-id': 'req-16697369-dba4-4fb6-8e83-2d2818b884cf', 'x-openstack-request-id': 'req-16697369-dba4-4fb6-8e83-2d2818b884cf', 'connection': 'close', 'status': '404', 'content-location': 'http://10.132.44.209/volume/v3/groups/8d89f3dc-4c52-4f13-a7a1-2c34f18a6095'}
        Body: b'{"itemNotFound": {"code": 404, "message": "Group 8d89f3dc-4c52-4f13-a7a1-2c34f18a6095 could not be found."}}'
2026-05-06 00:48:09,249 124029 INFO     [tempest.lib.common.rest_client] Request (GroupSnapshotsTest:_run_cleanups): 202 DELETE http://10.132.44.209/volume/v3/group_types/3e1d0f78-04cd-4790-a373-46b2efa7e421 0.030s
2026-05-06 00:48:09,250 124029 DEBUG    [tempest.lib.common.rest_client] Request - Headers: {'Content-Type': 'application/json', 'Accept': 'application/json', 'Openstack-Api-Version': 'volume 3.14', 'X-Auth-Token': '<omitted>'}
        Body: None
    Response - Headers: {'date': 'Wed, 06 May 2026 00:48:09 GMT', 'server': 'Apache/2.4.58 (Ubuntu)', 'content-length': '0', 'content-type': 'text/html; charset=UTF-8', 'openstack-api-version': 'volume 3.14', 'vary': 'OpenStack-API-Version', 'x-openstack-request-id': 'req-850cab95-0da2-45f2-9a68-f0322bbc917b', 'connection': 'close', 'status': '202', 'content-location': 'http://10.132.44.209/volume/v3/group_types/3e1d0f78-04cd-4790-a373-46b2efa7e421'}
        Body: b''
2026-05-06 00:48:09,306 124029 INFO     [tempest.lib.common.rest_client] Request (GroupSnapshotsTest:_run_cleanups): 202 DELETE http://10.132.44.209/volume/v3/types/3bb37176-a67f-4c6c-b788-ff967a2a046a 0.056s
2026-05-06 00:48:09,306 124029 DEBUG    [tempest.lib.common.rest_client] Request - Headers: {'Content-Type': 'application/json', 'Accept': 'application/json', 'X-Auth-Token': '<omitted>'}
        Body: None
    Response - Headers: {'date': 'Wed, 06 May 2026 00:48:09 GMT', 'server': 'Apache/2.4.58 (Ubuntu)', 'content-length': '0', 'content-type': 'text/html; charset=UTF-8', 'openstack-api-version': 'volume 3.0', 'vary': 'OpenStack-API-Version', 'x-openstack-request-id': 'req-fec08ef1-4ce3-4b1d-80e3-1ef71846c642', 'connection': 'close', 'status': '202', 'content-location': 'http://10.132.44.209/volume/v3/types/3bb37176-a67f-4c6c-b788-ff967a2a046a'}
        Body: b''
2026-05-06 00:48:09,319 124029 INFO     [tempest.lib.common.rest_client] Request (GroupSnapshotsTest:_run_cleanups): 404 GET http://10.132.44.209/volume/v3/types/3bb37176-a67f-4c6c-b788-ff967a2a046a 0.012s
2026-05-06 00:48:09,319 124029 DEBUG    [tempest.lib.common.rest_client] Request - Headers: {'Content-Type': 'application/json', 'Accept': 'application/json', 'X-Auth-Token': '<omitted>'}
        Body: None
    Response - Headers: {'date': 'Wed, 06 May 2026 00:48:09 GMT', 'server': 'Apache/2.4.58 (Ubuntu)', 'openstack-api-version': 'volume 3.0', 'vary': 'OpenStack-API-Version', 'content-length': '114', 'content-type': 'application/json', 'x-compute-request-id': 'req-5a7d15de-df87-4344-89ac-39456affe381', 'x-openstack-request-id': 'req-5a7d15de-df87-4344-89ac-39456affe381', 'connection': 
    'close', 'status': '404', 'content-location': 'http://10.132.44.209/volume/v3/types/3bb37176-a67f-4c6c-b788-ff967a2a046a'}
        Body: b'{"itemNotFound": {"code": 404, "message": "Volume type 3bb37176-a67f-4c6c-b788-ff967a2a046a could not be found."}}'


tempest.api.volume.admin.test_group_snapshots.GroupSnapshotsTest.test_group_snapshot_create_show_list_delete[id-1298e537-f1f0-47a3-a1dd-8adec8168897]
-----------------------------------------------------------------------------------------------------------------------------------------------------

Captured traceback:
~~~~~~~~~~~~~~~~~~~
    Traceback (most recent call last):

      File "/opt/stack/tempest/tempest/api/volume/admin/test_group_snapshots.py", line 92, in test_group_snapshot_create_show_list_delete
    grp = self.create_group(group_type=group_type['id'],
          ^^^^^^^^^^^^^^^^^^^^^^^^^^^^^^^^^^^^^^^^^^^^^^

      File "/opt/stack/tempest/tempest/api/volume/base.py", line 293, in create_group
    waiters.wait_for_volume_resource_status(

      File "/opt/stack/tempest/tempest/common/waiters.py", line 379, in wait_for_volume_resource_status
    raise exceptions.VolumeResourceBuildErrorException(

    tempest.exceptions.VolumeResourceBuildErrorException: group ac482738-f895-408b-8d9d-a0180bcce14f failed to build and is in ERROR status


Captured pythonlogging:
~~~~~~~~~~~~~~~~~~~~~~~
    2026-05-06 00:48:09,345 124029 INFO     [tempest.lib.common.rest_client] Request (GroupSnapshotsTest:test_group_snapshot_create_show_list_delete): 200 POST http://10.132.44.209/volume/v3/types 0.023s
2026-05-06 00:48:09,345 124029 DEBUG    [tempest.lib.common.rest_client] Request - Headers: {'Content-Type': 'application/json', 'Accept': 'application/json', 'X-Auth-Token': '<omitted>'}
        Body: {"volume_type": {"name": "tempest-GroupSnapshotsTest-volume-type-16084078"}}
    Response - Headers: {'date': 'Wed, 06 May 2026 00:48:09 GMT', 'server': 'Apache/2.4.58 (Ubuntu)', 'content-type': 'application/json', 'x-compute-request-id': 'req-73fc0f96-df0d-473f-b15a-054b83cbb64c', 'content-length': '222', 'openstack-api-version': 'volume 3.0', 'vary': 'OpenStack-API-Version', 'x-openstack-request-id': 'req-73fc0f96-df0d-473f-b15a-054b83cbb64c', 'connection': 'close', 'status': '200', 'content-location': 'http://10.132.44.209/volume/v3/types'}
        Body: b'{"volume_type": {"id": "c434f2f1-23b3-449d-8d59-b93e32b07498", "name": "tempest-GroupSnapshotsTest-volume-type-16084078", "is_public": true, "extra_specs": {}, "description": null, "os-volume-type-access:is_public": true}}'
2026-05-06 00:48:09,377 124029 INFO     [tempest.lib.common.rest_client] Request (GroupSnapshotsTest:test_group_snapshot_create_show_list_delete): 202 POST http://10.132.44.209/volume/v3/group_types 0.029s
2026-05-06 00:48:09,378 124029 DEBUG    [tempest.lib.common.rest_client] Request - Headers: {'Content-Type': 'application/json', 'Accept': 'application/json', 'Openstack-Api-Version': 'volume 3.14', 'X-Auth-Token': '<omitted>'}
        Body: {"group_type": {"name": "tempest-GroupSnapshotsTest-group-type-70877965"}}
    Response - Headers: {'date': 'Wed, 06 May 2026 00:48:09 GMT', 'server': 'Apache/2.4.58 (Ubuntu)', 'content-type': 'application/json', 'x-compute-request-id': 'req-63758b87-d919-45d3-90cd-f5c7e670ac96', 'content-length': '179', 'openstack-api-version': 'volume 3.14', 'vary': 'OpenStack-API-Version', 'x-openstack-request-id': 'req-63758b87-d919-45d3-90cd-f5c7e670ac96', 'connection': 'close', 'status': '202', 'content-location': 'http://10.132.44.209/volume/v3/group_types'}
        Body: b'{"group_type": {"id": "b7c309bb-f4b7-469d-b06d-dc04460d8926", "name": "tempest-GroupSnapshotsTest-group-type-70877965", "description": null, "is_public": true, "group_specs": {}}}'
2026-05-06 00:48:09,447 124029 INFO     [tempest.lib.common.rest_client] Request (GroupSnapshotsTest:test_group_snapshot_create_show_list_delete): 202 POST http://10.132.44.209/volume/v3/groups 0.066s
2026-05-06 00:48:09,448 124029 DEBUG    [tempest.lib.common.rest_client] Request - Headers: {'Content-Type': 'application/json', 'Accept': 'application/json', 'Openstack-Api-Version': 'volume 3.14', 'X-Auth-Token': '<omitted>'}
        Body: {"group": {"group_type": "b7c309bb-f4b7-469d-b06d-dc04460d8926", "volume_types": ["c434f2f1-23b3-449d-8d59-b93e32b07498"], "name": "tempest-GroupSnapshotsTest-Group-1331362304"}}
    Response - Headers: {'date': 'Wed, 06 May 2026 00:48:09 GMT', 'server': 'Apache/2.4.58 (Ubuntu)', 'content-type': 'application/json', 'x-compute-request-id': 'req-8e2c0e7f-cf8a-4677-a467-7e749dfbef2a', 'content-length': '112', 'openstack-api-version': 'volume 3.14', 'vary': 'OpenStack-API-Version', 'x-openstack-request-id': 'req-8e2c0e7f-cf8a-4677-a467-7e749dfbef2a', 'connection': 'close', 'status': '202', 'content-location': 'http://10.132.44.209/volume/v3/groups'}
        Body: b'{"group": {"id": "ac482738-f895-408b-8d9d-a0180bcce14f", "name": "tempest-GroupSnapshotsTest-Group-1331362304"}}'
2026-05-06 00:48:09,475 124029 INFO     [tempest.lib.common.rest_client] Request (GroupSnapshotsTest:test_group_snapshot_create_show_list_delete): 200 GET http://10.132.44.209/volume/v3/groups/ac482738-f895-408b-8d9d-a0180bcce14f 0.026s
2026-05-06 00:48:09,476 124029 DEBUG    [tempest.lib.common.rest_client] Request - Headers: {'Content-Type': 'application/json', 'Accept': 'application/json', 'Openstack-Api-Version': 'volume 3.14', 'X-Auth-Token': '<omitted>'}
        Body
    : None
    Response - Headers: {'date': 'Wed, 06 May 2026 00:48:09 GMT', 'server': 'Apache/2.4.58 (Ubuntu)', 'content-type': 'application/json', 'x-compute-request-id': 'req-09823439-e021-4ea4-bd4c-312e2670ee45', 'content-length': '392', 'openstack-api-version': 'volume 3.14', 'vary': 'OpenStack-API-Version', 'x-openstack-request-id': 'req-09823439-e021-4ea4-bd4c-312e2670ee45', 'connection': 'close', 'status': '200', 'content-location': 'http://10.132.44.209/volume/v3/groups/ac482738-f895-408b-8d9d-a0180bcce14f'}
        Body: b'{"group": {"id": "ac482738-f895-408b-8d9d-a0180bcce14f", "status": "creating", "availability_zone": "nova", "created_at": "2026-05-06T00:48:09.000000", "name": "tempest-GroupSnapshotsTest-Group-1331362304", "description": null, "group_type": "b7c309bb-f4b7-469d-b06d-dc04460d8926", "volume_types": ["c434f2f1-23b3-449d-8d59-b93e32b07498"], "group_snapshot_id": null, "source_group_id": null}}'
2026-05-06 00:48:10,511 124029 INFO     [tempest.lib.common.rest_client] Request (GroupSnapshotsTest:test_group_snapshot_create_show_list_delete): 200 GET http://10.132.44.209/volume/v3/groups/ac482738-f895-408b-8d9d-a0180bcce14f 0.030s
2026-05-06 00:48:10,512 124029 DEBUG    [tempest.lib.common.rest_client] Request - Headers: {'Content-Type': 'application/json', 'Accept': 'application/json', 'Openstack-Api-Version': 'volume 3.14', 'X-Auth-Token': '<omitted>'}
        Body: None
    Response - Headers: {'date': 'Wed, 06 May 2026 00:48:10 GMT', 'server': 'Apache/2.4.58 (Ubuntu)', 'content-type': 'application/json', 'x-compute-request-id': 'req-9a0d2f39-3b04-4758-9a8a-9ef14b55b013', 'content-length': '389', 'openstack-api-version': 'volume 3.14', 'vary': 'OpenStack-API-Version', 'x-openstack-request-id': 'req-9a0d2f39-3b04-4758-9a8a-9ef14b55b013', 'connection': 'close', 'status': '200', 'content-location': 'http://10.132.44.209/volume/v3/groups/ac482738-f895-408b-8d9d-a0180bcce14f'}
        Body: b'{"group": {"id": "ac482738-f895-408b-8d9d-a0180bcce14f", "status": "error", "availability_zone": "nova", "created_at": "2026-05-06T00:48:09.000000", "name": "tempest-GroupSnapshotsTest-Group-1331362304", "description": null, "group_type": "b7c309bb-f4b7-469d-b06d-dc04460d8926", "volume_types": ["c434f2f1-23b3-449d-8d59-b93e32b07498"], "group_snapshot_id": null, "source_group_id": null}}'
2026-05-06 00:48:10,545 124029 INFO     [tempest.lib.common.rest_client] Request (GroupSnapshotsTest:_run_cleanups): 200 GET http://10.132.44.209/volume/v3/volumes/detail 0.030s
2026-05-06 00:48:10,546 124029 DEBUG    [tempest.lib.common.rest_client] Request - Headers: {'Content-Type': 'application/json', 'Accept': 'application/json', 'Openstack-Api-Version': 'volume 3.14', 'X-Auth-Token': '<omitted>'}
        Body: None
    Response - Headers: {'date': 'Wed, 06 May 2026 00:48:10 GMT', 'server': 'Apache/2.4.58 (Ubuntu)', 'content-type': 'application/json', 'x-compute-request-id': 'req-b6eb79d1-f86f-46be-978f-72591c7ca177', 'content-length': '15', 'openstack-api-version': 'volume 3.14', 'vary': 'OpenStack-API-Version', 'x-openstack-request-id': 'req-b6eb79d1-f86f-46be-978f-72591c7ca177', 'connection': 'close', 'status': '200', 'content-location': 'http://10.132.44.209/volume/v3/volumes/detail'}
        Body: b'{"volumes": []}'
2026-05-06 00:48:10,617 124029 INFO     [tempest.lib.common.rest_client] Request (GroupSnapshotsTest:_run_cleanups): 202 POST http://10.132.44.209/volume/v3/groups/ac482738-f895-408b-8d9d-a0180bcce14f/action 0.061s
2026-05-06 00:48:10,617 124029 DEBUG    [tempest.lib.common.rest_client] Request - Headers: {'Content-Type': 'application/json', 'Accept': 'application/json', 'Openstack-Api-Version': 'volume 3.14', 'X-Auth-Token': '<omitted>'}
        Body: {"delete": {"delete-volumes": true}}
    Response - Headers: {'date': 'Wed, 06 May 2026 00:48:10 GMT', 'server': 'Apache/2.4.58 (Ubuntu)', 'content-length': '0', 'content-type': 'text/html; charset=UTF-8', 'openstack-api-version': 'volume 3.14', 'vary': 'OpenStack-API-Version', 'x-openstack-request-id': 'req-b8611088-a6e3-4b74-880d-8e8cc4dd169d', 'connection': 'clo
    se', 'status': '202', 'content-location': 'http://10.132.44.209/volume/v3/groups/ac482738-f895-408b-8d9d-a0180bcce14f/action'}
        Body: b''
2026-05-06 00:48:10,630 124029 INFO     [tempest.lib.common.rest_client] Request (GroupSnapshotsTest:_run_cleanups): 404 GET http://10.132.44.209/volume/v3/groups/ac482738-f895-408b-8d9d-a0180bcce14f 0.012s
2026-05-06 00:48:10,630 124029 DEBUG    [tempest.lib.common.rest_client] Request - Headers: {'Content-Type': 'application/json', 'Accept': 'application/json', 'Openstack-Api-Version': 'volume 3.14', 'X-Auth-Token': '<omitted>'}
        Body: None
    Response - Headers: {'date': 'Wed, 06 May 2026 00:48:10 GMT', 'server': 'Apache/2.4.58 (Ubuntu)', 'openstack-api-version': 'volume 3.14', 'vary': 'OpenStack-API-Version', 'content-length': '108', 'content-type': 'application/json', 'x-compute-request-id': 'req-fbb34a18-2bd5-474b-a22e-60d4a41795aa', 'x-openstack-request-id': 'req-fbb34a18-2bd5-474b-a22e-60d4a41795aa', 'connection': 'close', 'status': '404', 'content-location': 'http://10.132.44.209/volume/v3/groups/ac482738-f895-408b-8d9d-a0180bcce14f'}
        Body: b'{"itemNotFound": {"code": 404, "message": "Group ac482738-f895-408b-8d9d-a0180bcce14f could not be found."}}'
2026-05-06 00:48:10,656 124029 INFO     [tempest.lib.common.rest_client] Request (GroupSnapshotsTest:_run_cleanups): 202 DELETE http://10.132.44.209/volume/v3/group_types/b7c309bb-f4b7-469d-b06d-dc04460d8926 0.025s
2026-05-06 00:48:10,656 124029 DEBUG    [tempest.lib.common.rest_client] Request - Headers: {'Content-Type': 'application/json', 'Accept': 'application/json', 'Openstack-Api-Version': 'volume 3.14', 'X-Auth-Token': '<omitted>'}
        Body: None
    Response - Headers: {'date': 'Wed, 06 May 2026 00:48:10 GMT', 'server': 'Apache/2.4.58 (Ubuntu)', 'content-length': '0', 'content-type': 'text/html; charset=UTF-8', 'openstack-api-version': 'volume 3.14', 'vary': 'OpenStack-API-Version', 'x-openstack-request-id': 'req-5fcb5b00-fe0e-42aa-b31c-0c4478251a26', 'connection': 'close', 'status': '202', 'content-location': 'http://10.132.44.209/volume/v3/group_types/b7c309bb-f4b7-469d-b06d-dc04460d8926'}
        Body: b''
2026-05-06 00:48:10,700 124029 INFO     [tempest.lib.common.rest_client] Request (GroupSnapshotsTest:_run_cleanups): 202 DELETE http://10.132.44.209/volume/v3/types/c434f2f1-23b3-449d-8d59-b93e32b07498 0.043s
2026-05-06 00:48:10,701 124029 DEBUG    [tempest.lib.common.rest_client] Request - Headers: {'Content-Type': 'application/json', 'Accept': 'application/json', 'X-Auth-Token': '<omitted>'}
        Body: None
    Response - Headers: {'date': 'Wed, 06 May 2026 00:48:10 GMT', 'server': 'Apache/2.4.58 (Ubuntu)', 'content-length': '0', 'content-type': 'text/html; charset=UTF-8', 'openstack-api-version': 'volume 3.0', 'vary': 'OpenStack-API-Version', 'x-openstack-request-id': 'req-5fcf6dc3-4117-4010-ab33-29061a43dff5', 'connection': 'close', 'status': '202', 'content-location': 'http://10.132.44.209/volume/v3/types/c434f2f1-23b3-449d-8d59-b93e32b07498'}
        Body: b''
2026-05-06 00:48:10,716 124029 INFO     [tempest.lib.common.rest_client] Request (GroupSnapshotsTest:_run_cleanups): 404 GET http://10.132.44.209/volume/v3/types/c434f2f1-23b3-449d-8d59-b93e32b07498 0.015s
2026-05-06 00:48:10,716 124029 DEBUG    [tempest.lib.common.rest_client] Request - Headers: {'Content-Type': 'application/json', 'Accept': 'application/json', 'X-Auth-Token': '<omitted>'}
        Body: None
    Response - Headers: {'date': 'Wed, 06 May 2026 00:48:10 GMT', 'server': 'Apache/2.4.58 (Ubuntu)', 'openstack-api-version': 'volume 3.0', 'vary': 'OpenStack-API-Version', 'content-length': '114', 'content-type': 'application/json', 'x-compute-request-id': 'req-1b125ccf-c242-44cd-aa4b-279de69e72b8', 'x-openstack-request-id': 'req-1b125ccf-c242-44cd-aa4b-279de69e72b8', 'connection': 'close', 'status': '404', 'content-location': 'http://10.132.44.209/volume/v3/types/c434f2f1-23b3-449d-8d59-b93e32b07498'}
        Body: b'{"itemNotFound": {"code": 404, "message": "Volume type c434f2f1-23b3-449d-8d59-b93e32b07498 could not b
    e found."}}'


tempest.api.volume.admin.test_group_snapshots.GroupSnapshotsV319Test.test_reset_group_snapshot_status[id-3b42c9b9-c984-4444-816e-ca2e1ed30b40]
----------------------------------------------------------------------------------------------------------------------------------------------

Captured traceback:
~~~~~~~~~~~~~~~~~~~
    Traceback (most recent call last):

      File "/opt/stack/tempest/tempest/api/volume/admin/test_group_snapshots.py", line 293, in test_reset_group_snapshot_status
    group = self.create_group(group_type=group_type['id'],
            ^^^^^^^^^^^^^^^^^^^^^^^^^^^^^^^^^^^^^^^^^^^^^^

      File "/opt/stack/tempest/tempest/api/volume/base.py", line 293, in create_group
    waiters.wait_for_volume_resource_status(

      File "/opt/stack/tempest/tempest/common/waiters.py", line 379, in wait_for_volume_resource_status
    raise exceptions.VolumeResourceBuildErrorException(

    tempest.exceptions.VolumeResourceBuildErrorException: group fa867e64-31b7-4c3e-a31a-5e173772a9ae failed to build and is in ERROR status


Captured pythonlogging:
~~~~~~~~~~~~~~~~~~~~~~~
    2026-05-06 00:48:13,612 124029 INFO     [tempest.lib.common.rest_client] Request (GroupSnapshotsV319Test:test_reset_group_snapshot_status): 200 POST http://10.132.44.209/volume/v3/types 0.155s
2026-05-06 00:48:13,613 124029 DEBUG    [tempest.lib.common.rest_client] Request - Headers: {'Content-Type': 'application/json', 'Accept': 'application/json', 'X-Auth-Token': '<omitted>'}
        Body: {"volume_type": {"name": "tempest-GroupSnapshotsV319Test-volume-type-1125575032"}}
    Response - Headers: {'date': 'Wed, 06 May 2026 00:48:13 GMT', 'server': 'Apache/2.4.58 (Ubuntu)', 'content-type': 'application/json', 'x-compute-request-id': 'req-9652ba34-0a7c-4961-a25e-7d1c483bcb41', 'content-length': '228', 'openstack-api-version': 'volume 3.0', 'vary': 'OpenStack-API-Version', 'x-openstack-request-id': 'req-9652ba34-0a7c-4961-a25e-7d1c483bcb41', 'connection': 'close', 'status': '200', 'content-location': 'http://10.132.44.209/volume/v3/types'}
        Body: b'{"volume_type": {"id": "e0a34165-b187-4007-a972-3467010d2b3e", "name": "tempest-GroupSnapshotsV319Test-volume-type-1125575032", "is_public": true, "extra_specs": {}, "description": null, "os-volume-type-access:is_public": true}}'
2026-05-06 00:48:13,653 124029 INFO     [tempest.lib.common.rest_client] Request (GroupSnapshotsV319Test:test_reset_group_snapshot_status): 202 POST http://10.132.44.209/volume/v3/group_types 0.033s
2026-05-06 00:48:13,654 124029 DEBUG    [tempest.lib.common.rest_client] Request - Headers: {'Content-Type': 'application/json', 'Accept': 'application/json', 'Openstack-Api-Version': 'volume 3.19', 'X-Auth-Token': '<omitted>'}
        Body: {"group_type": {"name": "tempest-GroupSnapshotsV319Test-group-type-1081852089"}}
    Response - Headers: {'date': 'Wed, 06 May 2026 00:48:13 GMT', 'server': 'Apache/2.4.58 (Ubuntu)', 'content-type': 'application/json', 'x-compute-request-id': 'req-689ffd17-6bf3-49a4-8323-b575dfbb8aeb', 'content-length': '185', 'openstack-api-version': 'volume 3.19', 'vary': 'OpenStack-API-Version', 'x-openstack-request-id': 'req-689ffd17-6bf3-49a4-8323-b575dfbb8aeb', 'connection': 'close', 'status': '202', 'content-location': 'http://10.132.44.209/volume/v3/group_types'}
        Body: b'{"group_type": {"id": "fdb3e5d7-9134-4795-9391-dd07f8fea6ee", "name": "tempest-GroupSnapshotsV319Test-group-type-1081852089", "description": null, "is_public": true, "group_specs": {}}}'
2026-05-06 00:48:13,812 124029 INFO     [tempest.lib.common.rest_client] Request (GroupSnapshotsV319Test:test_reset_group_snapshot_status): 202 POST http://10.132.44.209/volume/v3/groups 0.153s
2026-05-06 00:48:13,812 124029 DEBUG    [tempest.lib.common.rest_client] Request - Headers: {'Content-Type': 'application/json', 'Accept': 'application/json', 'Openstack-Api-Version': 'volume 3.19', 'X-Auth-Token': '<omitted>'}
        Body: {"group": {"group_type": "fdb3e5d7-9134-4795-9391-dd07f8fea6ee", "volume_types": ["e0a34165-b187-4007-a972-3467010d2b3e"], "name": "tempest-GroupSnapshotsV319Test-Group-393836193"}}
    Response - Headers: {'date': 'Wed, 06 May 2026 00:48:13 GMT', 'server': 'Apache/2.4.58 (Ubuntu)', 'content-type': 'application/json', 'x-compute-request-id': 'req-e304c9fc-42eb-4ccb-a2d0-f44303184af5', 'content-length': '115', 'openstack-api-version': 'volume 3.19', 'vary': 'OpenStack-API-Version', 'x-openstack-request-id': 'req-e304c9fc-42eb-4ccb-a2d0-f44303184af5', 'connection': 'close', 'status': '202', 'content-location': 'http://10.132.44.209/volume/v3/groups'}
        Body: b'{"group": {"id": "fa867e64-31b7-4c3e-a31a-5e173772a9ae", "name": "tempest-GroupSnapshotsV319Test-Group-393836193"}}'
2026-05-06 00:48:13,843 124029 INFO     [tempest.lib.common.rest_client] Request (GroupSnapshotsV319Test:test_reset_group_snapshot_status): 200 GET http://10.132.44.209/volume/v3/groups/fa867e64-31b7-4c3e-a31a-5e173772a9ae 0.028s
2026-05-06 00:48:13,844 124029 DEBUG    [tempest.lib.common.rest_client] Request - Headers: {'Content-Type': 'application/json', 'Accept': 'application/json', 'Openstack-Api-Version': 'volume 3.19', 'X-Auth-Token': '<omitted>'}
        Bo
    dy: None
    Response - Headers: {'date': 'Wed, 06 May 2026 00:48:13 GMT', 'server': 'Apache/2.4.58 (Ubuntu)', 'content-type': 'application/json', 'x-compute-request-id': 'req-94751ae4-edff-491c-a173-207dbae4217c', 'content-length': '392', 'openstack-api-version': 'volume 3.19', 'vary': 'OpenStack-API-Version', 'x-openstack-request-id': 'req-94751ae4-edff-491c-a173-207dbae4217c', 'connection': 'close', 'status': '200', 'content-location': 'http://10.132.44.209/volume/v3/groups/fa867e64-31b7-4c3e-a31a-5e173772a9ae'}
        Body: b'{"group": {"id": "fa867e64-31b7-4c3e-a31a-5e173772a9ae", "status": "error", "availability_zone": "nova", "created_at": "2026-05-06T00:48:14.000000", "name": "tempest-GroupSnapshotsV319Test-Group-393836193", "description": null, "group_type": "fdb3e5d7-9134-4795-9391-dd07f8fea6ee", "volume_types": ["e0a34165-b187-4007-a972-3467010d2b3e"], "group_snapshot_id": null, "source_group_id": null}}'
2026-05-06 00:48:14,886 124029 INFO     [tempest.lib.common.rest_client] Request (GroupSnapshotsV319Test:test_reset_group_snapshot_status): 200 GET http://10.132.44.209/volume/v3/groups/fa867e64-31b7-4c3e-a31a-5e173772a9ae 0.034s
2026-05-06 00:48:14,886 124029 DEBUG    [tempest.lib.common.rest_client] Request - Headers: {'Content-Type': 'application/json', 'Accept': 'application/json', 'Openstack-Api-Version': 'volume 3.19', 'X-Auth-Token': '<omitted>'}
        Body: None
    Response - Headers: {'date': 'Wed, 06 May 2026 00:48:14 GMT', 'server': 'Apache/2.4.58 (Ubuntu)', 'content-type': 'application/json', 'x-compute-request-id': 'req-2e8db2c5-6d30-4a5b-89fe-71470652988b', 'content-length': '392', 'openstack-api-version': 'volume 3.19', 'vary': 'OpenStack-API-Version', 'x-openstack-request-id': 'req-2e8db2c5-6d30-4a5b-89fe-71470652988b', 'connection': 'close', 'status': '200', 'content-location': 'http://10.132.44.209/volume/v3/groups/fa867e64-31b7-4c3e-a31a-5e173772a9ae'}
        Body: b'{"group": {"id": "fa867e64-31b7-4c3e-a31a-5e173772a9ae", "status": "error", "availability_zone": "nova", "created_at": "2026-05-06T00:48:14.000000", "name": "tempest-GroupSnapshotsV319Test-Group-393836193", "description": null, "group_type": "fdb3e5d7-9134-4795-9391-dd07f8fea6ee", "volume_types": ["e0a34165-b187-4007-a972-3467010d2b3e"], "group_snapshot_id": null, "source_group_id": null}}'
2026-05-06 00:48:14,915 124029 INFO     [tempest.lib.common.rest_client] Request (GroupSnapshotsV319Test:_run_cleanups): 200 GET http://10.132.44.209/volume/v3/volumes/detail 0.023s
2026-05-06 00:48:14,915 124029 DEBUG    [tempest.lib.common.rest_client] Request - Headers: {'Content-Type': 'application/json', 'Accept': 'application/json', 'Openstack-Api-Version': 'volume 3.19', 'X-Auth-Token': '<omitted>'}
        Body: None
    Response - Headers: {'date': 'Wed, 06 May 2026 00:48:14 GMT', 'server': 'Apache/2.4.58 (Ubuntu)', 'content-type': 'application/json', 'x-compute-request-id': 'req-31bf8689-29ab-4d50-9263-d2f08be42430', 'content-length': '15', 'openstack-api-version': 'volume 3.19', 'vary': 'OpenStack-API-Version', 'x-openstack-request-id': 'req-31bf8689-29ab-4d50-9263-d2f08be42430', 'connection': 'close', 'status': '200', 'content-location': 'http://10.132.44.209/volume/v3/volumes/detail'}
        Body: b'{"volumes": []}'
2026-05-06 00:48:14,993 124029 INFO     [tempest.lib.common.rest_client] Request (GroupSnapshotsV319Test:_run_cleanups): 202 POST http://10.132.44.209/volume/v3/groups/fa867e64-31b7-4c3e-a31a-5e173772a9ae/action 0.064s
2026-05-06 00:48:14,993 124029 DEBUG    [tempest.lib.common.rest_client] Request - Headers: {'Content-Type': 'application/json', 'Accept': 'application/json', 'Openstack-Api-Version': 'volume 3.19', 'X-Auth-Token': '<omitted>'}
        Body: {"delete": {"delete-volumes": true}}
    Response - Headers: {'date': 'Wed, 06 May 2026 00:48:14 GMT', 'server': 'Apache/2.4.58 (Ubuntu)', 'content-length': '0', 'content-type': 'text/html; charset=UTF-8', 'openstack-api-version': 'volume 3.19', 'vary': 'OpenStack-API-Version', 'x-openstack-request-id': 'req-cd890489-3cd2-46fe-9034-ba15db135a1a', 'connection'
    : 'close', 'status': '202', 'content-location': 'http://10.132.44.209/volume/v3/groups/fa867e64-31b7-4c3e-a31a-5e173772a9ae/action'}
        Body: b''
2026-05-06 00:48:15,014 124029 INFO     [tempest.lib.common.rest_client] Request (GroupSnapshotsV319Test:_run_cleanups): 404 GET http://10.132.44.209/volume/v3/groups/fa867e64-31b7-4c3e-a31a-5e173772a9ae 0.019s
2026-05-06 00:48:15,014 124029 DEBUG    [tempest.lib.common.rest_client] Request - Headers: {'Content-Type': 'application/json', 'Accept': 'application/json', 'Openstack-Api-Version': 'volume 3.19', 'X-Auth-Token': '<omitted>'}
        Body: None
    Response - Headers: {'date': 'Wed, 06 May 2026 00:48:14 GMT', 'server': 'Apache/2.4.58 (Ubuntu)', 'openstack-api-version': 'volume 3.19', 'vary': 'OpenStack-API-Version', 'content-length': '108', 'content-type': 'application/json', 'x-compute-request-id': 'req-2fdaf13c-816f-4905-bdce-a7c732b6020c', 'x-openstack-request-id': 'req-2fdaf13c-816f-4905-bdce-a7c732b6020c', 'connection': 'close', 'status': '404', 'content-location': 'http://10.132.44.209/volume/v3/groups/fa867e64-31b7-4c3e-a31a-5e173772a9ae'}
        Body: b'{"itemNotFound": {"code": 404, "message": "Group fa867e64-31b7-4c3e-a31a-5e173772a9ae could not be found."}}'
2026-05-06 00:48:15,041 124029 INFO     [tempest.lib.common.rest_client] Request (GroupSnapshotsV319Test:_run_cleanups): 202 DELETE http://10.132.44.209/volume/v3/group_types/fdb3e5d7-9134-4795-9391-dd07f8fea6ee 0.026s
2026-05-06 00:48:15,041 124029 DEBUG    [tempest.lib.common.rest_client] Request - Headers: {'Content-Type': 'application/json', 'Accept': 'application/json', 'Openstack-Api-Version': 'volume 3.19', 'X-Auth-Token': '<omitted>'}
        Body: None
    Response - Headers: {'date': 'Wed, 06 May 2026 00:48:15 GMT', 'server': 'Apache/2.4.58 (Ubuntu)', 'content-length': '0', 'content-type': 'text/html; charset=UTF-8', 'openstack-api-version': 'volume 3.19', 'vary': 'OpenStack-API-Version', 'x-openstack-request-id': 'req-15cdc0b5-e02c-4db2-b02d-5fa13f8a4fd7', 'connection': 'close', 'status': '202', 'content-location': 'http://10.132.44.209/volume/v3/group_types/fdb3e5d7-9134-4795-9391-dd07f8fea6ee'}
        Body: b''
2026-05-06 00:48:15,080 124029 INFO     [tempest.lib.common.rest_client] Request (GroupSnapshotsV319Test:_run_cleanups): 202 DELETE http://10.132.44.209/volume/v3/types/e0a34165-b187-4007-a972-3467010d2b3e 0.038s
2026-05-06 00:48:15,081 124029 DEBUG    [tempest.lib.common.rest_client] Request - Headers: {'Content-Type': 'application/json', 'Accept': 'application/json', 'X-Auth-Token': '<omitted>'}
        Body: None
    Response - Headers: {'date': 'Wed, 06 May 2026 00:48:15 GMT', 'server': 'Apache/2.4.58 (Ubuntu)', 'content-length': '0', 'content-type': 'text/html; charset=UTF-8', 'openstack-api-version': 'volume 3.0', 'vary': 'OpenStack-API-Version', 'x-openstack-request-id': 'req-8ac5bb1d-341a-4a7e-b77a-6e4e95bb3f72', 'connection': 'close', 'status': '202', 'content-location': 'http://10.132.44.209/volume/v3/types/e0a34165-b187-4007-a972-3467010d2b3e'}
        Body: b''
2026-05-06 00:48:15,094 124029 INFO     [tempest.lib.common.rest_client] Request (GroupSnapshotsV319Test:_run_cleanups): 404 GET http://10.132.44.209/volume/v3/types/e0a34165-b187-4007-a972-3467010d2b3e 0.013s
2026-05-06 00:48:15,095 124029 DEBUG    [tempest.lib.common.rest_client] Request - Headers: {'Content-Type': 'application/json', 'Accept': 'application/json', 'X-Auth-Token': '<omitted>'}
        Body: None
    Response - Headers: {'date': 'Wed, 06 May 2026 00:48:15 GMT', 'server': 'Apache/2.4.58 (Ubuntu)', 'openstack-api-version': 'volume 3.0', 'vary': 'OpenStack-API-Version', 'content-length': '114', 'content-type': 'application/json', 'x-compute-request-id': 'req-6899a2cd-eaee-4450-b254-66b1be51e7e2', 'x-openstack-request-id': 'req-6899a2cd-eaee-4450-b254-66b1be51e7e2', 'connection': 'close', 'status': '404', 'content-location': 'http://10.132.44.209/volume/v3/types/e0a34165-b187-4007-a972-3467010d2b3e'}
        Body: b'{"itemNotFound": {"code": 404, "message": "Volume type e0a34165-b187-4007-a972-34
    67010d2b3e could not be found."}}'


tempest.api.volume.admin.test_groups.GroupsTest.test_group_create_show_list_delete[id-4b111d28-b73d-4908-9bd2-03dc2992e4d4]
---------------------------------------------------------------------------------------------------------------------------

Captured traceback:
~~~~~~~~~~~~~~~~~~~
    Traceback (most recent call last):

      File "/opt/stack/tempest/tempest/api/volume/admin/test_groups.py", line 43, in test_group_create_show_list_delete
    grp1 = self.create_group(group_type=group_type['id'],
           ^^^^^^^^^^^^^^^^^^^^^^^^^^^^^^^^^^^^^^^^^^^^^^

      File "/opt/stack/tempest/tempest/api/volume/base.py", line 293, in create_group
    waiters.wait_for_volume_resource_status(

      File "/opt/stack/tempest/tempest/common/waiters.py", line 379, in wait_for_volume_resource_status
    raise exceptions.VolumeResourceBuildErrorException(

    tempest.exceptions.VolumeResourceBuildErrorException: group 28f5f578-9950-48c5-8f2e-72858096604e failed to build and is in ERROR status


Captured pythonlogging:
~~~~~~~~~~~~~~~~~~~~~~~
    2026-05-06 00:48:24,361 124029 INFO     [tempest.lib.common.rest_client] Request (GroupsTest:test_group_create_show_list_delete): 200 POST http://10.132.44.209/volume/v3/types 0.104s
2026-05-06 00:48:24,361 124029 DEBUG    [tempest.lib.common.rest_client] Request - Headers: {'Content-Type': 'application/json', 'Accept': 'application/json', 'X-Auth-Token': '<omitted>'}
        Body: {"volume_type": {"name": "tempest-GroupsTest-volume-type-1257684739"}}
    Response - Headers: {'date': 'Wed, 06 May 2026 00:48:24 GMT', 'server': 'Apache/2.4.58 (Ubuntu)', 'content-type': 'application/json', 'x-compute-request-id': 'req-41c623ef-7cbb-4ea1-bef2-3414f5806151', 'content-length': '216', 'openstack-api-version': 'volume 3.0', 'vary': 'OpenStack-API-Version', 'x-openstack-request-id': 'req-41c623ef-7cbb-4ea1-bef2-3414f5806151', 'connection': 'close', 'status': '200', 'content-location': 'http://10.132.44.209/volume/v3/types'}
        Body: b'{"volume_type": {"id": "29928f14-f9a8-4d46-956f-5b3db9a7935d", "name": "tempest-GroupsTest-volume-type-1257684739", "is_public": true, "extra_specs": {}, "description": null, "os-volume-type-access:is_public": true}}'
2026-05-06 00:48:24,397 124029 INFO     [tempest.lib.common.rest_client] Request (GroupsTest:test_group_create_show_list_delete): 202 POST http://10.132.44.209/volume/v3/group_types 0.034s
2026-05-06 00:48:24,398 124029 DEBUG    [tempest.lib.common.rest_client] Request - Headers: {'Content-Type': 'application/json', 'Accept': 'application/json', 'Openstack-Api-Version': 'volume 3.13', 'X-Auth-Token': '<omitted>'}
        Body: {"group_type": {"name": "tempest-GroupsTest-group-type-133158804"}}
    Response - Headers: {'date': 'Wed, 06 May 2026 00:48:24 GMT', 'server': 'Apache/2.4.58 (Ubuntu)', 'content-type': 'application/json', 'x-compute-request-id': 'req-be21d3f8-5ace-4ba4-b996-4f247c2c5e5b', 'content-length': '172', 'openstack-api-version': 'volume 3.13', 'vary': 'OpenStack-API-Version', 'x-openstack-request-id': 'req-be21d3f8-5ace-4ba4-b996-4f247c2c5e5b', 'connection': 'close', 'status': '202', 'content-location': 'http://10.132.44.209/volume/v3/group_types'}
        Body: b'{"group_type": {"id": "db005de3-c464-4eda-8ae7-274058ee514a", "name": "tempest-GroupsTest-group-type-133158804", "description": null, "is_public": true, "group_specs": {}}}'
2026-05-06 00:48:24,555 124029 INFO     [tempest.lib.common.rest_client] Request (GroupsTest:test_group_create_show_list_delete): 202 POST http://10.132.44.209/volume/v3/groups 0.151s
2026-05-06 00:48:24,556 124029 DEBUG    [tempest.lib.common.rest_client] Request - Headers: {'Content-Type': 'application/json', 'Accept': 'application/json', 'Openstack-Api-Version': 'volume 3.13', 'X-Auth-Token': '<omitted>'}
        Body: {"group": {"group_type": "db005de3-c464-4eda-8ae7-274058ee514a", "volume_types": ["29928f14-f9a8-4d46-956f-5b3db9a7935d"], "name": "tempest-Group1-629786584"}}
    Response - Headers: {'date': 'Wed, 06 May 2026 00:48:24 GMT', 'server': 'Apache/2.4.58 (Ubuntu)', 'content-type': 'application/json', 'x-compute-request-id': 'req-16a3ea5a-6b18-4e3c-b7e1-dead040732e0', 'content-length': '93', 'openstack-api-version': 'volume 3.13', 'vary': 'OpenStack-API-Version', 'x-openstack-request-id': 'req-16a3ea5a-6b18-4e3c-b7e1-dead040732e0', 'connection': 'close', 'status': '202', 'content-location': 'http://10.132.44.209/volume/v3/groups'}
        Body: b'{"group": {"id": "28f5f578-9950-48c5-8f2e-72858096604e", "name": "tempest-Group1-629786584"}}'
2026-05-06 00:48:24,588 124029 INFO     [tempest.lib.common.rest_client] Request (GroupsTest:test_group_create_show_list_delete): 200 GET http://10.132.44.209/volume/v3/groups/28f5f578-9950-48c5-8f2e-72858096604e 0.030s
2026-05-06 00:48:24,588 124029 DEBUG    [tempest.lib.common.rest_client] Request - Headers: {'Content-Type': 'application/json', 'Accept': 'application/json', 'Openstack-Api-Version': 'volume 3.13', 'X-Auth-Token': '<omitted>'}
        Body: None
    Response - Headers: {'date': 'Wed, 06 May 2026 00:48:24 GMT', 'server': 'Apache/2.4.58 (Ubuntu)', 'content-type': 'applica
    tion/json', 'x-compute-request-id': 'req-7c6410a0-567b-4a21-9ee0-74c13035ed6c', 'content-length': '321', 'openstack-api-version': 'volume 3.13', 'vary': 'OpenStack-API-Version', 'x-openstack-request-id': 'req-7c6410a0-567b-4a21-9ee0-74c13035ed6c', 'connection': 'close', 'status': '200', 'content-location': 'http://10.132.44.209/volume/v3/groups/28f5f578-9950-48c5-8f2e-72858096604e'}
        Body: b'{"group": {"id": "28f5f578-9950-48c5-8f2e-72858096604e", "status": "creating", "availability_zone": "nova", "created_at": "2026-05-06T00:48:25.000000", "name": "tempest-Group1-629786584", "description": null, "group_type": "db005de3-c464-4eda-8ae7-274058ee514a", "volume_types": ["29928f14-f9a8-4d46-956f-5b3db9a7935d"]}}'
2026-05-06 00:48:25,627 124029 INFO     [tempest.lib.common.rest_client] Request (GroupsTest:test_group_create_show_list_delete): 200 GET http://10.132.44.209/volume/v3/groups/28f5f578-9950-48c5-8f2e-72858096604e 0.033s
2026-05-06 00:48:25,627 124029 DEBUG    [tempest.lib.common.rest_client] Request - Headers: {'Content-Type': 'application/json', 'Accept': 'application/json', 'Openstack-Api-Version': 'volume 3.13', 'X-Auth-Token': '<omitted>'}
        Body: None
    Response - Headers: {'date': 'Wed, 06 May 2026 00:48:25 GMT', 'server': 'Apache/2.4.58 (Ubuntu)', 'content-type': 'application/json', 'x-compute-request-id': 'req-d57dced8-79ca-4443-9277-c20d06eb194a', 'content-length': '318', 'openstack-api-version': 'volume 3.13', 'vary': 'OpenStack-API-Version', 'x-openstack-request-id': 'req-d57dced8-79ca-4443-9277-c20d06eb194a', 'connection': 'close', 'status': '200', 'content-location': 'http://10.132.44.209/volume/v3/groups/28f5f578-9950-48c5-8f2e-72858096604e'}
        Body: b'{"group": {"id": "28f5f578-9950-48c5-8f2e-72858096604e", "status": "error", "availability_zone": "nova", "created_at": "2026-05-06T00:48:25.000000", "name": "tempest-Group1-629786584", "description": null, "group_type": "db005de3-c464-4eda-8ae7-274058ee514a", "volume_types": ["29928f14-f9a8-4d46-956f-5b3db9a7935d"]}}'
2026-05-06 00:48:25,660 124029 INFO     [tempest.lib.common.rest_client] Request (GroupsTest:_run_cleanups): 200 GET http://10.132.44.209/volume/v3/volumes/detail 0.027s
2026-05-06 00:48:25,660 124029 DEBUG    [tempest.lib.common.rest_client] Request - Headers: {'Content-Type': 'application/json', 'Accept': 'application/json', 'Openstack-Api-Version': 'volume 3.13', 'X-Auth-Token': '<omitted>'}
        Body: None
    Response - Headers: {'date': 'Wed, 06 May 2026 00:48:25 GMT', 'server': 'Apache/2.4.58 (Ubuntu)', 'content-type': 'application/json', 'x-compute-request-id': 'req-f18818c2-f5e3-4239-a73e-98b98befbc81', 'content-length': '15', 'openstack-api-version': 'volume 3.13', 'vary': 'OpenStack-API-Version', 'x-openstack-request-id': 'req-f18818c2-f5e3-4239-a73e-98b98befbc81', 'connection': 'close', 'status': '200', 'content-location': 'http://10.132.44.209/volume/v3/volumes/detail'}
        Body: b'{"volumes": []}'
2026-05-06 00:48:25,728 124029 INFO     [tempest.lib.common.rest_client] Request (GroupsTest:_run_cleanups): 202 POST http://10.132.44.209/volume/v3/groups/28f5f578-9950-48c5-8f2e-72858096604e/action 0.057s
2026-05-06 00:48:25,729 124029 DEBUG    [tempest.lib.common.rest_client] Request - Headers: {'Content-Type': 'application/json', 'Accept': 'application/json', 'Openstack-Api-Version': 'volume 3.13', 'X-Auth-Token': '<omitted>'}
        Body: {"delete": {"delete-volumes": true}}
    Response - Headers: {'date': 'Wed, 06 May 2026 00:48:25 GMT', 'server': 'Apache/2.4.58 (Ubuntu)', 'content-length': '0', 'content-type': 'text/html; charset=UTF-8', 'openstack-api-version': 'volume 3.13', 'vary': 'OpenStack-API-Version', 'x-openstack-request-id': 'req-64430b16-2f08-4c65-9a47-58e5bc720fa0', 'connection': 'close', 'status': '202', 'content-location': 'http://10.132.44.209/volume/v3/groups/28f5f578-9950-48c5-8f2e-72858096604e/action'}
        Body: b''
2026-05-06 00:48:25,748 124029 INFO     [tempest.lib.common.rest_client] Request (GroupsTest:_run_cleanups): 404 GET http://10.132.44.209/volume/v3/groups/28f5f578
    -9950-48c5-8f2e-72858096604e 0.019s
2026-05-06 00:48:25,749 124029 DEBUG    [tempest.lib.common.rest_client] Request - Headers: {'Content-Type': 'application/json', 'Accept': 'application/json', 'Openstack-Api-Version': 'volume 3.13', 'X-Auth-Token': '<omitted>'}
        Body: None
    Response - Headers: {'date': 'Wed, 06 May 2026 00:48:25 GMT', 'server': 'Apache/2.4.58 (Ubuntu)', 'openstack-api-version': 'volume 3.13', 'vary': 'OpenStack-API-Version', 'content-length': '108', 'content-type': 'application/json', 'x-compute-request-id': 'req-9bde76a6-2b60-4dc7-b25b-6450307de2c8', 'x-openstack-request-id': 'req-9bde76a6-2b60-4dc7-b25b-6450307de2c8', 'connection': 'close', 'status': '404', 'content-location': 'http://10.132.44.209/volume/v3/groups/28f5f578-9950-48c5-8f2e-72858096604e'}
        Body: b'{"itemNotFound": {"code": 404, "message": "Group 28f5f578-9950-48c5-8f2e-72858096604e could not be found."}}'
2026-05-06 00:48:25,774 124029 INFO     [tempest.lib.common.rest_client] Request (GroupsTest:_run_cleanups): 202 DELETE http://10.132.44.209/volume/v3/group_types/db005de3-c464-4eda-8ae7-274058ee514a 0.024s
2026-05-06 00:48:25,774 124029 DEBUG    [tempest.lib.common.rest_client] Request - Headers: {'Content-Type': 'application/json', 'Accept': 'application/json', 'Openstack-Api-Version': 'volume 3.13', 'X-Auth-Token': '<omitted>'}
        Body: None
    Response - Headers: {'date': 'Wed, 06 May 2026 00:48:25 GMT', 'server': 'Apache/2.4.58 (Ubuntu)', 'content-length': '0', 'content-type': 'text/html; charset=UTF-8', 'openstack-api-version': 'volume 3.13', 'vary': 'OpenStack-API-Version', 'x-openstack-request-id': 'req-d6e366a2-38b6-4cc3-8838-cc1611faa983', 'connection': 'close', 'status': '202', 'content-location': 'http://10.132.44.209/volume/v3/group_types/db005de3-c464-4eda-8ae7-274058ee514a'}
        Body: b''
2026-05-06 00:48:25,814 124029 INFO     [tempest.lib.common.rest_client] Request (GroupsTest:_run_cleanups): 202 DELETE http://10.132.44.209/volume/v3/types/29928f14-f9a8-4d46-956f-5b3db9a7935d 0.039s
2026-05-06 00:48:25,815 124029 DEBUG    [tempest.lib.common.rest_client] Request - Headers: {'Content-Type': 'application/json', 'Accept': 'application/json', 'X-Auth-Token': '<omitted>'}
        Body: None
    Response - Headers: {'date': 'Wed, 06 May 2026 00:48:25 GMT', 'server': 'Apache/2.4.58 (Ubuntu)', 'content-length': '0', 'content-type': 'text/html; charset=UTF-8', 'openstack-api-version': 'volume 3.0', 'vary': 'OpenStack-API-Version', 'x-openstack-request-id': 'req-cb8a73c5-1a86-4a18-8c08-548ee5427e86', 'connection': 'close', 'status': '202', 'content-location': 'http://10.132.44.209/volume/v3/types/29928f14-f9a8-4d46-956f-5b3db9a7935d'}
        Body: b''
2026-05-06 00:48:25,832 124029 INFO     [tempest.lib.common.rest_client] Request (GroupsTest:_run_cleanups): 404 GET http://10.132.44.209/volume/v3/types/29928f14-f9a8-4d46-956f-5b3db9a7935d 0.017s
2026-05-06 00:48:25,833 124029 DEBUG    [tempest.lib.common.rest_client] Request - Headers: {'Content-Type': 'application/json', 'Accept': 'application/json', 'X-Auth-Token': '<omitted>'}
        Body: None
    Response - Headers: {'date': 'Wed, 06 May 2026 00:48:25 GMT', 'server': 'Apache/2.4.58 (Ubuntu)', 'openstack-api-version': 'volume 3.0', 'vary': 'OpenStack-API-Version', 'content-length': '114', 'content-type': 'application/json', 'x-compute-request-id': 'req-ca71d3be-1c4b-45f9-b846-f7f81fbd77af', 'x-openstack-request-id': 'req-ca71d3be-1c4b-45f9-b846-f7f81fbd77af', 'connection': 'close', 'status': '404', 'content-location': 'http://10.132.44.209/volume/v3/types/29928f14-f9a8-4d46-956f-5b3db9a7935d'}
        Body: b'{"itemNotFound": {"code": 404, "message": "Volume type 29928f14-f9a8-4d46-956f-5b3db9a7935d could not be found."}}'


tempest.api.volume.admin.test_groups.GroupsTest.test_group_update[id-4a8a6fd2-8b3b-4641-8f54-6a6f99320006]
----------------------------------------------------------------------------------------------------------

Captured traceback:
~~~~~~~~~~~~~~~~~~~
    Traceback (most recent call last):

      File "/opt/stack/tempest/tempest/api/volume/admin/test_groups.py", line 111, in test_group_update
    grp = self.create_group(group_type=group_type['id'],
          ^^^^^^^^^^^^^^^^^^^^^^^^^^^^^^^^^^^^^^^^^^^^^^

      File "/opt/stack/tempest/tempest/api/volume/base.py", line 293, in create_group
    waiters.wait_for_volume_resource_status(

      File "/opt/stack/tempest/tempest/common/waiters.py", line 379, in wait_for_volume_resource_status
    raise exceptions.VolumeResourceBuildErrorException(

    tempest.exceptions.VolumeResourceBuildErrorException: group b237cf6d-757d-495c-a7b9-19838bf08690 failed to build and is in ERROR status


Captured pythonlogging:
~~~~~~~~~~~~~~~~~~~~~~~
    2026-05-06 00:48:25,860 124029 INFO     [tempest.lib.common.rest_client] Request (GroupsTest:test_group_update): 200 POST http://10.132.44.209/volume/v3/types 0.025s
2026-05-06 00:48:25,860 124029 DEBUG    [tempest.lib.common.rest_client] Request - Headers: {'Content-Type': 'application/json', 'Accept': 'application/json', 'X-Auth-Token': '<omitted>'}
        Body: {"volume_type": {"name": "tempest-GroupsTest-volume-type-1643595213"}}
    Response - Headers: {'date': 'Wed, 06 May 2026 00:48:25 GMT', 'server': 'Apache/2.4.58 (Ubuntu)', 'content-type': 'application/json', 'x-compute-request-id': 'req-f46b6f66-3035-42a9-9d5f-2487207dcf6f', 'content-length': '216', 'openstack-api-version': 'volume 3.0', 'vary': 'OpenStack-API-Version', 'x-openstack-request-id': 'req-f46b6f66-3035-42a9-9d5f-2487207dcf6f', 'connection': 'close', 'status': '200', 'content-location': 'http://10.132.44.209/volume/v3/types'}
        Body: b'{"volume_type": {"id": "de020d85-46d4-4589-8655-66ee51242d05", "name": "tempest-GroupsTest-volume-type-1643595213", "is_public": true, "extra_specs": {}, "description": null, "os-volume-type-access:is_public": true}}'
2026-05-06 00:48:25,891 124029 INFO     [tempest.lib.common.rest_client] Request (GroupsTest:test_group_update): 202 POST http://10.132.44.209/volume/v3/group_types 0.028s
2026-05-06 00:48:25,892 124029 DEBUG    [tempest.lib.common.rest_client] Request - Headers: {'Content-Type': 'application/json', 'Accept': 'application/json', 'Openstack-Api-Version': 'volume 3.13', 'X-Auth-Token': '<omitted>'}
        Body: {"group_type": {"name": "tempest-GroupsTest-group-type-894185666"}}
    Response - Headers: {'date': 'Wed, 06 May 2026 00:48:25 GMT', 'server': 'Apache/2.4.58 (Ubuntu)', 'content-type': 'application/json', 'x-compute-request-id': 'req-72a624cb-e1b1-446d-9c9c-aff1ea6d6a38', 'content-length': '172', 'openstack-api-version': 'volume 3.13', 'vary': 'OpenStack-API-Version', 'x-openstack-request-id': 'req-72a624cb-e1b1-446d-9c9c-aff1ea6d6a38', 'connection': 'close', 'status': '202', 'content-location': 'http://10.132.44.209/volume/v3/group_types'}
        Body: b'{"group_type": {"id": "72b61541-4354-4475-85e7-2b3911e4356d", "name": "tempest-GroupsTest-group-type-894185666", "description": null, "is_public": true, "group_specs": {}}}'
2026-05-06 00:48:25,959 124029 INFO     [tempest.lib.common.rest_client] Request (GroupsTest:test_group_update): 202 POST http://10.132.44.209/volume/v3/groups 0.065s
2026-05-06 00:48:25,960 124029 DEBUG    [tempest.lib.common.rest_client] Request - Headers: {'Content-Type': 'application/json', 'Accept': 'application/json', 'Openstack-Api-Version': 'volume 3.13', 'X-Auth-Token': '<omitted>'}
        Body: {"group": {"group_type": "72b61541-4354-4475-85e7-2b3911e4356d", "volume_types": ["de020d85-46d4-4589-8655-66ee51242d05"], "name": "tempest-GroupsTest-Group-377314307"}}
    Response - Headers: {'date': 'Wed, 06 May 2026 00:48:25 GMT', 'server': 'Apache/2.4.58 (Ubuntu)', 'content-type': 'application/json', 'x-compute-request-id': 'req-957ab86f-950b-4446-b7c1-0d11bab319ab', 'content-length': '103', 'openstack-api-version': 'volume 3.13', 'vary': 'OpenStack-API-Version', 'x-openstack-request-id': 'req-957ab86f-950b-4446-b7c1-0d11bab319ab', 'connection': 'close', 'status': '202', 'content-location': 'http://10.132.44.209/volume/v3/groups'}
        Body: b'{"group": {"id": "b237cf6d-757d-495c-a7b9-19838bf08690", "name": "tempest-GroupsTest-Group-377314307"}}'
2026-05-06 00:48:25,991 124029 INFO     [tempest.lib.common.rest_client] Request (GroupsTest:test_group_update): 200 GET http://10.132.44.209/volume/v3/groups/b237cf6d-757d-495c-a7b9-19838bf08690 0.028s
2026-05-06 00:48:25,991 124029 DEBUG    [tempest.lib.common.rest_client] Request - Headers: {'Content-Type': 'application/json', 'Accept': 'application/json', 'Openstack-Api-Version': 'volume 3.13', 'X-Auth-Token': '<omitted>'}
        Body: None
    Response - Headers: {'date': 'Wed, 06 May 2026 00:48:25 GMT', 'server': 'Apache/2.4.58 (Ubuntu)', 'content-type': 'application/json', 'x-compute-request-id': 'req-75ce6b
    1a-d2d5-456a-a522-976153311835', 'content-length': '331', 'openstack-api-version': 'volume 3.13', 'vary': 'OpenStack-API-Version', 'x-openstack-request-id': 'req-75ce6b1a-d2d5-456a-a522-976153311835', 'connection': 'close', 'status': '200', 'content-location': 'http://10.132.44.209/volume/v3/groups/b237cf6d-757d-495c-a7b9-19838bf08690'}
        Body: b'{"group": {"id": "b237cf6d-757d-495c-a7b9-19838bf08690", "status": "creating", "availability_zone": "nova", "created_at": "2026-05-06T00:48:26.000000", "name": "tempest-GroupsTest-Group-377314307", "description": null, "group_type": "72b61541-4354-4475-85e7-2b3911e4356d", "volume_types": ["de020d85-46d4-4589-8655-66ee51242d05"]}}'
2026-05-06 00:48:27,028 124029 INFO     [tempest.lib.common.rest_client] Request (GroupsTest:test_group_update): 200 GET http://10.132.44.209/volume/v3/groups/b237cf6d-757d-495c-a7b9-19838bf08690 0.032s
2026-05-06 00:48:27,028 124029 DEBUG    [tempest.lib.common.rest_client] Request - Headers: {'Content-Type': 'application/json', 'Accept': 'application/json', 'Openstack-Api-Version': 'volume 3.13', 'X-Auth-Token': '<omitted>'}
        Body: None
    Response - Headers: {'date': 'Wed, 06 May 2026 00:48:26 GMT', 'server': 'Apache/2.4.58 (Ubuntu)', 'content-type': 'application/json', 'x-compute-request-id': 'req-531ac6cf-a9bc-4508-ae24-10d5520e7b12', 'content-length': '328', 'openstack-api-version': 'volume 3.13', 'vary': 'OpenStack-API-Version', 'x-openstack-request-id': 'req-531ac6cf-a9bc-4508-ae24-10d5520e7b12', 'connection': 'close', 'status': '200', 'content-location': 'http://10.132.44.209/volume/v3/groups/b237cf6d-757d-495c-a7b9-19838bf08690'}
        Body: b'{"group": {"id": "b237cf6d-757d-495c-a7b9-19838bf08690", "status": "error", "availability_zone": "nova", "created_at": "2026-05-06T00:48:26.000000", "name": "tempest-GroupsTest-Group-377314307", "description": null, "group_type": "72b61541-4354-4475-85e7-2b3911e4356d", "volume_types": ["de020d85-46d4-4589-8655-66ee51242d05"]}}'
2026-05-06 00:48:27,057 124029 INFO     [tempest.lib.common.rest_client] Request (GroupsTest:_run_cleanups): 200 GET http://10.132.44.209/volume/v3/volumes/detail 0.026s
2026-05-06 00:48:27,057 124029 DEBUG    [tempest.lib.common.rest_client] Request - Headers: {'Content-Type': 'application/json', 'Accept': 'application/json', 'Openstack-Api-Version': 'volume 3.13', 'X-Auth-Token': '<omitted>'}
        Body: None
    Response - Headers: {'date': 'Wed, 06 May 2026 00:48:27 GMT', 'server': 'Apache/2.4.58 (Ubuntu)', 'content-type': 'application/json', 'x-compute-request-id': 'req-ae5a1836-514a-4030-99c3-c0319c96635e', 'content-length': '15', 'openstack-api-version': 'volume 3.13', 'vary': 'OpenStack-API-Version', 'x-openstack-request-id': 'req-ae5a1836-514a-4030-99c3-c0319c96635e', 'connection': 'close', 'status': '200', 'content-location': 'http://10.132.44.209/volume/v3/volumes/detail'}
        Body: b'{"volumes": []}'
2026-05-06 00:48:27,119 124029 INFO     [tempest.lib.common.rest_client] Request (GroupsTest:_run_cleanups): 202 POST http://10.132.44.209/volume/v3/groups/b237cf6d-757d-495c-a7b9-19838bf08690/action 0.052s
2026-05-06 00:48:27,119 124029 DEBUG    [tempest.lib.common.rest_client] Request - Headers: {'Content-Type': 'application/json', 'Accept': 'application/json', 'Openstack-Api-Version': 'volume 3.13', 'X-Auth-Token': '<omitted>'}
        Body: {"delete": {"delete-volumes": true}}
    Response - Headers: {'date': 'Wed, 06 May 2026 00:48:27 GMT', 'server': 'Apache/2.4.58 (Ubuntu)', 'content-length': '0', 'content-type': 'text/html; charset=UTF-8', 'openstack-api-version': 'volume 3.13', 'vary': 'OpenStack-API-Version', 'x-openstack-request-id': 'req-145b419b-72fe-4307-b202-06eacbbe1e12', 'connection': 'close', 'status': '202', 'content-location': 'http://10.132.44.209/volume/v3/groups/b237cf6d-757d-495c-a7b9-19838bf08690/action'}
        Body: b''
2026-05-06 00:48:27,132 124029 INFO     [tempest.lib.common.rest_client] Request (GroupsTest:_run_cleanups): 404 GET http://10.132.44.209/volume/v3/groups/b237cf6d-757d-495c-a7b9-19838bf08690 0.012s
2026-05-
    06 00:48:27,132 124029 DEBUG    [tempest.lib.common.rest_client] Request - Headers: {'Content-Type': 'application/json', 'Accept': 'application/json', 'Openstack-Api-Version': 'volume 3.13', 'X-Auth-Token': '<omitted>'}
        Body: None
    Response - Headers: {'date': 'Wed, 06 May 2026 00:48:27 GMT', 'server': 'Apache/2.4.58 (Ubuntu)', 'openstack-api-version': 'volume 3.13', 'vary': 'OpenStack-API-Version', 'content-length': '108', 'content-type': 'application/json', 'x-compute-request-id': 'req-4364d27b-8c49-4d68-b581-225ba49b88b4', 'x-openstack-request-id': 'req-4364d27b-8c49-4d68-b581-225ba49b88b4', 'connection': 'close', 'status': '404', 'content-location': 'http://10.132.44.209/volume/v3/groups/b237cf6d-757d-495c-a7b9-19838bf08690'}
        Body: b'{"itemNotFound": {"code": 404, "message": "Group b237cf6d-757d-495c-a7b9-19838bf08690 could not be found."}}'
2026-05-06 00:48:27,152 124029 INFO     [tempest.lib.common.rest_client] Request (GroupsTest:_run_cleanups): 202 DELETE http://10.132.44.209/volume/v3/group_types/72b61541-4354-4475-85e7-2b3911e4356d 0.020s
2026-05-06 00:48:27,152 124029 DEBUG    [tempest.lib.common.rest_client] Request - Headers: {'Content-Type': 'application/json', 'Accept': 'application/json', 'Openstack-Api-Version': 'volume 3.13', 'X-Auth-Token': '<omitted>'}
        Body: None
    Response - Headers: {'date': 'Wed, 06 May 2026 00:48:27 GMT', 'server': 'Apache/2.4.58 (Ubuntu)', 'content-length': '0', 'content-type': 'text/html; charset=UTF-8', 'openstack-api-version': 'volume 3.13', 'vary': 'OpenStack-API-Version', 'x-openstack-request-id': 'req-76ac8a04-2bbd-4abc-9004-0c3bdd090e26', 'connection': 'close', 'status': '202', 'content-location': 'http://10.132.44.209/volume/v3/group_types/72b61541-4354-4475-85e7-2b3911e4356d'}
        Body: b''
2026-05-06 00:48:27,191 124029 INFO     [tempest.lib.common.rest_client] Request (GroupsTest:_run_cleanups): 202 DELETE http://10.132.44.209/volume/v3/types/de020d85-46d4-4589-8655-66ee51242d05 0.038s
2026-05-06 00:48:27,191 124029 DEBUG    [tempest.lib.common.rest_client] Request - Headers: {'Content-Type': 'application/json', 'Accept': 'application/json', 'X-Auth-Token': '<omitted>'}
        Body: None
    Response - Headers: {'date': 'Wed, 06 May 2026 00:48:27 GMT', 'server': 'Apache/2.4.58 (Ubuntu)', 'content-length': '0', 'content-type': 'text/html; charset=UTF-8', 'openstack-api-version': 'volume 3.0', 'vary': 'OpenStack-API-Version', 'x-openstack-request-id': 'req-291eb8c7-da05-484c-8c63-ad61edb7a741', 'connection': 'close', 'status': '202', 'content-location': 'http://10.132.44.209/volume/v3/types/de020d85-46d4-4589-8655-66ee51242d05'}
        Body: b''
2026-05-06 00:48:27,203 124029 INFO     [tempest.lib.common.rest_client] Request (GroupsTest:_run_cleanups): 404 GET http://10.132.44.209/volume/v3/types/de020d85-46d4-4589-8655-66ee51242d05 0.012s
2026-05-06 00:48:27,204 124029 DEBUG    [tempest.lib.common.rest_client] Request - Headers: {'Content-Type': 'application/json', 'Accept': 'application/json', 'X-Auth-Token': '<omitted>'}
        Body: None
    Response - Headers: {'date': 'Wed, 06 May 2026 00:48:27 GMT', 'server': 'Apache/2.4.58 (Ubuntu)', 'openstack-api-version': 'volume 3.0', 'vary': 'OpenStack-API-Version', 'content-length': '114', 'content-type': 'application/json', 'x-compute-request-id': 'req-f2f2890e-27df-404e-8222-379a8d71a348', 'x-openstack-request-id': 'req-f2f2890e-27df-404e-8222-379a8d71a348', 'connection': 'close', 'status': '404', 'content-location': 'http://10.132.44.209/volume/v3/types/de020d85-46d4-4589-8655-66ee51242d05'}
        Body: b'{"itemNotFound": {"code": 404, "message": "Volume type de020d85-46d4-4589-8655-66ee51242d05 could not be found."}}'


tempest.api.volume.admin.test_groups.GroupsV314Test.test_create_group_from_group[id-2424af8c-7851-4888-986a-794b10c3210e]
-------------------------------------------------------------------------------------------------------------------------

Captured traceback:
~~~~~~~~~~~~~~~~~~~
    Traceback (most recent call last):

      File "/opt/stack/tempest/tempest/api/volume/admin/test_groups.py", line 182, in test_create_group_from_group
    grp = self.create_group(group_type=group_type['id'],
          ^^^^^^^^^^^^^^^^^^^^^^^^^^^^^^^^^^^^^^^^^^^^^^

      File "/opt/stack/tempest/tempest/api/volume/base.py", line 293, in create_group
    waiters.wait_for_volume_resource_status(

      File "/opt/stack/tempest/tempest/common/waiters.py", line 379, in wait_for_volume_resource_status
    raise exceptions.VolumeResourceBuildErrorException(

    tempest.exceptions.VolumeResourceBuildErrorException: group 01903672-c7a8-4d8d-bf48-a4e18a9cf820 failed to build and is in ERROR status


Captured pythonlogging:
~~~~~~~~~~~~~~~~~~~~~~~
    2026-05-06 00:48:29,850 124029 INFO     [tempest.lib.common.rest_client] Request (GroupsV314Test:test_create_group_from_group): 200 POST http://10.132.44.209/volume/v3/types 0.110s
2026-05-06 00:48:29,851 124029 DEBUG    [tempest.lib.common.rest_client] Request - Headers: {'Content-Type': 'application/json', 'Accept': 'application/json', 'X-Auth-Token': '<omitted>'}
        Body: {"volume_type": {"name": "tempest-GroupsV314Test-volume-type-1317185644"}}
    Response - Headers: {'date': 'Wed, 06 May 2026 00:48:29 GMT', 'server': 'Apache/2.4.58 (Ubuntu)', 'content-type': 'application/json', 'x-compute-request-id': 'req-c1d93a98-08d9-4ffb-8d76-43c1719d23a3', 'content-length': '220', 'openstack-api-version': 'volume 3.0', 'vary': 'OpenStack-API-Version', 'x-openstack-request-id': 'req-c1d93a98-08d9-4ffb-8d76-43c1719d23a3', 'connection': 'close', 'status': '200', 'content-location': 'http://10.132.44.209/volume/v3/types'}
        Body: b'{"volume_type": {"id": "230a298b-45a1-426f-b01d-e90a5ff797dd", "name": "tempest-GroupsV314Test-volume-type-1317185644", "is_public": true, "extra_specs": {}, "description": null, "os-volume-type-access:is_public": true}}'
2026-05-06 00:48:29,880 124029 INFO     [tempest.lib.common.rest_client] Request (GroupsV314Test:test_create_group_from_group): 202 POST http://10.132.44.209/volume/v3/group_types 0.025s
2026-05-06 00:48:29,880 124029 DEBUG    [tempest.lib.common.rest_client] Request - Headers: {'Content-Type': 'application/json', 'Accept': 'application/json', 'Openstack-Api-Version': 'volume 3.14', 'X-Auth-Token': '<omitted>'}
        Body: {"group_type": {"name": "tempest-GroupsV314Test-group-type-471130939"}}
    Response - Headers: {'date': 'Wed, 06 May 2026 00:48:29 GMT', 'server': 'Apache/2.4.58 (Ubuntu)', 'content-type': 'application/json', 'x-compute-request-id': 'req-d6bb1123-c2d2-4d74-a4b8-6c4c48ea45a7', 'content-length': '176', 'openstack-api-version': 'volume 3.14', 'vary': 'OpenStack-API-Version', 'x-openstack-request-id': 'req-d6bb1123-c2d2-4d74-a4b8-6c4c48ea45a7', 'connection': 'close', 'status': '202', 'content-location': 'http://10.132.44.209/volume/v3/group_types'}
        Body: b'{"group_type": {"id": "4bcea552-110f-450f-93ee-e970a98dd123", "name": "tempest-GroupsV314Test-group-type-471130939", "description": null, "is_public": true, "group_specs": {}}}'
2026-05-06 00:48:30,025 124029 INFO     [tempest.lib.common.rest_client] Request (GroupsV314Test:test_create_group_from_group): 202 POST http://10.132.44.209/volume/v3/groups 0.142s
2026-05-06 00:48:30,026 124029 DEBUG    [tempest.lib.common.rest_client] Request - Headers: {'Content-Type': 'application/json', 'Accept': 'application/json', 'Openstack-Api-Version': 'volume 3.14', 'X-Auth-Token': '<omitted>'}
        Body: {"group": {"group_type": "4bcea552-110f-450f-93ee-e970a98dd123", "volume_types": ["230a298b-45a1-426f-b01d-e90a5ff797dd"], "name": "tempest-GroupsV314Test-Group-1911274499"}}
    Response - Headers: {'date': 'Wed, 06 May 2026 00:48:29 GMT', 'server': 'Apache/2.4.58 (Ubuntu)', 'content-type': 'application/json', 'x-compute-request-id': 'req-d2c4be3c-ec7a-4e6e-b71b-bcbdb1bb57f0', 'content-length': '108', 'openstack-api-version': 'volume 3.14', 'vary': 'OpenStack-API-Version', 'x-openstack-request-id': 'req-d2c4be3c-ec7a-4e6e-b71b-bcbdb1bb57f0', 'connection': 'close', 'status': '202', 'content-location': 'http://10.132.44.209/volume/v3/groups'}
        Body: b'{"group": {"id": "01903672-c7a8-4d8d-bf48-a4e18a9cf820", "name": "tempest-GroupsV314Test-Group-1911274499"}}'
2026-05-06 00:48:30,058 124029 INFO     [tempest.lib.common.rest_client] Request (GroupsV314Test:test_create_group_from_group): 200 GET http://10.132.44.209/volume/v3/groups/01903672-c7a8-4d8d-bf48-a4e18a9cf820 0.028s
2026-05-06 00:48:30,058 124029 DEBUG    [tempest.lib.common.rest_client] Request - Headers: {'Content-Type': 'application/json', 'Accept': 'application/json', 'Openstack-Api-Version': 'volume 3.14', 'X-Auth-Token': '<omitted>'}
        Body: None
    Response - Headers: {'date': 'Wed, 06 May 2026 00:48:30 GMT', 'server': 'Apache/2.4
    .58 (Ubuntu)', 'content-type': 'application/json', 'x-compute-request-id': 'req-ff170172-48c8-454b-ab42-8a577b6cdca0', 'content-length': '388', 'openstack-api-version': 'volume 3.14', 'vary': 'OpenStack-API-Version', 'x-openstack-request-id': 'req-ff170172-48c8-454b-ab42-8a577b6cdca0', 'connection': 'close', 'status': '200', 'content-location': 'http://10.132.44.209/volume/v3/groups/01903672-c7a8-4d8d-bf48-a4e18a9cf820'}
        Body: b'{"group": {"id": "01903672-c7a8-4d8d-bf48-a4e18a9cf820", "status": "creating", "availability_zone": "nova", "created_at": "2026-05-06T00:48:30.000000", "name": "tempest-GroupsV314Test-Group-1911274499", "description": null, "group_type": "4bcea552-110f-450f-93ee-e970a98dd123", "volume_types": ["230a298b-45a1-426f-b01d-e90a5ff797dd"], "group_snapshot_id": null, "source_group_id": null}}'
2026-05-06 00:48:31,089 124029 INFO     [tempest.lib.common.rest_client] Request (GroupsV314Test:test_create_group_from_group): 200 GET http://10.132.44.209/volume/v3/groups/01903672-c7a8-4d8d-bf48-a4e18a9cf820 0.027s
2026-05-06 00:48:31,090 124029 DEBUG    [tempest.lib.common.rest_client] Request - Headers: {'Content-Type': 'application/json', 'Accept': 'application/json', 'Openstack-Api-Version': 'volume 3.14', 'X-Auth-Token': '<omitted>'}
        Body: None
    Response - Headers: {'date': 'Wed, 06 May 2026 00:48:31 GMT', 'server': 'Apache/2.4.58 (Ubuntu)', 'content-type': 'application/json', 'x-compute-request-id': 'req-dfcc95bb-6c0f-4eac-bb51-3a93bce9dc37', 'content-length': '385', 'openstack-api-version': 'volume 3.14', 'vary': 'OpenStack-API-Version', 'x-openstack-request-id': 'req-dfcc95bb-6c0f-4eac-bb51-3a93bce9dc37', 'connection': 'close', 'status': '200', 'content-location': 'http://10.132.44.209/volume/v3/groups/01903672-c7a8-4d8d-bf48-a4e18a9cf820'}
        Body: b'{"group": {"id": "01903672-c7a8-4d8d-bf48-a4e18a9cf820", "status": "error", "availability_zone": "nova", "created_at": "2026-05-06T00:48:30.000000", "name": "tempest-GroupsV314Test-Group-1911274499", "description": null, "group_type": "4bcea552-110f-450f-93ee-e970a98dd123", "volume_types": ["230a298b-45a1-426f-b01d-e90a5ff797dd"], "group_snapshot_id": null, "source_group_id": null}}'
2026-05-06 00:48:31,121 124029 INFO     [tempest.lib.common.rest_client] Request (GroupsV314Test:_run_cleanups): 200 GET http://10.132.44.209/volume/v3/volumes/detail 0.025s
2026-05-06 00:48:31,122 124029 DEBUG    [tempest.lib.common.rest_client] Request - Headers: {'Content-Type': 'application/json', 'Accept': 'application/json', 'Openstack-Api-Version': 'volume 3.14', 'X-Auth-Token': '<omitted>'}
        Body: None
    Response - Headers: {'date': 'Wed, 06 May 2026 00:48:31 GMT', 'server': 'Apache/2.4.58 (Ubuntu)', 'content-type': 'application/json', 'x-compute-request-id': 'req-40330f39-e364-4105-b9fb-dfe4c45ec5cd', 'content-length': '15', 'openstack-api-version': 'volume 3.14', 'vary': 'OpenStack-API-Version', 'x-openstack-request-id': 'req-40330f39-e364-4105-b9fb-dfe4c45ec5cd', 'connection': 'close', 'status': '200', 'content-location': 'http://10.132.44.209/volume/v3/volumes/detail'}
        Body: b'{"volumes": []}'
2026-05-06 00:48:31,191 124029 INFO     [tempest.lib.common.rest_client] Request (GroupsV314Test:_run_cleanups): 202 POST http://10.132.44.209/volume/v3/groups/01903672-c7a8-4d8d-bf48-a4e18a9cf820/action 0.062s
2026-05-06 00:48:31,192 124029 DEBUG    [tempest.lib.common.rest_client] Request - Headers: {'Content-Type': 'application/json', 'Accept': 'application/json', 'Openstack-Api-Version': 'volume 3.14', 'X-Auth-Token': '<omitted>'}
        Body: {"delete": {"delete-volumes": true}}
    Response - Headers: {'date': 'Wed, 06 May 2026 00:48:31 GMT', 'server': 'Apache/2.4.58 (Ubuntu)', 'content-length': '0', 'content-type': 'text/html; charset=UTF-8', 'openstack-api-version': 'volume 3.14', 'vary': 'OpenStack-API-Version', 'x-openstack-request-id': 'req-58d913a6-371b-45d8-81d2-3cd56e8d4a5d', 'connection': 'close', 'status': '202', 'content-location': 'http://10.132.44.209/volume/v3/groups/01903672-c7a8-4d8d-bf48-a4e18a9cf820/action'}
  
          Body: b''
2026-05-06 00:48:31,203 124029 INFO     [tempest.lib.common.rest_client] Request (GroupsV314Test:_run_cleanups): 404 GET http://10.132.44.209/volume/v3/groups/01903672-c7a8-4d8d-bf48-a4e18a9cf820 0.011s
2026-05-06 00:48:31,204 124029 DEBUG    [tempest.lib.common.rest_client] Request - Headers: {'Content-Type': 'application/json', 'Accept': 'application/json', 'Openstack-Api-Version': 'volume 3.14', 'X-Auth-Token': '<omitted>'}
        Body: None
    Response - Headers: {'date': 'Wed, 06 May 2026 00:48:31 GMT', 'server': 'Apache/2.4.58 (Ubuntu)', 'openstack-api-version': 'volume 3.14', 'vary': 'OpenStack-API-Version', 'content-length': '108', 'content-type': 'application/json', 'x-compute-request-id': 'req-47b9a8b0-c212-44e3-8385-0ff39bd0394a', 'x-openstack-request-id': 'req-47b9a8b0-c212-44e3-8385-0ff39bd0394a', 'connection': 'close', 'status': '404', 'content-location': 'http://10.132.44.209/volume/v3/groups/01903672-c7a8-4d8d-bf48-a4e18a9cf820'}
        Body: b'{"itemNotFound": {"code": 404, "message": "Group 01903672-c7a8-4d8d-bf48-a4e18a9cf820 could not be found."}}'
2026-05-06 00:48:31,232 124029 INFO     [tempest.lib.common.rest_client] Request (GroupsV314Test:_run_cleanups): 202 DELETE http://10.132.44.209/volume/v3/group_types/4bcea552-110f-450f-93ee-e970a98dd123 0.028s
2026-05-06 00:48:31,233 124029 DEBUG    [tempest.lib.common.rest_client] Request - Headers: {'Content-Type': 'application/json', 'Accept': 'application/json', 'Openstack-Api-Version': 'volume 3.14', 'X-Auth-Token': '<omitted>'}
        Body: None
    Response - Headers: {'date': 'Wed, 06 May 2026 00:48:31 GMT', 'server': 'Apache/2.4.58 (Ubuntu)', 'content-length': '0', 'content-type': 'text/html; charset=UTF-8', 'openstack-api-version': 'volume 3.14', 'vary': 'OpenStack-API-Version', 'x-openstack-request-id': 'req-fd4ba9c3-666c-46c3-ba3d-8cd2bcd57fee', 'connection': 'close', 'status': '202', 'content-location': 'http://10.132.44.209/volume/v3/group_types/4bcea552-110f-450f-93ee-e970a98dd123'}
        Body: b''
2026-05-06 00:48:31,276 124029 INFO     [tempest.lib.common.rest_client] Request (GroupsV314Test:_run_cleanups): 202 DELETE http://10.132.44.209/volume/v3/types/230a298b-45a1-426f-b01d-e90a5ff797dd 0.042s
2026-05-06 00:48:31,277 124029 DEBUG    [tempest.lib.common.rest_client] Request - Headers: {'Content-Type': 'application/json', 'Accept': 'application/json', 'X-Auth-Token': '<omitted>'}
        Body: None
    Response - Headers: {'date': 'Wed, 06 May 2026 00:48:31 GMT', 'server': 'Apache/2.4.58 (Ubuntu)', 'content-length': '0', 'content-type': 'text/html; charset=UTF-8', 'openstack-api-version': 'volume 3.0', 'vary': 'OpenStack-API-Version', 'x-openstack-request-id': 'req-81bbd5a7-e2f0-4e95-b6b2-d6fb35ae1c98', 'connection': 'close', 'status': '202', 'content-location': 'http://10.132.44.209/volume/v3/types/230a298b-45a1-426f-b01d-e90a5ff797dd'}
        Body: b''
2026-05-06 00:48:31,290 124029 INFO     [tempest.lib.common.rest_client] Request (GroupsV314Test:_run_cleanups): 404 GET http://10.132.44.209/volume/v3/types/230a298b-45a1-426f-b01d-e90a5ff797dd 0.012s
2026-05-06 00:48:31,290 124029 DEBUG    [tempest.lib.common.rest_client] Request - Headers: {'Content-Type': 'application/json', 'Accept': 'application/json', 'X-Auth-Token': '<omitted>'}
        Body: None
    Response - Headers: {'date': 'Wed, 06 May 2026 00:48:31 GMT', 'server': 'Apache/2.4.58 (Ubuntu)', 'openstack-api-version': 'volume 3.0', 'vary': 'OpenStack-API-Version', 'content-length': '114', 'content-type': 'application/json', 'x-compute-request-id': 'req-3666db5b-d920-451a-ac2e-10e352658588', 'x-openstack-request-id': 'req-3666db5b-d920-451a-ac2e-10e352658588', 'connection': 'close', 'status': '404', 'content-location': 'http://10.132.44.209/volume/v3/types/230a298b-45a1-426f-b01d-e90a5ff797dd'}
        Body: b'{"itemNotFound": {"code": 404, "message": "Volume type 230a298b-45a1-426f-b01d-e90a5ff797dd could not be found."}}'


tempest.api.volume.admin.test_groups.GroupsV320Test.test_reset_group_status[id-b20c696b-0cbc-49a5-8b3a-b1fb9338f45c]
--------------------------------------------------------------------------------------------------------------------

Captured traceback:
~~~~~~~~~~~~~~~~~~~
    Traceback (most recent call last):

      File "/opt/stack/tempest/tempest/api/volume/admin/test_groups.py", line 227, in test_reset_group_status
    group = self.create_group(group_type=group_type['id'],
            ^^^^^^^^^^^^^^^^^^^^^^^^^^^^^^^^^^^^^^^^^^^^^^

      File "/opt/stack/tempest/tempest/api/volume/base.py", line 293, in create_group
    waiters.wait_for_volume_resource_status(

      File "/opt/stack/tempest/tempest/common/waiters.py", line 379, in wait_for_volume_resource_status
    raise exceptions.VolumeResourceBuildErrorException(

    tempest.exceptions.VolumeResourceBuildErrorException: group 3220f34f-d50d-4552-bf95-19a93b2adee9 failed to build and is in ERROR status


Captured pythonlogging:
~~~~~~~~~~~~~~~~~~~~~~~
    2026-05-06 00:48:34,246 124029 INFO     [tempest.lib.common.rest_client] Request (GroupsV320Test:test_reset_group_status): 200 POST http://10.132.44.209/volume/v3/types 0.121s
2026-05-06 00:48:34,247 124029 DEBUG    [tempest.lib.common.rest_client] Request - Headers: {'Content-Type': 'application/json', 'Accept': 'application/json', 'X-Auth-Token': '<omitted>'}
        Body: {"volume_type": {"name": "tempest-GroupsV320Test-volume-type-146136487"}}
    Response - Headers: {'date': 'Wed, 06 May 2026 00:48:34 GMT', 'server': 'Apache/2.4.58 (Ubuntu)', 'content-type': 'application/json', 'x-compute-request-id': 'req-4594a302-0cd3-4544-843f-6dc9b652a90b', 'content-length': '219', 'openstack-api-version': 'volume 3.0', 'vary': 'OpenStack-API-Version', 'x-openstack-request-id': 'req-4594a302-0cd3-4544-843f-6dc9b652a90b', 'connection': 'close', 'status': '200', 'content-location': 'http://10.132.44.209/volume/v3/types'}
        Body: b'{"volume_type": {"id": "c5a18732-91fa-44f4-a43b-3539f3f9899f", "name": "tempest-GroupsV320Test-volume-type-146136487", "is_public": true, "extra_specs": {}, "description": null, "os-volume-type-access:is_public": true}}'
2026-05-06 00:48:34,277 124029 INFO     [tempest.lib.common.rest_client] Request (GroupsV320Test:test_reset_group_status): 202 POST http://10.132.44.209/volume/v3/group_types 0.029s
2026-05-06 00:48:34,278 124029 DEBUG    [tempest.lib.common.rest_client] Request - Headers: {'Content-Type': 'application/json', 'Accept': 'application/json', 'Openstack-Api-Version': 'volume 3.20', 'X-Auth-Token': '<omitted>'}
        Body: {"group_type": {"name": "tempest-GroupsV320Test-group-type-151053892"}}
    Response - Headers: {'date': 'Wed, 06 May 2026 00:48:34 GMT', 'server': 'Apache/2.4.58 (Ubuntu)', 'content-type': 'application/json', 'x-compute-request-id': 'req-556e4e7e-dfaa-4c49-a07b-49703d7a595b', 'content-length': '176', 'openstack-api-version': 'volume 3.20', 'vary': 'OpenStack-API-Version', 'x-openstack-request-id': 'req-556e4e7e-dfaa-4c49-a07b-49703d7a595b', 'connection': 'close', 'status': '202', 'content-location': 'http://10.132.44.209/volume/v3/group_types'}
        Body: b'{"group_type": {"id": "eb641552-46b7-4168-bd84-46f4e6a2db23", "name": "tempest-GroupsV320Test-group-type-151053892", "description": null, "is_public": true, "group_specs": {}}}'
2026-05-06 00:48:34,438 124029 INFO     [tempest.lib.common.rest_client] Request (GroupsV320Test:test_reset_group_status): 202 POST http://10.132.44.209/volume/v3/groups 0.158s
2026-05-06 00:48:34,438 124029 DEBUG    [tempest.lib.common.rest_client] Request - Headers: {'Content-Type': 'application/json', 'Accept': 'application/json', 'Openstack-Api-Version': 'volume 3.20', 'X-Auth-Token': '<omitted>'}
        Body: {"group": {"group_type": "eb641552-46b7-4168-bd84-46f4e6a2db23", "volume_types": ["c5a18732-91fa-44f4-a43b-3539f3f9899f"], "name": "tempest-GroupsV320Test-Group-1176181998"}}
    Response - Headers: {'date': 'Wed, 06 May 2026 00:48:34 GMT', 'server': 'Apache/2.4.58 (Ubuntu)', 'content-type': 'application/json', 'x-compute-request-id': 'req-ab8a94c7-024a-4cda-a044-a97dfabb185d', 'content-length': '108', 'openstack-api-version': 'volume 3.20', 'vary': 'OpenStack-API-Version', 'x-openstack-request-id': 'req-ab8a94c7-024a-4cda-a044-a97dfabb185d', 'connection': 'close', 'status': '202', 'content-location': 'http://10.132.44.209/volume/v3/groups'}
        Body: b'{"group": {"id": "3220f34f-d50d-4552-bf95-19a93b2adee9", "name": "tempest-GroupsV320Test-Group-1176181998"}}'
2026-05-06 00:48:34,464 124029 INFO     [tempest.lib.common.rest_client] Request (GroupsV320Test:test_reset_group_status): 200 GET http://10.132.44.209/volume/v3/groups/3220f34f-d50d-4552-bf95-19a93b2adee9 0.025s
2026-05-06 00:48:34,465 124029 DEBUG    [tempest.lib.common.rest_client] Request - Headers: {'Content-Type': 'application/json', 'Accept': 'application/json', 'Openstack-Api-Version': 'volume 3.20', 'X-Auth-Token': '<omitted>'}
        Body: None
    Response - Headers: {'date': 'Wed, 06 May 2026 00:48:34 GMT', 'server': 'Apache/2.4.58 (Ubuntu)', 'conten
    t-type': 'application/json', 'x-compute-request-id': 'req-fe655ff3-5a41-4bd0-a200-5a888559f957', 'content-length': '388', 'openstack-api-version': 'volume 3.20', 'vary': 'OpenStack-API-Version', 'x-openstack-request-id': 'req-fe655ff3-5a41-4bd0-a200-5a888559f957', 'connection': 'close', 'status': '200', 'content-location': 'http://10.132.44.209/volume/v3/groups/3220f34f-d50d-4552-bf95-19a93b2adee9'}
        Body: b'{"group": {"id": "3220f34f-d50d-4552-bf95-19a93b2adee9", "status": "creating", "availability_zone": "nova", "created_at": "2026-05-06T00:48:34.000000", "name": "tempest-GroupsV320Test-Group-1176181998", "description": null, "group_type": "eb641552-46b7-4168-bd84-46f4e6a2db23", "volume_types": ["c5a18732-91fa-44f4-a43b-3539f3f9899f"], "group_snapshot_id": null, "source_group_id": null}}'
2026-05-06 00:48:35,498 124029 INFO     [tempest.lib.common.rest_client] Request (GroupsV320Test:test_reset_group_status): 200 GET http://10.132.44.209/volume/v3/groups/3220f34f-d50d-4552-bf95-19a93b2adee9 0.030s
2026-05-06 00:48:35,499 124029 DEBUG    [tempest.lib.common.rest_client] Request - Headers: {'Content-Type': 'application/json', 'Accept': 'application/json', 'Openstack-Api-Version': 'volume 3.20', 'X-Auth-Token': '<omitted>'}
        Body: None
    Response - Headers: {'date': 'Wed, 06 May 2026 00:48:35 GMT', 'server': 'Apache/2.4.58 (Ubuntu)', 'content-type': 'application/json', 'x-compute-request-id': 'req-2e1b3904-4c8d-4b35-8f7e-5921a9559075', 'content-length': '385', 'openstack-api-version': 'volume 3.20', 'vary': 'OpenStack-API-Version', 'x-openstack-request-id': 'req-2e1b3904-4c8d-4b35-8f7e-5921a9559075', 'connection': 'close', 'status': '200', 'content-location': 'http://10.132.44.209/volume/v3/groups/3220f34f-d50d-4552-bf95-19a93b2adee9'}
        Body: b'{"group": {"id": "3220f34f-d50d-4552-bf95-19a93b2adee9", "status": "error", "availability_zone": "nova", "created_at": "2026-05-06T00:48:34.000000", "name": "tempest-GroupsV320Test-Group-1176181998", "description": null, "group_type": "eb641552-46b7-4168-bd84-46f4e6a2db23", "volume_types": ["c5a18732-91fa-44f4-a43b-3539f3f9899f"], "group_snapshot_id": null, "source_group_id": null}}'
2026-05-06 00:48:35,533 124029 INFO     [tempest.lib.common.rest_client] Request (GroupsV320Test:_run_cleanups): 200 GET http://10.132.44.209/volume/v3/volumes/detail 0.032s
2026-05-06 00:48:35,534 124029 DEBUG    [tempest.lib.common.rest_client] Request - Headers: {'Content-Type': 'application/json', 'Accept': 'application/json', 'Openstack-Api-Version': 'volume 3.20', 'X-Auth-Token': '<omitted>'}
        Body: None
    Response - Headers: {'date': 'Wed, 06 May 2026 00:48:35 GMT', 'server': 'Apache/2.4.58 (Ubuntu)', 'content-type': 'application/json', 'x-compute-request-id': 'req-ac4f634a-452f-4e70-a08e-9414fb68f0a7', 'content-length': '15', 'openstack-api-version': 'volume 3.20', 'vary': 'OpenStack-API-Version', 'x-openstack-request-id': 'req-ac4f634a-452f-4e70-a08e-9414fb68f0a7', 'connection': 'close', 'status': '200', 'content-location': 'http://10.132.44.209/volume/v3/volumes/detail'}
        Body: b'{"volumes": []}'
2026-05-06 00:48:35,594 124029 INFO     [tempest.lib.common.rest_client] Request (GroupsV320Test:_run_cleanups): 202 POST http://10.132.44.209/volume/v3/groups/3220f34f-d50d-4552-bf95-19a93b2adee9/action 0.050s
2026-05-06 00:48:35,594 124029 DEBUG    [tempest.lib.common.rest_client] Request - Headers: {'Content-Type': 'application/json', 'Accept': 'application/json', 'Openstack-Api-Version': 'volume 3.20', 'X-Auth-Token': '<omitted>'}
        Body: {"delete": {"delete-volumes": true}}
    Response - Headers: {'date': 'Wed, 06 May 2026 00:48:35 GMT', 'server': 'Apache/2.4.58 (Ubuntu)', 'content-length': '0', 'content-type': 'text/html; charset=UTF-8', 'openstack-api-version': 'volume 3.20', 'vary': 'OpenStack-API-Version', 'x-openstack-request-id': 'req-b6ee8968-11d3-4532-a207-1ee183d22f28', 'connection': 'close', 'status': '202', 'content-location': 'http://10.132.44.209/volume/v3/groups/3220f34f-d50d-4552-bf95-19a93b2adee9/action'}
        Body: b''
2026-05-06 
    00:48:35,611 124029 INFO     [tempest.lib.common.rest_client] Request (GroupsV320Test:_run_cleanups): 404 GET http://10.132.44.209/volume/v3/groups/3220f34f-d50d-4552-bf95-19a93b2adee9 0.016s
2026-05-06 00:48:35,612 124029 DEBUG    [tempest.lib.common.rest_client] Request - Headers: {'Content-Type': 'application/json', 'Accept': 'application/json', 'Openstack-Api-Version': 'volume 3.20', 'X-Auth-Token': '<omitted>'}
        Body: None
    Response - Headers: {'date': 'Wed, 06 May 2026 00:48:35 GMT', 'server': 'Apache/2.4.58 (Ubuntu)', 'openstack-api-version': 'volume 3.20', 'vary': 'OpenStack-API-Version', 'content-length': '108', 'content-type': 'application/json', 'x-compute-request-id': 'req-82d951bb-dc46-41c2-86b1-3f09212ebbdf', 'x-openstack-request-id': 'req-82d951bb-dc46-41c2-86b1-3f09212ebbdf', 'connection': 'close', 'status': '404', 'content-location': 'http://10.132.44.209/volume/v3/groups/3220f34f-d50d-4552-bf95-19a93b2adee9'}
        Body: b'{"itemNotFound": {"code": 404, "message": "Group 3220f34f-d50d-4552-bf95-19a93b2adee9 could not be found."}}'
2026-05-06 00:48:35,635 124029 INFO     [tempest.lib.common.rest_client] Request (GroupsV320Test:_run_cleanups): 202 DELETE http://10.132.44.209/volume/v3/group_types/eb641552-46b7-4168-bd84-46f4e6a2db23 0.023s
2026-05-06 00:48:35,636 124029 DEBUG    [tempest.lib.common.rest_client] Request - Headers: {'Content-Type': 'application/json', 'Accept': 'application/json', 'Openstack-Api-Version': 'volume 3.20', 'X-Auth-Token': '<omitted>'}
        Body: None
    Response - Headers: {'date': 'Wed, 06 May 2026 00:48:35 GMT', 'server': 'Apache/2.4.58 (Ubuntu)', 'content-length': '0', 'content-type': 'text/html; charset=UTF-8', 'openstack-api-version': 'volume 3.20', 'vary': 'OpenStack-API-Version', 'x-openstack-request-id': 'req-7a4d633d-8f75-445a-86a6-21a07b8d1788', 'connection': 'close', 'status': '202', 'content-location': 'http://10.132.44.209/volume/v3/group_types/eb641552-46b7-4168-bd84-46f4e6a2db23'}
        Body: b''
2026-05-06 00:48:35,690 124029 INFO     [tempest.lib.common.rest_client] Request (GroupsV320Test:_run_cleanups): 202 DELETE http://10.132.44.209/volume/v3/types/c5a18732-91fa-44f4-a43b-3539f3f9899f 0.054s
2026-05-06 00:48:35,690 124029 DEBUG    [tempest.lib.common.rest_client] Request - Headers: {'Content-Type': 'application/json', 'Accept': 'application/json', 'X-Auth-Token': '<omitted>'}
        Body: None
    Response - Headers: {'date': 'Wed, 06 May 2026 00:48:35 GMT', 'server': 'Apache/2.4.58 (Ubuntu)', 'content-length': '0', 'content-type': 'text/html; charset=UTF-8', 'openstack-api-version': 'volume 3.0', 'vary': 'OpenStack-API-Version', 'x-openstack-request-id': 'req-30e4a9a7-edca-48ba-a9d4-e50b3f7aae43', 'connection': 'close', 'status': '202', 'content-location': 'http://10.132.44.209/volume/v3/types/c5a18732-91fa-44f4-a43b-3539f3f9899f'}
        Body: b''
2026-05-06 00:48:35,705 124029 INFO     [tempest.lib.common.rest_client] Request (GroupsV320Test:_run_cleanups): 404 GET http://10.132.44.209/volume/v3/types/c5a18732-91fa-44f4-a43b-3539f3f9899f 0.014s
2026-05-06 00:48:35,705 124029 DEBUG    [tempest.lib.common.rest_client] Request - Headers: {'Content-Type': 'application/json', 'Accept': 'application/json', 'X-Auth-Token': '<omitted>'}
        Body: None
    Response - Headers: {'date': 'Wed, 06 May 2026 00:48:35 GMT', 'server': 'Apache/2.4.58 (Ubuntu)', 'openstack-api-version': 'volume 3.0', 'vary': 'OpenStack-API-Version', 'content-length': '114', 'content-type': 'application/json', 'x-compute-request-id': 'req-081f49e4-c61d-4a52-bb3a-0bb77230277e', 'x-openstack-request-id': 'req-081f49e4-c61d-4a52-bb3a-0bb77230277e', 'connection': 'close', 'status': '404', 'content-location': 'http://10.132.44.209/volume/v3/types/c5a18732-91fa-44f4-a43b-3539f3f9899f'}
        Body: b'{"itemNotFound": {"code": 404, "message": "Volume type c5a18732-91fa-44f4-a43b-3539f3f9899f could not be found."}}'


setUpClass (tempest.api.volume.admin.test_multi_backend.VolumeMultiBackendTest)
-------------------------------------------------------------------------------

Captured traceback:
~~~~~~~~~~~~~~~~~~~
    Traceback (most recent call last):

      File "/opt/stack/tempest/tempest/test.py", line 185, in setUpClass
    raise value.with_traceback(trace)

      File "/opt/stack/tempest/tempest/test.py", line 178, in setUpClass
    cls.resource_setup()

      File "/opt/stack/tempest/tempest/api/volume/admin/test_multi_backend.py", line 50, in resource_setup
    cls._create_type_and_volume(backend_name, False)

      File "/opt/stack/tempest/tempest/api/volume/admin/test_multi_backend.py", line 74, in _create_type_and_volume
    cls.volume = cls.create_volume(**params)
                 ^^^^^^^^^^^^^^^^^^^^^^^^^^^

      File "/opt/stack/tempest/tempest/api/volume/base.py", line 144, in create_volume
    waiters.wait_for_volume_resource_status(self.volumes_client,

      File "/opt/stack/tempest/tempest/common/waiters.py", line 379, in wait_for_volume_resource_status
    raise exceptions.VolumeResourceBuildErrorException(

    tempest.exceptions.VolumeResourceBuildErrorException: volume 1df1a943-8384-4779-89ad-3bc5e9cbb365 failed to build and is in ERROR status


setUpClass (tempest.api.volume.admin.test_snapshots_actions.SnapshotsActionsTest)
---------------------------------------------------------------------------------

Captured traceback:
~~~~~~~~~~~~~~~~~~~
    Traceback (most recent call last):

      File "/opt/stack/tempest/tempest/test.py", line 185, in setUpClass
    raise value.with_traceback(trace)

      File "/opt/stack/tempest/tempest/test.py", line 178, in setUpClass
    cls.resource_setup()

      File "/opt/stack/tempest/tempest/api/volume/admin/test_snapshots_actions.py", line 38, in resource_setup
    cls.volume = cls.create_volume()
                 ^^^^^^^^^^^^^^^^^^^

      File "/opt/stack/tempest/tempest/api/volume/base.py", line 144, in create_volume
    waiters.wait_for_volume_resource_status(self.volumes_client,

      File "/opt/stack/tempest/tempest/common/waiters.py", line 379, in wait_for_volume_resource_status
    raise exceptions.VolumeResourceBuildErrorException(

    tempest.exceptions.VolumeResourceBuildErrorException: volume a12d868b-4be3-41b6-bf54-9c63f509ba2f failed to build and is in ERROR status


tempest.api.volume.admin.test_volume_pools.VolumePoolsAdminTestsJSON.test_get_pools_with_details[id-d4bb61f7-762d-4437-b8a4-5785759a0ced]
-----------------------------------------------------------------------------------------------------------------------------------------

Captured traceback:
~~~~~~~~~~~~~~~~~~~
    Traceback (most recent call last):

      File "/opt/stack/tempest/tempest/api/volume/admin/test_volume_pools.py", line 44, in test_get_pools_with_details
    self._assert_pools(with_detail=True)

      File "/opt/stack/tempest/tempest/api/volume/admin/test_volume_pools.py", line 29, in _assert_pools
    self.assertNotEmpty(cinder_pools, "no cinder pools listed.")

      File "/opt/stack/tempest/tempest/test.py", line 949, in assertNotEmpty
    self.assertTrue(items, msg)

      File "/usr/lib/python3.12/unittest/case.py", line 727, in assertTrue
    raise self.failureException(msg)

    AssertionError: [] is not true : no cinder pools listed.


Captured pythonlogging:
~~~~~~~~~~~~~~~~~~~~~~~
    2026-05-06 00:49:01,812 124029 INFO     [tempest.lib.common.rest_client] Request (VolumePoolsAdminTestsJSON:test_get_pools_with_details): 200 GET http://10.132.44.209/volume/v3/scheduler-stats/get_pools?detail=True 0.597s
2026-05-06 00:49:01,812 124029 DEBUG    [tempest.lib.common.rest_client] Request - Headers: {'Content-Type': 'application/json', 'Accept': 'application/json', 'X-Auth-Token': '<omitted>'}
        Body: None
    Response - Headers: {'date': 'Wed, 06 May 2026 00:49:01 GMT', 'server': 'Apache/2.4.58 (Ubuntu)', 'content-type': 'application/json', 'x-compute-request-id': 'req-34c5d9bc-f6d8-45d1-9cb8-47e628d494b8', 'content-length': '13', 'openstack-api-version': 'volume 3.0', 'vary': 'OpenStack-API-Version', 'x-openstack-request-id': 'req-34c5d9bc-f6d8-45d1-9cb8-47e628d494b8', 'connection': 'close', 'status': '200', 'content-location': 'http://10.132.44.209/volume/v3/scheduler-stats/get_pools?detail=True'}
        Body: b'{"pools": []}'


tempest.api.volume.admin.test_volume_pools.VolumePoolsAdminTestsJSON.test_get_pools_without_details[id-0248a46c-e226-4933-be10-ad6fca8227e7]
--------------------------------------------------------------------------------------------------------------------------------------------

Captured traceback:
~~~~~~~~~~~~~~~~~~~
    Traceback (most recent call last):

      File "/opt/stack/tempest/tempest/api/volume/admin/test_volume_pools.py", line 39, in test_get_pools_without_details
    self._assert_pools()

      File "/opt/stack/tempest/tempest/api/volume/admin/test_volume_pools.py", line 29, in _assert_pools
    self.assertNotEmpty(cinder_pools, "no cinder pools listed.")

      File "/opt/stack/tempest/tempest/test.py", line 949, in assertNotEmpty
    self.assertTrue(items, msg)

      File "/usr/lib/python3.12/unittest/case.py", line 727, in assertTrue
    raise self.failureException(msg)

    AssertionError: [] is not true : no cinder pools listed.


Captured pythonlogging:
~~~~~~~~~~~~~~~~~~~~~~~
    2026-05-06 00:49:02,352 124029 INFO     [tempest.lib.common.rest_client] Request (VolumePoolsAdminTestsJSON:test_get_pools_without_details): 200 GET http://10.132.44.209/volume/v3/scheduler-stats/get_pools 0.518s
2026-05-06 00:49:02,352 124029 DEBUG    [tempest.lib.common.rest_client] Request - Headers: {'Content-Type': 'application/json', 'Accept': 'application/json', 'X-Auth-Token': '<omitted>'}
        Body: None
    Response - Headers: {'date': 'Wed, 06 May 2026 00:49:01 GMT', 'server': 'Apache/2.4.58 (Ubuntu)', 'content-type': 'application/json', 'x-compute-request-id': 'req-286f4828-950d-43ae-802d-ad187024b65e', 'content-length': '13', 'openstack-api-version': 'volume 3.0', 'vary': 'OpenStack-API-Version', 'x-openstack-request-id': 'req-286f4828-950d-43ae-802d-ad187024b65e', 'connection': 'close', 'status': '200', 'content-location': 'http://10.132.44.209/volume/v3/scheduler-stats/get_pools'}
        Body: b'{"pools": []}'


tempest.api.volume.admin.test_volume_quotas.VolumeQuotasAdminTestJSON.test_quota_usage[id-ae8b6091-48ad-4bfa-a188-bbf5cc02115f]
-------------------------------------------------------------------------------------------------------------------------------

Captured traceback:
~~~~~~~~~~~~~~~~~~~
    Traceback (most recent call last):

      File "/opt/stack/tempest/tempest/api/volume/admin/test_volume_quotas.py", line 123, in test_quota_usage
    volume = self.create_volume()
             ^^^^^^^^^^^^^^^^^^^^

      File "/opt/stack/tempest/tempest/api/volume/base.py", line 144, in create_volume
    waiters.wait_for_volume_resource_status(self.volumes_client,

      File "/opt/stack/tempest/tempest/common/waiters.py", line 379, in wait_for_volume_resource_status
    raise exceptions.VolumeResourceBuildErrorException(

    tempest.exceptions.VolumeResourceBuildErrorException: volume 193cb741-77d5-4a7d-bc39-eb8b27632612 failed to build and is in ERROR status


Captured pythonlogging:
~~~~~~~~~~~~~~~~~~~~~~~
    2026-05-06 00:49:10,046 124029 INFO     [tempest.lib.common.rest_client] Request (VolumeQuotasAdminTestJSON:test_quota_usage): 200 GET http://10.132.44.209/volume/v3/os-quota-sets/f6a3f66f4902415fb038c01a3d08d4e3?usage=True 0.042s
2026-05-06 00:49:10,047 124029 DEBUG    [tempest.lib.common.rest_client] Request - Headers: {'Content-Type': 'application/json', 'Accept': 'application/json', 'X-Auth-Token': '<omitted>'}
        Body: None
    Response - Headers: {'date': 'Wed, 06 May 2026 00:49:10 GMT', 'server': 'Apache/2.4.58 (Ubuntu)', 'content-type': 'application/json', 'x-compute-request-id': 'req-307abef3-72a6-4a4f-906d-c5cde5b8f668', 'content-length': '1254', 'openstack-api-version': 'volume 3.0', 'vary': 'OpenStack-API-Version', 'x-openstack-request-id': 'req-307abef3-72a6-4a4f-906d-c5cde5b8f668', 'connection': 'close', 'status': '200', 'content-location': 'http://10.132.44.209/volume/v3/os-quota-sets/f6a3f66f4902415fb038c01a3d08d4e3?usage=True'}
        Body: b'{"quota_set": {"volumes": {"limit": 10, "in_use": 0, "reserved": 0}, "per_volume_gigabytes": {"limit": -1, "in_use": 0, "reserved": 0}, "snapshots": {"limit": 10, "in_use": 0, "reserved": 0}, "gigabytes": {"limit": 1000, "in_use": 0, "reserved": 0}, "backups": {"limit": 10, "in_use": 0, "reserved": 0}, "backup_gigabytes": {"limit": 1000, "in_use": 0, "reserved": 0}, "volumes_arcusfc2": {"limit": -1, "in_use": 0, "reserved": 0}, "gigabytes_arcusfc2": {"limit": -1, "in_use": 0, "reserved": 0}, "snapshots_arcusfc2": {"limit": -1, "in_use": 0, "reserved": 0}, "volumes_arcusfc1": {"limit": -1, "in_use": 0, "reserved": 0}, "gigabytes_arcusfc1": {"limit": -1, "in_use": 0, "reserved": 0}, "snapshots_arcusfc1": {"limit": -1, "in_use": 0, "reserved": 0}, "volumes_lvmdriver-1": {"limit": -1, "in_use": 0, "reserved": 0}, "gigabytes_lvmdriver-1": {"limit": -1, "in_use": 0, "reserved": 0}, "snapshots_lvmdriver-1": {"limit": -1, "in_use": 0, "reserved": 0}, "volumes___DEFAULT__": {"limit": -1, "in_use": 0, "reserved": 0}, "gigabytes___DEFAULT__": {"limit": -1, "in_use": 0, "reserved": 0}, "snapshots___DEFAULT__": {"limit": -1, "in_use": 0, "reserved": 0}, "groups": {"limit": 10, "in_use": 0, "reserved": 0}, "id": "f6a3f66f4902415fb038c01a3d08d4e3"}}'
2026-05-06 00:49:10,372 124029 INFO     [tempest.lib.common.rest_client] Request (VolumeQuotasAdminTestJSON:test_quota_usage): 202 POST http://10.132.44.209/volume/v3/volumes 0.315s
2026-05-06 00:49:10,372 124029 DEBUG    [tempest.lib.common.rest_client] Request - Headers: {'Content-Type': 'application/json', 'Accept': 'application/json', 'X-Auth-Token': '<omitted>'}
        Body: {"volume": {"size": 1, "name": "tempest-VolumeQuotasAdminTestJSON-Volume-1260592657"}}
    Response - Headers: {'date': 'Wed, 06 May 2026 00:49:10 GMT', 'server': 'Apache/2.4.58 (Ubuntu)', 'content-type': 'application/json', 'x-compute-request-id': 'req-8bdc6be1-b179-42bd-9158-5ad0baea6e52', 'content-length': '760', 'openstack-api-version': 'volume 3.0', 'vary': 'OpenStack-API-Version', 'x-openstack-request-id': 'req-8bdc6be1-b179-42bd-9158-5ad0baea6e52', 'connection': 'close', 'status': '202', 'content-location': 'http://10.132.44.209/volume/v3/volumes'}
        Body: b'{"volume": {"id": "193cb741-77d5-4a7d-bc39-eb8b27632612", "status": "creating", "size": 1, "availability_zone": "nova", "created_at": "2026-05-06T00:49:10.288988", "updated_at": null, "name": "tempest-VolumeQuotasAdminTestJSON-Volume-1260592657", "description": null, "volume_type": "arcusfc1", "snapshot_id": null, "source_volid": null, "metadata": {}, "links": [{"rel": "self", "href": "http://10.132.44.209/volume/v3/volumes/193cb741-77d5-4a7d-bc39-eb8b27632612"}, {"rel": "bookmark", "href": "http://10.132.44.209/volume/volumes/193cb741-77d5-4a7d-bc39-eb8b27632612"}], "user_id": "e1a97ad9e64d45198b0be0d191d1f9f3", "bootable": "false", "encrypted": false, "replication_status": null, "consistencygroup_id": null, "multiattach": false, "attachments": []}}'
2026-05-06 00:49:10,429 124029 INFO     [tempest.lib.common.rest_client] Request (VolumeQuotasAdminTestJSON:test_quota_usage): 200 GET h
    ttp://10.132.44.209/volume/v3/volumes/193cb741-77d5-4a7d-bc39-eb8b27632612 0.044s
2026-05-06 00:49:10,429 124029 DEBUG    [tempest.lib.common.rest_client] Request - Headers: {'Content-Type': 'application/json', 'Accept': 'application/json', 'X-Auth-Token': '<omitted>'}
        Body: None
    Response - Headers: {'date': 'Wed, 06 May 2026 00:49:10 GMT', 'server': 'Apache/2.4.58 (Ubuntu)', 'content-type': 'application/json', 'x-compute-request-id': 'req-20456886-954d-433c-8682-87cc5bf6471c', 'content-length': '828', 'openstack-api-version': 'volume 3.0', 'vary': 'OpenStack-API-Version', 'x-openstack-request-id': 'req-20456886-954d-433c-8682-87cc5bf6471c', 'connection': 'close', 'status': '200', 'content-location': 'http://10.132.44.209/volume/v3/volumes/193cb741-77d5-4a7d-bc39-eb8b27632612'}
        Body: b'{"volume": {"id": "193cb741-77d5-4a7d-bc39-eb8b27632612", "status": "creating", "size": 1, "availability_zone": "nova", "created_at": "2026-05-06T00:49:10.000000", "updated_at": null, "name": "tempest-VolumeQuotasAdminTestJSON-Volume-1260592657", "description": null, "volume_type": "arcusfc1", "snapshot_id": null, "source_volid": null, "metadata": {}, "links": [{"rel": "self", "href": "http://10.132.44.209/volume/v3/volumes/193cb741-77d5-4a7d-bc39-eb8b27632612"}, {"rel": "bookmark", "href": "http://10.132.44.209/volume/volumes/193cb741-77d5-4a7d-bc39-eb8b27632612"}], "user_id": "e1a97ad9e64d45198b0be0d191d1f9f3", "bootable": "false", "encrypted": false, "replication_status": null, "consistencygroup_id": null, "multiattach": false, "attachments": [], "os-vol-tenant-attr:tenant_id": "f6a3f66f4902415fb038c01a3d08d4e3"}}'
2026-05-06 00:49:11,484 124029 INFO     [tempest.lib.common.rest_client] Request (VolumeQuotasAdminTestJSON:test_quota_usage): 200 GET http://10.132.44.209/volume/v3/volumes/193cb741-77d5-4a7d-bc39-eb8b27632612 0.041s
2026-05-06 00:49:11,485 124029 DEBUG    [tempest.lib.common.rest_client] Request - Headers: {'Content-Type': 'application/json', 'Accept': 'application/json', 'X-Auth-Token': '<omitted>'}
        Body: None
    Response - Headers: {'date': 'Wed, 06 May 2026 00:49:11 GMT', 'server': 'Apache/2.4.58 (Ubuntu)', 'content-type': 'application/json', 'x-compute-request-id': 'req-96c99ac8-fae0-4acc-a512-2e7ed3cde771', 'content-length': '849', 'openstack-api-version': 'volume 3.0', 'vary': 'OpenStack-API-Version', 'x-openstack-request-id': 'req-96c99ac8-fae0-4acc-a512-2e7ed3cde771', 'connection': 'close', 'status': '200', 'content-location': 'http://10.132.44.209/volume/v3/volumes/193cb741-77d5-4a7d-bc39-eb8b27632612'}
        Body: b'{"volume": {"id": "193cb741-77d5-4a7d-bc39-eb8b27632612", "status": "error", "size": 1, "availability_zone": "nova", "created_at": "2026-05-06T00:49:10.000000", "updated_at": "2026-05-06T00:49:10.000000", "name": "tempest-VolumeQuotasAdminTestJSON-Volume-1260592657", "description": null, "volume_type": "arcusfc1", "snapshot_id": null, "source_volid": null, "metadata": {}, "links": [{"rel": "self", "href": "http://10.132.44.209/volume/v3/volumes/193cb741-77d5-4a7d-bc39-eb8b27632612"}, {"rel": "bookmark", "href": "http://10.132.44.209/volume/volumes/193cb741-77d5-4a7d-bc39-eb8b27632612"}], "user_id": "e1a97ad9e64d45198b0be0d191d1f9f3", "bootable": "false", "encrypted": false, "replication_status": null, "consistencygroup_id": null, "multiattach": false, "attachments": [], "os-vol-tenant-attr:tenant_id": "f6a3f66f4902415fb038c01a3d08d4e3"}}'
2026-05-06 00:49:11,530 124029 INFO     [tempest.lib.common.rest_client] Request (VolumeQuotasAdminTestJSON:_run_cleanups): 200 GET http://10.132.44.209/volume/v3/volumes/193cb741-77d5-4a7d-bc39-eb8b27632612 0.036s
2026-05-06 00:49:11,531 124029 DEBUG    [tempest.lib.common.rest_client] Request - Headers: {'Content-Type': 'application/json', 'Accept': 'application/json', 'X-Auth-Token': '<omitted>'}
        Body: None
    Response - Headers: {'date': 'Wed, 06 May 2026 00:49:11 GMT', 'server': 'Apache/2.4.58 (Ubuntu)', 'content-type': 'application/json', 'x-compute-request-id': 'req-73f0e78d-8099-40ff-ae1b-992a228604d4', 'content-length':
     '849', 'openstack-api-version': 'volume 3.0', 'vary': 'OpenStack-API-Version', 'x-openstack-request-id': 'req-73f0e78d-8099-40ff-ae1b-992a228604d4', 'connection': 'close', 'status': '200', 'content-location': 'http://10.132.44.209/volume/v3/volumes/193cb741-77d5-4a7d-bc39-eb8b27632612'}
        Body: b'{"volume": {"id": "193cb741-77d5-4a7d-bc39-eb8b27632612", "status": "error", "size": 1, "availability_zone": "nova", "created_at": "2026-05-06T00:49:10.000000", "updated_at": "2026-05-06T00:49:10.000000", "name": "tempest-VolumeQuotasAdminTestJSON-Volume-1260592657", "description": null, "volume_type": "arcusfc1", "snapshot_id": null, "source_volid": null, "metadata": {}, "links": [{"rel": "self", "href": "http://10.132.44.209/volume/v3/volumes/193cb741-77d5-4a7d-bc39-eb8b27632612"}, {"rel": "bookmark", "href": "http://10.132.44.209/volume/volumes/193cb741-77d5-4a7d-bc39-eb8b27632612"}], "user_id": "e1a97ad9e64d45198b0be0d191d1f9f3", "bootable": "false", "encrypted": false, "replication_status": null, "consistencygroup_id": null, "multiattach": false, "attachments": [], "os-vol-tenant-attr:tenant_id": "f6a3f66f4902415fb038c01a3d08d4e3"}}'
2026-05-06 00:49:11,645 124029 INFO     [tempest.lib.common.rest_client] Request (VolumeQuotasAdminTestJSON:_run_cleanups): 202 DELETE http://10.132.44.209/volume/v3/volumes/193cb741-77d5-4a7d-bc39-eb8b27632612 0.097s
2026-05-06 00:49:11,645 124029 DEBUG    [tempest.lib.common.rest_client] Request - Headers: {'Content-Type': 'application/json', 'Accept': 'application/json', 'X-Auth-Token': '<omitted>'}
        Body: None
    Response - Headers: {'date': 'Wed, 06 May 2026 00:49:11 GMT', 'server': 'Apache/2.4.58 (Ubuntu)', 'content-length': '0', 'content-type': 'text/html; charset=UTF-8', 'openstack-api-version': 'volume 3.0', 'vary': 'OpenStack-API-Version', 'x-openstack-request-id': 'req-2984eb19-6b6f-4b9b-a35d-4abc64dddd0a', 'connection': 'close', 'status': '202', 'content-location': 'http://10.132.44.209/volume/v3/volumes/193cb741-77d5-4a7d-bc39-eb8b27632612'}
        Body: b''
2026-05-06 00:49:11,661 124029 INFO     [tempest.lib.common.rest_client] Request (VolumeQuotasAdminTestJSON:_run_cleanups): 404 GET http://10.132.44.209/volume/v3/volumes/193cb741-77d5-4a7d-bc39-eb8b27632612 0.016s
2026-05-06 00:49:11,662 124029 DEBUG    [tempest.lib.common.rest_client] Request - Headers: {'Content-Type': 'application/json', 'Accept': 'application/json', 'X-Auth-Token': '<omitted>'}
        Body: None
    Response - Headers: {'date': 'Wed, 06 May 2026 00:49:11 GMT', 'server': 'Apache/2.4.58 (Ubuntu)', 'openstack-api-version': 'volume 3.0', 'vary': 'OpenStack-API-Version', 'content-length': '109', 'content-type': 'application/json', 'x-compute-request-id': 'req-e075b387-22d5-4a43-a4d1-0404a536e6a9', 'x-openstack-request-id': 'req-e075b387-22d5-4a43-a4d1-0404a536e6a9', 'connection': 'close', 'status': '404', 'content-location': 'http://10.132.44.209/volume/v3/volumes/193cb741-77d5-4a7d-bc39-eb8b27632612'}
        Body: b'{"itemNotFound": {"code": 404, "message": "Volume 193cb741-77d5-4a7d-bc39-eb8b27632612 could not be found."}}'


tempest.api.volume.admin.test_volume_quotas.VolumeQuotasAdminTestJSON.test_quota_usage_after_volume_transfer[id-8911036f-9d54-4720-80cc-a1c9796a8805]
-----------------------------------------------------------------------------------------------------------------------------------------------------

Captured traceback:
~~~~~~~~~~~~~~~~~~~
    Traceback (most recent call last):

      File "/opt/stack/tempest/tempest/api/volume/admin/test_volume_quotas.py", line 141, in test_quota_usage_after_volume_transfer
    volume = self.create_volume()
             ^^^^^^^^^^^^^^^^^^^^

      File "/opt/stack/tempest/tempest/api/volume/base.py", line 144, in create_volume
    waiters.wait_for_volume_resource_status(self.volumes_client,

      File "/opt/stack/tempest/tempest/common/waiters.py", line 379, in wait_for_volume_resource_status
    raise exceptions.VolumeResourceBuildErrorException(

    tempest.exceptions.VolumeResourceBuildErrorException: volume 97ec193f-4d36-4c62-9d59-0ea5403ffa3e failed to build and is in ERROR status


Captured pythonlogging:
~~~~~~~~~~~~~~~~~~~~~~~
    2026-05-06 00:49:11,866 124029 INFO     [tempest.lib.common.rest_client] Request (VolumeQuotasAdminTestJSON:test_quota_usage_after_volume_transfer): 202 POST http://10.132.44.209/volume/v3/volumes 0.201s
2026-05-06 00:49:11,867 124029 DEBUG    [tempest.lib.common.rest_client] Request - Headers: {'Content-Type': 'application/json', 'Accept': 'application/json', 'X-Auth-Token': '<omitted>'}
        Body: {"volume": {"size": 1, "name": "tempest-VolumeQuotasAdminTestJSON-Volume-203043288"}}
    Response - Headers: {'date': 'Wed, 06 May 2026 00:49:11 GMT', 'server': 'Apache/2.4.58 (Ubuntu)', 'content-type': 'application/json', 'x-compute-request-id': 'req-4762a94e-e849-4634-852e-511a475a50cb', 'content-length': '759', 'openstack-api-version': 'volume 3.0', 'vary': 'OpenStack-API-Version', 'x-openstack-request-id': 'req-4762a94e-e849-4634-852e-511a475a50cb', 'connection': 'close', 'status': '202', 'content-location': 'http://10.132.44.209/volume/v3/volumes'}
        Body: b'{"volume": {"id": "97ec193f-4d36-4c62-9d59-0ea5403ffa3e", "status": "creating", "size": 1, "availability_zone": "nova", "created_at": "2026-05-06T00:49:11.789850", "updated_at": null, "name": "tempest-VolumeQuotasAdminTestJSON-Volume-203043288", "description": null, "volume_type": "arcusfc1", "snapshot_id": null, "source_volid": null, "metadata": {}, "links": [{"rel": "self", "href": "http://10.132.44.209/volume/v3/volumes/97ec193f-4d36-4c62-9d59-0ea5403ffa3e"}, {"rel": "bookmark", "href": "http://10.132.44.209/volume/volumes/97ec193f-4d36-4c62-9d59-0ea5403ffa3e"}], "user_id": "e1a97ad9e64d45198b0be0d191d1f9f3", "bootable": "false", "encrypted": false, "replication_status": null, "consistencygroup_id": null, "multiattach": false, "attachments": []}}'
2026-05-06 00:49:11,919 124029 INFO     [tempest.lib.common.rest_client] Request (VolumeQuotasAdminTestJSON:test_quota_usage_after_volume_transfer): 200 GET http://10.132.44.209/volume/v3/volumes/97ec193f-4d36-4c62-9d59-0ea5403ffa3e 0.041s
2026-05-06 00:49:11,920 124029 DEBUG    [tempest.lib.common.rest_client] Request - Headers: {'Content-Type': 'application/json', 'Accept': 'application/json', 'X-Auth-Token': '<omitted>'}
        Body: None
    Response - Headers: {'date': 'Wed, 06 May 2026 00:49:11 GMT', 'server': 'Apache/2.4.58 (Ubuntu)', 'content-type': 'application/json', 'x-compute-request-id': 'req-2925ff3f-452e-4171-a9e2-051cd950e5bc', 'content-length': '827', 'openstack-api-version': 'volume 3.0', 'vary': 'OpenStack-API-Version', 'x-openstack-request-id': 'req-2925ff3f-452e-4171-a9e2-051cd950e5bc', 'connection': 'close', 'status': '200', 'content-location': 'http://10.132.44.209/volume/v3/volumes/97ec193f-4d36-4c62-9d59-0ea5403ffa3e'}
        Body: b'{"volume": {"id": "97ec193f-4d36-4c62-9d59-0ea5403ffa3e", "status": "creating", "size": 1, "availability_zone": "nova", "created_at": "2026-05-06T00:49:12.000000", "updated_at": null, "name": "tempest-VolumeQuotasAdminTestJSON-Volume-203043288", "description": null, "volume_type": "arcusfc1", "snapshot_id": null, "source_volid": null, "metadata": {}, "links": [{"rel": "self", "href": "http://10.132.44.209/volume/v3/volumes/97ec193f-4d36-4c62-9d59-0ea5403ffa3e"}, {"rel": "bookmark", "href": "http://10.132.44.209/volume/volumes/97ec193f-4d36-4c62-9d59-0ea5403ffa3e"}], "user_id": "e1a97ad9e64d45198b0be0d191d1f9f3", "bootable": "false", "encrypted": false, "replication_status": null, "consistencygroup_id": null, "multiattach": false, "attachments": [], "os-vol-tenant-attr:tenant_id": "f6a3f66f4902415fb038c01a3d08d4e3"}}'
2026-05-06 00:49:12,970 124029 INFO     [tempest.lib.common.rest_client] Request (VolumeQuotasAdminTestJSON:test_quota_usage_after_volume_transfer): 200 GET http://10.132.44.209/volume/v3/volumes/97ec193f-4d36-4c62-9d59-0ea5403ffa3e 0.041s
2026-05-06 00:49:12,970 124029 DEBUG    [tempest.lib.common.rest_client] Request - Headers: {'Content-Type': 'application/json', 'Accept': 'application/json', 'X-Auth-Token': '<omitted>'}
        Body: None
    Response - Headers: {'date': 'Wed, 06 May 2026 00:49:12 GMT', 'server': 'Apache/2.4.58 (Ubuntu)',
     'content-type': 'application/json', 'x-compute-request-id': 'req-9c4271f0-80e9-428f-8f66-b06027656e58', 'content-length': '848', 'openstack-api-version': 'volume 3.0', 'vary': 'OpenStack-API-Version', 'x-openstack-request-id': 'req-9c4271f0-80e9-428f-8f66-b06027656e58', 'connection': 'close', 'status': '200', 'content-location': 'http://10.132.44.209/volume/v3/volumes/97ec193f-4d36-4c62-9d59-0ea5403ffa3e'}
        Body: b'{"volume": {"id": "97ec193f-4d36-4c62-9d59-0ea5403ffa3e", "status": "error", "size": 1, "availability_zone": "nova", "created_at": "2026-05-06T00:49:12.000000", "updated_at": "2026-05-06T00:49:12.000000", "name": "tempest-VolumeQuotasAdminTestJSON-Volume-203043288", "description": null, "volume_type": "arcusfc1", "snapshot_id": null, "source_volid": null, "metadata": {}, "links": [{"rel": "self", "href": "http://10.132.44.209/volume/v3/volumes/97ec193f-4d36-4c62-9d59-0ea5403ffa3e"}, {"rel": "bookmark", "href": "http://10.132.44.209/volume/volumes/97ec193f-4d36-4c62-9d59-0ea5403ffa3e"}], "user_id": "e1a97ad9e64d45198b0be0d191d1f9f3", "bootable": "false", "encrypted": false, "replication_status": null, "consistencygroup_id": null, "multiattach": false, "attachments": [], "os-vol-tenant-attr:tenant_id": "f6a3f66f4902415fb038c01a3d08d4e3"}}'
2026-05-06 00:49:13,011 124029 INFO     [tempest.lib.common.rest_client] Request (VolumeQuotasAdminTestJSON:_run_cleanups): 200 GET http://10.132.44.209/volume/v3/volumes/97ec193f-4d36-4c62-9d59-0ea5403ffa3e 0.030s
2026-05-06 00:49:13,012 124029 DEBUG    [tempest.lib.common.rest_client] Request - Headers: {'Content-Type': 'application/json', 'Accept': 'application/json', 'X-Auth-Token': '<omitted>'}
        Body: None
    Response - Headers: {'date': 'Wed, 06 May 2026 00:49:12 GMT', 'server': 'Apache/2.4.58 (Ubuntu)', 'content-type': 'application/json', 'x-compute-request-id': 'req-701461c7-ca8f-4c28-8b48-7a6965813cdb', 'content-length': '848', 'openstack-api-version': 'volume 3.0', 'vary': 'OpenStack-API-Version', 'x-openstack-request-id': 'req-701461c7-ca8f-4c28-8b48-7a6965813cdb', 'connection': 'close', 'status': '200', 'content-location': 'http://10.132.44.209/volume/v3/volumes/97ec193f-4d36-4c62-9d59-0ea5403ffa3e'}
        Body: b'{"volume": {"id": "97ec193f-4d36-4c62-9d59-0ea5403ffa3e", "status": "error", "size": 1, "availability_zone": "nova", "created_at": "2026-05-06T00:49:12.000000", "updated_at": "2026-05-06T00:49:12.000000", "name": "tempest-VolumeQuotasAdminTestJSON-Volume-203043288", "description": null, "volume_type": "arcusfc1", "snapshot_id": null, "source_volid": null, "metadata": {}, "links": [{"rel": "self", "href": "http://10.132.44.209/volume/v3/volumes/97ec193f-4d36-4c62-9d59-0ea5403ffa3e"}, {"rel": "bookmark", "href": "http://10.132.44.209/volume/volumes/97ec193f-4d36-4c62-9d59-0ea5403ffa3e"}], "user_id": "e1a97ad9e64d45198b0be0d191d1f9f3", "bootable": "false", "encrypted": false, "replication_status": null, "consistencygroup_id": null, "multiattach": false, "attachments": [], "os-vol-tenant-attr:tenant_id": "f6a3f66f4902415fb038c01a3d08d4e3"}}'
2026-05-06 00:49:13,108 124029 INFO     [tempest.lib.common.rest_client] Request (VolumeQuotasAdminTestJSON:_run_cleanups): 202 DELETE http://10.132.44.209/volume/v3/volumes/97ec193f-4d36-4c62-9d59-0ea5403ffa3e 0.090s
2026-05-06 00:49:13,108 124029 DEBUG    [tempest.lib.common.rest_client] Request - Headers: {'Content-Type': 'application/json', 'Accept': 'application/json', 'X-Auth-Token': '<omitted>'}
        Body: None
    Response - Headers: {'date': 'Wed, 06 May 2026 00:49:13 GMT', 'server': 'Apache/2.4.58 (Ubuntu)', 'content-length': '0', 'content-type': 'text/html; charset=UTF-8', 'openstack-api-version': 'volume 3.0', 'vary': 'OpenStack-API-Version', 'x-openstack-request-id': 'req-2d62bad0-2c80-4346-94f8-27f23dec36f0', 'connection': 'close', 'status': '202', 'content-location': 'http://10.132.44.209/volume/v3/volumes/97ec193f-4d36-4c62-9d59-0ea5403ffa3e'}
        Body: b''
2026-05-06 00:49:13,124 124029 INFO     [tempest.lib.common.rest_client] Request (VolumeQuotasAdminTestJSON:_run_cleanups): 40
    4 GET http://10.132.44.209/volume/v3/volumes/97ec193f-4d36-4c62-9d59-0ea5403ffa3e 0.015s
2026-05-06 00:49:13,124 124029 DEBUG    [tempest.lib.common.rest_client] Request - Headers: {'Content-Type': 'application/json', 'Accept': 'application/json', 'X-Auth-Token': '<omitted>'}
        Body: None
    Response - Headers: {'date': 'Wed, 06 May 2026 00:49:13 GMT', 'server': 'Apache/2.4.58 (Ubuntu)', 'openstack-api-version': 'volume 3.0', 'vary': 'OpenStack-API-Version', 'content-length': '109', 'content-type': 'application/json', 'x-compute-request-id': 'req-84831027-db23-4245-8b5f-91db1b96ac60', 'x-openstack-request-id': 'req-84831027-db23-4245-8b5f-91db1b96ac60', 'connection': 'close', 'status': '404', 'content-location': 'http://10.132.44.209/volume/v3/volumes/97ec193f-4d36-4c62-9d59-0ea5403ffa3e'}
        Body: b'{"itemNotFound": {"code": 404, "message": "Volume 97ec193f-4d36-4c62-9d59-0ea5403ffa3e could not be found."}}'


setUpClass (tempest.api.volume.admin.test_volume_quotas_negative.VolumeQuotasNegativeTestJSON)
----------------------------------------------------------------------------------------------

Captured traceback:
~~~~~~~~~~~~~~~~~~~
    Traceback (most recent call last):

      File "/opt/stack/tempest/tempest/test.py", line 185, in setUpClass
    raise value.with_traceback(trace)

      File "/opt/stack/tempest/tempest/test.py", line 178, in setUpClass
    cls.resource_setup()

      File "/opt/stack/tempest/tempest/api/volume/admin/test_volume_quotas_negative.py", line 51, in resource_setup
    cls.volume = cls.create_volume()
                 ^^^^^^^^^^^^^^^^^^^

      File "/opt/stack/tempest/tempest/api/volume/base.py", line 144, in create_volume
    waiters.wait_for_volume_resource_status(self.volumes_client,

      File "/opt/stack/tempest/tempest/common/waiters.py", line 379, in wait_for_volume_resource_status
    raise exceptions.VolumeResourceBuildErrorException(

    tempest.exceptions.VolumeResourceBuildErrorException: volume b6b0920e-518a-453d-86cf-c2bb03ac8397 failed to build and is in ERROR status


tempest.api.volume.admin.test_volume_retype.VolumeRetypeMultiattachTest.test_volume_retype_multiattach[id-c0521465-ed82-4d03-961d-a68d673a5051]
-----------------------------------------------------------------------------------------------------------------------------------------------

Captured traceback:
~~~~~~~~~~~~~~~~~~~
    Traceback (most recent call last):

      File "/opt/stack/tempest/tempest/api/volume/admin/test_volume_retype.py", line 247, in test_volume_retype_multiattach
    vol = self.create_volume(volume_type=self.src_vol_type['name'])
          ^^^^^^^^^^^^^^^^^^^^^^^^^^^^^^^^^^^^^^^^^^^^^^^^^^^^^^^^^

      File "/opt/stack/tempest/tempest/api/volume/base.py", line 144, in create_volume
    waiters.wait_for_volume_resource_status(self.volumes_client,

      File "/opt/stack/tempest/tempest/common/waiters.py", line 379, in wait_for_volume_resource_status
    raise exceptions.VolumeResourceBuildErrorException(

    tempest.exceptions.VolumeResourceBuildErrorException: volume 4faa73f9-b24c-4754-9475-69be4c475190 failed to build and is in ERROR status


Captured pythonlogging:
~~~~~~~~~~~~~~~~~~~~~~~
    2026-05-06 00:49:22,115 124029 INFO     [tempest.lib.common.rest_client] Request (VolumeRetypeMultiattachTest:test_volume_retype_multiattach): 202 POST http://10.132.44.209/volume/v3/volumes 0.301s
2026-05-06 00:49:22,116 124029 DEBUG    [tempest.lib.common.rest_client] Request - Headers: {'Content-Type': 'application/json', 'Accept': 'application/json', 'Openstack-Api-Version': 'volume 3.50', 'X-Auth-Token': '<omitted>'}
        Body: {"volume": {"volume_type": "tempest-VolumeRetypeMultiattachTest-volume-type-1463048720", "size": 1, "name": "tempest-VolumeRetypeMultiattachTest-Volume-1457352681"}}
    Response - Headers: {'date': 'Wed, 06 May 2026 00:49:21 GMT', 'server': 'Apache/2.4.58 (Ubuntu)', 'content-type': 'application/json', 'x-compute-request-id': 'req-477f0833-ecad-4fd7-94bd-ffb2e5d8f8a0', 'content-length': '876', 'openstack-api-version': 'volume 3.50', 'vary': 'OpenStack-API-Version', 'x-openstack-request-id': 'req-477f0833-ecad-4fd7-94bd-ffb2e5d8f8a0', 'connection': 'close', 'status': '202', 'content-location': 'http://10.132.44.209/volume/v3/volumes'}
        Body: b'{"volume": {"id": "4faa73f9-b24c-4754-9475-69be4c475190", "status": "creating", "size": 1, "availability_zone": "nova", "created_at": "2026-05-06T00:49:22.042002", "updated_at": null, "name": "tempest-VolumeRetypeMultiattachTest-Volume-1457352681", "description": null, "volume_type": "tempest-VolumeRetypeMultiattachTest-volume-type-1463048720", "snapshot_id": null, "source_volid": null, "metadata": {}, "links": [{"rel": "self", "href": "http://10.132.44.209/volume/v3/volumes/4faa73f9-b24c-4754-9475-69be4c475190"}, {"rel": "bookmark", "href": "http://10.132.44.209/volume/volumes/4faa73f9-b24c-4754-9475-69be4c475190"}], "user_id": "7de758c808f940c5b703574c03df5d0b", "bootable": "false", "encrypted": false, "replication_status": null, "consistencygroup_id": null, "multiattach": false, "attachments": [], "group_id": null, "shared_targets": true, "service_uuid": null}}'
2026-05-06 00:49:22,169 124029 INFO     [tempest.lib.common.rest_client] Request (VolumeRetypeMultiattachTest:test_volume_retype_multiattach): 200 GET http://10.132.44.209/volume/v3/volumes/4faa73f9-b24c-4754-9475-69be4c475190 0.040s
2026-05-06 00:49:22,169 124029 DEBUG    [tempest.lib.common.rest_client] Request - Headers: {'Content-Type': 'application/json', 'Accept': 'application/json', 'Openstack-Api-Version': 'volume 3.50', 'X-Auth-Token': '<omitted>'}
        Body: None
    Response - Headers: {'date': 'Wed, 06 May 2026 00:49:22 GMT', 'server': 'Apache/2.4.58 (Ubuntu)', 'content-type': 'application/json', 'x-compute-request-id': 'req-7daa60e5-2ec8-4f07-8160-f972fcc6e2a3', 'content-length': '944', 'openstack-api-version': 'volume 3.50', 'vary': 'OpenStack-API-Version', 'x-openstack-request-id': 'req-7daa60e5-2ec8-4f07-8160-f972fcc6e2a3', 'connection': 'close', 'status': '200', 'content-location': 'http://10.132.44.209/volume/v3/volumes/4faa73f9-b24c-4754-9475-69be4c475190'}
        Body: b'{"volume": {"id": "4faa73f9-b24c-4754-9475-69be4c475190", "status": "creating", "size": 1, "availability_zone": "nova", "created_at": "2026-05-06T00:49:22.000000", "updated_at": null, "name": "tempest-VolumeRetypeMultiattachTest-Volume-1457352681", "description": null, "volume_type": "tempest-VolumeRetypeMultiattachTest-volume-type-1463048720", "snapshot_id": null, "source_volid": null, "metadata": {}, "links": [{"rel": "self", "href": "http://10.132.44.209/volume/v3/volumes/4faa73f9-b24c-4754-9475-69be4c475190"}, {"rel": "bookmark", "href": "http://10.132.44.209/volume/volumes/4faa73f9-b24c-4754-9475-69be4c475190"}], "user_id": "7de758c808f940c5b703574c03df5d0b", "bootable": "false", "encrypted": false, "replication_status": null, "consistencygroup_id": null, "multiattach": false, "attachments": [], "group_id": null, "shared_targets": true, "service_uuid": null, "os-vol-tenant-attr:tenant_id": "37a85d1373af4873888e4d916e877382"}}'
2026-05-06 00:49:23,221 124029 INFO     [tempest.lib.common.rest_client] Request (VolumeRetypeMultiattachTest:test_volume_retype_multiattach): 200 GET http://10.132
    .44.209/volume/v3/volumes/4faa73f9-b24c-4754-9475-69be4c475190 0.043s
2026-05-06 00:49:23,222 124029 DEBUG    [tempest.lib.common.rest_client] Request - Headers: {'Content-Type': 'application/json', 'Accept': 'application/json', 'Openstack-Api-Version': 'volume 3.50', 'X-Auth-Token': '<omitted>'}
        Body: None
    Response - Headers: {'date': 'Wed, 06 May 2026 00:49:23 GMT', 'server': 'Apache/2.4.58 (Ubuntu)', 'content-type': 'application/json', 'x-compute-request-id': 'req-c3964028-76f4-4ed1-92ed-04314070763a', 'content-length': '965', 'openstack-api-version': 'volume 3.50', 'vary': 'OpenStack-API-Version', 'x-openstack-request-id': 'req-c3964028-76f4-4ed1-92ed-04314070763a', 'connection': 'close', 'status': '200', 'content-location': 'http://10.132.44.209/volume/v3/volumes/4faa73f9-b24c-4754-9475-69be4c475190'}
        Body: b'{"volume": {"id": "4faa73f9-b24c-4754-9475-69be4c475190", "status": "error", "size": 1, "availability_zone": "nova", "created_at": "2026-05-06T00:49:22.000000", "updated_at": "2026-05-06T00:49:22.000000", "name": "tempest-VolumeRetypeMultiattachTest-Volume-1457352681", "description": null, "volume_type": "tempest-VolumeRetypeMultiattachTest-volume-type-1463048720", "snapshot_id": null, "source_volid": null, "metadata": {}, "links": [{"rel": "self", "href": "http://10.132.44.209/volume/v3/volumes/4faa73f9-b24c-4754-9475-69be4c475190"}, {"rel": "bookmark", "href": "http://10.132.44.209/volume/volumes/4faa73f9-b24c-4754-9475-69be4c475190"}], "user_id": "7de758c808f940c5b703574c03df5d0b", "bootable": "false", "encrypted": false, "replication_status": null, "consistencygroup_id": null, "multiattach": false, "attachments": [], "group_id": null, "shared_targets": true, "service_uuid": null, "os-vol-tenant-attr:tenant_id": "37a85d1373af4873888e4d916e877382"}}'
2026-05-06 00:49:23,269 124029 INFO     [tempest.lib.common.rest_client] Request (VolumeRetypeMultiattachTest:_run_cleanups): 200 GET http://10.132.44.209/volume/v3/volumes/4faa73f9-b24c-4754-9475-69be4c475190 0.029s
2026-05-06 00:49:23,269 124029 DEBUG    [tempest.lib.common.rest_client] Request - Headers: {'Content-Type': 'application/json', 'Accept': 'application/json', 'Openstack-Api-Version': 'volume 3.50', 'X-Auth-Token': '<omitted>'}
        Body: None
    Response - Headers: {'date': 'Wed, 06 May 2026 00:49:23 GMT', 'server': 'Apache/2.4.58 (Ubuntu)', 'content-type': 'application/json', 'x-compute-request-id': 'req-c04e3c8b-975e-4152-9da0-09fa61566636', 'content-length': '965', 'openstack-api-version': 'volume 3.50', 'vary': 'OpenStack-API-Version', 'x-openstack-request-id': 'req-c04e3c8b-975e-4152-9da0-09fa61566636', 'connection': 'close', 'status': '200', 'content-location': 'http://10.132.44.209/volume/v3/volumes/4faa73f9-b24c-4754-9475-69be4c475190'}
        Body: b'{"volume": {"id": "4faa73f9-b24c-4754-9475-69be4c475190", "status": "error", "size": 1, "availability_zone": "nova", "created_at": "2026-05-06T00:49:22.000000", "updated_at": "2026-05-06T00:49:22.000000", "name": "tempest-VolumeRetypeMultiattachTest-Volume-1457352681", "description": null, "volume_type": "tempest-VolumeRetypeMultiattachTest-volume-type-1463048720", "snapshot_id": null, "source_volid": null, "metadata": {}, "links": [{"rel": "self", "href": "http://10.132.44.209/volume/v3/volumes/4faa73f9-b24c-4754-9475-69be4c475190"}, {"rel": "bookmark", "href": "http://10.132.44.209/volume/volumes/4faa73f9-b24c-4754-9475-69be4c475190"}], "user_id": "7de758c808f940c5b703574c03df5d0b", "bootable": "false", "encrypted": false, "replication_status": null, "consistencygroup_id": null, "multiattach": false, "attachments": [], "group_id": null, "shared_targets": true, "service_uuid": null, "os-vol-tenant-attr:tenant_id": "37a85d1373af4873888e4d916e877382"}}'
2026-05-06 00:49:23,367 124029 INFO     [tempest.lib.common.rest_client] Request (VolumeRetypeMultiattachTest:_run_cleanups): 202 DELETE http://10.132.44.209/volume/v3/volumes/4faa73f9-b24c-4754-9475-69be4c475190 0.088s
2026-05-06 00:49:23,368 124029 DEBUG    [tempest.lib.common.rest_client] Request - Headers: {'Content-T
    ype': 'application/json', 'Accept': 'application/json', 'Openstack-Api-Version': 'volume 3.50', 'X-Auth-Token': '<omitted>'}
        Body: None
    Response - Headers: {'date': 'Wed, 06 May 2026 00:49:23 GMT', 'server': 'Apache/2.4.58 (Ubuntu)', 'content-length': '0', 'content-type': 'text/html; charset=UTF-8', 'openstack-api-version': 'volume 3.50', 'vary': 'OpenStack-API-Version', 'x-openstack-request-id': 'req-f7d4bb39-7540-4fb7-9c7d-6c4dbbed7c7a', 'connection': 'close', 'status': '202', 'content-location': 'http://10.132.44.209/volume/v3/volumes/4faa73f9-b24c-4754-9475-69be4c475190'}
        Body: b''
2026-05-06 00:49:23,386 124029 INFO     [tempest.lib.common.rest_client] Request (VolumeRetypeMultiattachTest:_run_cleanups): 404 GET http://10.132.44.209/volume/v3/volumes/4faa73f9-b24c-4754-9475-69be4c475190 0.018s
2026-05-06 00:49:23,387 124029 DEBUG    [tempest.lib.common.rest_client] Request - Headers: {'Content-Type': 'application/json', 'Accept': 'application/json', 'Openstack-Api-Version': 'volume 3.50', 'X-Auth-Token': '<omitted>'}
        Body: None
    Response - Headers: {'date': 'Wed, 06 May 2026 00:49:23 GMT', 'server': 'Apache/2.4.58 (Ubuntu)', 'openstack-api-version': 'volume 3.50', 'vary': 'OpenStack-API-Version', 'content-length': '109', 'content-type': 'application/json', 'x-compute-request-id': 'req-d380d205-0ede-4062-a8ca-ac3ff8b61c6e', 'x-openstack-request-id': 'req-d380d205-0ede-4062-a8ca-ac3ff8b61c6e', 'connection': 'close', 'status': '404', 'content-location': 'http://10.132.44.209/volume/v3/volumes/4faa73f9-b24c-4754-9475-69be4c475190'}
        Body: b'{"itemNotFound": {"code": 404, "message": "Volume 4faa73f9-b24c-4754-9475-69be4c475190 could not be found."}}'


tempest.api.volume.admin.test_volume_retype.VolumeRetypeWithoutMigrationTest.test_available_volume_retype[id-b90412ee-465d-46e9-b249-ec84a47d5f25]
--------------------------------------------------------------------------------------------------------------------------------------------------

Captured traceback:
~~~~~~~~~~~~~~~~~~~
    Traceback (most recent call last):

      File "/opt/stack/tempest/tempest/api/volume/admin/test_volume_retype.py", line 203, in test_available_volume_retype
    src_vol = self.create_volume(volume_type=self.src_vol_type['name'])
              ^^^^^^^^^^^^^^^^^^^^^^^^^^^^^^^^^^^^^^^^^^^^^^^^^^^^^^^^^

      File "/opt/stack/tempest/tempest/api/volume/base.py", line 144, in create_volume
    waiters.wait_for_volume_resource_status(self.volumes_client,

      File "/opt/stack/tempest/tempest/common/waiters.py", line 379, in wait_for_volume_resource_status
    raise exceptions.VolumeResourceBuildErrorException(

    tempest.exceptions.VolumeResourceBuildErrorException: volume ae34bdef-3259-44ab-adfc-2ae6980ca066 failed to build and is in ERROR status


Captured pythonlogging:
~~~~~~~~~~~~~~~~~~~~~~~
    2026-05-06 00:49:26,576 124029 INFO     [tempest.lib.common.rest_client] Request (VolumeRetypeWithoutMigrationTest:test_available_volume_retype): 202 POST http://10.132.44.209/volume/v3/volumes 0.266s
2026-05-06 00:49:26,577 124029 DEBUG    [tempest.lib.common.rest_client] Request - Headers: {'Content-Type': 'application/json', 'Accept': 'application/json', 'X-Auth-Token': '<omitted>'}
        Body: {"volume": {"volume_type": "volume-type-1", "size": 1, "name": "tempest-VolumeRetypeWithoutMigrationTest-Volume-1111866286"}}
    Response - Headers: {'date': 'Wed, 06 May 2026 00:49:26 GMT', 'server': 'Apache/2.4.58 (Ubuntu)', 'content-type': 'application/json', 'x-compute-request-id': 'req-2e52035f-20cd-4001-b764-6536207815d3', 'content-length': '772', 'openstack-api-version': 'volume 3.0', 'vary': 'OpenStack-API-Version', 'x-openstack-request-id': 'req-2e52035f-20cd-4001-b764-6536207815d3', 'connection': 'close', 'status': '202', 'content-location': 'http://10.132.44.209/volume/v3/volumes'}
        Body: b'{"volume": {"id": "ae34bdef-3259-44ab-adfc-2ae6980ca066", "status": "creating", "size": 1, "availability_zone": "nova", "created_at": "2026-05-06T00:49:26.516859", "updated_at": null, "name": "tempest-VolumeRetypeWithoutMigrationTest-Volume-1111866286", "description": null, "volume_type": "volume-type-1", "snapshot_id": null, "source_volid": null, "metadata": {}, "links": [{"rel": "self", "href": "http://10.132.44.209/volume/v3/volumes/ae34bdef-3259-44ab-adfc-2ae6980ca066"}, {"rel": "bookmark", "href": "http://10.132.44.209/volume/volumes/ae34bdef-3259-44ab-adfc-2ae6980ca066"}], "user_id": "fc218a4f76af4fa2b32414c882af2bf8", "bootable": "false", "encrypted": false, "replication_status": null, "consistencygroup_id": null, "multiattach": false, "attachments": []}}'
2026-05-06 00:49:26,622 124029 INFO     [tempest.lib.common.rest_client] Request (VolumeRetypeWithoutMigrationTest:test_available_volume_retype): 200 GET http://10.132.44.209/volume/v3/volumes/ae34bdef-3259-44ab-adfc-2ae6980ca066 0.039s
2026-05-06 00:49:26,623 124029 DEBUG    [tempest.lib.common.rest_client] Request - Headers: {'Content-Type': 'application/json', 'Accept': 'application/json', 'X-Auth-Token': '<omitted>'}
        Body: None
    Response - Headers: {'date': 'Wed, 06 May 2026 00:49:26 GMT', 'server': 'Apache/2.4.58 (Ubuntu)', 'content-type': 'application/json', 'x-compute-request-id': 'req-d9f1950b-c327-4fd0-aec8-6bedc294abf3', 'content-length': '840', 'openstack-api-version': 'volume 3.0', 'vary': 'OpenStack-API-Version', 'x-openstack-request-id': 'req-d9f1950b-c327-4fd0-aec8-6bedc294abf3', 'connection': 'close', 'status': '200', 'content-location': 'http://10.132.44.209/volume/v3/volumes/ae34bdef-3259-44ab-adfc-2ae6980ca066'}
        Body: b'{"volume": {"id": "ae34bdef-3259-44ab-adfc-2ae6980ca066", "status": "creating", "size": 1, "availability_zone": "nova", "created_at": "2026-05-06T00:49:27.000000", "updated_at": null, "name": "tempest-VolumeRetypeWithoutMigrationTest-Volume-1111866286", "description": null, "volume_type": "volume-type-1", "snapshot_id": null, "source_volid": null, "metadata": {}, "links": [{"rel": "self", "href": "http://10.132.44.209/volume/v3/volumes/ae34bdef-3259-44ab-adfc-2ae6980ca066"}, {"rel": "bookmark", "href": "http://10.132.44.209/volume/volumes/ae34bdef-3259-44ab-adfc-2ae6980ca066"}], "user_id": "fc218a4f76af4fa2b32414c882af2bf8", "bootable": "false", "encrypted": false, "replication_status": null, "consistencygroup_id": null, "multiattach": false, "attachments": [], "os-vol-tenant-attr:tenant_id": "938a6379f8734256b9c3985ac04cabfe"}}'
2026-05-06 00:49:27,674 124029 INFO     [tempest.lib.common.rest_client] Request (VolumeRetypeWithoutMigrationTest:test_available_volume_retype): 200 GET http://10.132.44.209/volume/v3/volumes/ae34bdef-3259-44ab-adfc-2ae6980ca066 0.040s
2026-05-06 00:49:27,674 124029 DEBUG    [tempest.lib.common.rest_client] Request - Headers: {'Content-Type': 'application/json', 'Accept': 'application/json', 'X-Auth-Token': '<omitted>'}
        Body: None
    Response - Headers: {'date': 'Wed, 06 Ma
    y 2026 00:49:27 GMT', 'server': 'Apache/2.4.58 (Ubuntu)', 'content-type': 'application/json', 'x-compute-request-id': 'req-33c73488-05c3-4077-af50-061b3cee2f41', 'content-length': '861', 'openstack-api-version': 'volume 3.0', 'vary': 'OpenStack-API-Version', 'x-openstack-request-id': 'req-33c73488-05c3-4077-af50-061b3cee2f41', 'connection': 'close', 'status': '200', 'content-location': 'http://10.132.44.209/volume/v3/volumes/ae34bdef-3259-44ab-adfc-2ae6980ca066'}
        Body: b'{"volume": {"id": "ae34bdef-3259-44ab-adfc-2ae6980ca066", "status": "error", "size": 1, "availability_zone": "nova", "created_at": "2026-05-06T00:49:27.000000", "updated_at": "2026-05-06T00:49:27.000000", "name": "tempest-VolumeRetypeWithoutMigrationTest-Volume-1111866286", "description": null, "volume_type": "volume-type-1", "snapshot_id": null, "source_volid": null, "metadata": {}, "links": [{"rel": "self", "href": "http://10.132.44.209/volume/v3/volumes/ae34bdef-3259-44ab-adfc-2ae6980ca066"}, {"rel": "bookmark", "href": "http://10.132.44.209/volume/volumes/ae34bdef-3259-44ab-adfc-2ae6980ca066"}], "user_id": "fc218a4f76af4fa2b32414c882af2bf8", "bootable": "false", "encrypted": false, "replication_status": null, "consistencygroup_id": null, "multiattach": false, "attachments": [], "os-vol-tenant-attr:tenant_id": "938a6379f8734256b9c3985ac04cabfe"}}'
2026-05-06 00:49:27,717 124029 INFO     [tempest.lib.common.rest_client] Request (VolumeRetypeWithoutMigrationTest:_run_cleanups): 200 GET http://10.132.44.209/volume/v3/volumes/ae34bdef-3259-44ab-adfc-2ae6980ca066 0.035s
2026-05-06 00:49:27,717 124029 DEBUG    [tempest.lib.common.rest_client] Request - Headers: {'Content-Type': 'application/json', 'Accept': 'application/json', 'X-Auth-Token': '<omitted>'}
        Body: None
    Response - Headers: {'date': 'Wed, 06 May 2026 00:49:27 GMT', 'server': 'Apache/2.4.58 (Ubuntu)', 'content-type': 'application/json', 'x-compute-request-id': 'req-66ab108b-86a7-4b42-8367-db0fe6004d6d', 'content-length': '861', 'openstack-api-version': 'volume 3.0', 'vary': 'OpenStack-API-Version', 'x-openstack-request-id': 'req-66ab108b-86a7-4b42-8367-db0fe6004d6d', 'connection': 'close', 'status': '200', 'content-location': 'http://10.132.44.209/volume/v3/volumes/ae34bdef-3259-44ab-adfc-2ae6980ca066'}
        Body: b'{"volume": {"id": "ae34bdef-3259-44ab-adfc-2ae6980ca066", "status": "error", "size": 1, "availability_zone": "nova", "created_at": "2026-05-06T00:49:27.000000", "updated_at": "2026-05-06T00:49:27.000000", "name": "tempest-VolumeRetypeWithoutMigrationTest-Volume-1111866286", "description": null, "volume_type": "volume-type-1", "snapshot_id": null, "source_volid": null, "metadata": {}, "links": [{"rel": "self", "href": "http://10.132.44.209/volume/v3/volumes/ae34bdef-3259-44ab-adfc-2ae6980ca066"}, {"rel": "bookmark", "href": "http://10.132.44.209/volume/volumes/ae34bdef-3259-44ab-adfc-2ae6980ca066"}], "user_id": "fc218a4f76af4fa2b32414c882af2bf8", "bootable": "false", "encrypted": false, "replication_status": null, "consistencygroup_id": null, "multiattach": false, "attachments": [], "os-vol-tenant-attr:tenant_id": "938a6379f8734256b9c3985ac04cabfe"}}'
2026-05-06 00:49:27,813 124029 INFO     [tempest.lib.common.rest_client] Request (VolumeRetypeWithoutMigrationTest:_run_cleanups): 202 DELETE http://10.132.44.209/volume/v3/volumes/ae34bdef-3259-44ab-adfc-2ae6980ca066 0.085s
2026-05-06 00:49:27,814 124029 DEBUG    [tempest.lib.common.rest_client] Request - Headers: {'Content-Type': 'application/json', 'Accept': 'application/json', 'X-Auth-Token': '<omitted>'}
        Body: None
    Response - Headers: {'date': 'Wed, 06 May 2026 00:49:27 GMT', 'server': 'Apache/2.4.58 (Ubuntu)', 'content-length': '0', 'content-type': 'text/html; charset=UTF-8', 'openstack-api-version': 'volume 3.0', 'vary': 'OpenStack-API-Version', 'x-openstack-request-id': 'req-191aa650-2a58-40b8-9320-d0524c35e1fc', 'connection': 'close', 'status': '202', 'content-location': 'http://10.132.44.209/volume/v3/volumes/ae34bdef-3259-44ab-adfc-2ae6980ca066'}
        Body: b''
2026-05-06 00:49:27,832 12402
    9 INFO     [tempest.lib.common.rest_client] Request (VolumeRetypeWithoutMigrationTest:_run_cleanups): 404 GET http://10.132.44.209/volume/v3/volumes/ae34bdef-3259-44ab-adfc-2ae6980ca066 0.017s
2026-05-06 00:49:27,832 124029 DEBUG    [tempest.lib.common.rest_client] Request - Headers: {'Content-Type': 'application/json', 'Accept': 'application/json', 'X-Auth-Token': '<omitted>'}
        Body: None
    Response - Headers: {'date': 'Wed, 06 May 2026 00:49:27 GMT', 'server': 'Apache/2.4.58 (Ubuntu)', 'openstack-api-version': 'volume 3.0', 'vary': 'OpenStack-API-Version', 'content-length': '109', 'content-type': 'application/json', 'x-compute-request-id': 'req-389a5fd3-4a5a-49b8-a252-f1cceae2c301', 'x-openstack-request-id': 'req-389a5fd3-4a5a-49b8-a252-f1cceae2c301', 'connection': 'close', 'status': '404', 'content-location': 'http://10.132.44.209/volume/v3/volumes/ae34bdef-3259-44ab-adfc-2ae6980ca066'}
        Body: b'{"itemNotFound": {"code": 404, "message": "Volume ae34bdef-3259-44ab-adfc-2ae6980ca066 could not be found."}}'


tempest.api.volume.admin.test_volume_services.VolumesServicesTestJSON.test_get_service_by_volume_host_name[id-67ec6902-f91d-4dec-91fa-338523208bbc]
---------------------------------------------------------------------------------------------------------------------------------------------------

Captured traceback:
~~~~~~~~~~~~~~~~~~~
    Traceback (most recent call last):

      File "/opt/stack/tempest/tempest/api/volume/admin/test_volume_services.py", line 76, in test_get_service_by_volume_host_name
    volume_id = self.create_volume()['id']
                ^^^^^^^^^^^^^^^^^^^^

      File "/opt/stack/tempest/tempest/api/volume/base.py", line 144, in create_volume
    waiters.wait_for_volume_resource_status(self.volumes_client,

      File "/opt/stack/tempest/tempest/common/waiters.py", line 379, in wait_for_volume_resource_status
    raise exceptions.VolumeResourceBuildErrorException(

    tempest.exceptions.VolumeResourceBuildErrorException: volume 13ec4a88-c733-4c42-97f2-a10ade6a833a failed to build and is in ERROR status


Captured pythonlogging:
~~~~~~~~~~~~~~~~~~~~~~~
    2026-05-06 00:49:31,211 124029 INFO     [tempest.lib.common.rest_client] Request (VolumesServicesTestJSON:test_get_service_by_volume_host_name): 202 POST http://10.132.44.209/volume/v3/volumes 0.325s
2026-05-06 00:49:31,212 124029 DEBUG    [tempest.lib.common.rest_client] Request - Headers: {'Content-Type': 'application/json', 'Accept': 'application/json', 'X-Auth-Token': '<omitted>'}
        Body: {"volume": {"size": 1, "name": "tempest-VolumesServicesTestJSON-Volume-2116947763"}}
    Response - Headers: {'date': 'Wed, 06 May 2026 00:49:30 GMT', 'server': 'Apache/2.4.58 (Ubuntu)', 'content-type': 'application/json', 'x-compute-request-id': 'req-1eba86b8-24dc-4732-a7ee-1c2226c5cb9d', 'content-length': '758', 'openstack-api-version': 'volume 3.0', 'vary': 'OpenStack-API-Version', 'x-openstack-request-id': 'req-1eba86b8-24dc-4732-a7ee-1c2226c5cb9d', 'connection': 'close', 'status': '202', 'content-location': 'http://10.132.44.209/volume/v3/volumes'}
        Body: b'{"volume": {"id": "13ec4a88-c733-4c42-97f2-a10ade6a833a", "status": "creating", "size": 1, "availability_zone": "nova", "created_at": "2026-05-06T00:49:31.125561", "updated_at": null, "name": "tempest-VolumesServicesTestJSON-Volume-2116947763", "description": null, "volume_type": "arcusfc1", "snapshot_id": null, "source_volid": null, "metadata": {}, "links": [{"rel": "self", "href": "http://10.132.44.209/volume/v3/volumes/13ec4a88-c733-4c42-97f2-a10ade6a833a"}, {"rel": "bookmark", "href": "http://10.132.44.209/volume/volumes/13ec4a88-c733-4c42-97f2-a10ade6a833a"}], "user_id": "919e90e3447f4b1f9537eaa5dac3bebb", "bootable": "false", "encrypted": false, "replication_status": null, "consistencygroup_id": null, "multiattach": false, "attachments": []}}'
2026-05-06 00:49:31,265 124029 INFO     [tempest.lib.common.rest_client] Request (VolumesServicesTestJSON:test_get_service_by_volume_host_name): 200 GET http://10.132.44.209/volume/v3/volumes/13ec4a88-c733-4c42-97f2-a10ade6a833a 0.039s
2026-05-06 00:49:31,265 124029 DEBUG    [tempest.lib.common.rest_client] Request - Headers: {'Content-Type': 'application/json', 'Accept': 'application/json', 'X-Auth-Token': '<omitted>'}
        Body: None
    Response - Headers: {'date': 'Wed, 06 May 2026 00:49:31 GMT', 'server': 'Apache/2.4.58 (Ubuntu)', 'content-type': 'application/json', 'x-compute-request-id': 'req-228cebbf-7d41-494a-b613-9586a37ce63c', 'content-length': '826', 'openstack-api-version': 'volume 3.0', 'vary': 'OpenStack-API-Version', 'x-openstack-request-id': 'req-228cebbf-7d41-494a-b613-9586a37ce63c', 'connection': 'close', 'status': '200', 'content-location': 'http://10.132.44.209/volume/v3/volumes/13ec4a88-c733-4c42-97f2-a10ade6a833a'}
        Body: b'{"volume": {"id": "13ec4a88-c733-4c42-97f2-a10ade6a833a", "status": "creating", "size": 1, "availability_zone": "nova", "created_at": "2026-05-06T00:49:31.000000", "updated_at": null, "name": "tempest-VolumesServicesTestJSON-Volume-2116947763", "description": null, "volume_type": "arcusfc1", "snapshot_id": null, "source_volid": null, "metadata": {}, "links": [{"rel": "self", "href": "http://10.132.44.209/volume/v3/volumes/13ec4a88-c733-4c42-97f2-a10ade6a833a"}, {"rel": "bookmark", "href": "http://10.132.44.209/volume/volumes/13ec4a88-c733-4c42-97f2-a10ade6a833a"}], "user_id": "919e90e3447f4b1f9537eaa5dac3bebb", "bootable": "false", "encrypted": false, "replication_status": null, "consistencygroup_id": null, "multiattach": false, "attachments": [], "os-vol-tenant-attr:tenant_id": "2e19ee1396574eedb17adc2bcb7378ed"}}'
2026-05-06 00:49:32,309 124029 INFO     [tempest.lib.common.rest_client] Request (VolumesServicesTestJSON:test_get_service_by_volume_host_name): 200 GET http://10.132.44.209/volume/v3/volumes/13ec4a88-c733-4c42-97f2-a10ade6a833a 0.036s
2026-05-06 00:49:32,309 124029 DEBUG    [tempest.lib.common.rest_client] Request - Headers: {'Content-Type': 'application/json', 'Accept': 'application/json', 'X-Auth-Token': '<omitted>'}
        Body: None
    Response - Headers: {'date': 'Wed, 06 May 2026 00:49:32 GMT', 'server': 'Apache/2.4.58 (Ubuntu)', 'content-type'
    : 'application/json', 'x-compute-request-id': 'req-d25c873f-c62c-4dc6-962e-eada526fed3b', 'content-length': '847', 'openstack-api-version': 'volume 3.0', 'vary': 'OpenStack-API-Version', 'x-openstack-request-id': 'req-d25c873f-c62c-4dc6-962e-eada526fed3b', 'connection': 'close', 'status': '200', 'content-location': 'http://10.132.44.209/volume/v3/volumes/13ec4a88-c733-4c42-97f2-a10ade6a833a'}
        Body: b'{"volume": {"id": "13ec4a88-c733-4c42-97f2-a10ade6a833a", "status": "error", "size": 1, "availability_zone": "nova", "created_at": "2026-05-06T00:49:31.000000", "updated_at": "2026-05-06T00:49:31.000000", "name": "tempest-VolumesServicesTestJSON-Volume-2116947763", "description": null, "volume_type": "arcusfc1", "snapshot_id": null, "source_volid": null, "metadata": {}, "links": [{"rel": "self", "href": "http://10.132.44.209/volume/v3/volumes/13ec4a88-c733-4c42-97f2-a10ade6a833a"}, {"rel": "bookmark", "href": "http://10.132.44.209/volume/volumes/13ec4a88-c733-4c42-97f2-a10ade6a833a"}], "user_id": "919e90e3447f4b1f9537eaa5dac3bebb", "bootable": "false", "encrypted": false, "replication_status": null, "consistencygroup_id": null, "multiattach": false, "attachments": [], "os-vol-tenant-attr:tenant_id": "2e19ee1396574eedb17adc2bcb7378ed"}}'
2026-05-06 00:49:32,351 124029 INFO     [tempest.lib.common.rest_client] Request (VolumesServicesTestJSON:_run_cleanups): 200 GET http://10.132.44.209/volume/v3/volumes/13ec4a88-c733-4c42-97f2-a10ade6a833a 0.029s
2026-05-06 00:49:32,352 124029 DEBUG    [tempest.lib.common.rest_client] Request - Headers: {'Content-Type': 'application/json', 'Accept': 'application/json', 'X-Auth-Token': '<omitted>'}
        Body: None
    Response - Headers: {'date': 'Wed, 06 May 2026 00:49:32 GMT', 'server': 'Apache/2.4.58 (Ubuntu)', 'content-type': 'application/json', 'x-compute-request-id': 'req-deca210f-84ef-4650-a9d2-237b206a9f3a', 'content-length': '847', 'openstack-api-version': 'volume 3.0', 'vary': 'OpenStack-API-Version', 'x-openstack-request-id': 'req-deca210f-84ef-4650-a9d2-237b206a9f3a', 'connection': 'close', 'status': '200', 'content-location': 'http://10.132.44.209/volume/v3/volumes/13ec4a88-c733-4c42-97f2-a10ade6a833a'}
        Body: b'{"volume": {"id": "13ec4a88-c733-4c42-97f2-a10ade6a833a", "status": "error", "size": 1, "availability_zone": "nova", "created_at": "2026-05-06T00:49:31.000000", "updated_at": "2026-05-06T00:49:31.000000", "name": "tempest-VolumesServicesTestJSON-Volume-2116947763", "description": null, "volume_type": "arcusfc1", "snapshot_id": null, "source_volid": null, "metadata": {}, "links": [{"rel": "self", "href": "http://10.132.44.209/volume/v3/volumes/13ec4a88-c733-4c42-97f2-a10ade6a833a"}, {"rel": "bookmark", "href": "http://10.132.44.209/volume/volumes/13ec4a88-c733-4c42-97f2-a10ade6a833a"}], "user_id": "919e90e3447f4b1f9537eaa5dac3bebb", "bootable": "false", "encrypted": false, "replication_status": null, "consistencygroup_id": null, "multiattach": false, "attachments": [], "os-vol-tenant-attr:tenant_id": "2e19ee1396574eedb17adc2bcb7378ed"}}'
2026-05-06 00:49:32,438 124029 INFO     [tempest.lib.common.rest_client] Request (VolumesServicesTestJSON:_run_cleanups): 202 DELETE http://10.132.44.209/volume/v3/volumes/13ec4a88-c733-4c42-97f2-a10ade6a833a 0.079s
2026-05-06 00:49:32,438 124029 DEBUG    [tempest.lib.common.rest_client] Request - Headers: {'Content-Type': 'application/json', 'Accept': 'application/json', 'X-Auth-Token': '<omitted>'}
        Body: None
    Response - Headers: {'date': 'Wed, 06 May 2026 00:49:32 GMT', 'server': 'Apache/2.4.58 (Ubuntu)', 'content-length': '0', 'content-type': 'text/html; charset=UTF-8', 'openstack-api-version': 'volume 3.0', 'vary': 'OpenStack-API-Version', 'x-openstack-request-id': 'req-f18675fc-4f5c-414c-9ccf-438ae5de503b', 'connection': 'close', 'status': '202', 'content-location': 'http://10.132.44.209/volume/v3/volumes/13ec4a88-c733-4c42-97f2-a10ade6a833a'}
        Body: b''
2026-05-06 00:49:32,455 124029 INFO     [tempest.lib.common.rest_client] Request (VolumesServicesTestJSON:_run_cleanups): 404 GET http://10.132.44.
    209/volume/v3/volumes/13ec4a88-c733-4c42-97f2-a10ade6a833a 0.017s
2026-05-06 00:49:32,456 124029 DEBUG    [tempest.lib.common.rest_client] Request - Headers: {'Content-Type': 'application/json', 'Accept': 'application/json', 'X-Auth-Token': '<omitted>'}
        Body: None
    Response - Headers: {'date': 'Wed, 06 May 2026 00:49:32 GMT', 'server': 'Apache/2.4.58 (Ubuntu)', 'openstack-api-version': 'volume 3.0', 'vary': 'OpenStack-API-Version', 'content-length': '109', 'content-type': 'application/json', 'x-compute-request-id': 'req-cb232445-fd72-446f-a398-bed24d78139f', 'x-openstack-request-id': 'req-cb232445-fd72-446f-a398-bed24d78139f', 'connection': 'close', 'status': '404', 'content-location': 'http://10.132.44.209/volume/v3/volumes/13ec4a88-c733-4c42-97f2-a10ade6a833a'}
        Body: b'{"itemNotFound": {"code": 404, "message": "Volume 13ec4a88-c733-4c42-97f2-a10ade6a833a could not be found."}}'


setUpClass (tempest.api.volume.admin.test_volume_snapshot_quotas_negative.VolumeSnapshotQuotasNegativeTestJSON)
---------------------------------------------------------------------------------------------------------------

Captured traceback:
~~~~~~~~~~~~~~~~~~~
    Traceback (most recent call last):

      File "/opt/stack/tempest/tempest/test.py", line 185, in setUpClass
    raise value.with_traceback(trace)

      File "/opt/stack/tempest/tempest/test.py", line 178, in setUpClass
    cls.resource_setup()

      File "/opt/stack/tempest/tempest/api/volume/admin/test_volume_snapshot_quotas_negative.py", line 65, in resource_setup
    cls.volume = cls.create_volume()
                 ^^^^^^^^^^^^^^^^^^^

      File "/opt/stack/tempest/tempest/api/volume/base.py", line 144, in create_volume
    waiters.wait_for_volume_resource_status(self.volumes_client,

      File "/opt/stack/tempest/tempest/common/waiters.py", line 379, in wait_for_volume_resource_status
    raise exceptions.VolumeResourceBuildErrorException(

    tempest.exceptions.VolumeResourceBuildErrorException: volume eed0c2bb-32a3-4c06-a345-3d232fe67945 failed to build and is in ERROR status


tempest.api.volume.admin.test_volume_type_access.VolumeTypesAccessTest.test_volume_type_access_add[id-d4dd0027-835f-4554-a6e5-50903fb79184]
-------------------------------------------------------------------------------------------------------------------------------------------

Captured traceback:
~~~~~~~~~~~~~~~~~~~
    Traceback (most recent call last):

      File "/opt/stack/tempest/tempest/api/volume/admin/test_volume_type_access.py", line 51, in test_volume_type_access_add
    volume = self.create_volume(volume_type=volume_type['id'])
             ^^^^^^^^^^^^^^^^^^^^^^^^^^^^^^^^^^^^^^^^^^^^^^^^^

      File "/opt/stack/tempest/tempest/api/volume/base.py", line 144, in create_volume
    waiters.wait_for_volume_resource_status(self.volumes_client,

      File "/opt/stack/tempest/tempest/common/waiters.py", line 379, in wait_for_volume_resource_status
    raise exceptions.VolumeResourceBuildErrorException(

    tempest.exceptions.VolumeResourceBuildErrorException: volume d622a432-4bf8-4af2-a34f-3329cdc53dc5 failed to build and is in ERROR status


Captured pythonlogging:
~~~~~~~~~~~~~~~~~~~~~~~
    2026-05-06 00:49:43,206 124029 INFO     [tempest.lib.common.rest_client] Request (VolumeTypesAccessTest:test_volume_type_access_add): 200 POST http://10.132.44.209/volume/v3/types 0.095s
2026-05-06 00:49:43,206 124029 DEBUG    [tempest.lib.common.rest_client] Request - Headers: {'Content-Type': 'application/json', 'Accept': 'application/json', 'X-Auth-Token': '<omitted>'}
        Body: {"volume_type": {"name": "tempest-VolumeTypesAccessTest-volume-type-921272194", "os-volume-type-access:is_public": false}}
    Response - Headers: {'date': 'Wed, 06 May 2026 00:49:43 GMT', 'server': 'Apache/2.4.58 (Ubuntu)', 'content-type': 'application/json', 'x-compute-request-id': 'req-62439e25-c244-4e5b-a3a9-76d82a1c0f27', 'content-length': '228', 'openstack-api-version': 'volume 3.0', 'vary': 'OpenStack-API-Version', 'x-openstack-request-id': 'req-62439e25-c244-4e5b-a3a9-76d82a1c0f27', 'connection': 'close', 'status': '200', 'content-location': 'http://10.132.44.209/volume/v3/types'}
        Body: b'{"volume_type": {"id": "730f2147-a8d1-44ff-8828-871637622070", "name": "tempest-VolumeTypesAccessTest-volume-type-921272194", "is_public": false, "extra_specs": {}, "description": null, "os-volume-type-access:is_public": false}}'
2026-05-06 00:49:43,299 124029 INFO     [tempest.lib.common.rest_client] Request (VolumeTypesAccessTest:test_volume_type_access_add): 404 POST http://10.132.44.209/volume/v3/volumes 0.090s
2026-05-06 00:49:43,299 124029 DEBUG    [tempest.lib.common.rest_client] Request - Headers: {'Content-Type': 'application/json', 'Accept': 'application/json', 'X-Auth-Token': '<omitted>'}
        Body: {"volume": {"volume_type": "730f2147-a8d1-44ff-8828-871637622070", "size": 1}}
    Response - Headers: {'date': 'Wed, 06 May 2026 00:49:43 GMT', 'server': 'Apache/2.4.58 (Ubuntu)', 'openstack-api-version': 'volume 3.0', 'vary': 'OpenStack-API-Version', 'content-length': '114', 'content-type': 'application/json', 'x-compute-request-id': 'req-18469783-846e-4924-b7b6-4b22aecc633b', 'x-openstack-request-id': 'req-18469783-846e-4924-b7b6-4b22aecc633b', 'connection': 'close', 'status': '404', 'content-location': 'http://10.132.44.209/volume/v3/volumes'}
        Body: b'{"itemNotFound": {"code": 404, "message": "Volume type 730f2147-a8d1-44ff-8828-871637622070 could not be found."}}'
2026-05-06 00:49:43,299 124029 WARNING  [tempest.lib.common.rest_client] Deprecated: "tenant_id" property is deprecated for removal, use "project_id" instead
2026-05-06 00:49:43,324 124029 INFO     [tempest.lib.common.rest_client] Request (VolumeTypesAccessTest:test_volume_type_access_add): 202 POST http://10.132.44.209/volume/v3/types/730f2147-a8d1-44ff-8828-871637622070/action 0.024s
2026-05-06 00:49:43,324 124029 DEBUG    [tempest.lib.common.rest_client] Request - Headers: {'Content-Type': 'application/json', 'Accept': 'application/json', 'X-Auth-Token': '<omitted>'}
        Body: {"addProjectAccess": {"project": "42fa3364f8df4e6d9983e745a787b0c8"}}
    Response - Headers: {'date': 'Wed, 06 May 2026 00:49:43 GMT', 'server': 'Apache/2.4.58 (Ubuntu)', 'content-length': '0', 'content-type': 'text/html; charset=UTF-8', 'openstack-api-version': 'volume 3.0', 'vary': 'OpenStack-API-Version', 'x-openstack-request-id': 'req-822e4fc1-c194-4860-8e7d-9ad32c2cc8df', 'connection': 'close', 'status': '202', 'content-location': 'http://10.132.44.209/volume/v3/types/730f2147-a8d1-44ff-8828-871637622070/action'}
        Body: b''
2026-05-06 00:49:43,509 124029 INFO     [tempest.lib.common.rest_client] Request (VolumeTypesAccessTest:test_volume_type_access_add): 202 POST http://10.132.44.209/volume/v3/volumes 0.184s
2026-05-06 00:49:43,510 124029 DEBUG    [tempest.lib.common.rest_client] Request - Headers: {'Content-Type': 'application/json', 'Accept': 'application/json', 'X-Auth-Token': '<omitted>'}
        Body: {"volume": {"volume_type": "730f2147-a8d1-44ff-8828-871637622070", "size": 1, "name": "tempest-VolumeTypesAccessTest-Volume-1793754109"}}
    Response - Headers: {'date': 'Wed, 06 May 2026 00:49:43 GMT', 'server': 'Apache/2.4.58 (Ubuntu)', 'content-type': 'applic
    ation/json', 'x-compute-request-id': 'req-f47ebd8f-ff67-4497-88a0-fa714ebfeff5', 'content-length': '799', 'openstack-api-version': 'volume 3.0', 'vary': 'OpenStack-API-Version', 'x-openstack-request-id': 'req-f47ebd8f-ff67-4497-88a0-fa714ebfeff5', 'connection': 'close', 'status': '202', 'content-location': 'http://10.132.44.209/volume/v3/volumes'}
        Body: b'{"volume": {"id": "d622a432-4bf8-4af2-a34f-3329cdc53dc5", "status": "creating", "size": 1, "availability_zone": "nova", "created_at": "2026-05-06T00:49:43.449756", "updated_at": null, "name": "tempest-VolumeTypesAccessTest-Volume-1793754109", "description": null, "volume_type": "tempest-VolumeTypesAccessTest-volume-type-921272194", "snapshot_id": null, "source_volid": null, "metadata": {}, "links": [{"rel": "self", "href": "http://10.132.44.209/volume/v3/volumes/d622a432-4bf8-4af2-a34f-3329cdc53dc5"}, {"rel": "bookmark", "href": "http://10.132.44.209/volume/volumes/d622a432-4bf8-4af2-a34f-3329cdc53dc5"}], "user_id": "f24b1da703ea465db06d21aeedce9adb", "bootable": "false", "encrypted": false, "replication_status": null, "consistencygroup_id": null, "multiattach": false, "attachments": []}}'
2026-05-06 00:49:43,560 124029 INFO     [tempest.lib.common.rest_client] Request (VolumeTypesAccessTest:test_volume_type_access_add): 200 GET http://10.132.44.209/volume/v3/volumes/d622a432-4bf8-4af2-a34f-3329cdc53dc5 0.044s
2026-05-06 00:49:43,561 124029 DEBUG    [tempest.lib.common.rest_client] Request - Headers: {'Content-Type': 'application/json', 'Accept': 'application/json', 'X-Auth-Token': '<omitted>'}
        Body: None
    Response - Headers: {'date': 'Wed, 06 May 2026 00:49:43 GMT', 'server': 'Apache/2.4.58 (Ubuntu)', 'content-type': 'application/json', 'x-compute-request-id': 'req-96622598-9d1a-4b30-96ef-9272901d15f6', 'content-length': '867', 'openstack-api-version': 'volume 3.0', 'vary': 'OpenStack-API-Version', 'x-openstack-request-id': 'req-96622598-9d1a-4b30-96ef-9272901d15f6', 'connection': 'close', 'status': '200', 'content-location': 'http://10.132.44.209/volume/v3/volumes/d622a432-4bf8-4af2-a34f-3329cdc53dc5'}
        Body: b'{"volume": {"id": "d622a432-4bf8-4af2-a34f-3329cdc53dc5", "status": "creating", "size": 1, "availability_zone": "nova", "created_at": "2026-05-06T00:49:43.000000", "updated_at": null, "name": "tempest-VolumeTypesAccessTest-Volume-1793754109", "description": null, "volume_type": "tempest-VolumeTypesAccessTest-volume-type-921272194", "snapshot_id": null, "source_volid": null, "metadata": {}, "links": [{"rel": "self", "href": "http://10.132.44.209/volume/v3/volumes/d622a432-4bf8-4af2-a34f-3329cdc53dc5"}, {"rel": "bookmark", "href": "http://10.132.44.209/volume/volumes/d622a432-4bf8-4af2-a34f-3329cdc53dc5"}], "user_id": "f24b1da703ea465db06d21aeedce9adb", "bootable": "false", "encrypted": false, "replication_status": null, "consistencygroup_id": null, "multiattach": false, "attachments": [], "os-vol-tenant-attr:tenant_id": "42fa3364f8df4e6d9983e745a787b0c8"}}'
2026-05-06 00:49:44,620 124029 INFO     [tempest.lib.common.rest_client] Request (VolumeTypesAccessTest:test_volume_type_access_add): 200 GET http://10.132.44.209/volume/v3/volumes/d622a432-4bf8-4af2-a34f-3329cdc53dc5 0.046s
2026-05-06 00:49:44,621 124029 DEBUG    [tempest.lib.common.rest_client] Request - Headers: {'Content-Type': 'application/json', 'Accept': 'application/json', 'X-Auth-Token': '<omitted>'}
        Body: None
    Response - Headers: {'date': 'Wed, 06 May 2026 00:49:44 GMT', 'server': 'Apache/2.4.58 (Ubuntu)', 'content-type': 'application/json', 'x-compute-request-id': 'req-45c1cca3-7079-4dc3-b7d6-389b32bb0ad3', 'content-length': '888', 'openstack-api-version': 'volume 3.0', 'vary': 'OpenStack-API-Version', 'x-openstack-request-id': 'req-45c1cca3-7079-4dc3-b7d6-389b32bb0ad3', 'connection': 'close', 'status': '200', 'content-location': 'http://10.132.44.209/volume/v3/volumes/d622a432-4bf8-4af2-a34f-3329cdc53dc5'}
        Body: b'{"volume": {"id": "d622a432-4bf8-4af2-a34f-3329cdc53dc5", "status": "error", "size": 1, "availability_zone": "nova", "created_at": "2026-05-
    06T00:49:43.000000", "updated_at": "2026-05-06T00:49:44.000000", "name": "tempest-VolumeTypesAccessTest-Volume-1793754109", "description": null, "volume_type": "tempest-VolumeTypesAccessTest-volume-type-921272194", "snapshot_id": null, "source_volid": null, "metadata": {}, "links": [{"rel": "self", "href": "http://10.132.44.209/volume/v3/volumes/d622a432-4bf8-4af2-a34f-3329cdc53dc5"}, {"rel": "bookmark", "href": "http://10.132.44.209/volume/volumes/d622a432-4bf8-4af2-a34f-3329cdc53dc5"}], "user_id": "f24b1da703ea465db06d21aeedce9adb", "bootable": "false", "encrypted": false, "replication_status": null, "consistencygroup_id": null, "multiattach": false, "attachments": [], "os-vol-tenant-attr:tenant_id": "42fa3364f8df4e6d9983e745a787b0c8"}}'
2026-05-06 00:49:44,668 124029 INFO     [tempest.lib.common.rest_client] Request (VolumeTypesAccessTest:_run_cleanups): 200 GET http://10.132.44.209/volume/v3/volumes/d622a432-4bf8-4af2-a34f-3329cdc53dc5 0.033s
2026-05-06 00:49:44,668 124029 DEBUG    [tempest.lib.common.rest_client] Request - Headers: {'Content-Type': 'application/json', 'Accept': 'application/json', 'X-Auth-Token': '<omitted>'}
        Body: None
    Response - Headers: {'date': 'Wed, 06 May 2026 00:49:44 GMT', 'server': 'Apache/2.4.58 (Ubuntu)', 'content-type': 'application/json', 'x-compute-request-id': 'req-4c8e8b07-afd4-42c3-a83d-178d37228695', 'content-length': '888', 'openstack-api-version': 'volume 3.0', 'vary': 'OpenStack-API-Version', 'x-openstack-request-id': 'req-4c8e8b07-afd4-42c3-a83d-178d37228695', 'connection': 'close', 'status': '200', 'content-location': 'http://10.132.44.209/volume/v3/volumes/d622a432-4bf8-4af2-a34f-3329cdc53dc5'}
        Body: b'{"volume": {"id": "d622a432-4bf8-4af2-a34f-3329cdc53dc5", "status": "error", "size": 1, "availability_zone": "nova", "created_at": "2026-05-06T00:49:43.000000", "updated_at": "2026-05-06T00:49:44.000000", "name": "tempest-VolumeTypesAccessTest-Volume-1793754109", "description": null, "volume_type": "tempest-VolumeTypesAccessTest-volume-type-921272194", "snapshot_id": null, "source_volid": null, "metadata": {}, "links": [{"rel": "self", "href": "http://10.132.44.209/volume/v3/volumes/d622a432-4bf8-4af2-a34f-3329cdc53dc5"}, {"rel": "bookmark", "href": "http://10.132.44.209/volume/volumes/d622a432-4bf8-4af2-a34f-3329cdc53dc5"}], "user_id": "f24b1da703ea465db06d21aeedce9adb", "bootable": "false", "encrypted": false, "replication_status": null, "consistencygroup_id": null, "multiattach": false, "attachments": [], "os-vol-tenant-attr:tenant_id": "42fa3364f8df4e6d9983e745a787b0c8"}}'
2026-05-06 00:49:44,782 124029 INFO     [tempest.lib.common.rest_client] Request (VolumeTypesAccessTest:_run_cleanups): 202 DELETE http://10.132.44.209/volume/v3/volumes/d622a432-4bf8-4af2-a34f-3329cdc53dc5 0.100s
2026-05-06 00:49:44,782 124029 DEBUG    [tempest.lib.common.rest_client] Request - Headers: {'Content-Type': 'application/json', 'Accept': 'application/json', 'X-Auth-Token': '<omitted>'}
        Body: None
    Response - Headers: {'date': 'Wed, 06 May 2026 00:49:44 GMT', 'server': 'Apache/2.4.58 (Ubuntu)', 'content-length': '0', 'content-type': 'text/html; charset=UTF-8', 'openstack-api-version': 'volume 3.0', 'vary': 'OpenStack-API-Version', 'x-openstack-request-id': 'req-6113b454-e579-4a9c-8e89-ca966d06a5c5', 'connection': 'close', 'status': '202', 'content-location': 'http://10.132.44.209/volume/v3/volumes/d622a432-4bf8-4af2-a34f-3329cdc53dc5'}
        Body: b''
2026-05-06 00:49:44,800 124029 INFO     [tempest.lib.common.rest_client] Request (VolumeTypesAccessTest:_run_cleanups): 404 GET http://10.132.44.209/volume/v3/volumes/d622a432-4bf8-4af2-a34f-3329cdc53dc5 0.017s
2026-05-06 00:49:44,801 124029 DEBUG    [tempest.lib.common.rest_client] Request - Headers: {'Content-Type': 'application/json', 'Accept': 'application/json', 'X-Auth-Token': '<omitted>'}
        Body: None
    Response - Headers: {'date': 'Wed, 06 May 2026 00:49:44 GMT', 'server': 'Apache/2.4.58 (Ubuntu)', 'openstack-api-version': 'volume 3.0', 'vary': 'OpenStack-API-Version', 'content-length': '109', 'con
    tent-type': 'application/json', 'x-compute-request-id': 'req-5ac585d1-21e5-44ba-bc1d-2ffcf445e216', 'x-openstack-request-id': 'req-5ac585d1-21e5-44ba-bc1d-2ffcf445e216', 'connection': 'close', 'status': '404', 'content-location': 'http://10.132.44.209/volume/v3/volumes/d622a432-4bf8-4af2-a34f-3329cdc53dc5'}
        Body: b'{"itemNotFound": {"code": 404, "message": "Volume d622a432-4bf8-4af2-a34f-3329cdc53dc5 could not be found."}}'
2026-05-06 00:49:44,834 124029 INFO     [tempest.lib.common.rest_client] Request (VolumeTypesAccessTest:_run_cleanups): 202 POST http://10.132.44.209/volume/v3/types/730f2147-a8d1-44ff-8828-871637622070/action 0.032s
2026-05-06 00:49:44,835 124029 DEBUG    [tempest.lib.common.rest_client] Request - Headers: {'Content-Type': 'application/json', 'Accept': 'application/json', 'X-Auth-Token': '<omitted>'}
        Body: {"removeProjectAccess": {"project": "42fa3364f8df4e6d9983e745a787b0c8"}}
    Response - Headers: {'date': 'Wed, 06 May 2026 00:49:44 GMT', 'server': 'Apache/2.4.58 (Ubuntu)', 'content-length': '0', 'content-type': 'text/html; charset=UTF-8', 'openstack-api-version': 'volume 3.0', 'vary': 'OpenStack-API-Version', 'x-openstack-request-id': 'req-f8537016-3e85-486f-97a8-e224768dff6e', 'connection': 'close', 'status': '202', 'content-location': 'http://10.132.44.209/volume/v3/types/730f2147-a8d1-44ff-8828-871637622070/action'}
        Body: b''
2026-05-06 00:49:44,878 124029 INFO     [tempest.lib.common.rest_client] Request (VolumeTypesAccessTest:_run_cleanups): 202 DELETE http://10.132.44.209/volume/v3/types/730f2147-a8d1-44ff-8828-871637622070 0.043s
2026-05-06 00:49:44,879 124029 DEBUG    [tempest.lib.common.rest_client] Request - Headers: {'Content-Type': 'application/json', 'Accept': 'application/json', 'X-Auth-Token': '<omitted>'}
        Body: None
    Response - Headers: {'date': 'Wed, 06 May 2026 00:49:44 GMT', 'server': 'Apache/2.4.58 (Ubuntu)', 'content-length': '0', 'content-type': 'text/html; charset=UTF-8', 'openstack-api-version': 'volume 3.0', 'vary': 'OpenStack-API-Version', 'x-openstack-request-id': 'req-ea754a00-4292-492c-b246-c22dd230b4d2', 'connection': 'close', 'status': '202', 'content-location': 'http://10.132.44.209/volume/v3/types/730f2147-a8d1-44ff-8828-871637622070'}
        Body: b''
2026-05-06 00:49:44,899 124029 INFO     [tempest.lib.common.rest_client] Request (VolumeTypesAccessTest:_run_cleanups): 404 GET http://10.132.44.209/volume/v3/types/730f2147-a8d1-44ff-8828-871637622070 0.019s
2026-05-06 00:49:44,899 124029 DEBUG    [tempest.lib.common.rest_client] Request - Headers: {'Content-Type': 'application/json', 'Accept': 'application/json', 'X-Auth-Token': '<omitted>'}
        Body: None
    Response - Headers: {'date': 'Wed, 06 May 2026 00:49:44 GMT', 'server': 'Apache/2.4.58 (Ubuntu)', 'openstack-api-version': 'volume 3.0', 'vary': 'OpenStack-API-Version', 'content-length': '114', 'content-type': 'application/json', 'x-compute-request-id': 'req-2ef5e37d-48a2-426a-8771-2e413cb8189f', 'x-openstack-request-id': 'req-2ef5e37d-48a2-426a-8771-2e413cb8189f', 'connection': 'close', 'status': '404', 'content-location': 'http://10.132.44.209/volume/v3/types/730f2147-a8d1-44ff-8828-871637622070'}
        Body: b'{"itemNotFound": {"code": 404, "message": "Volume type 730f2147-a8d1-44ff-8828-871637622070 could not be found."}}'


tempest.api.volume.admin.test_volume_types.VolumeTypesTest.test_volume_crud_with_volume_type_and_extra_specs[id-c03cc62c-f4e9-4623-91ec-64ce2f9c1260]
-----------------------------------------------------------------------------------------------------------------------------------------------------

Captured traceback:
~~~~~~~~~~~~~~~~~~~
    Traceback (most recent call last):

      File "/opt/stack/tempest/tempest/api/volume/admin/test_volume_types.py", line 56, in test_volume_crud_with_volume_type_and_extra_specs
    volume = self.create_volume(**params)
             ^^^^^^^^^^^^^^^^^^^^^^^^^^^^

      File "/opt/stack/tempest/tempest/api/volume/base.py", line 144, in create_volume
    waiters.wait_for_volume_resource_status(self.volumes_client,

      File "/opt/stack/tempest/tempest/common/waiters.py", line 379, in wait_for_volume_resource_status
    raise exceptions.VolumeResourceBuildErrorException(

    tempest.exceptions.VolumeResourceBuildErrorException: volume 7eaf0a87-5e87-454d-88c8-963730cb015a failed to build and is in ERROR status


Captured pythonlogging:
~~~~~~~~~~~~~~~~~~~~~~~
    2026-05-06 00:49:49,148 124029 INFO     [tempest.lib.common.rest_client] Request (VolumeTypesTest:test_volume_crud_with_volume_type_and_extra_specs): 200 POST http://10.132.44.209/volume/v3/types 0.137s
2026-05-06 00:49:49,149 124029 DEBUG    [tempest.lib.common.rest_client] Request - Headers: {'Content-Type': 'application/json', 'Accept': 'application/json', 'X-Auth-Token': '<omitted>'}
        Body: {"volume_type": {"name": "tempest-VolumeTypesTest-volume-type-1929957828", "extra_specs": {"storage_protocol": "FC", "vendor_name": "Hewlett Packard Enterprise"}}}
    Response - Headers: {'date': 'Wed, 06 May 2026 00:49:49 GMT', 'server': 'Apache/2.4.58 (Ubuntu)', 'content-type': 'application/json', 'x-compute-request-id': 'req-9599732d-fc29-4cde-bc42-df8813857821', 'content-length': '290', 'openstack-api-version': 'volume 3.0', 'vary': 'OpenStack-API-Version', 'x-openstack-request-id': 'req-9599732d-fc29-4cde-bc42-df8813857821', 'connection': 'close', 'status': '200', 'content-location': 'http://10.132.44.209/volume/v3/types'}
        Body: b'{"volume_type": {"id": "86d0a127-7479-428b-8628-b7dd8f49df41", "name": "tempest-VolumeTypesTest-volume-type-1929957828", "is_public": true, "extra_specs": {"storage_protocol": "FC", "vendor_name": "Hewlett Packard Enterprise"}, "description": null, "os-volume-type-access:is_public": true}}'
2026-05-06 00:49:49,183 124029 INFO     [tempest.lib.common.rest_client] Request (VolumeTypesTest:test_volume_crud_with_volume_type_and_extra_specs): 200 POST http://10.132.44.209/volume/v3/types 0.028s
2026-05-06 00:49:49,183 124029 DEBUG    [tempest.lib.common.rest_client] Request - Headers: {'Content-Type': 'application/json', 'Accept': 'application/json', 'X-Auth-Token': '<omitted>'}
        Body: {"volume_type": {"name": "tempest-VolumeTypesTest-volume-type-970778307", "extra_specs": {"storage_protocol": "FC", "vendor_name": "Hewlett Packard Enterprise"}}}
    Response - Headers: {'date': 'Wed, 06 May 2026 00:49:49 GMT', 'server': 'Apache/2.4.58 (Ubuntu)', 'content-type': 'application/json', 'x-compute-request-id': 'req-81374131-cc3b-4f37-81ae-e1d824277337', 'content-length': '289', 'openstack-api-version': 'volume 3.0', 'vary': 'OpenStack-API-Version', 'x-openstack-request-id': 'req-81374131-cc3b-4f37-81ae-e1d824277337', 'connection': 'close', 'status': '200', 'content-location': 'http://10.132.44.209/volume/v3/types'}
        Body: b'{"volume_type": {"id": "bdfc7691-cf1b-4c88-83ac-4fce68baf87e", "name": "tempest-VolumeTypesTest-volume-type-970778307", "is_public": true, "extra_specs": {"storage_protocol": "FC", "vendor_name": "Hewlett Packard Enterprise"}, "description": null, "os-volume-type-access:is_public": true}}'
2026-05-06 00:49:49,472 124029 INFO     [tempest.lib.common.rest_client] Request (VolumeTypesTest:test_volume_crud_with_volume_type_and_extra_specs): 202 POST http://10.132.44.209/volume/v3/volumes 0.286s
2026-05-06 00:49:49,472 124029 DEBUG    [tempest.lib.common.rest_client] Request - Headers: {'Content-Type': 'application/json', 'Accept': 'application/json', 'X-Auth-Token': '<omitted>'}
        Body: {"volume": {"name": "tempest-VolumeTypesTest-volume-2132857198", "volume_type": "86d0a127-7479-428b-8628-b7dd8f49df41", "size": 1}}
    Response - Headers: {'date': 'Wed, 06 May 2026 00:49:49 GMT', 'server': 'Apache/2.4.58 (Ubuntu)', 'content-type': 'application/json', 'x-compute-request-id': 'req-77765808-ace1-4a62-b52f-271176e3fe3a', 'content-length': '788', 'openstack-api-version': 'volume 3.0', 'vary': 'OpenStack-API-Version', 'x-openstack-request-id': 'req-77765808-ace1-4a62-b52f-271176e3fe3a', 'connection': 'close', 'status': '202', 'content-location': 'http://10.132.44.209/volume/v3/volumes'}
        Body: b'{"volume": {"id": "7eaf0a87-5e87-454d-88c8-963730cb015a", "status": "creating", "size": 1, "availability_zone": "nova", "created_at": "2026-05-06T00:49:49.401742", "updated_at": null, "name": "tempest-VolumeTypesTest-volume-2132857198", "description": null, "volume_type": "tempest-VolumeTypesTest-volume-type-1929957828", "snapshot_id": null, "source_volid": null, "m
    etadata": {}, "links": [{"rel": "self", "href": "http://10.132.44.209/volume/v3/volumes/7eaf0a87-5e87-454d-88c8-963730cb015a"}, {"rel": "bookmark", "href": "http://10.132.44.209/volume/volumes/7eaf0a87-5e87-454d-88c8-963730cb015a"}], "user_id": "bff3e24fd4f8444a9a75cd6933036082", "bootable": "false", "encrypted": false, "replication_status": null, "consistencygroup_id": null, "multiattach": false, "attachments": []}}'
2026-05-06 00:49:49,517 124029 INFO     [tempest.lib.common.rest_client] Request (VolumeTypesTest:test_volume_crud_with_volume_type_and_extra_specs): 200 GET http://10.132.44.209/volume/v3/volumes/7eaf0a87-5e87-454d-88c8-963730cb015a 0.036s
2026-05-06 00:49:49,518 124029 DEBUG    [tempest.lib.common.rest_client] Request - Headers: {'Content-Type': 'application/json', 'Accept': 'application/json', 'X-Auth-Token': '<omitted>'}
        Body: None
    Response - Headers: {'date': 'Wed, 06 May 2026 00:49:49 GMT', 'server': 'Apache/2.4.58 (Ubuntu)', 'content-type': 'application/json', 'x-compute-request-id': 'req-4855b2ce-ad74-42c1-9c41-567acc16ca33', 'content-length': '856', 'openstack-api-version': 'volume 3.0', 'vary': 'OpenStack-API-Version', 'x-openstack-request-id': 'req-4855b2ce-ad74-42c1-9c41-567acc16ca33', 'connection': 'close', 'status': '200', 'content-location': 'http://10.132.44.209/volume/v3/volumes/7eaf0a87-5e87-454d-88c8-963730cb015a'}
        Body: b'{"volume": {"id": "7eaf0a87-5e87-454d-88c8-963730cb015a", "status": "creating", "size": 1, "availability_zone": "nova", "created_at": "2026-05-06T00:49:49.000000", "updated_at": null, "name": "tempest-VolumeTypesTest-volume-2132857198", "description": null, "volume_type": "tempest-VolumeTypesTest-volume-type-1929957828", "snapshot_id": null, "source_volid": null, "metadata": {}, "links": [{"rel": "self", "href": "http://10.132.44.209/volume/v3/volumes/7eaf0a87-5e87-454d-88c8-963730cb015a"}, {"rel": "bookmark", "href": "http://10.132.44.209/volume/volumes/7eaf0a87-5e87-454d-88c8-963730cb015a"}], "user_id": "bff3e24fd4f8444a9a75cd6933036082", "bootable": "false", "encrypted": false, "replication_status": null, "consistencygroup_id": null, "multiattach": false, "attachments": [], "os-vol-tenant-attr:tenant_id": "27149589def045c8bfe92a56c7f68c66"}}'
2026-05-06 00:49:50,572 124029 INFO     [tempest.lib.common.rest_client] Request (VolumeTypesTest:test_volume_crud_with_volume_type_and_extra_specs): 200 GET http://10.132.44.209/volume/v3/volumes/7eaf0a87-5e87-454d-88c8-963730cb015a 0.041s
2026-05-06 00:49:50,573 124029 DEBUG    [tempest.lib.common.rest_client] Request - Headers: {'Content-Type': 'application/json', 'Accept': 'application/json', 'X-Auth-Token': '<omitted>'}
        Body: None
    Response - Headers: {'date': 'Wed, 06 May 2026 00:49:50 GMT', 'server': 'Apache/2.4.58 (Ubuntu)', 'content-type': 'application/json', 'x-compute-request-id': 'req-7e7c542b-48a0-4bc2-8c1d-c35d099460a3', 'content-length': '877', 'openstack-api-version': 'volume 3.0', 'vary': 'OpenStack-API-Version', 'x-openstack-request-id': 'req-7e7c542b-48a0-4bc2-8c1d-c35d099460a3', 'connection': 'close', 'status': '200', 'content-location': 'http://10.132.44.209/volume/v3/volumes/7eaf0a87-5e87-454d-88c8-963730cb015a'}
        Body: b'{"volume": {"id": "7eaf0a87-5e87-454d-88c8-963730cb015a", "status": "error", "size": 1, "availability_zone": "nova", "created_at": "2026-05-06T00:49:49.000000", "updated_at": "2026-05-06T00:49:50.000000", "name": "tempest-VolumeTypesTest-volume-2132857198", "description": null, "volume_type": "tempest-VolumeTypesTest-volume-type-1929957828", "snapshot_id": null, "source_volid": null, "metadata": {}, "links": [{"rel": "self", "href": "http://10.132.44.209/volume/v3/volumes/7eaf0a87-5e87-454d-88c8-963730cb015a"}, {"rel": "bookmark", "href": "http://10.132.44.209/volume/volumes/7eaf0a87-5e87-454d-88c8-963730cb015a"}], "user_id": "bff3e24fd4f8444a9a75cd6933036082", "bootable": "false", "encrypted": false, "replication_status": null, "consistencygroup_id": null, "multiattach": false, "attachments": [], "os-vol-tenant-attr:tenant_id": "27149589def045c8bfe92a
    56c7f68c66"}}'
2026-05-06 00:49:50,627 124029 INFO     [tempest.lib.common.rest_client] Request (VolumeTypesTest:_run_cleanups): 200 GET http://10.132.44.209/volume/v3/volumes/7eaf0a87-5e87-454d-88c8-963730cb015a 0.039s
2026-05-06 00:49:50,628 124029 DEBUG    [tempest.lib.common.rest_client] Request - Headers: {'Content-Type': 'application/json', 'Accept': 'application/json', 'X-Auth-Token': '<omitted>'}
        Body: None
    Response - Headers: {'date': 'Wed, 06 May 2026 00:49:50 GMT', 'server': 'Apache/2.4.58 (Ubuntu)', 'content-type': 'application/json', 'x-compute-request-id': 'req-0e010459-e5e9-4176-8e7e-f106c098a601', 'content-length': '877', 'openstack-api-version': 'volume 3.0', 'vary': 'OpenStack-API-Version', 'x-openstack-request-id': 'req-0e010459-e5e9-4176-8e7e-f106c098a601', 'connection': 'close', 'status': '200', 'content-location': 'http://10.132.44.209/volume/v3/volumes/7eaf0a87-5e87-454d-88c8-963730cb015a'}
        Body: b'{"volume": {"id": "7eaf0a87-5e87-454d-88c8-963730cb015a", "status": "error", "size": 1, "availability_zone": "nova", "created_at": "2026-05-06T00:49:49.000000", "updated_at": "2026-05-06T00:49:50.000000", "name": "tempest-VolumeTypesTest-volume-2132857198", "description": null, "volume_type": "tempest-VolumeTypesTest-volume-type-1929957828", "snapshot_id": null, "source_volid": null, "metadata": {}, "links": [{"rel": "self", "href": "http://10.132.44.209/volume/v3/volumes/7eaf0a87-5e87-454d-88c8-963730cb015a"}, {"rel": "bookmark", "href": "http://10.132.44.209/volume/volumes/7eaf0a87-5e87-454d-88c8-963730cb015a"}], "user_id": "bff3e24fd4f8444a9a75cd6933036082", "bootable": "false", "encrypted": false, "replication_status": null, "consistencygroup_id": null, "multiattach": false, "attachments": [], "os-vol-tenant-attr:tenant_id": "27149589def045c8bfe92a56c7f68c66"}}'
2026-05-06 00:49:50,734 124029 INFO     [tempest.lib.common.rest_client] Request (VolumeTypesTest:_run_cleanups): 202 DELETE http://10.132.44.209/volume/v3/volumes/7eaf0a87-5e87-454d-88c8-963730cb015a 0.095s
2026-05-06 00:49:50,734 124029 DEBUG    [tempest.lib.common.rest_client] Request - Headers: {'Content-Type': 'application/json', 'Accept': 'application/json', 'X-Auth-Token': '<omitted>'}
        Body: None
    Response - Headers: {'date': 'Wed, 06 May 2026 00:49:50 GMT', 'server': 'Apache/2.4.58 (Ubuntu)', 'content-length': '0', 'content-type': 'text/html; charset=UTF-8', 'openstack-api-version': 'volume 3.0', 'vary': 'OpenStack-API-Version', 'x-openstack-request-id': 'req-c70b9831-10dc-4978-8699-457405f882a4', 'connection': 'close', 'status': '202', 'content-location': 'http://10.132.44.209/volume/v3/volumes/7eaf0a87-5e87-454d-88c8-963730cb015a'}
        Body: b''
2026-05-06 00:49:50,751 124029 INFO     [tempest.lib.common.rest_client] Request (VolumeTypesTest:_run_cleanups): 404 GET http://10.132.44.209/volume/v3/volumes/7eaf0a87-5e87-454d-88c8-963730cb015a 0.016s
2026-05-06 00:49:50,751 124029 DEBUG    [tempest.lib.common.rest_client] Request - Headers: {'Content-Type': 'application/json', 'Accept': 'application/json', 'X-Auth-Token': '<omitted>'}
        Body: None
    Response - Headers: {'date': 'Wed, 06 May 2026 00:49:50 GMT', 'server': 'Apache/2.4.58 (Ubuntu)', 'openstack-api-version': 'volume 3.0', 'vary': 'OpenStack-API-Version', 'content-length': '109', 'content-type': 'application/json', 'x-compute-request-id': 'req-516fd2d9-5410-4e27-b365-259c365d264e', 'x-openstack-request-id': 'req-516fd2d9-5410-4e27-b365-259c365d264e', 'connection': 'close', 'status': '404', 'content-location': 'http://10.132.44.209/volume/v3/volumes/7eaf0a87-5e87-454d-88c8-963730cb015a'}
        Body: b'{"itemNotFound": {"code": 404, "message": "Volume 7eaf0a87-5e87-454d-88c8-963730cb015a could not be found."}}'
2026-05-06 00:49:50,794 124029 INFO     [tempest.lib.common.rest_client] Request (VolumeTypesTest:_run_cleanups): 202 DELETE http://10.132.44.209/volume/v3/types/bdfc7691-cf1b-4c88-83ac-4fce68baf87e 0.042s
2026-05-06 00:49:50,794 124029 DEBUG    [tempest.lib.common.rest_client] Request - Headers: {'Content-Type': 'application/
    json', 'Accept': 'application/json', 'X-Auth-Token': '<omitted>'}
        Body: None
    Response - Headers: {'date': 'Wed, 06 May 2026 00:49:50 GMT', 'server': 'Apache/2.4.58 (Ubuntu)', 'content-length': '0', 'content-type': 'text/html; charset=UTF-8', 'openstack-api-version': 'volume 3.0', 'vary': 'OpenStack-API-Version', 'x-openstack-request-id': 'req-288ca004-6fb7-4a22-bceb-de10021350a4', 'connection': 'close', 'status': '202', 'content-location': 'http://10.132.44.209/volume/v3/types/bdfc7691-cf1b-4c88-83ac-4fce68baf87e'}
        Body: b''
2026-05-06 00:49:50,810 124029 INFO     [tempest.lib.common.rest_client] Request (VolumeTypesTest:_run_cleanups): 404 GET http://10.132.44.209/volume/v3/types/bdfc7691-cf1b-4c88-83ac-4fce68baf87e 0.015s
2026-05-06 00:49:50,810 124029 DEBUG    [tempest.lib.common.rest_client] Request - Headers: {'Content-Type': 'application/json', 'Accept': 'application/json', 'X-Auth-Token': '<omitted>'}
        Body: None
    Response - Headers: {'date': 'Wed, 06 May 2026 00:49:50 GMT', 'server': 'Apache/2.4.58 (Ubuntu)', 'openstack-api-version': 'volume 3.0', 'vary': 'OpenStack-API-Version', 'content-length': '114', 'content-type': 'application/json', 'x-compute-request-id': 'req-dfb00849-a65a-4f23-8ea9-4a98e9dcfc16', 'x-openstack-request-id': 'req-dfb00849-a65a-4f23-8ea9-4a98e9dcfc16', 'connection': 'close', 'status': '404', 'content-location': 'http://10.132.44.209/volume/v3/types/bdfc7691-cf1b-4c88-83ac-4fce68baf87e'}
        Body: b'{"itemNotFound": {"code": 404, "message": "Volume type bdfc7691-cf1b-4c88-83ac-4fce68baf87e could not be found."}}'
2026-05-06 00:49:50,856 124029 INFO     [tempest.lib.common.rest_client] Request (VolumeTypesTest:_run_cleanups): 202 DELETE http://10.132.44.209/volume/v3/types/86d0a127-7479-428b-8628-b7dd8f49df41 0.045s
2026-05-06 00:49:50,856 124029 DEBUG    [tempest.lib.common.rest_client] Request - Headers: {'Content-Type': 'application/json', 'Accept': 'application/json', 'X-Auth-Token': '<omitted>'}
        Body: None
    Response - Headers: {'date': 'Wed, 06 May 2026 00:49:50 GMT', 'server': 'Apache/2.4.58 (Ubuntu)', 'content-length': '0', 'content-type': 'text/html; charset=UTF-8', 'openstack-api-version': 'volume 3.0', 'vary': 'OpenStack-API-Version', 'x-openstack-request-id': 'req-22f4318c-abc0-424f-9392-df5ee2b2df18', 'connection': 'close', 'status': '202', 'content-location': 'http://10.132.44.209/volume/v3/types/86d0a127-7479-428b-8628-b7dd8f49df41'}
        Body: b''
2026-05-06 00:49:50,872 124029 INFO     [tempest.lib.common.rest_client] Request (VolumeTypesTest:_run_cleanups): 404 GET http://10.132.44.209/volume/v3/types/86d0a127-7479-428b-8628-b7dd8f49df41 0.016s
2026-05-06 00:49:50,873 124029 DEBUG    [tempest.lib.common.rest_client] Request - Headers: {'Content-Type': 'application/json', 'Accept': 'application/json', 'X-Auth-Token': '<omitted>'}
        Body: None
    Response - Headers: {'date': 'Wed, 06 May 2026 00:49:50 GMT', 'server': 'Apache/2.4.58 (Ubuntu)', 'openstack-api-version': 'volume 3.0', 'vary': 'OpenStack-API-Version', 'content-length': '114', 'content-type': 'application/json', 'x-compute-request-id': 'req-3119f871-5882-4175-bd4c-1edc124fde9e', 'x-openstack-request-id': 'req-3119f871-5882-4175-bd4c-1edc124fde9e', 'connection': 'close', 'status': '404', 'content-location': 'http://10.132.44.209/volume/v3/types/86d0a127-7479-428b-8628-b7dd8f49df41'}
        Body: b'{"itemNotFound": {"code": 404, "message": "Volume type 86d0a127-7479-428b-8628-b7dd8f49df41 could not be found."}}'


setUpClass (tempest.api.volume.admin.test_volumes_list.VolumesListAdminTestJSON)
--------------------------------------------------------------------------------

Captured traceback:
~~~~~~~~~~~~~~~~~~~
    Traceback (most recent call last):

      File "/opt/stack/tempest/tempest/test.py", line 185, in setUpClass
    raise value.with_traceback(trace)

      File "/opt/stack/tempest/tempest/test.py", line 178, in setUpClass
    cls.resource_setup()

      File "/opt/stack/tempest/tempest/api/volume/admin/test_volumes_list.py", line 37, in resource_setup
    volume = cls.create_volume()
             ^^^^^^^^^^^^^^^^^^^

      File "/opt/stack/tempest/tempest/api/volume/base.py", line 144, in create_volume
    waiters.wait_for_volume_resource_status(self.volumes_client,

      File "/opt/stack/tempest/tempest/common/waiters.py", line 379, in wait_for_volume_resource_status
    raise exceptions.VolumeResourceBuildErrorException(

    tempest.exceptions.VolumeResourceBuildErrorException: volume 618397df-33aa-4f44-a692-bd07c6d438eb failed to build and is in ERROR status



======
Totals
======
Ran: 187 tests in 763.7285 sec.
 - Passed: 154
 - Skipped: 7
 - Expected Fail: 0
 - Unexpected Success: 0
 - Failed: 26
Sum of execute time for each test: 444.8713 sec.

==============
Worker Balance
==============
 - Worker 0 (187 tests) => 0:12:43.728535
