"pcp-dstat 6.2.0 CSV Output"
"Author:","PCP team <pcp@groups.io> and Dag Wieers <dag@wieers.com>",,,,"URL:","https://pcp.io/ and http://dag.wieers.com/home-made/dstat/"
"Host:","ubuntu",,,,"User:","ubuntu"
"Cmdline:","dstat -tcmndrylpg --tcp --output /tmp/devstack_logs/dstat-csv.log",,,,"Date:","18 May 2026 21:41:52 UTC"
"system","total usage",,,,,"memory usage",,,,"net/total",,"dsk/total",,"io/total",,"system",,"load avg",,,"procs",,,"paging",,"tcp sockets",,,,
"time","total usage:usr","total usage:sys","total usage:idl","total usage:wai","total usage:stl","used","free","buf","cach","net/total:recv","net/total:send","dsk/total:read","dsk/total:writ","read","writ","int","csw","1m","5m","15m","run","blk","new","in","out","lis","act","syn","tim","clo"
18-05 21:41:52,,1066096,1597104,163204,4997280,,,,,,,1.210,0.930,0.630,1,0,,,,10,4,0,17,0
18-05 21:41:53,16.999,20.249,61.747,0.250,0,1064668,1598692,163224,4997052,238414.071,11395.382,0,487.974,0,18.999,5685,4146,1.210,0.930,0.630,1,0,363.980,0,0,10,4,0,17,0
18-05 21:41:54,11.750,20.251,66.502,0,0,1032100,1631212,163240,4997072,13213.478,2825.102,0,204.007,0,16.001,5146,3457,1.210,0.930,0.630,2,0,300.011,0,0,10,4,0,17,0
18-05 21:41:55,25.749,17.499,55.248,0.250,0,1038236,1624688,163272,4997368,11786.603,6664.776,0,555.981,0,14.999,4887,4791,1.210,0.930,0.630,1,0,225.992,0,0,10,5,0,17,0
18-05 21:41:56,30.742,16.746,50.987,0.250,0,1053056,1609552,163312,4997952,37813.452,11007.221,0,1331.664,0,41.989,6063,6624,1.210,0.930,0.630,2,0,213.946,0,0,10,6,0,17,0
18-05 21:41:57,20.479,8.241,69.928,0.499,0,1145704,1515948,163336,5123128,18264.122,12101.492,0,1326.629,0,38.960,3659,3865,1.190,0.930,0.630,1,0,67.930,0,0,11,8,0,17,0
18-05 21:41:58,35.971,6.994,55.455,0.500,0,1150844,1510488,163356,5123328,18178.105,10796.154,15.987,1430.828,0.999,46.962,3298,2143,1.190,0.930,0.630,2,0,52.957,0,0,11,7,0,17,1
18-05 21:41:59,30.550,11.269,55.592,2.504,0,1165592,1495140,163412,5123756,35548.518,10650.532,84.139,1450.388,7.012,53.087,4336,3275,1.190,0.930,0.630,2,0,175.289,0,0,11,6,0,19,2
18-05 21:42:00,35.232,4.748,55.722,3.248,0,1191328,1450164,163492,5141868,184891.445,17607.995,1683.139,4089.908,113.942,178.909,3247,2252,1.190,0.930,0.630,2,0,0,0,0,11,6,0,19,2
18-05 21:42:01,43.492,5.249,48.241,2.250,0,1212120,1413524,164548,5154176,2717.485,1457.724,251.952,2699.489,8.998,65.987,2962,1779,1.190,0.930,0.630,2,0,1.000,0,0,11,6,0,19,2
18-05 21:42:02,44.255,3.500,48.505,2.500,0,1233988,1374644,165148,5168732,2732.299,1512.165,16.002,6228.681,1.000,327.036,4454,4597,1.260,0.950,0.640,4,0,7.001,0,0,11,8,0,19,2
18-05 21:42:03,33.965,6.244,42.456,14.235,0,1236636,1359300,166272,5179428,2489.442,1510.448,0,39651.263,0,3226.685,14482,24891,1.260,0.950,0.640,3,0,47.951,0,0,11,8,0,19,2
18-05 21:42:04,40.768,7.253,42.769,7.253,0,1260292,1313056,167152,5199456,2719.191,1458.639,0,48733.340,0,3342.464,11608,20333,1.260,0.950,0.640,3,0,27.012,0,0,11,6,0,19,2
18-05 21:42:05,41.296,9.260,48.054,1.001,0,1229584,1330928,167864,5209796,4119.621,1501.684,0,8561.604,0,503.565,4059,2619,1.260,0.950,0.640,3,0,75.084,0,0,11,6,0,13,2
18-05 21:42:06,44.699,5.244,48.694,0.749,0,1279568,1255960,168624,5231964,2475.179,1456.340,0,2369.299,0,86.901,3028,1833,1.260,0.950,0.640,3,0,0,0,0,11,6,0,13,2
18-05 21:42:07,47.040,3.253,46.790,1.501,0.250,1290744,1254396,169240,5220816,2998.573,1993.711,0,8255.084,0,384.330,3778,3225,1.320,0.970,0.650,3,0,2.002,0,0,11,4,0,13,0
18-05 21:42:08,44.539,6.756,49.043,0.250,0,1263516,1281732,169240,5220796,2480.157,1459.269,0,512.446,0,12.010,3049,1615,1.320,0.970,0.650,3,0,28.024,0,0,11,4,0,13,0
18-05 21:42:09,40.639,5.485,53.355,0,0,1299128,1240508,169244,5225904,8116.911,3863.486,0,1037.177,0,8.976,2697,1482,1.320,0.970,0.650,3,0,16.954,0,0,11,4,0,13,0
18-05 21:42:10,45.575,5.259,48.330,0,0,1316196,1222640,169248,5226524,3106.110,1954.215,0,14271.480,0,81.133,2889,1493,1.320,0.970,0.650,4,0,18.030,0,0,11,5,0,13,0
18-05 21:42:11,30.020,18.012,51.034,0.500,0,1271692,1260724,169424,5231588,9031.105,4214.849,0,1597.080,0,20.014,5181,3896,1.320,0.970,0.650,4,0,313.212,0,0,11,4,0,13,0
18-05 21:42:12,31.262,26.010,40.766,0,0,1240948,1290604,169464,5232276,2807.087,1608.623,0,144.056,0,12.005,13373,20737,1.450,1,0.660,2,0,377.146,0,0,11,4,0,13,0
18-05 21:42:13,42.001,18.500,37.751,0,0,1220696,1310676,169504,5232376,2538.046,1458.026,0,4.000,0,1.000,12435,20716,1.450,1,0.660,2,0,147.003,0,0,11,4,0,13,0
18-05 21:42:14,54.549,15.194,25.406,4.733,0,1235512,1300616,169556,5229272,4023.155,1452.640,7675.678,2291.544,77.713,22.915,4197,2825,1.450,1,0.660,5,0,130.518,0,0,11,5,0,13,0
18-05 21:42:15,66.350,8.513,23.535,0.501,0,1310504,1225556,169592,5229488,2498.763,1460.199,20.030,10784.239,4.006,69.104,3866,1856,1.450,1,0.660,3,0,25.038,0,0,11,5,0,13,0
18-05 21:42:16,60.349,5.759,33.305,0,0,1347104,1188008,169616,5230472,2361.874,1460.396,492.808,188.309,4.007,4.007,3493,1515,1.450,1,0.660,5,0,50.082,0,0,11,5,0,13,0
18-05 21:42:17,42.213,9.991,47.458,0,0,1349668,1184516,169656,5231368,2475.817,1456.716,0,27.975,0,1.998,3059,2895,1.500,1.020,0.670,3,0,0.999,0,0,11,5,0,12,0
18-05 21:42:18,23.414,9.216,65.259,0,0,1347252,1185496,169744,5232664,4096.868,1548.281,0,0,0,0,3815,4250,1.500,1.020,0.670,1,0,117.566,0,0,11,4,0,12,0
18-05 21:42:19,12.059,3.769,83.912,0,0.251,1328792,1203972,169752,5232668,2429.931,1465.194,0,0,0,0,1544,1460,1.500,1.020,0.670,1,0,22.109,0,0,11,4,0,12,0
18-05 21:42:20,29.698,6.738,60.644,1.747,0,1357428,1175336,169752,5232668,4169.725,1455.460,0,18895.032,0,104.817,3035,14740,1.500,1.020,0.670,1,0,35.937,0,0,11,4,0,13,0
18-05 21:42:21,24.007,2.251,73.771,0,0,1382376,1150388,169752,5232668,2358.655,1458.405,0,0,0,0,1748,1227,1.500,1.020,0.670,1,0,0,0,0,11,4,0,11,0
18-05 21:42:22,24.730,1.749,72.693,0.250,0,1400240,1132272,169756,5232916,2416.091,1456.849,0,375.703,0,13.989,1889,1440,1.450,1.020,0.670,1,0,0.999,0,0,11,6,0,11,0
18-05 21:42:23,21.798,4.761,70.907,1.002,0,1377220,1155164,169852,5232948,2543.638,1461.239,0,4089.064,0,321.713,4186,5418,1.450,1.020,0.670,1,0,42.093,0,0,11,4,0,13,0
18-05 21:42:24,21.959,4.242,73.363,0,0,1430644,1101684,169852,5232996,2593.174,1455.292,43.918,1656.916,2.994,9.981,1727,1223,1.450,1.020,0.670,1,0,0,0,0,11,4,0,13,0
18-05 21:42:25,20.480,1.748,72.429,4.246,0,1435044,1096728,169996,5233356,2672.372,1456.568,327.678,20471.868,9.990,207.796,1833,1458,1.450,1.020,0.670,1,0,0,0,0,11,4,0,13,0
18-05 21:42:26,18.723,2.996,77.137,0.250,0,1445680,1086028,170012,5233368,6636.290,5710.644,0,1022.504,0,27.959,2399,2488,1.450,1.020,0.670,1,0,0.999,0,0,11,17,0,13,0
18-05 21:42:27,9.779,1.755,73.720,14.042,0,1441032,1090320,170056,5233600,4955.779,2115.308,268.802,1163.470,66.197,19.057,1425,1394,1.420,1.020,0.670,1,0,2.006,0,0,11,27,0,13,0
18-05 21:42:28,19.878,3.727,75.040,0,0,1406336,1125000,170056,5233616,8288.160,5185.194,0,3.976,0,0.994,2529,1922,1.420,1.020,0.670,1,0,43.732,0,0,11,28,0,14,0
18-05 21:42:29,21.586,4.016,73.543,0,0,1436824,1094508,170056,5233620,3030.087,1506.007,0,281.121,0,4.016,1726,1198,1.420,1.020,0.670,1,0,0,0,0,11,28,0,14,0
18-05 21:42:30,18.287,2.255,78.157,0,0,1448936,1082392,170056,5233624,6654.391,5556.181,0,525.057,0,7.014,1667,1214,1.420,1.020,0.670,1,0,0,0,0,11,29,0,14,0
18-05 21:42:31,22.023,2.252,75.580,0,0,1410664,1120656,170056,5233632,5488.775,4349.576,0,444.468,0,86.091,1981,1410,1.420,1.020,0.670,1,0,7.007,0,0,11,28,0,15,0
18-05 21:42:32,34.452,12.982,51.678,0,0,1450208,1081100,170056,5233644,2668.270,1509.889,0,11.983,0,2.996,3620,2393,1.470,1.030,0.680,2,0,148.792,0,0,11,28,0,15,0
18-05 21:42:33,40.243,4.749,54.241,0,0,1509788,1021500,170068,5233652,6595.877,5786.015,0,239.959,0,19.997,2781,1756,1.470,1.030,0.680,2,0,0,0,0,11,30,0,15,0
18-05 21:42:34,36.736,3.998,58.228,0.250,0,1512084,1018952,170072,5233900,11890.537,10243.155,0,167.937,0,13.995,4282,5006,1.470,1.030,0.680,3,0,0,0,0,11,30,0,15,0
18-05 21:42:35,45.078,22.288,31.053,0,0,1413092,1117772,170080,5234060,8588.786,6960.984,0,18956.635,0,116.200,6541,6877,1.470,1.030,0.680,5,0,434.748,0,0,11,28,0,16,0
18-05 21:42:36,81.808,18.513,0,0,0,1533888,996932,170088,5234092,2581.828,1621.148,0,46376.841,0,602.427,5616,3667,1.470,1.030,0.680,6,0,144.102,0,0,11,28,0,16,0
18-05 21:42:37,89.816,9.980,0.499,0,0,1700324,830544,170088,5234112,10677.078,9514.465,0,119.754,0,7.984,5353,3140,1.670,1.080,0.700,5,0,0.998,0,0,11,30,1,16,0
18-05 21:42:38,82.440,7.994,8.993,0,0,1765976,764804,170092,5234188,23740.755,22773.458,0,523.620,0,37.972,6404,6751,1.670,1.080,0.700,4,0,0,0,0,11,34,0,16,0
18-05 21:42:39,75.314,12.010,11.760,0,0,1684256,846308,170108,5234388,17105.467,15616.207,0,688.582,0,58.049,7432,8986,1.670,1.080,0.700,2,0,171.145,0,0,11,30,0,20,0
18-05 21:42:40,28.742,9.997,60.484,0,0,1579008,951536,170116,5234400,6863.194,3494.081,0,315.917,0,29.992,4026,3930,1.670,1.080,0.700,1,0,138.963,0,0,11,28,0,22,0
18-05 21:42:41,21.539,3.256,74.134,0,0,1568272,962268,170116,5234404,4106.424,2937.310,0,27629.949,0,110.199,1899,1387,1.670,1.080,0.700,1,0,0,0,0,11,29,0,22,0
18-05 21:42:42,15.462,2.993,80.301,0.249,0,1538788,991728,170128,5234416,7104.389,5757.728,0,1193.043,0,52.869,2607,3164,1.610,1.080,0.700,2,1,0,0,0,11,29,0,18,0
18-05 21:42:43,18.974,8.488,71.402,0,0,1480520,1049956,170128,5234424,3558.125,2401.710,0,23.967,0,3.995,2863,2159,1.610,1.080,0.700,1,0,73.899,0,0,11,28,0,19,0
18-05 21:42:44,22.310,2.507,74.701,0,0,1500900,1029568,170136,5234424,4282.524,3062.240,0,100.270,0,12.032,1776,1276,1.610,1.080,0.700,1,0,0,0,0,11,29,0,19,0
18-05 21:42:45,16.500,2.250,80.002,0.750,0.250,1490940,1039488,170164,5234436,8909.196,5982.132,0,3744.083,0,183.004,2832,3476,1.610,1.080,0.700,1,0,0,0,0,11,29,0,19,0
18-05 21:42:46,12.261,16.264,69.560,0,0,1444172,1086232,170172,5234452,3617.106,2372.037,0,456.392,0,31.027,4794,3661,1.610,1.080,0.700,1,0,327.281,0,0,11,28,0,19,0
18-05 21:42:47,31.271,31.772,36.525,0,0,1442960,1087444,170172,5234476,3108.121,1567.069,0,1809.235,0,116.079,6072,5097,1.810,1.130,0.720,5,0,676.462,0,0,11,28,0,19,0
18-05 21:42:48,86.803,12.472,0,0,0,1572968,957412,170180,5234492,2532.253,1454.698,0,558.732,0,33.923,4938,2535,1.810,1.130,0.720,5,0,35.918,0,0,11,28,0,19,0
18-05 21:42:49,83.928,9.270,6.514,0,0,1684760,845584,170184,5234520,19127.655,18204.693,0,88.187,0,6.013,5270,3263,1.810,1.130,0.720,5,0,0,0,0,11,33,0,19,0
18-05 21:42:50,71.156,6.242,20.723,0.250,0,1688816,841300,170184,5234748,32373.208,29054.595,0,219.710,0,26.964,8469,12629,1.810,1.130,0.720,3,0,0,0,0,11,31,0,16,0
18-05 21:42:51,79.338,18.771,1.752,0,0,1542404,987624,170188,5234832,9460.471,6615.322,0,476.527,0,50.055,6370,6855,1.810,1.130,0.720,6,0,301.334,0,0,11,28,0,17,0
18-05 21:42:52,86.265,13.502,0,0,0,1605644,924368,170204,5234836,2450.419,1350.231,0,256.044,0,18.003,4965,2837,2.140,1.210,0.750,6,0,9.002,0,0,11,28,0,17,0
18-05 21:42:53,90.454,9.245,0.750,0,0,1741656,788340,170212,5234844,11950.898,11204.279,0,819.582,0,43.978,5363,3121,2.140,1.210,0.750,5,0,0,0,0,11,31,0,17,0
18-05 21:42:54,84.299,7.004,7.504,0,0.250,1775044,754640,170212,5235156,36667.407,33898.791,0,0,0,0,7171,10266,2.140,1.210,0.750,6,0,0,0,0,11,32,0,19,0
18-05 21:42:55,70.004,13.501,16.251,0,0,1595676,933780,170212,5235384,24414.284,22079.161,0,256.013,0,25.001,7672,11041,2.140,1.210,0.750,3,0,218.011,0,0,11,28,0,22,0
18-05 21:42:56,45.205,10.240,43.457,0,0,1571080,958340,170216,5235416,2581.430,1402.604,0,531.471,0,13.986,3522,2257,2.140,1.210,0.750,2,0,79.920,0,0,11,28,0,22,0
18-05 21:42:57,37.946,4.494,57.419,0.250,0,1579968,949436,170224,5235424,8207.419,7493.426,0,151.786,0,9.986,2692,1666,2.130,1.220,0.750,1,0,0.999,0,0,11,30,0,22,0
18-05 21:42:58,35.587,7.017,55.385,0,0,1545084,984268,170232,5235468,12723.104,10238.029,0,328.804,0,31.076,5167,5681,2.130,1.220,0.750,3,0,71.174,0,0,11,29,0,23,0
18-05 21:42:59,64.248,20.499,15.000,0,0,1499068,1030252,170236,5235492,6301.835,4877.873,0,207.995,0,14.000,5079,4116,2.130,1.220,0.750,4,0,306.992,0,0,11,28,0,24,0
18-05 21:43:00,57.195,6.244,36.465,0.250,0,1542716,986580,170240,5235512,10841.588,9802.586,0,183.823,0,8.991,3508,1762,2.130,1.220,0.750,4,0,0,0,0,11,31,0,24,0
18-05 21:43:01,51.545,6.255,41.536,0,0,1546300,982800,170252,5235696,21319.726,19049.732,0,732.644,0,50.044,6673,8494,2.130,1.220,0.750,6,0,0,0,0,11,30,0,25,0
18-05 21:43:02,65.758,20.252,12.502,0,0,1461148,1067928,170256,5235716,5676.688,4064.492,0,532.064,0,46.006,5975,5199,2.360,1.290,0.780,4,0,258.031,0,0,11,28,0,23,0
18-05 21:43:03,90.998,10.000,0,0,0,1596504,932552,170260,5235732,2537.949,1457.971,0,139.997,0,7.000,4675,1504,2.360,1.290,0.780,4,0,0,0,0,11,28,0,23,0
18-05 21:43:04,64.734,6.748,27.243,0,0,1625684,903332,170264,5235768,23649.329,22333.644,0,499.880,0,29.993,5701,5508,2.360,1.290,0.780,6,0,0,0,0,11,32,0,23,0
18-05 21:43:05,61.492,10.499,26.496,0.250,0,1568824,959984,170264,5235972,23510.828,21106.152,0,275.963,0,34.995,8237,10832,2.360,1.290,0.780,6,0,173.977,0,0,11,28,0,26,0
18-05 21:43:06,68.511,16.503,14.502,0,0,1507520,1021240,170264,5235984,2598.417,1458.234,0,156.025,0,8.001,4296,2429,2.360,1.290,0.780,5,0,152.024,0,0,11,28,0,26,0
18-05 21:43:07,55.228,5.998,38.734,0,0,1553400,975380,170264,5235972,13785.407,11578.303,0,1691.314,0,37.985,3714,2156,2.250,1.280,0.780,3,0,1.000,0,0,11,31,0,26,0
18-05 21:43:08,53.669,5.492,39.440,0.250,0,1541160,987544,170276,5236032,18894.329,17017.178,0,2987.467,0,155.764,6172,7540,2.250,1.280,0.780,2,0,3.994,0,0,11,30,0,27,0
18-05 21:43:09,63.236,21.245,14.747,0,0,1482696,1045996,170276,5236044,6887.422,4774.906,0,307.929,0,23.995,5415,4779,2.250,1.280,0.780,3,0,294.932,0,0,11,28,0,28,0
18-05 21:43:10,64.303,6.505,29.274,0,0,1548408,980132,170276,5236192,6967.695,4060.319,0,800.654,0,13.011,3517,1302,2.250,1.280,0.780,2,0,0,0,0,11,29,1,28,0
18-05 21:43:11,52.801,5.255,41.290,0.250,0,1566556,961792,170300,5236360,20439.854,18811.272,0,728.708,0,45.044,6133,6436,2.250,1.280,0.780,4,0,0,0,0,11,31,0,28,0
18-05 21:43:12,49.612,14.460,34.155,0,0,1473572,1054740,170304,5236388,11162.846,9445.639,0,175.510,0,20.942,6050,6450,2.310,1.310,0.790,5,0,242.324,0,0,11,28,0,31,0
18-05 21:43:13,64.393,11.025,24.555,0,0,1550640,977648,170304,5236412,2621.830,1298.888,0,180.401,0,10.022,3786,1579,2.310,1.310,0.790,3,0,44.098,0,0,11,28,0,31,0
18-05 21:43:14,50.544,5.505,43.038,0,0,1566084,962116,170308,5236496,17452.355,16606.611,0,152.134,0,7.006,4270,3997,2.310,1.310,0.790,2,0,0,0,0,11,31,0,31,0
18-05 21:43:15,56.726,7.247,35.735,0.250,0,1569312,958564,170316,5236812,14615.892,12099.943,0,371.845,0,35.985,6000,7052,2.310,1.310,0.790,3,0,29.987,0,0,11,28,0,33,0
18-05 21:43:16,63.238,12.248,23.995,0,0,1509176,1018696,170316,5236816,2255.572,1295.754,0,163.969,0,9.998,4025,2008,2.310,1.310,0.790,3,0,81.984,0,0,11,28,0,33,0
18-05 21:43:17,54.161,5.990,39.186,0,0,1550684,977160,170324,5236828,13097.550,11564.061,0,155.745,0,9.984,3838,2423,2.290,1.320,0.800,3,0,0.998,0,0,11,31,0,33,0
18-05 21:43:18,54.358,6.262,38.326,0,0.250,1546804,980968,170348,5236876,18747.116,16847.355,0,925.833,0,71.141,5953,8083,2.290,1.320,0.800,5,0,36.071,0,0,11,28,0,35,0
18-05 21:43:19,56.025,25.762,17.508,0,0,1491924,1035836,170352,5236884,2359.073,1500.683,0,236.107,0,23.010,5333,4146,2.290,1.320,0.800,7,0,442.201,0,0,11,28,0,35,0
18-05 21:43:20,80.751,19.440,0,0,0,1580248,947460,170360,5237960,2547.130,1453.509,0,155.519,0,10.966,5406,6889,2.290,1.320,0.800,13,0,283.125,0,0,11,28,0,35,0
18-05 21:43:21,82.966,16.543,0.251,0,0,1684000,843652,170364,5236964,8096.049,7374.172,0,557.449,0,31.081,5716,7899,2.290,1.320,0.800,7,0,250.652,0,0,11,30,0,36,0
18-05 21:43:22,82.226,16.745,1.000,0,0,1761828,765788,170364,5236980,19165.430,19007.476,0,35.990,0,1.999,5949,5197,2.580,1.400,0.830,6,0,283.917,0,0,11,33,0,36,0
18-05 21:43:23,80.056,18.763,1.251,0,0,1768384,758968,170376,5237224,31217.847,27440.203,0,312.218,0,26.018,7891,8498,2.580,1.400,0.830,7,0,296.207,0,0,11,32,0,36,0
18-05 21:43:24,78.734,19.246,1.500,0.250,0,1576748,950336,170396,5237456,17552.504,15377.937,0,523.896,0,46.991,6843,7024,2.580,1.400,0.830,6,0,263.947,0,0,11,28,0,36,0
18-05 21:43:25,87.026,12.754,0.500,0,0,1604416,922628,170400,5237488,6628.948,3654.074,0,156.046,0,10.003,4867,2380,2.580,1.400,0.830,7,0,34.010,0,0,11,29,0,36,0
18-05 21:43:26,87.517,7.459,3.978,0,0,1698516,828492,170412,5237512,12530.790,11255.832,0,206.857,0,19.890,4964,3061,2.580,1.400,0.830,6,0,0.995,0,0,11,33,0,36,0
18-05 21:43:27,74.317,7.257,18.266,0.250,0.250,1708268,818664,170416,5237584,30602.543,29292.364,0,188.169,0,10.009,7422,9728,2.860,1.480,0.850,3,0,1.001,0,0,11,34,0,35,0
18-05 21:43:28,61.513,18.579,19.333,0,0,1650456,876272,170420,5237772,22581.435,17739.759,0,265.132,0,19.081,7696,10082,2.860,1.480,0.850,3,0,370.583,0,0,11,32,0,39,0
18-05 21:43:29,12.496,25.742,60.731,0,0,1488708,1037988,170420,5237804,2227.294,1229.610,0,167.947,0,11.996,5999,4585,2.860,1.480,0.850,2,0,512.837,0,0,11,32,0,39,0
18-05 21:43:30,55.018,34.762,9.753,0,0.250,1496452,1030232,170424,5237812,2379.798,1242.416,0,188.063,0,17.006,5687,4777,2.860,1.480,0.850,5,0,678.227,0,0,11,32,0,39,0
18-05 21:43:31,82.962,9.995,7.247,0,0,1571288,955348,170428,5237856,7775.450,7181.721,0,227.896,0,13.994,4725,2374,2.860,1.480,0.850,3,0,42.980,0,0,11,34,0,38,0
18-05 21:43:32,69.283,5.753,23.761,0.250,0,1610264,916316,170436,5237904,20428.664,19008.992,0,480.227,0,25.012,5871,6733,2.790,1.490,0.860,3,0,0,0,0,11,35,0,39,0
18-05 21:43:33,67.684,15.984,16.234,0,0,1552972,973532,170460,5237956,12445.806,10474.737,0,475.534,0,50.950,7004,7351,2.790,1.490,0.860,4,0,200.803,0,0,11,32,0,42,0
18-05 21:43:34,82.098,13.016,4.756,0,0,1534488,991880,170468,5238084,4707.616,3657.363,0,184.220,0,10.012,4764,2267,2.790,1.490,0.860,4,0,67.080,0,0,11,33,0,42,0
18-05 21:43:35,72.000,7.250,20.250,0,0,1599912,926392,170480,5238132,20792.022,19161.020,0,180.000,0,9.000,5152,4457,2.790,1.490,0.860,1,0,0,0,0,11,36,0,40,0
18-05 21:43:36,61.477,5.998,30.738,0,0,1604496,921572,170484,5238352,30544.453,27268.692,0,139.947,0,7.997,9031,13193,2.790,1.490,0.860,2,0,0,0,0,11,36,0,40,0
18-05 21:43:37,63.975,7.247,26.990,0.250,0,1603620,922316,170536,5238428,25472.182,22112.477,0,2435.061,0,187.928,9704,13412,2.720,1.490,0.870,5,0,30.988,0,0,11,34,0,40,0
18-05 21:43:38,79.803,12.258,7.505,0,0,1586576,939208,170556,5238564,9125.040,7564.007,0,3186.109,0,137.091,5772,5531,2.720,1.490,0.870,4,0,60.040,0,0,11,32,0,40,0
18-05 21:43:39,80.255,10.501,9.001,0,0,1595880,929852,170560,5238608,9140.565,9164.567,0,120.007,0,8.000,4719,2698,2.720,1.490,0.870,1,0,30.002,0,0,11,34,1,37,0
18-05 21:43:40,66.195,5.995,26.728,0,0,1622000,903676,170560,5238664,25435.764,22611.122,0,855.286,0,2.997,6398,7846,2.720,1.490,0.870,3,0,0,0,0,11,36,0,37,0
18-05 21:43:41,58.298,6.756,33.778,0,0,1625552,899896,170560,5238892,31912.459,29587.532,0,0,0,0,10874,15051,2.720,1.490,0.870,3,0,0,0,0,11,35,0,38,0
18-05 21:43:42,67.749,14.250,16.500,0,0,1530124,995140,170560,5239068,19904.751,17223.785,0,0,0,0,7481,9285,2.750,1.520,0.880,4,0,204.997,0,0,11,33,0,40,0
18-05 21:43:43,81.232,13.747,4.499,0,0,1540788,984448,170564,5239108,6739.546,5946.717,0,155.966,0,13.997,5048,3337,2.750,1.520,0.880,3,0,60.987,0,0,11,33,0,37,0
18-05 21:43:44,77.016,7.752,15.253,0,0,1618032,907180,170564,5239132,16446.517,15197.250,0,116.025,0,8.002,4929,4350,2.750,1.520,0.880,3,0,0,0,0,11,35,0,37,0
18-05 21:43:45,64.953,5.496,29.229,0,0,1591052,933944,170564,5239336,26992.601,24445.431,0,107.922,0,7.994,7607,10951,2.750,1.520,0.880,3,0,0,0,0,11,35,0,38,0
18-05 21:43:46,70.261,13.752,14.252,0,0,1541376,983544,170588,5239384,17843.915,13763.248,0,288.047,0,32.005,7165,8595,2.750,1.520,0.880,5,0,98.016,0,0,11,32,1,39,0
18-05 21:43:47,84.608,11.481,4.492,0,0,1580376,944536,170592,5239388,6793.568,3257.519,0,131.778,0,10.982,4846,2256,2.850,1.560,0.900,3,0,30.948,0,0,11,33,0,38,0
18-05 21:43:48,76.431,6.515,16.038,0.251,0,1646752,878120,170600,5239420,14247.787,13090.042,0,236.561,0,22.052,4886,3555,2.850,1.560,0.900,3,0,0,0,0,11,34,0,39,0
18-05 21:43:49,70.533,14.206,14.954,0.249,0,1602584,922124,170612,5239572,14330.921,13272.178,0,247.240,0,20.936,5917,6301,2.850,1.560,0.900,2,0,119.632,0,0,11,34,0,40,0
18-05 21:43:50,73.297,7.255,18.012,0,0,1665576,859036,170612,5239660,23191.954,21217.681,0,152.098,0,8.005,6578,8987,2.850,1.560,0.900,2,0,0,0,0,11,34,0,40,1
18-05 21:43:51,70.554,11.259,17.764,0,0,1605064,919372,170612,5239836,20921.938,17738.513,0,124.095,0,8.006,6320,7211,2.850,1.560,0.900,6,0,95.072,0,0,11,34,0,41,0
18-05 21:43:52,76.874,13.271,9.515,0,0,1575176,949240,170612,5239856,10930.694,9157.824,0,124.201,0,9.015,5936,5715,2.940,1.600,0.910,4,0,99.161,0,0,11,32,0,43,0
18-05 21:43:53,76.453,9.712,13.199,0,0,1616740,907640,170616,5239888,13378.059,12175.727,0,147.428,0,8.965,5003,3566,2.940,1.600,0.910,3,0,32.872,0,0,11,34,0,43,0
18-05 21:43:54,75.572,9.759,13.513,0,0,1628436,895920,170620,5239904,13824.232,12219.696,0,112.107,0,8.008,5089,4491,2.940,1.600,0.910,3,0,34.033,0,0,11,34,0,45,0
18-05 21:43:55,73.059,10.508,15.763,0,0,1580376,943832,170632,5240080,14719.816,12477.015,0,144.116,0,17.014,6148,6863,2.940,1.600,0.910,4,0,36.029,0,0,11,33,0,41,0
18-05 21:43:56,69.494,13.249,17.498,0,0,1552072,972068,170640,5240124,11995.960,10833.061,0,355.969,0,30.997,5514,4923,2.940,1.600,0.910,3,0,137.988,0,0,11,32,0,42,1
18-05 21:43:57,52.828,9.264,37.055,0,0,1559888,964232,170648,5240136,10220.033,9026.277,0,176.259,0,13.019,4254,3230,2.950,1.630,0.920,5,0,61.090,0,0,11,34,0,43,0
18-05 21:43:58,59.295,9.507,30.773,0,0.250,1548740,975176,170664,5240320,9684.314,8023.060,0,392.296,0,30.023,4597,4727,2.950,1.630,0.920,3,0,60.045,0,0,11,34,0,44,0
18-05 21:43:59,57.707,10.992,31.227,0,0,1576044,947844,170672,5240340,10605.189,8435.787,0,147.891,0,7.994,4563,3839,2.950,1.630,0.920,2,0,95.929,0,0,11,34,0,43,0
18-05 21:44:00,56.537,7.505,35.273,0,0,1539564,984292,170672,5240368,14908.768,12819.399,0,144.094,0,8.005,5094,4942,2.950,1.630,0.920,3,0,43.028,0,0,11,33,0,44,0
18-05 21:44:01,56.492,7.999,34.495,0,0,1489760,1033952,170676,5240508,11600.415,9975.637,0,115.984,0,7.999,4725,3961,2.950,1.630,0.920,4,0,42.994,0,0,11,33,0,45,0
18-05 21:44:02,56.425,9.487,33.705,0,0,1525912,997716,170688,5240580,10447.121,9016.022,0,215.713,0,18.975,4913,4687,2.950,1.650,0.940,4,0,85.886,0,0,11,33,0,46,0
18-05 21:44:03,33.751,4.500,60.752,0.250,0,1539196,984264,170696,5240740,14205.520,12676.464,0,372.014,0,22.001,4369,5012,2.950,1.650,0.940,3,0,0,0,0,11,33,0,47,0
18-05 21:44:04,35.514,7.503,55.773,0.250,0.250,1527088,996324,170708,5240772,9264.767,7854.193,0,3649.484,0,193.078,4730,5122,2.950,1.650,0.940,5,0,67.027,0,0,11,32,0,47,0
18-05 21:44:05,40.762,9.253,49.014,0,0,1477956,1045448,170712,5240776,2823.814,2478.715,0,180.052,0,19.005,3586,2250,2.950,1.650,0.940,3,0,68.020,0,0,11,33,0,47,0
18-05 21:44:06,39.435,3.744,55.907,0.250,0,1518616,1004776,170712,5240788,8986.103,7872.948,0,143.762,0,5.990,3541,3041,2.950,1.650,0.940,0,0,0,0,0,11,34,0,47,0
18-05 21:44:07,36.466,5.994,56.698,0,0,1517036,1006296,170716,5240840,10004.797,8001.640,0,215.801,0,17.983,3852,4285,2.870,1.650,0.940,2,0,34.968,0,0,11,33,0,48,0
18-05 21:44:08,40.830,9.769,49.347,0,0,1454200,1069104,170720,5240860,4326.497,3051.994,0,300.590,0,43.085,4181,3349,2.870,1.650,0.940,3,0,104.205,0,0,11,32,0,46,0
18-05 21:44:09,37.445,4.493,57.167,0.250,0,1505296,1017984,170724,5240880,8728.284,7423.185,0,287.581,0,24.964,2898,2339,2.870,1.650,0.940,6,0,0,0,0,11,32,0,47,0
18-05 21:44:10,37.812,7.763,53.839,0,0,1470784,1052356,170728,5241016,9491.661,6552.812,0,116.192,0,8.013,3239,2208,2.870,1.650,0.940,3,0,60.099,0,0,11,33,0,47,0
18-05 21:44:11,37.906,4.239,56.110,0,0,1436916,1086204,170728,5241036,9224.035,8069.909,0,1169.089,0,21.945,3312,3321,2.870,1.650,0.940,2,0,4.988,0,0,11,33,0,48,0
18-05 21:44:12,40.599,5.263,54.382,0.251,0,1442068,1081040,170728,5241048,9032.964,6941.879,0,112.273,0,7.017,2892,3202,2.800,1.660,0.950,2,0,0,0,0,11,33,0,45,0
18-05 21:44:13,36.534,6.006,56.052,0,0,1472836,1050248,170732,5241068,10920.206,9545.922,0,112.105,0,7.007,3366,3186,2.800,1.660,0.950,3,0,43.040,0,0,11,33,0,46,0
18-05 21:44:14,39.015,4.752,54.520,0,0,1515136,1007912,170744,5241092,7893.936,6645.472,0,220.082,0,22.008,4314,4340,2.800,1.660,0.950,2,0,0,0,0,11,32,0,47,0
18-05 21:44:15,40.698,4.245,54.181,0,0,1450176,1072860,170744,5241100,8120.664,6642.546,0,151.807,0,9.987,3202,2282,2.800,1.660,0.950,3,0,4.994,0,0,11,33,0,47,0
18-05 21:44:16,35.445,4.243,59.159,0.250,0,1418236,1104644,170752,5241248,11857.710,9447.428,0,247.618,0,22.965,4194,4384,2.800,1.660,0.950,3,0,0.998,0,0,11,33,0,44,0
18-05 21:44:17,22.498,13.999,61.745,0,0,1419356,1103420,170760,5241344,9911.264,8349.380,0,159.988,0,8.999,5004,5074,2.580,1.630,0.940,0,0,276.979,0,0,11,33,0,44,0
18-05 21:44:18,20.782,3.505,75.365,0.250,0,1393288,1129472,170764,5241352,3986.068,2254.432,0,252.384,0,20.030,2224,2162,2.580,1.630,0.940,1,0,5.008,0,0,11,32,0,45,0
18-05 21:44:19,22.275,3.003,74.084,0,0,1405788,1116964,170772,5241352,4285.854,1642.861,0,140.159,0,10.011,1648,1228,2.580,1.630,0.940,0,0,0,0,0,11,33,0,45,0
18-05 21:44:20,17.721,1.997,79.120,0.250,0,1410060,1112684,170772,5241360,9365.645,7354.941,0,547.103,0,35.941,2576,2721,2.580,1.630,0.940,2,0,0,0,0,11,33,0,43,0
18-05 21:44:21,24.537,7.762,66.850,0,0,1383276,1139440,170772,5241384,6335.440,4839.211,0,112.167,0,14.021,4443,14154,2.580,1.630,0.940,1,0,96.143,0,0,11,32,0,45,0
18-05 21:44:22,13.991,14.241,70.704,0,0,1386828,1135844,170772,5241424,2392.443,1133.262,0,179.883,0,15.990,3839,2702,2.450,1.620,0.940,1,0,223.854,0,0,11,32,0,45,0
18-05 21:44:23,22.978,2.248,73.679,0,0,1401560,1121112,170772,5241424,1930.148,971.068,0,0,0,0,1619,984,2.450,1.620,0.940,1,0,0,0,0,11,32,0,45,0
18-05 21:44:24,18.270,2.252,78.334,0,0,1399552,1123092,170780,5241444,10194.932,7244.769,0,1581.696,0,112.120,2390,2551,2.450,1.620,0.940,1,1,0,0,0,11,33,0,43,0
18-05 21:44:25,18.486,4.996,75.694,0.250,0,1348260,1174364,170780,5241464,7103.786,5667.840,0,715.475,0,62.954,3411,3301,2.450,1.620,0.940,1,0,45.966,0,0,11,32,0,44,0
18-05 21:44:26,22.231,3.497,73.186,0,0,1359096,1163528,170780,5241464,3548.909,971.154,0,0,0,0,1606,1168,2.450,1.620,0.940,1,0,0,0,0,11,32,0,44,0
18-05 21:44:27,18.993,2.499,77.720,0.250,0,1379476,1143144,170780,5241468,7379.139,6174.606,0,159.938,0,6.997,1975,1717,2.340,1.610,0.940,1,0,1.000,0,0,11,33,0,44,0
18-05 21:44:28,18.283,3.005,77.389,0,0,1379436,1143144,170792,5241496,10637.125,9062.294,0,332.598,0,29.052,4252,5387,2.340,1.610,0.940,2,0,0,0,0,11,33,0,41,0
18-05 21:44:29,14.510,13.760,70.549,0.500,0,1350652,1171652,170792,5241768,3322.300,2157.494,0,232.161,0,16.011,4570,3762,2.340,1.610,0.940,1,0,249.173,0,0,11,32,0,41,0
18-05 21:44:30,19.710,20.708,57.634,0,0,1366096,1156144,170808,5241812,2004.963,970.047,0,279.437,0,17.964,5560,4240,2.340,1.610,0.940,2,0,376.242,0,0,11,32,0,43,0
18-05 21:44:31,44.759,5.751,48.759,0.250,0,1433788,1088356,170840,5241876,2154.415,1134.219,36.007,464.089,1.000,18.003,2590,1352,2.340,1.610,0.940,2,0,0,0,0,11,32,0,43,0
18-05 21:44:32,40.580,6.012,47.594,4.759,0,1501660,1016816,171140,5244884,2116.179,973.923,436.863,6184.213,17.034,533.053,5077,6524,2.310,1.620,0.950,2,0,29.057,0,0,11,36,0,41,0
18-05 21:44:33,39.988,6.498,42.487,8.997,0,1492292,1020228,171996,5249672,2171.330,971.700,0,33145.779,0,3093.046,13322,25344,2.310,1.620,0.950,1,1,108.966,0,0,11,36,0,41,0
18-05 21:44:34,40.741,8.748,40.991,7.998,0,1486188,1025104,172316,5250396,1931.572,971.785,0,41738.753,0,3567.210,13489,25933,2.310,1.620,0.950,2,0,32.993,0,0,11,36,0,41,0
18-05 21:44:35,44.993,6.749,45.993,1.500,0.250,1461052,1050156,172400,5250396,2170.686,1133.836,0,14953.836,0,904.869,4155,4802,2.310,1.620,0.950,4,0,6.999,0,0,11,32,0,41,0
18-05 21:44:36,45.753,4.250,49.253,0.250,0,1502856,1008324,172404,5250416,1934.135,972.068,0,720.050,0,39.003,2887,1666,2.310,1.620,0.950,2,0,2.000,0,0,11,34,0,37,0
18-05 21:44:37,38.971,8.244,41.219,8.494,0,1494916,1015040,173152,5250876,2314.284,1295.040,0,20089.107,0,2665.024,14622,26866,2.440,1.660,0.970,2,1,0.999,0,0,11,34,0,37,0
18-05 21:44:38,34.262,8.503,54.518,1.501,0,1460644,1049192,173236,5250908,2658.895,1458.491,0,4469.504,0,479.161,5064,6099,2.440,1.660,0.970,1,0,100.034,0,0,11,32,0,37,0
18-05 21:44:39,23.750,2.750,72.249,0.250,0,1425584,1084216,173256,5250924,2329.977,1349.987,0,815.992,0,50.000,1967,1540,2.440,1.660,0.970,1,0,1.000,0,0,11,32,0,37,0
18-05 21:44:40,22.724,3.496,72.417,0.499,0,1452756,1056980,173312,5250928,2538.102,1402.399,0,7075.920,0,374.572,2369,2804,2.440,1.660,0.970,1,0,0,0,0,11,32,0,37,0
18-05 21:44:41,22.531,2.754,73.351,0,0,1500044,1009692,173312,5250928,4347.985,1554.139,0,0,0,0,1751,1102,2.440,1.660,0.970,1,0,2.003,0,0,11,32,0,37,0
18-05 21:44:42,23.761,2.501,73.534,0,0,1484140,1025572,173312,5250948,2391.094,1350.618,0,196.090,0,1.000,1727,1167,2.330,1.650,0.970,1,0,1.000,0,0,11,32,0,37,0
18-05 21:44:43,22.979,4.246,72.184,0,0,1502564,1007116,173312,5250956,3960.366,1402.713,0,0,0,0,1947,1346,2.330,1.650,0.970,1,0,5.994,0,0,11,32,0,37,0
18-05 21:44:44,21.738,3.998,73.210,0.250,0,1543652,966028,173312,5250956,2536.621,1457.208,0,1703.074,0,187.898,1872,1197,2.330,1.650,0.970,3,0,1.999,0,0,11,32,0,33,0
18-05 21:44:45,23.043,2.755,73.639,0,0,1495252,1014412,173312,5250972,2619.931,1460.749,0,216.407,0,47.089,1754,1162,2.330,1.650,0.970,1,0,1.002,0,0,11,32,0,33,0
18-05 21:44:46,23.448,2.494,73.338,0,0,1508544,1001100,173312,5250972,2444.605,1347.027,0,91.797,0,3.991,1730,1199,2.330,1.650,0.970,2,0,0,0,0,11,32,0,33,0
18-05 21:44:47,21.541,4.508,72.637,0.250,0.250,1532796,976844,173328,5250980,2288.310,1406.649,0,400.755,0,34.064,1985,1641,2.220,1.640,0.970,1,0,3.006,0,0,11,32,0,33,0
18-05 21:44:48,23.480,2.248,73.439,0,0,1484332,1025220,173340,5251056,2595.840,1456.788,0,0,0,0,1737,1132,2.220,1.640,0.970,1,0,0.999,0,0,11,32,0,33,0
18-05 21:44:49,22.988,2.749,72.963,0,0,1502176,1007376,173340,5251056,2448.768,1349.321,0,0,0,0,1747,1177,2.220,1.640,0.970,1,0,0,0,0,11,32,0,30,0
18-05 21:44:50,22.993,3.249,73.477,0,0.250,1511560,997992,173340,5251056,4173.716,1457.551,0,0,0,0,1773,1143,2.220,1.640,0.970,2,0,1.999,0,0,11,32,0,30,0
18-05 21:44:51,23.279,2.503,73.090,0,0.250,1468852,1040604,173340,5251144,2406.976,1405.738,0,0,0,0,1758,1141,2.220,1.640,0.970,1,0,1.001,0,0,11,32,0,30,0
18-05 21:44:52,23.147,2.738,72.927,0,0,1475836,1033600,173348,5251156,2512.868,1397.808,0,3.982,0,0.996,1744,1197,2.120,1.620,0.970,2,0,0,0,0,11,32,0,30,0
18-05 21:44:53,22.853,3.767,73.583,0,0,1488620,1020796,173352,5251168,2730.350,1464.625,0,273.236,0,5.023,1811,1440,2.120,1.620,0.970,1,0,1.005,0,0,11,32,0,25,0
18-05 21:44:54,21.984,3.248,72.697,0.250,0,1489856,1019540,173372,5251168,2568.111,1349.008,0,6099.513,0,289.787,2099,2102,2.120,1.620,0.970,1,0,1.999,0,0,11,32,0,25,0
18-05 21:44:55,23.238,2.999,73.463,0,0,1443404,1065972,173372,5251188,2793.604,1457.272,0,0,0,0,1695,1104,2.120,1.620,0.970,1,0,1.000,0,0,11,32,0,25,0
18-05 21:44:56,21.783,3.756,73.612,0,0,1467700,1041672,173376,5251188,2499.814,1297.980,0,152.232,0,33.050,1769,1306,2.120,1.620,0.970,1,0,0,0,0,11,32,0,25,0
18-05 21:44:57,23.973,2.747,72.917,0.250,0,1459432,1049896,173376,5251232,3154.393,1456.335,0,431.507,0,28.967,2025,1714,2.030,1.610,0.970,1,0,1.998,0,0,11,32,0,20,0
18-05 21:44:58,22.989,2.999,72.966,0,0,1464892,1044436,173376,5251232,2656.746,1457.312,0,131.938,0,10.995,1749,1267,2.030,1.610,0.970,1,0,0,0,0,11,32,0,20,0
18-05 21:44:59,22.029,3.755,73.345,0,0,1486232,1023096,173376,5251232,2319.007,1297.682,0,220.286,0,2.003,1777,1187,2.030,1.610,0.970,1,0,2.003,0,0,11,32,0,20,0
18-05 21:45:00,14.763,12.761,71.313,0,0,1473732,1035448,173376,5251380,2737.403,1459.281,0,88.077,0,1.001,4002,2819,2.030,1.610,0.970,2,0,214.188,0,0,11,32,0,20,0
18-05 21:45:01,8.739,21.472,67.662,0,0,1469392,1039744,173376,5251400,4124.656,1348.253,0,878.861,0,9.987,5751,4270,2.030,1.610,0.970,1,0,414.463,0,0,11,32,0,17,0
18-05 21:45:02,8.261,20.778,69.592,0,0,1443280,1065664,173376,5251572,4217.602,1459.939,0,276.367,0,6.008,5345,3927,1.950,1.600,0.970,1,0,339.451,0,0,11,32,0,17,0
18-05 21:45:03,8.499,20.749,69.496,0,0,1431672,1077240,173376,5251600,2685.835,1565.904,0,8.000,0,1.000,5604,4115,1.950,1.600,0.970,1,0,381.977,0,0,11,32,0,17,0
18-05 21:45:04,20.727,5.244,73.168,0,0,1468996,1039908,173376,5251608,2714.949,1498.316,0,2217.508,0,12.985,2127,1538,1.950,1.600,0.970,1,0,21.975,0,0,11,32,0,17,0
18-05 21:45:05,22.760,3.502,73.281,0,0,1510424,998496,173376,5251592,2796.200,1458.626,0,0,0,0,1743,1150,1.950,1.600,0.970,1,0,2.001,0,0,11,32,0,13,0
18-05 21:45:06,22.745,2.999,73.734,0.250,0,1486376,1022524,173376,5251608,2731.409,1511.673,0,647.860,0,123.973,1808,1076,1.950,1.600,0.970,1,0,1.000,0,0,11,32,0,13,0
18-05 21:45:07,23.000,3.000,72.751,0.250,0,1530048,978860,173388,5251588,4306.052,1512.018,0,512.006,0,32.000,2028,1907,1.870,1.590,0.970,1,0,1.000,0,0,11,32,0,13,0
18-05 21:45:08,21.978,3.996,73.426,0.250,0,1551104,957796,173396,5251588,2595.398,1510.486,0,111.888,0,10.989,1754,1269,1.870,1.590,0.970,1,0,1.998,0,0,11,32,0,13,0
18-05 21:45:09,22.761,2.751,73.535,0,0,1505680,1003196,173396,5251612,3283.549,1458.688,0,0,0,0,1704,1154,1.870,1.590,0.970,2,0,1.000,0,0,11,32,0,11,0
18-05 21:45:10,22.243,3.749,73.228,0,0,1509816,999072,173396,5251600,3489.931,1457.554,0,7.998,0,1.999,1719,1203,1.870,1.590,0.970,1,0,1.999,0,0,11,32,0,11,0
18-05 21:45:11,23.507,2.251,73.271,0,0,1524740,984148,173396,5251600,2538.736,1458.423,0,12.003,0,1.000,1619,1051,1.870,1.590,0.970,3,0,0,0,0,11,32,0,11,0
18-05 21:45:12,22.729,3.497,73.431,0,0,1479880,1028996,173396,5251612,2623.529,1564.526,0,0,0,0,1720,1244,1.800,1.580,0.970,3,0,0.999,0,0,11,32,0,11,0
18-05 21:45:13,22.016,3.753,73.052,0,0,1510020,998868,173404,5251592,4415.156,1513.082,0,80.057,0,3.002,1732,1215,1.800,1.580,0.970,2,0,2.001,0,0,11,32,0,8,0
18-05 21:45:14,23.499,2.500,73.495,0,0,1476436,1032432,173404,5251612,4157.743,1457.910,0,19.999,0,1.000,1672,1131,1.800,1.580,0.970,1,0,1.000,0,0,11,32,0,8,0
18-05 21:45:15,22.476,3.496,73.171,0,0.250,1496580,1012300,173404,5251600,2612.190,1456.433,0,0,0,0,1716,1172,1.800,1.580,0.970,2,0,0,0,0,11,32,0,8,0
18-05 21:45:16,22.520,3.253,73.314,0,0,1524116,984764,173404,5251600,2540.209,1459.269,0,16.014,0,2.002,1696,1101,1.800,1.580,0.970,4,0,2.002,0,0,11,32,0,8,0
18-05 21:45:17,23.246,2.999,72.737,0,0,1475404,1033424,173436,5251620,2537.533,1457.732,0,655.879,0,73.986,1934,1659,1.740,1.570,0.970,1,0,2.000,0,0,11,32,0,6,0
18-05 21:45:18,22.201,3.492,73.338,0,0,1492716,1016140,173436,5251592,4148.808,1454.777,0,0,0,0,1718,1168,1.740,1.570,0.970,1,0,1.996,0,0,11,32,0,6,0
18-05 21:45:19,23.355,2.009,73.581,0.251,0,1505456,1003392,173440,5251596,2503.252,1518.827,0,204.921,0,30.135,1620,1085,1.740,1.570,0.970,2,0,2.009,0,0,11,32,0,6,0
18-05 21:45:20,22.702,3.243,73.593,0,0,1473236,1035580,173440,5251628,2609.434,1496.807,0,463.012,0,61.868,1787,1282,1.740,1.570,0.970,2,0,0.998,0,0,11,32,0,6,0
18-05 21:45:21,29.055,6.512,63.621,0,0,1439860,1069044,173440,5251488,4193.999,1568.993,0,0,0,0,2943,15274,1.740,1.570,0.970,1,0,38.073,0,0,11,32,0,4,0
18-05 21:45:22,24.487,2.499,73.210,0,0,1460492,1048380,173440,5251572,2536.620,1457.207,0,91.950,0,1.999,1649,1030,1.680,1.560,0.970,1,0,0,0,0,11,32,0,4,0
18-05 21:45:23,22.492,2.749,73.725,0,0,1444528,1064256,173440,5251660,2417.165,1457.496,0,0,0,0,1721,1181,1.680,1.560,0.970,1,0,1.000,0,0,11,32,0,4,0
18-05 21:45:24,24.007,2.251,73.523,0,0,1476380,1032404,173440,5251660,2418.755,1458.455,0,12.004,0,1.000,1670,1180,1.680,1.560,0.970,1,0,1.000,0,0,11,32,0,4,0
18-05 21:45:25,22.228,3.497,73.677,0.250,0,1450632,1058148,173440,5251664,2372.653,1456.559,0,79.921,0,2.997,1745,1329,1.680,1.560,0.970,1,0,0,0,0,11,32,0,3,0
18-05 21:45:26,22.730,3.247,72.687,0,0,1473480,1035320,173440,5251644,2609.745,1510.695,0,0,0,0,1703,1133,1.680,1.560,0.970,2,0,1.998,0,0,11,32,0,3,0
18-05 21:45:27,23.760,2.751,72.531,0,0,1464860,1043888,173464,5251672,2599.115,1458.626,0,604.259,0,65.028,1970,1673,1.620,1.550,0.970,2,0,2.001,0,0,11,32,0,3,0
18-05 21:45:28,22.259,3.501,73.278,0,0,1486640,1022108,173464,5251672,2538.983,1458.565,0,4.002,0,1.000,1760,1372,1.620,1.550,0.970,1,0,0,0,0,11,32,0,3,0
18-05 21:45:29,23.249,2.500,73.498,0,0,1458488,1050260,173464,5251672,2957.908,1499.954,0,23.999,0,1.000,1746,1196,1.620,1.550,0.970,2,0,1.000,0,0,11,32,0,3,0
18-05 21:45:30,23.247,3.250,73.241,0,0,1475052,1033708,173464,5251660,2914.634,1457.817,0,123.984,0,3.999,1694,1207,1.620,1.550,0.970,2,0,0,0,0,11,32,0,3,0
18-05 21:45:31,22.504,2.750,73.262,0,0,1490168,1018592,173464,5251660,2538.427,1458.245,0,12.002,0,1.000,1673,1062,1.620,1.550,0.970,1,0,2.000,0,0,11,32,0,3,0
18-05 21:45:32,12.770,17.027,69.360,0,0,1455620,1053088,173464,5251712,2602.133,1460.320,0,256.407,0,9.014,4642,3371,1.570,1.540,0.970,2,0,305.485,0,0,11,32,0,3,0
18-05 21:45:33,16.225,11.732,71.389,0,0,1449132,1059568,173464,5251720,4031.751,1455.744,0,199.690,0,30.952,3392,2467,1.570,1.540,0.970,1,0,154.760,0,0,11,32,0,3,0
18-05 21:45:34,22.745,2.749,73.233,0,0,1479108,1029580,173464,5251732,2759.363,1619.626,0,7.998,0,2.000,1753,1304,1.570,1.540,0.970,1,0,1.000,0,0,11,32,0,1,0
18-05 21:45:35,24.733,1.749,73.449,0,0,1479496,1029008,173468,5251912,2613.181,1456.986,0,35.975,0,1.999,1630,991,1.570,1.540,0.970,2,0,0,0,0,11,32,0,1,0
18-05 21:45:36,21.027,4.506,73.093,0,0,1511000,997436,173468,5251976,2481.161,1459.860,0,0,0,0,1877,1388,1.570,1.540,0.970,2,0,9.011,0,0,11,32,0,1,0
18-05 21:45:37,23.504,2.500,73.264,0.250,0,1534112,974316,173468,5251980,2658.499,1458.274,0,160.030,0,2.000,1658,1048,1.690,1.570,0.980,1,0,1.000,0,0,11,32,0,1,0
18-05 21:45:38,12.267,18.525,67.091,0.250,0,1499780,1008528,173468,5252100,2721.702,1459.986,40.054,208.283,2.003,29.039,4928,3679,1.690,1.570,0.980,1,0,341.464,0,0,11,32,0,1,0
18-05 21:45:39,8.740,20.726,69.170,0,0,1500444,1007816,173468,5252144,2535.067,1456.315,0,111.871,0,3.995,5626,4172,1.690,1.570,0.980,1,0,383.556,0,0,11,32,0,1,0
18-05 21:45:40,8.009,22.275,67.825,0,0.250,1477932,1030308,173468,5252164,2677.965,1459.616,0,216.239,0,6.007,5663,4291,1.690,1.570,0.980,3,0,410.455,0,0,11,32,0,1,0
18-05 21:45:41,8.250,21.001,68.502,0,0,1477976,1030236,173468,5252184,2662.067,1552.039,0,352.009,0,4.000,5550,4125,1.690,1.570,0.980,2,0,376.009,0,0,11,32,0,1,0
18-05 21:45:42,9.490,21.727,67.677,0,0,1437984,1070204,173468,5252204,2595.209,1456.434,0,966.960,0,10.988,5663,4162,1.550,1.540,0.980,2,0,399.570,0,0,11,32,0,1,0
18-05 21:45:43,10.011,22.023,67.071,0,0.250,1437620,1070516,173468,5252228,2614.750,1513.592,0,997.049,0,12.013,5766,4308,1.550,1.540,0.980,1,0,414.436,0,0,11,32,0,1,0
18-05 21:45:44,8.242,21.229,68.683,0,0,1436148,1071948,173468,5252252,2415.633,1456.573,0,867.150,0,36.964,5638,4146,1.550,1.540,0.980,1,0,384.623,0,0,11,32,0,1,0
18-05 21:45:45,8.748,20.246,69.238,0,0.500,1415084,1092988,173468,5252276,2642.529,1565.721,0,139.975,0,4.999,5489,4013,1.550,1.540,0.980,1,0,352.937,0,0,11,32,0,1,0
18-05 21:45:46,8.251,20.751,69.504,0,0,1389260,1118784,173468,5252304,2658.169,1458.093,0,320.020,0,8.001,5425,3814,1.550,1.540,0.980,1,0,348.022,0,0,11,32,0,1,0
18-05 21:45:47,9.008,22.018,68.057,0,0,1382544,1125476,173468,5252324,2900.433,1459.224,0,40.034,0,10.008,5575,4034,1.590,1.550,0.980,2,0,392.329,0,0,11,32,0,1,0
18-05 21:45:48,8.502,20.506,69.269,0,0,1380924,1127076,173468,5252352,2478.670,1458.394,0,124.034,0,9.002,5317,3906,1.590,1.550,0.980,2,0,352.095,0,0,11,32,0,1,0
18-05 21:45:49,17.498,25.247,55.493,0,0,1335888,1172072,173480,5252380,2417.688,1457.812,0,1103.857,0,136.982,6363,5349,1.590,1.550,0.980,2,0,503.935,0,0,11,32,0,3,0
18-05 21:45:50,51.482,23.742,23.992,0.250,0,1439612,1068304,173512,5252392,2688.073,1511.479,0,703.757,0,47.983,5577,4509,1.590,1.550,0.980,3,0,415.857,0,0,11,32,0,7,0
18-05 21:45:51,66.529,8.004,24.261,0.250,0,1574360,932560,173596,5253176,2599.149,1458.645,16.007,240.106,1.000,8.004,3723,1551,1.590,1.550,0.980,3,0,2.001,0,0,11,32,0,7,0
18-05 21:45:52,59.232,7.498,25.242,6.248,0,1634540,865436,174148,5259008,2597.215,1457.560,427.871,16163.117,8.997,1339.595,8966,13614,1.940,1.620,1.010,3,0,50.985,0,0,11,36,0,7,0
18-05 21:45:53,46.242,12.498,28.995,9.998,0,1667716,822624,174848,5267152,2745.518,1565.725,0,57741.860,0,4314.242,17058,32743,1.940,1.620,1.010,5,1,134.976,0,0,11,36,0,8,0
18-05 21:45:54,45.513,11.503,29.508,10.253,0,1701248,779648,175092,5276012,2841.786,1458.404,0,82182.739,0,5782.600,18614,38847,1.940,1.620,1.010,4,0,84.023,0,0,11,36,0,8,0
18-05 21:45:55,44.506,9.001,32.004,10.751,0,1701008,771544,175552,5283588,9584.286,6501.872,0,74393.980,0,5603.752,18845,36950,1.940,1.620,1.010,7,0,33.004,0,0,11,37,0,8,0
18-05 21:45:56,48.222,8.745,30.982,9.245,0,1581084,884372,176116,5289908,7216.813,5751.663,0,52061.797,0,3954.706,16204,30260,1.940,1.620,1.010,4,0,48.972,0,0,11,34,0,9,0
18-05 21:45:57,38.235,23.491,26.240,8.747,0,1603816,855108,176312,5296368,2816.906,1457.434,371.856,45494.330,5.998,3122.787,14586,26609,2.110,1.660,1.030,3,0,364.858,0,0,11,34,0,9,0
18-05 21:45:58,50.541,17.514,22.268,7.756,0,1638048,817080,176424,5299476,5274.230,3818.062,384.308,47590.167,3.002,3735.996,16081,31092,2.110,1.660,1.030,2,0,137.110,0,0,11,35,0,9,0
18-05 21:45:59,43.177,15.723,30.698,8.486,0,1642340,809332,176552,5302676,10718.821,7364.510,1257.867,42792.424,23.959,3259.472,14524,27321,2.110,1.660,1.030,5,0,191.675,0,0,11,35,0,9,0
18-05 21:46:00,32.051,7.762,48.076,9.515,0,1639492,810404,176888,5304060,12392.661,10524.697,0,52787.748,0,4410.998,17782,34075,2.110,1.660,1.030,2,0,36.057,0,0,11,35,0,9,0
18-05 21:46:01,36.740,7.998,42.989,7.748,0,1549052,900584,177128,5304068,4746.746,3553.062,0,36546.348,0,3206.153,13065,25371,2.110,1.660,1.030,2,0,50.987,0,0,11,34,0,9,0
18-05 21:46:02,40.500,7.250,40.500,9.500,0,1593900,855180,177236,5304480,2505.995,1565.997,0,45627.908,0,4092.992,14254,29585,2.420,1.740,1.050,2,1,36.000,0,0,11,34,0,9,0
18-05 21:46:03,36.202,7.240,43.692,9.487,0,1585956,861560,177284,5305968,8341.883,7120.511,0,44137.181,0,3705.063,14864,28098,2.420,1.740,1.050,2,0,32.956,0,0,11,37,0,9,0
18-05 21:46:04,36.462,6.243,45.452,7.992,0,1581148,864664,177372,5307548,12095.286,10488.975,0,30539.899,0,2885.966,14105,26458,2.420,1.740,1.050,3,2,29.968,0,0,11,37,0,9,0
18-05 21:46:05,34.081,9.272,45.357,9.021,0,1557708,885564,177508,5309872,8364.802,6970.501,0,50058.503,0,4151.829,17161,32846,2.420,1.740,1.050,2,0,96.228,0,0,11,36,0,10,0
18-05 21:46:06,36.270,10.256,39.772,10.506,0,1591600,848696,177612,5312672,2493.368,1512.830,0,54577.948,0,4280.349,16850,32095,2.420,1.740,1.050,2,0,68.037,0,0,11,36,0,10,0
18-05 21:46:07,33.743,7.498,43.991,10.748,0,1601308,836080,177700,5315368,7704.410,6499.659,0,61019.408,0,4824.005,17947,35150,2.310,1.720,1.050,4,0,78.984,0,0,11,37,0,10,0
18-05 21:46:08,35.254,7.501,45.005,10.001,0,1595004,839940,177720,5317728,8893.073,7272.878,0,43189.212,0,3838.463,16984,32716,2.310,1.720,1.050,3,1,69.008,0,0,11,37,0,10,0
18-05 21:46:09,33.500,7.000,47.001,9.750,0,1590336,843908,177776,5318324,11657.155,10145.135,0,44740.596,0,3774.050,16269,31452,2.310,1.720,1.050,2,1,24.000,0,0,11,36,0,10,0
18-05 21:46:10,36.176,9.980,39.669,10.978,0,1553768,885012,177880,5313692,2430.024,1455.021,0,46864.039,0,4065.675,15614,30343,2.310,1.720,1.050,3,0,41.914,0,0,11,36,0,10,0
18-05 21:46:11,41.973,3.748,48.219,4.747,0,1580376,858096,177896,5313988,5461.485,3427.794,0,9885.638,0,1252.194,7113,11476,2.310,1.720,1.050,1,1,26.983,0,0,11,35,0,12,0
18-05 21:46:12,23.990,12.995,60.726,1.249,0,1458244,980172,177896,5314044,10256.887,8976.400,0,12291.071,0,719.711,6466,8277,2.120,1.690,1.050,5,0,211.915,0,0,11,33,0,12,0
18-05 21:46:13,17.718,2.745,77.113,0.250,0,1455104,983028,177896,5314328,11646.276,9371.324,0,2004.433,0,112.799,4696,6108,2.120,1.690,1.050,1,1,0,0,0,11,33,0,12,0
18-05 21:46:14,18.330,6.277,73.821,0,0,1378264,1059856,177896,5314340,5544.087,4372.999,0,775.369,0,50.218,2954,2579,2.120,1.690,1.050,1,0,55.240,0,0,11,32,0,13,0
18-05 21:46:15,23.223,2.747,73.165,0.250,0,1419748,1018372,177896,5314340,2552.019,1456.299,0,527.384,0,38.954,1806,1354,2.120,1.690,1.050,1,0,0,0,0,11,32,0,13,0
18-05 21:46:16,18.006,2.751,78.524,0,0,1423896,1014128,177896,5314436,9673.974,8461.601,0,528.162,0,11.003,2449,2397,2.120,1.690,1.050,2,1,0,0,0,11,33,0,13,0
18-05 21:46:17,19.511,5.253,73.543,0.500,0.250,1428916,1009100,177896,5314444,4745.793,3454.033,0,2093.232,0,127.075,3086,3081,2.030,1.680,1.050,1,0,35.021,0,0,11,32,0,14,0
18-05 21:46:18,22.470,2.746,74.401,0,0,1469908,968100,177896,5314452,4461.039,2144.135,0,43.941,0,3.995,1679,1086,2.030,1.680,1.050,0,0,0,0,0,11,33,0,14,0
18-05 21:46:19,17.518,1.251,79.832,0,0,1466176,971684,177900,5314592,8883.080,7500.667,0,244.250,0,21.021,2206,2314,2.030,1.680,1.050,1,0,0,0,0,11,32,0,15,0
18-05 21:46:20,19.750,7.250,72.001,0,0,1448356,989496,177900,5314600,2561.051,1566.031,0,360.007,0,33.001,2670,2147,2.030,1.680,1.050,6,0,60.001,0,0,11,32,0,15,0
18-05 21:46:21,24.514,5.253,69.040,0.500,0,1476188,961660,177900,5317472,4806.777,3817.206,0,5427.136,0,265.153,2934,8565,2.030,1.680,1.050,3,0,36.021,0,0,11,33,0,15,0
18-05 21:46:22,20.949,3.741,73.821,0,0.249,1462456,975328,177900,5314652,10593.288,8803.632,0,829.985,0,38.906,3649,9139,1.950,1.670,1.050,4,0,0,0,0,11,33,0,16,0
18-05 21:46:23,20.279,5.508,73.103,0.250,0.250,1441568,996076,177900,5314792,3779.312,2353.308,0,660.929,0,31.044,2435,1903,1.950,1.670,1.050,1,0,43.061,0,0,11,32,0,16,0
18-05 21:46:24,23.212,2.995,73.631,0,0,1435448,1002192,177900,5314796,2861.375,1563.473,0,311.497,0,13.977,1662,1133,1.950,1.670,1.050,2,0,0,0,0,11,32,0,16,0
18-05 21:46:25,17.035,2.004,79.413,0,0,1431188,1006444,177900,5314804,10086.716,8447.349,0,320.659,0,15.031,2334,2373,1.950,1.670,1.050,5,0,0,0,0,11,33,0,16,0
18-05 21:46:26,17.010,6.004,76.047,0.500,0.250,1407128,1030488,177900,5314820,6881.239,5326.281,0,6580.054,0,177.109,3969,4377,1.950,1.670,1.050,5,0,77.047,0,0,11,32,0,17,0
18-05 21:46:27,8.246,21.990,67.720,0.250,0,1373224,1064224,177900,5314988,2596.860,1457.360,0,251.889,0,13.994,5731,4322,1.950,1.680,1.050,1,0,414.818,0,0,11,32,0,17,0
18-05 21:46:28,45.240,18.246,34.742,0,0,1402120,1035116,177920,5315180,2537.413,1457.663,0,867.799,0,61.986,5544,4375,1.950,1.680,1.050,3,1,305.929,0,0,11,32,0,23,0
18-05 21:46:29,66.728,8.997,23.742,0,0,1525332,911384,177936,5315684,2537.164,1499.506,0,307.898,0,16.994,3884,1727,1.950,1.680,1.050,4,0,2.999,0,0,11,32,0,23,0
18-05 21:46:30,68.324,7.508,23.526,0.250,0,1651568,782892,178016,5317852,2737.982,1459.590,0,2226.425,0,69.075,4004,1849,1.950,1.680,1.050,4,0,0,0,0,11,32,0,23,0
18-05 21:46:31,69.336,6.235,23.943,0.499,0,1765688,665724,178124,5320360,2545.986,1508.437,0,4856.528,0,154.635,4074,1785,1.950,1.680,1.050,3,0,5.986,0,0,11,32,0,23,0
18-05 21:46:32,45.586,7.514,37.320,7.264,0,1785764,635796,178216,5329628,2723.119,1460.746,0,44760.135,0,3506.591,15123,28064,2.120,1.720,1.070,2,1,144.271,0,0,11,38,0,23,0
18-05 21:46:33,32.017,10.256,43.023,11.256,0,1784564,626472,178288,5339764,2719.474,1458.791,0,85230.189,0,6312.421,22487,45146,2.120,1.720,1.070,0,1,222.120,0,0,11,38,0,23,0
18-05 21:46:34,28.946,10.730,45.415,11.978,0,1784500,618408,178352,5347484,2832.707,1455.281,0,93417.461,0,6946.022,23097,46287,2.120,1.720,1.070,2,0,155.709,0,0,11,38,0,23,0
18-05 21:46:35,46.427,11.732,29.204,10.234,0,1699196,695268,178424,5355596,2730.695,1455.705,0,64466.356,0,5023.080,18197,36473,2.120,1.720,1.070,2,1,230.636,0,0,11,36,0,23,0
18-05 21:46:36,50.441,11.544,25.848,9.787,0,1704284,681464,178480,5363912,2607.880,1463.545,0,76979.640,0,5413.509,18595,35425,2.120,1.720,1.070,5,0,67.255,0,0,11,36,0,23,0
18-05 21:46:37,43.173,11.480,31.943,10.731,0,1748572,624792,178512,5375800,2667.246,1509.310,0,77988.998,0,5239.661,17444,35475,2.270,1.750,1.080,1,1,9.982,0,0,11,36,0,23,0
18-05 21:46:38,44.289,9.759,31.278,11.260,0,1787100,582708,178524,5379224,2794.478,1513.342,0,73749.405,0,5480.861,19633,38051,2.270,1.750,1.080,4,1,68.060,0,0,11,38,0,23,0
18-05 21:46:39,50.198,9.490,32.466,6.243,0,1733644,633612,178532,5381708,2669.211,1510.422,0,51705.983,0,3808.022,14352,27350,2.270,1.750,1.080,2,0,143.850,0,0,11,36,0,23,0
18-05 21:46:40,24.039,13.271,60.347,0.250,0,1463416,903812,178532,5381736,2559.132,1460.358,0,3028.891,0,176.285,4254,3566,2.270,1.750,1.080,2,0,249.403,0,0,11,32,0,23,0
18-05 21:46:41,23.445,2.744,72.828,0.249,0,1462056,905172,178532,5381736,2715.597,1548.349,0,790.137,0,47.887,1893,1533,2.270,1.750,1.080,1,0,0.998,0,0,11,32,0,23,0
18-05 21:46:42,23.514,3.502,72.294,0.500,0,1485308,881920,178532,5381736,2479.524,1458.897,0,6071.733,0,372.229,2135,2436,2.170,1.740,1.080,2,0,0,0,0,11,32,0,23,0
18-05 21:46:43,24.285,2.253,71.853,0,0,1514028,853192,178532,5381744,2601.729,1460.093,0,148.212,0,12.017,2158,1839,2.170,1.740,1.080,4,0,7.010,0,0,11,38,0,23,0
18-05 21:46:44,21.221,4.993,72.652,0,0,1475908,891284,178532,5381748,2594.492,1456.031,0,95.870,0,9.986,2134,1386,2.170,1.740,1.080,1,0,27.962,0,0,11,32,0,23,0
18-05 21:46:45,22.759,3.001,74.029,0,0,1513204,853988,178532,5381748,2736.055,1458.562,0,0,0,0,1698,1123,2.170,1.740,1.080,2,0,1.000,0,0,11,32,0,23,0
18-05 21:46:46,22.745,2.749,73.485,0,0,1564508,802684,178532,5381748,4397.100,1457.702,0,3.999,0,1.000,1725,1134,2.170,1.740,1.080,1,0,2.000,0,0,11,32,0,23,0
18-05 21:46:47,21.530,5.758,71.849,0.501,0,1493292,873884,178536,5381760,2841.924,1460.016,0,656.907,0,29.040,2582,1980,2.070,1.730,1.080,2,0,61.084,0,0,11,32,0,23,0
18-05 21:46:48,14.734,39.206,44.450,0,0,1476064,891064,178536,5381808,2714.973,1456.376,0,191.786,0,20.977,7432,6827,2.070,1.730,1.080,2,0,920.973,0,0,11,32,0,23,0
18-05 21:46:49,9.765,26.292,63.100,0,0,1464376,902708,178536,5381848,2616.135,1514.394,0,220.348,0,20.032,5942,4494,2.070,1.730,1.080,1,0,528.836,0,0,11,32,0,23,0
18-05 21:46:50,7.740,21.221,69.157,0,0,1462440,904580,178536,5381912,2671.405,1456.041,0,19.973,0,4.993,5435,3818,2.070,1.730,1.080,1,0,361.514,0,0,11,32,0,23,0
18-05 21:46:51,9.011,20.274,69.332,0,0,1425692,941300,178540,5381944,4190.980,1567.863,0,16.019,0,4.005,5303,3758,2.070,1.730,1.080,2,0,307.365,0,0,11,32,0,17,0
18-05 21:46:52,9.987,20.223,67.909,0,0.499,1411628,955340,178540,5381968,2414.781,1456.059,0,35.952,0,8.988,5425,3797,1.990,1.720,1.080,1,0,300.599,0,0,11,32,0,17,0
18-05 21:46:53,22.276,12.264,63.573,0,0,1404812,962116,178540,5381976,2480.854,1459.679,0,4.005,0,1.001,5414,7356,1.990,1.720,1.080,3,0,134.154,0,0,11,32,0,17,0
18-05 21:46:54,45.748,10.999,43.248,0,0.250,1451896,915024,178548,5382436,4157.810,1457.934,0,251.989,0,6.000,3792,2434,1.990,1.720,1.080,2,0,124.994,0,0,11,33,0,17,0
18-05 21:46:55,42.428,7.987,48.917,0,0,1528480,838328,178548,5382548,2670.494,1455.544,0,7.987,0,0.998,2606,1331,1.990,1.720,1.080,3,0,0,0,0,11,33,0,17,0
18-05 21:46:56,47.566,3.254,47.566,0,0,1589876,776588,178564,5382872,2541.513,1460.018,104.144,272.376,1.001,14.019,3662,2823,1.990,1.720,1.080,2,0,17.024,0,0,11,49,0,16,0
18-05 21:46:57,46.256,5.251,47.256,0,0,1630472,734292,178616,5384228,2658.339,1458.186,0,1572.200,0,128.016,3228,2223,1.990,1.720,1.090,3,0,3.000,0,0,11,49,0,16,0
18-05 21:46:58,33.246,11.499,53.994,0.250,0,1631540,730512,178620,5386784,2731.687,1511.827,0,307.965,0,12.999,6015,8290,1.990,1.720,1.090,1,0,135.984,0,0,11,48,0,17,0
18-05 21:46:59,13.752,17.753,67.261,0,0,1649244,712744,178624,5386800,2718.440,1458.236,0,0,0,0,5222,5201,1.990,1.720,1.090,1,0,267.043,0,0,11,48,0,17,0
18-05 21:47:00,13.225,8.733,76.603,0,0,1642972,718996,178624,5386812,2743.720,1509.096,0,0,0,0,3523,5109,1.990,1.720,1.090,0,0,90.825,0,0,11,48,0,16,0
18-05 21:47:01,0.747,0.996,97.393,0,0.249,1642972,718996,178624,5386812,4262.364,1452.671,0,0,0,0,731,983,1.990,1.720,1.090,0,0,2.989,0,0,11,48,0,16,0
18-05 21:47:02,0.501,0.752,97.469,0,0,1642968,718996,178624,5386812,4167.363,1461.283,0,2036.576,0,16.036,810,1043,1.830,1.690,1.080,0,0,3.007,0,0,11,48,0,16,0
18-05 21:47:03,0.501,0.501,98.131,0,0,1642968,718996,178624,5386812,2735.641,1514.015,0,236.315,0,2.003,697,973,1.830,1.690,1.080,0,1,1.001,0,0,11,48,0,16,0
18-05 21:47:04,3.005,3.506,92.148,0,0,1636180,725804,178624,5386808,2542.070,1502.406,0,8.013,0,2.003,1653,1682,1.830,1.690,1.080,1,0,41.066,0,0,11,48,0,16,0
18-05 21:47:05,20.497,14.998,63.241,0,0,1685156,676788,178624,5387248,2554.643,1457.796,0,0,0,0,5539,7132,1.830,1.690,1.080,1,0,238.967,0,0,11,48,0,16,0
18-05 21:47:06,14.732,15.731,68.418,0,0,1660504,701296,178624,5386972,2355.169,1456.250,0,343.587,0,28.965,4811,4915,1.830,1.690,1.080,1,0,274.670,0,0,12,64,0,16,0
18-05 21:47:07,14.504,19.005,64.768,0.250,0,1657040,704672,178624,5387440,2714.772,1696.482,0,4329.231,0,273.078,5980,5582,1.680,1.660,1.080,1,0,255.073,0,0,12,64,0,16,0
18-05 21:47:08,19.246,11.747,67.985,0,0,1652024,709716,178624,5386976,2537.425,1457.669,0,0,0,0,4693,5163,1.680,1.660,1.080,1,0,137.969,0,0,12,64,0,15,0
18-05 21:47:09,5.254,8.256,84.557,0.250,0,1654000,707720,178624,5387004,2599.740,1458.976,0,236.158,0,13.009,2622,2576,1.680,1.660,1.080,2,0,161.108,0,0,12,64,0,15,0
18-05 21:47:10,18.992,16.243,62.973,0,0,1665548,696144,178624,5387468,2877.757,1511.347,0,23.990,0,4.998,5836,6786,1.680,1.660,1.080,2,0,216.906,0,0,14,64,0,15,0
18-05 21:47:11,13.016,14.268,71.340,0,0.250,1674400,687152,178624,5387188,4277.392,1459.840,0,16.020,0,4.005,4457,3515,1.680,1.660,1.080,2,0,244.308,0,0,14,66,0,15,0
18-05 21:47:12,10.502,19.003,69.262,0,0.250,1658344,703152,178624,5387224,2598.466,1500.269,0,12.002,0,3.001,5360,3913,1.630,1.650,1.070,2,0,319.057,0,0,14,66,0,13,0
18-05 21:47:13,14.235,17.981,66.180,0,0,1656876,704576,178624,5387676,2715.114,1456.452,0,19.979,0,4.995,5476,5518,1.630,1.650,1.070,1,0,235.749,0,0,14,66,0,13,0
18-05 21:47:14,26.530,15.267,56.815,0,0,1672052,689368,178624,5387260,2661.034,1459.664,0,160.183,0,9.010,5499,5904,1.630,1.650,1.070,3,0,228.260,0,0,14,66,0,13,0
18-05 21:47:15,30.012,24.010,45.018,0,0,1738392,622996,178636,5387280,4504.850,1566.643,0,368.151,0,7.003,5904,4355,1.630,1.650,1.070,2,0,406.167,0,0,14,66,0,13,0
18-05 21:47:16,30.245,23.746,45.243,0,0,1784932,576236,178672,5387464,2537.585,1457.761,0,7.999,0,2.000,6103,4582,1.630,1.650,1.070,2,0,464.924,0,0,14,66,0,12,0
18-05 21:47:17,32.496,23.747,42.495,0,0.250,1828776,530952,178708,5388800,2717.672,1547.813,7.999,1179.858,1.000,47.994,7030,8392,1.740,1.680,1.090,3,0,357.957,0,0,14,70,0,14,0
18-05 21:47:18,37.762,22.007,39.763,0,0.250,1924592,435080,178708,5389172,2778.903,1458.474,0,412.134,0,6.002,6549,7007,1.740,1.680,1.090,2,0,256.083,0,0,14,70,0,14,0
18-05 21:47:19,59.830,17.700,21.688,0,0,1981964,377688,178708,5389176,2590.649,1453.874,0,0,0,0,4369,3321,1.740,1.680,1.090,4,0,248.295,0,0,14,70,0,14,0
18-05 21:47:20,66.350,23.035,10.015,0,0,2061096,298260,178724,5389964,2739.129,1502.265,0,789.190,0,17.026,5635,5044,1.740,1.680,1.090,8,0,348.525,0,0,14,70,0,12,0
18-05 21:47:21,64.579,16.520,18.523,0,0,2111432,247384,178748,5390008,2555.126,1513.852,0,0,0,0,4888,6850,1.740,1.680,1.090,5,0,145.178,0,0,14,70,0,12,0
18-05 21:47:22,71.943,25.480,1.749,0,0,2207436,150716,178804,5390628,2536.000,1456.851,0,707.442,0,12.990,5768,18063,2,1.730,1.110,4,0,389.693,0,0,14,70,0,13,0
18-05 21:47:23,69.116,22.456,3.743,4.242,0,2276456,149408,175196,5327916,2533.084,1455.176,674.691,2858.453,79.845,179.651,6392,6166,2,1.730,1.110,4,0,274.467,0,0,14,74,0,13,0
18-05 21:47:24,81.171,16.383,1.241,0.496,0,2395480,152624,173232,5209404,2579.609,1447.679,182.697,27.802,3.972,3.972,5969,5663,2,1.730,1.110,5,1,117.165,0,0,14,74,0,11,0
18-05 21:47:25,65.606,25.694,5.737,2.993,0,2466844,162672,172728,5131216,2848.744,1454.805,1173.423,25527.943,52.884,1754.148,12282,20304,2,1.730,1.110,4,1,290.362,0,0,14,76,0,11,0
18-05 21:47:26,69.440,24.241,4.798,1.263,0,2559116,142452,172312,5061440,2894.746,1581.707,4.040,17049.305,1.010,1895.826,12682,22624,2,1.730,1.110,10,1,262.608,0,0,14,76,0,11,0
18-05 21:47:27,65.770,19.506,11.503,2.751,0,2603908,167576,171952,4993072,2778.824,1548.459,56.017,8506.523,4.001,507.150,8102,12548,2.080,1.750,1.120,8,0,143.042,0,0,14,76,0,13,0
18-05 21:47:28,78.305,19.452,0.998,0,0,2671748,164868,171296,4929804,3070.369,1496.281,387.038,10617.612,26.933,646.393,7765,11975,2.080,1.750,1.120,8,0,259.355,0,0,14,80,0,9,0
18-05 21:47:29,68.350,23.034,8.012,0.250,0,2757624,151620,171264,4859164,2722.000,1460.146,20.029,2535.726,5.007,82.121,7939,10870,2.080,1.750,1.120,4,0,360.530,0,0,14,95,0,14,0
18-05 21:47:30,40.099,25.312,33.833,0,0.251,2820708,158724,171264,4791096,2996.366,1515.726,4.010,661.626,1.002,34.084,7929,10729,2.080,1.750,1.120,2,0,350.862,0,0,14,95,0,14,0
18-05 21:47:31,44.704,13.986,40.458,0,0,2853992,131748,171264,4784812,2415.499,1456.492,15.983,503.479,0.999,25.973,5061,5302,2.080,1.750,1.120,9,0,137.857,0,0,14,97,0,14,0
18-05 21:47:32,70.098,13.769,13.018,1.752,0.250,2985764,124812,171156,4662528,2361.292,1460.036,985.374,2002.792,15.021,101.141,5854,8081,2.230,1.790,1.130,3,0,126.176,0,0,14,100,0,17,0
18-05 21:47:33,45.704,7.492,46.203,0.250,0,3055692,119544,171176,4599272,2475.501,1456.530,7.992,11288.604,1.998,484.511,3457,2424,2.230,1.790,1.130,1,1,1.998,0,0,14,104,0,17,0
18-05 21:47:34,8.505,19.762,68.790,0.750,0.250,3072096,169776,171176,4534060,2599.517,1458.851,4.002,1076.628,1.001,75.044,5863,4992,2.230,1.790,1.130,2,0,346.202,0,0,14,103,0,18,0
18-05 21:47:35,8.003,19.758,70.528,0,0,3081080,160752,171176,4534100,2916.170,1458.585,8.003,1800.723,2.001,15.006,5519,4194,2.230,1.790,1.130,2,0,333.134,0,0,14,103,0,18,0
18-05 21:47:36,8.477,19.448,70.562,0.249,0,3081312,160492,171176,4534128,5517.334,1454.135,0,103.724,0,9.973,5401,3902,2.230,1.790,1.130,1,0,309.178,0,0,14,103,0,18,0
18-05 21:47:37,22.491,4.248,72.470,0,0,3124356,184884,171176,4468336,2596.918,1457.393,0,367.847,0,1.999,1888,1434,2.130,1.780,1.130,1,0,1.000,0,0,14,103,0,18,0
18-05 21:47:38,19.506,2.501,77.025,0,0,3141692,167536,171176,4468348,8833.909,7384.431,4.001,144.047,1.000,7.002,2018,1685,2.130,1.780,1.130,2,0,1.000,0,0,14,106,0,18,0
18-05 21:47:39,19.777,6.509,72.097,0.250,0,3072852,236360,171176,4468364,20346.408,18441.843,4.005,364.491,1.001,37.050,3354,3116,2.130,1.780,1.130,1,0,66.089,0,0,14,113,0,19,0
18-05 21:47:40,22.225,3.746,73.417,0,0,3126988,182208,171176,4468380,2612.051,1456.356,0,7.991,0,1.998,1772,1286,2.130,1.780,1.130,2,0,0,0,0,14,113,0,19,0
18-05 21:47:41,18.762,2.251,77.301,0.250,0,3148112,161068,171176,4468396,8577.645,7221.753,4.003,268.176,1.001,31.020,2221,2166,2.130,1.780,1.130,1,0,1.001,0,0,14,116,0,19,0
18-05 21:47:42,20.775,3.254,74.839,0.250,0,3152628,156336,171188,4468600,3444.091,2284.714,32.038,644.766,2.002,44.052,2407,2508,2.040,1.760,1.130,1,0,2.002,0,0,14,120,0,19,0
18-05 21:47:43,38.112,7.971,51.065,1.495,0.249,3232408,140768,171192,4405720,2781.928,1506.546,665.590,4902.251,42.845,281.979,6603,9433,2.040,1.760,1.130,2,0,5.978,0,0,14,125,0,19,0
18-05 21:47:44,29.362,9.536,58.974,0.502,0,3170172,202800,171192,4406048,3839.615,2610.939,112.428,1272.845,6.023,133.508,5136,5468,2.040,1.760,1.130,1,0,121.462,0,0,14,130,0,21,0
18-05 21:47:45,21.970,3.995,72.902,0.250,0,3230396,142576,171192,4406048,2970.994,1456.037,0,451.391,0,24.966,1850,1343,2.040,1.760,1.130,1,0,0,0,0,14,130,0,21,0
18-05 21:47:46,19.230,2.248,77.419,0,0,3247016,125944,171192,4406060,8737.802,7174.447,0,419.558,0,24.974,1913,1581,2.040,1.760,1.130,3,0,0,0,0,14,131,0,21,0
18-05 21:47:47,19.523,3.254,75.590,0.751,0,3250488,122428,171192,4406088,5636.722,4134.931,0,676.807,0,70.084,2889,3492,1.960,1.750,1.130,1,0,1.001,0,0,14,131,0,21,0
18-05 21:47:48,32.052,8.263,58.344,0.501,0,3207168,230068,171196,4343140,3970.409,2764.462,44.071,1690.729,5.008,124.200,4571,5508,1.960,1.750,1.130,2,0,40.065,0,0,14,130,0,22,0
18-05 21:47:49,40.716,10.241,46.960,0,0,3307920,194096,171196,4280360,4351.323,1510.723,0,447.622,0,25.978,3367,2049,1.960,1.750,1.130,2,0,58.950,0,0,14,130,0,22,0
18-05 21:47:50,41.272,5.003,53.529,0,0.250,3371460,130380,171196,4280536,8284.412,7253.863,176.094,408.217,1.001,25.013,2635,1576,1.960,1.750,1.130,3,0,0,0,0,14,131,0,22,0
18-05 21:47:51,21.927,5.482,71.012,0.249,0,3322004,179668,171196,4280700,19826.549,18815.936,7.973,1869.733,1.993,112.623,2826,2469,1.960,1.750,1.130,2,0,54.816,0,0,14,130,0,23,0
18-05 21:47:52,23.058,2.757,73.433,0.251,0,3346948,154720,171196,4280704,3921.783,1461.646,0,352.880,0,12.030,1754,1220,1.880,1.740,1.130,1,0,0,0,0,14,130,0,23,0
18-05 21:47:53,28.716,3.246,66.421,0,0,3362552,138632,171196,4281188,26144.913,24761.558,47.943,155.815,2.996,11.986,3409,4406,1.880,1.740,1.130,1,0,3.995,0,0,14,132,0,24,0
18-05 21:47:54,20.536,6.261,72.877,0,0,3362500,138664,171196,4281208,2676.668,1514.641,0,280.489,0,23.040,2513,2143,1.880,1.740,1.130,1,0,51.089,0,0,14,132,0,24,0
18-05 21:47:55,20.492,1.749,76.471,0,0,3398212,166244,171196,4219516,5845.776,3428.696,0,175.933,0,9.996,1617,1110,1.880,1.740,1.130,0,0,0,0,0,14,133,0,24,0
18-05 21:47:56,18.766,3.503,76.064,0.500,0,3391904,172504,171196,4219564,7569.392,7048.952,24.020,736.622,3.003,90.076,2873,3306,1.880,1.740,1.130,0,0,0,0,0,14,133,0,24,0
18-05 21:47:57,19.721,7.240,71.646,0.250,0,3348592,215792,171196,4219588,3884.386,1719.515,0,351.492,0,28.958,2984,2481,1.810,1.730,1.130,1,0,82.880,0,0,14,132,0,25,0
18-05 21:47:58,24.026,3.254,72.079,0,0.501,3386300,177864,171196,4219808,5717.273,3433.768,0,368.404,0,30.033,2530,2611,1.810,1.730,1.130,0,0,0,0,0,14,133,0,25,0
18-05 21:47:59,19.010,3.002,76.040,0.250,0,3348304,215860,171196,4219824,24315.812,22656.938,0,4370.303,0,424.224,2601,2099,1.810,1.730,1.130,1,0,18.009,0,0,14,132,0,26,0
18-05 21:48:00,21.210,5.240,72.612,0,0,3386176,177980,171196,4219832,2490.279,1455.241,0,235.553,0,13.974,2154,1640,1.810,1.730,1.130,1,0,36.930,0,0,14,132,0,26,0
18-05 21:48:01,18.756,2.501,77.526,0.250,0,3402652,161496,171196,4219840,8243.719,7144.356,4.001,520.172,1.000,34.011,1885,1624,1.810,1.730,1.130,2,0,0,0,0,14,133,0,25,0
18-05 21:48:02,21.171,4.732,69.243,2.491,0,3400248,163564,171196,4220176,3484.073,2390.132,219.187,7073.755,13.948,551.952,5632,9127,1.750,1.710,1.130,6,0,0.996,0,0,14,134,0,25,0
18-05 21:48:03,28.891,5.276,64.063,0.754,0,3372096,191320,171196,4220572,3880.958,2777.568,112.550,2954.432,7.034,242.183,5084,7862,1.750,1.710,1.130,1,0,18.088,0,0,14,133,0,27,0
18-05 21:48:04,21.456,4.990,72.101,0.499,0,3378152,185248,171196,4220572,2772.266,1496.904,0,251.480,0,14.969,2155,1582,1.750,1.710,1.130,2,0,34.928,0,0,14,133,0,27,0
18-05 21:48:05,19.000,1.750,78.251,0,0,3401064,162312,171196,4220596,8764.108,7248.089,0,236.003,0,15.000,1681,1320,1.750,1.710,1.130,1,0,0,0,0,14,134,0,27,0
18-05 21:48:06,17.763,4.253,76.556,0.250,0,3401832,161496,171196,4220644,7104.151,5693.128,16.012,888.644,1.001,78.057,3012,3626,1.750,1.710,1.130,2,0,0,0,0,14,134,0,27,0
18-05 21:48:07,24.750,5.500,67.500,0.500,0,3402260,161056,171200,4220652,2777.989,1457.994,0,903.996,0,99.000,4373,5984,1.770,1.720,1.130,1,0,1.000,0,0,14,134,0,27,0
18-05 21:48:08,38.980,8.745,50.224,0.750,0,3341912,221104,171200,4220952,3786.032,2322.792,0,1019.470,0,100.948,6896,10268,1.770,1.720,1.130,1,0,77.959,0,0,14,135,0,28,0
18-05 21:48:09,23.280,3.004,73.345,0,0,3380464,182548,171200,4220956,2439.144,1297.673,0,332.429,0,18.023,1761,1224,1.770,1.720,1.130,2,0,0,0,0,14,135,0,28,0
18-05 21:48:10,18.488,1.749,78.201,0,0,3397820,165188,171200,4220960,8520.653,7245.454,0,11.992,0,1.999,1639,1216,1.770,1.720,1.130,1,0,0,0,0,14,136,0,28,0
18-05 21:48:11,18.275,5.758,74.353,0.751,0,3361736,201244,171204,4220984,6604.178,5444.566,0,3697.138,0,265.369,4146,5190,1.770,1.720,1.130,2,0,51.071,0,0,14,135,0,29,0
18-05 21:48:12,19.711,6.986,71.358,0,0,3408984,153956,171204,4221008,2493.041,1293.427,0,231.539,0,22.954,2733,2444,1.700,1.710,1.130,2,0,95.809,0,0,14,135,0,29,0
18-05 21:48:13,26.514,2.751,69.788,0.250,0,3432524,130256,171204,4221168,8385.525,7251.913,0,1428.771,0,61.033,3106,3938,1.700,1.710,1.130,1,0,0,0,0,14,136,0,29,0
18-05 21:48:14,17.738,2.998,77.695,0.250,0,3429856,132784,171204,4221308,8754.847,7369.820,0,339.761,0,34.975,2949,3356,1.700,1.710,1.130,1,0,0,0,0,14,136,0,29,0
18-05 21:48:15,23.299,6.514,66.391,1.253,0,3426992,135612,171204,4221344,2458.205,1298.750,0,6209.146,0,402.853,5579,8234,1.700,1.710,1.130,2,0,0,0,0,14,136,0,29,0
18-05 21:48:16,30.968,9.740,56.192,0.499,0,3425516,136828,171204,4221572,2655.237,2888.994,31.967,819.148,1.998,76.920,9566,14732,1.700,1.710,1.130,2,0,4.995,0,0,14,140,0,29,0
18-05 21:48:17,48.054,16.018,34.789,0.501,0.250,3406624,155536,171204,4221724,4290.860,1890.141,24.027,1309.483,3.003,129.146,8535,11743,1.890,1.740,1.150,3,0,291.330,0,0,14,139,0,28,2
18-05 21:48:18,24.726,4.745,69.682,0.250,0.250,3456728,167748,171204,4160892,2563.480,1632.395,0,463.544,0,27.973,2256,2602,1.890,1.740,1.150,3,0,0,0,0,14,139,0,28,2
18-05 21:48:19,19.960,1.996,76.346,0,0,3473116,151356,171204,4160896,8158.590,8024.859,0,475.045,0,21.956,1907,1528,1.890,1.740,1.150,1,0,0,0,0,14,140,0,28,2
18-05 21:48:20,14.287,13.034,71.436,0,0,3412052,212396,171204,4160920,5658.699,2366.146,4.010,3312.605,1.003,331.862,4321,3193,1.890,1.740,1.150,1,0,194.505,0,0,14,139,0,29,2
18-05 21:48:21,8.981,19.957,68.603,0,0.249,3371712,252716,171204,4160940,2311.046,1293.228,0,315.324,0,18.959,5225,3812,1.890,1.740,1.150,1,0,293.371,0,0,14,139,0,29,2
18-05 21:48:22,22.892,20.403,55.239,0.498,0.249,3350964,273264,171204,4161140,2526.044,1451.132,31.849,1138.611,3.981,80.618,6111,16250,2.060,1.780,1.160,5,0,246.832,0,0,14,139,0,30,2
18-05 21:48:23,28.932,18.366,51.574,0,0,3379532,244516,171204,4161324,3960.920,1304.205,0,132.836,0,6.038,6085,7282,2.060,1.780,1.160,3,0,233.469,0,0,14,139,0,30,2
18-05 21:48:24,32.283,21.772,45.296,0,0,3419900,204112,171204,4161360,2748.813,1529.565,0,96.098,0,9.009,5701,4165,2.060,1.780,1.160,2,0,333.341,0,0,14,139,0,30,2
18-05 21:48:25,34.655,22.439,42.135,0,0,3470096,153548,171220,4162060,2326.631,1292.462,3.989,263.279,0.997,18.948,5759,6284,2.060,1.780,1.160,4,0,315.137,0,0,14,142,0,30,2
18-05 21:48:26,28.982,12.492,57.464,0.250,0,3485852,137612,171220,4162352,2356.519,1457.084,27.982,219.862,1.999,10.993,4812,5241,2.060,1.780,1.160,3,0,111.930,0,0,16,145,0,29,2
18-05 21:48:27,62.925,24.067,12.034,0,0,3602584,137704,171228,4048256,2424.754,1552.324,92.257,798.223,7.020,56.156,8207,13474,2.450,1.870,1.190,3,0,396.103,0,0,16,153,0,29,2
18-05 21:48:28,51.768,27.626,19.413,0.249,0,3671840,154608,171228,3962900,2484.875,1332.036,79.643,700.862,1.991,38.826,6465,5505,2.450,1.870,1.190,3,0,357.400,0,0,16,153,0,29,2
18-05 21:48:29,65.251,17.568,16.815,0,0,3750724,121636,171228,3917596,2788.741,1463.637,36.139,2184.413,4.015,98.379,5801,8615,2.450,1.870,1.190,3,0,194.750,0,0,16,165,0,29,2
18-05 21:48:30,46.288,19.766,33.027,0,0,3791776,132392,171228,3866140,2394.974,1297.069,12.010,496.409,3.002,34.028,7283,9948,2.450,1.870,1.190,2,0,267.220,0,0,16,169,0,19,2
18-05 21:48:31,36.010,24.007,39.261,0,0.500,3837156,131504,171228,3822300,2538.718,1458.412,0,340.096,0,14.004,12923,4534,2.450,1.870,1.190,2,0,404.114,0,0,16,169,0,19,2
18-05 21:48:32,29.237,22.989,46.229,0,0,3858068,162692,171236,3771208,2282.953,1295.406,11.995,779.643,2.999,51.976,6031,5039,2.500,1.890,1.200,2,0,350.839,0,0,17,169,0,19,2
18-05 21:48:33,20.982,15.736,61.946,0.250,0,3870520,149544,171236,3772368,2595.722,1526.660,0,283.751,0,15.986,6048,8569,2.500,1.890,1.200,1,0,189.833,0,0,17,169,0,19,2
18-05 21:48:34,28.198,20.712,50.157,0,0,3910928,163668,171240,3718680,2265.814,1347.511,0,3.993,0,0.998,5766,4406,2.500,1.890,1.200,3,0,347.358,0,0,17,171,0,15,0
18-05 21:48:35,32.217,23.726,42.706,0.250,0,3950148,137004,171240,3706644,2658.270,1402.560,3.996,10133.592,0.999,876.100,6971,5505,2.500,1.890,1.200,5,0,341.649,0,0,17,171,0,15,0
18-05 21:48:36,44.430,15.312,39.661,0,0,3992384,161324,171244,3641356,2488.070,1463.925,4.016,192.780,1.004,15.061,5474,5743,2.500,1.890,1.200,2,0,151.614,0,0,17,183,0,15,0
18-05 21:48:37,32.403,21.436,42.373,1.496,0.249,4055024,128616,171372,3612032,2548.379,1292.136,131.606,430.712,5.982,26.919,6509,6040,2.460,1.890,1.210,7,0,425.727,0,0,17,183,0,15,0
18-05 21:48:38,41.631,27.085,31.349,0,0,4142792,150148,171372,3505180,2666.394,1552.889,24.076,477.503,3.009,31.098,8048,12464,2.460,1.890,1.210,2,0,450.418,0,0,17,189,0,15,0
18-05 21:48:39,30.999,24.749,42.499,0.250,0.250,4194964,135972,171372,3467924,2255.950,1295.971,16.000,867.981,4.000,53.999,8382,12896,2.460,1.890,1.210,2,0,402.991,0,0,17,199,0,15,0
18-05 21:48:40,12.746,21.993,64.479,0.500,0,4207232,123608,171372,3468432,2554.165,1457.523,0,463.848,0,39.987,6500,6234,2.460,1.890,1.210,1,0,335.890,0,0,17,211,0,15,0
18-05 21:48:41,22.214,12.480,64.394,0,0,4214084,130676,171372,3454040,2495.905,1387.723,0,195.679,0,9.984,4366,4566,2.460,1.890,1.210,2,0,118.805,0,0,17,211,0,15,0
18-05 21:48:42,39.251,10.000,46.002,3.250,0,4292200,119320,171372,3388692,2478.083,1458.049,772.026,468.016,14.000,43.001,3709,2701,2.420,1.890,1.210,2,0,73.002,0,0,17,215,0,14,0
18-05 21:48:43,48.200,8.491,42.456,0.499,0,4383684,145560,171372,3273236,4005.867,1348.609,99.897,611.369,3.996,55.942,3990,3391,2.420,1.890,1.210,3,0,1.998,0,0,17,217,0,14,0
18-05 21:48:44,45.105,8.520,43.351,2.255,0,4480536,158972,171372,3165932,2469.728,1407.264,160.372,348.809,14.033,36.084,3516,2304,2.420,1.890,1.210,2,0,12.028,0,0,17,219,0,14,0
18-05 21:48:45,32.017,8.755,58.280,0,0,4372052,267128,171384,3166248,2736.429,1458.762,0,3265.705,0,23.012,3743,3428,2.420,1.890,1.210,2,0,166.087,0,0,17,223,0,14,0
18-05 21:48:46,29.712,23.969,43.444,1.997,0,4422496,215716,171384,3167216,2313.031,1294.338,918.820,455.415,9.987,23.969,6141,5114,2.420,1.890,1.210,4,0,391.497,0,0,17,229,0,12,0
18-05 21:48:47,35.737,29.489,31.489,1.999,0,4488108,148088,171400,3169204,8619.887,7247.383,975.648,1143.587,19.993,35.987,6650,6346,2.310,1.880,1.210,4,0,410.852,0,0,17,230,0,12,0
18-05 21:48:48,50.078,16.526,32.050,0.250,0,4477056,157540,171404,3170900,5453.528,4490.022,0,2700.223,0,159.249,7123,11040,2.310,1.880,1.210,1,0,156.244,0,0,17,231,0,13,0
18-05 21:48:49,71.445,17.117,10.419,0.744,0,4546200,131636,171408,3129000,2087.781,1393.177,39.692,321.502,5.954,12.900,5284,4362,2.310,1.880,1.210,6,0,146.859,0,0,17,234,0,13,0
18-05 21:48:50,68.694,12.078,16.607,2.013,0,4614176,136988,171412,3058176,8190.972,7188.489,853.520,599.880,16.104,22.143,4532,2965,2.310,1.880,1.210,2,1,17.111,0,0,17,235,0,12,0
18-05 21:48:51,56.567,10.262,23.528,9.261,0,4660616,174572,171440,2976424,7790.209,6744.974,1665.969,1177.392,79.094,58.069,5036,4301,2.310,1.880,1.210,2,2,27.032,0,0,17,240,0,13,0
18-05 21:48:52,54.870,11.473,13.219,19.454,0.249,4677420,149964,171492,2984144,3747.123,1292.937,5391.228,8599.627,374.114,92.780,5214,4504,2.360,1.900,1.220,3,1,20.950,0,0,17,240,0,13,0
18-05 21:48:53,65.124,14.778,18.034,1.503,0.250,4722756,127788,171508,2961808,3950.506,3328.324,376.716,629.196,46.088,52.099,6312,7813,2.360,1.900,1.220,3,0,168.320,0,0,17,244,0,18,0
18-05 21:48:54,30.957,24.466,42.690,0.250,0.250,4717580,140296,171512,2954652,11228.336,9674.504,43.939,635.114,4.993,47.933,7079,7349,2.360,1.900,1.220,4,0,380.469,0,0,17,244,0,16,0
18-05 21:48:55,45.839,20.790,33.064,0,0,4674088,182460,171512,2956428,3438.662,2255.369,0,14275.656,0,1073.079,7073,8095,2.360,1.900,1.220,5,0,248.481,0,0,17,243,0,17,0
18-05 21:48:56,54.934,21.225,23.722,0,0,4739976,138224,171512,2935184,4367.757,3587.693,7.990,323.612,1.998,12.984,5345,4588,2.360,1.900,1.220,3,0,296.644,0,0,17,244,0,17,0
18-05 21:48:57,49.541,26.021,22.268,0.250,0,4782716,149144,171516,2882620,13611.232,9675.985,12.010,1200.991,3.002,77.064,6662,6628,2.410,1.910,1.230,4,0,335.277,0,0,17,244,0,17,0
18-05 21:48:58,62.098,20.450,14.714,2.244,0,4758020,171400,171532,2885496,4659.573,2546.754,1025.485,375.080,43.892,24.939,6752,8882,2.410,1.910,1.230,3,0,196.518,0,0,17,243,0,17,0
18-05 21:48:59,67.196,23.318,8.525,0,0,4821616,169472,171532,2824092,2364.900,1462.267,268.784,758.212,12.035,40.117,7926,9775,2.410,1.910,1.230,3,0,308.901,0,0,17,247,0,19,0
18-05 21:49:00,49.363,26.925,21.191,1.745,0.249,4868628,157092,171536,2790544,10771.189,9761.982,718.013,1751.153,14.959,185.487,10524,14705,2.410,1.910,1.230,7,0,314.131,0,0,17,248,0,19,0
18-05 21:49:01,62.358,15.777,19.534,1.503,0,4858168,166804,171540,2791748,5391.297,4183.214,228.394,2848.913,10.017,47.081,6616,9677,2.410,1.910,1.230,3,0,182.314,0,0,17,249,0,21,0
18-05 21:49:02,62.153,18.221,17.473,1.248,0,4954696,152536,171540,2711220,4159.484,1509.635,443.306,459.280,28.955,38.939,6421,8415,2.460,1.930,1.240,4,0,174.726,0,0,17,255,0,21,0
18-05 21:49:03,59.630,9.270,30.316,0.251,0,5054912,119492,171540,2646036,12041.187,11489.989,20.044,336.732,2.004,25.054,4876,4841,2.460,1.930,1.240,2,0,6.013,0,0,17,260,0,20,0
18-05 21:49:04,60.703,7.744,28.478,1.749,0,5053024,148432,171548,2619492,10228.014,8835.101,603.529,811.366,37.970,60.952,4579,3525,2.460,1.930,1.240,2,0,12.990,0,0,17,262,0,22,0
18-05 21:49:05,61.785,11.507,24.014,2.001,0,5137916,137432,171556,2547424,5552.141,4178.364,800.453,712.403,51.029,62.035,5899,7010,2.460,1.930,1.240,2,0,10.006,0,0,17,269,0,28,0
18-05 21:49:06,60.489,11.248,26.495,1.250,0,5091836,200916,171592,2530328,14213.495,12724.757,1163.795,867.847,27.995,71.987,5645,5481,2.460,1.930,1.240,4,0,76.986,0,0,17,273,0,31,0
18-05 21:49:07,56.000,25.500,16.000,1.250,0,5089628,202096,171736,2531264,2657.990,1457.995,1327.995,2725.990,38.000,248.999,7874,9694,2.580,1.970,1.260,9,0,375.999,0,0,17,275,0,31,0
18-05 21:49:08,43.762,25.757,26.507,2.251,0,5127104,160656,171848,2535064,8445.232,7251.917,4205.112,1145.303,75.020,65.017,6572,6682,2.580,1.970,1.260,4,0,355.094,0,0,17,276,0,31,0
18-05 21:49:09,55.478,17.743,26.240,0,0.250,5134384,153260,171848,2535148,7770.974,6709.388,575.776,639.751,7.997,52.979,6359,6917,2.580,1.970,1.260,7,0,159.938,0,0,17,277,0,32,0
18-05 21:49:10,74.156,18.976,4.245,1.498,0.250,5163008,124580,171852,2535540,2611.696,1456.158,271.656,379.520,4.994,19.975,5461,3874,2.580,1.970,1.260,5,0,167.788,0,0,18,280,0,32,0
18-05 21:49:11,77.583,11.012,5.756,6.006,0,5247868,140852,171852,2438516,4073.381,3624.899,1337.439,368.396,70.075,18.019,4733,2468,2.580,1.970,1.260,1,2,9.010,0,0,18,281,0,31,0
18-05 21:49:12,70.475,9.430,10.919,9.182,0,5333752,133488,171868,2362548,12195.183,10336.028,2342.555,1183.189,116.135,80.401,5527,4241,2.620,1.980,1.270,5,0,10.919,0,0,18,282,0,32,0
18-05 21:49:13,86.691,10.554,1.256,0.754,0,5305724,159832,171892,2364208,2267.545,1302.632,956.872,12559.947,32.164,79.404,6357,6735,2.620,1.980,1.270,6,0,17.087,0,0,18,286,0,32,0
18-05 21:49:14,45.118,16.042,37.598,0.752,0.501,5362648,124616,171896,2343136,5393.117,7557.784,601.575,573.501,11.029,44.115,5803,5563,2.620,1.980,1.270,4,0,214.562,0,0,18,287,0,33,0
18-05 21:49:15,36.413,6.734,54.370,0.748,0,5370888,141148,171908,2319344,16055.558,8307.110,522.748,562.653,6.983,55.866,3640,3019,2.620,1.980,1.270,3,0,6.983,0,0,18,289,0,33,0
18-05 21:49:16,42.838,9.019,47.097,0.501,0.251,5358428,152980,171908,2319972,739142.331,21984.159,513.054,17507.964,4.008,1328.729,5397,3016,2.620,1.980,1.270,2,0,9.019,0,0,18,288,0,33,0
18-05 21:49:17,39.975,7.745,49.469,0,0,5375432,133556,171908,2322392,2461545.041,72769.652,319.801,547.659,5.996,46.971,7466,5850,2.570,1.980,1.270,4,0,7.995,0,0,18,292,0,33,0
18-05 21:49:18,24.228,6.994,66.190,0,0,5377580,128828,171908,2324956,2461840.716,60417.848,511.533,227.792,3.996,13.987,6916,5222,2.570,1.980,1.270,2,0,5.995,0,0,18,292,0,33,0
18-05 21:49:19,19.774,4.005,74.589,0.250,0,5382536,121952,171908,2326876,2466866.091,64292.678,256.306,348.416,2.002,27.032,5845,3450,2.570,1.980,1.270,1,0,1.001,0,0,18,292,0,32,0
18-05 21:49:20,2.751,1.000,91.771,0,0,5378768,122840,171908,2329740,2462168.095,62737.526,0,272.063,0,15.003,4795,3132,2.570,1.980,1.270,1,0,0,0,0,18,292,0,32,0
18-05 21:49:21,4.747,2.499,89.202,0.500,0,5372044,127276,171908,2332028,2462542.976,65949.381,0,1235.333,0,85.954,5702,4481,2.570,1.980,1.270,0,0,0,0,0,18,292,0,32,0
18-05 21:49:22,17.664,4.727,73.890,1.493,0,5312352,184596,171908,2336024,2458184.103,73180.950,163.206,1600.214,7.961,101.506,6346,7886,2.440,1.970,1.270,4,0,38.811,0,0,18,291,0,33,0
18-05 21:49:23,31.134,10.545,54.735,1.506,0,5332944,160136,171908,2338236,1642264.512,47612.350,2125.121,325.397,23.099,21.091,6482,12412,2.440,1.970,1.270,2,1,94.405,0,0,18,294,0,32,0
18-05 21:49:24,34.745,11.998,51.493,0.500,0,5380860,132788,171908,2318264,8507.798,7248.976,175.975,399.943,3.999,32.995,4633,3727,2.440,1.970,1.270,2,0,166.976,0,0,18,295,0,32,0
18-05 21:49:25,36.263,4.001,58.271,0.250,0,5418616,120892,171908,2293184,9611.436,8699.110,0,1620.579,0,84.030,3304,2806,2.440,1.970,1.270,2,0,0,0,0,18,295,0,33,0
18-05 21:49:26,23.145,4.231,71.425,0,0,5352068,187416,171908,2293212,10243.370,8559.037,0,493.752,0,22.896,3230,3258,2.440,1.970,1.270,3,0,36.832,0,0,18,300,0,34,0
18-05 21:49:27,15.850,3.019,78.497,0.503,0,5340968,197980,171908,2293748,121612.120,4030011.434,515.263,632.002,30.191,55.351,5219,5248,2.250,1.940,1.260,0,0,2.013,0,0,18,298,0,35,0
18-05 21:49:28,4.240,1.496,90.786,0.249,0,5339188,199608,171912,2293896,372717.196,12209803.347,0,239.435,0,19.953,4882,2765,2.250,1.940,1.260,0,0,0,0,0,18,298,0,35,0
18-05 21:49:29,14.469,2.495,80.327,0.249,0,5338312,200376,171912,2294004,1224644.906,263987.541,0,391.158,0,38.916,5688,5314,2.250,1.940,1.260,2,0,1.996,0,0,18,307,0,35,0
18-05 21:49:30,19.565,4.264,72.992,0.251,0,5340112,195276,171924,2297292,2471120.424,89452.668,16.053,569.890,1.003,47.156,7779,7917,2.250,1.940,1.260,2,0,3.010,0,0,18,309,0,35,0
18-05 21:49:31,4.250,3.000,88.999,0.250,0.500,5340748,192352,171924,2299564,2462734.237,100407.113,95.999,1195.989,6.000,155.999,6649,5566,2.250,1.940,1.260,1,0,0,0,0,18,309,0,35,0
18-05 21:49:32,3.737,2.741,88.195,0,0,5340144,190616,171924,2301904,2457381.033,83824.226,0,645.768,0,16.941,6340,5681,2.070,1.900,1.250,0,0,0,0,0,18,309,0,35,0
18-05 21:49:33,6.513,2.505,87.428,0.251,0,5336960,191020,171924,2304684,2338316.921,63998.002,4.008,845.718,1.002,53.108,5954,5500,2.070,1.900,1.250,3,0,1.002,0,0,18,309,0,35,0
18-05 21:49:34,3.257,2.506,90.705,0.501,0.251,5339208,187660,171924,2305780,2465057.931,67093.765,0,172.390,0,23.052,4952,4569,2.070,1.900,1.250,2,0,0,0,0,18,309,0,35,0
18-05 21:49:35,4.493,3.744,87.366,0.250,0.250,5337428,186340,171924,2308880,2030004.429,48056.552,0,14453.909,0,64.901,5412,6292,2.070,1.900,1.250,3,0,0,0,0,18,309,0,35,0
18-05 21:49:36,8.747,2.999,85.466,0,0,5338468,183372,171924,2310808,1724893.799,68988.515,31.987,203.919,1.999,23.990,5554,4903,2.070,1.900,1.250,2,0,0,0,0,18,306,0,38,0
18-05 21:49:37,10.758,17.013,68.803,1.751,0,5286064,235616,171924,2310952,2599.985,1459.114,40.031,552.422,3.002,34.026,5311,4466,1.980,1.890,1.250,1,0,363.277,0,0,18,306,0,38,0
18-05 21:49:38,23.465,6.740,69.147,0,0,5336408,184960,171924,2311264,2893.689,1455.831,0,95.857,0,0.999,2966,3017,1.980,1.890,1.250,2,0,102.847,0,0,18,306,0,38,0
18-05 21:49:39,21.032,5.508,71.610,0.250,0,5345204,176152,171924,2311276,2421.719,1460.243,0,172.265,0,18.028,2847,2220,1.980,1.890,1.250,1,0,59.091,0,0,18,306,0,38,0
18-05 21:49:40,9.757,20.014,68.299,0.250,0,5350356,170912,171924,2311348,2739.951,1459.039,16.011,604.430,1.001,45.032,5735,4894,1.980,1.890,1.250,2,0,324.231,0,0,18,310,0,38,0
18-05 21:49:41,8.468,17.933,71.979,0,0.996,5355344,165892,171924,2311380,2472.702,1546.186,0,211.206,0,23.910,5072,4141,1.980,1.890,1.250,3,0,289.910,0,0,18,312,0,38,0
18-05 21:49:42,3.512,1.756,93.329,0.251,0,5346868,174360,171924,2311388,3783.325,1354.772,0,3564.555,0,462.629,1568,1668,1.820,1.860,1.250,2,0,9.032,0,0,18,312,0,38,0
18-05 21:49:43,24.986,3.998,69.461,0,0,5355544,165604,171924,2311468,2402.642,1403.207,0,295.833,0,15.991,2541,2605,1.820,1.860,1.250,2,0,0,0,0,18,312,0,38,0
18-05 21:49:44,21.207,2.994,74.350,0.499,0,5367780,153348,171924,2311488,8491.912,7235.440,0,363.269,0,37.924,2510,2411,1.820,1.860,1.250,3,0,6.986,0,0,18,315,0,38,0
18-05 21:49:45,18.545,9.774,70.169,0.501,0,5325244,195684,171928,2311668,6294.201,4761.500,140.339,132.320,10.024,8.019,4006,3689,1.820,1.860,1.250,2,0,117.283,0,0,18,318,0,39,0
18-05 21:49:46,13.769,16.523,67.095,0,0,5328320,192408,171928,2311900,2379.364,1297.835,0,260.368,0,24.034,5036,3939,1.820,1.860,1.250,1,0,160.227,0,0,18,318,0,39,0
18-05 21:49:47,12.746,16.745,68.978,0.250,0.500,5316372,204092,171928,2312164,2537.198,1457.539,0,235.925,0,19.994,5186,4199,1.760,1.840,1.240,2,0,175.944,0,0,18,318,0,39,0
18-05 21:49:48,15.986,13.988,67.692,0,0.500,5316356,203832,171928,2312440,2595.778,1456.753,3.997,127.891,0.999,7.993,4767,4442,1.760,1.840,1.240,2,0,154.867,0,0,18,318,0,39,0
18-05 21:49:49,23.735,2.998,72.703,0,0,5362696,157492,171928,2312440,2518.365,1349.124,0,195.873,0,13.991,2018,1605,1.760,1.840,1.240,1,0,0.999,0,0,18,318,0,39,0
18-05 21:49:50,23.732,3.997,70.697,0.500,0,5411880,122284,171928,2298980,2539.092,1402.946,119.910,399.700,1.998,33.974,2299,2212,1.760,1.840,1.240,2,0,0.999,0,0,18,320,0,39,0
18-05 21:49:51,23.297,3.006,71.646,0.752,0,5430936,133880,171928,2269240,5609.402,1460.970,288.587,16317.167,12.024,63.128,2721,2687,1.760,1.840,1.240,1,0,4.008,0,0,18,324,0,39,0
18-05 21:49:52,23.755,2.501,71.766,0,0,5337676,227116,171928,2269264,4010.892,1350.300,0,208.046,0,13.003,2080,1622,1.700,1.830,1.240,1,0,5.001,0,0,18,320,0,37,0
18-05 21:49:53,25.743,2.749,70.481,0.500,0.250,5378672,185920,171928,2269464,2403.357,1403.625,23.994,123.967,3.999,7.998,2312,2987,1.700,1.830,1.240,1,0,0,0,0,18,320,0,37,0
18-05 21:49:54,22.190,5.485,71.309,0,0,5415980,148612,171928,2269464,2591.045,1454.097,0,247.336,0,28.922,2289,2013,1.700,1.830,1.240,2,0,2.992,0,0,18,320,0,37,0
18-05 21:49:55,12.731,0.999,84.623,0.499,0,5420916,143664,171928,2269476,16199.702,15069.397,0,327.509,0,26.960,2100,2159,1.700,1.830,1.240,1,0,0,0,0,18,323,0,38,0
18-05 21:49:56,22.048,3.257,73.411,0,0,5327932,236632,171928,2269492,7844.241,6741.818,0,565.242,0,18.040,2460,2023,1.700,1.830,1.240,1,0,16.035,0,0,18,320,0,33,0
18-05 21:49:57,23.538,3.756,71.616,0.250,0,5352132,212428,171928,2269496,2800.522,1460.358,0,180.291,0,19.031,2225,1873,1.640,1.810,1.240,1,0,1.002,0,0,18,320,0,33,0
18-05 21:49:58,25.907,2.740,69.501,0.249,0,5372524,191880,171928,2269652,2829.879,1452.804,0,3571.227,0,474.304,2614,2069,1.640,1.810,1.240,1,0,0,0,0,18,320,0,33,0
18-05 21:49:59,15.797,10.782,71.962,0.251,0.251,5352772,211484,171932,2269796,2605.691,1462.316,393.160,445.314,5.015,23.068,3765,3125,1.640,1.810,1.240,2,0,141.417,0,0,18,320,0,33,0
18-05 21:50:00,9.504,20.008,69.026,0,0.500,5359644,204436,171932,2269992,2856.074,1458.548,72.027,308.116,7.003,18.007,5840,4768,1.640,1.810,1.240,2,0,353.133,0,0,18,320,0,30,0
18-05 21:50:01,19.462,7.485,71.611,0,0,5394316,169756,171932,2270000,2652.843,1455.171,0,2571.002,0,67.868,3101,2362,1.640,1.810,1.240,2,0,104.796,0,0,18,320,0,30,0
18-05 21:50:02,19.239,2.748,75.956,0.250,0.250,5394300,169756,171932,2270016,8152.235,3631.877,0,427.750,0,24.985,2193,1929,1.590,1.800,1.240,2,0,16.990,0,0,18,321,0,30,0
18-05 21:50:03,26.305,2.756,70.147,0.501,0,5381616,177080,171932,2275280,2886.052,1701.568,0,605.269,0,6.013,2137,2606,1.590,1.800,1.240,2,0,1.002,0,0,18,320,0,30,0
18-05 21:50:04,23.962,3.245,71.387,0,0,5381388,176616,171932,2275956,2713.692,1497.623,0,375.404,0,13.978,2313,2004,1.590,1.800,1.240,2,0,1.997,0,0,18,320,0,27,0
18-05 21:50:05,19.286,2.505,77.395,0.250,0,5386344,168048,171932,2279552,9443.661,4539.490,0,472.884,0,24.045,2011,1667,1.590,1.800,1.240,2,0,17.032,0,0,18,321,0,27,0
18-05 21:50:06,24.235,5.746,67.459,0,0.250,5370968,181360,171932,2281488,2818.268,1630.998,0,851.477,0,14.991,9670,17948,1.590,1.800,1.240,2,0,12.992,0,0,18,320,0,27,0
18-05 21:50:07,18.196,2.991,77.022,0,0,5370344,181380,171936,2282072,9381.227,4517.625,219.351,658.052,11.965,12.962,1999,1628,1.540,1.790,1.240,2,0,1.994,0,0,18,321,0,27,0
18-05 21:50:08,24.999,8.250,64.998,0,0,5371472,179956,171984,2282320,2657.938,1457.966,0,87.998,0,1.000,10679,19462,1.540,1.790,1.240,2,0,18.000,0,0,18,321,0,15,0
18-05 21:50:09,21.457,4.741,72.106,0.499,0,5356884,204420,172088,2272340,2754.498,1628.747,7.984,918.166,1.996,27.944,2228,1736,1.540,1.790,1.240,2,0,1.996,0,0,18,320,0,15,0
18-05 21:50:10,13.783,15.036,69.167,0.752,0,5337376,224060,172088,2272348,2621.332,1461.531,48.116,3063.400,2.005,139.337,4925,4462,1.540,1.790,1.240,2,0,268.649,0,0,18,320,0,15,0
18-05 21:50:11,36.396,6.024,56.476,0,0.251,5411424,149932,172088,2272428,2668.695,1463.867,257.030,52.209,2.008,4.016,2812,1659,1.540,1.790,1.240,4,0,5.020,0,0,18,320,0,15,0
18-05 21:50:12,38.944,6.990,52.675,0,0.250,5406248,175452,172088,2253160,8491.870,7185.736,511.270,119.829,3.994,9.986,3242,2051,1.500,1.770,1.240,3,0,5.991,0,0,18,321,0,14,0
18-05 21:50:13,31.271,7.755,60.041,0,0,5399716,181732,172088,2253412,7386.030,6087.146,276.188,228.155,4.003,14.010,3905,3850,1.500,1.770,1.240,2,0,69.047,0,0,18,320,0,17,0
18-05 21:50:14,22.241,5.998,70.473,0.250,0.500,5420092,161356,172088,2253412,2403.072,1403.458,0,1007.611,0,38.985,2841,2826,1.500,1.770,1.240,3,0,47.981,0,0,18,320,0,17,0
18-05 21:50:15,19.218,2.246,77.122,0,0,5430892,150548,172088,2253420,8511.860,7172.086,0,115.808,0,7.987,1954,1637,1.500,1.770,1.240,2,0,0,0,0,18,321,0,17,0
18-05 21:50:16,20.002,6.501,72.008,0,0,5383940,197488,172088,2253432,5499.582,4485.474,0,136.014,0,9.001,2747,2252,1.500,1.770,1.240,2,0,70.007,0,0,18,320,0,15,0
18-05 21:50:17,24.541,2.755,71.621,0.250,0,5394380,187048,172088,2253432,5453.204,1352.282,0,104.176,0,11.019,2173,1752,1.460,1.760,1.240,1,0,3.005,0,0,18,320,0,15,0
18-05 21:50:18,19.969,2.995,76.380,0.250,0,5398040,183156,172088,2253664,15780.137,14433.259,0,2563.960,0,353.443,2626,2555,1.460,1.760,1.240,1,0,0,0,0,18,321,0,15,0
18-05 21:50:19,21.046,6.264,72.159,0,0,5330132,251056,172088,2253672,4179.222,1593.516,0,360.796,0,63.139,2557,1938,1.460,1.760,1.240,4,1,58.128,0,0,18,320,0,16,0
18-05 21:50:20,21.426,3.239,71.502,1.744,0,5364152,216828,172176,2253780,4332.956,3418.132,179.377,279.031,11.958,27.903,2373,2163,1.460,1.760,1.240,2,0,2.990,0,0,18,321,0,16,0
18-05 21:50:21,19.832,3.012,75.814,0.251,0,5358592,222372,172176,2253792,11414.203,9777.434,0,112.465,0,8.033,2384,2081,1.460,1.760,1.240,3,0,19.079,0,0,18,320,0,19,0
18-05 21:50:22,22.136,5.472,71.382,0,0,5405952,174976,172176,2253828,2465.300,1450.528,0,175.098,0,14.923,2176,1777,1.420,1.750,1.230,2,0,12.933,0,0,18,320,0,19,0
18-05 21:50:23,27.857,6.274,65.250,0,0,5411916,168928,172176,2254020,8228.529,7211.632,0,100.385,0,7.027,3389,15479,1.420,1.750,1.230,2,0,36.138,0,0,18,321,0,20,0
18-05 21:50:24,17.958,1.746,78.567,0.748,0.249,5412604,168172,172176,2253980,9490.921,6635.564,31.926,554.710,1.995,63.851,2532,2982,1.420,1.750,1.230,1,0,0,0,0,18,320,0,19,0
18-05 21:50:25,20.793,6.263,71.398,0,0,5382900,197864,172176,2253992,2440.045,1461.021,0,148.307,0,10.021,2345,1923,1.420,1.750,1.230,2,0,47.097,0,0,18,320,0,19,0
18-05 21:50:26,19.755,2.251,77.518,0,0,5404396,176368,172176,2253992,8264.921,7251.685,0,148.034,0,9.002,1893,1575,1.420,1.750,1.230,1,0,0,0,0,18,321,0,19,0
18-05 21:50:27,20.512,5.003,72.041,0.250,0.250,5394080,186576,172176,2254136,7505.221,5986.367,0,928.522,0,50.028,2816,2504,1.390,1.730,1.230,2,1,33.019,0,0,18,320,0,22,0
18-05 21:50:28,25.731,2.748,69.698,0,0,5434056,146516,172176,2254220,2955.801,1498.885,0,159.881,0,13.990,2531,2924,1.390,1.730,1.230,2,0,0,0,0,18,320,0,22,0
18-05 21:50:29,17.015,2.752,79.569,0.250,0.500,5435072,145496,172176,2254224,10072.693,9527.222,0,204.176,0,20.017,2190,2105,1.390,1.730,1.230,0,0,0,0,0,18,321,0,19,0
18-05 21:50:30,14.507,9.254,74.784,0,0.250,5416780,163760,172176,2254252,6425.899,4319.949,0,292.132,0,32.014,3980,3723,1.390,1.730,1.230,1,0,157.071,0,0,18,320,0,20,0
18-05 21:50:31,4.248,2.749,84.215,7.997,0,5408784,170628,172764,2254792,7202.015,3918.376,1123.534,207.914,250.896,11.995,1811,2116,1.390,1.730,1.230,1,0,22.990,0,0,18,322,0,20,0
18-05 21:50:32,4.747,6.995,85.941,0,0,5388816,190380,172800,2254972,14299.107,3830.350,0,803.444,0,40.972,3099,3102,1.440,1.740,1.240,0,0,124.914,0,0,18,321,0,21,0
18-05 21:50:33,7.506,6.756,84.072,0,0,5374996,204108,172800,2255064,9417.026,4314.677,0,208.177,0,11.009,2818,2916,1.440,1.740,1.240,1,0,84.072,0,0,18,320,0,22,0
18-05 21:50:34,11.742,7.995,70.704,8.245,0,5365008,213588,172812,2255560,3989.418,1511.022,311.798,2546.352,21.986,370.760,3509,3308,1.440,1.740,1.240,2,0,125.918,0,0,18,320,0,22,0
18-05 21:50:35,19.978,4.495,71.920,2.248,0,5346608,217056,173340,2269852,4096.444,1402.440,6536.730,787.125,453.496,12.986,2656,2658,1.440,1.740,1.240,3,0,3.996,0,0,18,320,0,22,0
18-05 21:50:36,23.254,2.751,72.764,0,0,5364028,196176,173532,2273020,3038.570,2588.486,0,632.119,0,8.002,2304,1947,1.440,1.740,1.240,1,0,16.003,0,0,18,321,0,22,0
18-05 21:50:37,16.936,2.491,78.702,0.498,0.498,5366372,190280,173588,2276492,13622.426,4926.349,3.985,2877.107,0.996,145.449,2142,1908,1.480,1.740,1.240,2,0,2.989,0,0,18,320,0,19,0
18-05 21:50:38,15.061,8.534,69.279,5.020,0.502,5308928,244656,173600,2279548,2654.682,1409.672,1172.719,3220.961,18.073,103.416,4231,4583,1.480,1.740,1.240,1,0,124.501,0,0,18,320,0,19,0
18-05 21:50:39,17.493,11.246,70.473,0,0,5355024,198544,173600,2279564,2329.108,1349.483,0,163.937,0,15.994,3696,3034,1.480,1.740,1.240,1,0,176.932,0,0,18,320,0,19,0
18-05 21:50:40,20.017,2.502,76.065,0.250,0,5393024,160532,173600,2279576,5159.434,3852.311,0,204.175,0,28.024,1922,1584,1.480,1.740,1.240,3,0,0,0,0,18,321,0,19,0
18-05 21:50:41,21.032,4.507,73.363,0,0,5362500,191036,173600,2279596,25455.198,22342.405,0,0,0,0,2668,1964,1.480,1.740,1.240,3,0,47.072,0,0,18,320,0,21,0
18-05 21:50:42,22.704,4.241,71.605,0,0,5361936,191592,173600,2279604,2592.766,1455.063,0,2023.915,0,26.946,2224,1811,1.440,1.730,1.240,2,0,0,0,0,18,320,0,21,0
18-05 21:50:43,22.190,2.992,73.300,0.499,0,5376752,176556,173600,2279824,8559.673,7284.149,0,506.619,0,40.889,2657,3409,1.440,1.730,1.240,2,0,0,0,0,18,321,0,21,0
18-05 21:50:44,22.533,5.007,70.854,0.250,0.250,5334460,218836,173600,2279836,5755.453,4621.788,0,877.289,0,34.050,3052,2932,1.440,1.730,1.240,1,0,20.029,0,0,18,320,0,23,0
18-05 21:50:45,23.926,3.240,71.528,0,0,5379020,174276,173600,2279836,2680.663,1577.095,0,135.578,0,8.972,2188,1681,1.440,1.730,1.240,2,0,0,0,0,18,320,0,22,0
18-05 21:50:46,16.752,1.750,79.761,0,0,5388448,164772,173600,2279912,9415.264,8024.078,64.009,96.013,4.001,10.001,2065,1891,1.440,1.730,1.240,4,0,0,0,0,18,321,0,22,0
18-05 21:50:47,28.350,5.519,63.473,1.254,0,5369800,181344,173600,2281988,3982.008,2653.334,2003.046,1416.985,80.282,183.646,5677,7683,1.410,1.720,1.240,2,0,8.028,0,0,18,320,0,23,0
18-05 21:50:48,27.481,4.497,66.954,0.250,0.250,5365316,185596,173600,2282220,2596.201,1456.990,0,275.809,0,15.989,2752,2906,1.410,1.720,1.240,3,0,2.998,0,0,18,320,0,23,0
18-05 21:50:49,21.974,2.497,73.413,0.250,0.250,5382152,168732,173600,2282248,8247.225,7241.417,0,3012.429,0,442.476,2808,2530,1.410,1.720,1.240,3,0,1.998,0,0,18,321,0,25,0
18-05 21:50:50,19.525,4.255,74.345,1.252,0.250,5381356,169452,173600,2282328,8293.585,5356.837,96.123,4057.178,5.006,275.351,4283,5899,1.410,1.720,1.240,2,0,0,0,0,18,321,0,25,0
18-05 21:50:51,18.789,11.524,67.891,0.251,0,5334960,215736,173604,2282436,3856.011,2689.588,16.033,765.591,1.002,71.148,5031,5237,1.410,1.720,1.240,1,0,190.396,0,0,18,320,0,26,0
18-05 21:50:52,9.261,21.776,67.081,0,0.250,5334428,216244,173608,2282456,2601.147,1459.766,0,444.538,0,31.038,6163,5105,1.450,1.720,1.240,1,0,478.579,0,0,18,320,0,26,0
18-05 21:50:53,10.248,22.495,65.235,0.500,0.500,5329048,221408,173608,2282672,2597.395,1457.660,0,2019.529,0,122.971,6607,6330,1.450,1.720,1.240,1,0,469.890,0,0,18,320,0,26,0
18-05 21:50:54,10.248,21.995,66.484,0.250,0.250,5324668,225740,173608,2282720,4151.029,1457.659,0,231.946,0,22.995,6362,5440,1.450,1.720,1.240,2,0,470.890,0,0,18,320,0,26,0
18-05 21:50:55,7.997,23.492,67.226,0.250,0.250,5332124,218260,173608,2282744,2660.069,1403.509,0,431.849,0,33.988,6200,5091,1.450,1.720,1.240,1,0,475.833,0,0,18,320,0,26,0
18-05 21:50:56,8.749,21.997,67.241,0,0.750,5339796,210568,173608,2282764,2537.660,1457.804,0,39.995,0,9.999,5988,4745,1.450,1.720,1.240,1,0,428.942,0,0,18,320,0,26,0
18-05 21:50:57,8.005,22.015,67.545,0,0.250,5335012,215320,173608,2282796,2479.664,1458.979,0,220.148,0,20.013,6124,5090,1.420,1.710,1.240,4,0,443.298,0,0,18,320,0,24,0
18-05 21:50:58,10.753,22.506,65.518,0,0.250,5332704,217524,173608,2282900,2492.668,1512.405,0,608.163,0,25.007,6431,5984,1.420,1.710,1.240,2,0,449.120,0,0,18,320,0,24,0
18-05 21:50:59,9.233,20.713,67.878,0.250,0.499,5335268,214908,173608,2282936,2353.770,1455.384,0,335.397,0,27.950,6119,5053,1.420,1.710,1.240,1,0,402.277,0,0,18,320,0,24,0
18-05 21:51:00,17.692,8.472,72.013,0,0,5358280,284768,173628,2200304,2486.807,1453.213,7.974,95.685,1.993,2.990,2661,2327,1.420,1.710,1.240,1,0,63.790,0,0,18,320,0,24,0
18-05 21:51:01,23.324,3.511,72.732,0.251,0,5368980,264356,174008,2209636,2485.925,1408.490,8.026,2949.402,2.006,43.138,2383,2202,1.420,1.710,1.240,4,0,3.010,0,0,18,320,0,24,0
18-05 21:51:02,21.248,2.250,74.992,0,0.250,5367568,263856,174088,2211464,6644.297,2795.704,15.998,587.938,3.000,4.000,2205,1808,1.380,1.700,1.240,1,0,15.998,0,0,18,321,0,24,0
18-05 21:51:03,16.017,2.503,77.332,3.003,0,5380800,249492,174088,2212588,16805.881,11703.452,776.827,1329.414,53.056,37.039,2187,2746,1.380,1.700,1.240,0,0,0,0,0,18,321,0,24,0
18-05 21:51:04,14.256,0.750,80.536,2.501,0,5380948,248512,174088,2213416,20548.176,12210.453,416.186,3517.571,46.021,355.159,2090,2161,1.380,1.700,1.240,1,0,0,0,0,18,321,0,24,0
18-05 21:51:05,16.742,1.249,77.711,2.749,0.250,5397812,230404,174088,2214652,13308.368,9348.342,1095.454,1083.460,53.973,42.979,1913,1697,1.380,1.700,1.240,2,0,0,0,0,18,321,0,24,0
18-05 21:51:06,16.238,1.499,79.191,1.999,0,5400908,226088,174088,2215868,16829.499,9926.627,1007.252,1199.109,47.964,35.973,1934,1840,1.380,1.700,1.240,2,0,0,0,0,18,321,0,24,0
18-05 21:51:07,15.738,1.499,79.189,3.247,0,5392028,228524,174088,2222312,16768.990,10872.565,2997.674,1227.048,50.960,38.970,1888,1729,1.350,1.690,1.240,2,1,0.999,0,0,18,321,0,24,0
18-05 21:51:08,19.705,3.243,68.843,6.485,0,5386224,209540,174204,2247028,2532.230,1454.685,8867.793,19208.230,102.766,339.227,2740,3475,1.350,1.690,1.240,4,0,0.998,0,0,18,321,0,24,0
18-05 21:51:09,23.824,2.759,71.472,0.752,0,5400736,184620,174732,2256876,2485.729,1462.547,0,1115.468,0,43.134,2236,2005,1.350,1.690,1.240,2,0,0,0,0,18,321,0,24,0
18-05 21:51:10,23.707,2.246,72.119,0.250,0,5390264,180600,174904,2270940,2490.493,1455.366,0,1309.630,0,30.944,2196,1908,1.350,1.690,1.240,2,0,0,0,0,18,321,0,24,0
18-05 21:51:11,36.325,5.762,56.617,0.251,0.251,5430804,122904,175056,2287912,2302.745,1461.011,256.529,1358.800,2.004,48.099,2949,1991,1.350,1.690,1.240,3,0,5.010,0,0,18,321,0,24,0
18-05 21:51:12,43.059,8.512,46.313,1.001,0,5436012,140200,174972,2266572,2361.223,1459.993,512.700,2767.778,4.005,124.169,3863,3006,1.410,1.690,1.240,6,0,7.010,0,0,18,321,0,24,0
18-05 21:51:13,34.679,4.990,58.381,0.748,0,5419912,133412,174972,2289452,2532.822,1455.025,255.478,2291.316,1.996,96.802,3244,3481,1.410,1.690,1.240,2,0,0.998,0,0,18,321,0,24,0
18-05 21:51:14,24.721,2.247,70.666,0.999,0,5419012,125108,174972,2298352,2654.853,1456.274,0,1913.731,0,78.906,2795,2957,1.410,1.690,1.240,2,0,0,0,0,18,321,0,21,0
18-05 21:51:15,23.503,3.250,72.260,0,0,5374436,186348,174972,2281596,2957.397,1632.219,0,1272.171,0,17.002,2273,1783,1.410,1.690,1.240,1,0,19.003,0,0,18,320,0,21,0
18-05 21:51:16,19.753,2.500,77.263,0.250,0.500,5393968,165608,174972,2282804,9778.615,3610.596,0,264.044,0,5.001,1962,1559,1.410,1.690,1.240,2,0,16.003,0,0,18,321,0,21,0
18-05 21:51:17,23.798,4.008,70.392,0.251,0,5386828,168180,174972,2287324,3006.050,1635.291,0,1511.041,0,35.071,2638,2408,1.370,1.680,1.240,4,0,6.012,0,0,18,320,0,21,0
18-05 21:51:18,21.714,2.246,74.626,0.250,0,5385724,167620,174972,2288968,11215.352,4457.588,0,439.270,0,20.965,2255,2346,1.370,1.680,1.240,1,0,16.972,0,0,18,321,0,20,0
18-05 21:51:19,24.046,6.011,67.127,0.250,0,5386076,163296,174972,2292796,2808.325,1472.792,0,1094.074,0,31.059,11065,20674,1.370,1.680,1.240,1,0,13.025,0,0,18,320,0,20,0
18-05 21:51:20,24.894,4.730,68.211,0,0,5388844,160364,174972,2292960,2723.445,1451.840,0,1808.328,0,259.897,7282,13791,1.370,1.680,1.240,4,0,4.979,0,0,18,320,0,20,0
18-05 21:51:21,21.293,6.764,71.395,0.251,0,5394536,154408,175004,2293192,2663.398,1460.961,0,1743.533,0,18.037,3187,3688,1.370,1.680,1.240,2,0,15.030,0,0,18,320,0,20,0
18-05 21:51:22,21.720,4.743,71.151,0,0,5345768,214684,175004,2281764,2594.406,1455.983,0,247.657,0,12.982,2279,1765,1.340,1.670,1.240,3,0,9.986,0,0,18,320,0,16,0
18-05 21:51:23,33.428,7.733,57.625,0.249,0,5362784,197384,175004,2282048,2592.378,1454.845,0,502.909,0,5.987,8442,26212,1.340,1.670,1.240,5,0,80.825,0,0,18,320,0,17,0
18-05 21:51:24,24.098,4.518,69.032,0,0,5373860,186296,175004,2282060,4476.288,1463.981,0,433.772,0,18.074,5635,8888,1.340,1.670,1.240,1,0,20.082,0,0,18,320,0,17,0
18-05 21:51:25,19.520,2.753,77.081,0.250,0,5401428,154292,175004,2286488,8645.077,3745.933,0,908.954,0,24.025,1940,1539,1.340,1.670,1.240,2,0,16.017,0,0,18,320,0,17,0
18-05 21:51:26,23.248,3.500,72.244,0,0,5385848,168688,175004,2287672,2837.759,1457.876,0,4.000,0,1.000,2180,1717,1.340,1.670,1.240,1,0,3.000,0,0,18,320,0,15,0
18-05 21:51:27,19.010,3.252,76.041,0.500,0.500,5384640,164668,175004,2292824,9577.108,4641.476,0,1408.751,0,34.018,2240,2017,1.310,1.660,1.240,1,0,18.010,0,0,18,320,0,15,0
18-05 21:51:28,25.493,6.248,65.731,0,0.250,5380456,168556,175004,2293124,2537.267,1457.579,0,355.897,0,16.995,10784,19546,1.310,1.660,1.240,3,0,12.996,0,0,18,320,0,15,0
18-05 21:51:29,23.986,6.246,66.962,0.250,0.250,5391588,157040,175004,2293508,2716.450,1457.169,0,515.706,0,21.987,11027,20238,1.310,1.660,1.240,2,0,12.993,0,0,18,320,0,15,0
18-05 21:51:30,21.995,5.249,72.482,0,0,5390984,157644,175016,2293496,2734.329,1457.642,0,615.849,0,13.997,2223,1813,1.310,1.660,1.240,1,0,6.998,0,0,18,320,0,11,0
18-05 21:51:31,23.001,3.500,72.504,0.250,0,5357396,202688,175016,2282156,2418.127,1458.077,0,656.034,0,17.001,2151,1673,1.310,1.660,1.240,3,0,6.000,0,0,18,320,0,11,0
18-05 21:51:32,22.268,5.254,71.307,0,0,5334744,225328,175016,2282168,2479.981,1459.166,0,84.067,0,4.003,2851,2221,1.290,1.650,1.240,2,0,70.056,0,0,18,320,0,11,0
18-05 21:51:33,24.241,4.998,69.223,0.750,0,5347992,201136,175160,2292952,2596.986,1457.431,3978.447,7.997,233.909,1.999,3122,3270,1.290,1.650,1.240,1,0,42.983,0,0,18,320,0,11,0
18-05 21:51:34,24.767,2.502,71.048,0,0,5360988,184228,175240,2296768,2659.778,1458.975,0,12460.331,0,93.062,2386,2272,1.290,1.650,1.240,1,0,0,0,0,18,320,0,9,0
18-05 21:51:35,18.517,2.252,78.073,0.250,0,5360496,183980,175256,2297492,9011.461,4268.007,0,864.812,0,28.026,1965,1693,1.290,1.650,1.240,1,0,16.015,0,0,18,321,0,9,0
18-05 21:51:36,15.702,1.994,80.755,0.249,0,5370188,174180,175256,2297600,18017.428,10035.604,0,2484.475,0,252.236,1939,1760,1.290,1.650,1.240,2,0,0,0,0,18,321,0,9,0
18-05 21:51:37,9.997,1.250,86.723,0.500,0,5369824,174180,175256,2297960,29056.081,12407.192,0,1303.600,0,38.988,1532,1592,1.190,1.620,1.230,3,0,1.000,0,0,18,321,0,9,0
18-05 21:51:38,10.501,1.500,86.256,0.500,0,5369536,174180,175264,2298240,136390.215,10014.750,0,1056.079,0,42.003,2138,2653,1.190,1.620,1.230,0,0,0,0,0,18,322,0,9,0
18-05 21:51:39,14.271,1.753,82.373,1.001,0,5385368,158304,175264,2298392,21513.078,7900.781,0,11937.801,0,317.473,1803,1590,1.190,1.620,1.230,2,0,0,0,0,18,322,0,9,0
18-05 21:51:40,16.027,0.751,80.888,0.501,0,5385360,158064,175264,2298624,19279.968,12235.923,0,1386.371,0,47.081,1735,1598,1.190,1.620,1.230,1,0,0,0,0,18,322,0,9,0
18-05 21:51:41,12.741,0.749,84.690,0,0,5392932,150252,175264,2298864,100365.896,8564.932,0,399.717,0,11.992,1577,1435,1.190,1.620,1.230,1,0,0,0,0,18,322,0,9,0
18-05 21:51:42,11.499,1.500,83.991,1.250,0.250,5392504,150252,175284,2299272,262266.935,21149.817,27.997,2623.729,4.000,98.990,2317,2341,1.090,1.590,1.220,1,0,0,0,0,18,322,0,7,0
18-05 21:51:43,12.236,1.998,82.655,1.249,0,5392336,150000,175304,2299652,85291.009,16157.437,95.890,2497.131,3.995,107.876,2579,3360,1.090,1.590,1.220,3,0,0,0,0,18,322,0,7,0
18-05 21:51:44,16.013,4.504,74.810,3.503,0,5391236,142188,175304,2308532,124168.904,10976.832,8.006,77538.386,2.002,368.296,3135,3232,1.090,1.590,1.220,0,0,7.006,0,0,18,322,0,7,0
18-05 21:51:45,4.493,2.995,88.111,0.250,0.250,5399696,128144,175320,2314076,2902154.943,71599.276,0,1893.020,0,22.964,4955,4411,1.090,1.590,1.220,1,0,0.998,0,0,18,322,0,7,0
18-05 21:51:46,4.254,2.002,88.588,1.001,0.250,5394256,124556,175332,2323060,4776567.184,105607.422,0,7895.882,0,173.173,8162,7825,1.090,1.590,1.220,2,0,2.002,0,0,18,322,0,5,0
18-05 21:51:47,3.747,1.998,89.668,0.250,0.250,5385044,121588,175332,2335240,7221117.200,151499.808,0,1202.903,0,184.831,12466,9240,1,1.570,1.220,0,0,0.999,0,0,18,322,0,5,0
18-05 21:51:48,8.744,3.997,83.441,1.249,0,5364500,146832,175344,2330664,4139910.364,108434.501,163.884,13434.522,3.997,77.945,7565,7037,1,1.570,1.220,3,0,0.999,0,0,18,322,0,5,0
18-05 21:51:49,23.538,2.254,71.866,0.250,0,5365636,138860,175460,2337220,2482.018,1460.364,0,6041.782,0,81.131,2335,1949,1,1.570,1.220,4,0,1.002,0,0,18,322,0,5,0
18-05 21:51:50,24.736,4.997,69.710,0.750,0,5374368,115992,178312,2348172,2493.555,1457.156,0,3525.957,0,53.969,2701,2715,1,1.570,1.220,4,0,2.998,0,0,18,322,0,2,0
18-05 21:51:51,28.906,5.482,63.544,0.498,0,5425592,112588,178724,2300124,4084.737,1453.281,0,1435.340,0,35.883,2874,2403,1,1.570,1.220,1,0,1.994,0,0,18,322,0,4,0
18-05 21:51:52,26.388,2.011,69.866,0.251,0,5429436,115528,178896,2292996,2430.723,1465.671,0,1057.535,0,37.195,2591,2486,1.080,1.570,1.220,2,0,1.005,0,0,18,322,0,4,0
18-05 21:51:53,25.694,3.991,68.849,0.748,0,5439824,118932,179564,2278528,2740.003,1562.580,0,1496.724,0,66.854,2763,3328,1.080,1.570,1.220,2,0,0,0,0,18,322,0,4,0
18-05 21:51:54,21.967,3.994,71.642,0.749,0,5427888,121732,180228,2287396,2787.778,1509.714,0,2368.413,0,83.873,2441,2319,1.080,1.570,1.220,1,0,0,0,0,18,322,0,4,0
18-05 21:51:55,24.054,2.255,72.161,0.501,0.251,5426276,138136,180684,2272236,2680.966,1461.252,0,1555.462,0,63.141,2177,2003,1.080,1.570,1.220,1,0,0,0,0,18,322,0,3,0
18-05 21:51:56,23.725,2.497,71.924,0.499,0,5439812,128572,181956,2267104,2415.444,1456.459,0,423.552,0,17.981,2083,1725,1.080,1.570,1.220,2,0,0,0,0,18,322,0,3,0
18-05 21:51:57,24.551,2.255,71.650,0.251,0,5435736,125164,182216,2274260,3799.970,1461.064,0,1964.120,0,29.061,2352,2156,1.080,1.560,1.220,1,0,1.002,0,0,18,322,0,3,0
18-05 21:51:58,25.465,2.996,69.155,0.999,0,5437592,121796,183160,2274368,2354.762,1455.998,0,3690.925,0,289.602,2796,2932,1.080,1.560,1.220,2,0,0,0,0,18,322,0,3,0
18-05 21:51:59,23.986,2.748,71.958,0.500,0,5348332,240168,183592,2243924,2800.364,1804.945,0,1495.126,0,54.968,2459,2386,1.080,1.560,1.220,1,0,0.999,0,0,18,320,0,3,0
18-05 21:52:00,22.050,5.011,71.663,0,0,5415460,173136,183592,2243808,2500.678,1461.318,0,37453.033,0,301.685,2389,2008,1.080,1.560,1.220,1,0,18.041,0,0,18,320,0,3,0
18-05 21:52:01,18.700,3.241,76.297,0.499,0,5417588,165944,183592,2248712,8296.962,3797.912,0,2772.635,0,31.915,2052,1696,1.080,1.560,1.220,2,0,16.955,0,0,18,320,0,3,0
18-05 21:52:02,22.274,4.255,72.327,0,0,5417360,165228,183592,2249540,3087.271,1953.069,0,0,0,0,2277,1774,1.070,1.550,1.220,2,0,18.019,0,0,18,321,0,3,0
18-05 21:52:03,21.756,3.001,73.520,0.250,0.250,5418340,158260,183592,2254664,9267.503,4147.120,0,1152.311,0,18.005,2105,2274,1.070,1.550,1.220,1,0,2.001,0,0,18,320,0,3,0
18-05 21:52:04,22.934,6.731,67.555,0,0,5418136,158036,183592,2255012,2829.850,1453.813,0,1938.418,0,14.957,10983,20091,1.070,1.550,1.220,2,0,11.966,0,0,18,320,0,3,0
18-05 21:52:05,24.972,8.490,63.678,0.999,0.250,5429520,146456,183592,2255176,2791.852,1456.358,0,144417.182,0,1316.516,10561,18525,1.070,1.550,1.220,3,0,4.994,0,0,18,320,0,3,0
18-05 21:52:06,19.611,7.291,72.662,0,0.251,5432012,143780,183596,2255356,4121.357,1466.310,0,4445.192,0,58.331,2452,2045,1.070,1.550,1.220,1,0,15.085,0,0,18,320,0,3,0
18-05 21:52:07,21.001,5.000,72.754,0.250,0,5368732,219476,183608,2243996,2598.159,1458.089,0,1608.098,0,13.001,2087,1581,1.220,1.580,1.230,1,1,2.000,0,0,18,320,0,3,0
18-05 21:52:08,24.396,3.236,69.953,0.996,0.249,5382800,204864,183644,2244504,2766.259,1451.838,246.952,1716.714,3.983,181.231,2743,2733,1.220,1.580,1.230,1,0,4.979,0,0,18,320,0,3,0
18-05 21:52:09,17.554,3.762,72.474,5.517,0,5400852,183696,184036,2247228,2726.445,1462.530,393.218,1207.741,10.031,9.028,1844,1613,1.220,1.580,1.230,3,0,0,0,0,18,320,0,3,0
18-05 21:52:10,23.727,4.745,68.934,0.999,0,5401788,182212,184036,2247776,2866.271,1510.562,319.696,2793.341,21.979,160.847,5109,7128,1.220,1.580,1.230,1,0,0,0,0,18,323,0,9,0
18-05 21:52:11,35.728,8.245,52.218,1.499,0,5399236,183820,184036,2248724,2716.329,1457.103,943.420,2846.249,36.977,305.812,6478,9048,1.220,1.580,1.230,2,0,27.983,0,0,18,322,0,10,0
18-05 21:52:12,28.792,23.534,46.317,0,0,5429764,153220,184040,2248792,2721.954,1460.121,512.745,384.559,4.006,20.029,6163,4886,1.290,1.580,1.230,4,1,400.582,0,0,18,322,0,10,0
18-05 21:52:13,25.214,7.739,57.168,8.238,0,5407336,166968,184040,2257476,2714.104,1455.910,9011.066,435.375,441.367,28.958,3915,4385,1.290,1.580,1.230,0,1,32.953,0,0,18,322,0,12,0
18-05 21:52:14,6.251,3.000,76.262,12.252,0,5395148,170596,184040,2266036,4950.787,2473.393,8377.332,1376.219,1526.243,36.006,3450,5327,1.290,1.580,1.230,1,0,6.001,0,0,18,323,0,12,0
18-05 21:52:15,1.503,1.002,96.698,0,0,5391728,174016,184040,2266036,7940.231,2965.061,0,136.279,0,9.018,987,1406,1.290,1.580,1.230,0,0,0,0,0,18,323,0,12,0
18-05 21:52:16,3.241,0.997,93.004,0.748,0,5388056,177172,184176,2266384,160314.486,6616.480,91.757,123.673,0.997,11.968,1390,1589,1.290,1.580,1.230,0,0,1.995,0,0,18,323,0,12,0
18-05 21:52:17,5.501,2.500,88.761,1.500,0.250,5356216,207056,184316,2268104,174648.194,134643.110,120.015,1060.135,5.001,7.001,1907,1808,1.180,1.560,1.230,1,0,13.002,0,0,18,322,0,12,0
18-05 21:52:18,3.756,1.753,93.148,0.501,0,5352860,210324,184320,2268188,4104.506,1460.315,0,2556.051,0,148.235,1709,2930,1.180,1.560,1.230,1,0,0,0,0,18,322,0,12,0
18-05 21:52:19,0.499,0.749,96.343,0,0,5337820,225364,184320,2268188,2621.738,1563.458,0,2775.488,0,411.331,1031,1328,1.180,1.560,1.230,0,0,0,0,0,18,322,0,12,0
18-05 21:52:20,1.497,0.499,96.538,0.249,0,5330316,232868,184320,2268188,2282.000,1347.048,0,95.790,0,9.978,906,1354,1.180,1.560,1.230,1,0,0,0,0,18,322,0,12,0
18-05 21:52:21,3.263,1.506,93.874,0.502,0.753,5325408,237760,184320,2268204,4082.257,1572.261,0,514.047,0,58.232,1676,2594,1.180,1.560,1.230,1,0,0,0,0,18,322,0,12,0
18-05 21:52:22,0.999,0.749,95.884,0,0,5322728,240396,184320,2268248,2536.937,1456.242,0,3.995,0,0.999,963,1285,1.090,1.530,1.220,1,0,0,0,0,18,322,0,12,0
18-05 21:52:23,11.258,4.253,83.307,0.250,0,5322756,240204,184320,2268508,2539.741,1459.000,0,68.047,0,9.006,2493,11892,1.090,1.530,1.220,1,0,36.025,0,0,18,322,0,12,0
18-05 21:52:24,1.499,2.998,94.180,0,0,5312092,250812,184320,2268468,2476.172,1456.924,0,103.923,0,11.991,1202,1646,1.090,1.530,1.220,1,0,0,0,0,18,322,0,12,0
18-05 21:52:25,0.999,0.750,96.691,0.250,0,5312308,250596,184320,2268468,2793.307,1499.092,0,479.709,0,30.981,902,1380,1.090,1.530,1.220,1,0,0,0,0,18,322,0,12,0
18-05 21:52:26,1.252,0.501,97.138,0,0,5312236,250664,184320,2268472,2795.973,1514.152,0,32.046,0,4.006,959,1314,1.090,1.530,1.220,1,0,0,0,0,18,322,0,12,0
18-05 21:52:27,1.751,0.500,96.033,0,0,5311264,251632,184320,2268476,2898.990,1458.498,0,136.046,0,9.003,1014,1425,1,1.510,1.210,2,0,1.000,0,0,18,322,0,12,0
18-05 21:52:28,3.738,1.495,93.197,0,0,5310492,252320,184320,2268560,5693.487,1453.274,0,235.235,0,17.942,1619,2675,1,1.510,1.210,1,0,0,0,0,18,322,0,12,0
18-05 21:52:29,2.006,1.254,95.530,0.251,0,5310492,252320,184320,2268560,2846.347,1462.288,0,116.341,0,15.044,1249,1884,1,1.510,1.210,1,0,0,0,0,18,322,0,12,0
18-05 21:52:30,0.999,0.499,96.147,0.499,0,5310492,252320,184320,2268560,2851.935,1456.435,0,1238.669,0,77.916,1021,1586,1,1.510,1.210,1,0,0,0,0,18,322,0,12,0
18-05 21:52:31,1.249,0.999,96.162,0.250,0,5310344,252468,184320,2268560,2595.638,1456.674,0,2405.811,0,116.894,1271,2061,1,1.510,1.210,2,0,0,0,0,18,322,0,12,0
18-05 21:52:32,2.257,1.254,95.789,0,0.251,5310444,252348,184320,2268580,2605.854,1462.408,0,441.330,0,32.097,1397,2088,0.920,1.480,1.200,0,0,0,0,0,18,322,0,12,0
18-05 21:52:33,3.734,0.996,93.602,0,0,5310444,252348,184320,2268580,2407.758,1451.824,0,0,0,0,1573,2475,0.920,1.480,1.200,4,0,0,0,0,18,322,0,12,0
18-05 21:52:34,1.753,1.002,96.412,0.501,0,5310360,252348,184320,2268664,2422.073,1460.456,0,140.236,0,21.035,1119,1735,0.920,1.480,1.200,0,0,0,0,0,18,322,0,12,0
18-05 21:52:35,1.002,0.751,96.416,0,0,5307180,255528,184320,2268664,2379.099,1460.516,0,1831.155,0,254.438,1077,1508,0.920,1.480,1.200,1,0,0,0,0,18,322,0,12,0
18-05 21:52:36,1.748,0.749,96.403,0,0,5307168,255536,184320,2268668,2295.691,1456.535,0,0,0,0,1002,1484,0.920,1.480,1.200,1,0,0,0,0,18,322,0,12,0
18-05 21:52:37,1.749,0.500,94.953,1.499,0,5307168,255536,184320,2268668,2356.841,1457.283,0,3814.124,0,215.894,1074,1414,0.850,1.460,1.200,1,0,1.000,0,0,18,322,0,12,0
18-05 21:52:38,3.744,0.998,93.851,0,0,5307288,255536,184320,2268868,2474.060,1455.682,0,59.905,0,6.989,1175,1739,0.850,1.460,1.200,0,0,0,0,0,18,322,0,12,0
18-05 21:52:39,1.253,0.752,96.759,0,0,5307272,255536,184320,2268884,2424.487,1461.911,0,834.232,0,10.027,872,1286,0.850,1.460,1.200,2,0,0,0,0,18,322,0,12,0
18-05 21:52:40,1.248,0.749,97.098,0,0,5307272,255536,184320,2268884,4168.470,1455.720,0,3.994,0,0.998,849,1255,0.850,1.460,1.200,1,0,0,0,0,18,322,0,12,0
18-05 21:52:41,1.248,0.749,96.360,0.250,0,5307240,255536,184320,2268916,2594.240,1455.890,31.954,87.873,0.999,9.986,1074,1698,0.850,1.460,1.200,1,0,0,0,0,18,322,0,12,0
18-05 21:52:42,1.755,1.254,95.520,0.501,0,5307240,255536,184320,2268916,2545.193,1462.132,0,3197.036,0,53.150,1105,1559,0.780,1.430,1.190,4,0,0,0,0,18,322,0,12,0
18-05 21:52:43,4.247,1.499,92.928,0,0,5307344,255284,184320,2269064,2778.855,1456.875,0,163.874,0,22.982,2293,3727,0.780,1.430,1.190,1,0,0,0,0,18,322,0,12,0
18-05 21:52:44,2.252,2.002,93.839,0.500,0.250,5308384,254176,184320,2269132,2480.364,1459.391,0,316.301,0,39.037,1617,2314,0.780,1.430,1.190,0,0,6.006,0,0,18,322,0,12,0
18-05 21:52:45,1.501,0.500,96.312,0,0.500,5308240,254312,184320,2269140,2556.654,1458.944,0,108.070,0,8.005,985,1410,0.780,1.430,1.190,0,0,0,0,0,18,322,0,12,0
18-05 21:52:46,1.249,0.499,96.886,0,0,5308240,254312,184320,2269140,4093.197,1456.291,0,39.953,0,4.994,929,1328,0.780,1.430,1.190,1,0,0,0,0,18,322,0,12,0
18-05 21:52:47,2.002,1.001,96.081,0.250,0,5308240,254312,184320,2269140,1947.636,1026.863,0,772.649,0,27.023,1167,1628,0.720,1.410,1.180,1,0,1.001,0,0,18,322,0,12,0
18-05 21:52:48,3.750,1.000,93.745,0,0,5308240,254312,184320,2269140,479.974,0,0,0,0,0,1327,2230,0.720,1.410,1.180,1,0,0,0,0,18,322,0,12,0
18-05 21:52:49,10.520,2.254,86.412,0,0,5328564,233900,184320,2269228,279334.521,5093.564,0,184.346,0,1.002,1791,1572,0.720,1.410,1.180,1,0,7.013,0,0,18,322,0,12,0
18-05 21:52:50,10.494,3.248,84.201,0.250,0.250,5326056,236296,184320,2269340,142515.272,6278.311,15.991,0,0.999,0,2100,1800,0.720,1.410,1.180,1,0,19.988,0,0,18,322,0,12,0
18-05 21:52:51,8.245,3.248,85.447,1.249,0,5319624,242716,184320,2269352,149915.686,6472.015,135.916,1998.769,4.997,280.827,2463,2556,0.720,1.410,1.180,4,0,13.991,0,0,18,322,0,12,0
18-05 21:52:52,11.011,4.505,82.835,0.501,0.250,5327280,234664,184320,2269748,147581.735,3013.098,16.016,2770.849,1.001,46.047,2223,2092,0.740,1.400,1.180,2,0,20.021,0,0,18,322,0,10,0
