{0} setUpClass (tempest.api.compute.admin.test_live_migration.LiveAutoBlockMigrationV225Test) ... SKIPPED: Less than 2 compute nodes, skipping migration test.
{0} setUpClass (tempest.api.compute.admin.test_live_migration.LiveMigrationTest) ... SKIPPED: Less than 2 compute nodes, skipping migration test.
{0} setUpClass (tempest.api.compute.admin.test_live_migration.LiveMigrationWithoutHostTest) ... SKIPPED: Less than 2 compute nodes, skipping migration test.
{0} setUpClass (tempest.api.compute.servers.test_server_rescue.ServerBootFromVolumeStableRescueTest) ... SKIPPED: Stable rescue not available.
{0} setUpClass (tempest.api.compute.servers.test_server_rescue.ServerStableDeviceRescueTest) ... SKIPPED: Stable rescue not available.
{0} tempest.api.compute.volumes.test_volume_snapshots.VolumesSnapshotsTestJSON.test_volume_snapshot_create_get_list_delete [5.608862s] ... ok
{0} tempest.api.compute.volumes.test_volumes_get.VolumesGetTestJSON.test_volume_create_get_delete [1.631562s] ... ok
{0} tempest.api.compute.volumes.test_volumes_list.VolumesTestJSON.test_volume_list [0.106722s] ... ok
{0} tempest.api.compute.volumes.test_volumes_list.VolumesTestJSON.test_volume_list_param_limit [0.092108s] ... ok
{0} tempest.api.compute.volumes.test_volumes_list.VolumesTestJSON.test_volume_list_param_offset_and_limit [0.117121s] ... ok
{0} tempest.api.compute.volumes.test_volumes_list.VolumesTestJSON.test_volume_list_with_detail_param_limit [0.045548s] ... ok
{0} tempest.api.compute.volumes.test_volumes_list.VolumesTestJSON.test_volume_list_with_detail_param_offset_and_limit [0.110558s] ... ok
{0} tempest.api.compute.volumes.test_volumes_list.VolumesTestJSON.test_volume_list_with_details [0.059199s] ... ok
{0} tempest.api.compute.volumes.test_volumes_negative.VolumesNegativeTest.test_create_volume_with_invalid_size [0.138883s] ... ok
{0} tempest.api.compute.volumes.test_volumes_negative.VolumesNegativeTest.test_create_volume_with_size_zero [0.009028s] ... ok
{0} tempest.api.compute.volumes.test_volumes_negative.VolumesNegativeTest.test_create_volume_without_passing_size [0.008236s] ... ok
{0} tempest.api.compute.volumes.test_volumes_negative.VolumesNegativeTest.test_delete_invalid_volume_id [0.027903s] ... ok
{0} tempest.api.compute.volumes.test_volumes_negative.VolumesNegativeTest.test_delete_volume_without_passing_volume_id [0.005650s] ... ok
{0} tempest.api.compute.volumes.test_volumes_negative.VolumesNegativeTest.test_get_volume_without_passing_volume_id [0.007694s] ... ok
{0} tempest.api.compute.volumes.test_volumes_negative.VolumesNegativeTest.test_volume_delete_nonexistent_volume_id [0.023663s] ... ok
{0} tempest.api.compute.volumes.test_volumes_negative.VolumesNegativeTest.test_volume_get_nonexistent_volume_id [0.026895s] ... ok
{0} tempest.api.volume.admin.test_backends_capabilities.BackendsCapabilitiesAdminTestsJSON.test_compare_volume_stats_values [1.617753s] ... ok
{0} tempest.api.volume.admin.test_backends_capabilities.BackendsCapabilitiesAdminTestsJSON.test_get_capabilities_backend [0.526918s] ... ok
{0} setUpClass (tempest.api.volume.admin.test_encrypted_volumes_extend.EncryptedVolumesExtendAttachedTest) ... SKIPPED: Attached encrypted volume extend is disabled.
{0} tempest.api.volume.admin.test_group_snapshots.GroupSnapshotsTest.test_create_group_from_group_snapshot [10.126888s] ... ok
{0} tempest.api.volume.admin.test_group_snapshots.GroupSnapshotsTest.test_delete_group_snapshots_following_updated_volumes [12.542562s] ... ok
{0} tempest.api.volume.admin.test_group_snapshots.GroupSnapshotsTest.test_group_snapshot_create_show_list_delete [6.328372s] ... ok
{0} tempest.api.volume.admin.test_group_snapshots.GroupSnapshotsV319Test.test_reset_group_snapshot_status [6.764113s] ... ok
{0} tempest.api.volume.admin.test_group_type_specs.GroupTypeSpecsTest.test_group_type_specs_create_show_update_list_delete [0.419298s] ... ok
{0} tempest.api.volume.admin.test_group_types.GroupTypesTest.test_group_type_create_list_update_show_delete [0.216255s] ... ok
{0} tempest.api.volume.admin.test_group_types.GroupTypesTest.test_group_type_list_by_optional_params [0.243439s] ... ok
{0} tempest.api.volume.admin.test_groups.GroupsTest.test_group_create_show_list_delete [6.534977s] ... ok
{0} tempest.api.volume.admin.test_groups.GroupsTest.test_group_update [7.677483s] ... ok
{0} tempest.api.volume.admin.test_groups.GroupsV314Test.test_create_group_from_group [27.620542s] ... ok
{0} tempest.api.volume.admin.test_groups.GroupsV320Test.test_reset_group_status [2.782789s] ... ok
{0} tempest.api.volume.admin.test_multi_backend.VolumeMultiBackendTest.test_backend_name_distinction [0.104302s] ... ok
{0} tempest.api.volume.admin.test_multi_backend.VolumeMultiBackendTest.test_backend_name_distinction_with_prefix [0.091420s] ... ok
{0} tempest.api.volume.admin.test_multi_backend.VolumeMultiBackendTest.test_backend_name_reporting [0.080205s] ... ok
{0} tempest.api.volume.admin.test_multi_backend.VolumeMultiBackendTest.test_backend_name_reporting_with_prefix [0.071589s] ... ok
{0} tempest.api.volume.admin.test_qos.QosSpecsTestJSON.test_associate_disassociate_qos [0.483910s] ... ok
{0} tempest.api.volume.admin.test_qos.QosSpecsTestJSON.test_create_delete_qos_with_back_end_consumer [0.141454s] ... ok
{0} tempest.api.volume.admin.test_qos.QosSpecsTestJSON.test_create_delete_qos_with_both_consumer [0.135437s] ... ok
{0} tempest.api.volume.admin.test_qos.QosSpecsTestJSON.test_create_delete_qos_with_front_end_consumer [0.122748s] ... ok
{0} tempest.api.volume.admin.test_qos.QosSpecsTestJSON.test_get_qos [0.015215s] ... ok
{0} tempest.api.volume.admin.test_qos.QosSpecsTestJSON.test_list_qos [0.013114s] ... ok
{0} tempest.api.volume.admin.test_qos.QosSpecsTestJSON.test_set_unset_qos_key [0.119254s] ... ok
{0} tempest.api.volume.admin.test_snapshots_actions.SnapshotsActionsTest.test_reset_snapshot_status [0.169259s] ... ok
{0} tempest.api.volume.admin.test_snapshots_actions.SnapshotsActionsTest.test_snapshot_force_delete_when_snapshot_is_creating [2.426812s] ... ok
{0} tempest.api.volume.admin.test_snapshots_actions.SnapshotsActionsTest.test_snapshot_force_delete_when_snapshot_is_deleting [2.387005s] ... ok
{0} tempest.api.volume.admin.test_snapshots_actions.SnapshotsActionsTest.test_snapshot_force_delete_when_snapshot_is_error [2.402742s] ... ok
{0} tempest.api.volume.admin.test_snapshots_actions.SnapshotsActionsTest.test_snapshot_force_delete_when_snapshot_is_error_deleting [2.418664s] ... ok
{0} tempest.api.volume.admin.test_snapshots_actions.SnapshotsActionsTest.test_update_snapshot_status [0.173009s] ... ok
{0} tempest.api.volume.admin.test_user_messages.UserMessagesTest.test_delete_message [1.755611s] ... ok
{0} tempest.api.volume.admin.test_user_messages.UserMessagesTest.test_list_show_messages [1.593211s] ... ok
{0} tempest.api.volume.admin.test_volume_hosts.VolumeHostsAdminTestsJSON.test_list_hosts [0.092833s] ... ok
{0} tempest.api.volume.admin.test_volume_hosts.VolumeHostsAdminTestsJSON.test_show_host [0.158146s] ... ok
{0} setUpClass (tempest.api.volume.admin.test_volume_manage.VolumeManageAdminTest) ... SKIPPED: Manage volume tests are disabled
{0} tempest.api.volume.admin.test_volume_pools.VolumePoolsAdminTestsJSON.test_get_pools_with_details [0.605682s] ... ok
{0} tempest.api.volume.admin.test_volume_pools.VolumePoolsAdminTestsJSON.test_get_pools_without_details [0.525133s] ... ok
{0} tempest.api.volume.admin.test_volume_quota_classes.VolumeQuotaClassesTest.test_show_default_quota [0.114154s] ... ok
{0} tempest.api.volume.admin.test_volume_quota_classes.VolumeQuotaClassesTest.test_update_default_quota [0.592227s] ... ok
{0} tempest.api.volume.admin.test_volume_quotas.VolumeQuotasAdminTestJSON.test_delete_quota [0.277912s] ... ok
{0} tempest.api.volume.admin.test_volume_quotas.VolumeQuotasAdminTestJSON.test_list_default_quotas [0.023884s] ... ok
{0} tempest.api.volume.admin.test_volume_quotas.VolumeQuotasAdminTestJSON.test_list_quotas [0.033462s] ... ok
{0} tempest.api.volume.admin.test_volume_quotas.VolumeQuotasAdminTestJSON.test_quota_usage [2.639352s] ... ok
{0} tempest.api.volume.admin.test_volume_quotas.VolumeQuotasAdminTestJSON.test_quota_usage_after_volume_transfer [3.561877s] ... ok
{0} tempest.api.volume.admin.test_volume_quotas.VolumeQuotasAdminTestJSON.test_show_quota_usage [0.038711s] ... ok
{0} tempest.api.volume.admin.test_volume_quotas.VolumeQuotasAdminTestJSON.test_update_all_quota_resources_for_tenant [0.214814s] ... ok
{0} tempest.api.volume.admin.test_volume_quotas_negative.VolumeQuotasNegativeTestJSON.test_quota_volume_gigabytes [0.256182s] ... ok
{0} tempest.api.volume.admin.test_volume_quotas_negative.VolumeQuotasNegativeTestJSON.test_quota_volumes [0.195948s] ... ok
{0} tempest.api.volume.admin.test_volume_quotas_negative.VolumeQuotasNegativeTestJSON.test_volume_extend_gigabytes_quota_deviation [0.151829s] ... ok
{0} tempest.api.volume.admin.test_volume_retype.VolumeRetypeMultiattachTest.test_volume_retype_multiattach [7.326386s] ... ok
{0} tempest.api.volume.admin.test_volume_retype.VolumeRetypeWithoutMigrationTest.test_available_volume_retype [3.846490s] ... ok
{0} tempest.api.volume.admin.test_volume_services.VolumesServicesTestJSON.test_get_service_by_host_name [0.018491s] ... ok
{0} tempest.api.volume.admin.test_volume_services.VolumesServicesTestJSON.test_get_service_by_service_and_host_name [0.025264s] ... ok
{0} tempest.api.volume.admin.test_volume_services.VolumesServicesTestJSON.test_get_service_by_service_binary_name [0.016486s] ... ok
{0} tempest.api.volume.admin.test_volume_services.VolumesServicesTestJSON.test_get_service_by_volume_host_name [2.612379s] ... ok
{0} tempest.api.volume.admin.test_volume_services.VolumesServicesTestJSON.test_list_services [0.023357s] ... ok
{0} tempest.api.volume.admin.test_volume_services_negative.VolumeServicesNegativeTest.test_disable_log_reason_with_no_reason [0.013531s] ... ok
{0} tempest.api.volume.admin.test_volume_services_negative.VolumeServicesNegativeTest.test_disable_service_with_invalid_binary [0.017308s] ... ok
{0} tempest.api.volume.admin.test_volume_services_negative.VolumeServicesNegativeTest.test_enable_service_with_invalid_host [0.021881s] ... ok
{0} tempest.api.volume.admin.test_volume_services_negative.VolumeServicesNegativeTest.test_freeze_host_with_invalid_host [0.017286s] ... ok
{0} tempest.api.volume.admin.test_volume_services_negative.VolumeServicesNegativeTest.test_thaw_host_with_invalid_host [0.025028s] ... ok
{0} tempest.api.volume.admin.test_volume_snapshot_quotas_negative.VolumeSnapshotQuotasNegativeTestJSON.test_quota_volume_gigabytes_snapshots [0.224006s] ... ok
{0} tempest.api.volume.admin.test_volume_snapshot_quotas_negative.VolumeSnapshotQuotasNegativeTestJSON.test_quota_volume_snapshots [0.055302s] ... ok
{0} tempest.api.volume.admin.test_volume_type_access.VolumeTypesAccessTest.test_volume_type_access_add [2.783193s] ... ok
{0} tempest.api.volume.admin.test_volume_type_access.VolumeTypesAccessTest.test_volume_type_access_list [0.393224s] ... ok
{0} tempest.api.volume.admin.test_volume_types.VolumeTypesTest.test_volume_crud_with_volume_type_and_extra_specs [4.070134s] ... ok
{0} tempest.api.volume.admin.test_volume_types.VolumeTypesTest.test_volume_type_create_get_delete [0.119851s] ... ok
{0} tempest.api.volume.admin.test_volume_types.VolumeTypesTest.test_volume_type_encryption_create_get_update_delete [0.467581s] ... ok
{0} tempest.api.volume.admin.test_volume_types.VolumeTypesTest.test_volume_type_list [0.030719s] ... ok
{0} tempest.api.volume.admin.test_volume_types.VolumeTypesTest.test_volume_type_update [0.147320s] ... ok
{0} tempest.api.volume.admin.test_volume_types_extra_specs.VolumeTypesExtraSpecsTest.test_volume_type_extra_spec_create_get_delete [0.140353s] ... ok
{0} tempest.api.volume.admin.test_volume_types_extra_specs.VolumeTypesExtraSpecsTest.test_volume_type_extra_specs_list [0.061652s] ... ok
{0} tempest.api.volume.admin.test_volume_types_extra_specs.VolumeTypesExtraSpecsTest.test_volume_type_extra_specs_update [0.181715s] ... ok
{0} tempest.api.volume.admin.test_volume_types_extra_specs_negative.ExtraSpecsNegativeTest.test_create_invalid_body [0.011276s] ... ok
{0} tempest.api.volume.admin.test_volume_types_extra_specs_negative.ExtraSpecsNegativeTest.test_create_none_body [0.011672s] ... ok
{0} tempest.api.volume.admin.test_volume_types_extra_specs_negative.ExtraSpecsNegativeTest.test_create_nonexistent_type_id [0.032747s] ... ok
{0} tempest.api.volume.admin.test_volume_types_extra_specs_negative.ExtraSpecsNegativeTest.test_delete_nonexistent_volume_type_id [0.012999s] ... ok
{0} tempest.api.volume.admin.test_volume_types_extra_specs_negative.ExtraSpecsNegativeTest.test_get_nonexistent_extra_spec_name [0.022949s] ... ok
{0} tempest.api.volume.admin.test_volume_types_extra_specs_negative.ExtraSpecsNegativeTest.test_get_nonexistent_volume_type_id [0.018895s] ... ok
{0} tempest.api.volume.admin.test_volume_types_extra_specs_negative.ExtraSpecsNegativeTest.test_list_nonexistent_volume_type_id [0.012463s] ... ok
{0} tempest.api.volume.admin.test_volume_types_extra_specs_negative.ExtraSpecsNegativeTest.test_update_multiple_extra_spec [0.010910s] ... ok
{0} tempest.api.volume.admin.test_volume_types_extra_specs_negative.ExtraSpecsNegativeTest.test_update_no_body [0.013297s] ... ok
{0} tempest.api.volume.admin.test_volume_types_extra_specs_negative.ExtraSpecsNegativeTest.test_update_none_extra_spec_id [0.021937s] ... ok
{0} tempest.api.volume.admin.test_volume_types_extra_specs_negative.ExtraSpecsNegativeTest.test_update_nonexistent_extra_spec_id [0.023199s] ... ok
{0} tempest.api.volume.admin.test_volume_types_extra_specs_negative.ExtraSpecsNegativeTest.test_update_nonexistent_type_id [0.027560s] ... ok
{0} tempest.api.volume.admin.test_volume_types_negative.VolumeTypesNegativeTest.test_create_volume_type_encryption_nonexistent_type_id [0.109118s] ... ok
{0} tempest.api.volume.admin.test_volume_types_negative.VolumeTypesNegativeTest.test_create_volume_with_private_volume_type [0.198365s] ... ok
{0} tempest.api.volume.admin.test_volume_types_negative.VolumeTypesNegativeTest.test_create_with_empty_name [0.011395s] ... ok
{0} tempest.api.volume.admin.test_volume_types_negative.VolumeTypesNegativeTest.test_create_with_repeated_name [0.117390s] ... ok
{0} tempest.api.volume.admin.test_volume_types_negative.VolumeTypesNegativeTest.test_delete_nonexistent_type_id [0.012931s] ... ok
{0} tempest.api.volume.admin.test_volume_types_negative.VolumeTypesNegativeTest.test_get_nonexistent_type_id [0.014947s] ... ok
{0} tempest.api.volume.admin.test_volumes_list.VolumesListAdminTestJSON.test_volume_list_param_tenant [1.502363s] ... ok
{0} tempest.api.volume.test_availability_zone.AvailabilityZoneTestJSON.test_get_availability_zone_list [0.091883s] ... ok
{0} tempest.api.volume.test_extensions.ExtensionsTestJSON.test_list_extensions [0.097852s] ... ok
{0} tempest.api.volume.test_snapshot_metadata.SnapshotMetadataTestJSON.test_crud_snapshot_metadata [0.235188s] ... ok
{0} tempest.api.volume.test_snapshot_metadata.SnapshotMetadataTestJSON.test_update_show_snapshot_metadata_item [0.196537s] ... ok
{0} tempest.api.volume.test_versions.VersionsTest.test_list_versions [0.013593s] ... ok
{0} tempest.api.volume.test_versions.VersionsTest.test_show_version [0.095672s] ... ok
{0} tempest.api.volume.test_volume_absolute_limits.AbsoluteLimitsTests.test_get_volume_absolute_limits [0.043845s] ... ok
{0} tempest.api.volume.test_volume_delete_cascade.VolumesDeleteCascade.test_volume_delete_cascade [6.037276s] ... ok
{0} tempest.api.volume.test_volume_delete_cascade.VolumesDeleteCascade.test_volume_from_snapshot_cascade_delete [200.945258s] ... FAILED

Captured traceback:
~~~~~~~~~~~~~~~~~~~
    Traceback (most recent call last):

      File "/opt/stack/tempest/tempest/api/volume/test_volume_delete_cascade.py", line 105, in test_volume_from_snapshot_cascade_delete
    self.volumes_client.wait_for_resource_deletion(volume['id'])

      File "/opt/stack/tempest/tempest/lib/common/rest_client.py", line 988, in wait_for_resource_deletion
    raise exceptions.TimeoutException(message)

    tempest.lib.exceptions.TimeoutException: Request timed out
Details: (VolumesDeleteCascade:test_volume_from_snapshot_cascade_delete) Failed to delete volume f7f5a194-597c-4ca6-85ec-fe057b34242c within the required time (196 s). Timer started at 1774523030. Timer ended at 1774523226. Waited for 196 s.


Captured traceback-1:
~~~~~~~~~~~~~~~~~~~~~
    Traceback (most recent call last):

      File "/opt/stack/tempest/tempest/lib/common/utils/test_utils.py", line 87, in call_and_ignore_notfound_exc
    return func(*args, **kwargs)
           ^^^^^^^^^^^^^^^^^^^^^

      File "/opt/stack/tempest/tempest/api/volume/base.py", line 237, in delete_snapshot
    snapshots_client.delete_snapshot(snapshot_id)

      File "/opt/stack/tempest/tempest/lib/services/volume/v3/snapshots_client.py", line 95, in delete_snapshot
    resp, body = self.delete("snapshots/%s" % snapshot_id)
                 ^^^^^^^^^^^^^^^^^^^^^^^^^^^^^^^^^^^^^^^^^

      File "/opt/stack/tempest/tempest/lib/common/rest_client.py", line 359, in delete
    return self.request('DELETE', url, extra_headers, headers, body)
           ^^^^^^^^^^^^^^^^^^^^^^^^^^^^^^^^^^^^^^^^^^^^^^^^^^^^^^^^^

      File "/opt/stack/tempest/tempest/lib/common/rest_client.py", line 762, in request
    self._error_checker(resp, resp_body)

      File "/opt/stack/tempest/tempest/lib/common/rest_client.py", line 877, in _error_checker
    raise exceptions.BadRequest(resp_body, resp=resp)

    tempest.lib.exceptions.BadRequest: Bad request
Details: {'code': 400, 'message': 'Invalid snapshot: Snapshot status must be available or error and must not be part of a group.'}


Captured traceback-2:
~~~~~~~~~~~~~~~~~~~~~
    Traceback (most recent call last):

      File "/opt/stack/tempest/tempest/lib/common/utils/test_utils.py", line 87, in call_and_ignore_notfound_exc
    return func(*args, **kwargs)
           ^^^^^^^^^^^^^^^^^^^^^

      File "/opt/stack/tempest/tempest/api/volume/base.py", line 165, in _delete_volume_for_cleanup
    BaseVolumeTest.delete_volume(volumes_client, volume_id)

      File "/opt/stack/tempest/tempest/api/volume/base.py", line 229, in delete_volume
    client.delete_volume(volume_id)

      File "/opt/stack/tempest/tempest/lib/services/volume/v3/volumes_client.py", line 145, in delete_volume
    resp, body = self.delete(url)
                 ^^^^^^^^^^^^^^^^

      File "/opt/stack/tempest/tempest/lib/common/rest_client.py", line 359, in delete
    return self.request('DELETE', url, extra_headers, headers, body)
           ^^^^^^^^^^^^^^^^^^^^^^^^^^^^^^^^^^^^^^^^^^^^^^^^^^^^^^^^^

      File "/opt/stack/tempest/tempest/lib/services/volume/base_client.py", line 39, in request
    resp, resp_body = super(BaseClient, self).request(
                      ^^^^^^^^^^^^^^^^^^^^^^^^^^^^^^^^

      File "/opt/stack/tempest/tempest/lib/common/rest_client.py", line 762, in request
    self._error_checker(resp, resp_body)

      File "/opt/stack/tempest/tempest/lib/common/rest_client.py", line 877, in _error_checker
    raise exceptions.BadRequest(resp_body, resp=resp)

    tempest.lib.exceptions.BadRequest: Bad request
Details: {'code': 400, 'message': 'Invalid volume: Volume status must be available or error or error_restoring or error_extending or error_managing and must not be migrating, attached, belong to a group, have snapshots, awaiting a transfer, or be disassociated from snapshots after volume transfer.'}


Captured pythonlogging:
~~~~~~~~~~~~~~~~~~~~~~~
    2026-03-26 11:03:46,679 129489 INFO     [tempest.lib.common.rest_client] Request (VolumesDeleteCascade:test_volume_from_snapshot_cascade_delete): 202 POST http://10.132.44.209/volume/v3/volumes 0.182s
2026-03-26 11:03:46,679 129489 DEBUG    [tempest.lib.common.rest_client] Request - Headers: {'Content-Type': 'application/json', 'Accept': 'application/json', 'X-Auth-Token': '<omitted>'}
        Body: {"volume": {"size": 1, "name": "tempest-VolumesDeleteCascade-Volume-308554469"}}
    Response - Headers: {'date': 'Thu, 26 Mar 2026 11:03:46 GMT', 'server': 'Apache/2.4.58 (Ubuntu)', 'content-type': 'application/json', 'x-compute-request-id': 'req-46c6eeb5-c6a5-4cc8-90a1-9e359b3f9064', 'content-length': '754', 'openstack-api-version': 'volume 3.0', 'vary': 'OpenStack-API-Version', 'x-openstack-request-id': 'req-46c6eeb5-c6a5-4cc8-90a1-9e359b3f9064', 'connection': 'close', 'status': '202', 'content-location': 'http://10.132.44.209/volume/v3/volumes'}
        Body: b'{"volume": {"id": "f7f5a194-597c-4ca6-85ec-fe057b34242c", "status": "creating", "size": 1, "availability_zone": "nova", "created_at": "2026-03-26T11:03:46.609473", "updated_at": null, "name": "tempest-VolumesDeleteCascade-Volume-308554469", "description": null, "volume_type": "arcusfc1", "snapshot_id": null, "source_volid": null, "metadata": {}, "links": [{"rel": "self", "href": "http://10.132.44.209/volume/v3/volumes/f7f5a194-597c-4ca6-85ec-fe057b34242c"}, {"rel": "bookmark", "href": "http://10.132.44.209/volume/volumes/f7f5a194-597c-4ca6-85ec-fe057b34242c"}], "user_id": "0495918e1ed64bbb937615df1f938f30", "bootable": "false", "encrypted": false, "replication_status": null, "consistencygroup_id": null, "multiattach": false, "attachments": []}}'
2026-03-26 11:03:46,722 129489 INFO     [tempest.lib.common.rest_client] Request (VolumesDeleteCascade:test_volume_from_snapshot_cascade_delete): 200 GET http://10.132.44.209/volume/v3/volumes/f7f5a194-597c-4ca6-85ec-fe057b34242c 0.035s
2026-03-26 11:03:46,722 129489 DEBUG    [tempest.lib.common.rest_client] Request - Headers: {'Content-Type': 'application/json', 'Accept': 'application/json', 'X-Auth-Token': '<omitted>'}
        Body: None
    Response - Headers: {'date': 'Thu, 26 Mar 2026 11:03:46 GMT', 'server': 'Apache/2.4.58 (Ubuntu)', 'content-type': 'application/json', 'x-compute-request-id': 'req-00bf2a5d-d548-490f-850e-abd5a7181902', 'content-length': '822', 'openstack-api-version': 'volume 3.0', 'vary': 'OpenStack-API-Version', 'x-openstack-request-id': 'req-00bf2a5d-d548-490f-850e-abd5a7181902', 'connection': 'close', 'status': '200', 'content-location': 'http://10.132.44.209/volume/v3/volumes/f7f5a194-597c-4ca6-85ec-fe057b34242c'}
        Body: b'{"volume": {"id": "f7f5a194-597c-4ca6-85ec-fe057b34242c", "status": "creating", "size": 1, "availability_zone": "nova", "created_at": "2026-03-26T11:03:47.000000", "updated_at": null, "name": "tempest-VolumesDeleteCascade-Volume-308554469", "description": null, "volume_type": "arcusfc1", "snapshot_id": null, "source_volid": null, "metadata": {}, "links": [{"rel": "self", "href": "http://10.132.44.209/volume/v3/volumes/f7f5a194-597c-4ca6-85ec-fe057b34242c"}, {"rel": "bookmark", "href": "http://10.132.44.209/volume/volumes/f7f5a194-597c-4ca6-85ec-fe057b34242c"}], "user_id": "0495918e1ed64bbb937615df1f938f30", "bootable": "false", "encrypted": false, "replication_status": null, "consistencygroup_id": null, "multiattach": false, "attachments": [], "os-vol-tenant-attr:tenant_id": "f92c30465503415cbc00028e1055323b"}}'
2026-03-26 11:03:47,774 129489 INFO     [tempest.lib.common.rest_client] Request (VolumesDeleteCascade:test_volume_from_snapshot_cascade_delete): 200 GET http://10.132.44.209/volume/v3/volumes/f7f5a194-597c-4ca6-85ec-fe057b34242c 0.040s
2026-03-26 11:03:47,774 129489 DEBUG    [tempest.lib.common.rest_client] Request - Headers: {'Content-Type': 'application/json', 'Accept': 'application/json', 'X-Auth-Token': '<omitted>'}
        Body: None
    Response - Headers: {'date': 'Thu, 26 Mar 2026 11:03:47 GMT', 'server': 'Apache/2.4.58 (Ubuntu)', 'content-type': 'applic
    ation/json', 'x-compute-request-id': 'req-266acfad-f077-458c-bfb0-f0316d09b5c3', 'content-length': '847', 'openstack-api-version': 'volume 3.0', 'vary': 'OpenStack-API-Version', 'x-openstack-request-id': 'req-266acfad-f077-458c-bfb0-f0316d09b5c3', 'connection': 'close', 'status': '200', 'content-location': 'http://10.132.44.209/volume/v3/volumes/f7f5a194-597c-4ca6-85ec-fe057b34242c'}
        Body: b'{"volume": {"id": "f7f5a194-597c-4ca6-85ec-fe057b34242c", "status": "available", "size": 1, "availability_zone": "nova", "created_at": "2026-03-26T11:03:47.000000", "updated_at": "2026-03-26T11:03:47.000000", "name": "tempest-VolumesDeleteCascade-Volume-308554469", "description": null, "volume_type": "arcusfc1", "snapshot_id": null, "source_volid": null, "metadata": {}, "links": [{"rel": "self", "href": "http://10.132.44.209/volume/v3/volumes/f7f5a194-597c-4ca6-85ec-fe057b34242c"}, {"rel": "bookmark", "href": "http://10.132.44.209/volume/volumes/f7f5a194-597c-4ca6-85ec-fe057b34242c"}], "user_id": "0495918e1ed64bbb937615df1f938f30", "bootable": "false", "encrypted": false, "replication_status": null, "consistencygroup_id": null, "multiattach": false, "attachments": [], "os-vol-tenant-attr:tenant_id": "f92c30465503415cbc00028e1055323b"}}'
2026-03-26 11:03:47,792 129489 INFO     [tempest.common.waiters] volume f7f5a194-597c-4ca6-85ec-fe057b34242c reached available after waiting for 1.791993 seconds
2026-03-26 11:03:47,887 129489 INFO     [tempest.lib.common.rest_client] Request (VolumesDeleteCascade:test_volume_from_snapshot_cascade_delete): 202 POST http://10.132.44.209/volume/v3/snapshots 0.095s
2026-03-26 11:03:47,888 129489 DEBUG    [tempest.lib.common.rest_client] Request - Headers: {'Content-Type': 'application/json', 'Accept': 'application/json', 'X-Auth-Token': '<omitted>'}
        Body: {"snapshot": {"volume_id": "f7f5a194-597c-4ca6-85ec-fe057b34242c", "name": "tempest-VolumesDeleteCascade-Snapshot-1470659385"}}
    Response - Headers: {'date': 'Thu, 26 Mar 2026 11:03:47 GMT', 'server': 'Apache/2.4.58 (Ubuntu)', 'content-type': 'application/json', 'x-compute-request-id': 'req-418afc62-cfa0-43d1-b83a-435de987639f', 'content-length': '307', 'openstack-api-version': 'volume 3.0', 'vary': 'OpenStack-API-Version', 'x-openstack-request-id': 'req-418afc62-cfa0-43d1-b83a-435de987639f', 'connection': 'close', 'status': '202', 'content-location': 'http://10.132.44.209/volume/v3/snapshots'}
        Body: b'{"snapshot": {"id": "5045a836-d2ea-443a-aeec-28aa38bccf15", "created_at": "2026-03-26T11:03:47.850872", "updated_at": null, "name": "tempest-VolumesDeleteCascade-Snapshot-1470659385", "description": null, "volume_id": "f7f5a194-597c-4ca6-85ec-fe057b34242c", "status": "creating", "size": 1, "metadata": {}}}'
2026-03-26 11:03:47,905 129489 INFO     [tempest.lib.common.rest_client] Request (VolumesDeleteCascade:test_volume_from_snapshot_cascade_delete): 200 GET http://10.132.44.209/volume/v3/snapshots/5045a836-d2ea-443a-aeec-28aa38bccf15 0.015s
2026-03-26 11:03:47,905 129489 DEBUG    [tempest.lib.common.rest_client] Request - Headers: {'Content-Type': 'application/json', 'Accept': 'application/json', 'X-Auth-Token': '<omitted>'}
        Body: None
    Response - Headers: {'date': 'Thu, 26 Mar 2026 11:03:47 GMT', 'server': 'Apache/2.4.58 (Ubuntu)', 'content-type': 'application/json', 'x-compute-request-id': 'req-e980ef83-cac1-4c83-821a-57153f46a31e', 'content-length': '439', 'openstack-api-version': 'volume 3.0', 'vary': 'OpenStack-API-Version', 'x-openstack-request-id': 'req-e980ef83-cac1-4c83-821a-57153f46a31e', 'connection': 'close', 'status': '200', 'content-location': 'http://10.132.44.209/volume/v3/snapshots/5045a836-d2ea-443a-aeec-28aa38bccf15'}
        Body: b'{"snapshot": {"id": "5045a836-d2ea-443a-aeec-28aa38bccf15", "created_at": "2026-03-26T11:03:48.000000", "updated_at": null, "name": "tempest-VolumesDeleteCascade-Snapshot-1470659385", "description": null, "volume_id": "f7f5a194-597c-4ca6-85ec-fe057b34242c", "status": "creating", "size": 1, "metadata": {}, "os-extended-snapshot-attributes:project_id": "f92c30465503415cb
    c00028e1055323b", "os-extended-snapshot-attributes:progress": "0%"}}'
2026-03-26 11:03:48,935 129489 INFO     [tempest.lib.common.rest_client] Request (VolumesDeleteCascade:test_volume_from_snapshot_cascade_delete): 200 GET http://10.132.44.209/volume/v3/snapshots/5045a836-d2ea-443a-aeec-28aa38bccf15 0.026s
2026-03-26 11:03:48,935 129489 DEBUG    [tempest.lib.common.rest_client] Request - Headers: {'Content-Type': 'application/json', 'Accept': 'application/json', 'X-Auth-Token': '<omitted>'}
        Body: None
    Response - Headers: {'date': 'Thu, 26 Mar 2026 11:03:48 GMT', 'server': 'Apache/2.4.58 (Ubuntu)', 'content-type': 'application/json', 'x-compute-request-id': 'req-740cc02b-450d-4e90-9a17-510d4002f3b3', 'content-length': '466', 'openstack-api-version': 'volume 3.0', 'vary': 'OpenStack-API-Version', 'x-openstack-request-id': 'req-740cc02b-450d-4e90-9a17-510d4002f3b3', 'connection': 'close', 'status': '200', 'content-location': 'http://10.132.44.209/volume/v3/snapshots/5045a836-d2ea-443a-aeec-28aa38bccf15'}
        Body: b'{"snapshot": {"id": "5045a836-d2ea-443a-aeec-28aa38bccf15", "created_at": "2026-03-26T11:03:48.000000", "updated_at": "2026-03-26T11:03:48.000000", "name": "tempest-VolumesDeleteCascade-Snapshot-1470659385", "description": null, "volume_id": "f7f5a194-597c-4ca6-85ec-fe057b34242c", "status": "available", "size": 1, "metadata": {}, "os-extended-snapshot-attributes:project_id": "f92c30465503415cbc00028e1055323b", "os-extended-snapshot-attributes:progress": "100%"}}'
2026-03-26 11:03:48,939 129489 INFO     [tempest.common.waiters] snapshot 5045a836-d2ea-443a-aeec-28aa38bccf15 reached available after waiting for 1.939477 seconds
2026-03-26 11:03:49,168 129489 INFO     [tempest.lib.common.rest_client] Request (VolumesDeleteCascade:test_volume_from_snapshot_cascade_delete): 202 POST http://10.132.44.209/volume/v3/volumes 0.228s
2026-03-26 11:03:49,168 129489 DEBUG    [tempest.lib.common.rest_client] Request - Headers: {'Content-Type': 'application/json', 'Accept': 'application/json', 'X-Auth-Token': '<omitted>'}
        Body: {"volume": {"snapshot_id": "5045a836-d2ea-443a-aeec-28aa38bccf15", "size": 1, "name": "tempest-VolumesDeleteCascade-Volume-573187491"}}
    Response - Headers: {'date': 'Thu, 26 Mar 2026 11:03:48 GMT', 'server': 'Apache/2.4.58 (Ubuntu)', 'content-type': 'application/json', 'x-compute-request-id': 'req-f8f65682-e1ac-4880-949e-01dbe04b77af', 'content-length': '788', 'openstack-api-version': 'volume 3.0', 'vary': 'OpenStack-API-Version', 'x-openstack-request-id': 'req-f8f65682-e1ac-4880-949e-01dbe04b77af', 'connection': 'close', 'status': '202', 'content-location': 'http://10.132.44.209/volume/v3/volumes'}
        Body: b'{"volume": {"id": "409beb63-f57c-4c9f-a81f-82caefc91184", "status": "creating", "size": 1, "availability_zone": "nova", "created_at": "2026-03-26T11:03:49.087160", "updated_at": null, "name": "tempest-VolumesDeleteCascade-Volume-573187491", "description": null, "volume_type": "arcusfc1", "snapshot_id": "5045a836-d2ea-443a-aeec-28aa38bccf15", "source_volid": null, "metadata": {}, "links": [{"rel": "self", "href": "http://10.132.44.209/volume/v3/volumes/409beb63-f57c-4c9f-a81f-82caefc91184"}, {"rel": "bookmark", "href": "http://10.132.44.209/volume/volumes/409beb63-f57c-4c9f-a81f-82caefc91184"}], "user_id": "0495918e1ed64bbb937615df1f938f30", "bootable": "false", "encrypted": false, "replication_status": null, "consistencygroup_id": null, "multiattach": false, "attachments": []}}'
2026-03-26 11:03:49,209 129489 INFO     [tempest.lib.common.rest_client] Request (VolumesDeleteCascade:test_volume_from_snapshot_cascade_delete): 200 GET http://10.132.44.209/volume/v3/volumes/409beb63-f57c-4c9f-a81f-82caefc91184 0.034s
2026-03-26 11:03:49,209 129489 DEBUG    [tempest.lib.common.rest_client] Request - Headers: {'Content-Type': 'application/json', 'Accept': 'application/json', 'X-Auth-Token': '<omitted>'}
        Body: None
    Response - Headers: {'date': 'Thu, 26 Mar 2026 11:03:49 GMT', 'server': 'Apache/2.4.58 (Ubuntu)', 'content-type': 'application/json', 'x-compute-reque
    st-id': 'req-af85c9c7-4446-41c3-b38e-a6a6344eacb5', 'content-length': '856', 'openstack-api-version': 'volume 3.0', 'vary': 'OpenStack-API-Version', 'x-openstack-request-id': 'req-af85c9c7-4446-41c3-b38e-a6a6344eacb5', 'connection': 'close', 'status': '200', 'content-location': 'http://10.132.44.209/volume/v3/volumes/409beb63-f57c-4c9f-a81f-82caefc91184'}
        Body: b'{"volume": {"id": "409beb63-f57c-4c9f-a81f-82caefc91184", "status": "creating", "size": 1, "availability_zone": "nova", "created_at": "2026-03-26T11:03:49.000000", "updated_at": null, "name": "tempest-VolumesDeleteCascade-Volume-573187491", "description": null, "volume_type": "arcusfc1", "snapshot_id": "5045a836-d2ea-443a-aeec-28aa38bccf15", "source_volid": null, "metadata": {}, "links": [{"rel": "self", "href": "http://10.132.44.209/volume/v3/volumes/409beb63-f57c-4c9f-a81f-82caefc91184"}, {"rel": "bookmark", "href": "http://10.132.44.209/volume/volumes/409beb63-f57c-4c9f-a81f-82caefc91184"}], "user_id": "0495918e1ed64bbb937615df1f938f30", "bootable": "false", "encrypted": false, "replication_status": null, "consistencygroup_id": null, "multiattach": false, "attachments": [], "os-vol-tenant-attr:tenant_id": "f92c30465503415cbc00028e1055323b"}}'
2026-03-26 11:03:50,265 129489 INFO     [tempest.lib.common.rest_client] Request (VolumesDeleteCascade:test_volume_from_snapshot_cascade_delete): 200 GET http://10.132.44.209/volume/v3/volumes/409beb63-f57c-4c9f-a81f-82caefc91184 0.042s
2026-03-26 11:03:50,266 129489 DEBUG    [tempest.lib.common.rest_client] Request - Headers: {'Content-Type': 'application/json', 'Accept': 'application/json', 'X-Auth-Token': '<omitted>'}
        Body: None
    Response - Headers: {'date': 'Thu, 26 Mar 2026 11:03:50 GMT', 'server': 'Apache/2.4.58 (Ubuntu)', 'content-type': 'application/json', 'x-compute-request-id': 'req-8b2d3a68-4367-477c-9ecc-cf044eda92aa', 'content-length': '881', 'openstack-api-version': 'volume 3.0', 'vary': 'OpenStack-API-Version', 'x-openstack-request-id': 'req-8b2d3a68-4367-477c-9ecc-cf044eda92aa', 'connection': 'close', 'status': '200', 'content-location': 'http://10.132.44.209/volume/v3/volumes/409beb63-f57c-4c9f-a81f-82caefc91184'}
        Body: b'{"volume": {"id": "409beb63-f57c-4c9f-a81f-82caefc91184", "status": "available", "size": 1, "availability_zone": "nova", "created_at": "2026-03-26T11:03:49.000000", "updated_at": "2026-03-26T11:03:49.000000", "name": "tempest-VolumesDeleteCascade-Volume-573187491", "description": null, "volume_type": "arcusfc1", "snapshot_id": "5045a836-d2ea-443a-aeec-28aa38bccf15", "source_volid": null, "metadata": {}, "links": [{"rel": "self", "href": "http://10.132.44.209/volume/v3/volumes/409beb63-f57c-4c9f-a81f-82caefc91184"}, {"rel": "bookmark", "href": "http://10.132.44.209/volume/volumes/409beb63-f57c-4c9f-a81f-82caefc91184"}], "user_id": "0495918e1ed64bbb937615df1f938f30", "bootable": "false", "encrypted": false, "replication_status": null, "consistencygroup_id": null, "multiattach": false, "attachments": [], "os-vol-tenant-attr:tenant_id": "f92c30465503415cbc00028e1055323b"}}'
2026-03-26 11:03:50,280 129489 INFO     [tempest.common.waiters] volume 409beb63-f57c-4c9f-a81f-82caefc91184 reached available after waiting for 1.280093 seconds
2026-03-26 11:03:50,307 129489 INFO     [tempest.lib.common.rest_client] Request (VolumesDeleteCascade:test_volume_from_snapshot_cascade_delete): 200 GET http://10.132.44.209/volume/v3/volumes/409beb63-f57c-4c9f-a81f-82caefc91184 0.027s
2026-03-26 11:03:50,307 129489 DEBUG    [tempest.lib.common.rest_client] Request - Headers: {'Content-Type': 'application/json', 'Accept': 'application/json', 'X-Auth-Token': '<omitted>'}
        Body: None
    Response - Headers: {'date': 'Thu, 26 Mar 2026 11:03:50 GMT', 'server': 'Apache/2.4.58 (Ubuntu)', 'content-type': 'application/json', 'x-compute-request-id': 'req-52248e4a-5de0-4aa6-bf4d-ed2f0ac23e30', 'content-length': '881', 'openstack-api-version': 'volume 3.0', 'vary': 'OpenStack-API-Version', 'x-openstack-request-id': 'req-52248e4a-5de0-4aa6-bf4d-ed2f0ac23e30', 'connection': 'close', 'status
    ': '200', 'content-location': 'http://10.132.44.209/volume/v3/volumes/409beb63-f57c-4c9f-a81f-82caefc91184'}
        Body: b'{"volume": {"id": "409beb63-f57c-4c9f-a81f-82caefc91184", "status": "available", "size": 1, "availability_zone": "nova", "created_at": "2026-03-26T11:03:49.000000", "updated_at": "2026-03-26T11:03:49.000000", "name": "tempest-VolumesDeleteCascade-Volume-573187491", "description": null, "volume_type": "arcusfc1", "snapshot_id": "5045a836-d2ea-443a-aeec-28aa38bccf15", "source_volid": null, "metadata": {}, "links": [{"rel": "self", "href": "http://10.132.44.209/volume/v3/volumes/409beb63-f57c-4c9f-a81f-82caefc91184"}, {"rel": "bookmark", "href": "http://10.132.44.209/volume/volumes/409beb63-f57c-4c9f-a81f-82caefc91184"}], "user_id": "0495918e1ed64bbb937615df1f938f30", "bootable": "false", "encrypted": false, "replication_status": null, "consistencygroup_id": null, "multiattach": false, "attachments": [], "os-vol-tenant-attr:tenant_id": "f92c30465503415cbc00028e1055323b"}}'
2026-03-26 11:03:50,380 129489 INFO     [tempest.lib.common.rest_client] Request (VolumesDeleteCascade:test_volume_from_snapshot_cascade_delete): 202 DELETE http://10.132.44.209/volume/v3/volumes/f7f5a194-597c-4ca6-85ec-fe057b34242c?cascade=True 0.066s
2026-03-26 11:03:50,380 129489 DEBUG    [tempest.lib.common.rest_client] Request - Headers: {'Content-Type': 'application/json', 'Accept': 'application/json', 'X-Auth-Token': '<omitted>'}
        Body: None
    Response - Headers: {'date': 'Thu, 26 Mar 2026 11:03:50 GMT', 'server': 'Apache/2.4.58 (Ubuntu)', 'content-length': '0', 'content-type': 'text/html; charset=UTF-8', 'openstack-api-version': 'volume 3.0', 'vary': 'OpenStack-API-Version', 'x-openstack-request-id': 'req-c31ae783-e391-44d4-9be9-08e47fe71f2b', 'connection': 'close', 'status': '202', 'content-location': 'http://10.132.44.209/volume/v3/volumes/f7f5a194-597c-4ca6-85ec-fe057b34242c?cascade=True'}
        Body: b''
2026-03-26 11:03:50,411 129489 INFO     [tempest.lib.common.rest_client] Request (VolumesDeleteCascade:test_volume_from_snapshot_cascade_delete): 200 GET http://10.132.44.209/volume/v3/volumes/f7f5a194-597c-4ca6-85ec-fe057b34242c 0.030s
2026-03-26 11:03:50,411 129489 DEBUG    [tempest.lib.common.rest_client] Request - Headers: {'Content-Type': 'application/json', 'Accept': 'application/json', 'X-Auth-Token': '<omitted>'}
        Body: None
    Response - Headers: {'date': 'Thu, 26 Mar 2026 11:03:50 GMT', 'server': 'Apache/2.4.58 (Ubuntu)', 'content-type': 'application/json', 'x-compute-request-id': 'req-59fcf51c-5365-410c-bad7-74f559501962', 'content-length': '846', 'openstack-api-version': 'volume 3.0', 'vary': 'OpenStack-API-Version', 'x-openstack-request-id': 'req-59fcf51c-5365-410c-bad7-74f559501962', 'connection': 'close', 'status': '200', 'content-location': 'http://10.132.44.209/volume/v3/volumes/f7f5a194-597c-4ca6-85ec-fe057b34242c'}
        Body: b'{"volume": {"id": "f7f5a194-597c-4ca6-85ec-fe057b34242c", "status": "deleting", "size": 1, "availability_zone": "nova", "created_at": "2026-03-26T11:03:47.000000", "updated_at": "2026-03-26T11:03:50.000000", "name": "tempest-VolumesDeleteCascade-Volume-308554469", "description": null, "volume_type": "arcusfc1", "snapshot_id": null, "source_volid": null, "metadata": {}, "links": [{"rel": "self", "href": "http://10.132.44.209/volume/v3/volumes/f7f5a194-597c-4ca6-85ec-fe057b34242c"}, {"rel": "bookmark", "href": "http://10.132.44.209/volume/volumes/f7f5a194-597c-4ca6-85ec-fe057b34242c"}], "user_id": "0495918e1ed64bbb937615df1f938f30", "bootable": "false", "encrypted": false, "replication_status": null, "consistencygroup_id": null, "multiattach": false, "attachments": [], "os-vol-tenant-attr:tenant_id": "f92c30465503415cbc00028e1055323b"}}'
2026-03-26 11:03:51,466 129489 INFO     [tempest.lib.common.rest_client] Request (VolumesDeleteCascade:test_volume_from_snapshot_cascade_delete): 200 GET http://10.132.44.209/volume/v3/volumes/f7f5a194-597c-4ca6-85ec-fe057b34242c 0.047s
2026-03-26 11:03:51,467 129489 DEBUG    [tempest.lib.common.rest_client] Request - Headers
    : {'Content-Type': 'application/json', 'Accept': 'application/json', 'X-Auth-Token': '<omitted>'}
        Body: None
    Response - Headers: {'date': 'Thu, 26 Mar 2026 11:03:51 GMT', 'server': 'Apache/2.4.58 (Ubuntu)', 'content-type': 'application/json', 'x-compute-request-id': 'req-eb96dfa5-f050-483a-ac4d-46533d684d92', 'content-length': '846', 'openstack-api-version': 'volume 3.0', 'vary': 'OpenStack-API-Version', 'x-openstack-request-id': 'req-eb96dfa5-f050-483a-ac4d-46533d684d92', 'connection': 'close', 'status': '200', 'content-location': 'http://10.132.44.209/volume/v3/volumes/f7f5a194-597c-4ca6-85ec-fe057b34242c'}
        Body: b'{"volume": {"id": "f7f5a194-597c-4ca6-85ec-fe057b34242c", "status": "deleting", "size": 1, "availability_zone": "nova", "created_at": "2026-03-26T11:03:47.000000", "updated_at": "2026-03-26T11:03:50.000000", "name": "tempest-VolumesDeleteCascade-Volume-308554469", "description": null, "volume_type": "arcusfc1", "snapshot_id": null, "source_volid": null, "metadata": {}, "links": [{"rel": "self", "href": "http://10.132.44.209/volume/v3/volumes/f7f5a194-597c-4ca6-85ec-fe057b34242c"}, {"rel": "bookmark", "href": "http://10.132.44.209/volume/volumes/f7f5a194-597c-4ca6-85ec-fe057b34242c"}], "user_id": "0495918e1ed64bbb937615df1f938f30", "bootable": "false", "encrypted": false, "replication_status": null, "consistencygroup_id": null, "multiattach": false, "attachments": [], "os-vol-tenant-attr:tenant_id": "f92c30465503415cbc00028e1055323b"}}'
2026-03-26 11:03:52,515 129489 INFO     [tempest.lib.common.rest_client] Request (VolumesDeleteCascade:test_volume_from_snapshot_cascade_delete): 200 GET http://10.132.44.209/volume/v3/volumes/f7f5a194-597c-4ca6-85ec-fe057b34242c 0.038s
2026-03-26 11:03:52,515 129489 DEBUG    [tempest.lib.common.rest_client] Request - Headers: {'Content-Type': 'application/json', 'Accept': 'application/json', 'X-Auth-Token': '<omitted>'}
        Body: None
    Response - Headers: {'date': 'Thu, 26 Mar 2026 11:03:52 GMT', 'server': 'Apache/2.4.58 (Ubuntu)', 'content-type': 'application/json', 'x-compute-request-id': 'req-8581fd02-8e59-4be1-9ff8-4c6e6270b316', 'content-length': '846', 'openstack-api-version': 'volume 3.0', 'vary': 'OpenStack-API-Version', 'x-openstack-request-id': 'req-8581fd02-8e59-4be1-9ff8-4c6e6270b316', 'connection': 'close', 'status': '200', 'content-location': 'http://10.132.44.209/volume/v3/volumes/f7f5a194-597c-4ca6-85ec-fe057b34242c'}
        Body: b'{"volume": {"id": "f7f5a194-597c-4ca6-85ec-fe057b34242c", "status": "deleting", "size": 1, "availability_zone": "nova", "created_at": "2026-03-26T11:03:47.000000", "updated_at": "2026-03-26T11:03:50.000000", "name": "tempest-VolumesDeleteCascade-Volume-308554469", "description": null, "volume_type": "arcusfc1", "snapshot_id": null, "source_volid": null, "metadata": {}, "links": [{"rel": "self", "href": "http://10.132.44.209/volume/v3/volumes/f7f5a194-597c-4ca6-85ec-fe057b34242c"}, {"rel": "bookmark", "href": "http://10.132.44.209/volume/volumes/f7f5a194-597c-4ca6-85ec-fe057b34242c"}], "user_id": "0495918e1ed64bbb937615df1f938f30", "bootable": "false", "encrypted": false, "replication_status": null, "consistencygroup_id": null, "multiattach": false, "attachments": [], "os-vol-tenant-attr:tenant_id": "f92c30465503415cbc00028e1055323b"}}'
2026-03-26 11:03:53,569 129489 INFO     [tempest.lib.common.rest_client] Request (VolumesDeleteCascade:test_volume_from_snapshot_cascade_delete): 200 GET http://10.132.44.209/volume/v3/volumes/f7f5a194-597c-4ca6-85ec-fe057b34242c 0.043s
2026-03-26 11:03:53,570 129489 DEBUG    [tempest.lib.common.rest_client] Request - Headers: {'Content-Type': 'application/json', 'Accept': 'application/json', 'X-Auth-Token': '<omitted>'}
        Body: None
    Response - Headers: {'date': 'Thu, 26 Mar 2026 11:03:53 GMT', 'server': 'Apache/2.4.58 (Ubuntu)', 'content-type': 'application/json', 'x-compute-request-id': 'req-e3d6b2ff-c168-417d-9997-0006f0d4793c', 'content-length': '846', 'openstack-api-version': 'volume 3.0', 'vary': 'OpenStack-API-Version', 'x-openstack-request-id': 'req-e3d6b
    2ff-c168-417d-9997-0006f0d4793c', 'connection': 'close', 'status': '200', 'content-location': 'http://10.132.44.209/volume/v3/volumes/f7f5a194-597c-4ca6-85ec-fe057b34242c'}
        Body: b'{"volume": {"id": "f7f5a194-597c-4ca6-85ec-fe057b34242c", "status": "deleting", "size": 1, "availability_zone": "nova", "created_at": "2026-03-26T11:03:47.000000", "updated_at": "2026-03-26T11:03:50.000000", "name": "tempest-VolumesDeleteCascade-Volume-308554469", "description": null, "volume_type": "arcusfc1", "snapshot_id": null, "source_volid": null, "metadata": {}, "links": [{"rel": "self", "href": "http://10.132.44.209/volume/v3/volumes/f7f5a194-597c-4ca6-85ec-fe057b34242c"}, {"rel": "bookmark", "href": "http://10.132.44.209/volume/volumes/f7f5a194-597c-4ca6-85ec-fe057b34242c"}], "user_id": "0495918e1ed64bbb937615df1f938f30", "bootable": "false", "encrypted": false, "replication_status": null, "consistencygroup_id": null, "multiattach": false, "attachments": [], "os-vol-tenant-attr:tenant_id": "f92c30465503415cbc00028e1055323b"}}'
2026-03-26 11:03:54,624 129489 INFO     [tempest.lib.common.rest_client] Request (VolumesDeleteCascade:test_volume_from_snapshot_cascade_delete): 200 GET http://10.132.44.209/volume/v3/volumes/f7f5a194-597c-4ca6-85ec-fe057b34242c 0.040s
2026-03-26 11:03:54,625 129489 DEBUG    [tempest.lib.common.rest_client] Request - Headers: {'Content-Type': 'application/json', 'Accept': 'application/json', 'X-Auth-Token': '<omitted>'}
        Body: None
    Response - Headers: {'date': 'Thu, 26 Mar 2026 11:03:54 GMT', 'server': 'Apache/2.4.58 (Ubuntu)', 'content-type': 'application/json', 'x-compute-request-id': 'req-82a30b10-4884-46c2-b4b3-6fa56e645f61', 'content-length': '846', 'openstack-api-version': 'volume 3.0', 'vary': 'OpenStack-API-Version', 'x-openstack-request-id': 'req-82a30b10-4884-46c2-b4b3-6fa56e645f61', 'connection': 'close', 'status': '200', 'content-location': 'http://10.132.44.209/volume/v3/volumes/f7f5a194-597c-4ca6-85ec-fe057b34242c'}
        Body: b'{"volume": {"id": "f7f5a194-597c-4ca6-85ec-fe057b34242c", "status": "deleting", "size": 1, "availability_zone": "nova", "created_at": "2026-03-26T11:03:47.000000", "updated_at": "2026-03-26T11:03:50.000000", "name": "tempest-VolumesDeleteCascade-Volume-308554469", "description": null, "volume_type": "arcusfc1", "snapshot_id": null, "source_volid": null, "metadata": {}, "links": [{"rel": "self", "href": "http://10.132.44.209/volume/v3/volumes/f7f5a194-597c-4ca6-85ec-fe057b34242c"}, {"rel": "bookmark", "href": "http://10.132.44.209/volume/volumes/f7f5a194-597c-4ca6-85ec-fe057b34242c"}], "user_id": "0495918e1ed64bbb937615df1f938f30", "bootable": "false", "encrypted": false, "replication_status": null, "consistencygroup_id": null, "multiattach": false, "attachments": [], "os-vol-tenant-attr:tenant_id": "f92c30465503415cbc00028e1055323b"}}'
2026-03-26 11:03:55,679 129489 INFO     [tempest.lib.common.rest_client] Request (VolumesDeleteCascade:test_volume_from_snapshot_cascade_delete): 200 GET http://10.132.44.209/volume/v3/volumes/f7f5a194-597c-4ca6-85ec-fe057b34242c 0.039s
2026-03-26 11:03:55,680 129489 DEBUG    [tempest.lib.common.rest_client] Request - Headers: {'Content-Type': 'application/json', 'Accept': 'application/json', 'X-Auth-Token': '<omitted>'}
        Body: None
    Response - Headers: {'date': 'Thu, 26 Mar 2026 11:03:55 GMT', 'server': 'Apache/2.4.58 (Ubuntu)', 'content-type': 'application/json', 'x-compute-request-id': 'req-cf4bb832-cb7a-48ba-b5cd-1973168ffb97', 'content-length': '846', 'openstack-api-version': 'volume 3.0', 'vary': 'OpenStack-API-Version', 'x-openstack-request-id': 'req-cf4bb832-cb7a-48ba-b5cd-1973168ffb97', 'connection': 'close', 'status': '200', 'content-location': 'http://10.132.44.209/volume/v3/volumes/f7f5a194-597c-4ca6-85ec-fe057b34242c'}
        Body: b'{"volume": {"id": "f7f5a194-597c-4ca6-85ec-fe057b34242c", "status": "deleting", "size": 1, "availability_zone": "nova", "created_at": "2026-03-26T11:03:47.000000", "updated_at": "2026-03-26T11:03:50.000000", "name": "tempest-VolumesDeleteCascade-Volume-308554469", "d
    escription": null, "volume_type": "arcusfc1", "snapshot_id": null, "source_volid": null, "metadata": {}, "links": [{"rel": "self", "href": "http://10.132.44.209/volume/v3/volumes/f7f5a194-597c-4ca6-85ec-fe057b34242c"}, {"rel": "bookmark", "href": "http://10.132.44.209/volume/volumes/f7f5a194-597c-4ca6-85ec-fe057b34242c"}], "user_id": "0495918e1ed64bbb937615df1f938f30", "bootable": "false", "encrypted": false, "replication_status": null, "consistencygroup_id": null, "multiattach": false, "attachments": [], "os-vol-tenant-attr:tenant_id": "f92c30465503415cbc00028e1055323b"}}'
2026-03-26 11:03:56,732 129489 INFO     [tempest.lib.common.rest_client] Request (VolumesDeleteCascade:test_volume_from_snapshot_cascade_delete): 200 GET http://10.132.44.209/volume/v3/volumes/f7f5a194-597c-4ca6-85ec-fe057b34242c 0.037s
2026-03-26 11:03:56,732 129489 DEBUG    [tempest.lib.common.rest_client] Request - Headers: {'Content-Type': 'application/json', 'Accept': 'application/json', 'X-Auth-Token': '<omitted>'}
        Body: None
    Response - Headers: {'date': 'Thu, 26 Mar 2026 11:03:56 GMT', 'server': 'Apache/2.4.58 (Ubuntu)', 'content-type': 'application/json', 'x-compute-request-id': 'req-e4f1763a-74bf-4049-8beb-4f85b1034550', 'content-length': '846', 'openstack-api-version': 'volume 3.0', 'vary': 'OpenStack-API-Version', 'x-openstack-request-id': 'req-e4f1763a-74bf-4049-8beb-4f85b1034550', 'connection': 'close', 'status': '200', 'content-location': 'http://10.132.44.209/volume/v3/volumes/f7f5a194-597c-4ca6-85ec-fe057b34242c'}
        Body: b'{"volume": {"id": "f7f5a194-597c-4ca6-85ec-fe057b34242c", "status": "deleting", "size": 1, "availability_zone": "nova", "created_at": "2026-03-26T11:03:47.000000", "updated_at": "2026-03-26T11:03:50.000000", "name": "tempest-VolumesDeleteCascade-Volume-308554469", "description": null, "volume_type": "arcusfc1", "snapshot_id": null, "source_volid": null, "metadata": {}, "links": [{"rel": "self", "href": "http://10.132.44.209/volume/v3/volumes/f7f5a194-597c-4ca6-85ec-fe057b34242c"}, {"rel": "bookmark", "href": "http://10.132.44.209/volume/volumes/f7f5a194-597c-4ca6-85ec-fe057b34242c"}], "user_id": "0495918e1ed64bbb937615df1f938f30", "bootable": "false", "encrypted": false, "replication_status": null, "consistencygroup_id": null, "multiattach": false, "attachments": [], "os-vol-tenant-attr:tenant_id": "f92c30465503415cbc00028e1055323b"}}'
2026-03-26 11:03:57,780 129489 INFO     [tempest.lib.common.rest_client] Request (VolumesDeleteCascade:test_volume_from_snapshot_cascade_delete): 200 GET http://10.132.44.209/volume/v3/volumes/f7f5a194-597c-4ca6-85ec-fe057b34242c 0.041s
2026-03-26 11:03:57,780 129489 DEBUG    [tempest.lib.common.rest_client] Request - Headers: {'Content-Type': 'application/json', 'Accept': 'application/json', 'X-Auth-Token': '<omitted>'}
        Body: None
    Response - Headers: {'date': 'Thu, 26 Mar 2026 11:03:57 GMT', 'server': 'Apache/2.4.58 (Ubuntu)', 'content-type': 'application/json', 'x-compute-request-id': 'req-62ba905d-ebdc-4852-b4bf-d74a2284b0a6', 'content-length': '846', 'openstack-api-version': 'volume 3.0', 'vary': 'OpenStack-API-Version', 'x-openstack-request-id': 'req-62ba905d-ebdc-4852-b4bf-d74a2284b0a6', 'connection': 'close', 'status': '200', 'content-location': 'http://10.132.44.209/volume/v3/volumes/f7f5a194-597c-4ca6-85ec-fe057b34242c'}
        Body: b'{"volume": {"id": "f7f5a194-597c-4ca6-85ec-fe057b34242c", "status": "deleting", "size": 1, "availability_zone": "nova", "created_at": "2026-03-26T11:03:47.000000", "updated_at": "2026-03-26T11:03:50.000000", "name": "tempest-VolumesDeleteCascade-Volume-308554469", "description": null, "volume_type": "arcusfc1", "snapshot_id": null, "source_volid": null, "metadata": {}, "links": [{"rel": "self", "href": "http://10.132.44.209/volume/v3/volumes/f7f5a194-597c-4ca6-85ec-fe057b34242c"}, {"rel": "bookmark", "href": "http://10.132.44.209/volume/volumes/f7f5a194-597c-4ca6-85ec-fe057b34242c"}], "user_id": "0495918e1ed64bbb937615df1f938f30", "bootable": "false", "encrypted": false, "replication_status": null, "consistencygro
    up_id": null, "multiattach": false, "attachments": [], "os-vol-tenant-attr:tenant_id": "f92c30465503415cbc00028e1055323b"}}'
2026-03-26 11:03:58,835 129489 INFO     [tempest.lib.common.rest_client] Request (VolumesDeleteCascade:test_volume_from_snapshot_cascade_delete): 200 GET http://10.132.44.209/volume/v3/volumes/f7f5a194-597c-4ca6-85ec-fe057b34242c 0.045s
2026-03-26 11:03:58,835 129489 DEBUG    [tempest.lib.common.rest_client] Request - Headers: {'Content-Type': 'application/json', 'Accept': 'application/json', 'X-Auth-Token': '<omitted>'}
        Body: None
    Response - Headers: {'date': 'Thu, 26 Mar 2026 11:03:58 GMT', 'server': 'Apache/2.4.58 (Ubuntu)', 'content-type': 'application/json', 'x-compute-request-id': 'req-cc53d870-338d-41df-965e-9ee2b7c29abe', 'content-length': '846', 'openstack-api-version': 'volume 3.0', 'vary': 'OpenStack-API-Version', 'x-openstack-request-id': 'req-cc53d870-338d-41df-965e-9ee2b7c29abe', 'connection': 'close', 'status': '200', 'content-location': 'http://10.132.44.209/volume/v3/volumes/f7f5a194-597c-4ca6-85ec-fe057b34242c'}
        Body: b'{"volume": {"id": "f7f5a194-597c-4ca6-85ec-fe057b34242c", "status": "deleting", "size": 1, "availability_zone": "nova", "created_at": "2026-03-26T11:03:47.000000", "updated_at": "2026-03-26T11:03:50.000000", "name": "tempest-VolumesDeleteCascade-Volume-308554469", "description": null, "volume_type": "arcusfc1", "snapshot_id": null, "source_volid": null, "metadata": {}, "links": [{"rel": "self", "href": "http://10.132.44.209/volume/v3/volumes/f7f5a194-597c-4ca6-85ec-fe057b34242c"}, {"rel": "bookmark", "href": "http://10.132.44.209/volume/volumes/f7f5a194-597c-4ca6-85ec-fe057b34242c"}], "user_id": "0495918e1ed64bbb937615df1f938f30", "bootable": "false", "encrypted": false, "replication_status": null, "consistencygroup_id": null, "multiattach": false, "attachments": [], "os-vol-tenant-attr:tenant_id": "f92c30465503415cbc00028e1055323b"}}'
2026-03-26 11:03:59,884 129489 INFO     [tempest.lib.common.rest_client] Request (VolumesDeleteCascade:test_volume_from_snapshot_cascade_delete): 200 GET http://10.132.44.209/volume/v3/volumes/f7f5a194-597c-4ca6-85ec-fe057b34242c 0.041s
2026-03-26 11:03:59,884 129489 DEBUG    [tempest.lib.common.rest_client] Request - Headers: {'Content-Type': 'application/json', 'Accept': 'application/json', 'X-Auth-Token': '<omitted>'}
        Body: None
    Response - Headers: {'date': 'Thu, 26 Mar 2026 11:03:59 GMT', 'server': 'Apache/2.4.58 (Ubuntu)', 'content-type': 'application/json', 'x-compute-request-id': 'req-a2b426ab-84ff-4402-8c57-4aad27837a78', 'content-length': '846', 'openstack-api-version': 'volume 3.0', 'vary': 'OpenStack-API-Version', 'x-openstack-request-id': 'req-a2b426ab-84ff-4402-8c57-4aad27837a78', 'connection': 'close', 'status': '200', 'content-location': 'http://10.132.44.209/volume/v3/volumes/f7f5a194-597c-4ca6-85ec-fe057b34242c'}
        Body: b'{"volume": {"id": "f7f5a194-597c-4ca6-85ec-fe057b34242c", "status": "deleting", "size": 1, "availability_zone": "nova", "created_at": "2026-03-26T11:03:47.000000", "updated_at": "2026-03-26T11:03:50.000000", "name": "tempest-VolumesDeleteCascade-Volume-308554469", "description": null, "volume_type": "arcusfc1", "snapshot_id": null, "source_volid": null, "metadata": {}, "links": [{"rel": "self", "href": "http://10.132.44.209/volume/v3/volumes/f7f5a194-597c-4ca6-85ec-fe057b34242c"}, {"rel": "bookmark", "href": "http://10.132.44.209/volume/volumes/f7f5a194-597c-4ca6-85ec-fe057b34242c"}], "user_id": "0495918e1ed64bbb937615df1f938f30", "bootable": "false", "encrypted": false, "replication_status": null, "consistencygroup_id": null, "multiattach": false, "attachments": [], "os-vol-tenant-attr:tenant_id": "f92c30465503415cbc00028e1055323b"}}'
2026-03-26 11:04:00,939 129489 INFO     [tempest.lib.common.rest_client] Request (VolumesDeleteCascade:test_volume_from_snapshot_cascade_delete): 200 GET http://10.132.44.209/volume/v3/volumes/f7f5a194-597c-4ca6-85ec-fe057b34242c 0.045s
2026-03-26 11:04:00,940 129489 DEBUG    [tempest.lib.common.rest_client] Request - Headers: {'
    Content-Type': 'application/json', 'Accept': 'application/json', 'X-Auth-Token': '<omitted>'}
        Body: None
    Response - Headers: {'date': 'Thu, 26 Mar 2026 11:04:00 GMT', 'server': 'Apache/2.4.58 (Ubuntu)', 'content-type': 'application/json', 'x-compute-request-id': 'req-1cc7ec7a-0735-4932-88b6-71ff9c46fcaf', 'content-length': '846', 'openstack-api-version': 'volume 3.0', 'vary': 'OpenStack-API-Version', 'x-openstack-request-id': 'req-1cc7ec7a-0735-4932-88b6-71ff9c46fcaf', 'connection': 'close', 'status': '200', 'content-location': 'http://10.132.44.209/volume/v3/volumes/f7f5a194-597c-4ca6-85ec-fe057b34242c'}
        Body: b'{"volume": {"id": "f7f5a194-597c-4ca6-85ec-fe057b34242c", "status": "deleting", "size": 1, "availability_zone": "nova", "created_at": "2026-03-26T11:03:47.000000", "updated_at": "2026-03-26T11:03:50.000000", "name": "tempest-VolumesDeleteCascade-Volume-308554469", "description": null, "volume_type": "arcusfc1", "snapshot_id": null, "source_volid": null, "metadata": {}, "links": [{"rel": "self", "href": "http://10.132.44.209/volume/v3/volumes/f7f5a194-597c-4ca6-85ec-fe057b34242c"}, {"rel": "bookmark", "href": "http://10.132.44.209/volume/volumes/f7f5a194-597c-4ca6-85ec-fe057b34242c"}], "user_id": "0495918e1ed64bbb937615df1f938f30", "bootable": "false", "encrypted": false, "replication_status": null, "consistencygroup_id": null, "multiattach": false, "attachments": [], "os-vol-tenant-attr:tenant_id": "f92c30465503415cbc00028e1055323b"}}'
2026-03-26 11:04:01,997 129489 INFO     [tempest.lib.common.rest_client] Request (VolumesDeleteCascade:test_volume_from_snapshot_cascade_delete): 200 GET http://10.132.44.209/volume/v3/volumes/f7f5a194-597c-4ca6-85ec-fe057b34242c 0.044s
2026-03-26 11:04:01,998 129489 DEBUG    [tempest.lib.common.rest_client] Request - Headers: {'Content-Type': 'application/json', 'Accept': 'application/json', 'X-Auth-Token': '<omitted>'}
        Body: None
    Response - Headers: {'date': 'Thu, 26 Mar 2026 11:04:01 GMT', 'server': 'Apache/2.4.58 (Ubuntu)', 'content-type': 'application/json', 'x-compute-request-id': 'req-98c3d48a-e735-473c-b2e2-5d07ab49c139', 'content-length': '846', 'openstack-api-version': 'volume 3.0', 'vary': 'OpenStack-API-Version', 'x-openstack-request-id': 'req-98c3d48a-e735-473c-b2e2-5d07ab49c139', 'connection': 'close', 'status': '200', 'content-location': 'http://10.132.44.209/volume/v3/volumes/f7f5a194-597c-4ca6-85ec-fe057b34242c'}
        Body: b'{"volume": {"id": "f7f5a194-597c-4ca6-85ec-fe057b34242c", "status": "deleting", "size": 1, "availability_zone": "nova", "created_at": "2026-03-26T11:03:47.000000", "updated_at": "2026-03-26T11:03:50.000000", "name": "tempest-VolumesDeleteCascade-Volume-308554469", "description": null, "volume_type": "arcusfc1", "snapshot_id": null, "source_volid": null, "metadata": {}, "links": [{"rel": "self", "href": "http://10.132.44.209/volume/v3/volumes/f7f5a194-597c-4ca6-85ec-fe057b34242c"}, {"rel": "bookmark", "href": "http://10.132.44.209/volume/volumes/f7f5a194-597c-4ca6-85ec-fe057b34242c"}], "user_id": "0495918e1ed64bbb937615df1f938f30", "bootable": "false", "encrypted": false, "replication_status": null, "consistencygroup_id": null, "multiattach": false, "attachments": [], "os-vol-tenant-attr:tenant_id": "f92c30465503415cbc00028e1055323b"}}'
2026-03-26 11:04:03,051 129489 INFO     [tempest.lib.common.rest_client] Request (VolumesDeleteCascade:test_volume_from_snapshot_cascade_delete): 200 GET http://10.132.44.209/volume/v3/volumes/f7f5a194-597c-4ca6-85ec-fe057b34242c 0.039s
2026-03-26 11:04:03,052 129489 DEBUG    [tempest.lib.common.rest_client] Request - Headers: {'Content-Type': 'application/json', 'Accept': 'application/json', 'X-Auth-Token': '<omitted>'}
        Body: None
    Response - Headers: {'date': 'Thu, 26 Mar 2026 11:04:03 GMT', 'server': 'Apache/2.4.58 (Ubuntu)', 'content-type': 'application/json', 'x-compute-request-id': 'req-d2c59db4-ec09-4031-8df4-e3d9667cc14a', 'content-length': '846', 'openstack-api-version': 'volume 3.0', 'vary': 'OpenStack-API-Version', 'x-openstack-request-id': 'req-d2c59db4-
    ec09-4031-8df4-e3d9667cc14a', 'connection': 'close', 'status': '200', 'content-location': 'http://10.132.44.209/volume/v3/volumes/f7f5a194-597c-4ca6-85ec-fe057b34242c'}
        Body: b'{"volume": {"id": "f7f5a194-597c-4ca6-85ec-fe057b34242c", "status": "deleting", "size": 1, "availability_zone": "nova", "created_at": "2026-03-26T11:03:47.000000", "updated_at": "2026-03-26T11:03:50.000000", "name": "tempest-VolumesDeleteCascade-Volume-308554469", "description": null, "volume_type": "arcusfc1", "snapshot_id": null, "source_volid": null, "metadata": {}, "links": [{"rel": "self", "href": "http://10.132.44.209/volume/v3/volumes/f7f5a194-597c-4ca6-85ec-fe057b34242c"}, {"rel": "bookmark", "href": "http://10.132.44.209/volume/volumes/f7f5a194-597c-4ca6-85ec-fe057b34242c"}], "user_id": "0495918e1ed64bbb937615df1f938f30", "bootable": "false", "encrypted": false, "replication_status": null, "consistencygroup_id": null, "multiattach": false, "attachments": [], "os-vol-tenant-attr:tenant_id": "f92c30465503415cbc00028e1055323b"}}'
2026-03-26 11:04:04,109 129489 INFO     [tempest.lib.common.rest_client] Request (VolumesDeleteCascade:test_volume_from_snapshot_cascade_delete): 200 GET http://10.132.44.209/volume/v3/volumes/f7f5a194-597c-4ca6-85ec-fe057b34242c 0.044s
2026-03-26 11:04:04,109 129489 DEBUG    [tempest.lib.common.rest_client] Request - Headers: {'Content-Type': 'application/json', 'Accept': 'application/json', 'X-Auth-Token': '<omitted>'}
        Body: None
    Response - Headers: {'date': 'Thu, 26 Mar 2026 11:04:04 GMT', 'server': 'Apache/2.4.58 (Ubuntu)', 'content-type': 'application/json', 'x-compute-request-id': 'req-a15200d0-756b-4a26-98d1-76a79a775760', 'content-length': '846', 'openstack-api-version': 'volume 3.0', 'vary': 'OpenStack-API-Version', 'x-openstack-request-id': 'req-a15200d0-756b-4a26-98d1-76a79a775760', 'connection': 'close', 'status': '200', 'content-location': 'http://10.132.44.209/volume/v3/volumes/f7f5a194-597c-4ca6-85ec-fe057b34242c'}
        Body: b'{"volume": {"id": "f7f5a194-597c-4ca6-85ec-fe057b34242c", "status": "deleting", "size": 1, "availability_zone": "nova", "created_at": "2026-03-26T11:03:47.000000", "updated_at": "2026-03-26T11:03:50.000000", "name": "tempest-VolumesDeleteCascade-Volume-308554469", "description": null, "volume_type": "arcusfc1", "snapshot_id": null, "source_volid": null, "metadata": {}, "links": [{"rel": "self", "href": "http://10.132.44.209/volume/v3/volumes/f7f5a194-597c-4ca6-85ec-fe057b34242c"}, {"rel": "bookmark", "href": "http://10.132.44.209/volume/volumes/f7f5a194-597c-4ca6-85ec-fe057b34242c"}], "user_id": "0495918e1ed64bbb937615df1f938f30", "bootable": "false", "encrypted": false, "replication_status": null, "consistencygroup_id": null, "multiattach": false, "attachments": [], "os-vol-tenant-attr:tenant_id": "f92c30465503415cbc00028e1055323b"}}'
2026-03-26 11:04:05,155 129489 INFO     [tempest.lib.common.rest_client] Request (VolumesDeleteCascade:test_volume_from_snapshot_cascade_delete): 200 GET http://10.132.44.209/volume/v3/volumes/f7f5a194-597c-4ca6-85ec-fe057b34242c 0.037s
2026-03-26 11:04:05,156 129489 DEBUG    [tempest.lib.common.rest_client] Request - Headers: {'Content-Type': 'application/json', 'Accept': 'application/json', 'X-Auth-Token': '<omitted>'}
        Body: None
    Response - Headers: {'date': 'Thu, 26 Mar 2026 11:04:05 GMT', 'server': 'Apache/2.4.58 (Ubuntu)', 'content-type': 'application/json', 'x-compute-request-id': 'req-59a874b0-88cf-4416-9f35-e4ce2179bba7', 'content-length': '846', 'openstack-api-version': 'volume 3.0', 'vary': 'OpenStack-API-Version', 'x-openstack-request-id': 'req-59a874b0-88cf-4416-9f35-e4ce2179bba7', 'connection': 'close', 'status': '200', 'content-location': 'http://10.132.44.209/volume/v3/volumes/f7f5a194-597c-4ca6-85ec-fe057b34242c'}
        Body: b'{"volume": {"id": "f7f5a194-597c-4ca6-85ec-fe057b34242c", "status": "deleting", "size": 1, "availability_zone": "nova", "created_at": "2026-03-26T11:03:47.000000", "updated_at": "2026-03-26T11:03:50.000000", "name": "tempest-VolumesDeleteCascade-Volume-308554469", "descr
    iption": null, "volume_type": "arcusfc1", "snapshot_id": null, "source_volid": null, "metadata": {}, "links": [{"rel": "self", "href": "http://10.132.44.209/volume/v3/volumes/f7f5a194-597c-4ca6-85ec-fe057b34242c"}, {"rel": "bookmark", "href": "http://10.132.44.209/volume/volumes/f7f5a194-597c-4ca6-85ec-fe057b34242c"}], "user_id": "0495918e1ed64bbb937615df1f938f30", "bootable": "false", "encrypted": false, "replication_status": null, "consistencygroup_id": null, "multiattach": false, "attachments": [], "os-vol-tenant-attr:tenant_id": "f92c30465503415cbc00028e1055323b"}}'
2026-03-26 11:04:06,209 129489 INFO     [tempest.lib.common.rest_client] Request (VolumesDeleteCascade:test_volume_from_snapshot_cascade_delete): 200 GET http://10.132.44.209/volume/v3/volumes/f7f5a194-597c-4ca6-85ec-fe057b34242c 0.043s
2026-03-26 11:04:06,209 129489 DEBUG    [tempest.lib.common.rest_client] Request - Headers: {'Content-Type': 'application/json', 'Accept': 'application/json', 'X-Auth-Token': '<omitted>'}
        Body: None
    Response - Headers: {'date': 'Thu, 26 Mar 2026 11:04:06 GMT', 'server': 'Apache/2.4.58 (Ubuntu)', 'content-type': 'application/json', 'x-compute-request-id': 'req-cd4d0a80-7524-4089-9740-13427550404f', 'content-length': '846', 'openstack-api-version': 'volume 3.0', 'vary': 'OpenStack-API-Version', 'x-openstack-request-id': 'req-cd4d0a80-7524-4089-9740-13427550404f', 'connection': 'close', 'status': '200', 'content-location': 'http://10.132.44.209/volume/v3/volumes/f7f5a194-597c-4ca6-85ec-fe057b34242c'}
        Body: b'{"volume": {"id": "f7f5a194-597c-4ca6-85ec-fe057b34242c", "status": "deleting", "size": 1, "availability_zone": "nova", "created_at": "2026-03-26T11:03:47.000000", "updated_at": "2026-03-26T11:03:50.000000", "name": "tempest-VolumesDeleteCascade-Volume-308554469", "description": null, "volume_type": "arcusfc1", "snapshot_id": null, "source_volid": null, "metadata": {}, "links": [{"rel": "self", "href": "http://10.132.44.209/volume/v3/volumes/f7f5a194-597c-4ca6-85ec-fe057b34242c"}, {"rel": "bookmark", "href": "http://10.132.44.209/volume/volumes/f7f5a194-597c-4ca6-85ec-fe057b34242c"}], "user_id": "0495918e1ed64bbb937615df1f938f30", "bootable": "false", "encrypted": false, "replication_status": null, "consistencygroup_id": null, "multiattach": false, "attachments": [], "os-vol-tenant-attr:tenant_id": "f92c30465503415cbc00028e1055323b"}}'
2026-03-26 11:04:07,259 129489 INFO     [tempest.lib.common.rest_client] Request (VolumesDeleteCascade:test_volume_from_snapshot_cascade_delete): 200 GET http://10.132.44.209/volume/v3/volumes/f7f5a194-597c-4ca6-85ec-fe057b34242c 0.037s
2026-03-26 11:04:07,260 129489 DEBUG    [tempest.lib.common.rest_client] Request - Headers: {'Content-Type': 'application/json', 'Accept': 'application/json', 'X-Auth-Token': '<omitted>'}
        Body: None
    Response - Headers: {'date': 'Thu, 26 Mar 2026 11:04:07 GMT', 'server': 'Apache/2.4.58 (Ubuntu)', 'content-type': 'application/json', 'x-compute-request-id': 'req-937d7e25-0842-4273-9949-5398e4f4fd18', 'content-length': '846', 'openstack-api-version': 'volume 3.0', 'vary': 'OpenStack-API-Version', 'x-openstack-request-id': 'req-937d7e25-0842-4273-9949-5398e4f4fd18', 'connection': 'close', 'status': '200', 'content-location': 'http://10.132.44.209/volume/v3/volumes/f7f5a194-597c-4ca6-85ec-fe057b34242c'}
        Body: b'{"volume": {"id": "f7f5a194-597c-4ca6-85ec-fe057b34242c", "status": "deleting", "size": 1, "availability_zone": "nova", "created_at": "2026-03-26T11:03:47.000000", "updated_at": "2026-03-26T11:03:50.000000", "name": "tempest-VolumesDeleteCascade-Volume-308554469", "description": null, "volume_type": "arcusfc1", "snapshot_id": null, "source_volid": null, "metadata": {}, "links": [{"rel": "self", "href": "http://10.132.44.209/volume/v3/volumes/f7f5a194-597c-4ca6-85ec-fe057b34242c"}, {"rel": "bookmark", "href": "http://10.132.44.209/volume/volumes/f7f5a194-597c-4ca6-85ec-fe057b34242c"}], "user_id": "0495918e1ed64bbb937615df1f938f30", "bootable": "false", "encrypted": false, "replication_status": null, "consistencygroup_i
    d": null, "multiattach": false, "attachments": [], "os-vol-tenant-attr:tenant_id": "f92c30465503415cbc00028e1055323b"}}'
2026-03-26 11:04:08,307 129489 INFO     [tempest.lib.common.rest_client] Request (VolumesDeleteCascade:test_volume_from_snapshot_cascade_delete): 200 GET http://10.132.44.209/volume/v3/volumes/f7f5a194-597c-4ca6-85ec-fe057b34242c 0.039s
2026-03-26 11:04:08,307 129489 DEBUG    [tempest.lib.common.rest_client] Request - Headers: {'Content-Type': 'application/json', 'Accept': 'application/json', 'X-Auth-Token': '<omitted>'}
        Body: None
    Response - Headers: {'date': 'Thu, 26 Mar 2026 11:04:08 GMT', 'server': 'Apache/2.4.58 (Ubuntu)', 'content-type': 'application/json', 'x-compute-request-id': 'req-78d68c04-d714-4e7c-9c7f-cd8e73ab5ae9', 'content-length': '846', 'openstack-api-version': 'volume 3.0', 'vary': 'OpenStack-API-Version', 'x-openstack-request-id': 'req-78d68c04-d714-4e7c-9c7f-cd8e73ab5ae9', 'connection': 'close', 'status': '200', 'content-location': 'http://10.132.44.209/volume/v3/volumes/f7f5a194-597c-4ca6-85ec-fe057b34242c'}
        Body: b'{"volume": {"id": "f7f5a194-597c-4ca6-85ec-fe057b34242c", "status": "deleting", "size": 1, "availability_zone": "nova", "created_at": "2026-03-26T11:03:47.000000", "updated_at": "2026-03-26T11:03:50.000000", "name": "tempest-VolumesDeleteCascade-Volume-308554469", "description": null, "volume_type": "arcusfc1", "snapshot_id": null, "source_volid": null, "metadata": {}, "links": [{"rel": "self", "href": "http://10.132.44.209/volume/v3/volumes/f7f5a194-597c-4ca6-85ec-fe057b34242c"}, {"rel": "bookmark", "href": "http://10.132.44.209/volume/volumes/f7f5a194-597c-4ca6-85ec-fe057b34242c"}], "user_id": "0495918e1ed64bbb937615df1f938f30", "bootable": "false", "encrypted": false, "replication_status": null, "consistencygroup_id": null, "multiattach": false, "attachments": [], "os-vol-tenant-attr:tenant_id": "f92c30465503415cbc00028e1055323b"}}'
2026-03-26 11:04:09,350 129489 INFO     [tempest.lib.common.rest_client] Request (VolumesDeleteCascade:test_volume_from_snapshot_cascade_delete): 200 GET http://10.132.44.209/volume/v3/volumes/f7f5a194-597c-4ca6-85ec-fe057b34242c 0.031s
2026-03-26 11:04:09,350 129489 DEBUG    [tempest.lib.common.rest_client] Request - Headers: {'Content-Type': 'application/json', 'Accept': 'application/json', 'X-Auth-Token': '<omitted>'}
        Body: None
    Response - Headers: {'date': 'Thu, 26 Mar 2026 11:04:09 GMT', 'server': 'Apache/2.4.58 (Ubuntu)', 'content-type': 'application/json', 'x-compute-request-id': 'req-67995c26-d390-4637-90d3-0b8a1c254788', 'content-length': '846', 'openstack-api-version': 'volume 3.0', 'vary': 'OpenStack-API-Version', 'x-openstack-request-id': 'req-67995c26-d390-4637-90d3-0b8a1c254788', 'connection': 'close', 'status': '200', 'content-location': 'http://10.132.44.209/volume/v3/volumes/f7f5a194-597c-4ca6-85ec-fe057b34242c'}
        Body: b'{"volume": {"id": "f7f5a194-597c-4ca6-85ec-fe057b34242c", "status": "deleting", "size": 1, "availability_zone": "nova", "created_at": "2026-03-26T11:03:47.000000", "updated_at": "2026-03-26T11:03:50.000000", "name": "tempest-VolumesDeleteCascade-Volume-308554469", "description": null, "volume_type": "arcusfc1", "snapshot_id": null, "source_volid": null, "metadata": {}, "links": [{"rel": "self", "href": "http://10.132.44.209/volume/v3/volumes/f7f5a194-597c-4ca6-85ec-fe057b34242c"}, {"rel": "bookmark", "href": "http://10.132.44.209/volume/volumes/f7f5a194-597c-4ca6-85ec-fe057b34242c"}], "user_id": "0495918e1ed64bbb937615df1f938f30", "bootable": "false", "encrypted": false, "replication_status": null, "consistencygroup_id": null, "multiattach": false, "attachments": [], "os-vol-tenant-attr:tenant_id": "f92c30465503415cbc00028e1055323b"}}'
2026-03-26 11:04:10,408 129489 INFO     [tempest.lib.common.rest_client] Request (VolumesDeleteCascade:test_volume_from_snapshot_cascade_delete): 200 GET http://10.132.44.209/volume/v3/volumes/f7f5a194-597c-4ca6-85ec-fe057b34242c 0.050s
2026-03-26 11:04:10,408 129489 DEBUG    [tempest.lib.common.rest_client] Request - Headers: {'Cont
    ent-Type': 'application/json', 'Accept': 'application/json', 'X-Auth-Token': '<omitted>'}
        Body: None
    Response - Headers: {'date': 'Thu, 26 Mar 2026 11:04:10 GMT', 'server': 'Apache/2.4.58 (Ubuntu)', 'content-type': 'application/json', 'x-compute-request-id': 'req-83b5815f-12c5-4397-9076-80771530dc62', 'content-length': '846', 'openstack-api-version': 'volume 3.0', 'vary': 'OpenStack-API-Version', 'x-openstack-request-id': 'req-83b5815f-12c5-4397-9076-80771530dc62', 'connection': 'close', 'status': '200', 'content-location': 'http://10.132.44.209/volume/v3/volumes/f7f5a194-597c-4ca6-85ec-fe057b34242c'}
        Body: b'{"volume": {"id": "f7f5a194-597c-4ca6-85ec-fe057b34242c", "status": "deleting", "size": 1, "availability_zone": "nova", "created_at": "2026-03-26T11:03:47.000000", "updated_at": "2026-03-26T11:03:50.000000", "name": "tempest-VolumesDeleteCascade-Volume-308554469", "description": null, "volume_type": "arcusfc1", "snapshot_id": null, "source_volid": null, "metadata": {}, "links": [{"rel": "self", "href": "http://10.132.44.209/volume/v3/volumes/f7f5a194-597c-4ca6-85ec-fe057b34242c"}, {"rel": "bookmark", "href": "http://10.132.44.209/volume/volumes/f7f5a194-597c-4ca6-85ec-fe057b34242c"}], "user_id": "0495918e1ed64bbb937615df1f938f30", "bootable": "false", "encrypted": false, "replication_status": null, "consistencygroup_id": null, "multiattach": false, "attachments": [], "os-vol-tenant-attr:tenant_id": "f92c30465503415cbc00028e1055323b"}}'
2026-03-26 11:04:11,460 129489 INFO     [tempest.lib.common.rest_client] Request (VolumesDeleteCascade:test_volume_from_snapshot_cascade_delete): 200 GET http://10.132.44.209/volume/v3/volumes/f7f5a194-597c-4ca6-85ec-fe057b34242c 0.041s
2026-03-26 11:04:11,460 129489 DEBUG    [tempest.lib.common.rest_client] Request - Headers: {'Content-Type': 'application/json', 'Accept': 'application/json', 'X-Auth-Token': '<omitted>'}
        Body: None
    Response - Headers: {'date': 'Thu, 26 Mar 2026 11:04:11 GMT', 'server': 'Apache/2.4.58 (Ubuntu)', 'content-type': 'application/json', 'x-compute-request-id': 'req-c14ba2b2-5d66-40c6-bef7-fe497868fcef', 'content-length': '846', 'openstack-api-version': 'volume 3.0', 'vary': 'OpenStack-API-Version', 'x-openstack-request-id': 'req-c14ba2b2-5d66-40c6-bef7-fe497868fcef', 'connection': 'close', 'status': '200', 'content-location': 'http://10.132.44.209/volume/v3/volumes/f7f5a194-597c-4ca6-85ec-fe057b34242c'}
        Body: b'{"volume": {"id": "f7f5a194-597c-4ca6-85ec-fe057b34242c", "status": "deleting", "size": 1, "availability_zone": "nova", "created_at": "2026-03-26T11:03:47.000000", "updated_at": "2026-03-26T11:03:50.000000", "name": "tempest-VolumesDeleteCascade-Volume-308554469", "description": null, "volume_type": "arcusfc1", "snapshot_id": null, "source_volid": null, "metadata": {}, "links": [{"rel": "self", "href": "http://10.132.44.209/volume/v3/volumes/f7f5a194-597c-4ca6-85ec-fe057b34242c"}, {"rel": "bookmark", "href": "http://10.132.44.209/volume/volumes/f7f5a194-597c-4ca6-85ec-fe057b34242c"}], "user_id": "0495918e1ed64bbb937615df1f938f30", "bootable": "false", "encrypted": false, "replication_status": null, "consistencygroup_id": null, "multiattach": false, "attachments": [], "os-vol-tenant-attr:tenant_id": "f92c30465503415cbc00028e1055323b"}}'
2026-03-26 11:04:12,496 129489 INFO     [tempest.lib.common.rest_client] Request (VolumesDeleteCascade:test_volume_from_snapshot_cascade_delete): 200 GET http://10.132.44.209/volume/v3/volumes/f7f5a194-597c-4ca6-85ec-fe057b34242c 0.028s
2026-03-26 11:04:12,497 129489 DEBUG    [tempest.lib.common.rest_client] Request - Headers: {'Content-Type': 'application/json', 'Accept': 'application/json', 'X-Auth-Token': '<omitted>'}
        Body: None
    Response - Headers: {'date': 'Thu, 26 Mar 2026 11:04:12 GMT', 'server': 'Apache/2.4.58 (Ubuntu)', 'content-type': 'application/json', 'x-compute-request-id': 'req-b8d370ea-8e09-4ef9-bffc-0becf190fc15', 'content-length': '846', 'openstack-api-version': 'volume 3.0', 'vary': 'OpenStack-API-Version', 'x-openstack-request-id': 'req-b8d370ea-8e09
    -4ef9-bffc-0becf190fc15', 'connection': 'close', 'status': '200', 'content-location': 'http://10.132.44.209/volume/v3/volumes/f7f5a194-597c-4ca6-85ec-fe057b34242c'}
        Body: b'{"volume": {"id": "f7f5a194-597c-4ca6-85ec-fe057b34242c", "status": "deleting", "size": 1, "availability_zone": "nova", "created_at": "2026-03-26T11:03:47.000000", "updated_at": "2026-03-26T11:03:50.000000", "name": "tempest-VolumesDeleteCascade-Volume-308554469", "description": null, "volume_type": "arcusfc1", "snapshot_id": null, "source_volid": null, "metadata": {}, "links": [{"rel": "self", "href": "http://10.132.44.209/volume/v3/volumes/f7f5a194-597c-4ca6-85ec-fe057b34242c"}, {"rel": "bookmark", "href": "http://10.132.44.209/volume/volumes/f7f5a194-597c-4ca6-85ec-fe057b34242c"}], "user_id": "0495918e1ed64bbb937615df1f938f30", "bootable": "false", "encrypted": false, "replication_status": null, "consistencygroup_id": null, "multiattach": false, "attachments": [], "os-vol-tenant-attr:tenant_id": "f92c30465503415cbc00028e1055323b"}}'
2026-03-26 11:04:13,543 129489 INFO     [tempest.lib.common.rest_client] Request (VolumesDeleteCascade:test_volume_from_snapshot_cascade_delete): 200 GET http://10.132.44.209/volume/v3/volumes/f7f5a194-597c-4ca6-85ec-fe057b34242c 0.033s
2026-03-26 11:04:13,543 129489 DEBUG    [tempest.lib.common.rest_client] Request - Headers: {'Content-Type': 'application/json', 'Accept': 'application/json', 'X-Auth-Token': '<omitted>'}
        Body: None
    Response - Headers: {'date': 'Thu, 26 Mar 2026 11:04:13 GMT', 'server': 'Apache/2.4.58 (Ubuntu)', 'content-type': 'application/json', 'x-compute-request-id': 'req-e58339ae-9a1c-47d2-8456-22bf24cb42a2', 'content-length': '846', 'openstack-api-version': 'volume 3.0', 'vary': 'OpenStack-API-Version', 'x-openstack-request-id': 'req-e58339ae-9a1c-47d2-8456-22bf24cb42a2', 'connection': 'close', 'status': '200', 'content-location': 'http://10.132.44.209/volume/v3/volumes/f7f5a194-597c-4ca6-85ec-fe057b34242c'}
        Body: b'{"volume": {"id": "f7f5a194-597c-4ca6-85ec-fe057b34242c", "status": "deleting", "size": 1, "availability_zone": "nova", "created_at": "2026-03-26T11:03:47.000000", "updated_at": "2026-03-26T11:03:50.000000", "name": "tempest-VolumesDeleteCascade-Volume-308554469", "description": null, "volume_type": "arcusfc1", "snapshot_id": null, "source_volid": null, "metadata": {}, "links": [{"rel": "self", "href": "http://10.132.44.209/volume/v3/volumes/f7f5a194-597c-4ca6-85ec-fe057b34242c"}, {"rel": "bookmark", "href": "http://10.132.44.209/volume/volumes/f7f5a194-597c-4ca6-85ec-fe057b34242c"}], "user_id": "0495918e1ed64bbb937615df1f938f30", "bootable": "false", "encrypted": false, "replication_status": null, "consistencygroup_id": null, "multiattach": false, "attachments": [], "os-vol-tenant-attr:tenant_id": "f92c30465503415cbc00028e1055323b"}}'
2026-03-26 11:04:14,595 129489 INFO     [tempest.lib.common.rest_client] Request (VolumesDeleteCascade:test_volume_from_snapshot_cascade_delete): 200 GET http://10.132.44.209/volume/v3/volumes/f7f5a194-597c-4ca6-85ec-fe057b34242c 0.044s
2026-03-26 11:04:14,596 129489 DEBUG    [tempest.lib.common.rest_client] Request - Headers: {'Content-Type': 'application/json', 'Accept': 'application/json', 'X-Auth-Token': '<omitted>'}
        Body: None
    Response - Headers: {'date': 'Thu, 26 Mar 2026 11:04:14 GMT', 'server': 'Apache/2.4.58 (Ubuntu)', 'content-type': 'application/json', 'x-compute-request-id': 'req-3577d3a5-99fa-49ce-b42c-487370d44f66', 'content-length': '846', 'openstack-api-version': 'volume 3.0', 'vary': 'OpenStack-API-Version', 'x-openstack-request-id': 'req-3577d3a5-99fa-49ce-b42c-487370d44f66', 'connection': 'close', 'status': '200', 'content-location': 'http://10.132.44.209/volume/v3/volumes/f7f5a194-597c-4ca6-85ec-fe057b34242c'}
        Body: b'{"volume": {"id": "f7f5a194-597c-4ca6-85ec-fe057b34242c", "status": "deleting", "size": 1, "availability_zone": "nova", "created_at": "2026-03-26T11:03:47.000000", "updated_at": "2026-03-26T11:03:50.000000", "name": "tempest-VolumesDeleteCascade-Volume-308554469", "descripti
    on": null, "volume_type": "arcusfc1", "snapshot_id": null, "source_volid": null, "metadata": {}, "links": [{"rel": "self", "href": "http://10.132.44.209/volume/v3/volumes/f7f5a194-597c-4ca6-85ec-fe057b34242c"}, {"rel": "bookmark", "href": "http://10.132.44.209/volume/volumes/f7f5a194-597c-4ca6-85ec-fe057b34242c"}], "user_id": "0495918e1ed64bbb937615df1f938f30", "bootable": "false", "encrypted": false, "replication_status": null, "consistencygroup_id": null, "multiattach": false, "attachments": [], "os-vol-tenant-attr:tenant_id": "f92c30465503415cbc00028e1055323b"}}'
2026-03-26 11:04:15,652 129489 INFO     [tempest.lib.common.rest_client] Request (VolumesDeleteCascade:test_volume_from_snapshot_cascade_delete): 200 GET http://10.132.44.209/volume/v3/volumes/f7f5a194-597c-4ca6-85ec-fe057b34242c 0.042s
2026-03-26 11:04:15,653 129489 DEBUG    [tempest.lib.common.rest_client] Request - Headers: {'Content-Type': 'application/json', 'Accept': 'application/json', 'X-Auth-Token': '<omitted>'}
        Body: None
    Response - Headers: {'date': 'Thu, 26 Mar 2026 11:04:15 GMT', 'server': 'Apache/2.4.58 (Ubuntu)', 'content-type': 'application/json', 'x-compute-request-id': 'req-5276aff7-aad9-40dd-8e1b-143d851bebb3', 'content-length': '846', 'openstack-api-version': 'volume 3.0', 'vary': 'OpenStack-API-Version', 'x-openstack-request-id': 'req-5276aff7-aad9-40dd-8e1b-143d851bebb3', 'connection': 'close', 'status': '200', 'content-location': 'http://10.132.44.209/volume/v3/volumes/f7f5a194-597c-4ca6-85ec-fe057b34242c'}
        Body: b'{"volume": {"id": "f7f5a194-597c-4ca6-85ec-fe057b34242c", "status": "deleting", "size": 1, "availability_zone": "nova", "created_at": "2026-03-26T11:03:47.000000", "updated_at": "2026-03-26T11:03:50.000000", "name": "tempest-VolumesDeleteCascade-Volume-308554469", "description": null, "volume_type": "arcusfc1", "snapshot_id": null, "source_volid": null, "metadata": {}, "links": [{"rel": "self", "href": "http://10.132.44.209/volume/v3/volumes/f7f5a194-597c-4ca6-85ec-fe057b34242c"}, {"rel": "bookmark", "href": "http://10.132.44.209/volume/volumes/f7f5a194-597c-4ca6-85ec-fe057b34242c"}], "user_id": "0495918e1ed64bbb937615df1f938f30", "bootable": "false", "encrypted": false, "replication_status": null, "consistencygroup_id": null, "multiattach": false, "attachments": [], "os-vol-tenant-attr:tenant_id": "f92c30465503415cbc00028e1055323b"}}'
2026-03-26 11:04:16,706 129489 INFO     [tempest.lib.common.rest_client] Request (VolumesDeleteCascade:test_volume_from_snapshot_cascade_delete): 200 GET http://10.132.44.209/volume/v3/volumes/f7f5a194-597c-4ca6-85ec-fe057b34242c 0.041s
2026-03-26 11:04:16,707 129489 DEBUG    [tempest.lib.common.rest_client] Request - Headers: {'Content-Type': 'application/json', 'Accept': 'application/json', 'X-Auth-Token': '<omitted>'}
        Body: None
    Response - Headers: {'date': 'Thu, 26 Mar 2026 11:04:16 GMT', 'server': 'Apache/2.4.58 (Ubuntu)', 'content-type': 'application/json', 'x-compute-request-id': 'req-10be3c54-5415-47ed-8461-93e6f1907c42', 'content-length': '846', 'openstack-api-version': 'volume 3.0', 'vary': 'OpenStack-API-Version', 'x-openstack-request-id': 'req-10be3c54-5415-47ed-8461-93e6f1907c42', 'connection': 'close', 'status': '200', 'content-location': 'http://10.132.44.209/volume/v3/volumes/f7f5a194-597c-4ca6-85ec-fe057b34242c'}
        Body: b'{"volume": {"id": "f7f5a194-597c-4ca6-85ec-fe057b34242c", "status": "deleting", "size": 1, "availability_zone": "nova", "created_at": "2026-03-26T11:03:47.000000", "updated_at": "2026-03-26T11:03:50.000000", "name": "tempest-VolumesDeleteCascade-Volume-308554469", "description": null, "volume_type": "arcusfc1", "snapshot_id": null, "source_volid": null, "metadata": {}, "links": [{"rel": "self", "href": "http://10.132.44.209/volume/v3/volumes/f7f5a194-597c-4ca6-85ec-fe057b34242c"}, {"rel": "bookmark", "href": "http://10.132.44.209/volume/volumes/f7f5a194-597c-4ca6-85ec-fe057b34242c"}], "user_id": "0495918e1ed64bbb937615df1f938f30", "bootable": "false", "encrypted": false, "replication_status": null, "consistencygroup_id": 
    null, "multiattach": false, "attachments": [], "os-vol-tenant-attr:tenant_id": "f92c30465503415cbc00028e1055323b"}}'
2026-03-26 11:04:17,766 129489 INFO     [tempest.lib.common.rest_client] Request (VolumesDeleteCascade:test_volume_from_snapshot_cascade_delete): 200 GET http://10.132.44.209/volume/v3/volumes/f7f5a194-597c-4ca6-85ec-fe057b34242c 0.043s
2026-03-26 11:04:17,767 129489 DEBUG    [tempest.lib.common.rest_client] Request - Headers: {'Content-Type': 'application/json', 'Accept': 'application/json', 'X-Auth-Token': '<omitted>'}
        Body: None
    Response - Headers: {'date': 'Thu, 26 Mar 2026 11:04:17 GMT', 'server': 'Apache/2.4.58 (Ubuntu)', 'content-type': 'application/json', 'x-compute-request-id': 'req-14621b8a-7f27-439b-8a5b-ec192d9d0650', 'content-length': '846', 'openstack-api-version': 'volume 3.0', 'vary': 'OpenStack-API-Version', 'x-openstack-request-id': 'req-14621b8a-7f27-439b-8a5b-ec192d9d0650', 'connection': 'close', 'status': '200', 'content-location': 'http://10.132.44.209/volume/v3/volumes/f7f5a194-597c-4ca6-85ec-fe057b34242c'}
        Body: b'{"volume": {"id": "f7f5a194-597c-4ca6-85ec-fe057b34242c", "status": "deleting", "size": 1, "availability_zone": "nova", "created_at": "2026-03-26T11:03:47.000000", "updated_at": "2026-03-26T11:03:50.000000", "name": "tempest-VolumesDeleteCascade-Volume-308554469", "description": null, "volume_type": "arcusfc1", "snapshot_id": null, "source_volid": null, "metadata": {}, "links": [{"rel": "self", "href": "http://10.132.44.209/volume/v3/volumes/f7f5a194-597c-4ca6-85ec-fe057b34242c"}, {"rel": "bookmark", "href": "http://10.132.44.209/volume/volumes/f7f5a194-597c-4ca6-85ec-fe057b34242c"}], "user_id": "0495918e1ed64bbb937615df1f938f30", "bootable": "false", "encrypted": false, "replication_status": null, "consistencygroup_id": null, "multiattach": false, "attachments": [], "os-vol-tenant-attr:tenant_id": "f92c30465503415cbc00028e1055323b"}}'
2026-03-26 11:04:18,811 129489 INFO     [tempest.lib.common.rest_client] Request (VolumesDeleteCascade:test_volume_from_snapshot_cascade_delete): 200 GET http://10.132.44.209/volume/v3/volumes/f7f5a194-597c-4ca6-85ec-fe057b34242c 0.037s
2026-03-26 11:04:18,812 129489 DEBUG    [tempest.lib.common.rest_client] Request - Headers: {'Content-Type': 'application/json', 'Accept': 'application/json', 'X-Auth-Token': '<omitted>'}
        Body: None
    Response - Headers: {'date': 'Thu, 26 Mar 2026 11:04:18 GMT', 'server': 'Apache/2.4.58 (Ubuntu)', 'content-type': 'application/json', 'x-compute-request-id': 'req-3d138c84-1bda-4c70-bfc7-bb33389a0c78', 'content-length': '846', 'openstack-api-version': 'volume 3.0', 'vary': 'OpenStack-API-Version', 'x-openstack-request-id': 'req-3d138c84-1bda-4c70-bfc7-bb33389a0c78', 'connection': 'close', 'status': '200', 'content-location': 'http://10.132.44.209/volume/v3/volumes/f7f5a194-597c-4ca6-85ec-fe057b34242c'}
        Body: b'{"volume": {"id": "f7f5a194-597c-4ca6-85ec-fe057b34242c", "status": "deleting", "size": 1, "availability_zone": "nova", "created_at": "2026-03-26T11:03:47.000000", "updated_at": "2026-03-26T11:03:50.000000", "name": "tempest-VolumesDeleteCascade-Volume-308554469", "description": null, "volume_type": "arcusfc1", "snapshot_id": null, "source_volid": null, "metadata": {}, "links": [{"rel": "self", "href": "http://10.132.44.209/volume/v3/volumes/f7f5a194-597c-4ca6-85ec-fe057b34242c"}, {"rel": "bookmark", "href": "http://10.132.44.209/volume/volumes/f7f5a194-597c-4ca6-85ec-fe057b34242c"}], "user_id": "0495918e1ed64bbb937615df1f938f30", "bootable": "false", "encrypted": false, "replication_status": null, "consistencygroup_id": null, "multiattach": false, "attachments": [], "os-vol-tenant-attr:tenant_id": "f92c30465503415cbc00028e1055323b"}}'
2026-03-26 11:04:19,854 129489 INFO     [tempest.lib.common.rest_client] Request (VolumesDeleteCascade:test_volume_from_snapshot_cascade_delete): 200 GET http://10.132.44.209/volume/v3/volumes/f7f5a194-597c-4ca6-85ec-fe057b34242c 0.028s
2026-03-26 11:04:19,854 129489 DEBUG    [tempest.lib.common.rest_client] Request - Headers: {'Content-
    Type': 'application/json', 'Accept': 'application/json', 'X-Auth-Token': '<omitted>'}
        Body: None
    Response - Headers: {'date': 'Thu, 26 Mar 2026 11:04:19 GMT', 'server': 'Apache/2.4.58 (Ubuntu)', 'content-type': 'application/json', 'x-compute-request-id': 'req-fda067e6-c51a-4165-bccd-2ae61e471176', 'content-length': '846', 'openstack-api-version': 'volume 3.0', 'vary': 'OpenStack-API-Version', 'x-openstack-request-id': 'req-fda067e6-c51a-4165-bccd-2ae61e471176', 'connection': 'close', 'status': '200', 'content-location': 'http://10.132.44.209/volume/v3/volumes/f7f5a194-597c-4ca6-85ec-fe057b34242c'}
        Body: b'{"volume": {"id": "f7f5a194-597c-4ca6-85ec-fe057b34242c", "status": "deleting", "size": 1, "availability_zone": "nova", "created_at": "2026-03-26T11:03:47.000000", "updated_at": "2026-03-26T11:03:50.000000", "name": "tempest-VolumesDeleteCascade-Volume-308554469", "description": null, "volume_type": "arcusfc1", "snapshot_id": null, "source_volid": null, "metadata": {}, "links": [{"rel": "self", "href": "http://10.132.44.209/volume/v3/volumes/f7f5a194-597c-4ca6-85ec-fe057b34242c"}, {"rel": "bookmark", "href": "http://10.132.44.209/volume/volumes/f7f5a194-597c-4ca6-85ec-fe057b34242c"}], "user_id": "0495918e1ed64bbb937615df1f938f30", "bootable": "false", "encrypted": false, "replication_status": null, "consistencygroup_id": null, "multiattach": false, "attachments": [], "os-vol-tenant-attr:tenant_id": "f92c30465503415cbc00028e1055323b"}}'
2026-03-26 11:04:20,911 129489 INFO     [tempest.lib.common.rest_client] Request (VolumesDeleteCascade:test_volume_from_snapshot_cascade_delete): 200 GET http://10.132.44.209/volume/v3/volumes/f7f5a194-597c-4ca6-85ec-fe057b34242c 0.043s
2026-03-26 11:04:20,912 129489 DEBUG    [tempest.lib.common.rest_client] Request - Headers: {'Content-Type': 'application/json', 'Accept': 'application/json', 'X-Auth-Token': '<omitted>'}
        Body: None
    Response - Headers: {'date': 'Thu, 26 Mar 2026 11:04:20 GMT', 'server': 'Apache/2.4.58 (Ubuntu)', 'content-type': 'application/json', 'x-compute-request-id': 'req-e014585f-2836-455d-a8e8-4fda6e2ba0c6', 'content-length': '846', 'openstack-api-version': 'volume 3.0', 'vary': 'OpenStack-API-Version', 'x-openstack-request-id': 'req-e014585f-2836-455d-a8e8-4fda6e2ba0c6', 'connection': 'close', 'status': '200', 'content-location': 'http://10.132.44.209/volume/v3/volumes/f7f5a194-597c-4ca6-85ec-fe057b34242c'}
        Body: b'{"volume": {"id": "f7f5a194-597c-4ca6-85ec-fe057b34242c", "status": "deleting", "size": 1, "availability_zone": "nova", "created_at": "2026-03-26T11:03:47.000000", "updated_at": "2026-03-26T11:03:50.000000", "name": "tempest-VolumesDeleteCascade-Volume-308554469", "description": null, "volume_type": "arcusfc1", "snapshot_id": null, "source_volid": null, "metadata": {}, "links": [{"rel": "self", "href": "http://10.132.44.209/volume/v3/volumes/f7f5a194-597c-4ca6-85ec-fe057b34242c"}, {"rel": "bookmark", "href": "http://10.132.44.209/volume/volumes/f7f5a194-597c-4ca6-85ec-fe057b34242c"}], "user_id": "0495918e1ed64bbb937615df1f938f30", "bootable": "false", "encrypted": false, "replication_status": null, "consistencygroup_id": null, "multiattach": false, "attachments": [], "os-vol-tenant-attr:tenant_id": "f92c30465503415cbc00028e1055323b"}}'
2026-03-26 11:04:21,965 129489 INFO     [tempest.lib.common.rest_client] Request (VolumesDeleteCascade:test_volume_from_snapshot_cascade_delete): 200 GET http://10.132.44.209/volume/v3/volumes/f7f5a194-597c-4ca6-85ec-fe057b34242c 0.038s
2026-03-26 11:04:21,966 129489 DEBUG    [tempest.lib.common.rest_client] Request - Headers: {'Content-Type': 'application/json', 'Accept': 'application/json', 'X-Auth-Token': '<omitted>'}
        Body: None
    Response - Headers: {'date': 'Thu, 26 Mar 2026 11:04:21 GMT', 'server': 'Apache/2.4.58 (Ubuntu)', 'content-type': 'application/json', 'x-compute-request-id': 'req-71a2f794-292a-40aa-933d-569f5c59ae11', 'content-length': '846', 'openstack-api-version': 'volume 3.0', 'vary': 'OpenStack-API-Version', 'x-openstack-request-id': 'req-71a2f794-292a-40a
    a-933d-569f5c59ae11', 'connection': 'close', 'status': '200', 'content-location': 'http://10.132.44.209/volume/v3/volumes/f7f5a194-597c-4ca6-85ec-fe057b34242c'}
        Body: b'{"volume": {"id": "f7f5a194-597c-4ca6-85ec-fe057b34242c", "status": "deleting", "size": 1, "availability_zone": "nova", "created_at": "2026-03-26T11:03:47.000000", "updated_at": "2026-03-26T11:03:50.000000", "name": "tempest-VolumesDeleteCascade-Volume-308554469", "description": null, "volume_type": "arcusfc1", "snapshot_id": null, "source_volid": null, "metadata": {}, "links": [{"rel": "self", "href": "http://10.132.44.209/volume/v3/volumes/f7f5a194-597c-4ca6-85ec-fe057b34242c"}, {"rel": "bookmark", "href": "http://10.132.44.209/volume/volumes/f7f5a194-597c-4ca6-85ec-fe057b34242c"}], "user_id": "0495918e1ed64bbb937615df1f938f30", "bootable": "false", "encrypted": false, "replication_status": null, "consistencygroup_id": null, "multiattach": false, "attachments": [], "os-vol-tenant-attr:tenant_id": "f92c30465503415cbc00028e1055323b"}}'
2026-03-26 11:04:23,021 129489 INFO     [tempest.lib.common.rest_client] Request (VolumesDeleteCascade:test_volume_from_snapshot_cascade_delete): 200 GET http://10.132.44.209/volume/v3/volumes/f7f5a194-597c-4ca6-85ec-fe057b34242c 0.041s
2026-03-26 11:04:23,021 129489 DEBUG    [tempest.lib.common.rest_client] Request - Headers: {'Content-Type': 'application/json', 'Accept': 'application/json', 'X-Auth-Token': '<omitted>'}
        Body: None
    Response - Headers: {'date': 'Thu, 26 Mar 2026 11:04:22 GMT', 'server': 'Apache/2.4.58 (Ubuntu)', 'content-type': 'application/json', 'x-compute-request-id': 'req-f4af0f76-ef01-4664-a4ab-0d51d450b1b9', 'content-length': '846', 'openstack-api-version': 'volume 3.0', 'vary': 'OpenStack-API-Version', 'x-openstack-request-id': 'req-f4af0f76-ef01-4664-a4ab-0d51d450b1b9', 'connection': 'close', 'status': '200', 'content-location': 'http://10.132.44.209/volume/v3/volumes/f7f5a194-597c-4ca6-85ec-fe057b34242c'}
        Body: b'{"volume": {"id": "f7f5a194-597c-4ca6-85ec-fe057b34242c", "status": "deleting", "size": 1, "availability_zone": "nova", "created_at": "2026-03-26T11:03:47.000000", "updated_at": "2026-03-26T11:03:50.000000", "name": "tempest-VolumesDeleteCascade-Volume-308554469", "description": null, "volume_type": "arcusfc1", "snapshot_id": null, "source_volid": null, "metadata": {}, "links": [{"rel": "self", "href": "http://10.132.44.209/volume/v3/volumes/f7f5a194-597c-4ca6-85ec-fe057b34242c"}, {"rel": "bookmark", "href": "http://10.132.44.209/volume/volumes/f7f5a194-597c-4ca6-85ec-fe057b34242c"}], "user_id": "0495918e1ed64bbb937615df1f938f30", "bootable": "false", "encrypted": false, "replication_status": null, "consistencygroup_id": null, "multiattach": false, "attachments": [], "os-vol-tenant-attr:tenant_id": "f92c30465503415cbc00028e1055323b"}}'
2026-03-26 11:04:24,070 129489 INFO     [tempest.lib.common.rest_client] Request (VolumesDeleteCascade:test_volume_from_snapshot_cascade_delete): 200 GET http://10.132.44.209/volume/v3/volumes/f7f5a194-597c-4ca6-85ec-fe057b34242c 0.037s
2026-03-26 11:04:24,070 129489 DEBUG    [tempest.lib.common.rest_client] Request - Headers: {'Content-Type': 'application/json', 'Accept': 'application/json', 'X-Auth-Token': '<omitted>'}
        Body: None
    Response - Headers: {'date': 'Thu, 26 Mar 2026 11:04:24 GMT', 'server': 'Apache/2.4.58 (Ubuntu)', 'content-type': 'application/json', 'x-compute-request-id': 'req-b4541d3a-a4da-4a5b-80b4-b0622abcf922', 'content-length': '846', 'openstack-api-version': 'volume 3.0', 'vary': 'OpenStack-API-Version', 'x-openstack-request-id': 'req-b4541d3a-a4da-4a5b-80b4-b0622abcf922', 'connection': 'close', 'status': '200', 'content-location': 'http://10.132.44.209/volume/v3/volumes/f7f5a194-597c-4ca6-85ec-fe057b34242c'}
        Body: b'{"volume": {"id": "f7f5a194-597c-4ca6-85ec-fe057b34242c", "status": "deleting", "size": 1, "availability_zone": "nova", "created_at": "2026-03-26T11:03:47.000000", "updated_at": "2026-03-26T11:03:50.000000", "name": "tempest-VolumesDeleteCascade-Volume-308554469", "description":
     null, "volume_type": "arcusfc1", "snapshot_id": null, "source_volid": null, "metadata": {}, "links": [{"rel": "self", "href": "http://10.132.44.209/volume/v3/volumes/f7f5a194-597c-4ca6-85ec-fe057b34242c"}, {"rel": "bookmark", "href": "http://10.132.44.209/volume/volumes/f7f5a194-597c-4ca6-85ec-fe057b34242c"}], "user_id": "0495918e1ed64bbb937615df1f938f30", "bootable": "false", "encrypted": false, "replication_status": null, "consistencygroup_id": null, "multiattach": false, "attachments": [], "os-vol-tenant-attr:tenant_id": "f92c30465503415cbc00028e1055323b"}}'
2026-03-26 11:04:25,131 129489 INFO     [tempest.lib.common.rest_client] Request (VolumesDeleteCascade:test_volume_from_snapshot_cascade_delete): 200 GET http://10.132.44.209/volume/v3/volumes/f7f5a194-597c-4ca6-85ec-fe057b34242c 0.044s
2026-03-26 11:04:25,131 129489 DEBUG    [tempest.lib.common.rest_client] Request - Headers: {'Content-Type': 'application/json', 'Accept': 'application/json', 'X-Auth-Token': '<omitted>'}
        Body: None
    Response - Headers: {'date': 'Thu, 26 Mar 2026 11:04:25 GMT', 'server': 'Apache/2.4.58 (Ubuntu)', 'content-type': 'application/json', 'x-compute-request-id': 'req-0d3aa348-1fb6-4304-9d69-179289b5c44a', 'content-length': '846', 'openstack-api-version': 'volume 3.0', 'vary': 'OpenStack-API-Version', 'x-openstack-request-id': 'req-0d3aa348-1fb6-4304-9d69-179289b5c44a', 'connection': 'close', 'status': '200', 'content-location': 'http://10.132.44.209/volume/v3/volumes/f7f5a194-597c-4ca6-85ec-fe057b34242c'}
        Body: b'{"volume": {"id": "f7f5a194-597c-4ca6-85ec-fe057b34242c", "status": "deleting", "size": 1, "availability_zone": "nova", "created_at": "2026-03-26T11:03:47.000000", "updated_at": "2026-03-26T11:03:50.000000", "name": "tempest-VolumesDeleteCascade-Volume-308554469", "description": null, "volume_type": "arcusfc1", "snapshot_id": null, "source_volid": null, "metadata": {}, "links": [{"rel": "self", "href": "http://10.132.44.209/volume/v3/volumes/f7f5a194-597c-4ca6-85ec-fe057b34242c"}, {"rel": "bookmark", "href": "http://10.132.44.209/volume/volumes/f7f5a194-597c-4ca6-85ec-fe057b34242c"}], "user_id": "0495918e1ed64bbb937615df1f938f30", "bootable": "false", "encrypted": false, "replication_status": null, "consistencygroup_id": null, "multiattach": false, "attachments": [], "os-vol-tenant-attr:tenant_id": "f92c30465503415cbc00028e1055323b"}}'
2026-03-26 11:04:26,185 129489 INFO     [tempest.lib.common.rest_client] Request (VolumesDeleteCascade:test_volume_from_snapshot_cascade_delete): 200 GET http://10.132.44.209/volume/v3/volumes/f7f5a194-597c-4ca6-85ec-fe057b34242c 0.046s
2026-03-26 11:04:26,186 129489 DEBUG    [tempest.lib.common.rest_client] Request - Headers: {'Content-Type': 'application/json', 'Accept': 'application/json', 'X-Auth-Token': '<omitted>'}
        Body: None
    Response - Headers: {'date': 'Thu, 26 Mar 2026 11:04:26 GMT', 'server': 'Apache/2.4.58 (Ubuntu)', 'content-type': 'application/json', 'x-compute-request-id': 'req-6b025266-9cab-4fa2-b1f1-f1020117bf83', 'content-length': '846', 'openstack-api-version': 'volume 3.0', 'vary': 'OpenStack-API-Version', 'x-openstack-request-id': 'req-6b025266-9cab-4fa2-b1f1-f1020117bf83', 'connection': 'close', 'status': '200', 'content-location': 'http://10.132.44.209/volume/v3/volumes/f7f5a194-597c-4ca6-85ec-fe057b34242c'}
        Body: b'{"volume": {"id": "f7f5a194-597c-4ca6-85ec-fe057b34242c", "status": "deleting", "size": 1, "availability_zone": "nova", "created_at": "2026-03-26T11:03:47.000000", "updated_at": "2026-03-26T11:03:50.000000", "name": "tempest-VolumesDeleteCascade-Volume-308554469", "description": null, "volume_type": "arcusfc1", "snapshot_id": null, "source_volid": null, "metadata": {}, "links": [{"rel": "self", "href": "http://10.132.44.209/volume/v3/volumes/f7f5a194-597c-4ca6-85ec-fe057b34242c"}, {"rel": "bookmark", "href": "http://10.132.44.209/volume/volumes/f7f5a194-597c-4ca6-85ec-fe057b34242c"}], "user_id": "0495918e1ed64bbb937615df1f938f30", "bootable": "false", "encrypted": false, "replication_status": null, "consistencygroup_id": null
    , "multiattach": false, "attachments": [], "os-vol-tenant-attr:tenant_id": "f92c30465503415cbc00028e1055323b"}}'
2026-03-26 11:04:27,235 129489 INFO     [tempest.lib.common.rest_client] Request (VolumesDeleteCascade:test_volume_from_snapshot_cascade_delete): 200 GET http://10.132.44.209/volume/v3/volumes/f7f5a194-597c-4ca6-85ec-fe057b34242c 0.036s
2026-03-26 11:04:27,235 129489 DEBUG    [tempest.lib.common.rest_client] Request - Headers: {'Content-Type': 'application/json', 'Accept': 'application/json', 'X-Auth-Token': '<omitted>'}
        Body: None
    Response - Headers: {'date': 'Thu, 26 Mar 2026 11:04:27 GMT', 'server': 'Apache/2.4.58 (Ubuntu)', 'content-type': 'application/json', 'x-compute-request-id': 'req-813121fb-533c-42a9-9d37-b6b08618f194', 'content-length': '846', 'openstack-api-version': 'volume 3.0', 'vary': 'OpenStack-API-Version', 'x-openstack-request-id': 'req-813121fb-533c-42a9-9d37-b6b08618f194', 'connection': 'close', 'status': '200', 'content-location': 'http://10.132.44.209/volume/v3/volumes/f7f5a194-597c-4ca6-85ec-fe057b34242c'}
        Body: b'{"volume": {"id": "f7f5a194-597c-4ca6-85ec-fe057b34242c", "status": "deleting", "size": 1, "availability_zone": "nova", "created_at": "2026-03-26T11:03:47.000000", "updated_at": "2026-03-26T11:03:50.000000", "name": "tempest-VolumesDeleteCascade-Volume-308554469", "description": null, "volume_type": "arcusfc1", "snapshot_id": null, "source_volid": null, "metadata": {}, "links": [{"rel": "self", "href": "http://10.132.44.209/volume/v3/volumes/f7f5a194-597c-4ca6-85ec-fe057b34242c"}, {"rel": "bookmark", "href": "http://10.132.44.209/volume/volumes/f7f5a194-597c-4ca6-85ec-fe057b34242c"}], "user_id": "0495918e1ed64bbb937615df1f938f30", "bootable": "false", "encrypted": false, "replication_status": null, "consistencygroup_id": null, "multiattach": false, "attachments": [], "os-vol-tenant-attr:tenant_id": "f92c30465503415cbc00028e1055323b"}}'
2026-03-26 11:04:28,291 129489 INFO     [tempest.lib.common.rest_client] Request (VolumesDeleteCascade:test_volume_from_snapshot_cascade_delete): 200 GET http://10.132.44.209/volume/v3/volumes/f7f5a194-597c-4ca6-85ec-fe057b34242c 0.046s
2026-03-26 11:04:28,292 129489 DEBUG    [tempest.lib.common.rest_client] Request - Headers: {'Content-Type': 'application/json', 'Accept': 'application/json', 'X-Auth-Token': '<omitted>'}
        Body: None
    Response - Headers: {'date': 'Thu, 26 Mar 2026 11:04:28 GMT', 'server': 'Apache/2.4.58 (Ubuntu)', 'content-type': 'application/json', 'x-compute-request-id': 'req-3f61614b-e989-453a-b891-8823266b36df', 'content-length': '846', 'openstack-api-version': 'volume 3.0', 'vary': 'OpenStack-API-Version', 'x-openstack-request-id': 'req-3f61614b-e989-453a-b891-8823266b36df', 'connection': 'close', 'status': '200', 'content-location': 'http://10.132.44.209/volume/v3/volumes/f7f5a194-597c-4ca6-85ec-fe057b34242c'}
        Body: b'{"volume": {"id": "f7f5a194-597c-4ca6-85ec-fe057b34242c", "status": "deleting", "size": 1, "availability_zone": "nova", "created_at": "2026-03-26T11:03:47.000000", "updated_at": "2026-03-26T11:03:50.000000", "name": "tempest-VolumesDeleteCascade-Volume-308554469", "description": null, "volume_type": "arcusfc1", "snapshot_id": null, "source_volid": null, "metadata": {}, "links": [{"rel": "self", "href": "http://10.132.44.209/volume/v3/volumes/f7f5a194-597c-4ca6-85ec-fe057b34242c"}, {"rel": "bookmark", "href": "http://10.132.44.209/volume/volumes/f7f5a194-597c-4ca6-85ec-fe057b34242c"}], "user_id": "0495918e1ed64bbb937615df1f938f30", "bootable": "false", "encrypted": false, "replication_status": null, "consistencygroup_id": null, "multiattach": false, "attachments": [], "os-vol-tenant-attr:tenant_id": "f92c30465503415cbc00028e1055323b"}}'
2026-03-26 11:04:29,343 129489 INFO     [tempest.lib.common.rest_client] Request (VolumesDeleteCascade:test_volume_from_snapshot_cascade_delete): 200 GET http://10.132.44.209/volume/v3/volumes/f7f5a194-597c-4ca6-85ec-fe057b34242c 0.038s
2026-03-26 11:04:29,344 129489 DEBUG    [tempest.lib.common.rest_client] Request - Headers: {'Content-Type
    ': 'application/json', 'Accept': 'application/json', 'X-Auth-Token': '<omitted>'}
        Body: None
    Response - Headers: {'date': 'Thu, 26 Mar 2026 11:04:29 GMT', 'server': 'Apache/2.4.58 (Ubuntu)', 'content-type': 'application/json', 'x-compute-request-id': 'req-ae20ad2c-4831-49c3-96b7-282f0c6c7b38', 'content-length': '846', 'openstack-api-version': 'volume 3.0', 'vary': 'OpenStack-API-Version', 'x-openstack-request-id': 'req-ae20ad2c-4831-49c3-96b7-282f0c6c7b38', 'connection': 'close', 'status': '200', 'content-location': 'http://10.132.44.209/volume/v3/volumes/f7f5a194-597c-4ca6-85ec-fe057b34242c'}
        Body: b'{"volume": {"id": "f7f5a194-597c-4ca6-85ec-fe057b34242c", "status": "deleting", "size": 1, "availability_zone": "nova", "created_at": "2026-03-26T11:03:47.000000", "updated_at": "2026-03-26T11:03:50.000000", "name": "tempest-VolumesDeleteCascade-Volume-308554469", "description": null, "volume_type": "arcusfc1", "snapshot_id": null, "source_volid": null, "metadata": {}, "links": [{"rel": "self", "href": "http://10.132.44.209/volume/v3/volumes/f7f5a194-597c-4ca6-85ec-fe057b34242c"}, {"rel": "bookmark", "href": "http://10.132.44.209/volume/volumes/f7f5a194-597c-4ca6-85ec-fe057b34242c"}], "user_id": "0495918e1ed64bbb937615df1f938f30", "bootable": "false", "encrypted": false, "replication_status": null, "consistencygroup_id": null, "multiattach": false, "attachments": [], "os-vol-tenant-attr:tenant_id": "f92c30465503415cbc00028e1055323b"}}'
2026-03-26 11:04:30,396 129489 INFO     [tempest.lib.common.rest_client] Request (VolumesDeleteCascade:test_volume_from_snapshot_cascade_delete): 200 GET http://10.132.44.209/volume/v3/volumes/f7f5a194-597c-4ca6-85ec-fe057b34242c 0.041s
2026-03-26 11:04:30,396 129489 DEBUG    [tempest.lib.common.rest_client] Request - Headers: {'Content-Type': 'application/json', 'Accept': 'application/json', 'X-Auth-Token': '<omitted>'}
        Body: None
    Response - Headers: {'date': 'Thu, 26 Mar 2026 11:04:30 GMT', 'server': 'Apache/2.4.58 (Ubuntu)', 'content-type': 'application/json', 'x-compute-request-id': 'req-87a1d321-48d6-451d-8259-debed400dfa3', 'content-length': '846', 'openstack-api-version': 'volume 3.0', 'vary': 'OpenStack-API-Version', 'x-openstack-request-id': 'req-87a1d321-48d6-451d-8259-debed400dfa3', 'connection': 'close', 'status': '200', 'content-location': 'http://10.132.44.209/volume/v3/volumes/f7f5a194-597c-4ca6-85ec-fe057b34242c'}
        Body: b'{"volume": {"id": "f7f5a194-597c-4ca6-85ec-fe057b34242c", "status": "deleting", "size": 1, "availability_zone": "nova", "created_at": "2026-03-26T11:03:47.000000", "updated_at": "2026-03-26T11:03:50.000000", "name": "tempest-VolumesDeleteCascade-Volume-308554469", "description": null, "volume_type": "arcusfc1", "snapshot_id": null, "source_volid": null, "metadata": {}, "links": [{"rel": "self", "href": "http://10.132.44.209/volume/v3/volumes/f7f5a194-597c-4ca6-85ec-fe057b34242c"}, {"rel": "bookmark", "href": "http://10.132.44.209/volume/volumes/f7f5a194-597c-4ca6-85ec-fe057b34242c"}], "user_id": "0495918e1ed64bbb937615df1f938f30", "bootable": "false", "encrypted": false, "replication_status": null, "consistencygroup_id": null, "multiattach": false, "attachments": [], "os-vol-tenant-attr:tenant_id": "f92c30465503415cbc00028e1055323b"}}'
2026-03-26 11:04:31,443 129489 INFO     [tempest.lib.common.rest_client] Request (VolumesDeleteCascade:test_volume_from_snapshot_cascade_delete): 200 GET http://10.132.44.209/volume/v3/volumes/f7f5a194-597c-4ca6-85ec-fe057b34242c 0.040s
2026-03-26 11:04:31,444 129489 DEBUG    [tempest.lib.common.rest_client] Request - Headers: {'Content-Type': 'application/json', 'Accept': 'application/json', 'X-Auth-Token': '<omitted>'}
        Body: None
    Response - Headers: {'date': 'Thu, 26 Mar 2026 11:04:31 GMT', 'server': 'Apache/2.4.58 (Ubuntu)', 'content-type': 'application/json', 'x-compute-request-id': 'req-c93c5382-37e9-4885-879c-6907340933f7', 'content-length': '846', 'openstack-api-version': 'volume 3.0', 'vary': 'OpenStack-API-Version', 'x-openstack-request-id': 'req-c93c5382-37e9-4885-87
    9c-6907340933f7', 'connection': 'close', 'status': '200', 'content-location': 'http://10.132.44.209/volume/v3/volumes/f7f5a194-597c-4ca6-85ec-fe057b34242c'}
        Body: b'{"volume": {"id": "f7f5a194-597c-4ca6-85ec-fe057b34242c", "status": "deleting", "size": 1, "availability_zone": "nova", "created_at": "2026-03-26T11:03:47.000000", "updated_at": "2026-03-26T11:03:50.000000", "name": "tempest-VolumesDeleteCascade-Volume-308554469", "description": null, "volume_type": "arcusfc1", "snapshot_id": null, "source_volid": null, "metadata": {}, "links": [{"rel": "self", "href": "http://10.132.44.209/volume/v3/volumes/f7f5a194-597c-4ca6-85ec-fe057b34242c"}, {"rel": "bookmark", "href": "http://10.132.44.209/volume/volumes/f7f5a194-597c-4ca6-85ec-fe057b34242c"}], "user_id": "0495918e1ed64bbb937615df1f938f30", "bootable": "false", "encrypted": false, "replication_status": null, "consistencygroup_id": null, "multiattach": false, "attachments": [], "os-vol-tenant-attr:tenant_id": "f92c30465503415cbc00028e1055323b"}}'
2026-03-26 11:04:32,499 129489 INFO     [tempest.lib.common.rest_client] Request (VolumesDeleteCascade:test_volume_from_snapshot_cascade_delete): 200 GET http://10.132.44.209/volume/v3/volumes/f7f5a194-597c-4ca6-85ec-fe057b34242c 0.040s
2026-03-26 11:04:32,499 129489 DEBUG    [tempest.lib.common.rest_client] Request - Headers: {'Content-Type': 'application/json', 'Accept': 'application/json', 'X-Auth-Token': '<omitted>'}
        Body: None
    Response - Headers: {'date': 'Thu, 26 Mar 2026 11:04:32 GMT', 'server': 'Apache/2.4.58 (Ubuntu)', 'content-type': 'application/json', 'x-compute-request-id': 'req-ab79727c-2c86-4d56-8f3a-09197d25f7b2', 'content-length': '846', 'openstack-api-version': 'volume 3.0', 'vary': 'OpenStack-API-Version', 'x-openstack-request-id': 'req-ab79727c-2c86-4d56-8f3a-09197d25f7b2', 'connection': 'close', 'status': '200', 'content-location': 'http://10.132.44.209/volume/v3/volumes/f7f5a194-597c-4ca6-85ec-fe057b34242c'}
        Body: b'{"volume": {"id": "f7f5a194-597c-4ca6-85ec-fe057b34242c", "status": "deleting", "size": 1, "availability_zone": "nova", "created_at": "2026-03-26T11:03:47.000000", "updated_at": "2026-03-26T11:03:50.000000", "name": "tempest-VolumesDeleteCascade-Volume-308554469", "description": null, "volume_type": "arcusfc1", "snapshot_id": null, "source_volid": null, "metadata": {}, "links": [{"rel": "self", "href": "http://10.132.44.209/volume/v3/volumes/f7f5a194-597c-4ca6-85ec-fe057b34242c"}, {"rel": "bookmark", "href": "http://10.132.44.209/volume/volumes/f7f5a194-597c-4ca6-85ec-fe057b34242c"}], "user_id": "0495918e1ed64bbb937615df1f938f30", "bootable": "false", "encrypted": false, "replication_status": null, "consistencygroup_id": null, "multiattach": false, "attachments": [], "os-vol-tenant-attr:tenant_id": "f92c30465503415cbc00028e1055323b"}}'
2026-03-26 11:04:33,548 129489 INFO     [tempest.lib.common.rest_client] Request (VolumesDeleteCascade:test_volume_from_snapshot_cascade_delete): 200 GET http://10.132.44.209/volume/v3/volumes/f7f5a194-597c-4ca6-85ec-fe057b34242c 0.040s
2026-03-26 11:04:33,549 129489 DEBUG    [tempest.lib.common.rest_client] Request - Headers: {'Content-Type': 'application/json', 'Accept': 'application/json', 'X-Auth-Token': '<omitted>'}
        Body: None
    Response - Headers: {'date': 'Thu, 26 Mar 2026 11:04:33 GMT', 'server': 'Apache/2.4.58 (Ubuntu)', 'content-type': 'application/json', 'x-compute-request-id': 'req-ed1bee23-198a-46a8-aa7c-afdbb6dc01fd', 'content-length': '846', 'openstack-api-version': 'volume 3.0', 'vary': 'OpenStack-API-Version', 'x-openstack-request-id': 'req-ed1bee23-198a-46a8-aa7c-afdbb6dc01fd', 'connection': 'close', 'status': '200', 'content-location': 'http://10.132.44.209/volume/v3/volumes/f7f5a194-597c-4ca6-85ec-fe057b34242c'}
        Body: b'{"volume": {"id": "f7f5a194-597c-4ca6-85ec-fe057b34242c", "status": "deleting", "size": 1, "availability_zone": "nova", "created_at": "2026-03-26T11:03:47.000000", "updated_at": "2026-03-26T11:03:50.000000", "name": "tempest-VolumesDeleteCascade-Volume-308554469", "description": nul
    l, "volume_type": "arcusfc1", "snapshot_id": null, "source_volid": null, "metadata": {}, "links": [{"rel": "self", "href": "http://10.132.44.209/volume/v3/volumes/f7f5a194-597c-4ca6-85ec-fe057b34242c"}, {"rel": "bookmark", "href": "http://10.132.44.209/volume/volumes/f7f5a194-597c-4ca6-85ec-fe057b34242c"}], "user_id": "0495918e1ed64bbb937615df1f938f30", "bootable": "false", "encrypted": false, "replication_status": null, "consistencygroup_id": null, "multiattach": false, "attachments": [], "os-vol-tenant-attr:tenant_id": "f92c30465503415cbc00028e1055323b"}}'
2026-03-26 11:04:34,603 129489 INFO     [tempest.lib.common.rest_client] Request (VolumesDeleteCascade:test_volume_from_snapshot_cascade_delete): 200 GET http://10.132.44.209/volume/v3/volumes/f7f5a194-597c-4ca6-85ec-fe057b34242c 0.041s
2026-03-26 11:04:34,603 129489 DEBUG    [tempest.lib.common.rest_client] Request - Headers: {'Content-Type': 'application/json', 'Accept': 'application/json', 'X-Auth-Token': '<omitted>'}
        Body: None
    Response - Headers: {'date': 'Thu, 26 Mar 2026 11:04:34 GMT', 'server': 'Apache/2.4.58 (Ubuntu)', 'content-type': 'application/json', 'x-compute-request-id': 'req-319c96d8-1a65-4c47-b41b-cdb0702ace26', 'content-length': '846', 'openstack-api-version': 'volume 3.0', 'vary': 'OpenStack-API-Version', 'x-openstack-request-id': 'req-319c96d8-1a65-4c47-b41b-cdb0702ace26', 'connection': 'close', 'status': '200', 'content-location': 'http://10.132.44.209/volume/v3/volumes/f7f5a194-597c-4ca6-85ec-fe057b34242c'}
        Body: b'{"volume": {"id": "f7f5a194-597c-4ca6-85ec-fe057b34242c", "status": "deleting", "size": 1, "availability_zone": "nova", "created_at": "2026-03-26T11:03:47.000000", "updated_at": "2026-03-26T11:03:50.000000", "name": "tempest-VolumesDeleteCascade-Volume-308554469", "description": null, "volume_type": "arcusfc1", "snapshot_id": null, "source_volid": null, "metadata": {}, "links": [{"rel": "self", "href": "http://10.132.44.209/volume/v3/volumes/f7f5a194-597c-4ca6-85ec-fe057b34242c"}, {"rel": "bookmark", "href": "http://10.132.44.209/volume/volumes/f7f5a194-597c-4ca6-85ec-fe057b34242c"}], "user_id": "0495918e1ed64bbb937615df1f938f30", "bootable": "false", "encrypted": false, "replication_status": null, "consistencygroup_id": null, "multiattach": false, "attachments": [], "os-vol-tenant-attr:tenant_id": "f92c30465503415cbc00028e1055323b"}}'
2026-03-26 11:04:35,657 129489 INFO     [tempest.lib.common.rest_client] Request (VolumesDeleteCascade:test_volume_from_snapshot_cascade_delete): 200 GET http://10.132.44.209/volume/v3/volumes/f7f5a194-597c-4ca6-85ec-fe057b34242c 0.042s
2026-03-26 11:04:35,658 129489 DEBUG    [tempest.lib.common.rest_client] Request - Headers: {'Content-Type': 'application/json', 'Accept': 'application/json', 'X-Auth-Token': '<omitted>'}
        Body: None
    Response - Headers: {'date': 'Thu, 26 Mar 2026 11:04:35 GMT', 'server': 'Apache/2.4.58 (Ubuntu)', 'content-type': 'application/json', 'x-compute-request-id': 'req-57050c14-f241-4375-85f0-580d2802d850', 'content-length': '846', 'openstack-api-version': 'volume 3.0', 'vary': 'OpenStack-API-Version', 'x-openstack-request-id': 'req-57050c14-f241-4375-85f0-580d2802d850', 'connection': 'close', 'status': '200', 'content-location': 'http://10.132.44.209/volume/v3/volumes/f7f5a194-597c-4ca6-85ec-fe057b34242c'}
        Body: b'{"volume": {"id": "f7f5a194-597c-4ca6-85ec-fe057b34242c", "status": "deleting", "size": 1, "availability_zone": "nova", "created_at": "2026-03-26T11:03:47.000000", "updated_at": "2026-03-26T11:03:50.000000", "name": "tempest-VolumesDeleteCascade-Volume-308554469", "description": null, "volume_type": "arcusfc1", "snapshot_id": null, "source_volid": null, "metadata": {}, "links": [{"rel": "self", "href": "http://10.132.44.209/volume/v3/volumes/f7f5a194-597c-4ca6-85ec-fe057b34242c"}, {"rel": "bookmark", "href": "http://10.132.44.209/volume/volumes/f7f5a194-597c-4ca6-85ec-fe057b34242c"}], "user_id": "0495918e1ed64bbb937615df1f938f30", "bootable": "false", "encrypted": false, "replication_status": null, "consistencygroup_id": null, "m
    ultiattach": false, "attachments": [], "os-vol-tenant-attr:tenant_id": "f92c30465503415cbc00028e1055323b"}}'
2026-03-26 11:04:36,711 129489 INFO     [tempest.lib.common.rest_client] Request (VolumesDeleteCascade:test_volume_from_snapshot_cascade_delete): 200 GET http://10.132.44.209/volume/v3/volumes/f7f5a194-597c-4ca6-85ec-fe057b34242c 0.041s
2026-03-26 11:04:36,712 129489 DEBUG    [tempest.lib.common.rest_client] Request - Headers: {'Content-Type': 'application/json', 'Accept': 'application/json', 'X-Auth-Token': '<omitted>'}
        Body: None
    Response - Headers: {'date': 'Thu, 26 Mar 2026 11:04:36 GMT', 'server': 'Apache/2.4.58 (Ubuntu)', 'content-type': 'application/json', 'x-compute-request-id': 'req-1dcb3780-4bf6-4918-9064-9e41c6ce07f4', 'content-length': '846', 'openstack-api-version': 'volume 3.0', 'vary': 'OpenStack-API-Version', 'x-openstack-request-id': 'req-1dcb3780-4bf6-4918-9064-9e41c6ce07f4', 'connection': 'close', 'status': '200', 'content-location': 'http://10.132.44.209/volume/v3/volumes/f7f5a194-597c-4ca6-85ec-fe057b34242c'}
        Body: b'{"volume": {"id": "f7f5a194-597c-4ca6-85ec-fe057b34242c", "status": "deleting", "size": 1, "availability_zone": "nova", "created_at": "2026-03-26T11:03:47.000000", "updated_at": "2026-03-26T11:03:50.000000", "name": "tempest-VolumesDeleteCascade-Volume-308554469", "description": null, "volume_type": "arcusfc1", "snapshot_id": null, "source_volid": null, "metadata": {}, "links": [{"rel": "self", "href": "http://10.132.44.209/volume/v3/volumes/f7f5a194-597c-4ca6-85ec-fe057b34242c"}, {"rel": "bookmark", "href": "http://10.132.44.209/volume/volumes/f7f5a194-597c-4ca6-85ec-fe057b34242c"}], "user_id": "0495918e1ed64bbb937615df1f938f30", "bootable": "false", "encrypted": false, "replication_status": null, "consistencygroup_id": null, "multiattach": false, "attachments": [], "os-vol-tenant-attr:tenant_id": "f92c30465503415cbc00028e1055323b"}}'
2026-03-26 11:04:37,777 129489 INFO     [tempest.lib.common.rest_client] Request (VolumesDeleteCascade:test_volume_from_snapshot_cascade_delete): 200 GET http://10.132.44.209/volume/v3/volumes/f7f5a194-597c-4ca6-85ec-fe057b34242c 0.051s
2026-03-26 11:04:37,778 129489 DEBUG    [tempest.lib.common.rest_client] Request - Headers: {'Content-Type': 'application/json', 'Accept': 'application/json', 'X-Auth-Token': '<omitted>'}
        Body: None
    Response - Headers: {'date': 'Thu, 26 Mar 2026 11:04:37 GMT', 'server': 'Apache/2.4.58 (Ubuntu)', 'content-type': 'application/json', 'x-compute-request-id': 'req-3228f6a0-1c8c-4909-90e4-cf8c41952396', 'content-length': '846', 'openstack-api-version': 'volume 3.0', 'vary': 'OpenStack-API-Version', 'x-openstack-request-id': 'req-3228f6a0-1c8c-4909-90e4-cf8c41952396', 'connection': 'close', 'status': '200', 'content-location': 'http://10.132.44.209/volume/v3/volumes/f7f5a194-597c-4ca6-85ec-fe057b34242c'}
        Body: b'{"volume": {"id": "f7f5a194-597c-4ca6-85ec-fe057b34242c", "status": "deleting", "size": 1, "availability_zone": "nova", "created_at": "2026-03-26T11:03:47.000000", "updated_at": "2026-03-26T11:03:50.000000", "name": "tempest-VolumesDeleteCascade-Volume-308554469", "description": null, "volume_type": "arcusfc1", "snapshot_id": null, "source_volid": null, "metadata": {}, "links": [{"rel": "self", "href": "http://10.132.44.209/volume/v3/volumes/f7f5a194-597c-4ca6-85ec-fe057b34242c"}, {"rel": "bookmark", "href": "http://10.132.44.209/volume/volumes/f7f5a194-597c-4ca6-85ec-fe057b34242c"}], "user_id": "0495918e1ed64bbb937615df1f938f30", "bootable": "false", "encrypted": false, "replication_status": null, "consistencygroup_id": null, "multiattach": false, "attachments": [], "os-vol-tenant-attr:tenant_id": "f92c30465503415cbc00028e1055323b"}}'
2026-03-26 11:04:38,832 129489 INFO     [tempest.lib.common.rest_client] Request (VolumesDeleteCascade:test_volume_from_snapshot_cascade_delete): 200 GET http://10.132.44.209/volume/v3/volumes/f7f5a194-597c-4ca6-85ec-fe057b34242c 0.039s
2026-03-26 11:04:38,833 129489 DEBUG    [tempest.lib.common.rest_client] Request - Headers: {'Content-Type': '
    application/json', 'Accept': 'application/json', 'X-Auth-Token': '<omitted>'}
        Body: None
    Response - Headers: {'date': 'Thu, 26 Mar 2026 11:04:38 GMT', 'server': 'Apache/2.4.58 (Ubuntu)', 'content-type': 'application/json', 'x-compute-request-id': 'req-6446fc49-94e5-45b3-affd-43df2655150c', 'content-length': '846', 'openstack-api-version': 'volume 3.0', 'vary': 'OpenStack-API-Version', 'x-openstack-request-id': 'req-6446fc49-94e5-45b3-affd-43df2655150c', 'connection': 'close', 'status': '200', 'content-location': 'http://10.132.44.209/volume/v3/volumes/f7f5a194-597c-4ca6-85ec-fe057b34242c'}
        Body: b'{"volume": {"id": "f7f5a194-597c-4ca6-85ec-fe057b34242c", "status": "deleting", "size": 1, "availability_zone": "nova", "created_at": "2026-03-26T11:03:47.000000", "updated_at": "2026-03-26T11:03:50.000000", "name": "tempest-VolumesDeleteCascade-Volume-308554469", "description": null, "volume_type": "arcusfc1", "snapshot_id": null, "source_volid": null, "metadata": {}, "links": [{"rel": "self", "href": "http://10.132.44.209/volume/v3/volumes/f7f5a194-597c-4ca6-85ec-fe057b34242c"}, {"rel": "bookmark", "href": "http://10.132.44.209/volume/volumes/f7f5a194-597c-4ca6-85ec-fe057b34242c"}], "user_id": "0495918e1ed64bbb937615df1f938f30", "bootable": "false", "encrypted": false, "replication_status": null, "consistencygroup_id": null, "multiattach": false, "attachments": [], "os-vol-tenant-attr:tenant_id": "f92c30465503415cbc00028e1055323b"}}'
2026-03-26 11:04:39,889 129489 INFO     [tempest.lib.common.rest_client] Request (VolumesDeleteCascade:test_volume_from_snapshot_cascade_delete): 200 GET http://10.132.44.209/volume/v3/volumes/f7f5a194-597c-4ca6-85ec-fe057b34242c 0.041s
2026-03-26 11:04:39,889 129489 DEBUG    [tempest.lib.common.rest_client] Request - Headers: {'Content-Type': 'application/json', 'Accept': 'application/json', 'X-Auth-Token': '<omitted>'}
        Body: None
    Response - Headers: {'date': 'Thu, 26 Mar 2026 11:04:39 GMT', 'server': 'Apache/2.4.58 (Ubuntu)', 'content-type': 'application/json', 'x-compute-request-id': 'req-aa9dd1cf-b45f-40cc-8819-902e360083b0', 'content-length': '846', 'openstack-api-version': 'volume 3.0', 'vary': 'OpenStack-API-Version', 'x-openstack-request-id': 'req-aa9dd1cf-b45f-40cc-8819-902e360083b0', 'connection': 'close', 'status': '200', 'content-location': 'http://10.132.44.209/volume/v3/volumes/f7f5a194-597c-4ca6-85ec-fe057b34242c'}
        Body: b'{"volume": {"id": "f7f5a194-597c-4ca6-85ec-fe057b34242c", "status": "deleting", "size": 1, "availability_zone": "nova", "created_at": "2026-03-26T11:03:47.000000", "updated_at": "2026-03-26T11:03:50.000000", "name": "tempest-VolumesDeleteCascade-Volume-308554469", "description": null, "volume_type": "arcusfc1", "snapshot_id": null, "source_volid": null, "metadata": {}, "links": [{"rel": "self", "href": "http://10.132.44.209/volume/v3/volumes/f7f5a194-597c-4ca6-85ec-fe057b34242c"}, {"rel": "bookmark", "href": "http://10.132.44.209/volume/volumes/f7f5a194-597c-4ca6-85ec-fe057b34242c"}], "user_id": "0495918e1ed64bbb937615df1f938f30", "bootable": "false", "encrypted": false, "replication_status": null, "consistencygroup_id": null, "multiattach": false, "attachments": [], "os-vol-tenant-attr:tenant_id": "f92c30465503415cbc00028e1055323b"}}'
2026-03-26 11:04:40,947 129489 INFO     [tempest.lib.common.rest_client] Request (VolumesDeleteCascade:test_volume_from_snapshot_cascade_delete): 200 GET http://10.132.44.209/volume/v3/volumes/f7f5a194-597c-4ca6-85ec-fe057b34242c 0.043s
2026-03-26 11:04:40,948 129489 DEBUG    [tempest.lib.common.rest_client] Request - Headers: {'Content-Type': 'application/json', 'Accept': 'application/json', 'X-Auth-Token': '<omitted>'}
        Body: None
    Response - Headers: {'date': 'Thu, 26 Mar 2026 11:04:40 GMT', 'server': 'Apache/2.4.58 (Ubuntu)', 'content-type': 'application/json', 'x-compute-request-id': 'req-4bfdf10f-557e-4f08-a822-0cf3a8a7aa28', 'content-length': '846', 'openstack-api-version': 'volume 3.0', 'vary': 'OpenStack-API-Version', 'x-openstack-request-id': 'req-4bfdf10f-557e-4f08-a822-0
    cf3a8a7aa28', 'connection': 'close', 'status': '200', 'content-location': 'http://10.132.44.209/volume/v3/volumes/f7f5a194-597c-4ca6-85ec-fe057b34242c'}
        Body: b'{"volume": {"id": "f7f5a194-597c-4ca6-85ec-fe057b34242c", "status": "deleting", "size": 1, "availability_zone": "nova", "created_at": "2026-03-26T11:03:47.000000", "updated_at": "2026-03-26T11:03:50.000000", "name": "tempest-VolumesDeleteCascade-Volume-308554469", "description": null, "volume_type": "arcusfc1", "snapshot_id": null, "source_volid": null, "metadata": {}, "links": [{"rel": "self", "href": "http://10.132.44.209/volume/v3/volumes/f7f5a194-597c-4ca6-85ec-fe057b34242c"}, {"rel": "bookmark", "href": "http://10.132.44.209/volume/volumes/f7f5a194-597c-4ca6-85ec-fe057b34242c"}], "user_id": "0495918e1ed64bbb937615df1f938f30", "bootable": "false", "encrypted": false, "replication_status": null, "consistencygroup_id": null, "multiattach": false, "attachments": [], "os-vol-tenant-attr:tenant_id": "f92c30465503415cbc00028e1055323b"}}'
2026-03-26 11:04:42,007 129489 INFO     [tempest.lib.common.rest_client] Request (VolumesDeleteCascade:test_volume_from_snapshot_cascade_delete): 200 GET http://10.132.44.209/volume/v3/volumes/f7f5a194-597c-4ca6-85ec-fe057b34242c 0.043s
2026-03-26 11:04:42,008 129489 DEBUG    [tempest.lib.common.rest_client] Request - Headers: {'Content-Type': 'application/json', 'Accept': 'application/json', 'X-Auth-Token': '<omitted>'}
        Body: None
    Response - Headers: {'date': 'Thu, 26 Mar 2026 11:04:41 GMT', 'server': 'Apache/2.4.58 (Ubuntu)', 'content-type': 'application/json', 'x-compute-request-id': 'req-5e132d12-0480-4329-943e-431c2a72f9cc', 'content-length': '846', 'openstack-api-version': 'volume 3.0', 'vary': 'OpenStack-API-Version', 'x-openstack-request-id': 'req-5e132d12-0480-4329-943e-431c2a72f9cc', 'connection': 'close', 'status': '200', 'content-location': 'http://10.132.44.209/volume/v3/volumes/f7f5a194-597c-4ca6-85ec-fe057b34242c'}
        Body: b'{"volume": {"id": "f7f5a194-597c-4ca6-85ec-fe057b34242c", "status": "deleting", "size": 1, "availability_zone": "nova", "created_at": "2026-03-26T11:03:47.000000", "updated_at": "2026-03-26T11:03:50.000000", "name": "tempest-VolumesDeleteCascade-Volume-308554469", "description": null, "volume_type": "arcusfc1", "snapshot_id": null, "source_volid": null, "metadata": {}, "links": [{"rel": "self", "href": "http://10.132.44.209/volume/v3/volumes/f7f5a194-597c-4ca6-85ec-fe057b34242c"}, {"rel": "bookmark", "href": "http://10.132.44.209/volume/volumes/f7f5a194-597c-4ca6-85ec-fe057b34242c"}], "user_id": "0495918e1ed64bbb937615df1f938f30", "bootable": "false", "encrypted": false, "replication_status": null, "consistencygroup_id": null, "multiattach": false, "attachments": [], "os-vol-tenant-attr:tenant_id": "f92c30465503415cbc00028e1055323b"}}'
2026-03-26 11:04:43,059 129489 INFO     [tempest.lib.common.rest_client] Request (VolumesDeleteCascade:test_volume_from_snapshot_cascade_delete): 200 GET http://10.132.44.209/volume/v3/volumes/f7f5a194-597c-4ca6-85ec-fe057b34242c 0.038s
2026-03-26 11:04:43,060 129489 DEBUG    [tempest.lib.common.rest_client] Request - Headers: {'Content-Type': 'application/json', 'Accept': 'application/json', 'X-Auth-Token': '<omitted>'}
        Body: None
    Response - Headers: {'date': 'Thu, 26 Mar 2026 11:04:43 GMT', 'server': 'Apache/2.4.58 (Ubuntu)', 'content-type': 'application/json', 'x-compute-request-id': 'req-09524c6c-42c5-49a0-8388-aac767b08d57', 'content-length': '846', 'openstack-api-version': 'volume 3.0', 'vary': 'OpenStack-API-Version', 'x-openstack-request-id': 'req-09524c6c-42c5-49a0-8388-aac767b08d57', 'connection': 'close', 'status': '200', 'content-location': 'http://10.132.44.209/volume/v3/volumes/f7f5a194-597c-4ca6-85ec-fe057b34242c'}
        Body: b'{"volume": {"id": "f7f5a194-597c-4ca6-85ec-fe057b34242c", "status": "deleting", "size": 1, "availability_zone": "nova", "created_at": "2026-03-26T11:03:47.000000", "updated_at": "2026-03-26T11:03:50.000000", "name": "tempest-VolumesDeleteCascade-Volume-308554469", "description": null, "
    volume_type": "arcusfc1", "snapshot_id": null, "source_volid": null, "metadata": {}, "links": [{"rel": "self", "href": "http://10.132.44.209/volume/v3/volumes/f7f5a194-597c-4ca6-85ec-fe057b34242c"}, {"rel": "bookmark", "href": "http://10.132.44.209/volume/volumes/f7f5a194-597c-4ca6-85ec-fe057b34242c"}], "user_id": "0495918e1ed64bbb937615df1f938f30", "bootable": "false", "encrypted": false, "replication_status": null, "consistencygroup_id": null, "multiattach": false, "attachments": [], "os-vol-tenant-attr:tenant_id": "f92c30465503415cbc00028e1055323b"}}'
2026-03-26 11:04:44,124 129489 INFO     [tempest.lib.common.rest_client] Request (VolumesDeleteCascade:test_volume_from_snapshot_cascade_delete): 200 GET http://10.132.44.209/volume/v3/volumes/f7f5a194-597c-4ca6-85ec-fe057b34242c 0.050s
2026-03-26 11:04:44,125 129489 DEBUG    [tempest.lib.common.rest_client] Request - Headers: {'Content-Type': 'application/json', 'Accept': 'application/json', 'X-Auth-Token': '<omitted>'}
        Body: None
    Response - Headers: {'date': 'Thu, 26 Mar 2026 11:04:44 GMT', 'server': 'Apache/2.4.58 (Ubuntu)', 'content-type': 'application/json', 'x-compute-request-id': 'req-2f994719-e05a-4369-8f24-cd8b48afc93a', 'content-length': '846', 'openstack-api-version': 'volume 3.0', 'vary': 'OpenStack-API-Version', 'x-openstack-request-id': 'req-2f994719-e05a-4369-8f24-cd8b48afc93a', 'connection': 'close', 'status': '200', 'content-location': 'http://10.132.44.209/volume/v3/volumes/f7f5a194-597c-4ca6-85ec-fe057b34242c'}
        Body: b'{"volume": {"id": "f7f5a194-597c-4ca6-85ec-fe057b34242c", "status": "deleting", "size": 1, "availability_zone": "nova", "created_at": "2026-03-26T11:03:47.000000", "updated_at": "2026-03-26T11:03:50.000000", "name": "tempest-VolumesDeleteCascade-Volume-308554469", "description": null, "volume_type": "arcusfc1", "snapshot_id": null, "source_volid": null, "metadata": {}, "links": [{"rel": "self", "href": "http://10.132.44.209/volume/v3/volumes/f7f5a194-597c-4ca6-85ec-fe057b34242c"}, {"rel": "bookmark", "href": "http://10.132.44.209/volume/volumes/f7f5a194-597c-4ca6-85ec-fe057b34242c"}], "user_id": "0495918e1ed64bbb937615df1f938f30", "bootable": "false", "encrypted": false, "replication_status": null, "consistencygroup_id": null, "multiattach": false, "attachments": [], "os-vol-tenant-attr:tenant_id": "f92c30465503415cbc00028e1055323b"}}'
2026-03-26 11:04:45,166 129489 INFO     [tempest.lib.common.rest_client] Request (VolumesDeleteCascade:test_volume_from_snapshot_cascade_delete): 200 GET http://10.132.44.209/volume/v3/volumes/f7f5a194-597c-4ca6-85ec-fe057b34242c 0.032s
2026-03-26 11:04:45,166 129489 DEBUG    [tempest.lib.common.rest_client] Request - Headers: {'Content-Type': 'application/json', 'Accept': 'application/json', 'X-Auth-Token': '<omitted>'}
        Body: None
    Response - Headers: {'date': 'Thu, 26 Mar 2026 11:04:45 GMT', 'server': 'Apache/2.4.58 (Ubuntu)', 'content-type': 'application/json', 'x-compute-request-id': 'req-96045c7d-d584-4a39-b068-d5f293a6711e', 'content-length': '846', 'openstack-api-version': 'volume 3.0', 'vary': 'OpenStack-API-Version', 'x-openstack-request-id': 'req-96045c7d-d584-4a39-b068-d5f293a6711e', 'connection': 'close', 'status': '200', 'content-location': 'http://10.132.44.209/volume/v3/volumes/f7f5a194-597c-4ca6-85ec-fe057b34242c'}
        Body: b'{"volume": {"id": "f7f5a194-597c-4ca6-85ec-fe057b34242c", "status": "deleting", "size": 1, "availability_zone": "nova", "created_at": "2026-03-26T11:03:47.000000", "updated_at": "2026-03-26T11:03:50.000000", "name": "tempest-VolumesDeleteCascade-Volume-308554469", "description": null, "volume_type": "arcusfc1", "snapshot_id": null, "source_volid": null, "metadata": {}, "links": [{"rel": "self", "href": "http://10.132.44.209/volume/v3/volumes/f7f5a194-597c-4ca6-85ec-fe057b34242c"}, {"rel": "bookmark", "href": "http://10.132.44.209/volume/volumes/f7f5a194-597c-4ca6-85ec-fe057b34242c"}], "user_id": "0495918e1ed64bbb937615df1f938f30", "bootable": "false", "encrypted": false, "replication_status": null, "consistencygroup_id": null, "multi
    attach": false, "attachments": [], "os-vol-tenant-attr:tenant_id": "f92c30465503415cbc00028e1055323b"}}'
2026-03-26 11:04:46,214 129489 INFO     [tempest.lib.common.rest_client] Request (VolumesDeleteCascade:test_volume_from_snapshot_cascade_delete): 200 GET http://10.132.44.209/volume/v3/volumes/f7f5a194-597c-4ca6-85ec-fe057b34242c 0.040s
2026-03-26 11:04:46,215 129489 DEBUG    [tempest.lib.common.rest_client] Request - Headers: {'Content-Type': 'application/json', 'Accept': 'application/json', 'X-Auth-Token': '<omitted>'}
        Body: None
    Response - Headers: {'date': 'Thu, 26 Mar 2026 11:04:46 GMT', 'server': 'Apache/2.4.58 (Ubuntu)', 'content-type': 'application/json', 'x-compute-request-id': 'req-94169187-3f8f-40b4-81a5-67a0474baee0', 'content-length': '846', 'openstack-api-version': 'volume 3.0', 'vary': 'OpenStack-API-Version', 'x-openstack-request-id': 'req-94169187-3f8f-40b4-81a5-67a0474baee0', 'connection': 'close', 'status': '200', 'content-location': 'http://10.132.44.209/volume/v3/volumes/f7f5a194-597c-4ca6-85ec-fe057b34242c'}
        Body: b'{"volume": {"id": "f7f5a194-597c-4ca6-85ec-fe057b34242c", "status": "deleting", "size": 1, "availability_zone": "nova", "created_at": "2026-03-26T11:03:47.000000", "updated_at": "2026-03-26T11:03:50.000000", "name": "tempest-VolumesDeleteCascade-Volume-308554469", "description": null, "volume_type": "arcusfc1", "snapshot_id": null, "source_volid": null, "metadata": {}, "links": [{"rel": "self", "href": "http://10.132.44.209/volume/v3/volumes/f7f5a194-597c-4ca6-85ec-fe057b34242c"}, {"rel": "bookmark", "href": "http://10.132.44.209/volume/volumes/f7f5a194-597c-4ca6-85ec-fe057b34242c"}], "user_id": "0495918e1ed64bbb937615df1f938f30", "bootable": "false", "encrypted": false, "replication_status": null, "consistencygroup_id": null, "multiattach": false, "attachments": [], "os-vol-tenant-attr:tenant_id": "f92c30465503415cbc00028e1055323b"}}'
2026-03-26 11:04:47,266 129489 INFO     [tempest.lib.common.rest_client] Request (VolumesDeleteCascade:test_volume_from_snapshot_cascade_delete): 200 GET http://10.132.44.209/volume/v3/volumes/f7f5a194-597c-4ca6-85ec-fe057b34242c 0.037s
2026-03-26 11:04:47,266 129489 DEBUG    [tempest.lib.common.rest_client] Request - Headers: {'Content-Type': 'application/json', 'Accept': 'application/json', 'X-Auth-Token': '<omitted>'}
        Body: None
    Response - Headers: {'date': 'Thu, 26 Mar 2026 11:04:47 GMT', 'server': 'Apache/2.4.58 (Ubuntu)', 'content-type': 'application/json', 'x-compute-request-id': 'req-3b01d147-0bad-4dc0-ae59-e4c3aeb9de7a', 'content-length': '846', 'openstack-api-version': 'volume 3.0', 'vary': 'OpenStack-API-Version', 'x-openstack-request-id': 'req-3b01d147-0bad-4dc0-ae59-e4c3aeb9de7a', 'connection': 'close', 'status': '200', 'content-location': 'http://10.132.44.209/volume/v3/volumes/f7f5a194-597c-4ca6-85ec-fe057b34242c'}
        Body: b'{"volume": {"id": "f7f5a194-597c-4ca6-85ec-fe057b34242c", "status": "deleting", "size": 1, "availability_zone": "nova", "created_at": "2026-03-26T11:03:47.000000", "updated_at": "2026-03-26T11:03:50.000000", "name": "tempest-VolumesDeleteCascade-Volume-308554469", "description": null, "volume_type": "arcusfc1", "snapshot_id": null, "source_volid": null, "metadata": {}, "links": [{"rel": "self", "href": "http://10.132.44.209/volume/v3/volumes/f7f5a194-597c-4ca6-85ec-fe057b34242c"}, {"rel": "bookmark", "href": "http://10.132.44.209/volume/volumes/f7f5a194-597c-4ca6-85ec-fe057b34242c"}], "user_id": "0495918e1ed64bbb937615df1f938f30", "bootable": "false", "encrypted": false, "replication_status": null, "consistencygroup_id": null, "multiattach": false, "attachments": [], "os-vol-tenant-attr:tenant_id": "f92c30465503415cbc00028e1055323b"}}'
2026-03-26 11:04:48,314 129489 INFO     [tempest.lib.common.rest_client] Request (VolumesDeleteCascade:test_volume_from_snapshot_cascade_delete): 200 GET http://10.132.44.209/volume/v3/volumes/f7f5a194-597c-4ca6-85ec-fe057b34242c 0.039s
2026-03-26 11:04:48,314 129489 DEBUG    [tempest.lib.common.rest_client] Request - Headers: {'Content-Type': 'appl
    ication/json', 'Accept': 'application/json', 'X-Auth-Token': '<omitted>'}
        Body: None
    Response - Headers: {'date': 'Thu, 26 Mar 2026 11:04:48 GMT', 'server': 'Apache/2.4.58 (Ubuntu)', 'content-type': 'application/json', 'x-compute-request-id': 'req-157e3b80-f2c2-4653-818d-b7697e823501', 'content-length': '846', 'openstack-api-version': 'volume 3.0', 'vary': 'OpenStack-API-Version', 'x-openstack-request-id': 'req-157e3b80-f2c2-4653-818d-b7697e823501', 'connection': 'close', 'status': '200', 'content-location': 'http://10.132.44.209/volume/v3/volumes/f7f5a194-597c-4ca6-85ec-fe057b34242c'}
        Body: b'{"volume": {"id": "f7f5a194-597c-4ca6-85ec-fe057b34242c", "status": "deleting", "size": 1, "availability_zone": "nova", "created_at": "2026-03-26T11:03:47.000000", "updated_at": "2026-03-26T11:03:50.000000", "name": "tempest-VolumesDeleteCascade-Volume-308554469", "description": null, "volume_type": "arcusfc1", "snapshot_id": null, "source_volid": null, "metadata": {}, "links": [{"rel": "self", "href": "http://10.132.44.209/volume/v3/volumes/f7f5a194-597c-4ca6-85ec-fe057b34242c"}, {"rel": "bookmark", "href": "http://10.132.44.209/volume/volumes/f7f5a194-597c-4ca6-85ec-fe057b34242c"}], "user_id": "0495918e1ed64bbb937615df1f938f30", "bootable": "false", "encrypted": false, "replication_status": null, "consistencygroup_id": null, "multiattach": false, "attachments": [], "os-vol-tenant-attr:tenant_id": "f92c30465503415cbc00028e1055323b"}}'
2026-03-26 11:04:49,367 129489 INFO     [tempest.lib.common.rest_client] Request (VolumesDeleteCascade:test_volume_from_snapshot_cascade_delete): 200 GET http://10.132.44.209/volume/v3/volumes/f7f5a194-597c-4ca6-85ec-fe057b34242c 0.037s
2026-03-26 11:04:49,367 129489 DEBUG    [tempest.lib.common.rest_client] Request - Headers: {'Content-Type': 'application/json', 'Accept': 'application/json', 'X-Auth-Token': '<omitted>'}
        Body: None
    Response - Headers: {'date': 'Thu, 26 Mar 2026 11:04:49 GMT', 'server': 'Apache/2.4.58 (Ubuntu)', 'content-type': 'application/json', 'x-compute-request-id': 'req-f2ab6f1f-ea7e-4730-83da-5b8e1e027538', 'content-length': '846', 'openstack-api-version': 'volume 3.0', 'vary': 'OpenStack-API-Version', 'x-openstack-request-id': 'req-f2ab6f1f-ea7e-4730-83da-5b8e1e027538', 'connection': 'close', 'status': '200', 'content-location': 'http://10.132.44.209/volume/v3/volumes/f7f5a194-597c-4ca6-85ec-fe057b34242c'}
        Body: b'{"volume": {"id": "f7f5a194-597c-4ca6-85ec-fe057b34242c", "status": "deleting", "size": 1, "availability_zone": "nova", "created_at": "2026-03-26T11:03:47.000000", "updated_at": "2026-03-26T11:03:50.000000", "name": "tempest-VolumesDeleteCascade-Volume-308554469", "description": null, "volume_type": "arcusfc1", "snapshot_id": null, "source_volid": null, "metadata": {}, "links": [{"rel": "self", "href": "http://10.132.44.209/volume/v3/volumes/f7f5a194-597c-4ca6-85ec-fe057b34242c"}, {"rel": "bookmark", "href": "http://10.132.44.209/volume/volumes/f7f5a194-597c-4ca6-85ec-fe057b34242c"}], "user_id": "0495918e1ed64bbb937615df1f938f30", "bootable": "false", "encrypted": false, "replication_status": null, "consistencygroup_id": null, "multiattach": false, "attachments": [], "os-vol-tenant-attr:tenant_id": "f92c30465503415cbc00028e1055323b"}}'
2026-03-26 11:04:50,418 129489 INFO     [tempest.lib.common.rest_client] Request (VolumesDeleteCascade:test_volume_from_snapshot_cascade_delete): 200 GET http://10.132.44.209/volume/v3/volumes/f7f5a194-597c-4ca6-85ec-fe057b34242c 0.041s
2026-03-26 11:04:50,418 129489 DEBUG    [tempest.lib.common.rest_client] Request - Headers: {'Content-Type': 'application/json', 'Accept': 'application/json', 'X-Auth-Token': '<omitted>'}
        Body: None
    Response - Headers: {'date': 'Thu, 26 Mar 2026 11:04:50 GMT', 'server': 'Apache/2.4.58 (Ubuntu)', 'content-type': 'application/json', 'x-compute-request-id': 'req-0b6f371f-ebd8-4b2b-8f4f-8470d477bd26', 'content-length': '846', 'openstack-api-version': 'volume 3.0', 'vary': 'OpenStack-API-Version', 'x-openstack-request-id': 'req-0b6f371f-ebd8-4b2b-8f4f-8470d
    477bd26', 'connection': 'close', 'status': '200', 'content-location': 'http://10.132.44.209/volume/v3/volumes/f7f5a194-597c-4ca6-85ec-fe057b34242c'}
        Body: b'{"volume": {"id": "f7f5a194-597c-4ca6-85ec-fe057b34242c", "status": "deleting", "size": 1, "availability_zone": "nova", "created_at": "2026-03-26T11:03:47.000000", "updated_at": "2026-03-26T11:03:50.000000", "name": "tempest-VolumesDeleteCascade-Volume-308554469", "description": null, "volume_type": "arcusfc1", "snapshot_id": null, "source_volid": null, "metadata": {}, "links": [{"rel": "self", "href": "http://10.132.44.209/volume/v3/volumes/f7f5a194-597c-4ca6-85ec-fe057b34242c"}, {"rel": "bookmark", "href": "http://10.132.44.209/volume/volumes/f7f5a194-597c-4ca6-85ec-fe057b34242c"}], "user_id": "0495918e1ed64bbb937615df1f938f30", "bootable": "false", "encrypted": false, "replication_status": null, "consistencygroup_id": null, "multiattach": false, "attachments": [], "os-vol-tenant-attr:tenant_id": "f92c30465503415cbc00028e1055323b"}}'
2026-03-26 11:04:51,474 129489 INFO     [tempest.lib.common.rest_client] Request (VolumesDeleteCascade:test_volume_from_snapshot_cascade_delete): 200 GET http://10.132.44.209/volume/v3/volumes/f7f5a194-597c-4ca6-85ec-fe057b34242c 0.039s
2026-03-26 11:04:51,474 129489 DEBUG    [tempest.lib.common.rest_client] Request - Headers: {'Content-Type': 'application/json', 'Accept': 'application/json', 'X-Auth-Token': '<omitted>'}
        Body: None
    Response - Headers: {'date': 'Thu, 26 Mar 2026 11:04:51 GMT', 'server': 'Apache/2.4.58 (Ubuntu)', 'content-type': 'application/json', 'x-compute-request-id': 'req-7eed7074-f253-4b50-bce4-1a04518da6cf', 'content-length': '846', 'openstack-api-version': 'volume 3.0', 'vary': 'OpenStack-API-Version', 'x-openstack-request-id': 'req-7eed7074-f253-4b50-bce4-1a04518da6cf', 'connection': 'close', 'status': '200', 'content-location': 'http://10.132.44.209/volume/v3/volumes/f7f5a194-597c-4ca6-85ec-fe057b34242c'}
        Body: b'{"volume": {"id": "f7f5a194-597c-4ca6-85ec-fe057b34242c", "status": "deleting", "size": 1, "availability_zone": "nova", "created_at": "2026-03-26T11:03:47.000000", "updated_at": "2026-03-26T11:03:50.000000", "name": "tempest-VolumesDeleteCascade-Volume-308554469", "description": null, "volume_type": "arcusfc1", "snapshot_id": null, "source_volid": null, "metadata": {}, "links": [{"rel": "self", "href": "http://10.132.44.209/volume/v3/volumes/f7f5a194-597c-4ca6-85ec-fe057b34242c"}, {"rel": "bookmark", "href": "http://10.132.44.209/volume/volumes/f7f5a194-597c-4ca6-85ec-fe057b34242c"}], "user_id": "0495918e1ed64bbb937615df1f938f30", "bootable": "false", "encrypted": false, "replication_status": null, "consistencygroup_id": null, "multiattach": false, "attachments": [], "os-vol-tenant-attr:tenant_id": "f92c30465503415cbc00028e1055323b"}}'
2026-03-26 11:04:52,525 129489 INFO     [tempest.lib.common.rest_client] Request (VolumesDeleteCascade:test_volume_from_snapshot_cascade_delete): 200 GET http://10.132.44.209/volume/v3/volumes/f7f5a194-597c-4ca6-85ec-fe057b34242c 0.039s
2026-03-26 11:04:52,526 129489 DEBUG    [tempest.lib.common.rest_client] Request - Headers: {'Content-Type': 'application/json', 'Accept': 'application/json', 'X-Auth-Token': '<omitted>'}
        Body: None
    Response - Headers: {'date': 'Thu, 26 Mar 2026 11:04:52 GMT', 'server': 'Apache/2.4.58 (Ubuntu)', 'content-type': 'application/json', 'x-compute-request-id': 'req-a58f7309-32a9-46a1-a1e9-d85e21ca2015', 'content-length': '846', 'openstack-api-version': 'volume 3.0', 'vary': 'OpenStack-API-Version', 'x-openstack-request-id': 'req-a58f7309-32a9-46a1-a1e9-d85e21ca2015', 'connection': 'close', 'status': '200', 'content-location': 'http://10.132.44.209/volume/v3/volumes/f7f5a194-597c-4ca6-85ec-fe057b34242c'}
        Body: b'{"volume": {"id": "f7f5a194-597c-4ca6-85ec-fe057b34242c", "status": "deleting", "size": 1, "availability_zone": "nova", "created_at": "2026-03-26T11:03:47.000000", "updated_at": "2026-03-26T11:03:50.000000", "name": "tempest-VolumesDeleteCascade-Volume-308554469", "description": null, "volu
    me_type": "arcusfc1", "snapshot_id": null, "source_volid": null, "metadata": {}, "links": [{"rel": "self", "href": "http://10.132.44.209/volume/v3/volumes/f7f5a194-597c-4ca6-85ec-fe057b34242c"}, {"rel": "bookmark", "href": "http://10.132.44.209/volume/volumes/f7f5a194-597c-4ca6-85ec-fe057b34242c"}], "user_id": "0495918e1ed64bbb937615df1f938f30", "bootable": "false", "encrypted": false, "replication_status": null, "consistencygroup_id": null, "multiattach": false, "attachments": [], "os-vol-tenant-attr:tenant_id": "f92c30465503415cbc00028e1055323b"}}'
2026-03-26 11:04:53,584 129489 INFO     [tempest.lib.common.rest_client] Request (VolumesDeleteCascade:test_volume_from_snapshot_cascade_delete): 200 GET http://10.132.44.209/volume/v3/volumes/f7f5a194-597c-4ca6-85ec-fe057b34242c 0.042s
2026-03-26 11:04:53,585 129489 DEBUG    [tempest.lib.common.rest_client] Request - Headers: {'Content-Type': 'application/json', 'Accept': 'application/json', 'X-Auth-Token': '<omitted>'}
        Body: None
    Response - Headers: {'date': 'Thu, 26 Mar 2026 11:04:53 GMT', 'server': 'Apache/2.4.58 (Ubuntu)', 'content-type': 'application/json', 'x-compute-request-id': 'req-d59045d8-ce37-475f-bcc1-cb56176746bc', 'content-length': '846', 'openstack-api-version': 'volume 3.0', 'vary': 'OpenStack-API-Version', 'x-openstack-request-id': 'req-d59045d8-ce37-475f-bcc1-cb56176746bc', 'connection': 'close', 'status': '200', 'content-location': 'http://10.132.44.209/volume/v3/volumes/f7f5a194-597c-4ca6-85ec-fe057b34242c'}
        Body: b'{"volume": {"id": "f7f5a194-597c-4ca6-85ec-fe057b34242c", "status": "deleting", "size": 1, "availability_zone": "nova", "created_at": "2026-03-26T11:03:47.000000", "updated_at": "2026-03-26T11:03:50.000000", "name": "tempest-VolumesDeleteCascade-Volume-308554469", "description": null, "volume_type": "arcusfc1", "snapshot_id": null, "source_volid": null, "metadata": {}, "links": [{"rel": "self", "href": "http://10.132.44.209/volume/v3/volumes/f7f5a194-597c-4ca6-85ec-fe057b34242c"}, {"rel": "bookmark", "href": "http://10.132.44.209/volume/volumes/f7f5a194-597c-4ca6-85ec-fe057b34242c"}], "user_id": "0495918e1ed64bbb937615df1f938f30", "bootable": "false", "encrypted": false, "replication_status": null, "consistencygroup_id": null, "multiattach": false, "attachments": [], "os-vol-tenant-attr:tenant_id": "f92c30465503415cbc00028e1055323b"}}'
2026-03-26 11:04:54,637 129489 INFO     [tempest.lib.common.rest_client] Request (VolumesDeleteCascade:test_volume_from_snapshot_cascade_delete): 200 GET http://10.132.44.209/volume/v3/volumes/f7f5a194-597c-4ca6-85ec-fe057b34242c 0.040s
2026-03-26 11:04:54,638 129489 DEBUG    [tempest.lib.common.rest_client] Request - Headers: {'Content-Type': 'application/json', 'Accept': 'application/json', 'X-Auth-Token': '<omitted>'}
        Body: None
    Response - Headers: {'date': 'Thu, 26 Mar 2026 11:04:54 GMT', 'server': 'Apache/2.4.58 (Ubuntu)', 'content-type': 'application/json', 'x-compute-request-id': 'req-4169a3a9-dc10-4730-b3db-887d6f9532c9', 'content-length': '846', 'openstack-api-version': 'volume 3.0', 'vary': 'OpenStack-API-Version', 'x-openstack-request-id': 'req-4169a3a9-dc10-4730-b3db-887d6f9532c9', 'connection': 'close', 'status': '200', 'content-location': 'http://10.132.44.209/volume/v3/volumes/f7f5a194-597c-4ca6-85ec-fe057b34242c'}
        Body: b'{"volume": {"id": "f7f5a194-597c-4ca6-85ec-fe057b34242c", "status": "deleting", "size": 1, "availability_zone": "nova", "created_at": "2026-03-26T11:03:47.000000", "updated_at": "2026-03-26T11:03:50.000000", "name": "tempest-VolumesDeleteCascade-Volume-308554469", "description": null, "volume_type": "arcusfc1", "snapshot_id": null, "source_volid": null, "metadata": {}, "links": [{"rel": "self", "href": "http://10.132.44.209/volume/v3/volumes/f7f5a194-597c-4ca6-85ec-fe057b34242c"}, {"rel": "bookmark", "href": "http://10.132.44.209/volume/volumes/f7f5a194-597c-4ca6-85ec-fe057b34242c"}], "user_id": "0495918e1ed64bbb937615df1f938f30", "bootable": "false", "encrypted": false, "replication_status": null, "consistencygroup_id": null, "multiatta
    ch": false, "attachments": [], "os-vol-tenant-attr:tenant_id": "f92c30465503415cbc00028e1055323b"}}'
2026-03-26 11:04:55,692 129489 INFO     [tempest.lib.common.rest_client] Request (VolumesDeleteCascade:test_volume_from_snapshot_cascade_delete): 200 GET http://10.132.44.209/volume/v3/volumes/f7f5a194-597c-4ca6-85ec-fe057b34242c 0.039s
2026-03-26 11:04:55,693 129489 DEBUG    [tempest.lib.common.rest_client] Request - Headers: {'Content-Type': 'application/json', 'Accept': 'application/json', 'X-Auth-Token': '<omitted>'}
        Body: None
    Response - Headers: {'date': 'Thu, 26 Mar 2026 11:04:55 GMT', 'server': 'Apache/2.4.58 (Ubuntu)', 'content-type': 'application/json', 'x-compute-request-id': 'req-4ba27ada-f3ab-44f7-92c8-e67bbbee4be5', 'content-length': '846', 'openstack-api-version': 'volume 3.0', 'vary': 'OpenStack-API-Version', 'x-openstack-request-id': 'req-4ba27ada-f3ab-44f7-92c8-e67bbbee4be5', 'connection': 'close', 'status': '200', 'content-location': 'http://10.132.44.209/volume/v3/volumes/f7f5a194-597c-4ca6-85ec-fe057b34242c'}
        Body: b'{"volume": {"id": "f7f5a194-597c-4ca6-85ec-fe057b34242c", "status": "deleting", "size": 1, "availability_zone": "nova", "created_at": "2026-03-26T11:03:47.000000", "updated_at": "2026-03-26T11:03:50.000000", "name": "tempest-VolumesDeleteCascade-Volume-308554469", "description": null, "volume_type": "arcusfc1", "snapshot_id": null, "source_volid": null, "metadata": {}, "links": [{"rel": "self", "href": "http://10.132.44.209/volume/v3/volumes/f7f5a194-597c-4ca6-85ec-fe057b34242c"}, {"rel": "bookmark", "href": "http://10.132.44.209/volume/volumes/f7f5a194-597c-4ca6-85ec-fe057b34242c"}], "user_id": "0495918e1ed64bbb937615df1f938f30", "bootable": "false", "encrypted": false, "replication_status": null, "consistencygroup_id": null, "multiattach": false, "attachments": [], "os-vol-tenant-attr:tenant_id": "f92c30465503415cbc00028e1055323b"}}'
2026-03-26 11:04:56,747 129489 INFO     [tempest.lib.common.rest_client] Request (VolumesDeleteCascade:test_volume_from_snapshot_cascade_delete): 200 GET http://10.132.44.209/volume/v3/volumes/f7f5a194-597c-4ca6-85ec-fe057b34242c 0.039s
2026-03-26 11:04:56,747 129489 DEBUG    [tempest.lib.common.rest_client] Request - Headers: {'Content-Type': 'application/json', 'Accept': 'application/json', 'X-Auth-Token': '<omitted>'}
        Body: None
    Response - Headers: {'date': 'Thu, 26 Mar 2026 11:04:56 GMT', 'server': 'Apache/2.4.58 (Ubuntu)', 'content-type': 'application/json', 'x-compute-request-id': 'req-d4416624-d860-42f9-bdf5-7243435bf363', 'content-length': '846', 'openstack-api-version': 'volume 3.0', 'vary': 'OpenStack-API-Version', 'x-openstack-request-id': 'req-d4416624-d860-42f9-bdf5-7243435bf363', 'connection': 'close', 'status': '200', 'content-location': 'http://10.132.44.209/volume/v3/volumes/f7f5a194-597c-4ca6-85ec-fe057b34242c'}
        Body: b'{"volume": {"id": "f7f5a194-597c-4ca6-85ec-fe057b34242c", "status": "deleting", "size": 1, "availability_zone": "nova", "created_at": "2026-03-26T11:03:47.000000", "updated_at": "2026-03-26T11:03:50.000000", "name": "tempest-VolumesDeleteCascade-Volume-308554469", "description": null, "volume_type": "arcusfc1", "snapshot_id": null, "source_volid": null, "metadata": {}, "links": [{"rel": "self", "href": "http://10.132.44.209/volume/v3/volumes/f7f5a194-597c-4ca6-85ec-fe057b34242c"}, {"rel": "bookmark", "href": "http://10.132.44.209/volume/volumes/f7f5a194-597c-4ca6-85ec-fe057b34242c"}], "user_id": "0495918e1ed64bbb937615df1f938f30", "bootable": "false", "encrypted": false, "replication_status": null, "consistencygroup_id": null, "multiattach": false, "attachments": [], "os-vol-tenant-attr:tenant_id": "f92c30465503415cbc00028e1055323b"}}'
2026-03-26 11:04:57,793 129489 INFO     [tempest.lib.common.rest_client] Request (VolumesDeleteCascade:test_volume_from_snapshot_cascade_delete): 200 GET http://10.132.44.209/volume/v3/volumes/f7f5a194-597c-4ca6-85ec-fe057b34242c 0.039s
2026-03-26 11:04:57,794 129489 DEBUG    [tempest.lib.common.rest_client] Request - Headers: {'Content-Type': 'applicat
    ion/json', 'Accept': 'application/json', 'X-Auth-Token': '<omitted>'}
        Body: None
    Response - Headers: {'date': 'Thu, 26 Mar 2026 11:04:57 GMT', 'server': 'Apache/2.4.58 (Ubuntu)', 'content-type': 'application/json', 'x-compute-request-id': 'req-1e1bce5d-eab0-4726-a011-2af4c49c0931', 'content-length': '846', 'openstack-api-version': 'volume 3.0', 'vary': 'OpenStack-API-Version', 'x-openstack-request-id': 'req-1e1bce5d-eab0-4726-a011-2af4c49c0931', 'connection': 'close', 'status': '200', 'content-location': 'http://10.132.44.209/volume/v3/volumes/f7f5a194-597c-4ca6-85ec-fe057b34242c'}
        Body: b'{"volume": {"id": "f7f5a194-597c-4ca6-85ec-fe057b34242c", "status": "deleting", "size": 1, "availability_zone": "nova", "created_at": "2026-03-26T11:03:47.000000", "updated_at": "2026-03-26T11:03:50.000000", "name": "tempest-VolumesDeleteCascade-Volume-308554469", "description": null, "volume_type": "arcusfc1", "snapshot_id": null, "source_volid": null, "metadata": {}, "links": [{"rel": "self", "href": "http://10.132.44.209/volume/v3/volumes/f7f5a194-597c-4ca6-85ec-fe057b34242c"}, {"rel": "bookmark", "href": "http://10.132.44.209/volume/volumes/f7f5a194-597c-4ca6-85ec-fe057b34242c"}], "user_id": "0495918e1ed64bbb937615df1f938f30", "bootable": "false", "encrypted": false, "replication_status": null, "consistencygroup_id": null, "multiattach": false, "attachments": [], "os-vol-tenant-attr:tenant_id": "f92c30465503415cbc00028e1055323b"}}'
2026-03-26 11:04:58,847 129489 INFO     [tempest.lib.common.rest_client] Request (VolumesDeleteCascade:test_volume_from_snapshot_cascade_delete): 200 GET http://10.132.44.209/volume/v3/volumes/f7f5a194-597c-4ca6-85ec-fe057b34242c 0.040s
2026-03-26 11:04:58,848 129489 DEBUG    [tempest.lib.common.rest_client] Request - Headers: {'Content-Type': 'application/json', 'Accept': 'application/json', 'X-Auth-Token': '<omitted>'}
        Body: None
    Response - Headers: {'date': 'Thu, 26 Mar 2026 11:04:58 GMT', 'server': 'Apache/2.4.58 (Ubuntu)', 'content-type': 'application/json', 'x-compute-request-id': 'req-a5744d96-59ef-4d1b-b5f3-b922f95473e7', 'content-length': '846', 'openstack-api-version': 'volume 3.0', 'vary': 'OpenStack-API-Version', 'x-openstack-request-id': 'req-a5744d96-59ef-4d1b-b5f3-b922f95473e7', 'connection': 'close', 'status': '200', 'content-location': 'http://10.132.44.209/volume/v3/volumes/f7f5a194-597c-4ca6-85ec-fe057b34242c'}
        Body: b'{"volume": {"id": "f7f5a194-597c-4ca6-85ec-fe057b34242c", "status": "deleting", "size": 1, "availability_zone": "nova", "created_at": "2026-03-26T11:03:47.000000", "updated_at": "2026-03-26T11:03:50.000000", "name": "tempest-VolumesDeleteCascade-Volume-308554469", "description": null, "volume_type": "arcusfc1", "snapshot_id": null, "source_volid": null, "metadata": {}, "links": [{"rel": "self", "href": "http://10.132.44.209/volume/v3/volumes/f7f5a194-597c-4ca6-85ec-fe057b34242c"}, {"rel": "bookmark", "href": "http://10.132.44.209/volume/volumes/f7f5a194-597c-4ca6-85ec-fe057b34242c"}], "user_id": "0495918e1ed64bbb937615df1f938f30", "bootable": "false", "encrypted": false, "replication_status": null, "consistencygroup_id": null, "multiattach": false, "attachments": [], "os-vol-tenant-attr:tenant_id": "f92c30465503415cbc00028e1055323b"}}'
2026-03-26 11:04:59,904 129489 INFO     [tempest.lib.common.rest_client] Request (VolumesDeleteCascade:test_volume_from_snapshot_cascade_delete): 200 GET http://10.132.44.209/volume/v3/volumes/f7f5a194-597c-4ca6-85ec-fe057b34242c 0.046s
2026-03-26 11:04:59,905 129489 DEBUG    [tempest.lib.common.rest_client] Request - Headers: {'Content-Type': 'application/json', 'Accept': 'application/json', 'X-Auth-Token': '<omitted>'}
        Body: None
    Response - Headers: {'date': 'Thu, 26 Mar 2026 11:04:59 GMT', 'server': 'Apache/2.4.58 (Ubuntu)', 'content-type': 'application/json', 'x-compute-request-id': 'req-119bc661-7982-46a7-b96f-5bb22976d2f1', 'content-length': '846', 'openstack-api-version': 'volume 3.0', 'vary': 'OpenStack-API-Version', 'x-openstack-request-id': 'req-119bc661-7982-46a7-b96f-5bb22976d
    2f1', 'connection': 'close', 'status': '200', 'content-location': 'http://10.132.44.209/volume/v3/volumes/f7f5a194-597c-4ca6-85ec-fe057b34242c'}
        Body: b'{"volume": {"id": "f7f5a194-597c-4ca6-85ec-fe057b34242c", "status": "deleting", "size": 1, "availability_zone": "nova", "created_at": "2026-03-26T11:03:47.000000", "updated_at": "2026-03-26T11:03:50.000000", "name": "tempest-VolumesDeleteCascade-Volume-308554469", "description": null, "volume_type": "arcusfc1", "snapshot_id": null, "source_volid": null, "metadata": {}, "links": [{"rel": "self", "href": "http://10.132.44.209/volume/v3/volumes/f7f5a194-597c-4ca6-85ec-fe057b34242c"}, {"rel": "bookmark", "href": "http://10.132.44.209/volume/volumes/f7f5a194-597c-4ca6-85ec-fe057b34242c"}], "user_id": "0495918e1ed64bbb937615df1f938f30", "bootable": "false", "encrypted": false, "replication_status": null, "consistencygroup_id": null, "multiattach": false, "attachments": [], "os-vol-tenant-attr:tenant_id": "f92c30465503415cbc00028e1055323b"}}'
2026-03-26 11:05:00,961 129489 INFO     [tempest.lib.common.rest_client] Request (VolumesDeleteCascade:test_volume_from_snapshot_cascade_delete): 200 GET http://10.132.44.209/volume/v3/volumes/f7f5a194-597c-4ca6-85ec-fe057b34242c 0.043s
2026-03-26 11:05:00,962 129489 DEBUG    [tempest.lib.common.rest_client] Request - Headers: {'Content-Type': 'application/json', 'Accept': 'application/json', 'X-Auth-Token': '<omitted>'}
        Body: None
    Response - Headers: {'date': 'Thu, 26 Mar 2026 11:05:00 GMT', 'server': 'Apache/2.4.58 (Ubuntu)', 'content-type': 'application/json', 'x-compute-request-id': 'req-2a593d13-5eb3-4ff0-a8c5-bb672bfc34ed', 'content-length': '846', 'openstack-api-version': 'volume 3.0', 'vary': 'OpenStack-API-Version', 'x-openstack-request-id': 'req-2a593d13-5eb3-4ff0-a8c5-bb672bfc34ed', 'connection': 'close', 'status': '200', 'content-location': 'http://10.132.44.209/volume/v3/volumes/f7f5a194-597c-4ca6-85ec-fe057b34242c'}
        Body: b'{"volume": {"id": "f7f5a194-597c-4ca6-85ec-fe057b34242c", "status": "deleting", "size": 1, "availability_zone": "nova", "created_at": "2026-03-26T11:03:47.000000", "updated_at": "2026-03-26T11:03:50.000000", "name": "tempest-VolumesDeleteCascade-Volume-308554469", "description": null, "volume_type": "arcusfc1", "snapshot_id": null, "source_volid": null, "metadata": {}, "links": [{"rel": "self", "href": "http://10.132.44.209/volume/v3/volumes/f7f5a194-597c-4ca6-85ec-fe057b34242c"}, {"rel": "bookmark", "href": "http://10.132.44.209/volume/volumes/f7f5a194-597c-4ca6-85ec-fe057b34242c"}], "user_id": "0495918e1ed64bbb937615df1f938f30", "bootable": "false", "encrypted": false, "replication_status": null, "consistencygroup_id": null, "multiattach": false, "attachments": [], "os-vol-tenant-attr:tenant_id": "f92c30465503415cbc00028e1055323b"}}'
2026-03-26 11:05:02,014 129489 INFO     [tempest.lib.common.rest_client] Request (VolumesDeleteCascade:test_volume_from_snapshot_cascade_delete): 200 GET http://10.132.44.209/volume/v3/volumes/f7f5a194-597c-4ca6-85ec-fe057b34242c 0.039s
2026-03-26 11:05:02,015 129489 DEBUG    [tempest.lib.common.rest_client] Request - Headers: {'Content-Type': 'application/json', 'Accept': 'application/json', 'X-Auth-Token': '<omitted>'}
        Body: None
    Response - Headers: {'date': 'Thu, 26 Mar 2026 11:05:01 GMT', 'server': 'Apache/2.4.58 (Ubuntu)', 'content-type': 'application/json', 'x-compute-request-id': 'req-21a4db07-7d0a-43ae-9175-2feffca30ab6', 'content-length': '846', 'openstack-api-version': 'volume 3.0', 'vary': 'OpenStack-API-Version', 'x-openstack-request-id': 'req-21a4db07-7d0a-43ae-9175-2feffca30ab6', 'connection': 'close', 'status': '200', 'content-location': 'http://10.132.44.209/volume/v3/volumes/f7f5a194-597c-4ca6-85ec-fe057b34242c'}
        Body: b'{"volume": {"id": "f7f5a194-597c-4ca6-85ec-fe057b34242c", "status": "deleting", "size": 1, "availability_zone": "nova", "created_at": "2026-03-26T11:03:47.000000", "updated_at": "2026-03-26T11:03:50.000000", "name": "tempest-VolumesDeleteCascade-Volume-308554469", "description": null, "volume_t
    ype": "arcusfc1", "snapshot_id": null, "source_volid": null, "metadata": {}, "links": [{"rel": "self", "href": "http://10.132.44.209/volume/v3/volumes/f7f5a194-597c-4ca6-85ec-fe057b34242c"}, {"rel": "bookmark", "href": "http://10.132.44.209/volume/volumes/f7f5a194-597c-4ca6-85ec-fe057b34242c"}], "user_id": "0495918e1ed64bbb937615df1f938f30", "bootable": "false", "encrypted": false, "replication_status": null, "consistencygroup_id": null, "multiattach": false, "attachments": [], "os-vol-tenant-attr:tenant_id": "f92c30465503415cbc00028e1055323b"}}'
2026-03-26 11:05:03,077 129489 INFO     [tempest.lib.common.rest_client] Request (VolumesDeleteCascade:test_volume_from_snapshot_cascade_delete): 200 GET http://10.132.44.209/volume/v3/volumes/f7f5a194-597c-4ca6-85ec-fe057b34242c 0.048s
2026-03-26 11:05:03,078 129489 DEBUG    [tempest.lib.common.rest_client] Request - Headers: {'Content-Type': 'application/json', 'Accept': 'application/json', 'X-Auth-Token': '<omitted>'}
        Body: None
    Response - Headers: {'date': 'Thu, 26 Mar 2026 11:05:03 GMT', 'server': 'Apache/2.4.58 (Ubuntu)', 'content-type': 'application/json', 'x-compute-request-id': 'req-51f3e09b-1378-4509-b5de-77b6209593c9', 'content-length': '846', 'openstack-api-version': 'volume 3.0', 'vary': 'OpenStack-API-Version', 'x-openstack-request-id': 'req-51f3e09b-1378-4509-b5de-77b6209593c9', 'connection': 'close', 'status': '200', 'content-location': 'http://10.132.44.209/volume/v3/volumes/f7f5a194-597c-4ca6-85ec-fe057b34242c'}
        Body: b'{"volume": {"id": "f7f5a194-597c-4ca6-85ec-fe057b34242c", "status": "deleting", "size": 1, "availability_zone": "nova", "created_at": "2026-03-26T11:03:47.000000", "updated_at": "2026-03-26T11:03:50.000000", "name": "tempest-VolumesDeleteCascade-Volume-308554469", "description": null, "volume_type": "arcusfc1", "snapshot_id": null, "source_volid": null, "metadata": {}, "links": [{"rel": "self", "href": "http://10.132.44.209/volume/v3/volumes/f7f5a194-597c-4ca6-85ec-fe057b34242c"}, {"rel": "bookmark", "href": "http://10.132.44.209/volume/volumes/f7f5a194-597c-4ca6-85ec-fe057b34242c"}], "user_id": "0495918e1ed64bbb937615df1f938f30", "bootable": "false", "encrypted": false, "replication_status": null, "consistencygroup_id": null, "multiattach": false, "attachments": [], "os-vol-tenant-attr:tenant_id": "f92c30465503415cbc00028e1055323b"}}'
2026-03-26 11:05:04,125 129489 INFO     [tempest.lib.common.rest_client] Request (VolumesDeleteCascade:test_volume_from_snapshot_cascade_delete): 200 GET http://10.132.44.209/volume/v3/volumes/f7f5a194-597c-4ca6-85ec-fe057b34242c 0.034s
2026-03-26 11:05:04,125 129489 DEBUG    [tempest.lib.common.rest_client] Request - Headers: {'Content-Type': 'application/json', 'Accept': 'application/json', 'X-Auth-Token': '<omitted>'}
        Body: None
    Response - Headers: {'date': 'Thu, 26 Mar 2026 11:05:04 GMT', 'server': 'Apache/2.4.58 (Ubuntu)', 'content-type': 'application/json', 'x-compute-request-id': 'req-227fee4c-ca1b-4559-a129-e1252bf749db', 'content-length': '846', 'openstack-api-version': 'volume 3.0', 'vary': 'OpenStack-API-Version', 'x-openstack-request-id': 'req-227fee4c-ca1b-4559-a129-e1252bf749db', 'connection': 'close', 'status': '200', 'content-location': 'http://10.132.44.209/volume/v3/volumes/f7f5a194-597c-4ca6-85ec-fe057b34242c'}
        Body: b'{"volume": {"id": "f7f5a194-597c-4ca6-85ec-fe057b34242c", "status": "deleting", "size": 1, "availability_zone": "nova", "created_at": "2026-03-26T11:03:47.000000", "updated_at": "2026-03-26T11:03:50.000000", "name": "tempest-VolumesDeleteCascade-Volume-308554469", "description": null, "volume_type": "arcusfc1", "snapshot_id": null, "source_volid": null, "metadata": {}, "links": [{"rel": "self", "href": "http://10.132.44.209/volume/v3/volumes/f7f5a194-597c-4ca6-85ec-fe057b34242c"}, {"rel": "bookmark", "href": "http://10.132.44.209/volume/volumes/f7f5a194-597c-4ca6-85ec-fe057b34242c"}], "user_id": "0495918e1ed64bbb937615df1f938f30", "bootable": "false", "encrypted": false, "replication_status": null, "consistencygroup_id": null, "multiattach":
     false, "attachments": [], "os-vol-tenant-attr:tenant_id": "f92c30465503415cbc00028e1055323b"}}'
2026-03-26 11:05:05,175 129489 INFO     [tempest.lib.common.rest_client] Request (VolumesDeleteCascade:test_volume_from_snapshot_cascade_delete): 200 GET http://10.132.44.209/volume/v3/volumes/f7f5a194-597c-4ca6-85ec-fe057b34242c 0.040s
2026-03-26 11:05:05,176 129489 DEBUG    [tempest.lib.common.rest_client] Request - Headers: {'Content-Type': 'application/json', 'Accept': 'application/json', 'X-Auth-Token': '<omitted>'}
        Body: None
    Response - Headers: {'date': 'Thu, 26 Mar 2026 11:05:05 GMT', 'server': 'Apache/2.4.58 (Ubuntu)', 'content-type': 'application/json', 'x-compute-request-id': 'req-a676b98f-d718-4ee7-a7fd-14313ac78c44', 'content-length': '846', 'openstack-api-version': 'volume 3.0', 'vary': 'OpenStack-API-Version', 'x-openstack-request-id': 'req-a676b98f-d718-4ee7-a7fd-14313ac78c44', 'connection': 'close', 'status': '200', 'content-location': 'http://10.132.44.209/volume/v3/volumes/f7f5a194-597c-4ca6-85ec-fe057b34242c'}
        Body: b'{"volume": {"id": "f7f5a194-597c-4ca6-85ec-fe057b34242c", "status": "deleting", "size": 1, "availability_zone": "nova", "created_at": "2026-03-26T11:03:47.000000", "updated_at": "2026-03-26T11:03:50.000000", "name": "tempest-VolumesDeleteCascade-Volume-308554469", "description": null, "volume_type": "arcusfc1", "snapshot_id": null, "source_volid": null, "metadata": {}, "links": [{"rel": "self", "href": "http://10.132.44.209/volume/v3/volumes/f7f5a194-597c-4ca6-85ec-fe057b34242c"}, {"rel": "bookmark", "href": "http://10.132.44.209/volume/volumes/f7f5a194-597c-4ca6-85ec-fe057b34242c"}], "user_id": "0495918e1ed64bbb937615df1f938f30", "bootable": "false", "encrypted": false, "replication_status": null, "consistencygroup_id": null, "multiattach": false, "attachments": [], "os-vol-tenant-attr:tenant_id": "f92c30465503415cbc00028e1055323b"}}'
2026-03-26 11:05:06,231 129489 INFO     [tempest.lib.common.rest_client] Request (VolumesDeleteCascade:test_volume_from_snapshot_cascade_delete): 200 GET http://10.132.44.209/volume/v3/volumes/f7f5a194-597c-4ca6-85ec-fe057b34242c 0.040s
2026-03-26 11:05:06,231 129489 DEBUG    [tempest.lib.common.rest_client] Request - Headers: {'Content-Type': 'application/json', 'Accept': 'application/json', 'X-Auth-Token': '<omitted>'}
        Body: None
    Response - Headers: {'date': 'Thu, 26 Mar 2026 11:05:06 GMT', 'server': 'Apache/2.4.58 (Ubuntu)', 'content-type': 'application/json', 'x-compute-request-id': 'req-20d79b45-823b-4358-837c-6c80cae8b9ce', 'content-length': '846', 'openstack-api-version': 'volume 3.0', 'vary': 'OpenStack-API-Version', 'x-openstack-request-id': 'req-20d79b45-823b-4358-837c-6c80cae8b9ce', 'connection': 'close', 'status': '200', 'content-location': 'http://10.132.44.209/volume/v3/volumes/f7f5a194-597c-4ca6-85ec-fe057b34242c'}
        Body: b'{"volume": {"id": "f7f5a194-597c-4ca6-85ec-fe057b34242c", "status": "deleting", "size": 1, "availability_zone": "nova", "created_at": "2026-03-26T11:03:47.000000", "updated_at": "2026-03-26T11:03:50.000000", "name": "tempest-VolumesDeleteCascade-Volume-308554469", "description": null, "volume_type": "arcusfc1", "snapshot_id": null, "source_volid": null, "metadata": {}, "links": [{"rel": "self", "href": "http://10.132.44.209/volume/v3/volumes/f7f5a194-597c-4ca6-85ec-fe057b34242c"}, {"rel": "bookmark", "href": "http://10.132.44.209/volume/volumes/f7f5a194-597c-4ca6-85ec-fe057b34242c"}], "user_id": "0495918e1ed64bbb937615df1f938f30", "bootable": "false", "encrypted": false, "replication_status": null, "consistencygroup_id": null, "multiattach": false, "attachments": [], "os-vol-tenant-attr:tenant_id": "f92c30465503415cbc00028e1055323b"}}'
2026-03-26 11:05:07,289 129489 INFO     [tempest.lib.common.rest_client] Request (VolumesDeleteCascade:test_volume_from_snapshot_cascade_delete): 200 GET http://10.132.44.209/volume/v3/volumes/f7f5a194-597c-4ca6-85ec-fe057b34242c 0.043s
2026-03-26 11:05:07,290 129489 DEBUG    [tempest.lib.common.rest_client] Request - Headers: {'Content-Type': 'application/
    json', 'Accept': 'application/json', 'X-Auth-Token': '<omitted>'}
        Body: None
    Response - Headers: {'date': 'Thu, 26 Mar 2026 11:05:07 GMT', 'server': 'Apache/2.4.58 (Ubuntu)', 'content-type': 'application/json', 'x-compute-request-id': 'req-dbe88120-1bd1-4195-ad38-c0ec2c6ac4d3', 'content-length': '846', 'openstack-api-version': 'volume 3.0', 'vary': 'OpenStack-API-Version', 'x-openstack-request-id': 'req-dbe88120-1bd1-4195-ad38-c0ec2c6ac4d3', 'connection': 'close', 'status': '200', 'content-location': 'http://10.132.44.209/volume/v3/volumes/f7f5a194-597c-4ca6-85ec-fe057b34242c'}
        Body: b'{"volume": {"id": "f7f5a194-597c-4ca6-85ec-fe057b34242c", "status": "deleting", "size": 1, "availability_zone": "nova", "created_at": "2026-03-26T11:03:47.000000", "updated_at": "2026-03-26T11:03:50.000000", "name": "tempest-VolumesDeleteCascade-Volume-308554469", "description": null, "volume_type": "arcusfc1", "snapshot_id": null, "source_volid": null, "metadata": {}, "links": [{"rel": "self", "href": "http://10.132.44.209/volume/v3/volumes/f7f5a194-597c-4ca6-85ec-fe057b34242c"}, {"rel": "bookmark", "href": "http://10.132.44.209/volume/volumes/f7f5a194-597c-4ca6-85ec-fe057b34242c"}], "user_id": "0495918e1ed64bbb937615df1f938f30", "bootable": "false", "encrypted": false, "replication_status": null, "consistencygroup_id": null, "multiattach": false, "attachments": [], "os-vol-tenant-attr:tenant_id": "f92c30465503415cbc00028e1055323b"}}'
2026-03-26 11:05:08,346 129489 INFO     [tempest.lib.common.rest_client] Request (VolumesDeleteCascade:test_volume_from_snapshot_cascade_delete): 200 GET http://10.132.44.209/volume/v3/volumes/f7f5a194-597c-4ca6-85ec-fe057b34242c 0.040s
2026-03-26 11:05:08,346 129489 DEBUG    [tempest.lib.common.rest_client] Request - Headers: {'Content-Type': 'application/json', 'Accept': 'application/json', 'X-Auth-Token': '<omitted>'}
        Body: None
    Response - Headers: {'date': 'Thu, 26 Mar 2026 11:05:08 GMT', 'server': 'Apache/2.4.58 (Ubuntu)', 'content-type': 'application/json', 'x-compute-request-id': 'req-b4aed1ad-df0d-4112-a7b5-5a6bccb23d59', 'content-length': '846', 'openstack-api-version': 'volume 3.0', 'vary': 'OpenStack-API-Version', 'x-openstack-request-id': 'req-b4aed1ad-df0d-4112-a7b5-5a6bccb23d59', 'connection': 'close', 'status': '200', 'content-location': 'http://10.132.44.209/volume/v3/volumes/f7f5a194-597c-4ca6-85ec-fe057b34242c'}
        Body: b'{"volume": {"id": "f7f5a194-597c-4ca6-85ec-fe057b34242c", "status": "deleting", "size": 1, "availability_zone": "nova", "created_at": "2026-03-26T11:03:47.000000", "updated_at": "2026-03-26T11:03:50.000000", "name": "tempest-VolumesDeleteCascade-Volume-308554469", "description": null, "volume_type": "arcusfc1", "snapshot_id": null, "source_volid": null, "metadata": {}, "links": [{"rel": "self", "href": "http://10.132.44.209/volume/v3/volumes/f7f5a194-597c-4ca6-85ec-fe057b34242c"}, {"rel": "bookmark", "href": "http://10.132.44.209/volume/volumes/f7f5a194-597c-4ca6-85ec-fe057b34242c"}], "user_id": "0495918e1ed64bbb937615df1f938f30", "bootable": "false", "encrypted": false, "replication_status": null, "consistencygroup_id": null, "multiattach": false, "attachments": [], "os-vol-tenant-attr:tenant_id": "f92c30465503415cbc00028e1055323b"}}'
2026-03-26 11:05:09,391 129489 INFO     [tempest.lib.common.rest_client] Request (VolumesDeleteCascade:test_volume_from_snapshot_cascade_delete): 200 GET http://10.132.44.209/volume/v3/volumes/f7f5a194-597c-4ca6-85ec-fe057b34242c 0.030s
2026-03-26 11:05:09,391 129489 DEBUG    [tempest.lib.common.rest_client] Request - Headers: {'Content-Type': 'application/json', 'Accept': 'application/json', 'X-Auth-Token': '<omitted>'}
        Body: None
    Response - Headers: {'date': 'Thu, 26 Mar 2026 11:05:09 GMT', 'server': 'Apache/2.4.58 (Ubuntu)', 'content-type': 'application/json', 'x-compute-request-id': 'req-2d3c96d0-b7ce-48d9-a101-fa490b448de8', 'content-length': '846', 'openstack-api-version': 'volume 3.0', 'vary': 'OpenStack-API-Version', 'x-openstack-request-id': 'req-2d3c96d0-b7ce-48d9-a101-fa490b448de8'
    , 'connection': 'close', 'status': '200', 'content-location': 'http://10.132.44.209/volume/v3/volumes/f7f5a194-597c-4ca6-85ec-fe057b34242c'}
        Body: b'{"volume": {"id": "f7f5a194-597c-4ca6-85ec-fe057b34242c", "status": "deleting", "size": 1, "availability_zone": "nova", "created_at": "2026-03-26T11:03:47.000000", "updated_at": "2026-03-26T11:03:50.000000", "name": "tempest-VolumesDeleteCascade-Volume-308554469", "description": null, "volume_type": "arcusfc1", "snapshot_id": null, "source_volid": null, "metadata": {}, "links": [{"rel": "self", "href": "http://10.132.44.209/volume/v3/volumes/f7f5a194-597c-4ca6-85ec-fe057b34242c"}, {"rel": "bookmark", "href": "http://10.132.44.209/volume/volumes/f7f5a194-597c-4ca6-85ec-fe057b34242c"}], "user_id": "0495918e1ed64bbb937615df1f938f30", "bootable": "false", "encrypted": false, "replication_status": null, "consistencygroup_id": null, "multiattach": false, "attachments": [], "os-vol-tenant-attr:tenant_id": "f92c30465503415cbc00028e1055323b"}}'
2026-03-26 11:05:10,442 129489 INFO     [tempest.lib.common.rest_client] Request (VolumesDeleteCascade:test_volume_from_snapshot_cascade_delete): 200 GET http://10.132.44.209/volume/v3/volumes/f7f5a194-597c-4ca6-85ec-fe057b34242c 0.044s
2026-03-26 11:05:10,442 129489 DEBUG    [tempest.lib.common.rest_client] Request - Headers: {'Content-Type': 'application/json', 'Accept': 'application/json', 'X-Auth-Token': '<omitted>'}
        Body: None
    Response - Headers: {'date': 'Thu, 26 Mar 2026 11:05:10 GMT', 'server': 'Apache/2.4.58 (Ubuntu)', 'content-type': 'application/json', 'x-compute-request-id': 'req-eb88016a-8706-4b74-bc7a-b6bc6d4220c0', 'content-length': '846', 'openstack-api-version': 'volume 3.0', 'vary': 'OpenStack-API-Version', 'x-openstack-request-id': 'req-eb88016a-8706-4b74-bc7a-b6bc6d4220c0', 'connection': 'close', 'status': '200', 'content-location': 'http://10.132.44.209/volume/v3/volumes/f7f5a194-597c-4ca6-85ec-fe057b34242c'}
        Body: b'{"volume": {"id": "f7f5a194-597c-4ca6-85ec-fe057b34242c", "status": "deleting", "size": 1, "availability_zone": "nova", "created_at": "2026-03-26T11:03:47.000000", "updated_at": "2026-03-26T11:03:50.000000", "name": "tempest-VolumesDeleteCascade-Volume-308554469", "description": null, "volume_type": "arcusfc1", "snapshot_id": null, "source_volid": null, "metadata": {}, "links": [{"rel": "self", "href": "http://10.132.44.209/volume/v3/volumes/f7f5a194-597c-4ca6-85ec-fe057b34242c"}, {"rel": "bookmark", "href": "http://10.132.44.209/volume/volumes/f7f5a194-597c-4ca6-85ec-fe057b34242c"}], "user_id": "0495918e1ed64bbb937615df1f938f30", "bootable": "false", "encrypted": false, "replication_status": null, "consistencygroup_id": null, "multiattach": false, "attachments": [], "os-vol-tenant-attr:tenant_id": "f92c30465503415cbc00028e1055323b"}}'
2026-03-26 11:05:11,491 129489 INFO     [tempest.lib.common.rest_client] Request (VolumesDeleteCascade:test_volume_from_snapshot_cascade_delete): 200 GET http://10.132.44.209/volume/v3/volumes/f7f5a194-597c-4ca6-85ec-fe057b34242c 0.040s
2026-03-26 11:05:11,492 129489 DEBUG    [tempest.lib.common.rest_client] Request - Headers: {'Content-Type': 'application/json', 'Accept': 'application/json', 'X-Auth-Token': '<omitted>'}
        Body: None
    Response - Headers: {'date': 'Thu, 26 Mar 2026 11:05:11 GMT', 'server': 'Apache/2.4.58 (Ubuntu)', 'content-type': 'application/json', 'x-compute-request-id': 'req-dbadfdeb-e900-4f2f-9c6e-e2ce65bd432c', 'content-length': '846', 'openstack-api-version': 'volume 3.0', 'vary': 'OpenStack-API-Version', 'x-openstack-request-id': 'req-dbadfdeb-e900-4f2f-9c6e-e2ce65bd432c', 'connection': 'close', 'status': '200', 'content-location': 'http://10.132.44.209/volume/v3/volumes/f7f5a194-597c-4ca6-85ec-fe057b34242c'}
        Body: b'{"volume": {"id": "f7f5a194-597c-4ca6-85ec-fe057b34242c", "status": "deleting", "size": 1, "availability_zone": "nova", "created_at": "2026-03-26T11:03:47.000000", "updated_at": "2026-03-26T11:03:50.000000", "name": "tempest-VolumesDeleteCascade-Volume-308554469", "description": null, "volume_type"
    : "arcusfc1", "snapshot_id": null, "source_volid": null, "metadata": {}, "links": [{"rel": "self", "href": "http://10.132.44.209/volume/v3/volumes/f7f5a194-597c-4ca6-85ec-fe057b34242c"}, {"rel": "bookmark", "href": "http://10.132.44.209/volume/volumes/f7f5a194-597c-4ca6-85ec-fe057b34242c"}], "user_id": "0495918e1ed64bbb937615df1f938f30", "bootable": "false", "encrypted": false, "replication_status": null, "consistencygroup_id": null, "multiattach": false, "attachments": [], "os-vol-tenant-attr:tenant_id": "f92c30465503415cbc00028e1055323b"}}'
2026-03-26 11:05:12,535 129489 INFO     [tempest.lib.common.rest_client] Request (VolumesDeleteCascade:test_volume_from_snapshot_cascade_delete): 200 GET http://10.132.44.209/volume/v3/volumes/f7f5a194-597c-4ca6-85ec-fe057b34242c 0.033s
2026-03-26 11:05:12,535 129489 DEBUG    [tempest.lib.common.rest_client] Request - Headers: {'Content-Type': 'application/json', 'Accept': 'application/json', 'X-Auth-Token': '<omitted>'}
        Body: None
    Response - Headers: {'date': 'Thu, 26 Mar 2026 11:05:12 GMT', 'server': 'Apache/2.4.58 (Ubuntu)', 'content-type': 'application/json', 'x-compute-request-id': 'req-99a387cd-e448-46ec-899e-650de903bce1', 'content-length': '846', 'openstack-api-version': 'volume 3.0', 'vary': 'OpenStack-API-Version', 'x-openstack-request-id': 'req-99a387cd-e448-46ec-899e-650de903bce1', 'connection': 'close', 'status': '200', 'content-location': 'http://10.132.44.209/volume/v3/volumes/f7f5a194-597c-4ca6-85ec-fe057b34242c'}
        Body: b'{"volume": {"id": "f7f5a194-597c-4ca6-85ec-fe057b34242c", "status": "deleting", "size": 1, "availability_zone": "nova", "created_at": "2026-03-26T11:03:47.000000", "updated_at": "2026-03-26T11:03:50.000000", "name": "tempest-VolumesDeleteCascade-Volume-308554469", "description": null, "volume_type": "arcusfc1", "snapshot_id": null, "source_volid": null, "metadata": {}, "links": [{"rel": "self", "href": "http://10.132.44.209/volume/v3/volumes/f7f5a194-597c-4ca6-85ec-fe057b34242c"}, {"rel": "bookmark", "href": "http://10.132.44.209/volume/volumes/f7f5a194-597c-4ca6-85ec-fe057b34242c"}], "user_id": "0495918e1ed64bbb937615df1f938f30", "bootable": "false", "encrypted": false, "replication_status": null, "consistencygroup_id": null, "multiattach": false, "attachments": [], "os-vol-tenant-attr:tenant_id": "f92c30465503415cbc00028e1055323b"}}'
2026-03-26 11:05:13,582 129489 INFO     [tempest.lib.common.rest_client] Request (VolumesDeleteCascade:test_volume_from_snapshot_cascade_delete): 200 GET http://10.132.44.209/volume/v3/volumes/f7f5a194-597c-4ca6-85ec-fe057b34242c 0.039s
2026-03-26 11:05:13,583 129489 DEBUG    [tempest.lib.common.rest_client] Request - Headers: {'Content-Type': 'application/json', 'Accept': 'application/json', 'X-Auth-Token': '<omitted>'}
        Body: None
    Response - Headers: {'date': 'Thu, 26 Mar 2026 11:05:13 GMT', 'server': 'Apache/2.4.58 (Ubuntu)', 'content-type': 'application/json', 'x-compute-request-id': 'req-559752ed-b09d-433e-8c20-31435e0431bb', 'content-length': '846', 'openstack-api-version': 'volume 3.0', 'vary': 'OpenStack-API-Version', 'x-openstack-request-id': 'req-559752ed-b09d-433e-8c20-31435e0431bb', 'connection': 'close', 'status': '200', 'content-location': 'http://10.132.44.209/volume/v3/volumes/f7f5a194-597c-4ca6-85ec-fe057b34242c'}
        Body: b'{"volume": {"id": "f7f5a194-597c-4ca6-85ec-fe057b34242c", "status": "deleting", "size": 1, "availability_zone": "nova", "created_at": "2026-03-26T11:03:47.000000", "updated_at": "2026-03-26T11:03:50.000000", "name": "tempest-VolumesDeleteCascade-Volume-308554469", "description": null, "volume_type": "arcusfc1", "snapshot_id": null, "source_volid": null, "metadata": {}, "links": [{"rel": "self", "href": "http://10.132.44.209/volume/v3/volumes/f7f5a194-597c-4ca6-85ec-fe057b34242c"}, {"rel": "bookmark", "href": "http://10.132.44.209/volume/volumes/f7f5a194-597c-4ca6-85ec-fe057b34242c"}], "user_id": "0495918e1ed64bbb937615df1f938f30", "bootable": "false", "encrypted": false, "replication_status": null, "consistencygroup_id": null, "multiattach": fal
    se, "attachments": [], "os-vol-tenant-attr:tenant_id": "f92c30465503415cbc00028e1055323b"}}'
2026-03-26 11:05:14,634 129489 INFO     [tempest.lib.common.rest_client] Request (VolumesDeleteCascade:test_volume_from_snapshot_cascade_delete): 200 GET http://10.132.44.209/volume/v3/volumes/f7f5a194-597c-4ca6-85ec-fe057b34242c 0.040s
2026-03-26 11:05:14,634 129489 DEBUG    [tempest.lib.common.rest_client] Request - Headers: {'Content-Type': 'application/json', 'Accept': 'application/json', 'X-Auth-Token': '<omitted>'}
        Body: None
    Response - Headers: {'date': 'Thu, 26 Mar 2026 11:05:14 GMT', 'server': 'Apache/2.4.58 (Ubuntu)', 'content-type': 'application/json', 'x-compute-request-id': 'req-0adc2e5e-254b-4fd0-b597-16562da304d1', 'content-length': '846', 'openstack-api-version': 'volume 3.0', 'vary': 'OpenStack-API-Version', 'x-openstack-request-id': 'req-0adc2e5e-254b-4fd0-b597-16562da304d1', 'connection': 'close', 'status': '200', 'content-location': 'http://10.132.44.209/volume/v3/volumes/f7f5a194-597c-4ca6-85ec-fe057b34242c'}
        Body: b'{"volume": {"id": "f7f5a194-597c-4ca6-85ec-fe057b34242c", "status": "deleting", "size": 1, "availability_zone": "nova", "created_at": "2026-03-26T11:03:47.000000", "updated_at": "2026-03-26T11:03:50.000000", "name": "tempest-VolumesDeleteCascade-Volume-308554469", "description": null, "volume_type": "arcusfc1", "snapshot_id": null, "source_volid": null, "metadata": {}, "links": [{"rel": "self", "href": "http://10.132.44.209/volume/v3/volumes/f7f5a194-597c-4ca6-85ec-fe057b34242c"}, {"rel": "bookmark", "href": "http://10.132.44.209/volume/volumes/f7f5a194-597c-4ca6-85ec-fe057b34242c"}], "user_id": "0495918e1ed64bbb937615df1f938f30", "bootable": "false", "encrypted": false, "replication_status": null, "consistencygroup_id": null, "multiattach": false, "attachments": [], "os-vol-tenant-attr:tenant_id": "f92c30465503415cbc00028e1055323b"}}'
2026-03-26 11:05:15,679 129489 INFO     [tempest.lib.common.rest_client] Request (VolumesDeleteCascade:test_volume_from_snapshot_cascade_delete): 200 GET http://10.132.44.209/volume/v3/volumes/f7f5a194-597c-4ca6-85ec-fe057b34242c 0.038s
2026-03-26 11:05:15,680 129489 DEBUG    [tempest.lib.common.rest_client] Request - Headers: {'Content-Type': 'application/json', 'Accept': 'application/json', 'X-Auth-Token': '<omitted>'}
        Body: None
    Response - Headers: {'date': 'Thu, 26 Mar 2026 11:05:15 GMT', 'server': 'Apache/2.4.58 (Ubuntu)', 'content-type': 'application/json', 'x-compute-request-id': 'req-c2783269-b67f-481d-85a7-b9831e31a171', 'content-length': '846', 'openstack-api-version': 'volume 3.0', 'vary': 'OpenStack-API-Version', 'x-openstack-request-id': 'req-c2783269-b67f-481d-85a7-b9831e31a171', 'connection': 'close', 'status': '200', 'content-location': 'http://10.132.44.209/volume/v3/volumes/f7f5a194-597c-4ca6-85ec-fe057b34242c'}
        Body: b'{"volume": {"id": "f7f5a194-597c-4ca6-85ec-fe057b34242c", "status": "deleting", "size": 1, "availability_zone": "nova", "created_at": "2026-03-26T11:03:47.000000", "updated_at": "2026-03-26T11:03:50.000000", "name": "tempest-VolumesDeleteCascade-Volume-308554469", "description": null, "volume_type": "arcusfc1", "snapshot_id": null, "source_volid": null, "metadata": {}, "links": [{"rel": "self", "href": "http://10.132.44.209/volume/v3/volumes/f7f5a194-597c-4ca6-85ec-fe057b34242c"}, {"rel": "bookmark", "href": "http://10.132.44.209/volume/volumes/f7f5a194-597c-4ca6-85ec-fe057b34242c"}], "user_id": "0495918e1ed64bbb937615df1f938f30", "bootable": "false", "encrypted": false, "replication_status": null, "consistencygroup_id": null, "multiattach": false, "attachments": [], "os-vol-tenant-attr:tenant_id": "f92c30465503415cbc00028e1055323b"}}'
2026-03-26 11:05:16,742 129489 INFO     [tempest.lib.common.rest_client] Request (VolumesDeleteCascade:test_volume_from_snapshot_cascade_delete): 200 GET http://10.132.44.209/volume/v3/volumes/f7f5a194-597c-4ca6-85ec-fe057b34242c 0.051s
2026-03-26 11:05:16,742 129489 DEBUG    [tempest.lib.common.rest_client] Request - Headers: {'Content-Type': 'application/json
    ', 'Accept': 'application/json', 'X-Auth-Token': '<omitted>'}
        Body: None
    Response - Headers: {'date': 'Thu, 26 Mar 2026 11:05:16 GMT', 'server': 'Apache/2.4.58 (Ubuntu)', 'content-type': 'application/json', 'x-compute-request-id': 'req-7d91d031-6d8e-4221-b2bd-344f22caa790', 'content-length': '846', 'openstack-api-version': 'volume 3.0', 'vary': 'OpenStack-API-Version', 'x-openstack-request-id': 'req-7d91d031-6d8e-4221-b2bd-344f22caa790', 'connection': 'close', 'status': '200', 'content-location': 'http://10.132.44.209/volume/v3/volumes/f7f5a194-597c-4ca6-85ec-fe057b34242c'}
        Body: b'{"volume": {"id": "f7f5a194-597c-4ca6-85ec-fe057b34242c", "status": "deleting", "size": 1, "availability_zone": "nova", "created_at": "2026-03-26T11:03:47.000000", "updated_at": "2026-03-26T11:03:50.000000", "name": "tempest-VolumesDeleteCascade-Volume-308554469", "description": null, "volume_type": "arcusfc1", "snapshot_id": null, "source_volid": null, "metadata": {}, "links": [{"rel": "self", "href": "http://10.132.44.209/volume/v3/volumes/f7f5a194-597c-4ca6-85ec-fe057b34242c"}, {"rel": "bookmark", "href": "http://10.132.44.209/volume/volumes/f7f5a194-597c-4ca6-85ec-fe057b34242c"}], "user_id": "0495918e1ed64bbb937615df1f938f30", "bootable": "false", "encrypted": false, "replication_status": null, "consistencygroup_id": null, "multiattach": false, "attachments": [], "os-vol-tenant-attr:tenant_id": "f92c30465503415cbc00028e1055323b"}}'
2026-03-26 11:05:17,803 129489 INFO     [tempest.lib.common.rest_client] Request (VolumesDeleteCascade:test_volume_from_snapshot_cascade_delete): 200 GET http://10.132.44.209/volume/v3/volumes/f7f5a194-597c-4ca6-85ec-fe057b34242c 0.048s
2026-03-26 11:05:17,804 129489 DEBUG    [tempest.lib.common.rest_client] Request - Headers: {'Content-Type': 'application/json', 'Accept': 'application/json', 'X-Auth-Token': '<omitted>'}
        Body: None
    Response - Headers: {'date': 'Thu, 26 Mar 2026 11:05:17 GMT', 'server': 'Apache/2.4.58 (Ubuntu)', 'content-type': 'application/json', 'x-compute-request-id': 'req-d85ae7b5-bdcf-44f8-977c-66f85055e91f', 'content-length': '846', 'openstack-api-version': 'volume 3.0', 'vary': 'OpenStack-API-Version', 'x-openstack-request-id': 'req-d85ae7b5-bdcf-44f8-977c-66f85055e91f', 'connection': 'close', 'status': '200', 'content-location': 'http://10.132.44.209/volume/v3/volumes/f7f5a194-597c-4ca6-85ec-fe057b34242c'}
        Body: b'{"volume": {"id": "f7f5a194-597c-4ca6-85ec-fe057b34242c", "status": "deleting", "size": 1, "availability_zone": "nova", "created_at": "2026-03-26T11:03:47.000000", "updated_at": "2026-03-26T11:03:50.000000", "name": "tempest-VolumesDeleteCascade-Volume-308554469", "description": null, "volume_type": "arcusfc1", "snapshot_id": null, "source_volid": null, "metadata": {}, "links": [{"rel": "self", "href": "http://10.132.44.209/volume/v3/volumes/f7f5a194-597c-4ca6-85ec-fe057b34242c"}, {"rel": "bookmark", "href": "http://10.132.44.209/volume/volumes/f7f5a194-597c-4ca6-85ec-fe057b34242c"}], "user_id": "0495918e1ed64bbb937615df1f938f30", "bootable": "false", "encrypted": false, "replication_status": null, "consistencygroup_id": null, "multiattach": false, "attachments": [], "os-vol-tenant-attr:tenant_id": "f92c30465503415cbc00028e1055323b"}}'
2026-03-26 11:05:18,855 129489 INFO     [tempest.lib.common.rest_client] Request (VolumesDeleteCascade:test_volume_from_snapshot_cascade_delete): 200 GET http://10.132.44.209/volume/v3/volumes/f7f5a194-597c-4ca6-85ec-fe057b34242c 0.038s
2026-03-26 11:05:18,856 129489 DEBUG    [tempest.lib.common.rest_client] Request - Headers: {'Content-Type': 'application/json', 'Accept': 'application/json', 'X-Auth-Token': '<omitted>'}
        Body: None
    Response - Headers: {'date': 'Thu, 26 Mar 2026 11:05:18 GMT', 'server': 'Apache/2.4.58 (Ubuntu)', 'content-type': 'application/json', 'x-compute-request-id': 'req-693ac5a8-a390-401c-ba15-c6b5656a9f85', 'content-length': '846', 'openstack-api-version': 'volume 3.0', 'vary': 'OpenStack-API-Version', 'x-openstack-request-id': 'req-693ac5a8-a390-401c-ba15-c6b5656a9f85', 'c
    onnection': 'close', 'status': '200', 'content-location': 'http://10.132.44.209/volume/v3/volumes/f7f5a194-597c-4ca6-85ec-fe057b34242c'}
        Body: b'{"volume": {"id": "f7f5a194-597c-4ca6-85ec-fe057b34242c", "status": "deleting", "size": 1, "availability_zone": "nova", "created_at": "2026-03-26T11:03:47.000000", "updated_at": "2026-03-26T11:03:50.000000", "name": "tempest-VolumesDeleteCascade-Volume-308554469", "description": null, "volume_type": "arcusfc1", "snapshot_id": null, "source_volid": null, "metadata": {}, "links": [{"rel": "self", "href": "http://10.132.44.209/volume/v3/volumes/f7f5a194-597c-4ca6-85ec-fe057b34242c"}, {"rel": "bookmark", "href": "http://10.132.44.209/volume/volumes/f7f5a194-597c-4ca6-85ec-fe057b34242c"}], "user_id": "0495918e1ed64bbb937615df1f938f30", "bootable": "false", "encrypted": false, "replication_status": null, "consistencygroup_id": null, "multiattach": false, "attachments": [], "os-vol-tenant-attr:tenant_id": "f92c30465503415cbc00028e1055323b"}}'
2026-03-26 11:05:19,901 129489 INFO     [tempest.lib.common.rest_client] Request (VolumesDeleteCascade:test_volume_from_snapshot_cascade_delete): 200 GET http://10.132.44.209/volume/v3/volumes/f7f5a194-597c-4ca6-85ec-fe057b34242c 0.036s
2026-03-26 11:05:19,901 129489 DEBUG    [tempest.lib.common.rest_client] Request - Headers: {'Content-Type': 'application/json', 'Accept': 'application/json', 'X-Auth-Token': '<omitted>'}
        Body: None
    Response - Headers: {'date': 'Thu, 26 Mar 2026 11:05:19 GMT', 'server': 'Apache/2.4.58 (Ubuntu)', 'content-type': 'application/json', 'x-compute-request-id': 'req-0dc2271e-b2b6-4baa-b6b2-c5168fd78315', 'content-length': '846', 'openstack-api-version': 'volume 3.0', 'vary': 'OpenStack-API-Version', 'x-openstack-request-id': 'req-0dc2271e-b2b6-4baa-b6b2-c5168fd78315', 'connection': 'close', 'status': '200', 'content-location': 'http://10.132.44.209/volume/v3/volumes/f7f5a194-597c-4ca6-85ec-fe057b34242c'}
        Body: b'{"volume": {"id": "f7f5a194-597c-4ca6-85ec-fe057b34242c", "status": "deleting", "size": 1, "availability_zone": "nova", "created_at": "2026-03-26T11:03:47.000000", "updated_at": "2026-03-26T11:03:50.000000", "name": "tempest-VolumesDeleteCascade-Volume-308554469", "description": null, "volume_type": "arcusfc1", "snapshot_id": null, "source_volid": null, "metadata": {}, "links": [{"rel": "self", "href": "http://10.132.44.209/volume/v3/volumes/f7f5a194-597c-4ca6-85ec-fe057b34242c"}, {"rel": "bookmark", "href": "http://10.132.44.209/volume/volumes/f7f5a194-597c-4ca6-85ec-fe057b34242c"}], "user_id": "0495918e1ed64bbb937615df1f938f30", "bootable": "false", "encrypted": false, "replication_status": null, "consistencygroup_id": null, "multiattach": false, "attachments": [], "os-vol-tenant-attr:tenant_id": "f92c30465503415cbc00028e1055323b"}}'
2026-03-26 11:05:20,940 129489 INFO     [tempest.lib.common.rest_client] Request (VolumesDeleteCascade:test_volume_from_snapshot_cascade_delete): 200 GET http://10.132.44.209/volume/v3/volumes/f7f5a194-597c-4ca6-85ec-fe057b34242c 0.029s
2026-03-26 11:05:20,940 129489 DEBUG    [tempest.lib.common.rest_client] Request - Headers: {'Content-Type': 'application/json', 'Accept': 'application/json', 'X-Auth-Token': '<omitted>'}
        Body: None
    Response - Headers: {'date': 'Thu, 26 Mar 2026 11:05:20 GMT', 'server': 'Apache/2.4.58 (Ubuntu)', 'content-type': 'application/json', 'x-compute-request-id': 'req-05537954-8e9e-4cb3-aa12-1dfe2b642167', 'content-length': '846', 'openstack-api-version': 'volume 3.0', 'vary': 'OpenStack-API-Version', 'x-openstack-request-id': 'req-05537954-8e9e-4cb3-aa12-1dfe2b642167', 'connection': 'close', 'status': '200', 'content-location': 'http://10.132.44.209/volume/v3/volumes/f7f5a194-597c-4ca6-85ec-fe057b34242c'}
        Body: b'{"volume": {"id": "f7f5a194-597c-4ca6-85ec-fe057b34242c", "status": "deleting", "size": 1, "availability_zone": "nova", "created_at": "2026-03-26T11:03:47.000000", "updated_at": "2026-03-26T11:03:50.000000", "name": "tempest-VolumesDeleteCascade-Volume-308554469", "description": null, "volume_type": "a
    rcusfc1", "snapshot_id": null, "source_volid": null, "metadata": {}, "links": [{"rel": "self", "href": "http://10.132.44.209/volume/v3/volumes/f7f5a194-597c-4ca6-85ec-fe057b34242c"}, {"rel": "bookmark", "href": "http://10.132.44.209/volume/volumes/f7f5a194-597c-4ca6-85ec-fe057b34242c"}], "user_id": "0495918e1ed64bbb937615df1f938f30", "bootable": "false", "encrypted": false, "replication_status": null, "consistencygroup_id": null, "multiattach": false, "attachments": [], "os-vol-tenant-attr:tenant_id": "f92c30465503415cbc00028e1055323b"}}'
2026-03-26 11:05:21,980 129489 INFO     [tempest.lib.common.rest_client] Request (VolumesDeleteCascade:test_volume_from_snapshot_cascade_delete): 200 GET http://10.132.44.209/volume/v3/volumes/f7f5a194-597c-4ca6-85ec-fe057b34242c 0.032s
2026-03-26 11:05:21,981 129489 DEBUG    [tempest.lib.common.rest_client] Request - Headers: {'Content-Type': 'application/json', 'Accept': 'application/json', 'X-Auth-Token': '<omitted>'}
        Body: None
    Response - Headers: {'date': 'Thu, 26 Mar 2026 11:05:21 GMT', 'server': 'Apache/2.4.58 (Ubuntu)', 'content-type': 'application/json', 'x-compute-request-id': 'req-8d2db19e-dd27-45f3-8167-1449e7aacea8', 'content-length': '846', 'openstack-api-version': 'volume 3.0', 'vary': 'OpenStack-API-Version', 'x-openstack-request-id': 'req-8d2db19e-dd27-45f3-8167-1449e7aacea8', 'connection': 'close', 'status': '200', 'content-location': 'http://10.132.44.209/volume/v3/volumes/f7f5a194-597c-4ca6-85ec-fe057b34242c'}
        Body: b'{"volume": {"id": "f7f5a194-597c-4ca6-85ec-fe057b34242c", "status": "deleting", "size": 1, "availability_zone": "nova", "created_at": "2026-03-26T11:03:47.000000", "updated_at": "2026-03-26T11:03:50.000000", "name": "tempest-VolumesDeleteCascade-Volume-308554469", "description": null, "volume_type": "arcusfc1", "snapshot_id": null, "source_volid": null, "metadata": {}, "links": [{"rel": "self", "href": "http://10.132.44.209/volume/v3/volumes/f7f5a194-597c-4ca6-85ec-fe057b34242c"}, {"rel": "bookmark", "href": "http://10.132.44.209/volume/volumes/f7f5a194-597c-4ca6-85ec-fe057b34242c"}], "user_id": "0495918e1ed64bbb937615df1f938f30", "bootable": "false", "encrypted": false, "replication_status": null, "consistencygroup_id": null, "multiattach": false, "attachments": [], "os-vol-tenant-attr:tenant_id": "f92c30465503415cbc00028e1055323b"}}'
2026-03-26 11:05:23,031 129489 INFO     [tempest.lib.common.rest_client] Request (VolumesDeleteCascade:test_volume_from_snapshot_cascade_delete): 200 GET http://10.132.44.209/volume/v3/volumes/f7f5a194-597c-4ca6-85ec-fe057b34242c 0.043s
2026-03-26 11:05:23,031 129489 DEBUG    [tempest.lib.common.rest_client] Request - Headers: {'Content-Type': 'application/json', 'Accept': 'application/json', 'X-Auth-Token': '<omitted>'}
        Body: None
    Response - Headers: {'date': 'Thu, 26 Mar 2026 11:05:22 GMT', 'server': 'Apache/2.4.58 (Ubuntu)', 'content-type': 'application/json', 'x-compute-request-id': 'req-706aa093-576e-4f12-b702-14cf5b19632c', 'content-length': '846', 'openstack-api-version': 'volume 3.0', 'vary': 'OpenStack-API-Version', 'x-openstack-request-id': 'req-706aa093-576e-4f12-b702-14cf5b19632c', 'connection': 'close', 'status': '200', 'content-location': 'http://10.132.44.209/volume/v3/volumes/f7f5a194-597c-4ca6-85ec-fe057b34242c'}
        Body: b'{"volume": {"id": "f7f5a194-597c-4ca6-85ec-fe057b34242c", "status": "deleting", "size": 1, "availability_zone": "nova", "created_at": "2026-03-26T11:03:47.000000", "updated_at": "2026-03-26T11:03:50.000000", "name": "tempest-VolumesDeleteCascade-Volume-308554469", "description": null, "volume_type": "arcusfc1", "snapshot_id": null, "source_volid": null, "metadata": {}, "links": [{"rel": "self", "href": "http://10.132.44.209/volume/v3/volumes/f7f5a194-597c-4ca6-85ec-fe057b34242c"}, {"rel": "bookmark", "href": "http://10.132.44.209/volume/volumes/f7f5a194-597c-4ca6-85ec-fe057b34242c"}], "user_id": "0495918e1ed64bbb937615df1f938f30", "bootable": "false", "encrypted": false, "replication_status": null, "consistencygroup_id": null, "multiattach": false, 
    "attachments": [], "os-vol-tenant-attr:tenant_id": "f92c30465503415cbc00028e1055323b"}}'
2026-03-26 11:05:24,082 129489 INFO     [tempest.lib.common.rest_client] Request (VolumesDeleteCascade:test_volume_from_snapshot_cascade_delete): 200 GET http://10.132.44.209/volume/v3/volumes/f7f5a194-597c-4ca6-85ec-fe057b34242c 0.040s
2026-03-26 11:05:24,082 129489 DEBUG    [tempest.lib.common.rest_client] Request - Headers: {'Content-Type': 'application/json', 'Accept': 'application/json', 'X-Auth-Token': '<omitted>'}
        Body: None
    Response - Headers: {'date': 'Thu, 26 Mar 2026 11:05:24 GMT', 'server': 'Apache/2.4.58 (Ubuntu)', 'content-type': 'application/json', 'x-compute-request-id': 'req-258382fc-1cdc-4719-905e-f218a21486cc', 'content-length': '846', 'openstack-api-version': 'volume 3.0', 'vary': 'OpenStack-API-Version', 'x-openstack-request-id': 'req-258382fc-1cdc-4719-905e-f218a21486cc', 'connection': 'close', 'status': '200', 'content-location': 'http://10.132.44.209/volume/v3/volumes/f7f5a194-597c-4ca6-85ec-fe057b34242c'}
        Body: b'{"volume": {"id": "f7f5a194-597c-4ca6-85ec-fe057b34242c", "status": "deleting", "size": 1, "availability_zone": "nova", "created_at": "2026-03-26T11:03:47.000000", "updated_at": "2026-03-26T11:03:50.000000", "name": "tempest-VolumesDeleteCascade-Volume-308554469", "description": null, "volume_type": "arcusfc1", "snapshot_id": null, "source_volid": null, "metadata": {}, "links": [{"rel": "self", "href": "http://10.132.44.209/volume/v3/volumes/f7f5a194-597c-4ca6-85ec-fe057b34242c"}, {"rel": "bookmark", "href": "http://10.132.44.209/volume/volumes/f7f5a194-597c-4ca6-85ec-fe057b34242c"}], "user_id": "0495918e1ed64bbb937615df1f938f30", "bootable": "false", "encrypted": false, "replication_status": null, "consistencygroup_id": null, "multiattach": false, "attachments": [], "os-vol-tenant-attr:tenant_id": "f92c30465503415cbc00028e1055323b"}}'
2026-03-26 11:05:25,136 129489 INFO     [tempest.lib.common.rest_client] Request (VolumesDeleteCascade:test_volume_from_snapshot_cascade_delete): 200 GET http://10.132.44.209/volume/v3/volumes/f7f5a194-597c-4ca6-85ec-fe057b34242c 0.037s
2026-03-26 11:05:25,137 129489 DEBUG    [tempest.lib.common.rest_client] Request - Headers: {'Content-Type': 'application/json', 'Accept': 'application/json', 'X-Auth-Token': '<omitted>'}
        Body: None
    Response - Headers: {'date': 'Thu, 26 Mar 2026 11:05:25 GMT', 'server': 'Apache/2.4.58 (Ubuntu)', 'content-type': 'application/json', 'x-compute-request-id': 'req-9ef2b4f2-94a9-40e5-84c5-c55c63912a32', 'content-length': '846', 'openstack-api-version': 'volume 3.0', 'vary': 'OpenStack-API-Version', 'x-openstack-request-id': 'req-9ef2b4f2-94a9-40e5-84c5-c55c63912a32', 'connection': 'close', 'status': '200', 'content-location': 'http://10.132.44.209/volume/v3/volumes/f7f5a194-597c-4ca6-85ec-fe057b34242c'}
        Body: b'{"volume": {"id": "f7f5a194-597c-4ca6-85ec-fe057b34242c", "status": "deleting", "size": 1, "availability_zone": "nova", "created_at": "2026-03-26T11:03:47.000000", "updated_at": "2026-03-26T11:03:50.000000", "name": "tempest-VolumesDeleteCascade-Volume-308554469", "description": null, "volume_type": "arcusfc1", "snapshot_id": null, "source_volid": null, "metadata": {}, "links": [{"rel": "self", "href": "http://10.132.44.209/volume/v3/volumes/f7f5a194-597c-4ca6-85ec-fe057b34242c"}, {"rel": "bookmark", "href": "http://10.132.44.209/volume/volumes/f7f5a194-597c-4ca6-85ec-fe057b34242c"}], "user_id": "0495918e1ed64bbb937615df1f938f30", "bootable": "false", "encrypted": false, "replication_status": null, "consistencygroup_id": null, "multiattach": false, "attachments": [], "os-vol-tenant-attr:tenant_id": "f92c30465503415cbc00028e1055323b"}}'
2026-03-26 11:05:26,193 129489 INFO     [tempest.lib.common.rest_client] Request (VolumesDeleteCascade:test_volume_from_snapshot_cascade_delete): 200 GET http://10.132.44.209/volume/v3/volumes/f7f5a194-597c-4ca6-85ec-fe057b34242c 0.041s
2026-03-26 11:05:26,193 129489 DEBUG    [tempest.lib.common.rest_client] Request - Headers: {'Content-Type': 'application/json', '
    Accept': 'application/json', 'X-Auth-Token': '<omitted>'}
        Body: None
    Response - Headers: {'date': 'Thu, 26 Mar 2026 11:05:26 GMT', 'server': 'Apache/2.4.58 (Ubuntu)', 'content-type': 'application/json', 'x-compute-request-id': 'req-306c6b4b-2610-44c7-b16f-e853f14758b9', 'content-length': '846', 'openstack-api-version': 'volume 3.0', 'vary': 'OpenStack-API-Version', 'x-openstack-request-id': 'req-306c6b4b-2610-44c7-b16f-e853f14758b9', 'connection': 'close', 'status': '200', 'content-location': 'http://10.132.44.209/volume/v3/volumes/f7f5a194-597c-4ca6-85ec-fe057b34242c'}
        Body: b'{"volume": {"id": "f7f5a194-597c-4ca6-85ec-fe057b34242c", "status": "deleting", "size": 1, "availability_zone": "nova", "created_at": "2026-03-26T11:03:47.000000", "updated_at": "2026-03-26T11:03:50.000000", "name": "tempest-VolumesDeleteCascade-Volume-308554469", "description": null, "volume_type": "arcusfc1", "snapshot_id": null, "source_volid": null, "metadata": {}, "links": [{"rel": "self", "href": "http://10.132.44.209/volume/v3/volumes/f7f5a194-597c-4ca6-85ec-fe057b34242c"}, {"rel": "bookmark", "href": "http://10.132.44.209/volume/volumes/f7f5a194-597c-4ca6-85ec-fe057b34242c"}], "user_id": "0495918e1ed64bbb937615df1f938f30", "bootable": "false", "encrypted": false, "replication_status": null, "consistencygroup_id": null, "multiattach": false, "attachments": [], "os-vol-tenant-attr:tenant_id": "f92c30465503415cbc00028e1055323b"}}'
2026-03-26 11:05:27,247 129489 INFO     [tempest.lib.common.rest_client] Request (VolumesDeleteCascade:test_volume_from_snapshot_cascade_delete): 200 GET http://10.132.44.209/volume/v3/volumes/f7f5a194-597c-4ca6-85ec-fe057b34242c 0.040s
2026-03-26 11:05:27,248 129489 DEBUG    [tempest.lib.common.rest_client] Request - Headers: {'Content-Type': 'application/json', 'Accept': 'application/json', 'X-Auth-Token': '<omitted>'}
        Body: None
    Response - Headers: {'date': 'Thu, 26 Mar 2026 11:05:27 GMT', 'server': 'Apache/2.4.58 (Ubuntu)', 'content-type': 'application/json', 'x-compute-request-id': 'req-ec7564a0-2c38-4c5f-af25-1d683b5ee8c4', 'content-length': '846', 'openstack-api-version': 'volume 3.0', 'vary': 'OpenStack-API-Version', 'x-openstack-request-id': 'req-ec7564a0-2c38-4c5f-af25-1d683b5ee8c4', 'connection': 'close', 'status': '200', 'content-location': 'http://10.132.44.209/volume/v3/volumes/f7f5a194-597c-4ca6-85ec-fe057b34242c'}
        Body: b'{"volume": {"id": "f7f5a194-597c-4ca6-85ec-fe057b34242c", "status": "deleting", "size": 1, "availability_zone": "nova", "created_at": "2026-03-26T11:03:47.000000", "updated_at": "2026-03-26T11:03:50.000000", "name": "tempest-VolumesDeleteCascade-Volume-308554469", "description": null, "volume_type": "arcusfc1", "snapshot_id": null, "source_volid": null, "metadata": {}, "links": [{"rel": "self", "href": "http://10.132.44.209/volume/v3/volumes/f7f5a194-597c-4ca6-85ec-fe057b34242c"}, {"rel": "bookmark", "href": "http://10.132.44.209/volume/volumes/f7f5a194-597c-4ca6-85ec-fe057b34242c"}], "user_id": "0495918e1ed64bbb937615df1f938f30", "bootable": "false", "encrypted": false, "replication_status": null, "consistencygroup_id": null, "multiattach": false, "attachments": [], "os-vol-tenant-attr:tenant_id": "f92c30465503415cbc00028e1055323b"}}'
2026-03-26 11:05:28,302 129489 INFO     [tempest.lib.common.rest_client] Request (VolumesDeleteCascade:test_volume_from_snapshot_cascade_delete): 200 GET http://10.132.44.209/volume/v3/volumes/f7f5a194-597c-4ca6-85ec-fe057b34242c 0.041s
2026-03-26 11:05:28,303 129489 DEBUG    [tempest.lib.common.rest_client] Request - Headers: {'Content-Type': 'application/json', 'Accept': 'application/json', 'X-Auth-Token': '<omitted>'}
        Body: None
    Response - Headers: {'date': 'Thu, 26 Mar 2026 11:05:28 GMT', 'server': 'Apache/2.4.58 (Ubuntu)', 'content-type': 'application/json', 'x-compute-request-id': 'req-88e18c0d-ba85-4149-a8cb-4d3c06c4e214', 'content-length': '846', 'openstack-api-version': 'volume 3.0', 'vary': 'OpenStack-API-Version', 'x-openstack-request-id': 'req-88e18c0d-ba85-4149-a8cb-4d3c06c4e214', 'conne
    ction': 'close', 'status': '200', 'content-location': 'http://10.132.44.209/volume/v3/volumes/f7f5a194-597c-4ca6-85ec-fe057b34242c'}
        Body: b'{"volume": {"id": "f7f5a194-597c-4ca6-85ec-fe057b34242c", "status": "deleting", "size": 1, "availability_zone": "nova", "created_at": "2026-03-26T11:03:47.000000", "updated_at": "2026-03-26T11:03:50.000000", "name": "tempest-VolumesDeleteCascade-Volume-308554469", "description": null, "volume_type": "arcusfc1", "snapshot_id": null, "source_volid": null, "metadata": {}, "links": [{"rel": "self", "href": "http://10.132.44.209/volume/v3/volumes/f7f5a194-597c-4ca6-85ec-fe057b34242c"}, {"rel": "bookmark", "href": "http://10.132.44.209/volume/volumes/f7f5a194-597c-4ca6-85ec-fe057b34242c"}], "user_id": "0495918e1ed64bbb937615df1f938f30", "bootable": "false", "encrypted": false, "replication_status": null, "consistencygroup_id": null, "multiattach": false, "attachments": [], "os-vol-tenant-attr:tenant_id": "f92c30465503415cbc00028e1055323b"}}'
2026-03-26 11:05:29,348 129489 INFO     [tempest.lib.common.rest_client] Request (VolumesDeleteCascade:test_volume_from_snapshot_cascade_delete): 200 GET http://10.132.44.209/volume/v3/volumes/f7f5a194-597c-4ca6-85ec-fe057b34242c 0.036s
2026-03-26 11:05:29,349 129489 DEBUG    [tempest.lib.common.rest_client] Request - Headers: {'Content-Type': 'application/json', 'Accept': 'application/json', 'X-Auth-Token': '<omitted>'}
        Body: None
    Response - Headers: {'date': 'Thu, 26 Mar 2026 11:05:29 GMT', 'server': 'Apache/2.4.58 (Ubuntu)', 'content-type': 'application/json', 'x-compute-request-id': 'req-e73eeba0-0d24-4b1d-82bd-72b43c62c29d', 'content-length': '846', 'openstack-api-version': 'volume 3.0', 'vary': 'OpenStack-API-Version', 'x-openstack-request-id': 'req-e73eeba0-0d24-4b1d-82bd-72b43c62c29d', 'connection': 'close', 'status': '200', 'content-location': 'http://10.132.44.209/volume/v3/volumes/f7f5a194-597c-4ca6-85ec-fe057b34242c'}
        Body: b'{"volume": {"id": "f7f5a194-597c-4ca6-85ec-fe057b34242c", "status": "deleting", "size": 1, "availability_zone": "nova", "created_at": "2026-03-26T11:03:47.000000", "updated_at": "2026-03-26T11:03:50.000000", "name": "tempest-VolumesDeleteCascade-Volume-308554469", "description": null, "volume_type": "arcusfc1", "snapshot_id": null, "source_volid": null, "metadata": {}, "links": [{"rel": "self", "href": "http://10.132.44.209/volume/v3/volumes/f7f5a194-597c-4ca6-85ec-fe057b34242c"}, {"rel": "bookmark", "href": "http://10.132.44.209/volume/volumes/f7f5a194-597c-4ca6-85ec-fe057b34242c"}], "user_id": "0495918e1ed64bbb937615df1f938f30", "bootable": "false", "encrypted": false, "replication_status": null, "consistencygroup_id": null, "multiattach": false, "attachments": [], "os-vol-tenant-attr:tenant_id": "f92c30465503415cbc00028e1055323b"}}'
2026-03-26 11:05:30,410 129489 INFO     [tempest.lib.common.rest_client] Request (VolumesDeleteCascade:test_volume_from_snapshot_cascade_delete): 200 GET http://10.132.44.209/volume/v3/volumes/f7f5a194-597c-4ca6-85ec-fe057b34242c 0.050s
2026-03-26 11:05:30,410 129489 DEBUG    [tempest.lib.common.rest_client] Request - Headers: {'Content-Type': 'application/json', 'Accept': 'application/json', 'X-Auth-Token': '<omitted>'}
        Body: None
    Response - Headers: {'date': 'Thu, 26 Mar 2026 11:05:30 GMT', 'server': 'Apache/2.4.58 (Ubuntu)', 'content-type': 'application/json', 'x-compute-request-id': 'req-13445fcb-0395-4d14-8cf8-fa18573d6506', 'content-length': '846', 'openstack-api-version': 'volume 3.0', 'vary': 'OpenStack-API-Version', 'x-openstack-request-id': 'req-13445fcb-0395-4d14-8cf8-fa18573d6506', 'connection': 'close', 'status': '200', 'content-location': 'http://10.132.44.209/volume/v3/volumes/f7f5a194-597c-4ca6-85ec-fe057b34242c'}
        Body: b'{"volume": {"id": "f7f5a194-597c-4ca6-85ec-fe057b34242c", "status": "deleting", "size": 1, "availability_zone": "nova", "created_at": "2026-03-26T11:03:47.000000", "updated_at": "2026-03-26T11:03:50.000000", "name": "tempest-VolumesDeleteCascade-Volume-308554469", "description": null, "volume_type": "arcus
    fc1", "snapshot_id": null, "source_volid": null, "metadata": {}, "links": [{"rel": "self", "href": "http://10.132.44.209/volume/v3/volumes/f7f5a194-597c-4ca6-85ec-fe057b34242c"}, {"rel": "bookmark", "href": "http://10.132.44.209/volume/volumes/f7f5a194-597c-4ca6-85ec-fe057b34242c"}], "user_id": "0495918e1ed64bbb937615df1f938f30", "bootable": "false", "encrypted": false, "replication_status": null, "consistencygroup_id": null, "multiattach": false, "attachments": [], "os-vol-tenant-attr:tenant_id": "f92c30465503415cbc00028e1055323b"}}'
2026-03-26 11:05:31,462 129489 INFO     [tempest.lib.common.rest_client] Request (VolumesDeleteCascade:test_volume_from_snapshot_cascade_delete): 200 GET http://10.132.44.209/volume/v3/volumes/f7f5a194-597c-4ca6-85ec-fe057b34242c 0.039s
2026-03-26 11:05:31,462 129489 DEBUG    [tempest.lib.common.rest_client] Request - Headers: {'Content-Type': 'application/json', 'Accept': 'application/json', 'X-Auth-Token': '<omitted>'}
        Body: None
    Response - Headers: {'date': 'Thu, 26 Mar 2026 11:05:31 GMT', 'server': 'Apache/2.4.58 (Ubuntu)', 'content-type': 'application/json', 'x-compute-request-id': 'req-03f54889-6736-45e3-ac0f-7323dcc04ed5', 'content-length': '846', 'openstack-api-version': 'volume 3.0', 'vary': 'OpenStack-API-Version', 'x-openstack-request-id': 'req-03f54889-6736-45e3-ac0f-7323dcc04ed5', 'connection': 'close', 'status': '200', 'content-location': 'http://10.132.44.209/volume/v3/volumes/f7f5a194-597c-4ca6-85ec-fe057b34242c'}
        Body: b'{"volume": {"id": "f7f5a194-597c-4ca6-85ec-fe057b34242c", "status": "deleting", "size": 1, "availability_zone": "nova", "created_at": "2026-03-26T11:03:47.000000", "updated_at": "2026-03-26T11:03:50.000000", "name": "tempest-VolumesDeleteCascade-Volume-308554469", "description": null, "volume_type": "arcusfc1", "snapshot_id": null, "source_volid": null, "metadata": {}, "links": [{"rel": "self", "href": "http://10.132.44.209/volume/v3/volumes/f7f5a194-597c-4ca6-85ec-fe057b34242c"}, {"rel": "bookmark", "href": "http://10.132.44.209/volume/volumes/f7f5a194-597c-4ca6-85ec-fe057b34242c"}], "user_id": "0495918e1ed64bbb937615df1f938f30", "bootable": "false", "encrypted": false, "replication_status": null, "consistencygroup_id": null, "multiattach": false, "attachments": [], "os-vol-tenant-attr:tenant_id": "f92c30465503415cbc00028e1055323b"}}'
2026-03-26 11:05:32,505 129489 INFO     [tempest.lib.common.rest_client] Request (VolumesDeleteCascade:test_volume_from_snapshot_cascade_delete): 200 GET http://10.132.44.209/volume/v3/volumes/f7f5a194-597c-4ca6-85ec-fe057b34242c 0.033s
2026-03-26 11:05:32,505 129489 DEBUG    [tempest.lib.common.rest_client] Request - Headers: {'Content-Type': 'application/json', 'Accept': 'application/json', 'X-Auth-Token': '<omitted>'}
        Body: None
    Response - Headers: {'date': 'Thu, 26 Mar 2026 11:05:32 GMT', 'server': 'Apache/2.4.58 (Ubuntu)', 'content-type': 'application/json', 'x-compute-request-id': 'req-b61a298d-e304-49b7-aec6-6d6eba4f167a', 'content-length': '846', 'openstack-api-version': 'volume 3.0', 'vary': 'OpenStack-API-Version', 'x-openstack-request-id': 'req-b61a298d-e304-49b7-aec6-6d6eba4f167a', 'connection': 'close', 'status': '200', 'content-location': 'http://10.132.44.209/volume/v3/volumes/f7f5a194-597c-4ca6-85ec-fe057b34242c'}
        Body: b'{"volume": {"id": "f7f5a194-597c-4ca6-85ec-fe057b34242c", "status": "deleting", "size": 1, "availability_zone": "nova", "created_at": "2026-03-26T11:03:47.000000", "updated_at": "2026-03-26T11:03:50.000000", "name": "tempest-VolumesDeleteCascade-Volume-308554469", "description": null, "volume_type": "arcusfc1", "snapshot_id": null, "source_volid": null, "metadata": {}, "links": [{"rel": "self", "href": "http://10.132.44.209/volume/v3/volumes/f7f5a194-597c-4ca6-85ec-fe057b34242c"}, {"rel": "bookmark", "href": "http://10.132.44.209/volume/volumes/f7f5a194-597c-4ca6-85ec-fe057b34242c"}], "user_id": "0495918e1ed64bbb937615df1f938f30", "bootable": "false", "encrypted": false, "replication_status": null, "consistencygroup_id": null, "multiattach": false, "att
    achments": [], "os-vol-tenant-attr:tenant_id": "f92c30465503415cbc00028e1055323b"}}'
2026-03-26 11:05:33,555 129489 INFO     [tempest.lib.common.rest_client] Request (VolumesDeleteCascade:test_volume_from_snapshot_cascade_delete): 200 GET http://10.132.44.209/volume/v3/volumes/f7f5a194-597c-4ca6-85ec-fe057b34242c 0.043s
2026-03-26 11:05:33,556 129489 DEBUG    [tempest.lib.common.rest_client] Request - Headers: {'Content-Type': 'application/json', 'Accept': 'application/json', 'X-Auth-Token': '<omitted>'}
        Body: None
    Response - Headers: {'date': 'Thu, 26 Mar 2026 11:05:33 GMT', 'server': 'Apache/2.4.58 (Ubuntu)', 'content-type': 'application/json', 'x-compute-request-id': 'req-8f4cbe40-10a1-4213-8b93-ead9b41537d2', 'content-length': '846', 'openstack-api-version': 'volume 3.0', 'vary': 'OpenStack-API-Version', 'x-openstack-request-id': 'req-8f4cbe40-10a1-4213-8b93-ead9b41537d2', 'connection': 'close', 'status': '200', 'content-location': 'http://10.132.44.209/volume/v3/volumes/f7f5a194-597c-4ca6-85ec-fe057b34242c'}
        Body: b'{"volume": {"id": "f7f5a194-597c-4ca6-85ec-fe057b34242c", "status": "deleting", "size": 1, "availability_zone": "nova", "created_at": "2026-03-26T11:03:47.000000", "updated_at": "2026-03-26T11:03:50.000000", "name": "tempest-VolumesDeleteCascade-Volume-308554469", "description": null, "volume_type": "arcusfc1", "snapshot_id": null, "source_volid": null, "metadata": {}, "links": [{"rel": "self", "href": "http://10.132.44.209/volume/v3/volumes/f7f5a194-597c-4ca6-85ec-fe057b34242c"}, {"rel": "bookmark", "href": "http://10.132.44.209/volume/volumes/f7f5a194-597c-4ca6-85ec-fe057b34242c"}], "user_id": "0495918e1ed64bbb937615df1f938f30", "bootable": "false", "encrypted": false, "replication_status": null, "consistencygroup_id": null, "multiattach": false, "attachments": [], "os-vol-tenant-attr:tenant_id": "f92c30465503415cbc00028e1055323b"}}'
2026-03-26 11:05:34,604 129489 INFO     [tempest.lib.common.rest_client] Request (VolumesDeleteCascade:test_volume_from_snapshot_cascade_delete): 200 GET http://10.132.44.209/volume/v3/volumes/f7f5a194-597c-4ca6-85ec-fe057b34242c 0.035s
2026-03-26 11:05:34,605 129489 DEBUG    [tempest.lib.common.rest_client] Request - Headers: {'Content-Type': 'application/json', 'Accept': 'application/json', 'X-Auth-Token': '<omitted>'}
        Body: None
    Response - Headers: {'date': 'Thu, 26 Mar 2026 11:05:34 GMT', 'server': 'Apache/2.4.58 (Ubuntu)', 'content-type': 'application/json', 'x-compute-request-id': 'req-821e7888-f4d2-400f-a6e0-343a6d02c153', 'content-length': '846', 'openstack-api-version': 'volume 3.0', 'vary': 'OpenStack-API-Version', 'x-openstack-request-id': 'req-821e7888-f4d2-400f-a6e0-343a6d02c153', 'connection': 'close', 'status': '200', 'content-location': 'http://10.132.44.209/volume/v3/volumes/f7f5a194-597c-4ca6-85ec-fe057b34242c'}
        Body: b'{"volume": {"id": "f7f5a194-597c-4ca6-85ec-fe057b34242c", "status": "deleting", "size": 1, "availability_zone": "nova", "created_at": "2026-03-26T11:03:47.000000", "updated_at": "2026-03-26T11:03:50.000000", "name": "tempest-VolumesDeleteCascade-Volume-308554469", "description": null, "volume_type": "arcusfc1", "snapshot_id": null, "source_volid": null, "metadata": {}, "links": [{"rel": "self", "href": "http://10.132.44.209/volume/v3/volumes/f7f5a194-597c-4ca6-85ec-fe057b34242c"}, {"rel": "bookmark", "href": "http://10.132.44.209/volume/volumes/f7f5a194-597c-4ca6-85ec-fe057b34242c"}], "user_id": "0495918e1ed64bbb937615df1f938f30", "bootable": "false", "encrypted": false, "replication_status": null, "consistencygroup_id": null, "multiattach": false, "attachments": [], "os-vol-tenant-attr:tenant_id": "f92c30465503415cbc00028e1055323b"}}'
2026-03-26 11:05:35,649 129489 INFO     [tempest.lib.common.rest_client] Request (VolumesDeleteCascade:test_volume_from_snapshot_cascade_delete): 200 GET http://10.132.44.209/volume/v3/volumes/f7f5a194-597c-4ca6-85ec-fe057b34242c 0.035s
2026-03-26 11:05:35,649 129489 DEBUG    [tempest.lib.common.rest_client] Request - Headers: {'Content-Type': 'application/json', 'Acce
    pt': 'application/json', 'X-Auth-Token': '<omitted>'}
        Body: None
    Response - Headers: {'date': 'Thu, 26 Mar 2026 11:05:35 GMT', 'server': 'Apache/2.4.58 (Ubuntu)', 'content-type': 'application/json', 'x-compute-request-id': 'req-79d006b8-f118-4909-a841-6ea57b94fa2a', 'content-length': '846', 'openstack-api-version': 'volume 3.0', 'vary': 'OpenStack-API-Version', 'x-openstack-request-id': 'req-79d006b8-f118-4909-a841-6ea57b94fa2a', 'connection': 'close', 'status': '200', 'content-location': 'http://10.132.44.209/volume/v3/volumes/f7f5a194-597c-4ca6-85ec-fe057b34242c'}
        Body: b'{"volume": {"id": "f7f5a194-597c-4ca6-85ec-fe057b34242c", "status": "deleting", "size": 1, "availability_zone": "nova", "created_at": "2026-03-26T11:03:47.000000", "updated_at": "2026-03-26T11:03:50.000000", "name": "tempest-VolumesDeleteCascade-Volume-308554469", "description": null, "volume_type": "arcusfc1", "snapshot_id": null, "source_volid": null, "metadata": {}, "links": [{"rel": "self", "href": "http://10.132.44.209/volume/v3/volumes/f7f5a194-597c-4ca6-85ec-fe057b34242c"}, {"rel": "bookmark", "href": "http://10.132.44.209/volume/volumes/f7f5a194-597c-4ca6-85ec-fe057b34242c"}], "user_id": "0495918e1ed64bbb937615df1f938f30", "bootable": "false", "encrypted": false, "replication_status": null, "consistencygroup_id": null, "multiattach": false, "attachments": [], "os-vol-tenant-attr:tenant_id": "f92c30465503415cbc00028e1055323b"}}'
2026-03-26 11:05:36,694 129489 INFO     [tempest.lib.common.rest_client] Request (VolumesDeleteCascade:test_volume_from_snapshot_cascade_delete): 200 GET http://10.132.44.209/volume/v3/volumes/f7f5a194-597c-4ca6-85ec-fe057b34242c 0.036s
2026-03-26 11:05:36,695 129489 DEBUG    [tempest.lib.common.rest_client] Request - Headers: {'Content-Type': 'application/json', 'Accept': 'application/json', 'X-Auth-Token': '<omitted>'}
        Body: None
    Response - Headers: {'date': 'Thu, 26 Mar 2026 11:05:36 GMT', 'server': 'Apache/2.4.58 (Ubuntu)', 'content-type': 'application/json', 'x-compute-request-id': 'req-b1d7baed-75ee-43f8-9524-dfb21c7cf749', 'content-length': '846', 'openstack-api-version': 'volume 3.0', 'vary': 'OpenStack-API-Version', 'x-openstack-request-id': 'req-b1d7baed-75ee-43f8-9524-dfb21c7cf749', 'connection': 'close', 'status': '200', 'content-location': 'http://10.132.44.209/volume/v3/volumes/f7f5a194-597c-4ca6-85ec-fe057b34242c'}
        Body: b'{"volume": {"id": "f7f5a194-597c-4ca6-85ec-fe057b34242c", "status": "deleting", "size": 1, "availability_zone": "nova", "created_at": "2026-03-26T11:03:47.000000", "updated_at": "2026-03-26T11:03:50.000000", "name": "tempest-VolumesDeleteCascade-Volume-308554469", "description": null, "volume_type": "arcusfc1", "snapshot_id": null, "source_volid": null, "metadata": {}, "links": [{"rel": "self", "href": "http://10.132.44.209/volume/v3/volumes/f7f5a194-597c-4ca6-85ec-fe057b34242c"}, {"rel": "bookmark", "href": "http://10.132.44.209/volume/volumes/f7f5a194-597c-4ca6-85ec-fe057b34242c"}], "user_id": "0495918e1ed64bbb937615df1f938f30", "bootable": "false", "encrypted": false, "replication_status": null, "consistencygroup_id": null, "multiattach": false, "attachments": [], "os-vol-tenant-attr:tenant_id": "f92c30465503415cbc00028e1055323b"}}'
2026-03-26 11:05:37,743 129489 INFO     [tempest.lib.common.rest_client] Request (VolumesDeleteCascade:test_volume_from_snapshot_cascade_delete): 200 GET http://10.132.44.209/volume/v3/volumes/f7f5a194-597c-4ca6-85ec-fe057b34242c 0.034s
2026-03-26 11:05:37,743 129489 DEBUG    [tempest.lib.common.rest_client] Request - Headers: {'Content-Type': 'application/json', 'Accept': 'application/json', 'X-Auth-Token': '<omitted>'}
        Body: None
    Response - Headers: {'date': 'Thu, 26 Mar 2026 11:05:37 GMT', 'server': 'Apache/2.4.58 (Ubuntu)', 'content-type': 'application/json', 'x-compute-request-id': 'req-95cc281d-d882-4ae7-995f-eec630ad079c', 'content-length': '846', 'openstack-api-version': 'volume 3.0', 'vary': 'OpenStack-API-Version', 'x-openstack-request-id': 'req-95cc281d-d882-4ae7-995f-eec630ad079c', 'connectio
    n': 'close', 'status': '200', 'content-location': 'http://10.132.44.209/volume/v3/volumes/f7f5a194-597c-4ca6-85ec-fe057b34242c'}
        Body: b'{"volume": {"id": "f7f5a194-597c-4ca6-85ec-fe057b34242c", "status": "deleting", "size": 1, "availability_zone": "nova", "created_at": "2026-03-26T11:03:47.000000", "updated_at": "2026-03-26T11:03:50.000000", "name": "tempest-VolumesDeleteCascade-Volume-308554469", "description": null, "volume_type": "arcusfc1", "snapshot_id": null, "source_volid": null, "metadata": {}, "links": [{"rel": "self", "href": "http://10.132.44.209/volume/v3/volumes/f7f5a194-597c-4ca6-85ec-fe057b34242c"}, {"rel": "bookmark", "href": "http://10.132.44.209/volume/volumes/f7f5a194-597c-4ca6-85ec-fe057b34242c"}], "user_id": "0495918e1ed64bbb937615df1f938f30", "bootable": "false", "encrypted": false, "replication_status": null, "consistencygroup_id": null, "multiattach": false, "attachments": [], "os-vol-tenant-attr:tenant_id": "f92c30465503415cbc00028e1055323b"}}'
2026-03-26 11:05:38,784 129489 INFO     [tempest.lib.common.rest_client] Request (VolumesDeleteCascade:test_volume_from_snapshot_cascade_delete): 200 GET http://10.132.44.209/volume/v3/volumes/f7f5a194-597c-4ca6-85ec-fe057b34242c 0.033s
2026-03-26 11:05:38,784 129489 DEBUG    [tempest.lib.common.rest_client] Request - Headers: {'Content-Type': 'application/json', 'Accept': 'application/json', 'X-Auth-Token': '<omitted>'}
        Body: None
    Response - Headers: {'date': 'Thu, 26 Mar 2026 11:05:38 GMT', 'server': 'Apache/2.4.58 (Ubuntu)', 'content-type': 'application/json', 'x-compute-request-id': 'req-583215fb-1203-4074-b0f4-c8a7c0fe5648', 'content-length': '846', 'openstack-api-version': 'volume 3.0', 'vary': 'OpenStack-API-Version', 'x-openstack-request-id': 'req-583215fb-1203-4074-b0f4-c8a7c0fe5648', 'connection': 'close', 'status': '200', 'content-location': 'http://10.132.44.209/volume/v3/volumes/f7f5a194-597c-4ca6-85ec-fe057b34242c'}
        Body: b'{"volume": {"id": "f7f5a194-597c-4ca6-85ec-fe057b34242c", "status": "deleting", "size": 1, "availability_zone": "nova", "created_at": "2026-03-26T11:03:47.000000", "updated_at": "2026-03-26T11:03:50.000000", "name": "tempest-VolumesDeleteCascade-Volume-308554469", "description": null, "volume_type": "arcusfc1", "snapshot_id": null, "source_volid": null, "metadata": {}, "links": [{"rel": "self", "href": "http://10.132.44.209/volume/v3/volumes/f7f5a194-597c-4ca6-85ec-fe057b34242c"}, {"rel": "bookmark", "href": "http://10.132.44.209/volume/volumes/f7f5a194-597c-4ca6-85ec-fe057b34242c"}], "user_id": "0495918e1ed64bbb937615df1f938f30", "bootable": "false", "encrypted": false, "replication_status": null, "consistencygroup_id": null, "multiattach": false, "attachments": [], "os-vol-tenant-attr:tenant_id": "f92c30465503415cbc00028e1055323b"}}'
2026-03-26 11:05:39,829 129489 INFO     [tempest.lib.common.rest_client] Request (VolumesDeleteCascade:test_volume_from_snapshot_cascade_delete): 200 GET http://10.132.44.209/volume/v3/volumes/f7f5a194-597c-4ca6-85ec-fe057b34242c 0.037s
2026-03-26 11:05:39,829 129489 DEBUG    [tempest.lib.common.rest_client] Request - Headers: {'Content-Type': 'application/json', 'Accept': 'application/json', 'X-Auth-Token': '<omitted>'}
        Body: None
    Response - Headers: {'date': 'Thu, 26 Mar 2026 11:05:39 GMT', 'server': 'Apache/2.4.58 (Ubuntu)', 'content-type': 'application/json', 'x-compute-request-id': 'req-d295d997-24b5-4182-a6a5-73d303ed77ab', 'content-length': '846', 'openstack-api-version': 'volume 3.0', 'vary': 'OpenStack-API-Version', 'x-openstack-request-id': 'req-d295d997-24b5-4182-a6a5-73d303ed77ab', 'connection': 'close', 'status': '200', 'content-location': 'http://10.132.44.209/volume/v3/volumes/f7f5a194-597c-4ca6-85ec-fe057b34242c'}
        Body: b'{"volume": {"id": "f7f5a194-597c-4ca6-85ec-fe057b34242c", "status": "deleting", "size": 1, "availability_zone": "nova", "created_at": "2026-03-26T11:03:47.000000", "updated_at": "2026-03-26T11:03:50.000000", "name": "tempest-VolumesDeleteCascade-Volume-308554469", "description": null, "volume_type": "arcusfc1"
    , "snapshot_id": null, "source_volid": null, "metadata": {}, "links": [{"rel": "self", "href": "http://10.132.44.209/volume/v3/volumes/f7f5a194-597c-4ca6-85ec-fe057b34242c"}, {"rel": "bookmark", "href": "http://10.132.44.209/volume/volumes/f7f5a194-597c-4ca6-85ec-fe057b34242c"}], "user_id": "0495918e1ed64bbb937615df1f938f30", "bootable": "false", "encrypted": false, "replication_status": null, "consistencygroup_id": null, "multiattach": false, "attachments": [], "os-vol-tenant-attr:tenant_id": "f92c30465503415cbc00028e1055323b"}}'
2026-03-26 11:05:40,883 129489 INFO     [tempest.lib.common.rest_client] Request (VolumesDeleteCascade:test_volume_from_snapshot_cascade_delete): 200 GET http://10.132.44.209/volume/v3/volumes/f7f5a194-597c-4ca6-85ec-fe057b34242c 0.042s
2026-03-26 11:05:40,883 129489 DEBUG    [tempest.lib.common.rest_client] Request - Headers: {'Content-Type': 'application/json', 'Accept': 'application/json', 'X-Auth-Token': '<omitted>'}
        Body: None
    Response - Headers: {'date': 'Thu, 26 Mar 2026 11:05:40 GMT', 'server': 'Apache/2.4.58 (Ubuntu)', 'content-type': 'application/json', 'x-compute-request-id': 'req-6466a886-3a1f-4d0c-8671-54399fad48a9', 'content-length': '846', 'openstack-api-version': 'volume 3.0', 'vary': 'OpenStack-API-Version', 'x-openstack-request-id': 'req-6466a886-3a1f-4d0c-8671-54399fad48a9', 'connection': 'close', 'status': '200', 'content-location': 'http://10.132.44.209/volume/v3/volumes/f7f5a194-597c-4ca6-85ec-fe057b34242c'}
        Body: b'{"volume": {"id": "f7f5a194-597c-4ca6-85ec-fe057b34242c", "status": "deleting", "size": 1, "availability_zone": "nova", "created_at": "2026-03-26T11:03:47.000000", "updated_at": "2026-03-26T11:03:50.000000", "name": "tempest-VolumesDeleteCascade-Volume-308554469", "description": null, "volume_type": "arcusfc1", "snapshot_id": null, "source_volid": null, "metadata": {}, "links": [{"rel": "self", "href": "http://10.132.44.209/volume/v3/volumes/f7f5a194-597c-4ca6-85ec-fe057b34242c"}, {"rel": "bookmark", "href": "http://10.132.44.209/volume/volumes/f7f5a194-597c-4ca6-85ec-fe057b34242c"}], "user_id": "0495918e1ed64bbb937615df1f938f30", "bootable": "false", "encrypted": false, "replication_status": null, "consistencygroup_id": null, "multiattach": false, "attachments": [], "os-vol-tenant-attr:tenant_id": "f92c30465503415cbc00028e1055323b"}}'
2026-03-26 11:05:41,932 129489 INFO     [tempest.lib.common.rest_client] Request (VolumesDeleteCascade:test_volume_from_snapshot_cascade_delete): 200 GET http://10.132.44.209/volume/v3/volumes/f7f5a194-597c-4ca6-85ec-fe057b34242c 0.040s
2026-03-26 11:05:41,932 129489 DEBUG    [tempest.lib.common.rest_client] Request - Headers: {'Content-Type': 'application/json', 'Accept': 'application/json', 'X-Auth-Token': '<omitted>'}
        Body: None
    Response - Headers: {'date': 'Thu, 26 Mar 2026 11:05:41 GMT', 'server': 'Apache/2.4.58 (Ubuntu)', 'content-type': 'application/json', 'x-compute-request-id': 'req-654f7fed-bf07-4679-a7fa-04c249c2e976', 'content-length': '846', 'openstack-api-version': 'volume 3.0', 'vary': 'OpenStack-API-Version', 'x-openstack-request-id': 'req-654f7fed-bf07-4679-a7fa-04c249c2e976', 'connection': 'close', 'status': '200', 'content-location': 'http://10.132.44.209/volume/v3/volumes/f7f5a194-597c-4ca6-85ec-fe057b34242c'}
        Body: b'{"volume": {"id": "f7f5a194-597c-4ca6-85ec-fe057b34242c", "status": "deleting", "size": 1, "availability_zone": "nova", "created_at": "2026-03-26T11:03:47.000000", "updated_at": "2026-03-26T11:03:50.000000", "name": "tempest-VolumesDeleteCascade-Volume-308554469", "description": null, "volume_type": "arcusfc1", "snapshot_id": null, "source_volid": null, "metadata": {}, "links": [{"rel": "self", "href": "http://10.132.44.209/volume/v3/volumes/f7f5a194-597c-4ca6-85ec-fe057b34242c"}, {"rel": "bookmark", "href": "http://10.132.44.209/volume/volumes/f7f5a194-597c-4ca6-85ec-fe057b34242c"}], "user_id": "0495918e1ed64bbb937615df1f938f30", "bootable": "false", "encrypted": false, "replication_status": null, "consistencygroup_id": null, "multiattach": false, "attachm
    ents": [], "os-vol-tenant-attr:tenant_id": "f92c30465503415cbc00028e1055323b"}}'
2026-03-26 11:05:42,985 129489 INFO     [tempest.lib.common.rest_client] Request (VolumesDeleteCascade:test_volume_from_snapshot_cascade_delete): 200 GET http://10.132.44.209/volume/v3/volumes/f7f5a194-597c-4ca6-85ec-fe057b34242c 0.038s
2026-03-26 11:05:42,986 129489 DEBUG    [tempest.lib.common.rest_client] Request - Headers: {'Content-Type': 'application/json', 'Accept': 'application/json', 'X-Auth-Token': '<omitted>'}
        Body: None
    Response - Headers: {'date': 'Thu, 26 Mar 2026 11:05:42 GMT', 'server': 'Apache/2.4.58 (Ubuntu)', 'content-type': 'application/json', 'x-compute-request-id': 'req-2c5753cb-9c8a-4cc7-9b7d-c9b812f5d815', 'content-length': '846', 'openstack-api-version': 'volume 3.0', 'vary': 'OpenStack-API-Version', 'x-openstack-request-id': 'req-2c5753cb-9c8a-4cc7-9b7d-c9b812f5d815', 'connection': 'close', 'status': '200', 'content-location': 'http://10.132.44.209/volume/v3/volumes/f7f5a194-597c-4ca6-85ec-fe057b34242c'}
        Body: b'{"volume": {"id": "f7f5a194-597c-4ca6-85ec-fe057b34242c", "status": "deleting", "size": 1, "availability_zone": "nova", "created_at": "2026-03-26T11:03:47.000000", "updated_at": "2026-03-26T11:03:50.000000", "name": "tempest-VolumesDeleteCascade-Volume-308554469", "description": null, "volume_type": "arcusfc1", "snapshot_id": null, "source_volid": null, "metadata": {}, "links": [{"rel": "self", "href": "http://10.132.44.209/volume/v3/volumes/f7f5a194-597c-4ca6-85ec-fe057b34242c"}, {"rel": "bookmark", "href": "http://10.132.44.209/volume/volumes/f7f5a194-597c-4ca6-85ec-fe057b34242c"}], "user_id": "0495918e1ed64bbb937615df1f938f30", "bootable": "false", "encrypted": false, "replication_status": null, "consistencygroup_id": null, "multiattach": false, "attachments": [], "os-vol-tenant-attr:tenant_id": "f92c30465503415cbc00028e1055323b"}}'
2026-03-26 11:05:44,041 129489 INFO     [tempest.lib.common.rest_client] Request (VolumesDeleteCascade:test_volume_from_snapshot_cascade_delete): 200 GET http://10.132.44.209/volume/v3/volumes/f7f5a194-597c-4ca6-85ec-fe057b34242c 0.040s
2026-03-26 11:05:44,041 129489 DEBUG    [tempest.lib.common.rest_client] Request - Headers: {'Content-Type': 'application/json', 'Accept': 'application/json', 'X-Auth-Token': '<omitted>'}
        Body: None
    Response - Headers: {'date': 'Thu, 26 Mar 2026 11:05:44 GMT', 'server': 'Apache/2.4.58 (Ubuntu)', 'content-type': 'application/json', 'x-compute-request-id': 'req-a4c4d0da-63f7-4ce0-be0e-f76ccaa42c3e', 'content-length': '846', 'openstack-api-version': 'volume 3.0', 'vary': 'OpenStack-API-Version', 'x-openstack-request-id': 'req-a4c4d0da-63f7-4ce0-be0e-f76ccaa42c3e', 'connection': 'close', 'status': '200', 'content-location': 'http://10.132.44.209/volume/v3/volumes/f7f5a194-597c-4ca6-85ec-fe057b34242c'}
        Body: b'{"volume": {"id": "f7f5a194-597c-4ca6-85ec-fe057b34242c", "status": "deleting", "size": 1, "availability_zone": "nova", "created_at": "2026-03-26T11:03:47.000000", "updated_at": "2026-03-26T11:03:50.000000", "name": "tempest-VolumesDeleteCascade-Volume-308554469", "description": null, "volume_type": "arcusfc1", "snapshot_id": null, "source_volid": null, "metadata": {}, "links": [{"rel": "self", "href": "http://10.132.44.209/volume/v3/volumes/f7f5a194-597c-4ca6-85ec-fe057b34242c"}, {"rel": "bookmark", "href": "http://10.132.44.209/volume/volumes/f7f5a194-597c-4ca6-85ec-fe057b34242c"}], "user_id": "0495918e1ed64bbb937615df1f938f30", "bootable": "false", "encrypted": false, "replication_status": null, "consistencygroup_id": null, "multiattach": false, "attachments": [], "os-vol-tenant-attr:tenant_id": "f92c30465503415cbc00028e1055323b"}}'
2026-03-26 11:05:45,091 129489 INFO     [tempest.lib.common.rest_client] Request (VolumesDeleteCascade:test_volume_from_snapshot_cascade_delete): 200 GET http://10.132.44.209/volume/v3/volumes/f7f5a194-597c-4ca6-85ec-fe057b34242c 0.037s
2026-03-26 11:05:45,092 129489 DEBUG    [tempest.lib.common.rest_client] Request - Headers: {'Content-Type': 'application/json', 'Accept':
     'application/json', 'X-Auth-Token': '<omitted>'}
        Body: None
    Response - Headers: {'date': 'Thu, 26 Mar 2026 11:05:45 GMT', 'server': 'Apache/2.4.58 (Ubuntu)', 'content-type': 'application/json', 'x-compute-request-id': 'req-9bbe15c2-3165-4c64-9d4a-8d122276c577', 'content-length': '846', 'openstack-api-version': 'volume 3.0', 'vary': 'OpenStack-API-Version', 'x-openstack-request-id': 'req-9bbe15c2-3165-4c64-9d4a-8d122276c577', 'connection': 'close', 'status': '200', 'content-location': 'http://10.132.44.209/volume/v3/volumes/f7f5a194-597c-4ca6-85ec-fe057b34242c'}
        Body: b'{"volume": {"id": "f7f5a194-597c-4ca6-85ec-fe057b34242c", "status": "deleting", "size": 1, "availability_zone": "nova", "created_at": "2026-03-26T11:03:47.000000", "updated_at": "2026-03-26T11:03:50.000000", "name": "tempest-VolumesDeleteCascade-Volume-308554469", "description": null, "volume_type": "arcusfc1", "snapshot_id": null, "source_volid": null, "metadata": {}, "links": [{"rel": "self", "href": "http://10.132.44.209/volume/v3/volumes/f7f5a194-597c-4ca6-85ec-fe057b34242c"}, {"rel": "bookmark", "href": "http://10.132.44.209/volume/volumes/f7f5a194-597c-4ca6-85ec-fe057b34242c"}], "user_id": "0495918e1ed64bbb937615df1f938f30", "bootable": "false", "encrypted": false, "replication_status": null, "consistencygroup_id": null, "multiattach": false, "attachments": [], "os-vol-tenant-attr:tenant_id": "f92c30465503415cbc00028e1055323b"}}'
2026-03-26 11:05:46,147 129489 INFO     [tempest.lib.common.rest_client] Request (VolumesDeleteCascade:test_volume_from_snapshot_cascade_delete): 200 GET http://10.132.44.209/volume/v3/volumes/f7f5a194-597c-4ca6-85ec-fe057b34242c 0.040s
2026-03-26 11:05:46,147 129489 DEBUG    [tempest.lib.common.rest_client] Request - Headers: {'Content-Type': 'application/json', 'Accept': 'application/json', 'X-Auth-Token': '<omitted>'}
        Body: None
    Response - Headers: {'date': 'Thu, 26 Mar 2026 11:05:46 GMT', 'server': 'Apache/2.4.58 (Ubuntu)', 'content-type': 'application/json', 'x-compute-request-id': 'req-f68adb72-ae42-4d6a-8b6f-6227fe64cc31', 'content-length': '846', 'openstack-api-version': 'volume 3.0', 'vary': 'OpenStack-API-Version', 'x-openstack-request-id': 'req-f68adb72-ae42-4d6a-8b6f-6227fe64cc31', 'connection': 'close', 'status': '200', 'content-location': 'http://10.132.44.209/volume/v3/volumes/f7f5a194-597c-4ca6-85ec-fe057b34242c'}
        Body: b'{"volume": {"id": "f7f5a194-597c-4ca6-85ec-fe057b34242c", "status": "deleting", "size": 1, "availability_zone": "nova", "created_at": "2026-03-26T11:03:47.000000", "updated_at": "2026-03-26T11:03:50.000000", "name": "tempest-VolumesDeleteCascade-Volume-308554469", "description": null, "volume_type": "arcusfc1", "snapshot_id": null, "source_volid": null, "metadata": {}, "links": [{"rel": "self", "href": "http://10.132.44.209/volume/v3/volumes/f7f5a194-597c-4ca6-85ec-fe057b34242c"}, {"rel": "bookmark", "href": "http://10.132.44.209/volume/volumes/f7f5a194-597c-4ca6-85ec-fe057b34242c"}], "user_id": "0495918e1ed64bbb937615df1f938f30", "bootable": "false", "encrypted": false, "replication_status": null, "consistencygroup_id": null, "multiattach": false, "attachments": [], "os-vol-tenant-attr:tenant_id": "f92c30465503415cbc00028e1055323b"}}'
2026-03-26 11:05:47,206 129489 INFO     [tempest.lib.common.rest_client] Request (VolumesDeleteCascade:test_volume_from_snapshot_cascade_delete): 200 GET http://10.132.44.209/volume/v3/volumes/f7f5a194-597c-4ca6-85ec-fe057b34242c 0.047s
2026-03-26 11:05:47,206 129489 DEBUG    [tempest.lib.common.rest_client] Request - Headers: {'Content-Type': 'application/json', 'Accept': 'application/json', 'X-Auth-Token': '<omitted>'}
        Body: None
    Response - Headers: {'date': 'Thu, 26 Mar 2026 11:05:47 GMT', 'server': 'Apache/2.4.58 (Ubuntu)', 'content-type': 'application/json', 'x-compute-request-id': 'req-00dac078-2998-4e0b-a36a-c1eb40dbc9fd', 'content-length': '846', 'openstack-api-version': 'volume 3.0', 'vary': 'OpenStack-API-Version', 'x-openstack-request-id': 'req-00dac078-2998-4e0b-a36a-c1eb40dbc9fd', 'connection': 
    'close', 'status': '200', 'content-location': 'http://10.132.44.209/volume/v3/volumes/f7f5a194-597c-4ca6-85ec-fe057b34242c'}
        Body: b'{"volume": {"id": "f7f5a194-597c-4ca6-85ec-fe057b34242c", "status": "deleting", "size": 1, "availability_zone": "nova", "created_at": "2026-03-26T11:03:47.000000", "updated_at": "2026-03-26T11:03:50.000000", "name": "tempest-VolumesDeleteCascade-Volume-308554469", "description": null, "volume_type": "arcusfc1", "snapshot_id": null, "source_volid": null, "metadata": {}, "links": [{"rel": "self", "href": "http://10.132.44.209/volume/v3/volumes/f7f5a194-597c-4ca6-85ec-fe057b34242c"}, {"rel": "bookmark", "href": "http://10.132.44.209/volume/volumes/f7f5a194-597c-4ca6-85ec-fe057b34242c"}], "user_id": "0495918e1ed64bbb937615df1f938f30", "bootable": "false", "encrypted": false, "replication_status": null, "consistencygroup_id": null, "multiattach": false, "attachments": [], "os-vol-tenant-attr:tenant_id": "f92c30465503415cbc00028e1055323b"}}'
2026-03-26 11:05:48,258 129489 INFO     [tempest.lib.common.rest_client] Request (VolumesDeleteCascade:test_volume_from_snapshot_cascade_delete): 200 GET http://10.132.44.209/volume/v3/volumes/f7f5a194-597c-4ca6-85ec-fe057b34242c 0.043s
2026-03-26 11:05:48,259 129489 DEBUG    [tempest.lib.common.rest_client] Request - Headers: {'Content-Type': 'application/json', 'Accept': 'application/json', 'X-Auth-Token': '<omitted>'}
        Body: None
    Response - Headers: {'date': 'Thu, 26 Mar 2026 11:05:48 GMT', 'server': 'Apache/2.4.58 (Ubuntu)', 'content-type': 'application/json', 'x-compute-request-id': 'req-2161a582-2ff3-4aac-9f69-199ec36d3621', 'content-length': '846', 'openstack-api-version': 'volume 3.0', 'vary': 'OpenStack-API-Version', 'x-openstack-request-id': 'req-2161a582-2ff3-4aac-9f69-199ec36d3621', 'connection': 'close', 'status': '200', 'content-location': 'http://10.132.44.209/volume/v3/volumes/f7f5a194-597c-4ca6-85ec-fe057b34242c'}
        Body: b'{"volume": {"id": "f7f5a194-597c-4ca6-85ec-fe057b34242c", "status": "deleting", "size": 1, "availability_zone": "nova", "created_at": "2026-03-26T11:03:47.000000", "updated_at": "2026-03-26T11:03:50.000000", "name": "tempest-VolumesDeleteCascade-Volume-308554469", "description": null, "volume_type": "arcusfc1", "snapshot_id": null, "source_volid": null, "metadata": {}, "links": [{"rel": "self", "href": "http://10.132.44.209/volume/v3/volumes/f7f5a194-597c-4ca6-85ec-fe057b34242c"}, {"rel": "bookmark", "href": "http://10.132.44.209/volume/volumes/f7f5a194-597c-4ca6-85ec-fe057b34242c"}], "user_id": "0495918e1ed64bbb937615df1f938f30", "bootable": "false", "encrypted": false, "replication_status": null, "consistencygroup_id": null, "multiattach": false, "attachments": [], "os-vol-tenant-attr:tenant_id": "f92c30465503415cbc00028e1055323b"}}'
2026-03-26 11:05:49,312 129489 INFO     [tempest.lib.common.rest_client] Request (VolumesDeleteCascade:test_volume_from_snapshot_cascade_delete): 200 GET http://10.132.44.209/volume/v3/volumes/f7f5a194-597c-4ca6-85ec-fe057b34242c 0.039s
2026-03-26 11:05:49,313 129489 DEBUG    [tempest.lib.common.rest_client] Request - Headers: {'Content-Type': 'application/json', 'Accept': 'application/json', 'X-Auth-Token': '<omitted>'}
        Body: None
    Response - Headers: {'date': 'Thu, 26 Mar 2026 11:05:49 GMT', 'server': 'Apache/2.4.58 (Ubuntu)', 'content-type': 'application/json', 'x-compute-request-id': 'req-7463fc42-a9b3-4744-8f5c-97147b8e90f6', 'content-length': '846', 'openstack-api-version': 'volume 3.0', 'vary': 'OpenStack-API-Version', 'x-openstack-request-id': 'req-7463fc42-a9b3-4744-8f5c-97147b8e90f6', 'connection': 'close', 'status': '200', 'content-location': 'http://10.132.44.209/volume/v3/volumes/f7f5a194-597c-4ca6-85ec-fe057b34242c'}
        Body: b'{"volume": {"id": "f7f5a194-597c-4ca6-85ec-fe057b34242c", "status": "deleting", "size": 1, "availability_zone": "nova", "created_at": "2026-03-26T11:03:47.000000", "updated_at": "2026-03-26T11:03:50.000000", "name": "tempest-VolumesDeleteCascade-Volume-308554469", "description": null, "volume_type": "arcusfc1", "s
    napshot_id": null, "source_volid": null, "metadata": {}, "links": [{"rel": "self", "href": "http://10.132.44.209/volume/v3/volumes/f7f5a194-597c-4ca6-85ec-fe057b34242c"}, {"rel": "bookmark", "href": "http://10.132.44.209/volume/volumes/f7f5a194-597c-4ca6-85ec-fe057b34242c"}], "user_id": "0495918e1ed64bbb937615df1f938f30", "bootable": "false", "encrypted": false, "replication_status": null, "consistencygroup_id": null, "multiattach": false, "attachments": [], "os-vol-tenant-attr:tenant_id": "f92c30465503415cbc00028e1055323b"}}'
2026-03-26 11:05:50,367 129489 INFO     [tempest.lib.common.rest_client] Request (VolumesDeleteCascade:test_volume_from_snapshot_cascade_delete): 200 GET http://10.132.44.209/volume/v3/volumes/f7f5a194-597c-4ca6-85ec-fe057b34242c 0.041s
2026-03-26 11:05:50,368 129489 DEBUG    [tempest.lib.common.rest_client] Request - Headers: {'Content-Type': 'application/json', 'Accept': 'application/json', 'X-Auth-Token': '<omitted>'}
        Body: None
    Response - Headers: {'date': 'Thu, 26 Mar 2026 11:05:50 GMT', 'server': 'Apache/2.4.58 (Ubuntu)', 'content-type': 'application/json', 'x-compute-request-id': 'req-aaf68111-17d2-40fa-8fc5-5a16f0a1dbc8', 'content-length': '846', 'openstack-api-version': 'volume 3.0', 'vary': 'OpenStack-API-Version', 'x-openstack-request-id': 'req-aaf68111-17d2-40fa-8fc5-5a16f0a1dbc8', 'connection': 'close', 'status': '200', 'content-location': 'http://10.132.44.209/volume/v3/volumes/f7f5a194-597c-4ca6-85ec-fe057b34242c'}
        Body: b'{"volume": {"id": "f7f5a194-597c-4ca6-85ec-fe057b34242c", "status": "deleting", "size": 1, "availability_zone": "nova", "created_at": "2026-03-26T11:03:47.000000", "updated_at": "2026-03-26T11:03:50.000000", "name": "tempest-VolumesDeleteCascade-Volume-308554469", "description": null, "volume_type": "arcusfc1", "snapshot_id": null, "source_volid": null, "metadata": {}, "links": [{"rel": "self", "href": "http://10.132.44.209/volume/v3/volumes/f7f5a194-597c-4ca6-85ec-fe057b34242c"}, {"rel": "bookmark", "href": "http://10.132.44.209/volume/volumes/f7f5a194-597c-4ca6-85ec-fe057b34242c"}], "user_id": "0495918e1ed64bbb937615df1f938f30", "bootable": "false", "encrypted": false, "replication_status": null, "consistencygroup_id": null, "multiattach": false, "attachments": [], "os-vol-tenant-attr:tenant_id": "f92c30465503415cbc00028e1055323b"}}'
2026-03-26 11:05:51,420 129489 INFO     [tempest.lib.common.rest_client] Request (VolumesDeleteCascade:test_volume_from_snapshot_cascade_delete): 200 GET http://10.132.44.209/volume/v3/volumes/f7f5a194-597c-4ca6-85ec-fe057b34242c 0.038s
2026-03-26 11:05:51,420 129489 DEBUG    [tempest.lib.common.rest_client] Request - Headers: {'Content-Type': 'application/json', 'Accept': 'application/json', 'X-Auth-Token': '<omitted>'}
        Body: None
    Response - Headers: {'date': 'Thu, 26 Mar 2026 11:05:51 GMT', 'server': 'Apache/2.4.58 (Ubuntu)', 'content-type': 'application/json', 'x-compute-request-id': 'req-6739dea6-62aa-49bf-a19e-89d9e3530847', 'content-length': '846', 'openstack-api-version': 'volume 3.0', 'vary': 'OpenStack-API-Version', 'x-openstack-request-id': 'req-6739dea6-62aa-49bf-a19e-89d9e3530847', 'connection': 'close', 'status': '200', 'content-location': 'http://10.132.44.209/volume/v3/volumes/f7f5a194-597c-4ca6-85ec-fe057b34242c'}
        Body: b'{"volume": {"id": "f7f5a194-597c-4ca6-85ec-fe057b34242c", "status": "deleting", "size": 1, "availability_zone": "nova", "created_at": "2026-03-26T11:03:47.000000", "updated_at": "2026-03-26T11:03:50.000000", "name": "tempest-VolumesDeleteCascade-Volume-308554469", "description": null, "volume_type": "arcusfc1", "snapshot_id": null, "source_volid": null, "metadata": {}, "links": [{"rel": "self", "href": "http://10.132.44.209/volume/v3/volumes/f7f5a194-597c-4ca6-85ec-fe057b34242c"}, {"rel": "bookmark", "href": "http://10.132.44.209/volume/volumes/f7f5a194-597c-4ca6-85ec-fe057b34242c"}], "user_id": "0495918e1ed64bbb937615df1f938f30", "bootable": "false", "encrypted": false, "replication_status": null, "consistencygroup_id": null, "multiattach": false, "attachments
    ": [], "os-vol-tenant-attr:tenant_id": "f92c30465503415cbc00028e1055323b"}}'
2026-03-26 11:05:52,475 129489 INFO     [tempest.lib.common.rest_client] Request (VolumesDeleteCascade:test_volume_from_snapshot_cascade_delete): 200 GET http://10.132.44.209/volume/v3/volumes/f7f5a194-597c-4ca6-85ec-fe057b34242c 0.045s
2026-03-26 11:05:52,476 129489 DEBUG    [tempest.lib.common.rest_client] Request - Headers: {'Content-Type': 'application/json', 'Accept': 'application/json', 'X-Auth-Token': '<omitted>'}
        Body: None
    Response - Headers: {'date': 'Thu, 26 Mar 2026 11:05:52 GMT', 'server': 'Apache/2.4.58 (Ubuntu)', 'content-type': 'application/json', 'x-compute-request-id': 'req-c2102a1d-c7df-4321-babe-a3c328ea3c4e', 'content-length': '846', 'openstack-api-version': 'volume 3.0', 'vary': 'OpenStack-API-Version', 'x-openstack-request-id': 'req-c2102a1d-c7df-4321-babe-a3c328ea3c4e', 'connection': 'close', 'status': '200', 'content-location': 'http://10.132.44.209/volume/v3/volumes/f7f5a194-597c-4ca6-85ec-fe057b34242c'}
        Body: b'{"volume": {"id": "f7f5a194-597c-4ca6-85ec-fe057b34242c", "status": "deleting", "size": 1, "availability_zone": "nova", "created_at": "2026-03-26T11:03:47.000000", "updated_at": "2026-03-26T11:03:50.000000", "name": "tempest-VolumesDeleteCascade-Volume-308554469", "description": null, "volume_type": "arcusfc1", "snapshot_id": null, "source_volid": null, "metadata": {}, "links": [{"rel": "self", "href": "http://10.132.44.209/volume/v3/volumes/f7f5a194-597c-4ca6-85ec-fe057b34242c"}, {"rel": "bookmark", "href": "http://10.132.44.209/volume/volumes/f7f5a194-597c-4ca6-85ec-fe057b34242c"}], "user_id": "0495918e1ed64bbb937615df1f938f30", "bootable": "false", "encrypted": false, "replication_status": null, "consistencygroup_id": null, "multiattach": false, "attachments": [], "os-vol-tenant-attr:tenant_id": "f92c30465503415cbc00028e1055323b"}}'
2026-03-26 11:05:53,523 129489 INFO     [tempest.lib.common.rest_client] Request (VolumesDeleteCascade:test_volume_from_snapshot_cascade_delete): 200 GET http://10.132.44.209/volume/v3/volumes/f7f5a194-597c-4ca6-85ec-fe057b34242c 0.034s
2026-03-26 11:05:53,523 129489 DEBUG    [tempest.lib.common.rest_client] Request - Headers: {'Content-Type': 'application/json', 'Accept': 'application/json', 'X-Auth-Token': '<omitted>'}
        Body: None
    Response - Headers: {'date': 'Thu, 26 Mar 2026 11:05:53 GMT', 'server': 'Apache/2.4.58 (Ubuntu)', 'content-type': 'application/json', 'x-compute-request-id': 'req-107d43c8-dfba-4d4d-8582-59a2b59637bf', 'content-length': '846', 'openstack-api-version': 'volume 3.0', 'vary': 'OpenStack-API-Version', 'x-openstack-request-id': 'req-107d43c8-dfba-4d4d-8582-59a2b59637bf', 'connection': 'close', 'status': '200', 'content-location': 'http://10.132.44.209/volume/v3/volumes/f7f5a194-597c-4ca6-85ec-fe057b34242c'}
        Body: b'{"volume": {"id": "f7f5a194-597c-4ca6-85ec-fe057b34242c", "status": "deleting", "size": 1, "availability_zone": "nova", "created_at": "2026-03-26T11:03:47.000000", "updated_at": "2026-03-26T11:03:50.000000", "name": "tempest-VolumesDeleteCascade-Volume-308554469", "description": null, "volume_type": "arcusfc1", "snapshot_id": null, "source_volid": null, "metadata": {}, "links": [{"rel": "self", "href": "http://10.132.44.209/volume/v3/volumes/f7f5a194-597c-4ca6-85ec-fe057b34242c"}, {"rel": "bookmark", "href": "http://10.132.44.209/volume/volumes/f7f5a194-597c-4ca6-85ec-fe057b34242c"}], "user_id": "0495918e1ed64bbb937615df1f938f30", "bootable": "false", "encrypted": false, "replication_status": null, "consistencygroup_id": null, "multiattach": false, "attachments": [], "os-vol-tenant-attr:tenant_id": "f92c30465503415cbc00028e1055323b"}}'
2026-03-26 11:05:54,578 129489 INFO     [tempest.lib.common.rest_client] Request (VolumesDeleteCascade:test_volume_from_snapshot_cascade_delete): 200 GET http://10.132.44.209/volume/v3/volumes/f7f5a194-597c-4ca6-85ec-fe057b34242c 0.048s
2026-03-26 11:05:54,579 129489 DEBUG    [tempest.lib.common.rest_client] Request - Headers: {'Content-Type': 'application/json', 'Accept': 'ap
    plication/json', 'X-Auth-Token': '<omitted>'}
        Body: None
    Response - Headers: {'date': 'Thu, 26 Mar 2026 11:05:54 GMT', 'server': 'Apache/2.4.58 (Ubuntu)', 'content-type': 'application/json', 'x-compute-request-id': 'req-6b2251f9-3791-4fe3-937b-7d4fb5b2fd0a', 'content-length': '846', 'openstack-api-version': 'volume 3.0', 'vary': 'OpenStack-API-Version', 'x-openstack-request-id': 'req-6b2251f9-3791-4fe3-937b-7d4fb5b2fd0a', 'connection': 'close', 'status': '200', 'content-location': 'http://10.132.44.209/volume/v3/volumes/f7f5a194-597c-4ca6-85ec-fe057b34242c'}
        Body: b'{"volume": {"id": "f7f5a194-597c-4ca6-85ec-fe057b34242c", "status": "deleting", "size": 1, "availability_zone": "nova", "created_at": "2026-03-26T11:03:47.000000", "updated_at": "2026-03-26T11:03:50.000000", "name": "tempest-VolumesDeleteCascade-Volume-308554469", "description": null, "volume_type": "arcusfc1", "snapshot_id": null, "source_volid": null, "metadata": {}, "links": [{"rel": "self", "href": "http://10.132.44.209/volume/v3/volumes/f7f5a194-597c-4ca6-85ec-fe057b34242c"}, {"rel": "bookmark", "href": "http://10.132.44.209/volume/volumes/f7f5a194-597c-4ca6-85ec-fe057b34242c"}], "user_id": "0495918e1ed64bbb937615df1f938f30", "bootable": "false", "encrypted": false, "replication_status": null, "consistencygroup_id": null, "multiattach": false, "attachments": [], "os-vol-tenant-attr:tenant_id": "f92c30465503415cbc00028e1055323b"}}'
2026-03-26 11:05:55,630 129489 INFO     [tempest.lib.common.rest_client] Request (VolumesDeleteCascade:test_volume_from_snapshot_cascade_delete): 200 GET http://10.132.44.209/volume/v3/volumes/f7f5a194-597c-4ca6-85ec-fe057b34242c 0.040s
2026-03-26 11:05:55,630 129489 DEBUG    [tempest.lib.common.rest_client] Request - Headers: {'Content-Type': 'application/json', 'Accept': 'application/json', 'X-Auth-Token': '<omitted>'}
        Body: None
    Response - Headers: {'date': 'Thu, 26 Mar 2026 11:05:55 GMT', 'server': 'Apache/2.4.58 (Ubuntu)', 'content-type': 'application/json', 'x-compute-request-id': 'req-21364409-9f37-4cd8-bf0d-d1eeab379a70', 'content-length': '846', 'openstack-api-version': 'volume 3.0', 'vary': 'OpenStack-API-Version', 'x-openstack-request-id': 'req-21364409-9f37-4cd8-bf0d-d1eeab379a70', 'connection': 'close', 'status': '200', 'content-location': 'http://10.132.44.209/volume/v3/volumes/f7f5a194-597c-4ca6-85ec-fe057b34242c'}
        Body: b'{"volume": {"id": "f7f5a194-597c-4ca6-85ec-fe057b34242c", "status": "deleting", "size": 1, "availability_zone": "nova", "created_at": "2026-03-26T11:03:47.000000", "updated_at": "2026-03-26T11:03:50.000000", "name": "tempest-VolumesDeleteCascade-Volume-308554469", "description": null, "volume_type": "arcusfc1", "snapshot_id": null, "source_volid": null, "metadata": {}, "links": [{"rel": "self", "href": "http://10.132.44.209/volume/v3/volumes/f7f5a194-597c-4ca6-85ec-fe057b34242c"}, {"rel": "bookmark", "href": "http://10.132.44.209/volume/volumes/f7f5a194-597c-4ca6-85ec-fe057b34242c"}], "user_id": "0495918e1ed64bbb937615df1f938f30", "bootable": "false", "encrypted": false, "replication_status": null, "consistencygroup_id": null, "multiattach": false, "attachments": [], "os-vol-tenant-attr:tenant_id": "f92c30465503415cbc00028e1055323b"}}'
2026-03-26 11:05:56,688 129489 INFO     [tempest.lib.common.rest_client] Request (VolumesDeleteCascade:test_volume_from_snapshot_cascade_delete): 200 GET http://10.132.44.209/volume/v3/volumes/f7f5a194-597c-4ca6-85ec-fe057b34242c 0.043s
2026-03-26 11:05:56,689 129489 DEBUG    [tempest.lib.common.rest_client] Request - Headers: {'Content-Type': 'application/json', 'Accept': 'application/json', 'X-Auth-Token': '<omitted>'}
        Body: None
    Response - Headers: {'date': 'Thu, 26 Mar 2026 11:05:56 GMT', 'server': 'Apache/2.4.58 (Ubuntu)', 'content-type': 'application/json', 'x-compute-request-id': 'req-18333034-b7bb-4baf-94ac-61826ff4dce6', 'content-length': '846', 'openstack-api-version': 'volume 3.0', 'vary': 'OpenStack-API-Version', 'x-openstack-request-id': 'req-18333034-b7bb-4baf-94ac-61826ff4dce6', 'connection': 'clo
    se', 'status': '200', 'content-location': 'http://10.132.44.209/volume/v3/volumes/f7f5a194-597c-4ca6-85ec-fe057b34242c'}
        Body: b'{"volume": {"id": "f7f5a194-597c-4ca6-85ec-fe057b34242c", "status": "deleting", "size": 1, "availability_zone": "nova", "created_at": "2026-03-26T11:03:47.000000", "updated_at": "2026-03-26T11:03:50.000000", "name": "tempest-VolumesDeleteCascade-Volume-308554469", "description": null, "volume_type": "arcusfc1", "snapshot_id": null, "source_volid": null, "metadata": {}, "links": [{"rel": "self", "href": "http://10.132.44.209/volume/v3/volumes/f7f5a194-597c-4ca6-85ec-fe057b34242c"}, {"rel": "bookmark", "href": "http://10.132.44.209/volume/volumes/f7f5a194-597c-4ca6-85ec-fe057b34242c"}], "user_id": "0495918e1ed64bbb937615df1f938f30", "bootable": "false", "encrypted": false, "replication_status": null, "consistencygroup_id": null, "multiattach": false, "attachments": [], "os-vol-tenant-attr:tenant_id": "f92c30465503415cbc00028e1055323b"}}'
2026-03-26 11:05:57,740 129489 INFO     [tempest.lib.common.rest_client] Request (VolumesDeleteCascade:test_volume_from_snapshot_cascade_delete): 200 GET http://10.132.44.209/volume/v3/volumes/f7f5a194-597c-4ca6-85ec-fe057b34242c 0.038s
2026-03-26 11:05:57,741 129489 DEBUG    [tempest.lib.common.rest_client] Request - Headers: {'Content-Type': 'application/json', 'Accept': 'application/json', 'X-Auth-Token': '<omitted>'}
        Body: None
    Response - Headers: {'date': 'Thu, 26 Mar 2026 11:05:57 GMT', 'server': 'Apache/2.4.58 (Ubuntu)', 'content-type': 'application/json', 'x-compute-request-id': 'req-04290e05-2e7b-483c-9513-f2c3e1e7b25c', 'content-length': '846', 'openstack-api-version': 'volume 3.0', 'vary': 'OpenStack-API-Version', 'x-openstack-request-id': 'req-04290e05-2e7b-483c-9513-f2c3e1e7b25c', 'connection': 'close', 'status': '200', 'content-location': 'http://10.132.44.209/volume/v3/volumes/f7f5a194-597c-4ca6-85ec-fe057b34242c'}
        Body: b'{"volume": {"id": "f7f5a194-597c-4ca6-85ec-fe057b34242c", "status": "deleting", "size": 1, "availability_zone": "nova", "created_at": "2026-03-26T11:03:47.000000", "updated_at": "2026-03-26T11:03:50.000000", "name": "tempest-VolumesDeleteCascade-Volume-308554469", "description": null, "volume_type": "arcusfc1", "snapshot_id": null, "source_volid": null, "metadata": {}, "links": [{"rel": "self", "href": "http://10.132.44.209/volume/v3/volumes/f7f5a194-597c-4ca6-85ec-fe057b34242c"}, {"rel": "bookmark", "href": "http://10.132.44.209/volume/volumes/f7f5a194-597c-4ca6-85ec-fe057b34242c"}], "user_id": "0495918e1ed64bbb937615df1f938f30", "bootable": "false", "encrypted": false, "replication_status": null, "consistencygroup_id": null, "multiattach": false, "attachments": [], "os-vol-tenant-attr:tenant_id": "f92c30465503415cbc00028e1055323b"}}'
2026-03-26 11:05:58,787 129489 INFO     [tempest.lib.common.rest_client] Request (VolumesDeleteCascade:test_volume_from_snapshot_cascade_delete): 200 GET http://10.132.44.209/volume/v3/volumes/f7f5a194-597c-4ca6-85ec-fe057b34242c 0.038s
2026-03-26 11:05:58,788 129489 DEBUG    [tempest.lib.common.rest_client] Request - Headers: {'Content-Type': 'application/json', 'Accept': 'application/json', 'X-Auth-Token': '<omitted>'}
        Body: None
    Response - Headers: {'date': 'Thu, 26 Mar 2026 11:05:58 GMT', 'server': 'Apache/2.4.58 (Ubuntu)', 'content-type': 'application/json', 'x-compute-request-id': 'req-6cb105f2-45b8-4192-b1ca-056b2ebbc0cf', 'content-length': '846', 'openstack-api-version': 'volume 3.0', 'vary': 'OpenStack-API-Version', 'x-openstack-request-id': 'req-6cb105f2-45b8-4192-b1ca-056b2ebbc0cf', 'connection': 'close', 'status': '200', 'content-location': 'http://10.132.44.209/volume/v3/volumes/f7f5a194-597c-4ca6-85ec-fe057b34242c'}
        Body: b'{"volume": {"id": "f7f5a194-597c-4ca6-85ec-fe057b34242c", "status": "deleting", "size": 1, "availability_zone": "nova", "created_at": "2026-03-26T11:03:47.000000", "updated_at": "2026-03-26T11:03:50.000000", "name": "tempest-VolumesDeleteCascade-Volume-308554469", "description": null, "volume_type": "arcusfc1", "snaps
    hot_id": null, "source_volid": null, "metadata": {}, "links": [{"rel": "self", "href": "http://10.132.44.209/volume/v3/volumes/f7f5a194-597c-4ca6-85ec-fe057b34242c"}, {"rel": "bookmark", "href": "http://10.132.44.209/volume/volumes/f7f5a194-597c-4ca6-85ec-fe057b34242c"}], "user_id": "0495918e1ed64bbb937615df1f938f30", "bootable": "false", "encrypted": false, "replication_status": null, "consistencygroup_id": null, "multiattach": false, "attachments": [], "os-vol-tenant-attr:tenant_id": "f92c30465503415cbc00028e1055323b"}}'
2026-03-26 11:05:59,844 129489 INFO     [tempest.lib.common.rest_client] Request (VolumesDeleteCascade:test_volume_from_snapshot_cascade_delete): 200 GET http://10.132.44.209/volume/v3/volumes/f7f5a194-597c-4ca6-85ec-fe057b34242c 0.042s
2026-03-26 11:05:59,845 129489 DEBUG    [tempest.lib.common.rest_client] Request - Headers: {'Content-Type': 'application/json', 'Accept': 'application/json', 'X-Auth-Token': '<omitted>'}
        Body: None
    Response - Headers: {'date': 'Thu, 26 Mar 2026 11:05:59 GMT', 'server': 'Apache/2.4.58 (Ubuntu)', 'content-type': 'application/json', 'x-compute-request-id': 'req-b3027fae-57e0-415e-b11c-412b34fc44b7', 'content-length': '846', 'openstack-api-version': 'volume 3.0', 'vary': 'OpenStack-API-Version', 'x-openstack-request-id': 'req-b3027fae-57e0-415e-b11c-412b34fc44b7', 'connection': 'close', 'status': '200', 'content-location': 'http://10.132.44.209/volume/v3/volumes/f7f5a194-597c-4ca6-85ec-fe057b34242c'}
        Body: b'{"volume": {"id": "f7f5a194-597c-4ca6-85ec-fe057b34242c", "status": "deleting", "size": 1, "availability_zone": "nova", "created_at": "2026-03-26T11:03:47.000000", "updated_at": "2026-03-26T11:03:50.000000", "name": "tempest-VolumesDeleteCascade-Volume-308554469", "description": null, "volume_type": "arcusfc1", "snapshot_id": null, "source_volid": null, "metadata": {}, "links": [{"rel": "self", "href": "http://10.132.44.209/volume/v3/volumes/f7f5a194-597c-4ca6-85ec-fe057b34242c"}, {"rel": "bookmark", "href": "http://10.132.44.209/volume/volumes/f7f5a194-597c-4ca6-85ec-fe057b34242c"}], "user_id": "0495918e1ed64bbb937615df1f938f30", "bootable": "false", "encrypted": false, "replication_status": null, "consistencygroup_id": null, "multiattach": false, "attachments": [], "os-vol-tenant-attr:tenant_id": "f92c30465503415cbc00028e1055323b"}}'
2026-03-26 11:06:00,904 129489 INFO     [tempest.lib.common.rest_client] Request (VolumesDeleteCascade:test_volume_from_snapshot_cascade_delete): 200 GET http://10.132.44.209/volume/v3/volumes/f7f5a194-597c-4ca6-85ec-fe057b34242c 0.046s
2026-03-26 11:06:00,905 129489 DEBUG    [tempest.lib.common.rest_client] Request - Headers: {'Content-Type': 'application/json', 'Accept': 'application/json', 'X-Auth-Token': '<omitted>'}
        Body: None
    Response - Headers: {'date': 'Thu, 26 Mar 2026 11:06:00 GMT', 'server': 'Apache/2.4.58 (Ubuntu)', 'content-type': 'application/json', 'x-compute-request-id': 'req-d48510ba-5edb-4ace-8320-c3110f28f749', 'content-length': '846', 'openstack-api-version': 'volume 3.0', 'vary': 'OpenStack-API-Version', 'x-openstack-request-id': 'req-d48510ba-5edb-4ace-8320-c3110f28f749', 'connection': 'close', 'status': '200', 'content-location': 'http://10.132.44.209/volume/v3/volumes/f7f5a194-597c-4ca6-85ec-fe057b34242c'}
        Body: b'{"volume": {"id": "f7f5a194-597c-4ca6-85ec-fe057b34242c", "status": "deleting", "size": 1, "availability_zone": "nova", "created_at": "2026-03-26T11:03:47.000000", "updated_at": "2026-03-26T11:03:50.000000", "name": "tempest-VolumesDeleteCascade-Volume-308554469", "description": null, "volume_type": "arcusfc1", "snapshot_id": null, "source_volid": null, "metadata": {}, "links": [{"rel": "self", "href": "http://10.132.44.209/volume/v3/volumes/f7f5a194-597c-4ca6-85ec-fe057b34242c"}, {"rel": "bookmark", "href": "http://10.132.44.209/volume/volumes/f7f5a194-597c-4ca6-85ec-fe057b34242c"}], "user_id": "0495918e1ed64bbb937615df1f938f30", "bootable": "false", "encrypted": false, "replication_status": null, "consistencygroup_id": null, "multiattach": false, "attachments": [
    ], "os-vol-tenant-attr:tenant_id": "f92c30465503415cbc00028e1055323b"}}'
2026-03-26 11:06:01,957 129489 INFO     [tempest.lib.common.rest_client] Request (VolumesDeleteCascade:test_volume_from_snapshot_cascade_delete): 200 GET http://10.132.44.209/volume/v3/volumes/f7f5a194-597c-4ca6-85ec-fe057b34242c 0.041s
2026-03-26 11:06:01,957 129489 DEBUG    [tempest.lib.common.rest_client] Request - Headers: {'Content-Type': 'application/json', 'Accept': 'application/json', 'X-Auth-Token': '<omitted>'}
        Body: None
    Response - Headers: {'date': 'Thu, 26 Mar 2026 11:06:01 GMT', 'server': 'Apache/2.4.58 (Ubuntu)', 'content-type': 'application/json', 'x-compute-request-id': 'req-8807db8a-5200-4da4-a8bc-fa0f239d98d5', 'content-length': '846', 'openstack-api-version': 'volume 3.0', 'vary': 'OpenStack-API-Version', 'x-openstack-request-id': 'req-8807db8a-5200-4da4-a8bc-fa0f239d98d5', 'connection': 'close', 'status': '200', 'content-location': 'http://10.132.44.209/volume/v3/volumes/f7f5a194-597c-4ca6-85ec-fe057b34242c'}
        Body: b'{"volume": {"id": "f7f5a194-597c-4ca6-85ec-fe057b34242c", "status": "deleting", "size": 1, "availability_zone": "nova", "created_at": "2026-03-26T11:03:47.000000", "updated_at": "2026-03-26T11:03:50.000000", "name": "tempest-VolumesDeleteCascade-Volume-308554469", "description": null, "volume_type": "arcusfc1", "snapshot_id": null, "source_volid": null, "metadata": {}, "links": [{"rel": "self", "href": "http://10.132.44.209/volume/v3/volumes/f7f5a194-597c-4ca6-85ec-fe057b34242c"}, {"rel": "bookmark", "href": "http://10.132.44.209/volume/volumes/f7f5a194-597c-4ca6-85ec-fe057b34242c"}], "user_id": "0495918e1ed64bbb937615df1f938f30", "bootable": "false", "encrypted": false, "replication_status": null, "consistencygroup_id": null, "multiattach": false, "attachments": [], "os-vol-tenant-attr:tenant_id": "f92c30465503415cbc00028e1055323b"}}'
2026-03-26 11:06:03,016 129489 INFO     [tempest.lib.common.rest_client] Request (VolumesDeleteCascade:test_volume_from_snapshot_cascade_delete): 200 GET http://10.132.44.209/volume/v3/volumes/f7f5a194-597c-4ca6-85ec-fe057b34242c 0.044s
2026-03-26 11:06:03,017 129489 DEBUG    [tempest.lib.common.rest_client] Request - Headers: {'Content-Type': 'application/json', 'Accept': 'application/json', 'X-Auth-Token': '<omitted>'}
        Body: None
    Response - Headers: {'date': 'Thu, 26 Mar 2026 11:06:02 GMT', 'server': 'Apache/2.4.58 (Ubuntu)', 'content-type': 'application/json', 'x-compute-request-id': 'req-084c8b5b-011f-4a0d-bd61-96588a52d5c0', 'content-length': '846', 'openstack-api-version': 'volume 3.0', 'vary': 'OpenStack-API-Version', 'x-openstack-request-id': 'req-084c8b5b-011f-4a0d-bd61-96588a52d5c0', 'connection': 'close', 'status': '200', 'content-location': 'http://10.132.44.209/volume/v3/volumes/f7f5a194-597c-4ca6-85ec-fe057b34242c'}
        Body: b'{"volume": {"id": "f7f5a194-597c-4ca6-85ec-fe057b34242c", "status": "deleting", "size": 1, "availability_zone": "nova", "created_at": "2026-03-26T11:03:47.000000", "updated_at": "2026-03-26T11:03:50.000000", "name": "tempest-VolumesDeleteCascade-Volume-308554469", "description": null, "volume_type": "arcusfc1", "snapshot_id": null, "source_volid": null, "metadata": {}, "links": [{"rel": "self", "href": "http://10.132.44.209/volume/v3/volumes/f7f5a194-597c-4ca6-85ec-fe057b34242c"}, {"rel": "bookmark", "href": "http://10.132.44.209/volume/volumes/f7f5a194-597c-4ca6-85ec-fe057b34242c"}], "user_id": "0495918e1ed64bbb937615df1f938f30", "bootable": "false", "encrypted": false, "replication_status": null, "consistencygroup_id": null, "multiattach": false, "attachments": [], "os-vol-tenant-attr:tenant_id": "f92c30465503415cbc00028e1055323b"}}'
2026-03-26 11:06:04,071 129489 INFO     [tempest.lib.common.rest_client] Request (VolumesDeleteCascade:test_volume_from_snapshot_cascade_delete): 200 GET http://10.132.44.209/volume/v3/volumes/f7f5a194-597c-4ca6-85ec-fe057b34242c 0.039s
2026-03-26 11:06:04,071 129489 DEBUG    [tempest.lib.common.rest_client] Request - Headers: {'Content-Type': 'application/json', 'Accept': 'applic
    ation/json', 'X-Auth-Token': '<omitted>'}
        Body: None
    Response - Headers: {'date': 'Thu, 26 Mar 2026 11:06:04 GMT', 'server': 'Apache/2.4.58 (Ubuntu)', 'content-type': 'application/json', 'x-compute-request-id': 'req-9459a6b6-0245-474c-acac-10f5feda77af', 'content-length': '846', 'openstack-api-version': 'volume 3.0', 'vary': 'OpenStack-API-Version', 'x-openstack-request-id': 'req-9459a6b6-0245-474c-acac-10f5feda77af', 'connection': 'close', 'status': '200', 'content-location': 'http://10.132.44.209/volume/v3/volumes/f7f5a194-597c-4ca6-85ec-fe057b34242c'}
        Body: b'{"volume": {"id": "f7f5a194-597c-4ca6-85ec-fe057b34242c", "status": "deleting", "size": 1, "availability_zone": "nova", "created_at": "2026-03-26T11:03:47.000000", "updated_at": "2026-03-26T11:03:50.000000", "name": "tempest-VolumesDeleteCascade-Volume-308554469", "description": null, "volume_type": "arcusfc1", "snapshot_id": null, "source_volid": null, "metadata": {}, "links": [{"rel": "self", "href": "http://10.132.44.209/volume/v3/volumes/f7f5a194-597c-4ca6-85ec-fe057b34242c"}, {"rel": "bookmark", "href": "http://10.132.44.209/volume/volumes/f7f5a194-597c-4ca6-85ec-fe057b34242c"}], "user_id": "0495918e1ed64bbb937615df1f938f30", "bootable": "false", "encrypted": false, "replication_status": null, "consistencygroup_id": null, "multiattach": false, "attachments": [], "os-vol-tenant-attr:tenant_id": "f92c30465503415cbc00028e1055323b"}}'
2026-03-26 11:06:05,121 129489 INFO     [tempest.lib.common.rest_client] Request (VolumesDeleteCascade:test_volume_from_snapshot_cascade_delete): 200 GET http://10.132.44.209/volume/v3/volumes/f7f5a194-597c-4ca6-85ec-fe057b34242c 0.040s
2026-03-26 11:06:05,121 129489 DEBUG    [tempest.lib.common.rest_client] Request - Headers: {'Content-Type': 'application/json', 'Accept': 'application/json', 'X-Auth-Token': '<omitted>'}
        Body: None
    Response - Headers: {'date': 'Thu, 26 Mar 2026 11:06:05 GMT', 'server': 'Apache/2.4.58 (Ubuntu)', 'content-type': 'application/json', 'x-compute-request-id': 'req-6ec0019c-142b-4f05-84a4-8e7d96d3f7fb', 'content-length': '846', 'openstack-api-version': 'volume 3.0', 'vary': 'OpenStack-API-Version', 'x-openstack-request-id': 'req-6ec0019c-142b-4f05-84a4-8e7d96d3f7fb', 'connection': 'close', 'status': '200', 'content-location': 'http://10.132.44.209/volume/v3/volumes/f7f5a194-597c-4ca6-85ec-fe057b34242c'}
        Body: b'{"volume": {"id": "f7f5a194-597c-4ca6-85ec-fe057b34242c", "status": "deleting", "size": 1, "availability_zone": "nova", "created_at": "2026-03-26T11:03:47.000000", "updated_at": "2026-03-26T11:03:50.000000", "name": "tempest-VolumesDeleteCascade-Volume-308554469", "description": null, "volume_type": "arcusfc1", "snapshot_id": null, "source_volid": null, "metadata": {}, "links": [{"rel": "self", "href": "http://10.132.44.209/volume/v3/volumes/f7f5a194-597c-4ca6-85ec-fe057b34242c"}, {"rel": "bookmark", "href": "http://10.132.44.209/volume/volumes/f7f5a194-597c-4ca6-85ec-fe057b34242c"}], "user_id": "0495918e1ed64bbb937615df1f938f30", "bootable": "false", "encrypted": false, "replication_status": null, "consistencygroup_id": null, "multiattach": false, "attachments": [], "os-vol-tenant-attr:tenant_id": "f92c30465503415cbc00028e1055323b"}}'
2026-03-26 11:06:06,173 129489 INFO     [tempest.lib.common.rest_client] Request (VolumesDeleteCascade:test_volume_from_snapshot_cascade_delete): 200 GET http://10.132.44.209/volume/v3/volumes/f7f5a194-597c-4ca6-85ec-fe057b34242c 0.041s
2026-03-26 11:06:06,173 129489 DEBUG    [tempest.lib.common.rest_client] Request - Headers: {'Content-Type': 'application/json', 'Accept': 'application/json', 'X-Auth-Token': '<omitted>'}
        Body: None
    Response - Headers: {'date': 'Thu, 26 Mar 2026 11:06:06 GMT', 'server': 'Apache/2.4.58 (Ubuntu)', 'content-type': 'application/json', 'x-compute-request-id': 'req-84f902ad-a36f-482d-9509-b62f9d6716f5', 'content-length': '846', 'openstack-api-version': 'volume 3.0', 'vary': 'OpenStack-API-Version', 'x-openstack-request-id': 'req-84f902ad-a36f-482d-9509-b62f9d6716f5', 'connection': 'close',
     'status': '200', 'content-location': 'http://10.132.44.209/volume/v3/volumes/f7f5a194-597c-4ca6-85ec-fe057b34242c'}
        Body: b'{"volume": {"id": "f7f5a194-597c-4ca6-85ec-fe057b34242c", "status": "deleting", "size": 1, "availability_zone": "nova", "created_at": "2026-03-26T11:03:47.000000", "updated_at": "2026-03-26T11:03:50.000000", "name": "tempest-VolumesDeleteCascade-Volume-308554469", "description": null, "volume_type": "arcusfc1", "snapshot_id": null, "source_volid": null, "metadata": {}, "links": [{"rel": "self", "href": "http://10.132.44.209/volume/v3/volumes/f7f5a194-597c-4ca6-85ec-fe057b34242c"}, {"rel": "bookmark", "href": "http://10.132.44.209/volume/volumes/f7f5a194-597c-4ca6-85ec-fe057b34242c"}], "user_id": "0495918e1ed64bbb937615df1f938f30", "bootable": "false", "encrypted": false, "replication_status": null, "consistencygroup_id": null, "multiattach": false, "attachments": [], "os-vol-tenant-attr:tenant_id": "f92c30465503415cbc00028e1055323b"}}'
2026-03-26 11:06:07,227 129489 INFO     [tempest.lib.common.rest_client] Request (VolumesDeleteCascade:test_volume_from_snapshot_cascade_delete): 200 GET http://10.132.44.209/volume/v3/volumes/f7f5a194-597c-4ca6-85ec-fe057b34242c 0.046s
2026-03-26 11:06:07,227 129489 DEBUG    [tempest.lib.common.rest_client] Request - Headers: {'Content-Type': 'application/json', 'Accept': 'application/json', 'X-Auth-Token': '<omitted>'}
        Body: None
    Response - Headers: {'date': 'Thu, 26 Mar 2026 11:06:07 GMT', 'server': 'Apache/2.4.58 (Ubuntu)', 'content-type': 'application/json', 'x-compute-request-id': 'req-0a3f33e6-5324-4ca1-bc6e-c94b40010f43', 'content-length': '846', 'openstack-api-version': 'volume 3.0', 'vary': 'OpenStack-API-Version', 'x-openstack-request-id': 'req-0a3f33e6-5324-4ca1-bc6e-c94b40010f43', 'connection': 'close', 'status': '200', 'content-location': 'http://10.132.44.209/volume/v3/volumes/f7f5a194-597c-4ca6-85ec-fe057b34242c'}
        Body: b'{"volume": {"id": "f7f5a194-597c-4ca6-85ec-fe057b34242c", "status": "deleting", "size": 1, "availability_zone": "nova", "created_at": "2026-03-26T11:03:47.000000", "updated_at": "2026-03-26T11:03:50.000000", "name": "tempest-VolumesDeleteCascade-Volume-308554469", "description": null, "volume_type": "arcusfc1", "snapshot_id": null, "source_volid": null, "metadata": {}, "links": [{"rel": "self", "href": "http://10.132.44.209/volume/v3/volumes/f7f5a194-597c-4ca6-85ec-fe057b34242c"}, {"rel": "bookmark", "href": "http://10.132.44.209/volume/volumes/f7f5a194-597c-4ca6-85ec-fe057b34242c"}], "user_id": "0495918e1ed64bbb937615df1f938f30", "bootable": "false", "encrypted": false, "replication_status": null, "consistencygroup_id": null, "multiattach": false, "attachments": [], "os-vol-tenant-attr:tenant_id": "f92c30465503415cbc00028e1055323b"}}'
2026-03-26 11:06:08,288 129489 INFO     [tempest.lib.common.rest_client] Request (VolumesDeleteCascade:test_volume_from_snapshot_cascade_delete): 200 GET http://10.132.44.209/volume/v3/volumes/f7f5a194-597c-4ca6-85ec-fe057b34242c 0.048s
2026-03-26 11:06:08,288 129489 DEBUG    [tempest.lib.common.rest_client] Request - Headers: {'Content-Type': 'application/json', 'Accept': 'application/json', 'X-Auth-Token': '<omitted>'}
        Body: None
    Response - Headers: {'date': 'Thu, 26 Mar 2026 11:06:08 GMT', 'server': 'Apache/2.4.58 (Ubuntu)', 'content-type': 'application/json', 'x-compute-request-id': 'req-4b3fdedd-188b-40fe-8d92-131080440c33', 'content-length': '846', 'openstack-api-version': 'volume 3.0', 'vary': 'OpenStack-API-Version', 'x-openstack-request-id': 'req-4b3fdedd-188b-40fe-8d92-131080440c33', 'connection': 'close', 'status': '200', 'content-location': 'http://10.132.44.209/volume/v3/volumes/f7f5a194-597c-4ca6-85ec-fe057b34242c'}
        Body: b'{"volume": {"id": "f7f5a194-597c-4ca6-85ec-fe057b34242c", "status": "deleting", "size": 1, "availability_zone": "nova", "created_at": "2026-03-26T11:03:47.000000", "updated_at": "2026-03-26T11:03:50.000000", "name": "tempest-VolumesDeleteCascade-Volume-308554469", "description": null, "volume_type": "arcusfc1", "snapshot_
    id": null, "source_volid": null, "metadata": {}, "links": [{"rel": "self", "href": "http://10.132.44.209/volume/v3/volumes/f7f5a194-597c-4ca6-85ec-fe057b34242c"}, {"rel": "bookmark", "href": "http://10.132.44.209/volume/volumes/f7f5a194-597c-4ca6-85ec-fe057b34242c"}], "user_id": "0495918e1ed64bbb937615df1f938f30", "bootable": "false", "encrypted": false, "replication_status": null, "consistencygroup_id": null, "multiattach": false, "attachments": [], "os-vol-tenant-attr:tenant_id": "f92c30465503415cbc00028e1055323b"}}'
2026-03-26 11:06:09,341 129489 INFO     [tempest.lib.common.rest_client] Request (VolumesDeleteCascade:test_volume_from_snapshot_cascade_delete): 200 GET http://10.132.44.209/volume/v3/volumes/f7f5a194-597c-4ca6-85ec-fe057b34242c 0.042s
2026-03-26 11:06:09,341 129489 DEBUG    [tempest.lib.common.rest_client] Request - Headers: {'Content-Type': 'application/json', 'Accept': 'application/json', 'X-Auth-Token': '<omitted>'}
        Body: None
    Response - Headers: {'date': 'Thu, 26 Mar 2026 11:06:09 GMT', 'server': 'Apache/2.4.58 (Ubuntu)', 'content-type': 'application/json', 'x-compute-request-id': 'req-8e79f2c5-ca86-4f21-8839-aaf94d7eb5b4', 'content-length': '846', 'openstack-api-version': 'volume 3.0', 'vary': 'OpenStack-API-Version', 'x-openstack-request-id': 'req-8e79f2c5-ca86-4f21-8839-aaf94d7eb5b4', 'connection': 'close', 'status': '200', 'content-location': 'http://10.132.44.209/volume/v3/volumes/f7f5a194-597c-4ca6-85ec-fe057b34242c'}
        Body: b'{"volume": {"id": "f7f5a194-597c-4ca6-85ec-fe057b34242c", "status": "deleting", "size": 1, "availability_zone": "nova", "created_at": "2026-03-26T11:03:47.000000", "updated_at": "2026-03-26T11:03:50.000000", "name": "tempest-VolumesDeleteCascade-Volume-308554469", "description": null, "volume_type": "arcusfc1", "snapshot_id": null, "source_volid": null, "metadata": {}, "links": [{"rel": "self", "href": "http://10.132.44.209/volume/v3/volumes/f7f5a194-597c-4ca6-85ec-fe057b34242c"}, {"rel": "bookmark", "href": "http://10.132.44.209/volume/volumes/f7f5a194-597c-4ca6-85ec-fe057b34242c"}], "user_id": "0495918e1ed64bbb937615df1f938f30", "bootable": "false", "encrypted": false, "replication_status": null, "consistencygroup_id": null, "multiattach": false, "attachments": [], "os-vol-tenant-attr:tenant_id": "f92c30465503415cbc00028e1055323b"}}'
2026-03-26 11:06:10,393 129489 INFO     [tempest.lib.common.rest_client] Request (VolumesDeleteCascade:test_volume_from_snapshot_cascade_delete): 200 GET http://10.132.44.209/volume/v3/volumes/f7f5a194-597c-4ca6-85ec-fe057b34242c 0.038s
2026-03-26 11:06:10,394 129489 DEBUG    [tempest.lib.common.rest_client] Request - Headers: {'Content-Type': 'application/json', 'Accept': 'application/json', 'X-Auth-Token': '<omitted>'}
        Body: None
    Response - Headers: {'date': 'Thu, 26 Mar 2026 11:06:10 GMT', 'server': 'Apache/2.4.58 (Ubuntu)', 'content-type': 'application/json', 'x-compute-request-id': 'req-039b9abb-f8cb-4fb1-bc26-5dc5c237337e', 'content-length': '846', 'openstack-api-version': 'volume 3.0', 'vary': 'OpenStack-API-Version', 'x-openstack-request-id': 'req-039b9abb-f8cb-4fb1-bc26-5dc5c237337e', 'connection': 'close', 'status': '200', 'content-location': 'http://10.132.44.209/volume/v3/volumes/f7f5a194-597c-4ca6-85ec-fe057b34242c'}
        Body: b'{"volume": {"id": "f7f5a194-597c-4ca6-85ec-fe057b34242c", "status": "deleting", "size": 1, "availability_zone": "nova", "created_at": "2026-03-26T11:03:47.000000", "updated_at": "2026-03-26T11:03:50.000000", "name": "tempest-VolumesDeleteCascade-Volume-308554469", "description": null, "volume_type": "arcusfc1", "snapshot_id": null, "source_volid": null, "metadata": {}, "links": [{"rel": "self", "href": "http://10.132.44.209/volume/v3/volumes/f7f5a194-597c-4ca6-85ec-fe057b34242c"}, {"rel": "bookmark", "href": "http://10.132.44.209/volume/volumes/f7f5a194-597c-4ca6-85ec-fe057b34242c"}], "user_id": "0495918e1ed64bbb937615df1f938f30", "bootable": "false", "encrypted": false, "replication_status": null, "consistencygroup_id": null, "multiattach": false, "attachments": [], "
    os-vol-tenant-attr:tenant_id": "f92c30465503415cbc00028e1055323b"}}'
2026-03-26 11:06:11,449 129489 INFO     [tempest.lib.common.rest_client] Request (VolumesDeleteCascade:test_volume_from_snapshot_cascade_delete): 200 GET http://10.132.44.209/volume/v3/volumes/f7f5a194-597c-4ca6-85ec-fe057b34242c 0.041s
2026-03-26 11:06:11,450 129489 DEBUG    [tempest.lib.common.rest_client] Request - Headers: {'Content-Type': 'application/json', 'Accept': 'application/json', 'X-Auth-Token': '<omitted>'}
        Body: None
    Response - Headers: {'date': 'Thu, 26 Mar 2026 11:06:11 GMT', 'server': 'Apache/2.4.58 (Ubuntu)', 'content-type': 'application/json', 'x-compute-request-id': 'req-643bc983-da19-4732-a0ab-5d9127e14147', 'content-length': '846', 'openstack-api-version': 'volume 3.0', 'vary': 'OpenStack-API-Version', 'x-openstack-request-id': 'req-643bc983-da19-4732-a0ab-5d9127e14147', 'connection': 'close', 'status': '200', 'content-location': 'http://10.132.44.209/volume/v3/volumes/f7f5a194-597c-4ca6-85ec-fe057b34242c'}
        Body: b'{"volume": {"id": "f7f5a194-597c-4ca6-85ec-fe057b34242c", "status": "deleting", "size": 1, "availability_zone": "nova", "created_at": "2026-03-26T11:03:47.000000", "updated_at": "2026-03-26T11:03:50.000000", "name": "tempest-VolumesDeleteCascade-Volume-308554469", "description": null, "volume_type": "arcusfc1", "snapshot_id": null, "source_volid": null, "metadata": {}, "links": [{"rel": "self", "href": "http://10.132.44.209/volume/v3/volumes/f7f5a194-597c-4ca6-85ec-fe057b34242c"}, {"rel": "bookmark", "href": "http://10.132.44.209/volume/volumes/f7f5a194-597c-4ca6-85ec-fe057b34242c"}], "user_id": "0495918e1ed64bbb937615df1f938f30", "bootable": "false", "encrypted": false, "replication_status": null, "consistencygroup_id": null, "multiattach": false, "attachments": [], "os-vol-tenant-attr:tenant_id": "f92c30465503415cbc00028e1055323b"}}'
2026-03-26 11:06:12,505 129489 INFO     [tempest.lib.common.rest_client] Request (VolumesDeleteCascade:test_volume_from_snapshot_cascade_delete): 200 GET http://10.132.44.209/volume/v3/volumes/f7f5a194-597c-4ca6-85ec-fe057b34242c 0.041s
2026-03-26 11:06:12,506 129489 DEBUG    [tempest.lib.common.rest_client] Request - Headers: {'Content-Type': 'application/json', 'Accept': 'application/json', 'X-Auth-Token': '<omitted>'}
        Body: None
    Response - Headers: {'date': 'Thu, 26 Mar 2026 11:06:12 GMT', 'server': 'Apache/2.4.58 (Ubuntu)', 'content-type': 'application/json', 'x-compute-request-id': 'req-666882dd-3d7c-4226-b0e4-ab5b2ab9035a', 'content-length': '846', 'openstack-api-version': 'volume 3.0', 'vary': 'OpenStack-API-Version', 'x-openstack-request-id': 'req-666882dd-3d7c-4226-b0e4-ab5b2ab9035a', 'connection': 'close', 'status': '200', 'content-location': 'http://10.132.44.209/volume/v3/volumes/f7f5a194-597c-4ca6-85ec-fe057b34242c'}
        Body: b'{"volume": {"id": "f7f5a194-597c-4ca6-85ec-fe057b34242c", "status": "deleting", "size": 1, "availability_zone": "nova", "created_at": "2026-03-26T11:03:47.000000", "updated_at": "2026-03-26T11:03:50.000000", "name": "tempest-VolumesDeleteCascade-Volume-308554469", "description": null, "volume_type": "arcusfc1", "snapshot_id": null, "source_volid": null, "metadata": {}, "links": [{"rel": "self", "href": "http://10.132.44.209/volume/v3/volumes/f7f5a194-597c-4ca6-85ec-fe057b34242c"}, {"rel": "bookmark", "href": "http://10.132.44.209/volume/volumes/f7f5a194-597c-4ca6-85ec-fe057b34242c"}], "user_id": "0495918e1ed64bbb937615df1f938f30", "bootable": "false", "encrypted": false, "replication_status": null, "consistencygroup_id": null, "multiattach": false, "attachments": [], "os-vol-tenant-attr:tenant_id": "f92c30465503415cbc00028e1055323b"}}'
2026-03-26 11:06:13,562 129489 INFO     [tempest.lib.common.rest_client] Request (VolumesDeleteCascade:test_volume_from_snapshot_cascade_delete): 200 GET http://10.132.44.209/volume/v3/volumes/f7f5a194-597c-4ca6-85ec-fe057b34242c 0.042s
2026-03-26 11:06:13,563 129489 DEBUG    [tempest.lib.common.rest_client] Request - Headers: {'Content-Type': 'application/json', 'Accept': 'applicatio
    n/json', 'X-Auth-Token': '<omitted>'}
        Body: None
    Response - Headers: {'date': 'Thu, 26 Mar 2026 11:06:13 GMT', 'server': 'Apache/2.4.58 (Ubuntu)', 'content-type': 'application/json', 'x-compute-request-id': 'req-55bc961d-1715-493c-a57a-e1d535a753e0', 'content-length': '846', 'openstack-api-version': 'volume 3.0', 'vary': 'OpenStack-API-Version', 'x-openstack-request-id': 'req-55bc961d-1715-493c-a57a-e1d535a753e0', 'connection': 'close', 'status': '200', 'content-location': 'http://10.132.44.209/volume/v3/volumes/f7f5a194-597c-4ca6-85ec-fe057b34242c'}
        Body: b'{"volume": {"id": "f7f5a194-597c-4ca6-85ec-fe057b34242c", "status": "deleting", "size": 1, "availability_zone": "nova", "created_at": "2026-03-26T11:03:47.000000", "updated_at": "2026-03-26T11:03:50.000000", "name": "tempest-VolumesDeleteCascade-Volume-308554469", "description": null, "volume_type": "arcusfc1", "snapshot_id": null, "source_volid": null, "metadata": {}, "links": [{"rel": "self", "href": "http://10.132.44.209/volume/v3/volumes/f7f5a194-597c-4ca6-85ec-fe057b34242c"}, {"rel": "bookmark", "href": "http://10.132.44.209/volume/volumes/f7f5a194-597c-4ca6-85ec-fe057b34242c"}], "user_id": "0495918e1ed64bbb937615df1f938f30", "bootable": "false", "encrypted": false, "replication_status": null, "consistencygroup_id": null, "multiattach": false, "attachments": [], "os-vol-tenant-attr:tenant_id": "f92c30465503415cbc00028e1055323b"}}'
2026-03-26 11:06:14,615 129489 INFO     [tempest.lib.common.rest_client] Request (VolumesDeleteCascade:test_volume_from_snapshot_cascade_delete): 200 GET http://10.132.44.209/volume/v3/volumes/f7f5a194-597c-4ca6-85ec-fe057b34242c 0.043s
2026-03-26 11:06:14,615 129489 DEBUG    [tempest.lib.common.rest_client] Request - Headers: {'Content-Type': 'application/json', 'Accept': 'application/json', 'X-Auth-Token': '<omitted>'}
        Body: None
    Response - Headers: {'date': 'Thu, 26 Mar 2026 11:06:14 GMT', 'server': 'Apache/2.4.58 (Ubuntu)', 'content-type': 'application/json', 'x-compute-request-id': 'req-c31968dd-8b15-4b05-bff4-0d511ce4f1b2', 'content-length': '846', 'openstack-api-version': 'volume 3.0', 'vary': 'OpenStack-API-Version', 'x-openstack-request-id': 'req-c31968dd-8b15-4b05-bff4-0d511ce4f1b2', 'connection': 'close', 'status': '200', 'content-location': 'http://10.132.44.209/volume/v3/volumes/f7f5a194-597c-4ca6-85ec-fe057b34242c'}
        Body: b'{"volume": {"id": "f7f5a194-597c-4ca6-85ec-fe057b34242c", "status": "deleting", "size": 1, "availability_zone": "nova", "created_at": "2026-03-26T11:03:47.000000", "updated_at": "2026-03-26T11:03:50.000000", "name": "tempest-VolumesDeleteCascade-Volume-308554469", "description": null, "volume_type": "arcusfc1", "snapshot_id": null, "source_volid": null, "metadata": {}, "links": [{"rel": "self", "href": "http://10.132.44.209/volume/v3/volumes/f7f5a194-597c-4ca6-85ec-fe057b34242c"}, {"rel": "bookmark", "href": "http://10.132.44.209/volume/volumes/f7f5a194-597c-4ca6-85ec-fe057b34242c"}], "user_id": "0495918e1ed64bbb937615df1f938f30", "bootable": "false", "encrypted": false, "replication_status": null, "consistencygroup_id": null, "multiattach": false, "attachments": [], "os-vol-tenant-attr:tenant_id": "f92c30465503415cbc00028e1055323b"}}'
2026-03-26 11:06:15,671 129489 INFO     [tempest.lib.common.rest_client] Request (VolumesDeleteCascade:test_volume_from_snapshot_cascade_delete): 200 GET http://10.132.44.209/volume/v3/volumes/f7f5a194-597c-4ca6-85ec-fe057b34242c 0.042s
2026-03-26 11:06:15,672 129489 DEBUG    [tempest.lib.common.rest_client] Request - Headers: {'Content-Type': 'application/json', 'Accept': 'application/json', 'X-Auth-Token': '<omitted>'}
        Body: None
    Response - Headers: {'date': 'Thu, 26 Mar 2026 11:06:15 GMT', 'server': 'Apache/2.4.58 (Ubuntu)', 'content-type': 'application/json', 'x-compute-request-id': 'req-5d974c3d-92a4-419c-a988-f083ccc85d06', 'content-length': '846', 'openstack-api-version': 'volume 3.0', 'vary': 'OpenStack-API-Version', 'x-openstack-request-id': 'req-5d974c3d-92a4-419c-a988-f083ccc85d06', 'connection': 'close', 'st
    atus': '200', 'content-location': 'http://10.132.44.209/volume/v3/volumes/f7f5a194-597c-4ca6-85ec-fe057b34242c'}
        Body: b'{"volume": {"id": "f7f5a194-597c-4ca6-85ec-fe057b34242c", "status": "deleting", "size": 1, "availability_zone": "nova", "created_at": "2026-03-26T11:03:47.000000", "updated_at": "2026-03-26T11:03:50.000000", "name": "tempest-VolumesDeleteCascade-Volume-308554469", "description": null, "volume_type": "arcusfc1", "snapshot_id": null, "source_volid": null, "metadata": {}, "links": [{"rel": "self", "href": "http://10.132.44.209/volume/v3/volumes/f7f5a194-597c-4ca6-85ec-fe057b34242c"}, {"rel": "bookmark", "href": "http://10.132.44.209/volume/volumes/f7f5a194-597c-4ca6-85ec-fe057b34242c"}], "user_id": "0495918e1ed64bbb937615df1f938f30", "bootable": "false", "encrypted": false, "replication_status": null, "consistencygroup_id": null, "multiattach": false, "attachments": [], "os-vol-tenant-attr:tenant_id": "f92c30465503415cbc00028e1055323b"}}'
2026-03-26 11:06:16,719 129489 INFO     [tempest.lib.common.rest_client] Request (VolumesDeleteCascade:test_volume_from_snapshot_cascade_delete): 200 GET http://10.132.44.209/volume/v3/volumes/f7f5a194-597c-4ca6-85ec-fe057b34242c 0.033s
2026-03-26 11:06:16,719 129489 DEBUG    [tempest.lib.common.rest_client] Request - Headers: {'Content-Type': 'application/json', 'Accept': 'application/json', 'X-Auth-Token': '<omitted>'}
        Body: None
    Response - Headers: {'date': 'Thu, 26 Mar 2026 11:06:16 GMT', 'server': 'Apache/2.4.58 (Ubuntu)', 'content-type': 'application/json', 'x-compute-request-id': 'req-026efe12-7770-414d-8023-c61e9acc2f7d', 'content-length': '846', 'openstack-api-version': 'volume 3.0', 'vary': 'OpenStack-API-Version', 'x-openstack-request-id': 'req-026efe12-7770-414d-8023-c61e9acc2f7d', 'connection': 'close', 'status': '200', 'content-location': 'http://10.132.44.209/volume/v3/volumes/f7f5a194-597c-4ca6-85ec-fe057b34242c'}
        Body: b'{"volume": {"id": "f7f5a194-597c-4ca6-85ec-fe057b34242c", "status": "deleting", "size": 1, "availability_zone": "nova", "created_at": "2026-03-26T11:03:47.000000", "updated_at": "2026-03-26T11:03:50.000000", "name": "tempest-VolumesDeleteCascade-Volume-308554469", "description": null, "volume_type": "arcusfc1", "snapshot_id": null, "source_volid": null, "metadata": {}, "links": [{"rel": "self", "href": "http://10.132.44.209/volume/v3/volumes/f7f5a194-597c-4ca6-85ec-fe057b34242c"}, {"rel": "bookmark", "href": "http://10.132.44.209/volume/volumes/f7f5a194-597c-4ca6-85ec-fe057b34242c"}], "user_id": "0495918e1ed64bbb937615df1f938f30", "bootable": "false", "encrypted": false, "replication_status": null, "consistencygroup_id": null, "multiattach": false, "attachments": [], "os-vol-tenant-attr:tenant_id": "f92c30465503415cbc00028e1055323b"}}'
2026-03-26 11:06:17,771 129489 INFO     [tempest.lib.common.rest_client] Request (VolumesDeleteCascade:test_volume_from_snapshot_cascade_delete): 200 GET http://10.132.44.209/volume/v3/volumes/f7f5a194-597c-4ca6-85ec-fe057b34242c 0.042s
2026-03-26 11:06:17,772 129489 DEBUG    [tempest.lib.common.rest_client] Request - Headers: {'Content-Type': 'application/json', 'Accept': 'application/json', 'X-Auth-Token': '<omitted>'}
        Body: None
    Response - Headers: {'date': 'Thu, 26 Mar 2026 11:06:17 GMT', 'server': 'Apache/2.4.58 (Ubuntu)', 'content-type': 'application/json', 'x-compute-request-id': 'req-ce4626a6-b964-43b1-a874-27db54052f6b', 'content-length': '846', 'openstack-api-version': 'volume 3.0', 'vary': 'OpenStack-API-Version', 'x-openstack-request-id': 'req-ce4626a6-b964-43b1-a874-27db54052f6b', 'connection': 'close', 'status': '200', 'content-location': 'http://10.132.44.209/volume/v3/volumes/f7f5a194-597c-4ca6-85ec-fe057b34242c'}
        Body: b'{"volume": {"id": "f7f5a194-597c-4ca6-85ec-fe057b34242c", "status": "deleting", "size": 1, "availability_zone": "nova", "created_at": "2026-03-26T11:03:47.000000", "updated_at": "2026-03-26T11:03:50.000000", "name": "tempest-VolumesDeleteCascade-Volume-308554469", "description": null, "volume_type": "arcusfc1", "snapshot_id":
     null, "source_volid": null, "metadata": {}, "links": [{"rel": "self", "href": "http://10.132.44.209/volume/v3/volumes/f7f5a194-597c-4ca6-85ec-fe057b34242c"}, {"rel": "bookmark", "href": "http://10.132.44.209/volume/volumes/f7f5a194-597c-4ca6-85ec-fe057b34242c"}], "user_id": "0495918e1ed64bbb937615df1f938f30", "bootable": "false", "encrypted": false, "replication_status": null, "consistencygroup_id": null, "multiattach": false, "attachments": [], "os-vol-tenant-attr:tenant_id": "f92c30465503415cbc00028e1055323b"}}'
2026-03-26 11:06:18,828 129489 INFO     [tempest.lib.common.rest_client] Request (VolumesDeleteCascade:test_volume_from_snapshot_cascade_delete): 200 GET http://10.132.44.209/volume/v3/volumes/f7f5a194-597c-4ca6-85ec-fe057b34242c 0.042s
2026-03-26 11:06:18,828 129489 DEBUG    [tempest.lib.common.rest_client] Request - Headers: {'Content-Type': 'application/json', 'Accept': 'application/json', 'X-Auth-Token': '<omitted>'}
        Body: None
    Response - Headers: {'date': 'Thu, 26 Mar 2026 11:06:18 GMT', 'server': 'Apache/2.4.58 (Ubuntu)', 'content-type': 'application/json', 'x-compute-request-id': 'req-99c4ea7f-2648-4a36-98a5-f29dedb94950', 'content-length': '846', 'openstack-api-version': 'volume 3.0', 'vary': 'OpenStack-API-Version', 'x-openstack-request-id': 'req-99c4ea7f-2648-4a36-98a5-f29dedb94950', 'connection': 'close', 'status': '200', 'content-location': 'http://10.132.44.209/volume/v3/volumes/f7f5a194-597c-4ca6-85ec-fe057b34242c'}
        Body: b'{"volume": {"id": "f7f5a194-597c-4ca6-85ec-fe057b34242c", "status": "deleting", "size": 1, "availability_zone": "nova", "created_at": "2026-03-26T11:03:47.000000", "updated_at": "2026-03-26T11:03:50.000000", "name": "tempest-VolumesDeleteCascade-Volume-308554469", "description": null, "volume_type": "arcusfc1", "snapshot_id": null, "source_volid": null, "metadata": {}, "links": [{"rel": "self", "href": "http://10.132.44.209/volume/v3/volumes/f7f5a194-597c-4ca6-85ec-fe057b34242c"}, {"rel": "bookmark", "href": "http://10.132.44.209/volume/volumes/f7f5a194-597c-4ca6-85ec-fe057b34242c"}], "user_id": "0495918e1ed64bbb937615df1f938f30", "bootable": "false", "encrypted": false, "replication_status": null, "consistencygroup_id": null, "multiattach": false, "attachments": [], "os-vol-tenant-attr:tenant_id": "f92c30465503415cbc00028e1055323b"}}'
2026-03-26 11:06:19,889 129489 INFO     [tempest.lib.common.rest_client] Request (VolumesDeleteCascade:test_volume_from_snapshot_cascade_delete): 200 GET http://10.132.44.209/volume/v3/volumes/f7f5a194-597c-4ca6-85ec-fe057b34242c 0.043s
2026-03-26 11:06:19,889 129489 DEBUG    [tempest.lib.common.rest_client] Request - Headers: {'Content-Type': 'application/json', 'Accept': 'application/json', 'X-Auth-Token': '<omitted>'}
        Body: None
    Response - Headers: {'date': 'Thu, 26 Mar 2026 11:06:19 GMT', 'server': 'Apache/2.4.58 (Ubuntu)', 'content-type': 'application/json', 'x-compute-request-id': 'req-45ba10c9-a56b-446f-84f1-892273fcf86a', 'content-length': '846', 'openstack-api-version': 'volume 3.0', 'vary': 'OpenStack-API-Version', 'x-openstack-request-id': 'req-45ba10c9-a56b-446f-84f1-892273fcf86a', 'connection': 'close', 'status': '200', 'content-location': 'http://10.132.44.209/volume/v3/volumes/f7f5a194-597c-4ca6-85ec-fe057b34242c'}
        Body: b'{"volume": {"id": "f7f5a194-597c-4ca6-85ec-fe057b34242c", "status": "deleting", "size": 1, "availability_zone": "nova", "created_at": "2026-03-26T11:03:47.000000", "updated_at": "2026-03-26T11:03:50.000000", "name": "tempest-VolumesDeleteCascade-Volume-308554469", "description": null, "volume_type": "arcusfc1", "snapshot_id": null, "source_volid": null, "metadata": {}, "links": [{"rel": "self", "href": "http://10.132.44.209/volume/v3/volumes/f7f5a194-597c-4ca6-85ec-fe057b34242c"}, {"rel": "bookmark", "href": "http://10.132.44.209/volume/volumes/f7f5a194-597c-4ca6-85ec-fe057b34242c"}], "user_id": "0495918e1ed64bbb937615df1f938f30", "bootable": "false", "encrypted": false, "replication_status": null, "consistencygroup_id": null, "multiattach": false, "attachments": [], "os-v
    ol-tenant-attr:tenant_id": "f92c30465503415cbc00028e1055323b"}}'
2026-03-26 11:06:20,930 129489 INFO     [tempest.lib.common.rest_client] Request (VolumesDeleteCascade:test_volume_from_snapshot_cascade_delete): 200 GET http://10.132.44.209/volume/v3/volumes/f7f5a194-597c-4ca6-85ec-fe057b34242c 0.034s
2026-03-26 11:06:20,930 129489 DEBUG    [tempest.lib.common.rest_client] Request - Headers: {'Content-Type': 'application/json', 'Accept': 'application/json', 'X-Auth-Token': '<omitted>'}
        Body: None
    Response - Headers: {'date': 'Thu, 26 Mar 2026 11:06:20 GMT', 'server': 'Apache/2.4.58 (Ubuntu)', 'content-type': 'application/json', 'x-compute-request-id': 'req-3fc84497-77a4-4970-8331-832a90659f2d', 'content-length': '846', 'openstack-api-version': 'volume 3.0', 'vary': 'OpenStack-API-Version', 'x-openstack-request-id': 'req-3fc84497-77a4-4970-8331-832a90659f2d', 'connection': 'close', 'status': '200', 'content-location': 'http://10.132.44.209/volume/v3/volumes/f7f5a194-597c-4ca6-85ec-fe057b34242c'}
        Body: b'{"volume": {"id": "f7f5a194-597c-4ca6-85ec-fe057b34242c", "status": "deleting", "size": 1, "availability_zone": "nova", "created_at": "2026-03-26T11:03:47.000000", "updated_at": "2026-03-26T11:03:50.000000", "name": "tempest-VolumesDeleteCascade-Volume-308554469", "description": null, "volume_type": "arcusfc1", "snapshot_id": null, "source_volid": null, "metadata": {}, "links": [{"rel": "self", "href": "http://10.132.44.209/volume/v3/volumes/f7f5a194-597c-4ca6-85ec-fe057b34242c"}, {"rel": "bookmark", "href": "http://10.132.44.209/volume/volumes/f7f5a194-597c-4ca6-85ec-fe057b34242c"}], "user_id": "0495918e1ed64bbb937615df1f938f30", "bootable": "false", "encrypted": false, "replication_status": null, "consistencygroup_id": null, "multiattach": false, "attachments": [], "os-vol-tenant-attr:tenant_id": "f92c30465503415cbc00028e1055323b"}}'
2026-03-26 11:06:21,973 129489 INFO     [tempest.lib.common.rest_client] Request (VolumesDeleteCascade:test_volume_from_snapshot_cascade_delete): 200 GET http://10.132.44.209/volume/v3/volumes/f7f5a194-597c-4ca6-85ec-fe057b34242c 0.036s
2026-03-26 11:06:21,974 129489 DEBUG    [tempest.lib.common.rest_client] Request - Headers: {'Content-Type': 'application/json', 'Accept': 'application/json', 'X-Auth-Token': '<omitted>'}
        Body: None
    Response - Headers: {'date': 'Thu, 26 Mar 2026 11:06:21 GMT', 'server': 'Apache/2.4.58 (Ubuntu)', 'content-type': 'application/json', 'x-compute-request-id': 'req-fc01a94e-bfc9-4c04-ae84-e0d5b51c2599', 'content-length': '846', 'openstack-api-version': 'volume 3.0', 'vary': 'OpenStack-API-Version', 'x-openstack-request-id': 'req-fc01a94e-bfc9-4c04-ae84-e0d5b51c2599', 'connection': 'close', 'status': '200', 'content-location': 'http://10.132.44.209/volume/v3/volumes/f7f5a194-597c-4ca6-85ec-fe057b34242c'}
        Body: b'{"volume": {"id": "f7f5a194-597c-4ca6-85ec-fe057b34242c", "status": "deleting", "size": 1, "availability_zone": "nova", "created_at": "2026-03-26T11:03:47.000000", "updated_at": "2026-03-26T11:03:50.000000", "name": "tempest-VolumesDeleteCascade-Volume-308554469", "description": null, "volume_type": "arcusfc1", "snapshot_id": null, "source_volid": null, "metadata": {}, "links": [{"rel": "self", "href": "http://10.132.44.209/volume/v3/volumes/f7f5a194-597c-4ca6-85ec-fe057b34242c"}, {"rel": "bookmark", "href": "http://10.132.44.209/volume/volumes/f7f5a194-597c-4ca6-85ec-fe057b34242c"}], "user_id": "0495918e1ed64bbb937615df1f938f30", "bootable": "false", "encrypted": false, "replication_status": null, "consistencygroup_id": null, "multiattach": false, "attachments": [], "os-vol-tenant-attr:tenant_id": "f92c30465503415cbc00028e1055323b"}}'
2026-03-26 11:06:23,028 129489 INFO     [tempest.lib.common.rest_client] Request (VolumesDeleteCascade:test_volume_from_snapshot_cascade_delete): 200 GET http://10.132.44.209/volume/v3/volumes/f7f5a194-597c-4ca6-85ec-fe057b34242c 0.042s
2026-03-26 11:06:23,029 129489 DEBUG    [tempest.lib.common.rest_client] Request - Headers: {'Content-Type': 'application/json', 'Accept': 'application/js
    on', 'X-Auth-Token': '<omitted>'}
        Body: None
    Response - Headers: {'date': 'Thu, 26 Mar 2026 11:06:22 GMT', 'server': 'Apache/2.4.58 (Ubuntu)', 'content-type': 'application/json', 'x-compute-request-id': 'req-04669b03-5611-48e9-9cce-e0f7cf09c379', 'content-length': '846', 'openstack-api-version': 'volume 3.0', 'vary': 'OpenStack-API-Version', 'x-openstack-request-id': 'req-04669b03-5611-48e9-9cce-e0f7cf09c379', 'connection': 'close', 'status': '200', 'content-location': 'http://10.132.44.209/volume/v3/volumes/f7f5a194-597c-4ca6-85ec-fe057b34242c'}
        Body: b'{"volume": {"id": "f7f5a194-597c-4ca6-85ec-fe057b34242c", "status": "deleting", "size": 1, "availability_zone": "nova", "created_at": "2026-03-26T11:03:47.000000", "updated_at": "2026-03-26T11:03:50.000000", "name": "tempest-VolumesDeleteCascade-Volume-308554469", "description": null, "volume_type": "arcusfc1", "snapshot_id": null, "source_volid": null, "metadata": {}, "links": [{"rel": "self", "href": "http://10.132.44.209/volume/v3/volumes/f7f5a194-597c-4ca6-85ec-fe057b34242c"}, {"rel": "bookmark", "href": "http://10.132.44.209/volume/volumes/f7f5a194-597c-4ca6-85ec-fe057b34242c"}], "user_id": "0495918e1ed64bbb937615df1f938f30", "bootable": "false", "encrypted": false, "replication_status": null, "consistencygroup_id": null, "multiattach": false, "attachments": [], "os-vol-tenant-attr:tenant_id": "f92c30465503415cbc00028e1055323b"}}'
2026-03-26 11:06:24,081 129489 INFO     [tempest.lib.common.rest_client] Request (VolumesDeleteCascade:test_volume_from_snapshot_cascade_delete): 200 GET http://10.132.44.209/volume/v3/volumes/f7f5a194-597c-4ca6-85ec-fe057b34242c 0.041s
2026-03-26 11:06:24,081 129489 DEBUG    [tempest.lib.common.rest_client] Request - Headers: {'Content-Type': 'application/json', 'Accept': 'application/json', 'X-Auth-Token': '<omitted>'}
        Body: None
    Response - Headers: {'date': 'Thu, 26 Mar 2026 11:06:24 GMT', 'server': 'Apache/2.4.58 (Ubuntu)', 'content-type': 'application/json', 'x-compute-request-id': 'req-0c604adf-3dcb-4796-9322-b8a72a70050f', 'content-length': '846', 'openstack-api-version': 'volume 3.0', 'vary': 'OpenStack-API-Version', 'x-openstack-request-id': 'req-0c604adf-3dcb-4796-9322-b8a72a70050f', 'connection': 'close', 'status': '200', 'content-location': 'http://10.132.44.209/volume/v3/volumes/f7f5a194-597c-4ca6-85ec-fe057b34242c'}
        Body: b'{"volume": {"id": "f7f5a194-597c-4ca6-85ec-fe057b34242c", "status": "deleting", "size": 1, "availability_zone": "nova", "created_at": "2026-03-26T11:03:47.000000", "updated_at": "2026-03-26T11:03:50.000000", "name": "tempest-VolumesDeleteCascade-Volume-308554469", "description": null, "volume_type": "arcusfc1", "snapshot_id": null, "source_volid": null, "metadata": {}, "links": [{"rel": "self", "href": "http://10.132.44.209/volume/v3/volumes/f7f5a194-597c-4ca6-85ec-fe057b34242c"}, {"rel": "bookmark", "href": "http://10.132.44.209/volume/volumes/f7f5a194-597c-4ca6-85ec-fe057b34242c"}], "user_id": "0495918e1ed64bbb937615df1f938f30", "bootable": "false", "encrypted": false, "replication_status": null, "consistencygroup_id": null, "multiattach": false, "attachments": [], "os-vol-tenant-attr:tenant_id": "f92c30465503415cbc00028e1055323b"}}'
2026-03-26 11:06:25,134 129489 INFO     [tempest.lib.common.rest_client] Request (VolumesDeleteCascade:test_volume_from_snapshot_cascade_delete): 200 GET http://10.132.44.209/volume/v3/volumes/f7f5a194-597c-4ca6-85ec-fe057b34242c 0.040s
2026-03-26 11:06:25,134 129489 DEBUG    [tempest.lib.common.rest_client] Request - Headers: {'Content-Type': 'application/json', 'Accept': 'application/json', 'X-Auth-Token': '<omitted>'}
        Body: None
    Response - Headers: {'date': 'Thu, 26 Mar 2026 11:06:25 GMT', 'server': 'Apache/2.4.58 (Ubuntu)', 'content-type': 'application/json', 'x-compute-request-id': 'req-f147ef83-66b4-430b-a4aa-234b156ba827', 'content-length': '846', 'openstack-api-version': 'volume 3.0', 'vary': 'OpenStack-API-Version', 'x-openstack-request-id': 'req-f147ef83-66b4-430b-a4aa-234b156ba827', 'connection': 'close', 'status
    ': '200', 'content-location': 'http://10.132.44.209/volume/v3/volumes/f7f5a194-597c-4ca6-85ec-fe057b34242c'}
        Body: b'{"volume": {"id": "f7f5a194-597c-4ca6-85ec-fe057b34242c", "status": "deleting", "size": 1, "availability_zone": "nova", "created_at": "2026-03-26T11:03:47.000000", "updated_at": "2026-03-26T11:03:50.000000", "name": "tempest-VolumesDeleteCascade-Volume-308554469", "description": null, "volume_type": "arcusfc1", "snapshot_id": null, "source_volid": null, "metadata": {}, "links": [{"rel": "self", "href": "http://10.132.44.209/volume/v3/volumes/f7f5a194-597c-4ca6-85ec-fe057b34242c"}, {"rel": "bookmark", "href": "http://10.132.44.209/volume/volumes/f7f5a194-597c-4ca6-85ec-fe057b34242c"}], "user_id": "0495918e1ed64bbb937615df1f938f30", "bootable": "false", "encrypted": false, "replication_status": null, "consistencygroup_id": null, "multiattach": false, "attachments": [], "os-vol-tenant-attr:tenant_id": "f92c30465503415cbc00028e1055323b"}}'
2026-03-26 11:06:26,188 129489 INFO     [tempest.lib.common.rest_client] Request (VolumesDeleteCascade:test_volume_from_snapshot_cascade_delete): 200 GET http://10.132.44.209/volume/v3/volumes/f7f5a194-597c-4ca6-85ec-fe057b34242c 0.041s
2026-03-26 11:06:26,188 129489 DEBUG    [tempest.lib.common.rest_client] Request - Headers: {'Content-Type': 'application/json', 'Accept': 'application/json', 'X-Auth-Token': '<omitted>'}
        Body: None
    Response - Headers: {'date': 'Thu, 26 Mar 2026 11:06:26 GMT', 'server': 'Apache/2.4.58 (Ubuntu)', 'content-type': 'application/json', 'x-compute-request-id': 'req-4fb6ceb3-a661-4a5f-b488-fb1a9b6e5b0c', 'content-length': '846', 'openstack-api-version': 'volume 3.0', 'vary': 'OpenStack-API-Version', 'x-openstack-request-id': 'req-4fb6ceb3-a661-4a5f-b488-fb1a9b6e5b0c', 'connection': 'close', 'status': '200', 'content-location': 'http://10.132.44.209/volume/v3/volumes/f7f5a194-597c-4ca6-85ec-fe057b34242c'}
        Body: b'{"volume": {"id": "f7f5a194-597c-4ca6-85ec-fe057b34242c", "status": "deleting", "size": 1, "availability_zone": "nova", "created_at": "2026-03-26T11:03:47.000000", "updated_at": "2026-03-26T11:03:50.000000", "name": "tempest-VolumesDeleteCascade-Volume-308554469", "description": null, "volume_type": "arcusfc1", "snapshot_id": null, "source_volid": null, "metadata": {}, "links": [{"rel": "self", "href": "http://10.132.44.209/volume/v3/volumes/f7f5a194-597c-4ca6-85ec-fe057b34242c"}, {"rel": "bookmark", "href": "http://10.132.44.209/volume/volumes/f7f5a194-597c-4ca6-85ec-fe057b34242c"}], "user_id": "0495918e1ed64bbb937615df1f938f30", "bootable": "false", "encrypted": false, "replication_status": null, "consistencygroup_id": null, "multiattach": false, "attachments": [], "os-vol-tenant-attr:tenant_id": "f92c30465503415cbc00028e1055323b"}}'
2026-03-26 11:06:27,238 129489 INFO     [tempest.lib.common.rest_client] Request (VolumesDeleteCascade:test_volume_from_snapshot_cascade_delete): 200 GET http://10.132.44.209/volume/v3/volumes/f7f5a194-597c-4ca6-85ec-fe057b34242c 0.038s
2026-03-26 11:06:27,238 129489 DEBUG    [tempest.lib.common.rest_client] Request - Headers: {'Content-Type': 'application/json', 'Accept': 'application/json', 'X-Auth-Token': '<omitted>'}
        Body: None
    Response - Headers: {'date': 'Thu, 26 Mar 2026 11:06:27 GMT', 'server': 'Apache/2.4.58 (Ubuntu)', 'content-type': 'application/json', 'x-compute-request-id': 'req-d6d4b03f-53f8-490f-add4-ac0ed426cb86', 'content-length': '846', 'openstack-api-version': 'volume 3.0', 'vary': 'OpenStack-API-Version', 'x-openstack-request-id': 'req-d6d4b03f-53f8-490f-add4-ac0ed426cb86', 'connection': 'close', 'status': '200', 'content-location': 'http://10.132.44.209/volume/v3/volumes/f7f5a194-597c-4ca6-85ec-fe057b34242c'}
        Body: b'{"volume": {"id": "f7f5a194-597c-4ca6-85ec-fe057b34242c", "status": "deleting", "size": 1, "availability_zone": "nova", "created_at": "2026-03-26T11:03:47.000000", "updated_at": "2026-03-26T11:03:50.000000", "name": "tempest-VolumesDeleteCascade-Volume-308554469", "description": null, "volume_type": "arcusfc1", "snapshot_id": nul
    l, "source_volid": null, "metadata": {}, "links": [{"rel": "self", "href": "http://10.132.44.209/volume/v3/volumes/f7f5a194-597c-4ca6-85ec-fe057b34242c"}, {"rel": "bookmark", "href": "http://10.132.44.209/volume/volumes/f7f5a194-597c-4ca6-85ec-fe057b34242c"}], "user_id": "0495918e1ed64bbb937615df1f938f30", "bootable": "false", "encrypted": false, "replication_status": null, "consistencygroup_id": null, "multiattach": false, "attachments": [], "os-vol-tenant-attr:tenant_id": "f92c30465503415cbc00028e1055323b"}}'
2026-03-26 11:06:28,293 129489 INFO     [tempest.lib.common.rest_client] Request (VolumesDeleteCascade:test_volume_from_snapshot_cascade_delete): 200 GET http://10.132.44.209/volume/v3/volumes/f7f5a194-597c-4ca6-85ec-fe057b34242c 0.039s
2026-03-26 11:06:28,293 129489 DEBUG    [tempest.lib.common.rest_client] Request - Headers: {'Content-Type': 'application/json', 'Accept': 'application/json', 'X-Auth-Token': '<omitted>'}
        Body: None
    Response - Headers: {'date': 'Thu, 26 Mar 2026 11:06:28 GMT', 'server': 'Apache/2.4.58 (Ubuntu)', 'content-type': 'application/json', 'x-compute-request-id': 'req-85b43b87-889c-4c64-bd7a-1c0ed8146214', 'content-length': '846', 'openstack-api-version': 'volume 3.0', 'vary': 'OpenStack-API-Version', 'x-openstack-request-id': 'req-85b43b87-889c-4c64-bd7a-1c0ed8146214', 'connection': 'close', 'status': '200', 'content-location': 'http://10.132.44.209/volume/v3/volumes/f7f5a194-597c-4ca6-85ec-fe057b34242c'}
        Body: b'{"volume": {"id": "f7f5a194-597c-4ca6-85ec-fe057b34242c", "status": "deleting", "size": 1, "availability_zone": "nova", "created_at": "2026-03-26T11:03:47.000000", "updated_at": "2026-03-26T11:03:50.000000", "name": "tempest-VolumesDeleteCascade-Volume-308554469", "description": null, "volume_type": "arcusfc1", "snapshot_id": null, "source_volid": null, "metadata": {}, "links": [{"rel": "self", "href": "http://10.132.44.209/volume/v3/volumes/f7f5a194-597c-4ca6-85ec-fe057b34242c"}, {"rel": "bookmark", "href": "http://10.132.44.209/volume/volumes/f7f5a194-597c-4ca6-85ec-fe057b34242c"}], "user_id": "0495918e1ed64bbb937615df1f938f30", "bootable": "false", "encrypted": false, "replication_status": null, "consistencygroup_id": null, "multiattach": false, "attachments": [], "os-vol-tenant-attr:tenant_id": "f92c30465503415cbc00028e1055323b"}}'
2026-03-26 11:06:29,345 129489 INFO     [tempest.lib.common.rest_client] Request (VolumesDeleteCascade:test_volume_from_snapshot_cascade_delete): 200 GET http://10.132.44.209/volume/v3/volumes/f7f5a194-597c-4ca6-85ec-fe057b34242c 0.042s
2026-03-26 11:06:29,346 129489 DEBUG    [tempest.lib.common.rest_client] Request - Headers: {'Content-Type': 'application/json', 'Accept': 'application/json', 'X-Auth-Token': '<omitted>'}
        Body: None
    Response - Headers: {'date': 'Thu, 26 Mar 2026 11:06:29 GMT', 'server': 'Apache/2.4.58 (Ubuntu)', 'content-type': 'application/json', 'x-compute-request-id': 'req-b894b15d-3683-4f24-89d0-2af4863aa021', 'content-length': '846', 'openstack-api-version': 'volume 3.0', 'vary': 'OpenStack-API-Version', 'x-openstack-request-id': 'req-b894b15d-3683-4f24-89d0-2af4863aa021', 'connection': 'close', 'status': '200', 'content-location': 'http://10.132.44.209/volume/v3/volumes/f7f5a194-597c-4ca6-85ec-fe057b34242c'}
        Body: b'{"volume": {"id": "f7f5a194-597c-4ca6-85ec-fe057b34242c", "status": "deleting", "size": 1, "availability_zone": "nova", "created_at": "2026-03-26T11:03:47.000000", "updated_at": "2026-03-26T11:03:50.000000", "name": "tempest-VolumesDeleteCascade-Volume-308554469", "description": null, "volume_type": "arcusfc1", "snapshot_id": null, "source_volid": null, "metadata": {}, "links": [{"rel": "self", "href": "http://10.132.44.209/volume/v3/volumes/f7f5a194-597c-4ca6-85ec-fe057b34242c"}, {"rel": "bookmark", "href": "http://10.132.44.209/volume/volumes/f7f5a194-597c-4ca6-85ec-fe057b34242c"}], "user_id": "0495918e1ed64bbb937615df1f938f30", "bootable": "false", "encrypted": false, "replication_status": null, "consistencygroup_id": null, "multiattach": false, "attachments": [], "os-vol-t
    enant-attr:tenant_id": "f92c30465503415cbc00028e1055323b"}}'
2026-03-26 11:06:30,398 129489 INFO     [tempest.lib.common.rest_client] Request (VolumesDeleteCascade:test_volume_from_snapshot_cascade_delete): 200 GET http://10.132.44.209/volume/v3/volumes/f7f5a194-597c-4ca6-85ec-fe057b34242c 0.037s
2026-03-26 11:06:30,398 129489 DEBUG    [tempest.lib.common.rest_client] Request - Headers: {'Content-Type': 'application/json', 'Accept': 'application/json', 'X-Auth-Token': '<omitted>'}
        Body: None
    Response - Headers: {'date': 'Thu, 26 Mar 2026 11:06:30 GMT', 'server': 'Apache/2.4.58 (Ubuntu)', 'content-type': 'application/json', 'x-compute-request-id': 'req-e25717d3-749e-4344-84ce-cb3d93d9f154', 'content-length': '846', 'openstack-api-version': 'volume 3.0', 'vary': 'OpenStack-API-Version', 'x-openstack-request-id': 'req-e25717d3-749e-4344-84ce-cb3d93d9f154', 'connection': 'close', 'status': '200', 'content-location': 'http://10.132.44.209/volume/v3/volumes/f7f5a194-597c-4ca6-85ec-fe057b34242c'}
        Body: b'{"volume": {"id": "f7f5a194-597c-4ca6-85ec-fe057b34242c", "status": "deleting", "size": 1, "availability_zone": "nova", "created_at": "2026-03-26T11:03:47.000000", "updated_at": "2026-03-26T11:03:50.000000", "name": "tempest-VolumesDeleteCascade-Volume-308554469", "description": null, "volume_type": "arcusfc1", "snapshot_id": null, "source_volid": null, "metadata": {}, "links": [{"rel": "self", "href": "http://10.132.44.209/volume/v3/volumes/f7f5a194-597c-4ca6-85ec-fe057b34242c"}, {"rel": "bookmark", "href": "http://10.132.44.209/volume/volumes/f7f5a194-597c-4ca6-85ec-fe057b34242c"}], "user_id": "0495918e1ed64bbb937615df1f938f30", "bootable": "false", "encrypted": false, "replication_status": null, "consistencygroup_id": null, "multiattach": false, "attachments": [], "os-vol-tenant-attr:tenant_id": "f92c30465503415cbc00028e1055323b"}}'
2026-03-26 11:06:31,454 129489 INFO     [tempest.lib.common.rest_client] Request (VolumesDeleteCascade:test_volume_from_snapshot_cascade_delete): 200 GET http://10.132.44.209/volume/v3/volumes/f7f5a194-597c-4ca6-85ec-fe057b34242c 0.040s
2026-03-26 11:06:31,454 129489 DEBUG    [tempest.lib.common.rest_client] Request - Headers: {'Content-Type': 'application/json', 'Accept': 'application/json', 'X-Auth-Token': '<omitted>'}
        Body: None
    Response - Headers: {'date': 'Thu, 26 Mar 2026 11:06:31 GMT', 'server': 'Apache/2.4.58 (Ubuntu)', 'content-type': 'application/json', 'x-compute-request-id': 'req-8f2c0889-dcb9-4498-aae9-8f82a6bee17d', 'content-length': '846', 'openstack-api-version': 'volume 3.0', 'vary': 'OpenStack-API-Version', 'x-openstack-request-id': 'req-8f2c0889-dcb9-4498-aae9-8f82a6bee17d', 'connection': 'close', 'status': '200', 'content-location': 'http://10.132.44.209/volume/v3/volumes/f7f5a194-597c-4ca6-85ec-fe057b34242c'}
        Body: b'{"volume": {"id": "f7f5a194-597c-4ca6-85ec-fe057b34242c", "status": "deleting", "size": 1, "availability_zone": "nova", "created_at": "2026-03-26T11:03:47.000000", "updated_at": "2026-03-26T11:03:50.000000", "name": "tempest-VolumesDeleteCascade-Volume-308554469", "description": null, "volume_type": "arcusfc1", "snapshot_id": null, "source_volid": null, "metadata": {}, "links": [{"rel": "self", "href": "http://10.132.44.209/volume/v3/volumes/f7f5a194-597c-4ca6-85ec-fe057b34242c"}, {"rel": "bookmark", "href": "http://10.132.44.209/volume/volumes/f7f5a194-597c-4ca6-85ec-fe057b34242c"}], "user_id": "0495918e1ed64bbb937615df1f938f30", "bootable": "false", "encrypted": false, "replication_status": null, "consistencygroup_id": null, "multiattach": false, "attachments": [], "os-vol-tenant-attr:tenant_id": "f92c30465503415cbc00028e1055323b"}}'
2026-03-26 11:06:32,497 129489 INFO     [tempest.lib.common.rest_client] Request (VolumesDeleteCascade:test_volume_from_snapshot_cascade_delete): 200 GET http://10.132.44.209/volume/v3/volumes/f7f5a194-597c-4ca6-85ec-fe057b34242c 0.035s
2026-03-26 11:06:32,498 129489 DEBUG    [tempest.lib.common.rest_client] Request - Headers: {'Content-Type': 'application/json', 'Accept': 'application/json',
     'X-Auth-Token': '<omitted>'}
        Body: None
    Response - Headers: {'date': 'Thu, 26 Mar 2026 11:06:32 GMT', 'server': 'Apache/2.4.58 (Ubuntu)', 'content-type': 'application/json', 'x-compute-request-id': 'req-7d3212a8-0c3b-4a87-9920-581eb6f2c855', 'content-length': '846', 'openstack-api-version': 'volume 3.0', 'vary': 'OpenStack-API-Version', 'x-openstack-request-id': 'req-7d3212a8-0c3b-4a87-9920-581eb6f2c855', 'connection': 'close', 'status': '200', 'content-location': 'http://10.132.44.209/volume/v3/volumes/f7f5a194-597c-4ca6-85ec-fe057b34242c'}
        Body: b'{"volume": {"id": "f7f5a194-597c-4ca6-85ec-fe057b34242c", "status": "deleting", "size": 1, "availability_zone": "nova", "created_at": "2026-03-26T11:03:47.000000", "updated_at": "2026-03-26T11:03:50.000000", "name": "tempest-VolumesDeleteCascade-Volume-308554469", "description": null, "volume_type": "arcusfc1", "snapshot_id": null, "source_volid": null, "metadata": {}, "links": [{"rel": "self", "href": "http://10.132.44.209/volume/v3/volumes/f7f5a194-597c-4ca6-85ec-fe057b34242c"}, {"rel": "bookmark", "href": "http://10.132.44.209/volume/volumes/f7f5a194-597c-4ca6-85ec-fe057b34242c"}], "user_id": "0495918e1ed64bbb937615df1f938f30", "bootable": "false", "encrypted": false, "replication_status": null, "consistencygroup_id": null, "multiattach": false, "attachments": [], "os-vol-tenant-attr:tenant_id": "f92c30465503415cbc00028e1055323b"}}'
2026-03-26 11:06:33,547 129489 INFO     [tempest.lib.common.rest_client] Request (VolumesDeleteCascade:test_volume_from_snapshot_cascade_delete): 200 GET http://10.132.44.209/volume/v3/volumes/f7f5a194-597c-4ca6-85ec-fe057b34242c 0.037s
2026-03-26 11:06:33,548 129489 DEBUG    [tempest.lib.common.rest_client] Request - Headers: {'Content-Type': 'application/json', 'Accept': 'application/json', 'X-Auth-Token': '<omitted>'}
        Body: None
    Response - Headers: {'date': 'Thu, 26 Mar 2026 11:06:33 GMT', 'server': 'Apache/2.4.58 (Ubuntu)', 'content-type': 'application/json', 'x-compute-request-id': 'req-c364af60-c1ee-4c5d-ad84-72d056a4bc5a', 'content-length': '846', 'openstack-api-version': 'volume 3.0', 'vary': 'OpenStack-API-Version', 'x-openstack-request-id': 'req-c364af60-c1ee-4c5d-ad84-72d056a4bc5a', 'connection': 'close', 'status': '200', 'content-location': 'http://10.132.44.209/volume/v3/volumes/f7f5a194-597c-4ca6-85ec-fe057b34242c'}
        Body: b'{"volume": {"id": "f7f5a194-597c-4ca6-85ec-fe057b34242c", "status": "deleting", "size": 1, "availability_zone": "nova", "created_at": "2026-03-26T11:03:47.000000", "updated_at": "2026-03-26T11:03:50.000000", "name": "tempest-VolumesDeleteCascade-Volume-308554469", "description": null, "volume_type": "arcusfc1", "snapshot_id": null, "source_volid": null, "metadata": {}, "links": [{"rel": "self", "href": "http://10.132.44.209/volume/v3/volumes/f7f5a194-597c-4ca6-85ec-fe057b34242c"}, {"rel": "bookmark", "href": "http://10.132.44.209/volume/volumes/f7f5a194-597c-4ca6-85ec-fe057b34242c"}], "user_id": "0495918e1ed64bbb937615df1f938f30", "bootable": "false", "encrypted": false, "replication_status": null, "consistencygroup_id": null, "multiattach": false, "attachments": [], "os-vol-tenant-attr:tenant_id": "f92c30465503415cbc00028e1055323b"}}'
2026-03-26 11:06:34,593 129489 INFO     [tempest.lib.common.rest_client] Request (VolumesDeleteCascade:test_volume_from_snapshot_cascade_delete): 200 GET http://10.132.44.209/volume/v3/volumes/f7f5a194-597c-4ca6-85ec-fe057b34242c 0.036s
2026-03-26 11:06:34,594 129489 DEBUG    [tempest.lib.common.rest_client] Request - Headers: {'Content-Type': 'application/json', 'Accept': 'application/json', 'X-Auth-Token': '<omitted>'}
        Body: None
    Response - Headers: {'date': 'Thu, 26 Mar 2026 11:06:34 GMT', 'server': 'Apache/2.4.58 (Ubuntu)', 'content-type': 'application/json', 'x-compute-request-id': 'req-21184810-95d5-4d34-b969-89c1418d2ffb', 'content-length': '846', 'openstack-api-version': 'volume 3.0', 'vary': 'OpenStack-API-Version', 'x-openstack-request-id': 'req-21184810-95d5-4d34-b969-89c1418d2ffb', 'connection': 'close', 'status': '
    200', 'content-location': 'http://10.132.44.209/volume/v3/volumes/f7f5a194-597c-4ca6-85ec-fe057b34242c'}
        Body: b'{"volume": {"id": "f7f5a194-597c-4ca6-85ec-fe057b34242c", "status": "deleting", "size": 1, "availability_zone": "nova", "created_at": "2026-03-26T11:03:47.000000", "updated_at": "2026-03-26T11:03:50.000000", "name": "tempest-VolumesDeleteCascade-Volume-308554469", "description": null, "volume_type": "arcusfc1", "snapshot_id": null, "source_volid": null, "metadata": {}, "links": [{"rel": "self", "href": "http://10.132.44.209/volume/v3/volumes/f7f5a194-597c-4ca6-85ec-fe057b34242c"}, {"rel": "bookmark", "href": "http://10.132.44.209/volume/volumes/f7f5a194-597c-4ca6-85ec-fe057b34242c"}], "user_id": "0495918e1ed64bbb937615df1f938f30", "bootable": "false", "encrypted": false, "replication_status": null, "consistencygroup_id": null, "multiattach": false, "attachments": [], "os-vol-tenant-attr:tenant_id": "f92c30465503415cbc00028e1055323b"}}'
2026-03-26 11:06:35,649 129489 INFO     [tempest.lib.common.rest_client] Request (VolumesDeleteCascade:test_volume_from_snapshot_cascade_delete): 200 GET http://10.132.44.209/volume/v3/volumes/f7f5a194-597c-4ca6-85ec-fe057b34242c 0.040s
2026-03-26 11:06:35,649 129489 DEBUG    [tempest.lib.common.rest_client] Request - Headers: {'Content-Type': 'application/json', 'Accept': 'application/json', 'X-Auth-Token': '<omitted>'}
        Body: None
    Response - Headers: {'date': 'Thu, 26 Mar 2026 11:06:35 GMT', 'server': 'Apache/2.4.58 (Ubuntu)', 'content-type': 'application/json', 'x-compute-request-id': 'req-5b48fec2-9ed8-45e6-865d-ea355cbaae8e', 'content-length': '846', 'openstack-api-version': 'volume 3.0', 'vary': 'OpenStack-API-Version', 'x-openstack-request-id': 'req-5b48fec2-9ed8-45e6-865d-ea355cbaae8e', 'connection': 'close', 'status': '200', 'content-location': 'http://10.132.44.209/volume/v3/volumes/f7f5a194-597c-4ca6-85ec-fe057b34242c'}
        Body: b'{"volume": {"id": "f7f5a194-597c-4ca6-85ec-fe057b34242c", "status": "deleting", "size": 1, "availability_zone": "nova", "created_at": "2026-03-26T11:03:47.000000", "updated_at": "2026-03-26T11:03:50.000000", "name": "tempest-VolumesDeleteCascade-Volume-308554469", "description": null, "volume_type": "arcusfc1", "snapshot_id": null, "source_volid": null, "metadata": {}, "links": [{"rel": "self", "href": "http://10.132.44.209/volume/v3/volumes/f7f5a194-597c-4ca6-85ec-fe057b34242c"}, {"rel": "bookmark", "href": "http://10.132.44.209/volume/volumes/f7f5a194-597c-4ca6-85ec-fe057b34242c"}], "user_id": "0495918e1ed64bbb937615df1f938f30", "bootable": "false", "encrypted": false, "replication_status": null, "consistencygroup_id": null, "multiattach": false, "attachments": [], "os-vol-tenant-attr:tenant_id": "f92c30465503415cbc00028e1055323b"}}'
2026-03-26 11:06:36,696 129489 INFO     [tempest.lib.common.rest_client] Request (VolumesDeleteCascade:test_volume_from_snapshot_cascade_delete): 200 GET http://10.132.44.209/volume/v3/volumes/f7f5a194-597c-4ca6-85ec-fe057b34242c 0.037s
2026-03-26 11:06:36,697 129489 DEBUG    [tempest.lib.common.rest_client] Request - Headers: {'Content-Type': 'application/json', 'Accept': 'application/json', 'X-Auth-Token': '<omitted>'}
        Body: None
    Response - Headers: {'date': 'Thu, 26 Mar 2026 11:06:36 GMT', 'server': 'Apache/2.4.58 (Ubuntu)', 'content-type': 'application/json', 'x-compute-request-id': 'req-f55ed927-2d23-4c99-aced-94adaae914f4', 'content-length': '846', 'openstack-api-version': 'volume 3.0', 'vary': 'OpenStack-API-Version', 'x-openstack-request-id': 'req-f55ed927-2d23-4c99-aced-94adaae914f4', 'connection': 'close', 'status': '200', 'content-location': 'http://10.132.44.209/volume/v3/volumes/f7f5a194-597c-4ca6-85ec-fe057b34242c'}
        Body: b'{"volume": {"id": "f7f5a194-597c-4ca6-85ec-fe057b34242c", "status": "deleting", "size": 1, "availability_zone": "nova", "created_at": "2026-03-26T11:03:47.000000", "updated_at": "2026-03-26T11:03:50.000000", "name": "tempest-VolumesDeleteCascade-Volume-308554469", "description": null, "volume_type": "arcusfc1", "snapshot_id": null, "
    source_volid": null, "metadata": {}, "links": [{"rel": "self", "href": "http://10.132.44.209/volume/v3/volumes/f7f5a194-597c-4ca6-85ec-fe057b34242c"}, {"rel": "bookmark", "href": "http://10.132.44.209/volume/volumes/f7f5a194-597c-4ca6-85ec-fe057b34242c"}], "user_id": "0495918e1ed64bbb937615df1f938f30", "bootable": "false", "encrypted": false, "replication_status": null, "consistencygroup_id": null, "multiattach": false, "attachments": [], "os-vol-tenant-attr:tenant_id": "f92c30465503415cbc00028e1055323b"}}'
2026-03-26 11:06:37,753 129489 INFO     [tempest.lib.common.rest_client] Request (VolumesDeleteCascade:test_volume_from_snapshot_cascade_delete): 200 GET http://10.132.44.209/volume/v3/volumes/f7f5a194-597c-4ca6-85ec-fe057b34242c 0.041s
2026-03-26 11:06:37,753 129489 DEBUG    [tempest.lib.common.rest_client] Request - Headers: {'Content-Type': 'application/json', 'Accept': 'application/json', 'X-Auth-Token': '<omitted>'}
        Body: None
    Response - Headers: {'date': 'Thu, 26 Mar 2026 11:06:37 GMT', 'server': 'Apache/2.4.58 (Ubuntu)', 'content-type': 'application/json', 'x-compute-request-id': 'req-038872c8-4eaa-4294-ae46-63dddbe2ab08', 'content-length': '846', 'openstack-api-version': 'volume 3.0', 'vary': 'OpenStack-API-Version', 'x-openstack-request-id': 'req-038872c8-4eaa-4294-ae46-63dddbe2ab08', 'connection': 'close', 'status': '200', 'content-location': 'http://10.132.44.209/volume/v3/volumes/f7f5a194-597c-4ca6-85ec-fe057b34242c'}
        Body: b'{"volume": {"id": "f7f5a194-597c-4ca6-85ec-fe057b34242c", "status": "deleting", "size": 1, "availability_zone": "nova", "created_at": "2026-03-26T11:03:47.000000", "updated_at": "2026-03-26T11:03:50.000000", "name": "tempest-VolumesDeleteCascade-Volume-308554469", "description": null, "volume_type": "arcusfc1", "snapshot_id": null, "source_volid": null, "metadata": {}, "links": [{"rel": "self", "href": "http://10.132.44.209/volume/v3/volumes/f7f5a194-597c-4ca6-85ec-fe057b34242c"}, {"rel": "bookmark", "href": "http://10.132.44.209/volume/volumes/f7f5a194-597c-4ca6-85ec-fe057b34242c"}], "user_id": "0495918e1ed64bbb937615df1f938f30", "bootable": "false", "encrypted": false, "replication_status": null, "consistencygroup_id": null, "multiattach": false, "attachments": [], "os-vol-tenant-attr:tenant_id": "f92c30465503415cbc00028e1055323b"}}'
2026-03-26 11:06:38,808 129489 INFO     [tempest.lib.common.rest_client] Request (VolumesDeleteCascade:test_volume_from_snapshot_cascade_delete): 200 GET http://10.132.44.209/volume/v3/volumes/f7f5a194-597c-4ca6-85ec-fe057b34242c 0.042s
2026-03-26 11:06:38,809 129489 DEBUG    [tempest.lib.common.rest_client] Request - Headers: {'Content-Type': 'application/json', 'Accept': 'application/json', 'X-Auth-Token': '<omitted>'}
        Body: None
    Response - Headers: {'date': 'Thu, 26 Mar 2026 11:06:38 GMT', 'server': 'Apache/2.4.58 (Ubuntu)', 'content-type': 'application/json', 'x-compute-request-id': 'req-840b9054-be16-4a07-aa43-47a2ad408cd8', 'content-length': '846', 'openstack-api-version': 'volume 3.0', 'vary': 'OpenStack-API-Version', 'x-openstack-request-id': 'req-840b9054-be16-4a07-aa43-47a2ad408cd8', 'connection': 'close', 'status': '200', 'content-location': 'http://10.132.44.209/volume/v3/volumes/f7f5a194-597c-4ca6-85ec-fe057b34242c'}
        Body: b'{"volume": {"id": "f7f5a194-597c-4ca6-85ec-fe057b34242c", "status": "deleting", "size": 1, "availability_zone": "nova", "created_at": "2026-03-26T11:03:47.000000", "updated_at": "2026-03-26T11:03:50.000000", "name": "tempest-VolumesDeleteCascade-Volume-308554469", "description": null, "volume_type": "arcusfc1", "snapshot_id": null, "source_volid": null, "metadata": {}, "links": [{"rel": "self", "href": "http://10.132.44.209/volume/v3/volumes/f7f5a194-597c-4ca6-85ec-fe057b34242c"}, {"rel": "bookmark", "href": "http://10.132.44.209/volume/volumes/f7f5a194-597c-4ca6-85ec-fe057b34242c"}], "user_id": "0495918e1ed64bbb937615df1f938f30", "bootable": "false", "encrypted": false, "replication_status": null, "consistencygroup_id": null, "multiattach": false, "attachments": [], "os-vol-tenan
    t-attr:tenant_id": "f92c30465503415cbc00028e1055323b"}}'
2026-03-26 11:06:39,864 129489 INFO     [tempest.lib.common.rest_client] Request (VolumesDeleteCascade:test_volume_from_snapshot_cascade_delete): 200 GET http://10.132.44.209/volume/v3/volumes/f7f5a194-597c-4ca6-85ec-fe057b34242c 0.042s
2026-03-26 11:06:39,865 129489 DEBUG    [tempest.lib.common.rest_client] Request - Headers: {'Content-Type': 'application/json', 'Accept': 'application/json', 'X-Auth-Token': '<omitted>'}
        Body: None
    Response - Headers: {'date': 'Thu, 26 Mar 2026 11:06:39 GMT', 'server': 'Apache/2.4.58 (Ubuntu)', 'content-type': 'application/json', 'x-compute-request-id': 'req-b415085a-46ec-4afb-bbe7-0cbe13efc2a5', 'content-length': '846', 'openstack-api-version': 'volume 3.0', 'vary': 'OpenStack-API-Version', 'x-openstack-request-id': 'req-b415085a-46ec-4afb-bbe7-0cbe13efc2a5', 'connection': 'close', 'status': '200', 'content-location': 'http://10.132.44.209/volume/v3/volumes/f7f5a194-597c-4ca6-85ec-fe057b34242c'}
        Body: b'{"volume": {"id": "f7f5a194-597c-4ca6-85ec-fe057b34242c", "status": "deleting", "size": 1, "availability_zone": "nova", "created_at": "2026-03-26T11:03:47.000000", "updated_at": "2026-03-26T11:03:50.000000", "name": "tempest-VolumesDeleteCascade-Volume-308554469", "description": null, "volume_type": "arcusfc1", "snapshot_id": null, "source_volid": null, "metadata": {}, "links": [{"rel": "self", "href": "http://10.132.44.209/volume/v3/volumes/f7f5a194-597c-4ca6-85ec-fe057b34242c"}, {"rel": "bookmark", "href": "http://10.132.44.209/volume/volumes/f7f5a194-597c-4ca6-85ec-fe057b34242c"}], "user_id": "0495918e1ed64bbb937615df1f938f30", "bootable": "false", "encrypted": false, "replication_status": null, "consistencygroup_id": null, "multiattach": false, "attachments": [], "os-vol-tenant-attr:tenant_id": "f92c30465503415cbc00028e1055323b"}}'
2026-03-26 11:06:40,904 129489 INFO     [tempest.lib.common.rest_client] Request (VolumesDeleteCascade:test_volume_from_snapshot_cascade_delete): 200 GET http://10.132.44.209/volume/v3/volumes/f7f5a194-597c-4ca6-85ec-fe057b34242c 0.027s
2026-03-26 11:06:40,905 129489 DEBUG    [tempest.lib.common.rest_client] Request - Headers: {'Content-Type': 'application/json', 'Accept': 'application/json', 'X-Auth-Token': '<omitted>'}
        Body: None
    Response - Headers: {'date': 'Thu, 26 Mar 2026 11:06:40 GMT', 'server': 'Apache/2.4.58 (Ubuntu)', 'content-type': 'application/json', 'x-compute-request-id': 'req-3e4824f2-c427-44f8-bfa5-fe699b0eefe7', 'content-length': '846', 'openstack-api-version': 'volume 3.0', 'vary': 'OpenStack-API-Version', 'x-openstack-request-id': 'req-3e4824f2-c427-44f8-bfa5-fe699b0eefe7', 'connection': 'close', 'status': '200', 'content-location': 'http://10.132.44.209/volume/v3/volumes/f7f5a194-597c-4ca6-85ec-fe057b34242c'}
        Body: b'{"volume": {"id": "f7f5a194-597c-4ca6-85ec-fe057b34242c", "status": "deleting", "size": 1, "availability_zone": "nova", "created_at": "2026-03-26T11:03:47.000000", "updated_at": "2026-03-26T11:03:50.000000", "name": "tempest-VolumesDeleteCascade-Volume-308554469", "description": null, "volume_type": "arcusfc1", "snapshot_id": null, "source_volid": null, "metadata": {}, "links": [{"rel": "self", "href": "http://10.132.44.209/volume/v3/volumes/f7f5a194-597c-4ca6-85ec-fe057b34242c"}, {"rel": "bookmark", "href": "http://10.132.44.209/volume/volumes/f7f5a194-597c-4ca6-85ec-fe057b34242c"}], "user_id": "0495918e1ed64bbb937615df1f938f30", "bootable": "false", "encrypted": false, "replication_status": null, "consistencygroup_id": null, "multiattach": false, "attachments": [], "os-vol-tenant-attr:tenant_id": "f92c30465503415cbc00028e1055323b"}}'
2026-03-26 11:06:41,951 129489 INFO     [tempest.lib.common.rest_client] Request (VolumesDeleteCascade:test_volume_from_snapshot_cascade_delete): 200 GET http://10.132.44.209/volume/v3/volumes/f7f5a194-597c-4ca6-85ec-fe057b34242c 0.034s
2026-03-26 11:06:41,951 129489 DEBUG    [tempest.lib.common.rest_client] Request - Headers: {'Content-Type': 'application/json', 'Accept': 'application/json', 'X-
    Auth-Token': '<omitted>'}
        Body: None
    Response - Headers: {'date': 'Thu, 26 Mar 2026 11:06:41 GMT', 'server': 'Apache/2.4.58 (Ubuntu)', 'content-type': 'application/json', 'x-compute-request-id': 'req-d73c2302-6c2c-4824-888b-6b05126821a0', 'content-length': '846', 'openstack-api-version': 'volume 3.0', 'vary': 'OpenStack-API-Version', 'x-openstack-request-id': 'req-d73c2302-6c2c-4824-888b-6b05126821a0', 'connection': 'close', 'status': '200', 'content-location': 'http://10.132.44.209/volume/v3/volumes/f7f5a194-597c-4ca6-85ec-fe057b34242c'}
        Body: b'{"volume": {"id": "f7f5a194-597c-4ca6-85ec-fe057b34242c", "status": "deleting", "size": 1, "availability_zone": "nova", "created_at": "2026-03-26T11:03:47.000000", "updated_at": "2026-03-26T11:03:50.000000", "name": "tempest-VolumesDeleteCascade-Volume-308554469", "description": null, "volume_type": "arcusfc1", "snapshot_id": null, "source_volid": null, "metadata": {}, "links": [{"rel": "self", "href": "http://10.132.44.209/volume/v3/volumes/f7f5a194-597c-4ca6-85ec-fe057b34242c"}, {"rel": "bookmark", "href": "http://10.132.44.209/volume/volumes/f7f5a194-597c-4ca6-85ec-fe057b34242c"}], "user_id": "0495918e1ed64bbb937615df1f938f30", "bootable": "false", "encrypted": false, "replication_status": null, "consistencygroup_id": null, "multiattach": false, "attachments": [], "os-vol-tenant-attr:tenant_id": "f92c30465503415cbc00028e1055323b"}}'
2026-03-26 11:06:43,001 129489 INFO     [tempest.lib.common.rest_client] Request (VolumesDeleteCascade:test_volume_from_snapshot_cascade_delete): 200 GET http://10.132.44.209/volume/v3/volumes/f7f5a194-597c-4ca6-85ec-fe057b34242c 0.043s
2026-03-26 11:06:43,002 129489 DEBUG    [tempest.lib.common.rest_client] Request - Headers: {'Content-Type': 'application/json', 'Accept': 'application/json', 'X-Auth-Token': '<omitted>'}
        Body: None
    Response - Headers: {'date': 'Thu, 26 Mar 2026 11:06:42 GMT', 'server': 'Apache/2.4.58 (Ubuntu)', 'content-type': 'application/json', 'x-compute-request-id': 'req-8bfd699d-34c7-4c04-b845-3a945ad8203a', 'content-length': '846', 'openstack-api-version': 'volume 3.0', 'vary': 'OpenStack-API-Version', 'x-openstack-request-id': 'req-8bfd699d-34c7-4c04-b845-3a945ad8203a', 'connection': 'close', 'status': '200', 'content-location': 'http://10.132.44.209/volume/v3/volumes/f7f5a194-597c-4ca6-85ec-fe057b34242c'}
        Body: b'{"volume": {"id": "f7f5a194-597c-4ca6-85ec-fe057b34242c", "status": "deleting", "size": 1, "availability_zone": "nova", "created_at": "2026-03-26T11:03:47.000000", "updated_at": "2026-03-26T11:03:50.000000", "name": "tempest-VolumesDeleteCascade-Volume-308554469", "description": null, "volume_type": "arcusfc1", "snapshot_id": null, "source_volid": null, "metadata": {}, "links": [{"rel": "self", "href": "http://10.132.44.209/volume/v3/volumes/f7f5a194-597c-4ca6-85ec-fe057b34242c"}, {"rel": "bookmark", "href": "http://10.132.44.209/volume/volumes/f7f5a194-597c-4ca6-85ec-fe057b34242c"}], "user_id": "0495918e1ed64bbb937615df1f938f30", "bootable": "false", "encrypted": false, "replication_status": null, "consistencygroup_id": null, "multiattach": false, "attachments": [], "os-vol-tenant-attr:tenant_id": "f92c30465503415cbc00028e1055323b"}}'
2026-03-26 11:06:44,051 129489 INFO     [tempest.lib.common.rest_client] Request (VolumesDeleteCascade:test_volume_from_snapshot_cascade_delete): 200 GET http://10.132.44.209/volume/v3/volumes/f7f5a194-597c-4ca6-85ec-fe057b34242c 0.034s
2026-03-26 11:06:44,051 129489 DEBUG    [tempest.lib.common.rest_client] Request - Headers: {'Content-Type': 'application/json', 'Accept': 'application/json', 'X-Auth-Token': '<omitted>'}
        Body: None
    Response - Headers: {'date': 'Thu, 26 Mar 2026 11:06:44 GMT', 'server': 'Apache/2.4.58 (Ubuntu)', 'content-type': 'application/json', 'x-compute-request-id': 'req-ac576482-f939-46ae-bc15-b1441c797336', 'content-length': '846', 'openstack-api-version': 'volume 3.0', 'vary': 'OpenStack-API-Version', 'x-openstack-request-id': 'req-ac576482-f939-46ae-bc15-b1441c797336', 'connection': 'close', 'status': '200'
    , 'content-location': 'http://10.132.44.209/volume/v3/volumes/f7f5a194-597c-4ca6-85ec-fe057b34242c'}
        Body: b'{"volume": {"id": "f7f5a194-597c-4ca6-85ec-fe057b34242c", "status": "deleting", "size": 1, "availability_zone": "nova", "created_at": "2026-03-26T11:03:47.000000", "updated_at": "2026-03-26T11:03:50.000000", "name": "tempest-VolumesDeleteCascade-Volume-308554469", "description": null, "volume_type": "arcusfc1", "snapshot_id": null, "source_volid": null, "metadata": {}, "links": [{"rel": "self", "href": "http://10.132.44.209/volume/v3/volumes/f7f5a194-597c-4ca6-85ec-fe057b34242c"}, {"rel": "bookmark", "href": "http://10.132.44.209/volume/volumes/f7f5a194-597c-4ca6-85ec-fe057b34242c"}], "user_id": "0495918e1ed64bbb937615df1f938f30", "bootable": "false", "encrypted": false, "replication_status": null, "consistencygroup_id": null, "multiattach": false, "attachments": [], "os-vol-tenant-attr:tenant_id": "f92c30465503415cbc00028e1055323b"}}'
2026-03-26 11:06:45,103 129489 INFO     [tempest.lib.common.rest_client] Request (VolumesDeleteCascade:test_volume_from_snapshot_cascade_delete): 200 GET http://10.132.44.209/volume/v3/volumes/f7f5a194-597c-4ca6-85ec-fe057b34242c 0.044s
2026-03-26 11:06:45,103 129489 DEBUG    [tempest.lib.common.rest_client] Request - Headers: {'Content-Type': 'application/json', 'Accept': 'application/json', 'X-Auth-Token': '<omitted>'}
        Body: None
    Response - Headers: {'date': 'Thu, 26 Mar 2026 11:06:45 GMT', 'server': 'Apache/2.4.58 (Ubuntu)', 'content-type': 'application/json', 'x-compute-request-id': 'req-589f06f6-632f-43ff-99e6-aa3f340a7fd9', 'content-length': '846', 'openstack-api-version': 'volume 3.0', 'vary': 'OpenStack-API-Version', 'x-openstack-request-id': 'req-589f06f6-632f-43ff-99e6-aa3f340a7fd9', 'connection': 'close', 'status': '200', 'content-location': 'http://10.132.44.209/volume/v3/volumes/f7f5a194-597c-4ca6-85ec-fe057b34242c'}
        Body: b'{"volume": {"id": "f7f5a194-597c-4ca6-85ec-fe057b34242c", "status": "deleting", "size": 1, "availability_zone": "nova", "created_at": "2026-03-26T11:03:47.000000", "updated_at": "2026-03-26T11:03:50.000000", "name": "tempest-VolumesDeleteCascade-Volume-308554469", "description": null, "volume_type": "arcusfc1", "snapshot_id": null, "source_volid": null, "metadata": {}, "links": [{"rel": "self", "href": "http://10.132.44.209/volume/v3/volumes/f7f5a194-597c-4ca6-85ec-fe057b34242c"}, {"rel": "bookmark", "href": "http://10.132.44.209/volume/volumes/f7f5a194-597c-4ca6-85ec-fe057b34242c"}], "user_id": "0495918e1ed64bbb937615df1f938f30", "bootable": "false", "encrypted": false, "replication_status": null, "consistencygroup_id": null, "multiattach": false, "attachments": [], "os-vol-tenant-attr:tenant_id": "f92c30465503415cbc00028e1055323b"}}'
2026-03-26 11:06:46,151 129489 INFO     [tempest.lib.common.rest_client] Request (VolumesDeleteCascade:test_volume_from_snapshot_cascade_delete): 200 GET http://10.132.44.209/volume/v3/volumes/f7f5a194-597c-4ca6-85ec-fe057b34242c 0.033s
2026-03-26 11:06:46,151 129489 DEBUG    [tempest.lib.common.rest_client] Request - Headers: {'Content-Type': 'application/json', 'Accept': 'application/json', 'X-Auth-Token': '<omitted>'}
        Body: None
    Response - Headers: {'date': 'Thu, 26 Mar 2026 11:06:46 GMT', 'server': 'Apache/2.4.58 (Ubuntu)', 'content-type': 'application/json', 'x-compute-request-id': 'req-d3924530-85de-479e-8217-51021b5a0853', 'content-length': '846', 'openstack-api-version': 'volume 3.0', 'vary': 'OpenStack-API-Version', 'x-openstack-request-id': 'req-d3924530-85de-479e-8217-51021b5a0853', 'connection': 'close', 'status': '200', 'content-location': 'http://10.132.44.209/volume/v3/volumes/f7f5a194-597c-4ca6-85ec-fe057b34242c'}
        Body: b'{"volume": {"id": "f7f5a194-597c-4ca6-85ec-fe057b34242c", "status": "deleting", "size": 1, "availability_zone": "nova", "created_at": "2026-03-26T11:03:47.000000", "updated_at": "2026-03-26T11:03:50.000000", "name": "tempest-VolumesDeleteCascade-Volume-308554469", "description": null, "volume_type": "arcusfc1", "snapshot_id": null, "sour
    ce_volid": null, "metadata": {}, "links": [{"rel": "self", "href": "http://10.132.44.209/volume/v3/volumes/f7f5a194-597c-4ca6-85ec-fe057b34242c"}, {"rel": "bookmark", "href": "http://10.132.44.209/volume/volumes/f7f5a194-597c-4ca6-85ec-fe057b34242c"}], "user_id": "0495918e1ed64bbb937615df1f938f30", "bootable": "false", "encrypted": false, "replication_status": null, "consistencygroup_id": null, "multiattach": false, "attachments": [], "os-vol-tenant-attr:tenant_id": "f92c30465503415cbc00028e1055323b"}}'
2026-03-26 11:06:47,196 129489 INFO     [tempest.lib.common.rest_client] Request (VolumesDeleteCascade:test_volume_from_snapshot_cascade_delete): 200 GET http://10.132.44.209/volume/v3/volumes/f7f5a194-597c-4ca6-85ec-fe057b34242c 0.037s
2026-03-26 11:06:47,196 129489 DEBUG    [tempest.lib.common.rest_client] Request - Headers: {'Content-Type': 'application/json', 'Accept': 'application/json', 'X-Auth-Token': '<omitted>'}
        Body: None
    Response - Headers: {'date': 'Thu, 26 Mar 2026 11:06:47 GMT', 'server': 'Apache/2.4.58 (Ubuntu)', 'content-type': 'application/json', 'x-compute-request-id': 'req-d0a02fb7-c10a-416e-9edf-a85bca90887b', 'content-length': '846', 'openstack-api-version': 'volume 3.0', 'vary': 'OpenStack-API-Version', 'x-openstack-request-id': 'req-d0a02fb7-c10a-416e-9edf-a85bca90887b', 'connection': 'close', 'status': '200', 'content-location': 'http://10.132.44.209/volume/v3/volumes/f7f5a194-597c-4ca6-85ec-fe057b34242c'}
        Body: b'{"volume": {"id": "f7f5a194-597c-4ca6-85ec-fe057b34242c", "status": "deleting", "size": 1, "availability_zone": "nova", "created_at": "2026-03-26T11:03:47.000000", "updated_at": "2026-03-26T11:03:50.000000", "name": "tempest-VolumesDeleteCascade-Volume-308554469", "description": null, "volume_type": "arcusfc1", "snapshot_id": null, "source_volid": null, "metadata": {}, "links": [{"rel": "self", "href": "http://10.132.44.209/volume/v3/volumes/f7f5a194-597c-4ca6-85ec-fe057b34242c"}, {"rel": "bookmark", "href": "http://10.132.44.209/volume/volumes/f7f5a194-597c-4ca6-85ec-fe057b34242c"}], "user_id": "0495918e1ed64bbb937615df1f938f30", "bootable": "false", "encrypted": false, "replication_status": null, "consistencygroup_id": null, "multiattach": false, "attachments": [], "os-vol-tenant-attr:tenant_id": "f92c30465503415cbc00028e1055323b"}}'
2026-03-26 11:06:48,243 129489 INFO     [tempest.lib.common.rest_client] Request (VolumesDeleteCascade:test_volume_from_snapshot_cascade_delete): 200 GET http://10.132.44.209/volume/v3/volumes/f7f5a194-597c-4ca6-85ec-fe057b34242c 0.034s
2026-03-26 11:06:48,244 129489 DEBUG    [tempest.lib.common.rest_client] Request - Headers: {'Content-Type': 'application/json', 'Accept': 'application/json', 'X-Auth-Token': '<omitted>'}
        Body: None
    Response - Headers: {'date': 'Thu, 26 Mar 2026 11:06:48 GMT', 'server': 'Apache/2.4.58 (Ubuntu)', 'content-type': 'application/json', 'x-compute-request-id': 'req-0f9a9ba6-e5e1-4960-a246-1fd6e203ca86', 'content-length': '846', 'openstack-api-version': 'volume 3.0', 'vary': 'OpenStack-API-Version', 'x-openstack-request-id': 'req-0f9a9ba6-e5e1-4960-a246-1fd6e203ca86', 'connection': 'close', 'status': '200', 'content-location': 'http://10.132.44.209/volume/v3/volumes/f7f5a194-597c-4ca6-85ec-fe057b34242c'}
        Body: b'{"volume": {"id": "f7f5a194-597c-4ca6-85ec-fe057b34242c", "status": "deleting", "size": 1, "availability_zone": "nova", "created_at": "2026-03-26T11:03:47.000000", "updated_at": "2026-03-26T11:03:50.000000", "name": "tempest-VolumesDeleteCascade-Volume-308554469", "description": null, "volume_type": "arcusfc1", "snapshot_id": null, "source_volid": null, "metadata": {}, "links": [{"rel": "self", "href": "http://10.132.44.209/volume/v3/volumes/f7f5a194-597c-4ca6-85ec-fe057b34242c"}, {"rel": "bookmark", "href": "http://10.132.44.209/volume/volumes/f7f5a194-597c-4ca6-85ec-fe057b34242c"}], "user_id": "0495918e1ed64bbb937615df1f938f30", "bootable": "false", "encrypted": false, "replication_status": null, "consistencygroup_id": null, "multiattach": false, "attachments": [], "os-vol-tenant-at
    tr:tenant_id": "f92c30465503415cbc00028e1055323b"}}'
2026-03-26 11:06:49,290 129489 INFO     [tempest.lib.common.rest_client] Request (VolumesDeleteCascade:test_volume_from_snapshot_cascade_delete): 200 GET http://10.132.44.209/volume/v3/volumes/f7f5a194-597c-4ca6-85ec-fe057b34242c 0.039s
2026-03-26 11:06:49,291 129489 DEBUG    [tempest.lib.common.rest_client] Request - Headers: {'Content-Type': 'application/json', 'Accept': 'application/json', 'X-Auth-Token': '<omitted>'}
        Body: None
    Response - Headers: {'date': 'Thu, 26 Mar 2026 11:06:49 GMT', 'server': 'Apache/2.4.58 (Ubuntu)', 'content-type': 'application/json', 'x-compute-request-id': 'req-cae7e26f-0bdf-4a38-b36d-2b97e544ca3c', 'content-length': '846', 'openstack-api-version': 'volume 3.0', 'vary': 'OpenStack-API-Version', 'x-openstack-request-id': 'req-cae7e26f-0bdf-4a38-b36d-2b97e544ca3c', 'connection': 'close', 'status': '200', 'content-location': 'http://10.132.44.209/volume/v3/volumes/f7f5a194-597c-4ca6-85ec-fe057b34242c'}
        Body: b'{"volume": {"id": "f7f5a194-597c-4ca6-85ec-fe057b34242c", "status": "deleting", "size": 1, "availability_zone": "nova", "created_at": "2026-03-26T11:03:47.000000", "updated_at": "2026-03-26T11:03:50.000000", "name": "tempest-VolumesDeleteCascade-Volume-308554469", "description": null, "volume_type": "arcusfc1", "snapshot_id": null, "source_volid": null, "metadata": {}, "links": [{"rel": "self", "href": "http://10.132.44.209/volume/v3/volumes/f7f5a194-597c-4ca6-85ec-fe057b34242c"}, {"rel": "bookmark", "href": "http://10.132.44.209/volume/volumes/f7f5a194-597c-4ca6-85ec-fe057b34242c"}], "user_id": "0495918e1ed64bbb937615df1f938f30", "bootable": "false", "encrypted": false, "replication_status": null, "consistencygroup_id": null, "multiattach": false, "attachments": [], "os-vol-tenant-attr:tenant_id": "f92c30465503415cbc00028e1055323b"}}'
2026-03-26 11:06:50,347 129489 INFO     [tempest.lib.common.rest_client] Request (VolumesDeleteCascade:test_volume_from_snapshot_cascade_delete): 200 GET http://10.132.44.209/volume/v3/volumes/f7f5a194-597c-4ca6-85ec-fe057b34242c 0.043s
2026-03-26 11:06:50,347 129489 DEBUG    [tempest.lib.common.rest_client] Request - Headers: {'Content-Type': 'application/json', 'Accept': 'application/json', 'X-Auth-Token': '<omitted>'}
        Body: None
    Response - Headers: {'date': 'Thu, 26 Mar 2026 11:06:50 GMT', 'server': 'Apache/2.4.58 (Ubuntu)', 'content-type': 'application/json', 'x-compute-request-id': 'req-7acaed0d-4e8e-483f-9633-1ce6edf76ae6', 'content-length': '846', 'openstack-api-version': 'volume 3.0', 'vary': 'OpenStack-API-Version', 'x-openstack-request-id': 'req-7acaed0d-4e8e-483f-9633-1ce6edf76ae6', 'connection': 'close', 'status': '200', 'content-location': 'http://10.132.44.209/volume/v3/volumes/f7f5a194-597c-4ca6-85ec-fe057b34242c'}
        Body: b'{"volume": {"id": "f7f5a194-597c-4ca6-85ec-fe057b34242c", "status": "deleting", "size": 1, "availability_zone": "nova", "created_at": "2026-03-26T11:03:47.000000", "updated_at": "2026-03-26T11:03:50.000000", "name": "tempest-VolumesDeleteCascade-Volume-308554469", "description": null, "volume_type": "arcusfc1", "snapshot_id": null, "source_volid": null, "metadata": {}, "links": [{"rel": "self", "href": "http://10.132.44.209/volume/v3/volumes/f7f5a194-597c-4ca6-85ec-fe057b34242c"}, {"rel": "bookmark", "href": "http://10.132.44.209/volume/volumes/f7f5a194-597c-4ca6-85ec-fe057b34242c"}], "user_id": "0495918e1ed64bbb937615df1f938f30", "bootable": "false", "encrypted": false, "replication_status": null, "consistencygroup_id": null, "multiattach": false, "attachments": [], "os-vol-tenant-attr:tenant_id": "f92c30465503415cbc00028e1055323b"}}'
2026-03-26 11:06:51,401 129489 INFO     [tempest.lib.common.rest_client] Request (VolumesDeleteCascade:test_volume_from_snapshot_cascade_delete): 200 GET http://10.132.44.209/volume/v3/volumes/f7f5a194-597c-4ca6-85ec-fe057b34242c 0.043s
2026-03-26 11:06:51,402 129489 DEBUG    [tempest.lib.common.rest_client] Request - Headers: {'Content-Type': 'application/json', 'Accept': 'application/json', 'X-Auth
    -Token': '<omitted>'}
        Body: None
    Response - Headers: {'date': 'Thu, 26 Mar 2026 11:06:51 GMT', 'server': 'Apache/2.4.58 (Ubuntu)', 'content-type': 'application/json', 'x-compute-request-id': 'req-022a6bfb-8f0a-4fff-a000-2ef67c69444f', 'content-length': '846', 'openstack-api-version': 'volume 3.0', 'vary': 'OpenStack-API-Version', 'x-openstack-request-id': 'req-022a6bfb-8f0a-4fff-a000-2ef67c69444f', 'connection': 'close', 'status': '200', 'content-location': 'http://10.132.44.209/volume/v3/volumes/f7f5a194-597c-4ca6-85ec-fe057b34242c'}
        Body: b'{"volume": {"id": "f7f5a194-597c-4ca6-85ec-fe057b34242c", "status": "deleting", "size": 1, "availability_zone": "nova", "created_at": "2026-03-26T11:03:47.000000", "updated_at": "2026-03-26T11:03:50.000000", "name": "tempest-VolumesDeleteCascade-Volume-308554469", "description": null, "volume_type": "arcusfc1", "snapshot_id": null, "source_volid": null, "metadata": {}, "links": [{"rel": "self", "href": "http://10.132.44.209/volume/v3/volumes/f7f5a194-597c-4ca6-85ec-fe057b34242c"}, {"rel": "bookmark", "href": "http://10.132.44.209/volume/volumes/f7f5a194-597c-4ca6-85ec-fe057b34242c"}], "user_id": "0495918e1ed64bbb937615df1f938f30", "bootable": "false", "encrypted": false, "replication_status": null, "consistencygroup_id": null, "multiattach": false, "attachments": [], "os-vol-tenant-attr:tenant_id": "f92c30465503415cbc00028e1055323b"}}'
2026-03-26 11:06:52,455 129489 INFO     [tempest.lib.common.rest_client] Request (VolumesDeleteCascade:test_volume_from_snapshot_cascade_delete): 200 GET http://10.132.44.209/volume/v3/volumes/f7f5a194-597c-4ca6-85ec-fe057b34242c 0.040s
2026-03-26 11:06:52,456 129489 DEBUG    [tempest.lib.common.rest_client] Request - Headers: {'Content-Type': 'application/json', 'Accept': 'application/json', 'X-Auth-Token': '<omitted>'}
        Body: None
    Response - Headers: {'date': 'Thu, 26 Mar 2026 11:06:52 GMT', 'server': 'Apache/2.4.58 (Ubuntu)', 'content-type': 'application/json', 'x-compute-request-id': 'req-a3b9d912-70ea-4350-b021-c5bb6f225114', 'content-length': '846', 'openstack-api-version': 'volume 3.0', 'vary': 'OpenStack-API-Version', 'x-openstack-request-id': 'req-a3b9d912-70ea-4350-b021-c5bb6f225114', 'connection': 'close', 'status': '200', 'content-location': 'http://10.132.44.209/volume/v3/volumes/f7f5a194-597c-4ca6-85ec-fe057b34242c'}
        Body: b'{"volume": {"id": "f7f5a194-597c-4ca6-85ec-fe057b34242c", "status": "deleting", "size": 1, "availability_zone": "nova", "created_at": "2026-03-26T11:03:47.000000", "updated_at": "2026-03-26T11:03:50.000000", "name": "tempest-VolumesDeleteCascade-Volume-308554469", "description": null, "volume_type": "arcusfc1", "snapshot_id": null, "source_volid": null, "metadata": {}, "links": [{"rel": "self", "href": "http://10.132.44.209/volume/v3/volumes/f7f5a194-597c-4ca6-85ec-fe057b34242c"}, {"rel": "bookmark", "href": "http://10.132.44.209/volume/volumes/f7f5a194-597c-4ca6-85ec-fe057b34242c"}], "user_id": "0495918e1ed64bbb937615df1f938f30", "bootable": "false", "encrypted": false, "replication_status": null, "consistencygroup_id": null, "multiattach": false, "attachments": [], "os-vol-tenant-attr:tenant_id": "f92c30465503415cbc00028e1055323b"}}'
2026-03-26 11:06:53,506 129489 INFO     [tempest.lib.common.rest_client] Request (VolumesDeleteCascade:test_volume_from_snapshot_cascade_delete): 200 GET http://10.132.44.209/volume/v3/volumes/f7f5a194-597c-4ca6-85ec-fe057b34242c 0.042s
2026-03-26 11:06:53,506 129489 DEBUG    [tempest.lib.common.rest_client] Request - Headers: {'Content-Type': 'application/json', 'Accept': 'application/json', 'X-Auth-Token': '<omitted>'}
        Body: None
    Response - Headers: {'date': 'Thu, 26 Mar 2026 11:06:53 GMT', 'server': 'Apache/2.4.58 (Ubuntu)', 'content-type': 'application/json', 'x-compute-request-id': 'req-69f4b8fe-1111-4f9f-b559-b5198c976039', 'content-length': '846', 'openstack-api-version': 'volume 3.0', 'vary': 'OpenStack-API-Version', 'x-openstack-request-id': 'req-69f4b8fe-1111-4f9f-b559-b5198c976039', 'connection': 'close', 'status': '200', 'c
    ontent-location': 'http://10.132.44.209/volume/v3/volumes/f7f5a194-597c-4ca6-85ec-fe057b34242c'}
        Body: b'{"volume": {"id": "f7f5a194-597c-4ca6-85ec-fe057b34242c", "status": "deleting", "size": 1, "availability_zone": "nova", "created_at": "2026-03-26T11:03:47.000000", "updated_at": "2026-03-26T11:03:50.000000", "name": "tempest-VolumesDeleteCascade-Volume-308554469", "description": null, "volume_type": "arcusfc1", "snapshot_id": null, "source_volid": null, "metadata": {}, "links": [{"rel": "self", "href": "http://10.132.44.209/volume/v3/volumes/f7f5a194-597c-4ca6-85ec-fe057b34242c"}, {"rel": "bookmark", "href": "http://10.132.44.209/volume/volumes/f7f5a194-597c-4ca6-85ec-fe057b34242c"}], "user_id": "0495918e1ed64bbb937615df1f938f30", "bootable": "false", "encrypted": false, "replication_status": null, "consistencygroup_id": null, "multiattach": false, "attachments": [], "os-vol-tenant-attr:tenant_id": "f92c30465503415cbc00028e1055323b"}}'
2026-03-26 11:06:54,560 129489 INFO     [tempest.lib.common.rest_client] Request (VolumesDeleteCascade:test_volume_from_snapshot_cascade_delete): 200 GET http://10.132.44.209/volume/v3/volumes/f7f5a194-597c-4ca6-85ec-fe057b34242c 0.045s
2026-03-26 11:06:54,560 129489 DEBUG    [tempest.lib.common.rest_client] Request - Headers: {'Content-Type': 'application/json', 'Accept': 'application/json', 'X-Auth-Token': '<omitted>'}
        Body: None
    Response - Headers: {'date': 'Thu, 26 Mar 2026 11:06:54 GMT', 'server': 'Apache/2.4.58 (Ubuntu)', 'content-type': 'application/json', 'x-compute-request-id': 'req-e8eb34a9-132f-4cb8-9c54-1bad3ac859d8', 'content-length': '846', 'openstack-api-version': 'volume 3.0', 'vary': 'OpenStack-API-Version', 'x-openstack-request-id': 'req-e8eb34a9-132f-4cb8-9c54-1bad3ac859d8', 'connection': 'close', 'status': '200', 'content-location': 'http://10.132.44.209/volume/v3/volumes/f7f5a194-597c-4ca6-85ec-fe057b34242c'}
        Body: b'{"volume": {"id": "f7f5a194-597c-4ca6-85ec-fe057b34242c", "status": "deleting", "size": 1, "availability_zone": "nova", "created_at": "2026-03-26T11:03:47.000000", "updated_at": "2026-03-26T11:03:50.000000", "name": "tempest-VolumesDeleteCascade-Volume-308554469", "description": null, "volume_type": "arcusfc1", "snapshot_id": null, "source_volid": null, "metadata": {}, "links": [{"rel": "self", "href": "http://10.132.44.209/volume/v3/volumes/f7f5a194-597c-4ca6-85ec-fe057b34242c"}, {"rel": "bookmark", "href": "http://10.132.44.209/volume/volumes/f7f5a194-597c-4ca6-85ec-fe057b34242c"}], "user_id": "0495918e1ed64bbb937615df1f938f30", "bootable": "false", "encrypted": false, "replication_status": null, "consistencygroup_id": null, "multiattach": false, "attachments": [], "os-vol-tenant-attr:tenant_id": "f92c30465503415cbc00028e1055323b"}}'
2026-03-26 11:06:55,617 129489 INFO     [tempest.lib.common.rest_client] Request (VolumesDeleteCascade:test_volume_from_snapshot_cascade_delete): 200 GET http://10.132.44.209/volume/v3/volumes/f7f5a194-597c-4ca6-85ec-fe057b34242c 0.048s
2026-03-26 11:06:55,617 129489 DEBUG    [tempest.lib.common.rest_client] Request - Headers: {'Content-Type': 'application/json', 'Accept': 'application/json', 'X-Auth-Token': '<omitted>'}
        Body: None
    Response - Headers: {'date': 'Thu, 26 Mar 2026 11:06:55 GMT', 'server': 'Apache/2.4.58 (Ubuntu)', 'content-type': 'application/json', 'x-compute-request-id': 'req-43e15cdb-248c-418f-8620-93cf6779b464', 'content-length': '846', 'openstack-api-version': 'volume 3.0', 'vary': 'OpenStack-API-Version', 'x-openstack-request-id': 'req-43e15cdb-248c-418f-8620-93cf6779b464', 'connection': 'close', 'status': '200', 'content-location': 'http://10.132.44.209/volume/v3/volumes/f7f5a194-597c-4ca6-85ec-fe057b34242c'}
        Body: b'{"volume": {"id": "f7f5a194-597c-4ca6-85ec-fe057b34242c", "status": "deleting", "size": 1, "availability_zone": "nova", "created_at": "2026-03-26T11:03:47.000000", "updated_at": "2026-03-26T11:03:50.000000", "name": "tempest-VolumesDeleteCascade-Volume-308554469", "description": null, "volume_type": "arcusfc1", "snapshot_id": null, "source_v
    olid": null, "metadata": {}, "links": [{"rel": "self", "href": "http://10.132.44.209/volume/v3/volumes/f7f5a194-597c-4ca6-85ec-fe057b34242c"}, {"rel": "bookmark", "href": "http://10.132.44.209/volume/volumes/f7f5a194-597c-4ca6-85ec-fe057b34242c"}], "user_id": "0495918e1ed64bbb937615df1f938f30", "bootable": "false", "encrypted": false, "replication_status": null, "consistencygroup_id": null, "multiattach": false, "attachments": [], "os-vol-tenant-attr:tenant_id": "f92c30465503415cbc00028e1055323b"}}'
2026-03-26 11:06:56,664 129489 INFO     [tempest.lib.common.rest_client] Request (VolumesDeleteCascade:test_volume_from_snapshot_cascade_delete): 200 GET http://10.132.44.209/volume/v3/volumes/f7f5a194-597c-4ca6-85ec-fe057b34242c 0.038s
2026-03-26 11:06:56,664 129489 DEBUG    [tempest.lib.common.rest_client] Request - Headers: {'Content-Type': 'application/json', 'Accept': 'application/json', 'X-Auth-Token': '<omitted>'}
        Body: None
    Response - Headers: {'date': 'Thu, 26 Mar 2026 11:06:56 GMT', 'server': 'Apache/2.4.58 (Ubuntu)', 'content-type': 'application/json', 'x-compute-request-id': 'req-a6216183-736c-4c68-9bdf-6afbc61ee8e2', 'content-length': '846', 'openstack-api-version': 'volume 3.0', 'vary': 'OpenStack-API-Version', 'x-openstack-request-id': 'req-a6216183-736c-4c68-9bdf-6afbc61ee8e2', 'connection': 'close', 'status': '200', 'content-location': 'http://10.132.44.209/volume/v3/volumes/f7f5a194-597c-4ca6-85ec-fe057b34242c'}
        Body: b'{"volume": {"id": "f7f5a194-597c-4ca6-85ec-fe057b34242c", "status": "deleting", "size": 1, "availability_zone": "nova", "created_at": "2026-03-26T11:03:47.000000", "updated_at": "2026-03-26T11:03:50.000000", "name": "tempest-VolumesDeleteCascade-Volume-308554469", "description": null, "volume_type": "arcusfc1", "snapshot_id": null, "source_volid": null, "metadata": {}, "links": [{"rel": "self", "href": "http://10.132.44.209/volume/v3/volumes/f7f5a194-597c-4ca6-85ec-fe057b34242c"}, {"rel": "bookmark", "href": "http://10.132.44.209/volume/volumes/f7f5a194-597c-4ca6-85ec-fe057b34242c"}], "user_id": "0495918e1ed64bbb937615df1f938f30", "bootable": "false", "encrypted": false, "replication_status": null, "consistencygroup_id": null, "multiattach": false, "attachments": [], "os-vol-tenant-attr:tenant_id": "f92c30465503415cbc00028e1055323b"}}'
2026-03-26 11:06:57,709 129489 INFO     [tempest.lib.common.rest_client] Request (VolumesDeleteCascade:test_volume_from_snapshot_cascade_delete): 200 GET http://10.132.44.209/volume/v3/volumes/f7f5a194-597c-4ca6-85ec-fe057b34242c 0.036s
2026-03-26 11:06:57,710 129489 DEBUG    [tempest.lib.common.rest_client] Request - Headers: {'Content-Type': 'application/json', 'Accept': 'application/json', 'X-Auth-Token': '<omitted>'}
        Body: None
    Response - Headers: {'date': 'Thu, 26 Mar 2026 11:06:57 GMT', 'server': 'Apache/2.4.58 (Ubuntu)', 'content-type': 'application/json', 'x-compute-request-id': 'req-40c815a1-b0c2-4094-a392-f3a21589a16c', 'content-length': '846', 'openstack-api-version': 'volume 3.0', 'vary': 'OpenStack-API-Version', 'x-openstack-request-id': 'req-40c815a1-b0c2-4094-a392-f3a21589a16c', 'connection': 'close', 'status': '200', 'content-location': 'http://10.132.44.209/volume/v3/volumes/f7f5a194-597c-4ca6-85ec-fe057b34242c'}
        Body: b'{"volume": {"id": "f7f5a194-597c-4ca6-85ec-fe057b34242c", "status": "deleting", "size": 1, "availability_zone": "nova", "created_at": "2026-03-26T11:03:47.000000", "updated_at": "2026-03-26T11:03:50.000000", "name": "tempest-VolumesDeleteCascade-Volume-308554469", "description": null, "volume_type": "arcusfc1", "snapshot_id": null, "source_volid": null, "metadata": {}, "links": [{"rel": "self", "href": "http://10.132.44.209/volume/v3/volumes/f7f5a194-597c-4ca6-85ec-fe057b34242c"}, {"rel": "bookmark", "href": "http://10.132.44.209/volume/volumes/f7f5a194-597c-4ca6-85ec-fe057b34242c"}], "user_id": "0495918e1ed64bbb937615df1f938f30", "bootable": "false", "encrypted": false, "replication_status": null, "consistencygroup_id": null, "multiattach": false, "attachments": [], "os-vol-tenant-attr:t
    enant_id": "f92c30465503415cbc00028e1055323b"}}'
2026-03-26 11:06:58,775 129489 INFO     [tempest.lib.common.rest_client] Request (VolumesDeleteCascade:test_volume_from_snapshot_cascade_delete): 200 GET http://10.132.44.209/volume/v3/volumes/f7f5a194-597c-4ca6-85ec-fe057b34242c 0.049s
2026-03-26 11:06:58,776 129489 DEBUG    [tempest.lib.common.rest_client] Request - Headers: {'Content-Type': 'application/json', 'Accept': 'application/json', 'X-Auth-Token': '<omitted>'}
        Body: None
    Response - Headers: {'date': 'Thu, 26 Mar 2026 11:06:58 GMT', 'server': 'Apache/2.4.58 (Ubuntu)', 'content-type': 'application/json', 'x-compute-request-id': 'req-6ff13023-c88e-411f-b902-cc68099aa7a3', 'content-length': '846', 'openstack-api-version': 'volume 3.0', 'vary': 'OpenStack-API-Version', 'x-openstack-request-id': 'req-6ff13023-c88e-411f-b902-cc68099aa7a3', 'connection': 'close', 'status': '200', 'content-location': 'http://10.132.44.209/volume/v3/volumes/f7f5a194-597c-4ca6-85ec-fe057b34242c'}
        Body: b'{"volume": {"id": "f7f5a194-597c-4ca6-85ec-fe057b34242c", "status": "deleting", "size": 1, "availability_zone": "nova", "created_at": "2026-03-26T11:03:47.000000", "updated_at": "2026-03-26T11:03:50.000000", "name": "tempest-VolumesDeleteCascade-Volume-308554469", "description": null, "volume_type": "arcusfc1", "snapshot_id": null, "source_volid": null, "metadata": {}, "links": [{"rel": "self", "href": "http://10.132.44.209/volume/v3/volumes/f7f5a194-597c-4ca6-85ec-fe057b34242c"}, {"rel": "bookmark", "href": "http://10.132.44.209/volume/volumes/f7f5a194-597c-4ca6-85ec-fe057b34242c"}], "user_id": "0495918e1ed64bbb937615df1f938f30", "bootable": "false", "encrypted": false, "replication_status": null, "consistencygroup_id": null, "multiattach": false, "attachments": [], "os-vol-tenant-attr:tenant_id": "f92c30465503415cbc00028e1055323b"}}'
2026-03-26 11:06:59,825 129489 INFO     [tempest.lib.common.rest_client] Request (VolumesDeleteCascade:test_volume_from_snapshot_cascade_delete): 200 GET http://10.132.44.209/volume/v3/volumes/f7f5a194-597c-4ca6-85ec-fe057b34242c 0.037s
2026-03-26 11:06:59,826 129489 DEBUG    [tempest.lib.common.rest_client] Request - Headers: {'Content-Type': 'application/json', 'Accept': 'application/json', 'X-Auth-Token': '<omitted>'}
        Body: None
    Response - Headers: {'date': 'Thu, 26 Mar 2026 11:06:59 GMT', 'server': 'Apache/2.4.58 (Ubuntu)', 'content-type': 'application/json', 'x-compute-request-id': 'req-f9e06585-3a98-4d6b-8a48-b9132dbc05b1', 'content-length': '846', 'openstack-api-version': 'volume 3.0', 'vary': 'OpenStack-API-Version', 'x-openstack-request-id': 'req-f9e06585-3a98-4d6b-8a48-b9132dbc05b1', 'connection': 'close', 'status': '200', 'content-location': 'http://10.132.44.209/volume/v3/volumes/f7f5a194-597c-4ca6-85ec-fe057b34242c'}
        Body: b'{"volume": {"id": "f7f5a194-597c-4ca6-85ec-fe057b34242c", "status": "deleting", "size": 1, "availability_zone": "nova", "created_at": "2026-03-26T11:03:47.000000", "updated_at": "2026-03-26T11:03:50.000000", "name": "tempest-VolumesDeleteCascade-Volume-308554469", "description": null, "volume_type": "arcusfc1", "snapshot_id": null, "source_volid": null, "metadata": {}, "links": [{"rel": "self", "href": "http://10.132.44.209/volume/v3/volumes/f7f5a194-597c-4ca6-85ec-fe057b34242c"}, {"rel": "bookmark", "href": "http://10.132.44.209/volume/volumes/f7f5a194-597c-4ca6-85ec-fe057b34242c"}], "user_id": "0495918e1ed64bbb937615df1f938f30", "bootable": "false", "encrypted": false, "replication_status": null, "consistencygroup_id": null, "multiattach": false, "attachments": [], "os-vol-tenant-attr:tenant_id": "f92c30465503415cbc00028e1055323b"}}'
2026-03-26 11:07:00,879 129489 INFO     [tempest.lib.common.rest_client] Request (VolumesDeleteCascade:test_volume_from_snapshot_cascade_delete): 200 GET http://10.132.44.209/volume/v3/volumes/f7f5a194-597c-4ca6-85ec-fe057b34242c 0.038s
2026-03-26 11:07:00,880 129489 DEBUG    [tempest.lib.common.rest_client] Request - Headers: {'Content-Type': 'application/json', 'Accept': 'application/json', 'X-Auth-Tok
    en': '<omitted>'}
        Body: None
    Response - Headers: {'date': 'Thu, 26 Mar 2026 11:07:00 GMT', 'server': 'Apache/2.4.58 (Ubuntu)', 'content-type': 'application/json', 'x-compute-request-id': 'req-df64c12c-ba31-4c14-8047-2791b3ccac81', 'content-length': '846', 'openstack-api-version': 'volume 3.0', 'vary': 'OpenStack-API-Version', 'x-openstack-request-id': 'req-df64c12c-ba31-4c14-8047-2791b3ccac81', 'connection': 'close', 'status': '200', 'content-location': 'http://10.132.44.209/volume/v3/volumes/f7f5a194-597c-4ca6-85ec-fe057b34242c'}
        Body: b'{"volume": {"id": "f7f5a194-597c-4ca6-85ec-fe057b34242c", "status": "deleting", "size": 1, "availability_zone": "nova", "created_at": "2026-03-26T11:03:47.000000", "updated_at": "2026-03-26T11:03:50.000000", "name": "tempest-VolumesDeleteCascade-Volume-308554469", "description": null, "volume_type": "arcusfc1", "snapshot_id": null, "source_volid": null, "metadata": {}, "links": [{"rel": "self", "href": "http://10.132.44.209/volume/v3/volumes/f7f5a194-597c-4ca6-85ec-fe057b34242c"}, {"rel": "bookmark", "href": "http://10.132.44.209/volume/volumes/f7f5a194-597c-4ca6-85ec-fe057b34242c"}], "user_id": "0495918e1ed64bbb937615df1f938f30", "bootable": "false", "encrypted": false, "replication_status": null, "consistencygroup_id": null, "multiattach": false, "attachments": [], "os-vol-tenant-attr:tenant_id": "f92c30465503415cbc00028e1055323b"}}'
2026-03-26 11:07:01,929 129489 INFO     [tempest.lib.common.rest_client] Request (VolumesDeleteCascade:test_volume_from_snapshot_cascade_delete): 200 GET http://10.132.44.209/volume/v3/volumes/f7f5a194-597c-4ca6-85ec-fe057b34242c 0.036s
2026-03-26 11:07:01,930 129489 DEBUG    [tempest.lib.common.rest_client] Request - Headers: {'Content-Type': 'application/json', 'Accept': 'application/json', 'X-Auth-Token': '<omitted>'}
        Body: None
    Response - Headers: {'date': 'Thu, 26 Mar 2026 11:07:01 GMT', 'server': 'Apache/2.4.58 (Ubuntu)', 'content-type': 'application/json', 'x-compute-request-id': 'req-3e8a7d57-0cab-4e59-8a03-fce1a82b61d2', 'content-length': '846', 'openstack-api-version': 'volume 3.0', 'vary': 'OpenStack-API-Version', 'x-openstack-request-id': 'req-3e8a7d57-0cab-4e59-8a03-fce1a82b61d2', 'connection': 'close', 'status': '200', 'content-location': 'http://10.132.44.209/volume/v3/volumes/f7f5a194-597c-4ca6-85ec-fe057b34242c'}
        Body: b'{"volume": {"id": "f7f5a194-597c-4ca6-85ec-fe057b34242c", "status": "deleting", "size": 1, "availability_zone": "nova", "created_at": "2026-03-26T11:03:47.000000", "updated_at": "2026-03-26T11:03:50.000000", "name": "tempest-VolumesDeleteCascade-Volume-308554469", "description": null, "volume_type": "arcusfc1", "snapshot_id": null, "source_volid": null, "metadata": {}, "links": [{"rel": "self", "href": "http://10.132.44.209/volume/v3/volumes/f7f5a194-597c-4ca6-85ec-fe057b34242c"}, {"rel": "bookmark", "href": "http://10.132.44.209/volume/volumes/f7f5a194-597c-4ca6-85ec-fe057b34242c"}], "user_id": "0495918e1ed64bbb937615df1f938f30", "bootable": "false", "encrypted": false, "replication_status": null, "consistencygroup_id": null, "multiattach": false, "attachments": [], "os-vol-tenant-attr:tenant_id": "f92c30465503415cbc00028e1055323b"}}'
2026-03-26 11:07:02,987 129489 INFO     [tempest.lib.common.rest_client] Request (VolumesDeleteCascade:test_volume_from_snapshot_cascade_delete): 200 GET http://10.132.44.209/volume/v3/volumes/f7f5a194-597c-4ca6-85ec-fe057b34242c 0.041s
2026-03-26 11:07:02,987 129489 DEBUG    [tempest.lib.common.rest_client] Request - Headers: {'Content-Type': 'application/json', 'Accept': 'application/json', 'X-Auth-Token': '<omitted>'}
        Body: None
    Response - Headers: {'date': 'Thu, 26 Mar 2026 11:07:02 GMT', 'server': 'Apache/2.4.58 (Ubuntu)', 'content-type': 'application/json', 'x-compute-request-id': 'req-c591705f-6cea-45f2-a839-ec5cc7c23838', 'content-length': '846', 'openstack-api-version': 'volume 3.0', 'vary': 'OpenStack-API-Version', 'x-openstack-request-id': 'req-c591705f-6cea-45f2-a839-ec5cc7c23838', 'connection': 'close', 'status': '200', 'conte
    nt-location': 'http://10.132.44.209/volume/v3/volumes/f7f5a194-597c-4ca6-85ec-fe057b34242c'}
        Body: b'{"volume": {"id": "f7f5a194-597c-4ca6-85ec-fe057b34242c", "status": "deleting", "size": 1, "availability_zone": "nova", "created_at": "2026-03-26T11:03:47.000000", "updated_at": "2026-03-26T11:03:50.000000", "name": "tempest-VolumesDeleteCascade-Volume-308554469", "description": null, "volume_type": "arcusfc1", "snapshot_id": null, "source_volid": null, "metadata": {}, "links": [{"rel": "self", "href": "http://10.132.44.209/volume/v3/volumes/f7f5a194-597c-4ca6-85ec-fe057b34242c"}, {"rel": "bookmark", "href": "http://10.132.44.209/volume/volumes/f7f5a194-597c-4ca6-85ec-fe057b34242c"}], "user_id": "0495918e1ed64bbb937615df1f938f30", "bootable": "false", "encrypted": false, "replication_status": null, "consistencygroup_id": null, "multiattach": false, "attachments": [], "os-vol-tenant-attr:tenant_id": "f92c30465503415cbc00028e1055323b"}}'
2026-03-26 11:07:04,037 129489 INFO     [tempest.lib.common.rest_client] Request (VolumesDeleteCascade:test_volume_from_snapshot_cascade_delete): 200 GET http://10.132.44.209/volume/v3/volumes/f7f5a194-597c-4ca6-85ec-fe057b34242c 0.039s
2026-03-26 11:07:04,037 129489 DEBUG    [tempest.lib.common.rest_client] Request - Headers: {'Content-Type': 'application/json', 'Accept': 'application/json', 'X-Auth-Token': '<omitted>'}
        Body: None
    Response - Headers: {'date': 'Thu, 26 Mar 2026 11:07:04 GMT', 'server': 'Apache/2.4.58 (Ubuntu)', 'content-type': 'application/json', 'x-compute-request-id': 'req-95156c9d-0d9f-407d-8127-bf79b7176b47', 'content-length': '846', 'openstack-api-version': 'volume 3.0', 'vary': 'OpenStack-API-Version', 'x-openstack-request-id': 'req-95156c9d-0d9f-407d-8127-bf79b7176b47', 'connection': 'close', 'status': '200', 'content-location': 'http://10.132.44.209/volume/v3/volumes/f7f5a194-597c-4ca6-85ec-fe057b34242c'}
        Body: b'{"volume": {"id": "f7f5a194-597c-4ca6-85ec-fe057b34242c", "status": "deleting", "size": 1, "availability_zone": "nova", "created_at": "2026-03-26T11:03:47.000000", "updated_at": "2026-03-26T11:03:50.000000", "name": "tempest-VolumesDeleteCascade-Volume-308554469", "description": null, "volume_type": "arcusfc1", "snapshot_id": null, "source_volid": null, "metadata": {}, "links": [{"rel": "self", "href": "http://10.132.44.209/volume/v3/volumes/f7f5a194-597c-4ca6-85ec-fe057b34242c"}, {"rel": "bookmark", "href": "http://10.132.44.209/volume/volumes/f7f5a194-597c-4ca6-85ec-fe057b34242c"}], "user_id": "0495918e1ed64bbb937615df1f938f30", "bootable": "false", "encrypted": false, "replication_status": null, "consistencygroup_id": null, "multiattach": false, "attachments": [], "os-vol-tenant-attr:tenant_id": "f92c30465503415cbc00028e1055323b"}}'
2026-03-26 11:07:05,085 129489 INFO     [tempest.lib.common.rest_client] Request (VolumesDeleteCascade:test_volume_from_snapshot_cascade_delete): 200 GET http://10.132.44.209/volume/v3/volumes/f7f5a194-597c-4ca6-85ec-fe057b34242c 0.034s
2026-03-26 11:07:05,085 129489 DEBUG    [tempest.lib.common.rest_client] Request - Headers: {'Content-Type': 'application/json', 'Accept': 'application/json', 'X-Auth-Token': '<omitted>'}
        Body: None
    Response - Headers: {'date': 'Thu, 26 Mar 2026 11:07:05 GMT', 'server': 'Apache/2.4.58 (Ubuntu)', 'content-type': 'application/json', 'x-compute-request-id': 'req-95f23b23-eeb5-40d9-816c-2f637522e9bc', 'content-length': '846', 'openstack-api-version': 'volume 3.0', 'vary': 'OpenStack-API-Version', 'x-openstack-request-id': 'req-95f23b23-eeb5-40d9-816c-2f637522e9bc', 'connection': 'close', 'status': '200', 'content-location': 'http://10.132.44.209/volume/v3/volumes/f7f5a194-597c-4ca6-85ec-fe057b34242c'}
        Body: b'{"volume": {"id": "f7f5a194-597c-4ca6-85ec-fe057b34242c", "status": "deleting", "size": 1, "availability_zone": "nova", "created_at": "2026-03-26T11:03:47.000000", "updated_at": "2026-03-26T11:03:50.000000", "name": "tempest-VolumesDeleteCascade-Volume-308554469", "description": null, "volume_type": "arcusfc1", "snapshot_id": null, "source_volid
    ": null, "metadata": {}, "links": [{"rel": "self", "href": "http://10.132.44.209/volume/v3/volumes/f7f5a194-597c-4ca6-85ec-fe057b34242c"}, {"rel": "bookmark", "href": "http://10.132.44.209/volume/volumes/f7f5a194-597c-4ca6-85ec-fe057b34242c"}], "user_id": "0495918e1ed64bbb937615df1f938f30", "bootable": "false", "encrypted": false, "replication_status": null, "consistencygroup_id": null, "multiattach": false, "attachments": [], "os-vol-tenant-attr:tenant_id": "f92c30465503415cbc00028e1055323b"}}'
2026-03-26 11:07:06,140 129489 INFO     [tempest.lib.common.rest_client] Request (VolumesDeleteCascade:test_volume_from_snapshot_cascade_delete): 200 GET http://10.132.44.209/volume/v3/volumes/f7f5a194-597c-4ca6-85ec-fe057b34242c 0.048s
2026-03-26 11:07:06,140 129489 DEBUG    [tempest.lib.common.rest_client] Request - Headers: {'Content-Type': 'application/json', 'Accept': 'application/json', 'X-Auth-Token': '<omitted>'}
        Body: None
    Response - Headers: {'date': 'Thu, 26 Mar 2026 11:07:06 GMT', 'server': 'Apache/2.4.58 (Ubuntu)', 'content-type': 'application/json', 'x-compute-request-id': 'req-fb740328-8d88-4819-a786-145a59065e99', 'content-length': '846', 'openstack-api-version': 'volume 3.0', 'vary': 'OpenStack-API-Version', 'x-openstack-request-id': 'req-fb740328-8d88-4819-a786-145a59065e99', 'connection': 'close', 'status': '200', 'content-location': 'http://10.132.44.209/volume/v3/volumes/f7f5a194-597c-4ca6-85ec-fe057b34242c'}
        Body: b'{"volume": {"id": "f7f5a194-597c-4ca6-85ec-fe057b34242c", "status": "deleting", "size": 1, "availability_zone": "nova", "created_at": "2026-03-26T11:03:47.000000", "updated_at": "2026-03-26T11:03:50.000000", "name": "tempest-VolumesDeleteCascade-Volume-308554469", "description": null, "volume_type": "arcusfc1", "snapshot_id": null, "source_volid": null, "metadata": {}, "links": [{"rel": "self", "href": "http://10.132.44.209/volume/v3/volumes/f7f5a194-597c-4ca6-85ec-fe057b34242c"}, {"rel": "bookmark", "href": "http://10.132.44.209/volume/volumes/f7f5a194-597c-4ca6-85ec-fe057b34242c"}], "user_id": "0495918e1ed64bbb937615df1f938f30", "bootable": "false", "encrypted": false, "replication_status": null, "consistencygroup_id": null, "multiattach": false, "attachments": [], "os-vol-tenant-attr:tenant_id": "f92c30465503415cbc00028e1055323b"}}'
2026-03-26 11:07:06,186 129489 INFO     [tempest.lib.common.rest_client] Request (VolumesDeleteCascade:_run_cleanups): 200 GET http://10.132.44.209/volume/v3/volumes/409beb63-f57c-4c9f-a81f-82caefc91184 0.030s
2026-03-26 11:07:06,187 129489 DEBUG    [tempest.lib.common.rest_client] Request - Headers: {'Content-Type': 'application/json', 'Accept': 'application/json', 'X-Auth-Token': '<omitted>'}
        Body: None
    Response - Headers: {'date': 'Thu, 26 Mar 2026 11:07:06 GMT', 'server': 'Apache/2.4.58 (Ubuntu)', 'content-type': 'application/json', 'x-compute-request-id': 'req-e426b311-d06d-4698-a345-441b0fce3c0e', 'content-length': '881', 'openstack-api-version': 'volume 3.0', 'vary': 'OpenStack-API-Version', 'x-openstack-request-id': 'req-e426b311-d06d-4698-a345-441b0fce3c0e', 'connection': 'close', 'status': '200', 'content-location': 'http://10.132.44.209/volume/v3/volumes/409beb63-f57c-4c9f-a81f-82caefc91184'}
        Body: b'{"volume": {"id": "409beb63-f57c-4c9f-a81f-82caefc91184", "status": "available", "size": 1, "availability_zone": "nova", "created_at": "2026-03-26T11:03:49.000000", "updated_at": "2026-03-26T11:03:49.000000", "name": "tempest-VolumesDeleteCascade-Volume-573187491", "description": null, "volume_type": "arcusfc1", "snapshot_id": "5045a836-d2ea-443a-aeec-28aa38bccf15", "source_volid": null, "metadata": {}, "links": [{"rel": "self", "href": "http://10.132.44.209/volume/v3/volumes/409beb63-f57c-4c9f-a81f-82caefc91184"}, {"rel": "bookmark", "href": "http://10.132.44.209/volume/volumes/409beb63-f57c-4c9f-a81f-82caefc91184"}], "user_id": "0495918e1ed64bbb937615df1f938f30", "bootable": "false", "encrypted": false, "replication_status": null, "consistencygroup_id": null, "multiattach": false, "attachments": [], "os-vol-tenant-at
    tr:tenant_id": "f92c30465503415cbc00028e1055323b"}}'
2026-03-26 11:07:06,237 129489 INFO     [tempest.lib.common.rest_client] Request (VolumesDeleteCascade:_run_cleanups): 202 DELETE http://10.132.44.209/volume/v3/volumes/409beb63-f57c-4c9f-a81f-82caefc91184 0.043s
2026-03-26 11:07:06,237 129489 DEBUG    [tempest.lib.common.rest_client] Request - Headers: {'Content-Type': 'application/json', 'Accept': 'application/json', 'X-Auth-Token': '<omitted>'}
        Body: None
    Response - Headers: {'date': 'Thu, 26 Mar 2026 11:07:06 GMT', 'server': 'Apache/2.4.58 (Ubuntu)', 'content-length': '0', 'content-type': 'text/html; charset=UTF-8', 'openstack-api-version': 'volume 3.0', 'vary': 'OpenStack-API-Version', 'x-openstack-request-id': 'req-3de0eb01-dffc-4905-b528-3cac8b72c572', 'connection': 'close', 'status': '202', 'content-location': 'http://10.132.44.209/volume/v3/volumes/409beb63-f57c-4c9f-a81f-82caefc91184'}
        Body: b''
2026-03-26 11:07:06,273 129489 INFO     [tempest.lib.common.rest_client] Request (VolumesDeleteCascade:_run_cleanups): 200 GET http://10.132.44.209/volume/v3/volumes/409beb63-f57c-4c9f-a81f-82caefc91184 0.035s
2026-03-26 11:07:06,273 129489 DEBUG    [tempest.lib.common.rest_client] Request - Headers: {'Content-Type': 'application/json', 'Accept': 'application/json', 'X-Auth-Token': '<omitted>'}
        Body: None
    Response - Headers: {'date': 'Thu, 26 Mar 2026 11:07:06 GMT', 'server': 'Apache/2.4.58 (Ubuntu)', 'content-type': 'application/json', 'x-compute-request-id': 'req-499de161-391c-4763-b52b-ac152546fa91', 'content-length': '880', 'openstack-api-version': 'volume 3.0', 'vary': 'OpenStack-API-Version', 'x-openstack-request-id': 'req-499de161-391c-4763-b52b-ac152546fa91', 'connection': 'close', 'status': '200', 'content-location': 'http://10.132.44.209/volume/v3/volumes/409beb63-f57c-4c9f-a81f-82caefc91184'}
        Body: b'{"volume": {"id": "409beb63-f57c-4c9f-a81f-82caefc91184", "status": "deleting", "size": 1, "availability_zone": "nova", "created_at": "2026-03-26T11:03:49.000000", "updated_at": "2026-03-26T11:07:06.000000", "name": "tempest-VolumesDeleteCascade-Volume-573187491", "description": null, "volume_type": "arcusfc1", "snapshot_id": "5045a836-d2ea-443a-aeec-28aa38bccf15", "source_volid": null, "metadata": {}, "links": [{"rel": "self", "href": "http://10.132.44.209/volume/v3/volumes/409beb63-f57c-4c9f-a81f-82caefc91184"}, {"rel": "bookmark", "href": "http://10.132.44.209/volume/volumes/409beb63-f57c-4c9f-a81f-82caefc91184"}], "user_id": "0495918e1ed64bbb937615df1f938f30", "bootable": "false", "encrypted": false, "replication_status": null, "consistencygroup_id": null, "multiattach": false, "attachments": [], "os-vol-tenant-attr:tenant_id": "f92c30465503415cbc00028e1055323b"}}'
2026-03-26 11:07:07,311 129489 INFO     [tempest.lib.common.rest_client] Request (VolumesDeleteCascade:_run_cleanups): 404 GET http://10.132.44.209/volume/v3/volumes/409beb63-f57c-4c9f-a81f-82caefc91184 0.028s
2026-03-26 11:07:07,312 129489 DEBUG    [tempest.lib.common.rest_client] Request - Headers: {'Content-Type': 'application/json', 'Accept': 'application/json', 'X-Auth-Token': '<omitted>'}
        Body: None
    Response - Headers: {'date': 'Thu, 26 Mar 2026 11:07:07 GMT', 'server': 'Apache/2.4.58 (Ubuntu)', 'openstack-api-version': 'volume 3.0', 'vary': 'OpenStack-API-Version', 'content-length': '109', 'content-type': 'application/json', 'x-compute-request-id': 'req-7630daa6-5f21-4809-a6ef-4ca437333f1d', 'x-openstack-request-id': 'req-7630daa6-5f21-4809-a6ef-4ca437333f1d', 'connection': 'close', 'status': '404', 'content-location': 'http://10.132.44.209/volume/v3/volumes/409beb63-f57c-4c9f-a81f-82caefc91184'}
        Body: b'{"itemNotFound": {"code": 404, "message": "Volume 409beb63-f57c-4c9f-a81f-82caefc91184 could not be found."}}'
2026-03-26 11:07:07,355 129489 INFO     [tempest.lib.common.rest_client] Request (VolumesDeleteCascade:_run_cleanups): 400 DELETE http://10.132.44.209/volume/v3/snapshots/5045a836-d2ea-443a-aeec-28aa38bccf15 0.043s
2026-03-26 11:07:07,356 129489 DEBUG    [tempest.lib.comm
    on.rest_client] Request - Headers: {'Content-Type': 'application/json', 'Accept': 'application/json', 'X-Auth-Token': '<omitted>'}
        Body: None
    Response - Headers: {'date': 'Thu, 26 Mar 2026 11:07:07 GMT', 'server': 'Apache/2.4.58 (Ubuntu)', 'openstack-api-version': 'volume 3.0', 'vary': 'OpenStack-API-Version', 'content-length': '137', 'content-type': 'application/json', 'x-compute-request-id': 'req-602731e5-d51e-48e5-9260-910c0b67673f', 'x-openstack-request-id': 'req-602731e5-d51e-48e5-9260-910c0b67673f', 'connection': 'close', 'status': '400', 'content-location': 'http://10.132.44.209/volume/v3/snapshots/5045a836-d2ea-443a-aeec-28aa38bccf15'}
        Body: b'{"badRequest": {"code": 400, "message": "Invalid snapshot: Snapshot status must be available or error and must not be part of a group."}}'
2026-03-26 11:07:07,395 129489 INFO     [tempest.lib.common.rest_client] Request (VolumesDeleteCascade:_run_cleanups): 200 GET http://10.132.44.209/volume/v3/volumes/f7f5a194-597c-4ca6-85ec-fe057b34242c 0.037s
2026-03-26 11:07:07,396 129489 DEBUG    [tempest.lib.common.rest_client] Request - Headers: {'Content-Type': 'application/json', 'Accept': 'application/json', 'X-Auth-Token': '<omitted>'}
        Body: None
    Response - Headers: {'date': 'Thu, 26 Mar 2026 11:07:07 GMT', 'server': 'Apache/2.4.58 (Ubuntu)', 'content-type': 'application/json', 'x-compute-request-id': 'req-5442a927-123b-4618-90b7-3872d3a7ecfc', 'content-length': '846', 'openstack-api-version': 'volume 3.0', 'vary': 'OpenStack-API-Version', 'x-openstack-request-id': 'req-5442a927-123b-4618-90b7-3872d3a7ecfc', 'connection': 'close', 'status': '200', 'content-location': 'http://10.132.44.209/volume/v3/volumes/f7f5a194-597c-4ca6-85ec-fe057b34242c'}
        Body: b'{"volume": {"id": "f7f5a194-597c-4ca6-85ec-fe057b34242c", "status": "deleting", "size": 1, "availability_zone": "nova", "created_at": "2026-03-26T11:03:47.000000", "updated_at": "2026-03-26T11:03:50.000000", "name": "tempest-VolumesDeleteCascade-Volume-308554469", "description": null, "volume_type": "arcusfc1", "snapshot_id": null, "source_volid": null, "metadata": {}, "links": [{"rel": "self", "href": "http://10.132.44.209/volume/v3/volumes/f7f5a194-597c-4ca6-85ec-fe057b34242c"}, {"rel": "bookmark", "href": "http://10.132.44.209/volume/volumes/f7f5a194-597c-4ca6-85ec-fe057b34242c"}], "user_id": "0495918e1ed64bbb937615df1f938f30", "bootable": "false", "encrypted": false, "replication_status": null, "consistencygroup_id": null, "multiattach": false, "attachments": [], "os-vol-tenant-attr:tenant_id": "f92c30465503415cbc00028e1055323b"}}'
2026-03-26 11:07:07,438 129489 INFO     [tempest.lib.common.rest_client] Request (VolumesDeleteCascade:_run_cleanups): 400 DELETE http://10.132.44.209/volume/v3/volumes/f7f5a194-597c-4ca6-85ec-fe057b34242c 0.028s
2026-03-26 11:07:07,438 129489 DEBUG    [tempest.lib.common.rest_client] Request - Headers: {'Content-Type': 'application/json', 'Accept': 'application/json', 'X-Auth-Token': '<omitted>'}
        Body: None
    Response - Headers: {'date': 'Thu, 26 Mar 2026 11:07:07 GMT', 'server': 'Apache/2.4.58 (Ubuntu)', 'openstack-api-version': 'volume 3.0', 'vary': 'OpenStack-API-Version', 'content-length': '307', 'content-type': 'application/json', 'x-compute-request-id': 'req-41306093-47d9-4106-856b-a3bb248354be', 'x-openstack-request-id': 'req-41306093-47d9-4106-856b-a3bb248354be', 'connection': 'close', 'status': '400', 'content-location': 'http://10.132.44.209/volume/v3/volumes/f7f5a194-597c-4ca6-85ec-fe057b34242c'}
        Body: b'{"badRequest": {"code": 400, "message": "Invalid volume: Volume status must be available or error or error_restoring or error_extending or error_managing and must not be migrating, attached, belong to a group, have snapshots, awaiting a transfer, or be disassociated from snapshots after volume transfer."}}'

{0} tempest.api.volume.test_volume_metadata.VolumesMetadataTest.test_crud_volume_metadata [0.260280s] ... ok
{0} tempest.api.volume.test_volume_metadata.VolumesMetadataTest.test_update_show_volume_metadata_item [0.203635s] ... ok
{0} tempest.api.volume.test_volume_transfers.VolumesTransfersTest.test_create_get_list_accept_volume_transfer [3.699457s] ... ok
{0} tempest.api.volume.test_volume_transfers.VolumesTransfersTest.test_create_list_delete_volume_transfer [2.678354s] ... ok
{0} tempest.api.volume.test_volume_transfers.VolumesTransfersV355Test.test_create_get_list_accept_volume_transfer [3.727545s] ... ok
{0} tempest.api.volume.test_volume_transfers.VolumesTransfersV355Test.test_create_list_delete_volume_transfer [2.658578s] ... ok
{0} tempest.api.volume.test_volume_transfers.VolumesTransfersV357Test.test_create_get_list_accept_volume_transfer [3.715694s] ... ok
{0} tempest.api.volume.test_volume_transfers.VolumesTransfersV357Test.test_create_list_delete_volume_transfer [2.615811s] ... ok
{0} tempest.api.volume.test_volumes_clone.VolumesCloneTest.test_create_from_volume [5.083201s] ... ok
{0} tempest.api.volume.test_volumes_clone_negative.VolumesCloneNegativeTest.test_create_from_volume_decreasing_size [2.620257s] ... ok
{0} tempest.api.volume.test_volumes_get.VolumesGetTest.test_volume_create_get_update_delete [5.230525s] ... ok
{0} tempest.api.volume.test_volumes_get.VolumesSummaryTest.test_show_volume_summary [0.103508s] ... ok
{0} tempest.api.volume.test_volumes_list.VolumesListTestJSON.test_volume_list [0.024064s] ... ok
{0} tempest.api.volume.test_volumes_list.VolumesListTestJSON.test_volume_list_by_name [0.054342s] ... ok
{0} tempest.api.volume.test_volumes_list.VolumesListTestJSON.test_volume_list_details_by_name [0.065715s] ... ok
{0} tempest.api.volume.test_volumes_list.VolumesListTestJSON.test_volume_list_details_pagination [0.228612s] ... ok
{0} tempest.api.volume.test_volumes_list.VolumesListTestJSON.test_volume_list_details_with_multiple_params [0.149941s] ... ok
{0} tempest.api.volume.test_volumes_list.VolumesListTestJSON.test_volume_list_pagination [0.129759s] ... ok
{0} tempest.api.volume.test_volumes_list.VolumesListTestJSON.test_volume_list_param_display_name_and_status [0.058395s] ... ok
{0} tempest.api.volume.test_volumes_list.VolumesListTestJSON.test_volume_list_with_detail_param_display_name_and_status [0.064352s] ... ok
{0} tempest.api.volume.test_volumes_list.VolumesListTestJSON.test_volume_list_with_detail_param_marker [0.086093s] ... ok
{0} tempest.api.volume.test_volumes_list.VolumesListTestJSON.test_volume_list_with_detail_param_metadata [0.077985s] ... ok
{0} tempest.api.volume.test_volumes_list.VolumesListTestJSON.test_volume_list_with_details [0.038929s] ... ok
{0} tempest.api.volume.test_volumes_list.VolumesListTestJSON.test_volume_list_with_param_metadata [0.028713s] ... ok
{0} tempest.api.volume.test_volumes_list.VolumesListTestJSON.test_volumes_list_by_availability_zone [0.108971s] ... ok
{0} tempest.api.volume.test_volumes_list.VolumesListTestJSON.test_volumes_list_by_bootable [0.106932s] ... ok
{0} tempest.api.volume.test_volumes_list.VolumesListTestJSON.test_volumes_list_by_status [0.106597s] ... ok
{0} tempest.api.volume.test_volumes_list.VolumesListTestJSON.test_volumes_list_details_by_availability_zone [0.039090s] ... ok
{0} tempest.api.volume.test_volumes_list.VolumesListTestJSON.test_volumes_list_details_by_bootable [0.048155s] ... ok
{0} tempest.api.volume.test_volumes_list.VolumesListTestJSON.test_volumes_list_details_by_status [0.033584s] ... ok
{0} tempest.api.volume.test_volumes_negative.VolumesNegativeTest.test_create_volume_from_deactivated_image [1.728558s] ... ok
{0} tempest.api.volume.test_volumes_negative.VolumesNegativeTest.test_create_volume_from_image_with_decreasing_size [1.617459s] ... ok
{0} tempest.api.volume.test_volumes_negative.VolumesNegativeTest.test_create_volume_with_invalid_size [0.017714s] ... ok
{0} tempest.api.volume.test_volumes_negative.VolumesNegativeTest.test_create_volume_with_nonexistent_snapshot_id [0.020454s] ... ok
{0} tempest.api.volume.test_volumes_negative.VolumesNegativeTest.test_create_volume_with_nonexistent_source_volid [0.024746s] ... ok
{0} tempest.api.volume.test_volumes_negative.VolumesNegativeTest.test_create_volume_with_nonexistent_volume_type [0.024588s] ... ok
{0} tempest.api.volume.test_volumes_negative.VolumesNegativeTest.test_create_volume_with_size_negative [0.012073s] ... ok
{0} tempest.api.volume.test_volumes_negative.VolumesNegativeTest.test_create_volume_with_size_zero [0.011567s] ... ok
{0} tempest.api.volume.test_volumes_negative.VolumesNegativeTest.test_create_volume_without_passing_size [0.011455s] ... ok
{0} tempest.api.volume.test_volumes_negative.VolumesNegativeTest.test_delete_invalid_volume_id [0.017936s] ... ok
{0} tempest.api.volume.test_volumes_negative.VolumesNegativeTest.test_delete_volume_without_passing_volume_id [0.006403s] ... ok
{0} tempest.api.volume.test_volumes_negative.VolumesNegativeTest.test_detach_volumes_with_invalid_volume_id [0.023402s] ... ok
{0} tempest.api.volume.test_volumes_negative.VolumesNegativeTest.test_get_invalid_volume_id [0.024329s] ... ok
{0} tempest.api.volume.test_volumes_negative.VolumesNegativeTest.test_get_volume_without_passing_volume_id [0.013577s] ... ok
{0} tempest.api.volume.test_volumes_negative.VolumesNegativeTest.test_list_volumes_detail_with_invalid_status [0.031641s] ... ok
{0} tempest.api.volume.test_volumes_negative.VolumesNegativeTest.test_list_volumes_detail_with_nonexistent_name [0.028880s] ... ok
{0} tempest.api.volume.test_volumes_negative.VolumesNegativeTest.test_list_volumes_with_invalid_status [0.026491s] ... ok
{0} tempest.api.volume.test_volumes_negative.VolumesNegativeTest.test_list_volumes_with_nonexistent_name [0.025613s] ... ok
{0} tempest.api.volume.test_volumes_negative.VolumesNegativeTest.test_reserve_volume_with_negative_volume_status [0.119098s] ... ok
{0} tempest.api.volume.test_volumes_negative.VolumesNegativeTest.test_reserve_volume_with_nonexistent_volume_id [0.023850s] ... ok
{0} tempest.api.volume.test_volumes_negative.VolumesNegativeTest.test_unreserve_volume_with_nonexistent_volume_id [0.018101s] ... ok
{0} tempest.api.volume.test_volumes_negative.VolumesNegativeTest.test_update_volume_with_empty_volume_id [0.010941s] ... ok
{0} tempest.api.volume.test_volumes_negative.VolumesNegativeTest.test_update_volume_with_invalid_volume_id [0.019600s] ... ok
{0} tempest.api.volume.test_volumes_negative.VolumesNegativeTest.test_update_volume_with_nonexistent_volume_id [0.017703s] ... ok
{0} tempest.api.volume.test_volumes_negative.VolumesNegativeTest.test_volume_delete_nonexistent_volume_id [0.021626s] ... ok
{0} tempest.api.volume.test_volumes_negative.VolumesNegativeTest.test_volume_extend_with_None_size [0.013989s] ... ok
{0} tempest.api.volume.test_volumes_negative.VolumesNegativeTest.test_volume_extend_with_non_number_size [0.014554s] ... ok
{0} tempest.api.volume.test_volumes_negative.VolumesNegativeTest.test_volume_extend_with_nonexistent_volume_id [0.020066s] ... ok
{0} tempest.api.volume.test_volumes_negative.VolumesNegativeTest.test_volume_extend_with_size_smaller_than_original_size [0.011894s] ... ok
{0} tempest.api.volume.test_volumes_negative.VolumesNegativeTest.test_volume_extend_without_passing_volume_id [0.019049s] ... ok
{0} tempest.api.volume.test_volumes_negative.VolumesNegativeTest.test_volume_get_nonexistent_volume_id [0.016582s] ... ok
{0} tempest.api.volume.test_volumes_snapshots_list.VolumesSnapshotListTestJSON.test_snapshot_list_param_limit [0.021360s] ... ok
{0} tempest.api.volume.test_volumes_snapshots_list.VolumesSnapshotListTestJSON.test_snapshot_list_param_limit_equals_infinite [0.049188s] ... ok
{0} tempest.api.volume.test_volumes_snapshots_list.VolumesSnapshotListTestJSON.test_snapshot_list_param_limit_equals_zero [0.019980s] ... ok
{0} tempest.api.volume.test_volumes_snapshots_list.VolumesSnapshotListTestJSON.test_snapshot_list_param_marker [0.054040s] ... ok
{0} tempest.api.volume.test_volumes_snapshots_list.VolumesSnapshotListTestJSON.test_snapshot_list_param_offset [0.034707s] ... ok
{0} tempest.api.volume.test_volumes_snapshots_list.VolumesSnapshotListTestJSON.test_snapshot_list_param_sort_created_at_asc [0.038228s] ... ok
{0} tempest.api.volume.test_volumes_snapshots_list.VolumesSnapshotListTestJSON.test_snapshot_list_param_sort_created_at_desc [0.026913s] ... ok
{0} tempest.api.volume.test_volumes_snapshots_list.VolumesSnapshotListTestJSON.test_snapshot_list_param_sort_id_asc [0.036617s] ... ok
{0} tempest.api.volume.test_volumes_snapshots_list.VolumesSnapshotListTestJSON.test_snapshot_list_param_sort_id_desc [0.035088s] ... ok
{0} tempest.api.volume.test_volumes_snapshots_list.VolumesSnapshotListTestJSON.test_snapshot_list_param_sort_name_asc [0.042377s] ... ok
{0} tempest.api.volume.test_volumes_snapshots_list.VolumesSnapshotListTestJSON.test_snapshot_list_param_sort_name_desc [0.030013s] ... ok
{0} tempest.api.volume.test_volumes_snapshots_list.VolumesSnapshotListTestJSON.test_snapshots_list_details_with_params [0.278830s] ... ok
{0} tempest.api.volume.test_volumes_snapshots_list.VolumesSnapshotListTestJSON.test_snapshots_list_with_params [0.089558s] ... ok
{0} tempest.api.volume.test_volumes_snapshots_negative.VolumesSnapshotNegativeTestJSON.test_create_snapshot_with_nonexistent_volume_id [0.092171s] ... ok
{0} tempest.api.volume.test_volumes_snapshots_negative.VolumesSnapshotNegativeTestJSON.test_create_snapshot_without_passing_volume_id [0.054673s] ... ok
{0} tempest.api.volume.test_volumes_snapshots_negative.VolumesSnapshotNegativeTestJSON.test_list_snapshot_invalid_param_limit [0.015602s] ... ok
{0} tempest.api.volume.test_volumes_snapshots_negative.VolumesSnapshotNegativeTestJSON.test_list_snapshots_invalid_param_marker [0.016476s] ... ok
{0} tempest.api.volume.test_volumes_snapshots_negative.VolumesSnapshotNegativeTestJSON.test_list_snapshots_invalid_param_sort [0.012157s] ... ok
{0} tempest.api.volume.test_volumes_snapshots_negative.VolumesSnapshotNegativeTestJSON.test_volume_from_snapshot_decreasing_size [4.770070s] ... ok

==============================
Failed 1 tests - output below:
==============================

tempest.api.volume.test_volume_delete_cascade.VolumesDeleteCascade.test_volume_from_snapshot_cascade_delete[id-59a77ede-609b-4ee8-9f68-fc3c6ffe97b5]
----------------------------------------------------------------------------------------------------------------------------------------------------

Captured traceback:
~~~~~~~~~~~~~~~~~~~
    Traceback (most recent call last):

      File "/opt/stack/tempest/tempest/api/volume/test_volume_delete_cascade.py", line 105, in test_volume_from_snapshot_cascade_delete
    self.volumes_client.wait_for_resource_deletion(volume['id'])

      File "/opt/stack/tempest/tempest/lib/common/rest_client.py", line 988, in wait_for_resource_deletion
    raise exceptions.TimeoutException(message)

    tempest.lib.exceptions.TimeoutException: Request timed out
Details: (VolumesDeleteCascade:test_volume_from_snapshot_cascade_delete) Failed to delete volume f7f5a194-597c-4ca6-85ec-fe057b34242c within the required time (196 s). Timer started at 1774523030. Timer ended at 1774523226. Waited for 196 s.


Captured traceback-1:
~~~~~~~~~~~~~~~~~~~~~
    Traceback (most recent call last):

      File "/opt/stack/tempest/tempest/lib/common/utils/test_utils.py", line 87, in call_and_ignore_notfound_exc
    return func(*args, **kwargs)
           ^^^^^^^^^^^^^^^^^^^^^

      File "/opt/stack/tempest/tempest/api/volume/base.py", line 237, in delete_snapshot
    snapshots_client.delete_snapshot(snapshot_id)

      File "/opt/stack/tempest/tempest/lib/services/volume/v3/snapshots_client.py", line 95, in delete_snapshot
    resp, body = self.delete("snapshots/%s" % snapshot_id)
                 ^^^^^^^^^^^^^^^^^^^^^^^^^^^^^^^^^^^^^^^^^

      File "/opt/stack/tempest/tempest/lib/common/rest_client.py", line 359, in delete
    return self.request('DELETE', url, extra_headers, headers, body)
           ^^^^^^^^^^^^^^^^^^^^^^^^^^^^^^^^^^^^^^^^^^^^^^^^^^^^^^^^^

      File "/opt/stack/tempest/tempest/lib/common/rest_client.py", line 762, in request
    self._error_checker(resp, resp_body)

      File "/opt/stack/tempest/tempest/lib/common/rest_client.py", line 877, in _error_checker
    raise exceptions.BadRequest(resp_body, resp=resp)

    tempest.lib.exceptions.BadRequest: Bad request
Details: {'code': 400, 'message': 'Invalid snapshot: Snapshot status must be available or error and must not be part of a group.'}


Captured traceback-2:
~~~~~~~~~~~~~~~~~~~~~
    Traceback (most recent call last):

      File "/opt/stack/tempest/tempest/lib/common/utils/test_utils.py", line 87, in call_and_ignore_notfound_exc
    return func(*args, **kwargs)
           ^^^^^^^^^^^^^^^^^^^^^

      File "/opt/stack/tempest/tempest/api/volume/base.py", line 165, in _delete_volume_for_cleanup
    BaseVolumeTest.delete_volume(volumes_client, volume_id)

      File "/opt/stack/tempest/tempest/api/volume/base.py", line 229, in delete_volume
    client.delete_volume(volume_id)

      File "/opt/stack/tempest/tempest/lib/services/volume/v3/volumes_client.py", line 145, in delete_volume
    resp, body = self.delete(url)
                 ^^^^^^^^^^^^^^^^

      File "/opt/stack/tempest/tempest/lib/common/rest_client.py", line 359, in delete
    return self.request('DELETE', url, extra_headers, headers, body)
           ^^^^^^^^^^^^^^^^^^^^^^^^^^^^^^^^^^^^^^^^^^^^^^^^^^^^^^^^^

      File "/opt/stack/tempest/tempest/lib/services/volume/base_client.py", line 39, in request
    resp, resp_body = super(BaseClient, self).request(
                      ^^^^^^^^^^^^^^^^^^^^^^^^^^^^^^^^

      File "/opt/stack/tempest/tempest/lib/common/rest_client.py", line 762, in request
    self._error_checker(resp, resp_body)

      File "/opt/stack/tempest/tempest/lib/common/rest_client.py", line 877, in _error_checker
    raise exceptions.BadRequest(resp_body, resp=resp)

    tempest.lib.exceptions.BadRequest: Bad request
Details: {'code': 400, 'message': 'Invalid volume: Volume status must be available or error or error_restoring or error_extending or error_managing and must not be migrating, attached, belong to a group, have snapshots, awaiting a transfer, or be disassociated from snapshots after volume transfer.'}


Captured pythonlogging:
~~~~~~~~~~~~~~~~~~~~~~~
    2026-03-26 11:03:46,679 129489 INFO     [tempest.lib.common.rest_client] Request (VolumesDeleteCascade:test_volume_from_snapshot_cascade_delete): 202 POST http://10.132.44.209/volume/v3/volumes 0.182s
2026-03-26 11:03:46,679 129489 DEBUG    [tempest.lib.common.rest_client] Request - Headers: {'Content-Type': 'application/json', 'Accept': 'application/json', 'X-Auth-Token': '<omitted>'}
        Body: {"volume": {"size": 1, "name": "tempest-VolumesDeleteCascade-Volume-308554469"}}
    Response - Headers: {'date': 'Thu, 26 Mar 2026 11:03:46 GMT', 'server': 'Apache/2.4.58 (Ubuntu)', 'content-type': 'application/json', 'x-compute-request-id': 'req-46c6eeb5-c6a5-4cc8-90a1-9e359b3f9064', 'content-length': '754', 'openstack-api-version': 'volume 3.0', 'vary': 'OpenStack-API-Version', 'x-openstack-request-id': 'req-46c6eeb5-c6a5-4cc8-90a1-9e359b3f9064', 'connection': 'close', 'status': '202', 'content-location': 'http://10.132.44.209/volume/v3/volumes'}
        Body: b'{"volume": {"id": "f7f5a194-597c-4ca6-85ec-fe057b34242c", "status": "creating", "size": 1, "availability_zone": "nova", "created_at": "2026-03-26T11:03:46.609473", "updated_at": null, "name": "tempest-VolumesDeleteCascade-Volume-308554469", "description": null, "volume_type": "arcusfc1", "snapshot_id": null, "source_volid": null, "metadata": {}, "links": [{"rel": "self", "href": "http://10.132.44.209/volume/v3/volumes/f7f5a194-597c-4ca6-85ec-fe057b34242c"}, {"rel": "bookmark", "href": "http://10.132.44.209/volume/volumes/f7f5a194-597c-4ca6-85ec-fe057b34242c"}], "user_id": "0495918e1ed64bbb937615df1f938f30", "bootable": "false", "encrypted": false, "replication_status": null, "consistencygroup_id": null, "multiattach": false, "attachments": []}}'
2026-03-26 11:03:46,722 129489 INFO     [tempest.lib.common.rest_client] Request (VolumesDeleteCascade:test_volume_from_snapshot_cascade_delete): 200 GET http://10.132.44.209/volume/v3/volumes/f7f5a194-597c-4ca6-85ec-fe057b34242c 0.035s
2026-03-26 11:03:46,722 129489 DEBUG    [tempest.lib.common.rest_client] Request - Headers: {'Content-Type': 'application/json', 'Accept': 'application/json', 'X-Auth-Token': '<omitted>'}
        Body: None
    Response - Headers: {'date': 'Thu, 26 Mar 2026 11:03:46 GMT', 'server': 'Apache/2.4.58 (Ubuntu)', 'content-type': 'application/json', 'x-compute-request-id': 'req-00bf2a5d-d548-490f-850e-abd5a7181902', 'content-length': '822', 'openstack-api-version': 'volume 3.0', 'vary': 'OpenStack-API-Version', 'x-openstack-request-id': 'req-00bf2a5d-d548-490f-850e-abd5a7181902', 'connection': 'close', 'status': '200', 'content-location': 'http://10.132.44.209/volume/v3/volumes/f7f5a194-597c-4ca6-85ec-fe057b34242c'}
        Body: b'{"volume": {"id": "f7f5a194-597c-4ca6-85ec-fe057b34242c", "status": "creating", "size": 1, "availability_zone": "nova", "created_at": "2026-03-26T11:03:47.000000", "updated_at": null, "name": "tempest-VolumesDeleteCascade-Volume-308554469", "description": null, "volume_type": "arcusfc1", "snapshot_id": null, "source_volid": null, "metadata": {}, "links": [{"rel": "self", "href": "http://10.132.44.209/volume/v3/volumes/f7f5a194-597c-4ca6-85ec-fe057b34242c"}, {"rel": "bookmark", "href": "http://10.132.44.209/volume/volumes/f7f5a194-597c-4ca6-85ec-fe057b34242c"}], "user_id": "0495918e1ed64bbb937615df1f938f30", "bootable": "false", "encrypted": false, "replication_status": null, "consistencygroup_id": null, "multiattach": false, "attachments": [], "os-vol-tenant-attr:tenant_id": "f92c30465503415cbc00028e1055323b"}}'
2026-03-26 11:03:47,774 129489 INFO     [tempest.lib.common.rest_client] Request (VolumesDeleteCascade:test_volume_from_snapshot_cascade_delete): 200 GET http://10.132.44.209/volume/v3/volumes/f7f5a194-597c-4ca6-85ec-fe057b34242c 0.040s
2026-03-26 11:03:47,774 129489 DEBUG    [tempest.lib.common.rest_client] Request - Headers: {'Content-Type': 'application/json', 'Accept': 'application/json', 'X-Auth-Token': '<omitted>'}
        Body: None
    Response - Headers: {'date': 'Thu, 26 Mar 2026 11:03:47 GMT', 'server': 'Apache/2.4.58 (Ubuntu)', 'content-type': 'applic
    ation/json', 'x-compute-request-id': 'req-266acfad-f077-458c-bfb0-f0316d09b5c3', 'content-length': '847', 'openstack-api-version': 'volume 3.0', 'vary': 'OpenStack-API-Version', 'x-openstack-request-id': 'req-266acfad-f077-458c-bfb0-f0316d09b5c3', 'connection': 'close', 'status': '200', 'content-location': 'http://10.132.44.209/volume/v3/volumes/f7f5a194-597c-4ca6-85ec-fe057b34242c'}
        Body: b'{"volume": {"id": "f7f5a194-597c-4ca6-85ec-fe057b34242c", "status": "available", "size": 1, "availability_zone": "nova", "created_at": "2026-03-26T11:03:47.000000", "updated_at": "2026-03-26T11:03:47.000000", "name": "tempest-VolumesDeleteCascade-Volume-308554469", "description": null, "volume_type": "arcusfc1", "snapshot_id": null, "source_volid": null, "metadata": {}, "links": [{"rel": "self", "href": "http://10.132.44.209/volume/v3/volumes/f7f5a194-597c-4ca6-85ec-fe057b34242c"}, {"rel": "bookmark", "href": "http://10.132.44.209/volume/volumes/f7f5a194-597c-4ca6-85ec-fe057b34242c"}], "user_id": "0495918e1ed64bbb937615df1f938f30", "bootable": "false", "encrypted": false, "replication_status": null, "consistencygroup_id": null, "multiattach": false, "attachments": [], "os-vol-tenant-attr:tenant_id": "f92c30465503415cbc00028e1055323b"}}'
2026-03-26 11:03:47,792 129489 INFO     [tempest.common.waiters] volume f7f5a194-597c-4ca6-85ec-fe057b34242c reached available after waiting for 1.791993 seconds
2026-03-26 11:03:47,887 129489 INFO     [tempest.lib.common.rest_client] Request (VolumesDeleteCascade:test_volume_from_snapshot_cascade_delete): 202 POST http://10.132.44.209/volume/v3/snapshots 0.095s
2026-03-26 11:03:47,888 129489 DEBUG    [tempest.lib.common.rest_client] Request - Headers: {'Content-Type': 'application/json', 'Accept': 'application/json', 'X-Auth-Token': '<omitted>'}
        Body: {"snapshot": {"volume_id": "f7f5a194-597c-4ca6-85ec-fe057b34242c", "name": "tempest-VolumesDeleteCascade-Snapshot-1470659385"}}
    Response - Headers: {'date': 'Thu, 26 Mar 2026 11:03:47 GMT', 'server': 'Apache/2.4.58 (Ubuntu)', 'content-type': 'application/json', 'x-compute-request-id': 'req-418afc62-cfa0-43d1-b83a-435de987639f', 'content-length': '307', 'openstack-api-version': 'volume 3.0', 'vary': 'OpenStack-API-Version', 'x-openstack-request-id': 'req-418afc62-cfa0-43d1-b83a-435de987639f', 'connection': 'close', 'status': '202', 'content-location': 'http://10.132.44.209/volume/v3/snapshots'}
        Body: b'{"snapshot": {"id": "5045a836-d2ea-443a-aeec-28aa38bccf15", "created_at": "2026-03-26T11:03:47.850872", "updated_at": null, "name": "tempest-VolumesDeleteCascade-Snapshot-1470659385", "description": null, "volume_id": "f7f5a194-597c-4ca6-85ec-fe057b34242c", "status": "creating", "size": 1, "metadata": {}}}'
2026-03-26 11:03:47,905 129489 INFO     [tempest.lib.common.rest_client] Request (VolumesDeleteCascade:test_volume_from_snapshot_cascade_delete): 200 GET http://10.132.44.209/volume/v3/snapshots/5045a836-d2ea-443a-aeec-28aa38bccf15 0.015s
2026-03-26 11:03:47,905 129489 DEBUG    [tempest.lib.common.rest_client] Request - Headers: {'Content-Type': 'application/json', 'Accept': 'application/json', 'X-Auth-Token': '<omitted>'}
        Body: None
    Response - Headers: {'date': 'Thu, 26 Mar 2026 11:03:47 GMT', 'server': 'Apache/2.4.58 (Ubuntu)', 'content-type': 'application/json', 'x-compute-request-id': 'req-e980ef83-cac1-4c83-821a-57153f46a31e', 'content-length': '439', 'openstack-api-version': 'volume 3.0', 'vary': 'OpenStack-API-Version', 'x-openstack-request-id': 'req-e980ef83-cac1-4c83-821a-57153f46a31e', 'connection': 'close', 'status': '200', 'content-location': 'http://10.132.44.209/volume/v3/snapshots/5045a836-d2ea-443a-aeec-28aa38bccf15'}
        Body: b'{"snapshot": {"id": "5045a836-d2ea-443a-aeec-28aa38bccf15", "created_at": "2026-03-26T11:03:48.000000", "updated_at": null, "name": "tempest-VolumesDeleteCascade-Snapshot-1470659385", "description": null, "volume_id": "f7f5a194-597c-4ca6-85ec-fe057b34242c", "status": "creating", "size": 1, "metadata": {}, "os-extended-snapshot-attributes:project_id": "f92c30465503415cb
    c00028e1055323b", "os-extended-snapshot-attributes:progress": "0%"}}'
2026-03-26 11:03:48,935 129489 INFO     [tempest.lib.common.rest_client] Request (VolumesDeleteCascade:test_volume_from_snapshot_cascade_delete): 200 GET http://10.132.44.209/volume/v3/snapshots/5045a836-d2ea-443a-aeec-28aa38bccf15 0.026s
2026-03-26 11:03:48,935 129489 DEBUG    [tempest.lib.common.rest_client] Request - Headers: {'Content-Type': 'application/json', 'Accept': 'application/json', 'X-Auth-Token': '<omitted>'}
        Body: None
    Response - Headers: {'date': 'Thu, 26 Mar 2026 11:03:48 GMT', 'server': 'Apache/2.4.58 (Ubuntu)', 'content-type': 'application/json', 'x-compute-request-id': 'req-740cc02b-450d-4e90-9a17-510d4002f3b3', 'content-length': '466', 'openstack-api-version': 'volume 3.0', 'vary': 'OpenStack-API-Version', 'x-openstack-request-id': 'req-740cc02b-450d-4e90-9a17-510d4002f3b3', 'connection': 'close', 'status': '200', 'content-location': 'http://10.132.44.209/volume/v3/snapshots/5045a836-d2ea-443a-aeec-28aa38bccf15'}
        Body: b'{"snapshot": {"id": "5045a836-d2ea-443a-aeec-28aa38bccf15", "created_at": "2026-03-26T11:03:48.000000", "updated_at": "2026-03-26T11:03:48.000000", "name": "tempest-VolumesDeleteCascade-Snapshot-1470659385", "description": null, "volume_id": "f7f5a194-597c-4ca6-85ec-fe057b34242c", "status": "available", "size": 1, "metadata": {}, "os-extended-snapshot-attributes:project_id": "f92c30465503415cbc00028e1055323b", "os-extended-snapshot-attributes:progress": "100%"}}'
2026-03-26 11:03:48,939 129489 INFO     [tempest.common.waiters] snapshot 5045a836-d2ea-443a-aeec-28aa38bccf15 reached available after waiting for 1.939477 seconds
2026-03-26 11:03:49,168 129489 INFO     [tempest.lib.common.rest_client] Request (VolumesDeleteCascade:test_volume_from_snapshot_cascade_delete): 202 POST http://10.132.44.209/volume/v3/volumes 0.228s
2026-03-26 11:03:49,168 129489 DEBUG    [tempest.lib.common.rest_client] Request - Headers: {'Content-Type': 'application/json', 'Accept': 'application/json', 'X-Auth-Token': '<omitted>'}
        Body: {"volume": {"snapshot_id": "5045a836-d2ea-443a-aeec-28aa38bccf15", "size": 1, "name": "tempest-VolumesDeleteCascade-Volume-573187491"}}
    Response - Headers: {'date': 'Thu, 26 Mar 2026 11:03:48 GMT', 'server': 'Apache/2.4.58 (Ubuntu)', 'content-type': 'application/json', 'x-compute-request-id': 'req-f8f65682-e1ac-4880-949e-01dbe04b77af', 'content-length': '788', 'openstack-api-version': 'volume 3.0', 'vary': 'OpenStack-API-Version', 'x-openstack-request-id': 'req-f8f65682-e1ac-4880-949e-01dbe04b77af', 'connection': 'close', 'status': '202', 'content-location': 'http://10.132.44.209/volume/v3/volumes'}
        Body: b'{"volume": {"id": "409beb63-f57c-4c9f-a81f-82caefc91184", "status": "creating", "size": 1, "availability_zone": "nova", "created_at": "2026-03-26T11:03:49.087160", "updated_at": null, "name": "tempest-VolumesDeleteCascade-Volume-573187491", "description": null, "volume_type": "arcusfc1", "snapshot_id": "5045a836-d2ea-443a-aeec-28aa38bccf15", "source_volid": null, "metadata": {}, "links": [{"rel": "self", "href": "http://10.132.44.209/volume/v3/volumes/409beb63-f57c-4c9f-a81f-82caefc91184"}, {"rel": "bookmark", "href": "http://10.132.44.209/volume/volumes/409beb63-f57c-4c9f-a81f-82caefc91184"}], "user_id": "0495918e1ed64bbb937615df1f938f30", "bootable": "false", "encrypted": false, "replication_status": null, "consistencygroup_id": null, "multiattach": false, "attachments": []}}'
2026-03-26 11:03:49,209 129489 INFO     [tempest.lib.common.rest_client] Request (VolumesDeleteCascade:test_volume_from_snapshot_cascade_delete): 200 GET http://10.132.44.209/volume/v3/volumes/409beb63-f57c-4c9f-a81f-82caefc91184 0.034s
2026-03-26 11:03:49,209 129489 DEBUG    [tempest.lib.common.rest_client] Request - Headers: {'Content-Type': 'application/json', 'Accept': 'application/json', 'X-Auth-Token': '<omitted>'}
        Body: None
    Response - Headers: {'date': 'Thu, 26 Mar 2026 11:03:49 GMT', 'server': 'Apache/2.4.58 (Ubuntu)', 'content-type': 'application/json', 'x-compute-reque
    st-id': 'req-af85c9c7-4446-41c3-b38e-a6a6344eacb5', 'content-length': '856', 'openstack-api-version': 'volume 3.0', 'vary': 'OpenStack-API-Version', 'x-openstack-request-id': 'req-af85c9c7-4446-41c3-b38e-a6a6344eacb5', 'connection': 'close', 'status': '200', 'content-location': 'http://10.132.44.209/volume/v3/volumes/409beb63-f57c-4c9f-a81f-82caefc91184'}
        Body: b'{"volume": {"id": "409beb63-f57c-4c9f-a81f-82caefc91184", "status": "creating", "size": 1, "availability_zone": "nova", "created_at": "2026-03-26T11:03:49.000000", "updated_at": null, "name": "tempest-VolumesDeleteCascade-Volume-573187491", "description": null, "volume_type": "arcusfc1", "snapshot_id": "5045a836-d2ea-443a-aeec-28aa38bccf15", "source_volid": null, "metadata": {}, "links": [{"rel": "self", "href": "http://10.132.44.209/volume/v3/volumes/409beb63-f57c-4c9f-a81f-82caefc91184"}, {"rel": "bookmark", "href": "http://10.132.44.209/volume/volumes/409beb63-f57c-4c9f-a81f-82caefc91184"}], "user_id": "0495918e1ed64bbb937615df1f938f30", "bootable": "false", "encrypted": false, "replication_status": null, "consistencygroup_id": null, "multiattach": false, "attachments": [], "os-vol-tenant-attr:tenant_id": "f92c30465503415cbc00028e1055323b"}}'
2026-03-26 11:03:50,265 129489 INFO     [tempest.lib.common.rest_client] Request (VolumesDeleteCascade:test_volume_from_snapshot_cascade_delete): 200 GET http://10.132.44.209/volume/v3/volumes/409beb63-f57c-4c9f-a81f-82caefc91184 0.042s
2026-03-26 11:03:50,266 129489 DEBUG    [tempest.lib.common.rest_client] Request - Headers: {'Content-Type': 'application/json', 'Accept': 'application/json', 'X-Auth-Token': '<omitted>'}
        Body: None
    Response - Headers: {'date': 'Thu, 26 Mar 2026 11:03:50 GMT', 'server': 'Apache/2.4.58 (Ubuntu)', 'content-type': 'application/json', 'x-compute-request-id': 'req-8b2d3a68-4367-477c-9ecc-cf044eda92aa', 'content-length': '881', 'openstack-api-version': 'volume 3.0', 'vary': 'OpenStack-API-Version', 'x-openstack-request-id': 'req-8b2d3a68-4367-477c-9ecc-cf044eda92aa', 'connection': 'close', 'status': '200', 'content-location': 'http://10.132.44.209/volume/v3/volumes/409beb63-f57c-4c9f-a81f-82caefc91184'}
        Body: b'{"volume": {"id": "409beb63-f57c-4c9f-a81f-82caefc91184", "status": "available", "size": 1, "availability_zone": "nova", "created_at": "2026-03-26T11:03:49.000000", "updated_at": "2026-03-26T11:03:49.000000", "name": "tempest-VolumesDeleteCascade-Volume-573187491", "description": null, "volume_type": "arcusfc1", "snapshot_id": "5045a836-d2ea-443a-aeec-28aa38bccf15", "source_volid": null, "metadata": {}, "links": [{"rel": "self", "href": "http://10.132.44.209/volume/v3/volumes/409beb63-f57c-4c9f-a81f-82caefc91184"}, {"rel": "bookmark", "href": "http://10.132.44.209/volume/volumes/409beb63-f57c-4c9f-a81f-82caefc91184"}], "user_id": "0495918e1ed64bbb937615df1f938f30", "bootable": "false", "encrypted": false, "replication_status": null, "consistencygroup_id": null, "multiattach": false, "attachments": [], "os-vol-tenant-attr:tenant_id": "f92c30465503415cbc00028e1055323b"}}'
2026-03-26 11:03:50,280 129489 INFO     [tempest.common.waiters] volume 409beb63-f57c-4c9f-a81f-82caefc91184 reached available after waiting for 1.280093 seconds
2026-03-26 11:03:50,307 129489 INFO     [tempest.lib.common.rest_client] Request (VolumesDeleteCascade:test_volume_from_snapshot_cascade_delete): 200 GET http://10.132.44.209/volume/v3/volumes/409beb63-f57c-4c9f-a81f-82caefc91184 0.027s
2026-03-26 11:03:50,307 129489 DEBUG    [tempest.lib.common.rest_client] Request - Headers: {'Content-Type': 'application/json', 'Accept': 'application/json', 'X-Auth-Token': '<omitted>'}
        Body: None
    Response - Headers: {'date': 'Thu, 26 Mar 2026 11:03:50 GMT', 'server': 'Apache/2.4.58 (Ubuntu)', 'content-type': 'application/json', 'x-compute-request-id': 'req-52248e4a-5de0-4aa6-bf4d-ed2f0ac23e30', 'content-length': '881', 'openstack-api-version': 'volume 3.0', 'vary': 'OpenStack-API-Version', 'x-openstack-request-id': 'req-52248e4a-5de0-4aa6-bf4d-ed2f0ac23e30', 'connection': 'close', 'status
    ': '200', 'content-location': 'http://10.132.44.209/volume/v3/volumes/409beb63-f57c-4c9f-a81f-82caefc91184'}
        Body: b'{"volume": {"id": "409beb63-f57c-4c9f-a81f-82caefc91184", "status": "available", "size": 1, "availability_zone": "nova", "created_at": "2026-03-26T11:03:49.000000", "updated_at": "2026-03-26T11:03:49.000000", "name": "tempest-VolumesDeleteCascade-Volume-573187491", "description": null, "volume_type": "arcusfc1", "snapshot_id": "5045a836-d2ea-443a-aeec-28aa38bccf15", "source_volid": null, "metadata": {}, "links": [{"rel": "self", "href": "http://10.132.44.209/volume/v3/volumes/409beb63-f57c-4c9f-a81f-82caefc91184"}, {"rel": "bookmark", "href": "http://10.132.44.209/volume/volumes/409beb63-f57c-4c9f-a81f-82caefc91184"}], "user_id": "0495918e1ed64bbb937615df1f938f30", "bootable": "false", "encrypted": false, "replication_status": null, "consistencygroup_id": null, "multiattach": false, "attachments": [], "os-vol-tenant-attr:tenant_id": "f92c30465503415cbc00028e1055323b"}}'
2026-03-26 11:03:50,380 129489 INFO     [tempest.lib.common.rest_client] Request (VolumesDeleteCascade:test_volume_from_snapshot_cascade_delete): 202 DELETE http://10.132.44.209/volume/v3/volumes/f7f5a194-597c-4ca6-85ec-fe057b34242c?cascade=True 0.066s
2026-03-26 11:03:50,380 129489 DEBUG    [tempest.lib.common.rest_client] Request - Headers: {'Content-Type': 'application/json', 'Accept': 'application/json', 'X-Auth-Token': '<omitted>'}
        Body: None
    Response - Headers: {'date': 'Thu, 26 Mar 2026 11:03:50 GMT', 'server': 'Apache/2.4.58 (Ubuntu)', 'content-length': '0', 'content-type': 'text/html; charset=UTF-8', 'openstack-api-version': 'volume 3.0', 'vary': 'OpenStack-API-Version', 'x-openstack-request-id': 'req-c31ae783-e391-44d4-9be9-08e47fe71f2b', 'connection': 'close', 'status': '202', 'content-location': 'http://10.132.44.209/volume/v3/volumes/f7f5a194-597c-4ca6-85ec-fe057b34242c?cascade=True'}
        Body: b''
2026-03-26 11:03:50,411 129489 INFO     [tempest.lib.common.rest_client] Request (VolumesDeleteCascade:test_volume_from_snapshot_cascade_delete): 200 GET http://10.132.44.209/volume/v3/volumes/f7f5a194-597c-4ca6-85ec-fe057b34242c 0.030s
2026-03-26 11:03:50,411 129489 DEBUG    [tempest.lib.common.rest_client] Request - Headers: {'Content-Type': 'application/json', 'Accept': 'application/json', 'X-Auth-Token': '<omitted>'}
        Body: None
    Response - Headers: {'date': 'Thu, 26 Mar 2026 11:03:50 GMT', 'server': 'Apache/2.4.58 (Ubuntu)', 'content-type': 'application/json', 'x-compute-request-id': 'req-59fcf51c-5365-410c-bad7-74f559501962', 'content-length': '846', 'openstack-api-version': 'volume 3.0', 'vary': 'OpenStack-API-Version', 'x-openstack-request-id': 'req-59fcf51c-5365-410c-bad7-74f559501962', 'connection': 'close', 'status': '200', 'content-location': 'http://10.132.44.209/volume/v3/volumes/f7f5a194-597c-4ca6-85ec-fe057b34242c'}
        Body: b'{"volume": {"id": "f7f5a194-597c-4ca6-85ec-fe057b34242c", "status": "deleting", "size": 1, "availability_zone": "nova", "created_at": "2026-03-26T11:03:47.000000", "updated_at": "2026-03-26T11:03:50.000000", "name": "tempest-VolumesDeleteCascade-Volume-308554469", "description": null, "volume_type": "arcusfc1", "snapshot_id": null, "source_volid": null, "metadata": {}, "links": [{"rel": "self", "href": "http://10.132.44.209/volume/v3/volumes/f7f5a194-597c-4ca6-85ec-fe057b34242c"}, {"rel": "bookmark", "href": "http://10.132.44.209/volume/volumes/f7f5a194-597c-4ca6-85ec-fe057b34242c"}], "user_id": "0495918e1ed64bbb937615df1f938f30", "bootable": "false", "encrypted": false, "replication_status": null, "consistencygroup_id": null, "multiattach": false, "attachments": [], "os-vol-tenant-attr:tenant_id": "f92c30465503415cbc00028e1055323b"}}'
2026-03-26 11:03:51,466 129489 INFO     [tempest.lib.common.rest_client] Request (VolumesDeleteCascade:test_volume_from_snapshot_cascade_delete): 200 GET http://10.132.44.209/volume/v3/volumes/f7f5a194-597c-4ca6-85ec-fe057b34242c 0.047s
2026-03-26 11:03:51,467 129489 DEBUG    [tempest.lib.common.rest_client] Request - Headers
    : {'Content-Type': 'application/json', 'Accept': 'application/json', 'X-Auth-Token': '<omitted>'}
        Body: None
    Response - Headers: {'date': 'Thu, 26 Mar 2026 11:03:51 GMT', 'server': 'Apache/2.4.58 (Ubuntu)', 'content-type': 'application/json', 'x-compute-request-id': 'req-eb96dfa5-f050-483a-ac4d-46533d684d92', 'content-length': '846', 'openstack-api-version': 'volume 3.0', 'vary': 'OpenStack-API-Version', 'x-openstack-request-id': 'req-eb96dfa5-f050-483a-ac4d-46533d684d92', 'connection': 'close', 'status': '200', 'content-location': 'http://10.132.44.209/volume/v3/volumes/f7f5a194-597c-4ca6-85ec-fe057b34242c'}
        Body: b'{"volume": {"id": "f7f5a194-597c-4ca6-85ec-fe057b34242c", "status": "deleting", "size": 1, "availability_zone": "nova", "created_at": "2026-03-26T11:03:47.000000", "updated_at": "2026-03-26T11:03:50.000000", "name": "tempest-VolumesDeleteCascade-Volume-308554469", "description": null, "volume_type": "arcusfc1", "snapshot_id": null, "source_volid": null, "metadata": {}, "links": [{"rel": "self", "href": "http://10.132.44.209/volume/v3/volumes/f7f5a194-597c-4ca6-85ec-fe057b34242c"}, {"rel": "bookmark", "href": "http://10.132.44.209/volume/volumes/f7f5a194-597c-4ca6-85ec-fe057b34242c"}], "user_id": "0495918e1ed64bbb937615df1f938f30", "bootable": "false", "encrypted": false, "replication_status": null, "consistencygroup_id": null, "multiattach": false, "attachments": [], "os-vol-tenant-attr:tenant_id": "f92c30465503415cbc00028e1055323b"}}'
2026-03-26 11:03:52,515 129489 INFO     [tempest.lib.common.rest_client] Request (VolumesDeleteCascade:test_volume_from_snapshot_cascade_delete): 200 GET http://10.132.44.209/volume/v3/volumes/f7f5a194-597c-4ca6-85ec-fe057b34242c 0.038s
2026-03-26 11:03:52,515 129489 DEBUG    [tempest.lib.common.rest_client] Request - Headers: {'Content-Type': 'application/json', 'Accept': 'application/json', 'X-Auth-Token': '<omitted>'}
        Body: None
    Response - Headers: {'date': 'Thu, 26 Mar 2026 11:03:52 GMT', 'server': 'Apache/2.4.58 (Ubuntu)', 'content-type': 'application/json', 'x-compute-request-id': 'req-8581fd02-8e59-4be1-9ff8-4c6e6270b316', 'content-length': '846', 'openstack-api-version': 'volume 3.0', 'vary': 'OpenStack-API-Version', 'x-openstack-request-id': 'req-8581fd02-8e59-4be1-9ff8-4c6e6270b316', 'connection': 'close', 'status': '200', 'content-location': 'http://10.132.44.209/volume/v3/volumes/f7f5a194-597c-4ca6-85ec-fe057b34242c'}
        Body: b'{"volume": {"id": "f7f5a194-597c-4ca6-85ec-fe057b34242c", "status": "deleting", "size": 1, "availability_zone": "nova", "created_at": "2026-03-26T11:03:47.000000", "updated_at": "2026-03-26T11:03:50.000000", "name": "tempest-VolumesDeleteCascade-Volume-308554469", "description": null, "volume_type": "arcusfc1", "snapshot_id": null, "source_volid": null, "metadata": {}, "links": [{"rel": "self", "href": "http://10.132.44.209/volume/v3/volumes/f7f5a194-597c-4ca6-85ec-fe057b34242c"}, {"rel": "bookmark", "href": "http://10.132.44.209/volume/volumes/f7f5a194-597c-4ca6-85ec-fe057b34242c"}], "user_id": "0495918e1ed64bbb937615df1f938f30", "bootable": "false", "encrypted": false, "replication_status": null, "consistencygroup_id": null, "multiattach": false, "attachments": [], "os-vol-tenant-attr:tenant_id": "f92c30465503415cbc00028e1055323b"}}'
2026-03-26 11:03:53,569 129489 INFO     [tempest.lib.common.rest_client] Request (VolumesDeleteCascade:test_volume_from_snapshot_cascade_delete): 200 GET http://10.132.44.209/volume/v3/volumes/f7f5a194-597c-4ca6-85ec-fe057b34242c 0.043s
2026-03-26 11:03:53,570 129489 DEBUG    [tempest.lib.common.rest_client] Request - Headers: {'Content-Type': 'application/json', 'Accept': 'application/json', 'X-Auth-Token': '<omitted>'}
        Body: None
    Response - Headers: {'date': 'Thu, 26 Mar 2026 11:03:53 GMT', 'server': 'Apache/2.4.58 (Ubuntu)', 'content-type': 'application/json', 'x-compute-request-id': 'req-e3d6b2ff-c168-417d-9997-0006f0d4793c', 'content-length': '846', 'openstack-api-version': 'volume 3.0', 'vary': 'OpenStack-API-Version', 'x-openstack-request-id': 'req-e3d6b
    2ff-c168-417d-9997-0006f0d4793c', 'connection': 'close', 'status': '200', 'content-location': 'http://10.132.44.209/volume/v3/volumes/f7f5a194-597c-4ca6-85ec-fe057b34242c'}
        Body: b'{"volume": {"id": "f7f5a194-597c-4ca6-85ec-fe057b34242c", "status": "deleting", "size": 1, "availability_zone": "nova", "created_at": "2026-03-26T11:03:47.000000", "updated_at": "2026-03-26T11:03:50.000000", "name": "tempest-VolumesDeleteCascade-Volume-308554469", "description": null, "volume_type": "arcusfc1", "snapshot_id": null, "source_volid": null, "metadata": {}, "links": [{"rel": "self", "href": "http://10.132.44.209/volume/v3/volumes/f7f5a194-597c-4ca6-85ec-fe057b34242c"}, {"rel": "bookmark", "href": "http://10.132.44.209/volume/volumes/f7f5a194-597c-4ca6-85ec-fe057b34242c"}], "user_id": "0495918e1ed64bbb937615df1f938f30", "bootable": "false", "encrypted": false, "replication_status": null, "consistencygroup_id": null, "multiattach": false, "attachments": [], "os-vol-tenant-attr:tenant_id": "f92c30465503415cbc00028e1055323b"}}'
2026-03-26 11:03:54,624 129489 INFO     [tempest.lib.common.rest_client] Request (VolumesDeleteCascade:test_volume_from_snapshot_cascade_delete): 200 GET http://10.132.44.209/volume/v3/volumes/f7f5a194-597c-4ca6-85ec-fe057b34242c 0.040s
2026-03-26 11:03:54,625 129489 DEBUG    [tempest.lib.common.rest_client] Request - Headers: {'Content-Type': 'application/json', 'Accept': 'application/json', 'X-Auth-Token': '<omitted>'}
        Body: None
    Response - Headers: {'date': 'Thu, 26 Mar 2026 11:03:54 GMT', 'server': 'Apache/2.4.58 (Ubuntu)', 'content-type': 'application/json', 'x-compute-request-id': 'req-82a30b10-4884-46c2-b4b3-6fa56e645f61', 'content-length': '846', 'openstack-api-version': 'volume 3.0', 'vary': 'OpenStack-API-Version', 'x-openstack-request-id': 'req-82a30b10-4884-46c2-b4b3-6fa56e645f61', 'connection': 'close', 'status': '200', 'content-location': 'http://10.132.44.209/volume/v3/volumes/f7f5a194-597c-4ca6-85ec-fe057b34242c'}
        Body: b'{"volume": {"id": "f7f5a194-597c-4ca6-85ec-fe057b34242c", "status": "deleting", "size": 1, "availability_zone": "nova", "created_at": "2026-03-26T11:03:47.000000", "updated_at": "2026-03-26T11:03:50.000000", "name": "tempest-VolumesDeleteCascade-Volume-308554469", "description": null, "volume_type": "arcusfc1", "snapshot_id": null, "source_volid": null, "metadata": {}, "links": [{"rel": "self", "href": "http://10.132.44.209/volume/v3/volumes/f7f5a194-597c-4ca6-85ec-fe057b34242c"}, {"rel": "bookmark", "href": "http://10.132.44.209/volume/volumes/f7f5a194-597c-4ca6-85ec-fe057b34242c"}], "user_id": "0495918e1ed64bbb937615df1f938f30", "bootable": "false", "encrypted": false, "replication_status": null, "consistencygroup_id": null, "multiattach": false, "attachments": [], "os-vol-tenant-attr:tenant_id": "f92c30465503415cbc00028e1055323b"}}'
2026-03-26 11:03:55,679 129489 INFO     [tempest.lib.common.rest_client] Request (VolumesDeleteCascade:test_volume_from_snapshot_cascade_delete): 200 GET http://10.132.44.209/volume/v3/volumes/f7f5a194-597c-4ca6-85ec-fe057b34242c 0.039s
2026-03-26 11:03:55,680 129489 DEBUG    [tempest.lib.common.rest_client] Request - Headers: {'Content-Type': 'application/json', 'Accept': 'application/json', 'X-Auth-Token': '<omitted>'}
        Body: None
    Response - Headers: {'date': 'Thu, 26 Mar 2026 11:03:55 GMT', 'server': 'Apache/2.4.58 (Ubuntu)', 'content-type': 'application/json', 'x-compute-request-id': 'req-cf4bb832-cb7a-48ba-b5cd-1973168ffb97', 'content-length': '846', 'openstack-api-version': 'volume 3.0', 'vary': 'OpenStack-API-Version', 'x-openstack-request-id': 'req-cf4bb832-cb7a-48ba-b5cd-1973168ffb97', 'connection': 'close', 'status': '200', 'content-location': 'http://10.132.44.209/volume/v3/volumes/f7f5a194-597c-4ca6-85ec-fe057b34242c'}
        Body: b'{"volume": {"id": "f7f5a194-597c-4ca6-85ec-fe057b34242c", "status": "deleting", "size": 1, "availability_zone": "nova", "created_at": "2026-03-26T11:03:47.000000", "updated_at": "2026-03-26T11:03:50.000000", "name": "tempest-VolumesDeleteCascade-Volume-308554469", "d
    escription": null, "volume_type": "arcusfc1", "snapshot_id": null, "source_volid": null, "metadata": {}, "links": [{"rel": "self", "href": "http://10.132.44.209/volume/v3/volumes/f7f5a194-597c-4ca6-85ec-fe057b34242c"}, {"rel": "bookmark", "href": "http://10.132.44.209/volume/volumes/f7f5a194-597c-4ca6-85ec-fe057b34242c"}], "user_id": "0495918e1ed64bbb937615df1f938f30", "bootable": "false", "encrypted": false, "replication_status": null, "consistencygroup_id": null, "multiattach": false, "attachments": [], "os-vol-tenant-attr:tenant_id": "f92c30465503415cbc00028e1055323b"}}'
2026-03-26 11:03:56,732 129489 INFO     [tempest.lib.common.rest_client] Request (VolumesDeleteCascade:test_volume_from_snapshot_cascade_delete): 200 GET http://10.132.44.209/volume/v3/volumes/f7f5a194-597c-4ca6-85ec-fe057b34242c 0.037s
2026-03-26 11:03:56,732 129489 DEBUG    [tempest.lib.common.rest_client] Request - Headers: {'Content-Type': 'application/json', 'Accept': 'application/json', 'X-Auth-Token': '<omitted>'}
        Body: None
    Response - Headers: {'date': 'Thu, 26 Mar 2026 11:03:56 GMT', 'server': 'Apache/2.4.58 (Ubuntu)', 'content-type': 'application/json', 'x-compute-request-id': 'req-e4f1763a-74bf-4049-8beb-4f85b1034550', 'content-length': '846', 'openstack-api-version': 'volume 3.0', 'vary': 'OpenStack-API-Version', 'x-openstack-request-id': 'req-e4f1763a-74bf-4049-8beb-4f85b1034550', 'connection': 'close', 'status': '200', 'content-location': 'http://10.132.44.209/volume/v3/volumes/f7f5a194-597c-4ca6-85ec-fe057b34242c'}
        Body: b'{"volume": {"id": "f7f5a194-597c-4ca6-85ec-fe057b34242c", "status": "deleting", "size": 1, "availability_zone": "nova", "created_at": "2026-03-26T11:03:47.000000", "updated_at": "2026-03-26T11:03:50.000000", "name": "tempest-VolumesDeleteCascade-Volume-308554469", "description": null, "volume_type": "arcusfc1", "snapshot_id": null, "source_volid": null, "metadata": {}, "links": [{"rel": "self", "href": "http://10.132.44.209/volume/v3/volumes/f7f5a194-597c-4ca6-85ec-fe057b34242c"}, {"rel": "bookmark", "href": "http://10.132.44.209/volume/volumes/f7f5a194-597c-4ca6-85ec-fe057b34242c"}], "user_id": "0495918e1ed64bbb937615df1f938f30", "bootable": "false", "encrypted": false, "replication_status": null, "consistencygroup_id": null, "multiattach": false, "attachments": [], "os-vol-tenant-attr:tenant_id": "f92c30465503415cbc00028e1055323b"}}'
2026-03-26 11:03:57,780 129489 INFO     [tempest.lib.common.rest_client] Request (VolumesDeleteCascade:test_volume_from_snapshot_cascade_delete): 200 GET http://10.132.44.209/volume/v3/volumes/f7f5a194-597c-4ca6-85ec-fe057b34242c 0.041s
2026-03-26 11:03:57,780 129489 DEBUG    [tempest.lib.common.rest_client] Request - Headers: {'Content-Type': 'application/json', 'Accept': 'application/json', 'X-Auth-Token': '<omitted>'}
        Body: None
    Response - Headers: {'date': 'Thu, 26 Mar 2026 11:03:57 GMT', 'server': 'Apache/2.4.58 (Ubuntu)', 'content-type': 'application/json', 'x-compute-request-id': 'req-62ba905d-ebdc-4852-b4bf-d74a2284b0a6', 'content-length': '846', 'openstack-api-version': 'volume 3.0', 'vary': 'OpenStack-API-Version', 'x-openstack-request-id': 'req-62ba905d-ebdc-4852-b4bf-d74a2284b0a6', 'connection': 'close', 'status': '200', 'content-location': 'http://10.132.44.209/volume/v3/volumes/f7f5a194-597c-4ca6-85ec-fe057b34242c'}
        Body: b'{"volume": {"id": "f7f5a194-597c-4ca6-85ec-fe057b34242c", "status": "deleting", "size": 1, "availability_zone": "nova", "created_at": "2026-03-26T11:03:47.000000", "updated_at": "2026-03-26T11:03:50.000000", "name": "tempest-VolumesDeleteCascade-Volume-308554469", "description": null, "volume_type": "arcusfc1", "snapshot_id": null, "source_volid": null, "metadata": {}, "links": [{"rel": "self", "href": "http://10.132.44.209/volume/v3/volumes/f7f5a194-597c-4ca6-85ec-fe057b34242c"}, {"rel": "bookmark", "href": "http://10.132.44.209/volume/volumes/f7f5a194-597c-4ca6-85ec-fe057b34242c"}], "user_id": "0495918e1ed64bbb937615df1f938f30", "bootable": "false", "encrypted": false, "replication_status": null, "consistencygro
    up_id": null, "multiattach": false, "attachments": [], "os-vol-tenant-attr:tenant_id": "f92c30465503415cbc00028e1055323b"}}'
2026-03-26 11:03:58,835 129489 INFO     [tempest.lib.common.rest_client] Request (VolumesDeleteCascade:test_volume_from_snapshot_cascade_delete): 200 GET http://10.132.44.209/volume/v3/volumes/f7f5a194-597c-4ca6-85ec-fe057b34242c 0.045s
2026-03-26 11:03:58,835 129489 DEBUG    [tempest.lib.common.rest_client] Request - Headers: {'Content-Type': 'application/json', 'Accept': 'application/json', 'X-Auth-Token': '<omitted>'}
        Body: None
    Response - Headers: {'date': 'Thu, 26 Mar 2026 11:03:58 GMT', 'server': 'Apache/2.4.58 (Ubuntu)', 'content-type': 'application/json', 'x-compute-request-id': 'req-cc53d870-338d-41df-965e-9ee2b7c29abe', 'content-length': '846', 'openstack-api-version': 'volume 3.0', 'vary': 'OpenStack-API-Version', 'x-openstack-request-id': 'req-cc53d870-338d-41df-965e-9ee2b7c29abe', 'connection': 'close', 'status': '200', 'content-location': 'http://10.132.44.209/volume/v3/volumes/f7f5a194-597c-4ca6-85ec-fe057b34242c'}
        Body: b'{"volume": {"id": "f7f5a194-597c-4ca6-85ec-fe057b34242c", "status": "deleting", "size": 1, "availability_zone": "nova", "created_at": "2026-03-26T11:03:47.000000", "updated_at": "2026-03-26T11:03:50.000000", "name": "tempest-VolumesDeleteCascade-Volume-308554469", "description": null, "volume_type": "arcusfc1", "snapshot_id": null, "source_volid": null, "metadata": {}, "links": [{"rel": "self", "href": "http://10.132.44.209/volume/v3/volumes/f7f5a194-597c-4ca6-85ec-fe057b34242c"}, {"rel": "bookmark", "href": "http://10.132.44.209/volume/volumes/f7f5a194-597c-4ca6-85ec-fe057b34242c"}], "user_id": "0495918e1ed64bbb937615df1f938f30", "bootable": "false", "encrypted": false, "replication_status": null, "consistencygroup_id": null, "multiattach": false, "attachments": [], "os-vol-tenant-attr:tenant_id": "f92c30465503415cbc00028e1055323b"}}'
2026-03-26 11:03:59,884 129489 INFO     [tempest.lib.common.rest_client] Request (VolumesDeleteCascade:test_volume_from_snapshot_cascade_delete): 200 GET http://10.132.44.209/volume/v3/volumes/f7f5a194-597c-4ca6-85ec-fe057b34242c 0.041s
2026-03-26 11:03:59,884 129489 DEBUG    [tempest.lib.common.rest_client] Request - Headers: {'Content-Type': 'application/json', 'Accept': 'application/json', 'X-Auth-Token': '<omitted>'}
        Body: None
    Response - Headers: {'date': 'Thu, 26 Mar 2026 11:03:59 GMT', 'server': 'Apache/2.4.58 (Ubuntu)', 'content-type': 'application/json', 'x-compute-request-id': 'req-a2b426ab-84ff-4402-8c57-4aad27837a78', 'content-length': '846', 'openstack-api-version': 'volume 3.0', 'vary': 'OpenStack-API-Version', 'x-openstack-request-id': 'req-a2b426ab-84ff-4402-8c57-4aad27837a78', 'connection': 'close', 'status': '200', 'content-location': 'http://10.132.44.209/volume/v3/volumes/f7f5a194-597c-4ca6-85ec-fe057b34242c'}
        Body: b'{"volume": {"id": "f7f5a194-597c-4ca6-85ec-fe057b34242c", "status": "deleting", "size": 1, "availability_zone": "nova", "created_at": "2026-03-26T11:03:47.000000", "updated_at": "2026-03-26T11:03:50.000000", "name": "tempest-VolumesDeleteCascade-Volume-308554469", "description": null, "volume_type": "arcusfc1", "snapshot_id": null, "source_volid": null, "metadata": {}, "links": [{"rel": "self", "href": "http://10.132.44.209/volume/v3/volumes/f7f5a194-597c-4ca6-85ec-fe057b34242c"}, {"rel": "bookmark", "href": "http://10.132.44.209/volume/volumes/f7f5a194-597c-4ca6-85ec-fe057b34242c"}], "user_id": "0495918e1ed64bbb937615df1f938f30", "bootable": "false", "encrypted": false, "replication_status": null, "consistencygroup_id": null, "multiattach": false, "attachments": [], "os-vol-tenant-attr:tenant_id": "f92c30465503415cbc00028e1055323b"}}'
2026-03-26 11:04:00,939 129489 INFO     [tempest.lib.common.rest_client] Request (VolumesDeleteCascade:test_volume_from_snapshot_cascade_delete): 200 GET http://10.132.44.209/volume/v3/volumes/f7f5a194-597c-4ca6-85ec-fe057b34242c 0.045s
2026-03-26 11:04:00,940 129489 DEBUG    [tempest.lib.common.rest_client] Request - Headers: {'
    Content-Type': 'application/json', 'Accept': 'application/json', 'X-Auth-Token': '<omitted>'}
        Body: None
    Response - Headers: {'date': 'Thu, 26 Mar 2026 11:04:00 GMT', 'server': 'Apache/2.4.58 (Ubuntu)', 'content-type': 'application/json', 'x-compute-request-id': 'req-1cc7ec7a-0735-4932-88b6-71ff9c46fcaf', 'content-length': '846', 'openstack-api-version': 'volume 3.0', 'vary': 'OpenStack-API-Version', 'x-openstack-request-id': 'req-1cc7ec7a-0735-4932-88b6-71ff9c46fcaf', 'connection': 'close', 'status': '200', 'content-location': 'http://10.132.44.209/volume/v3/volumes/f7f5a194-597c-4ca6-85ec-fe057b34242c'}
        Body: b'{"volume": {"id": "f7f5a194-597c-4ca6-85ec-fe057b34242c", "status": "deleting", "size": 1, "availability_zone": "nova", "created_at": "2026-03-26T11:03:47.000000", "updated_at": "2026-03-26T11:03:50.000000", "name": "tempest-VolumesDeleteCascade-Volume-308554469", "description": null, "volume_type": "arcusfc1", "snapshot_id": null, "source_volid": null, "metadata": {}, "links": [{"rel": "self", "href": "http://10.132.44.209/volume/v3/volumes/f7f5a194-597c-4ca6-85ec-fe057b34242c"}, {"rel": "bookmark", "href": "http://10.132.44.209/volume/volumes/f7f5a194-597c-4ca6-85ec-fe057b34242c"}], "user_id": "0495918e1ed64bbb937615df1f938f30", "bootable": "false", "encrypted": false, "replication_status": null, "consistencygroup_id": null, "multiattach": false, "attachments": [], "os-vol-tenant-attr:tenant_id": "f92c30465503415cbc00028e1055323b"}}'
2026-03-26 11:04:01,997 129489 INFO     [tempest.lib.common.rest_client] Request (VolumesDeleteCascade:test_volume_from_snapshot_cascade_delete): 200 GET http://10.132.44.209/volume/v3/volumes/f7f5a194-597c-4ca6-85ec-fe057b34242c 0.044s
2026-03-26 11:04:01,998 129489 DEBUG    [tempest.lib.common.rest_client] Request - Headers: {'Content-Type': 'application/json', 'Accept': 'application/json', 'X-Auth-Token': '<omitted>'}
        Body: None
    Response - Headers: {'date': 'Thu, 26 Mar 2026 11:04:01 GMT', 'server': 'Apache/2.4.58 (Ubuntu)', 'content-type': 'application/json', 'x-compute-request-id': 'req-98c3d48a-e735-473c-b2e2-5d07ab49c139', 'content-length': '846', 'openstack-api-version': 'volume 3.0', 'vary': 'OpenStack-API-Version', 'x-openstack-request-id': 'req-98c3d48a-e735-473c-b2e2-5d07ab49c139', 'connection': 'close', 'status': '200', 'content-location': 'http://10.132.44.209/volume/v3/volumes/f7f5a194-597c-4ca6-85ec-fe057b34242c'}
        Body: b'{"volume": {"id": "f7f5a194-597c-4ca6-85ec-fe057b34242c", "status": "deleting", "size": 1, "availability_zone": "nova", "created_at": "2026-03-26T11:03:47.000000", "updated_at": "2026-03-26T11:03:50.000000", "name": "tempest-VolumesDeleteCascade-Volume-308554469", "description": null, "volume_type": "arcusfc1", "snapshot_id": null, "source_volid": null, "metadata": {}, "links": [{"rel": "self", "href": "http://10.132.44.209/volume/v3/volumes/f7f5a194-597c-4ca6-85ec-fe057b34242c"}, {"rel": "bookmark", "href": "http://10.132.44.209/volume/volumes/f7f5a194-597c-4ca6-85ec-fe057b34242c"}], "user_id": "0495918e1ed64bbb937615df1f938f30", "bootable": "false", "encrypted": false, "replication_status": null, "consistencygroup_id": null, "multiattach": false, "attachments": [], "os-vol-tenant-attr:tenant_id": "f92c30465503415cbc00028e1055323b"}}'
2026-03-26 11:04:03,051 129489 INFO     [tempest.lib.common.rest_client] Request (VolumesDeleteCascade:test_volume_from_snapshot_cascade_delete): 200 GET http://10.132.44.209/volume/v3/volumes/f7f5a194-597c-4ca6-85ec-fe057b34242c 0.039s
2026-03-26 11:04:03,052 129489 DEBUG    [tempest.lib.common.rest_client] Request - Headers: {'Content-Type': 'application/json', 'Accept': 'application/json', 'X-Auth-Token': '<omitted>'}
        Body: None
    Response - Headers: {'date': 'Thu, 26 Mar 2026 11:04:03 GMT', 'server': 'Apache/2.4.58 (Ubuntu)', 'content-type': 'application/json', 'x-compute-request-id': 'req-d2c59db4-ec09-4031-8df4-e3d9667cc14a', 'content-length': '846', 'openstack-api-version': 'volume 3.0', 'vary': 'OpenStack-API-Version', 'x-openstack-request-id': 'req-d2c59db4-
    ec09-4031-8df4-e3d9667cc14a', 'connection': 'close', 'status': '200', 'content-location': 'http://10.132.44.209/volume/v3/volumes/f7f5a194-597c-4ca6-85ec-fe057b34242c'}
        Body: b'{"volume": {"id": "f7f5a194-597c-4ca6-85ec-fe057b34242c", "status": "deleting", "size": 1, "availability_zone": "nova", "created_at": "2026-03-26T11:03:47.000000", "updated_at": "2026-03-26T11:03:50.000000", "name": "tempest-VolumesDeleteCascade-Volume-308554469", "description": null, "volume_type": "arcusfc1", "snapshot_id": null, "source_volid": null, "metadata": {}, "links": [{"rel": "self", "href": "http://10.132.44.209/volume/v3/volumes/f7f5a194-597c-4ca6-85ec-fe057b34242c"}, {"rel": "bookmark", "href": "http://10.132.44.209/volume/volumes/f7f5a194-597c-4ca6-85ec-fe057b34242c"}], "user_id": "0495918e1ed64bbb937615df1f938f30", "bootable": "false", "encrypted": false, "replication_status": null, "consistencygroup_id": null, "multiattach": false, "attachments": [], "os-vol-tenant-attr:tenant_id": "f92c30465503415cbc00028e1055323b"}}'
2026-03-26 11:04:04,109 129489 INFO     [tempest.lib.common.rest_client] Request (VolumesDeleteCascade:test_volume_from_snapshot_cascade_delete): 200 GET http://10.132.44.209/volume/v3/volumes/f7f5a194-597c-4ca6-85ec-fe057b34242c 0.044s
2026-03-26 11:04:04,109 129489 DEBUG    [tempest.lib.common.rest_client] Request - Headers: {'Content-Type': 'application/json', 'Accept': 'application/json', 'X-Auth-Token': '<omitted>'}
        Body: None
    Response - Headers: {'date': 'Thu, 26 Mar 2026 11:04:04 GMT', 'server': 'Apache/2.4.58 (Ubuntu)', 'content-type': 'application/json', 'x-compute-request-id': 'req-a15200d0-756b-4a26-98d1-76a79a775760', 'content-length': '846', 'openstack-api-version': 'volume 3.0', 'vary': 'OpenStack-API-Version', 'x-openstack-request-id': 'req-a15200d0-756b-4a26-98d1-76a79a775760', 'connection': 'close', 'status': '200', 'content-location': 'http://10.132.44.209/volume/v3/volumes/f7f5a194-597c-4ca6-85ec-fe057b34242c'}
        Body: b'{"volume": {"id": "f7f5a194-597c-4ca6-85ec-fe057b34242c", "status": "deleting", "size": 1, "availability_zone": "nova", "created_at": "2026-03-26T11:03:47.000000", "updated_at": "2026-03-26T11:03:50.000000", "name": "tempest-VolumesDeleteCascade-Volume-308554469", "description": null, "volume_type": "arcusfc1", "snapshot_id": null, "source_volid": null, "metadata": {}, "links": [{"rel": "self", "href": "http://10.132.44.209/volume/v3/volumes/f7f5a194-597c-4ca6-85ec-fe057b34242c"}, {"rel": "bookmark", "href": "http://10.132.44.209/volume/volumes/f7f5a194-597c-4ca6-85ec-fe057b34242c"}], "user_id": "0495918e1ed64bbb937615df1f938f30", "bootable": "false", "encrypted": false, "replication_status": null, "consistencygroup_id": null, "multiattach": false, "attachments": [], "os-vol-tenant-attr:tenant_id": "f92c30465503415cbc00028e1055323b"}}'
2026-03-26 11:04:05,155 129489 INFO     [tempest.lib.common.rest_client] Request (VolumesDeleteCascade:test_volume_from_snapshot_cascade_delete): 200 GET http://10.132.44.209/volume/v3/volumes/f7f5a194-597c-4ca6-85ec-fe057b34242c 0.037s
2026-03-26 11:04:05,156 129489 DEBUG    [tempest.lib.common.rest_client] Request - Headers: {'Content-Type': 'application/json', 'Accept': 'application/json', 'X-Auth-Token': '<omitted>'}
        Body: None
    Response - Headers: {'date': 'Thu, 26 Mar 2026 11:04:05 GMT', 'server': 'Apache/2.4.58 (Ubuntu)', 'content-type': 'application/json', 'x-compute-request-id': 'req-59a874b0-88cf-4416-9f35-e4ce2179bba7', 'content-length': '846', 'openstack-api-version': 'volume 3.0', 'vary': 'OpenStack-API-Version', 'x-openstack-request-id': 'req-59a874b0-88cf-4416-9f35-e4ce2179bba7', 'connection': 'close', 'status': '200', 'content-location': 'http://10.132.44.209/volume/v3/volumes/f7f5a194-597c-4ca6-85ec-fe057b34242c'}
        Body: b'{"volume": {"id": "f7f5a194-597c-4ca6-85ec-fe057b34242c", "status": "deleting", "size": 1, "availability_zone": "nova", "created_at": "2026-03-26T11:03:47.000000", "updated_at": "2026-03-26T11:03:50.000000", "name": "tempest-VolumesDeleteCascade-Volume-308554469", "descr
    iption": null, "volume_type": "arcusfc1", "snapshot_id": null, "source_volid": null, "metadata": {}, "links": [{"rel": "self", "href": "http://10.132.44.209/volume/v3/volumes/f7f5a194-597c-4ca6-85ec-fe057b34242c"}, {"rel": "bookmark", "href": "http://10.132.44.209/volume/volumes/f7f5a194-597c-4ca6-85ec-fe057b34242c"}], "user_id": "0495918e1ed64bbb937615df1f938f30", "bootable": "false", "encrypted": false, "replication_status": null, "consistencygroup_id": null, "multiattach": false, "attachments": [], "os-vol-tenant-attr:tenant_id": "f92c30465503415cbc00028e1055323b"}}'
2026-03-26 11:04:06,209 129489 INFO     [tempest.lib.common.rest_client] Request (VolumesDeleteCascade:test_volume_from_snapshot_cascade_delete): 200 GET http://10.132.44.209/volume/v3/volumes/f7f5a194-597c-4ca6-85ec-fe057b34242c 0.043s
2026-03-26 11:04:06,209 129489 DEBUG    [tempest.lib.common.rest_client] Request - Headers: {'Content-Type': 'application/json', 'Accept': 'application/json', 'X-Auth-Token': '<omitted>'}
        Body: None
    Response - Headers: {'date': 'Thu, 26 Mar 2026 11:04:06 GMT', 'server': 'Apache/2.4.58 (Ubuntu)', 'content-type': 'application/json', 'x-compute-request-id': 'req-cd4d0a80-7524-4089-9740-13427550404f', 'content-length': '846', 'openstack-api-version': 'volume 3.0', 'vary': 'OpenStack-API-Version', 'x-openstack-request-id': 'req-cd4d0a80-7524-4089-9740-13427550404f', 'connection': 'close', 'status': '200', 'content-location': 'http://10.132.44.209/volume/v3/volumes/f7f5a194-597c-4ca6-85ec-fe057b34242c'}
        Body: b'{"volume": {"id": "f7f5a194-597c-4ca6-85ec-fe057b34242c", "status": "deleting", "size": 1, "availability_zone": "nova", "created_at": "2026-03-26T11:03:47.000000", "updated_at": "2026-03-26T11:03:50.000000", "name": "tempest-VolumesDeleteCascade-Volume-308554469", "description": null, "volume_type": "arcusfc1", "snapshot_id": null, "source_volid": null, "metadata": {}, "links": [{"rel": "self", "href": "http://10.132.44.209/volume/v3/volumes/f7f5a194-597c-4ca6-85ec-fe057b34242c"}, {"rel": "bookmark", "href": "http://10.132.44.209/volume/volumes/f7f5a194-597c-4ca6-85ec-fe057b34242c"}], "user_id": "0495918e1ed64bbb937615df1f938f30", "bootable": "false", "encrypted": false, "replication_status": null, "consistencygroup_id": null, "multiattach": false, "attachments": [], "os-vol-tenant-attr:tenant_id": "f92c30465503415cbc00028e1055323b"}}'
2026-03-26 11:04:07,259 129489 INFO     [tempest.lib.common.rest_client] Request (VolumesDeleteCascade:test_volume_from_snapshot_cascade_delete): 200 GET http://10.132.44.209/volume/v3/volumes/f7f5a194-597c-4ca6-85ec-fe057b34242c 0.037s
2026-03-26 11:04:07,260 129489 DEBUG    [tempest.lib.common.rest_client] Request - Headers: {'Content-Type': 'application/json', 'Accept': 'application/json', 'X-Auth-Token': '<omitted>'}
        Body: None
    Response - Headers: {'date': 'Thu, 26 Mar 2026 11:04:07 GMT', 'server': 'Apache/2.4.58 (Ubuntu)', 'content-type': 'application/json', 'x-compute-request-id': 'req-937d7e25-0842-4273-9949-5398e4f4fd18', 'content-length': '846', 'openstack-api-version': 'volume 3.0', 'vary': 'OpenStack-API-Version', 'x-openstack-request-id': 'req-937d7e25-0842-4273-9949-5398e4f4fd18', 'connection': 'close', 'status': '200', 'content-location': 'http://10.132.44.209/volume/v3/volumes/f7f5a194-597c-4ca6-85ec-fe057b34242c'}
        Body: b'{"volume": {"id": "f7f5a194-597c-4ca6-85ec-fe057b34242c", "status": "deleting", "size": 1, "availability_zone": "nova", "created_at": "2026-03-26T11:03:47.000000", "updated_at": "2026-03-26T11:03:50.000000", "name": "tempest-VolumesDeleteCascade-Volume-308554469", "description": null, "volume_type": "arcusfc1", "snapshot_id": null, "source_volid": null, "metadata": {}, "links": [{"rel": "self", "href": "http://10.132.44.209/volume/v3/volumes/f7f5a194-597c-4ca6-85ec-fe057b34242c"}, {"rel": "bookmark", "href": "http://10.132.44.209/volume/volumes/f7f5a194-597c-4ca6-85ec-fe057b34242c"}], "user_id": "0495918e1ed64bbb937615df1f938f30", "bootable": "false", "encrypted": false, "replication_status": null, "consistencygroup_i
    d": null, "multiattach": false, "attachments": [], "os-vol-tenant-attr:tenant_id": "f92c30465503415cbc00028e1055323b"}}'
2026-03-26 11:04:08,307 129489 INFO     [tempest.lib.common.rest_client] Request (VolumesDeleteCascade:test_volume_from_snapshot_cascade_delete): 200 GET http://10.132.44.209/volume/v3/volumes/f7f5a194-597c-4ca6-85ec-fe057b34242c 0.039s
2026-03-26 11:04:08,307 129489 DEBUG    [tempest.lib.common.rest_client] Request - Headers: {'Content-Type': 'application/json', 'Accept': 'application/json', 'X-Auth-Token': '<omitted>'}
        Body: None
    Response - Headers: {'date': 'Thu, 26 Mar 2026 11:04:08 GMT', 'server': 'Apache/2.4.58 (Ubuntu)', 'content-type': 'application/json', 'x-compute-request-id': 'req-78d68c04-d714-4e7c-9c7f-cd8e73ab5ae9', 'content-length': '846', 'openstack-api-version': 'volume 3.0', 'vary': 'OpenStack-API-Version', 'x-openstack-request-id': 'req-78d68c04-d714-4e7c-9c7f-cd8e73ab5ae9', 'connection': 'close', 'status': '200', 'content-location': 'http://10.132.44.209/volume/v3/volumes/f7f5a194-597c-4ca6-85ec-fe057b34242c'}
        Body: b'{"volume": {"id": "f7f5a194-597c-4ca6-85ec-fe057b34242c", "status": "deleting", "size": 1, "availability_zone": "nova", "created_at": "2026-03-26T11:03:47.000000", "updated_at": "2026-03-26T11:03:50.000000", "name": "tempest-VolumesDeleteCascade-Volume-308554469", "description": null, "volume_type": "arcusfc1", "snapshot_id": null, "source_volid": null, "metadata": {}, "links": [{"rel": "self", "href": "http://10.132.44.209/volume/v3/volumes/f7f5a194-597c-4ca6-85ec-fe057b34242c"}, {"rel": "bookmark", "href": "http://10.132.44.209/volume/volumes/f7f5a194-597c-4ca6-85ec-fe057b34242c"}], "user_id": "0495918e1ed64bbb937615df1f938f30", "bootable": "false", "encrypted": false, "replication_status": null, "consistencygroup_id": null, "multiattach": false, "attachments": [], "os-vol-tenant-attr:tenant_id": "f92c30465503415cbc00028e1055323b"}}'
2026-03-26 11:04:09,350 129489 INFO     [tempest.lib.common.rest_client] Request (VolumesDeleteCascade:test_volume_from_snapshot_cascade_delete): 200 GET http://10.132.44.209/volume/v3/volumes/f7f5a194-597c-4ca6-85ec-fe057b34242c 0.031s
2026-03-26 11:04:09,350 129489 DEBUG    [tempest.lib.common.rest_client] Request - Headers: {'Content-Type': 'application/json', 'Accept': 'application/json', 'X-Auth-Token': '<omitted>'}
        Body: None
    Response - Headers: {'date': 'Thu, 26 Mar 2026 11:04:09 GMT', 'server': 'Apache/2.4.58 (Ubuntu)', 'content-type': 'application/json', 'x-compute-request-id': 'req-67995c26-d390-4637-90d3-0b8a1c254788', 'content-length': '846', 'openstack-api-version': 'volume 3.0', 'vary': 'OpenStack-API-Version', 'x-openstack-request-id': 'req-67995c26-d390-4637-90d3-0b8a1c254788', 'connection': 'close', 'status': '200', 'content-location': 'http://10.132.44.209/volume/v3/volumes/f7f5a194-597c-4ca6-85ec-fe057b34242c'}
        Body: b'{"volume": {"id": "f7f5a194-597c-4ca6-85ec-fe057b34242c", "status": "deleting", "size": 1, "availability_zone": "nova", "created_at": "2026-03-26T11:03:47.000000", "updated_at": "2026-03-26T11:03:50.000000", "name": "tempest-VolumesDeleteCascade-Volume-308554469", "description": null, "volume_type": "arcusfc1", "snapshot_id": null, "source_volid": null, "metadata": {}, "links": [{"rel": "self", "href": "http://10.132.44.209/volume/v3/volumes/f7f5a194-597c-4ca6-85ec-fe057b34242c"}, {"rel": "bookmark", "href": "http://10.132.44.209/volume/volumes/f7f5a194-597c-4ca6-85ec-fe057b34242c"}], "user_id": "0495918e1ed64bbb937615df1f938f30", "bootable": "false", "encrypted": false, "replication_status": null, "consistencygroup_id": null, "multiattach": false, "attachments": [], "os-vol-tenant-attr:tenant_id": "f92c30465503415cbc00028e1055323b"}}'
2026-03-26 11:04:10,408 129489 INFO     [tempest.lib.common.rest_client] Request (VolumesDeleteCascade:test_volume_from_snapshot_cascade_delete): 200 GET http://10.132.44.209/volume/v3/volumes/f7f5a194-597c-4ca6-85ec-fe057b34242c 0.050s
2026-03-26 11:04:10,408 129489 DEBUG    [tempest.lib.common.rest_client] Request - Headers: {'Cont
    ent-Type': 'application/json', 'Accept': 'application/json', 'X-Auth-Token': '<omitted>'}
        Body: None
    Response - Headers: {'date': 'Thu, 26 Mar 2026 11:04:10 GMT', 'server': 'Apache/2.4.58 (Ubuntu)', 'content-type': 'application/json', 'x-compute-request-id': 'req-83b5815f-12c5-4397-9076-80771530dc62', 'content-length': '846', 'openstack-api-version': 'volume 3.0', 'vary': 'OpenStack-API-Version', 'x-openstack-request-id': 'req-83b5815f-12c5-4397-9076-80771530dc62', 'connection': 'close', 'status': '200', 'content-location': 'http://10.132.44.209/volume/v3/volumes/f7f5a194-597c-4ca6-85ec-fe057b34242c'}
        Body: b'{"volume": {"id": "f7f5a194-597c-4ca6-85ec-fe057b34242c", "status": "deleting", "size": 1, "availability_zone": "nova", "created_at": "2026-03-26T11:03:47.000000", "updated_at": "2026-03-26T11:03:50.000000", "name": "tempest-VolumesDeleteCascade-Volume-308554469", "description": null, "volume_type": "arcusfc1", "snapshot_id": null, "source_volid": null, "metadata": {}, "links": [{"rel": "self", "href": "http://10.132.44.209/volume/v3/volumes/f7f5a194-597c-4ca6-85ec-fe057b34242c"}, {"rel": "bookmark", "href": "http://10.132.44.209/volume/volumes/f7f5a194-597c-4ca6-85ec-fe057b34242c"}], "user_id": "0495918e1ed64bbb937615df1f938f30", "bootable": "false", "encrypted": false, "replication_status": null, "consistencygroup_id": null, "multiattach": false, "attachments": [], "os-vol-tenant-attr:tenant_id": "f92c30465503415cbc00028e1055323b"}}'
2026-03-26 11:04:11,460 129489 INFO     [tempest.lib.common.rest_client] Request (VolumesDeleteCascade:test_volume_from_snapshot_cascade_delete): 200 GET http://10.132.44.209/volume/v3/volumes/f7f5a194-597c-4ca6-85ec-fe057b34242c 0.041s
2026-03-26 11:04:11,460 129489 DEBUG    [tempest.lib.common.rest_client] Request - Headers: {'Content-Type': 'application/json', 'Accept': 'application/json', 'X-Auth-Token': '<omitted>'}
        Body: None
    Response - Headers: {'date': 'Thu, 26 Mar 2026 11:04:11 GMT', 'server': 'Apache/2.4.58 (Ubuntu)', 'content-type': 'application/json', 'x-compute-request-id': 'req-c14ba2b2-5d66-40c6-bef7-fe497868fcef', 'content-length': '846', 'openstack-api-version': 'volume 3.0', 'vary': 'OpenStack-API-Version', 'x-openstack-request-id': 'req-c14ba2b2-5d66-40c6-bef7-fe497868fcef', 'connection': 'close', 'status': '200', 'content-location': 'http://10.132.44.209/volume/v3/volumes/f7f5a194-597c-4ca6-85ec-fe057b34242c'}
        Body: b'{"volume": {"id": "f7f5a194-597c-4ca6-85ec-fe057b34242c", "status": "deleting", "size": 1, "availability_zone": "nova", "created_at": "2026-03-26T11:03:47.000000", "updated_at": "2026-03-26T11:03:50.000000", "name": "tempest-VolumesDeleteCascade-Volume-308554469", "description": null, "volume_type": "arcusfc1", "snapshot_id": null, "source_volid": null, "metadata": {}, "links": [{"rel": "self", "href": "http://10.132.44.209/volume/v3/volumes/f7f5a194-597c-4ca6-85ec-fe057b34242c"}, {"rel": "bookmark", "href": "http://10.132.44.209/volume/volumes/f7f5a194-597c-4ca6-85ec-fe057b34242c"}], "user_id": "0495918e1ed64bbb937615df1f938f30", "bootable": "false", "encrypted": false, "replication_status": null, "consistencygroup_id": null, "multiattach": false, "attachments": [], "os-vol-tenant-attr:tenant_id": "f92c30465503415cbc00028e1055323b"}}'
2026-03-26 11:04:12,496 129489 INFO     [tempest.lib.common.rest_client] Request (VolumesDeleteCascade:test_volume_from_snapshot_cascade_delete): 200 GET http://10.132.44.209/volume/v3/volumes/f7f5a194-597c-4ca6-85ec-fe057b34242c 0.028s
2026-03-26 11:04:12,497 129489 DEBUG    [tempest.lib.common.rest_client] Request - Headers: {'Content-Type': 'application/json', 'Accept': 'application/json', 'X-Auth-Token': '<omitted>'}
        Body: None
    Response - Headers: {'date': 'Thu, 26 Mar 2026 11:04:12 GMT', 'server': 'Apache/2.4.58 (Ubuntu)', 'content-type': 'application/json', 'x-compute-request-id': 'req-b8d370ea-8e09-4ef9-bffc-0becf190fc15', 'content-length': '846', 'openstack-api-version': 'volume 3.0', 'vary': 'OpenStack-API-Version', 'x-openstack-request-id': 'req-b8d370ea-8e09
    -4ef9-bffc-0becf190fc15', 'connection': 'close', 'status': '200', 'content-location': 'http://10.132.44.209/volume/v3/volumes/f7f5a194-597c-4ca6-85ec-fe057b34242c'}
        Body: b'{"volume": {"id": "f7f5a194-597c-4ca6-85ec-fe057b34242c", "status": "deleting", "size": 1, "availability_zone": "nova", "created_at": "2026-03-26T11:03:47.000000", "updated_at": "2026-03-26T11:03:50.000000", "name": "tempest-VolumesDeleteCascade-Volume-308554469", "description": null, "volume_type": "arcusfc1", "snapshot_id": null, "source_volid": null, "metadata": {}, "links": [{"rel": "self", "href": "http://10.132.44.209/volume/v3/volumes/f7f5a194-597c-4ca6-85ec-fe057b34242c"}, {"rel": "bookmark", "href": "http://10.132.44.209/volume/volumes/f7f5a194-597c-4ca6-85ec-fe057b34242c"}], "user_id": "0495918e1ed64bbb937615df1f938f30", "bootable": "false", "encrypted": false, "replication_status": null, "consistencygroup_id": null, "multiattach": false, "attachments": [], "os-vol-tenant-attr:tenant_id": "f92c30465503415cbc00028e1055323b"}}'
2026-03-26 11:04:13,543 129489 INFO     [tempest.lib.common.rest_client] Request (VolumesDeleteCascade:test_volume_from_snapshot_cascade_delete): 200 GET http://10.132.44.209/volume/v3/volumes/f7f5a194-597c-4ca6-85ec-fe057b34242c 0.033s
2026-03-26 11:04:13,543 129489 DEBUG    [tempest.lib.common.rest_client] Request - Headers: {'Content-Type': 'application/json', 'Accept': 'application/json', 'X-Auth-Token': '<omitted>'}
        Body: None
    Response - Headers: {'date': 'Thu, 26 Mar 2026 11:04:13 GMT', 'server': 'Apache/2.4.58 (Ubuntu)', 'content-type': 'application/json', 'x-compute-request-id': 'req-e58339ae-9a1c-47d2-8456-22bf24cb42a2', 'content-length': '846', 'openstack-api-version': 'volume 3.0', 'vary': 'OpenStack-API-Version', 'x-openstack-request-id': 'req-e58339ae-9a1c-47d2-8456-22bf24cb42a2', 'connection': 'close', 'status': '200', 'content-location': 'http://10.132.44.209/volume/v3/volumes/f7f5a194-597c-4ca6-85ec-fe057b34242c'}
        Body: b'{"volume": {"id": "f7f5a194-597c-4ca6-85ec-fe057b34242c", "status": "deleting", "size": 1, "availability_zone": "nova", "created_at": "2026-03-26T11:03:47.000000", "updated_at": "2026-03-26T11:03:50.000000", "name": "tempest-VolumesDeleteCascade-Volume-308554469", "description": null, "volume_type": "arcusfc1", "snapshot_id": null, "source_volid": null, "metadata": {}, "links": [{"rel": "self", "href": "http://10.132.44.209/volume/v3/volumes/f7f5a194-597c-4ca6-85ec-fe057b34242c"}, {"rel": "bookmark", "href": "http://10.132.44.209/volume/volumes/f7f5a194-597c-4ca6-85ec-fe057b34242c"}], "user_id": "0495918e1ed64bbb937615df1f938f30", "bootable": "false", "encrypted": false, "replication_status": null, "consistencygroup_id": null, "multiattach": false, "attachments": [], "os-vol-tenant-attr:tenant_id": "f92c30465503415cbc00028e1055323b"}}'
2026-03-26 11:04:14,595 129489 INFO     [tempest.lib.common.rest_client] Request (VolumesDeleteCascade:test_volume_from_snapshot_cascade_delete): 200 GET http://10.132.44.209/volume/v3/volumes/f7f5a194-597c-4ca6-85ec-fe057b34242c 0.044s
2026-03-26 11:04:14,596 129489 DEBUG    [tempest.lib.common.rest_client] Request - Headers: {'Content-Type': 'application/json', 'Accept': 'application/json', 'X-Auth-Token': '<omitted>'}
        Body: None
    Response - Headers: {'date': 'Thu, 26 Mar 2026 11:04:14 GMT', 'server': 'Apache/2.4.58 (Ubuntu)', 'content-type': 'application/json', 'x-compute-request-id': 'req-3577d3a5-99fa-49ce-b42c-487370d44f66', 'content-length': '846', 'openstack-api-version': 'volume 3.0', 'vary': 'OpenStack-API-Version', 'x-openstack-request-id': 'req-3577d3a5-99fa-49ce-b42c-487370d44f66', 'connection': 'close', 'status': '200', 'content-location': 'http://10.132.44.209/volume/v3/volumes/f7f5a194-597c-4ca6-85ec-fe057b34242c'}
        Body: b'{"volume": {"id": "f7f5a194-597c-4ca6-85ec-fe057b34242c", "status": "deleting", "size": 1, "availability_zone": "nova", "created_at": "2026-03-26T11:03:47.000000", "updated_at": "2026-03-26T11:03:50.000000", "name": "tempest-VolumesDeleteCascade-Volume-308554469", "descripti
    on": null, "volume_type": "arcusfc1", "snapshot_id": null, "source_volid": null, "metadata": {}, "links": [{"rel": "self", "href": "http://10.132.44.209/volume/v3/volumes/f7f5a194-597c-4ca6-85ec-fe057b34242c"}, {"rel": "bookmark", "href": "http://10.132.44.209/volume/volumes/f7f5a194-597c-4ca6-85ec-fe057b34242c"}], "user_id": "0495918e1ed64bbb937615df1f938f30", "bootable": "false", "encrypted": false, "replication_status": null, "consistencygroup_id": null, "multiattach": false, "attachments": [], "os-vol-tenant-attr:tenant_id": "f92c30465503415cbc00028e1055323b"}}'
2026-03-26 11:04:15,652 129489 INFO     [tempest.lib.common.rest_client] Request (VolumesDeleteCascade:test_volume_from_snapshot_cascade_delete): 200 GET http://10.132.44.209/volume/v3/volumes/f7f5a194-597c-4ca6-85ec-fe057b34242c 0.042s
2026-03-26 11:04:15,653 129489 DEBUG    [tempest.lib.common.rest_client] Request - Headers: {'Content-Type': 'application/json', 'Accept': 'application/json', 'X-Auth-Token': '<omitted>'}
        Body: None
    Response - Headers: {'date': 'Thu, 26 Mar 2026 11:04:15 GMT', 'server': 'Apache/2.4.58 (Ubuntu)', 'content-type': 'application/json', 'x-compute-request-id': 'req-5276aff7-aad9-40dd-8e1b-143d851bebb3', 'content-length': '846', 'openstack-api-version': 'volume 3.0', 'vary': 'OpenStack-API-Version', 'x-openstack-request-id': 'req-5276aff7-aad9-40dd-8e1b-143d851bebb3', 'connection': 'close', 'status': '200', 'content-location': 'http://10.132.44.209/volume/v3/volumes/f7f5a194-597c-4ca6-85ec-fe057b34242c'}
        Body: b'{"volume": {"id": "f7f5a194-597c-4ca6-85ec-fe057b34242c", "status": "deleting", "size": 1, "availability_zone": "nova", "created_at": "2026-03-26T11:03:47.000000", "updated_at": "2026-03-26T11:03:50.000000", "name": "tempest-VolumesDeleteCascade-Volume-308554469", "description": null, "volume_type": "arcusfc1", "snapshot_id": null, "source_volid": null, "metadata": {}, "links": [{"rel": "self", "href": "http://10.132.44.209/volume/v3/volumes/f7f5a194-597c-4ca6-85ec-fe057b34242c"}, {"rel": "bookmark", "href": "http://10.132.44.209/volume/volumes/f7f5a194-597c-4ca6-85ec-fe057b34242c"}], "user_id": "0495918e1ed64bbb937615df1f938f30", "bootable": "false", "encrypted": false, "replication_status": null, "consistencygroup_id": null, "multiattach": false, "attachments": [], "os-vol-tenant-attr:tenant_id": "f92c30465503415cbc00028e1055323b"}}'
2026-03-26 11:04:16,706 129489 INFO     [tempest.lib.common.rest_client] Request (VolumesDeleteCascade:test_volume_from_snapshot_cascade_delete): 200 GET http://10.132.44.209/volume/v3/volumes/f7f5a194-597c-4ca6-85ec-fe057b34242c 0.041s
2026-03-26 11:04:16,707 129489 DEBUG    [tempest.lib.common.rest_client] Request - Headers: {'Content-Type': 'application/json', 'Accept': 'application/json', 'X-Auth-Token': '<omitted>'}
        Body: None
    Response - Headers: {'date': 'Thu, 26 Mar 2026 11:04:16 GMT', 'server': 'Apache/2.4.58 (Ubuntu)', 'content-type': 'application/json', 'x-compute-request-id': 'req-10be3c54-5415-47ed-8461-93e6f1907c42', 'content-length': '846', 'openstack-api-version': 'volume 3.0', 'vary': 'OpenStack-API-Version', 'x-openstack-request-id': 'req-10be3c54-5415-47ed-8461-93e6f1907c42', 'connection': 'close', 'status': '200', 'content-location': 'http://10.132.44.209/volume/v3/volumes/f7f5a194-597c-4ca6-85ec-fe057b34242c'}
        Body: b'{"volume": {"id": "f7f5a194-597c-4ca6-85ec-fe057b34242c", "status": "deleting", "size": 1, "availability_zone": "nova", "created_at": "2026-03-26T11:03:47.000000", "updated_at": "2026-03-26T11:03:50.000000", "name": "tempest-VolumesDeleteCascade-Volume-308554469", "description": null, "volume_type": "arcusfc1", "snapshot_id": null, "source_volid": null, "metadata": {}, "links": [{"rel": "self", "href": "http://10.132.44.209/volume/v3/volumes/f7f5a194-597c-4ca6-85ec-fe057b34242c"}, {"rel": "bookmark", "href": "http://10.132.44.209/volume/volumes/f7f5a194-597c-4ca6-85ec-fe057b34242c"}], "user_id": "0495918e1ed64bbb937615df1f938f30", "bootable": "false", "encrypted": false, "replication_status": null, "consistencygroup_id": 
    null, "multiattach": false, "attachments": [], "os-vol-tenant-attr:tenant_id": "f92c30465503415cbc00028e1055323b"}}'
2026-03-26 11:04:17,766 129489 INFO     [tempest.lib.common.rest_client] Request (VolumesDeleteCascade:test_volume_from_snapshot_cascade_delete): 200 GET http://10.132.44.209/volume/v3/volumes/f7f5a194-597c-4ca6-85ec-fe057b34242c 0.043s
2026-03-26 11:04:17,767 129489 DEBUG    [tempest.lib.common.rest_client] Request - Headers: {'Content-Type': 'application/json', 'Accept': 'application/json', 'X-Auth-Token': '<omitted>'}
        Body: None
    Response - Headers: {'date': 'Thu, 26 Mar 2026 11:04:17 GMT', 'server': 'Apache/2.4.58 (Ubuntu)', 'content-type': 'application/json', 'x-compute-request-id': 'req-14621b8a-7f27-439b-8a5b-ec192d9d0650', 'content-length': '846', 'openstack-api-version': 'volume 3.0', 'vary': 'OpenStack-API-Version', 'x-openstack-request-id': 'req-14621b8a-7f27-439b-8a5b-ec192d9d0650', 'connection': 'close', 'status': '200', 'content-location': 'http://10.132.44.209/volume/v3/volumes/f7f5a194-597c-4ca6-85ec-fe057b34242c'}
        Body: b'{"volume": {"id": "f7f5a194-597c-4ca6-85ec-fe057b34242c", "status": "deleting", "size": 1, "availability_zone": "nova", "created_at": "2026-03-26T11:03:47.000000", "updated_at": "2026-03-26T11:03:50.000000", "name": "tempest-VolumesDeleteCascade-Volume-308554469", "description": null, "volume_type": "arcusfc1", "snapshot_id": null, "source_volid": null, "metadata": {}, "links": [{"rel": "self", "href": "http://10.132.44.209/volume/v3/volumes/f7f5a194-597c-4ca6-85ec-fe057b34242c"}, {"rel": "bookmark", "href": "http://10.132.44.209/volume/volumes/f7f5a194-597c-4ca6-85ec-fe057b34242c"}], "user_id": "0495918e1ed64bbb937615df1f938f30", "bootable": "false", "encrypted": false, "replication_status": null, "consistencygroup_id": null, "multiattach": false, "attachments": [], "os-vol-tenant-attr:tenant_id": "f92c30465503415cbc00028e1055323b"}}'
2026-03-26 11:04:18,811 129489 INFO     [tempest.lib.common.rest_client] Request (VolumesDeleteCascade:test_volume_from_snapshot_cascade_delete): 200 GET http://10.132.44.209/volume/v3/volumes/f7f5a194-597c-4ca6-85ec-fe057b34242c 0.037s
2026-03-26 11:04:18,812 129489 DEBUG    [tempest.lib.common.rest_client] Request - Headers: {'Content-Type': 'application/json', 'Accept': 'application/json', 'X-Auth-Token': '<omitted>'}
        Body: None
    Response - Headers: {'date': 'Thu, 26 Mar 2026 11:04:18 GMT', 'server': 'Apache/2.4.58 (Ubuntu)', 'content-type': 'application/json', 'x-compute-request-id': 'req-3d138c84-1bda-4c70-bfc7-bb33389a0c78', 'content-length': '846', 'openstack-api-version': 'volume 3.0', 'vary': 'OpenStack-API-Version', 'x-openstack-request-id': 'req-3d138c84-1bda-4c70-bfc7-bb33389a0c78', 'connection': 'close', 'status': '200', 'content-location': 'http://10.132.44.209/volume/v3/volumes/f7f5a194-597c-4ca6-85ec-fe057b34242c'}
        Body: b'{"volume": {"id": "f7f5a194-597c-4ca6-85ec-fe057b34242c", "status": "deleting", "size": 1, "availability_zone": "nova", "created_at": "2026-03-26T11:03:47.000000", "updated_at": "2026-03-26T11:03:50.000000", "name": "tempest-VolumesDeleteCascade-Volume-308554469", "description": null, "volume_type": "arcusfc1", "snapshot_id": null, "source_volid": null, "metadata": {}, "links": [{"rel": "self", "href": "http://10.132.44.209/volume/v3/volumes/f7f5a194-597c-4ca6-85ec-fe057b34242c"}, {"rel": "bookmark", "href": "http://10.132.44.209/volume/volumes/f7f5a194-597c-4ca6-85ec-fe057b34242c"}], "user_id": "0495918e1ed64bbb937615df1f938f30", "bootable": "false", "encrypted": false, "replication_status": null, "consistencygroup_id": null, "multiattach": false, "attachments": [], "os-vol-tenant-attr:tenant_id": "f92c30465503415cbc00028e1055323b"}}'
2026-03-26 11:04:19,854 129489 INFO     [tempest.lib.common.rest_client] Request (VolumesDeleteCascade:test_volume_from_snapshot_cascade_delete): 200 GET http://10.132.44.209/volume/v3/volumes/f7f5a194-597c-4ca6-85ec-fe057b34242c 0.028s
2026-03-26 11:04:19,854 129489 DEBUG    [tempest.lib.common.rest_client] Request - Headers: {'Content-
    Type': 'application/json', 'Accept': 'application/json', 'X-Auth-Token': '<omitted>'}
        Body: None
    Response - Headers: {'date': 'Thu, 26 Mar 2026 11:04:19 GMT', 'server': 'Apache/2.4.58 (Ubuntu)', 'content-type': 'application/json', 'x-compute-request-id': 'req-fda067e6-c51a-4165-bccd-2ae61e471176', 'content-length': '846', 'openstack-api-version': 'volume 3.0', 'vary': 'OpenStack-API-Version', 'x-openstack-request-id': 'req-fda067e6-c51a-4165-bccd-2ae61e471176', 'connection': 'close', 'status': '200', 'content-location': 'http://10.132.44.209/volume/v3/volumes/f7f5a194-597c-4ca6-85ec-fe057b34242c'}
        Body: b'{"volume": {"id": "f7f5a194-597c-4ca6-85ec-fe057b34242c", "status": "deleting", "size": 1, "availability_zone": "nova", "created_at": "2026-03-26T11:03:47.000000", "updated_at": "2026-03-26T11:03:50.000000", "name": "tempest-VolumesDeleteCascade-Volume-308554469", "description": null, "volume_type": "arcusfc1", "snapshot_id": null, "source_volid": null, "metadata": {}, "links": [{"rel": "self", "href": "http://10.132.44.209/volume/v3/volumes/f7f5a194-597c-4ca6-85ec-fe057b34242c"}, {"rel": "bookmark", "href": "http://10.132.44.209/volume/volumes/f7f5a194-597c-4ca6-85ec-fe057b34242c"}], "user_id": "0495918e1ed64bbb937615df1f938f30", "bootable": "false", "encrypted": false, "replication_status": null, "consistencygroup_id": null, "multiattach": false, "attachments": [], "os-vol-tenant-attr:tenant_id": "f92c30465503415cbc00028e1055323b"}}'
2026-03-26 11:04:20,911 129489 INFO     [tempest.lib.common.rest_client] Request (VolumesDeleteCascade:test_volume_from_snapshot_cascade_delete): 200 GET http://10.132.44.209/volume/v3/volumes/f7f5a194-597c-4ca6-85ec-fe057b34242c 0.043s
2026-03-26 11:04:20,912 129489 DEBUG    [tempest.lib.common.rest_client] Request - Headers: {'Content-Type': 'application/json', 'Accept': 'application/json', 'X-Auth-Token': '<omitted>'}
        Body: None
    Response - Headers: {'date': 'Thu, 26 Mar 2026 11:04:20 GMT', 'server': 'Apache/2.4.58 (Ubuntu)', 'content-type': 'application/json', 'x-compute-request-id': 'req-e014585f-2836-455d-a8e8-4fda6e2ba0c6', 'content-length': '846', 'openstack-api-version': 'volume 3.0', 'vary': 'OpenStack-API-Version', 'x-openstack-request-id': 'req-e014585f-2836-455d-a8e8-4fda6e2ba0c6', 'connection': 'close', 'status': '200', 'content-location': 'http://10.132.44.209/volume/v3/volumes/f7f5a194-597c-4ca6-85ec-fe057b34242c'}
        Body: b'{"volume": {"id": "f7f5a194-597c-4ca6-85ec-fe057b34242c", "status": "deleting", "size": 1, "availability_zone": "nova", "created_at": "2026-03-26T11:03:47.000000", "updated_at": "2026-03-26T11:03:50.000000", "name": "tempest-VolumesDeleteCascade-Volume-308554469", "description": null, "volume_type": "arcusfc1", "snapshot_id": null, "source_volid": null, "metadata": {}, "links": [{"rel": "self", "href": "http://10.132.44.209/volume/v3/volumes/f7f5a194-597c-4ca6-85ec-fe057b34242c"}, {"rel": "bookmark", "href": "http://10.132.44.209/volume/volumes/f7f5a194-597c-4ca6-85ec-fe057b34242c"}], "user_id": "0495918e1ed64bbb937615df1f938f30", "bootable": "false", "encrypted": false, "replication_status": null, "consistencygroup_id": null, "multiattach": false, "attachments": [], "os-vol-tenant-attr:tenant_id": "f92c30465503415cbc00028e1055323b"}}'
2026-03-26 11:04:21,965 129489 INFO     [tempest.lib.common.rest_client] Request (VolumesDeleteCascade:test_volume_from_snapshot_cascade_delete): 200 GET http://10.132.44.209/volume/v3/volumes/f7f5a194-597c-4ca6-85ec-fe057b34242c 0.038s
2026-03-26 11:04:21,966 129489 DEBUG    [tempest.lib.common.rest_client] Request - Headers: {'Content-Type': 'application/json', 'Accept': 'application/json', 'X-Auth-Token': '<omitted>'}
        Body: None
    Response - Headers: {'date': 'Thu, 26 Mar 2026 11:04:21 GMT', 'server': 'Apache/2.4.58 (Ubuntu)', 'content-type': 'application/json', 'x-compute-request-id': 'req-71a2f794-292a-40aa-933d-569f5c59ae11', 'content-length': '846', 'openstack-api-version': 'volume 3.0', 'vary': 'OpenStack-API-Version', 'x-openstack-request-id': 'req-71a2f794-292a-40a
    a-933d-569f5c59ae11', 'connection': 'close', 'status': '200', 'content-location': 'http://10.132.44.209/volume/v3/volumes/f7f5a194-597c-4ca6-85ec-fe057b34242c'}
        Body: b'{"volume": {"id": "f7f5a194-597c-4ca6-85ec-fe057b34242c", "status": "deleting", "size": 1, "availability_zone": "nova", "created_at": "2026-03-26T11:03:47.000000", "updated_at": "2026-03-26T11:03:50.000000", "name": "tempest-VolumesDeleteCascade-Volume-308554469", "description": null, "volume_type": "arcusfc1", "snapshot_id": null, "source_volid": null, "metadata": {}, "links": [{"rel": "self", "href": "http://10.132.44.209/volume/v3/volumes/f7f5a194-597c-4ca6-85ec-fe057b34242c"}, {"rel": "bookmark", "href": "http://10.132.44.209/volume/volumes/f7f5a194-597c-4ca6-85ec-fe057b34242c"}], "user_id": "0495918e1ed64bbb937615df1f938f30", "bootable": "false", "encrypted": false, "replication_status": null, "consistencygroup_id": null, "multiattach": false, "attachments": [], "os-vol-tenant-attr:tenant_id": "f92c30465503415cbc00028e1055323b"}}'
2026-03-26 11:04:23,021 129489 INFO     [tempest.lib.common.rest_client] Request (VolumesDeleteCascade:test_volume_from_snapshot_cascade_delete): 200 GET http://10.132.44.209/volume/v3/volumes/f7f5a194-597c-4ca6-85ec-fe057b34242c 0.041s
2026-03-26 11:04:23,021 129489 DEBUG    [tempest.lib.common.rest_client] Request - Headers: {'Content-Type': 'application/json', 'Accept': 'application/json', 'X-Auth-Token': '<omitted>'}
        Body: None
    Response - Headers: {'date': 'Thu, 26 Mar 2026 11:04:22 GMT', 'server': 'Apache/2.4.58 (Ubuntu)', 'content-type': 'application/json', 'x-compute-request-id': 'req-f4af0f76-ef01-4664-a4ab-0d51d450b1b9', 'content-length': '846', 'openstack-api-version': 'volume 3.0', 'vary': 'OpenStack-API-Version', 'x-openstack-request-id': 'req-f4af0f76-ef01-4664-a4ab-0d51d450b1b9', 'connection': 'close', 'status': '200', 'content-location': 'http://10.132.44.209/volume/v3/volumes/f7f5a194-597c-4ca6-85ec-fe057b34242c'}
        Body: b'{"volume": {"id": "f7f5a194-597c-4ca6-85ec-fe057b34242c", "status": "deleting", "size": 1, "availability_zone": "nova", "created_at": "2026-03-26T11:03:47.000000", "updated_at": "2026-03-26T11:03:50.000000", "name": "tempest-VolumesDeleteCascade-Volume-308554469", "description": null, "volume_type": "arcusfc1", "snapshot_id": null, "source_volid": null, "metadata": {}, "links": [{"rel": "self", "href": "http://10.132.44.209/volume/v3/volumes/f7f5a194-597c-4ca6-85ec-fe057b34242c"}, {"rel": "bookmark", "href": "http://10.132.44.209/volume/volumes/f7f5a194-597c-4ca6-85ec-fe057b34242c"}], "user_id": "0495918e1ed64bbb937615df1f938f30", "bootable": "false", "encrypted": false, "replication_status": null, "consistencygroup_id": null, "multiattach": false, "attachments": [], "os-vol-tenant-attr:tenant_id": "f92c30465503415cbc00028e1055323b"}}'
2026-03-26 11:04:24,070 129489 INFO     [tempest.lib.common.rest_client] Request (VolumesDeleteCascade:test_volume_from_snapshot_cascade_delete): 200 GET http://10.132.44.209/volume/v3/volumes/f7f5a194-597c-4ca6-85ec-fe057b34242c 0.037s
2026-03-26 11:04:24,070 129489 DEBUG    [tempest.lib.common.rest_client] Request - Headers: {'Content-Type': 'application/json', 'Accept': 'application/json', 'X-Auth-Token': '<omitted>'}
        Body: None
    Response - Headers: {'date': 'Thu, 26 Mar 2026 11:04:24 GMT', 'server': 'Apache/2.4.58 (Ubuntu)', 'content-type': 'application/json', 'x-compute-request-id': 'req-b4541d3a-a4da-4a5b-80b4-b0622abcf922', 'content-length': '846', 'openstack-api-version': 'volume 3.0', 'vary': 'OpenStack-API-Version', 'x-openstack-request-id': 'req-b4541d3a-a4da-4a5b-80b4-b0622abcf922', 'connection': 'close', 'status': '200', 'content-location': 'http://10.132.44.209/volume/v3/volumes/f7f5a194-597c-4ca6-85ec-fe057b34242c'}
        Body: b'{"volume": {"id": "f7f5a194-597c-4ca6-85ec-fe057b34242c", "status": "deleting", "size": 1, "availability_zone": "nova", "created_at": "2026-03-26T11:03:47.000000", "updated_at": "2026-03-26T11:03:50.000000", "name": "tempest-VolumesDeleteCascade-Volume-308554469", "description":
     null, "volume_type": "arcusfc1", "snapshot_id": null, "source_volid": null, "metadata": {}, "links": [{"rel": "self", "href": "http://10.132.44.209/volume/v3/volumes/f7f5a194-597c-4ca6-85ec-fe057b34242c"}, {"rel": "bookmark", "href": "http://10.132.44.209/volume/volumes/f7f5a194-597c-4ca6-85ec-fe057b34242c"}], "user_id": "0495918e1ed64bbb937615df1f938f30", "bootable": "false", "encrypted": false, "replication_status": null, "consistencygroup_id": null, "multiattach": false, "attachments": [], "os-vol-tenant-attr:tenant_id": "f92c30465503415cbc00028e1055323b"}}'
2026-03-26 11:04:25,131 129489 INFO     [tempest.lib.common.rest_client] Request (VolumesDeleteCascade:test_volume_from_snapshot_cascade_delete): 200 GET http://10.132.44.209/volume/v3/volumes/f7f5a194-597c-4ca6-85ec-fe057b34242c 0.044s
2026-03-26 11:04:25,131 129489 DEBUG    [tempest.lib.common.rest_client] Request - Headers: {'Content-Type': 'application/json', 'Accept': 'application/json', 'X-Auth-Token': '<omitted>'}
        Body: None
    Response - Headers: {'date': 'Thu, 26 Mar 2026 11:04:25 GMT', 'server': 'Apache/2.4.58 (Ubuntu)', 'content-type': 'application/json', 'x-compute-request-id': 'req-0d3aa348-1fb6-4304-9d69-179289b5c44a', 'content-length': '846', 'openstack-api-version': 'volume 3.0', 'vary': 'OpenStack-API-Version', 'x-openstack-request-id': 'req-0d3aa348-1fb6-4304-9d69-179289b5c44a', 'connection': 'close', 'status': '200', 'content-location': 'http://10.132.44.209/volume/v3/volumes/f7f5a194-597c-4ca6-85ec-fe057b34242c'}
        Body: b'{"volume": {"id": "f7f5a194-597c-4ca6-85ec-fe057b34242c", "status": "deleting", "size": 1, "availability_zone": "nova", "created_at": "2026-03-26T11:03:47.000000", "updated_at": "2026-03-26T11:03:50.000000", "name": "tempest-VolumesDeleteCascade-Volume-308554469", "description": null, "volume_type": "arcusfc1", "snapshot_id": null, "source_volid": null, "metadata": {}, "links": [{"rel": "self", "href": "http://10.132.44.209/volume/v3/volumes/f7f5a194-597c-4ca6-85ec-fe057b34242c"}, {"rel": "bookmark", "href": "http://10.132.44.209/volume/volumes/f7f5a194-597c-4ca6-85ec-fe057b34242c"}], "user_id": "0495918e1ed64bbb937615df1f938f30", "bootable": "false", "encrypted": false, "replication_status": null, "consistencygroup_id": null, "multiattach": false, "attachments": [], "os-vol-tenant-attr:tenant_id": "f92c30465503415cbc00028e1055323b"}}'
2026-03-26 11:04:26,185 129489 INFO     [tempest.lib.common.rest_client] Request (VolumesDeleteCascade:test_volume_from_snapshot_cascade_delete): 200 GET http://10.132.44.209/volume/v3/volumes/f7f5a194-597c-4ca6-85ec-fe057b34242c 0.046s
2026-03-26 11:04:26,186 129489 DEBUG    [tempest.lib.common.rest_client] Request - Headers: {'Content-Type': 'application/json', 'Accept': 'application/json', 'X-Auth-Token': '<omitted>'}
        Body: None
    Response - Headers: {'date': 'Thu, 26 Mar 2026 11:04:26 GMT', 'server': 'Apache/2.4.58 (Ubuntu)', 'content-type': 'application/json', 'x-compute-request-id': 'req-6b025266-9cab-4fa2-b1f1-f1020117bf83', 'content-length': '846', 'openstack-api-version': 'volume 3.0', 'vary': 'OpenStack-API-Version', 'x-openstack-request-id': 'req-6b025266-9cab-4fa2-b1f1-f1020117bf83', 'connection': 'close', 'status': '200', 'content-location': 'http://10.132.44.209/volume/v3/volumes/f7f5a194-597c-4ca6-85ec-fe057b34242c'}
        Body: b'{"volume": {"id": "f7f5a194-597c-4ca6-85ec-fe057b34242c", "status": "deleting", "size": 1, "availability_zone": "nova", "created_at": "2026-03-26T11:03:47.000000", "updated_at": "2026-03-26T11:03:50.000000", "name": "tempest-VolumesDeleteCascade-Volume-308554469", "description": null, "volume_type": "arcusfc1", "snapshot_id": null, "source_volid": null, "metadata": {}, "links": [{"rel": "self", "href": "http://10.132.44.209/volume/v3/volumes/f7f5a194-597c-4ca6-85ec-fe057b34242c"}, {"rel": "bookmark", "href": "http://10.132.44.209/volume/volumes/f7f5a194-597c-4ca6-85ec-fe057b34242c"}], "user_id": "0495918e1ed64bbb937615df1f938f30", "bootable": "false", "encrypted": false, "replication_status": null, "consistencygroup_id": null
    , "multiattach": false, "attachments": [], "os-vol-tenant-attr:tenant_id": "f92c30465503415cbc00028e1055323b"}}'
2026-03-26 11:04:27,235 129489 INFO     [tempest.lib.common.rest_client] Request (VolumesDeleteCascade:test_volume_from_snapshot_cascade_delete): 200 GET http://10.132.44.209/volume/v3/volumes/f7f5a194-597c-4ca6-85ec-fe057b34242c 0.036s
2026-03-26 11:04:27,235 129489 DEBUG    [tempest.lib.common.rest_client] Request - Headers: {'Content-Type': 'application/json', 'Accept': 'application/json', 'X-Auth-Token': '<omitted>'}
        Body: None
    Response - Headers: {'date': 'Thu, 26 Mar 2026 11:04:27 GMT', 'server': 'Apache/2.4.58 (Ubuntu)', 'content-type': 'application/json', 'x-compute-request-id': 'req-813121fb-533c-42a9-9d37-b6b08618f194', 'content-length': '846', 'openstack-api-version': 'volume 3.0', 'vary': 'OpenStack-API-Version', 'x-openstack-request-id': 'req-813121fb-533c-42a9-9d37-b6b08618f194', 'connection': 'close', 'status': '200', 'content-location': 'http://10.132.44.209/volume/v3/volumes/f7f5a194-597c-4ca6-85ec-fe057b34242c'}
        Body: b'{"volume": {"id": "f7f5a194-597c-4ca6-85ec-fe057b34242c", "status": "deleting", "size": 1, "availability_zone": "nova", "created_at": "2026-03-26T11:03:47.000000", "updated_at": "2026-03-26T11:03:50.000000", "name": "tempest-VolumesDeleteCascade-Volume-308554469", "description": null, "volume_type": "arcusfc1", "snapshot_id": null, "source_volid": null, "metadata": {}, "links": [{"rel": "self", "href": "http://10.132.44.209/volume/v3/volumes/f7f5a194-597c-4ca6-85ec-fe057b34242c"}, {"rel": "bookmark", "href": "http://10.132.44.209/volume/volumes/f7f5a194-597c-4ca6-85ec-fe057b34242c"}], "user_id": "0495918e1ed64bbb937615df1f938f30", "bootable": "false", "encrypted": false, "replication_status": null, "consistencygroup_id": null, "multiattach": false, "attachments": [], "os-vol-tenant-attr:tenant_id": "f92c30465503415cbc00028e1055323b"}}'
2026-03-26 11:04:28,291 129489 INFO     [tempest.lib.common.rest_client] Request (VolumesDeleteCascade:test_volume_from_snapshot_cascade_delete): 200 GET http://10.132.44.209/volume/v3/volumes/f7f5a194-597c-4ca6-85ec-fe057b34242c 0.046s
2026-03-26 11:04:28,292 129489 DEBUG    [tempest.lib.common.rest_client] Request - Headers: {'Content-Type': 'application/json', 'Accept': 'application/json', 'X-Auth-Token': '<omitted>'}
        Body: None
    Response - Headers: {'date': 'Thu, 26 Mar 2026 11:04:28 GMT', 'server': 'Apache/2.4.58 (Ubuntu)', 'content-type': 'application/json', 'x-compute-request-id': 'req-3f61614b-e989-453a-b891-8823266b36df', 'content-length': '846', 'openstack-api-version': 'volume 3.0', 'vary': 'OpenStack-API-Version', 'x-openstack-request-id': 'req-3f61614b-e989-453a-b891-8823266b36df', 'connection': 'close', 'status': '200', 'content-location': 'http://10.132.44.209/volume/v3/volumes/f7f5a194-597c-4ca6-85ec-fe057b34242c'}
        Body: b'{"volume": {"id": "f7f5a194-597c-4ca6-85ec-fe057b34242c", "status": "deleting", "size": 1, "availability_zone": "nova", "created_at": "2026-03-26T11:03:47.000000", "updated_at": "2026-03-26T11:03:50.000000", "name": "tempest-VolumesDeleteCascade-Volume-308554469", "description": null, "volume_type": "arcusfc1", "snapshot_id": null, "source_volid": null, "metadata": {}, "links": [{"rel": "self", "href": "http://10.132.44.209/volume/v3/volumes/f7f5a194-597c-4ca6-85ec-fe057b34242c"}, {"rel": "bookmark", "href": "http://10.132.44.209/volume/volumes/f7f5a194-597c-4ca6-85ec-fe057b34242c"}], "user_id": "0495918e1ed64bbb937615df1f938f30", "bootable": "false", "encrypted": false, "replication_status": null, "consistencygroup_id": null, "multiattach": false, "attachments": [], "os-vol-tenant-attr:tenant_id": "f92c30465503415cbc00028e1055323b"}}'
2026-03-26 11:04:29,343 129489 INFO     [tempest.lib.common.rest_client] Request (VolumesDeleteCascade:test_volume_from_snapshot_cascade_delete): 200 GET http://10.132.44.209/volume/v3/volumes/f7f5a194-597c-4ca6-85ec-fe057b34242c 0.038s
2026-03-26 11:04:29,344 129489 DEBUG    [tempest.lib.common.rest_client] Request - Headers: {'Content-Type
    ': 'application/json', 'Accept': 'application/json', 'X-Auth-Token': '<omitted>'}
        Body: None
    Response - Headers: {'date': 'Thu, 26 Mar 2026 11:04:29 GMT', 'server': 'Apache/2.4.58 (Ubuntu)', 'content-type': 'application/json', 'x-compute-request-id': 'req-ae20ad2c-4831-49c3-96b7-282f0c6c7b38', 'content-length': '846', 'openstack-api-version': 'volume 3.0', 'vary': 'OpenStack-API-Version', 'x-openstack-request-id': 'req-ae20ad2c-4831-49c3-96b7-282f0c6c7b38', 'connection': 'close', 'status': '200', 'content-location': 'http://10.132.44.209/volume/v3/volumes/f7f5a194-597c-4ca6-85ec-fe057b34242c'}
        Body: b'{"volume": {"id": "f7f5a194-597c-4ca6-85ec-fe057b34242c", "status": "deleting", "size": 1, "availability_zone": "nova", "created_at": "2026-03-26T11:03:47.000000", "updated_at": "2026-03-26T11:03:50.000000", "name": "tempest-VolumesDeleteCascade-Volume-308554469", "description": null, "volume_type": "arcusfc1", "snapshot_id": null, "source_volid": null, "metadata": {}, "links": [{"rel": "self", "href": "http://10.132.44.209/volume/v3/volumes/f7f5a194-597c-4ca6-85ec-fe057b34242c"}, {"rel": "bookmark", "href": "http://10.132.44.209/volume/volumes/f7f5a194-597c-4ca6-85ec-fe057b34242c"}], "user_id": "0495918e1ed64bbb937615df1f938f30", "bootable": "false", "encrypted": false, "replication_status": null, "consistencygroup_id": null, "multiattach": false, "attachments": [], "os-vol-tenant-attr:tenant_id": "f92c30465503415cbc00028e1055323b"}}'
2026-03-26 11:04:30,396 129489 INFO     [tempest.lib.common.rest_client] Request (VolumesDeleteCascade:test_volume_from_snapshot_cascade_delete): 200 GET http://10.132.44.209/volume/v3/volumes/f7f5a194-597c-4ca6-85ec-fe057b34242c 0.041s
2026-03-26 11:04:30,396 129489 DEBUG    [tempest.lib.common.rest_client] Request - Headers: {'Content-Type': 'application/json', 'Accept': 'application/json', 'X-Auth-Token': '<omitted>'}
        Body: None
    Response - Headers: {'date': 'Thu, 26 Mar 2026 11:04:30 GMT', 'server': 'Apache/2.4.58 (Ubuntu)', 'content-type': 'application/json', 'x-compute-request-id': 'req-87a1d321-48d6-451d-8259-debed400dfa3', 'content-length': '846', 'openstack-api-version': 'volume 3.0', 'vary': 'OpenStack-API-Version', 'x-openstack-request-id': 'req-87a1d321-48d6-451d-8259-debed400dfa3', 'connection': 'close', 'status': '200', 'content-location': 'http://10.132.44.209/volume/v3/volumes/f7f5a194-597c-4ca6-85ec-fe057b34242c'}
        Body: b'{"volume": {"id": "f7f5a194-597c-4ca6-85ec-fe057b34242c", "status": "deleting", "size": 1, "availability_zone": "nova", "created_at": "2026-03-26T11:03:47.000000", "updated_at": "2026-03-26T11:03:50.000000", "name": "tempest-VolumesDeleteCascade-Volume-308554469", "description": null, "volume_type": "arcusfc1", "snapshot_id": null, "source_volid": null, "metadata": {}, "links": [{"rel": "self", "href": "http://10.132.44.209/volume/v3/volumes/f7f5a194-597c-4ca6-85ec-fe057b34242c"}, {"rel": "bookmark", "href": "http://10.132.44.209/volume/volumes/f7f5a194-597c-4ca6-85ec-fe057b34242c"}], "user_id": "0495918e1ed64bbb937615df1f938f30", "bootable": "false", "encrypted": false, "replication_status": null, "consistencygroup_id": null, "multiattach": false, "attachments": [], "os-vol-tenant-attr:tenant_id": "f92c30465503415cbc00028e1055323b"}}'
2026-03-26 11:04:31,443 129489 INFO     [tempest.lib.common.rest_client] Request (VolumesDeleteCascade:test_volume_from_snapshot_cascade_delete): 200 GET http://10.132.44.209/volume/v3/volumes/f7f5a194-597c-4ca6-85ec-fe057b34242c 0.040s
2026-03-26 11:04:31,444 129489 DEBUG    [tempest.lib.common.rest_client] Request - Headers: {'Content-Type': 'application/json', 'Accept': 'application/json', 'X-Auth-Token': '<omitted>'}
        Body: None
    Response - Headers: {'date': 'Thu, 26 Mar 2026 11:04:31 GMT', 'server': 'Apache/2.4.58 (Ubuntu)', 'content-type': 'application/json', 'x-compute-request-id': 'req-c93c5382-37e9-4885-879c-6907340933f7', 'content-length': '846', 'openstack-api-version': 'volume 3.0', 'vary': 'OpenStack-API-Version', 'x-openstack-request-id': 'req-c93c5382-37e9-4885-87
    9c-6907340933f7', 'connection': 'close', 'status': '200', 'content-location': 'http://10.132.44.209/volume/v3/volumes/f7f5a194-597c-4ca6-85ec-fe057b34242c'}
        Body: b'{"volume": {"id": "f7f5a194-597c-4ca6-85ec-fe057b34242c", "status": "deleting", "size": 1, "availability_zone": "nova", "created_at": "2026-03-26T11:03:47.000000", "updated_at": "2026-03-26T11:03:50.000000", "name": "tempest-VolumesDeleteCascade-Volume-308554469", "description": null, "volume_type": "arcusfc1", "snapshot_id": null, "source_volid": null, "metadata": {}, "links": [{"rel": "self", "href": "http://10.132.44.209/volume/v3/volumes/f7f5a194-597c-4ca6-85ec-fe057b34242c"}, {"rel": "bookmark", "href": "http://10.132.44.209/volume/volumes/f7f5a194-597c-4ca6-85ec-fe057b34242c"}], "user_id": "0495918e1ed64bbb937615df1f938f30", "bootable": "false", "encrypted": false, "replication_status": null, "consistencygroup_id": null, "multiattach": false, "attachments": [], "os-vol-tenant-attr:tenant_id": "f92c30465503415cbc00028e1055323b"}}'
2026-03-26 11:04:32,499 129489 INFO     [tempest.lib.common.rest_client] Request (VolumesDeleteCascade:test_volume_from_snapshot_cascade_delete): 200 GET http://10.132.44.209/volume/v3/volumes/f7f5a194-597c-4ca6-85ec-fe057b34242c 0.040s
2026-03-26 11:04:32,499 129489 DEBUG    [tempest.lib.common.rest_client] Request - Headers: {'Content-Type': 'application/json', 'Accept': 'application/json', 'X-Auth-Token': '<omitted>'}
        Body: None
    Response - Headers: {'date': 'Thu, 26 Mar 2026 11:04:32 GMT', 'server': 'Apache/2.4.58 (Ubuntu)', 'content-type': 'application/json', 'x-compute-request-id': 'req-ab79727c-2c86-4d56-8f3a-09197d25f7b2', 'content-length': '846', 'openstack-api-version': 'volume 3.0', 'vary': 'OpenStack-API-Version', 'x-openstack-request-id': 'req-ab79727c-2c86-4d56-8f3a-09197d25f7b2', 'connection': 'close', 'status': '200', 'content-location': 'http://10.132.44.209/volume/v3/volumes/f7f5a194-597c-4ca6-85ec-fe057b34242c'}
        Body: b'{"volume": {"id": "f7f5a194-597c-4ca6-85ec-fe057b34242c", "status": "deleting", "size": 1, "availability_zone": "nova", "created_at": "2026-03-26T11:03:47.000000", "updated_at": "2026-03-26T11:03:50.000000", "name": "tempest-VolumesDeleteCascade-Volume-308554469", "description": null, "volume_type": "arcusfc1", "snapshot_id": null, "source_volid": null, "metadata": {}, "links": [{"rel": "self", "href": "http://10.132.44.209/volume/v3/volumes/f7f5a194-597c-4ca6-85ec-fe057b34242c"}, {"rel": "bookmark", "href": "http://10.132.44.209/volume/volumes/f7f5a194-597c-4ca6-85ec-fe057b34242c"}], "user_id": "0495918e1ed64bbb937615df1f938f30", "bootable": "false", "encrypted": false, "replication_status": null, "consistencygroup_id": null, "multiattach": false, "attachments": [], "os-vol-tenant-attr:tenant_id": "f92c30465503415cbc00028e1055323b"}}'
2026-03-26 11:04:33,548 129489 INFO     [tempest.lib.common.rest_client] Request (VolumesDeleteCascade:test_volume_from_snapshot_cascade_delete): 200 GET http://10.132.44.209/volume/v3/volumes/f7f5a194-597c-4ca6-85ec-fe057b34242c 0.040s
2026-03-26 11:04:33,549 129489 DEBUG    [tempest.lib.common.rest_client] Request - Headers: {'Content-Type': 'application/json', 'Accept': 'application/json', 'X-Auth-Token': '<omitted>'}
        Body: None
    Response - Headers: {'date': 'Thu, 26 Mar 2026 11:04:33 GMT', 'server': 'Apache/2.4.58 (Ubuntu)', 'content-type': 'application/json', 'x-compute-request-id': 'req-ed1bee23-198a-46a8-aa7c-afdbb6dc01fd', 'content-length': '846', 'openstack-api-version': 'volume 3.0', 'vary': 'OpenStack-API-Version', 'x-openstack-request-id': 'req-ed1bee23-198a-46a8-aa7c-afdbb6dc01fd', 'connection': 'close', 'status': '200', 'content-location': 'http://10.132.44.209/volume/v3/volumes/f7f5a194-597c-4ca6-85ec-fe057b34242c'}
        Body: b'{"volume": {"id": "f7f5a194-597c-4ca6-85ec-fe057b34242c", "status": "deleting", "size": 1, "availability_zone": "nova", "created_at": "2026-03-26T11:03:47.000000", "updated_at": "2026-03-26T11:03:50.000000", "name": "tempest-VolumesDeleteCascade-Volume-308554469", "description": nul
    l, "volume_type": "arcusfc1", "snapshot_id": null, "source_volid": null, "metadata": {}, "links": [{"rel": "self", "href": "http://10.132.44.209/volume/v3/volumes/f7f5a194-597c-4ca6-85ec-fe057b34242c"}, {"rel": "bookmark", "href": "http://10.132.44.209/volume/volumes/f7f5a194-597c-4ca6-85ec-fe057b34242c"}], "user_id": "0495918e1ed64bbb937615df1f938f30", "bootable": "false", "encrypted": false, "replication_status": null, "consistencygroup_id": null, "multiattach": false, "attachments": [], "os-vol-tenant-attr:tenant_id": "f92c30465503415cbc00028e1055323b"}}'
2026-03-26 11:04:34,603 129489 INFO     [tempest.lib.common.rest_client] Request (VolumesDeleteCascade:test_volume_from_snapshot_cascade_delete): 200 GET http://10.132.44.209/volume/v3/volumes/f7f5a194-597c-4ca6-85ec-fe057b34242c 0.041s
2026-03-26 11:04:34,603 129489 DEBUG    [tempest.lib.common.rest_client] Request - Headers: {'Content-Type': 'application/json', 'Accept': 'application/json', 'X-Auth-Token': '<omitted>'}
        Body: None
    Response - Headers: {'date': 'Thu, 26 Mar 2026 11:04:34 GMT', 'server': 'Apache/2.4.58 (Ubuntu)', 'content-type': 'application/json', 'x-compute-request-id': 'req-319c96d8-1a65-4c47-b41b-cdb0702ace26', 'content-length': '846', 'openstack-api-version': 'volume 3.0', 'vary': 'OpenStack-API-Version', 'x-openstack-request-id': 'req-319c96d8-1a65-4c47-b41b-cdb0702ace26', 'connection': 'close', 'status': '200', 'content-location': 'http://10.132.44.209/volume/v3/volumes/f7f5a194-597c-4ca6-85ec-fe057b34242c'}
        Body: b'{"volume": {"id": "f7f5a194-597c-4ca6-85ec-fe057b34242c", "status": "deleting", "size": 1, "availability_zone": "nova", "created_at": "2026-03-26T11:03:47.000000", "updated_at": "2026-03-26T11:03:50.000000", "name": "tempest-VolumesDeleteCascade-Volume-308554469", "description": null, "volume_type": "arcusfc1", "snapshot_id": null, "source_volid": null, "metadata": {}, "links": [{"rel": "self", "href": "http://10.132.44.209/volume/v3/volumes/f7f5a194-597c-4ca6-85ec-fe057b34242c"}, {"rel": "bookmark", "href": "http://10.132.44.209/volume/volumes/f7f5a194-597c-4ca6-85ec-fe057b34242c"}], "user_id": "0495918e1ed64bbb937615df1f938f30", "bootable": "false", "encrypted": false, "replication_status": null, "consistencygroup_id": null, "multiattach": false, "attachments": [], "os-vol-tenant-attr:tenant_id": "f92c30465503415cbc00028e1055323b"}}'
2026-03-26 11:04:35,657 129489 INFO     [tempest.lib.common.rest_client] Request (VolumesDeleteCascade:test_volume_from_snapshot_cascade_delete): 200 GET http://10.132.44.209/volume/v3/volumes/f7f5a194-597c-4ca6-85ec-fe057b34242c 0.042s
2026-03-26 11:04:35,658 129489 DEBUG    [tempest.lib.common.rest_client] Request - Headers: {'Content-Type': 'application/json', 'Accept': 'application/json', 'X-Auth-Token': '<omitted>'}
        Body: None
    Response - Headers: {'date': 'Thu, 26 Mar 2026 11:04:35 GMT', 'server': 'Apache/2.4.58 (Ubuntu)', 'content-type': 'application/json', 'x-compute-request-id': 'req-57050c14-f241-4375-85f0-580d2802d850', 'content-length': '846', 'openstack-api-version': 'volume 3.0', 'vary': 'OpenStack-API-Version', 'x-openstack-request-id': 'req-57050c14-f241-4375-85f0-580d2802d850', 'connection': 'close', 'status': '200', 'content-location': 'http://10.132.44.209/volume/v3/volumes/f7f5a194-597c-4ca6-85ec-fe057b34242c'}
        Body: b'{"volume": {"id": "f7f5a194-597c-4ca6-85ec-fe057b34242c", "status": "deleting", "size": 1, "availability_zone": "nova", "created_at": "2026-03-26T11:03:47.000000", "updated_at": "2026-03-26T11:03:50.000000", "name": "tempest-VolumesDeleteCascade-Volume-308554469", "description": null, "volume_type": "arcusfc1", "snapshot_id": null, "source_volid": null, "metadata": {}, "links": [{"rel": "self", "href": "http://10.132.44.209/volume/v3/volumes/f7f5a194-597c-4ca6-85ec-fe057b34242c"}, {"rel": "bookmark", "href": "http://10.132.44.209/volume/volumes/f7f5a194-597c-4ca6-85ec-fe057b34242c"}], "user_id": "0495918e1ed64bbb937615df1f938f30", "bootable": "false", "encrypted": false, "replication_status": null, "consistencygroup_id": null, "m
    ultiattach": false, "attachments": [], "os-vol-tenant-attr:tenant_id": "f92c30465503415cbc00028e1055323b"}}'
2026-03-26 11:04:36,711 129489 INFO     [tempest.lib.common.rest_client] Request (VolumesDeleteCascade:test_volume_from_snapshot_cascade_delete): 200 GET http://10.132.44.209/volume/v3/volumes/f7f5a194-597c-4ca6-85ec-fe057b34242c 0.041s
2026-03-26 11:04:36,712 129489 DEBUG    [tempest.lib.common.rest_client] Request - Headers: {'Content-Type': 'application/json', 'Accept': 'application/json', 'X-Auth-Token': '<omitted>'}
        Body: None
    Response - Headers: {'date': 'Thu, 26 Mar 2026 11:04:36 GMT', 'server': 'Apache/2.4.58 (Ubuntu)', 'content-type': 'application/json', 'x-compute-request-id': 'req-1dcb3780-4bf6-4918-9064-9e41c6ce07f4', 'content-length': '846', 'openstack-api-version': 'volume 3.0', 'vary': 'OpenStack-API-Version', 'x-openstack-request-id': 'req-1dcb3780-4bf6-4918-9064-9e41c6ce07f4', 'connection': 'close', 'status': '200', 'content-location': 'http://10.132.44.209/volume/v3/volumes/f7f5a194-597c-4ca6-85ec-fe057b34242c'}
        Body: b'{"volume": {"id": "f7f5a194-597c-4ca6-85ec-fe057b34242c", "status": "deleting", "size": 1, "availability_zone": "nova", "created_at": "2026-03-26T11:03:47.000000", "updated_at": "2026-03-26T11:03:50.000000", "name": "tempest-VolumesDeleteCascade-Volume-308554469", "description": null, "volume_type": "arcusfc1", "snapshot_id": null, "source_volid": null, "metadata": {}, "links": [{"rel": "self", "href": "http://10.132.44.209/volume/v3/volumes/f7f5a194-597c-4ca6-85ec-fe057b34242c"}, {"rel": "bookmark", "href": "http://10.132.44.209/volume/volumes/f7f5a194-597c-4ca6-85ec-fe057b34242c"}], "user_id": "0495918e1ed64bbb937615df1f938f30", "bootable": "false", "encrypted": false, "replication_status": null, "consistencygroup_id": null, "multiattach": false, "attachments": [], "os-vol-tenant-attr:tenant_id": "f92c30465503415cbc00028e1055323b"}}'
2026-03-26 11:04:37,777 129489 INFO     [tempest.lib.common.rest_client] Request (VolumesDeleteCascade:test_volume_from_snapshot_cascade_delete): 200 GET http://10.132.44.209/volume/v3/volumes/f7f5a194-597c-4ca6-85ec-fe057b34242c 0.051s
2026-03-26 11:04:37,778 129489 DEBUG    [tempest.lib.common.rest_client] Request - Headers: {'Content-Type': 'application/json', 'Accept': 'application/json', 'X-Auth-Token': '<omitted>'}
        Body: None
    Response - Headers: {'date': 'Thu, 26 Mar 2026 11:04:37 GMT', 'server': 'Apache/2.4.58 (Ubuntu)', 'content-type': 'application/json', 'x-compute-request-id': 'req-3228f6a0-1c8c-4909-90e4-cf8c41952396', 'content-length': '846', 'openstack-api-version': 'volume 3.0', 'vary': 'OpenStack-API-Version', 'x-openstack-request-id': 'req-3228f6a0-1c8c-4909-90e4-cf8c41952396', 'connection': 'close', 'status': '200', 'content-location': 'http://10.132.44.209/volume/v3/volumes/f7f5a194-597c-4ca6-85ec-fe057b34242c'}
        Body: b'{"volume": {"id": "f7f5a194-597c-4ca6-85ec-fe057b34242c", "status": "deleting", "size": 1, "availability_zone": "nova", "created_at": "2026-03-26T11:03:47.000000", "updated_at": "2026-03-26T11:03:50.000000", "name": "tempest-VolumesDeleteCascade-Volume-308554469", "description": null, "volume_type": "arcusfc1", "snapshot_id": null, "source_volid": null, "metadata": {}, "links": [{"rel": "self", "href": "http://10.132.44.209/volume/v3/volumes/f7f5a194-597c-4ca6-85ec-fe057b34242c"}, {"rel": "bookmark", "href": "http://10.132.44.209/volume/volumes/f7f5a194-597c-4ca6-85ec-fe057b34242c"}], "user_id": "0495918e1ed64bbb937615df1f938f30", "bootable": "false", "encrypted": false, "replication_status": null, "consistencygroup_id": null, "multiattach": false, "attachments": [], "os-vol-tenant-attr:tenant_id": "f92c30465503415cbc00028e1055323b"}}'
2026-03-26 11:04:38,832 129489 INFO     [tempest.lib.common.rest_client] Request (VolumesDeleteCascade:test_volume_from_snapshot_cascade_delete): 200 GET http://10.132.44.209/volume/v3/volumes/f7f5a194-597c-4ca6-85ec-fe057b34242c 0.039s
2026-03-26 11:04:38,833 129489 DEBUG    [tempest.lib.common.rest_client] Request - Headers: {'Content-Type': '
    application/json', 'Accept': 'application/json', 'X-Auth-Token': '<omitted>'}
        Body: None
    Response - Headers: {'date': 'Thu, 26 Mar 2026 11:04:38 GMT', 'server': 'Apache/2.4.58 (Ubuntu)', 'content-type': 'application/json', 'x-compute-request-id': 'req-6446fc49-94e5-45b3-affd-43df2655150c', 'content-length': '846', 'openstack-api-version': 'volume 3.0', 'vary': 'OpenStack-API-Version', 'x-openstack-request-id': 'req-6446fc49-94e5-45b3-affd-43df2655150c', 'connection': 'close', 'status': '200', 'content-location': 'http://10.132.44.209/volume/v3/volumes/f7f5a194-597c-4ca6-85ec-fe057b34242c'}
        Body: b'{"volume": {"id": "f7f5a194-597c-4ca6-85ec-fe057b34242c", "status": "deleting", "size": 1, "availability_zone": "nova", "created_at": "2026-03-26T11:03:47.000000", "updated_at": "2026-03-26T11:03:50.000000", "name": "tempest-VolumesDeleteCascade-Volume-308554469", "description": null, "volume_type": "arcusfc1", "snapshot_id": null, "source_volid": null, "metadata": {}, "links": [{"rel": "self", "href": "http://10.132.44.209/volume/v3/volumes/f7f5a194-597c-4ca6-85ec-fe057b34242c"}, {"rel": "bookmark", "href": "http://10.132.44.209/volume/volumes/f7f5a194-597c-4ca6-85ec-fe057b34242c"}], "user_id": "0495918e1ed64bbb937615df1f938f30", "bootable": "false", "encrypted": false, "replication_status": null, "consistencygroup_id": null, "multiattach": false, "attachments": [], "os-vol-tenant-attr:tenant_id": "f92c30465503415cbc00028e1055323b"}}'
2026-03-26 11:04:39,889 129489 INFO     [tempest.lib.common.rest_client] Request (VolumesDeleteCascade:test_volume_from_snapshot_cascade_delete): 200 GET http://10.132.44.209/volume/v3/volumes/f7f5a194-597c-4ca6-85ec-fe057b34242c 0.041s
2026-03-26 11:04:39,889 129489 DEBUG    [tempest.lib.common.rest_client] Request - Headers: {'Content-Type': 'application/json', 'Accept': 'application/json', 'X-Auth-Token': '<omitted>'}
        Body: None
    Response - Headers: {'date': 'Thu, 26 Mar 2026 11:04:39 GMT', 'server': 'Apache/2.4.58 (Ubuntu)', 'content-type': 'application/json', 'x-compute-request-id': 'req-aa9dd1cf-b45f-40cc-8819-902e360083b0', 'content-length': '846', 'openstack-api-version': 'volume 3.0', 'vary': 'OpenStack-API-Version', 'x-openstack-request-id': 'req-aa9dd1cf-b45f-40cc-8819-902e360083b0', 'connection': 'close', 'status': '200', 'content-location': 'http://10.132.44.209/volume/v3/volumes/f7f5a194-597c-4ca6-85ec-fe057b34242c'}
        Body: b'{"volume": {"id": "f7f5a194-597c-4ca6-85ec-fe057b34242c", "status": "deleting", "size": 1, "availability_zone": "nova", "created_at": "2026-03-26T11:03:47.000000", "updated_at": "2026-03-26T11:03:50.000000", "name": "tempest-VolumesDeleteCascade-Volume-308554469", "description": null, "volume_type": "arcusfc1", "snapshot_id": null, "source_volid": null, "metadata": {}, "links": [{"rel": "self", "href": "http://10.132.44.209/volume/v3/volumes/f7f5a194-597c-4ca6-85ec-fe057b34242c"}, {"rel": "bookmark", "href": "http://10.132.44.209/volume/volumes/f7f5a194-597c-4ca6-85ec-fe057b34242c"}], "user_id": "0495918e1ed64bbb937615df1f938f30", "bootable": "false", "encrypted": false, "replication_status": null, "consistencygroup_id": null, "multiattach": false, "attachments": [], "os-vol-tenant-attr:tenant_id": "f92c30465503415cbc00028e1055323b"}}'
2026-03-26 11:04:40,947 129489 INFO     [tempest.lib.common.rest_client] Request (VolumesDeleteCascade:test_volume_from_snapshot_cascade_delete): 200 GET http://10.132.44.209/volume/v3/volumes/f7f5a194-597c-4ca6-85ec-fe057b34242c 0.043s
2026-03-26 11:04:40,948 129489 DEBUG    [tempest.lib.common.rest_client] Request - Headers: {'Content-Type': 'application/json', 'Accept': 'application/json', 'X-Auth-Token': '<omitted>'}
        Body: None
    Response - Headers: {'date': 'Thu, 26 Mar 2026 11:04:40 GMT', 'server': 'Apache/2.4.58 (Ubuntu)', 'content-type': 'application/json', 'x-compute-request-id': 'req-4bfdf10f-557e-4f08-a822-0cf3a8a7aa28', 'content-length': '846', 'openstack-api-version': 'volume 3.0', 'vary': 'OpenStack-API-Version', 'x-openstack-request-id': 'req-4bfdf10f-557e-4f08-a822-0
    cf3a8a7aa28', 'connection': 'close', 'status': '200', 'content-location': 'http://10.132.44.209/volume/v3/volumes/f7f5a194-597c-4ca6-85ec-fe057b34242c'}
        Body: b'{"volume": {"id": "f7f5a194-597c-4ca6-85ec-fe057b34242c", "status": "deleting", "size": 1, "availability_zone": "nova", "created_at": "2026-03-26T11:03:47.000000", "updated_at": "2026-03-26T11:03:50.000000", "name": "tempest-VolumesDeleteCascade-Volume-308554469", "description": null, "volume_type": "arcusfc1", "snapshot_id": null, "source_volid": null, "metadata": {}, "links": [{"rel": "self", "href": "http://10.132.44.209/volume/v3/volumes/f7f5a194-597c-4ca6-85ec-fe057b34242c"}, {"rel": "bookmark", "href": "http://10.132.44.209/volume/volumes/f7f5a194-597c-4ca6-85ec-fe057b34242c"}], "user_id": "0495918e1ed64bbb937615df1f938f30", "bootable": "false", "encrypted": false, "replication_status": null, "consistencygroup_id": null, "multiattach": false, "attachments": [], "os-vol-tenant-attr:tenant_id": "f92c30465503415cbc00028e1055323b"}}'
2026-03-26 11:04:42,007 129489 INFO     [tempest.lib.common.rest_client] Request (VolumesDeleteCascade:test_volume_from_snapshot_cascade_delete): 200 GET http://10.132.44.209/volume/v3/volumes/f7f5a194-597c-4ca6-85ec-fe057b34242c 0.043s
2026-03-26 11:04:42,008 129489 DEBUG    [tempest.lib.common.rest_client] Request - Headers: {'Content-Type': 'application/json', 'Accept': 'application/json', 'X-Auth-Token': '<omitted>'}
        Body: None
    Response - Headers: {'date': 'Thu, 26 Mar 2026 11:04:41 GMT', 'server': 'Apache/2.4.58 (Ubuntu)', 'content-type': 'application/json', 'x-compute-request-id': 'req-5e132d12-0480-4329-943e-431c2a72f9cc', 'content-length': '846', 'openstack-api-version': 'volume 3.0', 'vary': 'OpenStack-API-Version', 'x-openstack-request-id': 'req-5e132d12-0480-4329-943e-431c2a72f9cc', 'connection': 'close', 'status': '200', 'content-location': 'http://10.132.44.209/volume/v3/volumes/f7f5a194-597c-4ca6-85ec-fe057b34242c'}
        Body: b'{"volume": {"id": "f7f5a194-597c-4ca6-85ec-fe057b34242c", "status": "deleting", "size": 1, "availability_zone": "nova", "created_at": "2026-03-26T11:03:47.000000", "updated_at": "2026-03-26T11:03:50.000000", "name": "tempest-VolumesDeleteCascade-Volume-308554469", "description": null, "volume_type": "arcusfc1", "snapshot_id": null, "source_volid": null, "metadata": {}, "links": [{"rel": "self", "href": "http://10.132.44.209/volume/v3/volumes/f7f5a194-597c-4ca6-85ec-fe057b34242c"}, {"rel": "bookmark", "href": "http://10.132.44.209/volume/volumes/f7f5a194-597c-4ca6-85ec-fe057b34242c"}], "user_id": "0495918e1ed64bbb937615df1f938f30", "bootable": "false", "encrypted": false, "replication_status": null, "consistencygroup_id": null, "multiattach": false, "attachments": [], "os-vol-tenant-attr:tenant_id": "f92c30465503415cbc00028e1055323b"}}'
2026-03-26 11:04:43,059 129489 INFO     [tempest.lib.common.rest_client] Request (VolumesDeleteCascade:test_volume_from_snapshot_cascade_delete): 200 GET http://10.132.44.209/volume/v3/volumes/f7f5a194-597c-4ca6-85ec-fe057b34242c 0.038s
2026-03-26 11:04:43,060 129489 DEBUG    [tempest.lib.common.rest_client] Request - Headers: {'Content-Type': 'application/json', 'Accept': 'application/json', 'X-Auth-Token': '<omitted>'}
        Body: None
    Response - Headers: {'date': 'Thu, 26 Mar 2026 11:04:43 GMT', 'server': 'Apache/2.4.58 (Ubuntu)', 'content-type': 'application/json', 'x-compute-request-id': 'req-09524c6c-42c5-49a0-8388-aac767b08d57', 'content-length': '846', 'openstack-api-version': 'volume 3.0', 'vary': 'OpenStack-API-Version', 'x-openstack-request-id': 'req-09524c6c-42c5-49a0-8388-aac767b08d57', 'connection': 'close', 'status': '200', 'content-location': 'http://10.132.44.209/volume/v3/volumes/f7f5a194-597c-4ca6-85ec-fe057b34242c'}
        Body: b'{"volume": {"id": "f7f5a194-597c-4ca6-85ec-fe057b34242c", "status": "deleting", "size": 1, "availability_zone": "nova", "created_at": "2026-03-26T11:03:47.000000", "updated_at": "2026-03-26T11:03:50.000000", "name": "tempest-VolumesDeleteCascade-Volume-308554469", "description": null, "
    volume_type": "arcusfc1", "snapshot_id": null, "source_volid": null, "metadata": {}, "links": [{"rel": "self", "href": "http://10.132.44.209/volume/v3/volumes/f7f5a194-597c-4ca6-85ec-fe057b34242c"}, {"rel": "bookmark", "href": "http://10.132.44.209/volume/volumes/f7f5a194-597c-4ca6-85ec-fe057b34242c"}], "user_id": "0495918e1ed64bbb937615df1f938f30", "bootable": "false", "encrypted": false, "replication_status": null, "consistencygroup_id": null, "multiattach": false, "attachments": [], "os-vol-tenant-attr:tenant_id": "f92c30465503415cbc00028e1055323b"}}'
2026-03-26 11:04:44,124 129489 INFO     [tempest.lib.common.rest_client] Request (VolumesDeleteCascade:test_volume_from_snapshot_cascade_delete): 200 GET http://10.132.44.209/volume/v3/volumes/f7f5a194-597c-4ca6-85ec-fe057b34242c 0.050s
2026-03-26 11:04:44,125 129489 DEBUG    [tempest.lib.common.rest_client] Request - Headers: {'Content-Type': 'application/json', 'Accept': 'application/json', 'X-Auth-Token': '<omitted>'}
        Body: None
    Response - Headers: {'date': 'Thu, 26 Mar 2026 11:04:44 GMT', 'server': 'Apache/2.4.58 (Ubuntu)', 'content-type': 'application/json', 'x-compute-request-id': 'req-2f994719-e05a-4369-8f24-cd8b48afc93a', 'content-length': '846', 'openstack-api-version': 'volume 3.0', 'vary': 'OpenStack-API-Version', 'x-openstack-request-id': 'req-2f994719-e05a-4369-8f24-cd8b48afc93a', 'connection': 'close', 'status': '200', 'content-location': 'http://10.132.44.209/volume/v3/volumes/f7f5a194-597c-4ca6-85ec-fe057b34242c'}
        Body: b'{"volume": {"id": "f7f5a194-597c-4ca6-85ec-fe057b34242c", "status": "deleting", "size": 1, "availability_zone": "nova", "created_at": "2026-03-26T11:03:47.000000", "updated_at": "2026-03-26T11:03:50.000000", "name": "tempest-VolumesDeleteCascade-Volume-308554469", "description": null, "volume_type": "arcusfc1", "snapshot_id": null, "source_volid": null, "metadata": {}, "links": [{"rel": "self", "href": "http://10.132.44.209/volume/v3/volumes/f7f5a194-597c-4ca6-85ec-fe057b34242c"}, {"rel": "bookmark", "href": "http://10.132.44.209/volume/volumes/f7f5a194-597c-4ca6-85ec-fe057b34242c"}], "user_id": "0495918e1ed64bbb937615df1f938f30", "bootable": "false", "encrypted": false, "replication_status": null, "consistencygroup_id": null, "multiattach": false, "attachments": [], "os-vol-tenant-attr:tenant_id": "f92c30465503415cbc00028e1055323b"}}'
2026-03-26 11:04:45,166 129489 INFO     [tempest.lib.common.rest_client] Request (VolumesDeleteCascade:test_volume_from_snapshot_cascade_delete): 200 GET http://10.132.44.209/volume/v3/volumes/f7f5a194-597c-4ca6-85ec-fe057b34242c 0.032s
2026-03-26 11:04:45,166 129489 DEBUG    [tempest.lib.common.rest_client] Request - Headers: {'Content-Type': 'application/json', 'Accept': 'application/json', 'X-Auth-Token': '<omitted>'}
        Body: None
    Response - Headers: {'date': 'Thu, 26 Mar 2026 11:04:45 GMT', 'server': 'Apache/2.4.58 (Ubuntu)', 'content-type': 'application/json', 'x-compute-request-id': 'req-96045c7d-d584-4a39-b068-d5f293a6711e', 'content-length': '846', 'openstack-api-version': 'volume 3.0', 'vary': 'OpenStack-API-Version', 'x-openstack-request-id': 'req-96045c7d-d584-4a39-b068-d5f293a6711e', 'connection': 'close', 'status': '200', 'content-location': 'http://10.132.44.209/volume/v3/volumes/f7f5a194-597c-4ca6-85ec-fe057b34242c'}
        Body: b'{"volume": {"id": "f7f5a194-597c-4ca6-85ec-fe057b34242c", "status": "deleting", "size": 1, "availability_zone": "nova", "created_at": "2026-03-26T11:03:47.000000", "updated_at": "2026-03-26T11:03:50.000000", "name": "tempest-VolumesDeleteCascade-Volume-308554469", "description": null, "volume_type": "arcusfc1", "snapshot_id": null, "source_volid": null, "metadata": {}, "links": [{"rel": "self", "href": "http://10.132.44.209/volume/v3/volumes/f7f5a194-597c-4ca6-85ec-fe057b34242c"}, {"rel": "bookmark", "href": "http://10.132.44.209/volume/volumes/f7f5a194-597c-4ca6-85ec-fe057b34242c"}], "user_id": "0495918e1ed64bbb937615df1f938f30", "bootable": "false", "encrypted": false, "replication_status": null, "consistencygroup_id": null, "multi
    attach": false, "attachments": [], "os-vol-tenant-attr:tenant_id": "f92c30465503415cbc00028e1055323b"}}'
2026-03-26 11:04:46,214 129489 INFO     [tempest.lib.common.rest_client] Request (VolumesDeleteCascade:test_volume_from_snapshot_cascade_delete): 200 GET http://10.132.44.209/volume/v3/volumes/f7f5a194-597c-4ca6-85ec-fe057b34242c 0.040s
2026-03-26 11:04:46,215 129489 DEBUG    [tempest.lib.common.rest_client] Request - Headers: {'Content-Type': 'application/json', 'Accept': 'application/json', 'X-Auth-Token': '<omitted>'}
        Body: None
    Response - Headers: {'date': 'Thu, 26 Mar 2026 11:04:46 GMT', 'server': 'Apache/2.4.58 (Ubuntu)', 'content-type': 'application/json', 'x-compute-request-id': 'req-94169187-3f8f-40b4-81a5-67a0474baee0', 'content-length': '846', 'openstack-api-version': 'volume 3.0', 'vary': 'OpenStack-API-Version', 'x-openstack-request-id': 'req-94169187-3f8f-40b4-81a5-67a0474baee0', 'connection': 'close', 'status': '200', 'content-location': 'http://10.132.44.209/volume/v3/volumes/f7f5a194-597c-4ca6-85ec-fe057b34242c'}
        Body: b'{"volume": {"id": "f7f5a194-597c-4ca6-85ec-fe057b34242c", "status": "deleting", "size": 1, "availability_zone": "nova", "created_at": "2026-03-26T11:03:47.000000", "updated_at": "2026-03-26T11:03:50.000000", "name": "tempest-VolumesDeleteCascade-Volume-308554469", "description": null, "volume_type": "arcusfc1", "snapshot_id": null, "source_volid": null, "metadata": {}, "links": [{"rel": "self", "href": "http://10.132.44.209/volume/v3/volumes/f7f5a194-597c-4ca6-85ec-fe057b34242c"}, {"rel": "bookmark", "href": "http://10.132.44.209/volume/volumes/f7f5a194-597c-4ca6-85ec-fe057b34242c"}], "user_id": "0495918e1ed64bbb937615df1f938f30", "bootable": "false", "encrypted": false, "replication_status": null, "consistencygroup_id": null, "multiattach": false, "attachments": [], "os-vol-tenant-attr:tenant_id": "f92c30465503415cbc00028e1055323b"}}'
2026-03-26 11:04:47,266 129489 INFO     [tempest.lib.common.rest_client] Request (VolumesDeleteCascade:test_volume_from_snapshot_cascade_delete): 200 GET http://10.132.44.209/volume/v3/volumes/f7f5a194-597c-4ca6-85ec-fe057b34242c 0.037s
2026-03-26 11:04:47,266 129489 DEBUG    [tempest.lib.common.rest_client] Request - Headers: {'Content-Type': 'application/json', 'Accept': 'application/json', 'X-Auth-Token': '<omitted>'}
        Body: None
    Response - Headers: {'date': 'Thu, 26 Mar 2026 11:04:47 GMT', 'server': 'Apache/2.4.58 (Ubuntu)', 'content-type': 'application/json', 'x-compute-request-id': 'req-3b01d147-0bad-4dc0-ae59-e4c3aeb9de7a', 'content-length': '846', 'openstack-api-version': 'volume 3.0', 'vary': 'OpenStack-API-Version', 'x-openstack-request-id': 'req-3b01d147-0bad-4dc0-ae59-e4c3aeb9de7a', 'connection': 'close', 'status': '200', 'content-location': 'http://10.132.44.209/volume/v3/volumes/f7f5a194-597c-4ca6-85ec-fe057b34242c'}
        Body: b'{"volume": {"id": "f7f5a194-597c-4ca6-85ec-fe057b34242c", "status": "deleting", "size": 1, "availability_zone": "nova", "created_at": "2026-03-26T11:03:47.000000", "updated_at": "2026-03-26T11:03:50.000000", "name": "tempest-VolumesDeleteCascade-Volume-308554469", "description": null, "volume_type": "arcusfc1", "snapshot_id": null, "source_volid": null, "metadata": {}, "links": [{"rel": "self", "href": "http://10.132.44.209/volume/v3/volumes/f7f5a194-597c-4ca6-85ec-fe057b34242c"}, {"rel": "bookmark", "href": "http://10.132.44.209/volume/volumes/f7f5a194-597c-4ca6-85ec-fe057b34242c"}], "user_id": "0495918e1ed64bbb937615df1f938f30", "bootable": "false", "encrypted": false, "replication_status": null, "consistencygroup_id": null, "multiattach": false, "attachments": [], "os-vol-tenant-attr:tenant_id": "f92c30465503415cbc00028e1055323b"}}'
2026-03-26 11:04:48,314 129489 INFO     [tempest.lib.common.rest_client] Request (VolumesDeleteCascade:test_volume_from_snapshot_cascade_delete): 200 GET http://10.132.44.209/volume/v3/volumes/f7f5a194-597c-4ca6-85ec-fe057b34242c 0.039s
2026-03-26 11:04:48,314 129489 DEBUG    [tempest.lib.common.rest_client] Request - Headers: {'Content-Type': 'appl
    ication/json', 'Accept': 'application/json', 'X-Auth-Token': '<omitted>'}
        Body: None
    Response - Headers: {'date': 'Thu, 26 Mar 2026 11:04:48 GMT', 'server': 'Apache/2.4.58 (Ubuntu)', 'content-type': 'application/json', 'x-compute-request-id': 'req-157e3b80-f2c2-4653-818d-b7697e823501', 'content-length': '846', 'openstack-api-version': 'volume 3.0', 'vary': 'OpenStack-API-Version', 'x-openstack-request-id': 'req-157e3b80-f2c2-4653-818d-b7697e823501', 'connection': 'close', 'status': '200', 'content-location': 'http://10.132.44.209/volume/v3/volumes/f7f5a194-597c-4ca6-85ec-fe057b34242c'}
        Body: b'{"volume": {"id": "f7f5a194-597c-4ca6-85ec-fe057b34242c", "status": "deleting", "size": 1, "availability_zone": "nova", "created_at": "2026-03-26T11:03:47.000000", "updated_at": "2026-03-26T11:03:50.000000", "name": "tempest-VolumesDeleteCascade-Volume-308554469", "description": null, "volume_type": "arcusfc1", "snapshot_id": null, "source_volid": null, "metadata": {}, "links": [{"rel": "self", "href": "http://10.132.44.209/volume/v3/volumes/f7f5a194-597c-4ca6-85ec-fe057b34242c"}, {"rel": "bookmark", "href": "http://10.132.44.209/volume/volumes/f7f5a194-597c-4ca6-85ec-fe057b34242c"}], "user_id": "0495918e1ed64bbb937615df1f938f30", "bootable": "false", "encrypted": false, "replication_status": null, "consistencygroup_id": null, "multiattach": false, "attachments": [], "os-vol-tenant-attr:tenant_id": "f92c30465503415cbc00028e1055323b"}}'
2026-03-26 11:04:49,367 129489 INFO     [tempest.lib.common.rest_client] Request (VolumesDeleteCascade:test_volume_from_snapshot_cascade_delete): 200 GET http://10.132.44.209/volume/v3/volumes/f7f5a194-597c-4ca6-85ec-fe057b34242c 0.037s
2026-03-26 11:04:49,367 129489 DEBUG    [tempest.lib.common.rest_client] Request - Headers: {'Content-Type': 'application/json', 'Accept': 'application/json', 'X-Auth-Token': '<omitted>'}
        Body: None
    Response - Headers: {'date': 'Thu, 26 Mar 2026 11:04:49 GMT', 'server': 'Apache/2.4.58 (Ubuntu)', 'content-type': 'application/json', 'x-compute-request-id': 'req-f2ab6f1f-ea7e-4730-83da-5b8e1e027538', 'content-length': '846', 'openstack-api-version': 'volume 3.0', 'vary': 'OpenStack-API-Version', 'x-openstack-request-id': 'req-f2ab6f1f-ea7e-4730-83da-5b8e1e027538', 'connection': 'close', 'status': '200', 'content-location': 'http://10.132.44.209/volume/v3/volumes/f7f5a194-597c-4ca6-85ec-fe057b34242c'}
        Body: b'{"volume": {"id": "f7f5a194-597c-4ca6-85ec-fe057b34242c", "status": "deleting", "size": 1, "availability_zone": "nova", "created_at": "2026-03-26T11:03:47.000000", "updated_at": "2026-03-26T11:03:50.000000", "name": "tempest-VolumesDeleteCascade-Volume-308554469", "description": null, "volume_type": "arcusfc1", "snapshot_id": null, "source_volid": null, "metadata": {}, "links": [{"rel": "self", "href": "http://10.132.44.209/volume/v3/volumes/f7f5a194-597c-4ca6-85ec-fe057b34242c"}, {"rel": "bookmark", "href": "http://10.132.44.209/volume/volumes/f7f5a194-597c-4ca6-85ec-fe057b34242c"}], "user_id": "0495918e1ed64bbb937615df1f938f30", "bootable": "false", "encrypted": false, "replication_status": null, "consistencygroup_id": null, "multiattach": false, "attachments": [], "os-vol-tenant-attr:tenant_id": "f92c30465503415cbc00028e1055323b"}}'
2026-03-26 11:04:50,418 129489 INFO     [tempest.lib.common.rest_client] Request (VolumesDeleteCascade:test_volume_from_snapshot_cascade_delete): 200 GET http://10.132.44.209/volume/v3/volumes/f7f5a194-597c-4ca6-85ec-fe057b34242c 0.041s
2026-03-26 11:04:50,418 129489 DEBUG    [tempest.lib.common.rest_client] Request - Headers: {'Content-Type': 'application/json', 'Accept': 'application/json', 'X-Auth-Token': '<omitted>'}
        Body: None
    Response - Headers: {'date': 'Thu, 26 Mar 2026 11:04:50 GMT', 'server': 'Apache/2.4.58 (Ubuntu)', 'content-type': 'application/json', 'x-compute-request-id': 'req-0b6f371f-ebd8-4b2b-8f4f-8470d477bd26', 'content-length': '846', 'openstack-api-version': 'volume 3.0', 'vary': 'OpenStack-API-Version', 'x-openstack-request-id': 'req-0b6f371f-ebd8-4b2b-8f4f-8470d
    477bd26', 'connection': 'close', 'status': '200', 'content-location': 'http://10.132.44.209/volume/v3/volumes/f7f5a194-597c-4ca6-85ec-fe057b34242c'}
        Body: b'{"volume": {"id": "f7f5a194-597c-4ca6-85ec-fe057b34242c", "status": "deleting", "size": 1, "availability_zone": "nova", "created_at": "2026-03-26T11:03:47.000000", "updated_at": "2026-03-26T11:03:50.000000", "name": "tempest-VolumesDeleteCascade-Volume-308554469", "description": null, "volume_type": "arcusfc1", "snapshot_id": null, "source_volid": null, "metadata": {}, "links": [{"rel": "self", "href": "http://10.132.44.209/volume/v3/volumes/f7f5a194-597c-4ca6-85ec-fe057b34242c"}, {"rel": "bookmark", "href": "http://10.132.44.209/volume/volumes/f7f5a194-597c-4ca6-85ec-fe057b34242c"}], "user_id": "0495918e1ed64bbb937615df1f938f30", "bootable": "false", "encrypted": false, "replication_status": null, "consistencygroup_id": null, "multiattach": false, "attachments": [], "os-vol-tenant-attr:tenant_id": "f92c30465503415cbc00028e1055323b"}}'
2026-03-26 11:04:51,474 129489 INFO     [tempest.lib.common.rest_client] Request (VolumesDeleteCascade:test_volume_from_snapshot_cascade_delete): 200 GET http://10.132.44.209/volume/v3/volumes/f7f5a194-597c-4ca6-85ec-fe057b34242c 0.039s
2026-03-26 11:04:51,474 129489 DEBUG    [tempest.lib.common.rest_client] Request - Headers: {'Content-Type': 'application/json', 'Accept': 'application/json', 'X-Auth-Token': '<omitted>'}
        Body: None
    Response - Headers: {'date': 'Thu, 26 Mar 2026 11:04:51 GMT', 'server': 'Apache/2.4.58 (Ubuntu)', 'content-type': 'application/json', 'x-compute-request-id': 'req-7eed7074-f253-4b50-bce4-1a04518da6cf', 'content-length': '846', 'openstack-api-version': 'volume 3.0', 'vary': 'OpenStack-API-Version', 'x-openstack-request-id': 'req-7eed7074-f253-4b50-bce4-1a04518da6cf', 'connection': 'close', 'status': '200', 'content-location': 'http://10.132.44.209/volume/v3/volumes/f7f5a194-597c-4ca6-85ec-fe057b34242c'}
        Body: b'{"volume": {"id": "f7f5a194-597c-4ca6-85ec-fe057b34242c", "status": "deleting", "size": 1, "availability_zone": "nova", "created_at": "2026-03-26T11:03:47.000000", "updated_at": "2026-03-26T11:03:50.000000", "name": "tempest-VolumesDeleteCascade-Volume-308554469", "description": null, "volume_type": "arcusfc1", "snapshot_id": null, "source_volid": null, "metadata": {}, "links": [{"rel": "self", "href": "http://10.132.44.209/volume/v3/volumes/f7f5a194-597c-4ca6-85ec-fe057b34242c"}, {"rel": "bookmark", "href": "http://10.132.44.209/volume/volumes/f7f5a194-597c-4ca6-85ec-fe057b34242c"}], "user_id": "0495918e1ed64bbb937615df1f938f30", "bootable": "false", "encrypted": false, "replication_status": null, "consistencygroup_id": null, "multiattach": false, "attachments": [], "os-vol-tenant-attr:tenant_id": "f92c30465503415cbc00028e1055323b"}}'
2026-03-26 11:04:52,525 129489 INFO     [tempest.lib.common.rest_client] Request (VolumesDeleteCascade:test_volume_from_snapshot_cascade_delete): 200 GET http://10.132.44.209/volume/v3/volumes/f7f5a194-597c-4ca6-85ec-fe057b34242c 0.039s
2026-03-26 11:04:52,526 129489 DEBUG    [tempest.lib.common.rest_client] Request - Headers: {'Content-Type': 'application/json', 'Accept': 'application/json', 'X-Auth-Token': '<omitted>'}
        Body: None
    Response - Headers: {'date': 'Thu, 26 Mar 2026 11:04:52 GMT', 'server': 'Apache/2.4.58 (Ubuntu)', 'content-type': 'application/json', 'x-compute-request-id': 'req-a58f7309-32a9-46a1-a1e9-d85e21ca2015', 'content-length': '846', 'openstack-api-version': 'volume 3.0', 'vary': 'OpenStack-API-Version', 'x-openstack-request-id': 'req-a58f7309-32a9-46a1-a1e9-d85e21ca2015', 'connection': 'close', 'status': '200', 'content-location': 'http://10.132.44.209/volume/v3/volumes/f7f5a194-597c-4ca6-85ec-fe057b34242c'}
        Body: b'{"volume": {"id": "f7f5a194-597c-4ca6-85ec-fe057b34242c", "status": "deleting", "size": 1, "availability_zone": "nova", "created_at": "2026-03-26T11:03:47.000000", "updated_at": "2026-03-26T11:03:50.000000", "name": "tempest-VolumesDeleteCascade-Volume-308554469", "description": null, "volu
    me_type": "arcusfc1", "snapshot_id": null, "source_volid": null, "metadata": {}, "links": [{"rel": "self", "href": "http://10.132.44.209/volume/v3/volumes/f7f5a194-597c-4ca6-85ec-fe057b34242c"}, {"rel": "bookmark", "href": "http://10.132.44.209/volume/volumes/f7f5a194-597c-4ca6-85ec-fe057b34242c"}], "user_id": "0495918e1ed64bbb937615df1f938f30", "bootable": "false", "encrypted": false, "replication_status": null, "consistencygroup_id": null, "multiattach": false, "attachments": [], "os-vol-tenant-attr:tenant_id": "f92c30465503415cbc00028e1055323b"}}'
2026-03-26 11:04:53,584 129489 INFO     [tempest.lib.common.rest_client] Request (VolumesDeleteCascade:test_volume_from_snapshot_cascade_delete): 200 GET http://10.132.44.209/volume/v3/volumes/f7f5a194-597c-4ca6-85ec-fe057b34242c 0.042s
2026-03-26 11:04:53,585 129489 DEBUG    [tempest.lib.common.rest_client] Request - Headers: {'Content-Type': 'application/json', 'Accept': 'application/json', 'X-Auth-Token': '<omitted>'}
        Body: None
    Response - Headers: {'date': 'Thu, 26 Mar 2026 11:04:53 GMT', 'server': 'Apache/2.4.58 (Ubuntu)', 'content-type': 'application/json', 'x-compute-request-id': 'req-d59045d8-ce37-475f-bcc1-cb56176746bc', 'content-length': '846', 'openstack-api-version': 'volume 3.0', 'vary': 'OpenStack-API-Version', 'x-openstack-request-id': 'req-d59045d8-ce37-475f-bcc1-cb56176746bc', 'connection': 'close', 'status': '200', 'content-location': 'http://10.132.44.209/volume/v3/volumes/f7f5a194-597c-4ca6-85ec-fe057b34242c'}
        Body: b'{"volume": {"id": "f7f5a194-597c-4ca6-85ec-fe057b34242c", "status": "deleting", "size": 1, "availability_zone": "nova", "created_at": "2026-03-26T11:03:47.000000", "updated_at": "2026-03-26T11:03:50.000000", "name": "tempest-VolumesDeleteCascade-Volume-308554469", "description": null, "volume_type": "arcusfc1", "snapshot_id": null, "source_volid": null, "metadata": {}, "links": [{"rel": "self", "href": "http://10.132.44.209/volume/v3/volumes/f7f5a194-597c-4ca6-85ec-fe057b34242c"}, {"rel": "bookmark", "href": "http://10.132.44.209/volume/volumes/f7f5a194-597c-4ca6-85ec-fe057b34242c"}], "user_id": "0495918e1ed64bbb937615df1f938f30", "bootable": "false", "encrypted": false, "replication_status": null, "consistencygroup_id": null, "multiattach": false, "attachments": [], "os-vol-tenant-attr:tenant_id": "f92c30465503415cbc00028e1055323b"}}'
2026-03-26 11:04:54,637 129489 INFO     [tempest.lib.common.rest_client] Request (VolumesDeleteCascade:test_volume_from_snapshot_cascade_delete): 200 GET http://10.132.44.209/volume/v3/volumes/f7f5a194-597c-4ca6-85ec-fe057b34242c 0.040s
2026-03-26 11:04:54,638 129489 DEBUG    [tempest.lib.common.rest_client] Request - Headers: {'Content-Type': 'application/json', 'Accept': 'application/json', 'X-Auth-Token': '<omitted>'}
        Body: None
    Response - Headers: {'date': 'Thu, 26 Mar 2026 11:04:54 GMT', 'server': 'Apache/2.4.58 (Ubuntu)', 'content-type': 'application/json', 'x-compute-request-id': 'req-4169a3a9-dc10-4730-b3db-887d6f9532c9', 'content-length': '846', 'openstack-api-version': 'volume 3.0', 'vary': 'OpenStack-API-Version', 'x-openstack-request-id': 'req-4169a3a9-dc10-4730-b3db-887d6f9532c9', 'connection': 'close', 'status': '200', 'content-location': 'http://10.132.44.209/volume/v3/volumes/f7f5a194-597c-4ca6-85ec-fe057b34242c'}
        Body: b'{"volume": {"id": "f7f5a194-597c-4ca6-85ec-fe057b34242c", "status": "deleting", "size": 1, "availability_zone": "nova", "created_at": "2026-03-26T11:03:47.000000", "updated_at": "2026-03-26T11:03:50.000000", "name": "tempest-VolumesDeleteCascade-Volume-308554469", "description": null, "volume_type": "arcusfc1", "snapshot_id": null, "source_volid": null, "metadata": {}, "links": [{"rel": "self", "href": "http://10.132.44.209/volume/v3/volumes/f7f5a194-597c-4ca6-85ec-fe057b34242c"}, {"rel": "bookmark", "href": "http://10.132.44.209/volume/volumes/f7f5a194-597c-4ca6-85ec-fe057b34242c"}], "user_id": "0495918e1ed64bbb937615df1f938f30", "bootable": "false", "encrypted": false, "replication_status": null, "consistencygroup_id": null, "multiatta
    ch": false, "attachments": [], "os-vol-tenant-attr:tenant_id": "f92c30465503415cbc00028e1055323b"}}'
2026-03-26 11:04:55,692 129489 INFO     [tempest.lib.common.rest_client] Request (VolumesDeleteCascade:test_volume_from_snapshot_cascade_delete): 200 GET http://10.132.44.209/volume/v3/volumes/f7f5a194-597c-4ca6-85ec-fe057b34242c 0.039s
2026-03-26 11:04:55,693 129489 DEBUG    [tempest.lib.common.rest_client] Request - Headers: {'Content-Type': 'application/json', 'Accept': 'application/json', 'X-Auth-Token': '<omitted>'}
        Body: None
    Response - Headers: {'date': 'Thu, 26 Mar 2026 11:04:55 GMT', 'server': 'Apache/2.4.58 (Ubuntu)', 'content-type': 'application/json', 'x-compute-request-id': 'req-4ba27ada-f3ab-44f7-92c8-e67bbbee4be5', 'content-length': '846', 'openstack-api-version': 'volume 3.0', 'vary': 'OpenStack-API-Version', 'x-openstack-request-id': 'req-4ba27ada-f3ab-44f7-92c8-e67bbbee4be5', 'connection': 'close', 'status': '200', 'content-location': 'http://10.132.44.209/volume/v3/volumes/f7f5a194-597c-4ca6-85ec-fe057b34242c'}
        Body: b'{"volume": {"id": "f7f5a194-597c-4ca6-85ec-fe057b34242c", "status": "deleting", "size": 1, "availability_zone": "nova", "created_at": "2026-03-26T11:03:47.000000", "updated_at": "2026-03-26T11:03:50.000000", "name": "tempest-VolumesDeleteCascade-Volume-308554469", "description": null, "volume_type": "arcusfc1", "snapshot_id": null, "source_volid": null, "metadata": {}, "links": [{"rel": "self", "href": "http://10.132.44.209/volume/v3/volumes/f7f5a194-597c-4ca6-85ec-fe057b34242c"}, {"rel": "bookmark", "href": "http://10.132.44.209/volume/volumes/f7f5a194-597c-4ca6-85ec-fe057b34242c"}], "user_id": "0495918e1ed64bbb937615df1f938f30", "bootable": "false", "encrypted": false, "replication_status": null, "consistencygroup_id": null, "multiattach": false, "attachments": [], "os-vol-tenant-attr:tenant_id": "f92c30465503415cbc00028e1055323b"}}'
2026-03-26 11:04:56,747 129489 INFO     [tempest.lib.common.rest_client] Request (VolumesDeleteCascade:test_volume_from_snapshot_cascade_delete): 200 GET http://10.132.44.209/volume/v3/volumes/f7f5a194-597c-4ca6-85ec-fe057b34242c 0.039s
2026-03-26 11:04:56,747 129489 DEBUG    [tempest.lib.common.rest_client] Request - Headers: {'Content-Type': 'application/json', 'Accept': 'application/json', 'X-Auth-Token': '<omitted>'}
        Body: None
    Response - Headers: {'date': 'Thu, 26 Mar 2026 11:04:56 GMT', 'server': 'Apache/2.4.58 (Ubuntu)', 'content-type': 'application/json', 'x-compute-request-id': 'req-d4416624-d860-42f9-bdf5-7243435bf363', 'content-length': '846', 'openstack-api-version': 'volume 3.0', 'vary': 'OpenStack-API-Version', 'x-openstack-request-id': 'req-d4416624-d860-42f9-bdf5-7243435bf363', 'connection': 'close', 'status': '200', 'content-location': 'http://10.132.44.209/volume/v3/volumes/f7f5a194-597c-4ca6-85ec-fe057b34242c'}
        Body: b'{"volume": {"id": "f7f5a194-597c-4ca6-85ec-fe057b34242c", "status": "deleting", "size": 1, "availability_zone": "nova", "created_at": "2026-03-26T11:03:47.000000", "updated_at": "2026-03-26T11:03:50.000000", "name": "tempest-VolumesDeleteCascade-Volume-308554469", "description": null, "volume_type": "arcusfc1", "snapshot_id": null, "source_volid": null, "metadata": {}, "links": [{"rel": "self", "href": "http://10.132.44.209/volume/v3/volumes/f7f5a194-597c-4ca6-85ec-fe057b34242c"}, {"rel": "bookmark", "href": "http://10.132.44.209/volume/volumes/f7f5a194-597c-4ca6-85ec-fe057b34242c"}], "user_id": "0495918e1ed64bbb937615df1f938f30", "bootable": "false", "encrypted": false, "replication_status": null, "consistencygroup_id": null, "multiattach": false, "attachments": [], "os-vol-tenant-attr:tenant_id": "f92c30465503415cbc00028e1055323b"}}'
2026-03-26 11:04:57,793 129489 INFO     [tempest.lib.common.rest_client] Request (VolumesDeleteCascade:test_volume_from_snapshot_cascade_delete): 200 GET http://10.132.44.209/volume/v3/volumes/f7f5a194-597c-4ca6-85ec-fe057b34242c 0.039s
2026-03-26 11:04:57,794 129489 DEBUG    [tempest.lib.common.rest_client] Request - Headers: {'Content-Type': 'applicat
    ion/json', 'Accept': 'application/json', 'X-Auth-Token': '<omitted>'}
        Body: None
    Response - Headers: {'date': 'Thu, 26 Mar 2026 11:04:57 GMT', 'server': 'Apache/2.4.58 (Ubuntu)', 'content-type': 'application/json', 'x-compute-request-id': 'req-1e1bce5d-eab0-4726-a011-2af4c49c0931', 'content-length': '846', 'openstack-api-version': 'volume 3.0', 'vary': 'OpenStack-API-Version', 'x-openstack-request-id': 'req-1e1bce5d-eab0-4726-a011-2af4c49c0931', 'connection': 'close', 'status': '200', 'content-location': 'http://10.132.44.209/volume/v3/volumes/f7f5a194-597c-4ca6-85ec-fe057b34242c'}
        Body: b'{"volume": {"id": "f7f5a194-597c-4ca6-85ec-fe057b34242c", "status": "deleting", "size": 1, "availability_zone": "nova", "created_at": "2026-03-26T11:03:47.000000", "updated_at": "2026-03-26T11:03:50.000000", "name": "tempest-VolumesDeleteCascade-Volume-308554469", "description": null, "volume_type": "arcusfc1", "snapshot_id": null, "source_volid": null, "metadata": {}, "links": [{"rel": "self", "href": "http://10.132.44.209/volume/v3/volumes/f7f5a194-597c-4ca6-85ec-fe057b34242c"}, {"rel": "bookmark", "href": "http://10.132.44.209/volume/volumes/f7f5a194-597c-4ca6-85ec-fe057b34242c"}], "user_id": "0495918e1ed64bbb937615df1f938f30", "bootable": "false", "encrypted": false, "replication_status": null, "consistencygroup_id": null, "multiattach": false, "attachments": [], "os-vol-tenant-attr:tenant_id": "f92c30465503415cbc00028e1055323b"}}'
2026-03-26 11:04:58,847 129489 INFO     [tempest.lib.common.rest_client] Request (VolumesDeleteCascade:test_volume_from_snapshot_cascade_delete): 200 GET http://10.132.44.209/volume/v3/volumes/f7f5a194-597c-4ca6-85ec-fe057b34242c 0.040s
2026-03-26 11:04:58,848 129489 DEBUG    [tempest.lib.common.rest_client] Request - Headers: {'Content-Type': 'application/json', 'Accept': 'application/json', 'X-Auth-Token': '<omitted>'}
        Body: None
    Response - Headers: {'date': 'Thu, 26 Mar 2026 11:04:58 GMT', 'server': 'Apache/2.4.58 (Ubuntu)', 'content-type': 'application/json', 'x-compute-request-id': 'req-a5744d96-59ef-4d1b-b5f3-b922f95473e7', 'content-length': '846', 'openstack-api-version': 'volume 3.0', 'vary': 'OpenStack-API-Version', 'x-openstack-request-id': 'req-a5744d96-59ef-4d1b-b5f3-b922f95473e7', 'connection': 'close', 'status': '200', 'content-location': 'http://10.132.44.209/volume/v3/volumes/f7f5a194-597c-4ca6-85ec-fe057b34242c'}
        Body: b'{"volume": {"id": "f7f5a194-597c-4ca6-85ec-fe057b34242c", "status": "deleting", "size": 1, "availability_zone": "nova", "created_at": "2026-03-26T11:03:47.000000", "updated_at": "2026-03-26T11:03:50.000000", "name": "tempest-VolumesDeleteCascade-Volume-308554469", "description": null, "volume_type": "arcusfc1", "snapshot_id": null, "source_volid": null, "metadata": {}, "links": [{"rel": "self", "href": "http://10.132.44.209/volume/v3/volumes/f7f5a194-597c-4ca6-85ec-fe057b34242c"}, {"rel": "bookmark", "href": "http://10.132.44.209/volume/volumes/f7f5a194-597c-4ca6-85ec-fe057b34242c"}], "user_id": "0495918e1ed64bbb937615df1f938f30", "bootable": "false", "encrypted": false, "replication_status": null, "consistencygroup_id": null, "multiattach": false, "attachments": [], "os-vol-tenant-attr:tenant_id": "f92c30465503415cbc00028e1055323b"}}'
2026-03-26 11:04:59,904 129489 INFO     [tempest.lib.common.rest_client] Request (VolumesDeleteCascade:test_volume_from_snapshot_cascade_delete): 200 GET http://10.132.44.209/volume/v3/volumes/f7f5a194-597c-4ca6-85ec-fe057b34242c 0.046s
2026-03-26 11:04:59,905 129489 DEBUG    [tempest.lib.common.rest_client] Request - Headers: {'Content-Type': 'application/json', 'Accept': 'application/json', 'X-Auth-Token': '<omitted>'}
        Body: None
    Response - Headers: {'date': 'Thu, 26 Mar 2026 11:04:59 GMT', 'server': 'Apache/2.4.58 (Ubuntu)', 'content-type': 'application/json', 'x-compute-request-id': 'req-119bc661-7982-46a7-b96f-5bb22976d2f1', 'content-length': '846', 'openstack-api-version': 'volume 3.0', 'vary': 'OpenStack-API-Version', 'x-openstack-request-id': 'req-119bc661-7982-46a7-b96f-5bb22976d
    2f1', 'connection': 'close', 'status': '200', 'content-location': 'http://10.132.44.209/volume/v3/volumes/f7f5a194-597c-4ca6-85ec-fe057b34242c'}
        Body: b'{"volume": {"id": "f7f5a194-597c-4ca6-85ec-fe057b34242c", "status": "deleting", "size": 1, "availability_zone": "nova", "created_at": "2026-03-26T11:03:47.000000", "updated_at": "2026-03-26T11:03:50.000000", "name": "tempest-VolumesDeleteCascade-Volume-308554469", "description": null, "volume_type": "arcusfc1", "snapshot_id": null, "source_volid": null, "metadata": {}, "links": [{"rel": "self", "href": "http://10.132.44.209/volume/v3/volumes/f7f5a194-597c-4ca6-85ec-fe057b34242c"}, {"rel": "bookmark", "href": "http://10.132.44.209/volume/volumes/f7f5a194-597c-4ca6-85ec-fe057b34242c"}], "user_id": "0495918e1ed64bbb937615df1f938f30", "bootable": "false", "encrypted": false, "replication_status": null, "consistencygroup_id": null, "multiattach": false, "attachments": [], "os-vol-tenant-attr:tenant_id": "f92c30465503415cbc00028e1055323b"}}'
2026-03-26 11:05:00,961 129489 INFO     [tempest.lib.common.rest_client] Request (VolumesDeleteCascade:test_volume_from_snapshot_cascade_delete): 200 GET http://10.132.44.209/volume/v3/volumes/f7f5a194-597c-4ca6-85ec-fe057b34242c 0.043s
2026-03-26 11:05:00,962 129489 DEBUG    [tempest.lib.common.rest_client] Request - Headers: {'Content-Type': 'application/json', 'Accept': 'application/json', 'X-Auth-Token': '<omitted>'}
        Body: None
    Response - Headers: {'date': 'Thu, 26 Mar 2026 11:05:00 GMT', 'server': 'Apache/2.4.58 (Ubuntu)', 'content-type': 'application/json', 'x-compute-request-id': 'req-2a593d13-5eb3-4ff0-a8c5-bb672bfc34ed', 'content-length': '846', 'openstack-api-version': 'volume 3.0', 'vary': 'OpenStack-API-Version', 'x-openstack-request-id': 'req-2a593d13-5eb3-4ff0-a8c5-bb672bfc34ed', 'connection': 'close', 'status': '200', 'content-location': 'http://10.132.44.209/volume/v3/volumes/f7f5a194-597c-4ca6-85ec-fe057b34242c'}
        Body: b'{"volume": {"id": "f7f5a194-597c-4ca6-85ec-fe057b34242c", "status": "deleting", "size": 1, "availability_zone": "nova", "created_at": "2026-03-26T11:03:47.000000", "updated_at": "2026-03-26T11:03:50.000000", "name": "tempest-VolumesDeleteCascade-Volume-308554469", "description": null, "volume_type": "arcusfc1", "snapshot_id": null, "source_volid": null, "metadata": {}, "links": [{"rel": "self", "href": "http://10.132.44.209/volume/v3/volumes/f7f5a194-597c-4ca6-85ec-fe057b34242c"}, {"rel": "bookmark", "href": "http://10.132.44.209/volume/volumes/f7f5a194-597c-4ca6-85ec-fe057b34242c"}], "user_id": "0495918e1ed64bbb937615df1f938f30", "bootable": "false", "encrypted": false, "replication_status": null, "consistencygroup_id": null, "multiattach": false, "attachments": [], "os-vol-tenant-attr:tenant_id": "f92c30465503415cbc00028e1055323b"}}'
2026-03-26 11:05:02,014 129489 INFO     [tempest.lib.common.rest_client] Request (VolumesDeleteCascade:test_volume_from_snapshot_cascade_delete): 200 GET http://10.132.44.209/volume/v3/volumes/f7f5a194-597c-4ca6-85ec-fe057b34242c 0.039s
2026-03-26 11:05:02,015 129489 DEBUG    [tempest.lib.common.rest_client] Request - Headers: {'Content-Type': 'application/json', 'Accept': 'application/json', 'X-Auth-Token': '<omitted>'}
        Body: None
    Response - Headers: {'date': 'Thu, 26 Mar 2026 11:05:01 GMT', 'server': 'Apache/2.4.58 (Ubuntu)', 'content-type': 'application/json', 'x-compute-request-id': 'req-21a4db07-7d0a-43ae-9175-2feffca30ab6', 'content-length': '846', 'openstack-api-version': 'volume 3.0', 'vary': 'OpenStack-API-Version', 'x-openstack-request-id': 'req-21a4db07-7d0a-43ae-9175-2feffca30ab6', 'connection': 'close', 'status': '200', 'content-location': 'http://10.132.44.209/volume/v3/volumes/f7f5a194-597c-4ca6-85ec-fe057b34242c'}
        Body: b'{"volume": {"id": "f7f5a194-597c-4ca6-85ec-fe057b34242c", "status": "deleting", "size": 1, "availability_zone": "nova", "created_at": "2026-03-26T11:03:47.000000", "updated_at": "2026-03-26T11:03:50.000000", "name": "tempest-VolumesDeleteCascade-Volume-308554469", "description": null, "volume_t
    ype": "arcusfc1", "snapshot_id": null, "source_volid": null, "metadata": {}, "links": [{"rel": "self", "href": "http://10.132.44.209/volume/v3/volumes/f7f5a194-597c-4ca6-85ec-fe057b34242c"}, {"rel": "bookmark", "href": "http://10.132.44.209/volume/volumes/f7f5a194-597c-4ca6-85ec-fe057b34242c"}], "user_id": "0495918e1ed64bbb937615df1f938f30", "bootable": "false", "encrypted": false, "replication_status": null, "consistencygroup_id": null, "multiattach": false, "attachments": [], "os-vol-tenant-attr:tenant_id": "f92c30465503415cbc00028e1055323b"}}'
2026-03-26 11:05:03,077 129489 INFO     [tempest.lib.common.rest_client] Request (VolumesDeleteCascade:test_volume_from_snapshot_cascade_delete): 200 GET http://10.132.44.209/volume/v3/volumes/f7f5a194-597c-4ca6-85ec-fe057b34242c 0.048s
2026-03-26 11:05:03,078 129489 DEBUG    [tempest.lib.common.rest_client] Request - Headers: {'Content-Type': 'application/json', 'Accept': 'application/json', 'X-Auth-Token': '<omitted>'}
        Body: None
    Response - Headers: {'date': 'Thu, 26 Mar 2026 11:05:03 GMT', 'server': 'Apache/2.4.58 (Ubuntu)', 'content-type': 'application/json', 'x-compute-request-id': 'req-51f3e09b-1378-4509-b5de-77b6209593c9', 'content-length': '846', 'openstack-api-version': 'volume 3.0', 'vary': 'OpenStack-API-Version', 'x-openstack-request-id': 'req-51f3e09b-1378-4509-b5de-77b6209593c9', 'connection': 'close', 'status': '200', 'content-location': 'http://10.132.44.209/volume/v3/volumes/f7f5a194-597c-4ca6-85ec-fe057b34242c'}
        Body: b'{"volume": {"id": "f7f5a194-597c-4ca6-85ec-fe057b34242c", "status": "deleting", "size": 1, "availability_zone": "nova", "created_at": "2026-03-26T11:03:47.000000", "updated_at": "2026-03-26T11:03:50.000000", "name": "tempest-VolumesDeleteCascade-Volume-308554469", "description": null, "volume_type": "arcusfc1", "snapshot_id": null, "source_volid": null, "metadata": {}, "links": [{"rel": "self", "href": "http://10.132.44.209/volume/v3/volumes/f7f5a194-597c-4ca6-85ec-fe057b34242c"}, {"rel": "bookmark", "href": "http://10.132.44.209/volume/volumes/f7f5a194-597c-4ca6-85ec-fe057b34242c"}], "user_id": "0495918e1ed64bbb937615df1f938f30", "bootable": "false", "encrypted": false, "replication_status": null, "consistencygroup_id": null, "multiattach": false, "attachments": [], "os-vol-tenant-attr:tenant_id": "f92c30465503415cbc00028e1055323b"}}'
2026-03-26 11:05:04,125 129489 INFO     [tempest.lib.common.rest_client] Request (VolumesDeleteCascade:test_volume_from_snapshot_cascade_delete): 200 GET http://10.132.44.209/volume/v3/volumes/f7f5a194-597c-4ca6-85ec-fe057b34242c 0.034s
2026-03-26 11:05:04,125 129489 DEBUG    [tempest.lib.common.rest_client] Request - Headers: {'Content-Type': 'application/json', 'Accept': 'application/json', 'X-Auth-Token': '<omitted>'}
        Body: None
    Response - Headers: {'date': 'Thu, 26 Mar 2026 11:05:04 GMT', 'server': 'Apache/2.4.58 (Ubuntu)', 'content-type': 'application/json', 'x-compute-request-id': 'req-227fee4c-ca1b-4559-a129-e1252bf749db', 'content-length': '846', 'openstack-api-version': 'volume 3.0', 'vary': 'OpenStack-API-Version', 'x-openstack-request-id': 'req-227fee4c-ca1b-4559-a129-e1252bf749db', 'connection': 'close', 'status': '200', 'content-location': 'http://10.132.44.209/volume/v3/volumes/f7f5a194-597c-4ca6-85ec-fe057b34242c'}
        Body: b'{"volume": {"id": "f7f5a194-597c-4ca6-85ec-fe057b34242c", "status": "deleting", "size": 1, "availability_zone": "nova", "created_at": "2026-03-26T11:03:47.000000", "updated_at": "2026-03-26T11:03:50.000000", "name": "tempest-VolumesDeleteCascade-Volume-308554469", "description": null, "volume_type": "arcusfc1", "snapshot_id": null, "source_volid": null, "metadata": {}, "links": [{"rel": "self", "href": "http://10.132.44.209/volume/v3/volumes/f7f5a194-597c-4ca6-85ec-fe057b34242c"}, {"rel": "bookmark", "href": "http://10.132.44.209/volume/volumes/f7f5a194-597c-4ca6-85ec-fe057b34242c"}], "user_id": "0495918e1ed64bbb937615df1f938f30", "bootable": "false", "encrypted": false, "replication_status": null, "consistencygroup_id": null, "multiattach":
     false, "attachments": [], "os-vol-tenant-attr:tenant_id": "f92c30465503415cbc00028e1055323b"}}'
2026-03-26 11:05:05,175 129489 INFO     [tempest.lib.common.rest_client] Request (VolumesDeleteCascade:test_volume_from_snapshot_cascade_delete): 200 GET http://10.132.44.209/volume/v3/volumes/f7f5a194-597c-4ca6-85ec-fe057b34242c 0.040s
2026-03-26 11:05:05,176 129489 DEBUG    [tempest.lib.common.rest_client] Request - Headers: {'Content-Type': 'application/json', 'Accept': 'application/json', 'X-Auth-Token': '<omitted>'}
        Body: None
    Response - Headers: {'date': 'Thu, 26 Mar 2026 11:05:05 GMT', 'server': 'Apache/2.4.58 (Ubuntu)', 'content-type': 'application/json', 'x-compute-request-id': 'req-a676b98f-d718-4ee7-a7fd-14313ac78c44', 'content-length': '846', 'openstack-api-version': 'volume 3.0', 'vary': 'OpenStack-API-Version', 'x-openstack-request-id': 'req-a676b98f-d718-4ee7-a7fd-14313ac78c44', 'connection': 'close', 'status': '200', 'content-location': 'http://10.132.44.209/volume/v3/volumes/f7f5a194-597c-4ca6-85ec-fe057b34242c'}
        Body: b'{"volume": {"id": "f7f5a194-597c-4ca6-85ec-fe057b34242c", "status": "deleting", "size": 1, "availability_zone": "nova", "created_at": "2026-03-26T11:03:47.000000", "updated_at": "2026-03-26T11:03:50.000000", "name": "tempest-VolumesDeleteCascade-Volume-308554469", "description": null, "volume_type": "arcusfc1", "snapshot_id": null, "source_volid": null, "metadata": {}, "links": [{"rel": "self", "href": "http://10.132.44.209/volume/v3/volumes/f7f5a194-597c-4ca6-85ec-fe057b34242c"}, {"rel": "bookmark", "href": "http://10.132.44.209/volume/volumes/f7f5a194-597c-4ca6-85ec-fe057b34242c"}], "user_id": "0495918e1ed64bbb937615df1f938f30", "bootable": "false", "encrypted": false, "replication_status": null, "consistencygroup_id": null, "multiattach": false, "attachments": [], "os-vol-tenant-attr:tenant_id": "f92c30465503415cbc00028e1055323b"}}'
2026-03-26 11:05:06,231 129489 INFO     [tempest.lib.common.rest_client] Request (VolumesDeleteCascade:test_volume_from_snapshot_cascade_delete): 200 GET http://10.132.44.209/volume/v3/volumes/f7f5a194-597c-4ca6-85ec-fe057b34242c 0.040s
2026-03-26 11:05:06,231 129489 DEBUG    [tempest.lib.common.rest_client] Request - Headers: {'Content-Type': 'application/json', 'Accept': 'application/json', 'X-Auth-Token': '<omitted>'}
        Body: None
    Response - Headers: {'date': 'Thu, 26 Mar 2026 11:05:06 GMT', 'server': 'Apache/2.4.58 (Ubuntu)', 'content-type': 'application/json', 'x-compute-request-id': 'req-20d79b45-823b-4358-837c-6c80cae8b9ce', 'content-length': '846', 'openstack-api-version': 'volume 3.0', 'vary': 'OpenStack-API-Version', 'x-openstack-request-id': 'req-20d79b45-823b-4358-837c-6c80cae8b9ce', 'connection': 'close', 'status': '200', 'content-location': 'http://10.132.44.209/volume/v3/volumes/f7f5a194-597c-4ca6-85ec-fe057b34242c'}
        Body: b'{"volume": {"id": "f7f5a194-597c-4ca6-85ec-fe057b34242c", "status": "deleting", "size": 1, "availability_zone": "nova", "created_at": "2026-03-26T11:03:47.000000", "updated_at": "2026-03-26T11:03:50.000000", "name": "tempest-VolumesDeleteCascade-Volume-308554469", "description": null, "volume_type": "arcusfc1", "snapshot_id": null, "source_volid": null, "metadata": {}, "links": [{"rel": "self", "href": "http://10.132.44.209/volume/v3/volumes/f7f5a194-597c-4ca6-85ec-fe057b34242c"}, {"rel": "bookmark", "href": "http://10.132.44.209/volume/volumes/f7f5a194-597c-4ca6-85ec-fe057b34242c"}], "user_id": "0495918e1ed64bbb937615df1f938f30", "bootable": "false", "encrypted": false, "replication_status": null, "consistencygroup_id": null, "multiattach": false, "attachments": [], "os-vol-tenant-attr:tenant_id": "f92c30465503415cbc00028e1055323b"}}'
2026-03-26 11:05:07,289 129489 INFO     [tempest.lib.common.rest_client] Request (VolumesDeleteCascade:test_volume_from_snapshot_cascade_delete): 200 GET http://10.132.44.209/volume/v3/volumes/f7f5a194-597c-4ca6-85ec-fe057b34242c 0.043s
2026-03-26 11:05:07,290 129489 DEBUG    [tempest.lib.common.rest_client] Request - Headers: {'Content-Type': 'application/
    json', 'Accept': 'application/json', 'X-Auth-Token': '<omitted>'}
        Body: None
    Response - Headers: {'date': 'Thu, 26 Mar 2026 11:05:07 GMT', 'server': 'Apache/2.4.58 (Ubuntu)', 'content-type': 'application/json', 'x-compute-request-id': 'req-dbe88120-1bd1-4195-ad38-c0ec2c6ac4d3', 'content-length': '846', 'openstack-api-version': 'volume 3.0', 'vary': 'OpenStack-API-Version', 'x-openstack-request-id': 'req-dbe88120-1bd1-4195-ad38-c0ec2c6ac4d3', 'connection': 'close', 'status': '200', 'content-location': 'http://10.132.44.209/volume/v3/volumes/f7f5a194-597c-4ca6-85ec-fe057b34242c'}
        Body: b'{"volume": {"id": "f7f5a194-597c-4ca6-85ec-fe057b34242c", "status": "deleting", "size": 1, "availability_zone": "nova", "created_at": "2026-03-26T11:03:47.000000", "updated_at": "2026-03-26T11:03:50.000000", "name": "tempest-VolumesDeleteCascade-Volume-308554469", "description": null, "volume_type": "arcusfc1", "snapshot_id": null, "source_volid": null, "metadata": {}, "links": [{"rel": "self", "href": "http://10.132.44.209/volume/v3/volumes/f7f5a194-597c-4ca6-85ec-fe057b34242c"}, {"rel": "bookmark", "href": "http://10.132.44.209/volume/volumes/f7f5a194-597c-4ca6-85ec-fe057b34242c"}], "user_id": "0495918e1ed64bbb937615df1f938f30", "bootable": "false", "encrypted": false, "replication_status": null, "consistencygroup_id": null, "multiattach": false, "attachments": [], "os-vol-tenant-attr:tenant_id": "f92c30465503415cbc00028e1055323b"}}'
2026-03-26 11:05:08,346 129489 INFO     [tempest.lib.common.rest_client] Request (VolumesDeleteCascade:test_volume_from_snapshot_cascade_delete): 200 GET http://10.132.44.209/volume/v3/volumes/f7f5a194-597c-4ca6-85ec-fe057b34242c 0.040s
2026-03-26 11:05:08,346 129489 DEBUG    [tempest.lib.common.rest_client] Request - Headers: {'Content-Type': 'application/json', 'Accept': 'application/json', 'X-Auth-Token': '<omitted>'}
        Body: None
    Response - Headers: {'date': 'Thu, 26 Mar 2026 11:05:08 GMT', 'server': 'Apache/2.4.58 (Ubuntu)', 'content-type': 'application/json', 'x-compute-request-id': 'req-b4aed1ad-df0d-4112-a7b5-5a6bccb23d59', 'content-length': '846', 'openstack-api-version': 'volume 3.0', 'vary': 'OpenStack-API-Version', 'x-openstack-request-id': 'req-b4aed1ad-df0d-4112-a7b5-5a6bccb23d59', 'connection': 'close', 'status': '200', 'content-location': 'http://10.132.44.209/volume/v3/volumes/f7f5a194-597c-4ca6-85ec-fe057b34242c'}
        Body: b'{"volume": {"id": "f7f5a194-597c-4ca6-85ec-fe057b34242c", "status": "deleting", "size": 1, "availability_zone": "nova", "created_at": "2026-03-26T11:03:47.000000", "updated_at": "2026-03-26T11:03:50.000000", "name": "tempest-VolumesDeleteCascade-Volume-308554469", "description": null, "volume_type": "arcusfc1", "snapshot_id": null, "source_volid": null, "metadata": {}, "links": [{"rel": "self", "href": "http://10.132.44.209/volume/v3/volumes/f7f5a194-597c-4ca6-85ec-fe057b34242c"}, {"rel": "bookmark", "href": "http://10.132.44.209/volume/volumes/f7f5a194-597c-4ca6-85ec-fe057b34242c"}], "user_id": "0495918e1ed64bbb937615df1f938f30", "bootable": "false", "encrypted": false, "replication_status": null, "consistencygroup_id": null, "multiattach": false, "attachments": [], "os-vol-tenant-attr:tenant_id": "f92c30465503415cbc00028e1055323b"}}'
2026-03-26 11:05:09,391 129489 INFO     [tempest.lib.common.rest_client] Request (VolumesDeleteCascade:test_volume_from_snapshot_cascade_delete): 200 GET http://10.132.44.209/volume/v3/volumes/f7f5a194-597c-4ca6-85ec-fe057b34242c 0.030s
2026-03-26 11:05:09,391 129489 DEBUG    [tempest.lib.common.rest_client] Request - Headers: {'Content-Type': 'application/json', 'Accept': 'application/json', 'X-Auth-Token': '<omitted>'}
        Body: None
    Response - Headers: {'date': 'Thu, 26 Mar 2026 11:05:09 GMT', 'server': 'Apache/2.4.58 (Ubuntu)', 'content-type': 'application/json', 'x-compute-request-id': 'req-2d3c96d0-b7ce-48d9-a101-fa490b448de8', 'content-length': '846', 'openstack-api-version': 'volume 3.0', 'vary': 'OpenStack-API-Version', 'x-openstack-request-id': 'req-2d3c96d0-b7ce-48d9-a101-fa490b448de8'
    , 'connection': 'close', 'status': '200', 'content-location': 'http://10.132.44.209/volume/v3/volumes/f7f5a194-597c-4ca6-85ec-fe057b34242c'}
        Body: b'{"volume": {"id": "f7f5a194-597c-4ca6-85ec-fe057b34242c", "status": "deleting", "size": 1, "availability_zone": "nova", "created_at": "2026-03-26T11:03:47.000000", "updated_at": "2026-03-26T11:03:50.000000", "name": "tempest-VolumesDeleteCascade-Volume-308554469", "description": null, "volume_type": "arcusfc1", "snapshot_id": null, "source_volid": null, "metadata": {}, "links": [{"rel": "self", "href": "http://10.132.44.209/volume/v3/volumes/f7f5a194-597c-4ca6-85ec-fe057b34242c"}, {"rel": "bookmark", "href": "http://10.132.44.209/volume/volumes/f7f5a194-597c-4ca6-85ec-fe057b34242c"}], "user_id": "0495918e1ed64bbb937615df1f938f30", "bootable": "false", "encrypted": false, "replication_status": null, "consistencygroup_id": null, "multiattach": false, "attachments": [], "os-vol-tenant-attr:tenant_id": "f92c30465503415cbc00028e1055323b"}}'
2026-03-26 11:05:10,442 129489 INFO     [tempest.lib.common.rest_client] Request (VolumesDeleteCascade:test_volume_from_snapshot_cascade_delete): 200 GET http://10.132.44.209/volume/v3/volumes/f7f5a194-597c-4ca6-85ec-fe057b34242c 0.044s
2026-03-26 11:05:10,442 129489 DEBUG    [tempest.lib.common.rest_client] Request - Headers: {'Content-Type': 'application/json', 'Accept': 'application/json', 'X-Auth-Token': '<omitted>'}
        Body: None
    Response - Headers: {'date': 'Thu, 26 Mar 2026 11:05:10 GMT', 'server': 'Apache/2.4.58 (Ubuntu)', 'content-type': 'application/json', 'x-compute-request-id': 'req-eb88016a-8706-4b74-bc7a-b6bc6d4220c0', 'content-length': '846', 'openstack-api-version': 'volume 3.0', 'vary': 'OpenStack-API-Version', 'x-openstack-request-id': 'req-eb88016a-8706-4b74-bc7a-b6bc6d4220c0', 'connection': 'close', 'status': '200', 'content-location': 'http://10.132.44.209/volume/v3/volumes/f7f5a194-597c-4ca6-85ec-fe057b34242c'}
        Body: b'{"volume": {"id": "f7f5a194-597c-4ca6-85ec-fe057b34242c", "status": "deleting", "size": 1, "availability_zone": "nova", "created_at": "2026-03-26T11:03:47.000000", "updated_at": "2026-03-26T11:03:50.000000", "name": "tempest-VolumesDeleteCascade-Volume-308554469", "description": null, "volume_type": "arcusfc1", "snapshot_id": null, "source_volid": null, "metadata": {}, "links": [{"rel": "self", "href": "http://10.132.44.209/volume/v3/volumes/f7f5a194-597c-4ca6-85ec-fe057b34242c"}, {"rel": "bookmark", "href": "http://10.132.44.209/volume/volumes/f7f5a194-597c-4ca6-85ec-fe057b34242c"}], "user_id": "0495918e1ed64bbb937615df1f938f30", "bootable": "false", "encrypted": false, "replication_status": null, "consistencygroup_id": null, "multiattach": false, "attachments": [], "os-vol-tenant-attr:tenant_id": "f92c30465503415cbc00028e1055323b"}}'
2026-03-26 11:05:11,491 129489 INFO     [tempest.lib.common.rest_client] Request (VolumesDeleteCascade:test_volume_from_snapshot_cascade_delete): 200 GET http://10.132.44.209/volume/v3/volumes/f7f5a194-597c-4ca6-85ec-fe057b34242c 0.040s
2026-03-26 11:05:11,492 129489 DEBUG    [tempest.lib.common.rest_client] Request - Headers: {'Content-Type': 'application/json', 'Accept': 'application/json', 'X-Auth-Token': '<omitted>'}
        Body: None
    Response - Headers: {'date': 'Thu, 26 Mar 2026 11:05:11 GMT', 'server': 'Apache/2.4.58 (Ubuntu)', 'content-type': 'application/json', 'x-compute-request-id': 'req-dbadfdeb-e900-4f2f-9c6e-e2ce65bd432c', 'content-length': '846', 'openstack-api-version': 'volume 3.0', 'vary': 'OpenStack-API-Version', 'x-openstack-request-id': 'req-dbadfdeb-e900-4f2f-9c6e-e2ce65bd432c', 'connection': 'close', 'status': '200', 'content-location': 'http://10.132.44.209/volume/v3/volumes/f7f5a194-597c-4ca6-85ec-fe057b34242c'}
        Body: b'{"volume": {"id": "f7f5a194-597c-4ca6-85ec-fe057b34242c", "status": "deleting", "size": 1, "availability_zone": "nova", "created_at": "2026-03-26T11:03:47.000000", "updated_at": "2026-03-26T11:03:50.000000", "name": "tempest-VolumesDeleteCascade-Volume-308554469", "description": null, "volume_type"
    : "arcusfc1", "snapshot_id": null, "source_volid": null, "metadata": {}, "links": [{"rel": "self", "href": "http://10.132.44.209/volume/v3/volumes/f7f5a194-597c-4ca6-85ec-fe057b34242c"}, {"rel": "bookmark", "href": "http://10.132.44.209/volume/volumes/f7f5a194-597c-4ca6-85ec-fe057b34242c"}], "user_id": "0495918e1ed64bbb937615df1f938f30", "bootable": "false", "encrypted": false, "replication_status": null, "consistencygroup_id": null, "multiattach": false, "attachments": [], "os-vol-tenant-attr:tenant_id": "f92c30465503415cbc00028e1055323b"}}'
2026-03-26 11:05:12,535 129489 INFO     [tempest.lib.common.rest_client] Request (VolumesDeleteCascade:test_volume_from_snapshot_cascade_delete): 200 GET http://10.132.44.209/volume/v3/volumes/f7f5a194-597c-4ca6-85ec-fe057b34242c 0.033s
2026-03-26 11:05:12,535 129489 DEBUG    [tempest.lib.common.rest_client] Request - Headers: {'Content-Type': 'application/json', 'Accept': 'application/json', 'X-Auth-Token': '<omitted>'}
        Body: None
    Response - Headers: {'date': 'Thu, 26 Mar 2026 11:05:12 GMT', 'server': 'Apache/2.4.58 (Ubuntu)', 'content-type': 'application/json', 'x-compute-request-id': 'req-99a387cd-e448-46ec-899e-650de903bce1', 'content-length': '846', 'openstack-api-version': 'volume 3.0', 'vary': 'OpenStack-API-Version', 'x-openstack-request-id': 'req-99a387cd-e448-46ec-899e-650de903bce1', 'connection': 'close', 'status': '200', 'content-location': 'http://10.132.44.209/volume/v3/volumes/f7f5a194-597c-4ca6-85ec-fe057b34242c'}
        Body: b'{"volume": {"id": "f7f5a194-597c-4ca6-85ec-fe057b34242c", "status": "deleting", "size": 1, "availability_zone": "nova", "created_at": "2026-03-26T11:03:47.000000", "updated_at": "2026-03-26T11:03:50.000000", "name": "tempest-VolumesDeleteCascade-Volume-308554469", "description": null, "volume_type": "arcusfc1", "snapshot_id": null, "source_volid": null, "metadata": {}, "links": [{"rel": "self", "href": "http://10.132.44.209/volume/v3/volumes/f7f5a194-597c-4ca6-85ec-fe057b34242c"}, {"rel": "bookmark", "href": "http://10.132.44.209/volume/volumes/f7f5a194-597c-4ca6-85ec-fe057b34242c"}], "user_id": "0495918e1ed64bbb937615df1f938f30", "bootable": "false", "encrypted": false, "replication_status": null, "consistencygroup_id": null, "multiattach": false, "attachments": [], "os-vol-tenant-attr:tenant_id": "f92c30465503415cbc00028e1055323b"}}'
2026-03-26 11:05:13,582 129489 INFO     [tempest.lib.common.rest_client] Request (VolumesDeleteCascade:test_volume_from_snapshot_cascade_delete): 200 GET http://10.132.44.209/volume/v3/volumes/f7f5a194-597c-4ca6-85ec-fe057b34242c 0.039s
2026-03-26 11:05:13,583 129489 DEBUG    [tempest.lib.common.rest_client] Request - Headers: {'Content-Type': 'application/json', 'Accept': 'application/json', 'X-Auth-Token': '<omitted>'}
        Body: None
    Response - Headers: {'date': 'Thu, 26 Mar 2026 11:05:13 GMT', 'server': 'Apache/2.4.58 (Ubuntu)', 'content-type': 'application/json', 'x-compute-request-id': 'req-559752ed-b09d-433e-8c20-31435e0431bb', 'content-length': '846', 'openstack-api-version': 'volume 3.0', 'vary': 'OpenStack-API-Version', 'x-openstack-request-id': 'req-559752ed-b09d-433e-8c20-31435e0431bb', 'connection': 'close', 'status': '200', 'content-location': 'http://10.132.44.209/volume/v3/volumes/f7f5a194-597c-4ca6-85ec-fe057b34242c'}
        Body: b'{"volume": {"id": "f7f5a194-597c-4ca6-85ec-fe057b34242c", "status": "deleting", "size": 1, "availability_zone": "nova", "created_at": "2026-03-26T11:03:47.000000", "updated_at": "2026-03-26T11:03:50.000000", "name": "tempest-VolumesDeleteCascade-Volume-308554469", "description": null, "volume_type": "arcusfc1", "snapshot_id": null, "source_volid": null, "metadata": {}, "links": [{"rel": "self", "href": "http://10.132.44.209/volume/v3/volumes/f7f5a194-597c-4ca6-85ec-fe057b34242c"}, {"rel": "bookmark", "href": "http://10.132.44.209/volume/volumes/f7f5a194-597c-4ca6-85ec-fe057b34242c"}], "user_id": "0495918e1ed64bbb937615df1f938f30", "bootable": "false", "encrypted": false, "replication_status": null, "consistencygroup_id": null, "multiattach": fal
    se, "attachments": [], "os-vol-tenant-attr:tenant_id": "f92c30465503415cbc00028e1055323b"}}'
2026-03-26 11:05:14,634 129489 INFO     [tempest.lib.common.rest_client] Request (VolumesDeleteCascade:test_volume_from_snapshot_cascade_delete): 200 GET http://10.132.44.209/volume/v3/volumes/f7f5a194-597c-4ca6-85ec-fe057b34242c 0.040s
2026-03-26 11:05:14,634 129489 DEBUG    [tempest.lib.common.rest_client] Request - Headers: {'Content-Type': 'application/json', 'Accept': 'application/json', 'X-Auth-Token': '<omitted>'}
        Body: None
    Response - Headers: {'date': 'Thu, 26 Mar 2026 11:05:14 GMT', 'server': 'Apache/2.4.58 (Ubuntu)', 'content-type': 'application/json', 'x-compute-request-id': 'req-0adc2e5e-254b-4fd0-b597-16562da304d1', 'content-length': '846', 'openstack-api-version': 'volume 3.0', 'vary': 'OpenStack-API-Version', 'x-openstack-request-id': 'req-0adc2e5e-254b-4fd0-b597-16562da304d1', 'connection': 'close', 'status': '200', 'content-location': 'http://10.132.44.209/volume/v3/volumes/f7f5a194-597c-4ca6-85ec-fe057b34242c'}
        Body: b'{"volume": {"id": "f7f5a194-597c-4ca6-85ec-fe057b34242c", "status": "deleting", "size": 1, "availability_zone": "nova", "created_at": "2026-03-26T11:03:47.000000", "updated_at": "2026-03-26T11:03:50.000000", "name": "tempest-VolumesDeleteCascade-Volume-308554469", "description": null, "volume_type": "arcusfc1", "snapshot_id": null, "source_volid": null, "metadata": {}, "links": [{"rel": "self", "href": "http://10.132.44.209/volume/v3/volumes/f7f5a194-597c-4ca6-85ec-fe057b34242c"}, {"rel": "bookmark", "href": "http://10.132.44.209/volume/volumes/f7f5a194-597c-4ca6-85ec-fe057b34242c"}], "user_id": "0495918e1ed64bbb937615df1f938f30", "bootable": "false", "encrypted": false, "replication_status": null, "consistencygroup_id": null, "multiattach": false, "attachments": [], "os-vol-tenant-attr:tenant_id": "f92c30465503415cbc00028e1055323b"}}'
2026-03-26 11:05:15,679 129489 INFO     [tempest.lib.common.rest_client] Request (VolumesDeleteCascade:test_volume_from_snapshot_cascade_delete): 200 GET http://10.132.44.209/volume/v3/volumes/f7f5a194-597c-4ca6-85ec-fe057b34242c 0.038s
2026-03-26 11:05:15,680 129489 DEBUG    [tempest.lib.common.rest_client] Request - Headers: {'Content-Type': 'application/json', 'Accept': 'application/json', 'X-Auth-Token': '<omitted>'}
        Body: None
    Response - Headers: {'date': 'Thu, 26 Mar 2026 11:05:15 GMT', 'server': 'Apache/2.4.58 (Ubuntu)', 'content-type': 'application/json', 'x-compute-request-id': 'req-c2783269-b67f-481d-85a7-b9831e31a171', 'content-length': '846', 'openstack-api-version': 'volume 3.0', 'vary': 'OpenStack-API-Version', 'x-openstack-request-id': 'req-c2783269-b67f-481d-85a7-b9831e31a171', 'connection': 'close', 'status': '200', 'content-location': 'http://10.132.44.209/volume/v3/volumes/f7f5a194-597c-4ca6-85ec-fe057b34242c'}
        Body: b'{"volume": {"id": "f7f5a194-597c-4ca6-85ec-fe057b34242c", "status": "deleting", "size": 1, "availability_zone": "nova", "created_at": "2026-03-26T11:03:47.000000", "updated_at": "2026-03-26T11:03:50.000000", "name": "tempest-VolumesDeleteCascade-Volume-308554469", "description": null, "volume_type": "arcusfc1", "snapshot_id": null, "source_volid": null, "metadata": {}, "links": [{"rel": "self", "href": "http://10.132.44.209/volume/v3/volumes/f7f5a194-597c-4ca6-85ec-fe057b34242c"}, {"rel": "bookmark", "href": "http://10.132.44.209/volume/volumes/f7f5a194-597c-4ca6-85ec-fe057b34242c"}], "user_id": "0495918e1ed64bbb937615df1f938f30", "bootable": "false", "encrypted": false, "replication_status": null, "consistencygroup_id": null, "multiattach": false, "attachments": [], "os-vol-tenant-attr:tenant_id": "f92c30465503415cbc00028e1055323b"}}'
2026-03-26 11:05:16,742 129489 INFO     [tempest.lib.common.rest_client] Request (VolumesDeleteCascade:test_volume_from_snapshot_cascade_delete): 200 GET http://10.132.44.209/volume/v3/volumes/f7f5a194-597c-4ca6-85ec-fe057b34242c 0.051s
2026-03-26 11:05:16,742 129489 DEBUG    [tempest.lib.common.rest_client] Request - Headers: {'Content-Type': 'application/json
    ', 'Accept': 'application/json', 'X-Auth-Token': '<omitted>'}
        Body: None
    Response - Headers: {'date': 'Thu, 26 Mar 2026 11:05:16 GMT', 'server': 'Apache/2.4.58 (Ubuntu)', 'content-type': 'application/json', 'x-compute-request-id': 'req-7d91d031-6d8e-4221-b2bd-344f22caa790', 'content-length': '846', 'openstack-api-version': 'volume 3.0', 'vary': 'OpenStack-API-Version', 'x-openstack-request-id': 'req-7d91d031-6d8e-4221-b2bd-344f22caa790', 'connection': 'close', 'status': '200', 'content-location': 'http://10.132.44.209/volume/v3/volumes/f7f5a194-597c-4ca6-85ec-fe057b34242c'}
        Body: b'{"volume": {"id": "f7f5a194-597c-4ca6-85ec-fe057b34242c", "status": "deleting", "size": 1, "availability_zone": "nova", "created_at": "2026-03-26T11:03:47.000000", "updated_at": "2026-03-26T11:03:50.000000", "name": "tempest-VolumesDeleteCascade-Volume-308554469", "description": null, "volume_type": "arcusfc1", "snapshot_id": null, "source_volid": null, "metadata": {}, "links": [{"rel": "self", "href": "http://10.132.44.209/volume/v3/volumes/f7f5a194-597c-4ca6-85ec-fe057b34242c"}, {"rel": "bookmark", "href": "http://10.132.44.209/volume/volumes/f7f5a194-597c-4ca6-85ec-fe057b34242c"}], "user_id": "0495918e1ed64bbb937615df1f938f30", "bootable": "false", "encrypted": false, "replication_status": null, "consistencygroup_id": null, "multiattach": false, "attachments": [], "os-vol-tenant-attr:tenant_id": "f92c30465503415cbc00028e1055323b"}}'
2026-03-26 11:05:17,803 129489 INFO     [tempest.lib.common.rest_client] Request (VolumesDeleteCascade:test_volume_from_snapshot_cascade_delete): 200 GET http://10.132.44.209/volume/v3/volumes/f7f5a194-597c-4ca6-85ec-fe057b34242c 0.048s
2026-03-26 11:05:17,804 129489 DEBUG    [tempest.lib.common.rest_client] Request - Headers: {'Content-Type': 'application/json', 'Accept': 'application/json', 'X-Auth-Token': '<omitted>'}
        Body: None
    Response - Headers: {'date': 'Thu, 26 Mar 2026 11:05:17 GMT', 'server': 'Apache/2.4.58 (Ubuntu)', 'content-type': 'application/json', 'x-compute-request-id': 'req-d85ae7b5-bdcf-44f8-977c-66f85055e91f', 'content-length': '846', 'openstack-api-version': 'volume 3.0', 'vary': 'OpenStack-API-Version', 'x-openstack-request-id': 'req-d85ae7b5-bdcf-44f8-977c-66f85055e91f', 'connection': 'close', 'status': '200', 'content-location': 'http://10.132.44.209/volume/v3/volumes/f7f5a194-597c-4ca6-85ec-fe057b34242c'}
        Body: b'{"volume": {"id": "f7f5a194-597c-4ca6-85ec-fe057b34242c", "status": "deleting", "size": 1, "availability_zone": "nova", "created_at": "2026-03-26T11:03:47.000000", "updated_at": "2026-03-26T11:03:50.000000", "name": "tempest-VolumesDeleteCascade-Volume-308554469", "description": null, "volume_type": "arcusfc1", "snapshot_id": null, "source_volid": null, "metadata": {}, "links": [{"rel": "self", "href": "http://10.132.44.209/volume/v3/volumes/f7f5a194-597c-4ca6-85ec-fe057b34242c"}, {"rel": "bookmark", "href": "http://10.132.44.209/volume/volumes/f7f5a194-597c-4ca6-85ec-fe057b34242c"}], "user_id": "0495918e1ed64bbb937615df1f938f30", "bootable": "false", "encrypted": false, "replication_status": null, "consistencygroup_id": null, "multiattach": false, "attachments": [], "os-vol-tenant-attr:tenant_id": "f92c30465503415cbc00028e1055323b"}}'
2026-03-26 11:05:18,855 129489 INFO     [tempest.lib.common.rest_client] Request (VolumesDeleteCascade:test_volume_from_snapshot_cascade_delete): 200 GET http://10.132.44.209/volume/v3/volumes/f7f5a194-597c-4ca6-85ec-fe057b34242c 0.038s
2026-03-26 11:05:18,856 129489 DEBUG    [tempest.lib.common.rest_client] Request - Headers: {'Content-Type': 'application/json', 'Accept': 'application/json', 'X-Auth-Token': '<omitted>'}
        Body: None
    Response - Headers: {'date': 'Thu, 26 Mar 2026 11:05:18 GMT', 'server': 'Apache/2.4.58 (Ubuntu)', 'content-type': 'application/json', 'x-compute-request-id': 'req-693ac5a8-a390-401c-ba15-c6b5656a9f85', 'content-length': '846', 'openstack-api-version': 'volume 3.0', 'vary': 'OpenStack-API-Version', 'x-openstack-request-id': 'req-693ac5a8-a390-401c-ba15-c6b5656a9f85', 'c
    onnection': 'close', 'status': '200', 'content-location': 'http://10.132.44.209/volume/v3/volumes/f7f5a194-597c-4ca6-85ec-fe057b34242c'}
        Body: b'{"volume": {"id": "f7f5a194-597c-4ca6-85ec-fe057b34242c", "status": "deleting", "size": 1, "availability_zone": "nova", "created_at": "2026-03-26T11:03:47.000000", "updated_at": "2026-03-26T11:03:50.000000", "name": "tempest-VolumesDeleteCascade-Volume-308554469", "description": null, "volume_type": "arcusfc1", "snapshot_id": null, "source_volid": null, "metadata": {}, "links": [{"rel": "self", "href": "http://10.132.44.209/volume/v3/volumes/f7f5a194-597c-4ca6-85ec-fe057b34242c"}, {"rel": "bookmark", "href": "http://10.132.44.209/volume/volumes/f7f5a194-597c-4ca6-85ec-fe057b34242c"}], "user_id": "0495918e1ed64bbb937615df1f938f30", "bootable": "false", "encrypted": false, "replication_status": null, "consistencygroup_id": null, "multiattach": false, "attachments": [], "os-vol-tenant-attr:tenant_id": "f92c30465503415cbc00028e1055323b"}}'
2026-03-26 11:05:19,901 129489 INFO     [tempest.lib.common.rest_client] Request (VolumesDeleteCascade:test_volume_from_snapshot_cascade_delete): 200 GET http://10.132.44.209/volume/v3/volumes/f7f5a194-597c-4ca6-85ec-fe057b34242c 0.036s
2026-03-26 11:05:19,901 129489 DEBUG    [tempest.lib.common.rest_client] Request - Headers: {'Content-Type': 'application/json', 'Accept': 'application/json', 'X-Auth-Token': '<omitted>'}
        Body: None
    Response - Headers: {'date': 'Thu, 26 Mar 2026 11:05:19 GMT', 'server': 'Apache/2.4.58 (Ubuntu)', 'content-type': 'application/json', 'x-compute-request-id': 'req-0dc2271e-b2b6-4baa-b6b2-c5168fd78315', 'content-length': '846', 'openstack-api-version': 'volume 3.0', 'vary': 'OpenStack-API-Version', 'x-openstack-request-id': 'req-0dc2271e-b2b6-4baa-b6b2-c5168fd78315', 'connection': 'close', 'status': '200', 'content-location': 'http://10.132.44.209/volume/v3/volumes/f7f5a194-597c-4ca6-85ec-fe057b34242c'}
        Body: b'{"volume": {"id": "f7f5a194-597c-4ca6-85ec-fe057b34242c", "status": "deleting", "size": 1, "availability_zone": "nova", "created_at": "2026-03-26T11:03:47.000000", "updated_at": "2026-03-26T11:03:50.000000", "name": "tempest-VolumesDeleteCascade-Volume-308554469", "description": null, "volume_type": "arcusfc1", "snapshot_id": null, "source_volid": null, "metadata": {}, "links": [{"rel": "self", "href": "http://10.132.44.209/volume/v3/volumes/f7f5a194-597c-4ca6-85ec-fe057b34242c"}, {"rel": "bookmark", "href": "http://10.132.44.209/volume/volumes/f7f5a194-597c-4ca6-85ec-fe057b34242c"}], "user_id": "0495918e1ed64bbb937615df1f938f30", "bootable": "false", "encrypted": false, "replication_status": null, "consistencygroup_id": null, "multiattach": false, "attachments": [], "os-vol-tenant-attr:tenant_id": "f92c30465503415cbc00028e1055323b"}}'
2026-03-26 11:05:20,940 129489 INFO     [tempest.lib.common.rest_client] Request (VolumesDeleteCascade:test_volume_from_snapshot_cascade_delete): 200 GET http://10.132.44.209/volume/v3/volumes/f7f5a194-597c-4ca6-85ec-fe057b34242c 0.029s
2026-03-26 11:05:20,940 129489 DEBUG    [tempest.lib.common.rest_client] Request - Headers: {'Content-Type': 'application/json', 'Accept': 'application/json', 'X-Auth-Token': '<omitted>'}
        Body: None
    Response - Headers: {'date': 'Thu, 26 Mar 2026 11:05:20 GMT', 'server': 'Apache/2.4.58 (Ubuntu)', 'content-type': 'application/json', 'x-compute-request-id': 'req-05537954-8e9e-4cb3-aa12-1dfe2b642167', 'content-length': '846', 'openstack-api-version': 'volume 3.0', 'vary': 'OpenStack-API-Version', 'x-openstack-request-id': 'req-05537954-8e9e-4cb3-aa12-1dfe2b642167', 'connection': 'close', 'status': '200', 'content-location': 'http://10.132.44.209/volume/v3/volumes/f7f5a194-597c-4ca6-85ec-fe057b34242c'}
        Body: b'{"volume": {"id": "f7f5a194-597c-4ca6-85ec-fe057b34242c", "status": "deleting", "size": 1, "availability_zone": "nova", "created_at": "2026-03-26T11:03:47.000000", "updated_at": "2026-03-26T11:03:50.000000", "name": "tempest-VolumesDeleteCascade-Volume-308554469", "description": null, "volume_type": "a
    rcusfc1", "snapshot_id": null, "source_volid": null, "metadata": {}, "links": [{"rel": "self", "href": "http://10.132.44.209/volume/v3/volumes/f7f5a194-597c-4ca6-85ec-fe057b34242c"}, {"rel": "bookmark", "href": "http://10.132.44.209/volume/volumes/f7f5a194-597c-4ca6-85ec-fe057b34242c"}], "user_id": "0495918e1ed64bbb937615df1f938f30", "bootable": "false", "encrypted": false, "replication_status": null, "consistencygroup_id": null, "multiattach": false, "attachments": [], "os-vol-tenant-attr:tenant_id": "f92c30465503415cbc00028e1055323b"}}'
2026-03-26 11:05:21,980 129489 INFO     [tempest.lib.common.rest_client] Request (VolumesDeleteCascade:test_volume_from_snapshot_cascade_delete): 200 GET http://10.132.44.209/volume/v3/volumes/f7f5a194-597c-4ca6-85ec-fe057b34242c 0.032s
2026-03-26 11:05:21,981 129489 DEBUG    [tempest.lib.common.rest_client] Request - Headers: {'Content-Type': 'application/json', 'Accept': 'application/json', 'X-Auth-Token': '<omitted>'}
        Body: None
    Response - Headers: {'date': 'Thu, 26 Mar 2026 11:05:21 GMT', 'server': 'Apache/2.4.58 (Ubuntu)', 'content-type': 'application/json', 'x-compute-request-id': 'req-8d2db19e-dd27-45f3-8167-1449e7aacea8', 'content-length': '846', 'openstack-api-version': 'volume 3.0', 'vary': 'OpenStack-API-Version', 'x-openstack-request-id': 'req-8d2db19e-dd27-45f3-8167-1449e7aacea8', 'connection': 'close', 'status': '200', 'content-location': 'http://10.132.44.209/volume/v3/volumes/f7f5a194-597c-4ca6-85ec-fe057b34242c'}
        Body: b'{"volume": {"id": "f7f5a194-597c-4ca6-85ec-fe057b34242c", "status": "deleting", "size": 1, "availability_zone": "nova", "created_at": "2026-03-26T11:03:47.000000", "updated_at": "2026-03-26T11:03:50.000000", "name": "tempest-VolumesDeleteCascade-Volume-308554469", "description": null, "volume_type": "arcusfc1", "snapshot_id": null, "source_volid": null, "metadata": {}, "links": [{"rel": "self", "href": "http://10.132.44.209/volume/v3/volumes/f7f5a194-597c-4ca6-85ec-fe057b34242c"}, {"rel": "bookmark", "href": "http://10.132.44.209/volume/volumes/f7f5a194-597c-4ca6-85ec-fe057b34242c"}], "user_id": "0495918e1ed64bbb937615df1f938f30", "bootable": "false", "encrypted": false, "replication_status": null, "consistencygroup_id": null, "multiattach": false, "attachments": [], "os-vol-tenant-attr:tenant_id": "f92c30465503415cbc00028e1055323b"}}'
2026-03-26 11:05:23,031 129489 INFO     [tempest.lib.common.rest_client] Request (VolumesDeleteCascade:test_volume_from_snapshot_cascade_delete): 200 GET http://10.132.44.209/volume/v3/volumes/f7f5a194-597c-4ca6-85ec-fe057b34242c 0.043s
2026-03-26 11:05:23,031 129489 DEBUG    [tempest.lib.common.rest_client] Request - Headers: {'Content-Type': 'application/json', 'Accept': 'application/json', 'X-Auth-Token': '<omitted>'}
        Body: None
    Response - Headers: {'date': 'Thu, 26 Mar 2026 11:05:22 GMT', 'server': 'Apache/2.4.58 (Ubuntu)', 'content-type': 'application/json', 'x-compute-request-id': 'req-706aa093-576e-4f12-b702-14cf5b19632c', 'content-length': '846', 'openstack-api-version': 'volume 3.0', 'vary': 'OpenStack-API-Version', 'x-openstack-request-id': 'req-706aa093-576e-4f12-b702-14cf5b19632c', 'connection': 'close', 'status': '200', 'content-location': 'http://10.132.44.209/volume/v3/volumes/f7f5a194-597c-4ca6-85ec-fe057b34242c'}
        Body: b'{"volume": {"id": "f7f5a194-597c-4ca6-85ec-fe057b34242c", "status": "deleting", "size": 1, "availability_zone": "nova", "created_at": "2026-03-26T11:03:47.000000", "updated_at": "2026-03-26T11:03:50.000000", "name": "tempest-VolumesDeleteCascade-Volume-308554469", "description": null, "volume_type": "arcusfc1", "snapshot_id": null, "source_volid": null, "metadata": {}, "links": [{"rel": "self", "href": "http://10.132.44.209/volume/v3/volumes/f7f5a194-597c-4ca6-85ec-fe057b34242c"}, {"rel": "bookmark", "href": "http://10.132.44.209/volume/volumes/f7f5a194-597c-4ca6-85ec-fe057b34242c"}], "user_id": "0495918e1ed64bbb937615df1f938f30", "bootable": "false", "encrypted": false, "replication_status": null, "consistencygroup_id": null, "multiattach": false, 
    "attachments": [], "os-vol-tenant-attr:tenant_id": "f92c30465503415cbc00028e1055323b"}}'
2026-03-26 11:05:24,082 129489 INFO     [tempest.lib.common.rest_client] Request (VolumesDeleteCascade:test_volume_from_snapshot_cascade_delete): 200 GET http://10.132.44.209/volume/v3/volumes/f7f5a194-597c-4ca6-85ec-fe057b34242c 0.040s
2026-03-26 11:05:24,082 129489 DEBUG    [tempest.lib.common.rest_client] Request - Headers: {'Content-Type': 'application/json', 'Accept': 'application/json', 'X-Auth-Token': '<omitted>'}
        Body: None
    Response - Headers: {'date': 'Thu, 26 Mar 2026 11:05:24 GMT', 'server': 'Apache/2.4.58 (Ubuntu)', 'content-type': 'application/json', 'x-compute-request-id': 'req-258382fc-1cdc-4719-905e-f218a21486cc', 'content-length': '846', 'openstack-api-version': 'volume 3.0', 'vary': 'OpenStack-API-Version', 'x-openstack-request-id': 'req-258382fc-1cdc-4719-905e-f218a21486cc', 'connection': 'close', 'status': '200', 'content-location': 'http://10.132.44.209/volume/v3/volumes/f7f5a194-597c-4ca6-85ec-fe057b34242c'}
        Body: b'{"volume": {"id": "f7f5a194-597c-4ca6-85ec-fe057b34242c", "status": "deleting", "size": 1, "availability_zone": "nova", "created_at": "2026-03-26T11:03:47.000000", "updated_at": "2026-03-26T11:03:50.000000", "name": "tempest-VolumesDeleteCascade-Volume-308554469", "description": null, "volume_type": "arcusfc1", "snapshot_id": null, "source_volid": null, "metadata": {}, "links": [{"rel": "self", "href": "http://10.132.44.209/volume/v3/volumes/f7f5a194-597c-4ca6-85ec-fe057b34242c"}, {"rel": "bookmark", "href": "http://10.132.44.209/volume/volumes/f7f5a194-597c-4ca6-85ec-fe057b34242c"}], "user_id": "0495918e1ed64bbb937615df1f938f30", "bootable": "false", "encrypted": false, "replication_status": null, "consistencygroup_id": null, "multiattach": false, "attachments": [], "os-vol-tenant-attr:tenant_id": "f92c30465503415cbc00028e1055323b"}}'
2026-03-26 11:05:25,136 129489 INFO     [tempest.lib.common.rest_client] Request (VolumesDeleteCascade:test_volume_from_snapshot_cascade_delete): 200 GET http://10.132.44.209/volume/v3/volumes/f7f5a194-597c-4ca6-85ec-fe057b34242c 0.037s
2026-03-26 11:05:25,137 129489 DEBUG    [tempest.lib.common.rest_client] Request - Headers: {'Content-Type': 'application/json', 'Accept': 'application/json', 'X-Auth-Token': '<omitted>'}
        Body: None
    Response - Headers: {'date': 'Thu, 26 Mar 2026 11:05:25 GMT', 'server': 'Apache/2.4.58 (Ubuntu)', 'content-type': 'application/json', 'x-compute-request-id': 'req-9ef2b4f2-94a9-40e5-84c5-c55c63912a32', 'content-length': '846', 'openstack-api-version': 'volume 3.0', 'vary': 'OpenStack-API-Version', 'x-openstack-request-id': 'req-9ef2b4f2-94a9-40e5-84c5-c55c63912a32', 'connection': 'close', 'status': '200', 'content-location': 'http://10.132.44.209/volume/v3/volumes/f7f5a194-597c-4ca6-85ec-fe057b34242c'}
        Body: b'{"volume": {"id": "f7f5a194-597c-4ca6-85ec-fe057b34242c", "status": "deleting", "size": 1, "availability_zone": "nova", "created_at": "2026-03-26T11:03:47.000000", "updated_at": "2026-03-26T11:03:50.000000", "name": "tempest-VolumesDeleteCascade-Volume-308554469", "description": null, "volume_type": "arcusfc1", "snapshot_id": null, "source_volid": null, "metadata": {}, "links": [{"rel": "self", "href": "http://10.132.44.209/volume/v3/volumes/f7f5a194-597c-4ca6-85ec-fe057b34242c"}, {"rel": "bookmark", "href": "http://10.132.44.209/volume/volumes/f7f5a194-597c-4ca6-85ec-fe057b34242c"}], "user_id": "0495918e1ed64bbb937615df1f938f30", "bootable": "false", "encrypted": false, "replication_status": null, "consistencygroup_id": null, "multiattach": false, "attachments": [], "os-vol-tenant-attr:tenant_id": "f92c30465503415cbc00028e1055323b"}}'
2026-03-26 11:05:26,193 129489 INFO     [tempest.lib.common.rest_client] Request (VolumesDeleteCascade:test_volume_from_snapshot_cascade_delete): 200 GET http://10.132.44.209/volume/v3/volumes/f7f5a194-597c-4ca6-85ec-fe057b34242c 0.041s
2026-03-26 11:05:26,193 129489 DEBUG    [tempest.lib.common.rest_client] Request - Headers: {'Content-Type': 'application/json', '
    Accept': 'application/json', 'X-Auth-Token': '<omitted>'}
        Body: None
    Response - Headers: {'date': 'Thu, 26 Mar 2026 11:05:26 GMT', 'server': 'Apache/2.4.58 (Ubuntu)', 'content-type': 'application/json', 'x-compute-request-id': 'req-306c6b4b-2610-44c7-b16f-e853f14758b9', 'content-length': '846', 'openstack-api-version': 'volume 3.0', 'vary': 'OpenStack-API-Version', 'x-openstack-request-id': 'req-306c6b4b-2610-44c7-b16f-e853f14758b9', 'connection': 'close', 'status': '200', 'content-location': 'http://10.132.44.209/volume/v3/volumes/f7f5a194-597c-4ca6-85ec-fe057b34242c'}
        Body: b'{"volume": {"id": "f7f5a194-597c-4ca6-85ec-fe057b34242c", "status": "deleting", "size": 1, "availability_zone": "nova", "created_at": "2026-03-26T11:03:47.000000", "updated_at": "2026-03-26T11:03:50.000000", "name": "tempest-VolumesDeleteCascade-Volume-308554469", "description": null, "volume_type": "arcusfc1", "snapshot_id": null, "source_volid": null, "metadata": {}, "links": [{"rel": "self", "href": "http://10.132.44.209/volume/v3/volumes/f7f5a194-597c-4ca6-85ec-fe057b34242c"}, {"rel": "bookmark", "href": "http://10.132.44.209/volume/volumes/f7f5a194-597c-4ca6-85ec-fe057b34242c"}], "user_id": "0495918e1ed64bbb937615df1f938f30", "bootable": "false", "encrypted": false, "replication_status": null, "consistencygroup_id": null, "multiattach": false, "attachments": [], "os-vol-tenant-attr:tenant_id": "f92c30465503415cbc00028e1055323b"}}'
2026-03-26 11:05:27,247 129489 INFO     [tempest.lib.common.rest_client] Request (VolumesDeleteCascade:test_volume_from_snapshot_cascade_delete): 200 GET http://10.132.44.209/volume/v3/volumes/f7f5a194-597c-4ca6-85ec-fe057b34242c 0.040s
2026-03-26 11:05:27,248 129489 DEBUG    [tempest.lib.common.rest_client] Request - Headers: {'Content-Type': 'application/json', 'Accept': 'application/json', 'X-Auth-Token': '<omitted>'}
        Body: None
    Response - Headers: {'date': 'Thu, 26 Mar 2026 11:05:27 GMT', 'server': 'Apache/2.4.58 (Ubuntu)', 'content-type': 'application/json', 'x-compute-request-id': 'req-ec7564a0-2c38-4c5f-af25-1d683b5ee8c4', 'content-length': '846', 'openstack-api-version': 'volume 3.0', 'vary': 'OpenStack-API-Version', 'x-openstack-request-id': 'req-ec7564a0-2c38-4c5f-af25-1d683b5ee8c4', 'connection': 'close', 'status': '200', 'content-location': 'http://10.132.44.209/volume/v3/volumes/f7f5a194-597c-4ca6-85ec-fe057b34242c'}
        Body: b'{"volume": {"id": "f7f5a194-597c-4ca6-85ec-fe057b34242c", "status": "deleting", "size": 1, "availability_zone": "nova", "created_at": "2026-03-26T11:03:47.000000", "updated_at": "2026-03-26T11:03:50.000000", "name": "tempest-VolumesDeleteCascade-Volume-308554469", "description": null, "volume_type": "arcusfc1", "snapshot_id": null, "source_volid": null, "metadata": {}, "links": [{"rel": "self", "href": "http://10.132.44.209/volume/v3/volumes/f7f5a194-597c-4ca6-85ec-fe057b34242c"}, {"rel": "bookmark", "href": "http://10.132.44.209/volume/volumes/f7f5a194-597c-4ca6-85ec-fe057b34242c"}], "user_id": "0495918e1ed64bbb937615df1f938f30", "bootable": "false", "encrypted": false, "replication_status": null, "consistencygroup_id": null, "multiattach": false, "attachments": [], "os-vol-tenant-attr:tenant_id": "f92c30465503415cbc00028e1055323b"}}'
2026-03-26 11:05:28,302 129489 INFO     [tempest.lib.common.rest_client] Request (VolumesDeleteCascade:test_volume_from_snapshot_cascade_delete): 200 GET http://10.132.44.209/volume/v3/volumes/f7f5a194-597c-4ca6-85ec-fe057b34242c 0.041s
2026-03-26 11:05:28,303 129489 DEBUG    [tempest.lib.common.rest_client] Request - Headers: {'Content-Type': 'application/json', 'Accept': 'application/json', 'X-Auth-Token': '<omitted>'}
        Body: None
    Response - Headers: {'date': 'Thu, 26 Mar 2026 11:05:28 GMT', 'server': 'Apache/2.4.58 (Ubuntu)', 'content-type': 'application/json', 'x-compute-request-id': 'req-88e18c0d-ba85-4149-a8cb-4d3c06c4e214', 'content-length': '846', 'openstack-api-version': 'volume 3.0', 'vary': 'OpenStack-API-Version', 'x-openstack-request-id': 'req-88e18c0d-ba85-4149-a8cb-4d3c06c4e214', 'conne
    ction': 'close', 'status': '200', 'content-location': 'http://10.132.44.209/volume/v3/volumes/f7f5a194-597c-4ca6-85ec-fe057b34242c'}
        Body: b'{"volume": {"id": "f7f5a194-597c-4ca6-85ec-fe057b34242c", "status": "deleting", "size": 1, "availability_zone": "nova", "created_at": "2026-03-26T11:03:47.000000", "updated_at": "2026-03-26T11:03:50.000000", "name": "tempest-VolumesDeleteCascade-Volume-308554469", "description": null, "volume_type": "arcusfc1", "snapshot_id": null, "source_volid": null, "metadata": {}, "links": [{"rel": "self", "href": "http://10.132.44.209/volume/v3/volumes/f7f5a194-597c-4ca6-85ec-fe057b34242c"}, {"rel": "bookmark", "href": "http://10.132.44.209/volume/volumes/f7f5a194-597c-4ca6-85ec-fe057b34242c"}], "user_id": "0495918e1ed64bbb937615df1f938f30", "bootable": "false", "encrypted": false, "replication_status": null, "consistencygroup_id": null, "multiattach": false, "attachments": [], "os-vol-tenant-attr:tenant_id": "f92c30465503415cbc00028e1055323b"}}'
2026-03-26 11:05:29,348 129489 INFO     [tempest.lib.common.rest_client] Request (VolumesDeleteCascade:test_volume_from_snapshot_cascade_delete): 200 GET http://10.132.44.209/volume/v3/volumes/f7f5a194-597c-4ca6-85ec-fe057b34242c 0.036s
2026-03-26 11:05:29,349 129489 DEBUG    [tempest.lib.common.rest_client] Request - Headers: {'Content-Type': 'application/json', 'Accept': 'application/json', 'X-Auth-Token': '<omitted>'}
        Body: None
    Response - Headers: {'date': 'Thu, 26 Mar 2026 11:05:29 GMT', 'server': 'Apache/2.4.58 (Ubuntu)', 'content-type': 'application/json', 'x-compute-request-id': 'req-e73eeba0-0d24-4b1d-82bd-72b43c62c29d', 'content-length': '846', 'openstack-api-version': 'volume 3.0', 'vary': 'OpenStack-API-Version', 'x-openstack-request-id': 'req-e73eeba0-0d24-4b1d-82bd-72b43c62c29d', 'connection': 'close', 'status': '200', 'content-location': 'http://10.132.44.209/volume/v3/volumes/f7f5a194-597c-4ca6-85ec-fe057b34242c'}
        Body: b'{"volume": {"id": "f7f5a194-597c-4ca6-85ec-fe057b34242c", "status": "deleting", "size": 1, "availability_zone": "nova", "created_at": "2026-03-26T11:03:47.000000", "updated_at": "2026-03-26T11:03:50.000000", "name": "tempest-VolumesDeleteCascade-Volume-308554469", "description": null, "volume_type": "arcusfc1", "snapshot_id": null, "source_volid": null, "metadata": {}, "links": [{"rel": "self", "href": "http://10.132.44.209/volume/v3/volumes/f7f5a194-597c-4ca6-85ec-fe057b34242c"}, {"rel": "bookmark", "href": "http://10.132.44.209/volume/volumes/f7f5a194-597c-4ca6-85ec-fe057b34242c"}], "user_id": "0495918e1ed64bbb937615df1f938f30", "bootable": "false", "encrypted": false, "replication_status": null, "consistencygroup_id": null, "multiattach": false, "attachments": [], "os-vol-tenant-attr:tenant_id": "f92c30465503415cbc00028e1055323b"}}'
2026-03-26 11:05:30,410 129489 INFO     [tempest.lib.common.rest_client] Request (VolumesDeleteCascade:test_volume_from_snapshot_cascade_delete): 200 GET http://10.132.44.209/volume/v3/volumes/f7f5a194-597c-4ca6-85ec-fe057b34242c 0.050s
2026-03-26 11:05:30,410 129489 DEBUG    [tempest.lib.common.rest_client] Request - Headers: {'Content-Type': 'application/json', 'Accept': 'application/json', 'X-Auth-Token': '<omitted>'}
        Body: None
    Response - Headers: {'date': 'Thu, 26 Mar 2026 11:05:30 GMT', 'server': 'Apache/2.4.58 (Ubuntu)', 'content-type': 'application/json', 'x-compute-request-id': 'req-13445fcb-0395-4d14-8cf8-fa18573d6506', 'content-length': '846', 'openstack-api-version': 'volume 3.0', 'vary': 'OpenStack-API-Version', 'x-openstack-request-id': 'req-13445fcb-0395-4d14-8cf8-fa18573d6506', 'connection': 'close', 'status': '200', 'content-location': 'http://10.132.44.209/volume/v3/volumes/f7f5a194-597c-4ca6-85ec-fe057b34242c'}
        Body: b'{"volume": {"id": "f7f5a194-597c-4ca6-85ec-fe057b34242c", "status": "deleting", "size": 1, "availability_zone": "nova", "created_at": "2026-03-26T11:03:47.000000", "updated_at": "2026-03-26T11:03:50.000000", "name": "tempest-VolumesDeleteCascade-Volume-308554469", "description": null, "volume_type": "arcus
    fc1", "snapshot_id": null, "source_volid": null, "metadata": {}, "links": [{"rel": "self", "href": "http://10.132.44.209/volume/v3/volumes/f7f5a194-597c-4ca6-85ec-fe057b34242c"}, {"rel": "bookmark", "href": "http://10.132.44.209/volume/volumes/f7f5a194-597c-4ca6-85ec-fe057b34242c"}], "user_id": "0495918e1ed64bbb937615df1f938f30", "bootable": "false", "encrypted": false, "replication_status": null, "consistencygroup_id": null, "multiattach": false, "attachments": [], "os-vol-tenant-attr:tenant_id": "f92c30465503415cbc00028e1055323b"}}'
2026-03-26 11:05:31,462 129489 INFO     [tempest.lib.common.rest_client] Request (VolumesDeleteCascade:test_volume_from_snapshot_cascade_delete): 200 GET http://10.132.44.209/volume/v3/volumes/f7f5a194-597c-4ca6-85ec-fe057b34242c 0.039s
2026-03-26 11:05:31,462 129489 DEBUG    [tempest.lib.common.rest_client] Request - Headers: {'Content-Type': 'application/json', 'Accept': 'application/json', 'X-Auth-Token': '<omitted>'}
        Body: None
    Response - Headers: {'date': 'Thu, 26 Mar 2026 11:05:31 GMT', 'server': 'Apache/2.4.58 (Ubuntu)', 'content-type': 'application/json', 'x-compute-request-id': 'req-03f54889-6736-45e3-ac0f-7323dcc04ed5', 'content-length': '846', 'openstack-api-version': 'volume 3.0', 'vary': 'OpenStack-API-Version', 'x-openstack-request-id': 'req-03f54889-6736-45e3-ac0f-7323dcc04ed5', 'connection': 'close', 'status': '200', 'content-location': 'http://10.132.44.209/volume/v3/volumes/f7f5a194-597c-4ca6-85ec-fe057b34242c'}
        Body: b'{"volume": {"id": "f7f5a194-597c-4ca6-85ec-fe057b34242c", "status": "deleting", "size": 1, "availability_zone": "nova", "created_at": "2026-03-26T11:03:47.000000", "updated_at": "2026-03-26T11:03:50.000000", "name": "tempest-VolumesDeleteCascade-Volume-308554469", "description": null, "volume_type": "arcusfc1", "snapshot_id": null, "source_volid": null, "metadata": {}, "links": [{"rel": "self", "href": "http://10.132.44.209/volume/v3/volumes/f7f5a194-597c-4ca6-85ec-fe057b34242c"}, {"rel": "bookmark", "href": "http://10.132.44.209/volume/volumes/f7f5a194-597c-4ca6-85ec-fe057b34242c"}], "user_id": "0495918e1ed64bbb937615df1f938f30", "bootable": "false", "encrypted": false, "replication_status": null, "consistencygroup_id": null, "multiattach": false, "attachments": [], "os-vol-tenant-attr:tenant_id": "f92c30465503415cbc00028e1055323b"}}'
2026-03-26 11:05:32,505 129489 INFO     [tempest.lib.common.rest_client] Request (VolumesDeleteCascade:test_volume_from_snapshot_cascade_delete): 200 GET http://10.132.44.209/volume/v3/volumes/f7f5a194-597c-4ca6-85ec-fe057b34242c 0.033s
2026-03-26 11:05:32,505 129489 DEBUG    [tempest.lib.common.rest_client] Request - Headers: {'Content-Type': 'application/json', 'Accept': 'application/json', 'X-Auth-Token': '<omitted>'}
        Body: None
    Response - Headers: {'date': 'Thu, 26 Mar 2026 11:05:32 GMT', 'server': 'Apache/2.4.58 (Ubuntu)', 'content-type': 'application/json', 'x-compute-request-id': 'req-b61a298d-e304-49b7-aec6-6d6eba4f167a', 'content-length': '846', 'openstack-api-version': 'volume 3.0', 'vary': 'OpenStack-API-Version', 'x-openstack-request-id': 'req-b61a298d-e304-49b7-aec6-6d6eba4f167a', 'connection': 'close', 'status': '200', 'content-location': 'http://10.132.44.209/volume/v3/volumes/f7f5a194-597c-4ca6-85ec-fe057b34242c'}
        Body: b'{"volume": {"id": "f7f5a194-597c-4ca6-85ec-fe057b34242c", "status": "deleting", "size": 1, "availability_zone": "nova", "created_at": "2026-03-26T11:03:47.000000", "updated_at": "2026-03-26T11:03:50.000000", "name": "tempest-VolumesDeleteCascade-Volume-308554469", "description": null, "volume_type": "arcusfc1", "snapshot_id": null, "source_volid": null, "metadata": {}, "links": [{"rel": "self", "href": "http://10.132.44.209/volume/v3/volumes/f7f5a194-597c-4ca6-85ec-fe057b34242c"}, {"rel": "bookmark", "href": "http://10.132.44.209/volume/volumes/f7f5a194-597c-4ca6-85ec-fe057b34242c"}], "user_id": "0495918e1ed64bbb937615df1f938f30", "bootable": "false", "encrypted": false, "replication_status": null, "consistencygroup_id": null, "multiattach": false, "att
    achments": [], "os-vol-tenant-attr:tenant_id": "f92c30465503415cbc00028e1055323b"}}'
2026-03-26 11:05:33,555 129489 INFO     [tempest.lib.common.rest_client] Request (VolumesDeleteCascade:test_volume_from_snapshot_cascade_delete): 200 GET http://10.132.44.209/volume/v3/volumes/f7f5a194-597c-4ca6-85ec-fe057b34242c 0.043s
2026-03-26 11:05:33,556 129489 DEBUG    [tempest.lib.common.rest_client] Request - Headers: {'Content-Type': 'application/json', 'Accept': 'application/json', 'X-Auth-Token': '<omitted>'}
        Body: None
    Response - Headers: {'date': 'Thu, 26 Mar 2026 11:05:33 GMT', 'server': 'Apache/2.4.58 (Ubuntu)', 'content-type': 'application/json', 'x-compute-request-id': 'req-8f4cbe40-10a1-4213-8b93-ead9b41537d2', 'content-length': '846', 'openstack-api-version': 'volume 3.0', 'vary': 'OpenStack-API-Version', 'x-openstack-request-id': 'req-8f4cbe40-10a1-4213-8b93-ead9b41537d2', 'connection': 'close', 'status': '200', 'content-location': 'http://10.132.44.209/volume/v3/volumes/f7f5a194-597c-4ca6-85ec-fe057b34242c'}
        Body: b'{"volume": {"id": "f7f5a194-597c-4ca6-85ec-fe057b34242c", "status": "deleting", "size": 1, "availability_zone": "nova", "created_at": "2026-03-26T11:03:47.000000", "updated_at": "2026-03-26T11:03:50.000000", "name": "tempest-VolumesDeleteCascade-Volume-308554469", "description": null, "volume_type": "arcusfc1", "snapshot_id": null, "source_volid": null, "metadata": {}, "links": [{"rel": "self", "href": "http://10.132.44.209/volume/v3/volumes/f7f5a194-597c-4ca6-85ec-fe057b34242c"}, {"rel": "bookmark", "href": "http://10.132.44.209/volume/volumes/f7f5a194-597c-4ca6-85ec-fe057b34242c"}], "user_id": "0495918e1ed64bbb937615df1f938f30", "bootable": "false", "encrypted": false, "replication_status": null, "consistencygroup_id": null, "multiattach": false, "attachments": [], "os-vol-tenant-attr:tenant_id": "f92c30465503415cbc00028e1055323b"}}'
2026-03-26 11:05:34,604 129489 INFO     [tempest.lib.common.rest_client] Request (VolumesDeleteCascade:test_volume_from_snapshot_cascade_delete): 200 GET http://10.132.44.209/volume/v3/volumes/f7f5a194-597c-4ca6-85ec-fe057b34242c 0.035s
2026-03-26 11:05:34,605 129489 DEBUG    [tempest.lib.common.rest_client] Request - Headers: {'Content-Type': 'application/json', 'Accept': 'application/json', 'X-Auth-Token': '<omitted>'}
        Body: None
    Response - Headers: {'date': 'Thu, 26 Mar 2026 11:05:34 GMT', 'server': 'Apache/2.4.58 (Ubuntu)', 'content-type': 'application/json', 'x-compute-request-id': 'req-821e7888-f4d2-400f-a6e0-343a6d02c153', 'content-length': '846', 'openstack-api-version': 'volume 3.0', 'vary': 'OpenStack-API-Version', 'x-openstack-request-id': 'req-821e7888-f4d2-400f-a6e0-343a6d02c153', 'connection': 'close', 'status': '200', 'content-location': 'http://10.132.44.209/volume/v3/volumes/f7f5a194-597c-4ca6-85ec-fe057b34242c'}
        Body: b'{"volume": {"id": "f7f5a194-597c-4ca6-85ec-fe057b34242c", "status": "deleting", "size": 1, "availability_zone": "nova", "created_at": "2026-03-26T11:03:47.000000", "updated_at": "2026-03-26T11:03:50.000000", "name": "tempest-VolumesDeleteCascade-Volume-308554469", "description": null, "volume_type": "arcusfc1", "snapshot_id": null, "source_volid": null, "metadata": {}, "links": [{"rel": "self", "href": "http://10.132.44.209/volume/v3/volumes/f7f5a194-597c-4ca6-85ec-fe057b34242c"}, {"rel": "bookmark", "href": "http://10.132.44.209/volume/volumes/f7f5a194-597c-4ca6-85ec-fe057b34242c"}], "user_id": "0495918e1ed64bbb937615df1f938f30", "bootable": "false", "encrypted": false, "replication_status": null, "consistencygroup_id": null, "multiattach": false, "attachments": [], "os-vol-tenant-attr:tenant_id": "f92c30465503415cbc00028e1055323b"}}'
2026-03-26 11:05:35,649 129489 INFO     [tempest.lib.common.rest_client] Request (VolumesDeleteCascade:test_volume_from_snapshot_cascade_delete): 200 GET http://10.132.44.209/volume/v3/volumes/f7f5a194-597c-4ca6-85ec-fe057b34242c 0.035s
2026-03-26 11:05:35,649 129489 DEBUG    [tempest.lib.common.rest_client] Request - Headers: {'Content-Type': 'application/json', 'Acce
    pt': 'application/json', 'X-Auth-Token': '<omitted>'}
        Body: None
    Response - Headers: {'date': 'Thu, 26 Mar 2026 11:05:35 GMT', 'server': 'Apache/2.4.58 (Ubuntu)', 'content-type': 'application/json', 'x-compute-request-id': 'req-79d006b8-f118-4909-a841-6ea57b94fa2a', 'content-length': '846', 'openstack-api-version': 'volume 3.0', 'vary': 'OpenStack-API-Version', 'x-openstack-request-id': 'req-79d006b8-f118-4909-a841-6ea57b94fa2a', 'connection': 'close', 'status': '200', 'content-location': 'http://10.132.44.209/volume/v3/volumes/f7f5a194-597c-4ca6-85ec-fe057b34242c'}
        Body: b'{"volume": {"id": "f7f5a194-597c-4ca6-85ec-fe057b34242c", "status": "deleting", "size": 1, "availability_zone": "nova", "created_at": "2026-03-26T11:03:47.000000", "updated_at": "2026-03-26T11:03:50.000000", "name": "tempest-VolumesDeleteCascade-Volume-308554469", "description": null, "volume_type": "arcusfc1", "snapshot_id": null, "source_volid": null, "metadata": {}, "links": [{"rel": "self", "href": "http://10.132.44.209/volume/v3/volumes/f7f5a194-597c-4ca6-85ec-fe057b34242c"}, {"rel": "bookmark", "href": "http://10.132.44.209/volume/volumes/f7f5a194-597c-4ca6-85ec-fe057b34242c"}], "user_id": "0495918e1ed64bbb937615df1f938f30", "bootable": "false", "encrypted": false, "replication_status": null, "consistencygroup_id": null, "multiattach": false, "attachments": [], "os-vol-tenant-attr:tenant_id": "f92c30465503415cbc00028e1055323b"}}'
2026-03-26 11:05:36,694 129489 INFO     [tempest.lib.common.rest_client] Request (VolumesDeleteCascade:test_volume_from_snapshot_cascade_delete): 200 GET http://10.132.44.209/volume/v3/volumes/f7f5a194-597c-4ca6-85ec-fe057b34242c 0.036s
2026-03-26 11:05:36,695 129489 DEBUG    [tempest.lib.common.rest_client] Request - Headers: {'Content-Type': 'application/json', 'Accept': 'application/json', 'X-Auth-Token': '<omitted>'}
        Body: None
    Response - Headers: {'date': 'Thu, 26 Mar 2026 11:05:36 GMT', 'server': 'Apache/2.4.58 (Ubuntu)', 'content-type': 'application/json', 'x-compute-request-id': 'req-b1d7baed-75ee-43f8-9524-dfb21c7cf749', 'content-length': '846', 'openstack-api-version': 'volume 3.0', 'vary': 'OpenStack-API-Version', 'x-openstack-request-id': 'req-b1d7baed-75ee-43f8-9524-dfb21c7cf749', 'connection': 'close', 'status': '200', 'content-location': 'http://10.132.44.209/volume/v3/volumes/f7f5a194-597c-4ca6-85ec-fe057b34242c'}
        Body: b'{"volume": {"id": "f7f5a194-597c-4ca6-85ec-fe057b34242c", "status": "deleting", "size": 1, "availability_zone": "nova", "created_at": "2026-03-26T11:03:47.000000", "updated_at": "2026-03-26T11:03:50.000000", "name": "tempest-VolumesDeleteCascade-Volume-308554469", "description": null, "volume_type": "arcusfc1", "snapshot_id": null, "source_volid": null, "metadata": {}, "links": [{"rel": "self", "href": "http://10.132.44.209/volume/v3/volumes/f7f5a194-597c-4ca6-85ec-fe057b34242c"}, {"rel": "bookmark", "href": "http://10.132.44.209/volume/volumes/f7f5a194-597c-4ca6-85ec-fe057b34242c"}], "user_id": "0495918e1ed64bbb937615df1f938f30", "bootable": "false", "encrypted": false, "replication_status": null, "consistencygroup_id": null, "multiattach": false, "attachments": [], "os-vol-tenant-attr:tenant_id": "f92c30465503415cbc00028e1055323b"}}'
2026-03-26 11:05:37,743 129489 INFO     [tempest.lib.common.rest_client] Request (VolumesDeleteCascade:test_volume_from_snapshot_cascade_delete): 200 GET http://10.132.44.209/volume/v3/volumes/f7f5a194-597c-4ca6-85ec-fe057b34242c 0.034s
2026-03-26 11:05:37,743 129489 DEBUG    [tempest.lib.common.rest_client] Request - Headers: {'Content-Type': 'application/json', 'Accept': 'application/json', 'X-Auth-Token': '<omitted>'}
        Body: None
    Response - Headers: {'date': 'Thu, 26 Mar 2026 11:05:37 GMT', 'server': 'Apache/2.4.58 (Ubuntu)', 'content-type': 'application/json', 'x-compute-request-id': 'req-95cc281d-d882-4ae7-995f-eec630ad079c', 'content-length': '846', 'openstack-api-version': 'volume 3.0', 'vary': 'OpenStack-API-Version', 'x-openstack-request-id': 'req-95cc281d-d882-4ae7-995f-eec630ad079c', 'connectio
    n': 'close', 'status': '200', 'content-location': 'http://10.132.44.209/volume/v3/volumes/f7f5a194-597c-4ca6-85ec-fe057b34242c'}
        Body: b'{"volume": {"id": "f7f5a194-597c-4ca6-85ec-fe057b34242c", "status": "deleting", "size": 1, "availability_zone": "nova", "created_at": "2026-03-26T11:03:47.000000", "updated_at": "2026-03-26T11:03:50.000000", "name": "tempest-VolumesDeleteCascade-Volume-308554469", "description": null, "volume_type": "arcusfc1", "snapshot_id": null, "source_volid": null, "metadata": {}, "links": [{"rel": "self", "href": "http://10.132.44.209/volume/v3/volumes/f7f5a194-597c-4ca6-85ec-fe057b34242c"}, {"rel": "bookmark", "href": "http://10.132.44.209/volume/volumes/f7f5a194-597c-4ca6-85ec-fe057b34242c"}], "user_id": "0495918e1ed64bbb937615df1f938f30", "bootable": "false", "encrypted": false, "replication_status": null, "consistencygroup_id": null, "multiattach": false, "attachments": [], "os-vol-tenant-attr:tenant_id": "f92c30465503415cbc00028e1055323b"}}'
2026-03-26 11:05:38,784 129489 INFO     [tempest.lib.common.rest_client] Request (VolumesDeleteCascade:test_volume_from_snapshot_cascade_delete): 200 GET http://10.132.44.209/volume/v3/volumes/f7f5a194-597c-4ca6-85ec-fe057b34242c 0.033s
2026-03-26 11:05:38,784 129489 DEBUG    [tempest.lib.common.rest_client] Request - Headers: {'Content-Type': 'application/json', 'Accept': 'application/json', 'X-Auth-Token': '<omitted>'}
        Body: None
    Response - Headers: {'date': 'Thu, 26 Mar 2026 11:05:38 GMT', 'server': 'Apache/2.4.58 (Ubuntu)', 'content-type': 'application/json', 'x-compute-request-id': 'req-583215fb-1203-4074-b0f4-c8a7c0fe5648', 'content-length': '846', 'openstack-api-version': 'volume 3.0', 'vary': 'OpenStack-API-Version', 'x-openstack-request-id': 'req-583215fb-1203-4074-b0f4-c8a7c0fe5648', 'connection': 'close', 'status': '200', 'content-location': 'http://10.132.44.209/volume/v3/volumes/f7f5a194-597c-4ca6-85ec-fe057b34242c'}
        Body: b'{"volume": {"id": "f7f5a194-597c-4ca6-85ec-fe057b34242c", "status": "deleting", "size": 1, "availability_zone": "nova", "created_at": "2026-03-26T11:03:47.000000", "updated_at": "2026-03-26T11:03:50.000000", "name": "tempest-VolumesDeleteCascade-Volume-308554469", "description": null, "volume_type": "arcusfc1", "snapshot_id": null, "source_volid": null, "metadata": {}, "links": [{"rel": "self", "href": "http://10.132.44.209/volume/v3/volumes/f7f5a194-597c-4ca6-85ec-fe057b34242c"}, {"rel": "bookmark", "href": "http://10.132.44.209/volume/volumes/f7f5a194-597c-4ca6-85ec-fe057b34242c"}], "user_id": "0495918e1ed64bbb937615df1f938f30", "bootable": "false", "encrypted": false, "replication_status": null, "consistencygroup_id": null, "multiattach": false, "attachments": [], "os-vol-tenant-attr:tenant_id": "f92c30465503415cbc00028e1055323b"}}'
2026-03-26 11:05:39,829 129489 INFO     [tempest.lib.common.rest_client] Request (VolumesDeleteCascade:test_volume_from_snapshot_cascade_delete): 200 GET http://10.132.44.209/volume/v3/volumes/f7f5a194-597c-4ca6-85ec-fe057b34242c 0.037s
2026-03-26 11:05:39,829 129489 DEBUG    [tempest.lib.common.rest_client] Request - Headers: {'Content-Type': 'application/json', 'Accept': 'application/json', 'X-Auth-Token': '<omitted>'}
        Body: None
    Response - Headers: {'date': 'Thu, 26 Mar 2026 11:05:39 GMT', 'server': 'Apache/2.4.58 (Ubuntu)', 'content-type': 'application/json', 'x-compute-request-id': 'req-d295d997-24b5-4182-a6a5-73d303ed77ab', 'content-length': '846', 'openstack-api-version': 'volume 3.0', 'vary': 'OpenStack-API-Version', 'x-openstack-request-id': 'req-d295d997-24b5-4182-a6a5-73d303ed77ab', 'connection': 'close', 'status': '200', 'content-location': 'http://10.132.44.209/volume/v3/volumes/f7f5a194-597c-4ca6-85ec-fe057b34242c'}
        Body: b'{"volume": {"id": "f7f5a194-597c-4ca6-85ec-fe057b34242c", "status": "deleting", "size": 1, "availability_zone": "nova", "created_at": "2026-03-26T11:03:47.000000", "updated_at": "2026-03-26T11:03:50.000000", "name": "tempest-VolumesDeleteCascade-Volume-308554469", "description": null, "volume_type": "arcusfc1"
    , "snapshot_id": null, "source_volid": null, "metadata": {}, "links": [{"rel": "self", "href": "http://10.132.44.209/volume/v3/volumes/f7f5a194-597c-4ca6-85ec-fe057b34242c"}, {"rel": "bookmark", "href": "http://10.132.44.209/volume/volumes/f7f5a194-597c-4ca6-85ec-fe057b34242c"}], "user_id": "0495918e1ed64bbb937615df1f938f30", "bootable": "false", "encrypted": false, "replication_status": null, "consistencygroup_id": null, "multiattach": false, "attachments": [], "os-vol-tenant-attr:tenant_id": "f92c30465503415cbc00028e1055323b"}}'
2026-03-26 11:05:40,883 129489 INFO     [tempest.lib.common.rest_client] Request (VolumesDeleteCascade:test_volume_from_snapshot_cascade_delete): 200 GET http://10.132.44.209/volume/v3/volumes/f7f5a194-597c-4ca6-85ec-fe057b34242c 0.042s
2026-03-26 11:05:40,883 129489 DEBUG    [tempest.lib.common.rest_client] Request - Headers: {'Content-Type': 'application/json', 'Accept': 'application/json', 'X-Auth-Token': '<omitted>'}
        Body: None
    Response - Headers: {'date': 'Thu, 26 Mar 2026 11:05:40 GMT', 'server': 'Apache/2.4.58 (Ubuntu)', 'content-type': 'application/json', 'x-compute-request-id': 'req-6466a886-3a1f-4d0c-8671-54399fad48a9', 'content-length': '846', 'openstack-api-version': 'volume 3.0', 'vary': 'OpenStack-API-Version', 'x-openstack-request-id': 'req-6466a886-3a1f-4d0c-8671-54399fad48a9', 'connection': 'close', 'status': '200', 'content-location': 'http://10.132.44.209/volume/v3/volumes/f7f5a194-597c-4ca6-85ec-fe057b34242c'}
        Body: b'{"volume": {"id": "f7f5a194-597c-4ca6-85ec-fe057b34242c", "status": "deleting", "size": 1, "availability_zone": "nova", "created_at": "2026-03-26T11:03:47.000000", "updated_at": "2026-03-26T11:03:50.000000", "name": "tempest-VolumesDeleteCascade-Volume-308554469", "description": null, "volume_type": "arcusfc1", "snapshot_id": null, "source_volid": null, "metadata": {}, "links": [{"rel": "self", "href": "http://10.132.44.209/volume/v3/volumes/f7f5a194-597c-4ca6-85ec-fe057b34242c"}, {"rel": "bookmark", "href": "http://10.132.44.209/volume/volumes/f7f5a194-597c-4ca6-85ec-fe057b34242c"}], "user_id": "0495918e1ed64bbb937615df1f938f30", "bootable": "false", "encrypted": false, "replication_status": null, "consistencygroup_id": null, "multiattach": false, "attachments": [], "os-vol-tenant-attr:tenant_id": "f92c30465503415cbc00028e1055323b"}}'
2026-03-26 11:05:41,932 129489 INFO     [tempest.lib.common.rest_client] Request (VolumesDeleteCascade:test_volume_from_snapshot_cascade_delete): 200 GET http://10.132.44.209/volume/v3/volumes/f7f5a194-597c-4ca6-85ec-fe057b34242c 0.040s
2026-03-26 11:05:41,932 129489 DEBUG    [tempest.lib.common.rest_client] Request - Headers: {'Content-Type': 'application/json', 'Accept': 'application/json', 'X-Auth-Token': '<omitted>'}
        Body: None
    Response - Headers: {'date': 'Thu, 26 Mar 2026 11:05:41 GMT', 'server': 'Apache/2.4.58 (Ubuntu)', 'content-type': 'application/json', 'x-compute-request-id': 'req-654f7fed-bf07-4679-a7fa-04c249c2e976', 'content-length': '846', 'openstack-api-version': 'volume 3.0', 'vary': 'OpenStack-API-Version', 'x-openstack-request-id': 'req-654f7fed-bf07-4679-a7fa-04c249c2e976', 'connection': 'close', 'status': '200', 'content-location': 'http://10.132.44.209/volume/v3/volumes/f7f5a194-597c-4ca6-85ec-fe057b34242c'}
        Body: b'{"volume": {"id": "f7f5a194-597c-4ca6-85ec-fe057b34242c", "status": "deleting", "size": 1, "availability_zone": "nova", "created_at": "2026-03-26T11:03:47.000000", "updated_at": "2026-03-26T11:03:50.000000", "name": "tempest-VolumesDeleteCascade-Volume-308554469", "description": null, "volume_type": "arcusfc1", "snapshot_id": null, "source_volid": null, "metadata": {}, "links": [{"rel": "self", "href": "http://10.132.44.209/volume/v3/volumes/f7f5a194-597c-4ca6-85ec-fe057b34242c"}, {"rel": "bookmark", "href": "http://10.132.44.209/volume/volumes/f7f5a194-597c-4ca6-85ec-fe057b34242c"}], "user_id": "0495918e1ed64bbb937615df1f938f30", "bootable": "false", "encrypted": false, "replication_status": null, "consistencygroup_id": null, "multiattach": false, "attachm
    ents": [], "os-vol-tenant-attr:tenant_id": "f92c30465503415cbc00028e1055323b"}}'
2026-03-26 11:05:42,985 129489 INFO     [tempest.lib.common.rest_client] Request (VolumesDeleteCascade:test_volume_from_snapshot_cascade_delete): 200 GET http://10.132.44.209/volume/v3/volumes/f7f5a194-597c-4ca6-85ec-fe057b34242c 0.038s
2026-03-26 11:05:42,986 129489 DEBUG    [tempest.lib.common.rest_client] Request - Headers: {'Content-Type': 'application/json', 'Accept': 'application/json', 'X-Auth-Token': '<omitted>'}
        Body: None
    Response - Headers: {'date': 'Thu, 26 Mar 2026 11:05:42 GMT', 'server': 'Apache/2.4.58 (Ubuntu)', 'content-type': 'application/json', 'x-compute-request-id': 'req-2c5753cb-9c8a-4cc7-9b7d-c9b812f5d815', 'content-length': '846', 'openstack-api-version': 'volume 3.0', 'vary': 'OpenStack-API-Version', 'x-openstack-request-id': 'req-2c5753cb-9c8a-4cc7-9b7d-c9b812f5d815', 'connection': 'close', 'status': '200', 'content-location': 'http://10.132.44.209/volume/v3/volumes/f7f5a194-597c-4ca6-85ec-fe057b34242c'}
        Body: b'{"volume": {"id": "f7f5a194-597c-4ca6-85ec-fe057b34242c", "status": "deleting", "size": 1, "availability_zone": "nova", "created_at": "2026-03-26T11:03:47.000000", "updated_at": "2026-03-26T11:03:50.000000", "name": "tempest-VolumesDeleteCascade-Volume-308554469", "description": null, "volume_type": "arcusfc1", "snapshot_id": null, "source_volid": null, "metadata": {}, "links": [{"rel": "self", "href": "http://10.132.44.209/volume/v3/volumes/f7f5a194-597c-4ca6-85ec-fe057b34242c"}, {"rel": "bookmark", "href": "http://10.132.44.209/volume/volumes/f7f5a194-597c-4ca6-85ec-fe057b34242c"}], "user_id": "0495918e1ed64bbb937615df1f938f30", "bootable": "false", "encrypted": false, "replication_status": null, "consistencygroup_id": null, "multiattach": false, "attachments": [], "os-vol-tenant-attr:tenant_id": "f92c30465503415cbc00028e1055323b"}}'
2026-03-26 11:05:44,041 129489 INFO     [tempest.lib.common.rest_client] Request (VolumesDeleteCascade:test_volume_from_snapshot_cascade_delete): 200 GET http://10.132.44.209/volume/v3/volumes/f7f5a194-597c-4ca6-85ec-fe057b34242c 0.040s
2026-03-26 11:05:44,041 129489 DEBUG    [tempest.lib.common.rest_client] Request - Headers: {'Content-Type': 'application/json', 'Accept': 'application/json', 'X-Auth-Token': '<omitted>'}
        Body: None
    Response - Headers: {'date': 'Thu, 26 Mar 2026 11:05:44 GMT', 'server': 'Apache/2.4.58 (Ubuntu)', 'content-type': 'application/json', 'x-compute-request-id': 'req-a4c4d0da-63f7-4ce0-be0e-f76ccaa42c3e', 'content-length': '846', 'openstack-api-version': 'volume 3.0', 'vary': 'OpenStack-API-Version', 'x-openstack-request-id': 'req-a4c4d0da-63f7-4ce0-be0e-f76ccaa42c3e', 'connection': 'close', 'status': '200', 'content-location': 'http://10.132.44.209/volume/v3/volumes/f7f5a194-597c-4ca6-85ec-fe057b34242c'}
        Body: b'{"volume": {"id": "f7f5a194-597c-4ca6-85ec-fe057b34242c", "status": "deleting", "size": 1, "availability_zone": "nova", "created_at": "2026-03-26T11:03:47.000000", "updated_at": "2026-03-26T11:03:50.000000", "name": "tempest-VolumesDeleteCascade-Volume-308554469", "description": null, "volume_type": "arcusfc1", "snapshot_id": null, "source_volid": null, "metadata": {}, "links": [{"rel": "self", "href": "http://10.132.44.209/volume/v3/volumes/f7f5a194-597c-4ca6-85ec-fe057b34242c"}, {"rel": "bookmark", "href": "http://10.132.44.209/volume/volumes/f7f5a194-597c-4ca6-85ec-fe057b34242c"}], "user_id": "0495918e1ed64bbb937615df1f938f30", "bootable": "false", "encrypted": false, "replication_status": null, "consistencygroup_id": null, "multiattach": false, "attachments": [], "os-vol-tenant-attr:tenant_id": "f92c30465503415cbc00028e1055323b"}}'
2026-03-26 11:05:45,091 129489 INFO     [tempest.lib.common.rest_client] Request (VolumesDeleteCascade:test_volume_from_snapshot_cascade_delete): 200 GET http://10.132.44.209/volume/v3/volumes/f7f5a194-597c-4ca6-85ec-fe057b34242c 0.037s
2026-03-26 11:05:45,092 129489 DEBUG    [tempest.lib.common.rest_client] Request - Headers: {'Content-Type': 'application/json', 'Accept':
     'application/json', 'X-Auth-Token': '<omitted>'}
        Body: None
    Response - Headers: {'date': 'Thu, 26 Mar 2026 11:05:45 GMT', 'server': 'Apache/2.4.58 (Ubuntu)', 'content-type': 'application/json', 'x-compute-request-id': 'req-9bbe15c2-3165-4c64-9d4a-8d122276c577', 'content-length': '846', 'openstack-api-version': 'volume 3.0', 'vary': 'OpenStack-API-Version', 'x-openstack-request-id': 'req-9bbe15c2-3165-4c64-9d4a-8d122276c577', 'connection': 'close', 'status': '200', 'content-location': 'http://10.132.44.209/volume/v3/volumes/f7f5a194-597c-4ca6-85ec-fe057b34242c'}
        Body: b'{"volume": {"id": "f7f5a194-597c-4ca6-85ec-fe057b34242c", "status": "deleting", "size": 1, "availability_zone": "nova", "created_at": "2026-03-26T11:03:47.000000", "updated_at": "2026-03-26T11:03:50.000000", "name": "tempest-VolumesDeleteCascade-Volume-308554469", "description": null, "volume_type": "arcusfc1", "snapshot_id": null, "source_volid": null, "metadata": {}, "links": [{"rel": "self", "href": "http://10.132.44.209/volume/v3/volumes/f7f5a194-597c-4ca6-85ec-fe057b34242c"}, {"rel": "bookmark", "href": "http://10.132.44.209/volume/volumes/f7f5a194-597c-4ca6-85ec-fe057b34242c"}], "user_id": "0495918e1ed64bbb937615df1f938f30", "bootable": "false", "encrypted": false, "replication_status": null, "consistencygroup_id": null, "multiattach": false, "attachments": [], "os-vol-tenant-attr:tenant_id": "f92c30465503415cbc00028e1055323b"}}'
2026-03-26 11:05:46,147 129489 INFO     [tempest.lib.common.rest_client] Request (VolumesDeleteCascade:test_volume_from_snapshot_cascade_delete): 200 GET http://10.132.44.209/volume/v3/volumes/f7f5a194-597c-4ca6-85ec-fe057b34242c 0.040s
2026-03-26 11:05:46,147 129489 DEBUG    [tempest.lib.common.rest_client] Request - Headers: {'Content-Type': 'application/json', 'Accept': 'application/json', 'X-Auth-Token': '<omitted>'}
        Body: None
    Response - Headers: {'date': 'Thu, 26 Mar 2026 11:05:46 GMT', 'server': 'Apache/2.4.58 (Ubuntu)', 'content-type': 'application/json', 'x-compute-request-id': 'req-f68adb72-ae42-4d6a-8b6f-6227fe64cc31', 'content-length': '846', 'openstack-api-version': 'volume 3.0', 'vary': 'OpenStack-API-Version', 'x-openstack-request-id': 'req-f68adb72-ae42-4d6a-8b6f-6227fe64cc31', 'connection': 'close', 'status': '200', 'content-location': 'http://10.132.44.209/volume/v3/volumes/f7f5a194-597c-4ca6-85ec-fe057b34242c'}
        Body: b'{"volume": {"id": "f7f5a194-597c-4ca6-85ec-fe057b34242c", "status": "deleting", "size": 1, "availability_zone": "nova", "created_at": "2026-03-26T11:03:47.000000", "updated_at": "2026-03-26T11:03:50.000000", "name": "tempest-VolumesDeleteCascade-Volume-308554469", "description": null, "volume_type": "arcusfc1", "snapshot_id": null, "source_volid": null, "metadata": {}, "links": [{"rel": "self", "href": "http://10.132.44.209/volume/v3/volumes/f7f5a194-597c-4ca6-85ec-fe057b34242c"}, {"rel": "bookmark", "href": "http://10.132.44.209/volume/volumes/f7f5a194-597c-4ca6-85ec-fe057b34242c"}], "user_id": "0495918e1ed64bbb937615df1f938f30", "bootable": "false", "encrypted": false, "replication_status": null, "consistencygroup_id": null, "multiattach": false, "attachments": [], "os-vol-tenant-attr:tenant_id": "f92c30465503415cbc00028e1055323b"}}'
2026-03-26 11:05:47,206 129489 INFO     [tempest.lib.common.rest_client] Request (VolumesDeleteCascade:test_volume_from_snapshot_cascade_delete): 200 GET http://10.132.44.209/volume/v3/volumes/f7f5a194-597c-4ca6-85ec-fe057b34242c 0.047s
2026-03-26 11:05:47,206 129489 DEBUG    [tempest.lib.common.rest_client] Request - Headers: {'Content-Type': 'application/json', 'Accept': 'application/json', 'X-Auth-Token': '<omitted>'}
        Body: None
    Response - Headers: {'date': 'Thu, 26 Mar 2026 11:05:47 GMT', 'server': 'Apache/2.4.58 (Ubuntu)', 'content-type': 'application/json', 'x-compute-request-id': 'req-00dac078-2998-4e0b-a36a-c1eb40dbc9fd', 'content-length': '846', 'openstack-api-version': 'volume 3.0', 'vary': 'OpenStack-API-Version', 'x-openstack-request-id': 'req-00dac078-2998-4e0b-a36a-c1eb40dbc9fd', 'connection': 
    'close', 'status': '200', 'content-location': 'http://10.132.44.209/volume/v3/volumes/f7f5a194-597c-4ca6-85ec-fe057b34242c'}
        Body: b'{"volume": {"id": "f7f5a194-597c-4ca6-85ec-fe057b34242c", "status": "deleting", "size": 1, "availability_zone": "nova", "created_at": "2026-03-26T11:03:47.000000", "updated_at": "2026-03-26T11:03:50.000000", "name": "tempest-VolumesDeleteCascade-Volume-308554469", "description": null, "volume_type": "arcusfc1", "snapshot_id": null, "source_volid": null, "metadata": {}, "links": [{"rel": "self", "href": "http://10.132.44.209/volume/v3/volumes/f7f5a194-597c-4ca6-85ec-fe057b34242c"}, {"rel": "bookmark", "href": "http://10.132.44.209/volume/volumes/f7f5a194-597c-4ca6-85ec-fe057b34242c"}], "user_id": "0495918e1ed64bbb937615df1f938f30", "bootable": "false", "encrypted": false, "replication_status": null, "consistencygroup_id": null, "multiattach": false, "attachments": [], "os-vol-tenant-attr:tenant_id": "f92c30465503415cbc00028e1055323b"}}'
2026-03-26 11:05:48,258 129489 INFO     [tempest.lib.common.rest_client] Request (VolumesDeleteCascade:test_volume_from_snapshot_cascade_delete): 200 GET http://10.132.44.209/volume/v3/volumes/f7f5a194-597c-4ca6-85ec-fe057b34242c 0.043s
2026-03-26 11:05:48,259 129489 DEBUG    [tempest.lib.common.rest_client] Request - Headers: {'Content-Type': 'application/json', 'Accept': 'application/json', 'X-Auth-Token': '<omitted>'}
        Body: None
    Response - Headers: {'date': 'Thu, 26 Mar 2026 11:05:48 GMT', 'server': 'Apache/2.4.58 (Ubuntu)', 'content-type': 'application/json', 'x-compute-request-id': 'req-2161a582-2ff3-4aac-9f69-199ec36d3621', 'content-length': '846', 'openstack-api-version': 'volume 3.0', 'vary': 'OpenStack-API-Version', 'x-openstack-request-id': 'req-2161a582-2ff3-4aac-9f69-199ec36d3621', 'connection': 'close', 'status': '200', 'content-location': 'http://10.132.44.209/volume/v3/volumes/f7f5a194-597c-4ca6-85ec-fe057b34242c'}
        Body: b'{"volume": {"id": "f7f5a194-597c-4ca6-85ec-fe057b34242c", "status": "deleting", "size": 1, "availability_zone": "nova", "created_at": "2026-03-26T11:03:47.000000", "updated_at": "2026-03-26T11:03:50.000000", "name": "tempest-VolumesDeleteCascade-Volume-308554469", "description": null, "volume_type": "arcusfc1", "snapshot_id": null, "source_volid": null, "metadata": {}, "links": [{"rel": "self", "href": "http://10.132.44.209/volume/v3/volumes/f7f5a194-597c-4ca6-85ec-fe057b34242c"}, {"rel": "bookmark", "href": "http://10.132.44.209/volume/volumes/f7f5a194-597c-4ca6-85ec-fe057b34242c"}], "user_id": "0495918e1ed64bbb937615df1f938f30", "bootable": "false", "encrypted": false, "replication_status": null, "consistencygroup_id": null, "multiattach": false, "attachments": [], "os-vol-tenant-attr:tenant_id": "f92c30465503415cbc00028e1055323b"}}'
2026-03-26 11:05:49,312 129489 INFO     [tempest.lib.common.rest_client] Request (VolumesDeleteCascade:test_volume_from_snapshot_cascade_delete): 200 GET http://10.132.44.209/volume/v3/volumes/f7f5a194-597c-4ca6-85ec-fe057b34242c 0.039s
2026-03-26 11:05:49,313 129489 DEBUG    [tempest.lib.common.rest_client] Request - Headers: {'Content-Type': 'application/json', 'Accept': 'application/json', 'X-Auth-Token': '<omitted>'}
        Body: None
    Response - Headers: {'date': 'Thu, 26 Mar 2026 11:05:49 GMT', 'server': 'Apache/2.4.58 (Ubuntu)', 'content-type': 'application/json', 'x-compute-request-id': 'req-7463fc42-a9b3-4744-8f5c-97147b8e90f6', 'content-length': '846', 'openstack-api-version': 'volume 3.0', 'vary': 'OpenStack-API-Version', 'x-openstack-request-id': 'req-7463fc42-a9b3-4744-8f5c-97147b8e90f6', 'connection': 'close', 'status': '200', 'content-location': 'http://10.132.44.209/volume/v3/volumes/f7f5a194-597c-4ca6-85ec-fe057b34242c'}
        Body: b'{"volume": {"id": "f7f5a194-597c-4ca6-85ec-fe057b34242c", "status": "deleting", "size": 1, "availability_zone": "nova", "created_at": "2026-03-26T11:03:47.000000", "updated_at": "2026-03-26T11:03:50.000000", "name": "tempest-VolumesDeleteCascade-Volume-308554469", "description": null, "volume_type": "arcusfc1", "s
    napshot_id": null, "source_volid": null, "metadata": {}, "links": [{"rel": "self", "href": "http://10.132.44.209/volume/v3/volumes/f7f5a194-597c-4ca6-85ec-fe057b34242c"}, {"rel": "bookmark", "href": "http://10.132.44.209/volume/volumes/f7f5a194-597c-4ca6-85ec-fe057b34242c"}], "user_id": "0495918e1ed64bbb937615df1f938f30", "bootable": "false", "encrypted": false, "replication_status": null, "consistencygroup_id": null, "multiattach": false, "attachments": [], "os-vol-tenant-attr:tenant_id": "f92c30465503415cbc00028e1055323b"}}'
2026-03-26 11:05:50,367 129489 INFO     [tempest.lib.common.rest_client] Request (VolumesDeleteCascade:test_volume_from_snapshot_cascade_delete): 200 GET http://10.132.44.209/volume/v3/volumes/f7f5a194-597c-4ca6-85ec-fe057b34242c 0.041s
2026-03-26 11:05:50,368 129489 DEBUG    [tempest.lib.common.rest_client] Request - Headers: {'Content-Type': 'application/json', 'Accept': 'application/json', 'X-Auth-Token': '<omitted>'}
        Body: None
    Response - Headers: {'date': 'Thu, 26 Mar 2026 11:05:50 GMT', 'server': 'Apache/2.4.58 (Ubuntu)', 'content-type': 'application/json', 'x-compute-request-id': 'req-aaf68111-17d2-40fa-8fc5-5a16f0a1dbc8', 'content-length': '846', 'openstack-api-version': 'volume 3.0', 'vary': 'OpenStack-API-Version', 'x-openstack-request-id': 'req-aaf68111-17d2-40fa-8fc5-5a16f0a1dbc8', 'connection': 'close', 'status': '200', 'content-location': 'http://10.132.44.209/volume/v3/volumes/f7f5a194-597c-4ca6-85ec-fe057b34242c'}
        Body: b'{"volume": {"id": "f7f5a194-597c-4ca6-85ec-fe057b34242c", "status": "deleting", "size": 1, "availability_zone": "nova", "created_at": "2026-03-26T11:03:47.000000", "updated_at": "2026-03-26T11:03:50.000000", "name": "tempest-VolumesDeleteCascade-Volume-308554469", "description": null, "volume_type": "arcusfc1", "snapshot_id": null, "source_volid": null, "metadata": {}, "links": [{"rel": "self", "href": "http://10.132.44.209/volume/v3/volumes/f7f5a194-597c-4ca6-85ec-fe057b34242c"}, {"rel": "bookmark", "href": "http://10.132.44.209/volume/volumes/f7f5a194-597c-4ca6-85ec-fe057b34242c"}], "user_id": "0495918e1ed64bbb937615df1f938f30", "bootable": "false", "encrypted": false, "replication_status": null, "consistencygroup_id": null, "multiattach": false, "attachments": [], "os-vol-tenant-attr:tenant_id": "f92c30465503415cbc00028e1055323b"}}'
2026-03-26 11:05:51,420 129489 INFO     [tempest.lib.common.rest_client] Request (VolumesDeleteCascade:test_volume_from_snapshot_cascade_delete): 200 GET http://10.132.44.209/volume/v3/volumes/f7f5a194-597c-4ca6-85ec-fe057b34242c 0.038s
2026-03-26 11:05:51,420 129489 DEBUG    [tempest.lib.common.rest_client] Request - Headers: {'Content-Type': 'application/json', 'Accept': 'application/json', 'X-Auth-Token': '<omitted>'}
        Body: None
    Response - Headers: {'date': 'Thu, 26 Mar 2026 11:05:51 GMT', 'server': 'Apache/2.4.58 (Ubuntu)', 'content-type': 'application/json', 'x-compute-request-id': 'req-6739dea6-62aa-49bf-a19e-89d9e3530847', 'content-length': '846', 'openstack-api-version': 'volume 3.0', 'vary': 'OpenStack-API-Version', 'x-openstack-request-id': 'req-6739dea6-62aa-49bf-a19e-89d9e3530847', 'connection': 'close', 'status': '200', 'content-location': 'http://10.132.44.209/volume/v3/volumes/f7f5a194-597c-4ca6-85ec-fe057b34242c'}
        Body: b'{"volume": {"id": "f7f5a194-597c-4ca6-85ec-fe057b34242c", "status": "deleting", "size": 1, "availability_zone": "nova", "created_at": "2026-03-26T11:03:47.000000", "updated_at": "2026-03-26T11:03:50.000000", "name": "tempest-VolumesDeleteCascade-Volume-308554469", "description": null, "volume_type": "arcusfc1", "snapshot_id": null, "source_volid": null, "metadata": {}, "links": [{"rel": "self", "href": "http://10.132.44.209/volume/v3/volumes/f7f5a194-597c-4ca6-85ec-fe057b34242c"}, {"rel": "bookmark", "href": "http://10.132.44.209/volume/volumes/f7f5a194-597c-4ca6-85ec-fe057b34242c"}], "user_id": "0495918e1ed64bbb937615df1f938f30", "bootable": "false", "encrypted": false, "replication_status": null, "consistencygroup_id": null, "multiattach": false, "attachments
    ": [], "os-vol-tenant-attr:tenant_id": "f92c30465503415cbc00028e1055323b"}}'
2026-03-26 11:05:52,475 129489 INFO     [tempest.lib.common.rest_client] Request (VolumesDeleteCascade:test_volume_from_snapshot_cascade_delete): 200 GET http://10.132.44.209/volume/v3/volumes/f7f5a194-597c-4ca6-85ec-fe057b34242c 0.045s
2026-03-26 11:05:52,476 129489 DEBUG    [tempest.lib.common.rest_client] Request - Headers: {'Content-Type': 'application/json', 'Accept': 'application/json', 'X-Auth-Token': '<omitted>'}
        Body: None
    Response - Headers: {'date': 'Thu, 26 Mar 2026 11:05:52 GMT', 'server': 'Apache/2.4.58 (Ubuntu)', 'content-type': 'application/json', 'x-compute-request-id': 'req-c2102a1d-c7df-4321-babe-a3c328ea3c4e', 'content-length': '846', 'openstack-api-version': 'volume 3.0', 'vary': 'OpenStack-API-Version', 'x-openstack-request-id': 'req-c2102a1d-c7df-4321-babe-a3c328ea3c4e', 'connection': 'close', 'status': '200', 'content-location': 'http://10.132.44.209/volume/v3/volumes/f7f5a194-597c-4ca6-85ec-fe057b34242c'}
        Body: b'{"volume": {"id": "f7f5a194-597c-4ca6-85ec-fe057b34242c", "status": "deleting", "size": 1, "availability_zone": "nova", "created_at": "2026-03-26T11:03:47.000000", "updated_at": "2026-03-26T11:03:50.000000", "name": "tempest-VolumesDeleteCascade-Volume-308554469", "description": null, "volume_type": "arcusfc1", "snapshot_id": null, "source_volid": null, "metadata": {}, "links": [{"rel": "self", "href": "http://10.132.44.209/volume/v3/volumes/f7f5a194-597c-4ca6-85ec-fe057b34242c"}, {"rel": "bookmark", "href": "http://10.132.44.209/volume/volumes/f7f5a194-597c-4ca6-85ec-fe057b34242c"}], "user_id": "0495918e1ed64bbb937615df1f938f30", "bootable": "false", "encrypted": false, "replication_status": null, "consistencygroup_id": null, "multiattach": false, "attachments": [], "os-vol-tenant-attr:tenant_id": "f92c30465503415cbc00028e1055323b"}}'
2026-03-26 11:05:53,523 129489 INFO     [tempest.lib.common.rest_client] Request (VolumesDeleteCascade:test_volume_from_snapshot_cascade_delete): 200 GET http://10.132.44.209/volume/v3/volumes/f7f5a194-597c-4ca6-85ec-fe057b34242c 0.034s
2026-03-26 11:05:53,523 129489 DEBUG    [tempest.lib.common.rest_client] Request - Headers: {'Content-Type': 'application/json', 'Accept': 'application/json', 'X-Auth-Token': '<omitted>'}
        Body: None
    Response - Headers: {'date': 'Thu, 26 Mar 2026 11:05:53 GMT', 'server': 'Apache/2.4.58 (Ubuntu)', 'content-type': 'application/json', 'x-compute-request-id': 'req-107d43c8-dfba-4d4d-8582-59a2b59637bf', 'content-length': '846', 'openstack-api-version': 'volume 3.0', 'vary': 'OpenStack-API-Version', 'x-openstack-request-id': 'req-107d43c8-dfba-4d4d-8582-59a2b59637bf', 'connection': 'close', 'status': '200', 'content-location': 'http://10.132.44.209/volume/v3/volumes/f7f5a194-597c-4ca6-85ec-fe057b34242c'}
        Body: b'{"volume": {"id": "f7f5a194-597c-4ca6-85ec-fe057b34242c", "status": "deleting", "size": 1, "availability_zone": "nova", "created_at": "2026-03-26T11:03:47.000000", "updated_at": "2026-03-26T11:03:50.000000", "name": "tempest-VolumesDeleteCascade-Volume-308554469", "description": null, "volume_type": "arcusfc1", "snapshot_id": null, "source_volid": null, "metadata": {}, "links": [{"rel": "self", "href": "http://10.132.44.209/volume/v3/volumes/f7f5a194-597c-4ca6-85ec-fe057b34242c"}, {"rel": "bookmark", "href": "http://10.132.44.209/volume/volumes/f7f5a194-597c-4ca6-85ec-fe057b34242c"}], "user_id": "0495918e1ed64bbb937615df1f938f30", "bootable": "false", "encrypted": false, "replication_status": null, "consistencygroup_id": null, "multiattach": false, "attachments": [], "os-vol-tenant-attr:tenant_id": "f92c30465503415cbc00028e1055323b"}}'
2026-03-26 11:05:54,578 129489 INFO     [tempest.lib.common.rest_client] Request (VolumesDeleteCascade:test_volume_from_snapshot_cascade_delete): 200 GET http://10.132.44.209/volume/v3/volumes/f7f5a194-597c-4ca6-85ec-fe057b34242c 0.048s
2026-03-26 11:05:54,579 129489 DEBUG    [tempest.lib.common.rest_client] Request - Headers: {'Content-Type': 'application/json', 'Accept': 'ap
    plication/json', 'X-Auth-Token': '<omitted>'}
        Body: None
    Response - Headers: {'date': 'Thu, 26 Mar 2026 11:05:54 GMT', 'server': 'Apache/2.4.58 (Ubuntu)', 'content-type': 'application/json', 'x-compute-request-id': 'req-6b2251f9-3791-4fe3-937b-7d4fb5b2fd0a', 'content-length': '846', 'openstack-api-version': 'volume 3.0', 'vary': 'OpenStack-API-Version', 'x-openstack-request-id': 'req-6b2251f9-3791-4fe3-937b-7d4fb5b2fd0a', 'connection': 'close', 'status': '200', 'content-location': 'http://10.132.44.209/volume/v3/volumes/f7f5a194-597c-4ca6-85ec-fe057b34242c'}
        Body: b'{"volume": {"id": "f7f5a194-597c-4ca6-85ec-fe057b34242c", "status": "deleting", "size": 1, "availability_zone": "nova", "created_at": "2026-03-26T11:03:47.000000", "updated_at": "2026-03-26T11:03:50.000000", "name": "tempest-VolumesDeleteCascade-Volume-308554469", "description": null, "volume_type": "arcusfc1", "snapshot_id": null, "source_volid": null, "metadata": {}, "links": [{"rel": "self", "href": "http://10.132.44.209/volume/v3/volumes/f7f5a194-597c-4ca6-85ec-fe057b34242c"}, {"rel": "bookmark", "href": "http://10.132.44.209/volume/volumes/f7f5a194-597c-4ca6-85ec-fe057b34242c"}], "user_id": "0495918e1ed64bbb937615df1f938f30", "bootable": "false", "encrypted": false, "replication_status": null, "consistencygroup_id": null, "multiattach": false, "attachments": [], "os-vol-tenant-attr:tenant_id": "f92c30465503415cbc00028e1055323b"}}'
2026-03-26 11:05:55,630 129489 INFO     [tempest.lib.common.rest_client] Request (VolumesDeleteCascade:test_volume_from_snapshot_cascade_delete): 200 GET http://10.132.44.209/volume/v3/volumes/f7f5a194-597c-4ca6-85ec-fe057b34242c 0.040s
2026-03-26 11:05:55,630 129489 DEBUG    [tempest.lib.common.rest_client] Request - Headers: {'Content-Type': 'application/json', 'Accept': 'application/json', 'X-Auth-Token': '<omitted>'}
        Body: None
    Response - Headers: {'date': 'Thu, 26 Mar 2026 11:05:55 GMT', 'server': 'Apache/2.4.58 (Ubuntu)', 'content-type': 'application/json', 'x-compute-request-id': 'req-21364409-9f37-4cd8-bf0d-d1eeab379a70', 'content-length': '846', 'openstack-api-version': 'volume 3.0', 'vary': 'OpenStack-API-Version', 'x-openstack-request-id': 'req-21364409-9f37-4cd8-bf0d-d1eeab379a70', 'connection': 'close', 'status': '200', 'content-location': 'http://10.132.44.209/volume/v3/volumes/f7f5a194-597c-4ca6-85ec-fe057b34242c'}
        Body: b'{"volume": {"id": "f7f5a194-597c-4ca6-85ec-fe057b34242c", "status": "deleting", "size": 1, "availability_zone": "nova", "created_at": "2026-03-26T11:03:47.000000", "updated_at": "2026-03-26T11:03:50.000000", "name": "tempest-VolumesDeleteCascade-Volume-308554469", "description": null, "volume_type": "arcusfc1", "snapshot_id": null, "source_volid": null, "metadata": {}, "links": [{"rel": "self", "href": "http://10.132.44.209/volume/v3/volumes/f7f5a194-597c-4ca6-85ec-fe057b34242c"}, {"rel": "bookmark", "href": "http://10.132.44.209/volume/volumes/f7f5a194-597c-4ca6-85ec-fe057b34242c"}], "user_id": "0495918e1ed64bbb937615df1f938f30", "bootable": "false", "encrypted": false, "replication_status": null, "consistencygroup_id": null, "multiattach": false, "attachments": [], "os-vol-tenant-attr:tenant_id": "f92c30465503415cbc00028e1055323b"}}'
2026-03-26 11:05:56,688 129489 INFO     [tempest.lib.common.rest_client] Request (VolumesDeleteCascade:test_volume_from_snapshot_cascade_delete): 200 GET http://10.132.44.209/volume/v3/volumes/f7f5a194-597c-4ca6-85ec-fe057b34242c 0.043s
2026-03-26 11:05:56,689 129489 DEBUG    [tempest.lib.common.rest_client] Request - Headers: {'Content-Type': 'application/json', 'Accept': 'application/json', 'X-Auth-Token': '<omitted>'}
        Body: None
    Response - Headers: {'date': 'Thu, 26 Mar 2026 11:05:56 GMT', 'server': 'Apache/2.4.58 (Ubuntu)', 'content-type': 'application/json', 'x-compute-request-id': 'req-18333034-b7bb-4baf-94ac-61826ff4dce6', 'content-length': '846', 'openstack-api-version': 'volume 3.0', 'vary': 'OpenStack-API-Version', 'x-openstack-request-id': 'req-18333034-b7bb-4baf-94ac-61826ff4dce6', 'connection': 'clo
    se', 'status': '200', 'content-location': 'http://10.132.44.209/volume/v3/volumes/f7f5a194-597c-4ca6-85ec-fe057b34242c'}
        Body: b'{"volume": {"id": "f7f5a194-597c-4ca6-85ec-fe057b34242c", "status": "deleting", "size": 1, "availability_zone": "nova", "created_at": "2026-03-26T11:03:47.000000", "updated_at": "2026-03-26T11:03:50.000000", "name": "tempest-VolumesDeleteCascade-Volume-308554469", "description": null, "volume_type": "arcusfc1", "snapshot_id": null, "source_volid": null, "metadata": {}, "links": [{"rel": "self", "href": "http://10.132.44.209/volume/v3/volumes/f7f5a194-597c-4ca6-85ec-fe057b34242c"}, {"rel": "bookmark", "href": "http://10.132.44.209/volume/volumes/f7f5a194-597c-4ca6-85ec-fe057b34242c"}], "user_id": "0495918e1ed64bbb937615df1f938f30", "bootable": "false", "encrypted": false, "replication_status": null, "consistencygroup_id": null, "multiattach": false, "attachments": [], "os-vol-tenant-attr:tenant_id": "f92c30465503415cbc00028e1055323b"}}'
2026-03-26 11:05:57,740 129489 INFO     [tempest.lib.common.rest_client] Request (VolumesDeleteCascade:test_volume_from_snapshot_cascade_delete): 200 GET http://10.132.44.209/volume/v3/volumes/f7f5a194-597c-4ca6-85ec-fe057b34242c 0.038s
2026-03-26 11:05:57,741 129489 DEBUG    [tempest.lib.common.rest_client] Request - Headers: {'Content-Type': 'application/json', 'Accept': 'application/json', 'X-Auth-Token': '<omitted>'}
        Body: None
    Response - Headers: {'date': 'Thu, 26 Mar 2026 11:05:57 GMT', 'server': 'Apache/2.4.58 (Ubuntu)', 'content-type': 'application/json', 'x-compute-request-id': 'req-04290e05-2e7b-483c-9513-f2c3e1e7b25c', 'content-length': '846', 'openstack-api-version': 'volume 3.0', 'vary': 'OpenStack-API-Version', 'x-openstack-request-id': 'req-04290e05-2e7b-483c-9513-f2c3e1e7b25c', 'connection': 'close', 'status': '200', 'content-location': 'http://10.132.44.209/volume/v3/volumes/f7f5a194-597c-4ca6-85ec-fe057b34242c'}
        Body: b'{"volume": {"id": "f7f5a194-597c-4ca6-85ec-fe057b34242c", "status": "deleting", "size": 1, "availability_zone": "nova", "created_at": "2026-03-26T11:03:47.000000", "updated_at": "2026-03-26T11:03:50.000000", "name": "tempest-VolumesDeleteCascade-Volume-308554469", "description": null, "volume_type": "arcusfc1", "snapshot_id": null, "source_volid": null, "metadata": {}, "links": [{"rel": "self", "href": "http://10.132.44.209/volume/v3/volumes/f7f5a194-597c-4ca6-85ec-fe057b34242c"}, {"rel": "bookmark", "href": "http://10.132.44.209/volume/volumes/f7f5a194-597c-4ca6-85ec-fe057b34242c"}], "user_id": "0495918e1ed64bbb937615df1f938f30", "bootable": "false", "encrypted": false, "replication_status": null, "consistencygroup_id": null, "multiattach": false, "attachments": [], "os-vol-tenant-attr:tenant_id": "f92c30465503415cbc00028e1055323b"}}'
2026-03-26 11:05:58,787 129489 INFO     [tempest.lib.common.rest_client] Request (VolumesDeleteCascade:test_volume_from_snapshot_cascade_delete): 200 GET http://10.132.44.209/volume/v3/volumes/f7f5a194-597c-4ca6-85ec-fe057b34242c 0.038s
2026-03-26 11:05:58,788 129489 DEBUG    [tempest.lib.common.rest_client] Request - Headers: {'Content-Type': 'application/json', 'Accept': 'application/json', 'X-Auth-Token': '<omitted>'}
        Body: None
    Response - Headers: {'date': 'Thu, 26 Mar 2026 11:05:58 GMT', 'server': 'Apache/2.4.58 (Ubuntu)', 'content-type': 'application/json', 'x-compute-request-id': 'req-6cb105f2-45b8-4192-b1ca-056b2ebbc0cf', 'content-length': '846', 'openstack-api-version': 'volume 3.0', 'vary': 'OpenStack-API-Version', 'x-openstack-request-id': 'req-6cb105f2-45b8-4192-b1ca-056b2ebbc0cf', 'connection': 'close', 'status': '200', 'content-location': 'http://10.132.44.209/volume/v3/volumes/f7f5a194-597c-4ca6-85ec-fe057b34242c'}
        Body: b'{"volume": {"id": "f7f5a194-597c-4ca6-85ec-fe057b34242c", "status": "deleting", "size": 1, "availability_zone": "nova", "created_at": "2026-03-26T11:03:47.000000", "updated_at": "2026-03-26T11:03:50.000000", "name": "tempest-VolumesDeleteCascade-Volume-308554469", "description": null, "volume_type": "arcusfc1", "snaps
    hot_id": null, "source_volid": null, "metadata": {}, "links": [{"rel": "self", "href": "http://10.132.44.209/volume/v3/volumes/f7f5a194-597c-4ca6-85ec-fe057b34242c"}, {"rel": "bookmark", "href": "http://10.132.44.209/volume/volumes/f7f5a194-597c-4ca6-85ec-fe057b34242c"}], "user_id": "0495918e1ed64bbb937615df1f938f30", "bootable": "false", "encrypted": false, "replication_status": null, "consistencygroup_id": null, "multiattach": false, "attachments": [], "os-vol-tenant-attr:tenant_id": "f92c30465503415cbc00028e1055323b"}}'
2026-03-26 11:05:59,844 129489 INFO     [tempest.lib.common.rest_client] Request (VolumesDeleteCascade:test_volume_from_snapshot_cascade_delete): 200 GET http://10.132.44.209/volume/v3/volumes/f7f5a194-597c-4ca6-85ec-fe057b34242c 0.042s
2026-03-26 11:05:59,845 129489 DEBUG    [tempest.lib.common.rest_client] Request - Headers: {'Content-Type': 'application/json', 'Accept': 'application/json', 'X-Auth-Token': '<omitted>'}
        Body: None
    Response - Headers: {'date': 'Thu, 26 Mar 2026 11:05:59 GMT', 'server': 'Apache/2.4.58 (Ubuntu)', 'content-type': 'application/json', 'x-compute-request-id': 'req-b3027fae-57e0-415e-b11c-412b34fc44b7', 'content-length': '846', 'openstack-api-version': 'volume 3.0', 'vary': 'OpenStack-API-Version', 'x-openstack-request-id': 'req-b3027fae-57e0-415e-b11c-412b34fc44b7', 'connection': 'close', 'status': '200', 'content-location': 'http://10.132.44.209/volume/v3/volumes/f7f5a194-597c-4ca6-85ec-fe057b34242c'}
        Body: b'{"volume": {"id": "f7f5a194-597c-4ca6-85ec-fe057b34242c", "status": "deleting", "size": 1, "availability_zone": "nova", "created_at": "2026-03-26T11:03:47.000000", "updated_at": "2026-03-26T11:03:50.000000", "name": "tempest-VolumesDeleteCascade-Volume-308554469", "description": null, "volume_type": "arcusfc1", "snapshot_id": null, "source_volid": null, "metadata": {}, "links": [{"rel": "self", "href": "http://10.132.44.209/volume/v3/volumes/f7f5a194-597c-4ca6-85ec-fe057b34242c"}, {"rel": "bookmark", "href": "http://10.132.44.209/volume/volumes/f7f5a194-597c-4ca6-85ec-fe057b34242c"}], "user_id": "0495918e1ed64bbb937615df1f938f30", "bootable": "false", "encrypted": false, "replication_status": null, "consistencygroup_id": null, "multiattach": false, "attachments": [], "os-vol-tenant-attr:tenant_id": "f92c30465503415cbc00028e1055323b"}}'
2026-03-26 11:06:00,904 129489 INFO     [tempest.lib.common.rest_client] Request (VolumesDeleteCascade:test_volume_from_snapshot_cascade_delete): 200 GET http://10.132.44.209/volume/v3/volumes/f7f5a194-597c-4ca6-85ec-fe057b34242c 0.046s
2026-03-26 11:06:00,905 129489 DEBUG    [tempest.lib.common.rest_client] Request - Headers: {'Content-Type': 'application/json', 'Accept': 'application/json', 'X-Auth-Token': '<omitted>'}
        Body: None
    Response - Headers: {'date': 'Thu, 26 Mar 2026 11:06:00 GMT', 'server': 'Apache/2.4.58 (Ubuntu)', 'content-type': 'application/json', 'x-compute-request-id': 'req-d48510ba-5edb-4ace-8320-c3110f28f749', 'content-length': '846', 'openstack-api-version': 'volume 3.0', 'vary': 'OpenStack-API-Version', 'x-openstack-request-id': 'req-d48510ba-5edb-4ace-8320-c3110f28f749', 'connection': 'close', 'status': '200', 'content-location': 'http://10.132.44.209/volume/v3/volumes/f7f5a194-597c-4ca6-85ec-fe057b34242c'}
        Body: b'{"volume": {"id": "f7f5a194-597c-4ca6-85ec-fe057b34242c", "status": "deleting", "size": 1, "availability_zone": "nova", "created_at": "2026-03-26T11:03:47.000000", "updated_at": "2026-03-26T11:03:50.000000", "name": "tempest-VolumesDeleteCascade-Volume-308554469", "description": null, "volume_type": "arcusfc1", "snapshot_id": null, "source_volid": null, "metadata": {}, "links": [{"rel": "self", "href": "http://10.132.44.209/volume/v3/volumes/f7f5a194-597c-4ca6-85ec-fe057b34242c"}, {"rel": "bookmark", "href": "http://10.132.44.209/volume/volumes/f7f5a194-597c-4ca6-85ec-fe057b34242c"}], "user_id": "0495918e1ed64bbb937615df1f938f30", "bootable": "false", "encrypted": false, "replication_status": null, "consistencygroup_id": null, "multiattach": false, "attachments": [
    ], "os-vol-tenant-attr:tenant_id": "f92c30465503415cbc00028e1055323b"}}'
2026-03-26 11:06:01,957 129489 INFO     [tempest.lib.common.rest_client] Request (VolumesDeleteCascade:test_volume_from_snapshot_cascade_delete): 200 GET http://10.132.44.209/volume/v3/volumes/f7f5a194-597c-4ca6-85ec-fe057b34242c 0.041s
2026-03-26 11:06:01,957 129489 DEBUG    [tempest.lib.common.rest_client] Request - Headers: {'Content-Type': 'application/json', 'Accept': 'application/json', 'X-Auth-Token': '<omitted>'}
        Body: None
    Response - Headers: {'date': 'Thu, 26 Mar 2026 11:06:01 GMT', 'server': 'Apache/2.4.58 (Ubuntu)', 'content-type': 'application/json', 'x-compute-request-id': 'req-8807db8a-5200-4da4-a8bc-fa0f239d98d5', 'content-length': '846', 'openstack-api-version': 'volume 3.0', 'vary': 'OpenStack-API-Version', 'x-openstack-request-id': 'req-8807db8a-5200-4da4-a8bc-fa0f239d98d5', 'connection': 'close', 'status': '200', 'content-location': 'http://10.132.44.209/volume/v3/volumes/f7f5a194-597c-4ca6-85ec-fe057b34242c'}
        Body: b'{"volume": {"id": "f7f5a194-597c-4ca6-85ec-fe057b34242c", "status": "deleting", "size": 1, "availability_zone": "nova", "created_at": "2026-03-26T11:03:47.000000", "updated_at": "2026-03-26T11:03:50.000000", "name": "tempest-VolumesDeleteCascade-Volume-308554469", "description": null, "volume_type": "arcusfc1", "snapshot_id": null, "source_volid": null, "metadata": {}, "links": [{"rel": "self", "href": "http://10.132.44.209/volume/v3/volumes/f7f5a194-597c-4ca6-85ec-fe057b34242c"}, {"rel": "bookmark", "href": "http://10.132.44.209/volume/volumes/f7f5a194-597c-4ca6-85ec-fe057b34242c"}], "user_id": "0495918e1ed64bbb937615df1f938f30", "bootable": "false", "encrypted": false, "replication_status": null, "consistencygroup_id": null, "multiattach": false, "attachments": [], "os-vol-tenant-attr:tenant_id": "f92c30465503415cbc00028e1055323b"}}'
2026-03-26 11:06:03,016 129489 INFO     [tempest.lib.common.rest_client] Request (VolumesDeleteCascade:test_volume_from_snapshot_cascade_delete): 200 GET http://10.132.44.209/volume/v3/volumes/f7f5a194-597c-4ca6-85ec-fe057b34242c 0.044s
2026-03-26 11:06:03,017 129489 DEBUG    [tempest.lib.common.rest_client] Request - Headers: {'Content-Type': 'application/json', 'Accept': 'application/json', 'X-Auth-Token': '<omitted>'}
        Body: None
    Response - Headers: {'date': 'Thu, 26 Mar 2026 11:06:02 GMT', 'server': 'Apache/2.4.58 (Ubuntu)', 'content-type': 'application/json', 'x-compute-request-id': 'req-084c8b5b-011f-4a0d-bd61-96588a52d5c0', 'content-length': '846', 'openstack-api-version': 'volume 3.0', 'vary': 'OpenStack-API-Version', 'x-openstack-request-id': 'req-084c8b5b-011f-4a0d-bd61-96588a52d5c0', 'connection': 'close', 'status': '200', 'content-location': 'http://10.132.44.209/volume/v3/volumes/f7f5a194-597c-4ca6-85ec-fe057b34242c'}
        Body: b'{"volume": {"id": "f7f5a194-597c-4ca6-85ec-fe057b34242c", "status": "deleting", "size": 1, "availability_zone": "nova", "created_at": "2026-03-26T11:03:47.000000", "updated_at": "2026-03-26T11:03:50.000000", "name": "tempest-VolumesDeleteCascade-Volume-308554469", "description": null, "volume_type": "arcusfc1", "snapshot_id": null, "source_volid": null, "metadata": {}, "links": [{"rel": "self", "href": "http://10.132.44.209/volume/v3/volumes/f7f5a194-597c-4ca6-85ec-fe057b34242c"}, {"rel": "bookmark", "href": "http://10.132.44.209/volume/volumes/f7f5a194-597c-4ca6-85ec-fe057b34242c"}], "user_id": "0495918e1ed64bbb937615df1f938f30", "bootable": "false", "encrypted": false, "replication_status": null, "consistencygroup_id": null, "multiattach": false, "attachments": [], "os-vol-tenant-attr:tenant_id": "f92c30465503415cbc00028e1055323b"}}'
2026-03-26 11:06:04,071 129489 INFO     [tempest.lib.common.rest_client] Request (VolumesDeleteCascade:test_volume_from_snapshot_cascade_delete): 200 GET http://10.132.44.209/volume/v3/volumes/f7f5a194-597c-4ca6-85ec-fe057b34242c 0.039s
2026-03-26 11:06:04,071 129489 DEBUG    [tempest.lib.common.rest_client] Request - Headers: {'Content-Type': 'application/json', 'Accept': 'applic
    ation/json', 'X-Auth-Token': '<omitted>'}
        Body: None
    Response - Headers: {'date': 'Thu, 26 Mar 2026 11:06:04 GMT', 'server': 'Apache/2.4.58 (Ubuntu)', 'content-type': 'application/json', 'x-compute-request-id': 'req-9459a6b6-0245-474c-acac-10f5feda77af', 'content-length': '846', 'openstack-api-version': 'volume 3.0', 'vary': 'OpenStack-API-Version', 'x-openstack-request-id': 'req-9459a6b6-0245-474c-acac-10f5feda77af', 'connection': 'close', 'status': '200', 'content-location': 'http://10.132.44.209/volume/v3/volumes/f7f5a194-597c-4ca6-85ec-fe057b34242c'}
        Body: b'{"volume": {"id": "f7f5a194-597c-4ca6-85ec-fe057b34242c", "status": "deleting", "size": 1, "availability_zone": "nova", "created_at": "2026-03-26T11:03:47.000000", "updated_at": "2026-03-26T11:03:50.000000", "name": "tempest-VolumesDeleteCascade-Volume-308554469", "description": null, "volume_type": "arcusfc1", "snapshot_id": null, "source_volid": null, "metadata": {}, "links": [{"rel": "self", "href": "http://10.132.44.209/volume/v3/volumes/f7f5a194-597c-4ca6-85ec-fe057b34242c"}, {"rel": "bookmark", "href": "http://10.132.44.209/volume/volumes/f7f5a194-597c-4ca6-85ec-fe057b34242c"}], "user_id": "0495918e1ed64bbb937615df1f938f30", "bootable": "false", "encrypted": false, "replication_status": null, "consistencygroup_id": null, "multiattach": false, "attachments": [], "os-vol-tenant-attr:tenant_id": "f92c30465503415cbc00028e1055323b"}}'
2026-03-26 11:06:05,121 129489 INFO     [tempest.lib.common.rest_client] Request (VolumesDeleteCascade:test_volume_from_snapshot_cascade_delete): 200 GET http://10.132.44.209/volume/v3/volumes/f7f5a194-597c-4ca6-85ec-fe057b34242c 0.040s
2026-03-26 11:06:05,121 129489 DEBUG    [tempest.lib.common.rest_client] Request - Headers: {'Content-Type': 'application/json', 'Accept': 'application/json', 'X-Auth-Token': '<omitted>'}
        Body: None
    Response - Headers: {'date': 'Thu, 26 Mar 2026 11:06:05 GMT', 'server': 'Apache/2.4.58 (Ubuntu)', 'content-type': 'application/json', 'x-compute-request-id': 'req-6ec0019c-142b-4f05-84a4-8e7d96d3f7fb', 'content-length': '846', 'openstack-api-version': 'volume 3.0', 'vary': 'OpenStack-API-Version', 'x-openstack-request-id': 'req-6ec0019c-142b-4f05-84a4-8e7d96d3f7fb', 'connection': 'close', 'status': '200', 'content-location': 'http://10.132.44.209/volume/v3/volumes/f7f5a194-597c-4ca6-85ec-fe057b34242c'}
        Body: b'{"volume": {"id": "f7f5a194-597c-4ca6-85ec-fe057b34242c", "status": "deleting", "size": 1, "availability_zone": "nova", "created_at": "2026-03-26T11:03:47.000000", "updated_at": "2026-03-26T11:03:50.000000", "name": "tempest-VolumesDeleteCascade-Volume-308554469", "description": null, "volume_type": "arcusfc1", "snapshot_id": null, "source_volid": null, "metadata": {}, "links": [{"rel": "self", "href": "http://10.132.44.209/volume/v3/volumes/f7f5a194-597c-4ca6-85ec-fe057b34242c"}, {"rel": "bookmark", "href": "http://10.132.44.209/volume/volumes/f7f5a194-597c-4ca6-85ec-fe057b34242c"}], "user_id": "0495918e1ed64bbb937615df1f938f30", "bootable": "false", "encrypted": false, "replication_status": null, "consistencygroup_id": null, "multiattach": false, "attachments": [], "os-vol-tenant-attr:tenant_id": "f92c30465503415cbc00028e1055323b"}}'
2026-03-26 11:06:06,173 129489 INFO     [tempest.lib.common.rest_client] Request (VolumesDeleteCascade:test_volume_from_snapshot_cascade_delete): 200 GET http://10.132.44.209/volume/v3/volumes/f7f5a194-597c-4ca6-85ec-fe057b34242c 0.041s
2026-03-26 11:06:06,173 129489 DEBUG    [tempest.lib.common.rest_client] Request - Headers: {'Content-Type': 'application/json', 'Accept': 'application/json', 'X-Auth-Token': '<omitted>'}
        Body: None
    Response - Headers: {'date': 'Thu, 26 Mar 2026 11:06:06 GMT', 'server': 'Apache/2.4.58 (Ubuntu)', 'content-type': 'application/json', 'x-compute-request-id': 'req-84f902ad-a36f-482d-9509-b62f9d6716f5', 'content-length': '846', 'openstack-api-version': 'volume 3.0', 'vary': 'OpenStack-API-Version', 'x-openstack-request-id': 'req-84f902ad-a36f-482d-9509-b62f9d6716f5', 'connection': 'close',
     'status': '200', 'content-location': 'http://10.132.44.209/volume/v3/volumes/f7f5a194-597c-4ca6-85ec-fe057b34242c'}
        Body: b'{"volume": {"id": "f7f5a194-597c-4ca6-85ec-fe057b34242c", "status": "deleting", "size": 1, "availability_zone": "nova", "created_at": "2026-03-26T11:03:47.000000", "updated_at": "2026-03-26T11:03:50.000000", "name": "tempest-VolumesDeleteCascade-Volume-308554469", "description": null, "volume_type": "arcusfc1", "snapshot_id": null, "source_volid": null, "metadata": {}, "links": [{"rel": "self", "href": "http://10.132.44.209/volume/v3/volumes/f7f5a194-597c-4ca6-85ec-fe057b34242c"}, {"rel": "bookmark", "href": "http://10.132.44.209/volume/volumes/f7f5a194-597c-4ca6-85ec-fe057b34242c"}], "user_id": "0495918e1ed64bbb937615df1f938f30", "bootable": "false", "encrypted": false, "replication_status": null, "consistencygroup_id": null, "multiattach": false, "attachments": [], "os-vol-tenant-attr:tenant_id": "f92c30465503415cbc00028e1055323b"}}'
2026-03-26 11:06:07,227 129489 INFO     [tempest.lib.common.rest_client] Request (VolumesDeleteCascade:test_volume_from_snapshot_cascade_delete): 200 GET http://10.132.44.209/volume/v3/volumes/f7f5a194-597c-4ca6-85ec-fe057b34242c 0.046s
2026-03-26 11:06:07,227 129489 DEBUG    [tempest.lib.common.rest_client] Request - Headers: {'Content-Type': 'application/json', 'Accept': 'application/json', 'X-Auth-Token': '<omitted>'}
        Body: None
    Response - Headers: {'date': 'Thu, 26 Mar 2026 11:06:07 GMT', 'server': 'Apache/2.4.58 (Ubuntu)', 'content-type': 'application/json', 'x-compute-request-id': 'req-0a3f33e6-5324-4ca1-bc6e-c94b40010f43', 'content-length': '846', 'openstack-api-version': 'volume 3.0', 'vary': 'OpenStack-API-Version', 'x-openstack-request-id': 'req-0a3f33e6-5324-4ca1-bc6e-c94b40010f43', 'connection': 'close', 'status': '200', 'content-location': 'http://10.132.44.209/volume/v3/volumes/f7f5a194-597c-4ca6-85ec-fe057b34242c'}
        Body: b'{"volume": {"id": "f7f5a194-597c-4ca6-85ec-fe057b34242c", "status": "deleting", "size": 1, "availability_zone": "nova", "created_at": "2026-03-26T11:03:47.000000", "updated_at": "2026-03-26T11:03:50.000000", "name": "tempest-VolumesDeleteCascade-Volume-308554469", "description": null, "volume_type": "arcusfc1", "snapshot_id": null, "source_volid": null, "metadata": {}, "links": [{"rel": "self", "href": "http://10.132.44.209/volume/v3/volumes/f7f5a194-597c-4ca6-85ec-fe057b34242c"}, {"rel": "bookmark", "href": "http://10.132.44.209/volume/volumes/f7f5a194-597c-4ca6-85ec-fe057b34242c"}], "user_id": "0495918e1ed64bbb937615df1f938f30", "bootable": "false", "encrypted": false, "replication_status": null, "consistencygroup_id": null, "multiattach": false, "attachments": [], "os-vol-tenant-attr:tenant_id": "f92c30465503415cbc00028e1055323b"}}'
2026-03-26 11:06:08,288 129489 INFO     [tempest.lib.common.rest_client] Request (VolumesDeleteCascade:test_volume_from_snapshot_cascade_delete): 200 GET http://10.132.44.209/volume/v3/volumes/f7f5a194-597c-4ca6-85ec-fe057b34242c 0.048s
2026-03-26 11:06:08,288 129489 DEBUG    [tempest.lib.common.rest_client] Request - Headers: {'Content-Type': 'application/json', 'Accept': 'application/json', 'X-Auth-Token': '<omitted>'}
        Body: None
    Response - Headers: {'date': 'Thu, 26 Mar 2026 11:06:08 GMT', 'server': 'Apache/2.4.58 (Ubuntu)', 'content-type': 'application/json', 'x-compute-request-id': 'req-4b3fdedd-188b-40fe-8d92-131080440c33', 'content-length': '846', 'openstack-api-version': 'volume 3.0', 'vary': 'OpenStack-API-Version', 'x-openstack-request-id': 'req-4b3fdedd-188b-40fe-8d92-131080440c33', 'connection': 'close', 'status': '200', 'content-location': 'http://10.132.44.209/volume/v3/volumes/f7f5a194-597c-4ca6-85ec-fe057b34242c'}
        Body: b'{"volume": {"id": "f7f5a194-597c-4ca6-85ec-fe057b34242c", "status": "deleting", "size": 1, "availability_zone": "nova", "created_at": "2026-03-26T11:03:47.000000", "updated_at": "2026-03-26T11:03:50.000000", "name": "tempest-VolumesDeleteCascade-Volume-308554469", "description": null, "volume_type": "arcusfc1", "snapshot_
    id": null, "source_volid": null, "metadata": {}, "links": [{"rel": "self", "href": "http://10.132.44.209/volume/v3/volumes/f7f5a194-597c-4ca6-85ec-fe057b34242c"}, {"rel": "bookmark", "href": "http://10.132.44.209/volume/volumes/f7f5a194-597c-4ca6-85ec-fe057b34242c"}], "user_id": "0495918e1ed64bbb937615df1f938f30", "bootable": "false", "encrypted": false, "replication_status": null, "consistencygroup_id": null, "multiattach": false, "attachments": [], "os-vol-tenant-attr:tenant_id": "f92c30465503415cbc00028e1055323b"}}'
2026-03-26 11:06:09,341 129489 INFO     [tempest.lib.common.rest_client] Request (VolumesDeleteCascade:test_volume_from_snapshot_cascade_delete): 200 GET http://10.132.44.209/volume/v3/volumes/f7f5a194-597c-4ca6-85ec-fe057b34242c 0.042s
2026-03-26 11:06:09,341 129489 DEBUG    [tempest.lib.common.rest_client] Request - Headers: {'Content-Type': 'application/json', 'Accept': 'application/json', 'X-Auth-Token': '<omitted>'}
        Body: None
    Response - Headers: {'date': 'Thu, 26 Mar 2026 11:06:09 GMT', 'server': 'Apache/2.4.58 (Ubuntu)', 'content-type': 'application/json', 'x-compute-request-id': 'req-8e79f2c5-ca86-4f21-8839-aaf94d7eb5b4', 'content-length': '846', 'openstack-api-version': 'volume 3.0', 'vary': 'OpenStack-API-Version', 'x-openstack-request-id': 'req-8e79f2c5-ca86-4f21-8839-aaf94d7eb5b4', 'connection': 'close', 'status': '200', 'content-location': 'http://10.132.44.209/volume/v3/volumes/f7f5a194-597c-4ca6-85ec-fe057b34242c'}
        Body: b'{"volume": {"id": "f7f5a194-597c-4ca6-85ec-fe057b34242c", "status": "deleting", "size": 1, "availability_zone": "nova", "created_at": "2026-03-26T11:03:47.000000", "updated_at": "2026-03-26T11:03:50.000000", "name": "tempest-VolumesDeleteCascade-Volume-308554469", "description": null, "volume_type": "arcusfc1", "snapshot_id": null, "source_volid": null, "metadata": {}, "links": [{"rel": "self", "href": "http://10.132.44.209/volume/v3/volumes/f7f5a194-597c-4ca6-85ec-fe057b34242c"}, {"rel": "bookmark", "href": "http://10.132.44.209/volume/volumes/f7f5a194-597c-4ca6-85ec-fe057b34242c"}], "user_id": "0495918e1ed64bbb937615df1f938f30", "bootable": "false", "encrypted": false, "replication_status": null, "consistencygroup_id": null, "multiattach": false, "attachments": [], "os-vol-tenant-attr:tenant_id": "f92c30465503415cbc00028e1055323b"}}'
2026-03-26 11:06:10,393 129489 INFO     [tempest.lib.common.rest_client] Request (VolumesDeleteCascade:test_volume_from_snapshot_cascade_delete): 200 GET http://10.132.44.209/volume/v3/volumes/f7f5a194-597c-4ca6-85ec-fe057b34242c 0.038s
2026-03-26 11:06:10,394 129489 DEBUG    [tempest.lib.common.rest_client] Request - Headers: {'Content-Type': 'application/json', 'Accept': 'application/json', 'X-Auth-Token': '<omitted>'}
        Body: None
    Response - Headers: {'date': 'Thu, 26 Mar 2026 11:06:10 GMT', 'server': 'Apache/2.4.58 (Ubuntu)', 'content-type': 'application/json', 'x-compute-request-id': 'req-039b9abb-f8cb-4fb1-bc26-5dc5c237337e', 'content-length': '846', 'openstack-api-version': 'volume 3.0', 'vary': 'OpenStack-API-Version', 'x-openstack-request-id': 'req-039b9abb-f8cb-4fb1-bc26-5dc5c237337e', 'connection': 'close', 'status': '200', 'content-location': 'http://10.132.44.209/volume/v3/volumes/f7f5a194-597c-4ca6-85ec-fe057b34242c'}
        Body: b'{"volume": {"id": "f7f5a194-597c-4ca6-85ec-fe057b34242c", "status": "deleting", "size": 1, "availability_zone": "nova", "created_at": "2026-03-26T11:03:47.000000", "updated_at": "2026-03-26T11:03:50.000000", "name": "tempest-VolumesDeleteCascade-Volume-308554469", "description": null, "volume_type": "arcusfc1", "snapshot_id": null, "source_volid": null, "metadata": {}, "links": [{"rel": "self", "href": "http://10.132.44.209/volume/v3/volumes/f7f5a194-597c-4ca6-85ec-fe057b34242c"}, {"rel": "bookmark", "href": "http://10.132.44.209/volume/volumes/f7f5a194-597c-4ca6-85ec-fe057b34242c"}], "user_id": "0495918e1ed64bbb937615df1f938f30", "bootable": "false", "encrypted": false, "replication_status": null, "consistencygroup_id": null, "multiattach": false, "attachments": [], "
    os-vol-tenant-attr:tenant_id": "f92c30465503415cbc00028e1055323b"}}'
2026-03-26 11:06:11,449 129489 INFO     [tempest.lib.common.rest_client] Request (VolumesDeleteCascade:test_volume_from_snapshot_cascade_delete): 200 GET http://10.132.44.209/volume/v3/volumes/f7f5a194-597c-4ca6-85ec-fe057b34242c 0.041s
2026-03-26 11:06:11,450 129489 DEBUG    [tempest.lib.common.rest_client] Request - Headers: {'Content-Type': 'application/json', 'Accept': 'application/json', 'X-Auth-Token': '<omitted>'}
        Body: None
    Response - Headers: {'date': 'Thu, 26 Mar 2026 11:06:11 GMT', 'server': 'Apache/2.4.58 (Ubuntu)', 'content-type': 'application/json', 'x-compute-request-id': 'req-643bc983-da19-4732-a0ab-5d9127e14147', 'content-length': '846', 'openstack-api-version': 'volume 3.0', 'vary': 'OpenStack-API-Version', 'x-openstack-request-id': 'req-643bc983-da19-4732-a0ab-5d9127e14147', 'connection': 'close', 'status': '200', 'content-location': 'http://10.132.44.209/volume/v3/volumes/f7f5a194-597c-4ca6-85ec-fe057b34242c'}
        Body: b'{"volume": {"id": "f7f5a194-597c-4ca6-85ec-fe057b34242c", "status": "deleting", "size": 1, "availability_zone": "nova", "created_at": "2026-03-26T11:03:47.000000", "updated_at": "2026-03-26T11:03:50.000000", "name": "tempest-VolumesDeleteCascade-Volume-308554469", "description": null, "volume_type": "arcusfc1", "snapshot_id": null, "source_volid": null, "metadata": {}, "links": [{"rel": "self", "href": "http://10.132.44.209/volume/v3/volumes/f7f5a194-597c-4ca6-85ec-fe057b34242c"}, {"rel": "bookmark", "href": "http://10.132.44.209/volume/volumes/f7f5a194-597c-4ca6-85ec-fe057b34242c"}], "user_id": "0495918e1ed64bbb937615df1f938f30", "bootable": "false", "encrypted": false, "replication_status": null, "consistencygroup_id": null, "multiattach": false, "attachments": [], "os-vol-tenant-attr:tenant_id": "f92c30465503415cbc00028e1055323b"}}'
2026-03-26 11:06:12,505 129489 INFO     [tempest.lib.common.rest_client] Request (VolumesDeleteCascade:test_volume_from_snapshot_cascade_delete): 200 GET http://10.132.44.209/volume/v3/volumes/f7f5a194-597c-4ca6-85ec-fe057b34242c 0.041s
2026-03-26 11:06:12,506 129489 DEBUG    [tempest.lib.common.rest_client] Request - Headers: {'Content-Type': 'application/json', 'Accept': 'application/json', 'X-Auth-Token': '<omitted>'}
        Body: None
    Response - Headers: {'date': 'Thu, 26 Mar 2026 11:06:12 GMT', 'server': 'Apache/2.4.58 (Ubuntu)', 'content-type': 'application/json', 'x-compute-request-id': 'req-666882dd-3d7c-4226-b0e4-ab5b2ab9035a', 'content-length': '846', 'openstack-api-version': 'volume 3.0', 'vary': 'OpenStack-API-Version', 'x-openstack-request-id': 'req-666882dd-3d7c-4226-b0e4-ab5b2ab9035a', 'connection': 'close', 'status': '200', 'content-location': 'http://10.132.44.209/volume/v3/volumes/f7f5a194-597c-4ca6-85ec-fe057b34242c'}
        Body: b'{"volume": {"id": "f7f5a194-597c-4ca6-85ec-fe057b34242c", "status": "deleting", "size": 1, "availability_zone": "nova", "created_at": "2026-03-26T11:03:47.000000", "updated_at": "2026-03-26T11:03:50.000000", "name": "tempest-VolumesDeleteCascade-Volume-308554469", "description": null, "volume_type": "arcusfc1", "snapshot_id": null, "source_volid": null, "metadata": {}, "links": [{"rel": "self", "href": "http://10.132.44.209/volume/v3/volumes/f7f5a194-597c-4ca6-85ec-fe057b34242c"}, {"rel": "bookmark", "href": "http://10.132.44.209/volume/volumes/f7f5a194-597c-4ca6-85ec-fe057b34242c"}], "user_id": "0495918e1ed64bbb937615df1f938f30", "bootable": "false", "encrypted": false, "replication_status": null, "consistencygroup_id": null, "multiattach": false, "attachments": [], "os-vol-tenant-attr:tenant_id": "f92c30465503415cbc00028e1055323b"}}'
2026-03-26 11:06:13,562 129489 INFO     [tempest.lib.common.rest_client] Request (VolumesDeleteCascade:test_volume_from_snapshot_cascade_delete): 200 GET http://10.132.44.209/volume/v3/volumes/f7f5a194-597c-4ca6-85ec-fe057b34242c 0.042s
2026-03-26 11:06:13,563 129489 DEBUG    [tempest.lib.common.rest_client] Request - Headers: {'Content-Type': 'application/json', 'Accept': 'applicatio
    n/json', 'X-Auth-Token': '<omitted>'}
        Body: None
    Response - Headers: {'date': 'Thu, 26 Mar 2026 11:06:13 GMT', 'server': 'Apache/2.4.58 (Ubuntu)', 'content-type': 'application/json', 'x-compute-request-id': 'req-55bc961d-1715-493c-a57a-e1d535a753e0', 'content-length': '846', 'openstack-api-version': 'volume 3.0', 'vary': 'OpenStack-API-Version', 'x-openstack-request-id': 'req-55bc961d-1715-493c-a57a-e1d535a753e0', 'connection': 'close', 'status': '200', 'content-location': 'http://10.132.44.209/volume/v3/volumes/f7f5a194-597c-4ca6-85ec-fe057b34242c'}
        Body: b'{"volume": {"id": "f7f5a194-597c-4ca6-85ec-fe057b34242c", "status": "deleting", "size": 1, "availability_zone": "nova", "created_at": "2026-03-26T11:03:47.000000", "updated_at": "2026-03-26T11:03:50.000000", "name": "tempest-VolumesDeleteCascade-Volume-308554469", "description": null, "volume_type": "arcusfc1", "snapshot_id": null, "source_volid": null, "metadata": {}, "links": [{"rel": "self", "href": "http://10.132.44.209/volume/v3/volumes/f7f5a194-597c-4ca6-85ec-fe057b34242c"}, {"rel": "bookmark", "href": "http://10.132.44.209/volume/volumes/f7f5a194-597c-4ca6-85ec-fe057b34242c"}], "user_id": "0495918e1ed64bbb937615df1f938f30", "bootable": "false", "encrypted": false, "replication_status": null, "consistencygroup_id": null, "multiattach": false, "attachments": [], "os-vol-tenant-attr:tenant_id": "f92c30465503415cbc00028e1055323b"}}'
2026-03-26 11:06:14,615 129489 INFO     [tempest.lib.common.rest_client] Request (VolumesDeleteCascade:test_volume_from_snapshot_cascade_delete): 200 GET http://10.132.44.209/volume/v3/volumes/f7f5a194-597c-4ca6-85ec-fe057b34242c 0.043s
2026-03-26 11:06:14,615 129489 DEBUG    [tempest.lib.common.rest_client] Request - Headers: {'Content-Type': 'application/json', 'Accept': 'application/json', 'X-Auth-Token': '<omitted>'}
        Body: None
    Response - Headers: {'date': 'Thu, 26 Mar 2026 11:06:14 GMT', 'server': 'Apache/2.4.58 (Ubuntu)', 'content-type': 'application/json', 'x-compute-request-id': 'req-c31968dd-8b15-4b05-bff4-0d511ce4f1b2', 'content-length': '846', 'openstack-api-version': 'volume 3.0', 'vary': 'OpenStack-API-Version', 'x-openstack-request-id': 'req-c31968dd-8b15-4b05-bff4-0d511ce4f1b2', 'connection': 'close', 'status': '200', 'content-location': 'http://10.132.44.209/volume/v3/volumes/f7f5a194-597c-4ca6-85ec-fe057b34242c'}
        Body: b'{"volume": {"id": "f7f5a194-597c-4ca6-85ec-fe057b34242c", "status": "deleting", "size": 1, "availability_zone": "nova", "created_at": "2026-03-26T11:03:47.000000", "updated_at": "2026-03-26T11:03:50.000000", "name": "tempest-VolumesDeleteCascade-Volume-308554469", "description": null, "volume_type": "arcusfc1", "snapshot_id": null, "source_volid": null, "metadata": {}, "links": [{"rel": "self", "href": "http://10.132.44.209/volume/v3/volumes/f7f5a194-597c-4ca6-85ec-fe057b34242c"}, {"rel": "bookmark", "href": "http://10.132.44.209/volume/volumes/f7f5a194-597c-4ca6-85ec-fe057b34242c"}], "user_id": "0495918e1ed64bbb937615df1f938f30", "bootable": "false", "encrypted": false, "replication_status": null, "consistencygroup_id": null, "multiattach": false, "attachments": [], "os-vol-tenant-attr:tenant_id": "f92c30465503415cbc00028e1055323b"}}'
2026-03-26 11:06:15,671 129489 INFO     [tempest.lib.common.rest_client] Request (VolumesDeleteCascade:test_volume_from_snapshot_cascade_delete): 200 GET http://10.132.44.209/volume/v3/volumes/f7f5a194-597c-4ca6-85ec-fe057b34242c 0.042s
2026-03-26 11:06:15,672 129489 DEBUG    [tempest.lib.common.rest_client] Request - Headers: {'Content-Type': 'application/json', 'Accept': 'application/json', 'X-Auth-Token': '<omitted>'}
        Body: None
    Response - Headers: {'date': 'Thu, 26 Mar 2026 11:06:15 GMT', 'server': 'Apache/2.4.58 (Ubuntu)', 'content-type': 'application/json', 'x-compute-request-id': 'req-5d974c3d-92a4-419c-a988-f083ccc85d06', 'content-length': '846', 'openstack-api-version': 'volume 3.0', 'vary': 'OpenStack-API-Version', 'x-openstack-request-id': 'req-5d974c3d-92a4-419c-a988-f083ccc85d06', 'connection': 'close', 'st
    atus': '200', 'content-location': 'http://10.132.44.209/volume/v3/volumes/f7f5a194-597c-4ca6-85ec-fe057b34242c'}
        Body: b'{"volume": {"id": "f7f5a194-597c-4ca6-85ec-fe057b34242c", "status": "deleting", "size": 1, "availability_zone": "nova", "created_at": "2026-03-26T11:03:47.000000", "updated_at": "2026-03-26T11:03:50.000000", "name": "tempest-VolumesDeleteCascade-Volume-308554469", "description": null, "volume_type": "arcusfc1", "snapshot_id": null, "source_volid": null, "metadata": {}, "links": [{"rel": "self", "href": "http://10.132.44.209/volume/v3/volumes/f7f5a194-597c-4ca6-85ec-fe057b34242c"}, {"rel": "bookmark", "href": "http://10.132.44.209/volume/volumes/f7f5a194-597c-4ca6-85ec-fe057b34242c"}], "user_id": "0495918e1ed64bbb937615df1f938f30", "bootable": "false", "encrypted": false, "replication_status": null, "consistencygroup_id": null, "multiattach": false, "attachments": [], "os-vol-tenant-attr:tenant_id": "f92c30465503415cbc00028e1055323b"}}'
2026-03-26 11:06:16,719 129489 INFO     [tempest.lib.common.rest_client] Request (VolumesDeleteCascade:test_volume_from_snapshot_cascade_delete): 200 GET http://10.132.44.209/volume/v3/volumes/f7f5a194-597c-4ca6-85ec-fe057b34242c 0.033s
2026-03-26 11:06:16,719 129489 DEBUG    [tempest.lib.common.rest_client] Request - Headers: {'Content-Type': 'application/json', 'Accept': 'application/json', 'X-Auth-Token': '<omitted>'}
        Body: None
    Response - Headers: {'date': 'Thu, 26 Mar 2026 11:06:16 GMT', 'server': 'Apache/2.4.58 (Ubuntu)', 'content-type': 'application/json', 'x-compute-request-id': 'req-026efe12-7770-414d-8023-c61e9acc2f7d', 'content-length': '846', 'openstack-api-version': 'volume 3.0', 'vary': 'OpenStack-API-Version', 'x-openstack-request-id': 'req-026efe12-7770-414d-8023-c61e9acc2f7d', 'connection': 'close', 'status': '200', 'content-location': 'http://10.132.44.209/volume/v3/volumes/f7f5a194-597c-4ca6-85ec-fe057b34242c'}
        Body: b'{"volume": {"id": "f7f5a194-597c-4ca6-85ec-fe057b34242c", "status": "deleting", "size": 1, "availability_zone": "nova", "created_at": "2026-03-26T11:03:47.000000", "updated_at": "2026-03-26T11:03:50.000000", "name": "tempest-VolumesDeleteCascade-Volume-308554469", "description": null, "volume_type": "arcusfc1", "snapshot_id": null, "source_volid": null, "metadata": {}, "links": [{"rel": "self", "href": "http://10.132.44.209/volume/v3/volumes/f7f5a194-597c-4ca6-85ec-fe057b34242c"}, {"rel": "bookmark", "href": "http://10.132.44.209/volume/volumes/f7f5a194-597c-4ca6-85ec-fe057b34242c"}], "user_id": "0495918e1ed64bbb937615df1f938f30", "bootable": "false", "encrypted": false, "replication_status": null, "consistencygroup_id": null, "multiattach": false, "attachments": [], "os-vol-tenant-attr:tenant_id": "f92c30465503415cbc00028e1055323b"}}'
2026-03-26 11:06:17,771 129489 INFO     [tempest.lib.common.rest_client] Request (VolumesDeleteCascade:test_volume_from_snapshot_cascade_delete): 200 GET http://10.132.44.209/volume/v3/volumes/f7f5a194-597c-4ca6-85ec-fe057b34242c 0.042s
2026-03-26 11:06:17,772 129489 DEBUG    [tempest.lib.common.rest_client] Request - Headers: {'Content-Type': 'application/json', 'Accept': 'application/json', 'X-Auth-Token': '<omitted>'}
        Body: None
    Response - Headers: {'date': 'Thu, 26 Mar 2026 11:06:17 GMT', 'server': 'Apache/2.4.58 (Ubuntu)', 'content-type': 'application/json', 'x-compute-request-id': 'req-ce4626a6-b964-43b1-a874-27db54052f6b', 'content-length': '846', 'openstack-api-version': 'volume 3.0', 'vary': 'OpenStack-API-Version', 'x-openstack-request-id': 'req-ce4626a6-b964-43b1-a874-27db54052f6b', 'connection': 'close', 'status': '200', 'content-location': 'http://10.132.44.209/volume/v3/volumes/f7f5a194-597c-4ca6-85ec-fe057b34242c'}
        Body: b'{"volume": {"id": "f7f5a194-597c-4ca6-85ec-fe057b34242c", "status": "deleting", "size": 1, "availability_zone": "nova", "created_at": "2026-03-26T11:03:47.000000", "updated_at": "2026-03-26T11:03:50.000000", "name": "tempest-VolumesDeleteCascade-Volume-308554469", "description": null, "volume_type": "arcusfc1", "snapshot_id":
     null, "source_volid": null, "metadata": {}, "links": [{"rel": "self", "href": "http://10.132.44.209/volume/v3/volumes/f7f5a194-597c-4ca6-85ec-fe057b34242c"}, {"rel": "bookmark", "href": "http://10.132.44.209/volume/volumes/f7f5a194-597c-4ca6-85ec-fe057b34242c"}], "user_id": "0495918e1ed64bbb937615df1f938f30", "bootable": "false", "encrypted": false, "replication_status": null, "consistencygroup_id": null, "multiattach": false, "attachments": [], "os-vol-tenant-attr:tenant_id": "f92c30465503415cbc00028e1055323b"}}'
2026-03-26 11:06:18,828 129489 INFO     [tempest.lib.common.rest_client] Request (VolumesDeleteCascade:test_volume_from_snapshot_cascade_delete): 200 GET http://10.132.44.209/volume/v3/volumes/f7f5a194-597c-4ca6-85ec-fe057b34242c 0.042s
2026-03-26 11:06:18,828 129489 DEBUG    [tempest.lib.common.rest_client] Request - Headers: {'Content-Type': 'application/json', 'Accept': 'application/json', 'X-Auth-Token': '<omitted>'}
        Body: None
    Response - Headers: {'date': 'Thu, 26 Mar 2026 11:06:18 GMT', 'server': 'Apache/2.4.58 (Ubuntu)', 'content-type': 'application/json', 'x-compute-request-id': 'req-99c4ea7f-2648-4a36-98a5-f29dedb94950', 'content-length': '846', 'openstack-api-version': 'volume 3.0', 'vary': 'OpenStack-API-Version', 'x-openstack-request-id': 'req-99c4ea7f-2648-4a36-98a5-f29dedb94950', 'connection': 'close', 'status': '200', 'content-location': 'http://10.132.44.209/volume/v3/volumes/f7f5a194-597c-4ca6-85ec-fe057b34242c'}
        Body: b'{"volume": {"id": "f7f5a194-597c-4ca6-85ec-fe057b34242c", "status": "deleting", "size": 1, "availability_zone": "nova", "created_at": "2026-03-26T11:03:47.000000", "updated_at": "2026-03-26T11:03:50.000000", "name": "tempest-VolumesDeleteCascade-Volume-308554469", "description": null, "volume_type": "arcusfc1", "snapshot_id": null, "source_volid": null, "metadata": {}, "links": [{"rel": "self", "href": "http://10.132.44.209/volume/v3/volumes/f7f5a194-597c-4ca6-85ec-fe057b34242c"}, {"rel": "bookmark", "href": "http://10.132.44.209/volume/volumes/f7f5a194-597c-4ca6-85ec-fe057b34242c"}], "user_id": "0495918e1ed64bbb937615df1f938f30", "bootable": "false", "encrypted": false, "replication_status": null, "consistencygroup_id": null, "multiattach": false, "attachments": [], "os-vol-tenant-attr:tenant_id": "f92c30465503415cbc00028e1055323b"}}'
2026-03-26 11:06:19,889 129489 INFO     [tempest.lib.common.rest_client] Request (VolumesDeleteCascade:test_volume_from_snapshot_cascade_delete): 200 GET http://10.132.44.209/volume/v3/volumes/f7f5a194-597c-4ca6-85ec-fe057b34242c 0.043s
2026-03-26 11:06:19,889 129489 DEBUG    [tempest.lib.common.rest_client] Request - Headers: {'Content-Type': 'application/json', 'Accept': 'application/json', 'X-Auth-Token': '<omitted>'}
        Body: None
    Response - Headers: {'date': 'Thu, 26 Mar 2026 11:06:19 GMT', 'server': 'Apache/2.4.58 (Ubuntu)', 'content-type': 'application/json', 'x-compute-request-id': 'req-45ba10c9-a56b-446f-84f1-892273fcf86a', 'content-length': '846', 'openstack-api-version': 'volume 3.0', 'vary': 'OpenStack-API-Version', 'x-openstack-request-id': 'req-45ba10c9-a56b-446f-84f1-892273fcf86a', 'connection': 'close', 'status': '200', 'content-location': 'http://10.132.44.209/volume/v3/volumes/f7f5a194-597c-4ca6-85ec-fe057b34242c'}
        Body: b'{"volume": {"id": "f7f5a194-597c-4ca6-85ec-fe057b34242c", "status": "deleting", "size": 1, "availability_zone": "nova", "created_at": "2026-03-26T11:03:47.000000", "updated_at": "2026-03-26T11:03:50.000000", "name": "tempest-VolumesDeleteCascade-Volume-308554469", "description": null, "volume_type": "arcusfc1", "snapshot_id": null, "source_volid": null, "metadata": {}, "links": [{"rel": "self", "href": "http://10.132.44.209/volume/v3/volumes/f7f5a194-597c-4ca6-85ec-fe057b34242c"}, {"rel": "bookmark", "href": "http://10.132.44.209/volume/volumes/f7f5a194-597c-4ca6-85ec-fe057b34242c"}], "user_id": "0495918e1ed64bbb937615df1f938f30", "bootable": "false", "encrypted": false, "replication_status": null, "consistencygroup_id": null, "multiattach": false, "attachments": [], "os-v
    ol-tenant-attr:tenant_id": "f92c30465503415cbc00028e1055323b"}}'
2026-03-26 11:06:20,930 129489 INFO     [tempest.lib.common.rest_client] Request (VolumesDeleteCascade:test_volume_from_snapshot_cascade_delete): 200 GET http://10.132.44.209/volume/v3/volumes/f7f5a194-597c-4ca6-85ec-fe057b34242c 0.034s
2026-03-26 11:06:20,930 129489 DEBUG    [tempest.lib.common.rest_client] Request - Headers: {'Content-Type': 'application/json', 'Accept': 'application/json', 'X-Auth-Token': '<omitted>'}
        Body: None
    Response - Headers: {'date': 'Thu, 26 Mar 2026 11:06:20 GMT', 'server': 'Apache/2.4.58 (Ubuntu)', 'content-type': 'application/json', 'x-compute-request-id': 'req-3fc84497-77a4-4970-8331-832a90659f2d', 'content-length': '846', 'openstack-api-version': 'volume 3.0', 'vary': 'OpenStack-API-Version', 'x-openstack-request-id': 'req-3fc84497-77a4-4970-8331-832a90659f2d', 'connection': 'close', 'status': '200', 'content-location': 'http://10.132.44.209/volume/v3/volumes/f7f5a194-597c-4ca6-85ec-fe057b34242c'}
        Body: b'{"volume": {"id": "f7f5a194-597c-4ca6-85ec-fe057b34242c", "status": "deleting", "size": 1, "availability_zone": "nova", "created_at": "2026-03-26T11:03:47.000000", "updated_at": "2026-03-26T11:03:50.000000", "name": "tempest-VolumesDeleteCascade-Volume-308554469", "description": null, "volume_type": "arcusfc1", "snapshot_id": null, "source_volid": null, "metadata": {}, "links": [{"rel": "self", "href": "http://10.132.44.209/volume/v3/volumes/f7f5a194-597c-4ca6-85ec-fe057b34242c"}, {"rel": "bookmark", "href": "http://10.132.44.209/volume/volumes/f7f5a194-597c-4ca6-85ec-fe057b34242c"}], "user_id": "0495918e1ed64bbb937615df1f938f30", "bootable": "false", "encrypted": false, "replication_status": null, "consistencygroup_id": null, "multiattach": false, "attachments": [], "os-vol-tenant-attr:tenant_id": "f92c30465503415cbc00028e1055323b"}}'
2026-03-26 11:06:21,973 129489 INFO     [tempest.lib.common.rest_client] Request (VolumesDeleteCascade:test_volume_from_snapshot_cascade_delete): 200 GET http://10.132.44.209/volume/v3/volumes/f7f5a194-597c-4ca6-85ec-fe057b34242c 0.036s
2026-03-26 11:06:21,974 129489 DEBUG    [tempest.lib.common.rest_client] Request - Headers: {'Content-Type': 'application/json', 'Accept': 'application/json', 'X-Auth-Token': '<omitted>'}
        Body: None
    Response - Headers: {'date': 'Thu, 26 Mar 2026 11:06:21 GMT', 'server': 'Apache/2.4.58 (Ubuntu)', 'content-type': 'application/json', 'x-compute-request-id': 'req-fc01a94e-bfc9-4c04-ae84-e0d5b51c2599', 'content-length': '846', 'openstack-api-version': 'volume 3.0', 'vary': 'OpenStack-API-Version', 'x-openstack-request-id': 'req-fc01a94e-bfc9-4c04-ae84-e0d5b51c2599', 'connection': 'close', 'status': '200', 'content-location': 'http://10.132.44.209/volume/v3/volumes/f7f5a194-597c-4ca6-85ec-fe057b34242c'}
        Body: b'{"volume": {"id": "f7f5a194-597c-4ca6-85ec-fe057b34242c", "status": "deleting", "size": 1, "availability_zone": "nova", "created_at": "2026-03-26T11:03:47.000000", "updated_at": "2026-03-26T11:03:50.000000", "name": "tempest-VolumesDeleteCascade-Volume-308554469", "description": null, "volume_type": "arcusfc1", "snapshot_id": null, "source_volid": null, "metadata": {}, "links": [{"rel": "self", "href": "http://10.132.44.209/volume/v3/volumes/f7f5a194-597c-4ca6-85ec-fe057b34242c"}, {"rel": "bookmark", "href": "http://10.132.44.209/volume/volumes/f7f5a194-597c-4ca6-85ec-fe057b34242c"}], "user_id": "0495918e1ed64bbb937615df1f938f30", "bootable": "false", "encrypted": false, "replication_status": null, "consistencygroup_id": null, "multiattach": false, "attachments": [], "os-vol-tenant-attr:tenant_id": "f92c30465503415cbc00028e1055323b"}}'
2026-03-26 11:06:23,028 129489 INFO     [tempest.lib.common.rest_client] Request (VolumesDeleteCascade:test_volume_from_snapshot_cascade_delete): 200 GET http://10.132.44.209/volume/v3/volumes/f7f5a194-597c-4ca6-85ec-fe057b34242c 0.042s
2026-03-26 11:06:23,029 129489 DEBUG    [tempest.lib.common.rest_client] Request - Headers: {'Content-Type': 'application/json', 'Accept': 'application/js
    on', 'X-Auth-Token': '<omitted>'}
        Body: None
    Response - Headers: {'date': 'Thu, 26 Mar 2026 11:06:22 GMT', 'server': 'Apache/2.4.58 (Ubuntu)', 'content-type': 'application/json', 'x-compute-request-id': 'req-04669b03-5611-48e9-9cce-e0f7cf09c379', 'content-length': '846', 'openstack-api-version': 'volume 3.0', 'vary': 'OpenStack-API-Version', 'x-openstack-request-id': 'req-04669b03-5611-48e9-9cce-e0f7cf09c379', 'connection': 'close', 'status': '200', 'content-location': 'http://10.132.44.209/volume/v3/volumes/f7f5a194-597c-4ca6-85ec-fe057b34242c'}
        Body: b'{"volume": {"id": "f7f5a194-597c-4ca6-85ec-fe057b34242c", "status": "deleting", "size": 1, "availability_zone": "nova", "created_at": "2026-03-26T11:03:47.000000", "updated_at": "2026-03-26T11:03:50.000000", "name": "tempest-VolumesDeleteCascade-Volume-308554469", "description": null, "volume_type": "arcusfc1", "snapshot_id": null, "source_volid": null, "metadata": {}, "links": [{"rel": "self", "href": "http://10.132.44.209/volume/v3/volumes/f7f5a194-597c-4ca6-85ec-fe057b34242c"}, {"rel": "bookmark", "href": "http://10.132.44.209/volume/volumes/f7f5a194-597c-4ca6-85ec-fe057b34242c"}], "user_id": "0495918e1ed64bbb937615df1f938f30", "bootable": "false", "encrypted": false, "replication_status": null, "consistencygroup_id": null, "multiattach": false, "attachments": [], "os-vol-tenant-attr:tenant_id": "f92c30465503415cbc00028e1055323b"}}'
2026-03-26 11:06:24,081 129489 INFO     [tempest.lib.common.rest_client] Request (VolumesDeleteCascade:test_volume_from_snapshot_cascade_delete): 200 GET http://10.132.44.209/volume/v3/volumes/f7f5a194-597c-4ca6-85ec-fe057b34242c 0.041s
2026-03-26 11:06:24,081 129489 DEBUG    [tempest.lib.common.rest_client] Request - Headers: {'Content-Type': 'application/json', 'Accept': 'application/json', 'X-Auth-Token': '<omitted>'}
        Body: None
    Response - Headers: {'date': 'Thu, 26 Mar 2026 11:06:24 GMT', 'server': 'Apache/2.4.58 (Ubuntu)', 'content-type': 'application/json', 'x-compute-request-id': 'req-0c604adf-3dcb-4796-9322-b8a72a70050f', 'content-length': '846', 'openstack-api-version': 'volume 3.0', 'vary': 'OpenStack-API-Version', 'x-openstack-request-id': 'req-0c604adf-3dcb-4796-9322-b8a72a70050f', 'connection': 'close', 'status': '200', 'content-location': 'http://10.132.44.209/volume/v3/volumes/f7f5a194-597c-4ca6-85ec-fe057b34242c'}
        Body: b'{"volume": {"id": "f7f5a194-597c-4ca6-85ec-fe057b34242c", "status": "deleting", "size": 1, "availability_zone": "nova", "created_at": "2026-03-26T11:03:47.000000", "updated_at": "2026-03-26T11:03:50.000000", "name": "tempest-VolumesDeleteCascade-Volume-308554469", "description": null, "volume_type": "arcusfc1", "snapshot_id": null, "source_volid": null, "metadata": {}, "links": [{"rel": "self", "href": "http://10.132.44.209/volume/v3/volumes/f7f5a194-597c-4ca6-85ec-fe057b34242c"}, {"rel": "bookmark", "href": "http://10.132.44.209/volume/volumes/f7f5a194-597c-4ca6-85ec-fe057b34242c"}], "user_id": "0495918e1ed64bbb937615df1f938f30", "bootable": "false", "encrypted": false, "replication_status": null, "consistencygroup_id": null, "multiattach": false, "attachments": [], "os-vol-tenant-attr:tenant_id": "f92c30465503415cbc00028e1055323b"}}'
2026-03-26 11:06:25,134 129489 INFO     [tempest.lib.common.rest_client] Request (VolumesDeleteCascade:test_volume_from_snapshot_cascade_delete): 200 GET http://10.132.44.209/volume/v3/volumes/f7f5a194-597c-4ca6-85ec-fe057b34242c 0.040s
2026-03-26 11:06:25,134 129489 DEBUG    [tempest.lib.common.rest_client] Request - Headers: {'Content-Type': 'application/json', 'Accept': 'application/json', 'X-Auth-Token': '<omitted>'}
        Body: None
    Response - Headers: {'date': 'Thu, 26 Mar 2026 11:06:25 GMT', 'server': 'Apache/2.4.58 (Ubuntu)', 'content-type': 'application/json', 'x-compute-request-id': 'req-f147ef83-66b4-430b-a4aa-234b156ba827', 'content-length': '846', 'openstack-api-version': 'volume 3.0', 'vary': 'OpenStack-API-Version', 'x-openstack-request-id': 'req-f147ef83-66b4-430b-a4aa-234b156ba827', 'connection': 'close', 'status
    ': '200', 'content-location': 'http://10.132.44.209/volume/v3/volumes/f7f5a194-597c-4ca6-85ec-fe057b34242c'}
        Body: b'{"volume": {"id": "f7f5a194-597c-4ca6-85ec-fe057b34242c", "status": "deleting", "size": 1, "availability_zone": "nova", "created_at": "2026-03-26T11:03:47.000000", "updated_at": "2026-03-26T11:03:50.000000", "name": "tempest-VolumesDeleteCascade-Volume-308554469", "description": null, "volume_type": "arcusfc1", "snapshot_id": null, "source_volid": null, "metadata": {}, "links": [{"rel": "self", "href": "http://10.132.44.209/volume/v3/volumes/f7f5a194-597c-4ca6-85ec-fe057b34242c"}, {"rel": "bookmark", "href": "http://10.132.44.209/volume/volumes/f7f5a194-597c-4ca6-85ec-fe057b34242c"}], "user_id": "0495918e1ed64bbb937615df1f938f30", "bootable": "false", "encrypted": false, "replication_status": null, "consistencygroup_id": null, "multiattach": false, "attachments": [], "os-vol-tenant-attr:tenant_id": "f92c30465503415cbc00028e1055323b"}}'
2026-03-26 11:06:26,188 129489 INFO     [tempest.lib.common.rest_client] Request (VolumesDeleteCascade:test_volume_from_snapshot_cascade_delete): 200 GET http://10.132.44.209/volume/v3/volumes/f7f5a194-597c-4ca6-85ec-fe057b34242c 0.041s
2026-03-26 11:06:26,188 129489 DEBUG    [tempest.lib.common.rest_client] Request - Headers: {'Content-Type': 'application/json', 'Accept': 'application/json', 'X-Auth-Token': '<omitted>'}
        Body: None
    Response - Headers: {'date': 'Thu, 26 Mar 2026 11:06:26 GMT', 'server': 'Apache/2.4.58 (Ubuntu)', 'content-type': 'application/json', 'x-compute-request-id': 'req-4fb6ceb3-a661-4a5f-b488-fb1a9b6e5b0c', 'content-length': '846', 'openstack-api-version': 'volume 3.0', 'vary': 'OpenStack-API-Version', 'x-openstack-request-id': 'req-4fb6ceb3-a661-4a5f-b488-fb1a9b6e5b0c', 'connection': 'close', 'status': '200', 'content-location': 'http://10.132.44.209/volume/v3/volumes/f7f5a194-597c-4ca6-85ec-fe057b34242c'}
        Body: b'{"volume": {"id": "f7f5a194-597c-4ca6-85ec-fe057b34242c", "status": "deleting", "size": 1, "availability_zone": "nova", "created_at": "2026-03-26T11:03:47.000000", "updated_at": "2026-03-26T11:03:50.000000", "name": "tempest-VolumesDeleteCascade-Volume-308554469", "description": null, "volume_type": "arcusfc1", "snapshot_id": null, "source_volid": null, "metadata": {}, "links": [{"rel": "self", "href": "http://10.132.44.209/volume/v3/volumes/f7f5a194-597c-4ca6-85ec-fe057b34242c"}, {"rel": "bookmark", "href": "http://10.132.44.209/volume/volumes/f7f5a194-597c-4ca6-85ec-fe057b34242c"}], "user_id": "0495918e1ed64bbb937615df1f938f30", "bootable": "false", "encrypted": false, "replication_status": null, "consistencygroup_id": null, "multiattach": false, "attachments": [], "os-vol-tenant-attr:tenant_id": "f92c30465503415cbc00028e1055323b"}}'
2026-03-26 11:06:27,238 129489 INFO     [tempest.lib.common.rest_client] Request (VolumesDeleteCascade:test_volume_from_snapshot_cascade_delete): 200 GET http://10.132.44.209/volume/v3/volumes/f7f5a194-597c-4ca6-85ec-fe057b34242c 0.038s
2026-03-26 11:06:27,238 129489 DEBUG    [tempest.lib.common.rest_client] Request - Headers: {'Content-Type': 'application/json', 'Accept': 'application/json', 'X-Auth-Token': '<omitted>'}
        Body: None
    Response - Headers: {'date': 'Thu, 26 Mar 2026 11:06:27 GMT', 'server': 'Apache/2.4.58 (Ubuntu)', 'content-type': 'application/json', 'x-compute-request-id': 'req-d6d4b03f-53f8-490f-add4-ac0ed426cb86', 'content-length': '846', 'openstack-api-version': 'volume 3.0', 'vary': 'OpenStack-API-Version', 'x-openstack-request-id': 'req-d6d4b03f-53f8-490f-add4-ac0ed426cb86', 'connection': 'close', 'status': '200', 'content-location': 'http://10.132.44.209/volume/v3/volumes/f7f5a194-597c-4ca6-85ec-fe057b34242c'}
        Body: b'{"volume": {"id": "f7f5a194-597c-4ca6-85ec-fe057b34242c", "status": "deleting", "size": 1, "availability_zone": "nova", "created_at": "2026-03-26T11:03:47.000000", "updated_at": "2026-03-26T11:03:50.000000", "name": "tempest-VolumesDeleteCascade-Volume-308554469", "description": null, "volume_type": "arcusfc1", "snapshot_id": nul
    l, "source_volid": null, "metadata": {}, "links": [{"rel": "self", "href": "http://10.132.44.209/volume/v3/volumes/f7f5a194-597c-4ca6-85ec-fe057b34242c"}, {"rel": "bookmark", "href": "http://10.132.44.209/volume/volumes/f7f5a194-597c-4ca6-85ec-fe057b34242c"}], "user_id": "0495918e1ed64bbb937615df1f938f30", "bootable": "false", "encrypted": false, "replication_status": null, "consistencygroup_id": null, "multiattach": false, "attachments": [], "os-vol-tenant-attr:tenant_id": "f92c30465503415cbc00028e1055323b"}}'
2026-03-26 11:06:28,293 129489 INFO     [tempest.lib.common.rest_client] Request (VolumesDeleteCascade:test_volume_from_snapshot_cascade_delete): 200 GET http://10.132.44.209/volume/v3/volumes/f7f5a194-597c-4ca6-85ec-fe057b34242c 0.039s
2026-03-26 11:06:28,293 129489 DEBUG    [tempest.lib.common.rest_client] Request - Headers: {'Content-Type': 'application/json', 'Accept': 'application/json', 'X-Auth-Token': '<omitted>'}
        Body: None
    Response - Headers: {'date': 'Thu, 26 Mar 2026 11:06:28 GMT', 'server': 'Apache/2.4.58 (Ubuntu)', 'content-type': 'application/json', 'x-compute-request-id': 'req-85b43b87-889c-4c64-bd7a-1c0ed8146214', 'content-length': '846', 'openstack-api-version': 'volume 3.0', 'vary': 'OpenStack-API-Version', 'x-openstack-request-id': 'req-85b43b87-889c-4c64-bd7a-1c0ed8146214', 'connection': 'close', 'status': '200', 'content-location': 'http://10.132.44.209/volume/v3/volumes/f7f5a194-597c-4ca6-85ec-fe057b34242c'}
        Body: b'{"volume": {"id": "f7f5a194-597c-4ca6-85ec-fe057b34242c", "status": "deleting", "size": 1, "availability_zone": "nova", "created_at": "2026-03-26T11:03:47.000000", "updated_at": "2026-03-26T11:03:50.000000", "name": "tempest-VolumesDeleteCascade-Volume-308554469", "description": null, "volume_type": "arcusfc1", "snapshot_id": null, "source_volid": null, "metadata": {}, "links": [{"rel": "self", "href": "http://10.132.44.209/volume/v3/volumes/f7f5a194-597c-4ca6-85ec-fe057b34242c"}, {"rel": "bookmark", "href": "http://10.132.44.209/volume/volumes/f7f5a194-597c-4ca6-85ec-fe057b34242c"}], "user_id": "0495918e1ed64bbb937615df1f938f30", "bootable": "false", "encrypted": false, "replication_status": null, "consistencygroup_id": null, "multiattach": false, "attachments": [], "os-vol-tenant-attr:tenant_id": "f92c30465503415cbc00028e1055323b"}}'
2026-03-26 11:06:29,345 129489 INFO     [tempest.lib.common.rest_client] Request (VolumesDeleteCascade:test_volume_from_snapshot_cascade_delete): 200 GET http://10.132.44.209/volume/v3/volumes/f7f5a194-597c-4ca6-85ec-fe057b34242c 0.042s
2026-03-26 11:06:29,346 129489 DEBUG    [tempest.lib.common.rest_client] Request - Headers: {'Content-Type': 'application/json', 'Accept': 'application/json', 'X-Auth-Token': '<omitted>'}
        Body: None
    Response - Headers: {'date': 'Thu, 26 Mar 2026 11:06:29 GMT', 'server': 'Apache/2.4.58 (Ubuntu)', 'content-type': 'application/json', 'x-compute-request-id': 'req-b894b15d-3683-4f24-89d0-2af4863aa021', 'content-length': '846', 'openstack-api-version': 'volume 3.0', 'vary': 'OpenStack-API-Version', 'x-openstack-request-id': 'req-b894b15d-3683-4f24-89d0-2af4863aa021', 'connection': 'close', 'status': '200', 'content-location': 'http://10.132.44.209/volume/v3/volumes/f7f5a194-597c-4ca6-85ec-fe057b34242c'}
        Body: b'{"volume": {"id": "f7f5a194-597c-4ca6-85ec-fe057b34242c", "status": "deleting", "size": 1, "availability_zone": "nova", "created_at": "2026-03-26T11:03:47.000000", "updated_at": "2026-03-26T11:03:50.000000", "name": "tempest-VolumesDeleteCascade-Volume-308554469", "description": null, "volume_type": "arcusfc1", "snapshot_id": null, "source_volid": null, "metadata": {}, "links": [{"rel": "self", "href": "http://10.132.44.209/volume/v3/volumes/f7f5a194-597c-4ca6-85ec-fe057b34242c"}, {"rel": "bookmark", "href": "http://10.132.44.209/volume/volumes/f7f5a194-597c-4ca6-85ec-fe057b34242c"}], "user_id": "0495918e1ed64bbb937615df1f938f30", "bootable": "false", "encrypted": false, "replication_status": null, "consistencygroup_id": null, "multiattach": false, "attachments": [], "os-vol-t
    enant-attr:tenant_id": "f92c30465503415cbc00028e1055323b"}}'
2026-03-26 11:06:30,398 129489 INFO     [tempest.lib.common.rest_client] Request (VolumesDeleteCascade:test_volume_from_snapshot_cascade_delete): 200 GET http://10.132.44.209/volume/v3/volumes/f7f5a194-597c-4ca6-85ec-fe057b34242c 0.037s
2026-03-26 11:06:30,398 129489 DEBUG    [tempest.lib.common.rest_client] Request - Headers: {'Content-Type': 'application/json', 'Accept': 'application/json', 'X-Auth-Token': '<omitted>'}
        Body: None
    Response - Headers: {'date': 'Thu, 26 Mar 2026 11:06:30 GMT', 'server': 'Apache/2.4.58 (Ubuntu)', 'content-type': 'application/json', 'x-compute-request-id': 'req-e25717d3-749e-4344-84ce-cb3d93d9f154', 'content-length': '846', 'openstack-api-version': 'volume 3.0', 'vary': 'OpenStack-API-Version', 'x-openstack-request-id': 'req-e25717d3-749e-4344-84ce-cb3d93d9f154', 'connection': 'close', 'status': '200', 'content-location': 'http://10.132.44.209/volume/v3/volumes/f7f5a194-597c-4ca6-85ec-fe057b34242c'}
        Body: b'{"volume": {"id": "f7f5a194-597c-4ca6-85ec-fe057b34242c", "status": "deleting", "size": 1, "availability_zone": "nova", "created_at": "2026-03-26T11:03:47.000000", "updated_at": "2026-03-26T11:03:50.000000", "name": "tempest-VolumesDeleteCascade-Volume-308554469", "description": null, "volume_type": "arcusfc1", "snapshot_id": null, "source_volid": null, "metadata": {}, "links": [{"rel": "self", "href": "http://10.132.44.209/volume/v3/volumes/f7f5a194-597c-4ca6-85ec-fe057b34242c"}, {"rel": "bookmark", "href": "http://10.132.44.209/volume/volumes/f7f5a194-597c-4ca6-85ec-fe057b34242c"}], "user_id": "0495918e1ed64bbb937615df1f938f30", "bootable": "false", "encrypted": false, "replication_status": null, "consistencygroup_id": null, "multiattach": false, "attachments": [], "os-vol-tenant-attr:tenant_id": "f92c30465503415cbc00028e1055323b"}}'
2026-03-26 11:06:31,454 129489 INFO     [tempest.lib.common.rest_client] Request (VolumesDeleteCascade:test_volume_from_snapshot_cascade_delete): 200 GET http://10.132.44.209/volume/v3/volumes/f7f5a194-597c-4ca6-85ec-fe057b34242c 0.040s
2026-03-26 11:06:31,454 129489 DEBUG    [tempest.lib.common.rest_client] Request - Headers: {'Content-Type': 'application/json', 'Accept': 'application/json', 'X-Auth-Token': '<omitted>'}
        Body: None
    Response - Headers: {'date': 'Thu, 26 Mar 2026 11:06:31 GMT', 'server': 'Apache/2.4.58 (Ubuntu)', 'content-type': 'application/json', 'x-compute-request-id': 'req-8f2c0889-dcb9-4498-aae9-8f82a6bee17d', 'content-length': '846', 'openstack-api-version': 'volume 3.0', 'vary': 'OpenStack-API-Version', 'x-openstack-request-id': 'req-8f2c0889-dcb9-4498-aae9-8f82a6bee17d', 'connection': 'close', 'status': '200', 'content-location': 'http://10.132.44.209/volume/v3/volumes/f7f5a194-597c-4ca6-85ec-fe057b34242c'}
        Body: b'{"volume": {"id": "f7f5a194-597c-4ca6-85ec-fe057b34242c", "status": "deleting", "size": 1, "availability_zone": "nova", "created_at": "2026-03-26T11:03:47.000000", "updated_at": "2026-03-26T11:03:50.000000", "name": "tempest-VolumesDeleteCascade-Volume-308554469", "description": null, "volume_type": "arcusfc1", "snapshot_id": null, "source_volid": null, "metadata": {}, "links": [{"rel": "self", "href": "http://10.132.44.209/volume/v3/volumes/f7f5a194-597c-4ca6-85ec-fe057b34242c"}, {"rel": "bookmark", "href": "http://10.132.44.209/volume/volumes/f7f5a194-597c-4ca6-85ec-fe057b34242c"}], "user_id": "0495918e1ed64bbb937615df1f938f30", "bootable": "false", "encrypted": false, "replication_status": null, "consistencygroup_id": null, "multiattach": false, "attachments": [], "os-vol-tenant-attr:tenant_id": "f92c30465503415cbc00028e1055323b"}}'
2026-03-26 11:06:32,497 129489 INFO     [tempest.lib.common.rest_client] Request (VolumesDeleteCascade:test_volume_from_snapshot_cascade_delete): 200 GET http://10.132.44.209/volume/v3/volumes/f7f5a194-597c-4ca6-85ec-fe057b34242c 0.035s
2026-03-26 11:06:32,498 129489 DEBUG    [tempest.lib.common.rest_client] Request - Headers: {'Content-Type': 'application/json', 'Accept': 'application/json',
     'X-Auth-Token': '<omitted>'}
        Body: None
    Response - Headers: {'date': 'Thu, 26 Mar 2026 11:06:32 GMT', 'server': 'Apache/2.4.58 (Ubuntu)', 'content-type': 'application/json', 'x-compute-request-id': 'req-7d3212a8-0c3b-4a87-9920-581eb6f2c855', 'content-length': '846', 'openstack-api-version': 'volume 3.0', 'vary': 'OpenStack-API-Version', 'x-openstack-request-id': 'req-7d3212a8-0c3b-4a87-9920-581eb6f2c855', 'connection': 'close', 'status': '200', 'content-location': 'http://10.132.44.209/volume/v3/volumes/f7f5a194-597c-4ca6-85ec-fe057b34242c'}
        Body: b'{"volume": {"id": "f7f5a194-597c-4ca6-85ec-fe057b34242c", "status": "deleting", "size": 1, "availability_zone": "nova", "created_at": "2026-03-26T11:03:47.000000", "updated_at": "2026-03-26T11:03:50.000000", "name": "tempest-VolumesDeleteCascade-Volume-308554469", "description": null, "volume_type": "arcusfc1", "snapshot_id": null, "source_volid": null, "metadata": {}, "links": [{"rel": "self", "href": "http://10.132.44.209/volume/v3/volumes/f7f5a194-597c-4ca6-85ec-fe057b34242c"}, {"rel": "bookmark", "href": "http://10.132.44.209/volume/volumes/f7f5a194-597c-4ca6-85ec-fe057b34242c"}], "user_id": "0495918e1ed64bbb937615df1f938f30", "bootable": "false", "encrypted": false, "replication_status": null, "consistencygroup_id": null, "multiattach": false, "attachments": [], "os-vol-tenant-attr:tenant_id": "f92c30465503415cbc00028e1055323b"}}'
2026-03-26 11:06:33,547 129489 INFO     [tempest.lib.common.rest_client] Request (VolumesDeleteCascade:test_volume_from_snapshot_cascade_delete): 200 GET http://10.132.44.209/volume/v3/volumes/f7f5a194-597c-4ca6-85ec-fe057b34242c 0.037s
2026-03-26 11:06:33,548 129489 DEBUG    [tempest.lib.common.rest_client] Request - Headers: {'Content-Type': 'application/json', 'Accept': 'application/json', 'X-Auth-Token': '<omitted>'}
        Body: None
    Response - Headers: {'date': 'Thu, 26 Mar 2026 11:06:33 GMT', 'server': 'Apache/2.4.58 (Ubuntu)', 'content-type': 'application/json', 'x-compute-request-id': 'req-c364af60-c1ee-4c5d-ad84-72d056a4bc5a', 'content-length': '846', 'openstack-api-version': 'volume 3.0', 'vary': 'OpenStack-API-Version', 'x-openstack-request-id': 'req-c364af60-c1ee-4c5d-ad84-72d056a4bc5a', 'connection': 'close', 'status': '200', 'content-location': 'http://10.132.44.209/volume/v3/volumes/f7f5a194-597c-4ca6-85ec-fe057b34242c'}
        Body: b'{"volume": {"id": "f7f5a194-597c-4ca6-85ec-fe057b34242c", "status": "deleting", "size": 1, "availability_zone": "nova", "created_at": "2026-03-26T11:03:47.000000", "updated_at": "2026-03-26T11:03:50.000000", "name": "tempest-VolumesDeleteCascade-Volume-308554469", "description": null, "volume_type": "arcusfc1", "snapshot_id": null, "source_volid": null, "metadata": {}, "links": [{"rel": "self", "href": "http://10.132.44.209/volume/v3/volumes/f7f5a194-597c-4ca6-85ec-fe057b34242c"}, {"rel": "bookmark", "href": "http://10.132.44.209/volume/volumes/f7f5a194-597c-4ca6-85ec-fe057b34242c"}], "user_id": "0495918e1ed64bbb937615df1f938f30", "bootable": "false", "encrypted": false, "replication_status": null, "consistencygroup_id": null, "multiattach": false, "attachments": [], "os-vol-tenant-attr:tenant_id": "f92c30465503415cbc00028e1055323b"}}'
2026-03-26 11:06:34,593 129489 INFO     [tempest.lib.common.rest_client] Request (VolumesDeleteCascade:test_volume_from_snapshot_cascade_delete): 200 GET http://10.132.44.209/volume/v3/volumes/f7f5a194-597c-4ca6-85ec-fe057b34242c 0.036s
2026-03-26 11:06:34,594 129489 DEBUG    [tempest.lib.common.rest_client] Request - Headers: {'Content-Type': 'application/json', 'Accept': 'application/json', 'X-Auth-Token': '<omitted>'}
        Body: None
    Response - Headers: {'date': 'Thu, 26 Mar 2026 11:06:34 GMT', 'server': 'Apache/2.4.58 (Ubuntu)', 'content-type': 'application/json', 'x-compute-request-id': 'req-21184810-95d5-4d34-b969-89c1418d2ffb', 'content-length': '846', 'openstack-api-version': 'volume 3.0', 'vary': 'OpenStack-API-Version', 'x-openstack-request-id': 'req-21184810-95d5-4d34-b969-89c1418d2ffb', 'connection': 'close', 'status': '
    200', 'content-location': 'http://10.132.44.209/volume/v3/volumes/f7f5a194-597c-4ca6-85ec-fe057b34242c'}
        Body: b'{"volume": {"id": "f7f5a194-597c-4ca6-85ec-fe057b34242c", "status": "deleting", "size": 1, "availability_zone": "nova", "created_at": "2026-03-26T11:03:47.000000", "updated_at": "2026-03-26T11:03:50.000000", "name": "tempest-VolumesDeleteCascade-Volume-308554469", "description": null, "volume_type": "arcusfc1", "snapshot_id": null, "source_volid": null, "metadata": {}, "links": [{"rel": "self", "href": "http://10.132.44.209/volume/v3/volumes/f7f5a194-597c-4ca6-85ec-fe057b34242c"}, {"rel": "bookmark", "href": "http://10.132.44.209/volume/volumes/f7f5a194-597c-4ca6-85ec-fe057b34242c"}], "user_id": "0495918e1ed64bbb937615df1f938f30", "bootable": "false", "encrypted": false, "replication_status": null, "consistencygroup_id": null, "multiattach": false, "attachments": [], "os-vol-tenant-attr:tenant_id": "f92c30465503415cbc00028e1055323b"}}'
2026-03-26 11:06:35,649 129489 INFO     [tempest.lib.common.rest_client] Request (VolumesDeleteCascade:test_volume_from_snapshot_cascade_delete): 200 GET http://10.132.44.209/volume/v3/volumes/f7f5a194-597c-4ca6-85ec-fe057b34242c 0.040s
2026-03-26 11:06:35,649 129489 DEBUG    [tempest.lib.common.rest_client] Request - Headers: {'Content-Type': 'application/json', 'Accept': 'application/json', 'X-Auth-Token': '<omitted>'}
        Body: None
    Response - Headers: {'date': 'Thu, 26 Mar 2026 11:06:35 GMT', 'server': 'Apache/2.4.58 (Ubuntu)', 'content-type': 'application/json', 'x-compute-request-id': 'req-5b48fec2-9ed8-45e6-865d-ea355cbaae8e', 'content-length': '846', 'openstack-api-version': 'volume 3.0', 'vary': 'OpenStack-API-Version', 'x-openstack-request-id': 'req-5b48fec2-9ed8-45e6-865d-ea355cbaae8e', 'connection': 'close', 'status': '200', 'content-location': 'http://10.132.44.209/volume/v3/volumes/f7f5a194-597c-4ca6-85ec-fe057b34242c'}
        Body: b'{"volume": {"id": "f7f5a194-597c-4ca6-85ec-fe057b34242c", "status": "deleting", "size": 1, "availability_zone": "nova", "created_at": "2026-03-26T11:03:47.000000", "updated_at": "2026-03-26T11:03:50.000000", "name": "tempest-VolumesDeleteCascade-Volume-308554469", "description": null, "volume_type": "arcusfc1", "snapshot_id": null, "source_volid": null, "metadata": {}, "links": [{"rel": "self", "href": "http://10.132.44.209/volume/v3/volumes/f7f5a194-597c-4ca6-85ec-fe057b34242c"}, {"rel": "bookmark", "href": "http://10.132.44.209/volume/volumes/f7f5a194-597c-4ca6-85ec-fe057b34242c"}], "user_id": "0495918e1ed64bbb937615df1f938f30", "bootable": "false", "encrypted": false, "replication_status": null, "consistencygroup_id": null, "multiattach": false, "attachments": [], "os-vol-tenant-attr:tenant_id": "f92c30465503415cbc00028e1055323b"}}'
2026-03-26 11:06:36,696 129489 INFO     [tempest.lib.common.rest_client] Request (VolumesDeleteCascade:test_volume_from_snapshot_cascade_delete): 200 GET http://10.132.44.209/volume/v3/volumes/f7f5a194-597c-4ca6-85ec-fe057b34242c 0.037s
2026-03-26 11:06:36,697 129489 DEBUG    [tempest.lib.common.rest_client] Request - Headers: {'Content-Type': 'application/json', 'Accept': 'application/json', 'X-Auth-Token': '<omitted>'}
        Body: None
    Response - Headers: {'date': 'Thu, 26 Mar 2026 11:06:36 GMT', 'server': 'Apache/2.4.58 (Ubuntu)', 'content-type': 'application/json', 'x-compute-request-id': 'req-f55ed927-2d23-4c99-aced-94adaae914f4', 'content-length': '846', 'openstack-api-version': 'volume 3.0', 'vary': 'OpenStack-API-Version', 'x-openstack-request-id': 'req-f55ed927-2d23-4c99-aced-94adaae914f4', 'connection': 'close', 'status': '200', 'content-location': 'http://10.132.44.209/volume/v3/volumes/f7f5a194-597c-4ca6-85ec-fe057b34242c'}
        Body: b'{"volume": {"id": "f7f5a194-597c-4ca6-85ec-fe057b34242c", "status": "deleting", "size": 1, "availability_zone": "nova", "created_at": "2026-03-26T11:03:47.000000", "updated_at": "2026-03-26T11:03:50.000000", "name": "tempest-VolumesDeleteCascade-Volume-308554469", "description": null, "volume_type": "arcusfc1", "snapshot_id": null, "
    source_volid": null, "metadata": {}, "links": [{"rel": "self", "href": "http://10.132.44.209/volume/v3/volumes/f7f5a194-597c-4ca6-85ec-fe057b34242c"}, {"rel": "bookmark", "href": "http://10.132.44.209/volume/volumes/f7f5a194-597c-4ca6-85ec-fe057b34242c"}], "user_id": "0495918e1ed64bbb937615df1f938f30", "bootable": "false", "encrypted": false, "replication_status": null, "consistencygroup_id": null, "multiattach": false, "attachments": [], "os-vol-tenant-attr:tenant_id": "f92c30465503415cbc00028e1055323b"}}'
2026-03-26 11:06:37,753 129489 INFO     [tempest.lib.common.rest_client] Request (VolumesDeleteCascade:test_volume_from_snapshot_cascade_delete): 200 GET http://10.132.44.209/volume/v3/volumes/f7f5a194-597c-4ca6-85ec-fe057b34242c 0.041s
2026-03-26 11:06:37,753 129489 DEBUG    [tempest.lib.common.rest_client] Request - Headers: {'Content-Type': 'application/json', 'Accept': 'application/json', 'X-Auth-Token': '<omitted>'}
        Body: None
    Response - Headers: {'date': 'Thu, 26 Mar 2026 11:06:37 GMT', 'server': 'Apache/2.4.58 (Ubuntu)', 'content-type': 'application/json', 'x-compute-request-id': 'req-038872c8-4eaa-4294-ae46-63dddbe2ab08', 'content-length': '846', 'openstack-api-version': 'volume 3.0', 'vary': 'OpenStack-API-Version', 'x-openstack-request-id': 'req-038872c8-4eaa-4294-ae46-63dddbe2ab08', 'connection': 'close', 'status': '200', 'content-location': 'http://10.132.44.209/volume/v3/volumes/f7f5a194-597c-4ca6-85ec-fe057b34242c'}
        Body: b'{"volume": {"id": "f7f5a194-597c-4ca6-85ec-fe057b34242c", "status": "deleting", "size": 1, "availability_zone": "nova", "created_at": "2026-03-26T11:03:47.000000", "updated_at": "2026-03-26T11:03:50.000000", "name": "tempest-VolumesDeleteCascade-Volume-308554469", "description": null, "volume_type": "arcusfc1", "snapshot_id": null, "source_volid": null, "metadata": {}, "links": [{"rel": "self", "href": "http://10.132.44.209/volume/v3/volumes/f7f5a194-597c-4ca6-85ec-fe057b34242c"}, {"rel": "bookmark", "href": "http://10.132.44.209/volume/volumes/f7f5a194-597c-4ca6-85ec-fe057b34242c"}], "user_id": "0495918e1ed64bbb937615df1f938f30", "bootable": "false", "encrypted": false, "replication_status": null, "consistencygroup_id": null, "multiattach": false, "attachments": [], "os-vol-tenant-attr:tenant_id": "f92c30465503415cbc00028e1055323b"}}'
2026-03-26 11:06:38,808 129489 INFO     [tempest.lib.common.rest_client] Request (VolumesDeleteCascade:test_volume_from_snapshot_cascade_delete): 200 GET http://10.132.44.209/volume/v3/volumes/f7f5a194-597c-4ca6-85ec-fe057b34242c 0.042s
2026-03-26 11:06:38,809 129489 DEBUG    [tempest.lib.common.rest_client] Request - Headers: {'Content-Type': 'application/json', 'Accept': 'application/json', 'X-Auth-Token': '<omitted>'}
        Body: None
    Response - Headers: {'date': 'Thu, 26 Mar 2026 11:06:38 GMT', 'server': 'Apache/2.4.58 (Ubuntu)', 'content-type': 'application/json', 'x-compute-request-id': 'req-840b9054-be16-4a07-aa43-47a2ad408cd8', 'content-length': '846', 'openstack-api-version': 'volume 3.0', 'vary': 'OpenStack-API-Version', 'x-openstack-request-id': 'req-840b9054-be16-4a07-aa43-47a2ad408cd8', 'connection': 'close', 'status': '200', 'content-location': 'http://10.132.44.209/volume/v3/volumes/f7f5a194-597c-4ca6-85ec-fe057b34242c'}
        Body: b'{"volume": {"id": "f7f5a194-597c-4ca6-85ec-fe057b34242c", "status": "deleting", "size": 1, "availability_zone": "nova", "created_at": "2026-03-26T11:03:47.000000", "updated_at": "2026-03-26T11:03:50.000000", "name": "tempest-VolumesDeleteCascade-Volume-308554469", "description": null, "volume_type": "arcusfc1", "snapshot_id": null, "source_volid": null, "metadata": {}, "links": [{"rel": "self", "href": "http://10.132.44.209/volume/v3/volumes/f7f5a194-597c-4ca6-85ec-fe057b34242c"}, {"rel": "bookmark", "href": "http://10.132.44.209/volume/volumes/f7f5a194-597c-4ca6-85ec-fe057b34242c"}], "user_id": "0495918e1ed64bbb937615df1f938f30", "bootable": "false", "encrypted": false, "replication_status": null, "consistencygroup_id": null, "multiattach": false, "attachments": [], "os-vol-tenan
    t-attr:tenant_id": "f92c30465503415cbc00028e1055323b"}}'
2026-03-26 11:06:39,864 129489 INFO     [tempest.lib.common.rest_client] Request (VolumesDeleteCascade:test_volume_from_snapshot_cascade_delete): 200 GET http://10.132.44.209/volume/v3/volumes/f7f5a194-597c-4ca6-85ec-fe057b34242c 0.042s
2026-03-26 11:06:39,865 129489 DEBUG    [tempest.lib.common.rest_client] Request - Headers: {'Content-Type': 'application/json', 'Accept': 'application/json', 'X-Auth-Token': '<omitted>'}
        Body: None
    Response - Headers: {'date': 'Thu, 26 Mar 2026 11:06:39 GMT', 'server': 'Apache/2.4.58 (Ubuntu)', 'content-type': 'application/json', 'x-compute-request-id': 'req-b415085a-46ec-4afb-bbe7-0cbe13efc2a5', 'content-length': '846', 'openstack-api-version': 'volume 3.0', 'vary': 'OpenStack-API-Version', 'x-openstack-request-id': 'req-b415085a-46ec-4afb-bbe7-0cbe13efc2a5', 'connection': 'close', 'status': '200', 'content-location': 'http://10.132.44.209/volume/v3/volumes/f7f5a194-597c-4ca6-85ec-fe057b34242c'}
        Body: b'{"volume": {"id": "f7f5a194-597c-4ca6-85ec-fe057b34242c", "status": "deleting", "size": 1, "availability_zone": "nova", "created_at": "2026-03-26T11:03:47.000000", "updated_at": "2026-03-26T11:03:50.000000", "name": "tempest-VolumesDeleteCascade-Volume-308554469", "description": null, "volume_type": "arcusfc1", "snapshot_id": null, "source_volid": null, "metadata": {}, "links": [{"rel": "self", "href": "http://10.132.44.209/volume/v3/volumes/f7f5a194-597c-4ca6-85ec-fe057b34242c"}, {"rel": "bookmark", "href": "http://10.132.44.209/volume/volumes/f7f5a194-597c-4ca6-85ec-fe057b34242c"}], "user_id": "0495918e1ed64bbb937615df1f938f30", "bootable": "false", "encrypted": false, "replication_status": null, "consistencygroup_id": null, "multiattach": false, "attachments": [], "os-vol-tenant-attr:tenant_id": "f92c30465503415cbc00028e1055323b"}}'
2026-03-26 11:06:40,904 129489 INFO     [tempest.lib.common.rest_client] Request (VolumesDeleteCascade:test_volume_from_snapshot_cascade_delete): 200 GET http://10.132.44.209/volume/v3/volumes/f7f5a194-597c-4ca6-85ec-fe057b34242c 0.027s
2026-03-26 11:06:40,905 129489 DEBUG    [tempest.lib.common.rest_client] Request - Headers: {'Content-Type': 'application/json', 'Accept': 'application/json', 'X-Auth-Token': '<omitted>'}
        Body: None
    Response - Headers: {'date': 'Thu, 26 Mar 2026 11:06:40 GMT', 'server': 'Apache/2.4.58 (Ubuntu)', 'content-type': 'application/json', 'x-compute-request-id': 'req-3e4824f2-c427-44f8-bfa5-fe699b0eefe7', 'content-length': '846', 'openstack-api-version': 'volume 3.0', 'vary': 'OpenStack-API-Version', 'x-openstack-request-id': 'req-3e4824f2-c427-44f8-bfa5-fe699b0eefe7', 'connection': 'close', 'status': '200', 'content-location': 'http://10.132.44.209/volume/v3/volumes/f7f5a194-597c-4ca6-85ec-fe057b34242c'}
        Body: b'{"volume": {"id": "f7f5a194-597c-4ca6-85ec-fe057b34242c", "status": "deleting", "size": 1, "availability_zone": "nova", "created_at": "2026-03-26T11:03:47.000000", "updated_at": "2026-03-26T11:03:50.000000", "name": "tempest-VolumesDeleteCascade-Volume-308554469", "description": null, "volume_type": "arcusfc1", "snapshot_id": null, "source_volid": null, "metadata": {}, "links": [{"rel": "self", "href": "http://10.132.44.209/volume/v3/volumes/f7f5a194-597c-4ca6-85ec-fe057b34242c"}, {"rel": "bookmark", "href": "http://10.132.44.209/volume/volumes/f7f5a194-597c-4ca6-85ec-fe057b34242c"}], "user_id": "0495918e1ed64bbb937615df1f938f30", "bootable": "false", "encrypted": false, "replication_status": null, "consistencygroup_id": null, "multiattach": false, "attachments": [], "os-vol-tenant-attr:tenant_id": "f92c30465503415cbc00028e1055323b"}}'
2026-03-26 11:06:41,951 129489 INFO     [tempest.lib.common.rest_client] Request (VolumesDeleteCascade:test_volume_from_snapshot_cascade_delete): 200 GET http://10.132.44.209/volume/v3/volumes/f7f5a194-597c-4ca6-85ec-fe057b34242c 0.034s
2026-03-26 11:06:41,951 129489 DEBUG    [tempest.lib.common.rest_client] Request - Headers: {'Content-Type': 'application/json', 'Accept': 'application/json', 'X-
    Auth-Token': '<omitted>'}
        Body: None
    Response - Headers: {'date': 'Thu, 26 Mar 2026 11:06:41 GMT', 'server': 'Apache/2.4.58 (Ubuntu)', 'content-type': 'application/json', 'x-compute-request-id': 'req-d73c2302-6c2c-4824-888b-6b05126821a0', 'content-length': '846', 'openstack-api-version': 'volume 3.0', 'vary': 'OpenStack-API-Version', 'x-openstack-request-id': 'req-d73c2302-6c2c-4824-888b-6b05126821a0', 'connection': 'close', 'status': '200', 'content-location': 'http://10.132.44.209/volume/v3/volumes/f7f5a194-597c-4ca6-85ec-fe057b34242c'}
        Body: b'{"volume": {"id": "f7f5a194-597c-4ca6-85ec-fe057b34242c", "status": "deleting", "size": 1, "availability_zone": "nova", "created_at": "2026-03-26T11:03:47.000000", "updated_at": "2026-03-26T11:03:50.000000", "name": "tempest-VolumesDeleteCascade-Volume-308554469", "description": null, "volume_type": "arcusfc1", "snapshot_id": null, "source_volid": null, "metadata": {}, "links": [{"rel": "self", "href": "http://10.132.44.209/volume/v3/volumes/f7f5a194-597c-4ca6-85ec-fe057b34242c"}, {"rel": "bookmark", "href": "http://10.132.44.209/volume/volumes/f7f5a194-597c-4ca6-85ec-fe057b34242c"}], "user_id": "0495918e1ed64bbb937615df1f938f30", "bootable": "false", "encrypted": false, "replication_status": null, "consistencygroup_id": null, "multiattach": false, "attachments": [], "os-vol-tenant-attr:tenant_id": "f92c30465503415cbc00028e1055323b"}}'
2026-03-26 11:06:43,001 129489 INFO     [tempest.lib.common.rest_client] Request (VolumesDeleteCascade:test_volume_from_snapshot_cascade_delete): 200 GET http://10.132.44.209/volume/v3/volumes/f7f5a194-597c-4ca6-85ec-fe057b34242c 0.043s
2026-03-26 11:06:43,002 129489 DEBUG    [tempest.lib.common.rest_client] Request - Headers: {'Content-Type': 'application/json', 'Accept': 'application/json', 'X-Auth-Token': '<omitted>'}
        Body: None
    Response - Headers: {'date': 'Thu, 26 Mar 2026 11:06:42 GMT', 'server': 'Apache/2.4.58 (Ubuntu)', 'content-type': 'application/json', 'x-compute-request-id': 'req-8bfd699d-34c7-4c04-b845-3a945ad8203a', 'content-length': '846', 'openstack-api-version': 'volume 3.0', 'vary': 'OpenStack-API-Version', 'x-openstack-request-id': 'req-8bfd699d-34c7-4c04-b845-3a945ad8203a', 'connection': 'close', 'status': '200', 'content-location': 'http://10.132.44.209/volume/v3/volumes/f7f5a194-597c-4ca6-85ec-fe057b34242c'}
        Body: b'{"volume": {"id": "f7f5a194-597c-4ca6-85ec-fe057b34242c", "status": "deleting", "size": 1, "availability_zone": "nova", "created_at": "2026-03-26T11:03:47.000000", "updated_at": "2026-03-26T11:03:50.000000", "name": "tempest-VolumesDeleteCascade-Volume-308554469", "description": null, "volume_type": "arcusfc1", "snapshot_id": null, "source_volid": null, "metadata": {}, "links": [{"rel": "self", "href": "http://10.132.44.209/volume/v3/volumes/f7f5a194-597c-4ca6-85ec-fe057b34242c"}, {"rel": "bookmark", "href": "http://10.132.44.209/volume/volumes/f7f5a194-597c-4ca6-85ec-fe057b34242c"}], "user_id": "0495918e1ed64bbb937615df1f938f30", "bootable": "false", "encrypted": false, "replication_status": null, "consistencygroup_id": null, "multiattach": false, "attachments": [], "os-vol-tenant-attr:tenant_id": "f92c30465503415cbc00028e1055323b"}}'
2026-03-26 11:06:44,051 129489 INFO     [tempest.lib.common.rest_client] Request (VolumesDeleteCascade:test_volume_from_snapshot_cascade_delete): 200 GET http://10.132.44.209/volume/v3/volumes/f7f5a194-597c-4ca6-85ec-fe057b34242c 0.034s
2026-03-26 11:06:44,051 129489 DEBUG    [tempest.lib.common.rest_client] Request - Headers: {'Content-Type': 'application/json', 'Accept': 'application/json', 'X-Auth-Token': '<omitted>'}
        Body: None
    Response - Headers: {'date': 'Thu, 26 Mar 2026 11:06:44 GMT', 'server': 'Apache/2.4.58 (Ubuntu)', 'content-type': 'application/json', 'x-compute-request-id': 'req-ac576482-f939-46ae-bc15-b1441c797336', 'content-length': '846', 'openstack-api-version': 'volume 3.0', 'vary': 'OpenStack-API-Version', 'x-openstack-request-id': 'req-ac576482-f939-46ae-bc15-b1441c797336', 'connection': 'close', 'status': '200'
    , 'content-location': 'http://10.132.44.209/volume/v3/volumes/f7f5a194-597c-4ca6-85ec-fe057b34242c'}
        Body: b'{"volume": {"id": "f7f5a194-597c-4ca6-85ec-fe057b34242c", "status": "deleting", "size": 1, "availability_zone": "nova", "created_at": "2026-03-26T11:03:47.000000", "updated_at": "2026-03-26T11:03:50.000000", "name": "tempest-VolumesDeleteCascade-Volume-308554469", "description": null, "volume_type": "arcusfc1", "snapshot_id": null, "source_volid": null, "metadata": {}, "links": [{"rel": "self", "href": "http://10.132.44.209/volume/v3/volumes/f7f5a194-597c-4ca6-85ec-fe057b34242c"}, {"rel": "bookmark", "href": "http://10.132.44.209/volume/volumes/f7f5a194-597c-4ca6-85ec-fe057b34242c"}], "user_id": "0495918e1ed64bbb937615df1f938f30", "bootable": "false", "encrypted": false, "replication_status": null, "consistencygroup_id": null, "multiattach": false, "attachments": [], "os-vol-tenant-attr:tenant_id": "f92c30465503415cbc00028e1055323b"}}'
2026-03-26 11:06:45,103 129489 INFO     [tempest.lib.common.rest_client] Request (VolumesDeleteCascade:test_volume_from_snapshot_cascade_delete): 200 GET http://10.132.44.209/volume/v3/volumes/f7f5a194-597c-4ca6-85ec-fe057b34242c 0.044s
2026-03-26 11:06:45,103 129489 DEBUG    [tempest.lib.common.rest_client] Request - Headers: {'Content-Type': 'application/json', 'Accept': 'application/json', 'X-Auth-Token': '<omitted>'}
        Body: None
    Response - Headers: {'date': 'Thu, 26 Mar 2026 11:06:45 GMT', 'server': 'Apache/2.4.58 (Ubuntu)', 'content-type': 'application/json', 'x-compute-request-id': 'req-589f06f6-632f-43ff-99e6-aa3f340a7fd9', 'content-length': '846', 'openstack-api-version': 'volume 3.0', 'vary': 'OpenStack-API-Version', 'x-openstack-request-id': 'req-589f06f6-632f-43ff-99e6-aa3f340a7fd9', 'connection': 'close', 'status': '200', 'content-location': 'http://10.132.44.209/volume/v3/volumes/f7f5a194-597c-4ca6-85ec-fe057b34242c'}
        Body: b'{"volume": {"id": "f7f5a194-597c-4ca6-85ec-fe057b34242c", "status": "deleting", "size": 1, "availability_zone": "nova", "created_at": "2026-03-26T11:03:47.000000", "updated_at": "2026-03-26T11:03:50.000000", "name": "tempest-VolumesDeleteCascade-Volume-308554469", "description": null, "volume_type": "arcusfc1", "snapshot_id": null, "source_volid": null, "metadata": {}, "links": [{"rel": "self", "href": "http://10.132.44.209/volume/v3/volumes/f7f5a194-597c-4ca6-85ec-fe057b34242c"}, {"rel": "bookmark", "href": "http://10.132.44.209/volume/volumes/f7f5a194-597c-4ca6-85ec-fe057b34242c"}], "user_id": "0495918e1ed64bbb937615df1f938f30", "bootable": "false", "encrypted": false, "replication_status": null, "consistencygroup_id": null, "multiattach": false, "attachments": [], "os-vol-tenant-attr:tenant_id": "f92c30465503415cbc00028e1055323b"}}'
2026-03-26 11:06:46,151 129489 INFO     [tempest.lib.common.rest_client] Request (VolumesDeleteCascade:test_volume_from_snapshot_cascade_delete): 200 GET http://10.132.44.209/volume/v3/volumes/f7f5a194-597c-4ca6-85ec-fe057b34242c 0.033s
2026-03-26 11:06:46,151 129489 DEBUG    [tempest.lib.common.rest_client] Request - Headers: {'Content-Type': 'application/json', 'Accept': 'application/json', 'X-Auth-Token': '<omitted>'}
        Body: None
    Response - Headers: {'date': 'Thu, 26 Mar 2026 11:06:46 GMT', 'server': 'Apache/2.4.58 (Ubuntu)', 'content-type': 'application/json', 'x-compute-request-id': 'req-d3924530-85de-479e-8217-51021b5a0853', 'content-length': '846', 'openstack-api-version': 'volume 3.0', 'vary': 'OpenStack-API-Version', 'x-openstack-request-id': 'req-d3924530-85de-479e-8217-51021b5a0853', 'connection': 'close', 'status': '200', 'content-location': 'http://10.132.44.209/volume/v3/volumes/f7f5a194-597c-4ca6-85ec-fe057b34242c'}
        Body: b'{"volume": {"id": "f7f5a194-597c-4ca6-85ec-fe057b34242c", "status": "deleting", "size": 1, "availability_zone": "nova", "created_at": "2026-03-26T11:03:47.000000", "updated_at": "2026-03-26T11:03:50.000000", "name": "tempest-VolumesDeleteCascade-Volume-308554469", "description": null, "volume_type": "arcusfc1", "snapshot_id": null, "sour
    ce_volid": null, "metadata": {}, "links": [{"rel": "self", "href": "http://10.132.44.209/volume/v3/volumes/f7f5a194-597c-4ca6-85ec-fe057b34242c"}, {"rel": "bookmark", "href": "http://10.132.44.209/volume/volumes/f7f5a194-597c-4ca6-85ec-fe057b34242c"}], "user_id": "0495918e1ed64bbb937615df1f938f30", "bootable": "false", "encrypted": false, "replication_status": null, "consistencygroup_id": null, "multiattach": false, "attachments": [], "os-vol-tenant-attr:tenant_id": "f92c30465503415cbc00028e1055323b"}}'
2026-03-26 11:06:47,196 129489 INFO     [tempest.lib.common.rest_client] Request (VolumesDeleteCascade:test_volume_from_snapshot_cascade_delete): 200 GET http://10.132.44.209/volume/v3/volumes/f7f5a194-597c-4ca6-85ec-fe057b34242c 0.037s
2026-03-26 11:06:47,196 129489 DEBUG    [tempest.lib.common.rest_client] Request - Headers: {'Content-Type': 'application/json', 'Accept': 'application/json', 'X-Auth-Token': '<omitted>'}
        Body: None
    Response - Headers: {'date': 'Thu, 26 Mar 2026 11:06:47 GMT', 'server': 'Apache/2.4.58 (Ubuntu)', 'content-type': 'application/json', 'x-compute-request-id': 'req-d0a02fb7-c10a-416e-9edf-a85bca90887b', 'content-length': '846', 'openstack-api-version': 'volume 3.0', 'vary': 'OpenStack-API-Version', 'x-openstack-request-id': 'req-d0a02fb7-c10a-416e-9edf-a85bca90887b', 'connection': 'close', 'status': '200', 'content-location': 'http://10.132.44.209/volume/v3/volumes/f7f5a194-597c-4ca6-85ec-fe057b34242c'}
        Body: b'{"volume": {"id": "f7f5a194-597c-4ca6-85ec-fe057b34242c", "status": "deleting", "size": 1, "availability_zone": "nova", "created_at": "2026-03-26T11:03:47.000000", "updated_at": "2026-03-26T11:03:50.000000", "name": "tempest-VolumesDeleteCascade-Volume-308554469", "description": null, "volume_type": "arcusfc1", "snapshot_id": null, "source_volid": null, "metadata": {}, "links": [{"rel": "self", "href": "http://10.132.44.209/volume/v3/volumes/f7f5a194-597c-4ca6-85ec-fe057b34242c"}, {"rel": "bookmark", "href": "http://10.132.44.209/volume/volumes/f7f5a194-597c-4ca6-85ec-fe057b34242c"}], "user_id": "0495918e1ed64bbb937615df1f938f30", "bootable": "false", "encrypted": false, "replication_status": null, "consistencygroup_id": null, "multiattach": false, "attachments": [], "os-vol-tenant-attr:tenant_id": "f92c30465503415cbc00028e1055323b"}}'
2026-03-26 11:06:48,243 129489 INFO     [tempest.lib.common.rest_client] Request (VolumesDeleteCascade:test_volume_from_snapshot_cascade_delete): 200 GET http://10.132.44.209/volume/v3/volumes/f7f5a194-597c-4ca6-85ec-fe057b34242c 0.034s
2026-03-26 11:06:48,244 129489 DEBUG    [tempest.lib.common.rest_client] Request - Headers: {'Content-Type': 'application/json', 'Accept': 'application/json', 'X-Auth-Token': '<omitted>'}
        Body: None
    Response - Headers: {'date': 'Thu, 26 Mar 2026 11:06:48 GMT', 'server': 'Apache/2.4.58 (Ubuntu)', 'content-type': 'application/json', 'x-compute-request-id': 'req-0f9a9ba6-e5e1-4960-a246-1fd6e203ca86', 'content-length': '846', 'openstack-api-version': 'volume 3.0', 'vary': 'OpenStack-API-Version', 'x-openstack-request-id': 'req-0f9a9ba6-e5e1-4960-a246-1fd6e203ca86', 'connection': 'close', 'status': '200', 'content-location': 'http://10.132.44.209/volume/v3/volumes/f7f5a194-597c-4ca6-85ec-fe057b34242c'}
        Body: b'{"volume": {"id": "f7f5a194-597c-4ca6-85ec-fe057b34242c", "status": "deleting", "size": 1, "availability_zone": "nova", "created_at": "2026-03-26T11:03:47.000000", "updated_at": "2026-03-26T11:03:50.000000", "name": "tempest-VolumesDeleteCascade-Volume-308554469", "description": null, "volume_type": "arcusfc1", "snapshot_id": null, "source_volid": null, "metadata": {}, "links": [{"rel": "self", "href": "http://10.132.44.209/volume/v3/volumes/f7f5a194-597c-4ca6-85ec-fe057b34242c"}, {"rel": "bookmark", "href": "http://10.132.44.209/volume/volumes/f7f5a194-597c-4ca6-85ec-fe057b34242c"}], "user_id": "0495918e1ed64bbb937615df1f938f30", "bootable": "false", "encrypted": false, "replication_status": null, "consistencygroup_id": null, "multiattach": false, "attachments": [], "os-vol-tenant-at
    tr:tenant_id": "f92c30465503415cbc00028e1055323b"}}'
2026-03-26 11:06:49,290 129489 INFO     [tempest.lib.common.rest_client] Request (VolumesDeleteCascade:test_volume_from_snapshot_cascade_delete): 200 GET http://10.132.44.209/volume/v3/volumes/f7f5a194-597c-4ca6-85ec-fe057b34242c 0.039s
2026-03-26 11:06:49,291 129489 DEBUG    [tempest.lib.common.rest_client] Request - Headers: {'Content-Type': 'application/json', 'Accept': 'application/json', 'X-Auth-Token': '<omitted>'}
        Body: None
    Response - Headers: {'date': 'Thu, 26 Mar 2026 11:06:49 GMT', 'server': 'Apache/2.4.58 (Ubuntu)', 'content-type': 'application/json', 'x-compute-request-id': 'req-cae7e26f-0bdf-4a38-b36d-2b97e544ca3c', 'content-length': '846', 'openstack-api-version': 'volume 3.0', 'vary': 'OpenStack-API-Version', 'x-openstack-request-id': 'req-cae7e26f-0bdf-4a38-b36d-2b97e544ca3c', 'connection': 'close', 'status': '200', 'content-location': 'http://10.132.44.209/volume/v3/volumes/f7f5a194-597c-4ca6-85ec-fe057b34242c'}
        Body: b'{"volume": {"id": "f7f5a194-597c-4ca6-85ec-fe057b34242c", "status": "deleting", "size": 1, "availability_zone": "nova", "created_at": "2026-03-26T11:03:47.000000", "updated_at": "2026-03-26T11:03:50.000000", "name": "tempest-VolumesDeleteCascade-Volume-308554469", "description": null, "volume_type": "arcusfc1", "snapshot_id": null, "source_volid": null, "metadata": {}, "links": [{"rel": "self", "href": "http://10.132.44.209/volume/v3/volumes/f7f5a194-597c-4ca6-85ec-fe057b34242c"}, {"rel": "bookmark", "href": "http://10.132.44.209/volume/volumes/f7f5a194-597c-4ca6-85ec-fe057b34242c"}], "user_id": "0495918e1ed64bbb937615df1f938f30", "bootable": "false", "encrypted": false, "replication_status": null, "consistencygroup_id": null, "multiattach": false, "attachments": [], "os-vol-tenant-attr:tenant_id": "f92c30465503415cbc00028e1055323b"}}'
2026-03-26 11:06:50,347 129489 INFO     [tempest.lib.common.rest_client] Request (VolumesDeleteCascade:test_volume_from_snapshot_cascade_delete): 200 GET http://10.132.44.209/volume/v3/volumes/f7f5a194-597c-4ca6-85ec-fe057b34242c 0.043s
2026-03-26 11:06:50,347 129489 DEBUG    [tempest.lib.common.rest_client] Request - Headers: {'Content-Type': 'application/json', 'Accept': 'application/json', 'X-Auth-Token': '<omitted>'}
        Body: None
    Response - Headers: {'date': 'Thu, 26 Mar 2026 11:06:50 GMT', 'server': 'Apache/2.4.58 (Ubuntu)', 'content-type': 'application/json', 'x-compute-request-id': 'req-7acaed0d-4e8e-483f-9633-1ce6edf76ae6', 'content-length': '846', 'openstack-api-version': 'volume 3.0', 'vary': 'OpenStack-API-Version', 'x-openstack-request-id': 'req-7acaed0d-4e8e-483f-9633-1ce6edf76ae6', 'connection': 'close', 'status': '200', 'content-location': 'http://10.132.44.209/volume/v3/volumes/f7f5a194-597c-4ca6-85ec-fe057b34242c'}
        Body: b'{"volume": {"id": "f7f5a194-597c-4ca6-85ec-fe057b34242c", "status": "deleting", "size": 1, "availability_zone": "nova", "created_at": "2026-03-26T11:03:47.000000", "updated_at": "2026-03-26T11:03:50.000000", "name": "tempest-VolumesDeleteCascade-Volume-308554469", "description": null, "volume_type": "arcusfc1", "snapshot_id": null, "source_volid": null, "metadata": {}, "links": [{"rel": "self", "href": "http://10.132.44.209/volume/v3/volumes/f7f5a194-597c-4ca6-85ec-fe057b34242c"}, {"rel": "bookmark", "href": "http://10.132.44.209/volume/volumes/f7f5a194-597c-4ca6-85ec-fe057b34242c"}], "user_id": "0495918e1ed64bbb937615df1f938f30", "bootable": "false", "encrypted": false, "replication_status": null, "consistencygroup_id": null, "multiattach": false, "attachments": [], "os-vol-tenant-attr:tenant_id": "f92c30465503415cbc00028e1055323b"}}'
2026-03-26 11:06:51,401 129489 INFO     [tempest.lib.common.rest_client] Request (VolumesDeleteCascade:test_volume_from_snapshot_cascade_delete): 200 GET http://10.132.44.209/volume/v3/volumes/f7f5a194-597c-4ca6-85ec-fe057b34242c 0.043s
2026-03-26 11:06:51,402 129489 DEBUG    [tempest.lib.common.rest_client] Request - Headers: {'Content-Type': 'application/json', 'Accept': 'application/json', 'X-Auth
    -Token': '<omitted>'}
        Body: None
    Response - Headers: {'date': 'Thu, 26 Mar 2026 11:06:51 GMT', 'server': 'Apache/2.4.58 (Ubuntu)', 'content-type': 'application/json', 'x-compute-request-id': 'req-022a6bfb-8f0a-4fff-a000-2ef67c69444f', 'content-length': '846', 'openstack-api-version': 'volume 3.0', 'vary': 'OpenStack-API-Version', 'x-openstack-request-id': 'req-022a6bfb-8f0a-4fff-a000-2ef67c69444f', 'connection': 'close', 'status': '200', 'content-location': 'http://10.132.44.209/volume/v3/volumes/f7f5a194-597c-4ca6-85ec-fe057b34242c'}
        Body: b'{"volume": {"id": "f7f5a194-597c-4ca6-85ec-fe057b34242c", "status": "deleting", "size": 1, "availability_zone": "nova", "created_at": "2026-03-26T11:03:47.000000", "updated_at": "2026-03-26T11:03:50.000000", "name": "tempest-VolumesDeleteCascade-Volume-308554469", "description": null, "volume_type": "arcusfc1", "snapshot_id": null, "source_volid": null, "metadata": {}, "links": [{"rel": "self", "href": "http://10.132.44.209/volume/v3/volumes/f7f5a194-597c-4ca6-85ec-fe057b34242c"}, {"rel": "bookmark", "href": "http://10.132.44.209/volume/volumes/f7f5a194-597c-4ca6-85ec-fe057b34242c"}], "user_id": "0495918e1ed64bbb937615df1f938f30", "bootable": "false", "encrypted": false, "replication_status": null, "consistencygroup_id": null, "multiattach": false, "attachments": [], "os-vol-tenant-attr:tenant_id": "f92c30465503415cbc00028e1055323b"}}'
2026-03-26 11:06:52,455 129489 INFO     [tempest.lib.common.rest_client] Request (VolumesDeleteCascade:test_volume_from_snapshot_cascade_delete): 200 GET http://10.132.44.209/volume/v3/volumes/f7f5a194-597c-4ca6-85ec-fe057b34242c 0.040s
2026-03-26 11:06:52,456 129489 DEBUG    [tempest.lib.common.rest_client] Request - Headers: {'Content-Type': 'application/json', 'Accept': 'application/json', 'X-Auth-Token': '<omitted>'}
        Body: None
    Response - Headers: {'date': 'Thu, 26 Mar 2026 11:06:52 GMT', 'server': 'Apache/2.4.58 (Ubuntu)', 'content-type': 'application/json', 'x-compute-request-id': 'req-a3b9d912-70ea-4350-b021-c5bb6f225114', 'content-length': '846', 'openstack-api-version': 'volume 3.0', 'vary': 'OpenStack-API-Version', 'x-openstack-request-id': 'req-a3b9d912-70ea-4350-b021-c5bb6f225114', 'connection': 'close', 'status': '200', 'content-location': 'http://10.132.44.209/volume/v3/volumes/f7f5a194-597c-4ca6-85ec-fe057b34242c'}
        Body: b'{"volume": {"id": "f7f5a194-597c-4ca6-85ec-fe057b34242c", "status": "deleting", "size": 1, "availability_zone": "nova", "created_at": "2026-03-26T11:03:47.000000", "updated_at": "2026-03-26T11:03:50.000000", "name": "tempest-VolumesDeleteCascade-Volume-308554469", "description": null, "volume_type": "arcusfc1", "snapshot_id": null, "source_volid": null, "metadata": {}, "links": [{"rel": "self", "href": "http://10.132.44.209/volume/v3/volumes/f7f5a194-597c-4ca6-85ec-fe057b34242c"}, {"rel": "bookmark", "href": "http://10.132.44.209/volume/volumes/f7f5a194-597c-4ca6-85ec-fe057b34242c"}], "user_id": "0495918e1ed64bbb937615df1f938f30", "bootable": "false", "encrypted": false, "replication_status": null, "consistencygroup_id": null, "multiattach": false, "attachments": [], "os-vol-tenant-attr:tenant_id": "f92c30465503415cbc00028e1055323b"}}'
2026-03-26 11:06:53,506 129489 INFO     [tempest.lib.common.rest_client] Request (VolumesDeleteCascade:test_volume_from_snapshot_cascade_delete): 200 GET http://10.132.44.209/volume/v3/volumes/f7f5a194-597c-4ca6-85ec-fe057b34242c 0.042s
2026-03-26 11:06:53,506 129489 DEBUG    [tempest.lib.common.rest_client] Request - Headers: {'Content-Type': 'application/json', 'Accept': 'application/json', 'X-Auth-Token': '<omitted>'}
        Body: None
    Response - Headers: {'date': 'Thu, 26 Mar 2026 11:06:53 GMT', 'server': 'Apache/2.4.58 (Ubuntu)', 'content-type': 'application/json', 'x-compute-request-id': 'req-69f4b8fe-1111-4f9f-b559-b5198c976039', 'content-length': '846', 'openstack-api-version': 'volume 3.0', 'vary': 'OpenStack-API-Version', 'x-openstack-request-id': 'req-69f4b8fe-1111-4f9f-b559-b5198c976039', 'connection': 'close', 'status': '200', 'c
    ontent-location': 'http://10.132.44.209/volume/v3/volumes/f7f5a194-597c-4ca6-85ec-fe057b34242c'}
        Body: b'{"volume": {"id": "f7f5a194-597c-4ca6-85ec-fe057b34242c", "status": "deleting", "size": 1, "availability_zone": "nova", "created_at": "2026-03-26T11:03:47.000000", "updated_at": "2026-03-26T11:03:50.000000", "name": "tempest-VolumesDeleteCascade-Volume-308554469", "description": null, "volume_type": "arcusfc1", "snapshot_id": null, "source_volid": null, "metadata": {}, "links": [{"rel": "self", "href": "http://10.132.44.209/volume/v3/volumes/f7f5a194-597c-4ca6-85ec-fe057b34242c"}, {"rel": "bookmark", "href": "http://10.132.44.209/volume/volumes/f7f5a194-597c-4ca6-85ec-fe057b34242c"}], "user_id": "0495918e1ed64bbb937615df1f938f30", "bootable": "false", "encrypted": false, "replication_status": null, "consistencygroup_id": null, "multiattach": false, "attachments": [], "os-vol-tenant-attr:tenant_id": "f92c30465503415cbc00028e1055323b"}}'
2026-03-26 11:06:54,560 129489 INFO     [tempest.lib.common.rest_client] Request (VolumesDeleteCascade:test_volume_from_snapshot_cascade_delete): 200 GET http://10.132.44.209/volume/v3/volumes/f7f5a194-597c-4ca6-85ec-fe057b34242c 0.045s
2026-03-26 11:06:54,560 129489 DEBUG    [tempest.lib.common.rest_client] Request - Headers: {'Content-Type': 'application/json', 'Accept': 'application/json', 'X-Auth-Token': '<omitted>'}
        Body: None
    Response - Headers: {'date': 'Thu, 26 Mar 2026 11:06:54 GMT', 'server': 'Apache/2.4.58 (Ubuntu)', 'content-type': 'application/json', 'x-compute-request-id': 'req-e8eb34a9-132f-4cb8-9c54-1bad3ac859d8', 'content-length': '846', 'openstack-api-version': 'volume 3.0', 'vary': 'OpenStack-API-Version', 'x-openstack-request-id': 'req-e8eb34a9-132f-4cb8-9c54-1bad3ac859d8', 'connection': 'close', 'status': '200', 'content-location': 'http://10.132.44.209/volume/v3/volumes/f7f5a194-597c-4ca6-85ec-fe057b34242c'}
        Body: b'{"volume": {"id": "f7f5a194-597c-4ca6-85ec-fe057b34242c", "status": "deleting", "size": 1, "availability_zone": "nova", "created_at": "2026-03-26T11:03:47.000000", "updated_at": "2026-03-26T11:03:50.000000", "name": "tempest-VolumesDeleteCascade-Volume-308554469", "description": null, "volume_type": "arcusfc1", "snapshot_id": null, "source_volid": null, "metadata": {}, "links": [{"rel": "self", "href": "http://10.132.44.209/volume/v3/volumes/f7f5a194-597c-4ca6-85ec-fe057b34242c"}, {"rel": "bookmark", "href": "http://10.132.44.209/volume/volumes/f7f5a194-597c-4ca6-85ec-fe057b34242c"}], "user_id": "0495918e1ed64bbb937615df1f938f30", "bootable": "false", "encrypted": false, "replication_status": null, "consistencygroup_id": null, "multiattach": false, "attachments": [], "os-vol-tenant-attr:tenant_id": "f92c30465503415cbc00028e1055323b"}}'
2026-03-26 11:06:55,617 129489 INFO     [tempest.lib.common.rest_client] Request (VolumesDeleteCascade:test_volume_from_snapshot_cascade_delete): 200 GET http://10.132.44.209/volume/v3/volumes/f7f5a194-597c-4ca6-85ec-fe057b34242c 0.048s
2026-03-26 11:06:55,617 129489 DEBUG    [tempest.lib.common.rest_client] Request - Headers: {'Content-Type': 'application/json', 'Accept': 'application/json', 'X-Auth-Token': '<omitted>'}
        Body: None
    Response - Headers: {'date': 'Thu, 26 Mar 2026 11:06:55 GMT', 'server': 'Apache/2.4.58 (Ubuntu)', 'content-type': 'application/json', 'x-compute-request-id': 'req-43e15cdb-248c-418f-8620-93cf6779b464', 'content-length': '846', 'openstack-api-version': 'volume 3.0', 'vary': 'OpenStack-API-Version', 'x-openstack-request-id': 'req-43e15cdb-248c-418f-8620-93cf6779b464', 'connection': 'close', 'status': '200', 'content-location': 'http://10.132.44.209/volume/v3/volumes/f7f5a194-597c-4ca6-85ec-fe057b34242c'}
        Body: b'{"volume": {"id": "f7f5a194-597c-4ca6-85ec-fe057b34242c", "status": "deleting", "size": 1, "availability_zone": "nova", "created_at": "2026-03-26T11:03:47.000000", "updated_at": "2026-03-26T11:03:50.000000", "name": "tempest-VolumesDeleteCascade-Volume-308554469", "description": null, "volume_type": "arcusfc1", "snapshot_id": null, "source_v
    olid": null, "metadata": {}, "links": [{"rel": "self", "href": "http://10.132.44.209/volume/v3/volumes/f7f5a194-597c-4ca6-85ec-fe057b34242c"}, {"rel": "bookmark", "href": "http://10.132.44.209/volume/volumes/f7f5a194-597c-4ca6-85ec-fe057b34242c"}], "user_id": "0495918e1ed64bbb937615df1f938f30", "bootable": "false", "encrypted": false, "replication_status": null, "consistencygroup_id": null, "multiattach": false, "attachments": [], "os-vol-tenant-attr:tenant_id": "f92c30465503415cbc00028e1055323b"}}'
2026-03-26 11:06:56,664 129489 INFO     [tempest.lib.common.rest_client] Request (VolumesDeleteCascade:test_volume_from_snapshot_cascade_delete): 200 GET http://10.132.44.209/volume/v3/volumes/f7f5a194-597c-4ca6-85ec-fe057b34242c 0.038s
2026-03-26 11:06:56,664 129489 DEBUG    [tempest.lib.common.rest_client] Request - Headers: {'Content-Type': 'application/json', 'Accept': 'application/json', 'X-Auth-Token': '<omitted>'}
        Body: None
    Response - Headers: {'date': 'Thu, 26 Mar 2026 11:06:56 GMT', 'server': 'Apache/2.4.58 (Ubuntu)', 'content-type': 'application/json', 'x-compute-request-id': 'req-a6216183-736c-4c68-9bdf-6afbc61ee8e2', 'content-length': '846', 'openstack-api-version': 'volume 3.0', 'vary': 'OpenStack-API-Version', 'x-openstack-request-id': 'req-a6216183-736c-4c68-9bdf-6afbc61ee8e2', 'connection': 'close', 'status': '200', 'content-location': 'http://10.132.44.209/volume/v3/volumes/f7f5a194-597c-4ca6-85ec-fe057b34242c'}
        Body: b'{"volume": {"id": "f7f5a194-597c-4ca6-85ec-fe057b34242c", "status": "deleting", "size": 1, "availability_zone": "nova", "created_at": "2026-03-26T11:03:47.000000", "updated_at": "2026-03-26T11:03:50.000000", "name": "tempest-VolumesDeleteCascade-Volume-308554469", "description": null, "volume_type": "arcusfc1", "snapshot_id": null, "source_volid": null, "metadata": {}, "links": [{"rel": "self", "href": "http://10.132.44.209/volume/v3/volumes/f7f5a194-597c-4ca6-85ec-fe057b34242c"}, {"rel": "bookmark", "href": "http://10.132.44.209/volume/volumes/f7f5a194-597c-4ca6-85ec-fe057b34242c"}], "user_id": "0495918e1ed64bbb937615df1f938f30", "bootable": "false", "encrypted": false, "replication_status": null, "consistencygroup_id": null, "multiattach": false, "attachments": [], "os-vol-tenant-attr:tenant_id": "f92c30465503415cbc00028e1055323b"}}'
2026-03-26 11:06:57,709 129489 INFO     [tempest.lib.common.rest_client] Request (VolumesDeleteCascade:test_volume_from_snapshot_cascade_delete): 200 GET http://10.132.44.209/volume/v3/volumes/f7f5a194-597c-4ca6-85ec-fe057b34242c 0.036s
2026-03-26 11:06:57,710 129489 DEBUG    [tempest.lib.common.rest_client] Request - Headers: {'Content-Type': 'application/json', 'Accept': 'application/json', 'X-Auth-Token': '<omitted>'}
        Body: None
    Response - Headers: {'date': 'Thu, 26 Mar 2026 11:06:57 GMT', 'server': 'Apache/2.4.58 (Ubuntu)', 'content-type': 'application/json', 'x-compute-request-id': 'req-40c815a1-b0c2-4094-a392-f3a21589a16c', 'content-length': '846', 'openstack-api-version': 'volume 3.0', 'vary': 'OpenStack-API-Version', 'x-openstack-request-id': 'req-40c815a1-b0c2-4094-a392-f3a21589a16c', 'connection': 'close', 'status': '200', 'content-location': 'http://10.132.44.209/volume/v3/volumes/f7f5a194-597c-4ca6-85ec-fe057b34242c'}
        Body: b'{"volume": {"id": "f7f5a194-597c-4ca6-85ec-fe057b34242c", "status": "deleting", "size": 1, "availability_zone": "nova", "created_at": "2026-03-26T11:03:47.000000", "updated_at": "2026-03-26T11:03:50.000000", "name": "tempest-VolumesDeleteCascade-Volume-308554469", "description": null, "volume_type": "arcusfc1", "snapshot_id": null, "source_volid": null, "metadata": {}, "links": [{"rel": "self", "href": "http://10.132.44.209/volume/v3/volumes/f7f5a194-597c-4ca6-85ec-fe057b34242c"}, {"rel": "bookmark", "href": "http://10.132.44.209/volume/volumes/f7f5a194-597c-4ca6-85ec-fe057b34242c"}], "user_id": "0495918e1ed64bbb937615df1f938f30", "bootable": "false", "encrypted": false, "replication_status": null, "consistencygroup_id": null, "multiattach": false, "attachments": [], "os-vol-tenant-attr:t
    enant_id": "f92c30465503415cbc00028e1055323b"}}'
2026-03-26 11:06:58,775 129489 INFO     [tempest.lib.common.rest_client] Request (VolumesDeleteCascade:test_volume_from_snapshot_cascade_delete): 200 GET http://10.132.44.209/volume/v3/volumes/f7f5a194-597c-4ca6-85ec-fe057b34242c 0.049s
2026-03-26 11:06:58,776 129489 DEBUG    [tempest.lib.common.rest_client] Request - Headers: {'Content-Type': 'application/json', 'Accept': 'application/json', 'X-Auth-Token': '<omitted>'}
        Body: None
    Response - Headers: {'date': 'Thu, 26 Mar 2026 11:06:58 GMT', 'server': 'Apache/2.4.58 (Ubuntu)', 'content-type': 'application/json', 'x-compute-request-id': 'req-6ff13023-c88e-411f-b902-cc68099aa7a3', 'content-length': '846', 'openstack-api-version': 'volume 3.0', 'vary': 'OpenStack-API-Version', 'x-openstack-request-id': 'req-6ff13023-c88e-411f-b902-cc68099aa7a3', 'connection': 'close', 'status': '200', 'content-location': 'http://10.132.44.209/volume/v3/volumes/f7f5a194-597c-4ca6-85ec-fe057b34242c'}
        Body: b'{"volume": {"id": "f7f5a194-597c-4ca6-85ec-fe057b34242c", "status": "deleting", "size": 1, "availability_zone": "nova", "created_at": "2026-03-26T11:03:47.000000", "updated_at": "2026-03-26T11:03:50.000000", "name": "tempest-VolumesDeleteCascade-Volume-308554469", "description": null, "volume_type": "arcusfc1", "snapshot_id": null, "source_volid": null, "metadata": {}, "links": [{"rel": "self", "href": "http://10.132.44.209/volume/v3/volumes/f7f5a194-597c-4ca6-85ec-fe057b34242c"}, {"rel": "bookmark", "href": "http://10.132.44.209/volume/volumes/f7f5a194-597c-4ca6-85ec-fe057b34242c"}], "user_id": "0495918e1ed64bbb937615df1f938f30", "bootable": "false", "encrypted": false, "replication_status": null, "consistencygroup_id": null, "multiattach": false, "attachments": [], "os-vol-tenant-attr:tenant_id": "f92c30465503415cbc00028e1055323b"}}'
2026-03-26 11:06:59,825 129489 INFO     [tempest.lib.common.rest_client] Request (VolumesDeleteCascade:test_volume_from_snapshot_cascade_delete): 200 GET http://10.132.44.209/volume/v3/volumes/f7f5a194-597c-4ca6-85ec-fe057b34242c 0.037s
2026-03-26 11:06:59,826 129489 DEBUG    [tempest.lib.common.rest_client] Request - Headers: {'Content-Type': 'application/json', 'Accept': 'application/json', 'X-Auth-Token': '<omitted>'}
        Body: None
    Response - Headers: {'date': 'Thu, 26 Mar 2026 11:06:59 GMT', 'server': 'Apache/2.4.58 (Ubuntu)', 'content-type': 'application/json', 'x-compute-request-id': 'req-f9e06585-3a98-4d6b-8a48-b9132dbc05b1', 'content-length': '846', 'openstack-api-version': 'volume 3.0', 'vary': 'OpenStack-API-Version', 'x-openstack-request-id': 'req-f9e06585-3a98-4d6b-8a48-b9132dbc05b1', 'connection': 'close', 'status': '200', 'content-location': 'http://10.132.44.209/volume/v3/volumes/f7f5a194-597c-4ca6-85ec-fe057b34242c'}
        Body: b'{"volume": {"id": "f7f5a194-597c-4ca6-85ec-fe057b34242c", "status": "deleting", "size": 1, "availability_zone": "nova", "created_at": "2026-03-26T11:03:47.000000", "updated_at": "2026-03-26T11:03:50.000000", "name": "tempest-VolumesDeleteCascade-Volume-308554469", "description": null, "volume_type": "arcusfc1", "snapshot_id": null, "source_volid": null, "metadata": {}, "links": [{"rel": "self", "href": "http://10.132.44.209/volume/v3/volumes/f7f5a194-597c-4ca6-85ec-fe057b34242c"}, {"rel": "bookmark", "href": "http://10.132.44.209/volume/volumes/f7f5a194-597c-4ca6-85ec-fe057b34242c"}], "user_id": "0495918e1ed64bbb937615df1f938f30", "bootable": "false", "encrypted": false, "replication_status": null, "consistencygroup_id": null, "multiattach": false, "attachments": [], "os-vol-tenant-attr:tenant_id": "f92c30465503415cbc00028e1055323b"}}'
2026-03-26 11:07:00,879 129489 INFO     [tempest.lib.common.rest_client] Request (VolumesDeleteCascade:test_volume_from_snapshot_cascade_delete): 200 GET http://10.132.44.209/volume/v3/volumes/f7f5a194-597c-4ca6-85ec-fe057b34242c 0.038s
2026-03-26 11:07:00,880 129489 DEBUG    [tempest.lib.common.rest_client] Request - Headers: {'Content-Type': 'application/json', 'Accept': 'application/json', 'X-Auth-Tok
    en': '<omitted>'}
        Body: None
    Response - Headers: {'date': 'Thu, 26 Mar 2026 11:07:00 GMT', 'server': 'Apache/2.4.58 (Ubuntu)', 'content-type': 'application/json', 'x-compute-request-id': 'req-df64c12c-ba31-4c14-8047-2791b3ccac81', 'content-length': '846', 'openstack-api-version': 'volume 3.0', 'vary': 'OpenStack-API-Version', 'x-openstack-request-id': 'req-df64c12c-ba31-4c14-8047-2791b3ccac81', 'connection': 'close', 'status': '200', 'content-location': 'http://10.132.44.209/volume/v3/volumes/f7f5a194-597c-4ca6-85ec-fe057b34242c'}
        Body: b'{"volume": {"id": "f7f5a194-597c-4ca6-85ec-fe057b34242c", "status": "deleting", "size": 1, "availability_zone": "nova", "created_at": "2026-03-26T11:03:47.000000", "updated_at": "2026-03-26T11:03:50.000000", "name": "tempest-VolumesDeleteCascade-Volume-308554469", "description": null, "volume_type": "arcusfc1", "snapshot_id": null, "source_volid": null, "metadata": {}, "links": [{"rel": "self", "href": "http://10.132.44.209/volume/v3/volumes/f7f5a194-597c-4ca6-85ec-fe057b34242c"}, {"rel": "bookmark", "href": "http://10.132.44.209/volume/volumes/f7f5a194-597c-4ca6-85ec-fe057b34242c"}], "user_id": "0495918e1ed64bbb937615df1f938f30", "bootable": "false", "encrypted": false, "replication_status": null, "consistencygroup_id": null, "multiattach": false, "attachments": [], "os-vol-tenant-attr:tenant_id": "f92c30465503415cbc00028e1055323b"}}'
2026-03-26 11:07:01,929 129489 INFO     [tempest.lib.common.rest_client] Request (VolumesDeleteCascade:test_volume_from_snapshot_cascade_delete): 200 GET http://10.132.44.209/volume/v3/volumes/f7f5a194-597c-4ca6-85ec-fe057b34242c 0.036s
2026-03-26 11:07:01,930 129489 DEBUG    [tempest.lib.common.rest_client] Request - Headers: {'Content-Type': 'application/json', 'Accept': 'application/json', 'X-Auth-Token': '<omitted>'}
        Body: None
    Response - Headers: {'date': 'Thu, 26 Mar 2026 11:07:01 GMT', 'server': 'Apache/2.4.58 (Ubuntu)', 'content-type': 'application/json', 'x-compute-request-id': 'req-3e8a7d57-0cab-4e59-8a03-fce1a82b61d2', 'content-length': '846', 'openstack-api-version': 'volume 3.0', 'vary': 'OpenStack-API-Version', 'x-openstack-request-id': 'req-3e8a7d57-0cab-4e59-8a03-fce1a82b61d2', 'connection': 'close', 'status': '200', 'content-location': 'http://10.132.44.209/volume/v3/volumes/f7f5a194-597c-4ca6-85ec-fe057b34242c'}
        Body: b'{"volume": {"id": "f7f5a194-597c-4ca6-85ec-fe057b34242c", "status": "deleting", "size": 1, "availability_zone": "nova", "created_at": "2026-03-26T11:03:47.000000", "updated_at": "2026-03-26T11:03:50.000000", "name": "tempest-VolumesDeleteCascade-Volume-308554469", "description": null, "volume_type": "arcusfc1", "snapshot_id": null, "source_volid": null, "metadata": {}, "links": [{"rel": "self", "href": "http://10.132.44.209/volume/v3/volumes/f7f5a194-597c-4ca6-85ec-fe057b34242c"}, {"rel": "bookmark", "href": "http://10.132.44.209/volume/volumes/f7f5a194-597c-4ca6-85ec-fe057b34242c"}], "user_id": "0495918e1ed64bbb937615df1f938f30", "bootable": "false", "encrypted": false, "replication_status": null, "consistencygroup_id": null, "multiattach": false, "attachments": [], "os-vol-tenant-attr:tenant_id": "f92c30465503415cbc00028e1055323b"}}'
2026-03-26 11:07:02,987 129489 INFO     [tempest.lib.common.rest_client] Request (VolumesDeleteCascade:test_volume_from_snapshot_cascade_delete): 200 GET http://10.132.44.209/volume/v3/volumes/f7f5a194-597c-4ca6-85ec-fe057b34242c 0.041s
2026-03-26 11:07:02,987 129489 DEBUG    [tempest.lib.common.rest_client] Request - Headers: {'Content-Type': 'application/json', 'Accept': 'application/json', 'X-Auth-Token': '<omitted>'}
        Body: None
    Response - Headers: {'date': 'Thu, 26 Mar 2026 11:07:02 GMT', 'server': 'Apache/2.4.58 (Ubuntu)', 'content-type': 'application/json', 'x-compute-request-id': 'req-c591705f-6cea-45f2-a839-ec5cc7c23838', 'content-length': '846', 'openstack-api-version': 'volume 3.0', 'vary': 'OpenStack-API-Version', 'x-openstack-request-id': 'req-c591705f-6cea-45f2-a839-ec5cc7c23838', 'connection': 'close', 'status': '200', 'conte
    nt-location': 'http://10.132.44.209/volume/v3/volumes/f7f5a194-597c-4ca6-85ec-fe057b34242c'}
        Body: b'{"volume": {"id": "f7f5a194-597c-4ca6-85ec-fe057b34242c", "status": "deleting", "size": 1, "availability_zone": "nova", "created_at": "2026-03-26T11:03:47.000000", "updated_at": "2026-03-26T11:03:50.000000", "name": "tempest-VolumesDeleteCascade-Volume-308554469", "description": null, "volume_type": "arcusfc1", "snapshot_id": null, "source_volid": null, "metadata": {}, "links": [{"rel": "self", "href": "http://10.132.44.209/volume/v3/volumes/f7f5a194-597c-4ca6-85ec-fe057b34242c"}, {"rel": "bookmark", "href": "http://10.132.44.209/volume/volumes/f7f5a194-597c-4ca6-85ec-fe057b34242c"}], "user_id": "0495918e1ed64bbb937615df1f938f30", "bootable": "false", "encrypted": false, "replication_status": null, "consistencygroup_id": null, "multiattach": false, "attachments": [], "os-vol-tenant-attr:tenant_id": "f92c30465503415cbc00028e1055323b"}}'
2026-03-26 11:07:04,037 129489 INFO     [tempest.lib.common.rest_client] Request (VolumesDeleteCascade:test_volume_from_snapshot_cascade_delete): 200 GET http://10.132.44.209/volume/v3/volumes/f7f5a194-597c-4ca6-85ec-fe057b34242c 0.039s
2026-03-26 11:07:04,037 129489 DEBUG    [tempest.lib.common.rest_client] Request - Headers: {'Content-Type': 'application/json', 'Accept': 'application/json', 'X-Auth-Token': '<omitted>'}
        Body: None
    Response - Headers: {'date': 'Thu, 26 Mar 2026 11:07:04 GMT', 'server': 'Apache/2.4.58 (Ubuntu)', 'content-type': 'application/json', 'x-compute-request-id': 'req-95156c9d-0d9f-407d-8127-bf79b7176b47', 'content-length': '846', 'openstack-api-version': 'volume 3.0', 'vary': 'OpenStack-API-Version', 'x-openstack-request-id': 'req-95156c9d-0d9f-407d-8127-bf79b7176b47', 'connection': 'close', 'status': '200', 'content-location': 'http://10.132.44.209/volume/v3/volumes/f7f5a194-597c-4ca6-85ec-fe057b34242c'}
        Body: b'{"volume": {"id": "f7f5a194-597c-4ca6-85ec-fe057b34242c", "status": "deleting", "size": 1, "availability_zone": "nova", "created_at": "2026-03-26T11:03:47.000000", "updated_at": "2026-03-26T11:03:50.000000", "name": "tempest-VolumesDeleteCascade-Volume-308554469", "description": null, "volume_type": "arcusfc1", "snapshot_id": null, "source_volid": null, "metadata": {}, "links": [{"rel": "self", "href": "http://10.132.44.209/volume/v3/volumes/f7f5a194-597c-4ca6-85ec-fe057b34242c"}, {"rel": "bookmark", "href": "http://10.132.44.209/volume/volumes/f7f5a194-597c-4ca6-85ec-fe057b34242c"}], "user_id": "0495918e1ed64bbb937615df1f938f30", "bootable": "false", "encrypted": false, "replication_status": null, "consistencygroup_id": null, "multiattach": false, "attachments": [], "os-vol-tenant-attr:tenant_id": "f92c30465503415cbc00028e1055323b"}}'
2026-03-26 11:07:05,085 129489 INFO     [tempest.lib.common.rest_client] Request (VolumesDeleteCascade:test_volume_from_snapshot_cascade_delete): 200 GET http://10.132.44.209/volume/v3/volumes/f7f5a194-597c-4ca6-85ec-fe057b34242c 0.034s
2026-03-26 11:07:05,085 129489 DEBUG    [tempest.lib.common.rest_client] Request - Headers: {'Content-Type': 'application/json', 'Accept': 'application/json', 'X-Auth-Token': '<omitted>'}
        Body: None
    Response - Headers: {'date': 'Thu, 26 Mar 2026 11:07:05 GMT', 'server': 'Apache/2.4.58 (Ubuntu)', 'content-type': 'application/json', 'x-compute-request-id': 'req-95f23b23-eeb5-40d9-816c-2f637522e9bc', 'content-length': '846', 'openstack-api-version': 'volume 3.0', 'vary': 'OpenStack-API-Version', 'x-openstack-request-id': 'req-95f23b23-eeb5-40d9-816c-2f637522e9bc', 'connection': 'close', 'status': '200', 'content-location': 'http://10.132.44.209/volume/v3/volumes/f7f5a194-597c-4ca6-85ec-fe057b34242c'}
        Body: b'{"volume": {"id": "f7f5a194-597c-4ca6-85ec-fe057b34242c", "status": "deleting", "size": 1, "availability_zone": "nova", "created_at": "2026-03-26T11:03:47.000000", "updated_at": "2026-03-26T11:03:50.000000", "name": "tempest-VolumesDeleteCascade-Volume-308554469", "description": null, "volume_type": "arcusfc1", "snapshot_id": null, "source_volid
    ": null, "metadata": {}, "links": [{"rel": "self", "href": "http://10.132.44.209/volume/v3/volumes/f7f5a194-597c-4ca6-85ec-fe057b34242c"}, {"rel": "bookmark", "href": "http://10.132.44.209/volume/volumes/f7f5a194-597c-4ca6-85ec-fe057b34242c"}], "user_id": "0495918e1ed64bbb937615df1f938f30", "bootable": "false", "encrypted": false, "replication_status": null, "consistencygroup_id": null, "multiattach": false, "attachments": [], "os-vol-tenant-attr:tenant_id": "f92c30465503415cbc00028e1055323b"}}'
2026-03-26 11:07:06,140 129489 INFO     [tempest.lib.common.rest_client] Request (VolumesDeleteCascade:test_volume_from_snapshot_cascade_delete): 200 GET http://10.132.44.209/volume/v3/volumes/f7f5a194-597c-4ca6-85ec-fe057b34242c 0.048s
2026-03-26 11:07:06,140 129489 DEBUG    [tempest.lib.common.rest_client] Request - Headers: {'Content-Type': 'application/json', 'Accept': 'application/json', 'X-Auth-Token': '<omitted>'}
        Body: None
    Response - Headers: {'date': 'Thu, 26 Mar 2026 11:07:06 GMT', 'server': 'Apache/2.4.58 (Ubuntu)', 'content-type': 'application/json', 'x-compute-request-id': 'req-fb740328-8d88-4819-a786-145a59065e99', 'content-length': '846', 'openstack-api-version': 'volume 3.0', 'vary': 'OpenStack-API-Version', 'x-openstack-request-id': 'req-fb740328-8d88-4819-a786-145a59065e99', 'connection': 'close', 'status': '200', 'content-location': 'http://10.132.44.209/volume/v3/volumes/f7f5a194-597c-4ca6-85ec-fe057b34242c'}
        Body: b'{"volume": {"id": "f7f5a194-597c-4ca6-85ec-fe057b34242c", "status": "deleting", "size": 1, "availability_zone": "nova", "created_at": "2026-03-26T11:03:47.000000", "updated_at": "2026-03-26T11:03:50.000000", "name": "tempest-VolumesDeleteCascade-Volume-308554469", "description": null, "volume_type": "arcusfc1", "snapshot_id": null, "source_volid": null, "metadata": {}, "links": [{"rel": "self", "href": "http://10.132.44.209/volume/v3/volumes/f7f5a194-597c-4ca6-85ec-fe057b34242c"}, {"rel": "bookmark", "href": "http://10.132.44.209/volume/volumes/f7f5a194-597c-4ca6-85ec-fe057b34242c"}], "user_id": "0495918e1ed64bbb937615df1f938f30", "bootable": "false", "encrypted": false, "replication_status": null, "consistencygroup_id": null, "multiattach": false, "attachments": [], "os-vol-tenant-attr:tenant_id": "f92c30465503415cbc00028e1055323b"}}'
2026-03-26 11:07:06,186 129489 INFO     [tempest.lib.common.rest_client] Request (VolumesDeleteCascade:_run_cleanups): 200 GET http://10.132.44.209/volume/v3/volumes/409beb63-f57c-4c9f-a81f-82caefc91184 0.030s
2026-03-26 11:07:06,187 129489 DEBUG    [tempest.lib.common.rest_client] Request - Headers: {'Content-Type': 'application/json', 'Accept': 'application/json', 'X-Auth-Token': '<omitted>'}
        Body: None
    Response - Headers: {'date': 'Thu, 26 Mar 2026 11:07:06 GMT', 'server': 'Apache/2.4.58 (Ubuntu)', 'content-type': 'application/json', 'x-compute-request-id': 'req-e426b311-d06d-4698-a345-441b0fce3c0e', 'content-length': '881', 'openstack-api-version': 'volume 3.0', 'vary': 'OpenStack-API-Version', 'x-openstack-request-id': 'req-e426b311-d06d-4698-a345-441b0fce3c0e', 'connection': 'close', 'status': '200', 'content-location': 'http://10.132.44.209/volume/v3/volumes/409beb63-f57c-4c9f-a81f-82caefc91184'}
        Body: b'{"volume": {"id": "409beb63-f57c-4c9f-a81f-82caefc91184", "status": "available", "size": 1, "availability_zone": "nova", "created_at": "2026-03-26T11:03:49.000000", "updated_at": "2026-03-26T11:03:49.000000", "name": "tempest-VolumesDeleteCascade-Volume-573187491", "description": null, "volume_type": "arcusfc1", "snapshot_id": "5045a836-d2ea-443a-aeec-28aa38bccf15", "source_volid": null, "metadata": {}, "links": [{"rel": "self", "href": "http://10.132.44.209/volume/v3/volumes/409beb63-f57c-4c9f-a81f-82caefc91184"}, {"rel": "bookmark", "href": "http://10.132.44.209/volume/volumes/409beb63-f57c-4c9f-a81f-82caefc91184"}], "user_id": "0495918e1ed64bbb937615df1f938f30", "bootable": "false", "encrypted": false, "replication_status": null, "consistencygroup_id": null, "multiattach": false, "attachments": [], "os-vol-tenant-at
    tr:tenant_id": "f92c30465503415cbc00028e1055323b"}}'
2026-03-26 11:07:06,237 129489 INFO     [tempest.lib.common.rest_client] Request (VolumesDeleteCascade:_run_cleanups): 202 DELETE http://10.132.44.209/volume/v3/volumes/409beb63-f57c-4c9f-a81f-82caefc91184 0.043s
2026-03-26 11:07:06,237 129489 DEBUG    [tempest.lib.common.rest_client] Request - Headers: {'Content-Type': 'application/json', 'Accept': 'application/json', 'X-Auth-Token': '<omitted>'}
        Body: None
    Response - Headers: {'date': 'Thu, 26 Mar 2026 11:07:06 GMT', 'server': 'Apache/2.4.58 (Ubuntu)', 'content-length': '0', 'content-type': 'text/html; charset=UTF-8', 'openstack-api-version': 'volume 3.0', 'vary': 'OpenStack-API-Version', 'x-openstack-request-id': 'req-3de0eb01-dffc-4905-b528-3cac8b72c572', 'connection': 'close', 'status': '202', 'content-location': 'http://10.132.44.209/volume/v3/volumes/409beb63-f57c-4c9f-a81f-82caefc91184'}
        Body: b''
2026-03-26 11:07:06,273 129489 INFO     [tempest.lib.common.rest_client] Request (VolumesDeleteCascade:_run_cleanups): 200 GET http://10.132.44.209/volume/v3/volumes/409beb63-f57c-4c9f-a81f-82caefc91184 0.035s
2026-03-26 11:07:06,273 129489 DEBUG    [tempest.lib.common.rest_client] Request - Headers: {'Content-Type': 'application/json', 'Accept': 'application/json', 'X-Auth-Token': '<omitted>'}
        Body: None
    Response - Headers: {'date': 'Thu, 26 Mar 2026 11:07:06 GMT', 'server': 'Apache/2.4.58 (Ubuntu)', 'content-type': 'application/json', 'x-compute-request-id': 'req-499de161-391c-4763-b52b-ac152546fa91', 'content-length': '880', 'openstack-api-version': 'volume 3.0', 'vary': 'OpenStack-API-Version', 'x-openstack-request-id': 'req-499de161-391c-4763-b52b-ac152546fa91', 'connection': 'close', 'status': '200', 'content-location': 'http://10.132.44.209/volume/v3/volumes/409beb63-f57c-4c9f-a81f-82caefc91184'}
        Body: b'{"volume": {"id": "409beb63-f57c-4c9f-a81f-82caefc91184", "status": "deleting", "size": 1, "availability_zone": "nova", "created_at": "2026-03-26T11:03:49.000000", "updated_at": "2026-03-26T11:07:06.000000", "name": "tempest-VolumesDeleteCascade-Volume-573187491", "description": null, "volume_type": "arcusfc1", "snapshot_id": "5045a836-d2ea-443a-aeec-28aa38bccf15", "source_volid": null, "metadata": {}, "links": [{"rel": "self", "href": "http://10.132.44.209/volume/v3/volumes/409beb63-f57c-4c9f-a81f-82caefc91184"}, {"rel": "bookmark", "href": "http://10.132.44.209/volume/volumes/409beb63-f57c-4c9f-a81f-82caefc91184"}], "user_id": "0495918e1ed64bbb937615df1f938f30", "bootable": "false", "encrypted": false, "replication_status": null, "consistencygroup_id": null, "multiattach": false, "attachments": [], "os-vol-tenant-attr:tenant_id": "f92c30465503415cbc00028e1055323b"}}'
2026-03-26 11:07:07,311 129489 INFO     [tempest.lib.common.rest_client] Request (VolumesDeleteCascade:_run_cleanups): 404 GET http://10.132.44.209/volume/v3/volumes/409beb63-f57c-4c9f-a81f-82caefc91184 0.028s
2026-03-26 11:07:07,312 129489 DEBUG    [tempest.lib.common.rest_client] Request - Headers: {'Content-Type': 'application/json', 'Accept': 'application/json', 'X-Auth-Token': '<omitted>'}
        Body: None
    Response - Headers: {'date': 'Thu, 26 Mar 2026 11:07:07 GMT', 'server': 'Apache/2.4.58 (Ubuntu)', 'openstack-api-version': 'volume 3.0', 'vary': 'OpenStack-API-Version', 'content-length': '109', 'content-type': 'application/json', 'x-compute-request-id': 'req-7630daa6-5f21-4809-a6ef-4ca437333f1d', 'x-openstack-request-id': 'req-7630daa6-5f21-4809-a6ef-4ca437333f1d', 'connection': 'close', 'status': '404', 'content-location': 'http://10.132.44.209/volume/v3/volumes/409beb63-f57c-4c9f-a81f-82caefc91184'}
        Body: b'{"itemNotFound": {"code": 404, "message": "Volume 409beb63-f57c-4c9f-a81f-82caefc91184 could not be found."}}'
2026-03-26 11:07:07,355 129489 INFO     [tempest.lib.common.rest_client] Request (VolumesDeleteCascade:_run_cleanups): 400 DELETE http://10.132.44.209/volume/v3/snapshots/5045a836-d2ea-443a-aeec-28aa38bccf15 0.043s
2026-03-26 11:07:07,356 129489 DEBUG    [tempest.lib.comm
    on.rest_client] Request - Headers: {'Content-Type': 'application/json', 'Accept': 'application/json', 'X-Auth-Token': '<omitted>'}
        Body: None
    Response - Headers: {'date': 'Thu, 26 Mar 2026 11:07:07 GMT', 'server': 'Apache/2.4.58 (Ubuntu)', 'openstack-api-version': 'volume 3.0', 'vary': 'OpenStack-API-Version', 'content-length': '137', 'content-type': 'application/json', 'x-compute-request-id': 'req-602731e5-d51e-48e5-9260-910c0b67673f', 'x-openstack-request-id': 'req-602731e5-d51e-48e5-9260-910c0b67673f', 'connection': 'close', 'status': '400', 'content-location': 'http://10.132.44.209/volume/v3/snapshots/5045a836-d2ea-443a-aeec-28aa38bccf15'}
        Body: b'{"badRequest": {"code": 400, "message": "Invalid snapshot: Snapshot status must be available or error and must not be part of a group."}}'
2026-03-26 11:07:07,395 129489 INFO     [tempest.lib.common.rest_client] Request (VolumesDeleteCascade:_run_cleanups): 200 GET http://10.132.44.209/volume/v3/volumes/f7f5a194-597c-4ca6-85ec-fe057b34242c 0.037s
2026-03-26 11:07:07,396 129489 DEBUG    [tempest.lib.common.rest_client] Request - Headers: {'Content-Type': 'application/json', 'Accept': 'application/json', 'X-Auth-Token': '<omitted>'}
        Body: None
    Response - Headers: {'date': 'Thu, 26 Mar 2026 11:07:07 GMT', 'server': 'Apache/2.4.58 (Ubuntu)', 'content-type': 'application/json', 'x-compute-request-id': 'req-5442a927-123b-4618-90b7-3872d3a7ecfc', 'content-length': '846', 'openstack-api-version': 'volume 3.0', 'vary': 'OpenStack-API-Version', 'x-openstack-request-id': 'req-5442a927-123b-4618-90b7-3872d3a7ecfc', 'connection': 'close', 'status': '200', 'content-location': 'http://10.132.44.209/volume/v3/volumes/f7f5a194-597c-4ca6-85ec-fe057b34242c'}
        Body: b'{"volume": {"id": "f7f5a194-597c-4ca6-85ec-fe057b34242c", "status": "deleting", "size": 1, "availability_zone": "nova", "created_at": "2026-03-26T11:03:47.000000", "updated_at": "2026-03-26T11:03:50.000000", "name": "tempest-VolumesDeleteCascade-Volume-308554469", "description": null, "volume_type": "arcusfc1", "snapshot_id": null, "source_volid": null, "metadata": {}, "links": [{"rel": "self", "href": "http://10.132.44.209/volume/v3/volumes/f7f5a194-597c-4ca6-85ec-fe057b34242c"}, {"rel": "bookmark", "href": "http://10.132.44.209/volume/volumes/f7f5a194-597c-4ca6-85ec-fe057b34242c"}], "user_id": "0495918e1ed64bbb937615df1f938f30", "bootable": "false", "encrypted": false, "replication_status": null, "consistencygroup_id": null, "multiattach": false, "attachments": [], "os-vol-tenant-attr:tenant_id": "f92c30465503415cbc00028e1055323b"}}'
2026-03-26 11:07:07,438 129489 INFO     [tempest.lib.common.rest_client] Request (VolumesDeleteCascade:_run_cleanups): 400 DELETE http://10.132.44.209/volume/v3/volumes/f7f5a194-597c-4ca6-85ec-fe057b34242c 0.028s
2026-03-26 11:07:07,438 129489 DEBUG    [tempest.lib.common.rest_client] Request - Headers: {'Content-Type': 'application/json', 'Accept': 'application/json', 'X-Auth-Token': '<omitted>'}
        Body: None
    Response - Headers: {'date': 'Thu, 26 Mar 2026 11:07:07 GMT', 'server': 'Apache/2.4.58 (Ubuntu)', 'openstack-api-version': 'volume 3.0', 'vary': 'OpenStack-API-Version', 'content-length': '307', 'content-type': 'application/json', 'x-compute-request-id': 'req-41306093-47d9-4106-856b-a3bb248354be', 'x-openstack-request-id': 'req-41306093-47d9-4106-856b-a3bb248354be', 'connection': 'close', 'status': '400', 'content-location': 'http://10.132.44.209/volume/v3/volumes/f7f5a194-597c-4ca6-85ec-fe057b34242c'}
        Body: b'{"badRequest": {"code": 400, "message": "Invalid volume: Volume status must be available or error or error_restoring or error_extending or error_managing and must not be migrating, attached, belong to a group, have snapshots, awaiting a transfer, or be disassociated from snapshots after volume transfer."}}'



======
Totals
======
Ran: 203 tests in 580.1701 sec.
 - Passed: 195
 - Skipped: 7
 - Expected Fail: 0
 - Unexpected Success: 0
 - Failed: 1
Sum of execute time for each test: 391.9496 sec.

==============
Worker Balance
==============
 - Worker 0 (203 tests) => 0:09:40.170056
