"pcp-dstat 6.2.0 CSV Output"
"Author:","PCP team <pcp@groups.io> and Dag Wieers <dag@wieers.com>",,,,"URL:","https://pcp.io/ and http://dag.wieers.com/home-made/dstat/"
"Host:","ubuntu",,,,"User:","ubuntu"
"Cmdline:","dstat -tcmndrylpg --tcp --output /tmp/devstack_logs/dstat-csv.log",,,,"Date:","12 May 2026 07:02:46 UTC"
"system","total usage",,,,,"memory usage",,,,"net/total",,"dsk/total",,"io/total",,"system",,"load avg",,,"procs",,,"paging",,"tcp sockets",,,,
"time","total usage:usr","total usage:sys","total usage:idl","total usage:wai","total usage:stl","used","free","buf","cach","net/total:recv","net/total:send","dsk/total:read","dsk/total:writ","read","writ","int","csw","1m","5m","15m","run","blk","new","in","out","lis","act","syn","tim","clo"
12-05 07:02:46,,939316,1779012,160132,4951932,,,,,,,1.070,0.960,0.590,2,0,,,,10,4,0,16,0
12-05 07:02:47,23.007,23.257,50.266,0,0,953516,1763096,160136,4953604,1719419.132,57938.133,0,60.019,0,4.001,17188,32011,1.220,0.990,0.600,4,0,422.132,0,0,10,2,0,17,0
12-05 07:02:48,67.885,23.211,6.739,0,0,964020,1752556,160136,4954052,2593.610,1455.536,0,87.851,0,8.985,17297,34196,1.220,0.990,0.600,13,0,391.338,0,0,10,2,0,17,0
12-05 07:02:49,37.080,23.393,35.587,0.249,0,951668,1761032,160136,4957816,7342.410,3728.941,0,36230.252,0,62.713,11580,25878,1.220,0.990,0.600,3,0,351.392,0,0,10,4,0,17,0
12-05 07:02:50,22.084,17.818,59.476,0,0,1069960,1629312,160608,5092236,15614.268,2969.271,0,1345.106,0,61.232,5728,5973,1.220,0.990,0.600,2,0,208.793,0,0,11,2,0,12,0
12-05 07:02:51,20.550,10.776,67.664,0,0,1100160,1599076,160620,5092252,2469.978,1407.406,0,48.116,0,5.012,3604,2672,1.220,0.990,0.600,2,0,170.412,0,0,11,4,0,12,0
12-05 07:02:52,29.666,6.980,61.327,0.499,0,1111152,1587740,160736,5092444,136468.718,11441.697,15.955,2201.784,0.997,37.893,3419,2242,1.280,1.010,0.610,3,0,54.845,0,0,11,6,0,12,0
12-05 07:02:53,20.810,11.533,64.686,1.254,0,1125380,1571312,160992,5094296,1076350.656,35807.953,4.012,2775.981,1.003,112.323,6034,4836,1.280,1.010,0.610,1,1,176.507,0,0,11,6,0,13,0
12-05 07:02:54,18.496,3.499,69.236,5.249,0,1153852,1535540,161020,5100984,2463884.943,79834.348,1763.654,143.972,119.976,6.999,6034,3891,1.280,1.010,0.610,1,0,0,0,0,11,6,0,13,0
12-05 07:02:55,24.183,3.241,70.057,0.499,0,1173516,1509684,161164,5106588,2459122.208,77316.681,151.582,1515.818,3.989,6.981,5831,3346,1.280,1.010,0.610,3,0,0,0,0,11,6,0,13,0
12-05 07:02:56,23.003,2.000,72.260,2.250,0,1192532,1486752,161176,5110344,2216336.311,75058.035,148.020,264.035,14.002,6.001,4934,1891,1.280,1.010,0.610,2,0,0,0,0,11,6,0,13,0
12-05 07:02:57,16.505,5.001,68.270,7.502,0,1205384,1466844,162132,5116156,3993.159,1552.450,16.005,28184.178,1.000,2386.692,9987,18646,1.260,1.010,0.610,2,1,37.011,0,0,11,8,0,13,0
12-05 07:02:58,18.737,5.496,63.705,9.993,0,1206456,1460544,163228,5120100,4109.079,1550.898,0,56140.096,0,3668.393,13385,26561,1.260,1.010,0.610,4,0,44.968,0,0,11,8,0,13,0
12-05 07:02:59,19.260,7.754,72.537,0.250,0,1138388,1528584,163232,5120112,5808.981,1606.825,0,848.435,0,30.015,2789,2015,1.260,1.010,0.610,1,0,75.039,0,0,11,6,0,13,0
12-05 07:03:00,22.733,2.748,71.696,0.749,0,1185160,1481712,163332,5120112,4231.788,1496.864,0,6567.015,0,365.722,2457,2750,1.260,1.010,0.610,2,0,0,0,0,11,6,0,13,0
12-05 07:03:01,24.474,1.748,72.923,0,0,1205052,1461804,163348,5120112,4107.675,1550.368,0,111.882,0,12.986,1903,1468,1.260,1.010,0.610,3,0,0,0,0,11,6,0,13,0
12-05 07:03:02,22.746,3.249,72.987,0,0,1203696,1463144,163352,5120124,4231.252,1551.726,0,79.986,0,4.999,1925,1263,1.240,1.010,0.620,2,0,10.998,0,0,11,6,0,13,0
12-05 07:03:03,23.003,3.751,73.011,0,0,1241244,1425596,163352,5120124,4472.644,1552.224,0,4.001,0,1.000,1761,1208,1.240,1.010,0.620,3,0,0,0,0,11,6,0,13,0
12-05 07:03:04,24.560,1.504,73.429,0,0,1242452,1424388,163352,5120124,5940.453,1650.014,0,4639.287,0,50.122,1717,1153,1.240,1.010,0.620,3,0,0,0,0,11,6,0,13,0
12-05 07:03:05,21.047,5.262,72.913,0,0,1216712,1450076,163356,5120140,4350.722,1447.234,0,0,0,0,2348,1506,1.240,1.010,0.620,3,0,58.130,0,0,11,6,0,13,0
12-05 07:03:06,8.480,19.703,69.834,0,0,1208140,1458580,163356,5120176,5732.392,1642.102,0,307.271,0,47.886,5587,4047,1.240,1.010,0.620,4,0,340.192,0,0,11,6,0,13,0
12-05 07:03:07,11.025,21.299,66.652,0,0,1185308,1481244,163360,5120764,4121.399,1555.547,0,192.439,0,9.021,5815,5509,1.300,1.020,0.620,4,0,314.718,0,0,11,6,0,12,0
12-05 07:03:08,22.649,11.449,64.712,0.498,0.249,1158232,1508224,163368,5120392,5421.830,1638.695,0,521.674,0,31.858,4277,5020,1.300,1.020,0.620,1,1,96.570,0,0,11,6,0,12,0
12-05 07:03:09,40.631,9.722,45.367,2.991,0.249,1197500,1461092,163372,5128656,5609.561,1641.190,7681.489,327.042,77.772,9.971,3665,2406,1.300,1.020,0.620,3,0,122.641,0,0,11,7,0,12,0
12-05 07:03:10,47.326,5.538,46.571,0.503,0,1261844,1394432,163416,5130712,671800.697,24193.513,20.139,8329.327,4.028,25.173,3967,2034,1.300,1.020,0.620,3,0,0,0,0,11,7,0,12,0
12-05 07:03:11,70.552,4.986,24.681,0.249,0,1276772,1365176,163972,5143432,21844.608,1429.981,490.621,1308.323,3.989,43.877,3791,1519,1.300,1.020,0.620,4,0,0.997,0,0,11,7,0,11,0
12-05 07:03:12,58.162,18.050,22.813,0.251,0.251,1290320,1356544,164216,5137804,2396.668,1377.833,4.011,1239.448,1.003,39.109,4724,3609,1.440,1.060,0.640,2,1,145.405,0,0,11,5,0,11,0
12-05 07:03:13,48.975,13.176,36.047,0.746,0,1354260,1273372,165264,5153656,2307.029,1073.962,23.866,815.415,4.972,41.765,4521,3568,1.440,1.060,0.640,3,0,162.089,0,0,11,4,0,11,0
12-05 07:03:14,56.489,6.249,33.493,2.749,0,1410972,1212416,165480,5157044,3611.288,971.808,0,6702.679,0,454.910,3402,1671,1.440,1.060,0.640,5,0,22.995,0,0,11,4,0,11,0
12-05 07:03:15,56.655,5.014,37.352,0.501,0,1455308,1166580,165536,5158244,8354.828,3854.532,0,2811.682,0,10.027,3321,1478,1.440,1.060,0.640,3,0,32.088,0,0,11,5,0,11,0
12-05 07:03:16,37.354,4.011,58.412,0.251,0.251,1500828,1119456,165544,5159752,236003.531,12047.412,0,116.323,0,3.008,2744,1399,1.440,1.060,0.640,4,0,1.003,0,0,11,5,0,11,0
12-05 07:03:17,51.316,1.993,46.085,0,0,1523812,1096272,165544,5159952,5479.387,2011.799,0,0,0,0,2735,1107,1.480,1.070,0.640,4,0,0,0,0,11,7,0,11,0
12-05 07:03:18,47.178,5.772,45.170,1.255,0,1489312,1130328,165672,5160264,4253.043,3395.810,0,4151.661,0,348.314,5162,5654,1.480,1.070,0.640,2,0,55.208,0,0,11,7,0,13,0
12-05 07:03:19,37.054,3.730,57.445,0.746,0,1470820,1148812,165676,5160224,18035.371,4147.011,43.768,302.397,2.984,17.905,2593,1592,1.480,1.070,0.640,3,0,3.979,0,0,11,6,0,13,0
12-05 07:03:20,31.316,2.505,59.876,5.512,0,1472048,1146688,165900,5160760,17322.578,9897.900,328.694,1771.741,10.021,33.070,2098,1203,1.480,1.070,0.640,2,0,0,0,0,11,7,0,13,0
12-05 07:03:21,27.744,2.749,67.735,0.750,0,1483480,1134720,166032,5161048,41581.987,16135.503,0,2251.512,0,77.983,2883,2733,1.480,1.070,0.640,3,0,1.000,0,0,11,21,0,13,0
12-05 07:03:22,32.191,2.495,58.642,5.739,0,1494620,1122652,166172,5161540,19771.739,12880.377,267.509,1625.020,65.879,29.945,2712,1924,1.520,1.090,0.650,3,0,2.995,0,0,11,33,0,13,0
12-05 07:03:23,33.328,5.763,59.890,0.752,0,1448132,1168576,166336,5161824,38627.179,12534.262,0,1455.398,0,48.112,2708,1896,1.520,1.090,0.650,4,0,43.101,0,0,11,31,0,14,1
12-05 07:03:24,34.503,3.000,60.756,0.250,0,1483408,1132832,166420,5162100,18155.681,11802.093,0,1196.111,0,40.004,2314,1289,1.520,1.090,0.650,2,0,0,0,0,11,31,0,14,2
12-05 07:03:25,42.824,7.012,49.336,0.250,0,1409752,1188812,166488,5179056,181765.754,18122.481,0,11856.597,0,93.162,4859,11781,1.520,1.090,0.650,1,1,41.071,0,0,11,30,0,16,2
12-05 07:03:26,57.940,13.486,27.971,0.250,0,1477616,1107852,166848,5189552,1810.113,970.988,0,1354.588,0,58.939,4469,2795,1.520,1.090,0.650,4,0,151.842,0,0,11,30,0,16,2
12-05 07:03:27,60.104,6.235,32.920,0,0,1552652,1017044,167068,5203420,8411.524,7324.171,0,1340.736,0,30.925,3721,2154,1.640,1.120,0.660,3,0,0,0,0,11,32,0,15,2
12-05 07:03:28,58.504,5.273,35.153,0.251,0,1560584,1002708,167200,5208904,15404.857,12506.277,0,1514.573,0,63.275,5828,6473,1.640,1.120,0.660,4,0,0,0,0,11,32,0,15,2
12-05 07:03:29,61.277,21.009,16.507,0.750,0,1501768,1040368,167844,5227608,4414.912,2812.218,0,6886.982,0,287.124,6093,6144,1.640,1.120,0.660,5,0,330.143,0,0,11,30,0,16,2
12-05 07:03:30,79.789,20.010,0.250,0,0,1613744,922268,168308,5232208,2916.433,1458.717,0,2705.330,0,67.033,5464,4127,1.640,1.120,0.660,7,0,248.122,0,0,11,30,0,16,2
12-05 07:03:31,89.702,10.494,0.250,0,0,1771272,759796,168416,5236388,2757.512,1699.083,0,1831.012,0,85.954,4956,3047,1.640,1.120,0.660,6,0,0,0,0,11,31,0,16,2
12-05 07:03:32,90.956,8.496,0.250,0,0.250,1867872,642284,168976,5255308,15772.318,14931.727,0,1351.342,0,45.978,5818,4272,1.990,1.200,0.690,8,0,1.000,0,0,11,34,0,16,2
12-05 07:03:33,89.053,7.004,2.501,0.250,0,1895188,606328,169536,5262156,20627.329,22282.319,0,1448.866,0,50.030,7127,7943,1.990,1.200,0.690,3,0,0,0,0,11,36,0,16,2
12-05 07:03:34,88.035,10.225,2.245,0.249,0,1677544,838656,169640,5247236,17464.266,12135.306,0,2011.079,0,78.807,7836,9154,1.990,1.200,0.690,7,0,112.724,0,0,11,29,0,21,0
12-05 07:03:35,44.608,13.783,41.100,0,0,1493456,1022712,169648,5247264,3789.189,2358.720,0,701.702,0,28.068,4388,3627,1.990,1.200,0.690,3,0,216.525,0,0,11,28,0,20,0
12-05 07:03:36,40.016,4.971,53.935,0,0,1514412,996776,169704,5251680,9080.936,4598.131,0,1232.796,0,12.924,2642,1279,1.990,1.200,0.690,3,0,15.907,0,0,11,29,0,20,0
12-05 07:03:37,37.362,4.012,57.171,0.251,0,1508012,1001656,169732,5253000,7800.334,6861.525,0,3783.317,0,86.258,3397,2869,1.910,1.200,0.690,3,0,3.009,0,0,11,29,0,20,0
12-05 07:03:38,36.851,8.523,53.145,0.251,0,1479620,1023696,169972,5257936,10317.223,5472.972,0,1066.919,0,30.082,3797,2699,1.910,1.200,0.690,4,0,85.233,0,0,11,28,0,21,0
12-05 07:03:39,46.003,7.750,44.253,0,0,1491836,1010856,170008,5258396,2538.144,1458.083,0,4.000,0,1.000,10333,17566,1.910,1.200,0.690,3,0,13.001,0,0,11,28,0,21,0
12-05 07:03:40,38.181,7.237,53.153,0,0,1511900,990444,170076,5258656,7888.655,7370.597,0,2196.007,0,17.967,11203,19114,1.910,1.200,0.690,2,0,12.976,0,0,11,29,0,21,0
12-05 07:03:41,33.067,19.039,46.344,0.501,0,1449236,1065780,170112,5247384,4247.598,2647.359,0,1483.002,0,40.081,5506,4697,1.910,1.200,0.690,2,0,324.657,0,0,11,28,0,22,0
12-05 07:03:42,49.126,30.174,20.698,0,0,1433952,1080992,170112,5247456,2411.910,1454.328,0,570.559,0,80.796,5941,4854,1.840,1.200,0.700,6,0,639.386,0,0,11,28,0,22,0
12-05 07:03:43,85.239,14.290,0,0,0,1589432,925508,170112,5247460,2336.562,1353.802,0,661.859,0,29.082,5000,3004,1.840,1.200,0.700,6,0,107.301,0,0,11,28,0,22,0
12-05 07:03:44,88.002,10.500,1.750,0,0,1722944,791988,170120,5247472,10847.204,9957.187,0,208.004,0,14.000,5500,3510,1.840,1.200,0.700,4,0,56.001,0,0,11,31,0,18,0
12-05 07:03:45,74.368,8.485,15.223,0.499,0,1741268,773632,170124,5247668,34844.978,28403.443,0,41789.617,0,768.632,8015,10076,1.840,1.200,0.700,6,0,0,0,0,11,32,0,18,0
12-05 07:03:46,75.776,17.256,6.502,0,0,1561056,953676,170148,5247812,18015.283,15477.398,0,732.255,0,68.024,8328,10904,1.840,1.200,0.700,7,0,262.091,0,0,11,28,0,19,0
12-05 07:03:47,86.612,13.517,0,0,0,1594848,919880,170148,5247816,2421.119,1459.881,0,184.237,0,8.010,5024,3003,2.250,1.290,0.730,6,0,48.062,0,0,11,28,0,19,0
12-05 07:03:48,90.712,9.246,0.250,0,0.250,1739672,775048,170152,5247820,8177.593,7343.941,0,191.920,0,14.994,5139,2766,2.250,1.290,0.730,6,0,0,0,0,11,30,0,18,0
12-05 07:03:49,85.920,8.242,4.496,0,0,1793272,721148,170152,5248120,28506.601,26796.185,0,139.870,0,8.992,6546,7152,2.250,1.290,0.730,5,0,0,0,0,11,34,0,18,0
12-05 07:03:50,83.532,10.754,5.752,0,0,1679648,834660,170172,5248212,30298.776,27696.764,0,380.148,0,37.014,7602,12096,2.250,1.290,0.730,5,0,118.046,0,0,11,30,0,21,1
12-05 07:03:51,65.351,14.467,19.705,0,0,1538268,975888,170172,5248384,8960.519,6875.286,0,2586.089,0,16.961,5160,4669,2.250,1.290,0.730,3,0,179.590,0,0,11,28,0,23,0
12-05 07:03:52,41.763,3.751,53.767,0.250,0,1555692,958456,170176,5248388,6450.071,5376.727,0,112.036,0,8.003,2815,1724,2.230,1.300,0.740,4,0,1.000,0,0,11,29,0,22,0
12-05 07:03:53,34.062,8.015,57.104,0,0,1528296,985812,170184,5248384,10261.689,9162.687,0,292.533,0,26.047,4132,4189,2.230,1.300,0.740,4,0,103.188,0,0,11,29,0,23,0
12-05 07:03:54,69.826,19.271,10.261,0,0,1498668,1015396,170188,5248424,9530.422,8323.101,0,196.215,0,13.014,5955,5479,2.230,1.300,0.740,6,0,228.250,0,0,11,28,0,24,0
12-05 07:03:55,59.263,7.470,32.371,0,0,1546956,967088,170192,5248440,9763.994,9031.919,0,191.236,0,8.964,3754,2058,2.230,1.300,0.740,4,0,48.805,0,0,11,31,0,24,0
12-05 07:03:56,54.642,5.514,38.851,0,0,1550804,963056,170200,5248620,18127.112,16083.801,0,3625.422,0,39.102,6050,7125,2.230,1.300,0.740,0,0,0,0,0,11,31,0,22,0
12-05 07:03:57,57.804,17.767,24.022,0.250,0,1460936,1052864,170212,5248668,10832.127,7415.933,0,604.565,0,63.059,6718,7171,2.130,1.300,0.740,5,0,258.241,0,0,11,28,0,23,0
12-05 07:03:58,89.425,10.741,0,0,0,1560708,953076,170220,5248676,2655.787,1456.786,0,211.824,0,9.992,4695,1536,2.130,1.300,0.740,4,0,0,0,0,11,28,0,23,0
12-05 07:03:59,69.094,6.759,23.532,0,0,1626360,887396,170228,5248696,18683.403,17215.407,0,985.340,0,59.080,4569,3246,2.130,1.300,0.740,5,0,0,0,0,11,32,0,23,0
12-05 07:04:00,64.225,5.248,29.738,0,0,1626896,886640,170232,5248912,30658.868,26137.657,0,387.847,0,43.983,8752,12372,2.130,1.300,0.740,5,0,0,0,0,11,28,0,26,0
12-05 07:04:01,59.462,23.138,15.425,0.249,0,1507892,1005612,170240,5248936,4257.381,1450.973,0,53851.187,0,271.684,5095,3508,2.130,1.300,0.740,4,0,322.438,0,0,11,28,0,26,0
12-05 07:04:02,68.023,7.002,24.758,0,0,1571332,942168,170244,5248936,3634.215,2455.821,0,2588.865,0,99.033,3750,1290,2.200,1.330,0.750,4,0,1.000,0,0,11,29,1,26,0
12-05 07:04:03,47.880,4.763,46.125,0,0,1580956,932508,170244,5248972,19903.008,18897.279,0,601.633,0,37.101,5000,5407,2.200,1.330,0.750,5,0,0,0,0,11,31,0,26,0
12-05 07:04:04,58.130,17.539,23.302,0.251,0,1470668,1042604,170252,5249156,16145.023,12260.355,0,457.020,0,41.092,7264,8164,2.200,1.330,0.750,4,0,261.584,0,0,11,28,0,28,0
12-05 07:04:05,68.252,8.750,22.501,0,0,1533016,980248,170252,5249164,2735.074,1458.039,0,184.005,0,10.000,3636,1518,2.200,1.330,0.750,4,0,38.001,0,0,11,28,0,28,0
12-05 07:04:06,49.992,5.999,42.993,0.250,0,1562044,951068,170256,5249312,17192.338,16273.480,0,29507.431,0,148.977,4782,4518,2.200,1.330,0.750,3,0,0,0,0,11,31,0,28,0
12-05 07:04:07,51.696,15.983,30.718,0,0,1470564,1042412,170264,5249440,16828.504,14572.849,0,303.684,0,29.969,7736,9083,2.190,1.340,0.760,6,0,273.715,0,0,11,28,0,31,0
12-05 07:04:08,64.757,11.251,24.002,0,0,1541084,971884,170268,5249444,2658.269,1458.147,0,148.015,0,7.001,3633,1570,2.190,1.340,0.760,5,0,13.001,0,0,11,28,0,31,0
12-05 07:04:09,53.804,5.255,40.290,0,0,1573640,939308,170272,5249460,15229.280,14319.367,0,380.382,0,24.024,3979,3286,2.190,1.340,0.760,2,0,0,0,0,11,31,0,31,0
12-05 07:04:10,52.462,7.495,38.722,0,0.250,1523716,988896,170280,5249788,16846.641,14303.506,0,359.736,0,38.971,6824,8252,2.190,1.340,0.760,3,0,93.931,0,0,11,28,0,33,0
12-05 07:04:11,64.416,11.235,24.218,0,0,1526960,985648,170284,5249788,2654.533,1456.098,0,966.737,0,12.983,3878,1713,2.190,1.340,0.760,3,0,17.977,0,0,11,28,0,33,0
12-05 07:04:12,54.074,5.257,39.053,0.250,0,1581940,930656,170284,5249800,14495.845,13401.346,0,408.559,0,27.037,4047,2741,2.250,1.370,0.770,3,0,1.001,0,0,11,31,0,33,0
12-05 07:04:13,55.289,10.007,34.525,0.500,0,1553032,959484,170292,5249872,17300.312,15294.885,0,436.311,0,41.029,6666,8387,2.250,1.370,0.770,5,0,160.114,0,0,11,28,0,35,0
12-05 07:04:14,72.698,26.731,0,0,0,1505832,1006640,170292,5249916,2536.181,1456.955,0,203.854,0,19.986,5343,4303,2.250,1.370,0.770,8,0,431.690,0,0,11,28,0,35,0
12-05 07:04:15,82.549,17.510,0,0,0,1649700,862748,170292,5249940,4357.569,1500.885,0,456.269,0,29.017,5249,3915,2.250,1.370,0.770,9,0,278.164,0,0,11,28,0,35,0
12-05 07:04:16,80.782,18.201,0.997,0,0,1758332,754156,170296,5249976,16599.252,17728.209,0,2401.526,0,53.855,5814,4799,2.250,1.370,0.770,6,0,302.185,0,0,11,33,0,35,0
12-05 07:04:17,79.001,18.250,2.000,0,0,1766240,745996,170320,5250204,33286.590,30088.534,0,2556.045,0,158.003,7906,9203,2.630,1.460,0.800,7,0,310.005,0,0,11,32,0,35,0
12-05 07:04:18,81.663,16.982,0.999,0,0,1522092,989984,170340,5250408,21544.027,18743.014,0,291.689,0,28.969,6850,7462,2.630,1.460,0.800,5,0,203.783,0,0,11,29,0,36,0
12-05 07:04:19,85.259,14.544,0.502,0,0,1624292,887760,170340,5250432,4745.443,2773.441,0,292.891,0,20.061,5258,3455,2.630,1.460,0.800,5,0,167.510,0,0,11,28,0,36,0
12-05 07:04:20,83.533,9.504,6.753,0,0,1722752,789280,170340,5250452,17030.823,15815.336,0,0,0,0,5343,3609,2.630,1.460,0.800,5,0,0,0,0,11,32,0,34,0
12-05 07:04:21,75.590,8.233,14.968,0,0,1736280,775524,170344,5250676,36411.853,32109.967,0,151.679,0,15.966,8398,11595,2.630,1.460,0.800,7,0,26.943,0,0,11,32,0,37,0
12-05 07:04:22,48.770,22.259,27.761,0,0,1485848,1025900,170348,5250728,14742.086,13043.385,0,120.050,0,10.004,7206,8301,2.820,1.520,0.830,2,0,508.210,0,0,11,32,0,39,0
12-05 07:04:23,16.284,21.294,61.127,0,0,1469328,1042352,170348,5250796,2483.168,1461.041,0,28.058,0,7.015,5252,4126,2.820,1.520,0.830,4,0,452.943,0,0,11,32,0,39,0
12-05 07:04:24,61.304,32.895,5.482,0,0,1514652,996992,170348,5250832,2589.712,1453.349,0,23.923,0,5.981,5620,4554,2.820,1.520,0.830,5,0,616.028,0,0,11,32,0,38,0
12-05 07:04:25,85.051,10.756,4.753,0,0,1636064,875568,170352,5250840,7463.453,6133.659,0,228.136,0,12.007,5166,7301,2.820,1.520,0.830,4,0,36.021,0,0,11,34,0,39,0
12-05 07:04:26,67.518,5.501,25.757,0,0.250,1652132,859452,170356,5250884,22046.890,21416.722,0,248.066,0,24.006,5331,6245,2.820,1.520,0.830,4,0,0,0,0,11,35,0,40,0
12-05 07:04:27,66.634,17.034,16.032,0.251,0,1524168,987224,170364,5251068,12325.727,9975.012,0,496.997,0,51.103,6449,7186,2.840,1.540,0.840,5,0,229.460,0,0,11,32,0,43,0
12-05 07:04:28,85.350,12.193,2.240,0,0,1571684,939704,170364,5251072,4131.659,3414.019,0,226.938,0,9.953,4676,1907,2.840,1.540,0.840,4,0,38.818,0,0,11,33,0,43,0
12-05 07:04:29,71.486,6.249,21.746,0,0,1614656,896692,170376,5251100,21166.722,18798.201,0,619.875,0,38.992,4561,4293,2.840,1.540,0.840,3,0,0,0,0,11,36,0,41,0
12-05 07:04:30,54.762,5.751,39.509,0,0,1614672,896468,170376,5251308,27982.381,24988.698,0,0,0,0,8007,12150,2.840,1.540,0.840,3,0,0,0,0,11,36,0,41,0
12-05 07:04:31,51.728,5.776,40.429,0,0,1614436,896468,170380,5251540,31760.294,28738.948,0,112.497,0,14.062,10074,14856,2.840,1.540,0.840,3,0,0,0,0,11,35,0,41,0
12-05 07:04:32,77.537,14.507,7.003,0,0,1451264,1059592,170400,5251568,7307.496,5220.497,0,420.201,0,47.022,6201,5591,2.850,1.570,0.850,5,0,121.058,0,0,11,32,0,41,0
12-05 07:04:33,85.690,9.493,4.997,0,0,1588772,922068,170408,5251576,4914.570,3812.339,0,3249.732,0,138.903,4765,1971,2.850,1.570,0.850,4,0,0,0,0,11,33,0,40,0
12-05 07:04:34,68.537,7.254,23.513,0,0,1626528,884280,170408,5251608,22960.260,22260.887,0,172.092,0,10.005,5612,5707,2.850,1.570,0.850,2,0,0,0,0,11,36,0,40,0
12-05 07:04:35,49.479,4.998,43.731,0,0,1626296,884280,170408,5251840,34303.426,29452.487,0,0,0,0,10244,14979,2.850,1.570,0.850,2,0,0,0,0,11,36,0,40,0
12-05 07:04:36,63.539,8.005,28.267,0,0,1586504,923844,170408,5252068,30800.757,27334.646,0,0,0,0,9369,12862,2.850,1.570,0.850,5,0,71.043,0,0,11,32,0,44,0
12-05 07:04:37,79.481,18.745,0.750,0,0,1505344,1004988,170412,5252080,2477.394,1457.643,0,203.950,0,17.996,5087,2957,2.940,1.610,0.870,5,0,188.954,0,0,11,32,0,38,0
12-05 07:04:38,80.727,7.973,10.714,0,0,1619132,891192,170412,5252088,10512.463,10746.672,0,111.623,0,7.973,4447,1892,2.940,1.610,0.870,2,0,0,0,0,11,36,0,38,0
12-05 07:04:39,58.965,6.022,33.873,0,0,1627004,883128,170412,5252280,26749.322,24444.938,0,112.409,0,8.029,7098,9687,2.940,1.610,0.870,2,0,0,0,0,11,36,0,38,0
12-05 07:04:40,70.471,11.704,17.431,0.249,0,1580536,929524,170416,5252348,20368.389,16939.957,0,243.038,0,22.909,7918,10097,2.940,1.610,0.870,6,0,67.732,0,0,11,33,0,40,0
12-05 07:04:41,83.351,11.549,5.272,0,0.753,1518920,991120,170416,5252368,7872.122,6435.076,0,212.896,0,21.089,5083,3931,2.940,1.610,0.870,5,0,60.254,0,0,11,32,1,38,0
12-05 07:04:42,72.418,8.241,18.729,0,0,1609968,899924,170420,5252512,14337.745,13258.968,0,1322.501,0,23.973,4589,3599,2.950,1.630,0.880,6,0,0.999,0,0,11,34,0,39,0
12-05 07:04:43,71.988,11.748,14.998,0,0,1568320,941528,170420,5252556,15038.514,13575.756,0,247.959,0,22.996,5973,5646,2.950,1.630,0.880,4,0,119.980,0,0,11,34,0,40,0
12-05 07:04:44,75.572,9.259,15.265,0,0,1613140,896628,170424,5252616,21630.552,18732.799,0,116.110,0,8.008,6193,8696,2.950,1.630,0.880,3,0,6.006,0,0,11,35,0,40,0
12-05 07:04:45,69.413,9.738,19.975,0,0,1608956,900672,170424,5252796,23248.759,20216.572,0,119.849,0,8.989,6477,7297,2.950,1.630,0.880,6,0,60.923,0,0,11,34,0,42,0
12-05 07:04:46,73.603,12.267,13.018,0,0,1544844,964744,170424,5252836,14993.900,13041.178,0,120.168,0,8.011,6238,6969,2.950,1.630,0.880,4,0,125.174,0,0,11,32,0,44,0
12-05 07:04:47,79.227,11.959,8.471,0,0,1572184,937392,170424,5252848,8891.307,8161.825,0,422.541,0,30.893,4848,2631,3.030,1.670,0.900,5,0,42.852,0,0,11,34,0,44,0
12-05 07:04:48,72.928,9.523,17.042,0,0,1620372,889164,170424,5252888,18249.475,15197.036,0,0,0,0,5686,5660,3.030,1.670,0.900,2,0,34.083,0,0,11,35,0,45,0
12-05 07:04:49,72.506,9.501,17.251,0.250,0,1647872,861612,170432,5252932,17828.417,14786.175,0,3032.241,0,169.013,5952,6371,3.030,1.670,0.900,2,0,34.003,0,0,11,34,0,45,0
12-05 07:04:50,63.039,11.507,24.515,0,0,1563548,945900,170432,5252968,13492.339,11328.001,0,328.203,0,25.015,5236,4699,3.030,1.670,0.900,1,0,139.086,0,0,11,34,0,47,0
12-05 07:04:51,54.201,9.242,36.217,0.250,0,1616560,892800,170440,5253048,10384.586,8239.531,0,343.688,0,35.967,4734,4198,3.030,1.670,0.900,3,0,59.946,0,0,11,32,0,49,0
12-05 07:04:52,60.979,9.247,29.240,0,0,1567548,941804,170440,5253056,7358.471,6093.906,0,147.949,0,7.997,3957,2344,3.030,1.690,0.910,3,0,60.979,0,0,11,33,0,49,0
12-05 07:04:53,54.648,5.739,39.177,0,0,1597936,911100,170444,5253368,12908.932,11860.886,0,203.620,0,12.976,5028,4751,3.030,1.690,0.910,3,0,0,0,0,11,33,0,44,0
12-05 07:04:54,36.077,10.773,52.362,0,0,1531436,977572,170444,5253396,9097.427,6981.910,0,160.342,0,9.019,4606,4291,3.030,1.690,0.910,3,0,139.297,0,0,11,32,0,45,0
12-05 07:04:55,43.014,6.752,49.516,0.250,0,1600236,908768,170444,5253400,7581.409,6097.938,0,112.036,0,7.002,2781,1735,3.030,1.690,0.910,4,0,0,0,0,11,33,0,45,0
12-05 07:04:56,31.231,3.498,64.711,0,0,1595544,913440,170444,5253420,9101.511,7449.507,0,111.932,0,7.995,3736,3901,3.030,1.690,0.910,2,0,0,0,0,11,33,0,45,0
12-05 07:04:57,24.000,6.250,68.251,0,0,1514764,994204,170444,5253436,10553.189,8889.159,0,216.004,0,10.000,3106,2747,2.870,1.680,0.910,4,0,43.001,0,0,11,34,0,44,0
12-05 07:04:58,60.516,5.752,33.509,0,0,1551732,957160,170448,5253508,15830.232,12421.320,0,176.047,0,14.004,5235,5803,2.870,1.680,0.910,4,0,0,0,0,11,33,0,44,1
12-05 07:04:59,41.954,11.737,45.200,0.250,0,1508020,1000844,170456,5253528,10833.068,9239.823,0,343.622,0,29.967,4655,4519,2.870,1.680,0.910,3,0,152.832,0,0,11,33,0,46,0
12-05 07:05:00,40.050,4.005,55.318,0,0,1446268,1062560,170464,5253556,9367.581,7782.622,0,248.307,0,23.028,3739,3997,2.870,1.680,0.910,2,0,0,0,0,11,32,0,47,0
12-05 07:05:01,36.567,8.955,52.487,0,0,1466340,1042480,170468,5253560,7355.170,6215.875,0,167.163,0,8.955,3384,2240,2.870,1.680,0.910,5,0,70.646,0,0,11,33,0,44,0
12-05 07:05:02,37.200,5.742,55.675,0,0,1471424,1037312,170468,5253644,9145.715,7546.863,0,159.785,0,9.987,3659,3352,2.720,1.670,0.910,4,0,34.953,0,0,11,33,0,45,0
12-05 07:05:03,40.702,5.527,53.516,0.251,0,1469016,1039544,170468,5253820,8599.681,7206.767,0,217.077,0,18.090,3667,3643,2.720,1.670,0.910,3,0,0,0,0,11,33,0,45,0
12-05 07:05:04,36.597,9.709,52.779,0,0,1474808,1033732,170468,5253840,8647.830,7159.057,0,2198.803,0,137.425,3897,2722,2.720,1.670,0.910,3,0,103.567,0,0,11,33,0,46,0
12-05 07:05:05,39.546,8.260,51.310,0,0,1499276,1009128,170468,5253976,4441.176,3080.591,0,592.691,0,110.128,3504,2487,2.720,1.670,0.910,3,0,62.072,0,0,11,32,0,45,0
12-05 07:05:06,39.874,4.012,55.422,0,0,1548616,959780,170468,5253984,11187.702,8251.594,0,128.398,0,10.031,2936,2230,2.720,1.670,0.910,2,0,0,0,0,11,33,0,45,0
12-05 07:05:07,34.891,4.735,59.066,0.249,0,1470332,1038036,170472,5254008,12365.472,10859.165,0,227.292,0,19.938,4042,4344,2.820,1.710,0.930,3,0,4.984,0,0,11,33,0,46,0
12-05 07:05:08,40.270,6.253,52.026,0,0,1485668,1022676,170472,5254032,12276.185,7441.749,0,116.058,0,8.004,4327,3901,2.820,1.710,0.930,3,0,43.022,0,0,11,32,0,47,0
12-05 07:05:09,40.355,5.514,54.141,0.251,0,1500512,1007820,170480,5254036,7808.398,6425.786,0,168.440,0,15.039,2944,1901,2.820,1.710,0.930,4,0,0,0,0,11,33,0,47,0
12-05 07:05:10,34.495,3.500,60.491,0,0,1509152,999148,170480,5254068,14135.987,12066.282,0,271.961,0,25.996,4105,4663,2.820,1.710,0.930,3,0,0,0,0,11,33,0,45,0
12-05 07:05:11,37.059,5.759,56.089,0,0,1453052,1055092,170484,5254220,9956.752,8244.042,0,208.330,0,17.027,4650,4763,2.820,1.710,0.930,3,0,5.008,0,0,11,33,0,45,0
12-05 07:05:12,29.885,14.943,54.292,0,0,1451204,1056856,170484,5254304,7867.828,6607.661,0,219.160,0,12.950,4861,3820,2.750,1.720,0.930,3,0,276.938,0,0,11,33,0,46,0
12-05 07:05:13,16.507,2.251,79.785,0.500,0,1444460,1063576,170488,5254324,8618.797,7130.141,0,956.421,0,23.010,3024,3698,2.750,1.720,0.930,3,0,0,0,0,11,32,0,47,0
12-05 07:05:14,21.775,4.005,72.833,0,0.250,1413056,1094976,170492,5254324,2360.700,1459.669,0,140.160,0,8.009,1909,1412,2.750,1.720,0.930,2,0,5.006,0,0,11,32,0,43,0
12-05 07:05:15,18.419,2.240,77.660,0,0,1422684,1085336,170500,5254328,7763.025,6568.254,0,685.002,0,41.817,1979,1816,2.750,1.720,0.930,2,0,0,0,0,11,33,0,43,0
12-05 07:05:16,18.324,2.761,78.318,0.251,0,1417028,1090968,170508,5254344,8899.140,6256.408,0,48.196,0,7.029,2834,3339,2.750,1.720,0.930,4,0,0,0,0,11,33,0,43,0
12-05 07:05:17,13.278,14.781,70.398,0,0,1380580,1127400,170508,5254360,3505.352,2433.103,0,288.605,0,27.057,4582,3586,2.610,1.700,0.930,3,0,261.549,0,0,11,32,0,44,0
12-05 07:05:18,21.457,4.741,73.104,0,0.250,1392712,1115268,170508,5254360,2473.059,1455.093,0,23.952,0,0.998,1962,1355,2.610,1.700,0.930,2,0,22.954,0,0,11,32,0,44,0
12-05 07:05:19,18.501,2.000,78.504,0,0,1413384,1094588,170508,5254368,9506.437,6501.299,0,220.010,0,8.000,1948,1665,2.610,1.700,0.930,3,0,0,0,0,11,33,0,44,0
12-05 07:05:20,19.514,2.001,76.305,0.500,0,1410984,1096960,170508,5254396,9023.512,7223.212,0,1485.072,0,154.111,3463,4100,2.610,1.700,0.930,2,0,0,0,0,11,32,0,45,0
12-05 07:05:21,19.963,6.238,73.114,0,0,1380424,1127516,170508,5254400,2772.841,1455.293,0,7.985,0,1.996,2209,1491,2.610,1.700,0.930,2,0,45.915,0,0,11,32,0,45,0
12-05 07:05:22,18.518,2.753,78.074,0.250,0,1398724,1109212,170508,5254404,7893.483,6507.169,0,264.251,0,15.014,1967,1664,2.480,1.690,0.930,2,0,1.001,0,0,11,33,0,41,0
12-05 07:05:23,19.512,2.001,76.045,0,0.250,1397084,1110808,170508,5254464,9277.496,8336.939,0,452.268,0,59.035,3974,4861,2.480,1.690,0.930,1,0,0,0,0,11,33,0,41,0
12-05 07:05:24,15.771,10.765,72.598,0,0,1363720,1143892,170508,5254744,5525.445,3672.949,0,112.151,0,15.020,4451,4084,2.480,1.690,0.930,1,0,203.274,0,0,11,32,0,41,0
12-05 07:05:25,18.758,22.760,56.775,0.250,0,1372556,1134956,170512,5255452,2796.252,1458.653,0,352.158,0,26.012,6075,6395,2.480,1.690,0.930,14,0,457.205,0,0,11,32,0,43,0
12-05 07:05:26,49.908,7.736,41.174,0.250,0,1454728,1052608,170512,5255016,2593.213,1455.313,35.934,447.175,0.998,7.985,3436,16143,2.480,1.690,0.930,3,0,1.996,0,0,11,32,0,41,0
12-05 07:05:27,41.416,6.487,47.403,3.992,0,1536852,967824,170612,5257460,2592.711,1455.032,435.112,9879.845,16.965,649.675,4881,5970,2.440,1.700,0.940,2,1,22.953,0,0,11,36,0,41,0
12-05 07:05:28,39.954,6.243,40.953,9.988,0,1507504,991512,171168,5262320,4153.199,1456.316,0,27855.798,0,2878.672,13858,24881,2.440,1.700,0.940,2,2,105.878,0,0,11,36,0,41,0
12-05 07:05:29,38.677,9.544,38.928,10.548,0,1547812,948672,172284,5263648,3031.841,1506.879,0,58141.431,0,4457.349,15287,30491,2.440,1.700,0.940,7,1,42.193,0,0,11,36,0,41,0
12-05 07:05:30,45.339,5.260,47.844,0.751,0,1522896,973804,172316,5263404,3067.002,1460.859,0,3518.887,0,288.565,3761,3638,2.440,1.700,0.940,4,0,7.014,0,0,11,32,0,37,0
12-05 07:05:31,45.983,4.248,48.982,0.250,0,1543028,953644,172324,5263424,2865.933,1457.457,0,807.699,0,33.987,2765,1606,2.440,1.700,0.940,3,0,1.000,0,0,11,32,0,37,0
12-05 07:05:32,40.161,7.982,43.903,6.984,0,1538216,957676,172684,5263836,2532.380,1454.771,0,17764.573,0,2367.745,13576,23871,2.410,1.700,0.940,6,1,1.996,0,0,11,34,0,37,0
12-05 07:05:33,35.711,9.739,51.443,2.497,0,1506584,989068,172836,5263916,4179.378,1456.389,0,6440.877,0,773.145,6087,8543,2.410,1.700,0.940,2,0,99.890,0,0,11,32,0,37,0
12-05 07:05:34,23.249,2.500,72.498,0.250,0.250,1471736,1023888,172848,5263932,2417.942,1457.965,0,807.981,0,45.999,1906,1421,2.410,1.700,0.940,2,0,1.000,0,0,11,32,0,37,0
12-05 07:05:35,23.819,3.259,71.708,1.003,0,1509300,986288,172884,5263932,4153.044,1462.241,0,8043.327,0,523.518,2759,3182,2.410,1.700,0.940,1,0,0,0,0,11,32,0,37,0
12-05 07:05:36,21.899,3.982,73.164,0,0,1535808,959756,172884,5263956,2492.548,1451.332,0,27.872,0,3.982,1757,1202,2.410,1.700,0.940,3,0,1.991,0,0,11,32,0,37,0
12-05 07:05:37,22.861,2.763,73.357,0,0,1490672,1004880,172884,5263968,2369.541,1465.136,0,0,0,0,1714,1204,2.300,1.690,0.950,1,0,1.005,0,0,11,32,0,37,0
12-05 07:05:38,22.183,3.489,73.526,0,0,1478288,1017260,172884,5263968,2496.410,1453.580,0,0,0,0,1803,1301,2.300,1.690,0.950,2,0,1.994,0,0,11,32,0,33,0
12-05 07:05:39,23.736,2.499,73.207,0,0,1486008,1009528,172884,5263980,2596.490,1457.152,0,7.995,0,1.999,1647,1097,2.300,1.690,0.950,2,0,0,0,0,11,32,0,33,0
12-05 07:05:40,22.278,3.504,73.344,0,0,1431324,1064212,172884,5263980,2798.575,1459.865,0,0,0,0,1777,1258,2.300,1.690,0.950,2,0,1.001,0,0,11,32,0,33,0
12-05 07:05:41,23.481,2.998,73.192,0,0,1473340,1022196,172884,5263980,2535.990,1456.845,0,0,0,0,1705,1106,2.300,1.690,0.950,2,0,1.998,0,0,11,32,0,33,0
12-05 07:05:42,22.980,2.748,72.938,0.250,0,1444172,1051252,172896,5264064,2415.946,1456.762,0,563.521,0,28.975,1928,1600,2.190,1.680,0.950,2,0,1.998,0,0,11,32,0,31,0
12-05 07:05:43,22.996,2.749,73.486,0,0,1484464,1010960,172896,5264064,2537.534,1499.724,0,35.993,0,4.999,1750,1244,2.190,1.680,0.950,2,0,0,0,0,11,32,0,31,0
12-05 07:05:44,23.434,3.989,71.547,0,0,1511472,983928,172896,5264064,2590.652,1453.876,0,103.706,0,0.997,1889,1270,2.190,1.680,0.950,2,0,7.977,0,0,11,32,0,31,0
12-05 07:05:45,23.632,1.508,73.914,0,0,1462816,1032496,172896,5264152,2750.418,1466.219,0,4.023,0,1.006,1669,1105,2.190,1.680,0.950,1,0,1.006,0,0,11,32,0,31,0
12-05 07:05:46,23.149,3.236,73.180,0,0,1461152,1034128,172904,5264176,2769.872,1545.234,0,139.390,0,31.860,1747,1209,2.190,1.680,0.950,2,0,0,0,0,11,32,0,26,0
12-05 07:05:47,22.001,4.000,73.502,0,0,1445276,1050004,172904,5264176,2658.067,1458.037,0,0,0,0,1801,1334,2.100,1.670,0.950,2,0,1.000,0,0,11,32,0,26,0
12-05 07:05:48,22.340,4.016,71.537,0.502,0,1478416,1016844,172924,5264176,2608.478,1463.881,0,7108.556,0,338.359,2364,2420,2.100,1.670,0.950,2,0,2.008,0,0,11,32,0,26,0
12-05 07:05:49,23.144,2.737,73.164,0.498,0.249,1449212,1046020,172932,5264196,2765.292,1451.330,0,907.828,0,41.808,1771,1260,2.100,1.670,0.950,2,0,0.995,0,0,11,32,0,26,0
12-05 07:05:50,22.229,3.746,73.431,0,0.250,1444512,1050712,172932,5264204,2972.188,1456.622,0,27.974,0,3.996,1730,1255,2.100,1.670,0.950,4,0,0,0,0,11,32,0,21,0
12-05 07:05:51,22.569,3.260,73.474,0,0,1421252,1073944,172932,5264232,2605.946,1462.459,0,4.012,0,1.003,1710,1106,2.100,1.670,0.950,2,0,1.003,0,0,11,32,0,21,0
12-05 07:05:52,21.687,3.988,72.289,0.249,0,1449592,1045604,172936,5264228,2650.275,1453.763,0,450.686,0,30.910,1995,1666,2.010,1.660,0.950,2,0,2.991,0,0,11,32,0,21,0
12-05 07:05:53,24.061,2.506,73.438,0,0,1467844,1027328,172936,5264252,2664.804,1461.732,0,0,0,0,1710,1154,2.010,1.660,0.950,2,0,0,0,0,11,32,0,21,0
12-05 07:05:54,8.515,20.286,69.122,0,0,1419092,1075928,172936,5264400,2782.900,1460.572,0,2612.600,0,263.464,5843,4589,2.010,1.660,0.950,4,0,434.766,0,0,11,32,0,21,0
12-05 07:05:55,9.776,20.806,68.937,0,0,1409160,1085684,172936,5264572,2945.972,1461.956,0,629.704,0,10.027,5503,4127,2.010,1.660,0.950,1,0,359.974,0,0,11,32,0,17,0
12-05 07:05:56,8.469,20.922,68.745,0,0,1411952,1082864,172936,5264596,2790.651,1452.613,0,87.675,0,0.996,5604,4130,2.010,1.660,0.950,3,0,382.581,0,0,11,32,0,17,0
12-05 07:05:57,14.993,12.244,71.465,0,0.250,1418576,1076232,172936,5264600,2853.616,1457.293,0,447.783,0,82.960,3814,2836,1.850,1.630,0.940,2,0,191.907,0,0,11,32,0,17,0
12-05 07:05:58,23.440,2.494,73.314,0,0,1457788,1037020,172936,5264600,2867.719,1508.171,0,0,0,0,1756,1220,1.850,1.630,0.940,2,0,0,0,0,11,32,0,17,0
12-05 07:05:59,23.347,3.515,72.802,0.251,0,1470868,1023916,172936,5264616,4416.292,1464.064,0,2546.548,0,21.087,1878,1219,1.850,1.630,0.940,2,0,2.008,0,0,11,32,0,15,0
12-05 07:06:00,22.256,3.501,73.271,0,0,1462440,1032364,172936,5264596,2998.852,1458.414,0,0,0,0,1775,1230,1.850,1.630,0.940,3,0,1.000,0,0,11,32,0,15,0
12-05 07:06:01,22.994,3.249,73.231,0,0,1514020,980784,172936,5264596,3008.211,1565.590,0,0,0,0,1790,1156,1.850,1.630,0.940,2,0,1.999,0,0,11,32,0,15,0
12-05 07:06:02,23.268,2.752,72.305,0,0,1484952,1009824,172940,5264620,2479.900,1459.118,0,736.564,0,37.028,2060,1668,1.780,1.620,0.940,2,0,2.002,0,0,11,32,0,15,0
12-05 07:06:03,23.165,3.736,72.982,0.249,0,1476320,1018464,172944,5264608,2730.990,1452.675,0,43.839,0,5.978,1844,1384,1.780,1.620,0.940,2,0,0,0,0,11,32,0,12,0
12-05 07:06:04,22.311,3.008,72.949,0,0,1510684,984100,172944,5264608,2725.446,1461.994,0,0,0,0,1767,1145,1.780,1.620,0.940,3,0,2.005,0,0,11,32,0,12,0
12-05 07:06:05,23.818,2.507,73.459,0,0,1479716,1015076,172944,5264600,2889.238,1462.169,0,12.034,0,1.003,1759,1180,1.780,1.620,0.940,1,0,1.003,0,0,11,32,0,12,0
12-05 07:06:06,22.680,2.991,73.024,0,0,1475068,1019724,172944,5264600,2855.150,1453.495,0,0,0,0,1763,1211,1.780,1.620,0.940,2,0,0,0,0,11,32,0,12,0
12-05 07:06:07,22.501,3.250,73.254,0,0,1500044,994728,172944,5264620,2598.141,1458.079,0,20.001,0,1.000,1828,1200,1.720,1.610,0.940,3,0,2.000,0,0,11,32,0,10,0
12-05 07:06:08,22.820,3.511,73.225,0,0,1473600,1021184,172944,5264608,2993.205,1462.498,0,52.160,0,2.006,1809,1266,1.720,1.610,0.940,2,0,1.003,0,0,11,32,0,10,0
12-05 07:06:09,22.691,2.992,73.059,0,0,1473320,1021464,172944,5264608,2591.234,1454.203,0,3.990,0,0.997,1832,1284,1.720,1.610,0.940,2,0,1.995,0,0,11,32,0,10,0
12-05 07:06:10,23.204,2.495,73.354,0,0.250,1422008,1072764,172944,5264620,4492.083,1455.112,0,11.976,0,0.998,1734,1108,1.720,1.610,0.940,2,0,0.998,0,0,11,32,0,10,0
12-05 07:06:11,23.028,3.504,73.088,0,0,1472992,1021804,172944,5264596,2507.013,1459.755,0,0,0,0,1785,1265,1.720,1.610,0.940,2,0,0,0,0,11,32,0,7,0
12-05 07:06:12,22.494,3.749,72.481,0,0,1510992,983792,172948,5264604,2657.317,1457.625,0,359.907,0,26.993,2050,1674,1.660,1.600,0.940,2,1,2.999,0,0,11,32,0,7,0
12-05 07:06:13,23.496,2.250,73.487,0.250,0,1474792,1020052,172948,5264544,2983.477,1457.745,0,331.942,0,62.989,1801,1164,1.660,1.600,0.940,2,0,1.000,0,0,11,32,0,7,0
12-05 07:06:14,23.004,3.251,73.013,0,0.250,1504124,990716,172948,5264548,4398.772,1458.256,0,48.008,0,1.000,1777,1201,1.660,1.600,0.940,2,0,0,0,0,11,32,0,7,0
12-05 07:06:15,22.250,3.750,73.252,0,0,1537460,957380,172948,5264548,2855.060,1500.032,0,4.000,0,1.000,1789,1150,1.660,1.600,0.940,2,0,2.000,0,0,11,32,0,5,0
12-05 07:06:16,23.535,2.253,73.608,0,0,1487800,1006964,172948,5264624,2782.094,1460.149,0,100.147,0,2.003,1741,1085,1.660,1.600,0.940,3,0,1.001,0,0,11,32,0,5,0
12-05 07:06:17,22.699,2.993,73.086,0,0,1497416,997336,172948,5264636,2711.901,1454.728,0,11.973,0,0.998,1752,1201,1.610,1.590,0.940,2,0,0,0,0,11,32,0,5,0
12-05 07:06:18,21.772,3.754,73.073,0,0,1465180,1029592,172948,5264616,4176.200,1513.522,0,188.189,0,29.029,1885,1387,1.610,1.590,0.940,4,0,1.001,0,0,11,32,0,5,0
12-05 07:06:19,23.030,3.254,73.094,0,0,1509100,985672,172948,5264616,2601.334,1459.871,0,12.015,0,1.001,1822,1262,1.610,1.590,0.940,2,0,2.003,0,0,11,32,0,4,0
12-05 07:06:20,22.786,2.504,73.866,0,0,1476388,1018388,172948,5264612,2739.308,1502.363,0,20.032,0,1.002,1738,1144,1.610,1.590,0.940,2,0,1.002,0,0,11,32,0,4,0
12-05 07:06:21,22.438,3.490,73.548,0,0,1508836,985936,172948,5264616,2552.984,1454.004,0,3.989,0,0.997,1763,1310,1.610,1.590,0.940,2,0,0,0,0,11,32,0,4,0
12-05 07:06:22,23.024,3.504,72.577,0.250,0,1483016,1011724,172960,5264636,4058.285,1459.541,0,500.528,0,35.037,1980,1714,1.560,1.580,0.940,2,0,2.002,0,0,11,32,0,4,0
12-05 07:06:23,22.727,3.996,72.676,0,0,1497980,996728,172960,5264668,2485.484,1456.525,0,151.846,0,31.968,1789,1206,1.560,1.580,0.940,2,0,1.998,0,0,11,32,0,3,0
12-05 07:06:24,23.250,2.500,73.500,0,0,1512436,982260,172960,5264680,2619.997,1457.998,0,408.000,0,52.000,1706,1102,1.560,1.580,0.940,3,0,0,0,0,11,32,0,3,0
12-05 07:06:25,11.040,18.818,68.749,0,0,1463296,1031352,172960,5264724,2624.504,1463.299,0,192.698,0,8.029,5153,3824,1.560,1.580,0.940,1,0,363.316,0,0,11,32,0,3,0
12-05 07:06:26,25.418,9.968,63.046,0,0,1490836,1003792,172960,5264740,4171.533,1453.308,0,55.820,0,2.990,3573,13761,1.560,1.580,0.940,2,0,133.569,0,0,11,32,0,4,0
12-05 07:06:27,22.982,2.748,73.692,0,0,1520248,974336,172960,5264752,2503.032,1456.855,0,3.997,0,0.999,1678,1104,1.510,1.570,0.940,2,0,0,0,0,11,32,0,1,0
12-05 07:06:28,23.254,3.251,73.264,0,0,1501276,993064,172960,5264996,2478.466,1458.274,0,152.029,0,3.001,1814,1155,1.510,1.570,0.940,2,0,9.002,0,0,11,32,0,1,0
12-05 07:06:29,22.710,3.244,73.123,0,0,1495356,998984,172960,5264996,2680.337,1455.468,0,131.771,0,29.948,1768,1258,1.510,1.570,0.940,2,0,0,0,0,11,32,0,1,0
12-05 07:06:30,21.325,5.018,72.255,0,0,1441156,1053176,172960,5265004,2804.909,1463.169,0,0,0,0,2092,1312,1.510,1.570,0.940,2,0,57.202,0,0,11,32,0,1,0
12-05 07:06:31,8.994,22.236,67.208,0.250,0,1423796,1070396,172960,5265140,2803.267,1457.099,39.975,111.931,1.999,3.998,5675,4358,1.510,1.570,0.940,2,0,411.745,0,0,11,32,0,1,0
12-05 07:06:32,8.269,22.300,68.154,0,0,1414324,1079840,172960,5265168,5812.136,1461.303,0,200.453,0,5.011,5799,4453,1.390,1.540,0.940,2,0,429.972,0,0,11,32,0,1,0
12-05 07:06:33,8.240,22.222,68.165,0,0,1411148,1082984,172960,5265196,2654.685,1456.181,0,251.686,0,5.993,5949,4533,1.390,1.540,0.940,2,0,444.445,0,0,11,32,0,1,0
12-05 07:06:34,9.005,21.511,68.286,0,0,1403036,1091056,172960,5265220,2626.404,1458.780,0,976.522,0,11.006,5697,4190,1.390,1.540,0.940,1,0,406.217,0,0,11,32,0,1,0
12-05 07:06:35,8.239,22.470,68.408,0,0,1392420,1101652,172960,5265240,2791.251,1456.045,0,1354.181,0,39.946,5757,4267,1.390,1.540,0.940,2,0,416.441,0,0,11,32,0,1,0
12-05 07:06:36,8.749,21.747,67.991,0,0,1388748,1105304,172960,5265260,4277.461,1457.816,0,1011.873,0,10.999,5735,4151,1.390,1.540,0.940,3,0,415.948,0,0,11,32,0,1,0
12-05 07:06:37,8.502,20.005,70.019,0,0,1377612,1116404,172960,5265296,2538.675,1458.388,0,140.037,0,5.001,5705,4294,1.360,1.530,0.940,3,0,397.106,0,0,11,32,0,1,0
12-05 07:06:38,9.000,20.999,69.246,0,0,1378492,1115500,172960,5265320,4217.785,1457.926,0,395.980,0,9.000,5617,4176,1.360,1.530,0.940,1,0,401.980,0,0,11,32,0,1,0
12-05 07:06:39,8.751,21.753,68.510,0,0,1344896,1149068,172960,5265348,2718.385,1458.206,0,140.020,0,13.002,5869,4446,1.360,1.530,0.940,2,0,436.062,0,0,11,32,0,1,0
12-05 07:06:40,8.735,20.216,68.884,0,0,1320616,1173324,172968,5265024,2790.310,1455.554,0,439.262,0,70.881,5495,4197,1.360,1.530,0.940,2,0,345.419,0,0,11,32,0,1,0
12-05 07:06:41,22.084,25.848,51.194,0.251,0,1362736,1131164,172968,5265412,4053.356,1463.545,0,674.556,0,35.133,6521,5600,1.360,1.530,0.940,5,0,577.187,0,0,11,32,0,3,0
12-05 07:06:42,58.261,20.754,20.004,0,0,1486016,1007716,172992,5265556,2538.467,1458.268,0,644.118,0,48.009,5316,4202,1.650,1.590,0.960,5,0,331.061,0,0,11,32,0,7,0
12-05 07:06:43,67.250,8.000,24.250,0,0,1626056,866636,173040,5266332,2598.011,1458.006,16.000,0,1.000,0,3718,1504,1.650,1.590,0.960,4,0,2.000,0,0,11,32,0,7,0
12-05 07:06:44,55.894,8.983,25.452,8.234,0.250,1664380,819064,173568,5274316,4030.333,1455.232,427.187,29024.785,8.983,2129.948,11478,19096,1.650,1.590,0.960,5,0,70.865,0,0,11,38,0,7,0
12-05 07:06:45,43.769,12.255,29.513,12.005,0,1648728,825180,173988,5282916,2738.167,1458.621,0,69893.778,0,5297.257,18498,36692,1.650,1.590,0.960,3,0,157.067,0,0,11,36,0,9,0
12-05 07:06:46,46.375,9.724,29.919,11.220,0,1661284,803508,174364,5291312,2774.502,1547.817,0,62902.011,0,4846.902,16721,33908,1.650,1.590,0.960,2,3,56.846,0,0,11,36,0,9,0
12-05 07:06:47,46.537,9.007,31.025,11.009,0,1671152,785364,174860,5298796,7591.997,6572.192,0,76000.036,0,5616.437,18709,37360,1.760,1.610,0.970,3,1,36.028,0,0,11,37,0,9,0
12-05 07:06:48,44.753,14.501,30.252,8.251,0,1625372,824556,175184,5304792,6907.419,5701.346,0,58639.556,0,4209.255,16316,31451,1.760,1.610,0.970,7,0,203.012,0,0,11,34,0,10,0
12-05 07:06:49,43.858,23.307,23.307,7.268,0,1542848,900284,175284,5311648,4047.964,1461.598,372.918,30487.043,6.015,2429.981,14618,25245,1.760,1.610,0.970,7,0,280.691,0,0,11,34,0,10,0
12-05 07:06:50,49.292,16.514,23.770,9.008,0.250,1580588,860240,175520,5313148,4551.858,3752.180,620.526,47305.098,10.008,3580.035,14333,28007,1.760,1.610,0.970,3,0,125.106,0,0,11,35,0,10,0
12-05 07:06:51,36.938,12.978,38.436,8.486,0,1589540,848172,175648,5316060,9320.386,7496.442,1022.287,46773.642,16.972,3727.755,15400,28681,1.760,1.610,0.970,3,0,142.761,0,0,11,35,0,10,0
12-05 07:06:52,33.305,7.012,46.828,9.015,0,1590536,847948,175876,5315032,11092.478,9569.942,0,48376.586,0,4019.696,17083,32843,2.180,1.700,1.010,5,0,19.032,0,0,11,35,0,10,0
12-05 07:06:53,36.979,8.745,43.725,8.495,0,1516480,920276,176000,5316620,6172.488,4823.256,0,28667.689,0,2921.338,12891,24442,2.180,1.700,1.010,8,1,62.964,0,0,11,34,0,10,0
12-05 07:06:54,39.976,8.245,39.976,9.994,0,1553176,882980,176076,5317128,2476.516,1457.127,0,39660.232,0,3925.647,13701,28000,2.180,1.700,1.010,2,1,26.984,0,0,11,34,0,10,0
12-05 07:06:55,37.223,6.745,44.968,7.994,0,1567932,866640,176212,5318532,7717.423,6562.258,0,34966.731,0,3164.713,12769,24388,2.180,1.700,1.010,8,1,29.978,0,0,11,37,0,10,0
12-05 07:06:56,36.819,7.013,45.836,8.766,0,1566044,866668,176256,5320304,10724.160,9821.463,0,31475.169,0,3094.818,14993,28767,2.180,1.700,1.010,3,0,42.079,0,0,11,37,0,10,0
12-05 07:06:57,33.143,6.977,47.097,8.971,0,1562492,867508,176404,5322780,9926.815,8211.377,0,45141.641,0,3818.619,16549,31660,2.490,1.770,1.030,4,0,41.864,0,0,11,36,0,11,0
12-05 07:06:58,33.798,12.017,41.559,9.764,0,1510348,915900,176468,5326364,2509.548,1568.217,0,43789.905,0,3671.190,14279,27432,2.490,1.770,1.030,5,0,122.173,0,0,11,36,0,11,0
12-05 07:06:59,38.783,8.758,38.533,11.009,0,1548928,874348,176512,5329184,2574.209,1351.160,0,49034.079,0,4131.545,15683,30061,2.490,1.770,1.030,3,0,78.067,0,0,11,36,0,11,0
12-05 07:07:00,34.474,7.245,44.717,11.242,0,1552380,868804,176576,5331156,8743.492,7296.569,0,59024.066,0,4848.391,16925,34154,2.490,1.770,1.030,3,1,56.958,0,0,11,37,0,11,0
12-05 07:07:01,33.035,6.757,48.551,8.509,0,1556572,865780,176608,5329940,13319.107,10429.046,0,35165.244,0,3312.508,16383,30971,2.490,1.770,1.030,4,0,21.022,0,0,11,37,0,11,0
12-05 07:07:02,34.748,8.999,44.497,9.749,0,1534528,890448,176672,5327248,8538.424,6425.567,0,52396.467,0,4230.715,16970,32636,2.770,1.840,1.060,1,1,42.997,0,0,11,36,0,11,0
12-05 07:07:03,43.213,5.960,44.455,3.974,0,1584480,840460,176684,5327264,2759.683,1448.387,0,30565.130,0,2151.718,8283,14849,2.770,1.840,1.060,2,0,26.822,0,0,11,34,0,13,0
12-05 07:07:04,22.850,11.802,64.533,0,0,1461076,963820,176684,5327308,4370.155,3765.505,0,903.962,0,49.216,3695,2704,2.770,1.840,1.060,1,0,212.933,0,0,11,33,0,13,0
12-05 07:07:05,19.769,3.003,75.074,0.500,0,1457220,967660,176684,5327324,12103.930,8649.525,0,6334.243,0,370.365,3743,4931,2.770,1.840,1.060,1,0,0,0,0,11,33,0,13,0
12-05 07:07:06,17.712,2.245,78.081,0,0,1447740,976856,176684,5327608,11927.186,9639.138,0,0,0,0,4257,5366,2.770,1.840,1.060,2,0,0,0,0,11,33,0,13,0
12-05 07:07:07,18.800,6.267,73.948,0,0,1386512,1038072,176684,5327620,5647.089,4311.521,0,8.021,0,1.003,3060,2791,2.630,1.830,1.060,1,0,55.147,0,0,11,32,0,14,0
12-05 07:07:08,23.371,2.735,73.347,0,0,1411896,1012688,176684,5327620,2848.337,1450.026,0,0,0,0,1690,1116,2.630,1.830,1.060,3,0,0,0,0,11,32,0,14,0
12-05 07:07:09,18.054,1.755,78.232,0.251,0,1420076,1004412,176684,5327716,8683.773,7156.239,0,192.572,0,14.042,2369,2426,2.630,1.830,1.060,2,0,0,0,0,11,33,0,14,0
12-05 07:07:10,19.501,5.000,75.256,0,0.250,1385724,1038752,176684,5327728,6263.467,4578.341,0,4.000,0,1.000,2823,2697,2.630,1.830,1.060,2,0,34.003,0,0,11,32,0,15,0
12-05 07:07:11,22.938,2.493,72.802,0,0,1417976,1006496,176684,5327732,2869.202,1507.902,0,99.729,0,8.976,1828,1444,2.630,1.830,1.060,2,0,0,0,0,11,32,0,15,0
12-05 07:07:12,15.289,2.005,81.209,0,0,1423852,1000488,176684,5327864,8917.927,7371.953,0,312.804,0,21.054,1897,1756,2.500,1.820,1.060,3,0,1.003,0,0,11,33,0,15,0
12-05 07:07:13,19.578,6.777,73.542,0.251,0,1415848,1008484,176684,5327872,3559.153,2404.561,0,261.038,0,22.088,2877,2536,2.500,1.820,1.060,3,0,60.240,0,0,11,32,0,16,0
12-05 07:07:14,22.905,2.988,73.445,0,0,1450412,973920,176684,5327872,2647.020,1451.977,0,35.851,0,3.983,1693,1023,2.500,1.820,1.060,3,0,0,0,0,11,32,0,16,0
12-05 07:07:15,16.820,2.008,80.085,0,0,1447864,976460,176684,5327880,10094.242,8477.477,0,4330.121,0,37.155,2472,2623,2.500,1.820,1.060,2,0,0,0,0,11,33,0,16,0
12-05 07:07:16,18.423,4.979,74.938,0,0,1400192,1023980,176684,5328032,5975.117,4746.235,0,0,0,0,3038,2929,2.500,1.820,1.060,2,0,42.822,0,0,11,32,0,17,0
12-05 07:07:17,23.006,2.751,73.270,0,0,1431048,993120,176684,5328036,2154.587,1134.309,0,1224.334,0,144.039,1758,1169,2.370,1.800,1.060,2,0,0,0,0,11,32,0,17,0
12-05 07:07:18,18.298,1.755,79.708,0,0,1427628,996536,176684,5328040,8198.373,6877.931,0,0,0,0,1866,1589,2.370,1.800,1.060,3,0,0,0,0,11,33,0,17,0
12-05 07:07:19,16.993,2.999,78.218,0.250,0,1402236,1021908,176684,5328060,7561.888,6026.520,0,331.863,0,15.993,3509,4090,2.370,1.800,1.060,2,0,16.993,0,0,11,32,0,18,0
12-05 07:07:20,8.253,22.509,68.026,0,0,1400916,1023060,176684,5328228,2051.790,1134.437,0,184.071,0,10.004,5776,4229,2.370,1.800,1.060,3,0,431.166,0,0,11,32,0,18,0
12-05 07:07:21,39.371,20.682,39.122,0.249,0,1432024,991756,176684,5328424,2463.913,1010.683,0,817.318,0,66.781,5823,4885,2.370,1.800,1.060,4,0,348.855,0,0,11,32,0,24,0
12-05 07:07:22,67.895,7.988,23.713,0,0,1555132,868276,176696,5328784,6484.013,1024.422,0,934.561,0,43.932,4030,1955,2.430,1.820,1.070,4,0,3.994,0,0,11,32,0,24,0
12-05 07:07:23,69.018,6.252,23.506,0.250,0,1684984,736312,176732,5330696,5981.550,1080.280,0,1240.321,0,31.008,3847,1442,2.430,1.820,1.070,4,0,0,0,0,11,32,0,24,0
12-05 07:07:24,69.254,6.750,23.501,0,0.250,1791044,627448,176824,5333104,5532.340,972.060,0,4416.271,0,128.008,4096,1755,2.430,1.820,1.070,4,0,6.000,0,0,11,32,0,24,0
12-05 07:07:25,49.478,7.535,34.409,6.028,0,1804968,605048,176908,5341132,7383.057,976.504,0,41736.524,0,3017.921,13532,23970,2.430,1.820,1.070,2,2,108.500,0,0,11,38,0,24,0
12-05 07:07:26,40.745,12.748,33.746,9.499,0,1838532,561452,176984,5350708,5905.301,1025.879,0,80374.491,0,5964.294,21550,52968,2.430,1.820,1.070,3,1,230.973,0,0,11,38,0,25,0
12-05 07:07:27,32.770,9.256,42.527,11.757,0,1834284,557208,177028,5358852,5023.131,1164.726,0,79525.567,0,6420.001,22589,46123,2.710,1.890,1.100,6,0,183.114,0,0,11,38,0,25,0
12-05 07:07:28,46.974,9.745,31.233,10.494,0,1719596,663284,177076,5367160,4989.207,971.456,0,72575.374,0,5436.957,19508,38301,2.710,1.890,1.100,8,0,178.900,0,0,11,36,0,25,0
12-05 07:07:29,43.996,12.999,29.748,10.999,0,1760168,615532,177136,5374024,2891.763,971.920,0,69394.322,0,5193.575,18496,36674,2.710,1.890,1.100,4,0,153.987,0,0,11,36,0,24,0
12-05 07:07:30,45.409,10.728,30.439,9.730,0,1776712,588952,177160,5383672,2424.117,970.046,0,72090.789,0,4852.226,17060,33075,2.710,1.890,1.100,6,0,0.998,0,0,11,36,0,24,0
12-05 07:07:31,41.100,9.774,35.085,11.027,0,1812076,546760,177184,5390208,2095.078,1082.624,0,75851.859,0,5515.369,19089,37771,2.710,1.890,1.100,4,0,50.121,0,0,11,36,0,24,0
12-05 07:07:32,50.493,9.749,26.746,9.749,0,1761196,593020,177196,5394672,3505.485,1067.843,0,68757.891,0,5267.226,18434,36733,2.740,1.910,1.110,8,1,128.981,0,0,11,36,0,24,0
12-05 07:07:33,38.518,13.256,45.271,1.751,0,1480660,873348,177196,5394868,1752.803,972.445,0,14198.503,0,927.425,6095,7005,2.740,1.910,1.110,2,0,260.119,0,0,11,32,0,24,0
12-05 07:07:34,21.699,4.988,72.829,0.249,0,1500484,853512,177196,5394880,1688.039,969.725,0,1408.695,0,87.794,2297,1963,2.740,1.910,1.110,2,0,32.923,0,0,11,32,0,24,0
12-05 07:07:35,23.014,3.502,72.293,0.500,0,1533908,820088,177196,5394880,1950.166,972.581,0,4874.914,0,280.167,2195,2189,2.740,1.910,1.110,2,0,0,0,0,11,32,0,24,0
12-05 07:07:36,23.234,2.498,72.700,0,0,1565232,788760,177196,5394884,1912.694,1133.226,0,27.981,0,3.997,1792,1360,2.740,1.910,1.110,2,0,1.999,0,0,11,36,0,24,0
12-05 07:07:37,22.690,3.740,72.807,0,0,1501624,852364,177196,5394888,1687.531,969.433,0,151.599,0,11.968,2395,1893,2.520,1.880,1.100,2,0,26.929,0,0,11,32,0,24,0
12-05 07:07:38,23.323,3.260,72.979,0.251,0,1493036,860948,177196,5394892,1757.509,975.056,0,36.113,0,4.013,1744,1249,2.520,1.880,1.100,2,0,1.003,0,0,11,32,0,24,0
12-05 07:07:39,22.684,2.742,73.036,0,0,1517076,836908,177196,5394892,1746.892,969.166,0,3.988,0,0.997,1648,1102,2.520,1.880,1.100,2,0,0,0,0,11,32,0,24,0
12-05 07:07:40,23.703,2.994,72.854,0,0,1543188,810796,177196,5394892,2004.994,970.062,0,247.505,0,19.960,1931,1545,2.520,1.880,1.100,2,0,1.996,0,0,11,34,0,24,0
12-05 07:07:41,16.625,23.427,59.448,0,0,1470300,883640,177196,5394920,1886.226,979.387,0,217.641,0,14.106,5083,4260,2.520,1.880,1.100,2,0,506.822,0,0,11,32,0,22,0
12-05 07:07:42,12.428,35.046,50.704,0,0.249,1454216,899668,177196,5394972,2141.512,1127.425,0,302.237,0,24.855,7027,6363,2.470,1.880,1.100,4,0,809.281,0,0,11,32,0,22,0
12-05 07:07:43,8.042,22.868,68.102,0,0.251,1444672,909152,177196,5395032,1881.719,977.046,0,96.498,0,11.057,5518,3885,2.470,1.880,1.100,2,0,398.056,0,0,11,32,0,22,0
12-05 07:07:44,8.750,20.749,68.747,0,0,1440632,913144,177196,5395068,1931.911,971.955,0,267.988,0,57.997,5594,4205,2.470,1.880,1.100,2,0,370.983,0,0,11,32,0,22,0
12-05 07:07:45,9.995,21.239,68.216,0,0,1398100,955660,177196,5395092,1888.055,971.514,0,39.980,0,9.995,5434,3966,2.470,1.880,1.100,2,0,317.841,0,0,11,32,0,16,0
12-05 07:07:46,19.455,17.460,61.609,0,0,1389092,964592,177196,5395544,2089.202,1131.402,0,19.954,0,4.989,6005,7154,2.470,1.880,1.100,2,0,212.512,0,0,11,32,0,16,0
12-05 07:07:47,39.242,10.998,48.240,0,0,1451396,902268,177200,5395604,2115.579,1065.788,0,3.999,0,1.000,3911,2944,2.360,1.870,1.100,3,0,130.974,0,0,11,33,0,16,0
12-05 07:07:48,47.021,3.752,48.772,0.250,0,1487124,866232,177204,5395868,3613.610,972.433,0,360.160,0,3.001,2558,1101,2.360,1.870,1.100,3,0,0,0,0,11,33,0,16,0
12-05 07:07:49,43.043,8.008,48.549,0,0,1564484,788868,177204,5395868,2114.123,972.977,0,1369.375,0,201.202,2776,1297,2.360,1.870,1.100,6,0,0,0,0,11,33,0,15,0
12-05 07:07:50,48.428,3.245,47.929,0,0,1612176,740764,177220,5396264,2167.786,1132.321,103.846,886.685,0.999,52.922,3720,3127,2.360,1.870,1.100,3,0,16.975,0,0,11,49,0,15,0
12-05 07:07:51,45.747,5.250,47.747,0.250,0,1658316,692888,177276,5397616,1871.875,971.935,0,1571.895,0,80.995,3036,1621,2.360,1.870,1.100,3,0,2.000,0,0,11,49,0,15,0
12-05 07:07:52,26.742,15.245,57.483,0,0,1668080,680556,177280,5400112,2051.384,971.708,0,271.918,0,12.996,5944,9146,2.330,1.870,1.110,3,0,190.943,0,0,11,48,0,15,0
12-05 07:07:53,17.515,18.016,63.305,0,0,1686084,662492,177280,5400560,2113.828,972.841,0,896.775,0,6.005,6148,7613,2.330,1.870,1.110,2,0,276.239,0,0,11,48,0,15,0
12-05 07:07:54,7.753,3.251,87.029,0,0,1678028,670556,177280,5400128,2034.667,1134.372,0,0,0,0,1818,1784,2.330,1.870,1.110,2,0,29.010,0,0,11,48,0,15,0
12-05 07:07:55,1.000,0.750,97.717,0,0,1677900,670556,177280,5400256,2452.169,1295.561,0,0,0,0,708,924,2.330,1.870,1.110,1,0,2.999,0,0,11,48,0,15,0
12-05 07:07:56,0.500,0.750,97.448,0,0,1677896,670556,177280,5400256,2818.492,1619.134,0,1775.050,0,11.994,785,996,2.330,1.870,1.110,1,0,2.998,0,0,11,48,0,15,0
12-05 07:07:57,0.750,1.000,98.286,0,0,1677892,670556,177280,5400260,4381.591,1620.588,0,8.003,0,2.001,688,962,2.140,1.840,1.100,1,0,1.000,0,0,11,48,0,14,0
12-05 07:07:58,4.515,5.016,89.293,0.251,0,1671044,677408,177280,5400252,2708.899,1625.340,0,188.620,0,2.007,2280,2208,2.140,1.840,1.100,2,0,92.303,0,0,11,48,0,14,0
12-05 07:07:59,23.413,15.194,60.028,0,0,1683796,664560,177280,5400360,2690.050,1614.030,0,0,0,0,5251,7160,2.140,1.840,1.100,3,0,195.278,0,0,11,48,0,14,0
12-05 07:08:00,16.054,17.810,64.468,0.251,0,1675312,672984,177296,5400312,3260.005,1846.232,0,1039.509,0,73.247,6287,6487,2.140,1.840,1.100,2,0,294.996,0,0,12,64,1,14,0
12-05 07:08:01,18.175,16.184,64.983,0,0,1683236,665008,177296,5400776,3220.767,1953.972,0,51.787,0,4.980,5493,5681,2.140,1.840,1.100,2,0,229.059,0,0,12,64,1,14,0
12-05 07:08:02,18.224,11.983,67.654,0,0.250,1681564,666664,177296,5400316,2636.267,1691.605,0,706.999,0,82.883,5225,6335,2.050,1.820,1.100,1,0,139.802,0,0,12,64,1,14,0
12-05 07:08:03,6.033,9.049,83.456,0,0,1690096,658104,177296,5400348,2612.274,1540.417,0,265.451,0,13.071,2789,2659,2.050,1.820,1.100,3,0,172.945,0,0,12,64,1,14,0
12-05 07:08:04,19.667,15.683,62.983,0,0,1695340,652844,177296,5400808,2587.021,1525.526,0,91.611,0,7.966,6111,7512,2.050,1.820,1.100,4,0,208.117,0,0,14,64,1,14,0
12-05 07:08:05,13.553,14.306,71.027,0.251,0,1695936,652036,177296,5400528,2968.595,1742.807,0,5164.171,0,365.427,4908,4226,2.050,1.820,1.100,1,0,276.078,0,0,14,66,1,15,0
12-05 07:08:06,9.006,21.014,68.796,0,0,1666472,681464,177296,5400564,2539.706,1458.980,0,28.019,0,7.005,5461,3971,2.050,1.820,1.100,1,0,328.220,0,0,14,66,1,13,0
12-05 07:08:07,17.143,16.646,65.094,0,0,1659320,688604,177296,5400920,2522.273,1522.507,0,15.901,0,3.975,5752,5963,1.960,1.810,1.100,4,0,204.723,0,0,14,66,1,13,0
12-05 07:08:08,26.048,19.536,52.847,0,0,1697624,650268,177308,5400596,2783.122,1460.688,0,228.420,0,9.017,5443,4792,1.960,1.810,1.100,3,0,295.544,0,0,14,66,1,13,0
12-05 07:08:09,30.253,23.502,45.255,0,0,1767096,580712,177308,5400644,2940.294,1620.162,0,336.034,0,8.001,5798,4288,1.960,1.810,1.100,3,0,382.038,0,0,14,66,1,13,0
12-05 07:08:10,29.616,24.094,45.176,0.251,0,1807396,539968,177364,5400984,2926.416,1463.710,0,618.412,0,34.133,6306,5008,1.960,1.810,1.100,2,0,450.758,0,0,14,66,1,12,0
12-05 07:08:11,31.749,23.999,42.999,0.250,0,1871300,474852,177384,5402140,2777.938,1621.964,8.000,415.991,1.000,15.000,6322,7110,1.960,1.810,1.100,2,0,384.991,0,0,14,70,1,14,0
12-05 07:08:12,39.803,19.155,40.051,0,0,1931948,414148,177384,5402600,3104.604,1612.006,0,115.428,0,6.965,6150,6657,1.970,1.810,1.100,3,0,199.013,0,0,14,70,1,14,0
12-05 07:08:13,60.966,21.325,17.562,0,0,1983632,362404,177396,5402656,2607.221,1463.175,0,0,0,0,4552,2989,1.970,1.810,1.100,5,0,248.880,0,0,14,70,1,14,0
12-05 07:08:14,65.619,23.703,9.731,0,0,2110936,234708,177400,5403000,2832.348,1455.096,0,1173.658,0,12.974,5490,4060,1.970,1.810,1.100,4,0,338.325,0,0,14,70,1,12,0
12-05 07:08:15,64.117,16.715,18.462,0,0,2183072,161644,177428,5403848,2849.104,1454.989,0,215.554,0,9.979,6656,8877,1.970,1.810,1.100,3,0,134.721,0,0,14,70,1,12,0
12-05 07:08:16,70.207,25.734,4.247,0,0,2208140,180224,174600,5363488,2758.310,1619.008,3.998,599.633,0.999,39.976,5218,4330,1.970,1.810,1.100,5,0,379.767,0,0,14,70,1,12,0
12-05 07:08:17,66.187,21.480,5.994,5.245,0,2281352,187268,172780,5286960,2595.541,1456.620,1722.368,1170.891,129.877,23.977,6064,6201,2.210,1.870,1.130,5,0,274.740,0,0,14,74,1,12,0
12-05 07:08:18,77.684,19.107,1.760,2.263,0,2390868,175452,171048,5191592,2672.938,1466.194,981.485,3539.782,42.236,346.939,6824,8379,2.210,1.870,1.130,4,2,186.040,0,0,14,74,1,11,0
12-05 07:08:19,59.056,24.773,8.758,5.505,0,2401116,224712,170380,5133884,3002.845,1695.607,2902.751,26372.991,129.122,1932.832,12697,21694,2.210,1.870,1.130,8,1,309.293,0,0,14,76,1,11,0
12-05 07:08:20,64.034,23.262,7.004,4.002,0,2510532,160592,169892,5091156,2976.566,1458.767,1736.914,16824.850,63.033,1700.895,12775,22699,2.210,1.870,1.130,5,1,237.125,0,0,14,76,1,11,0
12-05 07:08:21,74.256,18.190,5.731,1.495,0,2579096,171512,169488,5012980,4323.805,1584.797,869.147,8723.362,35.882,682.759,7608,11603,2.210,1.870,1.130,5,0,134.558,0,0,14,80,1,14,0
12-05 07:08:22,75.786,22.761,1.251,0.250,0,2629236,199432,168980,4937336,4280.047,1458.698,196.094,1476.706,10.005,54.026,7577,12908,2.430,1.920,1.150,8,0,282.135,0,0,14,80,1,10,0
12-05 07:08:23,61.169,23.565,13.537,0.501,0,2724456,169568,167744,4874400,4566.599,1624.482,304.841,1748.825,20.055,51.141,6454,7646,2.430,1.920,1.150,3,0,368.015,0,0,14,93,1,13,0
12-05 07:08:24,55.643,21.958,20.461,1.248,0,2785032,184224,167352,4801780,2892.443,1455.204,19.962,814.435,1.996,44.914,6035,5971,2.430,1.920,1.150,5,0,315.394,0,0,14,93,1,13,0
12-05 07:08:25,54.592,18.030,24.792,1.753,0,2860516,176648,167360,4735680,2980.006,1460.453,1117.878,7400.431,49.082,371.624,6963,11802,2.430,1.920,1.150,3,2,146.246,0,0,14,95,1,13,0
12-05 07:08:26,68.649,9.736,15.228,5.991,0,2992804,175348,167360,4607688,2714.014,1455.862,1805.349,207.695,32.952,12.981,4476,3909,2.430,1.920,1.150,9,0,100.852,0,0,14,96,1,13,0
12-05 07:08:27,58.351,10.224,28.926,1.496,0,3057864,173048,167380,4545772,2591.364,1454.276,506.702,79.796,25.934,6.982,5602,13272,2.560,1.950,1.160,3,0,12.967,0,0,14,98,1,17,0
12-05 07:08:28,16.054,16.556,65.972,0.502,0,3084080,146244,167384,4546352,2546.580,1462.929,76.257,1629.490,6.020,100.338,5652,5063,2.560,1.950,1.160,3,0,256.865,0,0,14,101,1,17,0
12-05 07:08:29,8.246,19.741,70.719,0,0,3096176,134096,167384,4546388,2878.756,1619.300,0,123.946,0,12.994,5642,4309,2.560,1.950,1.160,3,0,343.851,0,0,14,101,1,17,0
12-05 07:08:30,8.258,20.019,71.066,0,0,3093068,137048,167384,4546544,2677.476,1459.350,0,32.030,0,4.004,5524,4215,2.560,1.950,1.160,1,0,356.330,0,0,14,101,1,16,0
12-05 07:08:31,19.242,5.248,72.219,1.749,0,3127344,168876,167384,4481896,2596.898,1547.344,879.627,0,36.984,0,2091,1568,2.560,1.950,1.160,3,0,34.985,0,0,14,101,1,16,0
12-05 07:08:32,19.248,2.250,77.741,0,0,3154700,141504,167384,4481912,8567.999,7291.148,11.999,115.986,2.000,6.999,1991,1766,2.430,1.940,1.160,2,0,2.000,0,0,14,104,1,16,0
12-05 07:08:33,23.252,2.750,73.005,0.500,0,3157452,138732,167388,4481928,20440.393,18880.287,8.001,480.033,2.000,49.003,2740,2662,2.430,1.940,1.160,2,0,3.000,0,0,14,111,1,17,0
12-05 07:08:34,19.919,6.972,72.208,0,0,3166996,129164,167392,4481948,2707.053,1452.128,3.984,3135.321,0.996,9.960,2511,1851,2.430,1.940,1.160,2,0,63.742,0,0,14,113,1,17,0
12-05 07:08:35,18.555,3.510,77.480,0.251,0,3194352,166956,167392,4418276,5234.534,3932.670,12.036,104.310,3.009,13.039,1967,1763,2.430,1.940,1.160,3,0,0,0,0,14,114,1,17,0
12-05 07:08:36,22.157,3.485,72.199,0.249,0,3196892,164292,167408,4418392,6897.202,5600.615,0,9850.869,0,561.655,3192,3186,2.430,1.940,1.160,2,0,2.988,0,0,14,118,1,17,2
12-05 07:08:37,32.684,8.799,56.317,1.508,0,3254304,171592,167416,4355264,2371.334,1466.245,382.149,4167.433,26.147,524.952,6195,8785,2.320,1.920,1.160,3,0,8.045,0,0,14,125,1,17,2
12-05 07:08:38,31.996,4.499,60.242,1.000,0,3266852,158796,167416,4355512,3752.487,2534.653,39.995,1851.747,3.000,178.976,5200,7214,2.320,1.920,1.160,3,0,2.000,0,0,14,129,1,18,2
12-05 07:08:39,22.167,8.717,67.747,0,0,3225232,200408,167416,4355520,2779.632,1584.092,0,482.201,0,33.874,3347,2806,2.320,1.920,1.160,2,0,110.588,0,0,14,128,1,19,2
12-05 07:08:40,21.794,2.505,74.652,0,0,3270324,155312,167416,4355524,4356.856,2994.086,0,376.766,0,25.051,1716,1202,2.320,1.920,1.160,3,0,0,0,0,14,129,1,19,2
12-05 07:08:41,19.490,3.248,76.712,0.500,0,3271256,154304,167424,4355612,9273.398,6400.823,31.984,2018.998,1.999,119.940,2360,2486,2.320,1.920,1.160,2,0,0,0,0,14,129,1,19,2
12-05 07:08:42,19.973,3.745,73.400,0.749,0,3277704,147764,167428,4355684,6357.332,3505.221,51.929,914.753,2.996,101.861,3569,4741,2.210,1.910,1.160,2,0,0.999,0,0,14,129,1,19,2
12-05 07:08:43,36.811,11.269,50.584,0.250,0,3298432,189356,167436,4294536,4182.959,2656.419,0,761.266,0,78.130,4618,4503,2.210,1.910,1.160,4,0,94.157,0,0,14,128,1,20,2
12-05 07:08:44,44.378,8.477,46.372,0,0,3383116,167684,167436,4233096,3072.519,1453.987,0,331.086,0,15.956,2988,1522,2.210,1.910,1.160,3,0,10.970,0,0,14,128,1,20,2
12-05 07:08:45,33.888,3.514,61.752,0.502,0,3390444,160164,167436,4233288,26390.659,24639.515,180.737,1140.653,1.004,67.274,2639,1931,2.210,1.910,1.160,1,0,0,0,0,14,129,1,20,2
12-05 07:08:46,21.440,5.485,72.049,0.249,0,3378176,172412,167436,4233308,2722.394,1585.570,3.989,47.866,0.997,2.992,2380,1743,2.210,1.910,1.160,2,0,55.844,0,0,14,130,1,21,2
12-05 07:08:47,31.269,4.253,64.038,0,0,3418008,132344,167436,4233544,4397.607,3526.091,8.005,404.240,2.001,40.024,3889,4812,2.120,1.890,1.160,1,0,7.004,0,0,14,133,1,21,2
12-05 07:08:48,19.572,3.262,75.779,0.251,0,3338876,211456,167436,4233564,24427.025,22674.566,0,256.947,0,20.074,2285,1966,2.120,1.890,1.160,1,0,24.089,0,0,14,132,1,22,2
12-05 07:08:49,21.670,4.483,73.230,0,0,3393984,156324,167436,4233588,2454.961,1398.850,0,1299.216,0,21.919,2115,1810,2.120,1.890,1.160,2,0,26.901,0,0,14,132,1,22,2
12-05 07:08:50,18.485,1.998,77.937,0.250,0.250,3411512,138792,167436,4233592,10130.806,7183.190,0,139.887,0,9.992,1813,1381,2.120,1.890,1.160,3,0,0,0,0,14,133,1,22,2
12-05 07:08:51,20.010,3.752,74.286,0.250,0,3386760,163508,167436,4233628,4672.269,3495.698,0,824.400,0,102.050,3341,4172,2.120,1.890,1.160,3,0,14.007,0,0,14,132,1,23,2
12-05 07:08:52,20.224,6.991,72.158,0.499,0,3386204,164056,167436,4233636,2432.895,1294.348,0,699.108,0,95.878,2620,2267,1.950,1.860,1.150,1,0,68.912,0,0,14,132,1,23,2
12-05 07:08:53,18.528,2.504,77.116,0.250,0,3407300,142944,167440,4233648,10080.224,7260.966,0,4246.413,0,198.299,2134,2189,1.950,1.860,1.150,2,0,0,0,0,14,133,1,23,2
12-05 07:08:54,19.816,5.769,74.497,0,0,3391200,158892,167440,4233800,20292.366,18833.523,0,1043.464,0,17.057,2635,2091,1.950,1.860,1.150,1,0,55.183,0,0,14,132,1,24,2
12-05 07:08:55,22.620,2.734,73.329,0,0.249,3427732,122352,167440,4233808,2705.475,1395.989,0,3.977,0,0.994,1760,1173,1.950,1.860,1.150,2,0,0,0,0,14,132,1,24,2
12-05 07:08:56,15.246,2.749,80.727,0,0,3424916,188284,167440,4172636,9245.313,8080.651,3.999,127.963,1.000,6.998,1775,1562,1.950,1.860,1.150,3,0,0,0,0,14,133,1,24,2
12-05 07:08:57,25.560,5.262,65.654,2.005,0,3426508,186488,167448,4172832,2475.806,1407.300,76.179,2505.876,7.016,330.776,6081,9262,1.870,1.840,1.150,2,0,2.005,0,0,14,136,1,24,2
12-05 07:08:58,24.325,5.266,67.960,0.752,0.251,3355560,257400,167452,4172864,3605.147,2664.238,0,1400.330,0,127.394,4622,5972,1.870,1.840,1.150,3,0,41.127,0,0,14,135,1,26,2
12-05 07:08:59,21.653,4.231,73.420,0,0,3391728,221232,167452,4172864,2452.983,1397.723,0,529.621,0,31.857,1917,1467,1.870,1.840,1.150,2,0,11.946,0,0,14,135,1,26,2
12-05 07:09:00,19.818,2.759,77.014,0.502,0,3424220,188736,167452,4172864,5083.413,3752.856,0,3102.628,0,181.622,1981,1959,1.870,1.840,1.150,2,0,2.007,0,0,14,136,0,26,2
12-05 07:09:01,18.010,2.251,78.794,0,0,3426416,186496,167452,4172908,10616.993,9202.195,32.018,8.005,2.001,1.001,2232,2051,1.870,1.840,1.150,5,0,0,0,0,14,136,0,26,2
12-05 07:09:02,25.517,4.253,68.046,0.500,0,3425448,187424,167460,4172940,2631.798,1350.923,0,1008.689,0,110.075,4201,5511,1.960,1.860,1.160,2,0,1.001,0,0,14,136,0,26,2
12-05 07:09:03,36.956,6.243,54.935,0.250,0,3429040,183636,167464,4173132,3709.587,2267.303,0,994.817,0,113.865,6123,8322,1.960,1.860,1.160,3,0,0.999,0,0,14,137,0,27,2
12-05 07:09:04,22.239,6.996,69.215,0.250,0,3400988,211664,167464,4173156,2808.581,1349.318,0,455.770,0,30.984,3066,2729,1.960,1.860,1.160,2,0,78.960,0,0,14,139,0,27,0
12-05 07:09:05,19.198,2.992,77.042,0,0,3435832,176816,167464,4173160,4940.641,3259.188,0,434.824,0,1.995,1679,1168,1.960,1.860,1.160,3,0,0,0,0,14,140,0,27,0
12-05 07:09:06,19.819,2.760,76.264,0.502,0,3437544,175056,167468,4173204,10141.134,8096.048,0,2307.996,0,187.650,3407,4407,1.960,1.860,1.160,2,0,0,0,0,14,140,0,27,0
12-05 07:09:07,17.678,10.706,69.466,0.747,0,3412268,200312,167468,4173224,3871.176,2540.615,0,3473.800,0,325.669,3807,3355,2.040,1.880,1.170,3,0,146.402,0,0,14,139,0,27,0
12-05 07:09:08,23.533,2.504,73.353,0,0,3432676,179900,167468,4173228,2707.797,1405.972,0,664.932,0,62.087,1815,1219,2.040,1.880,1.170,2,0,0,0,0,14,139,0,27,0
12-05 07:09:09,21.768,2.252,72.560,0.751,0,3436632,175908,167472,4173260,13737.303,11364.351,0,5392.437,0,333.274,3859,5271,2.040,1.880,1.170,1,0,0,0,0,14,140,0,27,0
12-05 07:09:10,21.552,4.511,71.924,1.002,0,3438368,174144,167480,4173280,4874.811,2939.121,0,1190.885,0,98.238,4910,7035,2.040,1.880,1.170,1,2,0,0,0,14,140,0,27,0
12-05 07:09:11,23.422,5.731,70.265,0,0,3440608,171876,167480,4173308,2649.153,1453.147,0,514.283,0,38.870,4828,6273,2.040,1.880,1.170,2,0,1.993,0,0,14,140,0,25,0
12-05 07:09:12,47.963,10.045,38.923,1.507,0,3403452,208732,167480,4173608,4291.053,3061.594,36.161,1378.119,3.013,139.620,11845,18952,2.440,1.970,1.200,4,0,88.392,0,0,14,141,0,26,0
12-05 07:09:13,36.255,12.168,49.417,0.497,0,3424288,187760,167480,4173680,2759.384,1791.911,15.893,977.406,0.993,83.437,6155,7976,2.440,1.970,1.200,2,0,201.640,0,0,14,141,0,26,0
12-05 07:09:14,21.569,2.508,75.239,0,0.251,3446668,165372,167480,4173688,5937.877,3691.736,0,441.403,0,30.096,1804,1348,2.440,1.970,1.200,1,0,1.003,0,0,14,144,0,26,0
12-05 07:09:15,21.306,3.509,74.195,0.251,0,3369004,243028,167480,4173696,8630.740,6991.421,0,2278.002,0,139.367,2620,2437,2.440,1.970,1.200,5,0,14.037,0,0,14,143,0,27,0
12-05 07:09:16,8.209,19.900,69.650,0,0,3385184,226820,167480,4173724,2672.564,1450.707,0,143.280,0,12.935,5573,4200,2.440,1.970,1.200,2,0,327.354,0,0,14,143,0,27,0
12-05 07:09:17,9.273,21.052,68.167,0.251,0,3369304,242664,167484,4173756,2682.574,1461.582,0,128.314,0,18.044,5466,3996,2.330,1.950,1.200,2,0,297.730,0,0,14,143,0,27,0
12-05 07:09:18,23.531,13.017,62.332,0,0,3375356,236612,167484,4173756,2659.486,1870.452,0,0,0,0,6171,7891,2.330,1.950,1.200,6,0,139.182,0,0,14,143,0,27,0
12-05 07:09:19,30.219,21.978,46.203,0,0,3434660,177132,167484,4173936,4033.889,1456.516,0,7.992,0,1.998,5871,4479,2.330,1.950,1.200,4,0,372.620,0,0,14,143,0,27,0
12-05 07:09:20,32.095,22.818,44.382,0,0,3472792,138952,167484,4173984,2650.867,1504.465,20.060,268.798,3.009,11.033,5772,4209,2.330,1.950,1.200,3,0,353.048,0,0,14,143,0,27,0
12-05 07:09:21,37.212,14.885,46.887,0.496,0,3500576,172376,167500,4114756,2578.058,1446.809,63.509,718.443,4.962,46.639,6984,9006,2.330,1.950,1.200,2,0,156.787,0,0,14,149,0,27,0
12-05 07:09:22,50.657,20.313,28.588,0,0,3580984,151080,167500,4057152,2545.868,1462.520,60.186,469.451,4.012,33.102,6623,11001,2.220,1.940,1.200,6,0,287.890,0,0,16,149,0,27,0
12-05 07:09:23,54.650,26.322,18.049,0,0,3675740,169500,167504,3946428,2950.088,2023.548,228.627,505.386,6.016,35.096,6636,7846,2.220,1.940,1.200,3,0,410.124,0,0,16,155,0,18,0
12-05 07:09:24,58.815,21.183,18.940,0,0,3751072,135344,167504,3905808,4204.756,1453.422,19.937,502.418,2.991,15.950,5750,6829,2.220,1.940,1.200,6,0,251.209,0,0,16,157,0,18,0
12-05 07:09:25,56.778,21.857,21.857,0,0,3806356,119708,167504,3866100,2808.755,1465.175,32.157,763.740,3.015,45.221,8314,12152,2.220,1.940,1.200,3,0,293.437,0,0,16,171,0,18,0
12-05 07:09:26,36.254,23.003,39.255,0,0,3845752,175896,167504,3771692,2658.328,1458.180,8.001,2064.255,2.000,18.002,6197,4700,2.220,1.940,1.200,2,0,411.051,0,0,16,171,0,18,0
12-05 07:09:27,35.707,25.219,35.457,2.247,0,3881452,189152,167512,3723456,2415.065,1526.145,183.777,115.859,10.987,13.983,6345,15979,2.280,1.950,1.210,2,0,408.504,0,0,17,173,0,19,0
12-05 07:09:28,21.985,13.740,62.956,0,0,3894040,176540,167512,3723936,3239.717,1850.696,7.994,403.715,1.999,26.981,5309,7202,2.280,1.950,1.210,2,0,177.875,0,0,17,173,0,15,0
12-05 07:09:29,28.675,21.194,49.869,0.249,0,3929824,140720,167512,3723520,2591.208,1454.188,0,482.735,0,9.974,5637,4441,2.280,1.950,1.210,3,0,352.077,0,0,17,173,0,15,0
12-05 07:09:30,32.061,26.050,40.577,0,0,3975936,147672,167512,3672160,2740.218,1460.782,4.008,168.321,1.002,13.025,6439,6425,2.280,1.950,1.210,2,0,364.694,0,0,17,173,0,15,0
12-05 07:09:31,42.836,13.527,42.335,0,0,4020568,155740,167516,3620248,2543.109,1460.935,4.008,384.773,1.002,28.056,5532,6676,2.280,1.950,1.210,3,0,133.268,0,0,17,185,0,15,0
12-05 07:09:32,34.857,23.902,39.587,0.498,0,4074428,135468,167520,3587436,2527.604,1493.856,35.853,191.214,2.988,17.926,6591,6581,2.260,1.950,1.210,4,0,437.202,0,0,17,185,0,15,0
12-05 07:09:33,39.918,26.110,32.637,0.502,0,4161880,142292,167528,3495352,2488.459,1554.534,32.135,1261.301,5.021,155.654,8071,11028,2.260,1.950,1.210,6,0,467.967,0,0,17,191,0,15,0
12-05 07:09:34,28.270,24.518,46.033,0,0,4210460,141504,167528,3448900,2539.816,1459.043,12.009,648.464,3.002,37.026,7955,12212,2.260,1.950,1.210,1,0,399.286,0,0,17,197,0,15,0
12-05 07:09:35,14.174,19.395,63.657,0.497,0,4221744,130176,167528,3449388,2600.966,1450.175,0,429.682,0,32.823,6246,6067,2.260,1.950,1.210,2,0,302.368,0,0,17,213,0,15,0
12-05 07:09:36,24.095,15.310,59.986,0,0,4224836,155288,167528,3421380,2307.075,1463.758,4.016,871.428,1.004,50.197,5061,5733,2.260,1.950,1.210,4,0,164.648,0,0,17,213,0,14,0
12-05 07:09:37,42.755,8.700,45.489,1.740,0,4327436,166884,167528,3309280,2404.199,1449.678,620.438,262.493,13.920,27.840,3477,2494,2.240,1.960,1.220,2,1,28.834,0,0,17,215,0,14,0
12-05 07:09:38,44.661,6.273,46.166,2.007,0,4409776,137248,167528,3257512,2607.388,1463.269,160.578,15768.776,2.007,800.884,3427,2019,2.240,1.960,1.220,3,0,2.007,0,0,17,219,0,14,0
12-05 07:09:39,42.145,8.028,45.908,3.512,0,4506252,127120,167768,3173192,2727.390,1463.037,385.327,742.557,22.076,109.377,3201,1935,2.240,1.960,1.220,4,0,5.017,0,0,17,219,0,14,0
12-05 07:09:40,29.216,10.737,57.433,1.498,0,4406924,245260,167772,3154936,2791.741,1456.300,15.981,239.720,0.999,16.980,3842,3214,2.240,1.960,1.220,3,0,174.796,0,0,17,223,0,12,0
12-05 07:09:41,28.995,23.746,42.743,2.750,0,4448320,202844,167780,3155948,2597.548,1457.747,947.835,2991.480,11.998,24.996,6189,5141,2.240,1.960,1.220,4,0,420.927,0,0,17,229,0,12,0
12-05 07:09:42,36.489,28.991,31.990,0.750,0,4514048,134840,167788,3158624,8440.395,7247.763,815.748,39.988,14.995,9.997,7055,7551,2.380,1.990,1.230,17,0,437.865,0,0,17,230,0,12,0
12-05 07:09:43,41.741,13.247,43.741,0.500,0,4436788,211864,167792,3158416,5831.769,4590.031,11.997,2903.387,2.999,162.966,5390,6347,2.380,1.990,1.230,7,0,87.981,0,0,17,231,0,14,0
12-05 07:09:44,71.944,18.486,8.493,0.500,0,4554020,149220,167800,3105456,2715.900,1526.819,123.904,431.666,5.995,18.985,5078,4127,2.380,1.990,1.230,5,0,159.876,0,0,17,234,0,13,0
12-05 07:09:45,67.072,12.764,14.766,5.506,0,4626256,152980,167804,3031544,8829.414,7257.738,1041.110,820.875,19.020,35.037,4460,3128,2.380,1.990,1.230,5,0,12.013,0,0,17,235,0,13,0
12-05 07:09:46,54.766,10.003,20.506,14.254,0,4659020,194508,167836,2959320,8097.361,6788.979,2356.687,1232.359,106.031,62.018,4973,4532,2.380,1.990,1.230,6,0,24.007,0,0,17,240,0,15,0
12-05 07:09:47,53.866,10.973,14.963,17.955,0,4671012,175420,167888,2966376,3014.478,1548.137,4448.898,8171.608,377.059,132.669,5585,5525,2.430,2.010,1.240,4,0,20.948,0,0,17,240,0,15,0
12-05 07:09:48,54.456,18.319,26.601,0,0,4716908,168848,167900,2927992,4467.887,3443.013,56.212,517.958,3.011,27.102,6231,6195,2.430,2.010,1.240,6,0,260.986,0,0,17,244,0,20,0
12-05 07:09:49,30.977,24.732,41.969,0.250,0,4739200,144404,167904,2930092,11669.277,9734.723,43.967,579.567,3.997,47.964,7059,7493,2.430,2.010,1.240,5,0,370.723,0,0,17,244,0,20,0
12-05 07:09:50,45.996,17.248,35.997,0,0,4649004,233836,167908,2930804,3911.642,2250.794,0,463.958,0,29.997,6212,6917,2.430,2.010,1.240,5,0,171.984,0,0,17,243,0,21,0
12-05 07:09:51,56.968,26.985,15.491,0,0,4752852,128344,167912,2932448,4508.429,3428.045,3.998,575.672,0.999,32.981,6160,5995,2.430,2.010,1.240,4,0,420.760,0,0,17,244,0,21,0
12-05 07:09:52,50.095,23.178,25.172,0.498,0,4805912,135908,167912,2873792,10754.796,9646.219,39.877,482.510,2.991,40.874,6025,7510,2.560,2.040,1.260,3,0,311.040,0,0,17,244,0,19,0
12-05 07:09:53,65.964,18.420,14.437,0.498,0,4810604,185332,168260,2820704,4286.442,2307.012,1417.862,569.534,66.711,38.832,6920,8709,2.560,2.040,1.260,7,0,158.315,0,0,17,245,0,22,0
12-05 07:09:54,61.440,25.328,12.288,0.502,0,4880804,201100,168268,2735400,2726.442,1552.808,184.572,421.305,5.016,17.053,6110,6172,2.560,2.040,1.260,7,0,370.146,0,0,17,247,0,22,0
12-05 07:09:55,54.552,25.139,19.357,0.251,0,4911564,168188,168272,2738352,10251.827,9459.435,599.322,378.096,12.067,20.111,9604,18130,2.560,2.040,1.260,3,0,295.639,0,0,17,250,0,22,0
12-05 07:09:56,53.586,16.201,26.170,2.991,0,4873016,204616,168272,2739980,6627.775,4544.134,486.515,3313.888,28.912,77.763,7311,11808,2.560,2.040,1.260,3,0,143.562,0,0,17,255,0,23,0
12-05 07:09:57,63.908,13.231,22.218,0,0,4996764,118772,168272,2703016,2714.079,1455.897,79.885,355.486,5.991,28.958,4794,3162,2.590,2.060,1.270,5,0,116.831,0,0,17,255,0,23,0
12-05 07:09:58,57.461,9.244,31.978,0.250,0,5084612,137696,168272,2599624,13208.109,11645.161,263.822,13099.183,2.998,1164.216,4618,3303,2.590,2.060,1.270,1,0,5.996,0,0,17,261,0,23,0
12-05 07:09:59,51.146,7.772,31.089,9.527,0,5068284,153108,168288,2600528,11607.153,8903.431,501.432,1500.285,47.135,84.241,4978,5346,2.590,2.060,1.270,4,0,14.040,0,0,17,265,0,25,0
12-05 07:10:00,63.434,8.673,22.549,4.460,0,5164732,134172,168288,2524564,4598.970,3051.773,717.598,519.366,46.584,43.611,4972,4772,2.590,2.060,1.270,4,1,9.912,0,0,17,268,0,26,0
12-05 07:10:01,55.001,15.895,27.501,1.261,0,5123984,175948,168324,2523884,14559.715,13131.698,1174.708,972.868,30.276,76.699,6408,6334,2.590,2.060,1.270,4,0,176.610,0,0,17,273,0,27,1
12-05 07:10:02,54.561,26.041,15.872,2.232,0,5095188,204016,168480,2524464,2767.740,1511.841,1218.202,11032.270,40.673,254.949,7952,8481,2.700,2.090,1.280,5,1,346.215,0,0,17,275,0,29,0
12-05 07:10:03,47.417,25.206,20.963,5.990,0.250,5144580,150644,168696,2528600,2653.367,1455.459,3581.746,1215.877,61.892,57.899,6485,7540,2.700,2.090,1.280,5,0,356.378,0,0,17,275,0,29,0
12-05 07:10:04,54.023,14.137,31.303,0.252,0,5129676,165392,168700,2528708,12184.853,10852.971,872.438,2168.979,11.107,129.250,5503,5887,2.700,2.090,1.280,4,0,89.869,0,0,17,278,0,28,0
12-05 07:10:05,71.964,18.053,8.161,0.495,0.247,5171040,123852,168708,2528808,4478.100,3179.283,522.297,383.809,6.924,27.698,5934,5016,2.700,2.090,1.280,5,0,165.196,0,0,18,280,0,29,0
12-05 07:10:06,86.107,10.826,0.755,2.518,0.252,5242204,138352,168612,2445400,2676.856,1468.343,813.732,914.442,39.277,134.951,5202,2848,2.700,2.090,1.280,6,0,10.071,0,0,18,282,0,29,0
12-05 07:10:07,77.142,10.700,6.968,4.479,0,5304808,123904,168616,2399612,8477.606,7599.686,2548.159,310.557,115.463,23.889,5029,3268,2.810,2.120,1.300,4,0,10.949,0,0,18,283,0,29,0
12-05 07:10:08,77.501,10.750,9.250,2.750,0,5286644,194240,168664,2349372,7952.085,6465.069,1092.012,4840.052,42.000,78.001,5356,3650,2.810,2.120,1.300,4,0,11.000,0,0,18,282,0,30,0
12-05 07:10:09,57.631,17.188,23.507,0.506,0,5335024,144684,168676,2350540,3323.402,2074.725,578.335,667.309,10.111,59.653,6279,8064,2.810,2.120,1.300,3,0,221.425,0,0,18,284,0,30,0
12-05 07:10:10,36.402,7.729,53.357,1.745,0,5374732,132956,168676,2323488,10101.926,9250.209,574.460,2022.579,7.979,234.372,3404,2477,2.810,2.120,1.300,5,0,5.984,0,0,18,289,0,30,0
12-05 07:10:11,35.944,8.237,54.414,0.250,0,5352552,176264,168676,2302928,8330.906,5105.975,511.197,435.316,3.994,40.936,3683,3029,2.810,2.120,1.300,3,0,12.980,0,0,18,288,0,31,0
12-05 07:10:12,44.324,7.968,45.569,0.747,0,5369104,181508,168688,2281856,7429.460,2492.091,318.733,1394.456,8.964,39.842,3845,3880,2.740,2.120,1.300,3,0,5.976,0,0,18,292,0,31,0
12-05 07:10:13,34.383,7.225,57.305,0.249,0,5396336,154408,168688,2281772,12163.503,10651.661,510.259,271.075,3.986,22.922,3318,2537,2.740,2.120,1.300,3,0,5.980,0,0,18,293,0,30,0
12-05 07:10:14,32.932,7.039,58.072,0.503,0,5340416,210304,168700,2281784,14004.558,4956.449,514.851,2739.170,4.022,182.008,3491,3442,2.740,2.120,1.300,2,0,9.050,0,0,18,292,0,31,1
12-05 07:10:15,23.106,2.763,73.086,0,0,5376596,174124,168700,2281784,3601.560,3043.996,0,229.053,0,12.055,1896,1453,2.740,2.120,1.300,1,0,0,0,0,18,293,0,31,0
12-05 07:10:16,14.501,2.500,81.504,0.250,0,5369268,179840,168700,2283380,1725240.274,49508.217,16.001,852.038,1.000,54.002,5046,4459,2.740,2.120,1.300,1,0,0,0,0,18,292,0,31,0
12-05 07:10:17,13.462,3.490,80.271,0.249,0.249,5287832,253420,168700,2291220,8376854.574,232578.446,0,331.055,0,26.923,13979,8951,2.600,2.100,1.300,2,0,36.895,0,0,18,291,0,31,0
12-05 07:10:18,3.513,3.764,88.328,0,0,5272868,261816,168700,2297772,7034915.481,170085.645,0,112.417,0,9.034,11489,7317,2.600,2.100,1.300,3,0,45.168,0,0,18,290,0,31,0
12-05 07:10:19,14.414,11.432,69.835,2.734,0,5305428,226928,168700,2300100,2523.003,1449.384,2274.480,294.251,25.846,26.840,4445,3994,2.600,2.100,1.300,2,0,212.735,0,0,18,294,0,31,0
12-05 07:10:20,24.004,2.500,72.011,0.250,0,5349964,182392,168700,2300100,2707.407,1350.203,0,504.076,0,8.001,2014,1530,2.600,2.100,1.300,2,0,0,0,0,18,294,0,31,0
12-05 07:10:21,15.579,2.764,80.658,0.251,0,5351984,180360,168700,2300116,12001.646,10844.801,0,494.499,0,42.213,2387,2744,2.600,2.100,1.300,1,0,0,0,0,18,300,0,32,0
12-05 07:10:22,19.838,2.480,73.896,0.496,0,5354472,177280,168700,2300708,50703.695,1679844.833,476.110,749.873,28.765,79.352,5128,6327,2.470,2.080,1.300,2,0,1.984,0,0,18,298,0,33,0
12-05 07:10:23,2.511,2.260,91.899,0.251,0,5354912,176804,168700,2300744,381988.433,12419175.847,0,220.960,0,15.065,4093,1431,2.470,2.080,1.300,1,0,0,0,0,18,298,0,33,0
12-05 07:10:24,9.785,1.756,85.810,0.502,0,5354056,177516,168700,2300888,2624214.439,2488879.518,0,7571.353,0,895.234,6362,5146,2.470,2.080,1.300,2,0,2.007,0,0,18,307,0,33,0
12-05 07:10:25,21.026,4.005,71.588,0.751,0,5344560,179072,168712,2308800,6745245.793,157373.129,120.147,540.664,3.004,46.057,13352,9802,2.470,2.080,1.300,1,0,3.004,0,0,18,309,0,33,0
12-05 07:10:26,7.714,4.230,83.608,0.249,0,5346560,168696,168712,2317176,8111845.237,235539.649,31.851,390.172,1.991,30.855,16604,17152,2.470,2.080,1.300,1,0,0,0,0,18,306,1,34,0
12-05 07:10:27,19.594,16.579,61.795,1.005,0,5307556,207560,168716,2317284,5133.545,3883.569,28.135,1386.630,2.010,94.452,5604,12359,2.440,2.080,1.300,1,0,328.571,0,0,18,306,0,37,0
12-05 07:10:28,18.921,8.713,70.952,0.249,0,5353392,161700,168716,2317308,2646.892,1451.907,3.983,266.880,0.996,24.896,3455,3147,2.440,2.080,1.300,2,0,173.273,0,0,18,306,0,37,0
12-05 07:10:29,23.550,3.758,71.401,0,0,5359016,156072,168716,2317312,2663.633,1461.090,0,296.627,0,28.059,2429,2051,2.440,2.080,1.300,2,0,31.066,0,0,18,306,0,36,0
12-05 07:10:30,9.449,18.402,70.373,0,0,5347244,167804,168716,2317352,2780.120,1450.238,0,103.446,0,5.968,5571,4407,2.440,2.080,1.300,2,0,322.275,0,0,18,306,0,36,0
12-05 07:10:31,9.022,18.294,70.670,0.501,0,5333156,181772,168716,2317472,2664.414,1461.518,76.183,16154.889,2.005,32.077,5396,4242,2.440,2.080,1.300,1,0,314.758,0,0,18,306,0,36,0
12-05 07:10:32,2.998,1.499,93.440,0.250,0,5335088,179840,168716,2317472,2730.257,1553.008,0,143.908,0,6.996,1199,1470,2.240,2.040,1.290,3,0,9.994,0,0,18,306,0,36,0
12-05 07:10:33,22.978,4.496,72.431,0,0,5381788,133140,168716,2317472,2701.413,1402.657,0,19.981,0,2.997,2008,1536,2.240,2.040,1.290,3,0,0,0,0,18,306,0,36,0
12-05 07:10:34,17.787,2.756,77.412,0,0,5388832,140652,168716,2303440,9113.097,8649.125,0,0,0,0,1935,1604,2.240,2.040,1.290,1,0,0,0,0,18,307,0,36,0
12-05 07:10:35,17.030,10.268,70.876,1.002,0,5346820,182520,168720,2303580,6264.097,3350.936,92.163,5125.079,8.014,95.169,4527,4146,2.240,2.040,1.290,1,0,152.270,0,0,18,314,0,37,0
12-05 07:10:36,13.027,16.284,68.894,0,0,5336344,192688,168720,2303872,2723.697,1461.056,0,352.738,0,30.063,5276,4131,2.240,2.040,1.290,2,0,172.361,0,0,18,314,0,37,0
12-05 07:10:37,12.737,16.484,69.182,0.500,0,5325420,203380,168720,2304088,2595.449,1456.568,0,275.729,0,25.974,5256,4100,2.140,2.030,1.290,2,0,169.833,0,0,18,314,0,37,0
12-05 07:10:38,17.865,9.181,71.212,0.496,0,5338836,189928,168720,2304124,4432.511,1500.662,3.970,381.121,0.993,24.813,3535,2743,2.140,2.030,1.290,4,0,109.175,0,0,18,314,0,37,0
12-05 07:10:39,24.037,3.756,70.859,0.250,0,5389608,139136,168720,2304128,2842.360,1460.240,0,292.449,0,35.054,2204,1955,2.140,2.030,1.290,2,0,2.003,0,0,18,316,0,37,0
12-05 07:10:40,24.823,4.012,68.703,1.755,0,5422928,134344,168720,2276396,2863.460,1462.320,152.450,12019.511,3.009,26.077,2384,2140,2.140,2.030,1.290,2,0,3.009,0,0,18,316,0,37,0
12-05 07:10:41,26.417,2.492,67.787,1.495,0.249,5432444,124428,168720,2276796,2829.114,1453.435,382.798,283.111,16.947,26.915,2877,2792,2.140,2.030,1.290,2,0,5.981,0,0,18,318,0,37,0
12-05 07:10:42,24.680,4.029,70.766,0.504,0,5361780,195036,168720,2276852,2588.871,1359.913,24.176,257.880,4.029,20.147,2411,2138,2.050,2.010,1.290,3,0,7.051,0,0,18,316,0,37,0
12-05 07:10:43,24.377,1.741,72.385,0,0,5402100,154716,168720,2276852,2971.027,1558.147,0,115.418,0,7.960,2012,1563,2.050,2.010,1.290,2,0,0,0,0,18,316,0,37,0
12-05 07:10:44,19.667,5.726,72.943,0.249,0,5428976,127812,168724,2276876,4304.877,3399.687,15.933,270.860,0.996,20.912,2268,1886,2.050,2.010,1.290,1,0,8.962,0,0,18,319,0,37,0
12-05 07:10:45,13.847,1.511,82.832,0.252,0,5424596,132128,168736,2276928,21889.919,18577.628,32.227,3536.869,1.007,480.378,2840,2875,2.050,2.010,1.290,2,0,1.007,0,0,18,322,0,37,0
12-05 07:10:46,22.911,4.732,70.974,0.249,0,5375508,181240,168736,2276928,4135.895,1452.345,0,191.255,0,18.926,2426,2082,2.050,2.010,1.290,2,0,14.942,0,0,18,316,0,37,0
12-05 07:10:47,23.708,2.496,72.373,0.250,0,5413512,143236,168736,2276928,2717.240,1549.286,0,79.860,0,9.983,1951,1460,2.050,2.010,1.290,2,0,0,0,0,18,316,0,37,0
12-05 07:10:48,23.185,3.780,72.327,0,0,5390316,166304,168736,2277056,2739.876,1469.735,0,0,0,0,2269,1595,2.050,2.010,1.290,2,0,38.306,0,0,18,316,0,37,0
12-05 07:10:49,8.737,17.475,71.647,0,0,5373100,183456,168740,2277100,2833.908,1455.898,391.435,567.181,4.993,26.961,5200,4377,2.050,2.010,1.290,3,0,294.575,0,0,18,316,0,29,0
12-05 07:10:50,14.923,13.431,70.386,0,0,5374144,182296,168740,2277216,4511.667,1450.499,11.938,0,1.990,0,4503,3558,2.050,2.010,1.290,3,0,248.714,0,0,18,316,0,29,0
12-05 07:10:51,23.539,4.257,70.867,0.751,0,5390196,166192,168760,2277248,2782.580,1460.404,16.026,480.791,2.003,37.061,2443,2109,2.050,2.010,1.290,2,0,17.028,0,0,18,316,0,29,0
12-05 07:10:52,20.258,2.251,76.530,0.500,0,5402388,148804,169304,2281804,8443.286,3875.508,124.048,864.336,4.002,21.008,2112,1893,1.880,1.980,1.290,2,0,17.007,0,0,18,316,0,29,0
12-05 07:10:53,23.455,3.244,71.611,0,0,5392816,157152,169324,2282976,2652.856,1455.178,0,439.148,0,10.979,2171,1758,1.880,1.980,1.290,3,0,2.994,0,0,18,316,0,29,0
12-05 07:10:54,19.045,2.506,77.431,0.251,0,5404944,143872,169332,2284120,9191.519,4475.478,0,212.498,0,10.023,1863,1413,1.880,1.980,1.290,2,0,16.038,0,0,18,317,0,25,0
12-05 07:10:55,24.265,5.754,66.791,0.250,0.250,5399080,145088,169500,2288472,2838.741,1633.001,96.059,1424.874,6.004,50.031,9191,17142,1.880,1.980,1.290,3,0,13.008,0,0,18,316,0,25,0
12-05 07:10:56,18.256,2.751,77.275,0.250,0,5396792,147016,169508,2288824,9231.943,4532.445,0,436.139,0,7.002,1963,1696,1.880,1.980,1.290,2,0,2.001,0,0,18,317,0,25,0
12-05 07:10:57,23.749,6.250,68.747,0,0,5406828,136808,169516,2288988,2537.875,1457.928,0,287.986,0,6.000,9916,17945,1.810,1.960,1.290,2,0,17.999,0,0,18,317,0,25,0
12-05 07:10:58,21.219,4.244,72.394,0.499,0,5369700,182808,169568,2280012,2755.952,1629.606,11.982,702.967,1.997,21.968,2102,1607,1.810,1.960,1.290,3,0,1.997,0,0,18,316,0,23,0
12-05 07:10:59,12.950,15.939,68.737,0.498,0,5341608,212016,169572,2279004,2707.650,1452.448,0,2896.926,0,138.471,5182,4876,1.810,1.960,1.290,3,0,266.979,0,0,18,316,0,23,0
12-05 07:11:00,24.308,2.757,72.171,0,0,5390764,162852,169572,2279012,2935.950,1515.588,0,0,0,0,2042,1648,1.810,1.960,1.290,3,0,0,0,0,18,316,0,23,0
12-05 07:11:01,19.449,2.244,77.049,0,0,5402536,150888,169572,2279204,8540.728,7231.143,0,139.636,0,9.974,2000,1826,1.810,1.960,1.290,3,0,0,0,0,18,317,0,23,0
12-05 07:11:02,20.935,5.297,73.147,0.504,0,5375060,178224,169572,2279344,7553.798,6082.790,129.142,201.784,9.080,15.134,3059,2668,1.750,1.940,1.280,3,0,65.580,0,0,18,316,0,19,0
12-05 07:11:03,21.945,5.486,71.570,0,0,5386848,166428,169572,2279352,2784.995,1508.207,0,91.769,0,1.995,2469,1955,1.750,1.940,1.280,2,0,51.870,0,0,18,316,0,19,0
12-05 07:11:04,18.900,2.238,77.341,0,0.249,5390096,163172,169572,2279360,8332.906,7146.185,0,51.726,0,3.979,1924,1592,1.750,1.940,1.280,2,0,0,0,0,18,317,0,19,0
12-05 07:11:05,21.818,5.768,71.973,0.251,0,5363548,189444,169572,2279636,5466.955,4456.822,144.448,1865.787,6.019,308.958,3120,2670,1.750,1.940,1.280,2,0,70.218,0,0,18,316,0,20,0
12-05 07:11:06,23.237,3.748,71.460,0.250,0,5413352,139640,169572,2279636,2430.656,1511.164,0,1439.204,0,100.944,2227,1924,1.750,1.940,1.280,2,0,0,0,0,18,316,0,18,0
12-05 07:11:07,19.495,2.249,76.232,0,0,5422656,130332,169572,2279640,8015.089,7182.287,0,123.970,0,12.997,2114,1923,1.690,1.930,1.280,2,0,0,0,0,18,317,0,18,0
12-05 07:11:08,19.463,6.488,73.112,0,0,5387564,165400,169572,2279664,11695.889,8845.278,0,175.668,0,8.983,2866,2235,1.690,1.930,1.280,2,0,55.894,0,0,18,316,0,19,0
12-05 07:11:09,24.261,2.751,71.782,0.250,0,5393232,159732,169572,2279664,2839.254,1458.644,0,212.094,0,21.009,2097,1773,1.690,1.930,1.280,2,0,0,0,0,18,316,0,19,0
12-05 07:11:10,17.275,1.753,79.615,0,0,5392996,159952,169572,2279680,14938.534,11725.903,0,0,0,0,2103,1798,1.690,1.930,1.280,2,0,0,0,0,18,316,0,20,0
12-05 07:11:11,21.707,4.990,71.609,0.499,0,5336260,216676,169572,2279692,2952.179,1455.131,11.976,0,0.998,0,2553,2028,1.690,1.930,1.280,3,0,33.933,0,0,18,316,0,20,0
12-05 07:11:12,23.061,2.757,74.446,0,0,5374920,178012,169572,2279696,4396.563,3439.045,0,76.200,0,7.018,1999,1504,1.630,1.910,1.280,1,0,1.003,0,0,18,317,0,20,0
12-05 07:11:13,12.995,1.499,82.465,0,0,5376652,176248,169572,2279728,13354.396,9715.923,15.993,355.851,1.000,25.989,2078,2161,1.630,1.910,1.280,2,0,0,0,0,18,317,0,20,0
12-05 07:11:14,21.239,5.497,72.213,0.250,0,5386220,166664,169572,2279744,3533.212,2249.862,0,275.860,0,20.989,2745,2418,1.630,1.910,1.280,2,0,46.976,0,0,18,316,0,19,0
12-05 07:11:15,21.657,2.489,74.678,0,0,5427928,124872,169572,2279828,4144.121,3415.266,79.656,187.192,3.983,16.927,2192,2016,1.630,1.910,1.280,2,0,0,0,0,18,317,0,19,0
12-05 07:11:16,19.961,2.527,75.296,0.253,0,5338200,214588,169572,2279840,11488.450,9974.444,0,198.094,0,15.160,2428,2142,1.630,1.910,1.280,3,0,8.085,0,0,18,316,0,22,0
12-05 07:11:17,22.360,5.466,71.802,0,0.248,5354168,198616,169572,2279844,2522.250,1448.952,0,166.957,0,12.919,2332,1856,1.580,1.900,1.280,2,0,23.851,0,0,18,316,0,22,0
12-05 07:11:18,19.247,2.500,76.736,0.250,0,5374292,178484,169572,2279852,8455.497,7302.702,0,299.947,0,17.997,1966,1605,1.580,1.900,1.280,2,0,0,0,0,18,317,0,21,0
12-05 07:11:19,17.235,2.248,78.933,0.500,0,5374176,178584,169572,2279868,8045.184,6713.313,0,463.607,0,61.948,2529,2877,1.580,1.900,1.280,3,0,0,0,0,18,316,0,22,0
12-05 07:11:20,4.506,10.013,83.606,0.250,0,5301748,250784,169708,2279960,3305.174,2134.696,136.172,260.329,4.005,11.014,3312,2986,1.580,1.900,1.280,2,0,180.228,0,0,18,317,0,22,0
12-05 07:11:21,1.750,0.500,95.480,0.500,0,5301744,250784,169708,2279964,2597.461,1457.697,0,747.845,0,46.990,1181,1804,1.580,1.900,1.280,1,0,0,0,0,18,317,0,22,0
12-05 07:11:22,8.500,3.000,80.751,5.750,0.250,5326456,225080,170112,2280552,6863.061,3180.028,988.009,100.001,247.002,15.000,2014,2403,1.450,1.860,1.270,2,0,3.000,0,0,18,318,0,21,0
12-05 07:11:23,22.871,10.807,65.347,0,0,5356740,194684,170140,2280636,14665.859,3163.796,514.733,438.327,4.021,26.139,3641,2839,1.450,1.860,1.270,4,0,128.683,0,0,18,316,0,22,0
12-05 07:11:24,20.180,7.723,71.252,0.249,0,5395876,155532,170140,2280652,8927.932,4955.755,510.224,83.709,3.986,6.976,3156,2386,1.450,1.860,1.270,1,0,66.768,0,0,18,316,0,23,0
12-05 07:11:25,15.966,9.231,71.101,1.996,0,5398540,152532,170160,2280968,2789.145,1454.946,247.480,582.777,13.971,30.935,3724,3299,1.450,1.860,1.270,2,0,150.684,0,0,18,316,0,23,0
12-05 07:11:26,23.037,4.006,71.864,0.250,0,5391500,150480,170212,2289960,2867.558,1460.321,12.019,813.293,3.005,11.018,2269,1900,1.450,1.860,1.270,2,0,3.005,0,0,18,316,0,22,0
12-05 07:11:27,19.273,1.752,77.094,0,0,5391460,148264,170268,2292112,8936.866,4265.186,0,604.735,0,7.009,2071,1707,1.500,1.870,1.270,4,0,22.027,0,0,18,317,0,22,0
12-05 07:11:28,25.736,5.497,66.214,0.500,0,5375648,160544,170304,2295576,9568.740,3341.163,11.993,1323.273,0.999,51.971,3490,13067,1.500,1.870,1.270,2,0,36.980,0,0,18,316,0,23,0
12-05 07:11:29,9.283,14.803,69.249,5.771,0,5302428,230944,170304,2298348,2667.582,1463.256,1172.211,3107.161,18.065,131.472,5564,5413,1.500,1.870,1.270,3,0,282.013,0,0,18,316,0,23,0
12-05 07:11:30,22.085,4.963,71.467,0,0,5363632,169736,170304,2298352,2843.801,1447.212,0,0,0,0,2205,1794,1.500,1.870,1.270,2,0,16.874,0,0,18,316,0,19,0
12-05 07:11:31,19.410,2.269,76.633,0.504,0,5376176,157052,170304,2298492,8386.226,7243.796,0,4073.627,0,376.105,2243,1816,1.500,1.870,1.270,2,0,0,0,0,18,317,0,19,0
12-05 07:11:32,20.632,5.717,72.584,0,0,5322304,210904,170304,2298512,20078.048,18353.919,0,159.089,0,5.966,2772,2262,1.380,1.840,1.270,2,0,47.727,0,0,18,316,0,21,0
12-05 07:11:33,23.961,2.496,72.384,0,0,5373204,160000,170304,2298516,2653.731,1455.658,0,3.994,0,0.998,1928,1418,1.380,1.840,1.270,2,0,0,0,0,18,316,0,21,0
12-05 07:11:34,17.539,2.756,78.926,0,0,5376360,156724,170304,2298636,11926.648,10418.278,112.251,0,7.016,0,2185,1943,1.380,1.840,1.270,2,0,0,0,0,18,316,0,23,0
12-05 07:11:35,22.003,4.251,72.010,0,0,5412832,120216,170304,2298672,2795.380,1528.208,16.002,208.028,1.000,19.003,2306,2032,1.380,1.840,1.270,4,0,14.002,0,0,18,316,0,23,0
12-05 07:11:36,19.459,3.243,75.841,0.249,0.249,5370864,191940,170304,2269496,8299.565,7168.940,0,267.438,0,24.948,2198,2014,1.380,1.840,1.270,3,0,0,0,0,18,317,0,23,0
12-05 07:11:37,23.897,4.276,68.923,1.258,0,5372908,188160,170304,2271232,3536.684,2311.170,1662.191,2491.274,59.364,233.431,5119,7489,1.350,1.820,1.270,3,0,1.006,0,0,18,319,0,23,0
12-05 07:11:38,24.373,3.979,69.638,0.497,0,5330492,230536,170304,2271272,4154.389,2737.758,15.917,640.667,0.995,81.576,3394,4059,1.350,1.820,1.270,2,0,4.974,0,0,18,318,0,24,0
12-05 07:11:39,24.975,2.498,70.680,0.500,0,5371304,189724,170304,2271272,4387.685,1498.526,0,3136.915,0,205.798,2456,2632,1.350,1.820,1.270,2,0,0,0,0,18,318,1,23,0
12-05 07:11:40,15.782,2.004,80.914,0.251,0,5373280,187736,170304,2271284,11565.404,10789.835,0,845.711,0,45.091,2134,1986,1.350,1.820,1.270,1,0,0,0,0,18,319,0,23,0
12-05 07:11:41,22.686,4.238,69.305,0.997,0,5365224,195548,170308,2271524,4788.550,3049.435,63.821,1894.678,2.992,181.490,5044,7043,1.350,1.820,1.270,2,0,0,0,0,18,318,0,24,0
12-05 07:11:42,12.293,20.070,67.235,0,0,5357760,202988,170308,2271548,2366.264,1463.110,0,610.131,0,38.133,5694,4903,1.320,1.810,1.260,2,0,415.451,0,0,18,318,0,24,0
12-05 07:11:43,9.749,23.748,64.994,0.250,0,5352860,207840,170308,2271596,4031.652,1457.874,0,339.971,0,25.998,6456,5649,1.320,1.810,1.260,3,0,513.956,0,0,18,318,0,24,0
12-05 07:11:44,12.300,23.597,63.008,0,0,5347740,212904,170308,2271652,2427.931,1463.988,0,658.694,0,52.214,6814,6316,1.320,1.810,1.260,2,0,510.086,0,0,18,318,0,26,0
12-05 07:11:45,8.744,22.236,66.708,0.250,0,5355188,205428,170308,2271680,2641.330,1565.011,0,323.795,0,25.984,6368,5415,1.320,1.810,1.260,1,0,494.687,0,0,18,318,0,26,0
12-05 07:11:46,9.502,22.005,67.266,0.250,0,5368740,191856,170308,2271700,2270.544,1350.324,0,312.075,0,26.006,6279,5210,1.320,1.810,1.260,1,0,501.120,0,0,18,318,0,26,0
12-05 07:11:47,9.256,21.764,67.292,0,0,5365852,194712,170308,2271732,4372.759,1661.048,0,1416.894,0,88.056,6345,5334,1.290,1.790,1.260,2,0,461.291,0,0,18,318,0,24,0
12-05 07:11:48,8.728,21.944,67.330,0.499,0,5358320,202220,170308,2271756,2651.288,1454.318,0,347.121,0,31.919,6213,5123,1.290,1.790,1.260,3,0,450.859,0,0,18,318,0,24,0
12-05 07:11:49,9.520,21.045,67.645,0,0,5348992,211520,170308,2271784,2455.279,1352.909,0,440.948,0,34.073,6272,5343,1.290,1.790,1.260,2,0,446.961,0,0,18,318,0,24,0
12-05 07:11:50,15.650,10.185,71.292,1.490,0,5348172,319232,170316,2175316,2836.785,1448.698,7.949,2853.677,1.987,20.866,3128,2758,1.290,1.790,1.260,2,0,93.400,0,0,18,318,0,24,0
12-05 07:11:51,23.798,4.008,71.145,0.251,0,5364848,293816,170316,2184044,2543.183,1460.977,0,1479.014,0,38.078,2507,2387,1.290,1.790,1.260,2,0,3.006,0,0,18,318,0,24,0
12-05 07:11:52,24.498,3.500,70.495,0.500,0,5375940,280316,170316,2186448,3023.782,1950.859,0,763.945,0,12.999,2502,2164,1.270,1.780,1.260,2,0,16.999,0,0,18,319,0,24,0
12-05 07:11:53,11.980,1.747,81.113,3.744,0,5387188,268308,170360,2187156,17128.016,9370.144,606.973,790.662,29.949,31.946,1605,1562,1.270,1.780,1.260,2,0,0,0,0,18,319,0,24,0
12-05 07:11:54,13.513,1.501,81.328,2.002,0,5385196,269404,170484,2187916,20712.820,13310.737,396.379,1529.464,38.036,55.053,1764,1707,1.270,1.780,1.260,2,0,0,0,0,18,319,0,24,0
12-05 07:11:55,17.731,1.498,76.669,3.247,0.250,5401236,252000,170564,2189200,14319.940,9098.432,1094.849,1230.706,42.955,50.946,1804,1642,1.270,1.780,1.260,2,0,0,0,0,18,319,0,24,0
12-05 07:11:56,15.504,1.500,79.771,1.500,0,5401888,249984,170676,2190452,19240.066,12101.186,1016.268,1308.345,47.012,46.012,1824,1664,1.270,1.780,1.260,2,0,0,0,0,18,319,0,24,0
12-05 07:11:57,17.028,1.502,79.380,1.502,0,5402840,248472,170772,2190904,15628.568,10850.751,120.197,12240.024,18.029,98.161,1936,1692,1.250,1.770,1.260,1,0,0,0,0,18,319,0,24,0
12-05 07:11:58,14.971,1.996,72.111,9.731,0,5405680,216720,170832,2219752,3723.846,1521.078,11717.490,399.233,123.762,14.971,1813,1600,1.250,1.770,1.260,2,0,0.998,0,0,18,319,0,24,0
12-05 07:11:59,23.721,2.996,71.661,0.749,0,5405604,205392,171404,2230488,4233.759,1564.064,0,2193.285,0,79.901,2454,2414,1.250,1.770,1.260,2,0,0,0,0,18,319,0,24,0
12-05 07:12:00,24.542,3.005,71.372,0.250,0,5424296,172644,171604,2244132,4296.339,1460.495,0,1073.834,0,31.053,2325,2023,1.250,1.770,1.260,2,0,0,0,0,18,319,0,24,0
12-05 07:12:01,24.696,2.245,71.344,0.499,0,5426804,157032,171688,2257020,2412.741,1454.829,0,989.842,0,33.926,2315,2080,1.250,1.770,1.260,4,0,0,0,0,18,319,0,24,0
12-05 07:12:02,21.048,2.756,72.165,2.255,0,5429068,142704,172024,2268544,4107.398,1461.344,0,7890.053,0,444.016,2629,2453,1.230,1.750,1.260,3,0,1.002,0,0,18,319,0,24,0
12-05 07:12:03,24.311,1.754,72.433,0.501,0,5421880,140700,172288,2277272,2734.912,1461.694,0,1411.567,0,49.124,2253,2026,1.230,1.750,1.260,2,0,0,0,0,18,319,0,21,0
12-05 07:12:04,22.866,3.728,71.332,0.497,0,5416620,154104,172288,2269676,2821.452,1449.498,0,1487.277,0,47.720,2277,1934,1.230,1.750,1.260,2,0,0,0,0,18,319,0,21,0
12-05 07:12:05,24.085,2.509,72.256,0.502,0,5433332,148068,172296,2258832,3027.712,1637.794,0,1573.567,0,52.185,2291,2028,1.230,1.750,1.260,2,0,0,0,0,18,318,0,21,0
12-05 07:12:06,23.580,4.264,71.492,0,0,5385764,195624,172296,2258848,2847.639,1462.952,0,782.649,0,25.085,2351,2058,1.230,1.750,1.260,3,0,19.065,0,0,18,318,0,21,0
12-05 07:12:07,20.040,2.255,75.903,0.501,0,5405256,170684,172356,2264272,8294.721,3637.332,0,7002.115,0,373.753,2388,2204,1.210,1.740,1.260,2,0,17.034,0,0,18,319,0,20,0
12-05 07:12:08,24.118,2.984,71.856,0.249,0,5401316,174316,172380,2264592,2744.943,1623.097,0,998.523,0,34.809,2298,2015,1.210,1.740,1.260,4,0,2.984,0,0,18,318,0,20,0
12-05 07:12:09,18.475,2.996,77.144,0.250,0,5410032,159476,172524,2270476,10655.344,4516.788,0,918.736,0,29.959,2102,1954,1.210,1.740,1.260,1,0,16.977,0,0,18,319,0,20,0
12-05 07:12:10,22.724,6.492,68.670,0,0,5391668,178288,172544,2269976,2773.779,1630.107,0,207.759,0,5.993,10129,18457,1.210,1.740,1.260,2,0,12.985,0,0,18,318,0,20,0
12-05 07:12:11,24.863,5.525,68.060,0,0,5407280,162412,172552,2270232,2429.061,1464.670,0,1699.740,0,14.064,10179,18404,1.210,1.740,1.260,2,0,15.069,0,0,18,318,0,16,0
12-05 07:12:12,20.295,6.264,71.909,0.251,0,5376308,204772,172560,2258948,2423.363,1461.234,0,918.032,0,49.109,2200,1665,1.190,1.730,1.260,2,0,8.018,0,0,18,318,0,16,0
12-05 07:12:13,22.782,4.256,71.351,0.250,0,5355948,225112,172560,2258976,2927.157,1502.133,0,921.308,0,26.037,2964,2717,1.190,1.730,1.260,2,0,49.070,0,0,18,318,0,16,0
12-05 07:12:14,24.152,5.727,67.476,0,0,5348008,233040,172560,2258988,2911.176,1452.102,0,326.673,0,16.931,9785,17899,1.190,1.730,1.260,2,0,8.964,0,0,18,318,0,16,0
12-05 07:12:15,21.223,3.745,73.655,0,0,5382516,198524,172560,2258996,7266.636,2858.316,0,3.995,0,0.999,2365,1930,1.190,1.730,1.260,1,0,32.958,0,0,18,319,0,16,0
12-05 07:12:16,22.125,3.017,73.918,0.251,0,5380704,194524,172640,2264728,4403.874,2480.008,0,1315.430,0,26.148,2188,1816,1.190,1.730,1.260,2,0,2.011,0,0,18,318,0,15,0
12-05 07:12:17,18.703,3.741,76.060,0,0,5400228,175004,172640,2264724,6881.773,2854.854,0,347.131,0,10.973,2012,1684,1.180,1.720,1.250,1,0,16.958,0,0,18,319,0,15,0
12-05 07:12:18,23.055,4.260,70.919,0.501,0,5397584,172484,172640,2269808,5343.747,3300.874,0,1619.864,0,165.395,7363,12696,1.180,1.720,1.250,3,0,6.014,0,0,18,318,0,15,0
12-05 07:12:19,23.410,5.977,68.984,0.249,0.249,5395252,174304,172696,2270264,2589.995,1452.390,0,836.768,0,35.861,6731,11084,1.180,1.720,1.250,4,0,12.950,0,0,18,318,0,15,0
12-05 07:12:20,22.003,7.001,70.009,0,0,5393508,175872,172708,2270428,2795.370,1458.193,0,84.011,0,1.000,7922,13543,1.180,1.720,1.250,1,0,15.002,0,0,18,318,0,11,0
12-05 07:12:21,22.167,4.234,70.984,0.249,0,5358296,222788,172708,2258804,2648.080,1494.402,0,1227.402,0,39.851,2357,2080,1.180,1.720,1.250,2,0,5.978,0,0,18,318,0,11,0
12-05 07:12:22,30.314,4.509,64.636,0,0,5383060,198000,172708,2258828,2617.500,1515.184,0,232.489,0,12.025,2701,2111,1.160,1.700,1.250,2,0,19.040,0,0,18,318,0,11,0
12-05 07:12:23,40.491,10.748,47.490,0,0,5382288,193900,172724,2263684,2657.416,1457.679,511.887,11829.399,3.999,90.980,4190,3054,1.160,1.700,1.250,4,0,101.978,0,0,18,318,0,11,0
12-05 07:12:24,39.473,7.495,51.965,0,0,5405260,165832,172724,2268732,2522.303,1403.056,511.656,991.333,3.997,11.992,3128,1936,1.160,1.700,1.250,2,0,4.997,0,0,18,318,0,10,0
12-05 07:12:25,20.033,2.504,76.126,0.501,0,5378092,191692,172744,2269988,8932.779,4015.644,0,677.120,0,15.025,2066,1763,1.160,1.700,1.250,1,0,16.027,0,0,18,318,1,10,0
12-05 07:12:26,15.993,1.249,81.216,0.250,0,5390904,178700,172808,2270088,16289.142,9632.944,0,775.673,0,27.988,1708,1622,1.160,1.700,1.250,1,0,0,0,0,18,319,0,10,0
12-05 07:12:27,11.484,1.248,85.378,0.499,0,5388008,181172,172912,2270408,18141.053,11364.745,0,1118.400,0,39.943,1611,1591,1.070,1.680,1.250,1,0,0,0,0,18,319,0,10,0
12-05 07:12:28,14.520,5.257,77.355,0.751,0,5369364,199472,173008,2270640,149901.186,12806.444,0,1910.603,0,200.273,3307,18421,1.070,1.680,1.250,1,1,36.049,0,0,18,320,0,9,0
12-05 07:12:29,18.465,2.246,77.352,0.749,0,5393860,174776,173016,2270832,22506.062,10352.250,0,3389.533,0,160.693,2230,2379,1.070,1.680,1.250,1,0,0,0,0,18,320,0,9,0
12-05 07:12:30,13.267,1.252,84.360,0.501,0,5393692,174776,173016,2271000,15820.718,9098.915,0,997.306,0,33.043,1587,1542,1.070,1.680,1.250,2,0,0,0,0,18,320,0,9,0
12-05 07:12:31,13.247,1.000,83.484,0.500,0,5393432,174776,173016,2271244,86427.168,9399.170,0,723.859,0,27.995,1752,1720,1.070,1.680,1.250,1,0,0,0,0,18,320,0,9,0
12-05 07:12:32,8.747,1.499,86.719,1.000,0.250,5393072,174776,173016,2271604,262897.272,18222.503,0,1879.330,0,77.972,2046,2128,0.980,1.650,1.240,3,0,1.000,0,0,18,320,0,7,0
12-05 07:12:33,8.490,3.995,85.400,1.498,0,5393412,174048,173132,2271888,89814.815,16544.624,27.967,56997.249,3.995,347.593,2418,2554,0.980,1.650,1.240,2,0,0,0,0,18,320,0,7,0
12-05 07:12:34,14.265,1.502,81.834,0.501,0,5400816,157668,173204,2280756,69081.961,11238.544,104.107,844.868,6.006,28.029,1699,1535,0.980,1.650,1.240,1,0,1.001,0,0,18,320,0,7,0
12-05 07:12:35,3.749,2.000,89.733,0.250,0,5393444,155904,173216,2289844,5040303.687,122369.220,0,1791.666,0,15.997,9444,7390,0.980,1.650,1.240,1,0,1.000,0,0,18,320,0,7,0
12-05 07:12:36,4.258,2.505,88.917,0.501,0,5394108,142408,173260,2302600,7196858.471,162585.375,0,4865.138,0,50.094,11606,9443,0.980,1.650,1.240,1,0,2.004,0,0,18,320,0,5,0
12-05 07:12:37,5.751,2.000,88.015,0.750,0,5394264,123124,173328,2321596,6215561.969,164608.230,164.028,12778.191,4.001,63.011,10995,7901,0.900,1.620,1.230,1,0,1.000,0,0,18,320,0,5,0
12-05 07:12:38,22.423,1.993,73.498,0.498,0,5388620,122368,173628,2327588,200779.251,6315.367,0,1746.019,0,74.744,2409,2048,0.900,1.620,1.230,2,0,0.997,0,0,18,320,0,5,0
12-05 07:12:39,22.548,4.760,70.652,1.002,0,5384156,144688,175436,2308372,2603.595,1503.230,0,41104.326,0,637.370,3039,2689,0.900,1.620,1.230,3,0,0,0,0,18,320,0,5,0
12-05 07:12:40,23.750,2.750,71.749,0.500,0,5396632,133152,175880,2307688,2734.962,1457.979,0,1163.984,0,31.000,2171,1896,0.900,1.620,1.230,2,0,0,0,0,18,320,0,4,0
12-05 07:12:41,24.706,1.996,71.873,0.250,0.250,5394048,129452,176048,2313304,2533.507,1455.419,0,870.456,0,28.949,2262,2045,0.900,1.620,1.230,2,0,0,0,0,18,320,0,4,0
12-05 07:12:42,23.026,4.005,71.081,1.001,0,5409852,128028,176712,2299092,2661.018,1459.655,0,1669.894,0,73.083,2364,2156,0.910,1.610,1.230,2,0,1.001,0,0,18,320,0,4,0
12-05 07:12:43,22.478,4.496,70.681,0.749,0,5393620,141496,177388,2300212,2595.468,1456.579,0,2125.926,0,65.936,2375,1985,0.910,1.610,1.230,2,0,0,0,0,18,320,0,4,0
12-05 07:12:44,24.790,3.005,70.363,0.751,0,5400456,121916,177852,2311716,2782.470,1460.346,0,1173.886,0,41.066,2273,1918,0.910,1.610,1.230,2,0,6.010,0,0,18,320,0,1,0
12-05 07:12:45,25.514,4.252,69.289,0,0,5411744,125172,179064,2295916,2676.497,1458.816,0,512.286,0,19.011,2598,2329,0.910,1.610,1.230,3,0,3.002,0,0,18,320,0,1,0
12-05 07:12:46,27.182,2.494,68.328,0.499,0,5402592,123392,179328,2305948,2591.480,1454.341,0,1891.242,0,25.935,2762,2508,0.910,1.610,1.230,2,0,1.995,0,0,18,320,0,3,0
12-05 07:12:47,27.819,5.263,65.162,1.002,0,5447092,111600,180240,2272424,2682.662,1555.864,0,2353.846,0,85.212,2946,2734,0.920,1.600,1.230,2,0,1.002,0,0,18,320,0,3,0
12-05 07:12:48,23.287,3.005,72.113,0.250,0,5407604,190088,180696,2233056,3255.111,1971.095,0,1322.076,0,44.069,2263,1923,0.920,1.600,1.230,2,0,2.003,0,0,18,318,0,3,0
12-05 07:12:49,23.295,3.757,71.890,0.501,0,5437276,160360,180716,2233088,2783.408,1460.838,0,1082.102,0,38.074,2414,2227,0.920,1.600,1.230,3,0,17.033,0,0,18,318,0,3,0
12-05 07:12:50,18.631,2.236,77.256,0,0,5409464,183716,180752,2237508,8802.737,4006.393,0,1943.578,0,174.882,2029,1670,0.920,1.600,1.230,2,0,16.892,0,0,18,318,0,3,0
12-05 07:12:51,23.840,3.262,72.274,0.251,0,5443888,147944,180772,2238812,4234.053,1463.549,0,678.573,0,25.095,2203,2051,0.920,1.600,1.230,2,0,2.008,0,0,18,318,0,3,0
12-05 07:12:52,19.202,2.244,76.309,0.249,0,5466000,124792,180772,2239852,9266.854,4511.731,0,299.253,0,18.953,2125,1910,1.010,1.610,1.230,2,0,16.958,0,0,18,319,0,3,0
12-05 07:12:53,24.813,4.762,67.923,0,0.251,5461288,124808,181028,2244148,2947.503,1636.165,0,1086.766,0,23.059,9676,18042,1.010,1.610,1.230,2,0,11.028,0,0,18,318,0,3,0
12-05 07:12:54,21.995,4.999,72.484,0,0,5461296,124556,181060,2244356,2819.376,1619.642,0,9949.799,0,48.989,2017,1476,1.010,1.610,1.230,3,0,3.999,0,0,18,318,0,3,0
12-05 07:12:55,22.986,6.246,68.207,0,0,5440964,144788,181068,2244448,2673.317,1457.083,0,0,0,0,8549,15489,1.010,1.610,1.230,4,0,11.992,0,0,18,318,0,3,0
12-05 07:12:56,20.383,5.469,72.334,0,0,5441328,144308,181104,2244528,2284.874,1449.672,0,524.984,0,10.937,2153,1726,1.010,1.610,1.230,1,0,6.960,0,0,18,318,0,3,0
12-05 07:12:57,22.116,4.775,73.135,0.503,0,5392780,204256,181108,2233176,2310.148,1465.708,0,325.713,0,13.069,2021,1542,1,1.600,1.230,2,0,1.005,0,0,18,318,0,3,0
12-05 07:12:58,22.204,3.742,72.350,0.499,0,5406696,188156,181336,2235112,2694.428,1616.657,247.488,3.992,3.992,0.998,2066,1672,1,1.600,1.230,2,0,4.990,0,0,18,318,0,3,0
12-05 07:12:59,21.294,3.758,70.144,3.507,0,5415096,178328,181376,2236496,2543.223,1461.000,412.848,6256.849,12.025,95.195,3483,4304,1,1.600,1.230,2,1,0,0,0,18,319,0,3,0
12-05 07:13:00,24.832,4.766,66.720,1.505,0,5415488,177320,181376,2237112,4369.424,1462.829,481.590,2716.969,25.083,450.487,6701,9302,1,1.600,1.230,3,0,1.003,0,0,18,321,0,8,0
12-05 07:13:01,16.541,13.784,67.165,1.253,0,5375280,216940,181376,2237700,2604.404,1461.594,481.183,2145.275,23.057,195.481,6006,6512,1,1.600,1.230,2,0,248.611,0,0,18,320,0,8,0
12-05 07:13:02,14.170,13.176,70.355,1.243,0,5382740,208524,181376,2238660,2863.928,1610.959,938.732,381.857,11.933,12.927,4379,3452,1,1.590,1.230,1,1,189.934,0,0,18,320,0,10,0
12-05 07:13:03,7.275,3.763,71.745,16.306,0,5356080,215364,181376,2258468,3031.338,1462.989,19903.877,3576.196,1387.733,172.589,3653,5093,1,1.590,1.230,1,1,10.034,0,0,18,320,0,10,0
12-05 07:13:04,5.722,2.488,72.150,17.167,0,5354332,194380,181376,2281184,2764.580,1450.957,22570.439,469.720,2086.870,12.937,3865,5951,1,1.590,1.230,2,0,0,0,0,18,320,0,10,0
12-05 07:13:05,6.512,2.254,89.665,0,0,5356964,191760,181376,2281180,3473.376,2477.548,0,829.523,0,8.015,1428,1599,1,1.590,1.230,1,0,6.011,0,0,18,321,0,10,0
12-05 07:13:06,2.248,0.999,95.175,0.250,0,5354528,194196,181376,2281180,44790.526,3819.975,0,279.778,0,26.979,1291,1826,1,1.590,1.230,2,0,0,0,0,18,321,0,10,0
12-05 07:13:07,24.412,7.224,66.509,0.249,0.249,5334228,213892,181388,2281772,20594.509,4289.485,143.481,924.656,5.978,16.939,3121,2503,0.920,1.560,1.220,6,0,28.895,0,0,18,316,0,13,0
12-05 07:13:08,45.870,9.776,43.865,0.251,0,5113656,434444,181388,2281772,2604.800,1461.816,4.010,220.576,1.003,13.034,3079,1664,0.920,1.560,1.220,4,0,4.010,0,0,18,304,0,15,0
12-05 07:13:09,64.027,12.005,23.010,0,0,5181848,366244,181388,2281780,2599.111,1458.624,0,25622.956,0,476.204,4141,2223,0.920,1.560,1.220,4,0,0,0,0,18,304,0,15,0
12-05 07:13:10,65.571,10.261,23.275,0.250,0,5223280,324824,181388,2281968,2918.159,1459.580,0,2538.748,0,344.373,4054,1599,0.920,1.560,1.220,4,0,1.001,0,0,18,304,0,15,0
12-05 07:13:11,72.036,10.718,15.953,0.499,0,5259576,288284,181396,2282204,2650.114,1453.674,163.513,1032.926,6.979,61.816,4740,4134,0.920,1.560,1.220,5,0,4.985,0,0,18,298,0,16,0
12-05 07:13:12,87.164,12.596,0.756,0,0,5165284,382368,181396,2282424,2617.930,1469.185,0,64.491,0,7.054,5108,3851,1.250,1.620,1.240,5,0,8.061,0,0,18,288,0,18,0
12-05 07:13:13,76.535,8.476,14.958,0,0,5283056,264436,181396,2282584,2784.181,1549.648,0,203.429,0,1.994,4445,2614,1.250,1.620,1.240,4,0,0.997,0,0,18,286,0,20,0
12-05 07:13:14,58.669,10.781,29.836,0,0,5369596,176776,181396,2283704,4410.723,1462.218,0,68846.592,0,518.496,5922,8129,1.250,1.620,1.240,5,0,2.006,0,0,18,294,0,21,0
12-05 07:13:15,45.034,9.952,37.321,7.464,0,5444384,130020,181304,2255876,7330.842,4050.574,632.964,33184.847,12.938,1328.628,8471,13072,1.250,1.620,1.240,7,0,6.967,0,0,18,298,0,28,0
12-05 07:13:16,50.286,6.789,41.737,0,0,5474072,130152,181064,2226496,88607.803,44647.857,514.928,362.059,4.023,24.137,5708,5950,1.250,1.620,1.240,4,0,4.023,0,0,18,299,0,28,0
12-05 07:13:17,28.580,4.681,64.305,0.246,0,5342452,289452,181068,2199140,49509.457,24025.938,252.293,382.381,1.971,32.522,3682,3573,1.310,1.620,1.250,3,0,3.942,0,0,18,289,0,29,0
12-05 07:13:18,15.478,1.776,81.704,0,0,5356164,275576,181068,2199304,42232.267,20792.363,0,613.033,0,14.209,2470,2679,1.310,1.620,1.250,2,0,0,0,0,18,294,0,29,0
12-05 07:13:19,15.602,1.486,79.990,0.248,0,5356132,275576,181068,2199336,40948.996,19560.184,3.962,1569.094,0.991,56.464,2954,3543,1.310,1.620,1.250,2,0,0,0,0,18,295,0,29,0
12-05 07:13:20,1.002,6.513,91.186,0.501,0,5363564,268136,181068,2199344,2397.902,1298.655,0,57261.060,0,372.762,1980,1853,1.310,1.620,1.250,1,0,0,0,0,18,295,0,29,0
12-05 07:13:21,1.754,1.002,95.949,0,0,5363560,268136,181068,2199348,2380.946,1340.785,0,260.541,0,21.044,1165,1756,1.310,1.620,1.250,1,0,0,0,0,18,295,0,29,0
12-05 07:13:22,1.752,0.751,96.342,0.250,0,5363780,267912,181068,2199352,3999.823,1297.240,4.004,212.203,1.001,22.021,1050,1640,1.210,1.600,1.240,1,0,1.001,0,0,18,295,0,29,0
12-05 07:13:23,1.993,1.495,94.927,0.498,0,5363740,267912,181068,2199392,2326.097,1130.160,0,1259.720,0,69.763,1303,1777,1.210,1.600,1.240,1,0,0,0,0,18,295,0,29,0
12-05 07:13:24,1.503,0.251,96.723,0,0,5363740,267912,181068,2199392,2622.043,1298.994,0,52.120,0,7.016,992,1495,1.210,1.600,1.240,2,0,0,0,0,18,295,0,29,0
12-05 07:13:25,1.251,1.001,96.313,0.250,0,5363700,267912,181068,2199432,917.597,0,32.021,156.101,1.001,18.012,1069,1653,1.210,1.600,1.240,1,0,0,0,0,18,295,0,29,0
12-05 07:13:26,1.497,0.998,96.794,0,0,5363700,267912,181068,2199432,2772.106,1454.907,0,283.397,0,17.962,1026,1438,1.210,1.600,1.240,1,0,0,0,0,18,295,0,29,0
12-05 07:13:27,1.251,0.501,96.608,0,0,5363700,267912,181068,2199432,4222.714,1459.630,0,36.040,0,5.006,938,1296,1.110,1.570,1.240,1,0,0,0,0,18,295,0,29,0
12-05 07:13:28,9.251,4.001,85.013,0,0,5358676,272936,181068,2199432,2598.405,1458.227,0,320.050,0,25.004,2639,10305,1.110,1.570,1.240,1,0,36.006,0,0,18,295,0,30,0
12-05 07:13:29,2.490,1.245,94.132,0.249,0,5358672,272936,181068,2199436,2587.873,1452.317,0,239.065,0,36.856,1422,2141,1.110,1.570,1.240,1,0,0,0,0,18,295,0,29,0
12-05 07:13:30,1.253,1.253,97.000,0.251,0,5358668,272936,181068,2199440,2804.234,1461.771,0,2979.687,0,24.062,978,1402,1.110,1.570,1.240,1,0,0,0,0,18,295,0,29,0
12-05 07:13:31,1.503,0.501,96.460,0,0,5358668,272936,181068,2199440,2543.531,1461.177,0,52.113,0,6.013,972,1356,1.110,1.570,1.240,1,0,0,0,0,18,295,0,29,0
12-05 07:13:32,3.505,3.004,90.133,2.253,0,5359492,271928,181068,2199624,2541.763,1460.162,180.267,344.510,9.013,23.034,1677,1802,1.020,1.540,1.230,4,0,37.055,0,0,18,295,0,29,0
12-05 07:13:33,8.747,20.742,68.473,0,0,5379976,251408,181068,2199660,2656.943,1457.420,0,63.975,0,7.997,6252,5439,1.020,1.540,1.230,2,0,517.794,0,0,18,295,0,29,0
12-05 07:13:34,8.019,20.047,70.666,0,0,5390172,241184,181068,2199688,2964.964,1461.433,0,0,0,0,6160,5350,1.020,1.540,1.230,2,0,457.074,0,0,18,295,0,29,0
12-05 07:13:35,8.000,20.749,69.497,0,0,5387940,243344,181068,2199760,2794.887,1457.941,31.999,255.990,1.000,17.999,6592,5760,1.020,1.540,1.230,1,0,518.979,0,0,18,295,0,29,0
12-05 07:13:36,9.003,20.756,68.019,0.750,0,5379488,251736,181068,2199820,2598.725,1458.407,20.006,4469.248,1.000,545.152,7347,6708,1.020,1.540,1.230,4,0,591.165,0,0,18,295,0,29,0
12-05 07:13:37,9.215,5.728,71.232,12.951,0,5398384,199104,181240,2233384,2528.494,1452.539,33597.683,95.640,305.850,11.955,2651,2751,1.100,1.550,1.230,2,0,74.719,0,0,18,295,0,29,0
12-05 07:13:38,19.796,2.756,71.167,5.513,0,5411692,184432,181256,2234732,2664.243,1461.425,1363.195,473.109,26.061,40.094,2602,2467,1.100,1.550,1.230,2,0,16.038,0,0,18,295,0,29,0
12-05 07:13:39,6.480,2.742,85.241,1.745,0,5410960,184120,181388,2235644,1575505.077,66854.999,139.576,299.092,5.982,40.876,4971,3969,1.100,1.550,1.230,1,0,10.967,0,0,18,296,0,29,0
12-05 07:13:40,2.001,0.750,94.061,0.250,0,5411032,182888,181388,2236804,1160509.750,61980.310,0,112.073,0,8.005,2831,1783,1.100,1.550,1.230,3,0,0,0,0,18,296,0,29,0
12-05 07:13:41,1.249,0.999,97.169,0,0,5411032,182888,181388,2236804,5681.275,1588.679,0,3720.905,0,116.903,996,1324,1.100,1.550,1.230,1,0,0,0,0,18,296,0,29,0
12-05 07:13:42,1.751,0.751,96.832,0,0,5410324,183684,181388,2236808,4175.548,1525.296,0,356.303,0,17.014,996,1365,1.010,1.520,1.230,1,0,1.001,0,0,18,296,0,29,0
12-05 07:13:43,1.247,0.249,96.798,0,0.249,5407920,186088,181388,2236808,4402.825,1520.831,0,31.933,0,3.992,879,1268,1.010,1.520,1.230,1,0,0,0,0,18,296,0,29,0
12-05 07:13:44,1.002,1.002,96.917,0,0,5405816,188192,181388,2236808,4091.066,1418.450,0,0,0,0,916,1267,1.010,1.520,1.230,2,0,3.005,0,0,18,296,0,29,0
12-05 07:13:45,1.751,1.251,95.553,0,0,5404216,189784,181388,2236816,6942.837,1254.693,0,88.049,0,11.006,1188,1674,1.010,1.520,1.230,2,0,3.002,0,0,18,296,0,29,0
12-05 07:13:46,2.742,0.499,94.983,0.249,0,5402596,191396,181388,2236824,5670.054,1573.575,0,358.990,0,26.924,1265,1730,1.010,1.520,1.230,1,0,0.997,0,0,18,296,0,29,0
12-05 07:13:47,9.320,3.023,85.137,0.252,0,5402764,190060,181392,2237988,1221512.103,34833.618,4.030,2611.539,1.008,54.407,4261,4768,0.930,1.500,1.220,7,0,3.023,0,0,18,296,0,29,0
12-05 07:13:48,14.429,3.483,74.881,5.224,0,5414320,176552,181544,2239792,1178650.169,29615.916,736.368,2989.255,71.647,70.652,4999,4918,0.930,1.500,1.220,1,1,4.975,0,0,18,295,0,32,0
12-05 07:13:49,11.292,9.034,69.761,8.783,0,5444012,124328,182080,2261724,2768.338,1517.667,3910.603,21058.639,92.345,418.563,4804,6026,0.930,1.500,1.220,2,0,53.199,0,0,18,295,0,32,0
12-05 07:13:50,7.985,15.222,69.871,4.741,0,5435144,124484,182728,2269708,2789.839,1455.308,0,17172.232,0,1858.562,8985,12223,0.930,1.500,1.220,2,1,132.754,0,0,18,295,0,30,0
12-05 07:13:51,24.185,7.480,66.073,1.247,0,5421692,137296,182748,2270296,2858.331,1561.810,15.957,2644.904,0.997,333.106,3481,2878,0.930,1.500,1.220,2,0,29.920,0,0,18,295,0,30,0
12-05 07:13:52,23.833,7.275,66.230,0.753,0,5426056,132080,182804,2271072,2873.967,1463.074,0,1649.721,0,104.362,3728,3450,1.020,1.510,1.220,2,0,30.104,0,0,18,295,0,30,0
12-05 07:13:53,25.449,6.736,66.616,0.748,0,5429596,128032,182844,2271540,2606.753,1508.963,0,1788.400,0,111.775,3353,2804,1.020,1.510,1.220,2,0,24.950,0,0,18,295,0,30,0
12-05 07:13:54,24.233,6.246,67.953,0.250,0,5424600,131192,183056,2273128,2802.069,1456.996,0,831.427,0,48.966,3143,2725,1.020,1.510,1.220,2,0,17.988,0,0,18,295,0,30,0
12-05 07:13:55,24.968,4.744,68.661,0.250,0,5425440,127672,183168,2275644,3025.084,1563.976,0,1134.531,0,38.950,2912,2711,1.020,1.510,1.220,2,0,11.984,0,0,18,295,0,30,0
12-05 07:13:56,22.309,4.011,71.438,1.253,0,5426544,124956,183180,2276968,2618.879,1515.982,152.400,561.475,30.079,33.087,3146,3503,1.020,1.510,1.220,3,0,10.026,0,0,18,295,0,30,0
12-05 07:13:57,13.193,9.210,69.447,6.970,0,5466108,128264,183244,2235492,2700.234,1559.206,1377.996,5165.493,47.792,106.536,3705,4299,1.010,1.500,1.220,2,1,23.896,0,0,18,295,0,30,0
12-05 07:13:58,15.546,8.024,70.206,5.015,0,5464060,146896,183408,2217992,4272.537,1624.767,320.942,3008.829,35.103,143.421,2923,2805,1.010,1.500,1.220,2,1,28.082,0,0,18,295,0,30,0
12-05 07:13:59,14.308,8.284,70.787,5.522,0,5479040,138476,183416,2209448,2914.832,1626.603,257.043,3088.537,14.057,61.249,2789,2744,1.010,1.500,1.220,2,0,29.118,0,0,18,295,0,30,0
12-05 07:14:00,25.110,2.486,70.606,0.497,0,5479188,138316,183420,2209472,4546.643,1503.614,31.823,151.157,2.983,7.956,2383,1933,1.010,1.500,1.220,2,0,4.972,0,0,18,295,0,30,0
12-05 07:14:01,18.280,3.756,74.370,3.005,0,5396744,279964,183448,2150960,4252.889,1568.541,228.370,52.084,12.019,7.011,2357,1886,1.010,1.500,1.220,1,0,18.029,0,0,18,295,0,30,0
12-05 07:14:02,1.249,0.749,96.184,0,0,5387308,289396,183448,2150964,2753.097,1580.907,0,1347.069,0,221.847,1121,1501,0.930,1.470,1.220,1,0,0.999,0,0,18,295,0,25,0
12-05 07:14:03,0.999,0.500,97.421,0,0,5385656,291048,183448,2150964,2595.900,1456.821,0,35.971,0,4.996,933,1333,0.930,1.470,1.220,1,0,0,0,0,18,295,0,25,0
12-05 07:14:04,1.252,0.501,97.421,0,0,5382696,294008,183448,2150964,4333.611,1460.565,0,0,0,0,875,1234,0.930,1.470,1.220,1,0,0,0,0,18,295,0,25,0
12-05 07:14:05,1.495,0.498,96.672,0,0,5379004,297700,183448,2150964,3015.765,1560.703,0,0,0,0,956,1315,0.930,1.470,1.220,1,0,0,0,0,18,295,0,25,0
12-05 07:14:06,2.006,1.254,96.027,0,0,5375764,300928,183448,2150976,2702.805,1516.379,0,320.927,0,25.072,1202,1777,0.930,1.470,1.220,1,0,0,0,0,18,295,0,23,0
12-05 07:14:07,2.497,0.749,95.398,0.499,0,5373852,302836,183448,2150980,2595.223,1456.441,0,151.838,0,20.978,1212,1831,0.860,1.450,1.210,1,0,0.999,0,0,18,295,0,23,0
12-05 07:14:08,1.248,0.749,95.606,0,0,5372228,304460,183448,2150980,2856.693,1455.805,0,311.530,0,20.968,1160,1656,0.860,1.450,1.210,1,0,0,0,0,18,295,0,23,0
12-05 07:14:09,3.007,1.002,95.222,0.251,0,5370804,305884,183448,2150980,2692.266,1569.653,0,260.607,0,44.103,1536,2241,0.860,1.450,1.210,2,0,0,0,0,18,295,0,23,0
12-05 07:14:10,2.246,0.998,96.082,0.250,0.250,5369556,307128,183448,2150984,2830.044,1509.357,0,139.755,0,11.979,999,1416,0.860,1.450,1.210,1,0,0,0,0,18,295,0,18,0
12-05 07:14:11,1.501,1.000,96.533,0,0,5368528,308152,183448,2150988,2624.888,1458.493,0,136.046,0,9.003,966,1344,0.860,1.450,1.210,1,0,2.001,0,0,18,295,0,18,0
12-05 07:14:12,1.001,0.751,96.880,0.250,0,5369284,307396,183448,2150988,2749.692,1568.105,0,284.382,0,16.022,976,1347,0.790,1.430,1.200,1,0,1.001,0,0,18,295,0,18,0
12-05 07:14:13,1.498,0.250,96.648,0,0,5361836,314844,183448,2150988,2681.162,1498.414,0,31.966,0,3.996,960,1366,0.790,1.430,1.200,1,0,0,0,0,18,295,0,18,0
12-05 07:14:14,1.000,1.250,97.486,0,0,5361836,314844,183448,2150988,2491.639,1511.781,0,0,0,0,880,1278,0.790,1.430,1.200,1,0,0,0,0,18,295,0,12,0
12-05 07:14:15,1.753,0,96.895,0,0,5361836,314844,183448,2150988,2705.057,1460.190,0,8.012,0,2.003,941,1325,0.790,1.430,1.200,1,0,0,0,0,18,295,0,12,0
12-05 07:14:16,1.246,1.246,94.966,1.246,0,5361832,314844,183448,2150992,4678.009,1561.330,0,2428.736,0,236.293,1169,1380,0.790,1.430,1.200,1,0,0,0,0,18,295,0,12,0
12-05 07:14:17,1.751,0.500,96.793,0.250,0,5360400,316292,183448,2150992,2673.177,1512.666,0,88.039,0,8.004,924,1315,0.720,1.400,1.190,1,0,0,0,0,18,295,0,12,0
12-05 07:14:18,1.502,0.751,96.908,0,0,5360400,316292,183448,2150992,2688.372,1460.375,0,689.121,0,150.244,1006,1352,0.720,1.400,1.190,2,0,0,0,0,18,295,0,4,0
12-05 07:14:19,2.747,0.999,95.155,0.250,0,5360620,316068,183448,2150996,2673.336,1456.549,0,435.566,0,52.947,1442,2227,0.720,1.400,1.190,1,0,0,0,0,18,295,0,4,0
12-05 07:14:20,1.002,0.501,97.206,0,0,5360620,316068,183448,2150996,3185.745,1461.094,0,0,0,0,912,1297,0.720,1.400,1.190,1,0,0,0,0,18,295,0,4,0
12-05 07:14:21,1.250,1.250,96.286,0.500,0,5360608,316068,183448,2151008,2801.041,1500.558,0,888.330,0,33.012,1216,1757,0.720,1.400,1.190,1,0,0,0,0,18,295,0,4,0
12-05 07:14:22,1.746,0.499,96.047,0,0,5360608,316068,183448,2151008,4089.366,1454.928,0,143.697,0,11.975,1103,1657,0.670,1.380,1.190,1,0,0.998,0,0,18,295,0,4,0
12-05 07:14:23,2.253,1.002,95.397,0.250,0,5360564,316068,183448,2151052,2892.453,1568.415,0,380.586,0,26.040,1239,1632,0.670,1.380,1.190,1,0,0,0,0,18,295,0,4,0
12-05 07:14:24,1.000,1.250,97.021,0,0,5360564,316068,183448,2151052,2852.609,1512.323,0,32.007,0,4.001,917,1297,0.670,1.380,1.190,1,0,0,0,0,18,295,0,4,0
12-05 07:14:25,1.745,0.499,95.482,0,0,5360564,316068,183448,2151052,2933.758,1453.915,0,255.283,0,22.936,1188,1804,0.670,1.380,1.190,1,0,0,0,0,18,295,0,4,0
12-05 07:14:26,2.006,0.752,96.529,0,0,5360560,316068,183448,2151056,2752.952,1462.224,0,92.267,0,7.020,1161,1686,0.670,1.380,1.190,1,0,0,0,0,18,295,0,4,0
12-05 07:14:27,1.249,0.999,96.412,0.250,0,5360560,316068,183448,2151056,2535.691,1456.673,0,5634.868,0,34.968,960,1326,0.610,1.350,1.180,3,0,0,0,0,18,295,0,4,0
12-05 07:14:28,7.995,4.497,86.192,0,0,5383968,292660,183448,2154660,2683.196,1457.020,0,87.941,0,6.995,2557,14277,0.610,1.350,1.180,2,0,35.976,0,0,18,295,0,5,0
12-05 07:14:29,2.502,1.251,94.575,0.250,0,5353208,323416,183448,2151060,2882.295,1621.291,0,940.749,0,159.127,1526,2242,0.610,1.350,1.180,2,0,0,0,0,18,295,0,5,0
12-05 07:14:30,1.248,0.749,97.060,0,0.250,5353208,323416,183448,2151060,2816.490,1455.153,0,0,0,0,947,1345,0.610,1.350,1.180,1,0,0,0,0,18,295,0,5,0
12-05 07:14:31,3.272,1.762,93.391,0,0,5361524,315100,183448,2151060,4032.679,1468.076,0,48.332,0,6.041,1234,1487,0.610,1.350,1.180,2,0,5.035,0,0,18,295,0,4,0
12-05 07:14:32,9.677,2.978,71.213,14.888,0,5374988,300484,183724,2151936,2399.919,1447.098,1123.535,57554.384,80.394,80.394,1681,1780,0.640,1.350,1.180,1,1,0.993,0,0,18,295,0,4,0
12-05 07:14:33,5.997,3.998,75.457,12.743,0,5386816,286636,183892,2153788,4966.141,3830.794,2002.847,567.673,475.726,7.995,2001,2374,0.640,1.350,1.180,2,0,0,0,0,18,296,0,4,0
12-05 07:14:34,20.570,2.258,75.508,0.753,0,5386980,285880,183892,2154388,8818.169,7363.191,32.110,0,2.007,0,3052,3781,0.640,1.350,1.180,1,1,0,0,0,18,300,0,4,0
12-05 07:14:35,16.504,4.251,77.019,1.000,0,5397996,274824,183892,2154428,6438.606,7905.972,36.009,660.165,3.001,30.007,2542,2639,0.640,1.350,1.180,1,0,5.001,0,0,18,302,0,5,0
12-05 07:14:36,18.938,1.993,77.246,0.249,0,5385464,287200,183892,2154584,12668.266,6290.278,15.947,275.094,0.997,33.888,2716,2729,0.640,1.350,1.180,2,0,4.984,0,0,18,305,0,6,0
12-05 07:14:37,17.386,4.032,78.113,0,0,5402580,270064,183892,2154604,10650.569,10060.942,0,201.582,0,21.166,2728,2838,0.670,1.340,1.180,1,0,0,0,0,18,306,0,6,0
12-05 07:14:38,17.177,2.987,77.918,0,0,5400648,271992,183892,2154608,6485.393,4889.187,0,211.101,0,20.911,2333,2315,0.670,1.340,1.180,1,0,4.979,0,0,18,306,0,7,0
12-05 07:14:39,17.207,3.741,77.057,0.748,0,5393844,278644,183892,2154760,10253.312,8549.581,0,2350.112,0,371.070,3080,3360,0.670,1.340,1.180,3,0,4.988,0,0,18,305,0,8,0
12-05 07:14:40,14.782,2.505,81.674,0,0,5384248,288220,183892,2154780,13727.276,12010.615,0,196.419,0,20.043,2648,2813,0.670,1.340,1.180,2,0,7.015,0,0,18,305,0,9,0
12-05 07:14:41,13.524,3.757,81.394,0,0,5395288,277160,183892,2154800,13121.197,11919.072,0,372.659,0,13.023,2495,2594,0.670,1.340,1.180,2,0,1.002,0,0,18,305,0,9,1
12-05 07:14:42,50.317,7.971,40.852,0.249,0,5152208,520236,183892,2154804,2600.558,1518.487,0,31.884,0,2.989,3511,1751,0.860,1.370,1.190,3,0,19.928,0,0,18,297,0,12,0
12-05 07:14:43,55.984,10.544,31.884,1.255,0,5211368,461076,183892,2154876,2768.594,1518.358,72.303,12.050,11.046,2.008,3632,1806,0.860,1.370,1.190,5,0,4.017,0,0,18,297,0,12,0
12-05 07:14:44,66.106,9.941,22.367,0.497,0,5145268,527284,183892,2154912,4280.520,1556.733,23.858,1463.290,1.988,95.432,4121,2572,0.860,1.370,1.190,4,0,2.982,0,0,18,287,0,12,0
12-05 07:14:45,71.914,7.517,17.540,2.255,0,5221068,450676,183892,2155720,2620.991,1461.340,428.981,2650.057,29.066,139.318,4429,2757,0.860,1.370,1.190,5,1,11.025,0,0,18,285,0,12,0
12-05 07:14:46,73.722,9.780,2.257,14.042,0,5187748,477652,183892,2162112,2485.501,1462.413,6030.198,204.618,446.347,19.058,5863,5120,0.860,1.370,1.190,4,0,6.018,0,0,18,289,0,12,0
12-05 07:14:47,82.046,10.538,6.774,0,0,5260248,404484,183892,2162844,45669.522,23511.699,20.072,509.837,3.011,38.137,7419,8975,1.670,1.530,1.240,5,0,11.040,0,0,18,279,0,22,0
12-05 07:14:48,62.839,6.209,26.079,4.719,0,5338968,324672,183892,2163936,70863.228,34654.202,933.888,230.492,35.766,22.850,4545,3084,1.670,1.530,1.240,3,0,2.980,0,0,18,280,0,22,0
12-05 07:14:49,50.537,5.726,39.085,3.236,0,5375016,286116,183896,2166440,40069.852,17635.554,545.696,446.117,33.857,49.790,5874,11432,1.670,1.530,1.240,2,0,0,0,0,18,293,0,25,0
12-05 07:14:50,16.428,2.275,79.107,0.253,0,5378768,282336,183896,2166468,41975.871,20146.315,0,226.454,0,23.252,3171,3577,1.670,1.530,1.240,3,0,0,0,0,18,299,0,25,0
12-05 07:14:51,11.160,1.240,85.311,0.248,0,5378624,282336,183896,2166612,32581.689,15794.357,0,432.505,0,27.776,2088,2259,1.670,1.530,1.240,1,0,0,0,0,18,297,0,22,0
12-05 07:14:52,1.754,1.253,95.736,0.251,0,5378864,282096,183896,2166612,2363.818,1461.597,0,1255.089,0,127.313,1245,1823,1.540,1.500,1.240,1,0,0,0,0,18,297,0,22,0
12-05 07:14:53,1.249,0.749,96.137,0,0,5379088,281872,183896,2166612,2535.027,1456.292,0,743.129,0,47.944,1117,1671,1.540,1.500,1.240,1,0,0.999,0,0,18,297,0,22,0
12-05 07:14:54,1.503,0.501,96.953,0,0,5379088,281872,183896,2166612,2705.672,1623.403,0,32.067,0,4.008,894,1307,1.540,1.500,1.240,1,0,0,0,0,18,297,0,22,0
12-05 07:14:55,1.245,0.996,96.083,0.249,0.249,5378080,282880,183896,2166612,2424.475,1451.698,0,10299.289,0,1274.467,1310,1555,1.540,1.500,1.240,1,0,0,0,0,18,297,0,22,0
12-05 07:14:56,1.001,0.500,96.838,0,0,5372136,288824,183896,2166612,2420.199,1459.326,0,0,0,0,956,1285,1.540,1.500,1.240,1,0,0,0,0,18,297,0,22,0
12-05 07:14:57,1.505,0.502,96.561,0.251,0,5369484,291476,183896,2166612,2500.055,1516.887,0,1203.879,0,9.029,949,1354,1.410,1.480,1.230,1,0,0,0,0,18,297,0,22,0
12-05 07:14:58,1.497,0.748,96.540,0,0,5369312,291644,183896,2166616,2620.296,1562.599,0,0,0,0,924,1288,1.410,1.480,1.230,1,0,0,0,0,18,297,0,22,0
12-05 07:14:59,2.500,0.500,95.737,0,0.250,5369480,291476,183896,2166616,4097.431,1457.798,0,251.965,0,22.997,1149,1692,1.410,1.480,1.230,1,0,0,0,0,18,297,0,22,0
12-05 07:15:00,1.754,1.002,95.215,0.501,0,5367612,293336,183896,2166624,2681.054,1461.300,0,100.226,0,12.027,1228,1843,1.410,1.480,1.230,2,0,0,0,0,18,297,0,22,0
12-05 07:15:01,2.747,1.499,93.908,0,0,5368612,292328,183896,2166632,2595.470,1456.580,0,219.786,0,29.971,1631,2252,1.410,1.480,1.230,2,0,2.997,0,0,18,297,0,22,0
12-05 07:15:02,1.498,0.749,96.393,0.499,0,5368612,292328,183896,2166632,2475.263,1456.390,0,59.934,0,6.992,935,1351,1.300,1.450,1.220,1,0,0,0,0,18,297,0,22,0
12-05 07:15:03,1.253,0.501,96.697,0,0,5368612,292328,183896,2166632,2774.662,1515.092,0,348.712,0,20.041,1030,1429,1.300,1.450,1.220,2,0,1.002,0,0,18,297,0,22,0
12-05 07:15:04,0.999,0.499,97.137,0,0,5368608,292328,183896,2166636,2549.029,1564.177,0,31.963,0,3.995,866,1271,1.300,1.450,1.220,1,0,0,0,0,18,297,0,22,0
12-05 07:15:05,0.749,0.749,96.889,0,0.250,5376072,284864,183896,2166636,2671.942,1456.333,0,0,0,0,896,1292,1.300,1.450,1.220,2,0,0,0,0,18,297,0,22,0
12-05 07:15:06,1.752,1.001,96.132,0.250,0,5376120,284812,183900,2166636,2361.247,1460.008,0,973.339,0,179.247,1331,1811,1.300,1.450,1.220,2,0,2.003,0,0,18,297,0,22,0
12-05 07:15:07,40.333,9.019,46.846,3.006,0,5259872,400612,183912,2167020,4174.573,1605.297,380.782,176.362,31.064,17.035,4210,3160,1.200,1.430,1.210,3,0,72.148,0,0,18,293,0,24,0
12-05 07:15:08,22.583,5.520,70.511,0.502,0,5078092,582336,183912,2167220,4233.651,1965.265,72.267,260.965,5.019,13.048,2415,2072,1.200,1.430,1.210,3,0,7.026,0,0,18,293,0,24,0
12-05 07:15:09,23.357,3.479,71.810,0.248,0,5114120,546300,183912,2167228,4311.567,1628.019,0,190.830,0,25.842,2282,2192,1.200,1.430,1.210,2,0,0,0,0,18,293,0,24,0
12-05 07:15:10,22.855,3.767,69.820,2.512,0,5156684,502984,183912,2168000,2868.148,1464.715,156.718,132.608,19.088,15.069,3397,4699,1.200,1.430,1.210,3,0,5.023,0,0,18,293,0,24,0
12-05 07:15:11,24.120,4.476,69.625,0.249,0,5217804,441452,183912,2168412,2790.969,1557.611,171.079,306.350,11.936,31.829,3582,4215,1.200,1.430,1.210,2,0,12.930,0,0,18,297,0,26,0
12-05 07:15:12,21.784,5.759,72.111,0,0,5293580,365672,183912,2168416,2555.943,1514.336,0,160.247,0,12.019,2166,1749,1.260,1.440,1.220,2,0,5.008,0,0,18,297,0,26,0
12-05 07:15:13,25.034,2.253,71.848,0,0,5316024,343040,183912,2168604,2481.370,1642.230,0,284.386,0,16.022,2136,1593,1.260,1.440,1.220,2,0,1.001,0,0,18,297,0,26,0
12-05 07:15:14,5.232,1.246,92.673,0,0,5321420,337640,183912,2168608,2409.500,1452.875,0,0,0,0,1119,1386,1.260,1.440,1.220,1,0,0.996,0,0,18,297,0,26,0
12-05 07:15:15,0.752,0.501,96.721,0.251,0,5316368,342692,183912,2168608,2440.574,1461.337,0,56.128,0,5.011,877,1286,1.260,1.440,1.220,1,0,0,0,0,18,297,0,26,0
12-05 07:15:16,2.250,0.750,96.257,0.250,0,5313224,345836,183912,2168608,3858.286,1458.108,0,356.026,0,17.001,1122,1633,1.260,1.440,1.220,1,0,0,0,0,18,297,0,26,0
12-05 07:15:17,1.746,0.748,96.004,0,0,5306436,352616,183912,2168616,3074.132,1990.905,0,99.745,0,9.974,964,1377,1.160,1.420,1.210,1,0,0,0,0,18,297,0,26,0
12-05 07:15:18,1.002,0.501,97.218,0,0,5301988,357064,183912,2168616,2724.121,1461.283,0,0,0,0,941,1296,1.160,1.420,1.210,1,0,0,0,0,18,297,0,26,0
12-05 07:15:19,2.500,0.750,95.231,0.250,0,5296496,362556,183912,2168616,4351.154,1511.706,0,287.944,0,30.994,1240,1802,1.160,1.420,1.210,1,0,0,0,0,18,297,0,26,0
12-05 07:15:20,1.497,0.998,96.033,0,0,5292784,366268,183912,2168616,2848.566,1454.714,0,87.802,0,11.973,1219,1692,1.160,1.420,1.210,1,0,0,0,0,18,297,0,26,0
12-05 07:15:21,2.006,1.003,94.275,0.501,0,5278872,380172,183916,2168620,2665.771,1644.795,0,5130.957,0,703.049,1939,2417,1.160,1.420,1.210,1,0,0,0,0,18,297,0,26,0
12-05 07:15:22,1.999,1.250,95.218,0.250,0,5276036,383012,183916,2168616,2657.116,1499.501,0,395.868,0,28.990,1310,1982,1.070,1.390,1.210,1,0,0,0,0,18,297,0,26,0
12-05 07:15:23,1.744,1.495,95.447,0.249,0,5272608,386408,183916,2168648,2797.114,1561.041,0,661.897,0,74.762,1301,1597,1.070,1.390,1.210,1,0,0.997,0,0,18,297,0,26,0
12-05 07:15:24,1.254,0.752,96.789,0,0,5271204,387812,183916,2168648,2559.630,1516.521,0,48.144,0,7.021,973,1344,1.070,1.390,1.210,2,0,0,0,0,18,297,0,26,0
12-05 07:15:25,1.750,0.500,96.528,0,0,5262876,396140,183916,2168648,2615.746,1458.416,0,0,0,0,941,1323,1.070,1.390,1.210,1,0,0,0,0,18,297,0,26,0
12-05 07:15:26,0.999,0.499,96.619,0,0,5260148,398864,183916,2168652,2414.732,1456.029,0,0,0,0,910,1297,1.070,1.390,1.210,1,0,0,0,0,18,297,0,26,0
12-05 07:15:27,1.502,0.751,96.847,0,0,5260148,398864,183916,2168652,2480.492,1549.556,0,24.024,0,3.003,939,1305,0.980,1.370,1.200,1,0,0,0,0,18,297,0,26,0
12-05 07:15:28,1.750,0.500,95.523,0.500,0,5260148,398864,183916,2168652,4243.025,1512.365,0,728.176,0,27.007,1233,1785,0.980,1.370,1.200,2,0,0,0,0,18,297,0,26,0
12-05 07:15:29,8.744,4.497,83.691,0.749,0,5264668,394332,183916,2168664,2716.094,1456.978,0,2554.208,0,169.881,2849,9877,0.980,1.370,1.200,1,0,35.975,0,0,18,297,0,27,0
12-05 07:15:30,1.753,1.002,95.924,0,0,5264524,394476,183916,2168664,2828.130,1568.846,0,92.167,0,12.022,1195,1707,0.980,1.370,1.200,1,0,0,0,0,18,297,0,27,0
12-05 07:15:31,2.749,0.750,94.716,0.250,0,5264520,394476,183916,2168668,2657.060,1457.484,0,299.894,0,39.986,1481,2147,0.980,1.370,1.200,3,0,0,0,0,18,297,0,27,0
12-05 07:15:32,1.748,0.999,96.371,0.250,0.250,5264520,394476,183916,2168668,2534.606,1497.994,0,47.936,0,5.992,955,1320,0.900,1.350,1.190,1,0,0,0,0,18,297,0,26,0
12-05 07:15:33,1.001,1.001,96.800,0,0,5264520,394476,183916,2168668,2599.332,1458.747,0,336.172,0,21.011,971,1367,0.900,1.350,1.190,3,0,1.001,0,0,18,297,0,26,0
12-05 07:15:34,1.499,0.750,96.699,0,0,5264516,394476,183916,2168672,3616.104,1511.208,0,31.983,0,3.998,868,1244,0.900,1.350,1.190,1,0,0,0,0,18,297,0,26,0
12-05 07:15:35,1.000,0.750,96.732,0,0,5263996,394996,183916,2168672,4114.242,1457.732,0,0,0,0,855,1229,0.900,1.350,1.190,1,0,0,0,0,18,297,0,26,0
12-05 07:15:36,1.751,1.001,95.829,0.250,0,5264472,394520,183916,2168672,2554.093,1513.240,0,332.272,0,29.024,1183,1759,0.900,1.350,1.190,1,0,0,0,0,18,297,0,25,0
12-05 07:15:37,1.749,0.500,95.440,0,0,5264468,394520,183916,2168676,2222.595,1632.968,0,863.454,0,179.886,1129,1651,0.830,1.320,1.180,1,0,0,0,0,18,297,0,25,0
12-05 07:15:38,10.500,13.251,74.753,0.750,0,5283248,375696,183916,2168720,2598.105,1458.059,24.001,236.010,2.000,23.001,4927,4552,0.830,1.320,1.180,2,0,311.013,0,0,18,297,0,25,0
12-05 07:15:39,23.290,4.007,71.372,0,0,5333648,325296,183916,2168720,2722.653,1502.568,0,228.390,0,25.043,2287,2016,0.830,1.320,1.180,3,0,0,0,0,18,297,0,25,0
12-05 07:15:40,19.940,2.493,76.022,0.249,0,5349260,309672,183920,2168728,9288.162,7870.411,0,187.438,0,19.940,2370,2210,0.830,1.320,1.180,2,0,0,0,0,18,299,0,22,0
12-05 07:15:41,21.050,5.012,72.173,0.752,0,5351980,306676,183920,2169004,6288.085,4854.646,224.539,829.991,13.031,102.245,5005,6646,0.830,1.320,1.180,3,0,1.002,0,0,18,298,0,23,0
12-05 07:15:42,38.271,6.253,51.279,3.002,0,5336268,322336,183924,2169052,3708.067,2663.485,20.011,792.442,2.001,78.044,4065,4212,0.840,1.320,1.180,5,0,25.014,0,0,18,297,0,24,0
12-05 07:15:43,40.695,6.741,50.182,0.749,0,5447504,210952,183924,2169200,4132.383,3399.379,139.810,139.810,5.992,7.989,3073,2044,0.840,1.320,1.180,2,0,5.992,0,0,18,298,0,24,0
12-05 07:15:44,29.263,4.502,64.779,0.750,0,5483100,175168,183932,2169380,39434.394,37123.375,0,2969.310,0,167.074,3855,3940,0.840,1.320,1.180,2,0,0,0,0,18,299,0,29,0
12-05 07:15:45,11.562,17.846,69.124,0,0,5445588,212656,183932,2169404,2834.318,1731.357,0,12.065,0,2.011,5609,4556,0.840,1.320,1.180,2,0,362.962,0,0,18,297,0,31,0
12-05 07:15:46,13.394,9.177,75.899,0,0,5454868,203344,183932,2169436,15315.709,3389.160,0,142.869,0,11.906,3405,2829,0.840,1.320,1.180,2,0,116.081,0,0,18,297,0,33,0
12-05 07:15:47,21.560,4.512,71.949,0.752,0,5488748,169376,183936,2169520,2789.703,1556.297,72.199,509.407,4.011,9.025,2057,1630,0.860,1.310,1.180,2,0,2.006,0,0,18,297,0,33,0
12-05 07:15:48,28.261,7.003,63.775,0.250,0,5525708,153356,183720,2149400,2478.960,1548.600,4.002,180.070,1.000,13.005,2798,2441,0.860,1.310,1.180,2,0,3.001,0,0,18,297,0,23,0
12-05 07:15:49,30.142,3.265,61.290,3.014,0,5533528,140356,183888,2154348,2730.909,1464.925,2270.734,606.869,229.083,14.066,3785,4121,0.860,1.310,1.180,2,0,2.009,0,0,18,297,0,25,0
12-05 07:15:50,24.377,3.731,69.649,0.746,0,5507104,164504,183940,2156520,2854.629,1504.426,943.251,537.295,92.534,32.835,2964,3257,0.860,1.310,1.180,2,0,3.980,0,0,18,297,0,25,0
12-05 07:15:51,26.077,3.761,69.456,0.251,0,5532592,138916,183940,2156620,2862.507,1462.346,0,585.741,0,52.155,3215,3818,0.860,1.310,1.180,3,0,0,0,0,18,298,0,25,0
12-05 07:15:52,24.406,3.985,67.988,1.245,0,5531988,139240,183944,2156896,2657.771,1452.410,15.939,1059.921,0.996,130.498,6797,9444,0.870,1.310,1.180,2,0,0.996,0,0,18,298,0,29,0
12-05 07:15:53,22.449,2.993,70.340,2.993,0,5540860,129468,183944,2157800,2412.511,1454.690,778.229,3998.901,48.889,591.654,3932,4457,0.870,1.310,1.180,2,0,0.998,0,0,18,303,0,26,0
12-05 07:15:54,32.781,3.754,60.307,2.002,0,5541264,138048,183852,2149100,6785.381,4192.943,320.301,6394.013,19.018,568.535,5952,8162,0.870,1.310,1.180,2,0,1.001,0,0,18,308,0,28,0
12-05 07:15:55,9.496,1.749,86.212,0.750,0,5542876,136536,183852,2149064,7103.867,4255.123,15.993,1251.448,1.000,112.950,2469,3620,0.870,1.310,1.180,1,0,1.000,0,0,18,307,0,28,0
12-05 07:15:56,9.780,1.505,87.266,0.502,0,5546840,132504,183856,2149128,6921.125,3812.637,16.049,485.482,1.003,64.196,2518,3347,0.870,1.310,1.180,1,0,0,0,0,18,307,0,29,0
12-05 07:15:57,13.248,1.750,81.985,0.750,0,5547328,131912,183856,2149232,15406.260,7886.597,63.989,1311.767,3.999,114.980,2878,3768,0.800,1.290,1.170,3,0,0,0,0,18,308,0,29,0
12-05 07:15:58,16.314,3.012,79.062,0.502,0,5547108,131912,183860,2149448,13548.550,6147.297,16.063,1064.206,1.004,102.405,4056,5232,0.800,1.290,1.170,3,0,0,0,0,18,310,0,29,0
12-05 07:15:59,25.547,4.713,64.239,1.984,0,5547908,130960,183860,2149600,4436.718,1500.071,0,4857.373,0,429.584,7271,11169,0.800,1.290,1.170,2,0,0,0,0,18,310,0,30,0
12-05 07:16:00,24.139,5.029,67.387,1.760,0,5549312,129196,183860,2149960,3066.600,1520.728,32.185,1721.882,2.012,213.224,6749,9575,0.800,1.290,1.170,2,0,0,0,0,18,309,0,33,0
12-05 07:16:01,9.470,1.744,85.477,1.495,0.249,5549816,128440,183860,2150212,7070.428,4223.517,0,5626.039,0,391.749,3332,5597,0.800,1.290,1.170,2,0,0,0,0,18,309,0,34,0
12-05 07:16:02,16.024,2.003,78.869,1.002,0,5550364,127696,183864,2150404,24837.360,12956.489,0,1350.031,0,129.194,3312,4129,0.810,1.280,1.170,3,0,0,0,0,18,310,0,35,0
12-05 07:16:03,17.947,4.238,74.032,1.496,0,5550500,127444,183864,2150520,4313.288,1824.623,0,3449.833,0,300.116,5655,8497,0.810,1.280,1.170,3,1,0.997,0,0,18,310,0,36,0
12-05 07:16:04,25.606,4.017,68.533,1.255,0,5550772,126940,183868,2150748,2669.008,1464.038,0,2715.199,0,269.110,6430,9068,0.810,1.280,1.170,2,0,0,0,0,18,310,0,37,0
12-05 07:16:05,25.198,4.241,66.861,0.998,0,5552396,125176,183868,2150888,2637.510,1648.568,0,2642.499,0,262.454,6279,8960,0.810,1.280,1.170,2,0,0,0,0,18,310,0,41,0
12-05 07:16:06,5.760,1.503,90.915,0.250,0,5552376,125176,183868,2150908,6981.648,4232.668,0,1045.895,0,91.165,2097,2957,0.810,1.280,1.170,3,0,0,0,0,18,309,0,41,0
12-05 07:16:07,13.457,2.741,80.742,1.246,0,5552924,124420,183868,2151116,6831.195,4491.663,0,1770.349,0,195.376,3815,5541,0.830,1.280,1.170,3,0,0.997,0,0,18,309,0,42,0
12-05 07:16:08,16.041,2.757,79.201,0.752,0,5553324,123944,183868,2151192,7036.842,4190.626,0,7029.825,0,894.267,4011,5053,0.830,1.280,1.170,3,1,0,0,0,18,309,0,44,0
12-05 07:16:09,10.259,1.501,84.324,1.251,0,5554144,122936,183868,2151380,2720.402,1501.326,148.131,7398.532,8.007,389.344,3010,4500,0.830,1.280,1.170,3,0,0,0,0,18,310,0,42,1
12-05 07:16:10,15.962,1.995,79.808,0.748,0,5554176,122684,183872,2151596,10143.575,5893.808,0,1089.377,0,116.719,3514,4687,0.830,1.280,1.170,1,0,0,0,0,18,310,0,43,0
12-05 07:16:11,14.761,2.002,80.811,1.001,0,5557516,130596,183872,2140636,28435.337,13108.836,0,1156.868,0,137.103,3286,4396,0.830,1.280,1.170,2,0,2.002,0,0,18,310,0,43,0
12-05 07:16:12,15.319,2.009,80.613,0.753,0,5557468,130596,183872,2140684,26374.873,12664.078,0,1068.817,0,122.552,3016,3958,0.760,1.250,1.170,3,0,0,0,0,18,310,0,43,0
12-05 07:16:13,14.990,2.498,80.199,0.750,0,5557296,130596,183872,2140856,19330.727,8457.630,0,883.439,0,97.938,3672,4999,0.760,1.250,1.170,2,0,0.999,0,0,18,310,0,41,0
12-05 07:16:14,26.236,4.747,65.715,1.499,0,5557404,130344,183872,2141000,4275.725,1457.225,0,3106.347,0,333.822,7053,10586,0.760,1.250,1.170,3,0,0,0,0,18,310,0,41,0
12-05 07:16:15,23.764,4.503,68.040,0.750,0,5558128,129336,183872,2141284,2630.553,1512.893,0,1328.784,0,139.082,6333,8889,0.760,1.250,1.170,2,0,0,0,0,18,310,0,42,0
12-05 07:16:16,24.939,4.988,66.836,1.995,0,5557876,129336,183872,2141536,2679.438,1562.174,0,3116.368,0,340.167,7208,10695,0.760,1.250,1.170,2,0,0,0,0,18,310,0,42,0
12-05 07:16:17,23.507,3.751,68.270,1.000,0,5558520,128580,183872,2141648,2598.745,1458.418,0,5469.568,0,383.110,6746,9838,0.860,1.270,1.170,4,0,0,0,0,18,311,0,42,0
12-05 07:16:18,5.996,1.249,90.934,0.250,0.500,5558500,128580,183872,2141668,4334.876,1456.950,0,855.384,0,44.968,2036,2779,0.860,1.270,1.170,2,0,1.999,0,0,18,312,0,42,0
12-05 07:16:19,4.987,1.247,92.515,0.499,0,5558728,128328,183872,2141692,2784.920,1508.166,0,3116.078,0,47.878,1781,2207,0.860,1.270,1.170,1,0,0,0,0,18,312,0,42,0
12-05 07:16:20,8.788,1.507,86.626,0.502,0,5559420,127572,183872,2141756,2807.191,1464.359,0,1104.798,0,87.379,3061,4214,0.860,1.270,1.170,3,0,0,0,0,18,312,0,42,0
12-05 07:16:21,25.395,5.477,64.235,2.241,0,5559156,127572,183872,2142020,2706.820,1493.830,0,3736.566,0,427.235,7777,11968,0.860,1.270,1.170,3,0,0,0,0,18,312,0,43,0
12-05 07:16:22,24.514,4.252,68.039,0.750,0,5562444,124040,183872,2142264,2779.597,1500.862,0,1805.037,0,197.113,6668,9563,0.870,1.260,1.170,2,0,0,0,0,18,312,0,43,0
12-05 07:16:23,27.498,4.500,64.996,1.500,0,5563824,122276,183876,2142644,4493.704,1619.893,223.985,2579.830,13.999,241.984,6441,8865,0.870,1.260,1.170,2,0,1.000,0,0,18,312,0,43,0
12-05 07:16:24,1.991,0.498,95.085,0,0,5563816,122276,183876,2142652,2319.884,1344.139,0,2668.364,0,82.640,1194,1683,0.870,1.260,1.170,1,0,0,0,0,18,311,0,43,0
12-05 07:16:25,16.086,6.786,73.896,2.262,0,5581716,235464,181360,2019552,7162.368,4467.934,4.022,6402.297,1.005,516.768,4875,7439,0.870,1.260,1.170,1,0,0,0,0,18,311,0,47,0
12-05 07:16:26,10.722,1.745,84.280,1.247,0,5582048,234992,181360,2019692,8507.825,4095.326,95.750,1707.549,5.984,181.527,3188,4374,0.870,1.260,1.170,2,0,0,0,0,18,311,0,48,0
12-05 07:16:27,6.766,1.504,89.466,0.501,0,5591300,225668,181364,2019760,2664.427,1461.526,16.039,433.045,1.002,58.140,2164,2814,0.800,1.240,1.160,1,0,0,0,0,18,312,0,48,0
12-05 07:16:28,15.759,3.002,78.296,1.001,0,5592928,223980,181368,2019816,7154.208,4023.367,4.002,7196.233,1.001,925.544,4053,4751,0.800,1.240,1.160,1,0,0,0,0,18,311,0,51,0
12-05 07:16:29,14.293,4.764,78.735,0.501,0,5610252,206508,181368,2019968,2726.144,1462.369,0,589.762,0,51.153,3519,15098,0.800,1.240,1.160,5,0,36.108,0,0,18,312,0,54,0
12-05 07:16:30,17.402,1.740,78.556,0.994,0,5607004,209700,181368,2020024,36672.703,16989.962,0,1352.356,0,156.118,3438,4559,0.800,1.240,1.160,2,0,0,0,0,18,313,0,55,0
12-05 07:16:31,17.181,2.241,77.189,0.747,0,5606080,210620,181368,2020028,17142.952,8280.647,15.936,1390.400,0.996,154.378,3603,4880,0.800,1.240,1.160,1,0,0,0,0,18,313,0,58,0
12-05 07:16:32,14.880,2.018,80.455,0.757,0,5605592,210812,181372,2020320,7231.369,4072.690,0,1295.351,0,156.370,3371,4500,0.740,1.220,1.160,4,0,0,0,0,18,314,0,60,0
12-05 07:16:33,14.486,2.747,80.924,0.999,0,5604696,211588,181372,2020440,23805.733,10815.883,15.985,1294.789,0.999,133.875,3285,4151,0.740,1.220,1.160,4,0,0.999,0,0,18,314,0,60,0
12-05 07:16:34,4.479,1.244,92.320,0.249,0,5604564,211692,181372,2020468,4377.588,1451.233,0,696.751,0,62.708,1843,2618,0.740,1.220,1.160,1,0,0,0,0,18,313,0,60,0
12-05 07:16:35,17.250,3.250,75.249,2.250,0,5606568,209600,181372,2020556,7303.924,4443.954,0,7351.924,0,558.994,4735,7372,0.740,1.220,1.160,1,0,0,0,0,18,313,0,63,0
12-05 07:16:36,13.522,2.254,81.380,0.751,0,5607260,208700,181372,2020764,7346.742,4103.559,0,1245.991,0,121.194,3218,4332,0.740,1.220,1.160,2,0,0,0,0,18,314,0,67,0
12-05 07:16:37,7.035,1.256,89.440,0.251,0,5607480,208448,181372,2020796,3935.380,1760.671,0,719.544,0,71.351,2240,3166,0.680,1.200,1.150,2,0,0,0,0,18,313,0,69,1
12-05 07:16:38,1.986,0.993,95.099,0.497,0,5607480,208448,181372,2020796,4070.128,1448.084,0,516.463,0,47.674,1333,2013,0.680,1.200,1.150,1,0,0,0,0,18,313,0,69,0
12-05 07:16:39,6.771,1.003,90.028,0.251,0,5607700,208196,181372,2020828,2606.053,1462.520,0,670.071,0,64.198,2180,3068,0.680,1.200,1.150,2,0,0,0,0,18,313,0,69,0
12-05 07:16:40,5.502,2.251,91.286,0.500,0,5607672,208196,181372,2020856,2676.063,1458.580,0,1312.522,0,66.026,2096,2962,0.680,1.200,1.150,1,0,0,0,0,18,313,0,70,0
12-05 07:16:41,9.234,1.497,86.347,0.749,0,5607512,208196,181372,2021016,8234.396,3949.994,0,742.683,0,79.858,2411,3274,0.680,1.200,1.150,2,0,0,0,0,18,314,0,70,0
12-05 07:16:42,17.262,2.001,77.804,1.251,0,5607448,208196,181372,2021080,27026.728,14064.746,0,1308.907,0,171.119,4005,5036,0.700,1.200,1.150,1,0,0,0,0,18,313,0,70,0
12-05 07:16:43,11.762,2.503,84.585,0.250,0,5607348,208196,181376,2021176,7175.217,3866.889,32.032,768.773,1.001,70.070,2827,3608,0.700,1.200,1.150,3,0,1.001,0,0,18,314,0,73,0
12-05 07:16:44,6.479,0.997,89.702,0.997,0,5607308,208196,181380,2021212,6729.677,3463.511,0,1223.940,0,150.501,2410,3503,0.700,1.200,1.150,2,0,0,0,0,18,314,0,73,0
12-05 07:16:45,17.518,3.003,76.578,1.251,0,5608360,206936,181380,2021420,18448.757,8387.527,0,1845.877,0,229.233,4169,5695,0.700,1.200,1.150,4,0,6.006,0,0,18,314,0,76,0
12-05 07:16:46,16.792,2.757,76.691,1.504,0.501,5609964,205172,181380,2021580,16615.327,8289.619,0,7498.651,0,526.309,4732,6790,0.700,1.200,1.150,1,0,0,0,0,18,313,0,64,0
12-05 07:16:47,12.715,2.743,81.776,0.997,0,5613876,201140,181380,2021700,2654.740,1547.767,15.956,1160.826,0.997,152.583,3294,4687,0.650,1.180,1.140,3,0,0,0,0,18,313,0,68,0
12-05 07:16:48,7.771,2.256,88.492,0.251,0,5617204,197636,181380,2021876,6797.553,4215.506,0,449.226,0,48.131,2311,3152,0.650,1.180,1.140,2,0,3.008,0,0,18,314,0,69,0
12-05 07:16:49,12.244,2.499,81.960,1.249,0,5616232,198560,181380,2021924,7100.541,4157.974,0,6085.036,0,801.609,3808,4860,0.650,1.180,1.140,1,0,1.999,0,0,18,313,0,69,0
12-05 07:16:50,13.237,2.248,80.673,0.749,0,5616404,198308,181380,2022004,8528.822,3797.359,0,1498.563,0,149.856,3889,5303,0.650,1.180,1.140,2,0,0.999,0,0,18,313,0,68,0
12-05 07:16:51,14.587,2.012,80.226,1.509,0,5618476,196040,181380,2022200,6820.508,3690.921,0,1730.276,0,181.075,3865,5403,0.650,1.180,1.140,2,0,0,0,0,18,313,1,72,0
12-05 07:16:52,14.455,2.243,81.001,0.249,0,5618648,195788,181380,2022280,22110.920,10986.173,0,1128.525,0,108.665,3445,4428,0.600,1.160,1.140,4,0,0,0,0,18,314,0,73,0
12-05 07:16:53,25.554,6.263,63.634,2.505,0,5618704,195536,181380,2022476,2603.490,1461.081,32.068,5503.605,1.002,540.139,7951,12756,0.600,1.160,1.140,2,0,2.004,0,0,18,314,0,73,0
12-05 07:16:54,25.395,4.730,66.225,1.743,0,5619396,194528,181380,2022792,2780.465,1505.753,31.868,7110.501,0.996,528.806,7200,11205,0.600,1.160,1.140,2,0,0,0,0,18,314,0,70,0
12-05 07:16:55,18.671,3.734,74.186,1.494,0.249,5619920,193772,181380,2023024,2663.710,1451.846,0,2473.516,0,236.995,5503,8103,0.600,1.160,1.140,1,0,0,0,0,18,313,0,71,0
12-05 07:16:56,9.331,2.270,86.500,0.504,0,5620604,193016,181380,2023096,2695.368,1525.223,16.140,1170.145,1.009,122.058,2873,4030,0.600,1.160,1.140,4,0,0,0,0,18,314,0,75,0
12-05 07:16:57,6.213,1.740,89.709,0.746,0,5620528,193016,181380,2023172,6678.716,4314.973,31.808,1868.728,0.994,135.185,2248,3292,0.630,1.150,1.140,1,0,0,0,0,18,313,0,75,0
12-05 07:16:58,11.232,1.747,84.116,0.998,0,5620476,193016,181380,2023224,6839.087,4188.317,0,1581.476,0,177.716,3095,4359,0.630,1.150,1.140,1,0,0,0,0,18,313,0,74,0
12-05 07:16:59,18.028,2.504,75.869,1.002,0,5620476,192764,181380,2023476,6864.751,3728.840,0,1898.974,0,217.340,4852,6804,0.630,1.150,1.140,2,0,0,0,0,18,313,0,79,0
12-05 07:17:00,9.795,1.758,87.398,0.502,0,5620568,192512,181380,2023636,2580.757,1605.313,0,859.918,0,72.330,2397,3242,0.630,1.150,1.140,4,0,0,0,0,18,314,0,81,0
12-05 07:17:01,13.643,1.984,81.114,1.240,0,5622488,190500,181380,2023728,27630.366,12989.160,43.658,1547.864,5.953,174.631,3410,4714,0.630,1.150,1.140,3,0,2.977,0,0,18,314,0,81,0
12-05 07:17:02,24.959,4.538,66.304,2.017,0,5621304,191500,181384,2023908,2349.634,1361.376,0,8680.537,0,659.511,7503,12134,1.060,1.230,1.160,3,0,0,0,0,18,314,0,79,0
12-05 07:17:03,24.997,3.750,66.993,2.000,0,5621536,191024,181388,2024148,2717.700,1457.839,0,2191.758,0,273.970,6994,10415,1.060,1.230,1.160,3,0,2.000,0,0,18,314,0,79,0
12-05 07:17:04,24.221,4.245,68.917,0.749,0,5622944,189512,181388,2024252,2774.672,1456.253,0,1066.720,0,100.879,6141,8359,1.060,1.230,1.160,2,0,0,0,0,18,315,0,80,0
12-05 07:17:05,24.511,4.502,67.529,1.251,0,5623160,189008,181388,2024540,4536.979,1458.636,0,2997.307,0,304.133,7299,10657,1.060,1.230,1.160,2,0,0,0,0,18,314,0,80,0
12-05 07:17:06,26.029,4.255,66.323,2.002,0,5622896,189008,181392,2024800,2841.117,1459.601,0,3155.461,0,388.426,7382,11435,1.060,1.230,1.160,2,0,0,0,0,18,314,0,74,0
12-05 07:17:07,25.750,3.750,68.749,0.500,0,5623292,188504,181396,2024904,2731.970,1511.983,0,1619.982,0,153.998,6446,8877,1.050,1.230,1.160,3,0,0,0,0,18,314,0,74,0
12-05 07:17:08,24.441,4.489,66.339,1.496,0,5623780,187748,181396,2025172,2739.364,1562.216,0,7809.083,0,562.637,7272,10760,1.050,1.230,1.160,2,0,0,0,0,18,314,0,75,0
12-05 07:17:09,25.718,5.243,64.919,1.998,0,5622636,188776,181396,2025288,2894.398,1498.136,0,11481.712,0,1406.250,8176,11351,1.050,1.230,1.160,4,0,0,0,0,18,314,0,75,0
12-05 07:17:10,25.856,4.016,67.527,1.255,0,5623388,187772,181396,2025540,2866.746,1646.747,0,1887.735,0,192.790,6738,9456,1.050,1.230,1.160,2,0,0,0,0,18,314,0,72,0
12-05 07:17:11,23.623,3.979,68.384,1.492,0,5623748,187268,181400,2025680,2657.756,1503.940,0,2546.354,0,259.609,6602,9540,1.050,1.230,1.160,5,1,1.989,0,0,18,313,0,73,0
12-05 07:17:12,4.524,1.257,92.247,0.251,0,5623728,187268,181400,2025700,2491.434,1465.904,0,1069.768,0,81.439,1840,2609,0.970,1.210,1.160,9,1,0,0,0,18,314,0,73,0
12-05 07:17:13,3.481,0.995,92.997,0.497,0,5624128,186764,181400,2025804,2822.723,1450.151,0,843.435,0,63.655,1813,2658,0.970,1.210,1.160,2,0,0.995,0,0,18,313,0,73,0
12-05 07:17:14,16.271,3.004,76.851,2.253,0,5624020,186764,181404,2025908,7236.516,4441.841,0,7313.618,0,561.739,4803,7315,0.970,1.210,1.160,1,0,0,0,0,18,313,0,76,0
12-05 07:17:15,15.327,1.759,80.155,0.754,0,5623940,186764,181404,2025988,7448.613,3874.565,0,964.872,0,99.502,3485,4351,0.970,1.210,1.160,3,1,0,0,0,18,313,0,81,0
12-05 07:17:16,14.469,1.746,81.327,0.748,0,5623892,186764,181408,2026032,22392.459,10950.750,0,1121.619,0,123.737,3019,4050,0.970,1.210,1.160,3,0,0,0,0,18,314,0,82,0
12-05 07:17:17,8.694,0.994,88.426,0.248,0,5623868,186764,181408,2026056,22129.444,10756.223,0,476.906,0,24.839,1763,2023,1.050,1.220,1.160,2,0,0,0,0,18,314,0,82,0
12-05 07:17:18,12.528,1.754,84.188,0.752,0,5624192,186260,181408,2026236,2784.227,1461.268,0,1250.797,0,128.287,3389,4723,1.050,1.220,1.160,1,0,0,0,0,18,313,0,85,0
12-05 07:17:19,13.975,3.244,79.608,0.998,0,5624352,185756,181408,2026580,7006.486,4188.519,0,1712.941,0,208.627,3965,5569,1.050,1.220,1.160,1,0,0,0,0,18,313,0,88,0
12-05 07:17:20,10.052,2.010,84.188,1.257,0,5624140,185924,181408,2026624,2749.319,1465.634,0,5118.660,0,664.461,3470,4458,1.050,1.220,1.160,3,0,0,0,0,18,314,0,92,0
12-05 07:17:21,7.978,2.244,87.009,0.748,0,5624088,185924,181408,2026676,6879.906,4184.387,0,1523.771,0,167.535,2986,4488,1.050,1.220,1.160,2,0,0.997,0,0,18,313,0,92,0
12-05 07:17:22,6.731,1.745,89.994,0.748,0,5625072,184916,181408,2026700,2470.980,1453.870,0,1080.929,0,92.737,2165,3155,0.970,1.200,1.150,1,0,0,0,0,18,313,0,93,0
12-05 07:17:23,9.532,2.007,86.792,0.502,0,5625636,184160,181408,2026892,4099.785,1462.919,0,794.672,0,65.219,2468,3082,0.970,1.200,1.150,2,0,1.003,0,0,18,313,0,93,0
12-05 07:17:24,13.475,1.747,82.844,0.250,0,5625576,184160,181408,2026952,9892.384,5880.933,0,714.655,0,54.897,2799,3395,0.970,1.200,1.150,1,0,0,0,0,18,314,0,98,0
12-05 07:17:25,17.864,2.768,75.480,2.013,0,5625456,184160,181412,2027068,23639.236,11211.251,0,7403.049,0,588.742,5303,8131,0.970,1.200,1.150,3,0,0,0,0,18,314,0,98,0
12-05 07:17:26,25.218,4.494,65.666,1.997,0,5625172,184160,181412,2027352,4212.592,1456.131,0,3323.733,0,381.510,7148,11068,0.970,1.200,1.150,1,0,0,0,0,18,314,0,99,0
12-05 07:17:27,24.506,4.751,67.267,1.500,0,5625944,182648,181412,2028092,2538.658,1458.378,0,3660.949,0,262.068,7074,10298,0.970,1.200,1.150,2,0,0,0,0,18,314,0,96,0
12-05 07:17:28,23.541,4.460,68.145,1.239,0,5626540,181892,181412,2028252,2756.521,1445.166,31.718,2418.522,0.991,235.905,6844,9499,0.970,1.200,1.150,1,0,0,0,0,18,313,0,97,0
12-05 07:17:29,11.092,4.034,83.192,0,0,5651436,156960,181412,2028272,4376.408,1470.231,0,798.644,0,52.436,2911,10555,0.970,1.200,1.150,2,0,36.302,0,0,18,314,0,98,0
12-05 07:17:30,16.470,3.244,77.110,1.497,0,5651224,156960,181412,2028484,17852.635,9178.361,0,2044.294,0,233.577,4185,5878,0.970,1.200,1.150,4,0,0,0,0,18,314,0,102,0
12-05 07:17:31,10.711,1.495,84.191,0.498,0,5651184,156960,181412,2028524,11410.156,6134.503,0,1303.221,0,115.576,2681,3735,0.970,1.200,1.150,2,0,0,0,0,18,314,0,92,0
12-05 07:17:32,14.030,3.006,79.418,2.255,0,5648384,159696,181416,2028584,18618.396,9085.224,0,7139.106,0,498.054,3916,6000,1.130,1.230,1.160,1,0,0,0,0,18,313,0,95,0
12-05 07:17:33,13.986,1.249,82.920,0.500,0,5646712,160956,181416,2028996,25617.185,8047.205,243.764,551.466,4.995,42.958,2747,3325,1.130,1.230,1.160,1,0,0.999,0,0,18,315,0,101,0
12-05 07:17:34,4.251,1.250,93.020,0,0,5645512,162148,181416,2029004,19564.179,4082.872,0,288.062,0,15.003,1263,1616,1.130,1.230,1.160,1,0,0,0,0,18,314,0,102,0
12-05 07:17:35,11.503,1.500,86.275,0,0,5645496,162148,181416,2029020,38555.247,12841.746,0,256.075,0,14.004,1869,1898,1.130,1.230,1.160,3,0,0,0,0,18,315,0,98,0
12-05 07:17:36,16.460,1.496,78.059,0.748,0,5645424,162148,181416,2029092,25562.313,11977.627,0,1348.693,0,165.594,3731,5120,1.130,1.230,1.160,4,0,0,0,0,18,315,0,100,0
12-05 07:17:37,10.270,1.503,86.667,0.250,0,5645396,162148,181416,2029120,26325.734,13196.432,0,929.792,0,48.093,2041,2411,1.120,1.220,1.160,2,0,0,0,0,18,315,0,101,0
12-05 07:17:38,11.504,2.251,83.032,1.501,0,5645244,162252,181420,2029164,18896.187,8495.231,0,1488.566,0,190.072,3194,4636,1.120,1.220,1.160,3,0,0,0,0,18,315,0,101,0
12-05 07:17:39,26.144,5.028,64.857,2.011,0,5645092,162104,181420,2029464,7228.770,3730.524,0,3109.105,0,356.964,7098,10761,1.120,1.220,1.160,2,0,0,0,0,18,314,0,95,0
12-05 07:17:40,25.522,4.504,65.807,2.502,0,5645240,161684,181420,2029736,2723.359,1405.217,0,9003.798,0,1099.953,7758,11400,1.120,1.220,1.160,2,0,0,0,0,18,313,0,96,1
12-05 07:17:41,29.471,4.953,61.915,1.238,0,5645116,161684,181420,2029860,20439.811,10286.774,0,2135.813,0,184.258,6707,9708,1.120,1.220,1.160,1,0,0,0,0,18,315,0,100,0
12-05 07:17:42,5.757,1.752,89.858,1.252,0,5645092,161684,181420,2029884,4539.452,1808.172,0,5883.066,0,392.471,2767,4443,1.030,1.200,1.160,1,0,0,0,0,18,313,0,100,0
12-05 07:17:43,18.786,2.254,75.894,0.751,0,5644864,161684,181420,2030112,20958.860,10614.186,0,2023.849,0,163.311,4205,5411,1.030,1.200,1.160,1,0,1.002,0,0,18,314,0,98,0
12-05 07:17:44,13.045,3.010,81.030,0.753,0,5644788,161684,181420,2030188,4401.198,1836.341,0,1661.738,0,142.492,4163,5899,1.030,1.200,1.160,3,0,0,0,0,18,315,0,98,0
12-05 07:17:45,27.332,5.517,62.940,2.257,0,5631712,174500,181428,2030456,3044.188,1462.414,0,4240.800,0,482.456,7477,11503,1.030,1.200,1.160,2,0,6.018,0,0,18,314,0,99,0
12-05 07:17:46,24.346,4.223,68.565,0.994,0,5626528,179568,181428,2030572,2820.112,1448.810,0,1713.134,0,165.947,6581,9166,1.030,1.200,1.160,3,0,0,0,0,18,314,0,102,0
12-05 07:17:47,24.153,4.482,67.976,1.245,0,5626332,179512,181428,2030824,5875.352,4193.123,0,2266.876,0,221.110,5809,8186,1.270,1.250,1.170,2,0,0,0,0,18,314,0,97,0
12-05 07:17:48,7.076,1.264,89.462,0.758,0,5626644,179036,181428,2030988,5400.094,1716.466,0,1888.314,0,114.229,2232,3066,1.270,1.250,1.170,6,0,0,0,0,18,314,0,97,0
12-05 07:17:49,16.650,3.728,74.803,1.740,0,5630800,174776,181432,2031088,6993.165,4384.769,0,6743.657,0,511.937,4887,7752,1.270,1.250,1.170,1,0,2.982,0,0,18,313,0,99,0
12-05 07:17:50,19.759,5.502,69.030,3.502,0,5629752,168264,181440,2038624,5808.564,4170.841,176.078,6887.041,28.012,849.375,5960,5906,1.270,1.250,1.170,1,0,5.002,0,0,18,316,0,104,0
12-05 07:17:51,11.283,2.758,83.242,1.003,0.251,5629832,168012,181444,2038792,3867.227,1757.101,0,1388.029,0,155.451,3538,5068,1.270,1.250,1.170,5,0,1.003,0,0,18,316,0,93,0
12-05 07:17:52,11.204,1.494,84.652,0.498,0,5629740,168012,181444,2038884,6930.539,4338.185,0,1461.996,0,171.297,3262,4890,1.250,1.250,1.170,1,0,0,0,0,18,313,0,95,0
12-05 07:17:53,20.064,2.006,74.991,1.003,0,5630012,167512,181444,2039112,7234.250,5129.486,0,1151.701,0,107.345,3877,4714,1.250,1.250,1.170,1,0,1.003,0,0,18,314,0,96,0
12-05 07:17:54,13.933,1.990,82.105,0.498,0,5629084,168392,181444,2039160,24972.874,11175.244,0,1023.079,0,95.540,2955,3648,1.250,1.250,1.170,1,0,0,0,0,18,314,0,96,0
12-05 07:17:55,10.816,1.509,86.274,0.503,0.252,5628924,168392,181444,2039320,22074.973,10501.735,0,985.984,0,94.574,2417,3146,1.250,1.250,1.170,2,0,0,0,0,18,315,0,92,0
12-05 07:17:56,14.734,1.748,80.913,0.749,0,5629092,168168,181444,2039376,28232.525,13006.960,0,1334.559,0,144.844,3323,4380,1.250,1.250,1.170,3,1,0,0,0,18,313,0,92,0
12-05 07:17:57,14.453,2.243,80.490,0.997,0,5629036,168168,181444,2039432,14166.194,6178.023,0,1965.644,0,202.346,3497,4750,1.230,1.240,1.170,2,0,0,0,0,18,314,0,93,0
12-05 07:17:58,18.555,3.510,74.723,0.752,0,5628840,168168,181444,2039628,16685.703,8492.297,0,2355.015,0,185.553,4986,6925,1.230,1.240,1.170,3,0,0,0,0,18,314,0,93,0
12-05 07:17:59,26.297,5.259,63.113,3.005,0,5628688,168168,181444,2039780,2782.966,1460.606,0,8715.551,0,733.308,8414,13553,1.230,1.240,1.170,4,0,1.002,0,0,18,314,0,93,0
12-05 07:18:00,24.243,3.749,68.482,1.000,0,5629308,167160,181444,2040168,2794.248,1457.608,0,1899.489,0,170.954,6945,9601,1.230,1.240,1.170,2,0,0,0,0,18,314,0,84,0
12-05 07:18:01,24.482,3.997,67.450,1.499,0,5629152,166908,181444,2040576,2476.181,1456.930,95.930,2849.907,4.996,288.788,6902,9850,1.230,1.240,1.170,1,0,0,0,0,18,314,0,88,0
12-05 07:18:02,25.254,4.751,67.512,1.500,0,5629604,166168,181444,2040864,2580.454,1620.285,0,2324.409,0,256.045,6873,9952,1.210,1.240,1.170,2,0,0,0,0,18,314,0,90,0
12-05 07:18:03,25.268,4.753,65.297,2.252,0,5629972,165668,181452,2040988,2479.772,1459.042,0,8438.028,0,686.490,7692,12361,1.210,1.240,1.170,2,0,1.001,0,0,18,314,0,90,0
12-05 07:18:04,24.248,4.000,68.993,0.750,0,5630480,164912,181456,2041232,2417.768,1457.860,0,1367.869,0,132.987,6413,8866,1.210,1.240,1.170,6,0,0,0,0,18,314,0,85,0
12-05 07:18:05,18.741,3.498,75.463,1.000,0,5630256,164912,181456,2041456,6926.623,4368.870,0,1807.119,0,200.902,4785,6974,1.210,1.240,1.170,1,0,0,0,0,18,313,0,87,0
12-05 07:18:06,9.693,1.988,86.242,0.746,0,5630204,164912,181460,2041504,7016.688,4335.474,0,9905.678,0,180.935,3015,4341,1.210,1.240,1.170,1,0,0,0,0,18,313,0,87,0
12-05 07:18:07,8.561,1.007,88.128,0.252,0,5630412,164660,181460,2041548,2374.914,1468.458,0,934.656,0,79.567,2479,3398,1.110,1.220,1.160,5,0,1.007,0,0,18,314,0,87,0
12-05 07:18:08,6.710,1.243,89.472,0.746,0,5630364,164660,181460,2041596,7048.433,4163.447,0,1817.283,0,133.214,2436,3640,1.110,1.220,1.160,1,0,0,0,0,18,313,0,87,0
12-05 07:18:09,11.517,2.003,84.628,1.002,0,5630188,164660,181460,2041772,6970.573,3806.774,0,1338.030,0,140.213,3136,4381,1.110,1.220,1.160,1,0,0,0,0,18,313,0,87,0
12-05 07:18:10,10.720,2.244,84.018,0.997,0,5630116,164660,181460,2041844,7280.896,4246.275,0,1360.244,0,144.601,3240,4710,1.110,1.220,1.160,1,0,0,0,0,18,313,0,87,0
12-05 07:18:11,10.011,2.503,85.343,1.001,0,5630064,164660,181464,2041892,6995.602,3781.109,0,5077.517,0,354.385,3432,5132,1.110,1.220,1.160,1,0,2.002,0,0,18,313,0,88,0
12-05 07:18:12,9.269,1.503,87.682,0.501,0,5630112,164408,181464,2042096,5546.539,3956.230,0,1066.218,0,104.217,2764,3804,1.020,1.200,1.160,1,0,0,0,0,18,314,0,86,0
12-05 07:18:13,4.010,1.253,92.739,0.251,0,5630356,164156,181464,2042104,3862.974,1636.225,0,609.574,0,49.127,1624,2231,1.020,1.200,1.160,6,1,1.003,0,0,18,314,0,86,0
12-05 07:18:14,7.957,1.243,89.019,0.746,0,5630316,164156,181464,2042144,6683.893,3780.577,0,978.713,0,101.452,2396,3411,1.020,1.200,1.160,1,0,0,0,0,18,313,0,86,0
12-05 07:18:15,11.508,2.001,83.559,1.001,0.250,5630116,164156,181464,2042344,7112.054,4189.977,0,1296.922,0,153.109,3299,4571,1.020,1.200,1.160,2,0,0,0,0,18,313,0,86,0
12-05 07:18:16,9.997,1.250,86.723,0.500,0,5630052,164156,181464,2042408,7105.779,3907.778,0,1243.611,0,131.959,2705,3874,1.020,1.200,1.160,1,0,0,0,0,18,313,0,78,0
12-05 07:18:17,11.574,1.510,84.540,0.503,0,5629964,164156,181464,2042496,5699.433,3571.833,0,1280.183,0,105.676,3050,4152,0.940,1.180,1.150,2,0,0,0,0,18,314,0,79,0
12-05 07:18:18,4.215,1.488,91.735,0.992,0,5629952,164156,181464,2042508,3698.167,1618.506,0,876.691,0,90.248,2005,2931,0.940,1.180,1.150,3,0,0,0,0,18,314,0,79,0
12-05 07:18:19,11.555,2.261,85.152,0.754,0.251,5629900,164156,181464,2042560,10064.517,5881.769,0,1599.552,0,145.688,3008,4307,0.940,1.180,1.150,1,0,0,0,0,18,314,0,79,0
12-05 07:18:20,29.223,4.496,61.443,2.248,0,5630160,163652,181468,2042800,18900.513,8461.172,0,8092.513,0,638.409,7830,11616,0.940,1.180,1.150,5,0,0,0,0,18,314,0,71,0
12-05 07:18:21,25.124,5.473,65.422,1.493,0,5630140,163400,181468,2043072,2644.737,1450.725,0,2893.489,0,353.229,7377,11244,0.940,1.180,1.150,4,0,0,0,0,18,314,0,72,0
12-05 07:18:22,24.304,4.761,67.902,0.752,0,5631084,162140,181472,2043384,4061.090,1515.392,0,1567.509,0,157.352,6292,9097,1.030,1.190,1.150,3,0,0,0,0,18,315,0,73,0
12-05 07:18:23,9.257,2.502,85.569,1.501,0,5631084,161888,181472,2043636,5656.574,1459.180,16.013,2005.622,1.001,208.168,3263,4905,1.030,1.190,1.150,2,0,1.001,0,0,18,313,0,74,0
12-05 07:18:24,16.783,3.507,76.900,1.252,0,5631592,161132,181472,2043892,2556.981,1514.951,0,2492.856,0,288.562,4939,7098,1.030,1.190,1.150,3,0,0,0,0,18,313,0,65,0
12-05 07:18:25,4.269,1.507,92.666,0.502,0,5631572,161132,181472,2043912,2821.664,1518.816,0,1028.616,0,62.280,1829,2548,1.030,1.190,1.150,4,0,0,0,0,18,314,0,65,0
12-05 07:18:26,25.173,4.237,67.045,1.994,0,5631776,160640,181472,2044184,2410.630,1453.556,0,7297.689,0,572.250,7146,10889,1.030,1.190,1.150,2,1,0,0,0,18,314,0,65,0
12-05 07:18:27,25.352,5.271,65.011,2.761,0,5632120,160136,181472,2044344,2487.984,1463.875,0,9686.873,0,757.038,7996,12953,1.020,1.190,1.150,1,0,0,0,0,18,314,0,66,0
12-05 07:18:28,23.352,4.472,67.573,0.745,0,5633628,158372,181472,2044600,2609.517,1556.170,0,1804.601,0,148.065,6692,9136,1.020,1.190,1.150,2,0,0,0,0,18,314,0,61,0
12-05 07:18:29,31.303,6.761,59.851,1.002,0,5667092,124648,181472,2048120,2602.384,1460.460,0,2688.529,0,243.410,6676,19801,1.020,1.190,1.150,8,1,36.061,0,0,19,315,0,61,0
12-05 07:18:30,28.798,4.758,62.353,2.003,0,5645544,145932,181472,2045108,5921.780,3450.699,0,3165.227,0,380.629,7820,15233,1.020,1.190,1.150,2,0,0,0,0,18,315,0,62,0
12-05 07:18:31,28.573,5.218,62.363,1.242,0,5647268,143944,181472,2045372,18945.526,8583.775,0,6885.307,0,472.073,7616,11111,1.020,1.190,1.150,2,0,0,0,0,18,315,0,63,0
12-05 07:18:32,3.500,0.500,93.745,0,0,5647248,143944,181472,2045392,2477.872,1457.925,0,343.982,0,14.999,1491,1944,0.940,1.170,1.150,1,0,0,0,0,18,314,0,54,0
12-05 07:18:33,23.385,5.029,68.143,1.509,0,5647144,143944,181476,2045492,2627.145,1605.254,0,2257.012,0,279.612,6744,10073,0.940,1.170,1.150,2,0,1.006,0,0,18,314,0,54,0
12-05 07:18:34,25.015,5.253,66.290,1.751,0,5646892,143944,181476,2045744,2673.630,1512.922,0,2797.705,0,323.197,7340,10973,0.940,1.170,1.150,2,0,0,0,0,18,313,0,55,1
12-05 07:18:35,24.559,3.759,68.164,1.002,0,5646644,143944,181476,2045992,2621.326,1461.527,0,1696.093,0,148.358,6807,9564,0.940,1.170,1.150,2,0,0,0,0,18,314,0,56,0
12-05 07:18:36,24.384,3.981,67.928,1.742,0,5646700,143720,181476,2046160,2539.968,1504.871,31.849,2774.855,0.995,342.378,7669,11336,0.940,1.170,1.150,2,0,0,0,0,18,314,0,46,0
12-05 07:18:37,25.677,5.235,64.815,2.493,0,5646448,143720,181476,2046412,2425.085,1507.701,0,8982.385,0,746.870,8001,12515,0.950,1.160,1.150,2,0,0,0,0,18,314,0,46,0
12-05 07:18:38,24.666,4.782,67.704,1.007,0,5646324,143720,181476,2046536,2690.055,1522.217,0,2746.433,0,234.574,6893,9775,0.950,1.160,1.150,4,0,0,0,0,18,314,0,47,0
12-05 07:18:39,24.409,4.234,68.744,0.996,0,5646088,143720,181476,2046772,2767.679,1452.583,0,1386.829,0,143.465,6594,9353,0.950,1.160,1.150,2,0,0,0,0,18,315,0,49,0
12-05 07:18:40,25.653,3.985,67.494,1.245,0,5646284,143244,181476,2047052,5770.094,4000.811,0,2486.560,0,281.930,6359,8711,0.950,1.160,1.150,1,0,0,0,0,18,314,0,50,0
12-05 07:18:41,10.025,1.504,86.211,0.501,0,5645804,143700,181476,2047076,16243.797,6697.408,0,1082.652,0,112.275,2760,3745,0.950,1.160,1.150,6,0,0,0,0,18,315,0,48,0
12-05 07:18:42,14.726,1.498,80.868,0.749,0,5646236,143224,181476,2047120,34930.843,17726.994,0,5926.303,0,302.505,2877,3556,0.870,1.140,1.140,1,0,0,0,0,18,314,0,48,0
12-05 07:18:43,15.273,3.505,79.118,1.001,0,5646720,142496,181476,2047364,8339.401,4634.892,0,1898.824,0,201.299,4052,5639,0.870,1.140,1.140,2,0,2.003,0,0,18,313,0,49,0
12-05 07:18:44,12.264,2.503,82.347,1.502,0,5646640,142496,181476,2047444,2615.068,1513.776,16.019,1685.978,1.001,181.213,3786,5196,0.870,1.140,1.140,1,0,0,0,0,18,314,0,49,0
12-05 07:18:45,15.687,3.735,77.939,0.996,0,5647824,141240,181476,2047516,6977.159,3847.646,0,5450.252,0,439.247,4476,6518,0.870,1.140,1.140,2,0,5.976,0,0,18,314,0,46,0
12-05 07:18:46,13.600,2.015,82.606,0.504,0,5647752,141240,181476,2047588,22269.491,10960.466,0,1019.485,0,105.777,3171,3998,0.870,1.140,1.140,2,0,0,0,0,18,314,0,48,0
12-05 07:18:47,25.718,4.494,64.670,1.998,0,5647372,141372,181476,2047836,2658.705,1550.079,0,4714.158,0,472.415,7754,12332,1.120,1.190,1.160,2,0,0,0,0,18,314,0,48,0
12-05 07:18:48,25.199,5.239,64.868,2.495,0,5647428,141120,181476,2048032,2472.971,1455.041,31.935,4411.029,0.998,502.977,8009,12643,1.120,1.190,1.160,4,0,0,0,0,18,314,0,48,0
12-05 07:18:49,25.568,5.013,66.678,1.253,0,5648184,140112,181476,2048284,2544.791,1461.901,0,2915.781,0,279.747,7249,10554,1.120,1.190,1.160,3,0,0,0,0,18,314,0,43,0
12-05 07:18:50,25.537,4.006,67.348,1.502,0,5648168,139860,181476,2048552,5860.548,4023.869,0,3965.785,0,286.418,6498,9410,1.120,1.190,1.160,1,0,0,0,0,18,314,0,45,0
12-05 07:18:51,9.261,3.004,84.352,1.502,0,5650872,137116,181476,2048592,5602.789,1820.206,0,7232.764,0,472.573,3841,6065,1.120,1.190,1.160,4,0,3.004,0,0,18,314,0,45,0
12-05 07:18:52,21.003,3.501,71.762,1.750,0,5651344,136360,181476,2048876,6989.135,3909.635,68.011,1708.277,5.001,152.025,4816,6643,1.190,1.210,1.160,4,0,2.000,0,0,18,313,0,47,0
12-05 07:18:53,18.855,2.481,75.173,1.240,0,5650688,136956,181476,2048936,23384.544,10721.720,0,1722.779,0,198.477,4449,5973,1.190,1.210,1.160,2,0,1.985,0,0,18,314,0,39,0
12-05 07:18:54,26.163,5.283,64.904,2.013,0,5650724,136732,181480,2049120,2060.815,1195.434,0,4483.882,0,451.810,7310,11250,1.190,1.210,1.160,3,0,0,0,0,18,314,0,40,0
12-05 07:18:55,23.651,3.983,68.961,0.996,0,5650604,136732,181480,2049240,2926.747,1505.696,0,2545.344,0,270.866,6663,9828,1.190,1.210,1.160,3,0,0,0,0,18,314,0,40,0
12-05 07:18:56,24.095,4.769,68.771,1.004,0,5651188,135976,181480,2049412,2548.057,1463.777,0,2007.925,0,174.689,6385,9154,1.190,1.210,1.160,2,0,0,0,0,18,314,0,40,0
12-05 07:18:57,9.444,1.740,85.496,1.491,0,5651276,135472,181480,2049828,6886.406,4455.734,0,6692.549,0,497.070,3289,4758,1.180,1.200,1.160,1,0,0,0,0,18,313,0,41,0
12-05 07:18:58,19.000,2.000,76.751,0.750,0,5651952,134716,181480,2049908,27032.269,15089.150,0,2152.021,0,163.002,3556,4046,1.180,1.200,1.160,2,0,0,0,0,18,314,0,41,0
12-05 07:18:59,13.264,1.502,83.585,0,0,5652156,134492,181480,2049928,29068.653,13832.110,0,976.997,0,62.063,2166,2389,1.180,1.200,1.160,2,0,0,0,0,18,314,0,41,0
12-05 07:19:00,23.220,2.746,70.909,1.748,0,5651944,134492,181480,2050140,36566.041,18355.428,0,5640.756,0,408.475,4833,6575,1.180,1.200,1.160,2,0,0,0,0,18,314,0,41,0
12-05 07:19:01,15.742,1.249,81.459,0.250,0,5651680,134728,181480,2050168,34364.511,17524.082,0,747.620,0,60.969,2652,2893,1.180,1.200,1.160,1,0,0,0,0,18,314,0,38,0
12-05 07:19:02,14.339,1.761,82.263,0.503,0,5647884,138500,181480,2050192,24762.518,12835.091,0,929.802,0,87.546,2529,2993,1.240,1.220,1.160,3,0,0,0,0,18,314,0,38,0
12-05 07:19:03,17.142,1.739,78.257,0.497,0,5648952,137268,181484,2050384,23374.708,11075.211,0,1220.310,0,120.242,3327,4227,1.240,1.220,1.160,1,0,1.987,0,0,18,314,0,39,0
12-05 07:19:04,24.704,4.285,69.574,1.260,0,5649064,137044,181484,2050496,17455.053,8206.728,0,2145.708,0,214.772,5397,7667,1.240,1.220,1.160,1,0,0,0,0,18,315,0,40,0
12-05 07:19:05,25.407,4.484,65.261,1.495,0,5649272,136568,181484,2050764,4580.246,1745.615,0,4555.338,0,433.415,7723,11684,1.240,1.220,1.160,3,0,0.996,0,0,18,314,0,33,0
12-05 07:19:06,25.131,4.728,67.928,0.746,0,5650420,135308,181484,2050876,2778.807,1504.856,0,1743.722,0,153.272,6420,8957,1.240,1.220,1.160,4,0,0,0,0,18,314,0,35,0
12-05 07:19:07,21.078,3.764,72.269,1.004,0,5649688,135800,181484,2051116,5595.802,4108.272,0,2802.418,0,297.104,5687,8301,1.220,1.210,1.160,1,0,0,0,0,18,314,0,37,0
12-05 07:19:08,13.242,1.999,81.949,1.249,0,5649848,135576,181484,2051180,3893.589,1750.916,0,6448.007,0,450.721,3873,5907,1.220,1.210,1.160,4,0,0,0,0,18,313,0,37,0
12-05 07:19:09,6.523,1.254,90.818,0,0,5650092,135324,181484,2051188,13331.745,6244.896,0,690.421,0,50.176,1915,2593,1.220,1.210,1.160,4,0,0,0,0,18,313,0,36,0
12-05 07:19:10,12.955,1.246,83.458,0.747,0,5650168,135072,181484,2051364,17298.422,8705.514,0,837.069,0,68.759,2802,3586,1.220,1.210,1.160,2,0,0,0,0,18,313,0,37,0
12-05 07:19:11,22.077,4.767,69.743,1.254,0,5650044,135072,181484,2051488,5674.777,3523.279,0,2789.723,0,342.193,6777,10041,1.220,1.210,1.160,4,0,2.007,0,0,18,315,0,38,0
12-05 07:19:12,30.786,4.756,60.321,2.002,0,5650464,134372,181488,2051764,19086.343,8977.509,0,8301.718,0,773.906,7921,11582,1.370,1.240,1.170,2,0,0,0,0,18,314,0,38,0
12-05 07:19:13,24.443,4.739,67.842,1.497,0,5652080,132608,181488,2051896,2799.474,1702.032,0,1851.683,0,164.616,6669,9398,1.370,1.240,1.170,2,0,0.998,0,0,18,314,0,39,0
12-05 07:19:14,18.181,4.234,74.717,0.747,0,5651596,132868,181488,2052120,5633.630,4063.586,0,2004.397,0,207.214,4637,6342,1.370,1.240,1.170,3,0,0,0,0,18,314,0,41,0
12-05 07:19:15,12.262,1.501,83.833,0.751,0,5651792,132616,181488,2052176,8678.638,3858.841,0,1609.602,0,147.146,2948,4140,1.370,1.240,1.170,2,0,0,0,0,18,314,0,43,0
12-05 07:19:16,8.508,2.002,88.336,0.250,0,5651748,132616,181488,2052220,6786.571,3754.635,0,1197.159,0,105.102,2531,3372,1.370,1.240,1.170,3,0,0,0,0,18,315,0,43,0
12-05 07:19:17,31.149,4.773,60.038,2.512,0,5651724,132364,181488,2052496,19214.067,8811.220,16.077,9951.685,1.005,763.659,8254,13054,1.340,1.240,1.170,2,0,0,0,0,18,314,0,43,0
12-05 07:19:18,25.963,3.745,66.655,1.248,0,5652344,131608,181488,2052632,2608.273,1509.843,0,2815.976,0,293.581,6926,10290,1.340,1.240,1.170,4,0,0,0,0,18,314,0,45,0
12-05 07:19:19,23.999,5.000,68.247,1.000,0.500,5652216,130852,181488,2053516,4217.799,1457.930,0,1575.925,0,152.993,6571,9185,1.340,1.240,1.170,3,0,0,0,0,18,314,0,46,0
12-05 07:19:20,25.755,5.251,64.761,2.500,0,5651948,130600,181488,2054036,3295.578,1458.256,0,3224.565,0,394.069,7707,11804,1.340,1.240,1.170,6,1,0,0,0,18,314,0,46,0
12-05 07:19:21,25.984,3.998,66.209,0.999,0,5652184,130096,181488,2054304,2596.411,1457.108,0,2810.280,0,292.821,7264,10874,1.340,1.240,1.170,2,0,0,0,0,18,314,0,46,0
12-05 07:19:22,23.736,4.747,67.459,1.749,0,5652964,129088,181488,2054532,2596.435,1457.122,0,7779.310,0,524.684,7405,10995,1.550,1.280,1.190,3,0,0,0,0,18,314,0,46,0
12-05 07:19:23,13.184,2.736,80.594,1.492,0,5653608,128336,181488,2054640,6804.755,4178.969,0,1504.429,0,186.064,3593,5118,1.550,1.280,1.190,1,0,0.995,0,0,18,313,0,47,0
12-05 07:19:24,9.271,1.253,86.951,0.752,0,5653556,128336,181488,2054692,8489.612,4146.579,0,1523.520,0,167.387,2778,4093,1.550,1.280,1.190,2,0,0,0,0,18,313,0,47,0
12-05 07:19:25,12.241,1.999,83.690,0.250,0,5653504,128336,181488,2054744,5861.788,3612.404,0,991.288,0,88.936,3101,4095,1.550,1.280,1.190,1,0,0,0,0,18,314,0,49,0
12-05 07:19:26,6.241,1.248,90.371,0.749,0,5653068,128724,181488,2054792,3925.384,1803.420,0,1058.486,0,99.857,1904,2615,1.550,1.280,1.190,3,0,0,0,0,18,314,0,46,0
12-05 07:19:27,12.527,1.503,83.929,0.752,0,5653136,128472,181488,2054976,9918.207,5866.544,0,1270.717,0,130.279,2651,3754,1.670,1.310,1.200,2,0,0,0,0,18,314,0,46,0
12-05 07:19:28,19.337,4.269,72.828,1.758,0,5653056,128472,181488,2055056,2670.021,1464.594,0,7140.145,0,615.772,6244,9170,1.670,1.310,1.200,3,0,0,0,0,18,315,0,46,0
12-05 07:19:29,30.669,4.737,59.842,2.244,0,5653300,127968,181488,2055316,17900.687,8692.026,0,4308.612,0,474.745,7956,11809,1.670,1.310,1.200,2,0,0,0,0,18,315,0,46,0
12-05 07:19:30,33.614,8.278,54.937,1.254,0,5684948,160952,179872,1992480,6066.649,3577.176,0,6116.820,0,420.431,8081,21621,1.670,1.310,1.200,2,0,36.123,0,0,18,316,0,45,0
12-05 07:19:31,26.220,4.245,65.923,1.498,0,5684904,160700,179880,1992768,2654.918,1456.310,15.981,4790.440,0.999,336.609,6810,10122,1.670,1.310,1.200,2,0,0,0,0,18,315,0,47,0
12-05 07:19:32,4.974,0.746,92.024,0.249,0,5677516,168064,179880,1992792,7404.708,4380.348,0,779.967,0,48.748,1807,2513,1.530,1.290,1.190,3,0,0,0,0,18,316,0,47,0
12-05 07:19:33,2.502,1.001,95.588,0.250,0,5677760,167816,179880,1992796,2720.516,1501.388,0,580.537,0,37.034,1401,1898,1.530,1.290,1.190,1,0,1.001,0,0,18,315,0,47,0
12-05 07:19:34,2.487,0.995,94.766,0.497,0,5677652,167916,179880,1992804,2539.035,1504.318,0,513.378,0,28.853,1224,1607,1.530,1.290,1.190,1,0,0,0,0,18,315,0,46,0
12-05 07:19:35,2.762,0.753,94.895,0,0,5677648,167916,179880,1992808,2700.254,1518.328,0,445.858,0,27.113,1155,1524,1.530,1.290,1.190,2,0,0,0,0,18,315,0,46,0
12-05 07:19:36,2.999,0.750,94.463,0.500,0,5677484,168076,179880,1992812,2551.012,1511.415,0,535.792,0,42.983,1448,2135,1.530,1.290,1.190,2,0,0,0,0,18,315,0,46,0
12-05 07:19:37,2.997,1.249,93.916,0.250,0,5677376,168172,179880,1992824,2475.797,1456.704,0,575.488,0,50.955,1561,2343,1.650,1.320,1.200,3,0,0,0,0,18,315,0,46,0
12-05 07:19:38,3.756,1.252,93.406,0.250,0,5677368,168172,179880,1992832,2602.336,1460.433,0,560.935,0,49.082,1587,2142,1.650,1.320,1.200,1,0,0,0,0,18,315,0,44,0
12-05 07:19:39,3.496,0.999,94.652,0.250,0,5677360,168172,179880,1992840,2775.130,1456.494,0,459.525,0,32.966,1388,1906,1.650,1.320,1.200,2,0,0,0,0,18,315,0,44,0
12-05 07:19:40,3.245,0.749,94.361,0.250,0,5677348,168172,179880,1992852,2850.791,1455.851,0,355.475,0,28.957,1441,1927,1.650,1.320,1.200,2,0,0,0,0,18,315,0,44,0
12-05 07:19:41,4.765,1.003,91.789,0.502,0,5677336,168172,179880,1992864,5686.884,3576.246,0,549.729,0,64.202,1852,2564,1.650,1.320,1.200,1,0,0,0,0,18,316,0,44,0
12-05 07:19:42,2.749,0.500,95.477,0,0,5677332,168172,179880,1992868,2717.342,1457.647,0,0,0,0,1081,1437,1.520,1.300,1.190,1,0,0,0,0,18,316,0,40,0
12-05 07:19:43,3.240,1.496,94.970,0,0.249,5677448,167920,179880,1993004,2903.425,1507.548,0,2887.472,0,352.958,1310,1615,1.520,1.300,1.190,1,0,0.997,0,0,18,316,0,40,0
12-05 07:19:44,4.011,0.501,94.000,0,0,5677444,167920,179880,1993008,2679.116,1516.027,0,4.011,0,1.003,1323,1622,1.520,1.300,1.190,1,0,2.005,0,0,18,316,0,40,0
12-05 07:19:45,3.995,1.997,92.623,0.749,0,5677624,167668,179880,1993080,2917.016,1521.921,67.907,3.995,2.996,0.999,1427,1604,1.520,1.300,1.190,3,0,5.992,0,0,18,316,0,40,0
12-05 07:19:46,3.498,0.500,94.454,0,0,5677612,167668,179884,1993092,5009.563,1903.074,0,71.965,0,8.996,1242,1552,1.520,1.300,1.190,2,0,0,0,0,18,316,0,37,0
12-05 07:19:47,6.757,1.251,91.099,0.250,0,5677572,167668,179884,1993132,15351.611,8197.870,32.035,448.485,1.001,35.038,1671,2092,1.400,1.270,1.190,1,0,0,0,0,18,316,0,37,0
12-05 07:19:48,2.753,0.250,95.599,0.250,0,5677564,167668,179884,1993140,2901.007,1459.513,0,168.174,0,15.016,1175,1572,1.400,1.270,1.190,1,0,0,0,0,18,316,0,37,0
12-05 07:19:49,2.744,1.497,93.787,0.249,0,5677552,167668,179884,1993152,2711.854,1454.703,0,275.376,0,23.946,1443,1975,1.400,1.270,1.190,1,0,0,0,0,18,316,0,37,0
12-05 07:19:50,3.504,1.502,93.610,0.250,0,5677544,167668,179884,1993160,4348.100,1766.072,0,284.334,0,27.032,1585,2086,1.400,1.270,1.190,1,0,0,0,0,18,315,0,33,0
12-05 07:19:51,3.507,1.002,93.424,0.501,0,5677536,167668,179884,1993168,2723.061,1460.715,0,528.983,0,56.104,1843,2613,1.400,1.270,1.190,1,0,0,0,0,18,315,0,33,0
12-05 07:19:52,3.239,0.249,94.440,0,0,5677532,167668,179884,1993172,2589.494,1453.226,0,247.188,0,22.925,1283,1836,1.280,1.250,1.180,2,0,0,0,0,18,315,0,33,0
12-05 07:19:53,3.507,2.004,93.175,0.250,0,5680272,164908,179884,1993192,2602.900,1460.750,0,88.166,0,6.011,1601,2064,1.280,1.250,1.180,4,0,4.008,0,0,18,316,0,33,0
12-05 07:19:54,4.757,1.502,92.894,0,0,5680492,164684,179884,1993196,2481.845,1460.262,0,52.081,0,4.006,1535,1851,1.280,1.250,1.180,2,0,2.003,0,0,18,315,0,31,0
12-05 07:19:55,5.236,1.247,92.256,0.249,0,5680436,164684,179884,1993252,2681.913,1508.015,31.916,327.136,1.995,26.929,1640,2236,1.280,1.250,1.180,1,0,1.995,0,0,18,315,0,31,0
12-05 07:19:56,2.755,0.751,94.931,0,0,5680428,164684,179884,1993260,2691.144,1568.999,0,196.375,0,1.002,1102,1442,1.280,1.250,1.180,1,0,0,0,0,18,315,0,31,0
12-05 07:19:57,2.752,0.751,95.334,0.250,0,5680420,164684,179888,1993264,2822.480,1621.425,0,428.376,0,36.032,1236,1924,1.180,1.230,1.170,1,0,0,0,0,18,315,0,31,0
12-05 07:19:58,2.742,0.748,94.725,0,0,5680400,164684,179888,1993284,2752.016,1615.314,0,19.942,0,0.997,1185,1513,1.180,1.230,1.170,3,0,0,0,0,18,315,0,28,0
12-05 07:19:59,3.507,1.002,93.944,0.501,0,5680396,164684,179888,1993288,4220.716,1461.017,0,625.291,0,62.128,1442,1921,1.180,1.230,1.170,1,0,0,0,0,18,315,0,28,0
12-05 07:20:00,3.247,1.249,93.407,0.500,0,5680636,164432,179888,1993300,2806.211,1510.499,0,2653.363,0,168.832,1677,2496,1.180,1.230,1.170,1,0,0,0,0,18,315,0,28,0
12-05 07:20:01,3.738,1.495,90.700,1.495,0,5680636,164432,179892,1993296,2683.116,1626.614,99.670,502.337,12.957,47.842,1850,2593,1.180,1.230,1.170,1,0,1.993,0,0,18,315,0,28,0
12-05 07:20:02,2.761,2.008,94.619,0.251,0,5685184,159768,179892,1993412,2734.664,1529.966,0,92.360,0,7.027,1137,1468,1.090,1.210,1.170,1,0,0,0,0,18,315,0,28,0
12-05 07:20:03,3.006,1.002,94.940,0,0,5685404,159544,179892,1993416,2663.324,1460.921,0,1482.965,0,266.533,1303,1478,1.090,1.210,1.170,3,0,1.002,0,0,18,315,0,28,0
12-05 07:20:04,3.234,0.746,94.767,0,0,5685396,159544,179892,1993424,2718.148,1504.334,0,103.473,0,10.944,1129,1485,1.090,1.210,1.170,1,0,0,0,0,18,315,0,28,0
12-05 07:20:05,2.258,0.753,96.076,0,0,5685388,159544,179892,1993432,2878.779,1517.154,0,0,0,0,1082,1427,1.090,1.210,1.170,1,0,0,0,0,18,315,0,28,0
12-05 07:20:06,3.001,1.000,94.520,0.250,0,5684092,160764,179900,1993500,2732.578,1512.320,0,688.146,0,103.022,1395,1911,1.090,1.210,1.170,2,0,2.000,0,0,18,315,0,28,0
12-05 07:20:07,3.763,1.254,93.562,0.251,0.251,5684068,160764,179900,1993524,2666.881,1462.871,0,453.510,0,49.164,1584,2438,1,1.190,1.160,1,0,1.003,0,0,18,315,0,24,0
12-05 07:20:08,3.243,0.998,95.051,0,0,5684288,160540,179900,1993528,2712.319,1454.953,0,251.473,0,18.960,1267,1785,1,1.190,1.160,1,0,0,0,0,18,315,0,24,0
12-05 07:20:09,2.745,0.998,94.321,0.250,0,5684276,160540,179900,1993540,2892.500,1455.233,0,323.385,0,27.947,1310,1837,1,1.190,1.160,2,0,0,0,0,18,315,0,24,0
12-05 07:20:10,3.972,0.745,93.346,0,0,5684272,160540,179900,1993544,3027.787,1584.896,0,309.829,0,29.791,1388,1934,1,1.190,1.160,2,0,0,0,0,18,315,0,24,0
12-05 07:20:11,3.771,1.006,93.527,0.503,0,5684264,160540,179900,1993552,2673.076,1466.269,0,382.155,0,41.233,1558,2249,1,1.190,1.160,1,0,2.011,0,0,18,315,0,21,0
12-05 07:20:12,2.518,0.755,95.933,0.252,0,5684260,160540,179900,1993556,4336.893,1577.235,0,80.574,0,6.043,1017,1385,0.920,1.170,1.150,1,0,0,0,0,18,315,0,21,0
12-05 07:20:13,1.745,0.748,96.227,0,0,5684260,160540,179900,1993556,2650.486,1453.878,0,43.876,0,4.986,1011,1403,0.920,1.170,1.150,2,0,0.997,0,0,18,316,0,21,0
12-05 07:20:14,1.996,0.499,96.057,0,0,5684128,160540,179900,1993688,2532.904,1455.072,0,0,0,0,971,1403,0.920,1.170,1.150,1,0,0,0,0,18,315,0,21,0
12-05 07:20:15,2.751,0.750,95.290,0,0,5684124,160540,179900,1993692,2736.152,1458.614,0,4.002,0,1.000,1075,1448,0.920,1.170,1.150,1,0,0,0,0,18,315,0,15,0
12-05 07:20:16,2.493,0.499,94.986,0,0,5684116,160540,179900,1993700,2909.908,1573.624,0,55.845,0,5.983,1112,1504,0.920,1.170,1.150,1,0,0,0,0,18,315,0,15,0
12-05 07:20:17,3.507,1.503,94.435,0.250,0,5684096,160540,179900,1993720,2751.397,1569.078,0,356.700,0,33.065,1316,1902,0.850,1.150,1.150,1,0,0,0,0,18,315,0,15,0
12-05 07:20:18,2.500,0.250,95.248,0,0,5684092,160540,179900,1993724,2843.928,1523.961,0,115.997,0,8.000,1075,1503,0.850,1.150,1.150,1,0,0,0,0,18,315,0,15,0
12-05 07:20:19,3.507,1.253,93.688,0.251,0,5684088,160540,179900,1993728,2723.472,1460.935,0,1110.231,0,185.372,1457,2025,0.850,1.150,1.150,5,0,0,0,0,18,315,0,10,0
12-05 07:20:20,3.246,1.248,94.121,0.250,0,5684076,160540,179900,1993740,2791.179,1456.007,0,291.601,0,30.958,1529,2052,0.850,1.150,1.150,1,0,0,0,0,18,315,0,10,0
12-05 07:20:21,3.748,1.249,92.695,0.500,0,5684064,160540,179908,1993744,2656.435,1499.117,0,443.739,0,51.969,1757,2622,0.850,1.150,1.150,1,0,0,0,0,18,315,0,10,0
12-05 07:20:22,3.491,0.748,93.506,0,0,5683920,160540,179912,1993884,2798.685,1561.918,0,311.187,0,27.927,1423,1921,0.780,1.130,1.140,2,0,0,0,0,18,315,0,10,0
12-05 07:20:23,3.255,1.502,94.155,0,0,5683880,160540,179912,1993924,4218.929,1460.398,0,124.204,0,8.013,1398,1762,0.780,1.130,1.140,1,0,1.002,0,0,18,315,0,7,0
12-05 07:20:24,2.495,0.250,95.322,0,0,5683872,160540,179912,1993932,4403.766,1509.178,0,0,0,0,1108,1475,0.780,1.130,1.140,1,0,0,0,0,18,315,0,7,0
12-05 07:20:25,4.005,1.251,94.110,0.250,0,5683864,160540,179912,1993940,2618.055,1459.703,0,120.140,0,10.012,1294,1762,0.780,1.130,1.140,1,0,0,0,0,18,315,0,7,0
12-05 07:20:26,1.998,0.749,95.404,0,0,5683860,160540,179912,1993944,2595.387,1456.533,0,0,0,0,1066,1425,0.780,1.130,1.140,2,0,0,0,0,18,315,0,7,0
12-05 07:20:27,3.255,1.001,94.138,0.250,0,5683848,160540,179912,1993956,2782.069,1460.135,0,376.551,0,33.048,1331,1914,0.710,1.110,1.140,1,0,0,0,0,18,315,0,5,0
12-05 07:20:28,2.763,1.005,94.961,0,0,5683844,160540,179912,1993960,2610.680,1465.116,0,204.996,0,11.054,1093,1498,0.710,1.110,1.140,2,0,0,0,0,18,315,0,5,0
12-05 07:20:29,3.238,0.996,94.406,0.498,0,5683832,160540,179912,1993972,2736.039,1560.319,0,267.028,0,22.917,1394,1896,0.710,1.110,1.140,1,0,0,0,0,18,315,0,5,0
12-05 07:20:30,9.733,4.991,81.858,0.998,0,5676344,214784,178516,1949060,2730.253,1455.470,83.854,1110.070,2.995,181.684,2903,10400,0.710,1.110,1.140,1,0,35.938,0,0,18,315,0,6,0
12-05 07:20:31,4.512,2.005,91.497,1.003,0,5683896,207224,178520,1949064,2625.097,1582.278,0,429.160,0,46.125,1746,2416,0.710,1.110,1.140,1,0,0,0,0,18,315,0,4,0
12-05 07:20:32,2.492,0.997,94.935,0,0,5683888,207224,178520,1949072,2529.602,1495.036,0,127.576,0,11.960,1135,1550,0.660,1.090,1.130,1,0,0,0,0,18,315,0,4,0
12-05 07:20:33,2.253,1.252,95.647,0,0,5684108,207000,178520,1949076,2668.105,1568.413,0,108.166,0,2.003,1096,1476,0.660,1.090,1.130,3,0,1.002,0,0,18,316,0,4,0
12-05 07:20:34,2.255,0.501,95.969,0,0,5684104,207000,178520,1949080,2603.955,1461.342,0,52.119,0,4.009,1062,1503,0.660,1.090,1.130,4,0,0,0,0,18,315,0,4,0
12-05 07:20:35,3.493,0.748,93.550,0,0,5683940,207160,178520,1949084,2669.285,1454.885,0,39.915,0,2.994,1187,1591,0.660,1.090,1.130,1,0,0.998,0,0,18,315,0,3,0
12-05 07:20:36,2.751,1.251,94.544,0.250,0,5683836,207256,178520,1949092,2493.173,1512.712,0,256.121,0,23.011,1419,2003,0.660,1.090,1.130,1,0,0,0,0,18,315,0,3,0
12-05 07:20:37,3.253,0.751,94.335,0.250,0,5683832,207256,178520,1949096,2508.254,1567.409,0,324.291,0,33.030,1422,2286,0.600,1.080,1.120,1,0,0,0,0,18,315,0,3,0
12-05 07:20:38,2.500,1.000,95.237,0,0,5683816,207256,178520,1949112,2657.625,1457.794,0,0,0,0,1063,1509,0.600,1.080,1.120,1,0,0,0,0,18,315,0,3,0
12-05 07:20:39,3.746,1.498,92.153,0.999,0,5683812,207256,178520,1949120,4147.634,1456.467,0,2721.135,0,181.809,1855,2777,0.600,1.080,1.120,1,0,0,0,0,18,315,0,3,0
12-05 07:20:40,3.004,1.252,94.384,0.250,0,5683804,207256,178524,1949124,2798.979,1460.076,0,977.390,0,167.238,1485,2030,0.600,1.080,1.120,1,0,0,0,0,18,315,0,3,0
12-05 07:20:41,4.991,0.749,91.833,0,0.250,5683804,207256,178524,1949124,5644.742,3504.631,0,319.420,0,34.937,1692,2449,0.600,1.080,1.120,1,0,0,0,0,18,316,0,3,0
12-05 07:20:42,2.747,0.999,95.160,0.250,0,5684008,207032,178528,1949140,2898.255,1456.620,0,147.860,0,9.991,1110,1487,0.560,1.060,1.120,1,0,0,0,0,18,316,0,3,0
12-05 07:20:43,2.506,1.002,94.971,0,0,5684000,207032,178528,1949148,3247.571,1623.786,0,112.262,0,10.023,1199,1581,0.560,1.060,1.120,1,0,1.002,0,0,18,316,0,3,0
12-05 07:20:44,2.749,0.500,95.232,0,0,5684000,207032,178528,1949148,2777.478,1457.726,0,39.992,0,3.999,1078,1509,0.560,1.060,1.120,1,0,0,0,0,18,316,0,3,0
12-05 07:20:45,3.492,1.497,93.786,0,0,5683992,207032,178528,1949156,4524.664,1454.677,0,3.991,0,0.998,1296,1606,0.560,1.060,1.120,1,0,5.986,0,0,18,316,0,3,0
12-05 07:20:46,3.007,1.002,94.974,0,0,5683988,207032,178528,1949160,2904.838,1503.539,0,56.132,0,6.014,1141,1515,0.560,1.060,1.120,1,0,0,0,0,18,316,0,3,0
12-05 07:20:47,7.233,0.998,89.541,0.249,0,5683956,207032,178536,1949184,19378.852,8483.236,0,263.386,0,25.940,1772,2172,0.510,1.040,1.110,1,0,0,0,0,18,316,0,3,0
12-05 07:20:48,4.003,0.500,94.319,0,0,5683948,207032,178536,1949192,4274.147,1765.300,0,148.109,0,10.007,1279,1586,0.510,1.040,1.110,1,0,0,0,0,18,315,0,3,0
12-05 07:20:49,3.256,1.252,93.934,0.250,0,5683932,207032,178544,1949200,2723.348,1460.869,0,264.519,0,27.053,1440,2026,0.510,1.040,1.110,1,0,0,0,0,18,315,0,3,0
12-05 07:20:50,2.737,1.244,93.321,0.498,0,5683792,207032,178544,1949340,4464.479,1451.329,0,238.902,0,21.899,1407,1995,0.510,1.040,1.110,1,0,0,0,0,18,315,0,3,0
12-05 07:20:51,3.758,1.002,93.707,0,0,5683784,207032,178544,1949348,2826.253,1623.592,0,424.940,0,49.109,1740,2543,0.510,1.040,1.110,1,0,0,0,0,18,315,0,3,0
12-05 07:20:52,3.007,0.752,94.234,0.501,0,5683776,207032,178548,1949352,2604.462,1461.626,0,212.527,0,21.052,1312,1856,0.470,1.020,1.100,2,0,0,0,0,18,315,0,3,0
12-05 07:20:53,1.995,0.998,95.766,0,0,5683772,207032,178548,1949356,2531.818,1454.449,0,147.640,0,8.978,1113,1567,0.470,1.020,1.100,3,0,0.998,0,0,18,316,0,3,0
12-05 07:20:54,4.504,2.002,92.580,0,0,5685736,205044,178548,1949380,2840.439,1459.253,0,160.138,0,10.009,1586,2037,0.470,1.020,1.100,1,0,3.003,0,0,18,315,0,3,0
12-05 07:20:55,11.765,1.752,84.859,0.250,0,5685644,205044,178548,1949472,2808.605,1459.874,64.082,52.067,4.005,4.005,2564,3261,0.470,1.020,1.100,1,0,2.003,0,0,18,315,0,6,0
12-05 07:20:56,4.238,0.997,92.247,0.249,0,5685848,204820,178552,1949488,2471.228,1454.015,0,1571.693,0,254.303,1609,2064,0.470,1.020,1.100,1,0,0.997,0,0,18,315,0,4,0
12-05 07:20:57,2.504,1.002,94.418,0.250,0,5685836,204820,178552,1949500,2302.088,1460.593,0,276.491,0,26.046,1312,1997,0.430,1.010,1.100,1,0,0,0,0,18,315,0,4,0
12-05 07:20:58,3.506,0.751,94.902,0,0,5685828,204820,178552,1949508,2676.290,1514.428,0,144.231,0,10.016,1154,1533,0.430,1.010,1.100,2,0,0,0,0,18,315,0,5,0
12-05 07:20:59,3.237,1.245,93.631,0.249,0,5685824,204820,178552,1949512,2794.995,1559.858,0,262.965,0,22.910,1400,1973,0.430,1.010,1.100,1,0,0,0,0,18,315,0,5,0
12-05 07:21:00,3.008,0.752,94.265,0.251,0,5685820,204820,178552,1949516,2923.210,1462.106,0,244.687,0,23.065,1353,1971,0.430,1.010,1.100,1,0,0,0,0,18,315,0,5,0
12-05 07:21:01,3.751,1.250,93.765,0.250,0,5685820,204820,178552,1949516,2718.427,1458.229,0,512.080,0,67.011,1568,2366,0.430,1.010,1.100,2,0,0,0,0,18,315,0,5,0
12-05 07:21:02,2.745,0.998,94.592,0.250,0,5685796,204820,178560,1949532,2779.370,1521.465,0,195.674,0,15.973,1027,1537,0.400,0.990,1.090,1,0,0,0,0,18,315,0,5,0
12-05 07:21:03,3.255,0.501,95.134,0,0,5685796,204820,178560,1949532,2721.828,1460.053,0,84.118,0,7.010,1076,1512,0.400,0.990,1.090,3,0,1.001,0,0,18,315,0,5,0
12-05 07:21:04,2.253,1.001,95.874,0,0,5685784,204820,178560,1949544,2607.376,1525.976,0,204.264,0,5.006,1004,1405,0.400,0.990,1.090,1,0,0,0,0,18,315,0,5,0
12-05 07:21:05,2.992,0.499,94.511,0,0,5685780,204820,178560,1949548,2608.401,1454.321,0,95.758,0,9.975,1108,1538,0.400,0.990,1.090,2,0,0,0,0,18,315,0,5,0
12-05 07:21:06,3.005,1.002,94.659,0.250,0,5685776,204820,178560,1949552,2361.963,1460.450,0,216.363,0,21.035,1224,1847,0.400,0.990,1.090,1,0,0,0,0,18,315,0,5,0
12-05 07:21:07,3.747,1.499,93.923,0.250,0,5685772,204820,178560,1949556,2577.883,1618.671,0,303.751,0,33.972,1490,2320,0.360,0.970,1.080,3,0,0,0,0,18,315,0,5,0
12-05 07:21:08,2.497,0.499,95.148,0,0,5685756,204820,178560,1949572,2535.285,1456.440,0,143.846,0,9.989,1137,1635,0.360,0.970,1.080,1,0,0,0,0,18,315,0,5,0
12-05 07:21:09,3.002,1.001,94.566,0.500,0,5685752,204820,178560,1949576,4220.959,1459.023,0,236.166,0,23.016,1407,1995,0.360,0.970,1.080,4,0,0,0,0,18,315,0,5,0
12-05 07:21:10,3.498,0.750,94.193,0,0,5685744,204820,178560,1949584,4772.104,1541.065,0,227.862,0,21.987,1400,2056,0.360,0.970,1.080,1,0,0,0,0,18,315,0,5,0
12-05 07:21:11,3.245,1.248,94.098,0.250,0,5685728,204820,178564,1949596,2953.235,1455.651,0,307.504,0,34.944,1579,2384,0.360,0.970,1.080,2,0,1.997,0,0,18,315,0,5,0
12-05 07:21:12,3.260,0.752,95.797,0.251,0,5685076,205340,178564,1949728,2907.009,1462.532,0,1167.618,0,201.625,1132,1494,0.340,0.960,1.080,4,0,0,0,0,18,315,0,5,0
12-05 07:21:13,1.247,0.748,96.553,0,0,5685076,205340,178564,1949728,2712.464,1455.030,0,115.764,0,7.984,987,1425,0.340,0.960,1.080,2,0,0.998,0,0,18,315,0,5,0
12-05 07:21:14,2.501,0.750,95.038,0,0,5685068,205340,178564,1949736,4219.703,1458.589,0,112.045,0,7.003,1095,1480,0.340,0.960,1.080,1,0,0,0,0,18,315,0,5,0
12-05 07:21:15,2.505,1.002,95.690,0.250,0,5685056,205340,178564,1949748,2800.575,1460.908,0,112.223,0,7.014,1056,1532,0.340,0.960,1.080,1,0,0,0,0,18,315,0,5,0
12-05 07:21:16,2.498,0.749,94.906,0,0,5685052,205340,178564,1949752,2697.340,1456.564,0,55.945,0,5.994,1115,1499,0.340,0.960,1.080,1,0,0.999,0,0,18,315,0,5,0
12-05 07:21:17,3.494,1.248,94.340,0,0,5685040,205340,178568,1949760,2599.595,1683.148,0,295.499,0,27.953,1333,2035,0.310,0.940,1.070,1,0,0,0,0,18,315,0,5,0
12-05 07:21:18,2.256,0.752,95.269,0.251,0,5685032,205340,178568,1949768,2735.719,1462.125,0,112.317,0,8.023,1045,1474,0.310,0.940,1.070,2,0,0,0,0,18,315,0,5,0
12-05 07:21:19,2.997,0.500,93.912,0,0,5685024,205340,178568,1949776,2927.261,1522.576,0,199.813,0,19.981,1330,1867,0.310,0.940,1.070,1,0,0,0,0,18,315,0,5,0
12-05 07:21:20,3.497,1.249,93.424,0.999,0,5685008,205340,178576,1949784,2878.670,1456.821,0,2489.985,0,162.868,1747,2678,0.310,0.940,1.070,1,0,0,0,0,18,315,0,5,0
12-05 07:21:21,3.992,1.747,92.814,0.250,0,5684996,205340,178580,1949792,2413.177,1455.092,0,407.186,0,49.900,1805,2644,0.310,0.940,1.070,1,0,0,0,0,18,315,0,5,0
12-05 07:21:22,2.750,0.750,93.991,0.250,0,5684984,205340,178584,1949800,2877.739,1511.863,0,215.980,0,21.998,1296,1823,0.280,0.920,1.070,1,0,0,0,0,18,315,0,5,0
12-05 07:21:23,2.758,1.253,94.508,0,0,5684948,205340,178584,1949836,4289.722,1504.110,0,120.329,0,8.022,1374,1706,0.280,0.920,1.070,1,0,1.003,0,0,18,315,0,5,0
12-05 07:21:24,3.250,1.000,94.757,0,0,5684940,205340,178584,1949844,2804.197,1458.103,0,112.008,0,8.001,1217,1552,0.280,0.920,1.070,1,0,0,0,0,18,315,0,5,0
12-05 07:21:25,2.997,0.500,94.662,0.250,0,5684936,205340,178584,1949848,3086.118,1564.539,0,79.925,0,5.994,1142,1553,0.280,0.920,1.070,1,0,0,0,0,18,315,0,5,0
12-05 07:21:26,2.255,0.752,95.710,0,0,5684936,205340,178584,1949848,2543.574,1461.202,0,40.088,0,4.009,1091,1468,0.280,0.920,1.070,1,0,0,0,0,18,315,0,5,0
12-05 07:21:27,3.244,0.749,94.581,0,0.250,5684920,205340,178584,1949864,2679.222,1455.405,0,231.587,0,19.964,1286,1884,0.260,0.910,1.060,1,0,0,0,0,18,315,0,5,0
12-05 07:21:28,3.248,0.999,94.179,0.500,0,5684912,205340,178588,1949868,4048.939,1510.858,0,299.773,0,21.983,1447,1968,0.260,0.910,1.060,1,0,0,0,0,18,315,0,5,0
12-05 07:21:29,3.500,1.000,93.739,0,0,5684900,205340,178592,1949876,2740.667,1457.823,0,235.971,0,21.997,1465,1996,0.260,0.910,1.060,1,0,0,0,0,18,315,0,5,0
12-05 07:21:30,9.738,3.995,84.645,0.250,0,5672696,217524,178592,1949896,2934.367,1456.197,11.985,223.723,0.999,21.973,2665,11808,0.260,0.910,1.060,1,0,35.955,0,0,18,315,0,6,0
12-05 07:21:31,3.741,1.247,92.533,0.748,0,5672680,217524,178592,1949912,2739.567,1562.332,0,359.157,0,42.899,1713,2471,0.260,0.910,1.060,2,0,0,0,0,18,315,0,7,0
12-05 07:21:32,3.008,1.003,95.003,0,0,5672676,217524,178592,1949916,2567.835,1461.891,0,324.865,0,34.091,1139,1557,0.240,0.890,1.060,2,0,0,0,0,18,315,0,7,0
12-05 07:21:33,1.000,0.750,96.263,0,0,5672672,217524,178592,1949920,2904.393,1608.218,0,120.016,0,9.001,1061,1495,0.240,0.890,1.060,1,0,1.000,0,0,18,315,0,6,0
12-05 07:21:34,2.751,0.750,95.289,0.250,0,5672552,217524,178592,1950040,3108.282,1524.629,0,140.058,0,11.005,1229,1607,0.240,0.890,1.060,1,0,0,0,0,18,315,0,6,0
12-05 07:21:35,2.744,0.998,94.307,0,0,5672544,217524,178592,1950048,2991.876,1455.022,0,79.837,0,5.988,1153,1544,0.240,0.890,1.060,1,0,0,0,0,18,315,0,6,0
12-05 07:21:36,3.255,0.501,94.893,0.250,0,5672540,217524,178592,1950052,2662.016,1460.203,0,204.308,0,24.036,1326,1825,0.240,0.890,1.060,1,0,0,0,0,18,315,0,6,0
12-05 07:21:37,3.012,1.255,94.640,0,0,5672532,217524,178592,1950060,2692.100,1464.036,0,289.192,0,31.128,1475,2202,0.220,0.880,1.050,1,0,0,0,0,18,315,0,6,0
12-05 07:21:38,2.745,1.248,93.327,0.499,0,5672524,217524,178592,1950068,2921.588,1509.204,0,1541.145,0,259.519,1573,2053,0.220,0.880,1.050,2,0,0,0,0,18,315,0,6,0
12-05 07:21:39,3.249,1.000,94.220,0.250,0,5672516,217524,178592,1950076,2563.183,1457.535,0,231.926,0,22.993,1395,1931,0.220,0.880,1.050,1,0,0,0,0,18,315,0,6,0
12-05 07:21:40,3.250,1.250,94.004,0.250,0,5672504,217524,178600,1950080,4195.194,1458.067,0,232.011,0,23.001,1437,1995,0.220,0.880,1.050,1,0,0,0,0,18,315,0,6,0
12-05 07:21:41,4.730,1.494,91.860,0.498,0,5672356,217524,178608,1950220,5392.099,3430.430,0,290.765,0,33.856,1638,2239,0.220,0.880,1.050,1,0,0,0,0,18,316,0,6,0
12-05 07:21:42,7.778,1.004,90.072,0,0,5672340,217524,178608,1950236,18961.743,8547.537,0,148.531,0,9.032,1505,1683,0.280,0.880,1.050,1,0,0,0,0,18,315,0,6,0
12-05 07:21:43,2.754,1.001,95.122,0,0,5672336,217524,178608,1950240,3977.122,1459.880,0,116.150,0,8.010,1125,1493,0.280,0.880,1.050,1,0,1.001,0,0,18,315,0,6,0
12-05 07:21:44,2.752,0.500,95.052,0,0,5672332,217524,178608,1950244,2833.550,1566.857,0,112.061,0,8.004,1054,1464,0.280,0.880,1.050,2,0,0,0,0,18,315,0,6,0
12-05 07:21:45,3.747,2.248,93.682,0.250,0,5673080,216768,178608,1950252,2938.855,1456.937,0,151.889,0,10.992,1354,1634,0.280,0.880,1.050,1,0,5.996,0,0,18,315,0,6,0
12-05 07:21:46,1.996,0.499,95.040,0,0.249,5673068,216768,178612,1950260,2712.012,1454.788,0,291.357,0,13.969,1170,1587,0.280,0.880,1.050,1,0,0,0,0,18,315,0,6,0
12-05 07:21:47,3.752,1.251,93.304,0.250,0,5672924,216768,178612,1950404,4430.551,1552.894,0,232.134,0,26.015,1407,2058,0.260,0.870,1.040,1,0,0,0,0,18,315,0,6,0
12-05 07:21:48,3.002,0.750,95.058,0.250,0,5672920,216768,178612,1950408,2725.671,1524.935,0,176.108,0,17.010,1210,1614,0.260,0.870,1.040,1,0,0,0,0,18,315,0,6,0
12-05 07:21:49,3.257,1.253,93.942,0,0,5672912,216768,178612,1950416,2944.024,1460.989,0,236.484,0,26.053,1430,2018,0.260,0.870,1.040,1,0,0,0,0,18,315,0,6,0
12-05 07:21:50,3.250,1.000,93.995,0.250,0,5672904,216768,178616,1950420,2896.847,1577.917,0,191.990,0,19.999,1481,2079,0.260,0.870,1.040,1,0,0,0,0,18,315,0,6,0
12-05 07:21:51,4.016,0.753,92.865,0.502,0,5672896,216768,178616,1950428,2427.550,1463.759,0,389.532,0,50.197,1776,2623,0.260,0.870,1.040,1,0,0,0,0,18,315,0,6,0
12-05 07:21:52,2.241,1.245,94.859,0.249,0,5672888,216768,178616,1950436,2609.255,1452.020,0,227.065,0,22.906,1162,1742,0.240,0.850,1.040,4,0,0,0,0,18,316,0,6,0
12-05 07:21:53,1.499,0.750,95.712,0.250,0,5672884,216768,178616,1950440,2610.976,1511.407,0,147.942,0,9.996,1147,1644,0.240,0.850,1.040,1,0,1.000,0,0,18,315,0,6,0
12-05 07:21:54,2.993,0.748,95.024,0,0,5672880,216768,178616,1950444,2858.214,1454.547,0,111.735,0,7.981,1144,1520,0.240,0.850,1.040,1,0,0,0,0,18,315,0,6,0
12-05 07:21:55,5.014,2.507,91.505,0,0,5677632,211992,178616,1950468,3010.383,1462.072,0,168.469,0,14.039,1710,2214,0.240,0.850,1.040,1,0,3.008,0,0,18,315,0,6,0
12-05 07:21:56,4.750,1.000,92.259,0,0,5677616,211992,178616,1950484,2718.263,1458.141,0,120.012,0,7.001,1604,1968,0.240,0.850,1.040,1,0,2.000,0,0,18,315,0,8,0
12-05 07:21:57,4.267,1.255,91.865,1.255,0,5677584,211992,178624,1950508,2635.478,1463.820,0,3011.975,0,205.818,1936,3130,0.220,0.840,1.030,1,0,1.004,0,0,18,315,0,5,0
12-05 07:21:58,3.226,0.496,94.296,0,0,5677580,211992,178624,1950512,2578.759,1447.202,0,43.674,0,4.963,1161,1537,0.220,0.840,1.030,1,0,0,0,0,18,315,0,5,0
12-05 07:21:59,3.765,1.255,94.123,0.251,0,5677572,211992,178624,1950520,4437.570,1463.796,0,204.811,0,20.080,1413,1903,0.220,0.840,1.030,1,0,0,0,0,18,315,0,5,0
12-05 07:22:00,3.495,1.248,93.865,0,0,5677568,211992,178624,1950524,4549.450,1455.904,0,231.666,0,20.970,1453,1982,0.220,0.840,1.030,1,0,0,0,0,18,315,0,5,0
12-05 07:22:01,3.245,1.248,93.095,0.250,0,5677552,211992,178628,1950536,2653.579,1455.575,0,307.488,0,37.937,1635,2374,0.220,0.840,1.030,2,0,0,0,0,18,315,0,4,0
12-05 07:22:02,3.513,1.004,94.592,0.251,0,5677548,211992,178628,1950540,2694.730,1463.284,0,144.522,0,14.051,1143,1550,0.200,0.820,1.030,1,0,0,0,0,18,315,0,4,0
12-05 07:22:03,2.497,0.749,95.382,0,0,5677556,211992,178628,1950548,4152.864,1456.199,0,123.847,0,9.988,1200,1621,0.200,0.820,1.030,1,0,0.999,0,0,18,315,0,4,0
12-05 07:22:04,2.750,0.750,94.991,0,0,5677548,211992,178632,1950552,2723.738,1523.853,0,111.989,0,6.999,1173,1536,0.200,0.820,1.030,1,0,0,0,0,18,315,0,4,0
12-05 07:22:05,2.500,1.250,95.237,0,0,5677544,211992,178632,1950556,3326.550,1523.794,0,39.995,0,3.999,1181,1557,0.200,0.820,1.030,2,0,0,0,0,18,315,0,4,0
12-05 07:22:06,2.993,0.998,93.545,0.249,0,5677540,211992,178636,1950556,2797.870,1454.813,0,235.484,0,25.943,1434,1980,0.200,0.820,1.030,2,0,0,0,0,18,315,0,4,0
12-05 07:22:07,3.994,1.248,93.111,0.499,0,5677736,211768,178636,1950584,2534.227,1455.832,0,551.179,0,76.886,1741,2564,0.180,0.810,1.020,1,0,0.999,0,0,18,315,0,4,0
12-05 07:22:08,2.761,0.753,94.389,0,0,5677732,211768,178636,1950588,2875.840,1464.028,0,1891.789,0,301.240,1567,1845,0.180,0.810,1.020,1,0,0,0,0,18,315,0,4,0
12-05 07:22:09,3.251,1.000,94.524,0.250,0,5677724,211768,178636,1950596,4339.086,1458.365,0,216.054,0,22.006,1443,2014,0.180,0.810,1.020,2,0,0,0,0,18,315,0,4,0
12-05 07:22:10,3.244,0.749,94.563,0.250,0,5677716,211768,178636,1950604,3261.557,1604.830,0,203.598,0,19.961,1411,1959,0.180,0.810,1.020,2,0,0,0,0,18,315,0,4,0
12-05 07:22:11,3.764,1.255,92.847,0.251,0,5677700,211768,178636,1950620,2887.795,1517.673,0,309.156,0,36.135,1712,2440,0.180,0.810,1.020,1,0,2.008,0,0,18,315,0,4,0
12-05 07:22:12,1.740,0.249,96.445,0,0,5677700,211768,178636,1950620,2642.796,1449.660,0,147.153,0,8.949,980,1424,0.170,0.800,1.010,2,0,0,0,0,18,316,0,4,0
12-05 07:22:13,2.258,1.255,95.845,0,0,5677696,211768,178636,1950624,2813.118,1463.263,0,116.419,0,8.029,1137,1552,0.170,0.800,1.010,1,0,1.004,0,0,18,315,0,4,0
12-05 07:22:14,2.996,0.250,95.113,0.250,0,5677560,211768,178636,1950760,2654.188,1455.909,0,111.839,0,7.989,1073,1493,0.170,0.800,1.010,1,0,0,0,0,18,315,0,4,0
12-05 07:22:15,2.998,0.999,95.181,0.250,0,5677556,211768,178636,1950764,2673.063,1456.944,0,123.910,0,9.993,1091,1537,0.170,0.800,1.010,1,0,0,0,0,18,315,0,4,0
12-05 07:22:16,2.504,0.751,95.143,0,0,5677548,211768,178640,1950768,2421.647,1460.199,0,144.217,0,13.020,1132,1564,0.170,0.800,1.010,2,0,0,0,0,18,315,0,4,0
12-05 07:22:17,3.001,1.000,95.017,0,0,5677544,211768,178640,1950772,2503.459,1458.268,0,144.026,0,13.002,1083,1514,0.160,0.780,1.010,1,0,0,0,0,18,315,0,4,0
12-05 07:22:18,2.247,0.499,94.640,0.250,0,5677536,211768,178640,1950780,2679.873,1456.301,0,175.795,0,4.994,1081,1485,0.160,0.780,1.010,1,0,0,0,0,18,315,0,4,0
12-05 07:22:19,4.001,1.250,94.014,0.250,0.250,5677532,211768,178640,1950784,2604.386,1524.226,0,200.030,0,22.003,1452,2018,0.160,0.780,1.010,1,0,0,0,0,18,315,0,4,0
12-05 07:22:20,3.004,0.501,94.370,0.250,0,5677520,211768,178640,1950796,2864.655,1568.000,0,212.271,0,21.027,1434,2047,0.160,0.780,1.010,1,0,0,0,0,18,315,0,4,0
12-05 07:22:21,3.743,1.497,92.817,0,0,5677516,211768,178640,1950800,2754.554,1616.804,0,319.369,0,41.917,1647,2513,0.160,0.780,1.010,4,0,0,0,0,18,315,0,4,0
12-05 07:22:22,3.255,0.501,94.383,0.250,0,5677508,211768,178640,1950808,2601.676,1460.063,0,180.255,0,20.028,1250,1848,0.140,0.770,1,2,0,0,0,0,18,315,0,4,0
12-05 07:22:23,3.504,1.251,94.112,0,0,5677468,211768,178640,1950848,2661.164,1459.736,4.005,156.186,1.001,9.011,1286,1662,0.140,0.770,1,3,0,1.001,0,0,18,315,0,4,0
12-05 07:22:24,2.989,0.996,94.154,0.249,0,5677460,211768,178640,1950856,2827.598,1494.502,0,956.481,0,169.377,1207,1576,0.140,0.770,1,1,0,0,0,0,18,315,0,4,0
12-05 07:22:25,3.261,1.003,94.574,0.251,0,5677456,211768,178640,1950860,2804.601,1463.008,0,148.508,0,12.041,1257,1793,0.140,0.770,1,1,0,0,0,0,18,315,0,4,0
12-05 07:22:26,2.749,1.000,95.210,0,0,5677448,211768,178640,1950868,2536.943,1457.393,0,111.953,0,7.997,1130,1510,0.140,0.770,1,2,0,0,0,0,18,315,0,4,0
12-05 07:22:27,2.497,0.499,94.646,0,0,5677448,211768,178640,1950868,2535.225,1456.406,0,119.869,0,8.990,1115,1545,0.130,0.760,1,1,0,0,0,0,18,315,0,4,0
12-05 07:22:28,2.754,1.001,95.390,0.250,0,5677440,211768,178640,1950876,2481.633,1460.137,0,92.135,0,6.009,1155,1522,0.130,0.760,1,1,0,0,0,0,18,315,0,4,0
12-05 07:22:29,3.500,1.000,93.993,0,0,5677436,211768,178640,1950880,4091.683,1457.887,0,247.981,0,20.998,1465,1979,0.130,0.760,1,1,0,0,0,0,18,315,0,4,0
12-05 07:22:30,5.264,2.506,90.483,0,0,5700104,189092,178640,1952576,2802.215,1461.764,0,180.465,0,20.052,1796,4689,0.130,0.760,1,3,0,34.088,0,0,18,315,0,5,0
12-05 07:22:31,7.471,2.241,88.158,0.498,0.249,5682500,206688,178644,1950892,4155.891,1506.162,0,290.873,0,36.857,2572,9241,0.130,0.760,1,2,0,1.992,0,0,18,316,0,6,0
12-05 07:22:32,2.255,0.752,95.479,0,0,5682716,206464,178648,1950896,2590.207,1407.372,0,144.346,0,14.034,1013,1490,0.120,0.740,0.990,1,0,0,0,0,18,315,0,7,0
12-05 07:22:33,2.743,0.997,94.743,0,0,5682700,206464,178652,1950908,2963.946,1549.789,0,135.631,0,8.976,1173,1596,0.120,0.740,0.990,1,0,0.997,0,0,18,315,0,7,0
12-05 07:22:34,3.009,1.003,95.299,0.251,0,5682696,206464,178652,1950912,2852.966,1528.804,0,136.429,0,10.032,1159,1574,0.120,0.740,0.990,1,0,0,0,0,18,315,0,5,0
12-05 07:22:35,2.749,0.750,94.720,0.250,0,5682684,206464,178652,1950924,3062.017,1565.497,0,55.982,0,6.998,1150,1593,0.120,0.740,0.990,2,0,0,0,0,18,315,0,5,0
12-05 07:22:36,2.490,1.245,94.385,0,0,5682680,206464,178652,1950928,3025.298,1518.128,0,183.291,0,19.923,1330,1875,0.120,0.740,0.990,1,0,0,0,0,18,315,0,5,0
12-05 07:22:37,3.257,0.501,94.966,0.251,0,5682672,206464,178652,1950936,2543.779,1461.320,0,112.255,0,13.030,1257,1838,0.270,0.760,1,1,0,0,0,0,18,315,0,5,0
12-05 07:22:38,3.254,1.001,94.360,0,0,5682672,206464,178652,1950936,2540.970,1459.706,0,132.154,0,18.021,1122,1567,0.270,0.760,1,2,0,0,0,0,18,315,0,5,0
12-05 07:22:39,3.001,1.000,94.538,0,0,5682656,206464,178656,1950948,2599.034,1458.580,0,232.092,0,21.008,1380,1937,0.270,0.760,1,1,0,0,0,0,18,315,0,5,0
12-05 07:22:40,3.763,1.254,92.818,1.003,0,5682640,206464,178660,1950960,2744.410,1463.017,0,2592.891,0,163.561,1733,2651,0.270,0.760,1,1,0,0,0,0,18,315,0,5,0
12-05 07:22:41,8.466,0.996,89.144,0.249,0,5682624,206464,178660,1950976,17442.294,8219.153,0,286.854,0,31.873,1904,2483,0.270,0.760,1,3,0,0,0,0,18,316,0,5,0
12-05 07:22:42,3.989,0.748,93.242,0,0,5682488,206464,178660,1951112,6988.631,3699.746,0,3.989,0,0.997,1293,1610,0.250,0.750,0.990,1,0,0,0,0,18,315,0,6,0
12-05 07:22:43,2.002,1.001,95.587,0,0,5682484,206464,178660,1951116,2780.536,1459.331,0,0,0,0,1197,1575,0.250,0.750,0.990,1,0,1.001,0,0,18,315,0,6,0
12-05 07:22:44,3.001,1.251,95.043,0,0,5682480,206464,178660,1951120,3019.366,1458.660,0,0,0,0,1142,1512,0.250,0.750,0.990,1,0,0,0,0,18,315,0,6,0
12-05 07:22:45,2.996,1.248,93.631,0,0,5682720,206216,178660,1951128,2911.303,1456.151,0,3.995,0,0.999,1343,1642,0.250,0.750,0.990,1,0,5.992,0,0,18,315,0,6,0
12-05 07:22:46,3.006,0.752,95.446,0,0,5682716,206216,178660,1951132,2783.718,1461.001,0,60.124,0,6.012,1191,1553,0.250,0.750,0.990,1,0,0,0,0,18,315,0,6,0
12-05 07:22:47,7.280,1.506,90.127,0.251,0,5683396,205460,178660,1951208,2793.678,1558.515,52.218,293.226,3.013,34.143,2350,3328,0.230,0.740,0.990,4,0,0,0,0,18,316,0,6,0
12-05 07:22:48,23.995,4.249,66.987,1.750,0,5683784,204200,178688,1952052,2897.453,1457.725,0,1987.625,0,286.946,7329,11032,0.230,0.740,0.990,3,0,0,0,0,18,316,0,10,0
12-05 07:22:49,26.459,4.992,64.399,2.496,0,5683456,204200,178728,1952340,2773.657,1455.721,0,3861.953,0,445.303,7850,12378,0.230,0.740,0.990,3,0,0.998,0,0,18,316,0,14,0
12-05 07:22:50,24.773,5.255,66.561,1.501,0,5683888,203444,178792,1952600,2877.636,1579.447,0,6049.542,0,483.443,7569,11303,0.230,0.740,0.990,3,0,0,0,0,18,316,0,14,0
12-05 07:22:51,24.462,4.743,68.143,1.248,0,5684016,203192,178804,1952712,4457.021,1521.617,0,2136.654,0,199.687,6445,9507,0.230,0.740,0.990,2,0,0,0,0,18,316,0,14,0
12-05 07:22:52,11.484,2.247,82.384,0.999,0,5679360,207628,178820,1952916,6829.380,4209.071,0,2033.136,0,233.671,3579,5425,0.290,0.740,0.990,2,0,0,0,0,18,315,0,17,0
12-05 07:22:53,14.735,1.748,81.165,0.999,0,5679564,207376,178820,1952964,20533.527,10385.140,0,994.960,0,113.881,3238,4161,0.290,0.740,0.990,1,0,0.999,0,0,18,316,0,17,0
12-05 07:22:54,13.307,2.009,82.852,0.251,0,5679740,207152,178820,1953012,8557.360,4066.278,0,4816.465,0,475.018,3139,3785,0.290,0.740,0.990,2,0,0,0,0,18,316,0,18,0
12-05 07:22:55,15.200,2.492,79.489,0.748,0,5685064,201608,178820,1953232,22271.755,10330.028,0,912.997,0,88.708,3764,4940,0.290,0.740,0.990,5,0,2.990,0,0,18,316,0,20,0
12-05 07:22:56,26.216,4.494,66.913,1.248,0,5685156,201356,178840,1953372,2654.540,1456.102,0,1801.651,0,215.719,6803,9499,0.290,0.740,0.990,4,0,1.997,0,0,18,317,0,20,0
12-05 07:22:57,28.410,4.525,62.351,2.514,0,5684848,201356,178860,1953660,2492.023,1466.251,0,6190.836,0,579.259,7603,11969,0.430,0.760,0.990,3,1,1.006,0,0,18,316,0,22,0
12-05 07:22:58,24.916,4.734,67.025,0.997,0,5685596,200348,178872,1953908,2589.302,1453.119,0,4616.493,0,362.781,7336,10867,0.430,0.760,0.990,2,0,0,0,0,18,316,0,23,0
12-05 07:22:59,25.335,4.264,68.229,1.505,0,5685700,200096,178884,1954044,2787.339,1462.902,0,2255.557,0,226.760,6398,9113,0.430,0.760,0.990,2,0,0,0,0,18,316,0,22,0
12-05 07:23:00,25.105,4.723,64.129,1.988,0,5685404,200096,178936,1954288,4449.227,1449.603,0,3941.170,0,381.788,7579,11500,0.430,0.760,0.990,5,0,0,0,0,18,316,0,23,0
12-05 07:23:01,25.855,4.769,67.273,1.255,0,5685492,199844,178968,1954420,2548.339,1463.939,0,1947.903,0,227.925,6918,9957,0.430,0.760,0.990,2,0,0,0,0,18,316,0,23,0
12-05 07:23:02,24.798,4.759,68.383,0.751,0,5685448,199592,178996,1954688,2422.727,1460.850,0,1571.065,0,130.254,6546,8570,0.470,0.770,0.990,3,0,0,0,0,18,316,0,25,0
12-05 07:23:03,25.495,4.249,65.236,2.000,0,5685460,199340,179004,1954920,2597.460,1457.697,0,6750.597,0,570.881,7231,11219,0.470,0.770,0.990,4,0,1.000,0,0,18,316,0,25,0
12-05 07:23:04,25.901,4.732,66.247,1.743,0,5685324,199340,179012,1955048,2588.110,1452.450,0,2482.514,0,298.858,7247,10650,0.470,0.770,0.990,2,0,0,0,0,18,316,0,25,0
12-05 07:23:05,23.842,3.764,68.765,0.753,0,5685072,199340,179020,1955292,2872.059,1529.891,0,1365.257,0,131.506,6535,9199,0.470,0.770,0.990,3,0,0,0,0,18,317,0,25,0
12-05 07:23:06,25.261,5.002,66.780,1.501,0,5685060,199088,179032,1955544,2725.211,1524.678,0,2629.169,0,293.130,7405,10855,0.470,0.770,0.990,2,0,0,0,0,18,316,0,27,0
12-05 07:23:07,25.685,3.741,66.084,1.746,0,5684928,199088,179044,1955664,2531.624,1454.337,0,2553.568,0,341.141,7209,10893,0.520,0.770,0.990,2,0,0,0,0,18,315,0,27,0
12-05 07:23:08,24.798,4.008,67.882,1.503,0,5685680,198080,179048,1955916,2723.313,1460.850,0,4685.141,0,331.647,6708,9778,0.520,0.770,0.990,3,0,0,0,0,18,315,0,28,0
12-05 07:23:09,20.419,3.486,71.963,0.996,0,5685584,198080,179048,1956012,5811.835,3999.060,0,4211.215,0,361.559,4997,7489,0.520,0.770,0.990,1,0,0,0,0,18,316,0,29,0
12-05 07:23:10,12.787,2.507,83.744,1.003,0,5685636,197828,179056,1956204,3990.613,1678.886,0,7160.838,0,447.302,3523,4713,0.520,0.770,0.990,2,0,0,0,0,18,315,0,30,0
12-05 07:23:11,6.715,1.492,89.290,0.497,0,5685588,197828,179068,1956240,7102.409,4305.817,0,756.105,0,97.498,2520,3725,0.520,0.770,0.990,2,0,1.990,0,0,18,316,0,30,0
12-05 07:23:12,15.236,2.748,79.429,0.999,0,5685484,197828,179076,1956336,6920.839,4293.178,0,1434.723,0,172.846,3663,5138,0.560,0.780,0.990,1,0,0,0,0,18,315,0,31,0
12-05 07:23:13,15.787,3.258,77.935,1.002,0,5685768,197324,179084,1956548,5848.885,3950.378,0,1419.369,0,169.402,3787,5190,0.560,0.780,0.990,1,0,1.002,0,0,18,316,0,33,0
12-05 07:23:14,9.795,1.256,87.402,0.251,0,5685728,197324,179084,1956588,3887.886,1834.439,0,1145.269,0,110.508,2616,3707,0.560,0.780,0.990,4,0,0,0,0,18,317,0,34,0
12-05 07:23:15,22.405,1.992,71.944,1.245,0,5685660,197324,179088,1956652,50004.075,23503.917,0,1553.385,0,180.233,3908,4848,0.560,0.780,0.990,1,0,0,0,0,18,316,0,34,0
12-05 07:23:16,13.427,1.989,82.054,0.746,0,5685600,197324,179096,1956704,19307.019,8461.988,0,1348.667,0,137.254,3322,4448,0.560,0.780,0.990,2,0,0,0,0,18,316,0,34,0
12-05 07:23:17,15.903,2.272,78.253,1.767,0,5685412,197324,179112,1956876,24548.229,12454.854,0,5024.350,0,389.751,4006,5672,0.830,0.830,1.010,2,0,0,0,0,18,316,0,34,0
12-05 07:23:18,18.687,3.488,74.749,0.997,0,5685596,197072,179116,1956940,13962.075,6263.947,0,3532.129,0,281.055,5042,7377,0.830,0.830,1.010,2,0,0,0,0,18,316,0,34,0
12-05 07:23:19,26.125,5.225,63.447,2.488,0,5685248,197072,179192,1957212,2824.516,1451.073,0,3053.423,0,396.109,7803,11811,0.830,0.830,1.010,2,0,0,0,0,18,316,0,35,0
12-05 07:23:20,25.155,5.031,67.919,0.755,0,5685340,196820,179228,1957336,3059.868,1533.456,0,2443.064,0,167.030,6804,9791,0.830,0.830,1.010,3,0,0,0,0,18,317,0,35,0
12-05 07:23:21,26.707,4.493,65.146,2.246,0,5685224,196568,179316,1957616,2833.468,1497.605,0,2687.701,0,325.479,7411,11241,0.830,0.830,1.010,2,0,0,0,0,18,316,0,36,0
12-05 07:23:22,24.848,5.020,66.261,1.506,0,5685560,196064,179344,1957756,2614.298,1530.027,0,5268.753,0,462.823,7499,11230,1.090,0.880,1.030,3,1,0,0,0,18,316,0,37,0
12-05 07:23:23,24.584,4.470,67.791,1.242,0,5688556,192788,179360,1958020,4189.647,1448.199,0,4767.735,0,365.526,6335,9184,1.090,0.880,1.030,3,0,0.993,0,0,18,315,0,39,0
12-05 07:23:24,7.769,0.752,88.716,0.501,0,5688496,192788,179368,1958072,6915.860,4198.235,0,633.545,0,80.196,2383,3640,1.090,0.880,1.030,1,0,0,0,0,18,315,0,40,0
12-05 07:23:25,10.002,1.750,86.020,1.000,0,5688412,192788,179376,1958148,7348.748,4125.981,0,1364.324,0,151.036,2898,4235,1.090,0.880,1.030,2,0,0,0,0,18,315,0,40,0
12-05 07:23:26,18.552,2.507,75.965,1.254,0,5688168,192788,179388,1958380,6739.066,3679.410,0,1668.721,0,198.562,4579,6161,1.090,0.880,1.030,6,0,0,0,0,18,315,0,40,0
12-05 07:23:27,6.752,0.750,90.025,0.250,0,5688132,192788,179392,1958412,2612.711,1598.435,0,1048.285,0,89.024,2043,2895,1,0.870,1.020,3,0,0,0,0,18,316,0,40,0
12-05 07:23:28,10.397,1.485,86.390,0.495,0,5688100,192788,179396,1958440,25906.106,12213.416,0,1101.039,0,102.975,2348,3167,1,0.870,1.020,2,0,0,0,0,18,317,0,40,0
12-05 07:23:29,25.757,4.545,64.898,2.020,0,5687824,192788,179420,1958692,4293.873,1660.580,0,4274.682,0,417.165,7270,11117,1,0.870,1.020,2,0,0,0,0,18,316,0,40,0
12-05 07:23:30,24.761,4.252,68.031,0.750,0,5688460,192032,179424,1958808,3050.384,1512.686,0,2052.931,0,195.089,6910,9701,1,0.870,1.020,2,0,0,0,0,18,316,0,40,0
12-05 07:23:31,32.282,8.008,56.307,2.252,0,5696416,183784,179436,1959088,2960.980,1459.469,0,12260.338,0,751.757,8681,24696,1,0.870,1.020,5,0,36.036,0,0,18,316,0,39,0
12-05 07:23:32,25.181,4.986,66.319,1.496,0,5696156,183784,179444,1959340,2650.770,1454.034,0,4032.999,0,329.102,6575,9869,1,0.870,1.020,2,0,0,0,0,18,315,0,40,0
12-05 07:23:33,5.984,0.997,90.760,0.249,0,5696124,183784,179444,1959372,7060.301,4171.950,0,789.908,0,64.828,1999,2775,1,0.870,1.020,2,0,0.997,0,0,18,316,0,40,0
12-05 07:23:34,15.460,1.746,79.795,0.997,0,5696060,183784,179448,1959432,26757.327,12724.343,0,1671.710,0,158.593,3369,4392,1,0.870,1.020,3,1,0,0,0,18,315,0,40,0
12-05 07:23:35,20.360,3.770,71.135,1.760,0,5695836,183784,179464,1959640,2991.185,1465.932,0,2754.906,0,283.534,6389,9425,1,0.870,1.020,3,0,0,0,0,18,316,0,40,0
12-05 07:23:36,26.292,4.758,65.856,2.003,0.250,5694520,184956,179468,1959780,2728.392,1526.457,0,2908.682,0,357.576,7693,11426,1,0.870,1.020,2,0,0,0,0,18,316,0,41,0
12-05 07:23:37,21.727,4.246,69.427,1.748,0,5692920,186292,179472,1960040,6957.733,4245.566,0,4639.155,0,412.569,6114,9312,1,0.870,1.020,2,0,0,0,0,18,315,0,43,0
12-05 07:23:38,10.216,1.744,84.715,1.495,0,5691676,187460,179488,1960096,5689.838,3933.752,0,5613.096,0,421.580,3541,5825,1,0.870,1.020,2,0,0,0,0,18,316,0,43,0
12-05 07:23:39,6.261,1.503,89.412,1.002,0,5691164,187956,179488,1960112,4160.540,1634.963,0,1009.830,0,116.211,2473,3578,1,0.870,1.020,11,0,0,0,0,18,315,0,43,0
12-05 07:23:40,5.729,1.495,91.173,0.249,0,5691132,187956,179488,1960144,7081.618,4107.279,0,781.200,0,80.711,2267,3216,1,0.870,1.020,1,0,0,0,0,18,315,0,43,0
12-05 07:23:41,17.541,2.506,76.930,1.253,0,5690924,187956,179500,1960340,28891.481,14695.323,0,2249.253,0,237.555,4167,5788,1,0.870,1.020,3,0,0,0,0,18,316,0,43,0
12-05 07:23:42,7.241,0.999,89.393,0.499,0,5690884,187956,179504,1960376,11586.164,6177.623,0,870.960,0,91.890,2196,2870,0.920,0.860,1.010,1,0,0,0,0,18,316,0,43,0
12-05 07:23:43,20.237,2.998,72.952,1.249,0,5691124,187452,179504,1960640,23391.547,11236.577,0,1770.830,0,201.867,4447,6064,0.920,0.860,1.010,1,0,0.999,0,0,18,315,0,47,0
12-05 07:23:44,9.261,2.503,86.602,1.251,0.250,5691064,187452,179504,1960704,6918.174,4126.876,0,1441.703,0,151.179,2838,4034,0.920,0.860,1.010,1,0,0,0,0,18,315,0,46,0
12-05 07:23:45,6.494,2.498,89.166,0.250,0,5692052,186444,179504,1960724,2672.474,1456.623,0,571.460,0,48.954,2089,2736,0.920,0.860,1.010,3,0,5.994,0,0,18,316,0,46,0
12-05 07:23:46,9.241,1.748,85.415,0.999,0.250,5691988,186444,179508,1960784,11698.401,4086.948,0,1418.593,0,154.846,2855,4129,0.920,0.860,1.010,1,0,0,0,0,18,315,0,47,0
12-05 07:23:47,16.423,1.742,79.877,0.747,0,5691808,186444,179508,1960964,29359.066,12781.386,0,987.395,0,107.499,3001,3547,1.010,0.880,1.020,3,0,0,0,0,18,317,0,47,0
12-05 07:23:48,6.519,1.254,90.767,0,0,5691792,186444,179508,1960980,16866.542,8262.269,0,549.614,0,39.115,1588,1829,1.010,0.880,1.020,2,0,0,0,0,18,316,0,44,0
12-05 07:23:49,4.791,1.765,92.038,1.009,0,5691772,186444,179516,1960992,8379.734,3720.852,0,3054.145,0,195.675,1871,2698,1.010,0.880,1.020,2,0,0,0,0,18,316,0,44,0
12-05 07:23:50,4.728,0.747,92.574,0.498,0,5691764,186444,179516,1961000,8466.051,3672.106,0,3129.602,0,193.112,1786,2711,1.010,0.880,1.020,2,0,0,0,0,18,316,0,44,0
12-05 07:23:51,4.511,1.504,91.476,0.501,0,5691760,186444,179516,1961004,8274.445,3764.301,0,5200.851,0,400.991,1999,2691,1.010,0.880,1.020,2,0,0,0,0,18,316,0,44,0
12-05 07:23:52,4.970,0.994,91.701,0.249,0,5691740,186444,179516,1961024,8033.936,3720.740,0,369.788,0,36.780,1718,2396,0.930,0.860,1.010,2,0,0,0,0,18,316,0,36,0
12-05 07:23:53,4.251,1.000,93.275,0.250,0,5691736,186444,179516,1961028,8016.186,3756.024,0,232.063,0,15.004,1410,1826,0.930,0.860,1.010,1,0,1.000,0,0,18,316,0,36,0
12-05 07:23:54,4.249,1.000,93.483,0,0,5691724,186444,179516,1961040,8126.494,3688.317,0,175.967,0,9.998,1303,1632,0.930,0.860,1.010,1,0,0,0,0,18,316,0,36,0
12-05 07:23:55,5.745,1.749,90.673,0,0,5697240,180900,179516,1961068,8345.934,3793.788,0,155.868,0,8.992,1751,2203,0.930,0.860,1.010,2,0,2.997,0,0,18,316,0,36,0
12-05 07:23:56,7.028,1.506,90.613,0.251,0,5697224,180900,179516,1961084,8160.722,3836.383,0,176.709,0,19.076,1821,2245,0.930,0.860,1.010,1,0,2.008,0,0,18,316,0,36,0
12-05 07:23:57,5.739,0.749,91.575,0.250,0,5697204,180900,179520,1961100,7813.028,3813.692,0,303.419,0,26.948,1603,2157,0.850,0.850,1.010,1,0,0.998,0,0,18,316,0,36,0
12-05 07:23:58,4.758,1.252,92.900,0,0,5697192,180900,179520,1961112,9597.497,3749.054,0,0,0,0,1353,1635,0.850,0.850,1.010,1,0,0,0,0,18,316,0,36,0
12-05 07:23:59,4.502,1.250,92.785,0,0,5697188,180900,179520,1961116,8011.050,3822.455,0,292.111,0,23.009,1566,2046,0.850,0.850,1.010,1,0,0,0,0,18,316,0,37,0
12-05 07:24:00,4.503,1.251,92.313,0.250,0,5697180,180900,179520,1961124,8284.662,3877.650,0,324.222,0,25.017,1594,2048,0.850,0.850,1.010,1,0,0,0,0,18,316,0,33,0
12-05 07:24:01,4.490,0.748,92.293,0.249,0,5697164,180900,179520,1961140,9680.293,3734.625,0,403.096,0,43.902,1715,2408,0.850,0.850,1.010,4,0,0,0,0,18,317,0,33,0
12-05 07:24:02,3.508,1.253,93.726,0.251,0,5697156,180900,179524,1961144,9717.393,3896.380,0,1078.596,0,33.080,1409,1981,0.780,0.830,1,1,0,0,0,0,18,316,0,33,0
12-05 07:24:03,3.991,0.748,93.038,0.249,0,5697148,180900,179524,1961152,8289.092,3812.304,0,195.554,0,15.964,1315,1677,0.780,0.830,1,1,0,0.998,0,0,18,316,0,33,0
12-05 07:24:04,3.760,1.003,94.262,0,0,5697144,180900,179524,1961156,8150.614,3831.631,0,80.223,0,6.017,1262,1619,0.780,0.830,1,1,0,0,0,0,18,316,0,30,0
12-05 07:24:05,4.740,0.748,93.551,0,0,5697132,180900,179524,1961168,9852.065,3812.898,0,0,0,0,1290,1583,0.780,0.830,1,2,0,0,0,0,18,316,0,30,0
12-05 07:24:06,4.496,1.249,91.921,0.250,0,5697128,180900,179524,1961172,8246.928,3883.670,0,307.736,0,27.976,1608,2097,0.780,0.830,1,2,0,0,0,0,18,316,0,30,0
12-05 07:24:07,6.009,1.502,91.892,0,0,5697116,180900,179528,1961180,7812.060,3718.741,0,312.482,0,30.046,1551,2080,0.800,0.840,1,1,0,1.002,0,0,18,316,0,31,0
12-05 07:24:08,4.989,1.247,91.805,0.249,0,5697104,180900,179528,1961192,7997.039,3747.053,0,183.611,0,10.977,1476,1835,0.800,0.840,1,1,0,0,0,0,18,316,0,29,0
12-05 07:24:09,5.005,1.001,92.851,0.250,0,5697092,180900,179532,1961200,8002.678,3771.089,0,276.300,0,24.026,1585,2088,0.800,0.840,1,2,0,0,0,0,18,316,0,29,0
12-05 07:24:10,4.505,1.001,92.344,0.250,0,5697088,180900,179536,1961200,8573.695,3866.922,0,272.276,0,27.027,1623,2174,0.800,0.840,1,1,0,0,0,0,18,316,0,29,0
12-05 07:24:11,4.998,1.499,92.218,0.250,0,5697008,180900,179536,1961280,7977.192,3711.694,0,631.778,0,71.975,1826,2461,0.800,0.840,1,1,0,1.999,0,0,18,316,0,29,0
12-05 07:24:12,4.252,0.750,93.796,0,0,5696996,180900,179536,1961292,8192.048,3822.889,0,252.125,0,23.011,1514,2004,0.740,0.820,1,1,0,0,0,0,18,316,0,25,0
12-05 07:24:13,3.998,0.750,93.213,0,0,5696984,180900,179540,1961300,8110.742,3765.487,0,175.929,0,10.996,1310,1651,0.740,0.820,1,1,0,1.000,0,0,18,316,0,25,0
12-05 07:24:14,4.235,1.246,93.924,0,0,5696976,180900,179540,1961308,8266.332,3700.168,0,79.724,0,5.979,1243,1549,0.740,0.820,1,1,0,0,0,0,18,316,0,25,0
12-05 07:24:15,5.013,1.253,92.489,0,0,5696964,180900,179540,1961320,8212.240,3644.426,0,8.021,0,1.003,1313,1616,0.740,0.820,1,1,0,0,0,0,18,316,0,25,0
12-05 07:24:16,4.507,1.002,93.648,0.250,0,5696832,180900,179540,1961452,9675.243,3586.651,0,76.120,0,7.011,1316,1688,0.740,0.820,1,1,0,0,0,0,18,316,0,22,0
12-05 07:24:17,3.979,0.746,93.016,0.249,0,5696816,180900,179544,1961464,8012.296,3747.494,0,111.420,0,9.948,1263,1645,0.680,0.810,0.990,1,0,0,0,0,18,316,0,22,0
12-05 07:24:18,4.504,1.001,93.324,0,0,5696812,180900,179544,1961468,8052.350,3781.982,0,0,0,0,1235,1594,0.680,0.810,0.990,2,0,0,0,0,18,316,0,22,0
12-05 07:24:19,5.750,0.750,91.494,0.250,0,5696800,180900,179544,1961480,8293.463,3634.765,0,279.982,0,22.999,1568,2041,0.680,0.810,0.990,1,0,0,0,0,18,316,0,22,0
12-05 07:24:20,5.278,1.005,92.985,0,0,5696796,180900,179548,1961480,8205.795,3587.711,0,265.384,0,23.121,1526,1992,0.680,0.810,0.990,1,0,0,0,0,18,316,0,21,0
12-05 07:24:21,4.997,1.499,91.695,0.500,0,5696784,180900,179552,1961488,8474.907,3578.849,0,411.753,0,47.971,1895,2671,0.680,0.810,0.990,2,0,0,0,0,18,317,0,21,0
12-05 07:24:22,3.750,0.750,93.002,0,0,5696760,180900,179556,1961508,9412.201,3725.080,0,384.008,0,39.001,1610,2255,0.620,0.790,0.980,2,0,0,0,0,18,316,0,21,0
12-05 07:24:23,4.993,1.747,92.864,0.250,0,5696876,180676,179556,1961616,7960.347,3719.555,3.994,2084.948,0.999,313.541,1667,1814,0.620,0.790,0.980,1,0,0.999,0,0,18,316,0,21,0
12-05 07:24:24,4.256,0.751,93.629,0,0,5696868,180676,179556,1961624,8125.194,3772.197,0,180.248,0,12.017,1298,1650,0.620,0.790,0.980,1,0,0,0,0,18,316,0,21,0
12-05 07:24:25,4.489,1.247,92.514,0.249,0,5696860,180676,179556,1961632,7962.671,3649.682,0,167.572,0,13.964,1512,1918,0.620,0.790,0.980,1,0,0,0,0,18,316,0,16,0
12-05 07:24:26,4.508,0.751,93.415,0,0,5696856,180676,179556,1961636,7994.130,3587.341,0,40.071,0,4.007,1303,1601,0.620,0.790,0.980,1,0,0,0,0,18,316,0,16,0
12-05 07:24:27,4.021,1.005,92.742,0.503,0,5696844,180676,179556,1961648,7887.806,3678.497,0,1777.421,0,102.543,1501,2189,0.730,0.810,0.990,3,0,0,0,0,18,316,0,16,0
12-05 07:24:28,4.469,1.241,93.111,0.248,0,5696840,180676,179556,1961652,7852.142,3634.074,0,1203.744,0,138.053,1444,1776,0.730,0.810,0.990,1,0,0,0,0,18,316,0,16,0
12-05 07:24:29,4.760,1.002,92.189,0,0,5696828,180676,179556,1961664,7922.241,3666.517,0,316.649,0,23.047,1658,2096,0.730,0.810,0.990,1,0,0,0,0,18,316,0,16,0
12-05 07:24:30,4.750,1.500,92.503,0.500,0,5696824,180676,179556,1961668,8191.249,3767.114,0,264.008,0,24.001,1513,1946,0.730,0.810,0.990,1,0,0,0,0,18,316,0,16,0
12-05 07:24:31,11.476,4.241,82.575,0,0,5716136,161344,179564,1961680,7889.288,3651.266,0,383.188,0,42.909,2836,13209,0.730,0.810,0.990,1,0,35.924,0,0,18,316,0,17,0
12-05 07:24:32,4.754,0.751,93.323,0.500,0,5706284,171184,179564,1961692,9293.273,3661.866,0,296.232,0,28.022,1478,2057,0.750,0.820,0.990,1,0,0,0,0,18,316,0,17,0
12-05 07:24:33,4.254,1.001,92.329,0,0,5704320,173148,179564,1961692,7918.782,3728.193,0,380.326,0,18.015,1308,1683,0.750,0.820,0.990,1,0,1.001,0,0,18,316,0,15,0
12-05 07:24:34,5.745,0.999,92.418,0.250,0,5702584,174868,179564,1961708,8138.793,3697.726,0,79.929,0,5.995,1298,1642,0.750,0.820,0.990,1,0,0,0,0,18,316,0,15,0
12-05 07:24:35,4.257,0.751,94.147,0,0,5701080,176372,179564,1961708,8356.035,3478.426,0,32.050,0,3.005,1249,1647,0.750,0.820,0.990,1,0,0,0,0,18,316,0,15,0
12-05 07:24:36,5.517,1.003,92.042,0,0,5699716,177720,179564,1961724,9528.185,3616.457,0,280.890,0,23.073,1540,2043,0.750,0.820,0.990,1,0,0,0,0,18,316,0,15,0
12-05 07:24:37,4.971,0.994,92.715,0.249,0,5698444,178904,179564,1961812,7926.285,3703.639,0,226.693,0,20.880,1524,2038,0.690,0.800,0.990,1,0,0,0,0,18,316,0,12,0
12-05 07:24:38,5.004,0.500,93.320,0,0,5698056,179284,179564,1961820,8032.006,3661.738,0,0,0,0,1317,1677,0.690,0.800,0.990,1,0,0,0,0,18,316,0,12,0
12-05 07:24:39,4.506,1.252,92.617,0,0,5697984,179284,179564,1961892,7907.989,3543.476,0,284.359,0,27.034,1481,1996,0.690,0.800,0.990,1,0,0,0,0,18,316,0,12,0
12-05 07:24:40,4.997,0.999,92.447,0.500,0,5697976,179284,179564,1961900,7978.450,3656.914,0,247.859,0,25.985,1567,2085,0.690,0.800,0.990,1,0,0,0,0,18,316,0,12,0
12-05 07:24:41,5.994,0.999,91.164,0,0,5697968,179284,179564,1961908,10624.947,5598.703,0,295.720,0,33.968,1795,2475,0.690,0.800,0.990,4,0,0,0,0,18,317,0,11,0
12-05 07:24:42,8.740,1.249,88.653,0.499,0.250,5697944,179284,179564,1961932,24029.599,11101.802,0,387.574,0,40.955,1860,2176,0.640,0.790,0.980,1,0,0,0,0,18,316,0,11,0
12-05 07:24:43,4.009,1.253,93.968,0,0,5697940,179284,179564,1961936,7790.097,3613.394,0,144.335,0,10.023,1235,1665,0.640,0.790,0.980,1,0,1.002,0,0,18,316,0,11,0
12-05 07:24:44,3.752,0.750,93.544,0,0,5697936,179284,179564,1961940,9322.371,3552.666,0,1332.625,0,235.110,1358,1604,0.640,0.790,0.980,1,0,0,0,0,18,316,0,11,0
12-05 07:24:45,5.239,1.996,91.807,0.249,0,5697800,179284,179564,1962076,8072.043,3597.443,0,135.715,0,8.981,1436,1673,0.640,0.790,0.980,1,0,5.987,0,0,18,316,0,7,0
12-05 07:24:46,4.757,0.751,93.145,0,0,5697788,179284,179564,1962088,7770.122,3556.548,0,80.125,0,7.011,1303,1620,0.640,0.790,0.980,1,0,0,0,0,18,316,0,7,0
12-05 07:24:47,4.501,0.750,93.262,0,0,5697780,179284,179564,1962096,7653.021,3605.481,0,80.011,0,10.001,1284,1591,0.590,0.780,0.970,1,0,0,0,0,18,316,0,7,0
12-05 07:24:48,4.244,0.749,93.626,0,0,5697772,179284,179564,1962104,7937.524,3574.283,0,0,0,0,1263,1554,0.590,0.780,0.970,1,0,0,0,0,18,316,0,7,0
12-05 07:24:49,5.507,0.751,92.611,0,0,5697632,179284,179568,1962240,10023.979,3477.155,0,292.349,0,33.039,1631,2176,0.590,0.780,0.970,1,0,0,0,0,18,316,0,6,0
12-05 07:24:50,5.483,0.997,90.975,0.498,0,5697620,179284,179568,1962252,8471.397,3366.825,0,223.325,0,21.934,1722,2287,0.590,0.780,0.970,2,0,0.997,0,0,18,317,0,6,0
12-05 07:24:51,5.766,1.504,90.755,0.251,0,5697596,179284,179576,1962268,7890.136,3789.632,0,433.215,0,51.143,2018,2756,0.590,0.780,0.970,1,0,0,0,0,18,316,0,6,0
12-05 07:24:52,5.503,1.251,92.046,0.500,0,5697544,179284,179584,1962312,7647.810,3618.803,32.016,336.167,1.000,37.018,1749,2326,0.540,0.760,0.970,1,0,0,0,0,18,316,0,6,0
12-05 07:24:53,4.493,1.248,92.360,0,0,5697536,179284,179588,1962316,7552.522,3491.693,0,179.727,0,10.983,1371,1809,0.540,0.760,0.970,1,0,0.998,0,0,18,316,0,6,0
12-05 07:24:54,5.024,1.005,92.446,0,0,5697524,179284,179588,1962328,7886.059,3688.803,0,144.698,0,10.048,1451,1729,0.540,0.760,0.970,2,0,1.005,0,0,18,316,0,6,0
12-05 07:24:55,5.478,0.996,92.130,0,0,5697520,179284,179588,1962332,5031.802,2963.106,0,151.392,0,9.960,1411,1735,0.540,0.760,0.970,1,0,1.992,0,0,18,317,0,6,0
12-05 07:24:56,7.725,1.744,89.955,0.498,0,5699508,177268,179588,1962360,8175.205,3862.341,0,123.595,0,8.971,1879,2131,0.540,0.760,0.970,1,0,2.990,0,0,18,317,0,6,0
12-05 07:24:57,7.019,1.253,89.748,0,0,5699496,177268,179588,1962372,10143.042,3651.094,0,264.732,0,22.061,1875,2337,0.500,0.750,0.960,1,0,2.006,0,0,18,316,0,5,0
12-05 07:24:58,6.248,0.750,91.220,0.250,0,5699484,177268,179588,1962384,8291.243,3765.748,0,103.965,0,8.997,1593,1969,0.500,0.750,0.960,1,0,1.000,0,0,18,316,0,5,0
12-05 07:24:59,5.501,1.250,91.265,0,0,5699472,177268,179588,1962396,6426.031,3623.581,0,1472.236,0,243.039,1762,2082,0.500,0.750,0.960,2,0,0,0,0,18,317,0,5,0
12-05 07:25:00,5.280,0.754,92.281,0,0,5699468,177268,179592,1962396,12653.759,4150.867,0,265.527,0,23.133,1638,2158,0.500,0.750,0.960,2,0,0,0,0,18,316,0,5,0
12-05 07:25:01,4.236,1.246,91.948,1.246,0,5699412,177268,179592,1962452,8234.921,3862.300,43.856,382.741,5.980,42.859,1792,2411,0.500,0.750,0.960,1,0,2.990,0,0,18,316,0,4,0
12-05 07:25:02,3.742,0.748,93.057,0.499,0,5699400,177268,179592,1962464,5523.564,3507.737,0,299.380,0,30.936,1399,1925,0.540,0.760,0.960,1,0,0,0,0,18,317,0,4,0
12-05 07:25:03,11.266,15.022,70.102,2.003,0,5707640,168712,179604,1962768,10676.493,4132.998,300.436,220.320,15.022,13.019,4992,4545,0.540,0.760,0.960,2,0,332.482,0,0,18,316,0,4,0
12-05 07:25:04,4.251,0.750,94.268,0,0,5706260,170088,179604,1962772,8463.622,3995.766,0,348.067,0,11.002,1279,1643,0.540,0.760,0.960,1,0,0,0,0,18,316,0,4,0
12-05 07:25:05,3.991,0.748,93.548,0,0,5706256,170088,179604,1962776,8307.054,3812.763,0,79.828,0,5.987,1295,1677,0.540,0.760,0.960,1,0,0,0,0,18,316,0,4,0
12-05 07:25:06,5.012,1.002,92.473,0.251,0,5706712,169612,179604,1962796,8133.633,3776.115,0,1122.710,0,196.474,1773,2194,0.540,0.760,0.960,1,0,2.005,0,0,18,316,0,4,0
12-05 07:25:07,4.751,0.500,93.023,0.250,0,5706708,169612,179604,1962800,9226.303,3443.859,0,236.059,0,26.006,1454,2028,0.570,0.760,0.970,1,0,0,0,0,18,316,0,4,0
12-05 07:25:08,4.998,1.749,91.707,0.250,0,5706692,169612,179608,1962812,8310.105,3885.179,0,1331.376,0,80.962,1573,2159,0.570,0.760,0.970,1,2,0,0,0,18,316,0,4,0
12-05 07:25:09,5.488,0.499,91.556,0.499,0,5706684,169612,179608,1962820,11363.971,3932.684,0,1500.827,0,103.781,1759,2457,0.570,0.760,0.970,1,0,0,0,0,18,316,0,4,0
12-05 07:25:10,4.742,0.998,92.841,0,0,5706680,169612,179608,1962824,8458.550,3964.228,0,191.673,0,19.966,1555,2015,0.570,0.760,0.970,2,0,0,0,0,18,316,0,3,0
12-05 07:25:11,5.744,1.748,91.899,0.499,0,5706532,169612,179608,1962972,8179.040,3816.819,0,303.667,0,34.962,1887,2636,0.570,0.760,0.970,1,0,1.998,0,0,18,316,0,3,0
12-05 07:25:12,4.021,0.251,93.485,0.251,0,5706520,169612,179608,1962984,8063.862,3895.221,0,237.232,0,21.110,1403,1996,0.530,0.750,0.960,2,0,0,0,0,18,316,0,3,0
12-05 07:25:13,4.501,1.000,93.517,0,0,5706508,169612,179612,1962992,8129.511,3821.710,0,376.070,0,46.009,1331,1741,0.530,0.750,0.960,1,0,1.000,0,0,18,316,0,3,0
12-05 07:25:14,4.766,0.502,93.315,0,0,5706500,169612,179612,1963000,8304.015,3942.300,0,112.379,0,8.027,1263,1601,0.530,0.750,0.960,1,0,0,0,0,18,316,0,3,0
12-05 07:25:15,4.730,0.996,93.351,0.249,0,5706492,169612,179612,1963008,8170.064,3804.730,0,115.506,0,8.962,1324,1656,0.530,0.750,0.960,1,0,0,0,0,18,316,0,3,0
12-05 07:25:16,4.504,0.751,93.081,0.250,0,5706480,169612,179612,1963020,9590.381,3878.389,0,200.175,0,16.014,1327,1733,0.530,0.750,0.960,1,0,0,0,0,18,316,0,3,0
12-05 07:25:17,4.492,0.998,93.338,0,0,5706472,169612,179612,1963028,7934.251,3814.390,0,111.806,0,11.979,1213,1604,0.480,0.740,0.950,1,0,0,0,0,18,316,0,3,0
12-05 07:25:18,4.005,0.501,93.860,0,0,5706468,169612,179612,1963032,8165.567,3933.609,0,32.038,0,4.005,1249,1596,0.480,0.740,0.950,1,0,0,0,0,18,316,0,3,0
12-05 07:25:19,5.257,1.001,92.621,0.250,0,5706464,169612,179612,1963036,8084.560,3892.084,0,236.309,0,23.030,1548,2083,0.480,0.740,0.950,2,0,0,0,0,18,316,0,4,0
12-05 07:25:20,3.740,0.748,93.756,0.249,0,5703608,172460,179612,1963044,9799.504,3852.976,0,1145.021,0,199.481,1523,2000,0.480,0.740,0.950,1,0,0,0,0,18,317,0,4,0
12-05 07:25:21,4.758,1.252,91.654,0.501,0.250,5703600,172460,179612,1963052,8021.476,3695.208,0,400.673,0,49.082,1937,2832,0.480,0.740,0.950,2,0,0,0,0,18,316,0,5,0
12-05 07:25:22,6.994,5.495,86.177,0,0,5707996,168052,179612,1963064,8061.182,3817.771,0,359.696,0,35.970,2757,3145,0.450,0.720,0.950,1,0,85.927,0,0,18,316,0,5,0
12-05 07:25:23,4.998,1.250,92.720,0,0,5707960,168052,179612,1963100,8505.259,3939.730,0,147.952,0,8.997,1545,1864,0.450,0.720,0.950,1,0,1.000,0,0,18,316,0,5,0
12-05 07:25:24,4.003,1.251,93.573,0.250,0,5707952,168052,179612,1963108,8568.708,3878.036,0,152.119,0,11.009,1329,1652,0.450,0.720,0.950,1,0,0,0,0,18,316,0,5,0
12-05 07:25:25,4.000,0.750,93.754,0,0,5707440,168560,179612,1963112,8525.360,3941.167,0,112.005,0,8.000,1267,1617,0.450,0.720,0.950,2,0,0,0,0,18,316,0,5,0
12-05 07:25:26,3.995,1.248,93.633,0,0,5707656,168336,179612,1963120,8057.949,3816.240,0,111.860,0,7.990,1248,1572,0.450,0.720,0.950,1,0,0,0,0,18,316,0,5,0
12-05 07:25:27,4.505,0.501,93.349,0,0,5707652,168336,179612,1963124,8270.735,3879.097,0,116.123,0,9.010,1223,1543,0.410,0.710,0.940,1,0,0,0,0,18,316,0,5,0
12-05 07:25:28,4.740,1.497,91.802,0.249,0,5707640,168336,179612,1963136,8198.351,3920.560,0,255.450,0,20.955,1583,2039,0.410,0.710,0.940,2,0,0,0,0,18,316,0,5,0
12-05 07:25:29,5.260,0.751,92.931,0.250,0,5707632,168340,179612,1963140,9827.126,3828.451,0,200.390,0,20.039,1529,2041,0.410,0.710,0.940,1,0,0,0,0,18,316,0,5,0
12-05 07:25:30,4.998,0.750,92.468,0.250,0,5707840,168116,179612,1963156,8202.119,3819.658,0,211.926,0,21.992,1511,1982,0.410,0.710,0.940,1,0,0,0,0,18,316,0,5,0
12-05 07:25:31,12.259,4.754,81.560,0.250,0,5705852,170088,179612,1963172,8194.043,3691.723,0,344.254,0,37.027,3145,13930,0.410,0.710,0.940,1,0,36.027,0,0,18,316,0,6,0
12-05 07:25:32,4.743,0.998,92.858,0,0,5706084,169848,179612,1963180,8115.595,3815.169,0,255.609,0,24.962,1486,2059,0.380,0.700,0.940,1,0,0,0,0,18,316,0,6,0
12-05 07:25:33,4.256,0.751,93.136,0.250,0,5706304,169624,179612,1963184,8199.953,3868.639,0,168.245,0,12.018,1355,1689,0.380,0.700,0.940,2,0,1.001,0,0,18,316,0,6,0
12-05 07:25:34,3.975,0.994,93.154,0,0,5706172,169620,179612,1963320,7294.299,3558.219,0,111.287,0,7.949,1283,1640,0.380,0.700,0.940,1,0,0,0,0,18,317,0,5,0
12-05 07:25:35,4.525,0.754,93.512,0,0,5706164,169620,179612,1963328,12546.681,4016.989,0,285.563,0,10.055,1306,1679,0.380,0.700,0.940,1,0,0,0,0,18,316,0,5,0
12-05 07:25:36,4.507,1.252,93.143,0.501,0.250,5706604,169172,179612,1963336,8320.749,3694.661,0,1297.989,0,224.344,1702,2098,0.380,0.700,0.940,1,0,0,0,0,18,316,0,5,0
12-05 07:25:37,4.748,1.249,92.962,0,0,5706600,169172,179612,1963340,7884.793,3819.447,0,179.927,0,19.992,1404,1887,0.350,0.690,0.930,1,0,0,0,0,18,316,0,5,0
12-05 07:25:38,4.498,1.000,92.208,0.250,0,5706588,169172,179612,1963352,8184.294,3819.271,0,275.875,0,28.987,1697,2312,0.350,0.690,0.930,1,0,0,0,0,18,316,0,5,0
12-05 07:25:39,5.276,1.256,92.451,0.251,0,5706580,169172,179612,1963360,8220.125,3851.802,0,249.216,0,24.118,1627,2142,0.350,0.690,0.930,1,0,0,0,0,18,316,0,5,0
12-05 07:25:40,3.972,0.496,93.583,0.248,0,5706568,169172,179612,1963372,8065.534,3752.265,0,190.642,0,19.859,1503,1986,0.350,0.690,0.930,2,0,0,0,0,18,317,0,5,0
12-05 07:25:41,7.267,1.002,89.457,0.251,0,5706556,169172,179612,1963384,16674.556,8190.940,0,308.714,0,35.081,1933,2482,0.350,0.690,0.930,2,0,0,0,0,18,317,0,5,0
12-05 07:25:42,8.523,1.003,89.243,0,0,5706544,169172,179612,1963396,19043.755,8617.420,0,220.600,0,20.055,1787,2187,0.320,0.670,0.930,2,0,0,0,0,18,316,0,5,0
12-05 07:25:43,4.740,0.748,92.556,0.249,0,5706532,169172,179612,1963408,8202.782,3705.222,0,231.514,0,10.977,1389,1730,0.320,0.670,0.930,1,0,0.998,0,0,18,316,0,5,0
12-05 07:25:44,4.004,1.001,93.844,0,0,5706524,169172,179612,1963416,8122.094,3770.758,0,112.112,0,7.007,1236,1632,0.320,0.670,0.930,1,0,0,0,0,18,316,0,6,0
12-05 07:25:45,5.249,1.750,91.737,0,0,5706768,168920,179612,1963424,8235.801,3712.459,0,115.983,0,7.999,1522,1741,0.320,0.670,0.930,2,0,5.999,0,0,18,316,0,6,0
12-05 07:25:46,4.488,0.997,92.752,0.499,0,5706764,168920,179612,1963428,8212.026,3756.947,0,1085.096,0,187.498,1474,1680,0.320,0.670,0.930,1,0,0,0,0,18,316,0,6,0
12-05 07:25:47,4.007,1.252,93.156,0,0,5706756,168920,179612,1963436,8209.724,3851.438,0,168.281,0,16.027,1297,1674,0.290,0.660,0.920,1,0,0,0,0,18,315,0,6,1
12-05 07:25:48,5.006,1.252,92.862,0.501,0.250,5706748,168920,179612,1963444,8219.952,3757.549,0,812.984,0,51.062,1496,2014,0.290,0.660,0.920,3,0,0,0,0,18,315,0,6,1
12-05 07:25:49,4.986,1.496,91.489,0.249,0,5706736,168920,179612,1963456,8031.074,3624.653,0,2098.011,0,164.530,1812,2597,0.290,0.660,0.920,1,0,0,0,0,18,315,0,6,1
12-05 07:25:50,5.004,0.751,92.574,0,0,5706732,168920,179612,1963460,8183.506,3715.954,0,184.146,0,17.014,1618,2069,0.290,0.660,0.920,1,0,0,0,0,18,315,0,6,1
12-05 07:25:51,5.238,1.746,90.784,0.499,0,5706712,168920,179612,1963480,7887.265,3650.329,0,387.081,0,44.893,2031,2782,0.290,0.660,0.920,1,0,0,0,0,18,315,0,6,1
12-05 07:25:52,5.251,1.250,92.269,0.250,0,5706696,168920,179612,1963496,7847.619,3659.755,0,272.056,0,30.006,1630,2165,0.270,0.650,0.920,1,0,0,0,0,18,315,0,7,1
12-05 07:25:53,5.265,1.003,92.769,0.251,0,5706688,168920,179612,1963504,7971.093,3699.719,0,180.523,0,13.038,1509,1826,0.270,0.650,0.920,1,0,1.003,0,0,18,315,0,7,1
12-05 07:25:54,3.735,0.996,93.134,0.249,0,5706676,168920,179616,1963512,8263.487,3901.649,0,115.545,0,7.969,1294,1612,0.270,0.650,0.920,1,0,0,0,0,18,315,0,7,1
12-05 07:25:55,4.253,0.500,93.311,0,0,5706792,168668,179616,1963648,8678.668,3919.560,0,112.073,0,8.005,1313,1611,0.270,0.650,0.920,1,0,0,0,0,18,315,0,7,1
12-05 07:25:56,7.012,2.003,89.905,0,0,5710648,164784,179616,1963676,8544.691,3857.633,0,180.310,0,17.029,1791,2245,0.270,0.650,0.920,1,0,3.005,0,0,18,315,0,7,1
12-05 07:25:57,13.294,2.508,83.529,0.251,0,5710584,164784,179620,1963736,8424.122,3942.160,32.107,144.482,2.007,9.030,2657,3454,0.250,0.640,0.910,3,0,2.007,0,0,18,315,0,9,1
12-05 07:25:58,6.721,0.747,90.115,0,0,5710564,164784,179620,1963756,8406.058,3858.502,0,211.097,0,19.915,1668,2153,0.250,0.640,0.910,1,0,0.996,0,0,18,315,0,9,1
12-05 07:25:59,5.002,1.501,92.535,0.250,0,5708572,166772,179620,1963760,8491.241,3822.459,0,196.075,0,20.008,1637,2185,0.250,0.640,0.910,1,0,0,0,0,18,315,0,7,1
12-05 07:26:00,4.277,1.006,92.592,0,0,5708784,166548,179620,1963772,10190.111,3845.572,0,225.440,0,22.141,1559,2090,0.250,0.640,0.910,2,0,0,0,0,18,316,0,7,1
12-05 07:26:01,4.479,0.995,92.068,0.498,0,5708996,166324,179624,1963780,8104.001,3856.915,0,1747.805,0,285.661,1923,2551,0.250,0.640,0.910,1,0,0,0,0,18,315,0,7,1
12-05 07:26:02,4.740,1.247,92.308,0.249,0,5708968,166324,179624,1963808,8139.075,3920.847,0,295.386,0,26.944,1477,2039,0.230,0.630,0.910,1,0,0,0,0,18,315,0,7,1
12-05 07:26:03,4.266,1.004,93.345,0,0,5708964,166324,179624,1963812,8037.686,3835.164,0,152.563,0,10.037,1373,1739,0.230,0.630,0.910,1,0,1.004,0,0,18,315,0,7,1
12-05 07:26:04,3.974,0.993,93.633,0,0,5708964,166324,179624,1963812,8074.808,3664.858,0,111.267,0,6.954,1245,1598,0.230,0.630,0.910,2,0,0,0,0,18,315,0,7,1
12-05 07:26:05,4.779,0.503,93.310,0,0,5708948,166324,179624,1963828,8254.562,3711.283,0,132.797,0,8.048,1329,1643,0.230,0.630,0.910,1,0,0,0,0,18,315,0,8,1
12-05 07:26:06,4.496,1.249,92.675,0.250,0,5708944,166324,179624,1963832,8061.496,3817.920,0,411.668,0,22.981,1535,2051,0.230,0.630,0.910,3,0,0,0,0,18,315,0,8,1
12-05 07:26:07,5.746,1.499,91.443,0.250,0,5708932,166324,179624,1963844,8122.931,3686.700,0,295.815,0,37.976,1739,2237,0.210,0.620,0.900,3,0,0.999,0,0,18,315,0,8,1
12-05 07:26:08,4.508,1.002,92.913,0.250,0,5709176,166072,179624,1963852,8456.792,3881.790,0,140.245,0,11.019,1522,1937,0.210,0.620,0.900,2,0,0,0,0,18,315,0,8,1
12-05 07:26:09,4.732,1.245,92.156,0.249,0,5709044,166072,179624,1963984,8342.835,3741.025,0,207.226,0,19.926,1542,1970,0.210,0.620,0.900,4,0,0,0,0,18,315,0,8,1
12-05 07:26:10,4.761,1.002,92.714,0,0,5709036,166072,179624,1963992,8231.974,3751.647,0,232.536,0,22.051,1610,2084,0.210,0.620,0.900,1,0,0,0,0,18,315,0,8,1
12-05 07:26:11,5.755,1.251,91.577,0.250,0,5709020,166072,179628,1964004,9942.405,3758.177,0,328.278,0,36.030,1889,2630,0.210,0.620,0.900,1,0,2.002,0,0,18,315,0,8,1
12-05 07:26:12,3.765,0.753,94.123,0,0,5709012,166072,179628,1964012,8039.875,3703.684,0,148.589,0,9.036,1213,1628,0.190,0.610,0.900,3,0,0,0,0,18,315,0,8,1
12-05 07:26:13,3.999,1.000,93.975,0,0,5709008,166072,179632,1964012,8139.841,3742.007,0,115.969,0,6.998,1337,1661,0.190,0.610,0.900,2,0,1.000,0,0,18,315,0,8,1
12-05 07:26:14,4.990,0.749,93.570,0.250,0,5708996,166072,179632,1964024,7141.287,3442.390,0,191.632,0,8.983,1293,1624,0.190,0.610,0.900,1,0,0,0,0,18,316,0,8,1
12-05 07:26:15,4.248,0.750,93.198,0,0,5708988,166072,179632,1964032,10686.000,3980.765,0,115.935,0,8.995,1315,1642,0.190,0.610,0.900,2,0,0,0,0,18,315,0,8,1
12-05 07:26:16,4.508,1.252,93.407,0.250,0,5708980,166072,179632,1964040,8201.780,3695.208,0,196.330,0,17.029,1424,1760,0.190,0.610,0.900,1,0,0,0,0,18,315,0,9,1
12-05 07:26:17,4.236,0.997,93.183,0.249,0,5708976,166072,179632,1964044,8040.625,3676.483,0,1259.711,0,218.257,1456,1716,0.180,0.600,0.890,1,0,0,0,0,18,315,0,9,1
12-05 07:26:18,4.502,0.750,93.282,0,0,5708964,166072,179636,1964052,8526.949,3744.295,0,32.011,0,4.001,1295,1616,0.180,0.600,0.890,1,0,0,0,0,18,315,0,9,1
12-05 07:26:19,5.005,1.001,92.342,0,0,5708952,166072,179640,1964060,9399.386,3746.742,0,328.328,0,47.047,1635,2094,0.180,0.600,0.890,2,0,0,0,0,18,315,0,9,1
12-05 07:26:20,4.742,0.749,92.345,0.250,0,5708944,166072,179640,1964068,5782.313,3443.231,0,211.645,0,19.967,1690,2178,0.180,0.600,0.890,1,0,0,0,0,18,316,0,9,1
12-05 07:26:21,4.751,1.250,92.015,0.500,0,5708928,166072,179640,1964084,10542.731,3971.652,0,332.055,0,46.008,1890,2681,0.180,0.600,0.890,3,0,0,0,0,18,316,0,9,1
12-05 07:26:22,3.990,0.998,93.518,0.249,0,5708924,166072,179640,1964088,8002.154,3865.413,0,171.574,0,17.955,1264,1693,0.160,0.590,0.890,2,0,0,0,0,18,315,0,9,1
12-05 07:26:23,4.753,1.251,92.549,0.250,0,5708872,166072,179644,1964136,9567.087,3690.963,0,140.074,0,11.006,1513,1872,0.160,0.590,0.890,1,0,1.001,0,0,18,315,0,8,1
12-05 07:26:24,4.510,0.752,93.700,0,0,5708868,166072,179644,1964140,8099.292,3883.291,0,112.240,0,7.015,1268,1569,0.160,0.590,0.890,1,0,0,0,0,18,315,0,8,1
12-05 07:26:25,4.487,0.748,92.478,0,0,5708856,166072,179648,1964148,8486.065,3875.612,0,143.578,0,10.968,1425,1865,0.160,0.590,0.890,1,0,0,0,0,18,315,0,8,1
12-05 07:26:26,3.762,1.003,93.803,0,0,5708848,166072,179648,1964156,5994.376,3622.710,0,112.363,0,8.026,1234,1569,0.160,0.590,0.890,1,0,0,0,0,18,316,0,8,1
12-05 07:26:27,3.999,1.000,93.221,0.250,0,5708840,166072,179648,1964164,12157.221,3927.779,0,135.958,0,8.997,1314,1630,0.150,0.580,0.880,1,0,0,0,0,18,315,0,8,1
12-05 07:26:28,4.483,0.996,93.156,0,0,5708832,166072,179648,1964172,5634.170,3436.296,0,346.718,0,17.934,1320,1728,0.150,0.580,0.880,2,1,0,0,0,18,316,0,8,1
12-05 07:26:29,4.754,1.501,91.834,0.250,0,5708816,166072,179656,1964180,8209.527,3746.435,0,2121.946,0,134.123,1772,2517,0.150,0.580,0.880,1,0,0,0,0,18,316,0,8,1
12-05 07:26:30,4.744,0.999,92.141,0.250,0,5708812,166072,179656,1964184,8448.985,3738.569,0,215.744,0,22.973,1661,2131,0.150,0.580,0.880,3,0,0,0,0,18,316,0,8,1
12-05 07:26:31,5.527,2.261,90.193,0.502,0,5710292,164568,179664,1964200,10556.869,3773.540,0,337.659,0,38.188,1965,2604,0.150,0.580,0.880,5,0,10.049,0,0,18,315,0,8,1
12-05 07:26:32,10.748,3.250,84.988,0,0,5708456,166400,179664,1964204,5764.174,3676.473,0,1147.835,0,201.971,2531,14573,0.220,0.590,0.880,1,0,25.996,0,0,18,316,0,8,1
12-05 07:26:33,4.484,1.246,92.678,0.249,0,5701124,173596,179664,1964340,8233.435,3730.059,0,115.599,0,8.969,1361,1670,0.220,0.590,0.880,1,0,0.997,0,0,18,316,0,8,1
12-05 07:26:34,4.736,0.997,93.223,0,0,5701112,173596,179668,1964348,13794.043,4048.978,0,115.657,0,8.973,1341,1638,0.220,0.590,0.880,1,0,0,0,0,18,315,0,8,1
12-05 07:26:35,5.029,0.754,93.287,0,0,5701324,173372,179672,1964356,8373.197,3710.357,0,108.625,0,9.052,1339,1704,0.220,0.590,0.880,1,0,0,0,0,18,315,0,8,1
12-05 07:26:36,4.750,0.750,92.257,0.500,0,5701540,173148,179676,1964360,8442.641,3875.294,0,188.014,0,18.001,1637,2073,0.220,0.590,0.880,2,0,0,0,0,18,315,0,8,1
12-05 07:26:37,4.498,1.249,92.706,0,0,5701528,173148,179676,1964372,8244.099,3687.255,0,363.828,0,20.990,1435,1942,0.280,0.590,0.880,1,0,0,0,0,18,315,0,8,1
12-05 07:26:38,3.754,1.001,94.089,0,0,5701024,173648,179676,1964376,7462.056,3452.264,0,140.133,0,11.010,1313,1775,0.280,0.590,0.880,1,0,0,0,0,18,316,0,8,1
12-05 07:26:39,4.487,0.997,92.229,0.249,0,5701012,173648,179676,1964388,9839.078,3678.188,0,219.355,0,20.938,1489,2039,0.280,0.590,0.880,1,0,0,0,0,18,316,0,8,1
12-05 07:26:40,5.515,1.003,93.011,0,0,5701008,173648,179676,1964392,10894.596,4138.623,0,192.541,0,22.062,1557,2050,0.280,0.590,0.880,1,0,0,0,0,18,315,0,8,1
12-05 07:26:41,6.517,1.253,90.991,0.501,0,5701248,173396,179676,1964404,8869.455,5504.557,0,268.711,0,33.088,1874,2544,0.280,0.590,0.880,2,0,0,0,0,18,317,0,8,1
12-05 07:26:42,3.233,0.746,94.257,0.249,0,5701472,173172,179676,1964404,12191.189,4081.636,0,107.438,0,7.958,1160,1479,0.260,0.580,0.880,2,0,0,0,0,18,316,0,8,1
12-05 07:26:43,4.515,1.254,93.062,0,0,5702188,172448,179676,1964412,8215.526,3701.402,0,1083.631,0,179.602,1368,1705,0.260,0.580,0.880,1,0,1.003,0,0,18,316,0,8,1
12-05 07:26:44,5.475,0.747,92.073,0,0,5702180,172448,179676,1964420,13032.576,5372.093,0,39.815,0,3.982,1310,1619,0.260,0.580,0.880,3,0,0,0,0,18,316,0,8,1
12-05 07:26:45,7.494,1.749,88.682,0,0,5702444,172176,179676,1964428,19625.969,9123.013,0,67.948,0,1.998,1747,1881,0.260,0.580,0.880,4,0,5.995,0,0,18,316,0,8,1
12-05 07:26:46,4.257,1.002,93.405,0.250,0,5702436,172176,179676,1964436,8201.622,3695.137,0,76.126,0,7.012,1316,1647,0.260,0.580,0.880,1,0,0,0,0,18,316,0,8,1
12-05 07:26:47,3.998,0.750,93.707,0,0,5702428,172176,179676,1964444,5652.432,3447.434,0,59.973,0,5.997,1278,1659,0.240,0.570,0.870,2,0,0,0,0,18,317,0,8,1
12-05 07:26:48,4.758,1.252,92.148,0,0,5702636,171952,179676,1964460,12532.178,4269.875,0,0,0,0,1450,1690,0.240,0.570,0.870,3,0,0,0,0,18,315,0,8,1
12-05 07:26:49,5.006,1.502,92.613,0,0,5702632,171952,179676,1964464,8600.513,3855.713,0,172.211,0,17.021,1592,2138,0.240,0.570,0.870,2,1,0,0,0,18,315,0,8,1
12-05 07:26:50,4.740,0.499,92.551,0,0,5702620,171952,179676,1964476,7635.541,3441.582,0,351.243,0,42.908,1559,2108,0.240,0.570,0.870,1,0,0,0,0,18,316,0,8,1
12-05 07:26:51,5.513,1.503,91.207,0.752,0,5702600,171952,179680,1964492,8266.799,3697.408,0,340.775,0,43.098,1962,2810,0.240,0.570,0.870,1,0,0,0,0,18,316,0,8,1
12-05 07:26:52,4.487,0.499,91.978,0,0,5702592,171952,179680,1964500,8103.998,3678.106,0,187.445,0,20.938,1469,1936,0.220,0.560,0.870,1,0,0,0,0,18,316,0,8,1
12-05 07:26:53,4.250,1.250,93.252,0.250,0,5702584,171952,179680,1964508,8308.135,3689.060,0,144.002,0,11.000,1382,1777,0.220,0.560,0.870,1,0,1.000,0,0,18,316,0,8,1
12-05 07:26:54,4.260,0.752,93.467,0,0,5702576,171952,179680,1964516,8207.071,3697.592,0,112.261,0,7.016,1255,1572,0.220,0.560,0.870,1,0,0,0,0,18,316,0,8,1
12-05 07:26:55,4.980,0.747,92.882,0,0,5702444,171952,179680,1964648,8238.402,3740.201,0,115.543,0,7.968,1320,1628,0.220,0.560,0.870,1,0,0,0,0,18,316,0,8,1
12-05 07:26:56,6.518,2.256,89.750,0.251,0,5705172,169192,179680,1964680,8084.490,3699.291,0,168.469,0,14.039,1968,2312,0.220,0.560,0.870,1,0,3.008,0,0,18,316,0,7,1
12-05 07:26:57,7.514,1.503,89.422,0,0,5705156,169192,179680,1964696,8269.909,3762.237,0,156.301,0,13.025,1825,2145,0.200,0.550,0.860,1,0,2.004,0,0,18,316,0,7,1
12-05 07:26:58,6.475,1.494,90.155,0.249,0,5705140,169192,179680,1964712,8290.258,3728.723,0,1442.477,0,242.073,1945,2252,0.200,0.550,0.860,3,0,0.996,0,0,18,316,0,7,1
12-05 07:26:59,5.282,1.006,92.308,0,0,5705136,169192,179680,1964716,8298.167,3711.438,0,209.265,0,19.116,1600,2061,0.200,0.550,0.860,2,0,0,0,0,18,316,0,7,1
12-05 07:27:00,4.997,1.249,92.938,0.250,0,5705120,169192,179684,1964728,8333.430,3740.500,0,211.858,0,21.985,1588,2114,0.200,0.550,0.860,1,1,0,0,0,18,316,0,5,1
12-05 07:27:01,5.014,0.752,91.508,0.251,0.251,5705116,169192,179684,1964732,9789.615,3753.588,0,272.769,0,37.105,1760,2442,0.200,0.550,0.860,2,1,0,0,0,18,316,0,5,1
12-05 07:27:02,3.231,0.994,94.201,0,0,5705108,169192,179684,1964740,7901.950,3667.626,0,250.540,0,21.873,1199,1607,0.180,0.540,0.860,3,0,0,0,0,18,317,0,5,1
12-05 07:27:03,11.564,1.760,85.470,0.503,0,5705316,168940,179688,1964780,15330.258,7876.290,0,374.056,0,38.210,2363,3037,0.180,0.540,0.860,2,0,1.006,0,0,18,318,0,5,1
12-05 07:27:04,6.738,0.998,90.842,0.250,0,5705304,168940,179688,1964792,14659.445,6149.280,0,770.657,0,51.910,1586,2115,0.180,0.540,0.860,3,0,0,0,0,18,319,0,5,1
12-05 07:27:05,8.720,1.495,87.949,0.498,0,5707560,166420,179688,1965056,20772.899,10005.753,255.127,59.795,5.980,5.980,1701,1910,0.180,0.540,0.860,1,0,0,0,0,18,320,0,5,1
12-05 07:27:06,6.508,1.251,90.855,0,0,5707548,166420,179688,1965068,15050.446,5972.924,0,136.158,0,14.016,1688,2064,0.180,0.540,0.860,3,1,0,0,0,18,320,0,5,1
12-05 07:27:07,4.270,0.754,92.689,0.502,0,5707540,166420,179688,1965076,8106.432,3706.572,0,237.124,0,27.129,1505,2011,0.170,0.530,0.850,3,0,0,0,0,18,320,0,5,1
12-05 07:27:08,4.250,1.000,93.006,0,0,5707532,166420,179688,1965084,8396.568,3797.257,0,216.015,0,1.000,1363,1790,0.170,0.530,0.850,1,0,0,0,0,18,320,0,4,1
12-05 07:27:09,9.993,1.249,87.691,0.250,0,5709156,164656,179688,1965224,21880.264,10173.149,0,115.922,0,12.991,1873,2202,0.170,0.530,0.850,1,0,0,0,0,18,322,0,4,1
12-05 07:27:10,11.496,1.000,85.718,0,0,5711156,162640,179688,1965240,28289.525,12464.385,0,203.924,0,20.992,2124,2361,0.170,0.530,0.850,1,0,0,0,0,18,324,0,4,1
12-05 07:27:11,8.444,1.490,87.170,0.745,0,5715160,158608,179700,1965256,17497.495,8138.809,0,2698.036,0,177.816,2381,3252,0.170,0.530,0.850,2,0,1.987,0,0,18,325,0,4,1
12-05 07:27:12,7.273,1.003,90.290,0,0,5715144,158608,179700,1965272,17716.932,8165.238,0,48.155,0,5.016,1465,1671,0.150,0.530,0.850,1,0,0,0,0,18,326,0,4,1
12-05 07:27:13,4.493,0.749,93.358,0,0,5715140,158608,179700,1965276,8235.468,3683.395,0,0,0,0,1287,1643,0.150,0.530,0.850,1,0,0.998,0,0,18,326,0,4,1
12-05 07:27:14,4.507,0.751,93.656,0.250,0,5715128,158608,179700,1965288,8171.588,3367.600,0,1306.172,0,227.378,1428,1586,0.150,0.530,0.850,3,0,0,0,0,18,326,0,4,1
12-05 07:27:15,8.018,0.501,89.453,0,0,5715120,158608,179700,1965296,18190.271,8527.347,0,12.027,0,3.007,1549,1765,0.150,0.530,0.850,1,0,0,0,0,18,327,0,4,1
12-05 07:27:16,10.435,0.994,87.704,0,0,5715104,158608,179700,1965312,24837.350,10375.397,0,71.554,0,5.963,1771,1860,0.150,0.530,0.850,1,0,0,0,0,18,328,0,4,1
12-05 07:27:17,6.756,1.251,90.834,0,0,5715572,158132,179700,1965320,12566.596,5933.475,0,56.052,0,6.006,1503,1708,0.140,0.520,0.840,5,0,0,0,0,18,329,0,3,1
12-05 07:27:18,5.479,0.996,92.897,0,0,5715560,158132,179700,1965332,8356.213,3794.565,0,0,0,0,1203,1537,0.140,0.520,0.840,2,0,0,0,0,18,329,0,3,1
12-05 07:27:19,2.773,0.504,94.022,0,0,5715556,158132,179700,1965336,8376.796,3719.547,0,104.861,0,12.099,1393,1918,0.140,0.520,0.840,2,0,0,0,0,18,330,0,3,1
12-05 07:27:20,9.478,1.497,87.546,0,0,5717304,156368,179704,1965348,20678.766,9911.880,0,203.525,0,20.951,1936,2316,0.140,0.520,0.840,2,0,0,0,0,18,330,0,3,1
12-05 07:27:21,5.004,1.001,92.326,0.500,0,5717284,156368,179704,1965368,8477.979,4193.452,0,556.458,0,69.057,1973,2872,0.140,0.520,0.840,1,0,1.001,0,0,18,330,0,3,1
12-05 07:27:22,4.002,1.000,93.294,0.250,0,5717280,156368,179704,1965372,7894.684,2386.114,0,180.084,0,17.008,1329,1846,0.130,0.510,0.840,2,0,0,0,0,18,330,0,3,1
12-05 07:27:23,6.009,1.502,90.385,0,0,5717484,156116,179704,1965420,13951.882,5858.769,0,120.180,0,11.016,1645,1965,0.130,0.510,0.840,3,0,1.001,0,0,18,331,0,3,1
12-05 07:27:24,4.490,0.748,93.296,0,0,5717480,156116,179704,1965424,8503.421,3854.578,0,123.730,0,7.983,1290,1601,0.130,0.510,0.840,2,0,0,0,0,18,331,0,3,1
12-05 07:27:25,3.992,0.998,93.802,0,0,5717472,156116,179704,1965432,8558.908,3812.940,0,111.764,0,7.983,1214,1592,0.130,0.510,0.840,5,0,0,0,0,18,331,0,2,1
12-05 07:27:26,4.506,1.001,93.630,0,0,5717468,156116,179704,1965436,10019.937,3892.414,0,116.162,0,8.011,1312,1584,0.130,0.510,0.840,2,0,0,0,0,18,331,0,2,1
12-05 07:27:27,7.246,0.750,90.453,0,0,5718080,155360,179704,1965580,17710.796,8134.772,0,123.936,0,9.995,1495,1693,0.200,0.520,0.840,2,0,0,0,0,18,332,0,2,1
12-05 07:27:28,4.745,1.249,92.648,0.250,0,5719084,154352,179704,1965584,8424.690,3792.809,0,151.832,0,13.985,1499,2002,0.200,0.520,0.840,2,0,0.999,0,0,18,332,0,2,1
12-05 07:27:29,4.757,1.502,92.639,0,0.250,5719300,154128,179704,1965592,9582.338,3694.528,0,1313.966,0,211.316,1756,2064,0.200,0.520,0.840,2,0,0,0,0,18,332,0,2,1
12-05 07:27:30,5.762,1.002,90.436,0.251,0,5719292,154128,179704,1965600,13764.377,6044.461,0,232.479,0,22.045,1667,2090,0.200,0.520,0.840,4,0,0,0,0,18,332,0,2,1
12-05 07:27:31,8.971,1.246,88.716,0.249,0,5719276,154128,179704,1965616,17751.170,8220.682,0,330.941,0,36.882,2034,2626,0.200,0.520,0.840,3,0,0,0,0,18,333,0,2,1
12-05 07:27:32,11.502,4.751,82.017,0.250,0,5726860,184892,179176,1927940,8281.753,4268.903,0,156.033,0,13.003,2657,12650,0.500,0.570,0.860,2,0,36.008,0,0,18,333,0,3,1
12-05 07:27:33,3.752,0.750,93.552,0,0,5723500,188244,179176,1927948,9939.522,3889.161,0,120.067,0,10.006,1306,1701,0.500,0.570,0.860,2,0,1.001,0,0,18,333,0,2,1
12-05 07:27:34,9.253,1.501,87.782,0,0,5723956,187768,179180,1927964,21962.940,10315.729,0,112.041,0,8.003,1721,1909,0.500,0.570,0.860,2,0,0,0,0,18,335,0,2,1
12-05 07:27:35,4.503,0.750,93.553,0,0,5724452,187268,179180,1927968,8581.885,3955.251,0,112.064,0,8.005,1283,1662,0.500,0.570,0.860,2,0,0,0,0,18,335,0,2,1
12-05 07:27:36,4.737,0.997,92.489,0.249,0,5724920,186792,179180,1927976,8410.252,3744.427,0,219.381,0,19.944,1610,2127,0.500,0.570,0.860,3,0,0,0,0,18,335,0,2,1
12-05 07:27:37,4.748,1.249,92.710,0,0,5724912,186792,179180,1927984,8184.443,3687.398,0,187.918,0,18.992,1415,1973,0.460,0.560,0.850,2,0,0,0,0,18,335,0,2,1
12-05 07:27:38,8.532,1.004,88.332,0.502,0,5724896,186792,179180,1928000,18332.816,8041.184,0,269.010,0,28.106,1862,2262,0.460,0.560,0.850,2,0,0,0,0,18,335,0,2,1
12-05 07:27:39,4.988,1.247,92.031,0,0,5725644,186036,179180,1928008,8068.837,3799.975,0,442.948,0,22.946,1490,1981,0.460,0.560,0.850,1,0,0,0,0,18,335,0,2,1
12-05 07:27:40,4.005,0.751,93.626,0.250,0,5725636,186036,179180,1928016,8496.392,3934.275,0,196.263,0,20.027,1475,1978,0.460,0.560,0.850,2,0,0,0,0,18,336,0,2,1
12-05 07:27:41,9.196,0.994,87.985,0.497,0,5725624,186036,179180,1928028,20846.962,10329.531,0,278.370,0,30.820,2024,2538,0.460,0.560,0.850,4,0,0,0,0,18,337,0,2,1
12-05 07:27:42,4.516,1.004,93.577,0,0,5725616,186036,179180,1928036,8469.607,3834.404,0,104.365,0,8.028,1216,1601,0.430,0.550,0.850,2,0,0,0,0,18,337,0,2,1
12-05 07:27:43,4.008,0.752,94.191,0,0,5725864,185784,179180,1928040,8691.602,3762.620,0,116.235,0,8.016,1260,1635,0.430,0.550,0.850,1,0,1.002,0,0,18,337,0,2,1
12-05 07:27:44,6.499,1.250,90.981,0,0,5725852,185784,179180,1928052,14847.855,6104.707,0,1335.717,0,224.952,1588,1801,0.430,0.550,0.850,2,0,0,0,0,18,338,0,2,1
12-05 07:27:45,5.733,1.994,90.729,0,0,5727108,184524,179180,1928056,11453.753,5639.139,0,123.630,0,9.970,1526,1714,0.430,0.550,0.850,1,0,5.982,0,0,18,338,0,1,1
12-05 07:27:46,4.515,1.003,93.319,0.251,0,5726960,184524,179184,1928200,8288.308,3966.547,0,329.124,0,36.123,1343,1591,0.430,0.550,0.850,1,0,0,0,0,18,338,0,1,1
12-05 07:27:47,5.725,0.996,90.861,0,0,5726952,184524,179184,1928208,13248.259,6071.994,0,79.659,0,5.974,1430,1693,0.470,0.560,0.850,1,0,0,0,0,18,338,0,1,1
12-05 07:27:48,5.494,0.749,92.397,0,0,5726940,184524,179184,1928220,8344.721,3940.618,0,71.920,0,8.990,1366,1651,0.470,0.560,0.850,1,0,0,0,0,18,338,0,1,1
12-05 07:27:49,4.772,1.256,92.416,0.251,0,5726924,184524,179188,1928232,9810.211,3904.597,0,112.507,0,12.054,1597,2019,0.470,0.560,0.850,2,0,0,0,0,18,338,0,1,1
12-05 07:27:50,4.759,1.002,92.184,0,0,5726920,184524,179188,1928236,8287.505,3762.493,0,192.383,0,19.038,1586,2102,0.470,0.560,0.850,3,0,0,0,0,18,338,0,1,1
12-05 07:27:51,10.969,1.246,85.759,0.499,0.249,5726892,184524,179196,1928256,27325.229,12711.287,0,390.902,0,45.871,2325,2884,0.470,0.560,0.850,1,0,0,0,0,18,339,0,1,1
12-05 07:27:52,3.756,1.252,92.906,0,0,5726880,184524,179196,1928268,8141.653,3695.197,0,184.309,0,20.034,1454,1960,0.430,0.550,0.840,1,0,0,0,0,18,339,0,1,1
12-05 07:27:53,4.503,0.751,93.068,0,0,5726876,184524,179196,1928272,8620.308,3757.750,0,104.076,0,8.006,1390,1798,0.430,0.550,0.840,1,0,1.001,0,0,18,339,0,1,1
12-05 07:27:54,10.288,1.004,87.073,0.251,0,5726856,184524,179196,1928292,24673.621,10232.998,0,116.432,0,8.030,1809,1943,0.430,0.550,0.840,5,0,0,0,0,18,339,0,1,1
12-05 07:27:55,9.951,1.493,87.072,0.249,0,5728608,182760,179196,1928304,22352.249,10827.834,0,143.296,0,10.946,1896,2120,0.430,0.550,0.840,1,0,0,0,0,18,341,0,1,1
12-05 07:27:56,9.264,1.502,87.128,0.751,0.250,5730608,180744,179196,1928320,20063.554,8663.762,0,2079.062,0,134.198,2014,2460,0.430,0.550,0.840,2,0,0,0,0,18,342,0,2,1
12-05 07:27:57,11.206,2.490,84.919,0,0,5732796,178520,179196,1928356,20774.081,10248.082,0,59.767,0,6.973,2240,2535,0.400,0.540,0.840,2,0,2.988,0,0,18,343,0,2,1
12-05 07:27:58,13.254,1.500,83.028,0,0,5734412,176756,179196,1928504,23288.736,10381.448,0,56.019,0,6.002,2262,2327,0.400,0.540,0.840,1,0,2.001,0,0,18,345,0,4,1
12-05 07:27:59,11.791,1.505,85.043,0,0,5736400,174740,179204,1928524,23198.932,10385.784,0,216.747,0,24.083,2340,2792,0.400,0.540,0.840,1,0,1.003,0,0,18,346,0,4,1
12-05 07:28:00,9.973,1.496,87.013,0.249,0,5736380,174740,179208,1928540,21918.362,10218.197,0,207.436,0,19.946,1972,2239,0.400,0.540,0.840,2,0,0,0,0,18,349,0,4,1
12-05 07:28:01,9.480,1.247,87.071,0.249,0,5740396,170708,179212,1928552,21008.707,8439.608,0,303.375,0,37.922,2048,2627,0.400,0.540,0.840,2,0,0,0,0,18,348,0,4,1
12-05 07:28:02,12.303,1.004,85.867,0,0,5741108,169980,179212,1928568,26140.821,12522.567,0,216.928,0,16.069,1798,1959,0.450,0.550,0.840,1,0,0,0,0,18,351,0,4,1
12-05 07:28:03,10.476,1.497,86.551,0.249,0,5741008,170064,179212,1928584,23125.958,10326.316,0,103.762,0,8.979,1857,2000,0.450,0.550,0.840,2,0,0.998,0,0,18,352,0,4,1
12-05 07:28:04,11.039,1.254,86.807,0,0,5740992,170064,179212,1928600,24421.390,10928.660,0,116.412,0,8.028,1757,1879,0.450,0.550,0.840,2,0,0,0,0,18,354,0,4,1
12-05 07:28:05,13.191,1.244,83.627,0,0,5742992,168048,179212,1928616,25776.935,12154.743,0,0,0,0,1822,1771,0.450,0.550,0.840,1,0,0,0,0,18,356,0,4,1
12-05 07:28:06,10.003,1.500,86.773,0,0,5743984,167040,179212,1928632,23083.110,10484.775,0,96.025,0,13.003,1964,2190,0.450,0.550,0.840,1,0,0,0,0,18,357,0,4,1
12-05 07:28:07,12.297,1.757,83.819,0.251,0,5745696,165304,179216,1928652,27103.088,12196.390,0,256.977,0,28.107,2110,2297,0.490,0.560,0.840,3,0,1.004,0,0,18,359,0,4,1
12-05 07:28:08,10.205,1.244,86.865,0,0,5747448,163540,179216,1928664,21631.250,10572.202,0,183.189,0,17.921,1900,2156,0.490,0.560,0.840,1,0,0,0,0,18,361,0,4,1
12-05 07:28:09,10.516,1.252,86.131,0.250,0,5749412,161552,179216,1928688,23073.981,10606.079,0,240.364,0,23.035,2042,2318,0.490,0.560,0.840,1,0,0,0,0,18,362,0,4,1
12-05 07:28:10,10.511,1.502,86.339,0.250,0,5749272,161552,179216,1928828,22012.789,10520.892,0,528.547,0,21.022,2035,2243,0.490,0.560,0.840,1,0,0,0,0,18,364,0,4,1
12-05 07:28:11,12.816,1.508,83.427,0.251,0,5750000,160796,179216,1928856,27408.262,12786.435,0,293.502,0,31.159,2455,2887,0.490,0.560,0.840,3,0,2.010,0,0,18,366,0,4,1
12-05 07:28:12,11.434,1.740,85.259,0,0,5751752,159032,179216,1928868,24281.169,10942.981,0,107.382,0,7.954,1833,1886,0.450,0.550,0.840,2,0,0,0,0,18,368,0,4,1
12-05 07:28:13,14.067,1.758,82.894,0,0,5753748,157016,179216,1928888,30341.108,14691.780,0,124.592,0,9.043,1965,1932,0.450,0.550,0.840,1,0,1.005,0,0,18,370,0,4,1
12-05 07:28:14,13.493,1.249,83.959,0,0,5754744,156008,179216,1928900,27058.925,12582.920,0,123.940,0,6.997,1904,1907,0.450,0.550,0.840,1,0,0,0,0,18,372,0,4,1
12-05 07:28:15,12.476,1.248,84.834,0.250,0,5754724,156008,179216,1928920,29579.160,13051.479,0,2331.441,0,336.342,2141,2058,0.450,0.550,0.840,2,0,0.998,0,0,18,374,0,4,1
12-05 07:28:16,14.194,0.996,82.673,0.249,0,5755212,155504,179216,1928936,29763.142,14494.603,0,67.732,0,5.976,1988,2029,0.450,0.550,0.840,1,0,0,0,0,18,376,0,4,1
12-05 07:28:17,15.739,1.249,81.693,0.250,0,5757712,152984,179216,1928956,31139.312,14482.913,0,215.850,0,24.983,2100,1981,0.500,0.560,0.840,2,0,0,0,0,18,379,0,4,1
12-05 07:28:18,13.553,1.255,84.330,0,0,5759464,151220,179216,1928968,27238.750,13017.014,0,0,0,0,1936,1893,0.500,0.560,0.840,1,0,0,0,0,18,381,0,4,1
12-05 07:28:19,14.773,1.252,81.875,0.250,0,5762468,148196,179216,1928988,30910.218,13187.145,0,112.171,0,13.020,2231,2363,0.500,0.560,0.840,2,0,0,0,0,18,383,0,5,1
12-05 07:28:20,12.688,0.995,84.339,0,0,5764220,146432,179216,1929000,30224.807,14612.836,0,358.255,0,20.898,2078,2238,0.500,0.560,0.840,4,0,0,0,0,18,386,0,5,1
12-05 07:28:21,15.050,1.756,81.520,0.251,0,5766088,144416,179216,1929148,27655.748,12521.540,0,433.438,0,55.183,2617,3024,0.500,0.560,0.840,2,0,0,0,0,18,387,0,5,1
12-05 07:28:22,12.743,1.499,84.201,0.250,0,5766824,143660,179216,1929168,28927.143,13020.412,0,199.884,0,19.988,2047,2200,0.460,0.550,0.830,1,0,0,0,0,18,389,0,5,1
12-05 07:28:23,14.730,1.748,81.891,0,0,5769292,141140,179216,1929220,33208.814,14928.138,0,99.867,0,7.989,2209,2089,0.460,0.550,0.830,1,0,0.999,0,0,18,392,0,5,1
12-05 07:28:24,13.028,1.754,84.433,0,0,5769276,141140,179216,1929236,28934.883,12814.850,0,120.261,0,8.017,1892,1817,0.460,0.550,0.830,1,0,0,0,0,18,394,0,5,1
12-05 07:28:25,12.752,0.750,84.515,0.250,0,5770016,140384,179216,1929252,28709.140,12855.302,0,236.042,0,13.002,1913,2033,0.460,0.550,0.830,1,0,0,0,0,18,396,0,5,1
12-05 07:28:26,12.728,1.248,84.104,0,0,5772520,137864,179216,1929268,28302.826,12974.458,0,115.799,0,6.988,1877,1849,0.460,0.550,0.830,1,0,0,0,0,18,398,0,5,1
12-05 07:28:27,13.792,1.003,83.755,0,0,5773260,137108,179216,1929284,31057.514,13128.954,0,116.354,0,8.024,1971,1897,0.500,0.560,0.830,2,0,0,0,0,18,400,0,5,1
12-05 07:28:28,14.970,0.998,82.585,0,0,5775760,134588,179216,1929304,31893.422,15111.875,0,155.690,0,8.982,1992,1873,0.500,0.560,0.830,3,0,0,0,0,18,403,0,5,1
12-05 07:28:29,12.986,1.498,84.412,0.749,0,5779524,130808,179216,1929320,27449.458,12633.863,0,155.838,0,17.981,2076,2197,0.500,0.560,0.830,1,0,0,0,0,18,404,0,5,1
12-05 07:28:30,15.518,1.251,81.593,0,0,5781956,128288,179216,1929408,31678.151,14911.016,0,292.334,0,21.024,2246,2364,0.500,0.560,0.830,1,0,0,0,0,18,407,0,5,1
12-05 07:28:31,15.264,1.752,80.824,0.250,0,5784960,125264,179216,1929428,32893.124,15065.798,0,340.312,0,39.036,2485,2750,0.500,0.560,0.830,1,0,0,0,0,18,409,0,6,1
12-05 07:28:32,21.195,3.990,73.059,0.249,0,5799004,151368,178444,1890156,34721.212,14932.954,0,155.593,0,13.963,3208,13244,0.620,0.580,0.840,3,0,35.906,0,0,18,412,0,7,1
12-05 07:28:33,15.451,1.745,81.494,0,0,5801000,149356,178444,1890172,33706.038,15377.657,0,107.662,0,8.972,2053,2086,0.620,0.580,0.840,3,0,0.997,0,0,18,415,0,7,1
12-05 07:28:34,15.562,1.004,82.578,0,0,5804208,146128,178444,1890192,31408.584,14692.278,0,132.526,0,8.032,2073,2040,0.620,0.580,0.840,1,0,0,0,0,18,417,0,6,1
12-05 07:28:35,14.049,1.505,82.786,0,0,5804284,145904,178444,1890340,33126.574,14928.633,0,132.458,0,4.014,2006,1955,0.620,0.580,0.840,2,0,0,0,0,18,419,0,6,1
12-05 07:28:36,15.710,1.746,81.292,0,0,5805016,145148,178444,1890364,27405.710,13246.026,0,131.662,0,14.962,2398,2487,0.620,0.580,0.840,1,0,0,0,0,18,421,0,6,1
12-05 07:28:37,14.896,1.986,81.181,0,0,5809504,140640,178444,1890384,33637.048,15213.284,0,214.495,0,18.868,2196,2211,0.650,0.590,0.840,2,0,0,0,0,18,423,0,6,1
12-05 07:28:38,17.677,1.515,79.799,0.253,0,5809956,140164,178444,1890408,35703.637,16679.071,0,105.052,0,8.081,2356,2238,0.650,0.590,0.840,2,0,0,0,0,18,427,0,6,1
12-05 07:28:39,14.214,3.990,80.050,0.249,0,5811952,138148,178448,1890424,28435.900,13215.955,0,103.741,0,12.968,2354,2473,0.650,0.590,0.840,3,0,0,0,0,18,429,0,6,1
12-05 07:28:40,11.295,1.255,85.338,0,0,5812684,137392,178452,1890444,23631.705,10859.059,0,212.844,0,23.092,2106,2349,0.650,0.590,0.840,4,0,0,0,0,18,431,0,6,1
12-05 07:28:41,14.927,1.990,81.350,0.498,0,5814684,135376,178452,1890460,31421.412,15204.198,0,402.022,0,35.824,2490,2683,0.650,0.590,0.840,1,0,0,0,0,18,433,0,7,1
12-05 07:28:42,8.744,1.249,88.685,0,0,5816184,133864,178452,1890472,21066.476,8756.547,0,111.918,0,6.995,1546,1701,0.680,0.590,0.840,1,0,0,0,0,18,434,0,7,1
12-05 07:28:43,13.244,1.249,83.963,0,0.250,5817660,131092,178452,1891768,32709.640,15479.204,0,123.946,0,8.996,1987,1865,0.680,0.590,0.840,1,0,1.000,0,0,18,435,0,7,1
12-05 07:28:44,4.503,1.251,93.306,0,0,5817756,130852,178452,1891896,8288.942,4219.516,0,164.098,0,11.007,1352,1646,0.680,0.590,0.840,1,0,0,0,0,18,435,0,7,1
12-05 07:28:45,5.006,1.752,91.351,0.250,0,5818492,130100,178452,1891912,8982.960,4353.828,0,112.124,0,9.010,1503,1700,0.680,0.590,0.840,1,0,6.007,0,0,18,435,0,7,1
12-05 07:28:46,10.203,1.244,86.103,0,0,5811396,137184,178452,1891924,19247.193,8808.358,0,2325.271,0,332.466,2014,1954,0.680,0.590,0.840,2,0,0,0,0,18,437,0,8,1
12-05 07:28:47,11.039,1.505,86.805,0,0,5811500,136932,178452,1892072,22385.599,10882.209,0,56.197,0,6.021,1786,1789,0.870,0.630,0.850,1,0,0,0,0,18,438,0,8,1
12-05 07:28:48,5.503,0.750,93.042,0,0,5811500,136932,178452,1892072,8912.056,4114.873,0,140.064,0,19.009,1359,1616,0.870,0.630,0.850,1,0,0,0,0,18,438,0,8,1
12-05 07:28:49,5.242,1.248,92.107,0.250,0,5810304,138116,178452,1892084,8902.224,4144.586,0,147.771,0,16.974,1592,2082,0.870,0.630,0.850,1,0,0,0,0,18,438,0,8,1
12-05 07:28:50,6.786,1.005,89.728,0,0,5810528,137892,178452,1892084,14529.469,6649.454,0,92.493,0,12.064,1751,2082,0.870,0.630,0.850,1,0,0,0,0,18,438,0,8,1
12-05 07:28:51,8.169,1.733,87.386,0.990,0,5810504,137892,178452,1892108,17877.153,6446.232,0,2364.609,0,165.364,2402,3264,0.870,0.630,0.850,2,0,0,0,0,18,438,0,9,1
12-05 07:28:52,13.050,1.506,83.569,0,0,5811364,136884,178456,1892252,26421.796,12938.358,0,172.659,0,16.061,1996,2054,0.880,0.640,0.850,1,0,0,0,0,18,441,0,9,1
12-05 07:28:53,4.514,1.254,93.041,0,0,5812108,136128,178460,1892260,8680.114,4097.800,0,124.389,0,11.034,1451,1862,0.880,0.640,0.850,2,0,1.003,0,0,18,441,0,9,1
12-05 07:28:54,4.241,0.748,93.045,0.249,0,5812104,136128,178460,1892264,10410.107,4447.220,0,119.737,0,8.980,1260,1568,0.880,0.640,0.850,1,0,0,0,0,18,441,0,9,1
12-05 07:28:55,7.497,1.249,90.960,0,0,5812344,135876,178460,1892276,11719.824,6251.239,0,111.951,0,6.997,1494,1679,0.880,0.640,0.850,1,0,0,0,0,18,442,0,9,1
12-05 07:28:56,9.020,1.503,87.943,0,0,5813272,134868,178460,1892356,17046.422,7059.498,0,52.114,0,1.002,1658,1694,0.880,0.640,0.850,2,0,0,0,0,18,442,0,9,1
12-05 07:28:57,8.984,0.998,88.347,0,0,5814016,134112,178460,1892368,18259.388,8652.021,0,67.882,0,3.993,1591,1747,0.890,0.650,0.860,2,0,0,0,0,18,443,0,9,1
12-05 07:28:58,13.749,2.500,82.246,0,0,5816980,131112,178460,1892404,22410.777,10773.412,0,47.997,0,3.000,2169,2387,0.890,0.650,0.860,3,0,1.000,0,0,18,445,0,9,1
12-05 07:28:59,15.089,1.760,81.733,0,0,5818568,129376,178460,1892552,25012.805,11021.126,0,168.999,0,18.107,2615,2793,0.890,0.650,0.860,3,0,0,0,0,18,446,0,8,1
12-05 07:29:00,4.984,1.246,91.704,0.249,0,5818804,129124,178460,1892568,8966.077,4179.518,0,187.395,0,23.923,1752,2377,0.890,0.650,0.860,3,0,0,0,0,18,447,0,8,1
12-05 07:29:01,4.507,1.252,92.147,0.751,0,5814680,133248,178460,1892568,8658.814,4289.844,0,240.383,0,34.054,1686,2419,0.890,0.650,0.860,2,0,0,0,0,18,446,0,8,1
12-05 07:29:02,6.723,1.494,90.632,0,0,5814876,133024,178460,1892596,12803.015,6429.892,0,139.434,0,6.972,1444,1703,0.820,0.640,0.850,2,0,0,0,0,18,447,0,8,1
12-05 07:29:03,11.312,1.257,86.473,0,0,5814732,133024,178460,1892740,23689.513,11124.820,0,24.132,0,2.011,1768,1846,0.820,0.640,0.850,2,0,1.005,0,0,18,447,0,8,2
12-05 07:29:04,4.226,0.497,93.471,0,0,5814948,132800,178460,1892748,8702.727,4193.259,0,0,0,0,1212,1570,0.820,0.640,0.850,2,0,0,0,0,18,446,0,9,3
12-05 07:29:05,4.258,1.002,93.167,0,0,5814232,133512,178460,1892752,8971.128,4555.189,0,0,0,0,1249,1562,0.820,0.640,0.850,3,0,0,0,0,18,445,0,9,4
12-05 07:29:06,6.987,1.497,90.078,0,0,5814212,133512,178464,1892768,12675.848,6311.973,0,123.764,0,11.977,1547,1944,0.820,0.640,0.850,4,0,0,0,0,18,446,0,9,4
12-05 07:29:07,11.262,1.251,86.591,0,0,5814956,132756,178464,1892780,23539.675,10560.069,0,160.168,0,14.015,1857,2047,0.990,0.680,0.860,2,0,0,0,0,18,447,0,9,4
12-05 07:29:08,9.746,1.000,87.218,0,0,5815700,132000,178464,1892792,18176.410,8992.740,0,0,0,0,1651,1780,0.990,0.680,0.860,2,0,0,0,0,18,448,0,9,4
12-05 07:29:09,5.238,1.247,92.042,0.249,0,5815692,132000,178464,1892800,9196.221,4602.600,0,151.657,0,18.957,1570,2014,0.990,0.680,0.860,2,0,0,0,0,18,446,0,9,6
12-05 07:29:10,4.760,0.752,92.697,0,0,5815684,132000,178464,1892808,11376.190,4268.076,0,88.188,0,12.026,1577,1959,0.990,0.680,0.860,2,0,0,0,0,18,444,0,9,8
12-05 07:29:11,7.759,1.502,89.357,0,0,5815668,132000,178472,1892816,13630.304,6443.708,0,172.206,0,24.029,1860,2363,0.990,0.680,0.860,3,0,2.002,0,0,18,443,0,9,9
12-05 07:29:12,7.235,0.998,90.059,0,0,5816412,131244,178472,1892828,14315.607,6677.822,0,3.992,0,0.998,1431,1655,0.910,0.660,0.860,1,0,0,0,0,18,443,0,9,10
12-05 07:29:13,5.000,0.750,93.508,0,0,5816408,131244,178472,1892832,9011.746,4349.360,0,0,0,0,1270,1567,0.910,0.660,0.860,6,0,1.000,0,0,18,443,0,9,10
12-05 07:29:14,4.256,1.001,93.883,0,0,5816408,131244,178472,1892832,9103.903,4289.079,0,0,0,0,1243,1517,0.910,0.660,0.860,3,0,0,0,0,18,443,0,9,10
12-05 07:29:15,6.730,0.997,90.981,0,0,5818380,129256,178472,1892848,15016.658,6486.845,0,3.988,0,0.997,1473,1648,0.910,0.660,0.860,3,0,0,0,0,18,443,0,9,11
12-05 07:29:16,4.511,0.752,93.972,0.251,0,5818620,129004,178472,1892860,8741.639,4218.961,0,92.218,0,8.019,1281,1626,0.910,0.660,0.860,4,0,0,0,0,18,442,0,9,12
12-05 07:29:17,4.017,1.004,92.901,0.251,0,5818612,129004,178472,1892868,9315.211,4675.181,0,2153.295,0,340.470,1455,1787,0.840,0.650,0.850,1,0,0,0,0,18,440,0,9,13
12-05 07:29:18,8.692,0.497,89.405,0,0,5818692,128912,178472,1892880,15087.584,6721.267,0,67.550,0,1.987,1484,1709,0.840,0.650,0.850,2,0,0,0,0,18,442,0,9,13
12-05 07:29:19,6.553,1.260,91.232,0.252,0,5819412,128184,178476,1892884,12193.873,6288.474,0,137.100,0,16.129,1537,1892,0.840,0.650,0.850,3,0,0,0,0,18,441,0,9,13
12-05 07:29:20,3.718,0.991,93.681,0.248,0.248,5819912,127680,178476,1892888,10339.659,4115.046,0,87.238,0,11.896,1446,1931,0.840,0.650,0.850,2,0,0,0,0,18,441,0,8,14
12-05 07:29:21,5.509,1.502,90.396,0.250,0,5820124,127440,178476,1892900,9273.937,4422.122,0,268.432,0,42.068,1970,2700,0.840,0.650,0.850,2,0,0,0,0,18,440,0,8,14
12-05 07:29:22,10.269,1.002,87.409,0.250,0,5820112,127440,178476,1892912,18406.385,8814.988,0,72.131,0,9.016,1763,1935,0.770,0.640,0.850,1,0,0,0,0,18,441,0,8,14
12-05 07:29:23,4.754,1.751,92.071,0,0,5821312,126184,178480,1892964,9042.013,4484.478,8.006,24.019,2.002,3.002,1561,1933,0.770,0.640,0.850,1,0,1.001,0,0,18,440,0,8,15
12-05 07:29:24,3.987,0.498,93.945,0,0,5821396,125944,178480,1893104,10573.661,4314.987,0,83.728,0,19.935,1299,1561,0.770,0.640,0.850,2,0,0,0,0,18,440,0,8,15
12-05 07:29:25,9.566,1.259,87.603,0,0,5821384,125944,178480,1893116,18639.265,8781.429,0,4.028,0,1.007,1620,1715,0.770,0.640,0.850,2,0,0,0,0,18,441,0,9,15
12-05 07:29:26,4.231,0.747,93.823,0,0,5822128,125188,178480,1893128,8671.496,4305.387,0,0,0,0,1303,1578,0.770,0.640,0.850,1,0,0,0,0,18,441,0,9,15
12-05 07:29:27,4.493,0.250,93.113,0,0,5822128,125188,178480,1893128,9111.597,4342.612,0,7.988,0,0.999,1245,1576,0.870,0.660,0.850,1,0,0,0,0,18,440,0,9,16
12-05 07:29:28,5.243,0.999,92.632,0,0,5822116,125188,178484,1893136,8460.266,4343.489,0,183.767,0,16.978,1552,2001,0.870,0.660,0.850,1,0,0,0,0,18,440,0,9,16
12-05 07:29:29,7.527,1.004,89.574,0.251,0.251,5822096,125188,178484,1893156,14061.825,6517.557,0,132.479,0,13.047,1698,2169,0.870,0.660,0.850,1,0,0,0,0,18,440,0,9,16
12-05 07:29:30,4.240,1.247,93.030,0,0,5822340,124936,178484,1893164,8776.222,4272.884,0,91.783,0,12.969,1469,1970,0.870,0.660,0.850,1,0,0,0,0,18,440,0,9,16
12-05 07:29:31,5.009,1.252,91.920,0.250,0,5822328,124936,178484,1893176,8540.751,4026.426,0,220.406,0,30.055,1772,2356,0.870,0.660,0.850,1,0,0,0,0,18,439,0,9,17
12-05 07:29:32,13.029,4.510,81.183,0,0,5825428,145716,177460,1874036,13230.851,6632.965,0,56.127,0,6.014,2559,7318,0.880,0.670,0.850,2,0,36.081,0,0,18,440,0,9,17
12-05 07:29:33,3.729,1.492,92.723,0,0,5835212,135928,177460,1870428,6213.681,4020.149,0,3.977,0,0.994,1332,1632,0.880,0.670,0.850,2,0,0.994,0,0,18,441,0,9,17
12-05 07:29:34,3.261,1.004,95.335,0,0,5834432,136700,177460,1870420,3977.958,2257.923,0,0,0,0,1139,1504,0.880,0.670,0.850,1,0,0,0,0,18,439,0,9,19
12-05 07:29:35,6.497,0.999,90.703,0,0,5831840,139284,177460,1870428,17787.765,6610.568,0,47.975,0,3.998,1435,1665,0.880,0.670,0.850,1,0,0,0,0,18,438,0,9,19
12-05 07:29:36,10.722,0.997,86.526,0,0,5831884,139220,177464,1870444,20506.822,10030.988,0,115.700,0,11.969,1829,2014,0.880,0.670,0.850,3,0,0,0,0,18,440,0,8,19
12-05 07:29:37,13.551,1.506,83.566,0,0,5832872,138212,177468,1870460,27942.798,13166.853,0,297.125,0,10.038,1967,2009,0.890,0.680,0.860,1,0,0,0,0,18,442,0,8,19
12-05 07:29:38,13.999,1.500,82.497,0.250,0,5834104,136952,177476,1870480,27812.953,12076.545,0,187.993,0,23.999,2175,2378,0.890,0.680,0.860,2,0,0,0,0,18,443,0,8,20
12-05 07:29:39,13.709,1.994,83.503,0,0,5835844,135188,177484,1870496,27763.747,12968.579,0,103.693,0,12.962,2078,2200,0.890,0.680,0.860,2,0,0,0,0,18,445,0,8,20
12-05 07:29:40,17.294,1.253,80.457,0,0,5838224,132668,177484,1870636,30652.816,14863.217,0,92.237,0,12.031,2251,2234,0.890,0.680,0.860,4,0,0,0,0,18,447,0,8,20
12-05 07:29:41,14.674,1.244,81.827,0.249,0,5833208,137652,177496,1870656,31407.702,15038.290,0,191.013,0,26.861,2307,2465,0.890,0.680,0.860,2,0,0,0,0,18,449,0,8,21
12-05 07:29:42,18.290,1.503,78.921,0,0,5836268,134572,177496,1870676,44014.203,20253.809,0,4.009,0,1.002,2168,1944,0.820,0.660,0.850,2,0,0,0,0,18,451,0,8,21
12-05 07:29:43,14.578,1.257,82.693,0,0,5837224,133596,177496,1870696,29329.198,13495.332,0,0,0,0,2044,1971,0.820,0.660,0.850,2,0,1.005,0,0,18,452,0,8,21
12-05 07:29:44,15.638,1.489,81.912,0,0,5840484,130320,177496,1870712,30134.782,14094.869,0,0,0,0,2044,1886,0.820,0.660,0.850,3,0,0,0,0,18,452,0,7,22
12-05 07:29:45,17.381,2.015,79.346,0.252,0,5842940,127804,177496,1870772,31499.541,15225.332,40.303,4.030,3.023,1.008,2201,1968,0.820,0.660,0.850,2,0,6.045,0,0,18,455,0,7,22
12-05 07:29:46,15.697,1.246,82.469,0,0,5844936,125788,177500,1870788,28607.592,13653.510,0,59.796,0,5.980,1942,1837,0.820,0.660,0.850,1,0,0,0,0,18,457,0,7,22
12-05 07:29:47,15.815,1.506,81.085,0.251,0,5849168,121532,177504,1870808,33155.016,15163.665,0,76.315,0,7.029,2044,1911,0.910,0.690,0.860,2,0,0,0,0,18,460,0,7,22
12-05 07:29:48,16.918,1.742,80.359,0.249,0,5855808,143440,176484,1843344,28002.881,14135.290,0,2026.151,0,319.447,2336,2077,0.910,0.690,0.860,2,0,0,0,0,18,462,0,6,22
12-05 07:29:49,15.030,1.503,82.413,0,0,5857612,141632,176484,1843348,25493.293,13341.320,0,184.364,0,13.026,2101,2182,0.910,0.690,0.860,1,0,0,0,0,18,465,0,6,22
12-05 07:29:50,14.984,1.249,81.914,0.250,0,5857932,141276,176488,1843380,32429.765,13606.636,0,95.899,0,11.987,2189,2201,0.910,0.690,0.860,2,0,0,0,0,18,465,0,6,22
12-05 07:29:51,19.474,1.498,77.146,0,0,5862796,136236,176508,1843536,31092.228,15888.654,0,287.614,0,41.944,2696,2824,0.910,0.690,0.860,2,0,0,0,0,18,467,0,7,23
12-05 07:29:52,16.778,1.503,80.136,0.250,0,5862572,136432,176512,1843560,29153.336,14830.097,0,112.190,0,16.027,2208,2143,0.920,0.690,0.860,2,0,0,0,0,18,471,0,6,23
12-05 07:29:53,16.978,1.748,79.899,0,0,5862216,136640,176512,1843708,36693.482,15983.737,0,0,0,0,2182,2033,0.920,0.690,0.860,2,0,0.999,0,0,18,473,0,6,23
12-05 07:29:54,16.263,1.251,81.567,0,0,5863212,135632,176512,1843720,25760.155,14095.576,0,0,0,0,1937,1827,0.920,0.690,0.860,1,0,0,0,0,18,474,0,6,24
12-05 07:29:55,14.500,1.000,82.999,0,0,5865460,133364,176512,1843740,31771.793,13415.913,0,0,0,0,1873,1871,0.920,0.690,0.860,3,0,0,0,0,18,474,0,6,26
12-05 07:29:56,12.472,1.247,84.559,0,0,5869704,129092,176512,1843752,22840.307,11918.027,0,0,0,0,1786,1783,0.920,0.690,0.860,1,0,0,0,0,18,474,0,6,27
12-05 07:29:57,4.007,1.252,93.904,0,0,5869696,129092,176512,1843760,9055.882,4422.267,0,4.007,0,1.002,1192,1581,0.850,0.680,0.850,1,0,0,0,0,18,473,0,6,28
12-05 07:29:58,7.262,1.753,88.641,0,0,5872380,126376,176516,1843788,6511.353,4313.859,0,76.121,0,6.010,1856,2214,0.850,0.680,0.850,1,0,1.002,0,0,18,472,0,6,30
12-05 07:29:59,7.501,1.750,89.018,0.250,0,5872352,126376,176528,1843804,13179.601,4721.932,0,220.043,0,35.007,2031,2477,0.850,0.680,0.850,1,0,0,0,0,18,470,0,8,31
12-05 07:30:00,7.486,1.497,89.827,0.499,0,5872588,126124,176532,1843816,9322.084,4604.152,0,183.647,0,23.954,1998,2621,0.850,0.680,0.850,1,0,0,0,0,18,468,0,6,33
12-05 07:30:01,6.492,0.749,90.132,0.250,0,5872564,126124,176548,1843824,14115.525,6683.253,0,199.739,0,29.961,1710,2261,0.850,0.680,0.850,2,0,0,0,0,18,468,0,6,34
12-05 07:30:02,4.248,1.000,92.961,0,0,5872552,126124,176548,1843836,9235.126,4707.025,0,55.977,0,5.997,1376,1771,0.780,0.670,0.850,2,0,0,0,0,18,465,0,6,36
12-05 07:30:03,5.258,1.252,93.146,0,0,5872548,126124,176548,1843840,8880.922,4488.036,0,20.031,0,2.003,1325,1603,0.780,0.670,0.850,1,0,1.002,0,0,18,464,0,6,37
12-05 07:30:04,5.259,0.751,91.414,0.751,0,5872508,126124,176576,1843852,8912.997,4555.176,0,3618.494,0,230.414,1864,2697,0.780,0.670,0.850,1,0,0,0,0,18,462,0,6,39
12-05 07:30:05,6.984,1.496,90.288,0,0,5878060,120564,176576,1843860,10488.408,6398.996,0,3.991,0,0.998,1445,1598,0.780,0.670,0.850,1,0,0,0,0,18,462,0,5,41
12-05 07:30:06,5.758,1.502,92.124,0.250,0,5878944,119668,176580,1843868,11073.963,4420.974,0,1666.251,0,266.360,1684,2033,0.780,0.670,0.850,2,0,2.003,0,0,18,460,0,5,42
12-05 07:30:07,5.005,0.751,92.094,0,0,5879156,119444,176584,1843876,9350.576,4990.110,0,144.148,0,18.018,1591,1992,0.720,0.660,0.840,1,0,0,0,0,18,458,0,5,44
12-05 07:30:08,4.725,0.995,92.502,0,0.249,5879012,119444,176588,1844016,6937.661,4642.017,0,397.859,0,3.979,1389,1773,0.720,0.660,0.840,1,0,0,0,0,18,457,0,5,46
12-05 07:30:09,5.749,1.500,91.741,0.250,0,5879008,119444,176588,1844020,11507.875,4852.525,0,155.985,0,18.998,1660,2087,0.720,0.660,0.840,1,0,0,0,0,18,455,0,5,47
12-05 07:30:10,5.508,0.751,91.890,0,0,5878804,119444,176592,1844220,9288.174,4686.151,0,124.190,0,16.024,1826,2362,0.720,0.660,0.840,1,0,0,0,0,18,453,0,5,49
12-05 07:30:11,5.006,1.001,91.866,0.250,0,5878788,119444,176600,1844228,9088.480,4684.918,0,168.212,0,24.030,1770,2354,0.720,0.660,0.840,1,0,2.003,0,0,18,451,0,5,51
12-05 07:30:12,4.773,1.005,93.442,0.251,0,5878776,119444,176600,1844240,10741.820,4634.928,0,32.152,0,3.014,1299,1631,0.660,0.650,0.840,1,0,0,0,0,18,449,0,5,53
12-05 07:30:13,4.469,0.745,93.349,0,0,5879024,119192,176600,1844244,8883.025,4384.411,0,0,0,0,1256,1600,0.660,0.650,0.840,3,0,0.993,0,0,18,447,0,5,55
12-05 07:30:14,8.287,1.507,89.397,0,0,5878884,119192,176600,1844384,11681.884,6348.195,0,0,0,0,1488,1698,0.660,0.650,0.840,1,0,0,0,0,18,446,0,5,57
12-05 07:30:15,3.748,1.249,93.947,0,0,5878876,119192,176600,1844392,9268.723,4586.389,0,7.995,0,0.999,1253,1600,0.660,0.650,0.840,1,0,0,0,0,18,444,0,5,59
12-05 07:30:16,4.480,0.747,93.094,0,0,5878868,119192,176600,1844400,8720.979,4330.122,0,75.670,0,6.970,1231,1558,0.660,0.650,0.840,1,0,0,0,0,18,442,0,5,61
12-05 07:30:17,4.516,1.003,94.074,0,0,5878864,119192,176600,1844404,8717.032,4267.703,0,56.194,0,6.021,1240,1624,0.610,0.640,0.830,1,0,0,0,0,18,439,0,5,64
12-05 07:30:18,10.213,1.744,87.187,0,0,5878852,119192,176600,1844416,9813.723,4785.797,0,0,0,0,1560,1735,0.610,0.640,0.830,4,0,0,0,0,18,439,0,5,66
12-05 07:30:19,35.795,8.511,52.817,1.001,0,5877592,118700,176656,1846080,19401.558,9020.418,0,2927.706,0,471.597,7985,11793,0.610,0.640,0.830,3,0,1.001,0,0,18,440,0,8,68
12-05 07:30:20,33.723,5.285,57.632,1.510,0,5878440,117692,176664,1846232,18333.452,8960.359,0,2730.086,0,293.947,7351,10587,0.610,0.640,0.830,5,0,0,0,0,18,438,0,10,70
12-05 07:30:21,16.003,2.500,79.263,0.500,0,5877316,144884,175648,1821400,27609.575,13753.279,0,1828.303,0,157.026,3490,4541,0.610,0.640,0.830,3,0,0,0,0,18,437,0,10,72
12-05 07:30:22,28.181,3.491,65.341,1.496,0.249,5879616,142116,175656,1821860,22217.894,11163.813,163.602,1432.511,13.966,150.633,5127,6441,0.640,0.640,0.830,1,0,1.995,0,0,18,436,0,13,74
12-05 07:30:23,5.481,1.246,91.688,0.249,0,5880328,141360,175656,1821904,9046.264,4699.035,0,422.564,0,26.909,1617,2022,0.640,0.640,0.830,1,0,0.997,0,0,18,433,0,13,77
12-05 07:30:24,4.008,1.253,93.696,0,0,5880824,140856,175656,1821912,10785.536,4688.797,0,412.863,0,26.054,1347,1694,0.640,0.640,0.830,1,0,0,0,0,18,431,0,13,79
12-05 07:30:25,4.979,0.747,92.118,0,0,5880692,140856,175656,1822044,10317.242,4366.902,0,434.201,0,30.872,1550,2035,0.640,0.640,0.830,1,0,0,0,0,18,429,0,12,81
12-05 07:30:26,13.291,1.505,84.513,0.251,0,5881180,140352,175656,1822060,22066.639,10730.377,0,320.998,0,18.056,1875,1830,0.640,0.640,0.830,2,0,0,0,0,18,429,0,12,83
12-05 07:30:27,12.021,1.753,85.151,0,0,5881916,139596,175660,1822076,20523.292,9600.978,0,132.234,0,16.028,2100,2239,0.670,0.650,0.840,3,0,0,0,0,18,427,0,12,85
12-05 07:30:28,12.789,0.752,84.507,0,0,5882660,138840,175660,1822088,21160.416,11212.132,0,40.122,0,1.003,1849,1801,0.670,0.650,0.840,1,0,0,0,0,18,426,0,13,88
12-05 07:30:29,10.698,1.244,86.329,0.249,0,5884656,136824,175660,1822108,18660.010,8704.555,0,310.486,0,43.786,1997,2284,0.670,0.650,0.840,3,0,0,0,0,18,428,0,13,89
12-05 07:30:30,7.002,1.500,89.775,1.250,0,5885388,136068,175672,1822120,12062.325,6485.788,0,6789.872,0,444.122,2429,3796,0.670,0.650,0.840,1,0,0,0,0,18,424,0,13,92
12-05 07:30:31,5.483,1.246,90.715,0.249,0,5885376,136068,175676,1822128,8552.086,4108.071,0,458.557,0,47.849,1839,2411,0.670,0.650,0.840,2,0,0,0,0,18,422,0,13,94
12-05 07:30:32,4.762,1.002,93.727,0.251,0,5885240,136068,175680,1822260,8232.937,4100.931,0,324.786,0,24.058,1427,2016,0.610,0.640,0.830,1,0,0,0,0,18,419,0,13,97
12-05 07:30:33,16.729,4.994,77.155,0,0,5882696,167416,173632,1795880,14326.349,6851.558,0,263.675,0,15.980,2814,8320,0.610,0.640,0.830,1,0,36.954,0,0,18,416,0,14,100
12-05 07:30:34,12.526,1.002,84.422,0,0,5882084,168016,173632,1795892,17991.738,8823.016,0,260.532,0,13.027,1854,1844,0.610,0.640,0.830,1,0,0,0,0,18,415,0,14,102
12-05 07:30:35,26.831,4.764,64.445,2.006,0,5882696,167260,173668,1796000,17136.931,8679.302,0,2194.651,0,299.909,6236,9293,0.610,0.640,0.830,6,0,0,0,0,18,415,0,14,104
12-05 07:30:36,26.670,4.487,65.803,1.246,0,5883612,166028,173696,1796288,8397.846,4012.980,0,4346.980,0,321.038,6988,10752,0.610,0.640,0.830,2,0,0,0,0,18,413,0,15,106
12-05 07:30:37,28.371,4.519,64.274,0.753,0,5883868,165524,173716,1796516,13802.869,6594.124,0,1703.264,0,186.797,6215,8805,0.640,0.640,0.830,2,0,0,0,0,18,410,0,15,109
12-05 07:30:38,9.694,2.734,86.250,0.746,0,5894204,154992,173720,1796708,11926.844,7028.248,0,1666.338,0,137.204,2660,3771,0.640,0.640,0.830,1,0,0,0,0,18,407,0,16,112
12-05 07:30:39,4.995,1.498,90.904,0.499,0,5893444,155736,173724,1796720,10044.427,4086.698,0,5773.922,0,506.467,2189,2489,0.640,0.640,0.830,1,0,0,0,0,18,405,0,17,114
12-05 07:30:40,14.513,2.252,81.322,1.251,0,5893652,155488,173736,1796748,19268.993,8920.867,0,4383.866,0,287.253,3000,3966,0.640,0.640,0.830,1,0,0,0,0,18,404,0,18,115
12-05 07:30:41,29.376,3.264,64.527,1.255,0,5893752,155236,173744,1796892,40269.590,19424.250,16.069,2016.643,1.004,227.977,4974,6089,0.640,0.640,0.830,2,0,0,0,0,18,406,0,19,117
12-05 07:30:42,22.939,2.244,71.559,0.997,0,5893892,154996,173764,1796972,26998.821,13741.264,0,1416.214,0,179.520,4135,5472,0.750,0.670,0.840,1,0,0,0,0,18,405,0,20,118
12-05 07:30:43,25.088,3.261,69.744,1.254,0,5894876,153740,173784,1797224,34188.384,18481.536,0,1637.719,0,184.645,4563,5606,0.750,0.670,0.840,1,0,1.004,0,0,18,406,0,21,119
12-05 07:30:44,3.988,0.748,93.479,0,0,5896636,151976,173784,1797228,7374.622,3815.938,0,458.670,0,30.910,1388,1775,0.750,0.670,0.840,2,0,0,0,0,18,406,0,22,119
12-05 07:30:45,5.534,2.013,91.822,0,0,5897352,151252,173784,1797236,7519.806,3718.143,0,193.203,0,13.081,1373,1609,0.750,0.670,0.840,4,0,5.031,0,0,18,406,0,22,119
12-05 07:30:46,8.497,1.000,88.221,0.500,0,5897068,151520,173788,1797248,15509.839,6443.856,0,487.838,0,55.981,1794,2152,0.750,0.670,0.840,3,0,1.999,0,0,18,403,0,22,121
12-05 07:30:47,16.630,1.737,80.421,0.248,0,5897036,151520,173792,1797276,38799.565,17973.554,0,250.198,0,23.828,2414,2330,0.850,0.690,0.840,4,0,0,0,0,18,404,0,22,122
12-05 07:30:48,29.780,2.252,64.815,0.501,0,5898100,150260,173796,1797484,36838.216,33473.817,0,832.841,0,97.098,4653,4722,0.850,0.690,0.840,4,1,1.001,0,0,18,320,0,23,1
12-05 07:30:49,23.884,3.520,67.881,3.017,0,5897904,150224,173812,1797700,13041.109,6178.638,64.361,2087.704,6.034,280.573,6571,9665,0.850,0.690,0.840,3,0,0,0,0,18,322,0,23,0
12-05 07:30:50,33.644,5.483,55.575,2.243,0,5897552,150224,173824,1798040,31824.655,15331.658,0,3560.773,0,478.491,8349,12723,0.850,0.690,0.840,2,0,0,0,0,18,320,0,24,0
12-05 07:30:51,26.336,4.766,64.712,2.508,0,5897976,149496,173900,1798268,2297.532,1137.730,16.053,10839.536,1.003,732.401,8229,12970,0.850,0.690,0.840,2,0,0,0,0,18,320,0,27,0
12-05 07:30:52,24.000,4.750,67.501,1.250,0,5898664,148488,173916,1798572,2108.016,1188.009,0,1964.015,0,174.001,6640,9271,0.870,0.690,0.850,3,0,0,0,0,18,320,0,29,0
12-05 07:30:53,20.467,4.243,72.134,0.749,0,5898980,148012,173940,1798708,5290.516,3858.812,0,1785.137,0,197.683,5339,7639,0.870,0.690,0.850,2,0,0.998,0,0,18,320,0,31,0
12-05 07:30:54,10.728,2.744,85.572,0.748,0,5898932,148012,173948,1798748,3510.713,1371.154,0,942.045,0,82.828,2798,3751,0.870,0.690,0.850,2,0,0,0,0,18,320,0,30,0
12-05 07:30:55,12.759,1.751,81.305,1.251,0,5899300,147536,173964,1798840,2634.788,1296.880,0,6728.565,0,667.453,4194,6000,0.870,0.690,0.850,4,0,0,0,0,18,320,0,30,0
12-05 07:30:56,8.729,2.245,87.043,1.247,0,5899300,147536,173988,1798816,9370.768,5385.223,0,5933.922,0,396.060,3179,4990,0.870,0.690,0.850,1,0,0,0,0,18,320,0,30,0
12-05 07:30:57,18.772,3.254,74.836,1.001,0,5899248,147204,174004,1799184,23162.551,11428.100,0,1974.263,0,199.228,4270,5807,1.120,0.750,0.860,1,0,0,0,0,18,319,0,31,0
12-05 07:30:58,16.031,2.505,79.902,0.501,0,5904264,141948,174016,1799412,6227.870,3483.640,0,641.222,0,67.128,3426,4525,1.120,0.750,0.860,3,0,1.002,0,0,18,319,0,31,0
12-05 07:30:59,21.734,3.248,71.947,0.749,0,5904156,141948,174032,1799504,21653.983,10304.378,0,1071.208,0,121.910,4405,6273,1.120,0.750,0.860,4,0,0,0,0,18,320,0,33,0
12-05 07:31:00,27.295,5.008,63.856,1.503,0,5904304,141472,174096,1799768,2174.623,1135.893,0,3445.741,0,389.649,7766,11710,1.120,0.750,0.860,2,0,0,0,0,18,320,0,33,0
12-05 07:31:01,26.698,5.240,63.627,2.745,0.250,5904108,141472,174176,1799884,2377.392,1359.365,0,4974.359,0,532.967,7348,11455,1.120,0.750,0.860,2,0,0,0,0,18,320,0,33,0
12-05 07:31:02,24.985,4.247,67.958,1.249,0,5904728,140464,174220,1800228,2402.513,1543.045,0,1818.874,0,212.868,6650,9597,1.110,0.750,0.860,3,0,0,0,0,18,320,0,32,0
12-05 07:31:03,24.772,4.754,67.309,1.501,0,5905584,139204,174288,1800564,2638.311,1417.242,0,6289.510,0,435.381,7216,10632,1.110,0.750,0.860,2,0,1.001,0,0,18,320,0,32,0
12-05 07:31:04,18.721,3.245,74.882,0.749,0,5905664,138952,174324,1800700,7007.998,4182.434,0,2064.759,0,230.638,4645,6731,1.110,0.750,0.860,1,0,0,0,0,18,319,0,34,0
12-05 07:31:05,12.260,2.502,83.320,1.251,0,5905324,138952,174340,1801024,2635.228,1297.097,0,1669.411,0,185.157,3742,5456,1.110,0.750,0.860,1,0,0,0,0,18,320,0,34,0
12-05 07:31:06,14.561,2.259,80.334,1.255,0,5905200,138952,174376,1801112,7003.153,3824.923,0,2393.966,0,257.070,3986,5689,1.110,0.750,0.860,2,0,0,0,0,18,320,0,34,0
12-05 07:31:07,13.764,1.502,82.834,0.501,0,5905376,138700,174396,1801168,22020.394,10542.722,0,896.912,0,86.088,2921,3689,1.100,0.760,0.860,1,0,0,0,0,18,320,0,34,0
12-05 07:31:08,8.459,1.742,86.584,0.746,0.249,5905304,138448,174440,1801448,6525.661,4006.758,0,1401.271,0,150.278,2831,4171,1.100,0.760,0.860,1,0,0,0,0,18,319,0,36,0
12-05 07:31:09,15.513,2.002,80.066,1.001,0,5905084,138448,174476,1801632,9719.056,5792.802,0,1721.427,0,178.148,3755,5390,1.100,0.760,0.860,1,0,0,0,0,18,320,0,37,0
12-05 07:31:10,18.279,2.754,75.872,1.002,0,5904776,138448,174508,1801908,20512.019,8392.510,0,7516.099,0,557.898,4608,6748,1.100,0.760,0.860,2,0,0,0,0,18,322,0,38,0
12-05 07:31:11,26.662,5.482,63.043,2.243,0,5904772,137944,174624,1802296,4083.598,1692.446,0,8591.803,0,733.592,7957,12821,1.100,0.760,0.860,2,0,1.993,0,0,18,320,0,40,0
12-05 07:31:12,26.302,4.509,65.630,1.753,0,5904616,137944,174660,1802416,2080.124,1298.574,0,2981.912,0,347.689,7086,10881,1.250,0.800,0.880,2,0,0,0,0,18,320,0,40,0
12-05 07:31:13,26.347,4.768,66.746,1.506,0,5905560,136684,174688,1802704,2278.400,1441.314,16.059,1963.238,1.004,232.859,6363,9252,1.250,0.800,0.880,4,0,1.004,0,0,18,320,0,42,0
12-05 07:31:14,5.726,1.245,90.115,0.498,0,5905516,136684,174704,1802732,8289.539,4155.225,0,2298.169,0,163.301,2206,3363,1.250,0.800,0.880,3,0,0,0,0,18,320,0,42,0
12-05 07:31:15,13.750,2.750,80.502,1.250,0,5905468,136432,174740,1802996,16522.494,9156.274,0,1648.049,0,169.005,3525,4825,1.250,0.800,0.880,2,0,0,0,0,18,319,0,43,0
12-05 07:31:16,12.277,2.004,83.932,0.752,0,5905384,136432,174776,1803044,10225.120,5866.691,0,1370.966,0,135.293,3002,4003,1.250,0.800,0.880,2,0,0,0,0,18,320,0,43,0
12-05 07:31:17,16.701,1.745,80.016,0.499,0,5905276,136432,174832,1803096,26826.518,12821.490,0,1515.566,0,154.548,3351,4527,1.230,0.800,0.880,2,0,0,0,0,18,320,0,44,0
12-05 07:31:18,15.815,2.761,78.575,1.506,0,5905132,136432,174900,1803172,19220.539,8455.993,0,6113.298,0,394.633,4343,6184,1.230,0.800,0.880,2,0,0,0,0,18,320,0,44,0
12-05 07:31:19,25.241,4.998,66.477,1.000,0,5905080,136180,174948,1803428,2837.009,1457.491,0,2683.063,0,290.898,6615,9634,1.230,0.800,0.880,3,0,0,0,0,18,320,0,46,0
12-05 07:31:20,20.681,3.987,72.010,1.246,0,5905300,135676,174988,1803672,6011.928,4000.643,0,3552.141,0,300.995,5650,7984,1.230,0.800,0.880,2,0,0,0,0,18,320,0,47,0
12-05 07:31:21,11.291,1.756,84.811,0.753,0,5905216,135676,175024,1803720,6641.371,3519.917,0,1858.821,0,140.516,3074,4305,1.230,0.800,0.880,3,0,0,0,0,18,320,0,47,0
12-05 07:31:22,13.491,1.749,82.943,0.250,0,5905400,135424,175048,1803764,21545.223,10430.846,0,1107.241,0,123.915,3124,4272,1.130,0.790,0.870,4,0,0,0,0,18,321,0,39,0
12-05 07:31:23,26.428,4.737,64.823,1.745,0,5905056,135424,175092,1804064,3984.131,1531.821,0,2285.764,0,256.301,7159,10352,1.130,0.790,0.870,4,0,1.995,0,0,18,320,0,41,0
12-05 07:31:24,20.950,3.741,71.580,0.998,0.249,5905140,135172,175140,1804184,8618.583,4169.124,0,2107.009,0,232.449,5342,7583,1.130,0.790,0.870,5,0,0,0,0,18,319,0,43,0
12-05 07:31:25,10.550,2.512,84.402,1.507,0,5905148,134948,175196,1804344,2645.592,1302.198,0,12374.900,0,871.146,3589,5355,1.130,0.790,0.870,2,1,0,0,0,18,320,0,44,0
12-05 07:31:26,9.974,1.745,85.279,0.748,0,5905292,134696,175232,1804416,6673.673,4190.121,0,1360.468,0,164.573,3134,4678,1.130,0.790,0.870,1,0,0,0,0,18,319,0,46,0
12-05 07:31:27,14.209,1.745,82.011,0.997,0,5905228,134696,175244,1804468,9854.235,5627.573,0,1009.055,0,112.671,3155,4138,1.120,0.790,0.870,1,0,0,0,0,18,320,0,46,0
12-05 07:31:28,16.510,2.501,78.546,0.750,0,5905376,134444,175300,1804516,26083.248,12560.343,0,1184.693,0,131.077,3545,4577,1.120,0.790,0.870,1,0,0,0,0,18,320,0,46,0
12-05 07:31:29,15.802,2.759,78.507,1.003,0,5905136,134444,175320,1804736,15971.211,6036.734,0,1356.434,0,159.521,4360,6099,1.120,0.790,0.870,3,0,0,0,0,18,321,0,46,0
12-05 07:31:30,28.728,4.247,63.951,1.249,0,5905696,133688,175376,1804876,7243.428,3685.165,0,2386.165,0,268.793,7182,10362,1.120,0.790,0.870,2,0,0,0,0,18,320,0,46,0
12-05 07:31:31,25.138,4.480,66.204,1.493,0,5905396,133688,175416,1805132,2453.043,1397.756,0,2731.797,0,310.613,7056,10575,1.120,0.790,0.870,5,0,0,0,0,18,320,0,45,0
12-05 07:31:32,22.083,4.266,71.769,1.255,0,5905868,132932,175448,1805384,5459.488,3928.743,0,2666.005,0,286.074,5487,7972,1.110,0.790,0.870,1,0,0,0,0,18,320,0,47,0
12-05 07:31:33,16.215,5.737,75.335,0.748,0,5917196,141944,174380,1786416,3737.826,1532.649,0,2314.938,0,166.636,4179,13997,1.110,0.790,0.870,7,0,36.919,0,0,18,320,0,48,0
12-05 07:31:34,8.761,2.002,86.355,1.001,0,5917228,141832,174404,1786472,7059.547,4079.940,0,5762.977,0,397.481,3178,5128,1.110,0.790,0.870,1,0,0,0,0,18,319,0,49,0
12-05 07:31:35,13.769,2.003,81.615,0.751,0,5917016,141832,174412,1786676,5577.832,3853.410,0,1590.233,0,157.221,3355,4754,1.110,0.790,0.870,1,0,0,0,0,18,320,0,49,0
12-05 07:31:36,17.184,2.739,78.448,0.249,0,5916940,141832,174412,1786752,3753.557,1571.951,0,956.320,0,82.682,3242,3954,1.110,0.790,0.870,2,0,0,0,0,18,320,0,49,0
12-05 07:31:37,26.831,2.758,68.707,0.251,0,5918196,140320,174416,1787004,2443.358,1299.915,0,565.704,0,29.088,3354,3423,1.180,0.810,0.880,2,0,0,0,0,18,320,0,50,0
12-05 07:31:38,14.735,2.248,80.915,0.499,0,5919368,139060,174420,1787088,6804.880,3689.140,0,986.967,0,79.916,3037,3774,1.180,0.810,0.880,3,0,0,0,0,18,319,0,50,0
12-05 07:31:39,12.254,1.751,84.280,0.750,0,5919292,139060,174456,1787128,8599.024,5267.852,0,1320.464,0,135.047,3182,4355,1.180,0.810,0.880,2,0,0,0,0,18,321,0,47,0
12-05 07:31:40,17.739,2.748,76.950,0.750,0,5919052,139060,174464,1787360,29106.226,12820.731,0,1479.046,0,158.898,3609,4717,1.180,0.810,0.880,1,0,0,0,0,18,321,0,47,0
12-05 07:31:41,18.538,1.503,76.407,0.752,0,5919232,138808,174472,1787424,29090.678,13065.804,0,2717.575,0,159.327,3934,5258,1.180,0.810,0.880,3,0,0,0,0,18,322,0,47,0
12-05 07:31:42,33.729,5.746,57.964,1.499,0,5918948,138808,174484,1787696,32794.362,15144.469,0,2398.491,0,277.825,7233,10241,1.250,0.830,0.890,3,0,0,0,0,18,320,0,47,0
12-05 07:31:43,20.019,3.253,72.568,1.501,0,5919564,138052,174504,1787816,6178.769,3833.579,0,3291.073,0,322.301,5595,8169,1.250,0.830,0.890,1,0,1.001,0,0,18,319,0,45,0
12-05 07:31:44,11.522,2.254,84.160,1.002,0,5919540,138052,174512,1787832,4099.789,1460.775,0,6111.612,0,377.718,3403,4892,1.250,0.830,0.890,2,0,0,0,0,18,323,0,46,0
12-05 07:31:45,24.063,3.259,69.431,0.501,0,5919588,137800,174516,1788032,2890.552,1570.102,16.042,1323.458,1.003,94.246,5453,7147,1.250,0.830,0.890,6,0,0,0,0,18,322,0,48,0
12-05 07:31:46,24.873,3.731,68.648,1.741,0,5921052,136064,174532,1788288,2405.675,1450.568,123.368,7811.977,8.954,554.161,5889,7573,1.250,0.830,0.890,3,0,7.959,0,0,18,324,0,67,0
12-05 07:31:47,25.058,3.508,69.411,0.501,0,5921320,135560,174544,1788512,2670.202,1527.548,0,801.862,0,64.149,5753,7380,1.230,0.840,0.890,3,0,1.002,0,0,18,323,0,78,0
12-05 07:31:48,28.419,3.490,64.567,0.997,0,5921756,134804,174544,1788832,4477.283,1741.055,0,1240.477,0,129.632,5683,7041,1.230,0.840,0.890,2,0,0,0,0,18,323,0,84,0
12-05 07:31:49,8.253,1.501,87.529,0.750,0.250,5922236,134300,174544,1788856,17679.898,8506.838,4.001,1024.342,1.000,115.038,2604,3617,1.230,0.840,0.890,3,0,0,0,0,18,323,1,84,0
12-05 07:31:50,29.398,5.277,62.062,1.508,0,5922424,133824,174556,1789132,11648.582,6328.829,0,2408.111,0,321.617,7541,10986,1.230,0.840,0.890,2,0,0,0,0,18,323,0,85,0
12-05 07:31:51,23.375,4.476,69.878,0.746,0,5922284,133824,174572,1789256,5565.333,3996.695,0,3115.393,0,294.430,6010,8612,1.230,0.840,0.890,1,0,0,0,0,18,323,0,84,0
12-05 07:31:52,9.778,1.755,85.245,1.254,0,5922336,133572,174588,1789440,4267.262,3247.331,0,2896.323,0,226.651,3083,4580,1.130,0.820,0.880,1,0,0,0,0,18,323,0,84,0
12-05 07:31:53,4.486,1.495,90.971,0.748,0,5922808,133068,174604,1789456,6859.925,2838.280,0,4745.421,0,305.063,2337,3612,1.130,0.820,0.880,2,0,0.997,0,0,18,323,0,84,0
12-05 07:31:54,6.996,1.499,89.698,0.500,0,5922744,133068,174624,1789500,7099.896,4180.583,0,2298.671,0,175.898,2654,3971,1.130,0.820,0.880,1,0,0,0,0,18,322,0,84,0
12-05 07:31:55,8.501,1.500,87.009,0.750,0,5922640,133068,174628,1789600,7909.779,4236.417,0,1184.117,0,125.012,2813,4083,1.130,0.820,0.880,1,0,0,0,0,18,322,0,78,0
12-05 07:31:56,19.485,2.748,75.443,0.500,0,5924868,130548,174628,1789892,7442.345,3852.073,0,4744.395,0,459.651,3623,4157,1.130,0.820,0.880,2,0,0,0,0,18,322,0,79,0
12-05 07:31:57,6.273,1.505,90.577,0.502,0,5925052,130296,174644,1789944,3237.690,1712.182,0,1027.711,0,98.355,2097,3269,1.040,0.810,0.880,2,0,0,0,0,18,323,0,79,0
12-05 07:31:58,7.016,2.005,89.201,0.501,0,5933260,122032,174652,1789992,6721.141,3669.266,0,793.788,0,78.176,2427,3201,1.040,0.810,0.880,4,0,1.002,0,0,18,323,0,79,0
12-05 07:31:59,8.958,2.239,85.844,0.498,0,5933220,122032,174660,1790024,8234.014,3783.088,0,959.457,0,100.524,2868,4010,1.040,0.810,0.880,1,0,0,0,0,18,322,0,78,0
12-05 07:32:00,12.513,2.002,83.086,0.501,0,5933264,121780,174684,1790208,10300.683,5848.065,0,1149.192,0,138.143,3262,4567,1.040,0.810,0.880,1,0,0,0,0,18,323,0,78,0
12-05 07:32:01,25.559,3.759,67.657,1.754,0,5933144,121780,174708,1790304,20960.756,8975.879,0,1792.169,0,231.539,5914,8431,1.040,0.810,0.880,1,1,0,0,0,18,323,0,78,0
12-05 07:32:02,25.918,4.237,67.288,0.748,0,5934608,120020,174728,1790580,2709.472,1453.425,0,3600.667,0,318.996,6272,9103,1.040,0.810,0.880,2,0,0,0,0,18,323,0,78,0
12-05 07:32:03,12.247,2.749,80.983,1.250,0,5934732,119768,174768,1790668,8523.217,4392.081,0,4902.974,0,408.914,4251,6706,1.040,0.810,0.880,1,0,1.000,0,0,18,322,0,77,0
12-05 07:32:04,9.734,1.498,86.362,1.248,0,5934676,119768,174792,1790700,7158.590,4245.234,0,2488.035,0,203.675,2996,4300,1.040,0.810,0.880,1,0,0,0,0,18,322,0,77,0
12-05 07:32:05,8.514,1.252,87.894,0.250,0,5934740,119516,174800,1790880,7136.669,3783.186,0,1230.011,0,104.170,2416,3469,1.040,0.810,0.880,1,0,0,0,0,18,322,0,77,0
12-05 07:32:06,9.527,2.256,86.491,1.253,0,5934676,119516,174812,1790932,6933.333,3952.020,0,1612.496,0,145.405,2835,4028,1.040,0.810,0.880,2,0,0,0,0,18,323,0,77,0
12-05 07:32:07,12.984,1.998,82.149,0.499,0,5934616,119516,174824,1790980,22045.814,10680.829,0,1222.492,0,99.877,3328,4500,1.030,0.820,0.880,2,0,0,0,0,18,323,0,75,0
12-05 07:32:08,25.416,3.239,67.775,1.246,0,5914140,139860,174868,1791068,2709.026,1453.186,0,2144.895,0,247.181,5415,7616,1.030,0.820,0.880,2,0,0,0,0,18,322,0,75,0
12-05 07:32:09,15.028,2.505,80.902,0.501,0,5750064,301712,174892,1793268,12232.946,264055.293,48.090,1655.105,8.015,103.194,2267,2409,1.030,0.820,0.880,1,0,0,0,0,18,322,0,75,0
12-05 07:32:10,1.496,1.247,95.246,0,0,5748420,303356,174892,1793268,2967.083,1454.120,0,993.349,0,67.819,1346,2096,1.030,0.820,0.880,2,0,0,0,0,18,322,0,75,0
12-05 07:32:11,2.257,1.003,95.300,0.251,0,5748360,303412,174892,1793272,2907.164,1462.611,0,702.214,0,51.161,1413,2176,1.030,0.820,0.880,1,0,2.006,0,0,18,322,0,75,0
12-05 07:32:12,0.999,0.749,96.395,0.499,0,5748108,303660,174896,1793272,2489.297,1510.360,0,1722.130,0,33.963,1020,1574,0.950,0.800,0.880,1,0,0,0,0,18,322,0,69,0
12-05 07:32:13,1.750,0.500,95.773,0.250,0,5748356,303408,174900,1793272,2806.667,1512.360,0,488.116,0,31.007,1111,1575,0.950,0.800,0.880,1,0,1.000,0,0,18,322,0,69,0
12-05 07:32:14,1.502,1.252,96.373,0.501,0,5748336,303408,174916,1793276,2481.167,1513.932,4.005,2126.715,1.001,129.165,1302,2042,0.950,0.800,0.880,1,0,0,0,0,18,322,0,69,0
12-05 07:32:15,1.497,0.249,96.300,0,0,5748308,303436,174916,1793276,2729.338,1454.981,0,91.810,0,10.977,1039,1484,0.950,0.800,0.880,1,0,0,0,0,18,322,0,69,0
12-05 07:32:16,2.002,0.751,96.325,0,0,5748308,303436,174916,1793276,2419.890,1459.140,0,0,0,0,1045,1467,0.950,0.800,0.880,2,0,0,0,0,18,322,0,66,0
12-05 07:32:17,0.997,0.748,95.961,0.249,0,5748308,303436,174916,1793276,2410.749,1453.628,0,3728.785,0,436.687,1244,1467,0.870,0.790,0.870,1,0,0,0,0,18,322,0,66,0
12-05 07:32:18,2.513,1.005,94.472,0.503,0,5748280,303436,174924,1793296,2751.760,1585.930,0,389.950,0,54.271,1471,2128,0.870,0.790,0.870,2,0,0,0,0,18,322,0,66,0
12-05 07:32:19,1.753,0.751,96.187,0,0,5748272,303436,174928,1793300,2729.308,1526.969,0,368.717,0,30.058,1252,1885,0.870,0.790,0.870,1,0,0,0,0,18,322,0,66,0
12-05 07:32:20,1.983,1.240,95.454,0.248,0,5748272,303436,174928,1793300,2918.658,1553.047,0,249.916,0,22.810,1381,1952,0.870,0.790,0.870,3,0,0,0,0,18,322,0,63,0
12-05 07:32:21,2.507,0.752,94.766,0.251,0,5748272,303436,174932,1793296,2424.816,1462.110,0,417.173,0,48.135,1620,2466,0.870,0.790,0.870,1,0,0,0,0,18,322,0,63,0
12-05 07:32:22,2.009,0.502,96.202,0.251,0,5748264,303436,174932,1793304,2635.382,1464.882,0,313.473,0,27.127,1067,1636,0.800,0.780,0.870,2,0,0,0,0,18,322,0,63,0
12-05 07:32:23,2.245,1.746,94.797,0.748,0,5748220,303436,174940,1793340,2772.075,1454.891,0,3636.228,0,204.563,1699,2612,0.800,0.780,0.870,1,0,0.998,0,0,18,322,0,63,0
12-05 07:32:24,1.249,0.999,96.136,0.250,0,5748220,303436,174940,1793340,2608.913,1510.213,0,307.636,0,14.982,993,1437,0.800,0.780,0.870,3,0,0,0,0,18,322,0,60,0
12-05 07:32:25,2.003,1.002,96.147,0,0,5748220,303436,174944,1793336,2767.245,1568.406,0,536.824,0,27.041,1133,1725,0.800,0.780,0.870,1,0,0,0,0,18,322,0,60,0
12-05 07:32:26,1.250,0.750,96.224,0,0,5748212,303436,174944,1793344,2357.353,1457.600,0,139.962,0,12.996,1034,1496,0.800,0.780,0.870,1,0,0,0,0,18,322,0,60,0
12-05 07:32:27,1.749,0.500,96.687,0,0.250,5748212,303436,174944,1793344,2476.378,1457.046,0,3.997,0,0.999,953,1402,0.740,0.760,0.860,2,0,0,0,0,18,322,0,60,0
12-05 07:32:28,1.499,0.750,95.707,0.250,0,5748156,303436,174952,1793392,2476.897,1457.351,31.986,1211.460,1.000,15.993,1197,1805,0.740,0.760,0.860,2,0,0,0,0,18,322,0,55,0
12-05 07:32:29,2.000,1.000,94.981,0.250,0,5748152,303436,174952,1793396,4045.176,1511.692,0,463.905,0,36.992,1293,1961,0.740,0.760,0.860,1,0,0,0,0,18,322,0,55,0
12-05 07:32:30,3.001,1.251,95.539,0,0,5748152,303436,174956,1793392,2736.105,1458.589,0,272.110,0,24.010,1339,1938,0.740,0.760,0.860,2,0,0,0,0,18,322,0,55,0
12-05 07:32:31,2.502,0.500,93.823,0.500,0,5748148,303436,174956,1793396,4101.207,1459.141,0,448.351,0,45.035,1549,2295,0.740,0.760,0.860,1,0,0,0,0,18,322,0,55,0
12-05 07:32:32,1.500,0.750,96.239,0,0,5748144,303436,174956,1793400,2491.706,1511.822,0,307.964,0,25.997,1067,1563,0.680,0.750,0.860,2,0,0,0,0,18,322,0,55,0
12-05 07:32:33,8.240,4.245,86.143,0,0,5735732,315848,174956,1793228,2734.607,1576.045,0,235.708,0,46.942,2470,9174,0.680,0.750,0.860,1,0,36.954,0,0,18,322,0,56,0
12-05 07:32:34,2.004,1.002,96.701,0,0,5735728,315848,174956,1793404,2423.033,1461.035,0,0,0,0,1054,1485,0.680,0.750,0.860,2,0,0,0,0,18,322,0,56,0
12-05 07:32:35,1.499,0.250,95.951,0,0,5735728,315848,174956,1793404,2739.598,1523.220,0,31.984,0,2.998,1044,1510,0.680,0.750,0.860,1,0,0,0,0,18,322,0,56,0
12-05 07:32:36,1.748,0.999,96.121,0.250,0,5735720,315848,174956,1793412,2354.842,1456.048,0,107.855,0,14.980,1255,1912,0.680,0.750,0.860,2,0,0,0,0,18,322,0,50,0
12-05 07:32:37,2.250,1.000,95.732,0.250,0,5735720,315848,174956,1793412,2537.534,1457.732,0,323.940,0,27.995,1190,1769,0.620,0.740,0.850,2,0,0,0,0,18,322,0,50,0
12-05 07:32:38,1.751,2.252,93.574,0.500,0,5736064,315468,174956,1793448,2780.192,1459.150,32.025,808.638,1.001,138.109,1454,2098,0.620,0.740,0.850,1,0,0,0,0,18,322,0,50,0
12-05 07:32:39,1.995,1.247,95.277,0.249,0,5739560,311968,174960,1793448,2356.485,1239.100,0,307.281,0,29.930,1316,1956,0.620,0.740,0.850,1,0,0,0,0,18,322,0,50,0
12-05 07:32:40,2.504,1.001,94.890,0.250,0,5739556,311968,174960,1793452,617.911,0,0,284.419,0,27.040,1322,1987,0.620,0.740,0.850,1,0,0,0,0,18,322,0,49,0
12-05 07:32:41,14.497,2.999,76.734,3.499,0,5745860,303904,174976,1795196,290067.329,10736.791,1527.686,383.921,42.991,35.993,2735,2746,0.620,0.740,0.850,3,0,6.999,0,0,18,323,0,49,0
12-05 07:32:42,15.020,4.005,78.356,1.001,0,5755940,293840,175000,1795156,150188.737,11602.740,56.076,220.299,6.008,13.018,2540,2118,0.570,0.720,0.850,2,0,21.029,0,0,18,322,0,49,0
12-05 07:32:43,8.253,3.001,84.778,2.501,0,5757704,291924,175008,1795300,149768.022,7646.554,148.049,2112.706,6.002,140.047,2233,1989,0.570,0.720,0.850,2,0,17.006,0,0,18,322,0,49,0
12-05 07:32:44,16.471,3.743,78.113,0.250,0,5766616,277984,175012,1800324,147015.586,3074.596,151.733,0,2.995,0,1979,1675,0.570,0.720,0.850,2,0,8.984,0,0,18,322,0,47,0
12-05 07:32:45,22.081,5.520,72.014,0,0,5758900,276220,175012,1809804,1347.950,487.791,0,8.029,0,1.004,2431,1824,0.570,0.720,0.850,1,0,14.052,0,0,18,322,0,47,0
12-05 07:32:46,18.977,6.492,70.416,2.497,0,5746452,281244,175020,1817220,1144.630,485.419,147.823,127.847,6.992,5.993,2566,1913,0.570,0.720,0.850,2,1,18.977,0,0,18,322,0,47,0
