"pcp-dstat 6.2.0 CSV Output"
"Author:","PCP team <pcp@groups.io> and Dag Wieers <dag@wieers.com>",,,,"URL:","https://pcp.io/ and http://dag.wieers.com/home-made/dstat/"
"Host:","ubuntu",,,,"User:","ubuntu"
"Cmdline:","dstat -tcmndrylpg --tcp --output /tmp/devstack_logs/dstat-csv.log",,,,"Date:","20 May 2026 10:06:34 UTC"
"system","total usage",,,,,"memory usage",,,,"net/total",,"dsk/total",,"io/total",,"system",,"load avg",,,"procs",,,"paging",,"tcp sockets",,,,
"time","total usage:usr","total usage:sys","total usage:idl","total usage:wai","total usage:stl","used","free","buf","cach","net/total:recv","net/total:send","dsk/total:read","dsk/total:writ","read","writ","int","csw","1m","5m","15m","run","blk","new","in","out","lis","act","syn","tim","clo"
20-05 10:06:34,,969868,1720924,161044,4976276,,,,,,,1.470,1,0.630,4,1,,,,10,4,0,15,0
20-05 10:06:35,13.490,20.485,58.957,4.996,0,981012,1706940,161080,4978964,65293.770,5434.069,2442.233,471.659,49.964,35.974,5762,5319,1.470,1,0.630,2,0,350.746,0,0,10,4,1,11,0
20-05 10:06:36,21.484,22.983,54.210,0.250,0,972272,1712272,161128,4982048,1147672.356,29533.187,0,8401.795,0,30.977,7798,17367,1.510,1.010,0.640,2,0,365.730,0,0,10,4,1,12,0
20-05 10:06:37,38.288,18.519,42.042,0.250,0,961536,1708236,161808,4994844,2678.677,1371.371,0,1301.301,0,40.040,5661,4979,1.510,1.010,0.640,2,0,226.226,0,0,10,4,1,12,0
20-05 10:06:38,34.698,22.467,40.440,1.997,0,948540,1729064,161832,4987348,2755.891,1715.442,19.970,686.976,4.993,17.973,6908,7113,1.510,1.010,0.640,1,1,328.510,0,0,10,2,1,12,0
20-05 10:06:39,39.095,15.036,43.355,2.005,0,1097596,1562652,162736,5126248,2335.650,1427.453,72.175,60.145,12.029,5.012,5217,4521,1.510,1.010,0.640,3,0,141.342,0,0,11,4,1,12,0
20-05 10:06:40,63.480,10.997,23.493,0.750,0,1141020,1515288,162924,5129280,2660.166,1477.537,7.997,247.922,1.000,13.996,4480,2416,1.510,1.010,0.640,3,0,144.955,0,0,11,4,1,11,0
20-05 10:06:41,58.210,7.712,30.100,3.234,0,1189656,1463436,163032,5131908,8739.429,4492.602,230.849,3928.415,10.945,34.826,4115,2465,1.630,1.050,0.650,1,1,87.563,0,0,11,6,1,13,1
20-05 10:06:42,29.826,3.509,63.914,2.256,0,1215492,1435208,163092,5133820,239542.892,11451.347,1672.286,304.781,112.288,11.028,2717,2029,1.630,1.050,0.650,1,0,0,0,0,11,5,1,13,0
20-05 10:06:43,25.226,2.498,70.433,0.749,0,1237428,1412136,163208,5134572,6912.438,2785.356,111.894,1466.608,4.995,11.989,1877,1238,1.630,1.050,0.650,1,0,0.999,0,0,11,6,1,13,0
20-05 10:06:44,29.869,5.271,56.977,6.526,0,1240880,1402564,163896,5139708,15170.329,4475.799,16.064,33412.875,1.004,1641.528,7948,13298,1.630,1.050,0.650,5,0,28.112,0,0,11,9,1,13,0
20-05 10:06:45,23.993,6.748,54.233,11.247,0,1256336,1380416,165308,5144724,10783.696,7251.778,0,56538.676,0,4408.649,16240,31113,1.630,1.050,0.650,2,0,53.983,0,0,11,9,1,13,0
20-05 10:06:46,27.597,6.216,64.643,0.497,0,1180944,1455512,165408,5144820,31469.009,6852.115,0,1447.994,0,83.538,3124,2441,1.580,1.050,0.660,4,1,74.588,0,0,11,8,1,13,0
20-05 10:06:47,28.282,3.754,66.826,0.501,0,1202424,1433552,165536,5145108,14274.157,8858.027,0,1685.908,0,65.074,2199,1625,1.580,1.050,0.660,4,0,0,0,0,11,8,1,13,0
20-05 10:06:48,40.244,3.250,54.992,0.250,0,1257272,1378240,165656,5145344,14172.922,9738.572,0,1855.728,0,70.990,2651,1588,1.580,1.050,0.660,1,1,0,0,0,11,7,1,13,1
20-05 10:06:49,31.205,1.748,65.656,0.749,0,1259720,1375488,165800,5145456,28504.320,6989.025,0,6922.121,0,377.461,2809,2962,1.580,1.050,0.660,4,0,0,0,0,11,6,1,13,2
20-05 10:06:50,39.885,3.261,55.939,0.753,0,1236056,1398584,165924,5145776,20379.975,10629.977,0,1171.966,0,45.153,2716,1493,1.580,1.050,0.660,2,0,10.034,0,0,11,6,1,13,2
20-05 10:06:51,37.502,4.500,56.503,0.250,0,1236564,1381064,166056,5162000,183372.239,13478.753,0,1420.079,0,40.002,2881,1721,1.620,1.060,0.660,3,0,0,0,0,11,6,1,13,2
20-05 10:06:52,44.748,5.250,48.247,0.750,0,1247824,1355816,166912,5172936,3431.821,971.949,0,1423.926,0,65.997,2983,1732,1.620,1.060,0.660,3,0,1.000,0,0,11,6,1,12,2
20-05 10:06:53,47.249,3.750,48.249,0.250,0,1259972,1328284,167336,5186424,3653.950,1133.984,0,1255.983,0,30.000,2971,1640,1.620,1.060,0.660,3,0,1.000,0,0,11,6,1,12,2
20-05 10:06:54,38.093,14.034,46.614,0,0,1205444,1378404,167440,5190004,1876.583,1048.561,0,4.010,0,1.002,4946,3378,1.620,1.060,0.660,2,0,261.639,0,0,11,6,1,12,2
20-05 10:06:55,31.762,22.259,44.767,0.500,0,1231832,1332700,167864,5207392,3852.502,1134.442,0,2124.829,0,79.031,6088,4771,1.620,1.060,0.660,1,1,348.136,0,0,11,6,1,12,2
20-05 10:06:56,40.897,16.209,40.648,1.247,0,1209148,1341464,168700,5218864,1987.015,969.568,0,2928.653,0,127.680,6824,7778,1.650,1.080,0.670,2,0,196.507,0,0,11,6,1,11,2
20-05 10:06:57,51.794,12.761,30.276,4.754,0,1230460,1288364,169408,5247896,2456.080,1134.961,7710.531,1581.339,78.066,54.046,4180,2848,1.650,1.080,0.670,6,0,131.111,0,0,11,7,1,11,2
20-05 10:06:58,67.128,7.264,24.547,0.501,0,1312156,1214316,170008,5238560,2380.525,1454.765,0,1595.032,0,56.107,3710,1784,1.650,1.080,0.670,3,0,0,0,0,11,5,1,11,0
20-05 10:06:59,68.945,6.994,23.481,0.500,0,1297824,1227672,170064,5239480,2152.281,1133.095,511.591,10499.615,7.994,75.939,3907,1623,1.650,1.080,0.670,4,0,18.985,0,0,11,5,1,11,0
20-05 10:07:00,59.883,9.981,28.943,0.250,0,1334404,1185936,170176,5243896,7895.575,3381.394,0,3365.425,0,189.630,3700,1738,1.650,1.080,0.670,3,0,15.969,0,0,11,5,1,11,0
20-05 10:07:01,62.189,11.239,26.224,0,0,1386492,1130176,170292,5247300,1990.064,971.055,0,1011.016,0,80.921,5411,4918,1.760,1.110,0.680,2,0,73.928,0,0,11,4,1,12,0
20-05 10:07:02,35.709,9.239,53.938,0.250,0,1412424,1101460,170336,5249492,8969.670,4296.052,0,4199.164,0,56.934,3386,2384,1.760,1.110,0.680,2,0,85.901,0,0,11,5,1,12,0
20-05 10:07:03,45.304,8.760,44.302,0.250,0,1456848,1052184,170720,5252900,1856.197,1147.358,0,2114.503,0,230.273,10676,18003,1.760,1.110,0.680,2,0,12.014,0,0,11,4,1,12,0
20-05 10:07:04,46.428,6.776,45.675,0,0,1485788,1022980,170776,5253064,1921.382,1138.374,0,7986.684,0,433.666,9362,14614,1.760,1.110,0.680,3,0,7.027,0,0,11,4,1,12,0
20-05 10:07:05,42.957,7.243,47.452,1.249,0,1505424,1002820,170892,5253472,1947.034,971.019,0,5642.302,0,298.698,7035,9449,1.760,1.110,0.680,3,0,15.984,0,0,11,10,1,12,0
20-05 10:07:06,43.003,8.751,47.754,0.250,0,1390780,1130208,170928,5242144,1872.149,972.077,0,2832.225,0,164.013,3604,2613,1.860,1.140,0.700,2,0,52.004,0,0,11,4,1,14,0
20-05 10:07:07,40.504,4.250,49.004,6.001,0,1452348,1068216,171068,5242388,3654.319,1134.099,372.032,28.002,13.001,3.000,2565,1262,1.860,1.140,0.700,4,0,16.001,0,0,11,4,1,14,0
20-05 10:07:08,21.431,3.987,73.764,0.249,0,1464040,1056340,171084,5242564,4403.904,3418.059,0,1120.414,0,13.955,2194,1677,1.860,1.140,0.700,1,1,49.840,0,0,11,9,1,14,0
20-05 10:07:09,17.758,3.001,72.034,5.753,0,1461160,1059112,171108,5242632,3755.756,2831.324,64.030,13842.473,16.007,67.031,2411,2510,1.860,1.140,0.700,1,1,1.000,0,0,11,17,1,14,0
20-05 10:07:10,11.244,1.499,74.710,11.994,0,1447688,1072340,171144,5242804,3572.078,2760.515,203.890,1183.363,49.973,14.992,1442,1432,1.860,1.140,0.700,0,0,1.999,0,0,11,29,1,14,0
20-05 10:07:11,18.507,6.002,74.279,0,0,1409816,1110196,171144,5242820,7725.992,3613.399,0,0,0,0,2445,1788,1.710,1.120,0.690,4,0,43.017,0,0,11,28,1,15,0
20-05 10:07:12,22.748,3.000,73.493,0.250,0,1424920,1095084,171148,5242820,1853.814,1133.886,0,219.978,0,4.000,1674,1049,1.710,1.120,0.690,1,0,0,0,0,11,28,1,15,0
20-05 10:07:13,16.237,1.499,80.435,0,0,1423368,1096620,171148,5242836,8801.895,7831.678,0,27.977,0,0.999,1930,1655,1.710,1.120,0.690,1,0,0.999,0,0,11,28,1,16,0
20-05 10:07:14,29.221,14.236,56.195,0,0.250,1401124,1118848,171148,5242852,1876.149,1036.977,0,20823.452,0,116.885,3975,2705,1.710,1.120,0.690,2,0,155.846,0,0,11,28,1,16,0
20-05 10:07:15,44.535,4.754,49.538,0,0,1461388,1058580,171152,5242852,3063.375,2365.834,0,644.500,0,12.009,2792,1478,1.710,1.120,0.690,0,1,0,0,0,11,30,1,16,0
20-05 10:07:16,31.321,5.011,62.391,0,0,1468108,1051664,171156,5243024,12555.453,11068.082,0,420.954,0,30.068,4178,4570,1.730,1.140,0.700,5,0,6.014,0,0,11,30,1,13,0
20-05 10:07:17,39.460,13.237,46.204,0.250,0,1426976,1092732,171160,5243084,9692.273,8403.567,0,119.880,0,18.981,6641,7315,1.730,1.140,0.700,7,0,225.773,0,0,11,28,1,14,0
20-05 10:07:18,74.509,25.338,0.502,0,0,1483832,1035840,171160,5243116,1758.120,975.395,0,284.992,0,15.052,5274,3996,1.730,1.140,0.700,7,0,353.230,0,0,11,28,1,14,0
20-05 10:07:19,90.161,10.240,0,0,0,1668544,851124,171160,5243116,1852.168,1132.880,0,171.830,0,7.992,4739,2226,1.730,1.140,0.700,7,0,0,0,0,11,28,1,14,0
20-05 10:07:20,83.163,9.240,7.242,0,0,1760428,759212,171160,5243144,22294.668,21095.923,0,435.544,0,29.969,5609,4386,1.730,1.140,0.700,6,0,0,0,0,11,33,1,14,0
20-05 10:07:21,74.722,8.997,15.494,0,0,1768996,750396,171164,5243388,28011.359,24737.603,0,1971.251,0,148.943,8255,12086,1.990,1.200,0.720,5,0,49.981,0,0,11,29,1,18,1
20-05 10:07:22,48.932,14.979,34.951,0,0,1574252,945128,171164,5243400,3500.125,2679.268,0,291.594,0,28.960,4934,4277,1.990,1.200,0.720,3,0,259.638,0,0,11,28,1,20,0
20-05 10:07:23,21.999,3.000,74.746,0,0,1558164,961216,171164,5243400,2180.883,1660.911,0,215.988,0,11.999,1742,1233,1.990,1.200,0.720,1,0,1.000,0,0,11,29,1,20,0
20-05 10:07:24,15.498,1.750,81.488,0.250,0,1536864,982376,171168,5243536,7734.849,6354.054,0,271.960,0,8.999,2351,2548,1.990,1.200,0.720,1,0,0,0,0,11,29,1,20,0
20-05 10:07:25,19.567,7.777,71.494,0,0,1484924,1034288,171180,5243552,3110.601,1859.337,0,29616.940,0,226.773,3484,3140,1.990,1.200,0.720,1,0,68.233,0,0,11,28,1,21,0
20-05 10:07:26,22.435,2.493,73.537,0,0.249,1476296,1042916,171180,5243552,2105.909,969.197,0,0,0,0,1686,1079,1.910,1.200,0.720,2,0,0,0,0,11,28,1,21,0
20-05 10:07:27,17.252,2.250,79.260,0,0,1477460,1041740,171180,5243564,6611.874,6099.807,0,4.001,0,1.000,2178,2156,1.910,1.200,0.720,0,0,0,0,0,11,29,1,21,0
20-05 10:07:28,14.534,10.775,74.425,0.251,0,1413116,1106064,171184,5243580,4552.734,2829.671,0,1054.486,0,41.097,4061,3679,1.910,1.200,0.720,1,0,187.442,0,0,11,28,1,22,0
20-05 10:07:29,10.753,25.507,61.266,0,0,1396236,1122924,171192,5243592,1872.484,972.251,0,212.055,0,14.004,5967,4429,1.910,1.200,0.720,4,0,517.134,0,0,11,28,1,17,0
20-05 10:07:30,69.552,27.521,3.002,0,0,1476576,1042572,171192,5243604,2010.516,972.733,0,56402.520,0,252.190,5444,3962,1.910,1.200,0.720,5,0,334.252,0,0,11,28,1,17,0
20-05 10:07:31,88.254,9.000,2.500,0,0,1640284,878824,171204,5243624,6117.265,6729.292,0,1468.064,0,40.002,4981,2694,2.160,1.260,0.750,3,0,0,0,0,11,30,1,17,0
20-05 10:07:32,80.154,7.990,11.237,0,0,1684772,834272,171220,5243672,28474.813,24010.174,0,3915.299,0,194.766,6394,7400,2.160,1.260,0.750,5,0,0,0,0,11,33,1,17,0
20-05 10:07:33,79.081,9.260,10.511,0.250,0,1600140,918676,171240,5243880,24568.294,19912.501,0,452.466,0,56.058,7547,10801,2.160,1.260,0.750,6,0,66.068,0,0,11,29,1,18,0
20-05 10:07:34,75.008,24.003,1.250,0,0,1525104,993676,171244,5243912,4365.490,3153.354,0,392.044,0,25.003,5836,4951,2.160,1.260,0.750,6,0,245.027,0,0,11,28,1,18,0
20-05 10:07:35,88.570,10.728,0,0,0,1667456,851324,171244,5243912,3363.151,2496.915,127.740,435.114,0.998,11.976,4854,2461,2.160,1.260,0.750,6,0,1.996,0,0,11,29,0,18,0
20-05 10:07:36,88.921,9.633,0.988,0,0,1777640,740976,171248,5245560,20120.900,18385.948,0,2082.733,0,176.854,6126,7093,2.390,1.320,0.770,10,1,35.568,0,0,11,33,0,18,0
20-05 10:07:37,76.525,9.376,13.937,0,0,1793452,724876,171264,5244304,33124.881,29624.982,0,693.290,0,39.530,9089,17881,2.390,1.320,0.770,4,0,2.027,0,0,11,33,0,19,0
20-05 10:07:38,80.812,13.260,5.254,0,0,1603196,914932,171276,5244492,18546.234,16876.953,0,356.273,0,42.032,7322,9544,2.390,1.320,0.770,3,0,190.146,0,0,11,28,0,23,0
20-05 10:07:39,44.098,9.716,45.094,0.249,0,1543364,974752,171276,5244504,1969.193,1130.094,0,215.256,0,11.959,3341,2130,2.390,1.320,0.770,2,0,107.628,0,0,11,28,0,23,0
20-05 10:07:40,35.243,3.749,58.489,1.500,0,1567992,950112,171276,5244516,10407.063,9498.232,0,4987.072,0,332.938,3251,2516,2.390,1.320,0.770,2,0,0,0,0,11,30,0,23,0
20-05 10:07:41,37.988,3.749,57.232,0,0,1463872,1054380,171276,5244556,12245.051,10901.485,0,751.758,0,49.984,4807,5499,2.280,1.320,0.770,3,0,4.998,0,0,11,28,0,23,0
20-05 10:07:42,43.171,23.594,32.881,0,0,1472536,1045688,171276,5244584,2325.231,1301.165,0,172.686,0,15.060,5280,3818,2.280,1.320,0.770,3,0,374.487,0,0,11,28,0,23,0
20-05 10:07:43,65.718,6.497,27.486,0,0,1573072,945152,171276,5244584,3864.097,3675.190,0,151.925,0,6.997,3603,1305,2.280,1.320,0.770,4,0,1.000,0,0,11,30,0,23,0
20-05 10:07:44,47.148,4.989,46.151,0.249,0,1576724,941452,171280,5244628,20365.114,19454.077,0,598.710,0,35.923,5365,6034,2.280,1.320,0.770,1,0,0,0,0,11,31,0,23,0
20-05 10:07:45,56.972,17.491,25.237,0.250,0,1483936,1034172,171288,5244688,12577.750,9527.266,0,483.760,0,61.969,6983,7923,2.280,1.320,0.770,4,0,257.872,0,0,11,28,0,24,0
20-05 10:07:46,88.490,11.531,0,0,0.251,1561524,956584,171296,5244680,2725.384,1461.961,0,216.587,0,8.022,4689,1612,2.410,1.360,0.790,4,0,0,0,0,11,28,0,24,0
20-05 10:07:47,67.737,7.249,24.246,0,0,1617764,900252,171296,5244772,19233.450,18237.634,0,171.968,0,7.999,4634,3066,2.410,1.360,0.790,3,0,0,0,0,11,32,0,24,0
20-05 10:07:48,59.534,8.005,31.018,0,0,1610156,907492,171308,5245128,28315.192,25167.392,0,1156.661,0,82.047,9282,13054,2.410,1.360,0.790,6,0,92.053,0,0,11,28,0,27,0
20-05 10:07:49,63.251,19.000,17.500,0,0,1504348,1013300,171308,5245128,2926.052,1566.028,0,156.003,0,11.000,4156,2603,2.410,1.360,0.790,3,0,232.004,0,0,11,28,0,27,0
20-05 10:07:50,57.470,5.997,35.732,0,0,1546764,970868,171308,5245144,8322.726,8350.712,0,179.908,0,6.996,3799,2066,2.410,1.360,0.790,3,0,0,0,0,11,31,0,27,0
20-05 10:07:51,49.015,5.252,44.764,0.250,0,1550748,966836,171316,5245184,19998.087,17490.324,0,568.173,0,37.011,5742,6686,2.380,1.370,0.800,3,0,0,0,0,11,30,0,28,0
20-05 10:07:52,60.949,19.983,17.735,0,0,1459700,1057840,171324,5245220,9732.784,7597.587,0,2346.020,0,109.907,6600,6419,2.380,1.370,0.800,3,0,298.748,0,0,11,28,0,29,0
20-05 10:07:53,68.240,7.499,24.496,0,0,1573828,943704,171328,5245224,2537.637,1457.792,0,163.977,0,5.999,3605,1338,2.380,1.370,0.800,4,0,1.000,0,0,11,28,0,29,0
20-05 10:07:54,45.409,5.240,48.403,0,0,1591916,925264,171336,5245552,19414.197,18543.936,0,698.604,0,9.980,4149,4171,2.380,1.370,0.800,3,0,0,0,0,11,31,0,29,0
20-05 10:07:55,56.517,18.005,25.007,0.500,0,1562528,954580,171348,5245612,14969.401,12220.593,0,628.185,0,49.014,6855,7994,2.380,1.370,0.800,4,0,237.070,0,0,11,28,0,32,0
20-05 10:07:56,67.240,10.249,21.747,0,0.250,1572940,944164,171348,5245616,2537.629,1457.787,0,195.971,0,8.999,3775,1656,2.430,1.400,0.810,3,0,49.993,0,0,11,28,0,32,0
20-05 10:07:57,51.089,4.508,43.827,0,0,1594244,922784,171348,5245692,15758.577,14493.363,0,152.266,0,8.014,4016,2908,2.430,1.400,0.810,4,0,0,0,0,11,31,0,32,0
20-05 10:07:58,52.689,9.739,36.957,0,0,1445700,1071112,171364,5245892,15992.497,14014.785,0,886.974,0,72.916,7380,8908,2.430,1.400,0.810,3,0,111.871,0,0,11,28,0,34,0
20-05 10:07:59,66.352,8.763,24.287,0,0,1520400,996408,171368,5245892,2421.707,1460.235,0,188.288,0,11.017,3622,1499,2.430,1.400,0.810,3,0,0,0,0,11,28,0,34,0
20-05 10:08:00,52.756,5.751,40.504,0,0,1565420,951240,171376,5246032,14346.522,13210.402,0,196.021,0,9.001,3864,2720,2.430,1.400,0.810,3,0,0,0,0,11,31,0,34,0
20-05 10:08:01,51.792,10.509,36.780,0.500,0,1563128,953444,171404,5246092,17121.865,15296.387,0,764.619,0,61.049,7410,9412,2.400,1.410,0.820,5,0,147.119,0,0,11,28,0,35,0
20-05 10:08:02,72.244,26.998,0.750,0,0,1509836,1006736,171404,5246092,4161.632,1551.863,0,195.983,0,20.998,5409,4280,2.400,1.410,0.820,8,0,444.961,0,0,11,28,0,35,0
20-05 10:08:03,81.747,18.499,0,0,0,1638688,877820,171412,5246148,2357.921,1457.951,0,179.994,0,9.000,5224,3929,2.400,1.410,0.820,7,0,286.990,0,0,11,28,0,35,0
20-05 10:08:04,80.567,17.710,0.998,0,0,1746960,769504,171420,5246184,15357.045,14855.188,0,530.792,0,28.934,5901,4805,2.400,1.410,0.820,8,0,290.339,0,0,11,32,0,35,0
20-05 10:08:05,78.327,18.018,3.003,0,0,1775600,740660,171432,5246376,30070.635,28278.869,0,120.118,0,10.010,6956,7361,2.400,1.410,0.820,8,0,314.310,0,0,11,33,0,35,0
20-05 10:08:06,82.359,14.519,3.254,0,0,1717616,798372,171460,5246620,27774.618,24892.819,0,536.708,0,54.071,7269,8928,2.520,1.450,0.830,6,0,149.197,0,0,11,28,0,36,0
20-05 10:08:07,81.504,18.001,0.250,0,0,1623184,892804,171460,5246620,2658.132,1458.072,0,2040.101,0,115.006,5301,3470,2.520,1.450,0.830,5,0,222.011,0,0,11,28,0,36,0
20-05 10:08:08,88.279,9.201,2.487,0,0,1691504,824464,171460,5246640,9583.819,9388.860,0,0,0,0,4768,2137,2.520,1.450,0.830,4,0,0,0,0,11,31,0,36,0
20-05 10:08:09,75.679,8.771,15.286,0,0,1709272,806612,171484,5246700,29463.809,26433.629,0,525.244,0,30.071,6896,8612,2.520,1.450,0.830,5,0,1.002,0,0,11,34,0,37,0
20-05 10:08:10,64.942,16.047,17.050,0,0,1639128,876540,171488,5246912,26651.811,24149.411,0,120.356,0,9.027,8091,10925,2.520,1.450,0.830,4,0,321.952,0,0,11,33,0,38,0
20-05 10:08:11,16.477,19.973,62.664,0,0,1441124,1074524,171492,5246936,3993.528,2645.375,0,479.343,0,47.934,5367,4735,2.320,1.430,0.830,1,0,406.443,0,0,11,32,0,39,0
20-05 10:08:12,43.311,36.301,20.278,0,0,1445296,1070300,171496,5246984,2749.854,1568.198,0,192.269,0,19.027,5959,5101,2.320,1.430,0.830,5,0,730.023,0,0,11,32,0,39,0
20-05 10:08:13,80.187,14.738,4.996,0,0.250,1568008,947588,171496,5246984,5099.983,3811.997,0,0,0,0,4755,2457,2.320,1.430,0.830,4,0,146.884,0,0,11,33,0,39,0
20-05 10:08:14,71.773,6.252,21.757,0,0,1629188,886364,171508,5247016,17554.628,16930.428,0,360.115,0,18.006,4718,3973,2.320,1.430,0.830,2,0,0,0,0,11,36,0,37,0
20-05 10:08:15,65.494,10.999,22.498,0.250,0,1545816,969648,171544,5247068,17804.496,15604.682,0,883.925,0,45.996,6385,8539,2.320,1.430,0.830,4,0,107.991,0,0,11,33,0,40,0
20-05 10:08:16,80.044,18.760,2.001,0,0,1505408,1009892,171560,5247216,4182.312,2431.344,0,304.168,0,25.014,5231,3459,2.540,1.490,0.850,4,0,166.092,0,0,11,32,0,41,0
20-05 10:08:17,74.391,6.990,17.225,0.250,0,1602608,912660,171568,5247240,14827.211,13440.249,0,203.701,0,16.975,4678,3357,2.540,1.490,0.850,4,0,0,0,0,11,35,0,41,0
20-05 10:08:18,64.562,6.256,28.027,0,0,1610096,905100,171572,5247308,25244.105,23754.683,0,140.134,0,7.007,7662,10308,2.540,1.490,0.850,3,0,0,0,0,11,36,0,40,0
20-05 10:08:19,54.670,5.492,38.194,0,0,1610116,904848,171576,5247536,31049.826,28109.104,0,247.640,0,19.971,9927,15087,2.540,1.490,0.850,5,0,0,0,0,11,35,0,40,0
20-05 10:08:20,70.850,14.020,14.520,0,0,1535476,979280,171596,5247724,17190.267,14223.078,0,456.645,0,52.074,7209,8801,2.540,1.490,0.850,4,0,90.127,0,0,11,32,1,40,0
20-05 10:08:21,83.040,11.005,6.003,0,0,1580408,934348,171624,5247696,6517.156,5443.636,0,2369.147,0,145.070,4889,2908,2.650,1.530,0.870,4,0,30.015,0,0,11,33,0,40,0
20-05 10:08:22,74.034,6.481,18.945,0,0,1624092,890604,171624,5247756,16841.856,16307.415,0,0,0,0,4810,4559,2.650,1.530,0.870,3,0,0,0,0,11,36,0,34,0
20-05 10:08:23,54.727,6.247,37.484,0,0,1624620,889848,171624,5247984,32199.272,29007.633,0,2406.974,0,103.956,9853,14484,2.650,1.530,0.870,5,0,1.000,0,0,11,36,0,34,0
20-05 10:08:24,61.711,9.031,27.845,0,0,1610508,903740,171624,5248204,28931.930,26415.325,0,68.233,0,4.014,9212,12795,2.650,1.530,0.870,4,0,71.244,0,0,11,33,0,37,0
20-05 10:08:25,77.438,16.434,5.478,0,0,1511000,1003220,171624,5248232,8371.263,6884.256,0,0,0,0,5519,4432,2.650,1.530,0.870,4,0,188.241,0,0,11,32,0,38,0
20-05 10:08:26,78.744,9.028,12.539,0,0,1602720,911492,171624,5248240,10173.543,9076.140,0,16.050,0,1.003,4476,2292,2.760,1.570,0.880,4,0,0,0,0,11,35,0,37,0
20-05 10:08:27,65.279,7.003,26.762,0,0,1627340,886808,171624,5248304,25593.183,23066.078,0,4.002,0,1.000,7235,8760,2.760,1.570,0.880,5,0,0,0,0,11,35,0,38,0
20-05 10:08:28,70.367,8.983,19.713,0,0,1629396,884548,171632,5248500,21000.427,18491.155,0,131.752,0,11.977,7469,9853,2.760,1.570,0.880,4,0,33.936,0,0,11,33,0,39,0
20-05 10:08:29,79.093,14.267,6.257,0.250,0,1517520,996424,171640,5248492,9452.073,8042.422,0,92.108,0,10.012,5359,4489,2.760,1.570,0.880,3,0,94.110,0,0,11,33,0,39,0
20-05 10:08:30,76.275,9.503,13.754,0,0,1639328,874556,171652,5248540,11612.792,10464.417,0,196.064,0,25.008,4826,3353,2.760,1.570,0.880,2,0,0,0,0,11,34,0,39,0
20-05 10:08:31,72.175,10.239,17.482,0,0,1657460,856272,171676,5248668,15411.987,12923.572,0,387.597,0,23.975,5534,5284,2.940,1.630,0.910,4,0,59.938,0,0,11,34,0,40,0
20-05 10:08:32,75.118,10.767,13.521,0,0,1582824,930828,171676,5248748,17393.399,15474.376,0,140.221,0,10.016,6408,7308,2.940,1.630,0.910,5,0,60.095,0,0,11,34,0,40,0
20-05 10:08:33,70.192,8.493,20.483,0,0,1585904,927692,171680,5248800,21033.678,20213.353,0,163.865,0,8.993,6488,7928,2.940,1.630,0.910,3,0,59.951,0,0,11,35,0,41,0
20-05 10:08:34,71.073,11.512,16.267,0,0,1543520,969912,171688,5248956,17587.119,14278.711,0,128.132,0,8.008,6172,6333,2.940,1.630,0.910,5,0,89.092,0,0,11,33,0,42,0
20-05 10:08:35,76.758,11.751,11.251,0,0,1530652,982724,171692,5249008,13722.374,10316.033,0,124.012,0,8.001,4993,4088,2.940,1.630,0.910,5,0,79.008,0,0,11,33,0,43,0
20-05 10:08:36,72.903,10.236,15.479,0,0,1601960,911288,171696,5249160,15099.852,13334.208,0,195.739,0,10.985,4970,4260,3.110,1.690,0.930,4,0,34.953,0,0,11,34,0,44,0
20-05 10:08:37,77.343,12.515,10.513,0,0.250,1598088,915124,171696,5249196,17759.295,13975.758,0,152.182,0,7.008,6367,15684,3.110,1.690,0.930,4,0,70.084,0,0,11,34,0,46,0
20-05 10:08:38,66.920,10.737,20.975,0,0,1571816,941372,171700,5249232,15521.351,14256.871,0,2748.697,0,137.834,6184,6117,3.110,1.690,0.930,3,0,71.914,0,0,11,34,0,41,0
20-05 10:08:39,67.087,12.766,20.026,0.250,0,1533416,979740,171712,5249252,11024.234,8853.431,0,388.502,0,37.048,5448,4427,3.110,1.690,0.930,4,0,126.163,0,0,11,33,0,43,0
20-05 10:08:40,56.579,8.973,33.150,0,0,1486748,1026400,171720,5249264,9346.789,8038.737,0,283.145,0,20.937,4431,3192,3.110,1.690,0.930,3,0,59.819,0,0,11,33,0,44,0
20-05 10:08:41,57.998,7.000,34.499,0,0,1520228,992732,171724,5249448,11795.572,10410.622,0,399.985,0,45.998,4518,4119,2.940,1.670,0.930,3,0,0,0,0,11,33,0,45,0
20-05 10:08:42,53.864,10.021,34.824,0,0.251,1533428,979504,171732,5249472,14222.123,12750.005,0,128.272,0,8.017,4818,4706,2.940,1.670,0.930,3,0,96.204,0,0,11,33,0,44,0
20-05 10:08:43,57.587,8.975,32.408,0,0,1525560,987336,171736,5249504,11055.742,9947.874,0,155.560,0,7.977,5057,4642,2.940,1.670,0.930,2,0,43.876,0,0,11,33,0,45,0
20-05 10:08:44,54.358,9.268,36.072,0,0,1529608,983096,171748,5249684,9903.673,8454.795,0,192.382,0,14.028,4773,4000,2.940,1.670,0.930,2,0,43.086,0,0,11,34,0,45,0
20-05 10:08:45,51.751,8.957,37.569,0,0,1511060,1001612,171748,5249716,13136.750,11022.928,0,1246.001,0,10.947,4807,4586,2.940,1.670,0.930,1,0,85.588,0,0,11,34,0,46,0
20-05 10:08:46,31.674,7.793,60.332,0.251,0,1472596,1040036,171764,5249740,13154.456,11029.753,0,526.902,0,57.316,4501,4815,2.860,1.680,0.940,2,0,69.382,0,0,11,33,0,46,0
20-05 10:08:47,39.171,7.235,52.893,0,0,1430552,1082052,171772,5249760,6752.318,5296.268,0,255.482,0,22.953,3901,3701,2.860,1.680,0.940,4,0,67.862,0,0,11,32,0,47,0
20-05 10:08:48,39.984,4.998,53.479,0.250,0,1478704,1033876,171780,5249776,7474.084,6244.564,0,219.914,0,19.992,3203,2508,2.860,1.680,0.940,2,0,0,0,0,11,33,0,47,0
20-05 10:08:49,36.112,6.269,56.926,0,0,1502600,1009964,171780,5249792,11655.998,10019.946,0,144.446,0,10.031,3790,3626,2.860,1.680,0.940,2,0,34.105,0,0,11,33,0,48,0
20-05 10:08:50,40.314,4.479,53.503,0.249,0,1471460,1041040,171788,5249848,7296.379,5601.191,0,211.028,0,13.936,3753,3897,2.860,1.680,0.940,2,0,1.991,0,0,11,32,0,49,0
20-05 10:08:51,37.307,9.014,53.581,0,0,1458428,1054056,171792,5249860,7763.805,6256.513,0,164.250,0,12.018,3597,2441,2.710,1.670,0.940,3,0,102.155,0,0,11,33,0,46,0
20-05 10:08:52,34.275,8.006,56.292,0.250,0,1459488,1052980,171792,5249876,9510.030,8063.961,0,276.204,0,23.017,3498,2969,2.710,1.670,0.940,3,0,60.044,0,0,11,33,0,47,0
20-05 10:08:53,39.403,4.240,55.363,0,0,1487816,1024572,171796,5249952,7660.101,6199.704,0,119.705,0,7.980,3597,3289,2.710,1.670,0.940,2,0,0.998,0,0,11,33,0,47,0
20-05 10:08:54,39.192,5.527,54.769,0,0,1491652,1020688,171800,5249996,9359.907,7925.874,0,209.025,0,20.099,3359,2881,2.710,1.670,0.940,3,0,5.025,0,0,11,33,0,48,0
20-05 10:08:55,36.417,5.488,56.372,0.249,0,1453364,1058824,171800,5250148,12178.281,9334.753,0,155.646,0,7.982,3990,3661,2.710,1.670,0.940,2,0,31.927,0,0,11,33,0,46,0
20-05 10:08:56,39.210,5.994,54.444,0,0,1478640,1033388,171812,5250296,10193.570,8752.045,0,123.873,0,7.992,3846,3543,2.740,1.690,0.950,1,0,10.989,0,0,11,33,0,46,0
20-05 10:08:57,36.751,5.250,56.751,0.500,0,1480508,1031496,171824,5250308,9658.234,7624.185,0,232.006,0,26.001,3260,2701,2.740,1.690,0.950,3,0,5.000,0,0,11,33,0,47,0
20-05 10:08:58,38.750,4.250,56.000,0,0,1480480,1031496,171828,5250332,8890.000,8165.000,0,216.000,0,20.000,4497,4571,2.740,1.690,0.950,2,0,0,0,0,11,33,0,47,0
20-05 10:08:59,28.087,14.796,56.174,0,0,1441572,1070328,171836,5250400,10612.848,8542.440,0,2483.687,0,129.401,5151,4692,2.740,1.690,0.950,1,0,277.860,0,0,11,33,0,44,0
20-05 10:09:00,18.430,2.740,77.456,0.249,0,1415024,1096856,171836,5250420,6735.420,5355.660,0,286.910,0,19.924,2978,3319,2.740,1.690,0.950,1,0,4.981,0,0,11,32,0,45,0
20-05 10:09:01,22.772,3.754,73.071,0.250,0,1424036,1087844,171836,5250420,2600.511,1459.409,0,104.101,0,6.006,1760,1210,2.680,1.700,0.950,1,0,0,0,0,11,32,0,45,0
20-05 10:09:02,19.225,1.748,78.149,0,0,1430104,1081764,171844,5250424,8059.545,6652.371,0,147.808,0,8.988,1923,1572,2.680,1.700,0.950,2,0,0,0,0,11,33,0,45,0
20-05 10:09:03,17.012,1.251,78.807,0.250,0,1430060,1081764,171864,5250448,10324.461,7140.160,0,700.506,0,52.038,3482,4376,2.680,1.700,0.950,2,0,1.001,0,0,11,32,0,44,0
20-05 10:09:04,12.757,16.258,70.036,0,0,1378496,1133320,171864,5250456,2659.360,1512.773,0,28.014,0,7.004,4339,3153,2.680,1.700,0.950,1,0,284.145,0,0,11,32,0,44,0
20-05 10:09:05,23.494,2.749,73.482,0,0,1405460,1106356,171864,5250456,4353.922,1457.639,0,0,0,0,1739,1096,2.680,1.700,0.950,1,0,0,0,0,11,32,0,44,0
20-05 10:09:06,17.552,2.257,78.984,0.251,0,1413952,1097856,171864,5250464,10119.028,7153.227,0,349.036,0,23.068,1948,1753,2.540,1.680,0.950,1,0,0,0,0,11,33,0,44,0
20-05 10:09:07,17.490,4.248,76.208,0,0,1373952,1137696,171868,5250620,8172.484,6517.398,0,199.890,0,15.991,3726,4212,2.540,1.680,0.950,2,0,35.980,0,0,11,32,0,44,0
20-05 10:09:08,21.460,3.743,73.862,0,0,1413956,1097692,171868,5250620,2473.379,1455.281,0,167.687,0,8.983,1711,1257,2.540,1.680,0.950,1,0,9.981,0,0,11,32,0,44,0
20-05 10:09:09,18.491,2.249,78.460,0.250,0,1431096,1080544,171872,5250624,7582.118,6563.639,0,63.967,0,6.996,1894,1654,2.540,1.680,0.950,1,0,0,0,0,11,33,0,44,0
20-05 10:09:10,18.261,2.502,77.548,0,0.250,1415988,1095624,171876,5250648,8802.445,7812.833,0,292.181,0,18.011,3642,4411,2.540,1.680,0.950,0,0,0,0,0,11,33,0,44,0
20-05 10:09:11,15.502,10.001,72.508,0,0,1371572,1139956,171876,5250732,6144.654,4246.452,0,160.017,0,22.002,4315,3958,2.420,1.670,0.950,4,0,168.018,0,0,11,32,0,39,0
20-05 10:09:12,14.544,22.819,61.436,0.251,0,1370044,1141384,171888,5250820,2605.871,1462.417,0,405.224,0,47.142,5891,4437,2.420,1.670,0.950,4,0,444.342,0,0,11,32,0,41,0
20-05 10:09:13,44.218,6.245,48.215,0.250,0,1456324,1054944,171904,5250964,2730.006,1510.897,35.974,143.895,0.999,9.993,3158,1971,2.420,1.670,0.950,2,0,15.988,0,0,11,32,0,41,0
20-05 10:09:14,44.624,3.989,48.613,1.745,0,1514456,995360,171968,5252320,2830.021,1453.901,370.954,1152.750,12.963,145.590,2877,1335,2.420,1.670,0.950,2,1,1.994,0,0,11,32,0,41,0
20-05 10:09:15,38.102,6.517,44.870,9.024,0,1542508,961812,172416,5256920,3043.126,1461.904,64.171,18060.229,4.011,1716.584,9634,17035,2.420,1.670,0.950,3,1,87.233,0,0,11,36,0,39,0
20-05 10:09:16,40.024,9.756,38.023,10.256,0,1495452,1005456,173116,5259536,2839.698,1458.872,0,47396.335,0,3928.348,14292,28143,2.550,1.710,0.970,2,1,76.045,0,0,11,36,0,39,0
20-05 10:09:17,42.852,5.979,43.350,5.232,0,1424520,1076136,173524,5259352,7187.135,1452.973,0,25699.089,0,2057.880,8985,15461,2.550,1.710,0.970,2,0,16.941,0,0,11,32,0,39,0
20-05 10:09:18,45.771,6.253,47.021,0.500,0,1510196,990400,173564,5259372,4093.861,1458.663,0,6855.117,0,365.166,3419,2887,2.550,1.710,0.970,2,0,2.001,0,0,11,32,0,39,0
20-05 10:09:19,42.837,6.263,45.843,3.006,0,1513712,986620,173708,5259492,2483.035,1460.962,0,5418.988,0,880.786,7426,10780,2.550,1.710,0.970,2,0,2.004,0,0,11,34,0,37,0
20-05 10:09:20,42.144,6.234,42.643,7.232,0,1512964,986620,174080,5259864,2488.762,1454.355,0,17492.155,0,2249.362,12771,21894,2.550,1.710,0.970,3,0,0,0,0,11,32,0,37,0
20-05 10:09:21,26.737,7.496,64.469,0.250,0,1456652,1042896,174100,5259880,2476.824,1457.308,0,1947.075,0,114.945,3103,2451,2.420,1.700,0.970,1,0,99.953,0,0,11,32,0,37,0
20-05 10:09:22,22.517,4.003,72.554,0.250,0,1400164,1099372,174112,5259880,4040.987,1459.078,0,808.598,0,50.037,2007,1628,2.420,1.700,0.970,2,0,1.001,0,0,11,32,0,37,0
20-05 10:09:23,22.993,3.749,71.979,0.500,0,1448136,1051344,174168,5259880,2717.219,1457.581,0,7317.896,0,375.892,2480,2683,2.420,1.700,0.970,2,0,2.999,0,0,11,32,0,37,0
20-05 10:09:24,23.527,2.253,73.085,0.250,0,1436284,1063160,174176,5259904,2781.240,1459.701,0,488.569,0,29.034,1819,1234,2.420,1.700,0.970,1,0,1.001,0,0,11,32,0,37,0
20-05 10:09:25,22.222,3.995,73.408,0,0,1478356,1021088,174176,5259904,2911.344,1456.171,0,0,0,0,1796,1262,2.420,1.700,0.970,1,0,0,0,0,11,32,0,37,0
20-05 10:09:26,22.740,2.749,73.466,0,0,1501236,998208,174176,5259904,2970.636,1511.306,0,0,0,0,1784,1171,2.310,1.690,0.970,3,0,1.999,0,0,11,32,0,37,0
20-05 10:09:27,23.208,2.995,73.118,0,0,1488552,1010876,174176,5259916,2713.102,1455.373,0,7.986,0,1.996,1787,1149,2.310,1.690,0.970,2,0,0.998,0,0,11,32,0,33,0
20-05 10:09:28,21.972,3.995,73.157,0,0,1476188,1023240,174176,5259916,2534.773,1456.146,0,0,0,0,1799,1307,2.310,1.690,0.970,1,0,0,0,0,11,32,0,33,0
20-05 10:09:29,23.079,3.261,72.749,0,0,1498076,1001316,174204,5259924,2245.698,1463.015,0,252.867,0,33.114,2006,1611,2.310,1.690,0.970,1,0,2.007,0,0,11,32,0,33,0
20-05 10:09:30,23.752,2.750,72.256,0.500,0,1483692,1015612,174288,5259928,2375.207,1458.127,0,7208.628,0,391.034,2306,2283,2.310,1.690,0.970,1,0,1.000,0,0,11,32,0,33,0
20-05 10:09:31,22.503,4.001,72.510,0,0,1462732,1036468,174296,5260004,2538.350,1458.201,0,364.050,0,18.002,1848,1369,2.200,1.680,0.970,1,0,0,0,0,11,32,0,33,0
20-05 10:09:32,22.824,3.010,73.741,0,0,1485916,1013284,174296,5260004,2486.112,1462.773,0,0,0,0,1767,1099,2.200,1.680,0.970,1,0,2.007,0,0,11,32,0,29,0
20-05 10:09:33,23.678,2.243,73.028,0,0,1495796,1003404,174296,5260004,4145.422,1453.590,0,111.661,0,2.991,1763,1102,2.200,1.680,0.970,1,0,0.997,0,0,11,32,0,29,0
20-05 10:09:34,22.230,3.747,72.933,0,0,1441876,1057224,174296,5260104,2655.578,1456.672,0,0,0,0,1834,1293,2.200,1.680,0.970,1,0,0.999,0,0,11,32,0,29,0
20-05 10:09:35,22.770,3.503,73.566,0,0,1429212,1069876,174296,5260116,2857.555,1501.343,0,0,0,0,1798,1172,2.200,1.680,0.970,3,0,1.001,0,0,11,32,0,29,0
20-05 10:09:36,22.502,3.250,72.758,0.250,0,1463384,1035704,174296,5260116,2718.289,1458.155,0,272.029,0,29.003,1769,1203,2.110,1.660,0.970,1,0,0,0,0,11,32,0,25,0
20-05 10:09:37,27.553,5.511,66.628,0,0,1497656,1001432,174296,5262708,2663.133,1460.816,0,0,0,0,2440,6079,2.110,1.660,0.970,3,0,36.070,0,0,11,32,0,25,0
20-05 10:09:38,26.440,3.243,69.841,0,0,1429324,1069744,174296,5260136,2472.379,1454.693,0,0,0,0,2292,6959,2.110,1.660,0.970,1,0,2.993,0,0,11,32,0,26,0
20-05 10:09:39,22.242,3.249,72.474,0.250,0,1462704,1036308,174300,5260152,2537.099,1457.482,0,167.940,0,12.995,1922,1591,2.110,1.660,0.970,1,0,0,0,0,11,32,0,26,0
20-05 10:09:40,23.011,3.252,72.784,0,0,1444936,1054036,174312,5260176,4351.039,1458.684,0,416.195,0,26.012,1876,1325,2.110,1.660,0.970,3,0,1.000,0,0,11,32,0,20,0
20-05 10:09:41,23.505,2.500,73.265,0,0,1463080,1035892,174312,5260176,2658.527,1458.289,0,128.025,0,28.006,1727,1206,2.020,1.650,0.970,1,0,0,0,0,11,32,0,20,0
20-05 10:09:42,22.744,2.749,73.480,0,0,1480936,1018020,174312,5260188,2537.299,1457.597,0,0,0,0,1764,1202,2.020,1.650,0.970,2,0,1.999,0,0,11,32,0,20,0
20-05 10:09:43,13.031,15.035,70.416,0.251,0,1440968,1057844,174312,5260328,2543.992,1461.442,0,2040.807,0,195.460,4381,3119,2.020,1.650,0.970,1,0,243.574,0,0,11,32,0,20,0
20-05 10:09:44,9.001,21.252,68.505,0,0,1420784,1077988,174312,5260352,2732.199,1512.110,0,792.058,0,9.001,5692,4283,2.020,1.650,0.970,1,0,406.030,0,0,11,32,0,16,0
20-05 10:09:45,9.011,20.275,69.086,0,0,1414696,1084036,174312,5260392,2678.341,1459.821,0,412.515,0,9.011,5666,4265,2.020,1.650,0.970,1,0,390.487,0,0,11,32,0,16,0
20-05 10:09:46,11.957,15.942,70.743,0,0,1419848,1078852,174312,5260416,2588.603,1452.727,0,0,0,0,4877,3784,2.100,1.680,0.980,1,0,329.803,0,0,11,32,0,16,0
20-05 10:09:47,22.012,3.502,74.042,0,0,1420320,1078392,174312,5260404,2599.474,1458.827,0,468.265,0,82.047,1689,1359,2.100,1.680,0.980,1,0,0,0,0,11,32,0,16,0
20-05 10:09:48,22.249,3.500,73.246,0,0,1475756,1022952,174312,5260404,3080.846,1457.927,0,1991.901,0,9.000,1836,1237,2.100,1.680,0.980,1,0,2.000,0,0,11,32,0,13,0
20-05 10:09:49,23.488,2.499,73.214,0,0,1437520,1061192,174320,5260404,2550.740,1511.254,0,267.868,0,10.995,1974,1513,2.100,1.680,0.980,2,0,1.000,0,0,11,32,0,13,0
20-05 10:09:50,23.010,3.251,72.780,0,0,1441424,1057288,174320,5260404,2676.118,1458.609,0,388.162,0,29.012,1943,1532,2.100,1.680,0.980,1,0,0,0,0,11,32,0,13,0
20-05 10:09:51,22.677,3.240,73.015,0,0,1466100,1032592,174320,5260424,2769.079,1495.183,0,27.910,0,2.990,1819,1204,2.010,1.660,0.990,1,0,1.994,0,0,11,32,0,13,0
20-05 10:09:52,22.808,2.757,73.187,0,0,1433984,1064708,174320,5260424,2664.796,1461.728,0,0,0,0,1789,1237,2.010,1.660,0.990,2,0,1.003,0,0,11,32,0,10,0
20-05 10:09:53,23.765,2.502,73.047,0,0,1435424,1063280,174320,5260412,2479.590,1458.935,0,40.026,0,1.001,1823,1273,2.010,1.660,0.990,2,0,1.001,0,0,11,32,0,10,0
20-05 10:09:54,22.997,3.250,73.240,0,0,1459276,1039396,174320,5260444,4217.415,1457.798,0,11.998,0,1.000,1825,1195,2.010,1.660,0.990,1,0,2.000,0,0,11,32,0,10,0
20-05 10:09:55,22.444,3.491,72.819,0.249,0,1417784,1080892,174324,5260436,4164.644,1454.384,0,75.811,0,1.995,1831,1288,2.010,1.660,0.990,2,0,0.998,0,0,11,32,0,10,0
20-05 10:09:56,23.304,2.756,73.421,0,0,1461756,1036920,174324,5260436,2738.368,1515.524,0,0,0,0,1810,1250,1.930,1.650,0.990,1,0,2.005,0,0,11,32,0,8,0
20-05 10:09:57,23.977,2.248,72.931,0,0,1456016,1042660,174324,5260436,2535.604,1456.624,0,175.834,0,33.968,1748,1124,1.930,1.650,0.990,1,0,0.999,0,0,11,32,0,8,0
20-05 10:09:58,23.029,3.254,73.342,0,0,1444228,1054436,174324,5260444,2491.109,1459.822,0,0,0,0,1829,1338,1.930,1.650,0.990,2,0,0,0,0,11,32,0,8,0
20-05 10:09:59,23.247,3.000,72.989,0,0,1474672,1023972,174336,5260452,2417.637,1457.781,0,167.975,0,12.998,1920,1409,1.930,1.650,0.990,1,0,2.000,0,0,11,32,0,8,0
20-05 10:10:00,23.492,1.999,72.726,0,0,1446016,1052616,174348,5260452,4047.657,1457.516,0,315.895,0,22.992,1907,1409,1.930,1.650,0.990,3,0,1.000,0,0,11,32,0,5,0
20-05 10:10:01,22.507,3.751,73.273,0,0,1442684,1055964,174348,5260436,2538.801,1458.460,0,0,0,0,1777,1267,1.850,1.640,0.990,1,0,0,0,0,11,32,0,5,0
20-05 10:10:02,21.995,3.499,73.483,0,0,1479452,1019196,174348,5260436,2661.395,1551.648,0,0,0,0,1763,1115,1.850,1.640,0.990,1,0,2.000,0,0,11,32,0,5,0
20-05 10:10:03,23.518,2.752,72.805,0,0,1447516,1051192,174348,5260376,2479.870,1459.100,0,360.272,0,34.026,1845,1244,1.850,1.640,0.990,1,0,2.002,0,0,11,32,0,5,0
20-05 10:10:04,23.237,3.248,72.210,0.250,0.250,1494884,1003816,174348,5260380,2596.572,1457.199,0,75.958,0,2.998,1888,1285,1.850,1.640,0.990,1,0,2.998,0,0,11,32,0,4,0
20-05 10:10:05,22.261,3.502,73.786,0,0,1532160,966540,174348,5260380,2916.420,1458.710,0,0,0,0,1740,1073,1.850,1.640,0.990,1,0,2.001,0,0,11,32,0,4,0
20-05 10:10:06,23.992,2.249,73.226,0,0,1475636,1022988,174348,5260456,2717.118,1457.527,0,87.971,0,1.000,1673,1079,1.860,1.650,0.990,2,0,1.000,0,0,11,32,0,4,0
20-05 10:10:07,22.499,3.000,73.248,0,0,1473580,1025032,174348,5260468,2537.929,1457.959,0,12.000,0,1.000,1714,1164,1.860,1.650,0.990,4,0,1.000,0,0,11,32,0,4,0
20-05 10:10:08,22.503,3.501,73.511,0.250,0,1466644,1031988,174348,5260448,2418.368,1458.222,0,308.047,0,62.009,1829,1325,1.860,1.650,0.990,1,0,0,0,0,11,32,0,3,0
20-05 10:10:09,22.743,2.749,73.476,0,0,1503488,995132,174352,5260456,2417.219,1457.529,0,147.952,0,12.996,1863,1415,1.860,1.650,0.990,2,0,1.999,0,0,11,32,0,3,0
20-05 10:10:10,23.759,2.751,73.277,0.250,0,1486924,1011696,174352,5260456,2615.951,1458.530,0,396.144,0,26.009,1799,1246,1.860,1.650,0.990,1,0,1.000,0,0,11,32,0,3,0
20-05 10:10:11,22.243,3.249,73.477,0,0,1473068,1025556,174352,5260452,2477.241,1457.554,0,0,0,0,1762,1263,1.800,1.640,0.990,1,0,0,0,0,11,32,0,3,0
20-05 10:10:12,23.755,2.501,73.515,0,0,1442252,1056360,174352,5260464,2538.509,1458.293,0,24.005,0,1.000,1738,1116,1.800,1.640,0.990,1,0,1.000,0,0,11,32,0,1,0
20-05 10:10:13,22.246,3.499,72.736,0,0.250,1490636,1007976,174352,5260464,2477.522,1457.719,0,0,0,0,1791,1219,1.800,1.640,0.990,1,0,1.000,0,0,11,32,0,1,0
20-05 10:10:14,22.755,3.001,73.517,0,0,1507120,991492,174352,5260464,2612.615,1512.356,0,164.039,0,29.007,1774,1137,1.800,1.640,0.990,1,0,2.000,0,0,11,32,0,1,0
20-05 10:10:15,16.299,12.287,70.714,0,0,1458400,1040176,174352,5260500,2683.136,1462.435,0,188.572,0,9.027,3704,2559,1.800,1.640,0.990,1,0,205.624,0,0,11,32,0,1,0
20-05 10:10:16,12.963,16.702,68.554,0,0,1450644,1047884,174352,5260532,3960.682,1453.845,0,119.658,0,4.986,4486,3237,1.730,1.630,0.990,1,0,260.256,0,0,11,32,0,1,0
20-05 10:10:17,22.745,3.249,72.985,0,0,1469804,1028712,174352,5260544,2899.408,1457.702,0,0,0,0,1774,1160,1.730,1.630,0.990,2,0,0,0,0,11,32,0,1,0
20-05 10:10:18,23.997,2.000,73.242,0,0,1489432,1009084,174352,5260544,2657.715,1457.844,0,7.999,0,1.000,1660,940,1.730,1.630,0.990,2,0,0,0,0,11,32,0,1,0
20-05 10:10:19,22.753,3.000,73.261,0,0,1462840,1035436,174352,5260784,2718.394,1458.211,0,240.035,0,41.006,1875,1166,1.730,1.630,0.990,2,0,9.001,0,0,11,32,0,1,0
20-05 10:10:20,22.501,3.500,73.254,0,0,1457580,1040692,174352,5260788,2675.128,1458.070,0,0,0,0,1759,1206,1.730,1.630,0.990,3,0,0,0,0,11,32,0,1,0
20-05 10:10:21,23.996,2.250,73.487,0,0,1473204,1025068,174352,5260788,2809.504,1457.743,0,163.971,0,3.999,1620,908,1.670,1.620,0.990,2,0,0,0,0,11,32,0,1,0
20-05 10:10:22,10.258,19.266,67.305,1.501,0,1416484,1081636,174352,5260932,2872.332,1459.185,40.033,84.068,2.002,3.002,5122,3871,1.670,1.620,0.990,2,0,362.294,0,0,11,32,0,1,0
20-05 10:10:23,8.505,21.261,68.787,0,0.250,1421408,1076684,174352,5260960,2571.370,1458.777,0,140.075,0,5.003,5857,4516,1.670,1.620,0.990,2,0,431.230,0,0,11,32,0,1,0
20-05 10:10:24,8.768,22.547,67.139,0,0,1399632,1098432,174352,5260984,4180.685,1515.147,0,180.375,0,3.006,5885,4511,1.670,1.620,0.990,1,0,442.920,0,0,11,32,0,1,0
20-05 10:10:25,9.237,21.219,68.651,0,0,1385684,1112352,174352,5261008,4037.156,1455.893,0,858.757,0,41.939,5704,4227,1.670,1.620,0.990,1,0,409.407,0,0,11,32,0,1,0
20-05 10:10:26,8.504,22.261,68.035,0,0,1387920,1110084,174360,5261028,2539.291,1458.742,0,980.499,0,12.006,5657,4134,1.620,1.610,0.990,1,0,402.204,0,0,11,32,0,1,0
20-05 10:10:27,8.745,21.487,68.209,0,0,1373748,1124236,174360,5261048,2416.552,1457.127,0,883.471,0,10.993,5601,3993,1.620,1.610,0.990,1,0,376.774,0,0,11,32,0,1,0
20-05 10:10:28,9.000,20.750,69.249,0,0,1365636,1132328,174360,5261068,2417.960,1457.976,0,495.992,0,7.000,5531,3972,1.620,1.610,0.990,1,0,357.994,0,0,11,32,0,1,0
20-05 10:10:29,7.757,21.019,69.564,0,0,1366764,1131172,174360,5261096,2554.367,1513.402,0,168.156,0,6.006,5512,4001,1.620,1.610,0.990,2,0,358.332,0,0,11,32,0,1,0
20-05 10:10:30,8.734,20.212,68.622,0,0,1346768,1151144,174360,5261120,2670.016,1455.284,0,554.964,0,64.879,5522,3927,1.620,1.610,0.990,2,0,351.344,0,0,11,32,0,1,0
20-05 10:10:31,8.270,22.303,67.662,0,0,1355308,1142584,174364,5261140,2724.521,1461.498,0,132.317,0,13.031,5662,4187,1.570,1.600,0.990,2,0,405.972,0,0,11,32,0,1,0
20-05 10:10:32,10.489,19.979,68.927,0,0,1310936,1186916,174380,5261164,2595.239,1456.450,0,15.983,0,3.996,5390,4177,1.570,1.600,0.990,1,0,351.626,0,0,11,32,0,1,0
20-05 10:10:33,22.006,27.507,49.013,0.250,0,1344124,1153680,174384,5261204,2718.711,1458.381,0,464.121,0,24.006,6328,5266,1.570,1.600,0.990,3,0,524.137,0,0,11,32,0,3,0
20-05 10:10:34,60.474,19.242,19.742,0,0,1468852,1028928,174412,5261200,2656.874,1499.365,0,919.610,0,45.981,5045,3845,1.570,1.600,0.990,3,0,294.875,0,0,11,32,0,7,0
20-05 10:10:35,65.282,9.755,24.262,0.250,0,1589748,906872,174452,5262112,2616.269,1458.708,16.008,0,1.000,0,3735,1674,1.570,1.600,0.990,3,0,2.001,0,0,11,32,0,7,0
20-05 10:10:36,56.242,8.749,26.246,7.499,0,1649272,838412,175032,5269736,2491.636,1511.779,427.938,22084.776,8.999,1832.732,9798,16676,1.840,1.650,1.020,3,1,67.990,0,0,11,38,0,7,0
20-05 10:10:37,44.213,12.739,29.725,10.741,0,1593180,885864,175528,5277388,2342.033,1402.822,0,73702.110,0,5348.509,18067,37630,1.840,1.650,1.020,7,0,144.878,0,0,11,36,0,8,0
20-05 10:10:38,53.561,13.015,23.026,8.760,0,1663076,807056,175916,5285568,4056.654,1513.737,0,63312.631,0,4799.506,17716,44047,1.840,1.650,1.020,5,1,96.110,0,0,11,36,0,9,0
20-05 10:10:39,45.209,7.993,33.220,10.990,0,1667416,793712,176336,5293872,8281.431,7125.488,0,55844.961,0,4635.763,17134,33128,1.840,1.650,1.020,9,0,41.962,0,0,11,37,0,9,0
20-05 10:10:40,45.055,14.017,30.287,7.509,0,1606732,848092,176776,5299484,6468.839,5076.151,0,47781.900,0,3648.421,14888,28119,1.840,1.650,1.020,3,1,159.193,0,0,11,34,0,10,0
20-05 10:10:41,42.495,20.997,24.747,9.249,0,1626672,821512,176948,5306136,2667.661,1457.815,371.953,56228.854,5.999,3756.523,15750,30305,2.340,1.760,1.050,4,0,243.969,0,0,11,34,0,9,0
20-05 10:10:42,47.000,17.500,25.500,8.750,0,1634568,810452,177048,5308608,4857.951,3814.962,527.995,37214.626,7.000,2936.970,13897,26454,2.340,1.760,1.050,5,1,137.999,0,0,11,35,0,9,0
20-05 10:10:43,43.745,16.248,28.497,9.249,0,1627148,814796,177248,5311412,9079.992,7442.174,1271.859,43373.187,27.997,3371.626,15175,28106,2.340,1.760,1.050,1,1,192.979,0,0,11,35,0,9,0
20-05 10:10:44,32.003,7.751,49.254,9.751,0,1622896,817140,177448,5313044,12445.019,10508.861,0,46451.804,0,3778.309,16921,32239,2.340,1.760,1.050,3,1,33.003,0,0,11,35,0,9,0
20-05 10:10:45,38.459,8.741,40.457,9.989,0,1594176,845496,177724,5313128,4999.668,3658.099,0,44548.494,0,3694.061,14886,28456,2.340,1.760,1.050,2,1,53.942,0,0,11,34,0,9,0
20-05 10:10:46,39.739,7.498,40.239,9.997,0,1626436,812696,177852,5313496,2537.289,1457.591,0,41300.423,0,3864.917,14237,29009,2.790,1.860,1.090,2,0,32.991,0,0,11,34,0,9,0
20-05 10:10:47,36.297,7.510,46.560,8.761,0,1632520,804912,177928,5315104,7896.231,6999.069,0,43103.851,0,3800.925,13470,26515,2.790,1.860,1.090,2,0,30.039,0,0,11,37,0,9,0
20-05 10:10:48,37.254,5.751,46.255,7.751,0,1620384,815480,177984,5316580,11133.128,9356.948,0,28026.841,0,2695.273,13332,25424,2.790,1.860,1.090,1,1,30.003,0,0,11,37,0,9,0
20-05 10:10:49,34.728,6.996,46.470,9.244,0,1607336,826172,178040,5318816,10304.395,8364.639,0,40865.807,0,3637.668,15411,29874,2.790,1.860,1.090,2,0,48.969,0,0,11,36,0,10,0
20-05 10:10:50,35.211,12.736,40.206,10.239,0,1562864,867392,178172,5321852,4410.130,1456.392,0,49928.861,0,4183.380,15587,30383,2.790,1.860,1.090,4,1,118.869,0,0,11,36,0,10,0
20-05 10:10:51,36.740,7.998,41.989,10.497,0,1592648,835032,178212,5324284,4629.762,3429.083,0,48642.993,0,4245.865,16021,30837,2.730,1.860,1.100,2,0,68.982,0,0,11,37,0,10,0
20-05 10:10:52,35.777,6.755,45.284,9.507,0,1591596,833428,178244,5326836,9149.968,7691.858,0,47700.326,0,3952.010,16977,31861,2.730,1.860,1.100,2,0,69.053,0,0,11,37,0,10,0
20-05 10:10:53,33.518,6.503,47.275,8.755,0,1590092,833456,178268,5328252,10966.844,9298.956,0,41594.166,0,3357.789,15041,28045,2.730,1.860,1.100,2,0,31.017,0,0,11,37,0,10,0
20-05 10:10:54,35.532,9.008,43.790,9.759,0,1560204,868528,178316,5323016,6904.279,4904.461,0,39315.757,0,3643.314,15811,30755,2.730,1.860,1.100,1,1,36.033,0,0,11,36,0,10,0
20-05 10:10:55,40.121,7.476,40.869,9.220,0,1600772,827256,178360,5323672,2666.446,1453.338,0,47934.222,0,3681.190,13724,26996,2.730,1.860,1.100,5,0,38.875,0,0,11,34,0,12,0
20-05 10:10:56,34.000,12.000,51.750,0.750,0.250,1523412,904572,178364,5323712,7885.973,6500.977,0,10907.962,0,603.998,5369,5830,2.590,1.850,1.100,2,0,211.999,0,0,11,33,0,12,0
20-05 10:10:57,18.015,1.751,78.067,0.250,0,1511328,916620,178364,5323748,10951.343,9941.481,0,2718.319,0,241.206,4397,5565,2.590,1.850,1.100,0,0,0,0,0,11,33,0,12,0
20-05 10:10:58,19.228,2.247,76.663,0.250,0,1511052,916620,178364,5324024,10313.324,8406.483,0,1038.824,0,60.931,3960,4866,2.590,1.850,1.100,2,0,0,0,0,11,32,0,13,0
20-05 10:10:59,20.006,6.502,72.772,0.250,0.250,1444420,983248,178364,5324028,2672.791,1512.447,0,528.156,0,31.009,2453,1765,2.590,1.850,1.100,1,0,55.016,0,0,11,32,0,13,0
20-05 10:11:00,19.026,2.503,77.356,0.250,0,1467684,959980,178364,5324032,5388.387,6497.908,0,480.659,0,33.045,2110,1967,2.590,1.850,1.100,0,0,0,0,0,11,33,0,13,0
20-05 10:11:01,20.467,2.496,75.379,0.499,0,1466524,961036,178364,5324136,9792.241,5389.327,0,2863.392,0,164.735,3290,3685,2.460,1.840,1.090,1,0,0,0,0,11,32,0,14,0
20-05 10:11:02,21.008,5.252,72.777,0,0,1434784,992776,178364,5324136,2723.017,1552.580,0,0,0,0,2153,1452,2.460,1.840,1.090,1,0,34.013,0,0,11,32,0,14,0
20-05 10:11:03,18.538,2.756,77.658,0,0,1457196,970360,178364,5324140,5088.380,3931.019,0,56.114,0,5.010,1933,1566,2.460,1.840,1.090,1,0,1.002,0,0,11,33,0,14,0
20-05 10:11:04,19.455,2.993,76.076,0.499,0,1418680,1008860,178364,5324156,8756.942,5811.688,0,502.848,0,43.899,2708,2816,2.460,1.840,1.090,1,0,15.963,0,0,11,32,0,15,0
20-05 10:11:05,19.499,6.250,73.246,0,0,1454196,973336,178364,5324164,2614.855,1457.919,0,275.985,0,7.000,2199,1534,2.460,1.840,1.090,1,0,43.998,0,0,11,32,0,15,0
20-05 10:11:06,18.496,2.249,78.232,0,0,1484292,943108,178364,5324296,8121.094,6656.438,0,3.999,0,1.000,1922,1644,2.260,1.800,1.090,1,0,0,0,0,11,33,0,15,0
20-05 10:11:07,19.250,2.000,76.749,0,0,1465420,961956,178364,5324320,8349.936,6873.947,0,207.998,0,10.000,3278,3696,2.260,1.800,1.090,1,0,0,0,0,11,32,0,16,0
20-05 10:11:08,21.269,5.505,73.316,0,0,1461604,965772,178364,5324320,2786.495,1525.366,0,0,0,0,2236,1487,2.260,1.800,1.090,1,0,43.039,0,0,11,32,0,16,0
20-05 10:11:09,19.990,1.999,76.961,0,0,1492132,935244,178364,5324320,4148.892,3428.259,0,51.974,0,5.997,1576,1061,2.260,1.800,1.090,0,0,0,0,0,11,33,0,16,0
20-05 10:11:10,19.064,3.010,77.007,0,0,1473944,953284,178364,5324468,10033.470,8453.199,0,4073.589,0,24.080,3215,3542,2.260,1.800,1.090,0,0,0,0,0,11,33,0,16,0
20-05 10:11:11,13.464,9.724,75.051,0.249,0,1448644,978536,178364,5324516,5136.373,3347.120,0,426.868,0,19.947,3776,3209,2.080,1.770,1.080,3,0,161.571,0,0,11,32,0,17,0
20-05 10:11:12,10.275,22.806,65.661,0,0,1428064,998984,178364,5324648,2604.403,1461.593,0,1186.918,0,162.399,6054,4459,2.080,1.770,1.080,2,0,473.163,0,0,11,34,0,17,0
20-05 10:11:13,57.417,14.978,26.462,0,0,1458644,968204,178380,5324832,2534.351,1455.904,0,950.631,0,63.908,5112,3712,2.080,1.770,1.080,4,0,163.764,0,0,11,32,0,23,0
20-05 10:11:14,67.090,9.012,24.032,0,0,1594088,831900,178396,5325676,2601.498,1459.963,0,360.485,0,24.032,4026,1985,2.080,1.770,1.080,3,0,3.004,0,0,11,32,0,23,0
20-05 10:11:15,68.275,6.752,24.509,0,0,1694996,728488,178408,5327832,2615.943,1458.526,0,2352.848,0,68.025,3867,1572,2.080,1.770,1.080,3,0,0,0,0,11,32,0,23,0
20-05 10:11:16,69.688,6.994,23.229,0.250,0,1791244,629332,178436,5330400,2655.634,1456.702,0,4939.598,0,153.863,4238,1991,2.240,1.810,1.100,3,0,11.989,0,0,11,32,0,23,0
20-05 10:11:17,39.608,8.470,37.117,9.964,0,1796628,613512,178504,5340384,4143.136,1452.788,0,64524.514,0,4755.938,18796,35561,2.240,1.810,1.100,2,1,182.346,0,0,11,38,0,23,0
20-05 10:11:18,33.889,10.543,42.423,10.543,0,1793924,606204,178588,5349988,4054.577,1463.986,0,93373.763,0,6626.091,22788,45865,2.240,1.810,1.100,8,0,207.850,0,0,11,38,0,23,0
20-05 10:11:19,32.401,9.471,40.875,12.213,0,1790728,601416,178664,5357660,2709.681,1453.538,0,84684.016,0,6417.299,21844,43775,2.240,1.810,1.100,4,0,140.568,0,0,11,38,0,23,0
20-05 10:11:20,45.207,13.237,27.973,10.740,0,1721196,663092,178736,5365140,2672.433,1456.601,0,72961.908,0,5511.705,19636,38483,2.240,1.810,1.100,3,1,221.787,0,0,11,36,0,23,0
20-05 10:11:21,51.942,10.037,27.602,9.284,0,1764652,611664,178776,5372780,2487.196,1463.410,0,66782.906,0,4789.708,16641,33332,2.380,1.850,1.110,3,0,67.249,0,0,11,36,0,23,0
20-05 10:11:22,43.018,10.754,30.763,11.005,0,1802300,561528,178808,5384760,2599.074,1458.603,0,92910.403,0,5991.476,19701,39103,2.380,1.850,1.110,3,1,6.002,0,0,11,36,0,23,0
20-05 10:11:23,46.998,10.000,28.999,12.000,0,1832820,527848,178820,5387800,4037.852,1457.947,0,72509.341,0,5599.795,18848,38206,2.380,1.850,1.110,3,1,71.997,0,0,11,38,0,23,0
20-05 10:11:24,50.338,9.469,31.150,6.479,0,1767016,591412,178824,5389952,2649.454,1495.177,0,45557.050,0,3487.750,13439,25002,2.380,1.850,1.110,2,0,143.537,0,0,11,36,0,23,0
20-05 10:11:25,24.747,13.998,60.492,0,0,1458628,899768,178824,5389980,2674.638,1457.803,0,1211.836,0,72.990,4159,2968,2.380,1.850,1.110,2,0,248.966,0,0,11,32,0,23,0
20-05 10:11:26,22.495,3.999,72.733,0.250,0,1483392,875000,178824,5389984,2537.399,1457.655,0,863.796,0,51.988,1888,1567,2.270,1.830,1.110,2,0,1.000,0,0,11,32,0,23,0
20-05 10:11:27,23.049,3.507,72.152,0.501,0,1529760,828632,178824,5389984,2334.921,1352.851,0,5435.455,0,315.665,2276,2395,2.270,1.830,1.110,6,0,0,0,0,11,32,0,23,0
20-05 10:11:28,24.026,2.252,73.329,0,0,1557940,800448,178824,5389988,2406.602,1405.520,0,104.113,0,10.011,2122,1820,2.270,1.830,1.110,2,0,2.002,0,0,11,38,0,23,0
20-05 10:11:29,22.257,3.501,72.774,0.500,0,1474588,883800,178824,5389988,2478.826,1458.486,0,80.027,0,6.002,2159,1400,2.270,1.830,1.110,2,0,27.009,0,0,11,32,0,23,0
20-05 10:11:30,22.686,3.490,73.294,0,0,1514956,843420,178824,5390000,2519.910,1346.213,0,167.529,0,4.986,1821,1272,2.270,1.830,1.110,2,0,0.997,0,0,11,32,0,23,0
20-05 10:11:31,23.153,2.987,73.441,0,0,1535836,822540,178824,5390000,2871.930,1398.124,0,0,0,0,1766,1196,2.170,1.820,1.110,2,0,0,0,0,11,32,0,23,0
20-05 10:11:32,22.613,2.513,73.616,0,0,1559164,799212,178824,5390000,2731.594,1465.292,0,104.520,0,12.060,1888,1483,2.170,1.820,1.110,2,0,2.010,0,0,11,34,0,23,0
20-05 10:11:33,19.508,12.255,68.026,0.250,0,1502732,855632,178824,5390012,2691.035,1350.519,0,264.102,0,18.007,3390,2496,2.170,1.820,1.110,3,0,210.081,0,0,11,32,0,23,0
20-05 10:11:34,15.277,39.820,42.826,0,0,1480632,877676,178824,5390068,3910.897,1406.480,0,564.996,0,80.141,7277,6520,2.170,1.820,1.110,3,0,869.533,0,0,11,32,0,17,0
20-05 10:11:35,8.749,23.998,65.744,0,0,1485152,873152,178824,5390072,2614.750,1457.861,0,351.966,0,15.998,5779,4212,2.170,1.820,1.110,1,0,487.953,0,0,11,32,0,17,0
20-05 10:11:36,8.731,20.705,69.099,0,0,1472688,885496,178824,5390156,2444.672,1347.064,0,11.974,0,2.993,5620,4103,2.070,1.810,1.110,1,0,386.158,0,0,11,32,0,17,0
20-05 10:11:37,9.765,20.282,68.857,0,0,1432772,925372,178828,5390192,5726.898,1460.269,0,24.037,0,6.009,5416,3899,2.070,1.810,1.110,1,0,319.496,0,0,11,32,0,17,0
20-05 10:11:38,19.956,21.453,56.625,0,0,1424720,933372,178828,5390648,3955.285,1400.913,0,23.947,0,5.987,6187,16777,2.070,1.810,1.110,1,0,311.314,0,0,11,32,0,18,0
20-05 10:11:39,29.525,15.013,54.547,0,0,1421544,936508,178832,5390692,2332.004,1351.161,0,1209.039,0,179.154,5265,5632,2.070,1.810,1.110,3,0,153.132,0,0,11,32,0,16,0
20-05 10:11:40,46.249,6.714,45.503,0,0,1502352,855592,178836,5390792,4265.823,1450.121,0,206.876,0,2.984,3092,1531,2.070,1.810,1.110,2,0,39.784,0,0,11,33,0,16,0
20-05 10:11:41,44.930,6.024,48.695,0,0,1581496,776448,178836,5390792,2728.926,1463.861,0,4.016,0,1.004,2726,1187,2.070,1.810,1.120,3,0,0,0,0,11,33,0,16,0
20-05 10:11:42,48.249,3.750,47.749,0,0,1620512,737136,178852,5391068,2879.948,1619.971,103.998,591.989,1.000,41.999,3778,3250,2.070,1.810,1.120,4,0,18.000,0,0,11,49,0,16,0
20-05 10:11:43,46.504,4.750,48.004,0,0,1654128,701632,178912,5392560,2806.254,1566.141,0,1300.117,0,115.010,2991,1688,2.070,1.810,1.120,4,0,2.000,0,0,11,49,0,15,0
20-05 10:11:44,19.815,17.307,61.201,0,0,1671008,682228,178916,5395036,2861.384,1516.975,0,4.013,0,1.003,6189,9251,2.070,1.810,1.120,2,0,272.895,0,0,11,48,0,16,0
20-05 10:11:45,20.691,15.207,62.821,0,0,1676652,676516,178916,5395480,2874.801,1561.547,0,255.272,0,10.969,6319,7833,2.070,1.810,1.120,1,0,195.443,0,0,11,48,0,16,0
20-05 10:11:46,5.248,3.249,90.223,0.500,0,1681152,672020,178916,5395048,3091.084,1553.540,0,2275.326,0,31.991,1588,1875,1.900,1.780,1.110,1,0,28.991,0,0,11,48,0,16,0
20-05 10:11:47,0.750,0.500,97.491,0,0,1681152,672020,178916,5395048,2537.756,1457.860,0,27.997,0,4.000,734,1000,1.900,1.780,1.110,0,0,3.000,0,0,11,48,0,16,0
20-05 10:11:48,0.750,0.750,97.483,0,0,1681152,672020,178916,5395048,2537.568,1499.745,0,0,0,0,735,987,1.900,1.780,1.110,0,0,2.999,0,0,11,48,0,16,0
20-05 10:11:49,0.499,0.249,98.286,0,0,1681152,672020,178916,5395048,3053.347,1616.478,0,3.991,0,0.998,672,901,1.900,1.780,1.110,0,0,0.998,0,0,11,48,0,16,0
20-05 10:11:50,7.284,8.288,83.136,0,0,1616312,736872,178916,5395484,5870.231,1464.795,0,807.747,0,4.019,3367,3429,1.900,1.780,1.110,2,0,145.676,0,0,11,48,0,16,0
20-05 10:11:51,22.973,14.233,61.427,0,0,1660732,692420,178916,5395044,2594.918,1456.271,0,179.786,0,0.999,5231,6356,1.830,1.770,1.110,1,0,162.807,0,0,11,48,0,15,0
20-05 10:11:52,11.748,16.997,69.739,0,0,1708240,644804,178916,5395152,2805.552,1565.750,0,535.914,0,37.994,5281,5128,1.830,1.770,1.110,3,0,284.954,0,0,12,64,0,15,0
20-05 10:11:53,19.227,14.483,64.673,0.250,0,1700316,652664,178916,5395612,3024.405,1747.922,0,311.630,0,17.979,5382,6105,1.830,1.770,1.110,1,0,210.749,0,0,12,64,0,15,0
20-05 10:11:54,19.828,12.800,66.510,0,0.251,1665680,687236,178916,5395212,4234.581,1463.731,0,4955.403,0,372.458,4957,5808,1.830,1.770,1.110,1,0,138.542,0,0,12,64,0,15,0
20-05 10:11:55,5.240,8.234,84.588,0,0,1664700,688128,178916,5395340,2729.787,1455.221,0,890.300,0,22.956,2676,2670,1.830,1.770,1.110,1,0,159.695,0,0,12,64,0,15,0
20-05 10:11:56,19.781,16.776,62.348,0,0,1673300,679504,178916,5395800,2750.343,1568.477,0,532.841,0,65.103,6586,8127,1.760,1.750,1.110,1,0,220.348,0,0,14,64,0,15,0
20-05 10:11:57,14.483,12.985,71.168,0,0,1662564,690224,178916,5395400,4406.907,1510.255,0,15.982,0,3.995,4317,3702,1.760,1.750,1.110,2,0,186.784,0,0,14,66,0,16,0
20-05 10:11:58,8.502,20.005,69.769,0,0,1656604,696132,178916,5395436,2478.658,1500.398,0,8.002,0,2.001,5486,3875,1.760,1.750,1.110,2,0,325.086,0,0,14,66,0,16,0
20-05 10:11:59,13.008,21.013,64.289,0,0,1662208,690384,178916,5396008,3920.355,1458.876,0,68.041,0,9.005,6202,5905,1.760,1.750,1.110,1,0,289.174,0,0,14,66,0,13,0
20-05 10:12:00,23.196,12.221,63.601,0,0,1665992,686592,178916,5395588,2489.152,1454.583,0,283.334,0,7.981,4780,5621,1.760,1.750,1.110,3,0,114.730,0,0,14,66,0,13,0
20-05 10:12:01,31.266,23.762,44.022,0,0,1730768,621724,178924,5395636,2842.413,1458.725,0,212.105,0,7.003,6014,4544,1.780,1.760,1.110,2,0,425.211,0,0,14,66,0,13,0
20-05 10:12:02,30.053,24.293,44.829,0,0,1770136,582332,178924,5395660,3055.397,1662.937,0,460.814,0,18.032,6233,4850,1.780,1.760,1.110,2,0,453.802,0,0,14,66,0,13,0
20-05 10:12:03,31.922,23.442,42.895,0.249,0.249,1804532,546440,178992,5397000,2485.902,1598.080,7.980,666.366,0.998,23.941,6672,7096,1.780,1.760,1.110,3,0,363.109,0,0,14,66,0,12,0
20-05 10:12:04,34.834,22.053,41.851,0,0,1851640,499104,179004,5397588,4047.783,1461.532,0,200.485,0,10.024,6270,5810,1.780,1.760,1.110,2,0,289.700,0,0,14,70,0,14,0
20-05 10:12:05,46.627,16.706,36.404,0,0,1943168,407556,179004,5397608,2608.128,1454.168,0,0,0,0,4941,4973,1.780,1.760,1.110,4,0,127.664,0,0,14,70,0,14,0
20-05 10:12:06,73.672,25.059,1.002,0,0,2024188,326440,179004,5397676,2543.939,1461.412,0,1002.340,0,11.026,5174,3732,2.040,1.810,1.130,5,0,403.943,0,0,14,70,0,14,0
20-05 10:12:07,74.370,17.411,8.208,0,0,2102632,247624,179004,5398452,2405.699,1450.583,0,15.919,0,3.980,5887,7442,2.040,1.810,1.130,8,0,229.825,0,0,14,70,0,13,0
20-05 10:12:08,69.610,20.607,9.298,0,0,2186972,162500,179016,5398688,2370.256,1465.578,0,160.832,0,3.016,5163,5135,2.040,1.810,1.130,5,0,280.450,0,0,14,70,0,13,0
20-05 10:12:09,71.676,25.224,1.498,1.498,0,2244468,186488,173540,5324076,2549.352,1510.431,359.626,1622.315,20.978,77.919,5336,4399,2.040,1.810,1.130,4,0,326.661,0,0,14,70,0,13,0
20-05 10:12:10,73.548,15.260,3.002,7.005,0,2317396,169340,174068,5269248,2496.628,1458.951,1857.211,400.261,128.084,26.017,6618,7442,2.040,1.810,1.130,5,0,143.093,0,0,14,74,0,13,0
20-05 10:12:11,65.770,25.007,4.001,4.751,0,2425060,155588,173040,5178660,2598.778,1458.437,4033.208,10147.038,181.054,927.278,8978,13003,2.440,1.900,1.170,7,1,322.096,0,0,14,74,0,11,0
20-05 10:12:12,61.659,24.464,7.239,5.242,0,2485368,138276,172796,5137108,2534.247,1455.844,1857.249,25801.788,72.892,1926.147,13180,21858,2.440,1.900,1.170,4,0,278.587,0,0,14,76,0,11,0
20-05 10:12:13,73.190,17.044,8.522,0.752,0,2545596,151748,172572,5064812,2604.745,1552.019,24.062,10691.686,1.003,1279.313,10773,20422,2.440,1.900,1.170,3,0,128.332,0,0,14,76,0,11,0
20-05 10:12:14,78.472,19.182,2.242,0.498,0,2632528,137492,171820,4994792,2588.830,1452.854,1016.400,1438.903,42.848,67.760,7194,7564,2.440,1.900,1.170,9,0,226.199,0,0,14,80,0,14,0
20-05 10:12:15,66.220,23.239,6.247,2.749,0,2692228,143796,170828,4931116,2853.708,1457.340,563.745,9087.885,26.988,610.723,8012,8902,2.440,1.900,1.170,3,0,303.862,0,0,14,84,0,12,0
20-05 10:12:16,56.161,23.066,20.810,0,0,2745116,164776,170572,4859264,2725.815,1462.192,0,866.484,0,48.138,6213,5173,2.560,1.930,1.180,5,0,374.073,0,0,14,84,0,12,0
20-05 10:12:17,49.686,19.475,30.211,0,0,2796952,183896,170320,4790840,2654.602,1456.136,15.980,834.931,0.999,44.942,7361,11629,2.560,1.930,1.180,2,0,205.737,0,0,14,86,0,12,0
20-05 10:12:18,59.348,13.773,23.038,3.005,0,2898724,149296,170188,4725208,2570.243,1568.589,2792.610,4699.758,79.131,237.392,5527,5947,2.560,1.930,1.180,6,0,129.213,0,0,14,85,0,13,0
20-05 10:12:19,48.114,6.482,43.876,0.748,0.249,2967716,142592,170188,4664024,2351.358,1453.893,275.223,55.842,23.932,6.980,3621,4518,2.560,1.930,1.180,2,0,3.989,0,0,14,85,0,13,0
20-05 10:12:20,28.538,14.770,54.823,0.751,0,3011316,163788,170204,4600480,2558.425,1459.955,8.011,5335.143,2.003,268.359,5328,5227,2.560,1.930,1.180,2,0,203.272,0,0,14,88,0,13,0
20-05 10:12:21,9.240,18.230,70.923,0,0,3027364,147692,170204,4600512,2535.262,1456.427,0,3352.380,0,7.991,5285,3744,2.520,1.930,1.190,1,0,301.674,0,0,14,88,0,13,0
20-05 10:12:22,8.762,19.026,70.597,0,0,3035848,139172,170204,4600548,2421.325,1460.005,4.006,156.215,1.001,13.018,5627,4272,2.520,1.930,1.190,2,0,348.479,0,0,14,88,0,13,0
20-05 10:12:23,14.225,10.981,70.876,1.747,0,3062212,179252,170204,4535564,2473.686,1545.305,922.391,403.297,36.936,4.991,3354,2552,2.520,1.930,1.190,3,0,138.758,0,0,14,88,0,13,0
20-05 10:12:24,22.239,2.998,74.712,0.250,0,3111424,129900,170204,4535704,3071.429,2113.919,11.994,83.957,1.999,5.997,1766,1188,2.520,1.930,1.190,0,0,0.999,0,0,14,91,0,13,0
20-05 10:12:25,12.753,2.000,83.519,1.250,0,3111416,129900,170208,4535708,10781.391,7300.619,4.001,80.018,1.000,10.002,1702,1643,2.520,1.930,1.190,1,0,1.000,0,0,14,93,0,13,0
20-05 10:12:26,20.058,5.767,73.213,0.251,0,3032552,208724,170208,4535748,19748.586,18268.269,4.012,304.889,1.003,28.082,3243,2952,2.390,1.920,1.180,1,0,64.187,0,0,14,96,0,14,0
20-05 10:12:27,22.448,3.492,72.581,0,0,3079424,161852,170208,4535748,2384.445,1346.862,0,1708.021,0,20.951,1908,1405,2.390,1.920,1.180,1,0,0.998,0,0,14,98,0,14,0
20-05 10:12:28,17.730,2.997,78.413,0.250,0,3099564,141704,170208,4535756,8384.748,7181.076,3.996,287.683,0.999,27.969,2141,2072,2.390,1.920,1.180,1,0,0.999,0,0,14,101,0,14,0
20-05 10:12:29,19.574,3.262,76.039,0.251,0,3100512,140472,170220,4536000,5019.069,2290.703,0,393.495,0,34.130,2536,2744,2.390,1.920,1.180,1,0,1.004,0,0,14,103,0,14,0
20-05 10:12:30,25.910,4.983,65.023,1.744,0,3108220,131160,170220,4537588,2546.108,1452.926,1454.919,2028.914,65.770,257.102,5846,8719,2.390,1.920,1.180,1,0,5.979,0,0,14,110,0,14,0
20-05 10:12:31,31.582,5.264,61.159,0.501,0,3038424,200788,170220,4537756,3955.306,2673.967,0,1592.149,0,149.389,4366,4833,2.360,1.920,1.190,1,0,45.118,0,0,14,111,0,16,0
20-05 10:12:32,20.026,6.509,72.846,0.250,0,3087584,151648,170220,4537764,2407.175,1405.854,0,2587.412,0,307.405,2662,1960,2.360,1.920,1.190,1,0,67.088,0,0,14,111,0,16,0
20-05 10:12:33,18.446,3.490,76.775,0,0,3119132,187524,170220,4471976,4800.948,3729.085,0,358.949,0,20.939,1978,1746,2.360,1.920,1.190,1,0,0.997,0,0,14,112,0,16,0
20-05 10:12:34,21.154,2.986,74.661,0.498,0,3121864,184752,170220,4472016,7800.559,7225.173,0,1947.153,0,113.484,2206,2002,2.360,1.920,1.190,0,0,0,0,0,14,112,0,16,0
20-05 10:12:35,20.099,4.773,72.355,0.754,0,3128632,177948,170228,4472044,6685.809,1804.857,16.079,1085.326,4.020,119.587,4140,5444,2.360,1.920,1.190,1,0,0,0,0,14,112,0,16,0
20-05 10:12:36,39.720,11.242,47.964,0.500,0,3145696,160852,170232,4472072,3813.137,2650.010,0,683.487,0,65.950,4403,3868,2.410,1.940,1.200,4,0,94.929,0,0,14,111,0,17,0
20-05 10:12:37,43.713,7.494,47.460,0.250,0,3180904,191200,170232,4407984,2595.831,1456.783,0,623.479,0,17.985,2968,1545,2.410,1.940,1.200,4,0,3.997,0,0,14,111,0,17,0
20-05 10:12:38,42.108,7.018,49.377,0.752,0,3253796,182508,170232,4348452,25744.264,24506.077,24.062,1211.117,2.005,58.150,3593,9723,2.410,1.940,1.200,3,0,36.093,0,0,14,112,0,17,0
20-05 10:12:39,21.455,6.486,70.351,0.249,0,3208380,227904,170232,4345416,2544.626,1586.649,7.983,127.730,1.996,12.973,2802,6646,2.410,1.940,1.200,2,0,54.884,0,0,14,111,0,19,0
20-05 10:12:40,22.224,2.247,74.663,0,0,3257256,179028,170232,4345416,3291.167,2156.488,0,23.972,0,3.995,1697,1132,2.410,1.940,1.200,2,0,0,0,0,14,112,0,18,0
20-05 10:12:41,18.516,1.752,78.818,0,0.250,3253124,183136,170232,4345440,25163.784,23828.629,4.003,508.440,1.001,38.033,1983,1861,2.220,1.910,1.190,1,0,0,0,0,14,111,0,19,0
20-05 10:12:42,20.010,6.753,72.285,0,0,3246776,189472,170232,4345452,2137.027,1296.623,0,0,0,0,2405,1665,2.220,1.910,1.190,1,0,51.025,0,0,14,111,0,19,0
20-05 10:12:43,18.473,2.247,78.384,0,0,3283300,152944,170232,4345456,8255.774,7178.370,0,51.923,0,4.993,1733,1289,2.220,1.910,1.190,2,0,0.999,0,0,14,112,0,19,0
20-05 10:12:44,20.771,3.003,74.574,1.001,0,3283988,152200,170236,4345508,4212.163,3335.297,4.004,1465.448,1.001,127.126,3217,3901,2.220,1.910,1.190,1,0,0,0,0,14,111,0,19,0
20-05 10:12:45,19.064,8.027,71.740,0,0,3280852,155336,170236,4345508,2280.640,1300.356,0,264.887,0,22.074,2870,2441,2.220,1.910,1.190,1,0,82.276,0,0,14,111,0,19,0
20-05 10:12:46,21.208,2.745,75.350,0.250,0,3256200,179980,170236,4345516,3225.578,2916.194,0,7572.923,0,529.945,1963,1164,2.120,1.890,1.190,0,0,0,0,0,14,112,0,19,0
20-05 10:12:47,17.715,1.497,79.842,0,0,3254312,181860,170236,4345524,24832.863,23041.408,0,323.360,0,18.962,1807,1456,2.120,1.890,1.190,1,0,0,0,0,14,111,0,20,0
20-05 10:12:48,19.915,6.721,72.439,0,0,3218792,217364,170236,4345540,2365.858,1290.468,0,0,0,0,2385,1648,2.120,1.890,1.190,1,0,54.765,0,0,14,111,0,20,0
20-05 10:12:49,18.267,2.002,78.571,0,0,3256944,179212,170236,4345540,3998.627,3592.258,0,132.120,0,14.013,1689,1375,2.120,1.890,1.190,1,0,0,0,0,14,112,0,20,0
20-05 10:12:50,18.360,3.521,75.704,1.258,0,3253876,182136,170236,4345684,8100.577,5975.835,0,977.864,0,147.887,3380,4473,2.120,1.890,1.190,2,0,0,0,0,14,112,0,20,0
20-05 10:12:51,27.127,4.231,64.458,1.991,0,3253968,181904,170236,4345820,2544.484,1290.161,0,6677.776,0,528.608,6133,9295,2.030,1.880,1.190,2,0,0.995,0,0,14,113,0,21,0
20-05 10:12:52,21.352,6.531,71.090,0,0,3247240,188608,170236,4345844,3536.897,2614.491,0,960.589,0,68.326,3878,4582,2.030,1.880,1.190,1,0,53.254,0,0,14,112,0,22,0
20-05 10:12:53,23.180,2.492,73.030,0.249,0,3292348,143500,170236,4345844,2469.568,1533.385,0,410.764,0,24.925,1871,1370,2.030,1.880,1.190,0,0,0.997,0,0,14,112,1,22,0
20-05 10:12:54,11.005,2.001,85.788,0.500,0,3282816,152972,170236,4345904,8139.584,7392.255,12.005,2116.932,3.001,121.053,1653,1737,2.030,1.880,1.190,0,0,0,0,0,14,113,0,22,0
20-05 10:12:55,16.034,3.257,79.670,0.501,0,3283020,152740,170236,4345932,7017.003,5155.022,0,637.363,0,47.101,3136,3756,2.030,1.880,1.190,3,0,0,0,0,14,113,0,22,0
20-05 10:12:56,24.517,4.753,68.047,1.001,0,3283588,152008,170240,4346092,2377.628,1296.888,0,1072.735,0,128.088,4482,6087,1.950,1.860,1.190,1,0,0,0,0,14,113,0,22,0
20-05 10:12:57,35.666,8.729,54.123,0,0,3258144,177380,170240,4346164,3258.347,2156.934,0,1065.497,0,107.747,6903,9399,1.950,1.860,1.190,1,0,77.817,0,0,14,114,0,23,0
20-05 10:12:58,23.000,3.000,72.751,0.250,0,3310028,125496,170240,4346164,2196.037,1296.022,0,384.006,0,21.000,1790,1323,1.950,1.860,1.190,1,0,0,0,0,14,114,0,23,0
20-05 10:12:59,16.719,2.246,79.853,0.250,0,3311800,123720,170240,4346168,8157.986,7074.979,0,479.118,0,31.941,1840,1657,1.950,1.860,1.190,1,0,0,0,0,14,115,0,23,0
20-05 10:13:00,17.600,4.274,76.183,0.754,0,3229356,206128,170240,4346204,6557.267,5305.151,0,1182.722,0,132.754,3794,4775,1.950,1.860,1.190,1,0,39.223,0,0,14,114,0,23,0
20-05 10:13:01,18.935,7.474,71.505,0,0,3264696,170776,170240,4346216,2427.668,1291.567,0,490.317,0,27.904,2727,2164,1.870,1.850,1.190,1,0,107.631,0,0,14,114,0,23,0
20-05 10:13:02,26.085,4.013,69.728,0.251,0,3294008,141444,170240,4346236,8617.152,7203.533,0,3025.885,0,217.711,3105,3243,1.870,1.850,1.190,2,0,3.010,0,0,14,117,0,23,0
20-05 10:13:03,15.955,1.994,80.276,0.249,0,3295764,139680,170240,4346244,8335.707,7127.084,0,231.354,0,14.958,2347,2435,1.870,1.850,1.190,3,0,0.997,0,0,14,117,0,23,0
20-05 10:13:04,25.226,5.245,66.438,0.749,0,3296984,138420,170240,4346284,2253.899,1294.793,0,1118.957,0,142.867,6494,9441,1.870,1.850,1.190,2,0,1.998,0,0,14,117,0,23,0
20-05 10:13:05,22.271,6.757,70.068,1.251,0,3297188,138180,170240,4346320,2275.194,1297.251,0,6262.038,0,363.350,4320,5731,1.870,1.850,1.190,11,0,1.001,0,0,14,117,0,21,0
20-05 10:13:06,41.874,14.292,40.369,1.504,0,3253052,182028,170240,4346592,3981.749,3121.210,60.178,1416.179,6.018,154.456,10820,15644,1.960,1.870,1.200,3,0,167.494,0,0,14,118,0,22,0
20-05 10:13:07,28.124,10.204,60.231,0.249,0,3271544,163376,170240,4346672,4195.236,1863.665,0,780.509,0,75.662,4802,5739,1.960,1.870,1.200,1,0,121.457,0,0,14,118,0,22,0
20-05 10:13:08,20.003,2.250,76.761,0.250,0,3310820,124092,170240,4346680,8178.203,7435.094,0,556.082,0,26.004,1842,1508,1.960,1.870,1.200,1,0,0,0,0,14,119,0,22,0
20-05 10:13:09,21.557,4.512,72.942,0.251,0,3226452,208452,170240,4346688,4170.982,3388.923,0,1335.516,0,77.203,2643,2221,1.960,1.870,1.200,1,0,51.135,0,0,14,118,0,23,0
20-05 10:13:10,8.514,19.782,69.612,0,0,3222500,212344,170240,4346732,2587.163,1460.350,4.006,164.264,1.002,15.024,5553,4330,1.960,1.870,1.200,1,0,344.554,0,0,14,118,0,23,0
20-05 10:13:11,13.220,20.703,65.352,0,0,3236252,198572,170240,4347204,2771.713,1454.700,0,131.701,0,14.966,6296,6491,1.890,1.850,1.190,1,0,305.307,0,0,14,118,0,23,0
20-05 10:13:12,22.227,13.985,62.184,0,0,3250092,184716,170240,4346888,2715.131,1526.387,0,87.907,0,2.997,4814,5158,1.890,1.850,1.190,2,0,146.845,0,0,14,120,0,23,0
20-05 10:13:13,31.853,22.573,45.647,0,0,3295856,138788,170240,4346936,2847.192,1462.723,0,80.259,0,5.016,5951,4530,1.890,1.850,1.190,2,0,381.231,0,0,14,120,0,23,0
20-05 10:13:14,33.988,22.742,40.985,0.750,0,3335648,163480,170248,4284612,3086.895,1619.420,31.989,479.828,2.999,34.987,6497,6689,1.890,1.850,1.190,2,0,356.872,0,0,14,120,0,23,0
20-05 10:13:15,31.969,11.152,54.768,0.248,0,3353224,145544,170256,4284932,2889.589,1445.290,31.721,535.293,2.974,36.677,5200,6383,1.890,1.850,1.190,9,0,87.233,0,0,16,126,0,24,0
20-05 10:13:16,59.927,26.690,13.093,0,0.252,3455140,166648,170264,4165124,2858.351,1468.455,108.774,5881.878,9.065,540.851,8476,10774,2.220,1.920,1.220,5,0,414.954,0,0,16,131,0,24,0
20-05 10:13:17,53.754,26.002,19.752,0.250,0,3545940,137212,170264,4105136,3978.328,1548.127,12.001,300.025,2.000,22.002,6288,5453,2.220,1.920,1.220,4,0,406.033,0,0,16,132,0,17,0
20-05 10:13:18,66.304,14.762,18.515,0,0,3621360,163508,170264,4005748,2313.892,1513.237,64.052,1721.407,6.005,32.026,5775,8686,2.220,1.920,1.220,4,0,171.140,0,0,16,148,0,17,0
20-05 10:13:19,36.278,21.517,41.032,0.250,0,3667216,159968,170264,3963276,2567.998,1637.274,0,568.442,0,31.024,6682,9745,2.220,1.920,1.220,2,0,290.226,0,0,16,148,0,17,0
20-05 10:13:20,36.447,22.717,39.942,0.250,0.250,3704556,168584,170264,3917612,2910.786,1455.892,79.884,303.560,2.996,14.978,13215,4793,2.220,1.920,1.220,4,0,413.401,0,0,16,148,0,17,0
20-05 10:13:21,26.046,22.790,49.337,0,0,3733532,139396,170268,3917820,3146.576,1460.588,4.007,120.213,1.002,13.023,5729,4405,2.200,1.920,1.220,2,0,336.596,0,0,17,148,0,16,0
20-05 10:13:22,22.422,12.955,62.283,0.249,0,3737972,188852,170268,3865048,2856.035,1452.931,11.958,478.331,2.990,27.903,6223,8676,2.200,1.920,1.220,1,0,166.419,0,0,17,150,0,16,0
20-05 10:13:23,28.855,22.081,49.180,0,0,3796120,130668,170268,3864632,4167.224,1463.346,4.015,76.279,1.004,4.015,5632,4272,2.200,1.920,1.220,2,0,348.272,0,0,17,150,0,16,0
20-05 10:13:24,32.696,23.710,41.681,0.250,0,3834048,137256,170268,3821252,2833.278,1497.504,0,247.587,0,20.965,6433,5701,2.200,1.920,1.220,2,0,333.444,0,0,17,152,0,16,0
20-05 10:13:25,40.280,15.011,44.283,0.250,0,3869956,153300,170272,3769844,3097.329,1459.097,8.006,340.256,2.002,27.020,5742,6339,2.200,1.920,1.220,3,0,132.099,0,0,17,164,0,16,0
20-05 10:13:26,34.430,24.950,38.672,0,0,3917136,159728,170272,3717560,2652.642,1455.061,3.992,159.677,0.998,13.972,6864,7672,2.180,1.920,1.230,5,0,436.119,0,0,17,164,0,16,0
20-05 10:13:27,39.283,27.023,33.028,0.250,0,4017632,139868,170280,3638868,2480.096,1549.309,8.007,504.426,2.002,36.030,7861,10411,2.180,1.920,1.230,3,0,440.372,0,0,17,170,0,16,0
20-05 10:13:28,34.779,24.270,39.032,0.250,0,4063612,153220,170280,3580976,2660.199,1459.206,12.010,948.784,3.002,63.052,9826,13277,2.180,1.920,1.230,1,0,404.334,0,0,17,192,0,16,0
20-05 10:13:29,10.225,20.700,67.835,0.249,0,4066804,149880,170280,3581444,2651.534,1454.453,0,375.085,0,29.927,5630,4570,2.180,1.920,1.230,1,0,297.275,0,0,17,192,0,15,0
20-05 10:13:30,23.547,12.776,61.373,0.251,0,4083112,133572,170280,3581252,2471.963,1352.716,0,332.668,0,25.050,6063,8393,2.180,1.920,1.230,1,0,147.296,0,0,17,192,0,15,0
20-05 10:13:31,37.397,13.961,47.618,0,0,4158752,135880,170280,3505080,2650.678,1453.984,0,179.504,0,6.981,3922,2631,2.170,1.930,1.230,2,0,110.694,0,0,17,192,0,15,0
20-05 10:13:32,45.380,7.522,45.380,0.752,0,4239528,137292,170280,3424148,2785.992,1462.194,188.541,585.680,6.017,57.164,3443,2419,2.170,1.930,1.230,2,0,3.009,0,0,17,196,0,15,0
20-05 10:13:33,44.205,7.742,46.453,0.999,0,4334192,130564,170512,3337496,2835.111,1456.516,427.564,783.202,20.979,117.880,3234,1963,2.170,1.930,1.230,2,0,2.997,0,0,17,196,0,13,0
20-05 10:13:34,35.236,3.998,59.227,1.250,0,4359264,137408,170516,3306596,2776.907,1527.399,55.978,287.887,4.998,17.993,2972,2338,2.170,1.930,1.230,2,0,8.996,0,0,17,203,0,13,0
20-05 10:13:35,27.035,22.529,47.812,2.003,0,4276992,219508,170656,3306628,5982.770,1459.896,228.297,276.359,6.008,15.020,5787,4591,2.170,1.930,1.230,1,1,372.484,0,0,17,208,0,13,0
20-05 10:13:36,36.981,29.735,26.986,5.247,0,4339696,153900,170792,3309384,2956.516,1457.269,1843.075,899.549,29.985,22.988,6358,5612,2.230,1.940,1.240,2,1,402.798,0,0,17,208,0,13,0
20-05 10:13:37,35.450,20.222,41.442,0.999,0,4351356,141348,170800,3310716,8670.874,7263.842,131.816,1342.123,1.997,151.788,6435,6907,2.230,1.940,1.240,2,0,257.640,0,0,17,209,0,12,0
20-05 10:13:38,51.186,18.726,29.213,0,0,4316700,210320,170808,3276704,5526.063,4429.439,7.990,487.388,1.997,15.980,6294,7626,2.230,1.940,1.240,10,0,168.788,0,0,17,212,0,13,0
20-05 10:13:39,73.832,14.716,8.231,1.497,0.249,4417924,153780,170808,3233740,2352.638,1454.685,622.581,155.645,18.957,6.984,5270,12165,2.230,1.940,1.240,5,0,102.766,0,0,17,213,0,14,0
20-05 10:13:40,68.274,13.303,17.822,1.255,0,4520636,157516,170808,3129452,10000.126,7279.208,787.159,184.741,16.064,14.056,4628,3482,2.230,1.940,1.240,2,1,26.105,0,0,17,214,0,14,0
20-05 10:13:41,47.295,8.258,25.775,17.517,0,4539920,172020,170844,3097052,7902.535,6707.396,1557.485,7511.162,72.069,59.056,4737,4408,2.380,1.980,1.260,3,0,18.017,0,0,17,219,0,12,0
20-05 10:13:42,54.235,11.747,16.496,16.496,0,4552100,152492,170884,3104336,3976.932,1457.608,5290.579,1071.712,358.904,81.978,5034,4219,2.380,1.980,1.260,4,0,30.992,0,0,17,223,0,12,0
20-05 10:13:43,63.091,14.771,19.528,1.252,0,4591920,148160,170904,3069848,5619.085,3788.451,616.888,1013.458,63.091,37.053,6799,7660,2.380,1.980,1.260,7,0,142.205,0,0,17,223,0,17,0
20-05 10:13:44,32.504,25.253,40.505,0.750,0,4603976,134224,170904,3071712,11904.518,9899.262,16.002,2684.342,1.000,154.020,7448,8232,2.380,1.980,1.260,3,0,373.048,0,0,17,223,0,17,0
20-05 10:13:45,44.263,22.006,33.510,0,0,4531592,205632,170904,3073132,2747.791,1590.458,0,952.274,0,57.016,7918,9170,2.380,1.980,1.260,2,0,276.079,0,0,17,222,0,17,0
20-05 10:13:46,52.252,19.751,27.001,0,0,4598744,180672,170904,3031508,4211.183,3430.149,4.000,524.023,1.000,82.004,5506,4608,2.430,1.990,1.270,2,0,247.011,0,0,17,223,0,17,0
20-05 10:13:47,48.962,26.979,23.232,0.500,0,4654892,123228,170912,3032796,13586.412,10350.934,7.994,16686.996,1.998,929.276,7557,6392,2.430,1.990,1.270,4,0,374.708,0,0,17,222,0,17,1
20-05 10:13:48,63.836,19.450,14.213,1.247,0,4638984,179648,171264,2993740,2842.689,1520.091,1360.501,235.395,58.849,9.974,5909,7054,2.430,1.990,1.270,3,0,207.466,0,0,17,222,0,18,0
20-05 10:13:49,65.986,20.323,11.792,1.004,0,4697824,145012,171268,2969828,3303.800,2196.846,297.061,4275.270,13.047,39.140,6991,10152,2.430,1.990,1.270,3,0,244.875,0,0,17,227,0,20,0
20-05 10:13:50,50.691,25.471,22.724,0.749,0,4751764,206152,171268,2857312,11780.386,10611.736,575.335,419.515,9.988,24.971,8069,16429,2.430,1.990,1.270,4,0,308.643,0,0,17,227,0,19,0
20-05 10:13:51,57.215,19.403,19.403,2.488,0,4760356,195432,171268,2859876,4369.265,2553.298,549.268,5620.043,28.856,62.688,7672,13901,2.470,2.010,1.280,15,0,247.767,0,0,17,233,0,21,0
20-05 10:13:52,50.005,17.590,30.656,1.005,0,4819272,165320,171268,2831016,2490.710,1465.479,92.472,418.134,7.036,32.164,5423,4877,2.470,2.010,1.280,4,0,181.928,0,0,17,234,0,21,0
20-05 10:13:53,56.939,9.697,32.075,0,0,4907248,139368,171268,2770524,10830.906,9715.989,31.826,330.198,4.973,26.853,4127,3397,2.470,2.010,1.280,4,0,4.973,0,0,17,240,0,21,0
20-05 10:13:54,59.458,8.028,31.360,1.004,0,4906416,202820,171276,2709424,11085.755,10002.970,337.179,1152.027,5.018,65.228,4484,3380,2.470,2.010,1.280,4,0,14.049,0,0,17,241,0,20,0
20-05 10:13:55,63.434,9.490,23.476,2.997,0,4992568,152908,171284,2674264,3325.560,2271.650,1034.929,771.202,84.912,61.936,5876,6978,2.470,2.010,1.280,4,0,9.990,0,0,17,245,0,24,0
20-05 10:13:56,63.235,8.532,25.595,1.004,0,5044720,128400,171320,2647252,11029.057,9578.658,1421.291,8672.283,42.157,96.359,5613,5781,2.520,2.030,1.290,4,0,9.034,0,0,17,254,0,27,0
20-05 10:13:57,52.015,23.257,23.257,0.500,0,4943796,228968,171460,2647492,9573.681,6615.852,472.132,2036.570,13.004,207.058,7712,8056,2.520,2.030,1.290,5,1,335.094,0,0,17,254,0,28,0
20-05 10:13:58,42.345,26.403,23.414,6.227,0,4995048,173944,171580,2651104,2662.253,1506.485,3897.730,1350.057,59.781,60.777,6610,6220,2.520,2.030,1.290,4,0,373.632,0,0,17,254,0,27,0
20-05 10:13:59,53.018,21.257,24.758,0.500,0,4998888,169992,171580,2651620,11561.847,9278.087,784.261,2356.784,7.002,151.050,6710,8946,2.520,2.030,1.290,2,0,250.083,0,0,17,257,0,27,0
20-05 10:14:00,65.704,17.238,16.239,0.250,0,4998672,170012,171588,2651732,6651.318,4585.772,591.584,567.600,10.992,52.963,5665,5102,2.520,2.030,1.290,4,0,166.883,0,0,18,259,0,28,0
20-05 10:14:01,85.139,12.270,1.252,1.002,0,5095580,129080,171588,2597052,3050.967,1568.554,1165.898,184.300,51.083,10.016,5034,2470,2.630,2.060,1.300,4,0,8.013,0,0,18,259,0,28,0
20-05 10:14:02,76.793,10.756,6.003,5.753,0,5170676,140412,171600,2513688,8872.024,7352.164,2509.421,412.233,129.073,28.016,5220,3323,2.630,2.060,1.300,4,0,11.006,0,0,18,262,0,27,0
20-05 10:14:03,79.405,7.965,10.703,1.991,0,5212792,124672,171620,2488612,8039.057,6603.298,939.915,1258.530,31.862,98.572,5514,4193,2.630,2.060,1.300,5,0,11.948,0,0,18,265,0,29,0
20-05 10:14:04,51.330,18.779,28.294,0.250,0.250,5203248,133148,171628,2489680,3034.720,2498.887,516.804,1955.041,5.008,226.352,6055,5693,2.630,2.060,1.300,2,0,221.344,0,0,18,263,0,30,0
20-05 10:14:05,39.572,7.514,51.844,0.250,0,5238544,154188,171640,2435012,13043.627,8846.024,589.067,280.508,11.020,22.040,3375,2348,2.630,2.060,1.300,3,0,6.011,0,0,18,269,0,30,0
20-05 10:14:06,36.622,6.976,53.563,0.249,0,5177060,213948,171640,2436736,2457636.948,56405.939,259.095,558.050,2.990,51.819,7122,5085,2.500,2.040,1.300,2,0,9.965,0,0,18,267,0,30,0
20-05 10:14:07,45.963,8.743,43.465,0.500,0,5209388,174732,171640,2443592,7058590.263,197315.397,575.537,323.740,7.994,28.977,11969,8207,2.500,2.040,1.300,3,0,3.997,0,0,18,269,0,30,0
20-05 10:14:08,39.241,8.552,51.063,0,0,5224232,177348,171644,2427024,7656712.973,187892.285,261.606,845.188,3.019,115.710,14415,9629,2.500,2.040,1.300,3,0,30.185,0,0,18,270,0,30,0
20-05 10:14:09,47.454,16.894,32.547,1.242,0,5276716,122456,171648,2429428,11127.480,10101.887,2790.566,632.051,31.801,42.733,5539,4707,2.500,2.040,1.300,4,0,236.522,0,0,18,269,0,31,0
20-05 10:14:10,49.577,7.046,43.034,0,0,5265312,164020,171648,2400128,4263.126,1467.683,257.700,636.197,2.013,28.186,3562,2372,2.500,2.040,1.300,2,0,6.040,0,0,18,269,0,30,0
20-05 10:14:11,35.199,3.745,59.663,0.250,0,5304072,125468,171648,2400004,13691.988,12631.538,0,227.667,0,15.977,2836,2002,2.460,2.040,1.300,1,0,0,0,0,18,276,0,31,0
20-05 10:14:12,32.298,3.727,61.614,0.497,0,5305736,122992,171652,2400812,21696.147,461939.511,496.889,667.818,27.826,74.533,5173,6712,2.460,2.040,1.300,2,0,0.994,0,0,18,274,0,34,0
20-05 10:14:13,12.029,4.260,79.945,0.752,0,5236844,191884,171652,2400828,337546.330,11975292.160,0,2943.188,0,192.470,5974,3117,2.460,2.040,1.300,0,0,37.091,0,0,18,275,0,35,0
20-05 10:14:14,5.019,2.008,89.586,0.251,0,5232372,196348,171652,2400836,1132630.134,4135450.498,0,465.745,0,30.113,4507,3667,2.460,2.040,1.300,3,0,2.008,0,0,18,280,0,35,0
20-05 10:14:15,24.422,2.991,70.028,0.249,0,5238464,189992,171660,2401092,7361801.394,151923.562,79.747,578.164,2.991,53.829,12628,8708,2.460,2.040,1.300,1,0,0.997,0,0,18,280,0,35,0
20-05 10:14:16,6.782,3.517,85.910,0,0,5226460,187400,171660,2415656,7443313.861,211741.636,0,60.288,0,4.019,11921,12243,2.270,2.010,1.300,1,0,5.024,0,0,18,280,0,35,0
20-05 10:14:17,14.253,10.002,73.513,0.500,0,5155316,257160,171660,2417040,1315305.591,32515.799,56.010,548.098,4.001,41.007,5519,6077,2.270,2.010,1.300,2,0,140.025,0,0,18,279,0,38,0
20-05 10:14:18,14.728,12.731,69.894,0.250,0.250,5180300,232112,171660,2417088,2474.239,1455.787,11.982,14294.272,0.998,1157.241,5062,4271,2.270,2.010,1.300,1,0,327.502,0,0,18,279,0,37,0
20-05 10:14:19,23.670,3.488,72.257,0.498,0,5235224,177188,171660,2417088,2870.359,1614.577,0,1283.688,0,78.736,2036,1729,2.270,2.010,1.300,1,0,0,0,0,18,279,0,37,0
20-05 10:14:20,13.520,14.521,70.602,0.250,0,5208304,204068,171660,2417128,2799.042,1460.108,4.006,2675.864,1.001,37.054,4889,3867,2.270,2.010,1.300,1,0,238.344,0,0,18,283,0,37,0
20-05 10:14:21,10.004,19.507,69.026,0,0,5220408,191928,171660,2417164,2839.071,1458.550,0,16030.046,0,31.012,5519,4218,2.320,2.020,1.310,1,0,315.119,0,0,18,283,0,37,0
20-05 10:14:22,2.996,6.491,88.622,0.250,0,5210164,202164,171660,2417172,2594.256,1455.899,0,127.816,0,12.981,2471,2405,2.320,2.020,1.310,0,0,117.830,0,0,18,283,0,37,0
20-05 10:14:23,16.483,3.247,78.417,0.499,0,5244884,167436,171660,2417180,2535.331,1456.467,0,239.748,0,32.965,2070,2079,2.320,2.020,1.310,2,0,9.989,0,0,18,285,0,37,0
20-05 10:14:24,20.491,2.749,74.966,0,0.250,5275176,137140,171660,2417184,4269.092,3470.449,0,4765.870,0,79.964,2014,1604,2.320,2.020,1.310,0,0,1.000,0,0,18,286,0,37,0
20-05 10:14:25,20.209,2.994,75.347,0.249,0,5240860,171368,171660,2417276,10310.086,8420.918,63.870,375.239,3.992,31.935,2665,2740,2.320,2.020,1.310,2,0,5.988,0,0,18,289,0,38,0
20-05 10:14:26,12.831,15.598,70.193,0.503,0,5241940,170192,171664,2417336,3117.655,1467.250,12.076,169.066,3.019,12.076,5188,3929,2.300,2.020,1.310,1,0,212.339,0,0,18,289,0,38,0
20-05 10:14:27,13.471,15.965,69.848,0,0,5222804,189084,171664,2417580,2726.073,1616.485,0,295.358,0,26.941,4941,3794,2.300,2.020,1.310,1,0,170.629,0,0,18,293,0,38,0
20-05 10:14:28,11.774,16.033,69.892,0.251,0,5223800,187884,171664,2417784,2483.056,1460.975,0,80.163,0,6.012,4829,3329,2.300,2.020,1.310,1,0,146.298,0,0,18,293,0,38,0
20-05 10:14:29,20.933,6.728,70.772,0.498,0,5229012,182632,171664,2417808,4025.055,1453.326,3.987,263.154,0.997,22.926,2917,2608,2.300,2.020,1.310,1,0,68.779,0,0,18,293,0,38,0
20-05 10:14:30,22.513,4.252,71.291,0.250,0,5277516,134128,171664,2417808,2676.543,1458.841,0,12082.968,0,38.022,2233,2044,2.300,2.020,1.310,1,0,1.001,0,0,18,293,0,38,0
20-05 10:14:31,23.989,2.999,70.966,1.000,0,5272296,171836,171664,2386360,2536.802,1457.312,291.862,175.917,5.997,16.992,2237,1897,2.190,2.010,1.310,2,0,3.998,0,0,18,295,0,38,0
20-05 10:14:32,25.252,2.750,70.757,0.500,0,5164016,280004,171664,2386472,2658.251,1458.138,128.012,576.054,8.001,49.005,2584,2464,2.190,2.010,1.310,1,0,7.001,0,0,18,295,0,38,0
20-05 10:14:33,24.010,3.502,72.031,0.500,0,5214364,229576,171664,2386552,2779.191,1458.625,28.012,224.096,5.002,26.011,2165,1985,2.190,2.010,1.310,2,0,0,0,0,18,295,0,38,0
20-05 10:14:34,24.766,5.003,68.795,0,0,5262992,180724,171664,2386776,2599.682,1458.944,96.062,220.142,6.004,14.009,2610,2489,2.190,2.010,1.310,1,0,4.003,0,0,18,295,0,38,0
20-05 10:14:35,20.329,4.016,74.789,0,0,5282572,161072,171664,2386848,5103.720,7132.559,32.124,317.226,1.004,34.132,2575,2637,2.190,2.010,1.310,1,0,4.016,0,0,18,299,0,38,0
20-05 10:14:36,15.481,1.498,81.398,0,0,5287784,155836,171664,2386872,19096.971,14737.457,0,247.688,0,21.972,2574,2766,2.020,1.970,1.300,1,0,2.996,0,0,18,301,0,40,0
20-05 10:14:37,22.629,4.725,70.872,0.249,0,5245848,197772,171664,2386872,2745.369,1611.412,0,139.258,0,7.958,2269,1712,2.020,1.970,1.300,1,0,14.920,0,0,18,295,0,40,0
20-05 10:14:38,24.530,3.254,71.838,0,0,5245800,197816,171664,2386876,2541.130,1459.798,0,112.138,0,9.011,1988,1426,2.020,1.970,1.300,2,0,0,0,0,18,295,0,40,0
20-05 10:14:39,32.769,4.753,61.285,0.250,0.250,5245916,197568,171664,2387008,2419.379,1458.832,0,156.089,0,14.008,3544,14097,2.020,1.970,1.300,2,0,36.021,0,0,18,295,0,40,0
20-05 10:14:40,8.746,19.492,69.472,0.250,0,5210432,232992,171668,2387048,4413.192,1457.403,411.831,331.864,6.997,12.995,5404,4376,2.020,1.970,1.300,1,0,312.872,0,0,18,295,0,40,0
20-05 10:14:41,14.000,14.750,70.502,0,0,5213024,230256,171668,2387192,2778.081,1458.043,20.001,4.000,3.000,1.000,4674,3813,2.020,1.970,1.300,2,0,270.008,0,0,18,295,0,40,0
20-05 10:14:42,24.022,3.253,72.315,0,0,5246728,196520,171688,2387204,2660.386,1459.309,0,0,0,0,2099,1541,2.020,1.970,1.300,1,0,17.015,0,0,18,295,0,40,0
20-05 10:14:43,18.980,1.748,77.167,0.749,0,5259504,180744,172020,2389860,8371.005,3725.996,123.867,3312.440,3.996,437.530,2154,1803,2.020,1.970,1.300,1,0,15.983,0,0,18,296,0,38,0
20-05 10:14:44,22.740,3.498,70.720,1.249,0,5246960,189656,172308,2393096,2758.815,1631.299,163.930,1515.349,1.999,45.980,2547,2607,2.020,1.970,1.300,2,0,3.998,0,0,18,295,0,38,0
20-05 10:14:45,17.255,3.251,78.273,0.250,0,5245472,191100,172316,2393132,9609.766,4400.266,16.005,632.182,1.000,42.012,2281,2452,2.020,1.970,1.300,2,0,16.005,0,0,18,296,0,38,0
20-05 10:14:46,24.003,4.251,69.008,0.250,0.250,5246212,184624,172832,2398212,2940.352,1674.200,0,936.112,0,21.003,6071,10340,1.930,1.960,1.300,3,0,6.001,0,0,18,295,0,38,0
20-05 10:14:47,18.501,4.500,75.504,0.250,0,5238640,191708,172860,2398668,6845.358,3564.187,0,704.037,0,28.001,5237,8690,1.930,1.960,1.300,2,0,8.000,0,0,18,296,0,32,0
20-05 10:14:48,23.074,5.769,69.473,0.251,0,5244224,185756,172912,2398980,4879.659,2408.730,12.039,308.992,2.006,13.042,10931,20168,1.930,1.960,1.300,1,0,13.042,0,0,18,296,0,32,0
20-05 10:14:49,21.911,3.984,71.957,0,0,5233512,196420,172952,2398972,4143.156,1505.878,0,175.287,0,1.992,2067,1473,1.930,1.960,1.300,2,0,6.972,0,0,18,296,0,32,0
20-05 10:14:50,15.046,11.786,71.720,0.502,0,5202640,237156,173036,2389068,3206.829,1637.018,0,654.005,0,22.068,4224,3380,1.930,1.960,1.300,1,0,214.658,0,0,18,295,0,32,0
20-05 10:14:51,22.023,5.756,72.076,0,0,5232016,207760,173036,2389088,2600.733,1459.534,0,0,0,0,2418,2025,1.860,1.940,1.300,1,0,55.058,0,0,18,295,0,28,0
20-05 10:14:52,23.124,1.741,74.096,0,0,5261808,177780,173036,2389276,3333.840,2906.170,0,75.588,0,0.995,1935,1458,1.860,1.940,1.300,1,0,0,0,0,18,296,0,28,0
20-05 10:14:53,18.823,2.008,77.550,0,0,5260704,178856,173036,2389304,12474.188,10439.327,16.062,542.094,1.004,12.047,2345,2082,1.860,1.940,1.300,1,0,0,0,0,18,295,0,31,0
20-05 10:14:54,19.473,8.738,70.902,0,0,5210544,228976,173036,2389356,2654.319,1455.981,3.994,183.745,0.999,13.981,3245,2716,1.860,1.940,1.300,1,0,116.838,0,0,18,295,0,31,0
20-05 10:14:55,19.985,3.248,75.694,0,0,5240492,198988,173036,2389400,4418.711,3481.409,31.976,1382.971,0.999,128.904,2234,2058,1.860,1.940,1.300,0,0,0,0,0,18,296,0,25,0
20-05 10:14:56,20.571,4.014,74.507,0,0,5169428,270044,173036,2389408,9885.036,8159.093,0,120.415,0,9.031,2645,2270,1.790,1.930,1.300,1,0,45.155,0,0,18,295,0,26,0
20-05 10:14:57,20.958,5.239,71.856,0,0,5219828,219644,173036,2389408,4149.673,1455.080,0,187.624,0,9.980,2270,1802,1.790,1.930,1.300,1,0,24.950,0,0,18,295,0,26,0
20-05 10:14:58,18.737,2.498,77.697,0,0,5240744,198728,173036,2389408,8383.315,7179.131,0,115.921,0,8.994,1958,1562,1.790,1.930,1.300,2,0,0,0,0,18,296,0,26,0
20-05 10:14:59,19.804,6.016,72.948,0.501,0,5223348,216096,173036,2389436,10306.017,8956.348,0,332.905,0,26.071,2991,2619,1.790,1.930,1.300,1,0,56.153,0,0,18,295,0,23,0
20-05 10:15:00,23.907,2.988,71.473,0,0,5269592,169852,173036,2389436,2724.426,1452.363,0,366.577,0,20.919,2263,2010,1.790,1.930,1.300,1,0,0,0,0,18,295,0,23,0
20-05 10:15:01,17.605,2.767,78.470,0.503,0,5280144,159280,173036,2389456,11768.445,10413.333,4.024,2277.634,1.006,135.813,2575,2662,1.730,1.910,1.300,1,0,3.018,0,0,18,298,0,24,0
20-05 10:15:02,21.742,4.998,72.224,0,0,5287952,151468,173036,2389460,4582.321,3082.870,0,91.966,0,5.998,2524,1929,1.730,1.910,1.300,1,0,31.988,0,0,18,295,0,26,0
20-05 10:15:03,21.152,3.235,73.410,0.249,0,5310160,161232,173036,2358492,4265.267,3467.955,0,238.895,0,22.894,2174,1887,1.730,1.910,1.300,0,0,0,0,0,18,296,0,23,0
20-05 10:15:04,15.252,2.250,80.758,0.250,0,5296932,174308,173036,2358644,12286.224,10254.021,32.003,2052.204,1.000,354.035,2631,2749,1.730,1.910,1.300,2,0,3.000,0,0,18,296,0,23,0
20-05 10:15:05,21.482,5.495,71.689,0,0,5225028,246176,173036,2358680,4543.128,1588.646,0,199.830,0,11.990,2663,2214,1.730,1.910,1.300,1,0,46.960,0,0,18,295,0,24,0
20-05 10:15:06,20.501,2.750,76.004,0,0,5240780,230424,173036,2358680,4397.208,3709.175,0,156.007,0,10.000,1978,1557,1.670,1.890,1.290,0,0,0,0,0,18,296,0,24,0
20-05 10:15:07,20.865,3.519,74.913,0,0,5191008,280176,173036,2358700,11484.292,9510.414,0,390.150,0,25.139,2538,2221,1.670,1.890,1.290,1,0,21.116,0,0,18,295,0,25,0
20-05 10:15:08,21.655,4.480,72.184,0,0,5213164,258016,173036,2358704,2505.035,1559.175,0,47.791,0,3.983,2082,1658,1.670,1.890,1.290,1,0,10.952,0,0,18,295,0,25,0
20-05 10:15:09,18.984,3.247,76.684,0.500,0,5225244,245932,173036,2358708,9882.539,7231.808,3.997,195.832,0.999,18.984,2045,1779,1.670,1.890,1.290,2,0,0,0,0,18,296,0,25,0
20-05 10:15:10,15.077,3.769,79.406,0.503,0,5156488,314644,173036,2358752,7944.600,6667.071,16.082,1013.178,1.005,69.354,2782,2978,1.670,1.890,1.290,1,0,34.175,0,0,18,295,0,26,0
20-05 10:15:11,6.222,7.964,78.894,4.480,0,5170860,299056,173576,2359428,8737.576,3902.392,1118.951,15.928,249.873,3.982,3324,3293,1.610,1.880,1.290,0,0,145.344,0,0,18,297,0,24,0
20-05 10:15:12,3.009,4.513,90.771,0.501,0,5162948,306920,173576,2359476,13019.872,3090.226,0,357.066,0,27.081,2147,2233,1.610,1.880,1.290,1,0,64.192,0,0,18,295,0,25,0
20-05 10:15:13,3.968,4.712,88.537,0.248,0,5170960,298900,173576,2359484,8547.217,4760.689,0,206.339,0,15.872,2079,2255,1.610,1.880,1.290,3,0,64.481,0,0,18,295,0,26,1
20-05 10:15:14,14.322,12.814,70.604,1.759,0,5175836,293096,173580,2360408,2707.568,1519.615,864.331,506.538,77.388,35.176,4434,4050,1.610,1.880,1.290,1,0,209.048,0,0,18,295,0,26,0
20-05 10:15:15,22.978,3.497,71.681,0.999,0,5210952,248952,173580,2369404,4111.037,1456.596,627.395,1007.029,61.940,20.980,2513,2337,1.610,1.880,1.290,1,0,2.997,0,0,18,295,0,26,0
20-05 10:15:16,19.472,1.747,77.888,0,0,5225100,232204,173580,2371940,7980.502,3513.937,0,11.983,0,0.999,1992,1709,1.570,1.860,1.290,3,0,15.977,0,0,18,296,0,22,0
20-05 10:15:17,20.051,4.010,74.439,0.501,0,5214740,239048,173596,2375408,8712.150,4066.338,8.020,1263.212,2.005,31.079,2217,1790,1.570,1.860,1.290,1,0,8.020,0,0,18,295,0,22,0
20-05 10:15:18,12.016,10.013,71.095,5.007,0,5152800,297984,173600,2378392,2541.391,1459.948,1173.566,3160.217,19.025,102.136,4592,4257,1.570,1.860,1.290,1,0,177.236,0,0,18,295,0,22,0
20-05 10:15:19,18.985,8.743,71.195,0,0,5192868,257908,173600,2378400,2725.881,1456.868,0,79.938,0,4.996,3172,2625,1.570,1.860,1.290,3,0,124.903,0,0,18,295,0,22,0
20-05 10:15:20,19.287,3.006,75.895,0.250,0,5226888,223832,173600,2378456,5164.856,3856.359,32.061,1975.770,1.002,315.602,2516,2279,1.570,1.860,1.290,1,0,0,0,0,18,296,0,19,0
20-05 10:15:21,20.400,4.478,72.892,0,0,5166028,284668,173600,2378480,23621.871,21711.264,0,1592.173,0,7.961,2700,2088,1.520,1.850,1.290,1,0,46.770,0,0,18,295,0,21,0
20-05 10:15:22,23.311,4.512,71.687,0.251,0,5223228,227464,173600,2378484,4122.776,1515.962,0,196.514,0,12.031,2291,2113,1.520,1.850,1.290,2,0,0,0,0,18,295,0,21,0
20-05 10:15:23,19.591,2.260,77.610,0,0,5245932,204756,173600,2378488,8422.020,7217.439,0,156.726,0,19.088,2013,1803,1.520,1.850,1.290,1,0,0,0,0,18,296,0,21,0
20-05 10:15:24,19.908,4.230,74.157,0.249,0,5196076,254288,173600,2378812,6120.669,4731.101,318.526,135.373,19.908,7.963,2511,2268,1.520,1.850,1.290,1,0,14.931,0,0,18,295,0,23,0
20-05 10:15:25,23.749,3.250,71.746,0,0,5240376,209988,173600,2378812,2494.846,1457.910,0,39.998,0,4.000,2020,1518,1.520,1.850,1.290,1,0,0,0,0,18,295,0,23,0
20-05 10:15:26,15.499,2.750,80.243,0,0,5252500,197868,173600,2378824,9293.139,8022.257,0,1659.846,0,123.989,2030,1944,1.480,1.840,1.290,2,0,0,0,0,18,296,0,23,0
20-05 10:15:27,26.076,4.012,66.693,1.504,0,5235120,213168,173600,2380904,3819.070,2705.843,2102.093,1520.407,85.247,189.549,5929,8692,1.480,1.840,1.290,2,0,6.017,0,0,18,295,0,24,0
20-05 10:15:28,21.937,4.487,72.292,0.249,0,5242580,205604,173600,2381008,2530.734,1453.826,0,259.256,0,13.960,1920,1656,1.480,1.840,1.290,1,0,0,0,0,18,295,0,23,0
20-05 10:15:29,34.773,6.755,57.288,0.250,0,5275868,172052,173600,2381256,9769.559,7188.826,368.247,2517.690,3.002,154.103,3299,2815,1.480,1.840,1.290,2,0,5.003,0,0,18,296,0,23,0
20-05 10:15:30,36.937,8.985,51.662,0.749,0,5293248,154552,173600,2381376,6645.665,5340.890,590.992,2559.634,8.985,405.309,5355,5868,1.480,1.840,1.290,2,0,5.990,0,0,18,296,0,23,0
20-05 10:15:31,23.360,14.820,61.289,0.251,0,5196696,251060,173600,2381420,4061.127,2750.956,257.211,791.729,2.009,72.341,5455,5127,1.440,1.820,1.280,1,0,228.074,0,0,18,295,0,24,0
20-05 10:15:32,9.755,22.012,66.285,0.500,0,5196380,251352,173604,2381440,2659.392,1458.764,0,784.411,0,58.030,6496,5839,1.440,1.820,1.280,1,0,476.249,0,0,18,295,0,24,0
20-05 10:15:33,8.228,23.189,66.575,0.249,0,5208792,238912,173604,2381468,3097.868,1561.900,0,522.628,0,44.882,6225,5293,1.440,1.820,1.280,4,0,464.780,0,0,18,295,0,24,0
20-05 10:15:34,9.524,22.307,67.172,0.251,0,5208788,238888,173604,2381496,2724.987,1461.748,0,1808.638,0,108.278,6417,5622,1.440,1.820,1.280,2,0,491.260,0,0,18,295,0,24,0
20-05 10:15:35,9.467,22.671,65.521,0,0,5219460,228188,173604,2381524,2845.036,1452.912,0,2132.532,0,137.518,6586,6060,1.440,1.820,1.280,2,0,501.245,0,0,18,295,0,24,0
20-05 10:15:36,9.768,22.040,66.621,0,0,5224012,223556,173604,2381604,2482.513,1460.655,48.087,420.765,3.005,23.042,6224,5166,1.400,1.810,1.280,2,0,458.834,0,0,18,295,0,23,0
20-05 10:15:37,9.764,23.784,65.093,0.501,0,5204624,242904,173604,2381644,2541.627,1460.084,0,1430.041,0,68.097,6114,5499,1.400,1.810,1.280,3,0,437.625,0,0,18,295,0,23,0
20-05 10:15:38,10.737,22.224,65.673,0.250,0,5214652,232848,173604,2381672,2355.238,1456.292,0,131.845,0,14.982,6078,5157,1.400,1.810,1.280,3,0,420.507,0,0,18,295,0,25,0
20-05 10:15:39,18.763,21.765,57.040,0,0,5257204,190240,173604,2384164,2359.639,1459.013,0,436.303,0,22.015,6133,8741,1.400,1.810,1.280,4,0,396.275,0,0,18,295,0,25,0
20-05 10:15:40,22.476,8.741,67.679,0.250,0,5251596,295820,173604,2292348,2566.295,1510.408,0,1846.054,0,15.983,3113,6823,1.400,1.810,1.280,4,0,42.955,0,0,18,295,0,24,0
20-05 10:15:41,23.756,3.501,71.268,0,0,5261332,276488,173764,2301780,2538.656,1458.377,0,1580.408,0,44.011,2437,2206,1.370,1.790,1.280,1,0,2.001,0,0,18,295,0,24,0
20-05 10:15:42,22.436,2.493,74.537,0.249,0,5263856,272212,173808,2303488,6967.133,2895.743,19.943,614.248,3.989,15.955,2184,1776,1.370,1.790,1.280,2,0,15.955,0,0,18,296,0,24,0
20-05 10:15:43,14.504,1.500,80.524,2.501,0.250,5278112,257092,173860,2304300,14957.507,10268.094,700.211,1160.350,38.011,43.013,1920,1946,1.370,1.790,1.280,0,0,0,0,0,18,296,0,24,0
20-05 10:15:44,14.500,1.500,80.250,2.250,0,5278384,256084,173908,2304984,19290.088,12182.056,312.001,1808.008,32.000,76.000,2092,2354,1.370,1.790,1.280,0,0,1.000,0,0,18,296,0,24,0
20-05 10:15:45,17.748,1.500,77.241,1.750,0,5297492,235672,173940,2306252,14777.345,8581.039,1095.877,1099.877,42.995,48.995,2054,2017,1.370,1.790,1.280,1,0,0,0,0,18,296,0,24,0
20-05 10:15:46,9.744,1.999,85.444,1.749,0,5297140,235420,173992,2306788,16016.415,10670.948,351.768,13527.060,31.979,344.772,1730,1636,1.260,1.760,1.270,0,0,0,0,0,18,296,0,24,0
20-05 10:15:47,18.520,1.001,77.582,1.752,0,5302244,229224,174052,2307812,16284.248,8752.270,764.810,1161.230,29.031,41.043,1915,1672,1.260,1.760,1.270,1,0,0,0,0,18,296,0,24,0
20-05 10:15:48,14.039,2.758,75.458,7.270,0,5301872,201768,174092,2335580,8720.073,5489.153,11784.533,641.772,128.354,25.069,1830,1666,1.260,1.760,1.270,1,0,0,0,0,18,296,0,24,0
20-05 10:15:49,22.925,2.741,72.015,0.748,0,5301628,190692,174212,2346520,3905.263,1453.260,0,1407.410,0,66.782,2340,2014,1.260,1.760,1.270,1,0,0.997,0,0,18,296,0,24,0
20-05 10:15:50,23.755,2.500,71.764,0.250,0,5306908,170796,174404,2360680,2675.511,1458.278,0,1488.284,0,41.008,2355,2177,1.260,1.760,1.270,3,0,0,0,0,18,296,0,24,0
20-05 10:15:51,24.565,2.507,71.942,0.501,0,5310816,160968,174404,2366544,2665.106,1461.898,0,4548.127,0,48.128,2318,2048,1.240,1.750,1.270,1,0,0,0,0,18,296,0,24,0
20-05 10:15:52,22.915,3.487,70.737,0.747,0,5311368,171260,174340,2356348,2422.978,1506.391,0,2327.334,0,107.599,2617,2464,1.240,1.750,1.270,2,0,0,0,0,18,296,0,24,0
20-05 10:15:53,24.034,2.754,71.852,0.751,0,5291412,174680,174896,2372128,2481.521,1460.072,4.006,2038.893,1.001,82.117,2485,2374,1.240,1.750,1.270,1,0,0,0,0,18,296,0,24,0
20-05 10:15:54,23.987,2.499,70.961,0.999,0,5295112,154032,175344,2388476,2610.580,1511.178,0,1846.995,0,74.959,2502,2240,1.240,1.750,1.270,2,0,0.999,0,0,18,296,0,24,0
20-05 10:15:55,23.847,2.761,71.791,0.251,0.251,5287632,175468,175544,2374164,3029.292,1638.649,0,947.846,0,36.147,2330,1987,1.240,1.750,1.270,1,0,2.008,0,0,18,295,0,24,0
20-05 10:15:56,21.172,3.487,74.726,0,0,5300444,162648,175544,2374172,6887.782,2839.603,0,15.942,0,2.989,2271,1785,1.220,1.740,1.270,1,0,32.880,0,0,18,296,0,24,0
20-05 10:15:57,20.927,3.488,73.493,0.249,0,5288992,168460,175620,2379744,4124.580,2461.395,0,7258.623,0,359.742,2245,1637,1.220,1.740,1.270,1,0,0.997,0,0,18,295,0,20,0
20-05 10:15:58,21.824,3.512,73.500,0,0,5281332,176048,175620,2379896,3034.325,2542.652,0,0,0,0,2169,1632,1.220,1.740,1.270,1,0,18.061,0,0,18,296,0,20,0
20-05 10:15:59,19.999,2.750,75.746,0.250,0,5284112,167692,176012,2384984,9205.549,3496.829,0,1531.925,0,41.998,2160,1997,1.220,1.740,1.270,2,0,2.000,0,0,18,295,0,20,0
20-05 10:16:00,24.548,6.262,68.383,0.250,0,5268348,182916,176040,2385480,4694.137,1514.949,32.062,1699.308,1.002,23.045,10333,19147,1.220,1.740,1.270,1,0,12.023,0,0,18,295,0,20,0
20-05 10:16:01,22.464,6.240,68.142,0.250,0,5290532,160520,176112,2385620,2593.876,1455.686,0,355.435,0,8.986,10233,18669,1.200,1.730,1.270,2,0,15.975,0,0,18,295,0,19,0
20-05 10:16:02,22.197,5.238,71.580,0.499,0,5270976,191484,176116,2374300,2715.540,1548.317,0,1161.238,0,35.915,2477,2188,1.200,1.730,1.270,1,0,5.986,0,0,18,295,0,19,0
20-05 10:16:03,21.285,4.007,71.367,2.504,0,5272476,189204,176116,2375080,2556.179,1514.476,757.238,344.563,70.115,27.044,3098,3003,1.200,1.730,1.270,2,0,50.082,0,0,18,295,0,19,0
20-05 10:16:04,25.274,4.754,67.814,0,0,5275992,185676,176116,2375092,2660.509,1459.376,0,288.272,0,8.008,9864,18264,1.200,1.730,1.270,1,0,10.009,0,0,18,295,0,19,0
20-05 10:16:05,18.225,3.246,77.145,0,0,5289572,172084,176116,2375104,8283.764,3629.078,0,223.697,0,9.986,2116,1721,1.200,1.730,1.270,1,0,32.955,0,0,18,296,0,15,0
20-05 10:16:06,23.862,3.014,72.087,0,0,5288840,167088,176116,2380832,2953.825,1639.675,0,1205.643,0,33.155,2211,1803,1.190,1.710,1.270,1,0,2.009,0,0,18,295,0,15,0
20-05 10:16:07,17.935,2.989,77.717,0.249,0,5294708,161216,176116,2380836,9615.031,4514.581,0,1155.797,0,158.424,2193,1848,1.190,1.710,1.270,3,0,16.938,0,0,18,296,0,15,0
20-05 10:16:08,25.474,4.246,67.680,0,0,5292572,158216,176116,2385908,2785.127,1738.207,0,1006.961,0,24.974,9161,16745,1.190,1.710,1.270,2,0,5.994,0,0,18,295,0,15,0
20-05 10:16:09,23.510,5.252,70.279,0,0,5284272,166056,176116,2386368,2539.064,1458.611,0,580.243,0,18.008,4935,7373,1.190,1.710,1.270,2,0,13.005,0,0,18,295,0,12,0
20-05 10:16:10,23.276,6.007,68.326,0,0,5284092,166056,176128,2386536,2617.901,1459.617,0,380.422,0,19.021,7504,12816,1.190,1.710,1.270,1,0,15.017,0,0,18,295,0,12,0
20-05 10:16:11,21.951,4.739,72.089,0,0,5251040,210592,176152,2375108,2785.762,1508.622,0,335.249,0,11.973,2141,1741,1.170,1.700,1.270,3,0,4.989,0,0,18,295,0,12,0
20-05 10:16:12,24.511,3.001,71.281,0.250,0,5266816,194788,176160,2375132,4159.826,1458.640,0,11749.157,0,82.036,2369,1847,1.170,1.700,1.270,1,0,17.007,0,0,18,295,0,12,0
20-05 10:16:13,21.104,6.783,71.602,0,0,5269716,191892,176160,2375128,2490.243,1465.204,0,265.304,0,18.089,3295,2945,1.170,1.700,1.270,1,0,95.469,0,0,18,295,0,10,0
20-05 10:16:14,23.230,3.747,71.939,0.500,0,5278876,173004,176160,2384824,2535.865,1456.773,0,1402.819,0,37.968,2586,2514,1.170,1.700,1.270,1,0,2.997,0,0,18,295,0,10,0
20-05 10:16:15,20.499,2.250,76.245,0.250,0,5271372,179108,176180,2386172,8276.405,3704.734,0,595.957,0,17.999,2191,1967,1.170,1.700,1.270,1,0,15.999,0,0,18,295,0,10,0
20-05 10:16:16,13.948,1.245,83.192,0.249,0,5285788,164460,176220,2386364,18847.195,10340.701,0,1044.133,0,29.889,1548,1454,1.160,1.690,1.260,3,0,0,0,0,18,296,0,10,0
20-05 10:16:17,11.497,2.250,83.482,0.750,0,5293420,156356,176312,2386720,18045.037,12078.348,0,1759.614,0,56.987,1930,1953,1.160,1.690,1.260,0,0,5.999,0,0,18,296,0,9,0
20-05 10:16:18,7.504,1.251,89.546,0.750,0,5288232,161328,176352,2386892,145343.950,9706.005,0,1420.733,0,160.083,1602,1599,1.160,1.690,1.260,1,0,0,0,0,18,297,0,9,0
20-05 10:16:19,8.252,1.000,89.276,0.250,0,5285448,163952,176356,2387044,18928.457,6998.018,0,872.251,0,34.010,1331,1463,1.160,1.690,1.260,1,0,0,0,0,18,297,0,9,0
20-05 10:16:20,18.746,1.500,77.732,0.500,0,5302472,146768,176356,2387184,14598.683,9247.899,0,1031.766,0,37.991,1823,1547,1.160,1.690,1.260,2,0,0,0,0,18,297,0,9,0
20-05 10:16:21,18.768,1.501,78.828,0.500,0,5308548,140412,176356,2387460,14724.512,9897.755,0,992.979,0,30.030,1779,1521,1.140,1.680,1.260,0,0,0,0,0,18,297,0,7,0
20-05 10:16:22,7.745,2.249,87.444,0.750,0,5307640,140832,176464,2387820,320057.638,14845.475,0,48265.031,0,245.842,2127,2115,1.140,1.680,1.260,0,0,0,0,0,18,297,0,7,0
20-05 10:16:23,8.243,1.749,85.181,1.998,0,5307200,140608,176800,2388132,115273.961,19493.267,27.977,2725.800,3.997,131.894,2045,2411,1.140,1.680,1.260,2,0,0,0,0,18,297,0,7,0
20-05 10:16:24,16.272,1.752,80.358,1.001,0,5305700,133080,176916,2397008,87749.407,12993.533,104.141,1550.092,6.008,59.080,2010,1932,1.140,1.680,1.260,0,0,2.003,0,0,18,297,0,7,0
20-05 10:16:25,4.227,2.238,88.277,0.497,0,5307788,125448,176936,2402512,2991423.835,69503.736,0,1850.091,0,23.872,5812,4686,1.140,1.680,1.260,1,0,0.995,0,0,18,297,0,5,0
20-05 10:16:26,3.515,1.758,92.149,0,0,5304104,124524,176936,2407120,2473689.979,78662.957,0,4.017,0,1.004,5072,3495,1.050,1.650,1.260,1,0,0,0,0,18,297,0,5,0
20-05 10:16:27,4.001,3.251,89.520,0.250,0,5299700,124964,176992,2410996,2069311.904,50221.477,0,46738.681,0,416.095,4416,4529,1.050,1.650,1.260,0,0,2.000,0,0,18,297,0,5,0
20-05 10:16:28,1.998,1.249,93.893,0,0,5294324,126244,176992,2415092,2085944.407,59056.686,0,0,0,0,3914,2155,1.050,1.650,1.260,0,0,0,0,0,18,297,0,5,0
20-05 10:16:29,18.829,6.025,73.056,0,0,5309120,138348,176992,2388584,2474622.403,64954.467,257.078,1654.942,2.008,163.687,5739,4316,1.050,1.650,1.260,1,0,5.021,0,0,18,297,0,4,0
20-05 10:16:30,21.696,6.484,68.578,0,0.249,5298220,145136,176992,2392828,2456059.506,84463.831,510.717,115.709,3.990,13.965,5545,4188,1.050,1.650,1.260,3,0,5.985,0,0,18,297,0,4,0
20-05 10:16:31,12.492,3.997,78.949,0.750,0,5287928,167072,177004,2381832,2411972.171,93245.350,255.834,6899.512,1.999,114.925,5054,4722,0.970,1.620,1.250,0,1,0.999,0,0,18,297,0,4,0
20-05 10:16:32,4.749,2.249,88.478,1.500,0.250,5299728,155996,177048,2381076,1583100.068,39032.238,167.958,6826.293,4.999,31.992,3909,3480,0.970,1.620,1.250,0,0,1.000,0,0,18,297,0,4,0
20-05 10:16:33,17.022,2.253,79.352,0.501,0,5294048,157628,177220,2384920,552960.976,17146.954,4.005,1938.482,1.001,67.086,2513,2586,0.970,1.620,1.250,2,0,1.001,0,0,18,297,0,3,0
20-05 10:16:34,22.477,2.997,72.426,1.249,0,5300612,139040,179928,2393924,4510.420,1456.521,0,4559.370,0,106.891,2356,2317,0.970,1.620,1.250,1,0,0.999,0,0,18,297,0,3,0
20-05 10:16:35,24.016,3.002,72.298,0.250,0,5306524,146596,180600,2379388,2274.514,1296.863,0,1292.861,0,30.020,2202,1865,0.970,1.620,1.250,2,0,0,0,0,18,297,0,3,0
20-05 10:16:36,24.315,3.008,72.444,0.251,0,5307156,132584,180884,2391740,2364.340,1461.920,0,288.774,0,12.032,2156,1793,0.970,1.610,1.250,2,0,0,0,0,18,297,0,3,0
20-05 10:16:37,23.675,2.243,71.773,0.249,0,5298048,123608,181300,2408516,2290.762,1453.407,0,1375.653,0,53.830,2344,2120,0.970,1.610,1.250,2,0,0,0,0,18,297,0,3,0
20-05 10:16:38,23.262,3.252,72.289,0.750,0,5298628,126852,181856,2404452,2077.111,1296.693,0,1604.858,0,63.034,2241,2012,0.970,1.610,1.250,2,0,0,0,0,18,297,0,3,0
20-05 10:16:39,23.761,3.752,70.781,0.750,0,5293520,124552,182456,2411032,2419.071,1458.646,0,2625.162,0,229.101,2510,2254,0.970,1.610,1.250,2,0,1.000,0,0,18,297,0,3,0
20-05 10:16:40,34.025,6.004,59.294,0.250,0,5308920,130996,182804,2389552,2214.641,1296.961,0,824.611,0,32.024,3542,14558,0.970,1.610,1.250,3,0,39.029,0,0,18,297,0,4,0
20-05 10:16:41,26.785,2.503,68.589,0.250,0,5306016,130988,184108,2390204,2541.306,1459.899,0,1906.480,0,32.042,2667,2664,1.130,1.630,1.260,3,0,2.003,0,0,18,297,0,6,0
20-05 10:16:42,25.194,2.245,72.339,0,0,5301700,128564,184324,2395980,3987.134,1293.124,0,686.473,0,11.973,2150,1876,1.130,1.630,1.260,1,0,0,0,0,18,297,0,3,0
20-05 10:16:43,23.962,3.494,71.387,0.998,0,5302232,139800,185136,2383068,2713.709,1455.698,0,2368.256,0,90.856,2514,2445,1.130,1.630,1.260,2,0,0,0,0,18,297,0,3,0
20-05 10:16:44,24.075,3.009,71.472,0.752,0,5329136,136860,185736,2357848,3009.336,1649.116,0,2082.460,0,83.258,2502,2502,1.130,1.630,1.260,3,0,1.003,0,0,18,295,0,3,0
20-05 10:16:45,23.203,3.742,71.854,0,0,5302152,163832,185736,2357864,2849.211,1496.958,7.984,395.197,1.996,13.972,2438,2098,1.130,1.630,1.260,1,0,18.961,0,0,18,295,0,3,0
20-05 10:16:46,18.826,2.259,77.814,0.251,0,5309884,151392,185776,2362292,9697.106,3727.030,0,1241.005,0,11.045,1845,1467,1.120,1.620,1.260,1,0,17.069,0,0,18,295,0,3,0
20-05 10:16:47,23.619,2.735,72.350,0,0,5320460,139400,185796,2363600,2376.844,1342.569,0,465.424,0,10.939,2158,1766,1.120,1.620,1.260,8,0,1.989,0,0,18,295,0,3,0
20-05 10:16:48,18.519,3.504,77.079,0.501,0,5323120,130492,186104,2368636,9105.341,4589.709,4.004,12364.685,1.001,83.085,2140,1749,1.120,1.620,1.260,2,0,17.017,0,0,18,295,0,3,1
20-05 10:16:49,22.769,6.505,68.057,0,0,5313492,139692,186144,2368988,2480.086,1405.182,0,0,0,0,9776,18062,1.120,1.620,1.260,1,0,13.011,0,0,18,295,0,3,0
20-05 10:16:50,23.062,4.512,71.190,0,0,5313592,139288,186200,2369152,2473.598,1353.611,0,938.503,0,171.457,4672,6820,1.120,1.620,1.260,2,0,5.013,0,0,18,295,0,3,0
20-05 10:16:51,21.926,6.727,69.018,0.249,0,5308624,144172,186204,2369240,4249.744,1399.306,0,2264.404,0,8.970,7860,13595,1.110,1.610,1.250,2,0,7.973,0,0,18,295,0,3,0
20-05 10:16:52,21.012,5.503,72.793,0,0,5295040,162324,186216,2364624,2317.359,1296.761,0,352.207,0,11.006,2103,1586,1.110,1.610,1.250,2,0,7.004,0,0,18,295,0,3,0
20-05 10:16:53,22.758,3.751,72.025,1.000,0,5262724,201892,186216,2358424,3877.342,1296.449,248.086,960.332,4.001,16.006,2213,1866,1.110,1.610,1.250,1,0,6.002,0,0,18,295,0,3,0
20-05 10:16:54,22.410,4.980,70.965,0.747,0,5283260,178636,186220,2361108,4173.257,1344.605,430.274,1541.814,13.944,19.920,2176,1911,1.110,1.610,1.250,1,0,0.996,0,0,18,295,0,3,0
20-05 10:16:55,23.895,4.024,69.926,0.755,0,5279908,181452,186220,2361648,4307.217,1412.598,350.131,1360.280,24.147,107.655,5545,7399,1.110,1.610,1.250,1,0,0,0,0,18,298,0,9,0
20-05 10:16:56,23.510,5.002,66.778,2.251,0,5241572,219040,186220,2362396,2617.095,1296.542,576.241,3149.317,28.012,327.137,6405,9355,1.100,1.600,1.250,1,0,31.013,0,0,18,297,0,10,0
20-05 10:16:57,9.490,20.477,68.924,0,0,5242312,218160,186220,2362536,2503.241,1294.573,3.996,23.974,0.999,2.997,5731,4632,1.100,1.600,1.250,1,0,375.586,0,0,18,297,0,10,0
20-05 10:16:58,13.282,6.516,71.173,7.769,0,5242492,211364,186220,2369164,2321.628,1369.319,6624.057,224.544,911.209,4.010,3402,3862,1.100,1.600,1.250,0,1,42.102,0,0,18,297,0,12,0
20-05 10:16:59,4.478,2.488,88.569,2.239,0.249,5223140,226520,186228,2373348,2688.919,2353.550,4171.705,4255.298,766.272,197.041,2630,4203,1.100,1.600,1.250,0,0,5.971,0,0,18,298,0,12,0
20-05 10:17:00,1.500,1.000,95.981,0.500,0,5212684,236976,186228,2373348,5898.847,2077.594,0,107.979,0,15.997,1249,1862,1.100,1.600,1.250,0,0,0,0,0,18,298,0,12,0
20-05 10:17:01,3.250,1.500,92.997,0.500,0,5213124,236528,186232,2373352,41582.601,5798.805,4.000,2091.930,1.000,340.989,1719,2024,1.090,1.590,1.250,1,0,3.000,0,0,18,298,0,12,0
20-05 10:17:02,9.762,5.507,81.100,2.753,0,5201368,247892,186248,2373732,89339.992,4280.270,124.153,488.602,4.005,6.007,2460,2244,1.090,1.590,1.250,4,0,29.036,0,0,18,293,0,15,0
20-05 10:17:03,51.655,7.736,38.430,1.248,0,4856492,593044,186248,2373332,1850.609,1131.926,3.993,12780.581,0.998,289.470,3902,3062,1.090,1.590,1.250,2,1,5.989,0,0,18,268,0,18,0
20-05 10:17:04,82.271,9.782,8.026,0,0,4890740,558812,186248,2373676,2263.462,1300.287,4.013,385.270,1.003,29.096,4903,2751,1.090,1.590,1.250,4,0,9.030,0,0,18,262,0,18,0
20-05 10:17:05,91.390,7.491,0.499,0,0,5009956,439544,186248,2373804,2348.177,1132.638,79.904,47.942,2.996,3.995,4916,2134,1.090,1.590,1.250,4,0,0,0,0,18,264,0,19,0
20-05 10:17:06,84.300,12.007,0.500,3.752,0,5153468,294044,186260,2375780,28875.275,16117.643,864.517,1028.615,26.016,66.040,7320,7148,1.490,1.670,1.280,5,0,7.004,0,0,18,264,0,24,0
20-05 10:17:07,87.458,8.771,3.007,0,0,5123884,322416,186260,2376996,56998.337,27162.495,0,284.676,0,25.060,7273,8608,1.490,1.670,1.280,2,0,3.007,0,0,18,257,0,31,0
20-05 10:17:08,43.666,5.739,49.904,0,0,5172792,273024,186260,2377464,59319.918,28167.829,0,54587.021,0,285.451,4257,4365,1.490,1.670,1.280,2,0,0,0,0,18,260,0,31,0
20-05 10:17:09,43.476,4.498,50.473,0,0,5229948,215824,186260,2377508,49000.421,23947.010,0,2022.903,0,7.996,4325,4078,1.490,1.670,1.280,2,0,0.999,0,0,18,270,0,31,0
20-05 10:17:10,24.948,3.243,69.356,0.748,0,5229360,215304,186260,2378616,35146.200,15747.382,31.934,1584.718,1.996,125.740,5297,9082,1.490,1.670,1.280,0,0,0,0,0,18,272,0,32,0
20-05 10:17:11,2.251,1.000,95.540,0.250,0,5229336,215328,186260,2378616,4934.066,972.407,0,10620.447,0,1206.505,1753,1530,1.370,1.640,1.270,0,0,0,0,0,18,272,0,32,0
20-05 10:17:12,1.250,0.750,96.493,0.500,0,5229584,215076,186260,2378620,1973.855,1133.917,0,2139.843,0,96.993,1059,1677,1.370,1.640,1.270,0,0,0,0,0,18,272,0,32,0
20-05 10:17:13,1.506,3.514,93.630,0.502,0,5230780,213816,186264,2378644,2042.295,1138.625,4.016,98166.729,1.004,821.336,2418,2972,1.370,1.640,1.270,0,0,0,0,0,18,272,0,32,0
20-05 10:17:14,1.989,0.249,94.961,0.249,0,5231028,213568,186264,2378644,1994.674,1020.207,0,1392.096,0,34.802,1331,2021,1.370,1.640,1.270,1,0,0.994,0,0,18,272,0,32,0
20-05 10:17:15,1.250,1.000,96.235,0,0,5231028,213568,186264,2378644,2156.673,1079.836,0,83.987,0,11.998,1194,1796,1.370,1.640,1.270,0,0,0,0,0,18,272,0,32,0
20-05 10:17:16,1.500,1.000,96.499,0.250,0,5231012,213568,186268,2378656,2213.973,1133.986,0,203.998,0,23.000,1116,1759,1.260,1.610,1.260,0,0,0,0,0,18,272,0,32,0
20-05 10:17:17,1.252,1.753,95.685,0,0,5231516,213064,186268,2378656,1949.769,1027.987,0,0,0,0,1090,1376,1.260,1.610,1.260,0,0,6.012,0,0,18,272,0,32,0
20-05 10:17:18,0.999,0.500,96.700,0,0,5231516,213064,186268,2378656,2018.965,1079.447,0,375.807,0,23.988,949,1342,1.260,1.610,1.260,0,0,0,0,0,18,272,0,32,0
20-05 10:17:19,1.750,1.250,93.238,3.750,0,5230616,213964,186268,2378656,2093.725,1133.851,0,10502.620,0,60.992,1096,1447,1.260,1.610,1.260,1,0,0,0,0,18,272,0,32,0
20-05 10:17:20,2.502,0.751,95.065,0,0,5231204,213368,186268,2378660,2010.367,972.661,0,672.457,0,41.028,1452,2211,1.260,1.610,1.260,0,0,0,0,0,18,272,0,32,0
20-05 10:17:21,1.499,0.750,96.690,0,0,5231196,213368,186268,2378668,3771.653,1133.295,0,0,0,0,974,1316,1.160,1.580,1.260,1,0,0,0,0,18,272,0,32,0
20-05 10:17:22,1.500,0.750,96.252,0.250,0,5231196,213368,186268,2378668,1886.049,1026.027,0,96.002,0,12.000,1116,1705,1.160,1.580,1.260,0,0,0,0,0,18,272,0,32,0
20-05 10:17:23,1.501,0.751,95.815,0,0,5231192,213368,186268,2378672,1961.335,1080.735,0,132.090,0,18.012,1162,1707,1.160,1.580,1.260,0,0,0,0,0,18,272,0,32,0
20-05 10:17:24,1.749,1.250,96.216,0.250,0,5231192,213368,186268,2378672,2065.280,1025.643,0,319.889,0,24.991,1065,1510,1.160,1.580,1.260,1,0,1.000,0,0,18,272,0,32,0
20-05 10:17:25,1.500,0.750,96.499,0,0,5231412,213144,186268,2378676,2156.973,1079.987,0,2899.964,0,22.000,963,1371,1.160,1.580,1.260,0,0,0,0,0,18,272,0,32,0
20-05 10:17:26,1.000,1.250,96.276,0.250,0,5231360,213144,186268,2378728,2006.541,1026.277,48.013,388.105,2.001,31.008,1132,1806,1.060,1.560,1.250,1,0,0,0,0,18,272,0,32,0
20-05 10:17:27,2.759,3.511,91.285,1.003,0,5234456,209868,186268,2378908,2086.519,1083.385,180.564,32.100,9.028,4.013,1750,1893,1.060,1.560,1.250,3,0,55.172,0,0,18,272,0,32,0
20-05 10:17:28,8.999,19.997,68.989,0,0,5249956,194336,186268,2378940,1885.711,1025.843,0,0,0,0,6209,5295,1.060,1.560,1.250,1,0,489.925,0,0,18,272,0,32,0
20-05 10:17:29,9.258,19.017,69.811,0,0,5253928,190332,186268,2378972,1901.666,1080.947,0,336.295,0,27.024,6570,6003,1.060,1.560,1.250,1,0,501.439,0,0,18,272,0,32,0
20-05 10:17:30,8.496,21.240,68.218,0.500,0,5253608,190604,186272,2379016,1782.172,1025.523,0,487.773,0,48.977,6964,6628,1.060,1.560,1.250,1,0,546.746,0,0,18,272,0,32,0
20-05 10:17:31,7.249,21.497,69.240,0.250,0,5259444,184716,186272,2379068,2259.671,1079.843,23.997,39.994,2.000,3.999,6407,5666,1.060,1.550,1.250,1,0,521.924,0,0,18,272,0,32,0
20-05 10:17:32,4.474,6.213,70.335,16.900,0,5261136,130228,186412,2431724,1815.300,1019.988,52220.207,1507.117,419.527,247.541,2821,3074,1.060,1.550,1.250,1,1,79.531,0,0,18,272,0,32,0
20-05 10:17:33,22.604,2.512,71.076,3.265,0,5281492,130812,186384,2410868,5404.795,1084.978,5738.325,136.627,47.217,17.078,2369,2021,1.060,1.550,1.250,0,1,8.037,0,0,18,272,0,32,0
20-05 10:17:34,6.487,3.244,86.828,2.246,0,5276768,135400,186384,2411004,2553.951,1698.642,127.747,279.448,9.980,14.970,2068,2213,1.060,1.550,1.250,1,0,18.963,0,0,18,273,0,32,0
20-05 10:17:35,1.500,0.500,96.237,0,0,5276772,135400,186384,2411004,97785.745,4841.344,0,3423.536,0,97.987,1206,1485,1.060,1.550,1.250,1,0,0,0,0,18,273,0,32,0
20-05 10:17:36,2.250,1.500,94.763,0.250,0,5266052,145728,186384,2411436,317210.136,8101.076,32.004,532.071,1.000,42.006,1662,2124,0.970,1.520,1.240,0,0,0,0,0,18,273,0,32,0
20-05 10:17:37,1.751,1.251,95.291,0,0,5265852,145488,186384,2411876,472639.583,12317.306,0,40.017,0,4.002,1867,1989,0.970,1.520,1.240,1,0,0,0,0,18,273,0,32,0
20-05 10:17:38,1.750,1.250,94.485,0,0,5265760,144984,186384,2412472,636194.093,15729.480,0,7.999,0,2.000,1801,2146,0.970,1.520,1.240,0,0,0,0,0,18,273,0,32,0
20-05 10:17:39,4.509,2.505,91.435,0,0,5264616,145460,186384,2413140,700473.975,19131.701,0,2136.322,0,8.016,2376,2917,0.970,1.520,1.240,0,0,3.006,0,0,18,273,0,32,0
20-05 10:17:40,12.507,4.252,82.543,0.500,0,5268740,141296,186384,2413180,35281.416,2351.227,0,760.397,0,63.033,3162,9585,0.970,1.520,1.240,2,0,37.019,0,0,18,273,0,33,0
20-05 10:17:41,5.980,3.488,87.212,1.744,0,5300496,135400,185904,2388172,147591.337,4772.264,3.987,155.487,0.997,13.954,1951,2273,0.980,1.510,1.240,1,0,1.993,0,0,18,273,0,33,0
20-05 10:17:42,2.005,1.002,94.971,0,0,5300116,135400,185904,2388552,394519.833,10157.631,0,100.233,0,12.028,1528,1756,0.980,1.510,1.240,0,0,0,0,0,18,273,0,33,0
20-05 10:17:43,1.998,1.248,94.385,0,0,5299612,135400,185904,2389056,537069.461,13112.020,0,115.859,0,11.985,1953,2160,0.980,1.510,1.240,3,0,0,0,0,18,273,0,30,0
20-05 10:17:44,2.503,0.751,94.624,0.250,0,5300076,134648,185904,2389344,302181.654,8932.725,0,1542.024,0,24.032,1724,2279,0.980,1.510,1.240,0,0,1.001,0,0,18,273,0,30,0
20-05 10:17:45,1.996,0.998,95.565,0.250,0,5300248,134396,185904,2389424,85831.966,4125.021,0,331.359,0,23.954,1411,2010,0.980,1.510,1.240,0,0,0,0,0,18,273,0,30,0
20-05 10:17:46,1.999,0.999,95.436,0.250,0,5300060,134396,185904,2389612,197736.752,5528.303,0,407.727,0,19.987,1366,1958,0.900,1.490,1.230,0,0,0,0,0,18,273,0,30,0
20-05 10:17:47,1.251,0.750,95.804,0,0,5300232,134144,185904,2389692,96690.875,3578.031,0,244.139,0,11.006,1139,1523,0.900,1.490,1.230,0,0,0,0,0,18,273,0,30,0
20-05 10:17:48,2.250,1.250,94.995,0.250,0,5300556,133444,185904,2390068,383439.480,10319.502,0,1735.916,0,206.990,1914,1953,0.900,1.490,1.230,0,0,0,0,0,18,273,0,30,0
20-05 10:17:49,1.500,1.250,96.779,0,0,5300520,133444,185904,2390104,37283.262,1992.602,0,104.031,0,5.002,1024,1356,0.900,1.490,1.230,0,0,0,0,0,18,273,0,30,0
20-05 10:17:50,2.749,0.999,92.951,0.500,0,5298700,135072,185908,2390292,198992.617,6248.722,3.998,851.553,0.999,53.972,1864,2490,0.900,1.490,1.230,2,0,0,0,0,18,272,0,31,0
20-05 10:17:51,14.576,8.042,71.122,6.032,0,5329476,117300,185968,2377544,1821.536,977.115,5677.724,14507.952,72.379,95.500,3255,3297,0.910,1.480,1.230,1,0,41.216,0,0,18,272,0,31,0
20-05 10:17:52,8.501,15.002,69.510,4.501,0,5321904,121472,186324,2380716,1752.243,972.135,1988.276,17974.495,37.005,1601.222,8400,11237,0.910,1.480,1.230,2,0,120.017,0,0,18,272,0,31,0
20-05 10:17:53,20.449,8.977,67.331,1.746,0,5330840,133176,186480,2360128,2046.850,969.560,259.347,6336.058,12.967,600.489,4749,5538,0.910,1.480,1.230,2,0,50.872,0,0,18,272,0,31,0
20-05 10:17:54,26.495,7.249,64.738,1.000,0,5340348,123120,186492,2360648,1991.624,971.817,3.999,1471.722,1.000,91.983,3602,3007,0.910,1.480,1.230,1,0,31.994,0,0,18,272,0,31,0
20-05 10:17:55,25.503,6.751,66.509,0.500,0,5338264,124432,186540,2361340,2069.270,972.127,0,1152.151,0,70.009,3150,2586,0.910,1.480,1.230,2,0,24.003,0,0,18,272,0,25,0
20-05 10:17:56,23.519,6.255,67.805,1.001,0,5326444,135312,186612,2362188,2187.779,1026.835,80.065,4051.294,3.002,209.170,3525,3454,0.910,1.470,1.230,2,0,20.016,0,0,18,272,0,25,0
20-05 10:17:57,26.036,5.007,68.093,0.501,0,5334504,124812,186840,2364352,2054.818,973.335,0,853.170,0,34.047,3005,2717,0.910,1.470,1.230,1,0,16.022,0,0,18,272,0,25,0
20-05 10:17:58,21.421,3.487,72.233,1.993,0,5319492,137048,186872,2367064,1865.111,968.423,103.617,314.837,21.919,9.963,2027,1643,0.910,1.470,1.230,1,0,1.993,0,0,18,272,0,25,0
20-05 10:17:59,18.562,8.780,68.480,2.258,0,5390832,120648,186876,2314056,1697.709,975.280,112.378,5634.948,28.094,118.398,4644,5879,0.910,1.470,1.230,2,0,19.064,0,0,18,272,0,22,0
20-05 10:18:00,17.504,7.502,70.266,3.501,0.250,5390512,119696,187036,2314372,1889.429,972.221,336.076,440.100,21.005,45.010,3350,3388,0.910,1.470,1.230,1,0,40.009,0,0,18,272,0,22,0
20-05 10:18:01,14.432,7.713,72.407,3.981,0,5362260,142348,187040,2317088,2042.332,967.421,234.888,2691.261,11.943,12.939,2323,1888,0.920,1.460,1.230,1,0,29.859,0,0,18,272,0,22,0
20-05 10:18:02,26.008,1.751,70.772,0.750,0,5383092,121452,187044,2317148,1990.612,1066.328,56.017,612.188,2.001,43.013,2295,2015,0.920,1.460,1.230,0,1,3.001,0,0,18,272,0,22,0
20-05 10:18:03,17.500,4.000,75.749,1.500,0,5333700,246348,187180,2241940,3557.960,971.989,155.998,211.998,15.000,11.000,2446,2090,0.920,1.460,1.230,0,0,17.000,0,0,18,272,0,22,0
20-05 10:18:04,1.250,0.750,95.966,0,0,5312528,267368,187180,2242096,2259.194,1079.615,0,1319.529,0,248.911,1260,1663,0.920,1.460,1.230,0,0,2.999,0,0,18,272,0,16,0
20-05 10:18:05,1.000,0.500,96.993,0.250,0,5311124,268772,187180,2242096,2322.822,1025.922,0,31.998,0,4.000,931,1294,0.920,1.460,1.230,0,0,0,0,0,18,272,0,16,0
20-05 10:18:06,1.501,1.001,96.575,0.250,0,5302404,277484,187180,2242104,2081.616,1080.839,0,2742.129,0,240.186,1190,1739,0.850,1.440,1.220,0,0,0,0,0,18,272,0,16,0
20-05 10:18:07,0.999,0.749,96.932,0,0,5302692,277244,187180,2242104,2074.540,1025.278,0,31.977,0,3.997,907,1302,0.850,1.440,1.220,1,0,0,0,0,18,272,0,16,0
20-05 10:18:08,1.250,0.500,96.517,0.250,0,5297068,282868,187180,2242104,1900.343,1080.195,0,36.006,0,4.001,932,1364,0.850,1.440,1.220,0,0,0,0,0,18,272,0,3,0
20-05 10:18:09,1.501,1.001,96.576,0,0,5294992,284940,187180,2242108,1915.512,1134.896,0,52.041,0,6.005,1073,1491,0.850,1.440,1.220,1,0,0,0,0,18,272,0,3,0
20-05 10:18:10,1.999,0.999,94.936,0.500,0,5294992,284940,187180,2242108,1827.770,971.346,0,471.683,0,46.968,1435,2170,0.850,1.440,1.220,0,0,0,0,0,18,272,0,3,0
20-05 10:18:11,1.250,0.250,97.026,0,0,5290952,288980,187180,2242108,2154.580,1134.306,0,0,0,0,893,1279,0.780,1.410,1.210,0,0,0,0,0,18,272,0,3,0
20-05 10:18:12,1.000,1.000,96.781,0,0,5289468,290460,187180,2242112,1826.581,1026.327,0,88.028,0,8.003,923,1326,0.780,1.410,1.210,0,0,0,0,0,18,272,0,2,0
20-05 10:18:13,1.999,0.500,96.455,0,0,5289408,290520,187180,2242112,2141.010,1079.501,0,91.957,0,11.994,1070,1533,0.780,1.410,1.210,0,0,0,0,0,18,272,0,2,0
20-05 10:18:14,1.750,1.250,95.486,0.250,0,5286880,293044,187180,2242116,2185.679,1025.849,0,447.934,0,35.995,1366,2009,0.780,1.410,1.210,0,0,1.000,0,0,18,272,0,2,0
20-05 10:18:15,1.751,1.000,96.040,0,0,5287104,292820,187180,2242116,2337.967,1080.447,0,572.237,0,122.050,1281,1795,0.780,1.410,1.210,1,0,0,0,0,18,272,0,2,0
20-05 10:18:16,1.250,0.500,96.998,0,0,5286684,293240,187180,2242116,2065.966,1025.983,0,0,0,0,939,1307,0.720,1.390,1.210,0,0,0,0,0,18,272,0,2,0
20-05 10:18:17,1.749,1.250,94.963,0.500,0.250,5279364,300576,187180,2242116,2199.147,1079.581,0,219.915,0,14.994,1215,1629,0.720,1.390,1.210,0,0,5.998,0,0,18,272,0,2,0
20-05 10:18:18,1.251,1.251,96.291,0,0,5279356,300576,187180,2242124,2154.918,1134.483,0,268.114,0,26.011,1144,1704,0.720,1.390,1.210,0,0,0,0,0,18,272,0,2,0
20-05 10:18:19,1.754,0.501,97.204,0.251,0,5279356,300576,187180,2242124,2010.212,1028.154,0,32.067,0,4.008,917,1316,0.720,1.390,1.210,0,0,0,0,0,18,272,0,2,0
20-05 10:18:20,2.244,0.748,94.730,0.249,0,5279356,300576,187180,2242124,2091.041,1076.931,0,422.795,0,43.875,1489,2274,0.720,1.390,1.210,0,0,0,0,0,18,272,0,2,0
20-05 10:18:21,1.501,0.751,96.829,0,0,5279352,300576,187180,2242128,1947.583,1026.835,0,36.029,0,1.001,879,1246,0.660,1.370,1.200,0,0,0,0,0,18,272,0,2,0
20-05 10:18:22,0.747,0.747,96.655,0,0,5279352,300576,187180,2242128,2038.723,1076.159,0,103.630,0,6.975,860,1248,0.660,1.370,1.200,0,0,0,0,0,18,272,0,2,0
20-05 10:18:23,2.509,0.502,96.584,0,0,5279348,300576,187180,2242132,1952.763,1029.566,0,156.542,0,23.080,1114,1625,0.660,1.370,1.200,1,0,0,0,0,18,272,0,2,0
20-05 10:18:24,1.248,0.499,96.060,0.250,0,5279344,300576,187180,2242136,2213.619,1077.867,0,215.573,0,16.966,1091,1534,0.660,1.370,1.200,0,0,0.998,0,0,18,272,0,2,0
20-05 10:18:25,1.748,1.249,96.644,0,0,5279344,300576,187180,2242136,2238.555,1132.763,0,563.385,0,118.870,1031,1418,0.660,1.370,1.200,0,0,0,0,0,18,272,0,2,0
20-05 10:18:26,0.752,0.502,97.299,0,0,5279344,300576,187180,2242136,1877.778,975.000,0,1950.000,0,19.059,920,1325,0.610,1.340,1.190,0,0,0,0,0,18,272,0,2,0
20-05 10:18:27,1.500,1.500,96.269,0,0,5284556,295360,187180,2242140,2034.409,1134.228,0,140.028,0,3.001,987,1357,0.610,1.340,1.190,0,0,0,0,0,18,272,0,2,0
20-05 10:18:28,1.499,0.750,96.191,0.250,0,5284556,295360,187180,2242140,1704.951,1025.369,0,271.833,0,23.985,1143,1764,0.610,1.340,1.190,0,0,0,0,0,18,272,0,2,0
20-05 10:18:29,1.750,0.750,96.732,0,0,5284556,295360,187180,2242140,2079.616,1079.801,0,79.985,0,11.998,1115,1652,0.610,1.340,1.190,0,0,0,0,0,18,272,0,2,0
20-05 10:18:30,2.501,0.750,94.271,0.500,0,5284552,295360,187180,2242144,1843.419,1026.233,0,348.079,0,43.010,1561,2342,0.610,1.340,1.190,0,0,0,0,0,18,272,0,2,0
20-05 10:18:31,2.251,1.751,95.529,0.250,0,5284468,295360,187180,2242228,2080.628,1080.326,80.024,62454.858,5.002,93.028,1200,1659,0.960,1.410,1.210,1,0,0,0,0,18,272,0,2,0
20-05 10:18:32,0.747,0.498,96.367,0.249,0,5284468,295360,187180,2242228,2117.582,1021.937,0,378.495,0,26.893,934,1398,0.960,1.410,1.210,0,0,0,0,0,18,272,0,2,0
20-05 10:18:33,5.772,2.008,90.600,1.255,0,5296740,283012,187184,2242300,2369.149,1138.396,68.264,453.752,8.031,32.124,1731,2237,0.960,1.410,1.210,0,1,5.019,0,0,18,272,0,2,0
20-05 10:18:34,12.248,4.000,72.491,9.999,0,5310932,265744,187608,2244952,4262.475,3413.579,3067.622,1111.863,548.932,15.998,2545,2913,0.960,1.410,1.210,0,0,3.000,0,0,18,273,0,2,0
20-05 10:18:35,18.052,3.009,77.725,0,0,5314984,261460,187608,2245192,9475.468,7617.081,32.093,152.442,2.006,3.009,3365,4327,0.960,1.410,1.210,1,0,1.003,0,0,18,277,0,2,0
20-05 10:18:36,19.181,3.737,73.236,2.242,0,5323280,253144,187608,2245212,6086.056,3834.175,19.928,2323.622,1.993,318.850,2433,2198,1.040,1.420,1.220,0,0,4.982,0,0,18,279,0,3,0
20-05 10:18:37,15.236,1.249,81.674,0,0,5331356,244616,187608,2245664,12981.929,9460.204,0,0,0,0,2064,1928,1.040,1.420,1.220,2,0,0,0,0,18,283,0,3,0
20-05 10:18:38,18.544,4.260,76.431,0,0,5326820,249040,187608,2245776,8968.203,8478.044,96.228,360.853,4.009,43.102,2746,2925,1.040,1.420,1.220,0,0,5.012,0,0,18,283,0,4,0
20-05 10:18:39,17.295,3.509,77.201,0.251,0.251,5320404,255312,187608,2245920,7347.109,5781.036,0,465.210,0,26.068,2845,2901,1.040,1.420,1.220,1,0,5.013,0,0,18,282,0,5,0
20-05 10:18:40,22.184,5.982,69.791,0.499,0,5313032,262680,187608,2245908,11843.518,10387.879,0,3102.705,0,224.328,4196,15305,1.040,1.420,1.220,2,0,40.878,0,0,18,282,0,6,0
20-05 10:18:41,15.233,3.496,79.910,0,0,5329164,246372,187608,2246100,12493.900,11152.414,0,0,0,0,2523,2561,0.960,1.390,1.210,2,0,2.997,0,0,18,283,0,6,0
20-05 10:18:42,19.343,4.271,75.866,0.251,0,5328396,247128,187608,2246112,4918.701,4416.280,0,217.046,0,20.097,2459,2403,0.960,1.390,1.210,1,0,6.029,0,0,18,283,0,9,0
20-05 10:18:43,38.062,5.224,55.227,0.249,0,5307300,268196,187608,2246140,11469.329,9541.853,0,334.348,0,37.813,3993,3440,0.960,1.390,1.210,3,0,20.897,0,0,18,282,0,11,0
20-05 10:18:44,50.864,13.029,35.079,0.251,0,5035108,540544,187608,2246164,2469.531,1407.152,16.036,232.521,4.009,28.063,4097,2754,0.960,1.390,1.210,3,0,7.016,0,0,18,264,0,13,0
20-05 10:18:45,77.753,9.750,11.250,0.750,0,4951392,624228,187608,2246248,2675.111,1458.060,64.003,364.015,7.000,32.001,4686,2682,0.960,1.390,1.210,7,0,2.000,0,0,18,258,0,13,0
20-05 10:18:46,91.966,7.518,0.251,0.752,0,5029592,545644,187608,2246696,2335.479,1395.273,76.179,2850.688,5.012,440.032,5532,2525,1.200,1.440,1.230,6,0,5.012,0,0,18,256,0,13,0
20-05 10:18:47,87.204,10.464,0,1.495,0,5065636,508124,187608,2248252,2409.822,1453.069,1646.413,761.416,78.733,46.841,4991,2684,1.200,1.440,1.230,5,0,11.959,0,0,18,254,0,13,0
20-05 10:18:48,88.899,9.794,0.502,0.753,0,5140344,426252,187608,2255448,2669.988,1506.765,5814.105,285.281,430.935,25.113,7649,9746,1.200,1.440,1.230,6,0,0,0,0,18,261,0,20,0
20-05 10:18:49,51.719,7.708,36.054,3.730,0,5240160,323972,187608,2257912,49653.238,25859.508,1639.095,230.746,58.681,24.865,5593,6187,1.200,1.440,1.230,2,0,2.984,0,0,18,262,0,24,0
20-05 10:18:50,38.501,3.250,56.501,0.250,0,5249332,313920,187608,2258792,60259.264,29964.629,36.001,228.005,6.000,25.001,5754,7875,1.200,1.440,1.230,0,0,0,0,0,18,268,0,26,0
20-05 10:18:51,15.258,2.001,81.541,0,0,5265168,298044,187608,2258832,42081.982,20130.037,0,1124.561,0,2.001,2076,1888,1.100,1.410,1.220,0,0,0,0,0,18,270,0,26,0
20-05 10:18:52,17.206,1.995,78.298,0.499,0,5267836,295272,187608,2258936,41669.363,19762.950,0,506.691,0,29.923,3209,3803,1.100,1.410,1.220,0,1,0,0,0,18,276,0,26,0
20-05 10:18:53,12.756,1.751,84.039,0.250,0,5267820,295272,187608,2258952,35400.508,15595.272,0,276.129,0,33.015,2135,2091,1.100,1.410,1.220,1,0,0,0,0,18,274,0,25,0
20-05 10:18:54,2.751,0.750,94.773,0.250,0,5267788,295272,187608,2258984,2598.633,1458.355,0,180.044,0,17.004,1298,1773,1.100,1.410,1.220,1,0,1.000,0,0,18,274,0,25,0
20-05 10:18:55,1.002,1.002,96.924,0,0,5267784,295272,187608,2258988,3974.145,1352.431,0,48.086,0,6.011,933,1356,1.100,1.410,1.220,0,0,0,0,0,18,274,0,25,0
20-05 10:18:56,1.999,0.750,96.722,0,0,5267784,295272,187608,2258988,2537.262,1457.576,0,443.871,0,27.992,1020,1419,1.020,1.390,1.210,0,0,0,0,0,18,274,0,25,0
20-05 10:18:57,2.249,1.000,95.453,0.250,0,5267784,295272,187608,2258988,2625.700,1457.278,0,115.943,0,12.994,1181,1672,1.020,1.390,1.210,1,0,1.000,0,0,18,274,0,25,0
20-05 10:18:58,1.001,0.501,96.878,0,0,5267784,295272,187608,2258988,2527.340,1405.858,0,32.042,0,4.005,891,1284,1.020,1.390,1.210,0,0,0,0,0,18,274,0,25,0
20-05 10:18:59,1.749,0.999,95.936,0.250,0,5267784,295272,187608,2258988,2356.424,1457.026,0,307.794,0,23.984,1199,1765,1.020,1.390,1.210,0,0,0.999,0,0,18,274,0,25,0
20-05 10:19:00,1.748,0.999,95.659,0.250,0,5267780,295272,187608,2258992,2524.608,1348.722,0,83.920,0,11.989,1220,1724,1.020,1.390,1.210,1,0,0,0,0,18,274,0,25,0
20-05 10:19:01,1.251,0.501,96.365,0,0,5267780,295272,187608,2258992,2721.255,1459.746,0,0,0,0,961,1309,0.930,1.360,1.210,1,0,0,0,0,18,274,0,25,0
20-05 10:19:02,1.248,0.749,96.881,0,0,5267780,295272,187608,2258992,2700.684,1402.278,0,179.779,0,11.985,963,1379,0.930,1.360,1.210,1,0,0,0,0,18,274,0,25,0
20-05 10:19:03,3.003,1.251,94.595,0.250,0,5268028,295020,187608,2258996,4466.463,1553.552,0,424.424,0,54.054,1639,2381,0.930,1.360,1.210,1,0,0,0,0,18,274,0,25,0
20-05 10:19:04,2.251,0.750,95.278,0,0,5268520,294516,187608,2259008,2570.759,1350.399,0,216.064,0,25.007,1342,1991,0.930,1.360,1.210,0,0,3.001,0,0,18,274,0,25,0
20-05 10:19:05,1.746,0.998,96.553,0,0,5268520,294516,187608,2259008,2789.308,1455.031,0,107.780,0,7.984,968,1339,0.930,1.360,1.210,1,0,0,0,0,18,274,0,25,0
20-05 10:19:06,1.252,1.002,96.654,0.250,0,5268520,294516,187608,2259008,4104.522,1460.321,0,476.758,0,22.035,1016,1382,0.860,1.340,1.200,0,0,0,0,0,18,274,0,25,0
20-05 10:19:07,7.751,8.502,75.264,6.751,0,5260484,302040,187752,2259328,2700.497,1642.302,416.077,9849.814,28.005,1165.215,3376,2783,0.860,1.340,1.200,1,2,72.013,0,0,18,270,0,27,0
20-05 10:19:08,44.713,4.246,47.960,2.248,0,4948864,613676,187752,2259388,3854.817,1808.507,91.924,7.993,3.997,1.998,3060,1691,0.860,1.340,1.200,1,0,7.993,0,0,18,270,0,27,0
20-05 10:19:09,22.279,4.005,72.094,0.250,0,5001108,561360,187752,2259460,2513.279,1672.182,72.094,128.167,5.007,6.008,2024,1674,0.860,1.340,1.200,1,0,0,0,0,18,270,0,27,0
20-05 10:19:10,20.006,4.251,72.023,2.251,0,5046516,515844,187752,2259600,2735.861,1638.515,136.043,68.021,16.005,6.002,1932,1585,0.860,1.340,1.200,1,0,2.001,0,0,18,270,0,27,0
20-05 10:19:11,24.596,4.518,69.772,0.502,0,5090420,470736,187752,2260824,2774.830,1409.501,192.752,0,15.059,0,4152,5839,0.870,1.340,1.200,1,0,15.059,0,0,18,274,0,29,0
20-05 10:19:12,22.911,5.230,70.973,0,0,5141684,419496,187752,2260848,2767.198,1452.331,0,549.854,0,44.825,2260,1800,0.870,1.340,1.200,1,0,5.977,0,0,18,274,0,29,0
20-05 10:19:13,24.732,3.248,70.198,0.250,0,5158160,403016,187752,2260852,2628.049,1488.895,0,379.718,0,42.968,2528,2506,0.870,1.340,1.200,2,0,0,0,0,18,274,0,29,0
20-05 10:19:14,22.503,2.500,73.510,0.250,0,5170820,390164,187752,2261044,3138.408,1458.189,0,300.039,0,33.004,2364,2294,0.870,1.340,1.200,1,0,2.000,0,0,18,274,0,29,0
20-05 10:19:15,1.750,0.750,95.748,0,0,5170816,390164,187752,2261048,2614.934,1457.963,0,199.995,0,19.999,1266,1818,0.870,1.340,1.200,0,0,0,0,0,18,274,0,29,0
20-05 10:19:16,1.250,0.750,96.781,0,0,5170816,390164,187752,2261048,2524.802,1404.446,0,184.058,0,1.000,960,1300,0.800,1.310,1.190,1,0,0,0,0,18,274,0,29,0
20-05 10:19:17,1.999,1.249,94.935,0.250,0.500,5168092,392888,187752,2261048,4089.185,1546.935,0,1055.274,0,128.911,1311,1578,0.800,1.310,1.190,0,0,5.996,0,0,18,274,0,29,0
20-05 10:19:18,1.250,0.750,97.035,0,0,5168092,392888,187752,2261048,6946.520,1350.490,0,48.017,0,4.001,867,1276,0.800,1.310,1.190,0,0,0,0,0,18,274,0,29,0
20-05 10:19:19,1.250,0.500,97.249,0,0,5168092,392888,187752,2261048,2357.981,1457.989,0,0,0,0,935,1300,0.800,1.310,1.190,1,0,0,0,0,18,274,0,29,0
20-05 10:19:20,1.250,0.750,96.487,0,0,5168088,392888,187752,2261052,2540.648,1403.805,0,3.999,0,1.000,962,1314,0.800,1.310,1.190,0,0,0,0,0,18,274,0,29,0
20-05 10:19:21,1.250,0.750,97.260,0,0,5168088,392888,187752,2261052,2838.296,1598.167,0,0,0,0,934,1239,0.740,1.290,1.180,1,0,0,0,0,18,274,0,29,0
20-05 10:19:22,2.500,1.000,95.255,0.250,0,5168088,392888,187752,2261052,2570.122,1350.064,0,296.014,0,26.001,1290,1848,0.740,1.290,1.180,0,0,0,0,0,18,274,0,29,0
20-05 10:19:23,2.500,1.500,94.010,0.250,0,5168088,392888,187752,2261052,4278.438,1458.149,0,280.029,0,41.004,1514,2357,0.740,1.290,1.180,0,0,0,0,0,18,276,0,29,0
20-05 10:19:24,1.750,1.000,94.478,1.250,0,5168080,392888,187752,2261060,2837.351,1457.667,0,2619.401,0,171.961,1622,2598,0.740,1.290,1.180,0,0,1.000,0,0,18,276,0,29,0
20-05 10:19:25,1.499,0.750,96.188,0,0,5168080,392888,187752,2261060,2899.126,1403.093,0,63.959,0,9.994,956,1375,0.740,1.290,1.180,0,0,0,0,0,18,276,0,29,0
20-05 10:19:26,1.252,0.751,97.368,0,0,5168080,392888,187752,2261060,2901.518,1459.770,0,4.005,0,1.001,914,1331,0.680,1.270,1.180,0,0,0,0,0,18,276,0,29,0
20-05 10:19:27,1.000,0.750,97.211,0,0,5168080,392888,187752,2261060,2389.034,1439.418,0,0,0,0,974,1334,0.680,1.270,1.180,2,0,0,0,0,18,276,0,29,0
20-05 10:19:28,1.750,0.750,97.010,0,0,5168080,392888,187752,2261060,2298.235,1458.149,0,0,0,0,940,1330,0.680,1.270,1.180,0,0,0,0,0,18,276,0,29,0
20-05 10:19:29,1.998,0.749,95.657,0.250,0,5168080,392888,187752,2261060,2401.662,1402.635,0,283.724,0,23.977,1146,1697,0.680,1.270,1.180,0,0,0,0,0,18,276,0,29,0
20-05 10:19:30,1.001,0.751,96.567,0.250,0,5168072,392888,187752,2261068,2676.859,1459.013,0,96.067,0,13.009,1092,1713,0.680,1.270,1.180,0,0,0,0,0,18,276,0,29,0
20-05 10:19:31,1.250,0.500,96.757,0,0,5168068,392888,187752,2261072,2330.158,1350.091,0,0,0,0,837,1221,0.620,1.250,1.170,0,0,0,0,0,18,276,0,29,0
20-05 10:19:32,2.249,1.000,95.221,0.250,0,5167292,393664,187752,2261072,2537.224,1457.554,0,4882.506,0,610.813,1634,1927,0.620,1.250,1.170,0,0,0,0,0,18,276,0,29,0
20-05 10:19:33,3.251,1.000,94.276,0.500,0,5167288,393664,187752,2261076,4039.121,1458.405,0,288.080,0,43.012,1525,2318,0.620,1.250,1.170,3,0,0,0,0,18,276,0,29,0
20-05 10:19:34,1.749,0.500,95.458,0.250,0,5167592,393356,187752,2261080,2462.909,1403.378,0,231.897,0,25.988,1380,2031,0.620,1.250,1.170,1,0,1.000,0,0,18,276,0,29,0
20-05 10:19:35,1.000,1.000,96.780,0,0,5167592,393356,187752,2261080,2555.795,1458.454,0,108.034,0,8.002,957,1351,0.620,1.250,1.170,0,0,0,0,0,18,276,0,29,0
20-05 10:19:36,1.500,0.500,97.026,0,0,5167592,393356,187752,2261080,2390.633,1350.357,0,284.075,0,16.004,931,1351,0.570,1.230,1.170,0,0,0,0,0,18,276,0,29,0
20-05 10:19:37,1.750,0.750,96.746,0,0,5167592,393356,187752,2261080,2657.893,1457.941,0,31.999,0,4.000,929,1276,0.570,1.230,1.170,0,0,0,0,0,18,276,0,29,0
20-05 10:19:38,3.258,7.268,87.714,0,0,5180180,380800,187752,2261080,2409.868,1637.988,0,8.020,0,2.005,2585,2467,0.570,1.230,1.170,2,0,130.317,0,0,18,276,0,27,0
20-05 10:19:39,16.695,10.216,71.514,0,0,5221988,338968,187752,2261104,2469.849,1453.204,0,67.776,0,6.977,3644,3156,0.570,1.230,1.170,1,0,180.405,0,0,18,276,0,27,0
20-05 10:19:40,23.016,3.753,72.550,0.250,0,5269140,291812,187752,2261108,4393.020,2040.403,0,68.047,0,6.004,2147,1604,0.570,1.230,1.170,2,0,14.010,0,0,18,277,0,27,0
20-05 10:19:41,22.249,4.500,71.998,0,0,5283468,277476,187752,2261116,11176.730,10069.757,0,0,0,0,3332,12374,0.530,1.210,1.160,0,0,21.999,0,0,18,277,0,30,0
20-05 10:19:42,22.336,5.019,70.774,0.502,0,5281736,278640,187752,2261684,3423.250,1877.266,513.989,943.652,31.120,113.439,5093,6859,0.530,1.210,1.160,1,0,1.004,0,0,18,277,0,26,0
20-05 10:19:43,42.802,7.217,46.285,1.991,0,5299808,260460,187752,2261792,3555.512,2595.962,47.778,581.304,2.986,70.672,4388,4661,0.530,1.210,1.160,2,0,27.871,0,0,18,276,0,27,0
20-05 10:19:44,41.053,7.510,49.564,1.001,0,5364644,195492,187752,2261924,8307.661,7689.868,112.144,304.391,5.006,33.042,3811,3417,0.530,1.210,1.160,2,0,7.009,0,0,18,279,0,28,0
20-05 10:19:45,41.494,5.499,51.992,0.250,0.250,5393200,166656,187760,2262192,35605.552,32965.956,63.990,919.859,3.999,57.991,4938,5367,0.530,1.210,1.160,2,0,2.000,0,0,18,276,0,39,0
20-05 10:19:46,11.523,18.036,68.887,0,0,5387548,172288,187760,2262212,2849.652,1527.029,0,412.819,0,26.052,5734,4689,0.560,1.200,1.160,1,0,359.714,0,0,18,276,0,33,0
20-05 10:19:47,11.715,9.472,77.271,0,0,5363280,196524,187764,2262240,15289.636,3286.250,0,31.905,0,5.982,3209,2643,0.560,1.200,1.160,1,0,112.666,0,0,18,276,0,35,0
20-05 10:19:48,23.017,4.003,71.553,1.001,0,5386228,173516,187764,2262300,2900.139,1459.076,52.038,3274.415,2.001,212.156,2398,2337,0.560,1.200,1.160,1,0,1.001,0,0,18,276,0,35,0
20-05 10:19:49,22.833,4.265,71.510,0.502,0,5414672,145040,187768,2262328,2639.590,1354.922,16.058,168.613,1.004,13.047,2266,1885,0.560,1.200,1.160,1,0,2.007,0,0,18,276,0,35,0
20-05 10:19:50,23.666,1.744,71.995,0.747,0,5427132,129576,187932,2265120,2844.916,1452.850,191.322,390.615,23.915,6.975,2115,1783,0.560,1.200,1.160,1,0,0,0,0,18,276,0,22,0
20-05 10:19:51,23.488,3.498,71.712,0,0,5421932,133384,187988,2266404,2776.537,1457.232,0,0,0,0,2133,1721,0.600,1.200,1.160,2,0,2.998,0,0,18,276,0,22,0
20-05 10:19:52,25.607,3.264,70.293,0,0.251,5425256,129936,187988,2266528,2428.116,1464.099,28.117,445.857,2.008,9.038,3243,3629,0.600,1.200,1.160,1,0,0,0,0,18,277,0,23,0
20-05 10:19:53,23.806,3.720,67.202,2.480,0,5423732,130972,187988,2267020,2457.947,1446.201,226.155,2674.183,29.757,236.074,6606,10102,0.600,1.200,1.160,3,0,0.992,0,0,18,280,0,24,0
20-05 10:19:54,26.633,4.271,66.835,2.010,0,5419500,133996,187988,2268228,2430.178,1465.343,956.795,3083.452,62.312,283.420,4829,7002,0.600,1.200,1.160,1,1,2.010,0,0,18,283,0,26,0
20-05 10:19:55,20.986,2.748,74.702,0.250,0,5430316,122908,187988,2268504,8498.523,4294.232,31.979,1303.160,1.999,111.928,3281,3972,0.600,1.200,1.160,0,0,0,0,0,18,283,0,27,0
20-05 10:19:56,12.251,1.500,83.509,0.750,0,5430576,122416,187988,2268720,7155.776,3952.428,176.019,1140.124,11.001,116.013,2992,3986,0.710,1.210,1.160,0,0,0,0,0,18,284,0,27,0
20-05 10:19:57,3.517,1.758,93.446,0.502,0,5431148,121660,187988,2268904,3931.774,1639.830,0,265.267,0,34.163,1608,2307,0.710,1.210,1.160,1,0,0,0,0,18,283,0,27,0
20-05 10:19:58,7.961,1.244,88.564,0.746,0,5427960,124796,187988,2268956,6581.606,3704.765,15.922,5246.179,0.995,689.606,2661,3370,0.710,1.210,1.160,0,0,0.995,0,0,18,284,0,27,0
20-05 10:19:59,11.508,1.501,84.560,0.500,0,5428868,123788,187988,2269056,9657.881,5660.032,64.046,856.610,4.003,109.078,2766,3912,0.710,1.210,1.160,0,0,0,0,0,18,285,0,29,0
20-05 10:20:00,19.769,4.504,73.321,1.251,0,5429652,122780,187988,2269280,10359.063,4073.958,16.016,1793.742,1.001,194.189,5484,7907,0.710,1.210,1.160,5,0,0,0,0,18,288,0,29,0
20-05 10:20:01,27.201,4.492,63.884,1.996,0,5430224,121520,187988,2269968,12743.952,5894.340,351.365,7518.403,19.964,581.948,7646,11926,0.740,1.210,1.160,4,0,0,0,0,18,287,0,29,0
20-05 10:20:02,26.258,4.752,65.521,1.000,0,5433604,117992,187988,2270116,2760.890,1598.515,16.005,2000.645,1.000,237.076,6352,9151,0.740,1.210,1.160,2,0,1.000,0,0,18,287,0,30,0
20-05 10:20:03,6.500,1.500,89.747,0.750,0,5433680,117768,187988,2270264,6888.795,4243.874,0,1359.959,0,119.996,2543,3785,0.740,1.210,1.160,2,0,0,0,0,18,288,0,30,0
20-05 10:20:04,11.247,2.749,81.225,2.499,0,5431976,130484,188012,2259412,9907.949,5708.242,139.957,1063.672,10.997,112.965,3373,4379,0.740,1.210,1.160,0,0,2.999,0,0,18,287,0,30,0
20-05 10:20:05,25.784,5.007,67.089,1.252,0,5431976,130340,188012,2259648,17418.058,8287.972,16.021,2262.996,1.001,265.351,6094,8966,0.740,1.210,1.160,1,0,0,0,0,18,288,0,32,0
20-05 10:20:06,25.087,4.766,66.731,1.505,0,5434660,127092,188012,2260208,4055.012,1703.888,0,3363.623,0,310.071,7467,11091,0.760,1.210,1.160,1,0,0,0,0,18,287,0,32,0
20-05 10:20:07,19.129,3.726,73.286,1.987,0.248,5434612,127092,188012,2260256,6736.365,4153.711,15.899,7218.315,0.994,552.503,5697,8787,0.760,1.210,1.160,0,0,0,0,0,18,286,0,33,0
20-05 10:20:08,14.510,2.252,81.058,0.751,0,5434980,126588,188012,2260392,2433.727,1599.135,0,1084.770,0,126.089,3264,4428,0.760,1.210,1.160,2,0,0,0,0,18,287,0,35,0
20-05 10:20:09,6.023,1.506,91.097,0.502,0,5434880,126588,188012,2260492,6790.890,4054.457,0,345.316,0,44.168,1978,2646,0.760,1.210,1.160,1,0,0,0,0,18,287,0,35,0
20-05 10:20:10,11.717,2.244,82.766,0.748,0,5435864,125580,188012,2260516,6956.338,4168.219,0,905.441,0,131.628,3191,4589,0.760,1.210,1.160,1,0,0,0,0,18,286,0,37,0
20-05 10:20:11,21.019,2.753,75.068,0.500,0,5438048,122836,188012,2261076,5720.199,3498.179,148.135,272.247,8.007,31.028,3652,4080,0.940,1.240,1.170,0,0,2.002,0,0,18,287,0,36,0
20-05 10:20:12,11.960,1.495,83.225,0.249,0,5438804,122080,188012,2261076,21783.960,10704.600,0,893.047,0,95.684,2696,3391,0.940,1.240,1.170,1,0,0,0,0,18,288,0,36,0
20-05 10:20:13,10.025,2.506,84.962,1.253,0,5438732,122080,188012,2261148,23078.658,10427.050,0,1223.056,0,128.321,2975,4048,0.940,1.240,1.170,2,0,0,0,0,18,288,0,36,0
20-05 10:20:14,11.499,2.000,84.491,0.750,0,5438568,122080,188012,2261312,14603.396,8069.114,0,1343.852,0,154.983,3107,4439,0.940,1.240,1.170,1,0,1.000,0,0,18,287,0,36,0
20-05 10:20:15,25.861,4.771,65.783,1.758,0,5439020,121576,188012,2261364,19220.680,8694.400,0,3153.565,0,325.400,6789,9826,0.940,1.240,1.170,3,0,0,0,0,18,287,0,34,0
20-05 10:20:16,24.938,5.237,67.333,1.496,0,5439984,120316,188012,2261660,3962.181,1454.396,0,3942.231,0,319.209,6963,10341,0.940,1.230,1.170,1,0,0,0,0,18,287,0,35,0
20-05 10:20:17,24.561,5.514,65.663,1.504,0,5441560,118556,188012,2261844,2664.609,1461.625,0,6359.774,0,469.164,7412,10970,0.940,1.230,1.170,2,0,6.015,0,0,18,287,0,36,0
20-05 10:20:18,25.273,5.005,67.061,1.501,0,5438056,132320,187892,2251840,2420.204,1459.329,0,9260.435,0,1125.025,7612,9834,0.940,1.230,1.170,1,0,0,0,0,18,287,0,36,0
20-05 10:20:19,14.181,3.234,79.615,0.498,0,5437756,132576,187892,2251884,2778.573,1504.729,0,3208.495,0,239.841,4618,6987,0.940,1.230,1.170,0,0,0.995,0,0,18,288,0,36,0
20-05 10:20:20,3.998,0.750,92.962,0.250,0,5438520,131724,187896,2251968,2701.889,1565.356,0,419.827,0,22.991,1485,2091,0.940,1.230,1.170,0,0,1.000,0,0,18,289,0,36,0
20-05 10:20:21,4.499,1.250,93.224,0,0,5438616,131472,187896,2252124,2597.284,1457.598,0,379.895,0,19.994,1375,1755,0.870,1.210,1.160,2,0,0,0,0,18,289,0,37,0
20-05 10:20:22,20.499,3.750,71.748,1.250,0,5438764,131220,187896,2252228,2537.917,1457.952,0,1535.950,0,196.994,5868,8440,0.870,1.210,1.160,6,0,0,0,0,18,289,0,37,0
20-05 10:20:23,25.506,5.501,64.765,2.251,0,5438740,130968,187896,2252504,2658.629,1458.345,0,2812.665,0,355.084,7494,11410,0.870,1.210,1.160,3,0,0,0,0,18,289,0,38,0
20-05 10:20:24,24.737,4.747,67.714,0.999,0,5440408,129236,187896,2252572,4215.738,1457.218,0,6548.486,0,362.805,7226,10417,0.870,1.210,1.160,1,0,0.999,0,0,18,290,0,39,0
20-05 10:20:25,18.779,2.254,75.868,1.502,0,5441204,128004,187896,2253008,4289.664,1460.268,272.423,1738.701,16.025,164.255,4013,5590,0.870,1.210,1.160,0,0,0,0,0,18,288,0,40,0
20-05 10:20:26,12.548,2.761,83.320,0.502,0,5443892,125232,187896,2253092,2608.026,1463.627,0,1489.727,0,174.672,3097,4789,0.880,1.210,1.160,5,0,0,0,0,18,288,0,43,0
20-05 10:20:27,5.221,1.243,90.249,0.994,0,5444040,124980,187896,2253196,6801.272,4181.803,0,6086.238,0,322.213,2409,3922,0.880,1.210,1.160,2,0,0,0,0,18,289,0,43,0
20-05 10:20:28,11.005,2.251,84.289,1.251,0,5448516,120396,187896,2253304,7181.326,4214.952,64.030,5530.562,4.002,678.314,3370,4375,0.880,1.210,1.160,1,0,0,0,0,18,288,0,44,0
20-05 10:20:29,8.496,1.749,87.962,0.750,0,5448740,120144,187896,2253332,2670.852,1511.350,0,883.620,0,85.963,2492,3427,0.880,1.210,1.160,2,0,0,0,0,18,289,0,45,0
20-05 10:20:30,13.005,3.001,80.784,0.750,0,5458440,124968,187896,2239208,7290.072,4022.695,8.003,1148.484,2.001,130.055,3384,4722,0.880,1.210,1.160,0,0,0,0,0,18,288,0,48,0
20-05 10:20:31,13.560,2.762,81.864,0.753,0.251,5461148,122224,187896,2239244,6930.780,3685.367,0,855.801,0,116.517,3224,4297,0.890,1.200,1.160,1,0,0,0,0,18,288,0,53,0
20-05 10:20:32,11.698,1.493,84.872,0.498,0,5463096,120208,187896,2239312,14219.702,7679.814,0,915.923,0,74.668,2562,3275,0.890,1.200,1.160,0,0,0,0,0,18,290,0,54,0
20-05 10:20:33,10.298,1.758,85.147,1.005,0,5464792,118444,187896,2239380,15105.367,6489.229,16.075,1294.028,1.005,147.688,3191,4408,0.890,1.200,1.160,1,0,0,0,0,18,288,0,55,0
20-05 10:20:34,17.921,4.978,73.674,0.996,0,5461476,237324,184844,2142064,27790.919,14398.233,19.912,1505.333,1.991,191.153,3731,5034,0.890,1.200,1.160,1,0,0.996,0,0,18,290,0,56,0
20-05 10:20:35,14.062,2.762,79.853,2.260,0,5461104,237408,184844,2142352,6996.895,2087.216,16.071,7316.305,1.004,521.302,4611,6877,0.890,1.200,1.160,1,0,0,0,0,18,289,0,58,0
20-05 10:20:36,17.170,2.737,77.388,0.995,0,5461380,236932,184844,2142552,19502.783,10713.890,0,1532.831,0,156.269,3662,4689,0.900,1.200,1.160,2,0,0,0,0,18,289,0,61,0
20-05 10:20:37,5.511,1.252,91.677,0.250,0,5461272,237000,184844,2142592,3997.699,1743.358,0,541.042,0,55.106,1908,2646,0.900,1.200,1.160,2,0,0,0,0,18,289,0,62,0
20-05 10:20:38,11.227,2.994,83.078,0.998,0,5461676,236524,184844,2142664,6645.252,4196.318,0,1153.613,0,148.692,3191,4785,0.900,1.200,1.160,0,0,0,0,0,18,288,0,65,0
20-05 10:20:39,7.015,1.253,90.198,0.251,0,5462168,236020,184844,2142676,3986.741,1461.204,0,625.371,0,63.138,1999,2784,0.900,1.200,1.160,0,0,0,0,0,18,288,0,66,0
20-05 10:20:40,6.009,1.252,91.132,0.250,0,5462132,236020,184844,2142712,2801.067,1460.120,0,552.803,0,55.080,1864,2669,0.900,1.200,1.160,0,0,0,0,0,18,288,0,66,0
20-05 10:20:41,12.164,4.717,81.426,0.248,0,5474040,223960,184844,2142852,2639.378,1447.785,0,436.917,0,46.671,3158,13048,0.820,1.180,1.150,0,0,35.748,0,0,18,288,0,68,0
20-05 10:20:42,5.784,0.754,92.033,0.251,0,5474004,223960,184844,2142900,2733.839,1466.497,0,478.774,0,48.280,1944,2651,0.820,1.180,1.150,1,0,0,0,0,18,288,0,68,0
20-05 10:20:43,7.984,1.247,88.821,0.499,0,5473972,223960,184844,2142932,2532.906,1455.073,0,678.635,0,82.833,2531,3443,0.820,1.180,1.150,2,0,0,0,0,18,289,0,66,0
20-05 10:20:44,12.463,2.243,82.504,0.748,0,5476684,221200,184844,2142980,14535.638,8794.764,0,1220.359,0,148.557,3486,5029,0.820,1.180,1.150,0,0,3.988,0,0,18,291,0,66,0
20-05 10:20:45,22.286,2.754,71.365,1.252,0,5476500,221200,184844,2143164,27726.752,12959.918,0,1790.891,0,221.357,4828,6394,0.820,1.180,1.150,3,0,1.002,0,0,18,290,0,70,0
20-05 10:20:46,13.205,2.242,82.718,0.747,0,5476376,221200,184844,2143288,6756.935,3656.518,0,1096.258,0,91.687,3081,4132,0.760,1.160,1.150,1,0,1.993,0,0,18,290,0,73,0
20-05 10:20:47,17.630,2.770,75.808,2.015,0,5474244,223344,184844,2143324,15369.181,8125.840,0,8035.172,0,656.837,5483,8439,0.760,1.160,1.150,3,0,0,0,0,18,292,0,61,0
20-05 10:20:48,7.970,0.996,88.671,0,0,5474356,223092,184844,2143464,13274.673,6315.532,0,478.223,0,37.859,2004,2602,0.760,1.160,1.150,0,0,0,0,0,18,290,0,61,0
20-05 10:20:49,16.510,2.501,78.546,1.751,0,5476172,221076,184844,2143664,6963.107,4248.506,24.014,6832.030,2.001,885.522,4284,5576,0.760,1.160,1.150,0,0,0,0,0,18,290,0,64,0
20-05 10:20:50,11.254,1.751,84.277,0.750,0,5476080,221076,184844,2143756,6869.237,4108.338,0,1116.364,0,148.048,3068,4309,0.760,1.160,1.150,2,0,0,0,0,18,290,0,65,0
20-05 10:20:51,12.281,2.005,84.216,0.501,0,5477756,219312,184844,2143844,8481.713,3678.417,0,637.632,0,72.185,2806,3658,0.780,1.160,1.150,5,0,0,0,0,18,290,0,66,0
20-05 10:20:52,4.223,1.490,91.656,0.497,0,5477584,219312,184844,2144016,2402.442,1448.619,0,457.040,0,56.633,1793,2637,0.780,1.160,1.150,1,0,0,0,0,18,291,0,67,0
20-05 10:20:53,11.288,1.756,83.535,1.003,0,5478836,218052,184844,2144024,9991.038,5675.335,0,1645.606,0,217.742,3492,5370,0.780,1.160,1.150,0,0,0,0,0,18,291,0,68,0
20-05 10:20:54,28.650,5.026,63.081,1.759,0,5473012,223576,184844,2144324,19221.807,8561.902,32.169,3421.946,1.005,369.940,7273,10734,0.780,1.160,1.150,2,0,1.005,0,0,18,291,0,68,0
20-05 10:20:55,25.185,4.987,64.582,2.743,0,5474456,221860,184844,2144596,2608.219,1454.219,31.917,8166.769,0.997,628.366,7765,12509,0.780,1.160,1.150,4,0,0.997,0,0,18,291,0,68,0
20-05 10:20:56,23.019,4.754,68.557,1.001,0,5474936,221104,184844,2144872,2840.353,1459.209,32.027,1701.409,1.001,153.127,6708,9431,0.800,1.150,1.150,1,0,0,0,0,18,292,0,67,0
20-05 10:20:57,6.968,1.493,88.847,0.747,0,5474848,221104,184844,2144960,2719.657,1505.169,0,1453.404,0,120.453,2470,3768,0.800,1.150,1.150,0,0,0,0,0,18,290,0,67,0
20-05 10:20:58,14.770,3.004,79.606,1.001,0,5475956,219872,184844,2145084,7056.360,4322.734,32.043,2607.459,1.001,178.236,3768,5267,0.800,1.150,1.150,0,0,1.001,0,0,18,290,0,70,0
20-05 10:20:59,9.002,1.500,87.020,0.750,0,5476276,219368,184844,2145268,6815.569,3956.911,0,1216.280,0,131.030,2732,3964,0.800,1.150,1.150,1,0,0,0,0,18,290,0,71,0
20-05 10:21:00,8.786,2.008,86.852,1.004,0,5476232,219368,184844,2145312,3517.242,1638.635,0,1277.172,0,124.504,2887,3982,0.800,1.150,1.150,1,0,0,0,0,18,291,0,70,0
20-05 10:21:01,10.706,1.494,85.148,0.747,0,5476268,219116,184848,2145524,7188.304,3653.905,0,1533.664,0,163.325,2985,4600,0.730,1.130,1.140,0,0,0,0,0,18,290,0,72,0
20-05 10:21:02,10.003,2.001,85.276,1.250,0,5476252,219116,184848,2145540,5906.770,3496.048,0,5277.581,0,321.096,2923,4290,0.730,1.130,1.140,0,0,0,0,0,18,291,0,75,0
20-05 10:21:03,8.255,1.251,87.053,0.750,0,5476468,218864,184848,2145576,7118.301,3715.245,0,1681.016,0,188.114,2858,4238,0.730,1.130,1.140,0,0,0,0,0,18,291,0,76,0
20-05 10:21:04,17.271,3.004,77.595,1.252,0,5476664,218640,184848,2145604,17579.519,8287.144,0,5975.315,0,758.929,4600,6076,0.730,1.130,1.140,1,0,1.001,0,0,18,292,0,75,0
20-05 10:21:05,26.279,5.256,64.821,2.002,0,5476300,218640,184848,2145968,5984.538,1699.857,0,3880.239,0,427.467,7502,11271,0.730,1.130,1.140,1,1,0,0,0,18,291,0,75,0
20-05 10:21:06,24.646,3.983,66.718,1.494,0,5477228,217632,184848,2146048,2716.520,1451.865,0,1927.853,0,202.146,7002,10059,0.750,1.130,1.140,2,0,0,0,0,18,291,0,75,0
20-05 10:21:07,24.332,4.515,68.482,1.254,0,5477400,217128,184848,2146380,2949.993,1625.506,0,2171.355,0,221.751,7093,10250,0.750,1.130,1.140,2,0,0,0,0,18,291,0,77,0
20-05 10:21:08,25.204,5.240,64.881,2.745,0,5477352,216876,184856,2146672,2653.141,1455.335,0,9063.402,0,755.616,8122,13193,0.750,1.130,1.140,2,0,0,0,0,18,291,0,74,0
20-05 10:21:09,24.512,4.252,67.282,1.501,0,5477804,216372,184856,2146724,2659.258,1458.690,0,2177.030,0,215.102,6767,9640,0.750,1.130,1.140,1,0,0,0,0,18,291,0,74,0
20-05 10:21:10,24.595,4.266,68.263,0.753,0,5478704,215112,184856,2147084,2936.319,1463.642,0,1923.414,0,184.712,7025,9758,0.750,1.130,1.140,1,0,0,0,0,18,291,0,76,0
20-05 10:21:11,24.939,4.738,65.591,2.245,0,5478704,214860,184856,2147336,2771.266,1454.466,0,3359.836,0,373.093,7504,11407,0.770,1.130,1.140,1,0,1.995,0,0,18,291,0,76,0
20-05 10:21:12,23.968,4.993,67.160,1.498,0,5478848,214608,184856,2147444,2654.458,1456.057,0,2600.530,0,265.646,7023,10293,0.770,1.130,1.140,1,0,0,0,0,18,291,0,73,0
20-05 10:21:13,22.704,4.491,69.860,0.998,0,5479104,214056,184856,2147740,2652.676,1455.080,0,2271.441,0,248.501,6751,9853,0.770,1.130,1.140,1,0,0,0,0,18,292,0,73,0
20-05 10:21:14,7.257,2.252,87.331,1.752,0,5479072,214056,184856,2147772,2600.426,1459.362,0,7739.220,0,509.475,3516,5755,0.770,1.130,1.140,0,0,1.001,0,0,18,292,0,73,0
20-05 10:21:15,3.264,1.255,93.907,0.502,0,5479056,214056,184856,2147788,2746.904,1464.346,0,783.395,0,49.213,1659,2389,0.770,1.130,1.140,1,0,0,0,0,18,293,0,73,0
20-05 10:21:16,11.935,2.735,81.557,0.995,0,5478964,214056,184856,2147880,7040.781,4173.346,0,2271.669,0,231.742,3648,5802,0.710,1.110,1.130,0,0,0,0,0,18,292,0,75,0
20-05 10:21:17,15.513,2.252,81.069,0.250,0.250,5480608,212292,184856,2148064,6062.165,3660.118,0,776.662,0,55.047,3112,3720,0.710,1.110,1.130,1,0,6.005,0,0,18,293,0,84,0
20-05 10:21:18,12.283,2.005,82.720,1.253,0,5481288,211536,184856,2148140,15652.691,6001.986,0,1656.412,0,199.531,3419,5054,0.710,1.110,1.130,1,0,0,0,0,18,294,0,84,0
20-05 10:21:19,13.495,1.749,82.469,0.500,0,5481240,211536,184856,2148188,31529.070,14992.327,0,1015.616,0,74.972,2722,3075,0.710,1.110,1.130,2,0,0,0,0,18,294,0,85,0
20-05 10:21:20,7.242,1.498,88.902,0.749,0,5479392,213164,184856,2148408,4293.245,1696.121,0,7715.455,0,975.919,3217,4043,0.710,1.110,1.130,1,0,0,0,0,18,292,0,84,0
20-05 10:21:21,15.475,3.245,78.621,1.248,0,5479304,213164,184860,2148492,7187.176,4190.107,0,1980.741,0,223.632,3730,5391,0.650,1.090,1.120,0,0,0,0,0,18,292,0,87,0
20-05 10:21:22,14.758,3.002,80.293,0.750,0,5479228,213164,184860,2148568,5537.999,4024.179,0,1632.884,0,168.091,3485,5072,0.650,1.090,1.120,0,0,0,0,0,18,293,0,91,0
20-05 10:21:23,8.293,2.262,85.445,1.759,0,5479952,212408,184860,2148600,3741.479,1640.541,0,6879.818,0,483.517,3650,5804,0.650,1.090,1.120,2,0,0,0,0,18,292,0,92,0
20-05 10:21:24,2.483,1.242,93.615,0.745,0,5479940,212408,184860,2148612,4070.375,1587.228,0,560.198,0,57.609,1645,2523,0.650,1.090,1.120,1,0,0.993,0,0,18,293,0,89,0
20-05 10:21:25,8.743,1.499,87.683,0.749,0.250,5479900,212408,184860,2148652,2613.005,1456.888,0,1031.213,0,64.950,2401,3264,0.650,1.090,1.120,0,0,0,0,0,18,292,0,90,0
20-05 10:21:26,14.848,2.013,81.788,0.252,0,5482616,209640,184860,2148704,11094.974,5918.930,0,616.052,0,58.384,3006,3655,0.680,1.090,1.120,1,0,0,0,0,18,292,0,95,0
20-05 10:21:27,21.126,3.231,72.573,0.994,0,5486432,205608,184864,2148916,20494.362,10203.935,0,1932.624,0,262.455,5395,7858,0.680,1.090,1.120,2,0,0,0,0,18,293,0,95,1
20-05 10:21:28,26.448,5.541,64.231,2.519,0,5486356,205356,184864,2149244,4355.590,1874.022,0,3699.682,0,439.287,7648,11746,0.680,1.090,1.120,1,0,0,0,0,18,293,0,92,0
20-05 10:21:29,24.443,4.489,66.843,1.496,0.249,5486472,204600,184864,2149884,2412.350,1454.593,31.925,7745.857,0.998,477.881,7175,10937,0.680,1.090,1.120,1,0,0,0,0,18,293,0,93,0
20-05 10:21:30,16.673,3.733,75.901,1.493,0,5487384,203340,184864,2150232,2662.746,1451.321,0,2556.236,0,217.997,5282,7733,0.680,1.090,1.120,0,0,0,0,0,18,292,0,93,0
20-05 10:21:31,12.735,2.247,82.654,0.499,0,5487312,203340,184864,2150304,2848.680,1596.140,0,1282.505,0,149.825,3263,4753,0.710,1.090,1.120,5,0,0,0,0,18,293,0,96,0
20-05 10:21:32,5.278,1.257,91.229,0.754,0,5487292,203340,184864,2150324,6981.639,4080.414,0,940.938,0,88.464,2051,2826,0.710,1.090,1.120,1,0,0,0,0,18,293,0,86,0
20-05 10:21:33,15.990,2.998,78.200,0.999,0,5487344,203088,184864,2150524,7025.475,4028.405,0,1535.011,0,186.880,3928,5543,0.710,1.090,1.120,3,0,0,0,0,18,293,0,90,0
20-05 10:21:34,11.701,1.494,85.145,0.249,0,5487312,203088,184864,2150556,31799.409,14930.745,0,999.831,0,96.597,2413,3093,0.710,1.090,1.120,0,0,0.996,0,0,18,293,0,90,0
20-05 10:21:35,11.023,1.503,85.430,0.501,0,5487268,203088,184864,2150600,7250.236,3742.865,0,717.508,0,58.122,2561,3294,0.710,1.090,1.120,1,0,0,0,0,18,293,0,94,0
20-05 10:21:36,5.267,1.003,91.798,0.502,0,5487244,203088,184864,2150624,3943.786,1745.659,0,854.771,0,86.280,1798,2562,0.650,1.070,1.120,1,1,0,0,0,18,292,0,95,0
20-05 10:21:37,15.773,1.753,78.116,2.504,0,5490396,199308,184864,2151252,26357.007,12666.746,580.860,1089.613,15.022,113.167,3263,4138,0.650,1.070,1.120,2,0,0,0,0,18,295,0,90,0
20-05 10:21:38,7.957,0.995,89.020,0.249,0,5490380,199308,184864,2151268,18581.892,8219.717,0,525.171,0,31.829,1649,1903,0.650,1.070,1.120,2,0,0,0,0,18,294,0,91,0
20-05 10:21:39,4.751,0.750,92.260,0.500,0,5490232,199308,184864,2151416,5439.592,1806.197,0,716.078,0,66.007,1662,2362,0.650,1.070,1.120,1,0,0,0,0,18,292,0,93,0
20-05 10:21:40,17.015,2.752,77.316,1.251,0,5485660,203764,184864,2151532,23829.344,10512.975,0,7202.149,0,944.807,4797,6334,0.650,1.070,1.120,2,0,0,0,0,18,293,0,93,0
20-05 10:21:41,31.799,7.762,55.335,2.253,0,5499064,190184,184864,2151708,2662.102,1460.250,0,8308.803,0,688.060,8796,25228,0.760,1.090,1.120,1,0,36.056,0,0,18,293,0,89,0
20-05 10:21:42,24.819,4.763,67.186,1.253,0,5498816,190184,184864,2151956,2364.563,1462.058,0,3449.574,0,308.857,6664,9815,0.760,1.090,1.120,1,0,0,0,0,18,293,0,89,0
20-05 10:21:43,26.993,3.999,66.733,0.750,0,5498828,189932,184864,2152196,2297.409,1457.625,0,2027.479,0,218.944,6777,9664,0.760,1.090,1.120,1,0,0,0,0,18,292,0,89,0
20-05 10:21:44,4.224,0.994,91.191,0.497,0,5498804,189932,184864,2152220,5574.834,3477.687,0,1065.470,0,85.476,2039,2951,0.760,1.090,1.120,1,0,0.994,0,0,18,294,0,89,0
20-05 10:21:45,23.035,2.754,72.360,1.002,0,5499224,189428,184864,2152304,37239.812,17457.633,0,1914.921,0,169.258,4279,5402,0.760,1.090,1.120,1,0,0,0,0,18,293,0,87,0
20-05 10:21:46,17.328,4.269,75.090,0.753,0,5501744,186660,184864,2152552,4059.371,1705.719,0,2037.220,0,200.909,5254,7822,0.780,1.080,1.120,2,0,3.014,0,0,18,293,0,88,0
20-05 10:21:47,27.728,4.996,62.950,2.248,0,5501596,186660,184864,2152700,2658.875,1456.836,0,4880.101,0,523.582,8028,12621,0.780,1.080,1.120,3,0,1.998,0,0,18,293,0,92,0
20-05 10:21:48,25.909,4.733,66.018,1.495,0,5501840,186156,184864,2152960,2588.912,1494.753,0,6987.471,0,444.440,7461,10953,0.780,1.080,1.120,2,0,0.997,0,0,18,293,0,94,0
20-05 10:21:49,19.762,3.752,72.793,1.251,0,5501728,186156,184864,2153072,7023.162,4268.529,0,2485.473,0,272.161,5335,7817,0.780,1.080,1.120,0,0,0,0,0,18,292,0,86,0
20-05 10:21:50,11.801,2.511,83.108,1.004,0,5502508,185176,184864,2153272,2927.594,1464.299,0,7267.262,0,854.677,3567,4618,0.780,1.080,1.120,4,0,0,0,0,18,292,0,88,0
20-05 10:21:51,5.223,1.492,91.772,0.497,0,5502488,185176,184864,2153292,10134.198,4203.101,0,1034.609,0,112.414,1955,2811,0.720,1.070,1.110,1,0,0,0,0,18,293,0,88,0
20-05 10:21:52,15.768,3.254,77.336,1.752,0,5502920,184672,184864,2153364,7148.996,4271.778,0,1814.029,0,230.258,4125,5971,0.720,1.070,1.110,1,0,0,0,0,18,292,0,89,0
20-05 10:21:53,15.738,2.498,78.938,0.749,0,5502664,184672,184864,2153620,5664.572,4101.794,0,1998.438,0,231.819,4045,5872,0.720,1.070,1.110,0,0,0.999,0,0,18,295,0,85,0
20-05 10:21:54,7.998,1.750,87.732,0.500,0,5502896,184420,184864,2153640,3721.228,1631.661,0,1051.782,0,88.982,2419,3153,0.720,1.070,1.110,2,0,1.000,0,0,18,294,0,85,0
20-05 10:21:55,15.018,1.502,81.598,0.501,0,5502640,184420,184864,2153896,11547.919,5662.825,0,1357.636,0,133.160,3262,4363,0.720,1.070,1.110,0,0,0,0,0,18,295,0,85,0
20-05 10:21:56,12.481,1.747,83.621,0.749,0,5502596,184420,184864,2153940,23804.397,10627.658,0,1501.691,0,100.845,2670,3399,0.660,1.050,1.110,1,0,0,0,0,18,295,0,85,0
20-05 10:21:57,14.034,2.757,79.692,1.504,0,5502536,184420,184864,2154000,12549.250,6158.846,0,6796.383,0,487.174,4295,6368,0.660,1.050,1.110,1,0,0,0,0,18,296,0,82,0
20-05 10:21:58,17.961,1.497,78.079,0.998,0,5502348,184420,184864,2154188,30415.572,12720.219,0,1133.524,0,118.741,3562,4563,0.660,1.050,1.110,2,0,0,0,0,18,296,0,82,0
20-05 10:21:59,9.004,1.250,86.534,1.000,0,5502320,184420,184864,2154216,20430.050,10335.072,0,1124.443,0,123.048,2311,3315,0.660,1.050,1.110,4,0,0,0,0,18,296,0,82,0
20-05 10:22:00,29.513,7.253,60.026,1.751,0,5502504,176608,184868,2161840,19206.249,8520.660,4.002,3121.341,1.000,378.162,7841,11756,0.660,1.050,1.110,2,0,3.001,0,0,18,295,0,82,0
20-05 10:22:01,24.993,6.498,64.732,1.500,0,5499860,179140,184868,2161952,2477.317,1457.598,0,6466.217,0,831.771,7136,9959,0.690,1.050,1.110,3,0,0,0,0,18,295,0,75,0
20-05 10:22:02,25.339,4.516,67.236,1.254,0,5499828,178888,184868,2162236,2306.084,1463.129,96.338,2027.106,5.018,210.739,6689,9996,0.690,1.050,1.110,4,0,1.004,0,0,18,294,0,76,1
20-05 10:22:03,25.941,4.240,66.350,1.746,0,5500156,178132,184868,2162664,2715.870,1548.505,0,7307.507,0,554.748,7558,11030,0.690,1.050,1.110,1,0,0,0,0,18,294,0,76,0
20-05 10:22:04,24.785,5.007,66.594,1.752,0,5499916,178132,184872,2162900,4103.776,1460.055,0,3985.610,0,426.600,7347,11253,0.690,1.050,1.110,2,0,1.001,0,0,18,295,0,76,0
20-05 10:22:05,25.228,4.996,66.691,1.499,0,5499784,178132,184872,2163032,2672.630,1456.708,0,2501.782,0,278.753,7152,10573,0.690,1.050,1.110,1,0,0,0,0,18,295,0,72,0
20-05 10:22:06,24.051,4.760,67.643,1.253,0,5499520,178132,184872,2163296,2603.513,1461.094,0,1996.227,0,221.469,6281,9059,0.790,1.060,1.110,2,0,0,0,0,18,291,0,74,0
20-05 10:22:07,6.965,1.492,88.803,0.746,0,5499732,177880,184872,2163336,6804.778,4164.058,0,1273.595,0,99.500,2320,3427,0.790,1.060,1.110,0,0,0,0,0,18,292,0,74,0
20-05 10:22:08,9.498,2.250,84.235,1.250,0,5499844,177628,184872,2163476,6908.788,4120.277,0,5671.005,0,419.926,3458,5466,0.790,1.060,1.110,1,0,0,0,0,18,292,0,74,0
20-05 10:22:09,14.013,2.753,81.327,1.251,0,5500096,177124,184872,2163728,7138.761,4287.060,0,2186.070,0,209.198,3893,5426,0.790,1.060,1.110,0,0,0,0,0,18,292,0,73,0
20-05 10:22:10,8.744,1.999,86.441,0.500,0,5500336,176872,184872,2163740,6612.457,3666.481,0,963.338,0,94.935,2664,3534,0.790,1.060,1.110,1,0,0,0,0,18,292,0,73,0
20-05 10:22:11,6.497,1.749,89.952,0.250,0,5500260,176872,184872,2163816,2476.684,1457.226,0,847.550,0,77.959,2124,3088,0.810,1.060,1.110,2,0,1.999,0,0,18,293,0,73,0
20-05 10:22:12,5.508,1.252,91.131,1.001,0,5500352,176620,184872,2163976,6980.014,4127.922,0,897.287,0,95.136,2162,3164,0.810,1.060,1.110,0,0,0,0,0,18,292,0,73,0
20-05 10:22:13,10.498,2.000,84.986,0.750,0,5500572,176368,184872,2164008,6778.895,3668.402,0,1367.777,0,158.974,3183,4794,0.810,1.060,1.110,1,0,0,0,0,18,292,0,69,0
20-05 10:22:14,10.253,2.751,83.772,1.250,0,5500484,176368,184872,2164096,6911.837,4122.096,0,1404.373,0,168.045,3633,5128,0.810,1.060,1.110,0,0,1.000,0,0,18,292,0,69,0
20-05 10:22:15,10.505,1.751,85.288,0.500,0,5500452,176368,184872,2164128,7050.124,3670.627,0,1288.571,0,133.059,2994,4339,0.810,1.060,1.110,0,0,0,0,0,18,292,0,70,0
20-05 10:22:16,9.996,1.999,85.463,1.249,0,5500880,175864,184872,2164204,5712.500,3945.273,0,9755.730,0,148.935,2794,4023,0.980,1.090,1.120,1,0,0,0,0,18,293,0,71,0
20-05 10:22:17,6.273,2.509,89.076,0.502,0,5502216,174360,184872,2164372,4047.807,1637.992,4.015,947.466,1.004,91.334,2471,3387,0.980,1.090,1.120,1,0,6.022,0,0,18,293,0,61,0
20-05 10:22:18,5.232,1.495,89.442,1.246,0,5502168,174360,184872,2164420,6830.451,3710.209,0,5580.760,0,390.653,2547,4211,0.980,1.090,1.120,0,0,0.997,0,0,18,292,0,62,0
20-05 10:22:19,13.745,2.499,81.469,0.750,0.250,5501936,174360,184872,2164652,6657.503,3667.624,0,1387.480,0,149.944,3820,5173,0.980,1.090,1.120,0,0,0,0,0,18,292,0,63,0
20-05 10:22:20,6.995,0.749,89.431,0.500,0.250,5501908,174360,184872,2164680,5815.498,3600.213,0,719.443,0,62.951,2086,2820,0.980,1.090,1.120,0,0,0,0,0,18,293,0,63,0
20-05 10:22:21,16.564,2.761,79.305,1.004,0,5501908,174360,184872,2164680,14563.994,6255.049,0,2473.510,0,150.579,4139,5911,0.990,1.090,1.120,2,0,0,0,0,18,295,0,64,0
20-05 10:22:22,28.468,5.244,60.932,2.247,0,5501596,174324,184872,2165028,11320.367,5898.418,0,4379.113,0,520.419,7624,11744,0.990,1.090,1.120,3,0,0,0,0,18,293,0,61,0
20-05 10:22:23,24.428,4.487,67.799,1.246,0,5501740,174072,184872,2165136,2650.163,1453.701,0,2097.796,0,208.384,6813,9841,0.990,1.090,1.120,3,0,0,0,0,18,293,0,62,0
20-05 10:22:24,23.779,5.006,67.583,1.752,0,5501796,173820,184872,2165332,2601.211,1459.802,20.025,2783.436,2.002,301.372,6563,9753,0.990,1.090,1.120,0,0,1.001,0,0,18,292,0,64,0
20-05 10:22:25,3.254,0.751,94.365,0,0,5501948,173568,184872,2165432,2692.268,1513.837,0,885.074,0,55.067,1458,2060,0.990,1.090,1.120,1,0,0,0,0,18,293,0,64,0
20-05 10:22:26,15.477,3.744,76.386,2.247,0,5502464,173060,184872,2165492,4119.843,1563.663,0,7772.385,0,606.094,5069,8313,0.910,1.070,1.110,1,0,0,0,0,18,292,0,60,0
20-05 10:22:27,11.765,1.752,84.357,0.751,0,5502516,172808,184872,2165692,2481.143,1459.849,32.041,1594.019,1.001,111.141,3303,4442,0.910,1.070,1.110,1,0,0,0,0,18,293,0,61,0
20-05 10:22:28,24.196,4.241,66.601,1.996,0,5502420,172808,184872,2165788,2412.613,1454.752,0,4402.170,0,406.093,7275,10885,0.910,1.070,1.110,2,0,0,0,0,18,293,0,62,0
20-05 10:22:29,26.618,4.269,66.796,1.758,0,5502996,171800,184872,2166220,2428.753,1464.484,0,3049.502,0,347.539,7412,10899,0.910,1.070,1.110,1,0,0,0,0,18,293,0,64,0
20-05 10:22:30,23.796,4.258,69.384,1.002,0,5504368,170288,184872,2166360,4423.514,1460.812,0,1783.433,0,160.309,6499,9335,0.910,1.070,1.110,1,0,0,0,0,18,294,0,56,0
20-05 10:22:31,23.708,4.742,67.880,1.248,0,5504924,169532,184872,2166560,2874.915,1617.140,0,2419.720,0,281.502,6795,9907,0.990,1.090,1.120,1,0,0,0,0,18,293,0,58,0
20-05 10:22:32,25.635,5.724,63.963,2.738,0,5505500,168524,184872,2166992,2526.682,1451.498,0,9298.348,0,729.731,8612,13706,0.990,1.090,1.120,2,0,0,0,0,18,293,0,59,0
20-05 10:22:33,24.781,4.005,69.086,1.001,0,5506092,167516,184872,2167408,2721.404,1459.826,0,1461.828,0,148.185,6786,9668,0.990,1.090,1.120,0,0,0,0,0,18,293,0,60,0
20-05 10:22:34,9.772,1.503,86.442,0,0,5506324,167264,184872,2167428,22227.470,10924.314,0,601.338,0,36.080,2334,2668,0.990,1.090,1.120,1,0,2.004,0,0,18,293,0,51,0
20-05 10:22:35,24.278,4.755,66.826,2.253,0,5506192,167264,184872,2167560,5681.454,1459.658,0,2999.407,0,352.400,7016,10842,0.990,1.090,1.120,2,0,0,0,0,18,293,0,51,0
20-05 10:22:36,23.926,4.985,66.793,1.495,0,5506308,166760,184872,2167948,2530.172,1453.503,0,2803.327,0,317.019,7265,10739,1.080,1.100,1.120,1,0,0,0,0,18,293,0,51,0
20-05 10:22:37,24.504,5.001,67.011,1.500,0,5507216,165752,184872,2168048,2418.379,1458.229,0,12193.912,0,608.095,7154,10612,1.080,1.100,1.120,1,0,0,0,0,18,293,0,54,0
20-05 10:22:38,23.982,4.247,68.448,1.749,0,5507940,164744,184872,2168332,2476.131,1456.900,0,2530.090,0,327.753,7413,11194,1.080,1.100,1.120,2,0,0,0,0,18,294,0,47,0
20-05 10:22:39,26.785,5.007,63.834,2.253,0,5507828,164744,184872,2168444,2421.196,1459.927,0,3648.816,0,442.584,7682,11725,1.080,1.100,1.120,5,0,0,0,0,18,293,0,47,0
20-05 10:22:40,23.925,3.988,68.537,0.997,0,5509096,163232,184872,2168688,2367.625,1453.473,0,1985.814,0,188.413,6906,10073,1.080,1.100,1.120,2,0,0,0,0,18,293,0,49,0
20-05 10:22:41,29.190,6.543,61.149,1.007,0,5551384,120680,184872,2172412,2564.727,1467.571,0,1634.661,0,131.860,6823,17071,1.070,1.100,1.120,4,0,36.236,0,0,19,294,0,51,0
20-05 10:22:42,22.226,4.495,69.676,1.998,0,5529788,142204,184872,2169040,6711.892,4185.567,31.966,3188.623,0.999,360.618,6158,11065,1.070,1.100,1.120,0,0,0,0,0,18,292,0,50,0
20-05 10:22:43,9.999,1.500,86.489,0.750,0,5529588,142268,184872,2169160,5534.299,3494.557,0,5151.347,0,337.957,3102,4749,1.070,1.100,1.120,0,0,0,0,0,18,293,0,50,0
20-05 10:22:44,14.704,1.495,80.248,0.498,0,5528236,143424,184872,2169356,26277.512,12756.955,0,2448.314,0,187.412,3350,4411,1.070,1.100,1.120,1,0,0.997,0,0,18,294,0,50,0
20-05 10:22:45,18.575,2.510,77.561,1.255,0,5528444,143200,184872,2169372,23724.183,11493.111,0,1634.558,0,192.773,4131,5572,1.070,1.100,1.120,0,0,0,0,0,18,292,0,51,0
20-05 10:22:46,12.958,2.243,82.234,0.748,0,5528312,143200,184872,2169504,2635.471,1399.471,15.948,1531.045,0.997,173.439,3799,5283,0.980,1.080,1.120,0,0,0,0,0,18,293,0,48,0
20-05 10:22:47,17.250,2.250,76.999,1.250,0,5529592,141700,184872,2169724,9928.822,5679.898,0,5591.900,0,521.991,4380,6077,0.980,1.080,1.120,0,0,3.000,0,0,18,293,0,48,0
20-05 10:22:48,17.049,3.009,78.725,0.752,0,5529512,141700,184872,2169804,19115.748,8740.032,0,1367.918,0,161.462,3918,5213,0.980,1.080,1.120,2,0,2.006,0,0,18,293,0,50,0
20-05 10:22:49,26.258,5.002,64.770,2.251,0,5529468,141476,184872,2170072,2598.807,1500.466,0,4293.334,0,441.137,8088,12083,0.980,1.080,1.120,1,0,1.000,0,0,18,293,0,50,0
20-05 10:22:50,24.873,5.472,64.669,2.487,0,5529420,141476,184872,2170120,2858.371,1331.187,0,9109.380,0,747.176,7806,12448,0.980,1.080,1.120,1,0,0,0,0,18,293,0,41,0
20-05 10:22:51,24.846,4.768,67.259,0.753,0,5529100,141476,184872,2170440,2728.497,1463.631,0,3878.923,0,206.796,6696,9438,0.980,1.080,1.110,1,0,0,0,0,18,293,0,41,0
20-05 10:22:52,25.183,4.987,67.072,1.745,0,5529324,140972,184872,2170720,2369.699,1292.563,0,2289.911,0,252.329,6923,9846,0.980,1.080,1.110,1,0,0,0,0,18,292,0,45,0
20-05 10:22:53,6.784,1.256,89.696,0.251,0,5529304,140972,184872,2170740,6812.848,4346.595,0,1475.330,0,130.649,2603,3793,0.980,1.080,1.110,1,0,0,0,0,18,293,0,45,0
20-05 10:22:54,18.402,4.227,72.116,3.481,0,5531000,138708,184872,2171308,5684.735,3542.142,437.670,2096.837,14.921,180.041,4888,6884,0.980,1.080,1.110,0,0,0.995,0,0,18,293,0,41,0
20-05 10:22:55,10.286,1.505,85.803,0.753,0,5530988,138708,184872,2171320,9321.913,4049.297,0,1380.875,0,146.517,2872,4062,0.980,1.080,1.110,3,0,0,0,0,18,294,0,41,0
20-05 10:22:56,28.691,5.239,62.123,2.495,0,5531132,138456,184872,2171428,16391.479,8156.320,0,7899.844,0,619.733,7936,12195,0.990,1.080,1.110,1,1,0,0,0,18,293,0,42,0
20-05 10:22:57,25.083,4.264,67.474,1.254,0,5530948,138204,184876,2171860,2546.461,1462.860,0,3732.401,0,312.037,7012,10372,0.990,1.080,1.110,1,0,0,0,0,18,293,0,42,0
20-05 10:22:58,23.389,4.976,68.176,0.746,0,5531420,137700,184880,2171888,2185.611,1289.869,0,1596.411,0,157.252,6228,9024,0.990,1.080,1.110,1,0,0,0,0,18,293,0,44,0
20-05 10:22:59,11.499,2.750,82.493,1.750,0,5531176,137700,184880,2172132,6778.394,4240.621,0,2923.739,0,287.974,3761,5799,0.990,1.080,1.110,0,0,0,0,0,18,292,0,45,0
20-05 10:23:00,18.980,1.249,77.419,0.499,0,5531708,136944,184880,2172356,24118.706,12840.534,0,1354.579,0,118.875,3376,4013,0.990,1.080,1.110,1,0,0,0,0,18,293,0,45,0
20-05 10:23:01,9.509,1.251,87.581,0,0,5531696,136944,184880,2172368,29000.917,13014.079,0,528.491,0,31.029,1843,1939,0.990,1.080,1.110,1,0,0,0,0,18,293,0,45,0
20-05 10:23:02,19.761,2.251,76.043,0.750,0.250,5532128,136440,184880,2172440,26769.176,15105.563,0,1196.678,0,126.071,3772,4630,0.990,1.080,1.110,1,0,0,0,0,18,294,0,46,0
20-05 10:23:03,15.239,1.249,82.191,0.250,0,5532128,136440,184880,2172440,35887.296,17559.423,0,699.499,0,64.953,2653,2952,0.990,1.080,1.110,0,0,0,0,0,18,293,0,45,0
20-05 10:23:04,15.247,2.000,80.484,0.500,0,5532180,136188,184880,2172640,32000.476,15764.786,0,815.834,0,81.983,2954,3439,0.990,1.080,1.110,1,0,1.000,0,0,18,294,0,45,0
20-05 10:23:05,19.762,1.751,76.046,0.750,0,5532896,135432,184880,2172684,37933.052,17934.899,0,896.545,0,99.060,3417,4086,0.990,1.080,1.110,2,0,1.001,0,0,18,293,0,46,0
20-05 10:23:06,21.492,4.498,70.975,1.499,0,5532860,135432,184880,2172788,7049.536,3546.760,0,2307.194,0,278.903,6397,9437,0.990,1.080,1.110,3,0,0,0,0,18,293,0,46,0
20-05 10:23:07,25.558,4.761,64.396,2.756,0,5532860,135180,184880,2173040,2219.015,1136.569,16.036,9192.775,1.002,721.631,8155,12830,0.990,1.080,1.110,1,0,1.002,0,0,18,293,0,44,0
20-05 10:23:08,23.788,4.758,68.609,1.252,0,5532936,134788,184880,2173356,3882.151,1298.057,0,6830.824,0,384.609,7121,9900,0.990,1.080,1.110,1,0,0,0,0,18,294,0,46,0
20-05 10:23:09,18.189,4.236,74.747,1.246,0,5532996,134536,184880,2173548,6373.451,3864.932,0,1734.137,0,219.259,4853,6897,0.990,1.080,1.110,0,0,0,0,0,18,292,0,47,0
20-05 10:23:10,11.754,1.250,84.280,0.750,0,5532920,134536,184880,2173624,5423.959,3176.147,0,1116.403,0,129.047,3033,4046,0.990,1.080,1.110,0,0,0,0,0,18,293,0,47,0
20-05 10:23:11,11.305,1.507,85.664,0.251,0,5533156,134284,184880,2173640,19097.378,8672.953,0,679.286,0,41.199,2149,2302,0.910,1.060,1.110,1,0,2.010,0,0,18,293,0,46,0
20-05 10:23:12,17.162,0.995,78.846,0.497,0,5533000,134284,184880,2173804,24169.095,12417.341,0,1317.247,0,129.337,2994,3590,0.910,1.060,1.110,0,0,0,0,0,18,293,0,46,0
20-05 10:23:13,19.770,4.505,72.324,1.752,0,5532740,134284,184880,2174064,3720.816,1375.411,0,2566.633,0,286.294,6239,9238,0.910,1.060,1.110,1,0,0,0,0,18,293,0,46,0
20-05 10:23:14,26.065,4.762,65.162,2.506,0.251,5532864,134032,184880,2174192,2039.056,1136.819,0,8468.998,0,702.742,7977,12615,0.910,1.060,1.110,1,0,1.002,0,0,18,293,0,46,0
20-05 10:23:15,24.918,4.236,68.026,0.748,0,5533628,133024,184880,2174436,2283.474,1130.275,0,2196.760,0,178.412,6459,9072,0.910,1.060,1.110,2,0,0,0,0,18,292,0,48,0
20-05 10:23:16,22.239,3.998,70.215,1.749,0,5533876,132520,184880,2174692,5552.202,3849.060,0,2446.767,0,231.883,5578,7810,1,1.080,1.110,0,0,0,0,0,18,293,0,49,0
20-05 10:23:17,10.226,2.245,85.048,0.499,0,5534380,132016,184880,2174692,5020.095,1444.574,0,2322.492,0,109.740,2996,3998,1,1.080,1.110,1,0,5.986,0,0,18,293,0,50,0
20-05 10:23:18,5.222,0.995,91.264,0.249,0,5534352,132016,184880,2174752,9388.983,5164.488,0,935.019,0,85.544,1846,2723,1,1.080,1.110,3,0,0,0,0,18,294,0,50,0
20-05 10:23:19,28.489,6.051,62.273,2.017,0,5534316,132016,184880,2174788,18845.225,8262.371,32.271,3513.499,1.008,403.387,7599,11246,1,1.080,1.110,2,0,0,0,0,18,293,0,46,0
20-05 10:23:20,25.560,4.761,66.155,2.005,0,5533940,132016,184880,2175168,2356.534,1136.669,0,7401.381,0,589.384,7738,11698,1,1.080,1.110,2,0,0,0,0,18,293,0,46,0
20-05 10:23:21,24.283,4.506,68.091,0.501,0,5534920,130756,184880,2175448,2277.049,1135.520,0,1213.625,0,104.139,6376,8795,1,1.070,1.110,2,0,0,0,0,18,293,0,46,0
20-05 10:23:22,24.638,4.729,66.200,1.742,0,5535136,130504,184880,2175484,2024.823,1128.883,0,2827.186,0,335.479,6839,10190,1,1.070,1.110,1,0,0,0,0,18,293,0,46,0
20-05 10:23:23,25.590,5.269,65.230,1.756,0,5534748,130504,184880,2175872,2101.395,1138.005,0,3147.074,0,377.328,7314,10977,1,1.070,1.110,2,0,0,0,0,18,293,0,44,0
20-05 10:23:24,24.724,4.745,67.928,0.999,0,5535524,129496,184880,2176104,3644.146,1132.802,0,1933.955,0,171.818,6593,9680,1,1.070,1.110,2,0,0.999,0,0,18,293,0,48,0
20-05 10:23:25,18.182,3.736,74.968,1.494,0,5535696,129244,184880,2176184,6447.784,3993.004,0,2510.571,0,270.982,4893,7067,1,1.070,1.110,0,0,0,0,0,18,292,0,50,0
20-05 10:23:26,9.256,2.251,86.052,0.750,0,5535496,129244,184880,2176384,6469.912,3816.307,0,1793.084,0,177.107,2867,4140,1,1.070,1.110,1,0,0,0,0,18,292,0,50,0
20-05 10:23:27,9.532,1.505,88.050,0.251,0,5535728,128992,184880,2176404,1786.087,1083.694,0,1400.774,0,113.386,2697,3728,1,1.070,1.110,1,0,0,0,0,18,293,0,45,0
20-05 10:23:28,6.730,1.994,87.987,1.246,0,5535920,128740,184880,2176464,6063.850,3281.179,0,6975.123,0,382.854,2901,4617,1,1.070,1.110,0,0,0,0,0,18,292,0,46,0
20-05 10:23:29,9.502,2.000,85.515,0.750,0,5536076,128516,184880,2176532,9080.588,5410.946,0,6353.111,0,348.061,2924,4103,1,1.070,1.110,0,0,0,0,0,18,293,0,46,0
20-05 10:23:30,24.353,4.519,68.539,1.255,0,5535888,128516,184880,2176720,18773.073,8492.772,0,2153.069,0,248.045,6147,8429,1,1.070,1.110,3,0,0,0,0,18,293,0,47,0
20-05 10:23:31,25.224,5.245,65.182,2.497,0,5535236,128516,184880,2177372,1971.939,1132.816,0,3564.275,0,411.570,7326,10858,1,1.070,1.110,1,0,0,0,0,18,293,0,41,0
20-05 10:23:32,24.178,4.237,67.300,0.748,0,5535868,127256,184880,2178000,1848.512,1130.643,0,2157.594,0,197.414,6584,9694,1,1.070,1.110,1,0,0,0,0,18,293,0,41,0
20-05 10:23:33,25.288,4.006,67.851,0.751,0,5537028,125996,184880,2178100,2097.118,1135.688,16.024,2063.067,1.001,193.287,7211,10399,1,1.070,1.110,1,0,0,0,0,18,293,0,42,0
20-05 10:23:34,19.473,2.746,73.896,1.997,0,5537024,125744,184880,2178356,25776.598,12902.778,0,6962.168,0,541.236,4959,7627,1,1.070,1.110,1,0,0.999,0,0,18,292,0,44,0
20-05 10:23:35,15.067,2.260,81.362,0.753,0,5537012,125744,184880,2178368,10952.677,5488.392,0,1189.285,0,123.549,3034,3977,1,1.070,1.110,4,0,0,0,0,18,293,0,42,0
20-05 10:23:36,16.442,1.744,79.219,0.747,0,5536924,125744,184880,2178456,18614.031,8056.447,0,1458.830,0,131.534,3744,5068,1.080,1.090,1.110,2,0,0,0,0,18,294,0,44,0
20-05 10:23:37,25.071,5.014,64.934,2.256,0,5536884,125492,184880,2178748,3565.104,1215.445,0,3578.141,0,399.131,7264,11369,1.080,1.090,1.110,4,0,0,0,0,18,293,0,44,0
20-05 10:23:38,25.412,3.737,66.769,1.495,0,5537136,125240,184880,2178748,2308.012,1291.530,0,3555.693,0,339.824,6185,9594,1.080,1.090,1.110,2,0,0,0,0,18,293,0,45,0
20-05 10:23:39,24.831,4.264,67.722,1.505,0,5536772,125240,184880,2179112,2769.082,1625.331,0,2347.700,0,233.767,6684,9957,1.080,1.090,1.110,2,0,0,0,0,18,293,0,43,0
20-05 10:23:40,24.262,5.002,66.782,1.501,0,5537412,124484,184880,2179228,4579.176,1620.770,0,2589.230,0,280.133,6534,9459,1.080,1.090,1.110,3,0,0,0,0,18,291,0,44,0
20-05 10:23:41,8.468,1.743,86.423,1.245,0,5537580,124232,184880,2179312,7052.291,4200.093,31.879,6591.038,1.992,442.325,3263,5377,0.990,1.070,1.110,0,0,0.996,0,0,18,292,0,44,0
20-05 10:23:42,22.082,6.524,70.010,0.502,0,5549052,175836,184196,2116992,22469.561,10850.351,0,1349.017,0,145.541,4437,16579,0.990,1.070,1.110,3,0,36.134,0,0,18,292,0,46,0
20-05 10:23:43,12.951,1.494,83.185,0.747,0,5546972,177860,184196,2117048,11487.543,5827.953,0,1394.724,0,147.442,3228,4498,0.990,1.070,1.110,2,0,0,0,0,18,293,0,39,0
20-05 10:23:44,20.583,3.263,74.298,0.753,0,5550564,174040,184196,2117276,24074.715,10546.368,0,6112.556,0,456.835,4872,6088,0.990,1.070,1.110,2,0,1.004,0,0,18,294,0,39,0
20-05 10:23:45,29.593,4.725,62.420,0.995,0,5546748,177712,184196,2117420,19276.048,8603.496,0,2415.226,0,237.743,6729,9316,0.990,1.070,1.110,2,0,0.995,0,0,18,293,0,42,0
20-05 10:23:46,25.829,5.266,65.451,2.006,0,5546196,178012,184196,2117672,2786.539,1462.482,0,5785.730,0,754.312,7765,11899,1.070,1.080,1.110,1,0,3.009,0,0,18,293,0,42,0
20-05 10:23:47,24.536,4.507,66.848,1.252,0,5546200,177756,184196,2117924,2633.870,1351.986,0,6112.981,0,411.605,7122,10446,1.070,1.080,1.110,1,0,0,0,0,18,293,0,42,0
20-05 10:23:48,24.894,4.481,67.713,0.747,0,5547960,175876,184196,2118044,4186.252,1398.073,0,1840.198,0,197.164,6747,9576,1.070,1.080,1.110,2,0,0.996,0,0,18,293,0,42,0
20-05 10:23:49,26.102,6.776,63.247,2.510,0,5547892,175652,184196,2118336,3029.818,1505.874,48.188,4429.276,1.004,432.688,7938,12130,1.070,1.080,1.110,2,0,3.012,0,0,18,293,0,42,0
20-05 10:23:50,26.168,5.234,65.794,0.997,0,5547936,175456,184196,2118488,2547.011,1495.310,0,2209.071,0,219.312,6923,9734,1.070,1.080,1.110,1,0,0.997,0,0,18,293,0,45,0
20-05 10:23:51,26.817,4.511,66.166,0.752,0,5548208,174700,184196,2118972,2664.692,1461.671,0,1984.985,0,166.418,6408,9020,1.070,1.080,1.110,1,0,1.003,0,0,18,293,0,45,0
20-05 10:23:52,24.444,5.238,65.351,2.245,0,5548020,174700,184196,2119160,2352.634,1454.682,0,3312.445,0,393.103,7522,11587,1.070,1.080,1.110,6,0,0,0,0,18,293,0,42,0
20-05 10:23:53,25.063,5.514,65.163,2.005,0,5547812,174700,184196,2119368,2449.140,1461.664,0,8389.030,0,638.601,7952,12242,1.070,1.080,1.110,1,0,0,0,0,18,293,0,42,0
20-05 10:23:54,24.160,4.234,67.997,0.996,0,5548316,174196,184196,2119368,2465.823,1344.994,0,1482.483,0,163.392,5497,7900,1.070,1.080,1.110,2,0,0.996,0,0,18,293,0,42,0
20-05 10:23:55,24.368,4.019,69.335,1.256,0,5547968,174196,184196,2119716,2553.349,1410.823,0,1712.281,0,179.870,5977,8621,1.070,1.080,1.110,1,0,0,0,0,18,293,0,42,0
20-05 10:23:56,25.190,4.988,65.343,2.494,0,5548132,173720,184196,2120028,2591.792,1454.516,0,3615.340,0,417.999,7405,11891,1.060,1.080,1.110,3,0,0,0,0,18,293,0,39,0
20-05 10:23:57,23.794,5.009,68.127,0.751,0,5548904,172712,184196,2120264,4098.653,1460.727,0,1863.479,0,160.299,6546,9272,1.060,1.080,1.110,1,0,0,0,0,18,293,0,39,0
20-05 10:23:58,19.695,4.238,73.046,0.997,0,5549356,172208,184196,2120316,6612.519,4069.626,0,2138.025,0,219.387,5088,7169,1.060,1.080,1.110,1,1,0,0,0,18,292,0,40,0
20-05 10:23:59,12.495,2.999,80.468,1.250,0,5549068,172208,184196,2120604,4289.310,1543.392,0,11611.425,0,739.709,4486,6664,1.060,1.080,1.110,2,0,0,0,0,18,293,0,41,0
20-05 10:24:00,5.778,1.759,89.939,0.754,0,5549064,172208,184196,2120608,6754.946,4201.492,0,912.450,0,88.431,2323,3283,1.060,1.080,1.110,1,0,0,0,0,18,292,0,36,0
20-05 10:24:01,11.489,2.747,83.171,0.999,0,5549080,171956,184196,2120844,6652.654,4316.882,0,1606.467,0,174.833,3346,4826,0.980,1.060,1.100,1,0,0,0,0,18,292,0,37,0
20-05 10:24:02,16.926,2.987,76.665,1.742,0,5549324,171704,184196,2120852,6588.200,3935.795,0,1943.504,0,237.960,4270,5968,0.980,1.060,1.100,1,0,0.996,0,0,18,292,0,38,0
20-05 10:24:03,13.796,2.258,82.275,0.753,0,5549176,171704,184196,2121000,5806.382,3741.489,0,1420.742,0,149.499,3150,4424,0.980,1.060,1.100,1,0,0,0,0,18,294,0,38,0
20-05 10:24:04,17.461,1.497,78.076,0.748,0,5549260,171452,184196,2121172,45305.153,22387.167,0,2394.670,0,169.622,3545,4431,0.980,1.060,1.100,2,0,0.998,0,0,18,294,0,37,0
20-05 10:24:05,15.993,1.499,80.213,0.750,0,5549484,171200,184196,2121200,26470.635,13182.842,0,1443.326,0,137.936,3281,4248,0.980,1.060,1.100,0,0,0,0,0,18,293,0,37,0
20-05 10:24:06,15.228,2.247,80.382,0.999,0,5549408,171200,184196,2121276,23300.876,11052.813,0,1509.789,0,150.779,3365,4596,0.900,1.040,1.100,1,0,0,0,0,18,293,0,37,0
20-05 10:24:07,17.092,4.273,74.903,1.005,0,5549184,171200,184196,2121500,7442.077,3567.210,0,2597.991,0,246.327,5498,8128,0.900,1.040,1.100,5,0,0,0,0,18,293,0,38,0
20-05 10:24:08,25.351,6.462,64.122,2.734,0,5549168,171200,184196,2121516,2362.076,1288.405,0,9325.030,0,741.628,8161,13123,0.900,1.040,1.100,2,0,0.994,0,0,18,293,0,36,0
20-05 10:24:09,24.628,5.026,68.103,0.754,0,5548984,171004,184196,2121896,2388.371,1302.748,0,1865.664,0,173.901,6767,9723,0.900,1.040,1.100,3,0,0,0,0,18,293,0,36,0
20-05 10:24:10,24.616,3.978,67.134,1.741,0,5549364,170500,184196,2122020,3871.876,1288.968,0,2593.848,0,256.600,7066,10246,0.900,1.040,1.100,1,0,0,0,0,18,293,0,38,0
20-05 10:24:11,24.368,5.024,67.827,1.507,0,5549608,169996,184196,2122280,2447.809,1302.283,0,2604.565,0,299.445,7069,10272,1.070,1.080,1.110,2,0,2.010,0,0,18,293,0,38,0
20-05 10:24:12,23.435,3.989,70.305,1.247,0.249,5550372,168988,184196,2122524,5431.929,3896.190,0,2708.485,0,275.236,5740,8619,1.070,1.080,1.110,2,0,0,0,0,18,293,0,40,0
20-05 10:24:13,10.031,2.257,85.512,1.003,0,5550332,168988,184196,2122564,3450.553,1474.510,0,2206.749,0,246.755,3392,5024,1.070,1.080,1.110,4,0,0,0,0,18,292,0,40,0
20-05 10:24:14,4.982,1.245,89.425,1.744,0,5550292,168988,184196,2122604,6829.196,3961.611,0,6639.883,0,404.531,2994,4788,1.070,1.080,1.110,3,0,0.996,0,0,18,293,0,40,0
20-05 10:24:15,20.022,2.753,75.083,1.001,0,5550672,168512,184196,2122700,6942.685,3510.886,0,6667.380,0,562.623,5497,7182,1.070,1.080,1.110,1,0,0,0,0,18,292,0,42,0
20-05 10:24:16,7.245,1.249,88.441,0.750,0,5550460,168512,184196,2122912,5729.206,3396.751,31.979,1051.304,0.999,83.944,2240,3093,1.060,1.080,1.110,2,0,0,0,0,18,293,0,39,0
20-05 10:24:17,14.818,3.767,78.609,1.758,0,5559708,159188,184196,2122988,21556.535,10654.703,20.092,1301.951,2.009,127.583,3607,4740,1.060,1.080,1.110,2,0,6.028,0,0,18,293,0,39,0
20-05 10:24:18,25.150,3.735,65.988,1.992,0.498,5559480,159188,184196,2123216,3863.655,1529.924,0,3828.793,0,386.465,7129,10753,1.060,1.080,1.110,1,0,0,0,0,18,293,0,39,0
20-05 10:24:19,24.998,5.000,67.495,1.000,0.250,5559588,158936,184196,2123360,2195.852,1295.913,0,2399.839,0,246.983,6575,9493,1.060,1.080,1.110,2,0,0,0,0,18,293,0,39,0
20-05 10:24:20,23.737,4.747,67.464,1.249,0,5560088,158180,184196,2123616,2152.865,1241.346,0,2310.782,0,226.880,6967,10046,1.060,1.080,1.110,1,0,0,0,0,18,293,0,38,0
20-05 10:24:21,24.512,4.502,68.783,1.000,0,5560980,157172,184196,2123732,5061.450,3861.869,0,2293.110,0,245.119,5868,8342,1.140,1.090,1.110,1,0,0,0,0,18,293,0,40,0
20-05 10:24:22,7.778,1.505,88.564,1.004,0,5560820,157172,184196,2123892,3317.774,1487.278,0,5945.097,0,381.353,2813,4394,1.140,1.090,1.110,2,0,0,0,0,18,293,0,40,0
20-05 10:24:23,15.934,1.494,78.923,0.996,0,5560776,157172,184196,2123936,24533.304,12393.626,0,1541.610,0,168.302,3390,4597,1.140,1.090,1.110,0,0,0,0,0,18,293,0,40,0
20-05 10:24:24,23.221,4.994,67.914,1.248,0,5560452,157320,184196,2124112,4113.774,1534.051,0,3587.443,0,349.556,6673,9746,1.140,1.090,1.110,1,0,0.999,0,0,18,293,0,36,0
20-05 10:24:25,25.034,5.007,65.588,2.253,0,5560152,157448,184196,2124284,2548.420,1189.596,0,3829.138,0,391.525,7615,11698,1.140,1.090,1.110,1,0,0,0,0,18,293,0,37,0
20-05 10:24:26,23.506,4.251,69.518,1.250,0,5560332,157196,184196,2124356,5720.513,3795.004,0,2624.694,0,252.067,5556,7971,1.120,1.090,1.110,0,0,0,0,0,18,293,0,39,0
20-05 10:24:27,9.759,2.002,85.830,0.751,0,5560112,157196,184196,2124576,3937.689,2195.056,0,1953.830,0,199.187,3115,4482,1.120,1.090,1.110,1,0,0,0,0,18,293,0,39,0
20-05 10:24:28,3.758,1.002,92.941,0.501,0,5560096,157196,184196,2124592,7128.675,3267.727,0,1186.442,0,91.188,1807,2645,1.120,1.090,1.110,2,0,0,0,0,18,293,0,39,0
20-05 10:24:29,7.502,1.750,87.268,1.750,0,5560052,157196,184196,2124636,6679.353,3906.791,0,6017.219,0,429.087,3228,5340,1.120,1.090,1.110,0,0,0,0,0,18,292,0,36,0
20-05 10:24:30,13.955,1.744,80.242,0.997,0,5560272,156972,184196,2124640,15312.739,7807.882,0,6614.720,0,537.272,3856,5419,1.120,1.090,1.110,0,0,0,0,0,18,293,0,36,0
20-05 10:24:31,3.751,1.750,93.019,0.500,0,5560056,156972,184196,2124856,3473.701,1362.275,0,780.157,0,56.011,1478,2054,1.030,1.070,1.100,3,0,0,0,0,18,292,0,36,0
20-05 10:24:32,22.002,3.000,72.507,1.000,0,5560288,156720,184196,2124876,24987.459,12853.265,0,1508.148,0,162.016,4303,5276,1.030,1.070,1.100,0,0,0,0,0,18,293,0,37,0
20-05 10:24:33,10.489,1.998,85.160,0.749,0,5560240,156468,184196,2125176,3897.881,1782.117,0,1606.303,0,185.804,3166,4709,1.030,1.070,1.100,2,0,0,0,0,18,293,0,36,0
20-05 10:24:34,10.989,1.498,84.912,0.250,0,5560208,156468,184196,2125208,26628.456,13278.265,0,891.078,0,71.926,2479,2884,1.030,1.070,1.100,1,0,1.998,0,0,18,293,0,36,0
20-05 10:24:35,12.776,3.006,81.668,1.503,0,5560132,156468,184196,2125284,7181.747,4098.416,0,1619.325,0,173.356,3690,5249,1.030,1.070,1.100,0,0,0,0,0,18,292,0,37,0
20-05 10:24:36,11.242,1.499,84.443,0.500,0,5560096,156468,184196,2125320,15357.683,7851.726,0,1207.189,0,105.929,2477,3208,0.950,1.050,1.100,0,0,0,0,0,18,294,0,37,0
20-05 10:24:37,10.506,1.501,87.300,0,0,5560096,156468,184196,2125320,24666.194,11043.355,0,688.396,0,47.027,1955,2182,0.950,1.050,1.100,1,0,0,0,0,18,294,0,32,0
20-05 10:24:38,3.751,0.750,93.268,0.250,0,5560072,156468,184196,2125344,7337.394,3821.726,0,580.110,0,33.006,1296,1719,0.950,1.050,1.100,1,0,0,0,0,18,294,0,32,0
20-05 10:24:39,8.248,1.000,89.231,0.500,0,5560072,156468,184196,2125344,20366.646,10368.784,0,595.873,0,44.990,1690,1908,0.950,1.050,1.100,0,0,0,0,0,18,294,0,32,0
20-05 10:24:40,8.997,1.500,86.722,0.500,0,5559896,156468,184196,2125520,17017.430,8313.279,0,999.673,0,98.968,2331,2994,0.950,1.050,1.100,1,0,0,0,0,18,293,0,33,0
20-05 10:24:41,2.251,1.000,95.272,0,0,5559888,156468,184196,2125528,3843.872,1632.370,0,472.107,0,27.006,1132,1598,0.870,1.040,1.090,3,0,0,0,0,18,292,0,30,0
20-05 10:24:42,23.685,4.986,69.062,1.496,0,5572804,143500,184196,2125544,24980.906,12506.908,75.793,1188.760,1.995,126.655,4689,17100,0.870,1.040,1.090,1,0,35.902,0,0,18,293,0,31,0
20-05 10:24:43,12.808,2.260,82.373,1.005,0,5572268,143916,184196,2125700,23475.192,10991.722,0,1366.180,0,162.736,3212,4563,0.870,1.040,1.090,1,1,0,0,0,18,293,0,32,0
20-05 10:24:44,27.004,5.251,63.010,2.250,0,5571960,143916,184196,2126008,5595.875,3445.539,0,9713.519,0,738.115,8247,13058,0.870,1.040,1.090,1,0,1.000,0,0,18,294,0,32,0
20-05 10:24:45,30.252,5.000,62.004,1.000,0,5565232,150368,184196,2126284,22136.568,11069.784,0,6236.442,0,601.043,6862,9086,0.870,1.040,1.090,0,0,0,0,0,18,293,0,30,0
20-05 10:24:46,5.992,1.498,90.880,0.499,0,5565116,150460,184196,2126308,3703.099,1575.914,0,930.768,0,83.889,2094,3117,0.800,1.020,1.080,3,0,0,0,0,18,293,0,31,0
20-05 10:24:47,20.042,2.756,74.655,1.002,0,5565036,150460,184196,2126388,10037.793,5667.741,0,1948.035,0,223.463,4865,6675,0.800,1.020,1.080,1,0,0,0,0,18,293,0,31,0
20-05 10:24:48,17.017,3.003,76.827,0.751,0,5565248,150208,184196,2126428,19620.595,8525.514,0,1417.416,0,145.145,4176,5675,0.800,1.020,1.080,2,0,0,0,0,18,293,0,31,0
20-05 10:24:49,27.685,4.489,64.597,1.496,0,5569872,145184,184196,2126828,4196.088,1496.465,0,2865.232,0,321.241,7631,11132,0.800,1.020,1.080,1,0,2.993,0,0,18,293,0,31,0
20-05 10:24:50,26.332,5.768,65.705,1.003,0,5569896,144960,184196,2127028,3104.701,1504.701,0,1990.218,0,189.592,7094,10142,0.800,1.020,1.080,4,0,1.003,0,0,18,295,0,32,0
20-05 10:24:51,25.053,4.217,66.228,1.736,0,5570608,143952,184196,2127324,6904.575,4152.270,0,7481.031,0,573.480,6870,10723,0.820,1.020,1.080,2,0,1.984,0,0,18,292,0,35,0
20-05 10:24:52,11.287,2.508,83.527,0.752,0,5570796,143700,184196,2127388,2893.592,1408.670,16.053,2106.984,1.003,198.659,3816,5402,0.820,1.020,1.080,1,0,0,0,0,18,293,0,35,0
20-05 10:24:53,14.498,3.000,79.987,1.500,0,5569288,145104,184196,2127492,10015.415,5655.105,0,2119.665,0,271.957,4246,6059,0.820,1.020,1.080,0,0,0,0,0,18,293,0,32,0
20-05 10:24:54,16.063,3.012,78.808,1.255,0,5568988,145104,184196,2127792,19316.560,8550.447,0,1168.571,0,127.499,3703,4819,0.820,1.020,1.080,1,1,1.004,0,0,18,292,0,34,1
20-05 10:24:55,5.978,0.996,90.663,0.498,0,5569208,144852,184196,2127824,6830.610,4169.501,0,1315.112,0,140.478,2052,2996,0.820,1.020,1.080,1,0,0,0,0,18,292,0,34,0
20-05 10:24:56,14.499,1.750,80.743,0.500,0,5569424,144600,184196,2127860,9642.152,5601.507,0,1475.870,0,154.986,3626,4872,0.750,1,1.080,0,0,0,0,0,18,293,0,35,0
20-05 10:24:57,16.534,4.008,78.412,1.253,0,5569524,144376,184196,2127984,2362.883,1461.019,0,1539.181,0,159.329,4893,6944,0.750,1,1.080,2,0,0,0,0,18,294,0,35,0
20-05 10:24:58,31.253,5.751,57.756,3.000,0,5569524,144376,184196,2127984,20429.040,8463.845,0,10373.036,0,898.090,8868,14160,0.750,1,1.080,1,0,0,0,0,18,293,0,35,0
20-05 10:24:59,24.587,5.215,66.309,1.738,0,5569184,144124,184196,2128576,2535.147,1502.015,31.789,3782.852,0.993,370.537,7166,11419,0.750,1,1.080,2,0,0,0,0,18,293,0,35,0
20-05 10:25:00,24.954,4.285,68.561,0.756,0,5570584,142612,184200,2128684,2757.553,1470.023,0,1915.668,0,165.352,6443,9003,0.750,1,1.080,1,0,0,0,0,18,293,0,35,0
20-05 10:25:01,24.929,5.983,64.316,3.241,0,5572016,140880,184200,2128984,2590.588,1539.595,111.680,7167.493,8.974,586.322,6918,9577,0.850,1.020,1.080,2,0,2.991,0,0,18,293,0,34,0
20-05 10:25:02,6.015,1.003,90.479,0.251,0,5571912,140880,184200,2129088,6902.484,4059.282,0,958.428,0,81.206,2150,2869,0.850,1.020,1.080,2,0,0,0,0,18,293,0,34,0
20-05 10:25:03,14.242,2.748,79.956,1.749,0,5571876,140880,184200,2129124,2780.453,1551.137,0,2554.578,0,320.821,4669,7086,0.850,1.020,1.080,1,0,0,0,0,18,293,0,34,0
20-05 10:25:04,16.027,13.022,65.361,4.508,0,5581768,130668,184224,2129420,9913.848,5797.853,216.368,1706.901,21.036,154.262,5777,6417,0.850,1.020,1.080,1,0,267.455,0,0,18,293,0,35,0
20-05 10:25:05,20.901,4.976,68.427,2.986,0,5583632,128488,184228,2129732,23269.015,11194.089,7.962,5776.695,1.991,440.916,5260,7194,0.850,1.020,1.080,0,0,62.704,0,0,18,292,0,37,0
20-05 10:25:06,12.004,2.251,83.530,0.500,0,5583592,128488,184228,2129772,8088.942,3616.315,0,1060.386,0,85.031,2929,3908,0.870,1.020,1.080,1,0,0,0,0,18,292,0,38,0
20-05 10:25:07,14.559,2.008,82.587,0.502,0,5575920,136088,184228,2129844,22088.099,10547.022,0,1128.604,0,104.426,3219,4165,0.870,1.020,1.080,1,0,0,0,0,18,293,0,38,0
20-05 10:25:08,24.645,4.730,65.719,1.991,0,5575736,136088,184228,2130028,2168.720,1451.788,0,3425.343,0,359.462,7744,11603,0.870,1.020,1.080,3,0,0.996,0,0,18,293,0,38,0
20-05 10:25:09,24.578,5.016,66.712,2.006,0,5575520,136088,184228,2130244,2305.324,1462.647,0,3150.008,0,371.179,7136,10743,0.870,1.020,1.080,2,1,0,0,0,18,293,0,39,0
20-05 10:25:10,24.020,4.254,68.307,1.001,0,5576876,134604,184228,2130372,4112.414,1459.211,0,2061.712,0,204.170,6598,9429,0.870,1.020,1.080,1,0,0,0,0,18,293,0,39,0
20-05 10:25:11,24.154,4.731,67.981,0.747,0,5577580,133596,184228,2130676,2366.635,1290.892,0,2669.437,0,132.476,6655,9286,0.880,1.020,1.080,4,0,1.992,0,0,18,293,0,39,0
20-05 10:25:12,12.002,3.250,81.262,1.750,0,5572288,138664,184228,2130900,8340.231,4320.638,0,6632.979,0,527.078,4254,7005,0.880,1.020,1.080,0,0,0,0,0,18,292,0,41,0
20-05 10:25:13,13.249,2.250,81.244,1.250,0,5572696,138188,184228,2130968,2597.803,1457.889,0,2199.833,0,219.983,4254,6208,0.880,1.020,1.080,0,0,0,0,0,18,293,0,42,0
20-05 10:25:14,14.489,2.748,78.938,1.499,0,5572576,138188,184228,2131088,9829.219,5651.526,0,2190.266,0,271.785,4345,6495,0.880,1.020,1.080,0,0,0.999,0,0,18,293,0,36,0
20-05 10:25:15,17.520,2.253,77.340,0.751,0,5572332,138188,184228,2131332,23976.038,11165.057,0,1705.995,0,168.197,3810,5347,0.880,1.020,1.080,0,0,0,0,0,18,293,0,37,0
20-05 10:25:16,8.265,1.503,88.165,1.002,0,5572736,137740,184232,2131372,3728.980,1701.184,0,6043.312,0,481.902,2737,3562,0.890,1.020,1.080,4,0,0,0,0,18,293,0,38,0
20-05 10:25:17,11.238,3.247,83.415,0.749,0,5573984,136484,184232,2131380,12418.276,6161.687,0,1250.719,0,131.865,3014,4076,0.890,1.020,1.080,1,0,5.994,0,0,18,293,0,38,0
20-05 10:25:18,26.230,3.747,66.200,1.499,0,5573504,136484,184232,2131860,16514.529,8130.860,0,2294.267,0,260.803,6559,9819,0.890,1.020,1.080,1,1,0,0,0,18,293,0,36,0
20-05 10:25:19,26.271,5.755,63.550,2.752,0,5573668,136232,184232,2131948,2465.954,1405.113,0,10087.993,0,838.665,8344,13781,0.890,1.020,1.080,2,0,0,0,0,18,293,0,36,0
20-05 10:25:20,24.976,3.996,67.934,1.249,0,5573960,135728,184232,2132160,2464.604,1348.689,0,2054.003,0,242.764,7015,10257,0.890,1.020,1.080,1,0,0,0,0,18,293,0,38,0
20-05 10:25:21,15.012,3.252,78.310,1.501,0,5573816,135476,184232,2132556,7144.486,4184.213,16.012,2253.731,1.001,238.183,4316,6407,0.900,1.020,1.080,0,0,0,0,0,18,292,0,39,0
20-05 10:25:22,16.479,2.747,77.901,0.999,0,5574004,135288,184232,2132556,5950.433,4067.827,0,1953.516,0,183.766,3841,5351,0.900,1.020,1.080,0,0,0,0,0,18,293,0,39,0
20-05 10:25:23,13.049,1.757,83.565,0.502,0,5573844,135288,184232,2132716,14781.658,6664.092,0,1393.246,0,140.529,3160,4231,0.900,1.020,1.080,2,0,0,0,0,18,294,0,39,0
20-05 10:25:24,11.708,2.242,84.199,0.747,0.249,5573716,135288,184232,2132844,26384.582,12607.882,0,1175.792,0,112.597,2788,3768,0.900,1.020,1.080,0,0,0.996,0,0,18,292,0,39,0
20-05 10:25:25,15.250,2.000,80.502,1.000,0,5573640,135288,184232,2132920,24814.630,12607.320,0,1160.029,0,120.003,3080,4105,0.900,1.020,1.080,0,0,0,0,0,18,293,0,39,0
20-05 10:25:26,20.295,4.009,70.405,2.004,0,5573732,135036,184232,2133080,4290.436,1701.743,0,8286.224,0,629.384,6753,10512,0.910,1.010,1.080,0,1,0,0,0,18,293,0,39,0
20-05 10:25:27,24.022,4.754,68.562,1.001,0,5573496,135036,184232,2133316,2480.234,1459.314,0,2802.524,0,235.212,6273,8983,0.910,1.010,1.080,1,1,0,0,0,18,293,0,41,0
20-05 10:25:28,8.973,1.246,87.235,0.748,0,5573460,135036,184232,2133352,6758.460,4176.308,0,1431.649,0,148.549,2686,4062,0.910,1.010,1.080,1,0,0,0,0,18,292,0,42,0
20-05 10:25:29,13.256,2.001,82.536,0.750,0,5573380,135036,184232,2133432,11914.169,6008.607,0,1448.629,0,154.067,3257,4326,0.910,1.010,1.080,1,0,0,0,0,18,293,0,43,0
20-05 10:25:30,20.559,4.012,71.957,1.504,0,5573336,135036,184232,2133476,18156.112,8160.422,0,2170.229,0,222.639,5378,7513,0.910,1.010,1.080,2,0,0,0,0,18,293,0,41,0
20-05 10:25:31,25.417,3.987,68.028,0.997,0,5574056,134028,184232,2133764,2589.544,1453.254,0,2667.290,0,230.248,6479,9348,0.990,1.030,1.090,3,0,0,0,0,18,293,0,42,0
20-05 10:25:32,11.750,2.250,82.750,1.250,0,5573876,134028,184232,2133944,6719.035,4310.023,0,7584.040,0,685.004,3837,5788,0.990,1.030,1.090,2,0,0,0,0,18,292,0,44,0
20-05 10:25:33,19.234,2.998,74.438,1.499,0,5573784,134028,184232,2134036,5530.395,4000.669,0,2501.917,0,253.789,4594,6560,0.990,1.030,1.090,0,0,0,0,0,18,293,0,45,0
20-05 10:25:34,14.260,2.752,80.556,1.001,0,5573544,134028,184232,2134276,19024.216,7836.444,0,7152.969,0,494.343,3966,6034,0.990,1.030,1.090,4,0,1.001,0,0,18,294,0,44,0
20-05 10:25:35,8.525,1.003,88.006,0.501,0,5573540,134028,184232,2134280,15733.774,8684.265,0,830.416,0,73.213,2266,2933,0.990,1.030,1.090,1,0,0,0,0,18,293,0,45,0
20-05 10:25:36,12.458,1.744,82.973,0.748,0,5573504,134028,184232,2134316,24461.458,12445.513,0,1227.907,0,123.588,2888,4059,0.990,1.030,1.090,2,0,0,0,0,18,294,0,46,0
20-05 10:25:37,25.000,4.000,66.249,1.500,0,5573308,134028,184232,2134512,9557.865,3929.945,0,3319.953,0,328.995,6898,10009,0.990,1.030,1.090,3,0,0,0,0,18,294,0,46,0
20-05 10:25:38,29.607,4.516,64.232,0.502,0,5573152,134028,184232,2134668,13292.021,6307.789,0,1906.889,0,180.653,6598,9109,0.990,1.030,1.090,1,0,0,0,0,18,294,0,48,0
20-05 10:25:39,25.655,4.733,66.505,2.242,0,5573060,133776,184232,2135012,2229.784,1452.648,0,2793.707,0,306.869,7207,10685,0.990,1.030,1.090,1,0,0,0,0,18,292,0,48,0
20-05 10:25:40,19.252,3.500,73.009,1.250,0,5573248,133524,184232,2135076,6676.813,4316.526,0,3140.383,0,310.038,5315,7715,0.990,1.030,1.090,1,0,0,0,0,18,292,0,49,0
20-05 10:25:41,13.509,2.001,81.056,0.500,0,5573276,133272,184232,2135300,5352.680,4012.759,0,1781.225,0,172.118,3329,4690,1.150,1.060,1.100,2,0,0,0,0,18,293,0,51,0
20-05 10:25:42,15.272,7.761,75.359,0.501,0.250,5557688,189700,183856,2094968,3673.316,1634.365,8.012,1394.017,2.003,101.146,3934,15221,1.150,1.060,1.100,1,0,123.178,0,0,18,293,0,50,0
20-05 10:25:43,14.221,3.742,78.090,1.996,0,5569720,177596,183856,2095040,6557.531,4066.647,0,7045.529,0,544.881,4600,7111,1.150,1.060,1.100,2,0,0,0,0,18,292,0,51,0
20-05 10:25:44,22.524,3.504,72.077,0.250,0,5569792,177344,183856,2095220,5420.799,3448.689,0,764.818,0,56.060,3991,4566,1.150,1.060,1.100,1,0,1.001,0,0,18,294,0,51,0
20-05 10:25:45,30.802,2.755,64.359,0,0,5574100,172808,183856,2095448,19377.680,8681.641,0,673.135,0,46.078,4273,4229,1.150,1.060,1.100,1,0,0,0,0,18,293,0,56,0
20-05 10:25:46,14.280,2.004,82.424,1.002,0,5574076,172808,183860,2095468,26355.654,12741.907,0,1539.250,0,140.296,2924,3978,1.140,1.060,1.100,1,0,0,0,0,18,292,0,52,0
20-05 10:25:47,10.452,1.742,85.111,0.747,0.249,5574232,172584,183860,2095536,11299.316,5684.001,0,6056.298,0,491.751,3051,4254,1.140,1.060,1.100,0,0,0,0,0,18,293,0,54,0
20-05 10:25:48,17.497,1.500,77.737,0.500,0,5574360,172332,183860,2095660,34082.296,15324.435,0,1327.778,0,141.976,3506,4352,1.140,1.060,1.100,2,0,0,0,0,18,293,0,54,0
20-05 10:25:49,20.345,4.521,73.593,0.754,0,5578828,167580,183860,2095944,12772.466,5932.621,0,1631.596,0,178.833,5349,7449,1.140,1.060,1.100,2,0,3.014,0,0,18,293,0,54,0
20-05 10:25:50,27.262,4.752,64.779,1.251,0.250,5579396,166824,183860,2096132,2616.162,1458.648,0,2445.086,0,247.110,6833,9850,1.140,1.060,1.100,1,0,2.001,0,0,18,294,0,54,0
20-05 10:25:51,15.887,3.475,76.953,1.489,0,5580444,165564,183860,2096352,6850.280,4195.163,0,2831.859,0,269.086,4547,6567,1.130,1.060,1.090,0,0,0.993,0,0,18,292,0,55,0
20-05 10:25:52,17.094,2.262,78.932,0.503,0,5580440,165564,183860,2096356,2431.320,1466.032,0,1564.572,0,56.308,3862,4926,1.130,1.060,1.090,2,0,0,0,0,18,295,0,60,0
20-05 10:25:53,26.284,4.005,67.338,1.502,0,5580516,165060,183872,2096772,2481.224,1459.897,160.208,5002.501,12.016,330.429,6571,9269,1.130,1.060,1.090,1,0,1.001,0,0,18,295,0,76,0
20-05 10:25:54,24.957,3.993,68.132,0.998,0,5581196,164304,183872,2096848,2533.601,1497.400,3.993,2184.207,0.998,170.704,6647,9013,1.130,1.060,1.090,1,0,2.995,0,0,18,299,0,80,0
20-05 10:25:55,25.431,3.491,67.317,0.748,0,5581840,163296,183872,2097212,2548.078,1454.050,0,1468.012,0,124.661,6124,7906,1.130,1.060,1.090,2,0,0,0,0,18,296,0,88,0
20-05 10:25:56,14.486,1.748,81.172,0.999,0,5581860,163044,183872,2097444,9887.520,5650.582,0,1338.716,0,135.870,3502,4849,1.200,1.080,1.100,0,0,0,0,0,18,296,0,88,0
20-05 10:25:57,20.554,4.011,72.189,0.752,0,5583036,161784,183872,2097528,14553.170,6281.475,4.011,2855.489,1.003,299.786,5336,7804,1.200,1.080,1.100,5,0,0,0,0,18,297,0,89,0
20-05 10:25:58,27.325,5.014,64.927,1.504,0,5583004,161532,183872,2097812,7103.404,3720.162,0,3028.272,0,309.846,7184,10591,1.200,1.080,1.100,1,1,0,0,0,18,296,0,90,0
20-05 10:25:59,9.198,1.740,85.768,1.740,0,5582940,161532,183872,2097876,6681.466,4168.582,0,6137.522,0,432.570,3404,5581,1.200,1.080,1.100,1,0,0,0,0,18,295,0,90,0
20-05 10:26:00,9.754,2.001,84.533,1.000,0,5582940,161532,183872,2097876,8550.343,4130.615,0,1916.749,0,205.080,3393,4914,1.200,1.080,1.100,1,0,0,0,0,18,295,0,90,0
20-05 10:26:01,9.759,1.752,85.831,0.751,0,5582948,161280,183872,2098120,6888.528,4024.814,0,1373.301,0,140.133,2951,4031,1.100,1.060,1.090,1,0,0,0,0,18,295,0,90,0
20-05 10:26:02,9.989,1.998,85.404,1.498,0,5583172,161056,183872,2098120,6782.359,4124.354,0,7459.596,0,540.391,3198,4380,1.100,1.060,1.090,0,0,0.999,0,0,18,295,0,90,0
20-05 10:26:03,11.521,1.252,85.406,0.250,0,5583300,160804,183872,2098244,2666.870,1554.839,0,973.778,0,69.126,2838,3659,1.100,1.060,1.090,1,0,0,0,0,18,296,0,89,0
20-05 10:26:04,25.204,2.745,70.621,0.499,0,5584320,159544,183872,2098484,6827.532,3662.312,0,1157.886,0,102.812,3850,4322,1.100,1.060,1.090,0,0,0.998,0,0,18,295,0,92,0
20-05 10:26:05,5.502,1.751,91.030,0.750,0,5584312,159544,183872,2098492,5793.940,3496.171,0,884.296,0,68.023,1921,2643,1.100,1.060,1.090,0,0,0,0,0,18,296,0,92,0
20-05 10:26:06,6.263,1.253,89.944,0.501,0,5584520,159292,183872,2098536,3865.319,1721.705,0,982.114,0,98.211,2094,2932,1.020,1.040,1.090,1,0,0,0,0,18,296,0,92,0
20-05 10:26:07,4.751,1.250,92.528,0.250,0,5584516,159292,183872,2098540,6708.026,3584.082,0,916.277,0,82.025,1849,2699,1.020,1.040,1.090,1,0,0,0,0,18,296,0,87,0
20-05 10:26:08,11.962,1.246,83.982,0.997,0,5584456,159292,183872,2098600,15179.524,7862.890,0,1355.671,0,147.529,2944,4001,1.020,1.040,1.090,0,0,0,0,0,18,296,0,87,0
20-05 10:26:09,25.117,4.772,65.053,2.261,0,5584164,159292,183872,2098892,13673.710,6380.730,16.075,7884.738,1.005,600.799,7631,11875,1.020,1.040,1.090,1,0,1.005,0,0,18,296,0,89,0
20-05 10:26:10,23.486,4.997,67.709,1.499,0,5585428,157780,183872,2099140,2539.449,1403.143,0,1798.901,0,183.888,6176,8573,1.020,1.040,1.090,1,1,0,0,0,18,293,0,90,0
20-05 10:26:11,7.724,1.744,87.702,0.498,0,5585608,157528,183872,2099212,6935.407,4181.774,0,1610.521,0,132.549,2647,3916,0.930,1.020,1.080,0,0,1.993,0,0,18,295,0,88,0
20-05 10:26:12,8.742,1.499,86.418,0.749,0,5585552,157528,183872,2099268,6843.519,4128.091,0,2141.972,0,185.824,3005,4355,0.930,1.020,1.080,0,0,0,0,0,18,295,0,89,0
20-05 10:26:13,10.042,2.259,85.355,1.255,0,5585504,157528,183872,2099316,8374.837,3684.326,0,1405.848,0,140.585,3037,4382,0.930,1.020,1.080,0,0,0,0,0,18,295,0,89,0
20-05 10:26:14,10.947,1.990,83.845,0.498,0,5585740,157276,183872,2099332,9849.421,5628.809,0,1413.173,0,143.308,3310,4660,0.930,1.020,1.080,0,0,0.995,0,0,18,296,0,89,0
20-05 10:26:15,15.835,3.268,78.674,1.257,0,5585528,157276,183872,2099544,17670.303,8321.883,0,1741.392,0,160.868,3926,5626,0.930,1.020,1.080,2,0,0,0,0,18,297,0,86,0
20-05 10:26:16,26.299,2.755,67.124,1.753,0,5475820,266760,183872,2099768,4228.831,1701.150,8.015,7169.276,2.004,558.033,5345,8070,0.940,1.020,1.080,1,0,0,0,0,18,295,0,87,0
20-05 10:26:17,10.683,3.230,83.229,0.994,0,5386064,356644,183888,2099708,10798.430,261310.882,51.677,711.548,9.938,31.801,2221,2195,0.940,1.020,1.080,0,0,19.876,0,0,18,295,0,87,0
20-05 10:26:18,1.509,0.754,97.073,0.251,0,5386064,356644,183888,2099708,2372.012,1466.664,0,945.586,0,48.285,1051,1609,0.940,1.020,1.080,0,0,0,0,0,18,295,0,87,0
20-05 10:26:19,0.746,0.746,96.455,0,0,5386064,356644,183888,2099708,2414.368,1449.814,0,0,0,0,970,1424,0.940,1.020,1.080,0,0,0,0,0,18,295,0,85,0
20-05 10:26:20,1.993,0.498,96.165,0,0,5386064,356644,183888,2099708,2546.136,1452.942,0,27.903,0,2.990,995,1373,0.940,1.020,1.080,0,0,0,0,0,18,295,0,85,0
20-05 10:26:21,1.506,1.255,96.152,0.251,0,5386060,356644,183888,2099712,2488.404,1464.122,0,445.864,0,32.134,1234,1909,0.860,1,1.070,0,0,0,0,0,18,295,0,85,0
20-05 10:26:22,2.249,0.500,95.963,0,0,5386052,356644,183888,2099720,2417.061,1457.434,0,31.988,0,3.998,1079,1472,0.860,1,1.070,1,0,0,0,0,18,295,0,85,0
20-05 10:26:23,2.510,1.255,94.361,0.753,0,5386052,356644,183888,2099720,2367.066,1463.605,0,4356.686,0,449.722,1730,2335,0.860,1,1.070,0,0,0,0,0,18,295,0,80,0
20-05 10:26:24,1.993,0.997,95.180,0.249,0,5386048,356644,183888,2099724,4024.485,1453.120,0,474.407,0,39.866,1420,2192,0.860,1,1.070,0,0,0.997,0,0,18,295,0,80,0
20-05 10:26:25,1.749,0.750,95.941,0.250,0,5386044,356644,183888,2099728,2525.448,1349.171,0,207.872,0,22.986,991,1496,0.860,1,1.070,0,0,0,0,0,18,295,0,80,0
20-05 10:26:26,2.251,1.251,95.312,0.250,0,5386044,356644,183888,2099728,4160.723,1458.955,0,180.118,0,28.018,1203,1611,0.790,0.990,1.070,0,0,0,0,0,18,295,0,80,0
20-05 10:26:27,1.251,0.500,96.801,0,0,5386036,356644,183888,2099736,2599.361,1458.764,0,300.157,0,57.030,1091,1444,0.790,0.990,1.070,0,0,0,0,0,18,295,0,77,0
20-05 10:26:28,1.249,0.999,96.440,0,0,5386036,356644,183888,2099736,2536.425,1457.095,0,0,0,0,978,1392,0.790,0.990,1.070,1,0,0,0,0,18,295,0,77,0
20-05 10:26:29,1.999,0.750,95.473,0,0,5386036,356644,183888,2099736,2597.277,1457.594,0,259.928,0,23.993,1277,1864,0.790,0.990,1.070,1,0,0,0,0,18,295,0,77,0
20-05 10:26:30,2.251,0.750,95.545,0.250,0,5386036,356644,183888,2099736,2602.231,1404.665,0,272.129,0,24.011,1253,1879,0.790,0.990,1.070,1,0,0,0,0,18,295,0,77,0
20-05 10:26:31,1.499,1.249,95.698,0.250,0,5385988,356644,183888,2099784,2476.660,1457.212,31.983,503.728,0.999,39.978,1286,1964,0.730,0.970,1.060,0,0,0,0,0,18,295,0,74,0
20-05 10:26:32,2.000,0.500,95.988,0,0,5385984,356644,183888,2099788,2417.710,1457.825,0,267.968,0,13.998,1051,1468,0.730,0.970,1.060,1,0,0,0,0,18,295,0,74,0
20-05 10:26:33,3.254,1.001,94.352,0.501,0,5385984,356644,183888,2099788,2540.739,1459.574,0,388.419,0,47.051,1550,2269,0.730,0.970,1.060,0,0,0,0,0,18,295,0,74,0
20-05 10:26:34,8.245,1.499,88.447,0.250,0,5385976,356644,183888,2099796,22044.841,10497.734,0,451.730,0,36.978,1909,2309,0.730,0.970,1.060,0,0,0.999,0,0,18,295,0,74,0
20-05 10:26:35,1.251,0.500,96.548,0.250,0,5385972,356644,183888,2099800,4291.130,1458.724,0,64.032,0,5.002,991,1435,0.730,0.970,1.060,0,0,0,0,0,18,295,0,74,0
20-05 10:26:36,1.755,0.752,96.255,0,0,5385972,356644,183888,2099800,2544.744,1461.874,0,0,0,0,1049,1402,0.670,0.950,1.060,0,0,0,0,0,18,295,0,70,0
20-05 10:26:37,1.246,0.747,96.656,0,0,5385972,356644,183888,2099800,2349.641,1452.832,0,0,0,0,931,1312,0.670,0.950,1.060,0,0,0,0,0,18,295,0,70,0
20-05 10:26:38,1.252,0.501,96.884,0,0,5385972,356644,183888,2099800,2481.444,1460.026,0,12.017,0,2.003,957,1347,0.670,0.950,1.060,0,0,0,0,0,18,295,0,70,0
20-05 10:26:39,1.748,0.999,95.892,0,0,5385964,356644,183888,2099808,2535.146,1456.361,0,619.303,0,125.858,1117,1505,0.670,0.950,1.060,0,0,0,0,0,18,295,0,70,0
20-05 10:26:40,1.750,0.500,96.480,0,0,5385964,356644,183888,2099808,2614.445,1457.690,0,47.990,0,5.999,1028,1420,0.670,0.950,1.060,0,0,0,0,0,18,295,0,66,0
20-05 10:26:41,1.750,0.750,95.523,0.750,0,5385920,356644,183888,2099852,2538.607,1458.349,32.008,420.100,1.000,31.007,1294,1917,0.620,0.940,1.050,1,0,0,0,0,18,295,0,66,0
20-05 10:26:42,5.519,3.010,91.064,0,0,5410868,331696,183888,2102048,4112.167,1463.040,0,32.111,0,4.014,1565,4924,0.620,0.940,1.050,1,0,34.118,0,0,18,295,0,66,0
20-05 10:26:43,5.997,1.999,89.213,0.250,0,5394316,348244,183888,2099856,2656.889,1457.391,0,399.833,0,48.980,2378,8789,0.620,0.940,1.050,0,0,1.999,0,0,18,295,0,67,0
20-05 10:26:44,3.988,1.246,92.470,0.249,0,5394308,348244,183888,2099864,5430.562,3326.930,0,582.238,0,54.834,1786,2630,0.620,0.940,1.050,0,0,0.997,0,0,18,296,0,62,0
20-05 10:26:45,6.491,0.999,90.622,0.250,0,5394296,348244,183888,2099876,19051.055,8504.971,0,307.565,0,26.962,1726,2168,0.620,0.940,1.050,0,0,0,0,0,18,295,0,62,0
20-05 10:26:46,1.752,0.501,96.598,0,0,5394296,348244,183888,2099876,3225.259,1459.475,0,56.057,0,4.004,1070,1496,0.570,0.920,1.050,1,0,0,0,0,18,295,0,62,0
20-05 10:26:47,2.002,1.751,95.829,0,0,5389144,353396,183888,2099876,3078.537,1080.891,0,104.086,0,10.008,1094,1468,0.570,0.920,1.050,1,0,0,0,0,18,295,0,62,0
20-05 10:26:48,1.504,0.752,97.283,0,0,5389144,353396,183888,2099876,661.924,0,0,160.466,0,4.012,957,1427,0.570,0.920,1.050,0,0,0,0,0,18,295,0,55,0
20-05 10:26:49,8.471,2.242,79.232,7.973,0,5408176,333236,183908,2100984,173616.561,5162.532,1120.210,554.125,52.821,122.585,1952,1832,0.570,0.920,1.050,1,0,6.976,0,0,18,295,0,55,0
20-05 10:26:50,12.279,4.010,81.195,1.504,0,5421996,319236,183936,2101136,246303.050,7768.611,12.029,4.010,3.007,1.002,2595,2592,0.570,0.920,1.050,1,0,21.050,0,0,18,295,0,55,0
20-05 10:26:51,12.671,3.478,80.252,1.242,0,5435960,305020,183936,2101388,149981.352,6535.447,135.161,540.645,6.957,31.803,2498,2574,0.520,0.910,1.040,3,0,14.907,0,0,18,296,0,57,0
20-05 10:26:52,11.803,3.516,83.376,0.502,0,5437876,302832,183936,2101664,148607.901,4355.635,152.688,409.848,3.014,26.118,2378,2478,0.520,0.910,1.040,2,0,16.072,0,0,18,295,0,52,0
20-05 10:26:53,22.579,5.770,69.743,0.251,0,5440148,291424,183936,2110784,1451.048,487.697,0,545.899,0,46.161,2848,2650,0.520,0.910,1.040,2,0,14.049,0,0,18,295,0,52,0
20-05 10:26:54,20.649,6.717,70.405,0.995,0,5436712,285188,183956,2120404,4543.717,483.628,210.965,449.794,36.819,37.815,2925,2585,0.520,0.910,1.040,1,0,13.932,0,0,18,295,0,52,0
