"pcp-dstat 6.2.0 CSV Output"
"Author:","PCP team <pcp@groups.io> and Dag Wieers <dag@wieers.com>",,,,"URL:","https://pcp.io/ and http://dag.wieers.com/home-made/dstat/"
"Host:","ubuntu",,,,"User:","ubuntu"
"Cmdline:","dstat -tcmndrylpg --tcp --output /tmp/devstack_logs/dstat-csv.log",,,,"Date:","17 May 2026 09:17:53 UTC"
"system","total usage",,,,,"memory usage",,,,"net/total",,"dsk/total",,"io/total",,"system",,"load avg",,,"procs",,,"paging",,"tcp sockets",,,,
"time","total usage:usr","total usage:sys","total usage:idl","total usage:wai","total usage:stl","used","free","buf","cach","net/total:recv","net/total:send","dsk/total:read","dsk/total:writ","read","writ","int","csw","1m","5m","15m","run","blk","new","in","out","lis","act","syn","tim","clo"
17-05 09:17:53,,982008,1667720,164080,5008500,,,,,,,1.260,0.930,0.610,2,0,,,,10,5,0,17,0
17-05 09:17:54,18.497,21.496,58.989,0.500,0,995088,1654480,164084,5008628,16117.996,8557.405,0,4511.159,0,49.991,5762,4917,1.260,0.930,0.610,2,0,423.921,0,0,10,4,0,17,1
17-05 09:17:55,20.490,19.490,57.971,0.250,0,983248,1665724,164148,5009376,42410.502,15253.268,0,2066.952,0,61.969,5644,4473,1.260,0.930,0.610,2,0,328.833,0,0,10,5,0,17,1
17-05 09:17:56,32.770,17.260,48.029,0.250,0,1019160,1629452,164168,5009692,14526.650,9937.917,0,1080.643,0,34.020,5656,5109,1.260,0.930,0.610,2,0,256.153,0,0,10,5,0,17,1
17-05 09:17:57,30.252,13.751,54.254,0.500,0.250,1133884,1514100,164204,5134496,37967.647,10373.723,0,1340.093,0,42.003,5404,6010,1.260,0.930,0.610,2,0,104.007,0,0,11,5,0,17,1
17-05 09:17:58,32.892,7.725,57.561,0.498,0,1153252,1494208,164220,5134944,15822.061,9973.261,15.948,1299.733,0.997,41.863,3451,2405,1.240,0.930,0.610,3,0,90.702,0,0,11,6,0,17,2
17-05 09:17:59,26.298,12.773,59.860,0.501,0.501,1163080,1467520,164260,5151128,179041.927,10831.900,0,1330.444,0,35.064,4288,2909,1.240,0.930,0.610,2,0,160.294,0,0,11,8,0,18,2
17-05 09:18:00,38.439,6.989,48.173,4.742,0,1198880,1417448,165148,5162348,2790.568,1455.688,826.687,2631.821,48.922,89.857,3440,2533,1.240,0.930,0.610,2,0,30.951,0,0,11,6,0,19,2
17-05 09:18:01,43.990,5.249,48.489,1.500,0,1239576,1359892,165704,5176616,2597.421,1457.675,1071.761,2627.414,73.983,36.992,3088,1939,1.240,0.930,0.610,2,0,0,0,0,11,6,0,19,2
17-05 09:18:02,46.513,3.001,48.264,1.250,0,1258168,1332760,165936,5183764,2598.731,1458.410,112.031,928.261,5.001,16.004,2866,1563,1.240,0.930,0.610,2,0,0,0,0,11,6,0,19,2
17-05 09:18:03,35.779,7.256,45.537,9.508,0,1280268,1282236,167436,5208660,2600.086,1459.171,16.013,34863.974,1.001,2452.968,10702,20074,1.460,0.980,0.630,1,1,43.035,0,0,11,8,0,19,2
17-05 09:18:04,37.714,6.744,42.709,10.490,0.250,1270692,1277068,168584,5220420,5646.575,1456.601,0,50195.778,0,3431.703,12686,23552,1.460,0.980,0.630,2,0,38.963,0,0,11,8,0,17,2
17-05 09:18:05,42.741,8.248,45.491,1.750,0,1218204,1307188,169324,5240384,2808.441,1511.699,0,17876.445,0,1098.781,4952,5997,1.460,0.980,0.630,3,0,74.985,0,0,11,6,0,17,2
17-05 09:18:06,45.007,4.501,48.257,0.750,0,1263188,1253432,169904,5247392,2746.403,1566.230,0,2292.336,0,176.026,3051,1860,1.460,0.980,0.630,3,0,0,0,0,11,6,0,17,2
17-05 09:18:07,46.512,5.001,47.512,0.750,0,1281056,1250780,170092,5231900,2922.730,1938.484,0,6633.657,0,428.107,3434,2759,1.460,0.980,0.630,2,0,3.001,0,0,11,4,0,17,0
17-05 09:18:08,41.000,5.250,52.750,0,0,1286320,1245524,170092,5231908,6964.982,3633.990,0,1471.996,0,135.000,3012,1687,1.750,1.050,0.650,1,0,43.000,0,0,11,5,0,13,0
17-05 09:18:09,43.222,5.746,49.468,0.500,0,1306952,1218524,170096,5237636,4070.340,1696.891,0,2222.547,0,245.839,2906,1678,1.750,1.050,0.650,2,0,1.999,0,0,11,4,0,13,0
17-05 09:18:10,41.044,5.506,52.807,0,0,1324924,1200540,170100,5237640,8677.349,3684.970,0,14964.122,0,77.083,2824,1599,1.750,1.050,0.650,3,0,17.018,0,0,11,5,0,13,0
17-05 09:18:11,37.093,15.288,45.864,0,0,1196756,1322256,170212,5242760,4082.187,2542.345,0,1223.052,0,92.230,9463,13672,1.750,1.050,0.650,3,0,261.653,0,0,11,4,0,13,0
17-05 09:18:12,31.250,24.750,43.000,0,0,1160012,1358180,170288,5243372,2598.011,1458.006,0,872.004,0,129.001,8861,10424,1.750,1.050,0.650,2,0,387.002,0,0,11,4,0,13,0
17-05 09:18:13,40.592,19.673,38.102,0,0,1173960,1343908,170332,5243636,2587.922,1452.344,0,91.643,0,1.992,12696,22616,1.770,1.060,0.660,5,0,188.267,0,0,11,4,0,13,0
17-05 09:18:14,53.079,15.022,25.789,5.759,0,1186476,1336288,170352,5240540,2601.888,1460.182,7715.530,3801.681,78.117,295.442,4309,3476,1.770,1.060,0.660,3,0,132.198,0,0,11,5,0,13,0
17-05 09:18:15,67.356,8.482,23.450,0.249,0,1252740,1270012,170360,5240544,2729.152,1454.882,0,10721.027,0,79.829,3848,1839,1.770,1.060,0.660,3,0,24.947,0,0,11,5,0,13,0
17-05 09:18:16,61.566,6.006,31.284,0.501,0,1291572,1230164,170408,5241576,2734.948,1555.677,512.552,288.311,8.009,38.041,3645,1522,1.770,1.060,0.660,2,0,50.054,0,0,11,5,0,13,0
17-05 09:18:17,41.995,8.749,48.744,0,0,1302552,1218660,170448,5242060,2551.669,1511.804,0,487.937,0,35.995,2819,1665,1.770,1.060,0.660,2,0,1.000,0,0,11,5,0,13,0
17-05 09:18:18,30.995,9.748,58.241,0,0,1305716,1213664,170540,5243768,2551.604,1511.765,0,559.913,0,41.993,4410,4390,1.790,1.080,0.670,1,0,117.982,0,0,11,4,0,13,0
17-05 09:18:19,16.755,5.002,77.024,0,0,1310604,1208768,170548,5243768,4147.294,1458.455,0,2304.719,0,47.015,1991,1646,1.790,1.080,0.670,1,0,22.007,0,0,11,4,0,13,0
17-05 09:18:20,30.006,6.751,62.012,0,0,1379876,1139496,170548,5243768,2809.531,1512.286,0,34530.529,0,242.046,3147,14750,1.790,1.080,0.670,1,0,36.007,0,0,11,4,0,11,0
17-05 09:18:21,24.004,2.500,73.261,0,0,1396760,1122612,170548,5243768,2658.392,1458.215,0,3724.549,0,19.003,1765,1181,1.790,1.080,0.670,1,0,0,0,0,11,4,0,11,0
17-05 09:18:22,23.817,1.755,71.702,1.254,0,1412652,1106512,170596,5244000,2304.503,1462.126,0,1724.867,0,182.515,3487,4594,1.790,1.080,0.670,1,0,1.003,0,0,11,10,0,11,0
17-05 09:18:23,21.433,5.234,72.274,0.498,0,1318248,1200900,170604,5244008,2649.710,1453.453,0,2683.604,0,167.476,2692,2730,1.720,1.080,0.670,2,0,41.869,0,0,11,4,0,13,0
17-05 09:18:24,20.056,2.507,73.203,3.259,0,1356744,1161992,170748,5244244,2873.980,1570.360,373.036,361.002,13.036,10.028,1528,1150,1.720,1.080,0.670,1,0,0,0,0,11,4,0,13,0
17-05 09:18:25,19.445,2.244,77.532,0,0,1376628,1141844,170748,5244468,5519.494,3957.881,0,2141.983,0,12.964,1709,1181,1.720,1.080,0.670,1,0,0,0,0,11,11,0,13,0
17-05 09:18:26,19.048,2.005,73.435,5.013,0,1376440,1141844,170764,5244612,4810.133,3161.976,144.364,1227.095,36.091,33.083,2324,2461,1.720,1.080,0.670,0,1,1.003,0,0,11,17,0,13,0
17-05 09:18:27,18.639,1.988,75.055,2.485,0,1368360,1149760,170800,5244716,7330.528,5910.947,123.269,1010.010,29.823,5.965,2069,1707,1.720,1.080,0.670,1,0,2.982,0,0,11,28,0,14,0
17-05 09:18:28,21.063,5.266,73.719,0,0,1398396,1119720,170800,5244720,4290.774,1462.354,0,4.012,0,1.003,2217,1613,1.670,1.080,0.670,1,0,43.128,0,0,11,28,0,14,0
17-05 09:18:29,17.760,2.501,78.543,0.250,0.250,1406204,1111908,170800,5244724,6807.702,5548.017,0,736.400,0,141.077,1819,1302,1.670,1.080,0.670,1,0,0,0,0,11,29,0,14,0
17-05 09:18:30,18.537,9.269,71.143,0,0,1352944,1165140,170800,5244752,5783.607,4311.653,0,4264.558,0,35.070,3311,2562,1.670,1.080,0.670,4,0,145.292,0,0,11,28,0,15,0
17-05 09:18:31,42.410,7.983,48.147,0,0,1402588,1115496,170800,5244752,2652.350,1496.811,0,51.889,0,3.991,2912,1446,1.670,1.080,0.670,2,0,10.977,0,0,11,28,0,15,0
17-05 09:18:32,36.854,3.510,58.916,0,0.251,1442600,1075468,170800,5244768,10409.280,9492.702,0,244.688,0,9.025,3162,2492,1.670,1.080,0.670,2,0,0,0,0,11,30,0,15,0
17-05 09:18:33,37.256,3.251,57.760,0,0,1446696,1070972,170808,5245160,13556.296,11781.996,0,632.107,0,50.008,5986,7625,1.530,1.060,0.670,2,0,0,0,0,11,29,0,16,0
17-05 09:18:34,54.518,26.759,18.006,0,0,1409776,1107848,170812,5245200,3204.077,2043.687,0,236.079,0,23.008,5358,4280,1.530,1.060,0.670,6,0,496.167,0,0,11,28,0,16,0
17-05 09:18:35,83.753,16.501,0,0,0.250,1576328,941276,170812,5245204,2855.111,1458.057,0,72542.819,0,283.011,5412,3374,1.530,1.060,0.670,6,0,82.003,0,0,11,28,0,16,0
17-05 09:18:36,88.719,8.997,2.749,0,0,1736416,781132,170828,5245224,9466.667,8755.917,0,1523.464,0,29.989,5048,2742,1.530,1.060,0.670,4,0,0,0,0,11,32,0,16,0
17-05 09:18:37,83.803,7.732,7.482,0,0,1780456,737060,170832,5245252,26261.387,25331.568,0,55.869,0,2.993,6141,6884,1.530,1.060,0.670,5,0,0.998,0,0,11,34,0,16,0
17-05 09:18:38,82.440,10.775,6.515,0.251,0,1627684,889564,170852,5245500,20231.694,15718.277,0,673.555,0,74.171,6863,10102,1.730,1.110,0.690,5,0,154.356,0,0,11,28,0,22,0
17-05 09:18:39,23.408,9.463,65.242,0.249,0,1512068,1005180,170852,5245504,2587.780,1452.265,0,1780.966,0,104.587,2968,2412,1.730,1.110,0.690,1,0,155.386,0,0,11,28,0,22,0
17-05 09:18:40,19.271,2.002,78.086,0.250,0,1490796,1026436,170864,5245508,6490.116,5218.722,0,164.180,0,11.012,1935,1651,1.730,1.110,0.690,1,0,0,0,0,11,29,0,22,0
17-05 09:18:41,19.727,2.747,75.913,0,0,1410916,1106296,170876,5245516,5585.563,4488.827,0,10092.369,0,102.881,2850,3048,1.730,1.110,0.690,1,0,1.998,0,0,11,28,0,22,0
17-05 09:18:42,19.763,6.504,73.049,0,0.250,1401452,1115752,170876,5245524,3638.436,1296.868,0,120.080,0,8.005,2527,1833,1.730,1.110,0.690,1,0,66.044,0,0,11,28,0,22,0
17-05 09:18:43,19.054,1.755,78.223,0,0,1420388,1096808,170880,5245528,5064.440,5257.992,0,112.320,0,6.017,1916,1612,1.670,1.110,0.690,0,0,0,0,0,11,29,0,22,0
17-05 09:18:44,19.191,2.243,77.014,0.249,0,1420052,1097112,170892,5245548,8806.060,4517.181,0,251.231,0,28.912,2725,2967,1.670,1.110,0.690,1,0,0,0,0,11,28,0,23,0
17-05 09:18:45,10.280,21.563,66.946,0,0,1386168,1130968,170892,5245560,2622.671,1462.277,0,244.716,0,11.032,5867,4563,1.670,1.110,0.690,2,0,487.426,0,0,11,28,0,19,0
17-05 09:18:46,52.551,30.780,15.765,0.250,0,1437828,1079196,170956,5245608,2392.303,1351.301,0,3775.635,0,218.210,6184,5607,1.670,1.110,0.690,5,0,558.538,0,0,11,28,0,19,0
17-05 09:18:47,88.501,11.500,0,0,0,1635372,881640,170968,5245608,4097.044,3695.039,0,128.001,0,10.000,4771,1955,1.670,1.110,0.690,4,0,1.000,0,0,11,29,0,19,0
17-05 09:18:48,80.717,7.247,11.495,0,0,1689048,827792,170968,5245776,25928.522,23822.373,0,0,0,0,6391,6034,1.780,1.140,0.700,5,0,0,0,0,11,33,0,19,0
17-05 09:18:49,77.224,9.747,12.246,0,0,1587616,929020,171012,5245936,27689.652,25612.353,0,567.808,0,62.979,8563,12922,1.780,1.140,0.700,4,0,59.980,0,0,11,29,0,17,0
17-05 09:18:50,79.807,20.014,0,0,0,1558892,957728,171012,5245952,3804.713,1828.304,0,952.679,0,32.023,5836,4795,1.780,1.140,0.700,6,0,250.178,0,0,11,28,0,17,0
17-05 09:18:51,90.015,10.002,0,0,0,1671280,845336,171012,5245956,2672.442,1512.250,0,4712.780,0,366.061,4880,2248,1.780,1.140,0.700,6,0,0,0,0,11,28,0,17,0
17-05 09:18:52,89.569,8.732,1.746,0,0,1771184,745344,171024,5246108,23593.452,22295.069,0,778.431,0,44.909,6347,5160,1.780,1.140,0.700,6,0,0,0,0,11,33,0,17,0
17-05 09:18:53,76.385,7.012,15.027,0,0,1788840,727452,171032,5246332,35742.180,33839.817,0,597.055,0,14.025,8213,12828,1.960,1.190,0.720,6,0,0,0,0,11,31,0,20,0
17-05 09:18:54,66.963,16.991,15.741,0,0,1508772,1007324,171040,5246520,14119.136,11832.410,0,227.873,0,22.987,6199,7910,1.960,1.190,0.720,2,0,297.834,0,0,11,28,0,22,0
17-05 09:18:55,42.139,5.236,51.615,0,0,1516056,1000036,171040,5246524,4558.042,3582.601,0,1970.830,0,98.741,2711,1312,1.960,1.190,0.720,1,0,0,0,0,11,29,0,22,0
17-05 09:18:56,35.009,4.751,59.265,0.250,0,1524720,991344,171044,5246548,13753.411,10387.576,0,592.147,0,20.005,3383,3301,1.960,1.190,0.720,2,0,0,0,0,11,29,0,22,1
17-05 09:18:57,46.139,20.562,32.347,0,0.251,1496352,1019652,171048,5246600,10712.173,9077.263,0,256.771,0,21.063,5720,6245,1.960,1.190,0.720,4,0,329.991,0,0,11,28,0,24,0
17-05 09:18:58,72.564,9.725,17.206,0,0,1518192,997808,171048,5246604,2651.210,1454.275,0,199.489,0,11.969,4021,1793,2.040,1.220,0.730,3,0,49.872,0,0,11,28,0,24,0
17-05 09:18:59,51.192,5.494,42.452,0,0,1558440,957540,171048,5246624,17066.712,15815.127,0,155.824,0,6.992,4092,3233,2.040,1.220,0.730,3,0,0,0,0,11,31,0,24,0
17-05 09:19:00,53.173,5.267,41.134,0.502,0,1509060,1006704,171072,5246816,17786.763,15650.826,0,425.381,0,45.147,7142,9130,2.040,1.220,0.730,3,0,30.098,0,0,11,28,0,25,0
17-05 09:19:01,75.033,21.510,3.251,0,0,1528472,987272,171076,5246832,2419.080,1458.651,0,208.093,0,14.006,5079,2820,2.040,1.220,0.730,4,0,228.102,0,0,11,28,0,23,0
17-05 09:19:02,72.968,6.497,20.241,0,0,1623060,892660,171080,5246848,14504.661,14099.838,0,163.928,0,6.997,4590,2675,2.040,1.220,0.730,3,0,0,0,0,11,32,0,23,0
17-05 09:19:03,61.939,6.244,30.470,0,0,1627360,888124,171108,5247052,27420.947,24804.529,0,823.188,0,57.943,8748,11585,2.200,1.260,0.750,7,0,0,0,0,11,30,0,25,0
17-05 09:19:04,60.778,21.010,18.008,0,0,1491012,1024416,171120,5247092,7194.333,6039.798,0,300.139,0,29.013,5466,5062,2.200,1.260,0.750,3,0,324.150,0,0,11,28,0,26,0
17-05 09:19:05,67.375,7.736,24.704,0.250,0,1558044,957384,171120,5247092,2310.728,1455.310,0,151.720,0,5.989,3553,1362,2.200,1.260,0.750,3,0,0,0,0,11,28,0,26,0
17-05 09:19:06,48.031,5.504,45.279,0,0,1576768,938624,171128,5247120,17699.442,16970.971,0,712.461,0,34.022,4362,4482,2.200,1.260,0.750,3,0,0,0,0,11,31,0,26,0
17-05 09:19:07,55.200,14.986,28.474,0,0,1499048,1016136,171140,5247316,17109.492,14784.599,0,375.659,0,37.966,7085,9015,2.200,1.260,0.750,4,0,249.774,0,0,11,28,0,28,0
17-05 09:19:08,72.973,11.786,15.798,0,0,1508540,1006636,171140,5247320,2716.318,1486.552,0,188.577,0,11.034,4101,1878,2.420,1.320,0.770,3,0,50.154,0,0,11,28,0,28,0
17-05 09:19:09,57.249,6.000,36.000,0.250,0.250,1571452,943700,171144,5247304,10902.869,9972.880,0,171.998,0,10.000,3820,2275,2.420,1.320,0.770,2,0,2.000,0,0,11,31,0,28,0
17-05 09:19:10,49.496,10.999,38.247,0.250,0,1516856,998088,171156,5247496,18894.574,16614.746,0,723.945,0,52.996,6732,8106,2.420,1.320,0.770,5,0,167.987,0,0,11,29,0,30,0
17-05 09:19:11,73.758,15.502,9.751,0,0,1493676,1021240,171160,5247520,7065.756,5571.597,0,188.020,0,9.001,4985,3759,2.420,1.320,0.770,3,0,119.013,0,0,11,28,0,31,0
17-05 09:19:12,54.249,5.250,40.249,0,0,1546944,967884,171164,5247600,15785.790,13046.827,0,179.998,0,9.000,3849,2648,2.420,1.320,0.770,3,0,0,0,0,11,31,0,31,0
17-05 09:19:13,54.972,4.997,38.730,0.250,0,1548124,966372,171188,5247908,17031.391,15228.302,0,795.598,0,61.969,6556,7838,2.390,1.340,0.780,3,0,0,0,0,11,28,0,33,0
17-05 09:19:14,60.779,14.757,23.761,0,0.250,1512724,1001756,171196,5247916,2391.146,1350.648,0,3033.454,0,148.071,4236,2218,2.390,1.340,0.780,3,0,114.055,0,0,11,28,0,33,0
17-05 09:19:15,53.963,5.996,39.223,0,0,1584664,929796,171200,5247932,12716.351,12972.177,0,119.918,0,10.993,3951,2663,2.390,1.340,0.780,2,0,0,0,0,11,31,0,33,0
17-05 09:19:16,54.388,4.740,39.918,0.249,0,1580468,933932,171212,5247976,18659.661,15264.636,0,662.638,0,59.877,6975,8239,2.390,1.340,0.780,3,0,0,0,0,11,28,0,35,0
17-05 09:19:17,64.175,29.079,6.518,0,0,1493160,1021176,171212,5248040,2328.347,1365.723,0,276.754,0,23.063,5651,4694,2.390,1.340,0.780,6,0,541.476,0,0,11,28,0,35,0
17-05 09:19:18,79.415,20.228,0,0,0,1603492,910812,171216,5248068,2401.433,1402.501,0,151.838,0,8.990,5233,4008,2.760,1.430,0.810,7,0,302.676,0,0,11,28,0,35,0
17-05 09:19:19,82.090,17.769,0.501,0,0,1723316,790940,171236,5248096,12986.224,11703.819,0,548.601,0,33.036,5806,4849,2.760,1.430,0.810,8,0,284.311,0,0,11,31,0,35,0
17-05 09:19:20,79.534,17.702,2.493,0,0.249,1798356,715688,171236,5249984,26624.742,25015.110,0,175.524,0,11.968,6995,9397,2.760,1.430,0.810,16,0,332.099,0,0,11,33,0,35,0
17-05 09:19:21,81.217,17.547,1.253,0,0,1694316,819620,171248,5248392,23065.610,20957.981,0,280.750,0,32.086,7743,16115,2.760,1.430,0.810,5,0,209.560,0,0,11,30,0,37,0
17-05 09:19:22,80.255,18.001,1.750,0,0,1607984,905760,171264,5248568,13158.857,11158.727,0,448.029,0,37.002,5961,5263,2.760,1.430,0.810,5,0,222.014,0,0,11,28,0,36,0
17-05 09:19:23,88.933,10.742,0,0,0,1656808,856924,171264,5248580,8785.384,7564.304,0,155.883,0,9.992,5260,2772,2.860,1.470,0.830,7,0,0,0,0,11,30,0,36,0
17-05 09:19:24,79.065,7.233,12.221,0,0,1690740,822932,171264,5248632,30321.958,26631.604,0,470.897,0,24.942,6858,8248,2.860,1.470,0.830,5,0,0,0,0,11,32,0,37,0
17-05 09:19:25,65.392,16.285,18.290,0,0,1618964,894460,171264,5248876,25361.250,21987.901,0,8.017,0,2.004,8035,10789,2.860,1.470,0.830,2,0,266.581,0,0,11,30,0,39,0
17-05 09:19:26,31.490,20.744,46.486,0,0,1362060,1151320,171268,5248912,7037.829,5335.354,0,2207.319,0,119.963,6260,5296,2.860,1.470,0.830,2,0,422.870,0,0,11,30,0,39,0
17-05 09:19:27,35.290,34.790,28.533,0,0,1393032,1120292,171268,5248952,2046.347,1135.302,0,148.170,0,33.038,5986,5015,2.860,1.470,0.830,5,0,710.815,0,0,11,30,0,39,0
17-05 09:19:28,82.685,16.487,0.999,0,0,1544708,968600,171268,5248968,4506.468,2049.394,0,7.994,0,1.998,4980,2818,3.110,1.550,0.860,4,0,204.839,0,0,11,31,0,39,0
17-05 09:19:29,69.488,6.999,22.996,0,0,1611420,901860,171268,5248996,17973.847,17968.848,0,107.981,0,5.999,4631,4182,3.110,1.550,0.860,2,0,1.000,0,0,11,36,0,39,0
17-05 09:19:30,64.797,11.008,22.516,0,0,1547408,965680,171272,5249184,17588.825,15628.396,0,524.382,0,57.042,6374,8424,3.110,1.550,0.860,3,0,134.098,0,0,11,33,0,40,0
17-05 09:19:31,79.191,16.987,4.247,0,0,1571012,942056,171276,5249200,5759.691,2468.154,0,315.764,0,20.984,5287,3311,3.110,1.550,0.860,4,0,133.900,0,0,11,32,0,41,0
17-05 09:19:32,74.309,8.257,17.013,0,0,1598396,914652,171280,5249216,14015.059,12829.123,0,208.164,0,10.008,4570,2834,3.110,1.550,0.860,4,0,0,0,0,11,35,0,41,0
17-05 09:19:33,63.204,5.972,28.616,0,0,1609240,903736,171284,5249280,23729.027,22380.335,0,903.773,0,57.730,7930,10269,3.020,1.560,0.860,2,0,0,0,0,11,36,0,41,0
17-05 09:19:34,50.456,4.769,44.933,0,0.251,1610020,902728,171284,5249500,29619.679,25162.519,0,4.016,0,1.004,9181,12773,3.020,1.560,0.860,2,0,0,0,0,11,36,0,40,0
17-05 09:19:35,69.545,8.505,20.763,0,0,1506424,1006108,171304,5249692,20132.944,17497.249,0,252.162,0,33.021,8511,10537,3.020,1.560,0.860,4,0,38.024,0,0,11,33,0,40,0
17-05 09:19:36,82.454,15.491,1.749,0,0,1505292,1007220,171304,5249712,2749.481,1598.117,0,203.887,0,19.989,5022,2898,3.020,1.560,0.860,4,0,81.955,0,0,11,32,0,40,0
17-05 09:19:37,78.919,8.491,12.987,0,0,1600960,911540,171304,5249724,11301.434,10781.966,0,367.624,0,9.990,4704,2833,3.020,1.560,0.860,2,0,0.999,0,0,11,34,1,40,0
17-05 09:19:38,63.569,5.756,29.282,0,0,1610472,901964,171304,5249788,25348.411,23709.639,0,0,0,0,7139,9161,3.020,1.580,0.880,2,0,0,0,0,11,36,0,36,0
17-05 09:19:39,54.280,4.753,40.272,0,0,1610996,901208,171304,5250012,30525.765,27296.992,0,0,0,0,9519,13914,3.020,1.580,0.880,7,0,0,0,0,11,35,0,37,0
17-05 09:19:40,69.753,13.001,16.001,0,0,1550996,960996,171308,5250212,21489.912,19258.817,0,128.005,0,10.000,7977,10513,3.020,1.580,0.880,5,0,167.007,0,0,11,32,0,40,0
17-05 09:19:41,78.721,15.494,5.498,0,0,1544808,967164,171328,5250212,4418.399,3489.735,0,1919.304,0,112.959,4893,2738,3.020,1.580,0.880,5,0,92.966,0,0,11,33,0,40,0
17-05 09:19:42,72.210,7.246,19.739,0,0,1603940,907996,171328,5250248,17906.009,17122.446,0,15.991,0,0.999,5670,4952,3.020,1.580,0.880,5,0,0,0,0,11,36,0,37,0
17-05 09:19:43,64.171,7.740,26.717,0,0,1597380,914352,171328,5250448,27215.577,22829.963,0,0,0,0,8510,11740,3.100,1.620,0.890,5,0,33.958,0,0,11,34,0,38,1
17-05 09:19:44,77.136,12.522,10.769,0.250,0,1542988,968684,171328,5250504,16350.766,12942.770,0,148.261,0,13.023,6460,7325,3.100,1.620,0.890,5,0,64.113,0,0,11,33,0,39,0
17-05 09:19:45,83.033,10.754,6.002,0,0,1582348,929312,171328,5250516,7099.857,5598.253,0,1148.462,0,14.006,4926,2765,3.100,1.620,0.890,3,0,36.014,0,0,11,33,1,39,0
17-05 09:19:46,68.000,8.750,22.250,0,0,1614288,897196,171348,5250668,15838.984,14932.985,0,244.000,0,28.000,5219,4457,3.100,1.620,0.890,5,0,60.000,0,0,11,34,0,40,0
17-05 09:19:47,72.972,11.995,14.994,0,0,1615708,895712,171356,5250720,17249.487,15459.163,0,2994.869,0,125.952,6422,7904,3.100,1.620,0.890,3,0,60.977,0,0,11,34,0,40,0
17-05 09:19:48,70.498,9.000,19.500,0,0,1571296,940060,171360,5250780,24366.426,20608.515,0,139.997,0,8.000,6582,8274,3.090,1.640,0.900,3,0,53.999,0,0,11,35,0,41,0
17-05 09:19:49,70.299,11.467,17.201,0,0,1602964,908208,171360,5250960,18514.961,16934.488,0,123.646,0,7.977,6201,7426,3.090,1.640,0.900,5,0,86.751,0,0,11,33,0,43,0
17-05 09:19:50,76.810,13.260,9.507,0.250,0,1587608,923408,171364,5251108,10601.276,8747.829,0,132.103,0,8.006,5472,4221,3.090,1.640,0.900,4,0,86.067,0,0,11,33,0,43,0
17-05 09:19:51,79.691,8.244,11.741,0,0.250,1599500,911500,171364,5251124,11692.343,10906.924,0,123.908,0,7.994,5250,3770,3.090,1.640,0.900,5,0,2.998,0,0,11,34,0,44,0
17-05 09:19:52,70.723,11.035,18.308,0,0,1651692,859268,171364,5251164,17650.753,14327.255,0,4.013,0,1.003,6453,5911,3.090,1.640,0.900,4,0,65.206,0,0,11,34,0,45,0
17-05 09:19:53,67.749,9.750,21.250,0,0,1588060,922832,171376,5251220,18085.712,16296.741,0,391.994,0,36.999,6570,7640,3.160,1.680,0.920,5,0,67.999,0,0,11,33,0,47,0
17-05 09:19:54,61.556,11.713,26.417,0,0,1532704,978164,171376,5251240,8622.755,7379.683,0,267.156,0,21.931,4538,3565,3.160,1.680,0.920,4,0,131.584,0,0,11,33,0,48,0
17-05 09:19:55,55.932,9.531,33.610,0,0,1508604,1002124,171376,5251380,8918.078,7469.354,0,228.746,0,22.072,4492,3147,3.160,1.680,0.920,3,0,60.196,0,0,11,33,0,44,0
17-05 09:19:56,57.500,6.750,35.250,0,0,1533452,977212,171384,5251436,11429.931,9990.939,0,175.999,0,13.000,4911,4454,3.160,1.680,0.920,3,0,0,0,0,11,33,0,45,0
17-05 09:19:57,53.136,10.228,35.424,0,0,1548960,961672,171384,5251468,14083.762,12504.153,0,163.649,0,8.981,5037,5383,3.160,1.680,0.920,3,0,96.792,0,0,11,33,0,46,0
17-05 09:19:58,62.635,8.017,29.814,0,0,1580688,929912,171388,5251492,10697.080,7666.541,0,224.484,0,10.022,4434,4384,3.230,1.720,0.940,3,0,43.093,0,0,11,32,0,47,0
17-05 09:19:59,52.029,8.713,38.338,0,0,1560788,949672,171388,5251632,10063.346,8876.377,0,119.494,0,7.966,3989,2716,3.230,1.720,0.940,3,0,42.819,0,0,11,34,0,45,0
17-05 09:20:00,50.892,9.025,39.109,0.251,0,1557816,952556,171388,5251716,14499.404,13541.735,0,208.581,0,18.050,5521,6479,3.230,1.720,0.940,1,0,86.240,0,0,11,34,0,46,0
17-05 09:20:01,35.495,6.454,56.097,0,0,1505388,1004944,171392,5251748,12449.602,10325.852,0,281.975,0,21.843,4855,5528,3.230,1.720,0.940,3,0,66.522,0,0,11,33,0,47,0
17-05 09:20:02,39.185,8.038,51.996,0.251,0,1466576,1043740,171404,5251752,4376.673,3406.089,0,196.930,0,22.104,3804,2971,3.230,1.720,0.940,3,0,68.323,0,0,11,32,0,48,0
17-05 09:20:03,39.400,5.019,54.457,0,0.251,1501396,1008908,171404,5251764,7922.060,6579.968,0,381.447,0,53.202,3072,2397,3.050,1.710,0.940,4,0,0,0,0,11,33,0,47,0
17-05 09:20:04,35.372,5.729,57.293,0.249,0,1472720,1037552,171416,5251784,10517.967,9652.098,0,960.527,0,62.773,3708,3706,3.050,1.710,0.940,2,0,33.877,0,0,11,33,0,48,0
17-05 09:20:05,40.503,8.501,50.003,0.250,0,1448900,1061304,171416,5251848,6478.446,4457.307,0,76.005,0,8.001,4851,4523,3.050,1.710,0.940,3,0,104.007,0,0,11,32,0,49,0
17-05 09:20:06,39.782,4.754,54.794,0,0,1501204,1008996,171416,5251852,7373.890,6466.165,0,0,0,0,2887,1823,3.050,1.710,0.940,2,0,0,0,0,11,33,0,49,0
17-05 09:20:07,36.210,7.242,55.439,0,0,1510056,1000064,171420,5251928,8887.232,6984.323,0,139.846,0,11.987,3592,2944,3.050,1.710,0.940,3,0,60.933,0,0,11,33,0,46,0
17-05 09:20:08,40.259,4.751,54.762,0,0,1545292,964808,171420,5251948,8130.765,6708.456,0,108.023,0,12.003,3516,3602,2.970,1.710,0.940,2,0,0,0,0,11,32,0,47,0
17-05 09:20:09,38.993,5.249,54.990,0,0.250,1477384,1032576,171420,5252088,8994.394,7675.630,0,119.979,0,7.999,2967,2397,2.970,1.710,0.940,4,0,4.999,0,0,11,33,0,47,0
17-05 09:20:10,38.269,4.752,56.529,0,0.250,1480968,1028836,171420,5252240,12321.270,10762.477,0,4.002,0,1.001,3709,3987,2.970,1.710,0.940,3,0,43.022,0,0,11,33,0,48,0
17-05 09:20:11,38.717,5.495,54.703,0,0,1512568,997216,171420,5252260,6948.063,5725.108,0,0,0,0,3177,3133,2.970,1.710,0.940,3,0,0,0,0,11,33,0,44,0
17-05 09:20:12,39.782,5.254,53.793,0.500,0,1489076,1020712,171420,5252268,7835.308,6775.454,0,268.216,0,27.022,3209,2485,2.970,1.710,0.940,4,0,5.004,0,0,11,33,0,45,0
17-05 09:20:13,36.992,3.499,58.487,0,0,1489288,1020472,171424,5252292,11341.414,10170.681,0,211.952,0,20.995,3404,4321,2.970,1.740,0.960,3,0,0,0,0,11,33,0,46,0
17-05 09:20:14,25.071,13.538,60.420,0,0,1456924,1052744,171424,5252384,9308.190,7637.490,0,148.418,0,7.020,5205,5466,2.970,1.740,0.960,2,0,277.782,0,0,11,33,0,46,0
17-05 09:20:15,18.450,3.241,76.045,0.249,0,1407408,1102244,171432,5252388,4967.611,3867.576,0,259.301,0,21.941,2277,2211,2.970,1.740,0.960,2,0,4.987,0,0,11,32,0,45,0
17-05 09:20:16,23.749,2.500,73.246,0,0,1442088,1067564,171432,5252388,2537.850,1499.911,0,839.950,0,8.999,1719,1098,2.970,1.740,0.960,2,0,0,0,0,11,32,0,45,0
17-05 09:20:17,17.809,2.257,79.012,0.251,0,1432740,1076880,171444,5252404,11180.093,8345.689,0,646.144,0,42.140,2696,3092,2.970,1.740,0.960,1,0,1.003,0,0,11,33,0,45,0
17-05 09:20:18,14.731,6.991,76.153,0.499,0,1380840,1128764,171444,5252420,7893.921,5257.288,0,3128.006,0,166.787,3782,3649,2.810,1.720,0.960,1,0,114.853,0,0,11,32,0,46,0
17-05 09:20:19,15.974,11.482,71.385,0,0,1394004,1115592,171444,5252428,2533.921,1455.657,0,15.974,0,3.994,3353,2346,2.810,1.720,0.960,1,0,168.728,0,0,11,32,0,44,0
17-05 09:20:20,20.240,2.249,76.712,0,0,1426548,1083044,171444,5252432,4225.888,3428.286,0,0,0,0,1549,1024,2.810,1.720,0.960,0,0,0,0,0,11,33,0,44,0
17-05 09:20:21,25.822,6.017,66.938,0,0,1414652,1094784,171448,5252580,11497.234,9429.437,0,308.866,0,16.045,4319,15765,2.810,1.720,0.960,1,0,38.107,0,0,11,33,0,45,0
17-05 09:20:22,19.950,5.736,72.320,0,0,1348988,1160432,171448,5252596,3172.126,2164.627,0,135.663,0,14.963,2789,2517,2.810,1.720,0.960,2,0,45.886,0,0,11,32,0,46,0
17-05 09:20:23,21.998,2.500,74.994,0,0.250,1392520,1116896,171448,5252600,3397.734,2867.775,0,267.979,0,46.996,1732,1221,2.670,1.710,0.960,0,0,0,0,0,11,33,0,44,0
17-05 09:20:24,17.540,2.255,79.181,0.251,0,1392476,1116924,171452,5252612,10480.007,8283.977,0,396.909,0,25.057,2885,3331,2.670,1.710,0.960,2,0,0,0,0,11,33,0,44,0
17-05 09:20:25,19.954,2.245,75.827,0,0,1305944,1203396,171456,5252668,8984.448,7231.458,0,83.808,0,9.977,3739,4365,2.670,1.710,0.960,1,0,0,0,0,11,32,0,44,0
17-05 09:20:26,9.025,22.563,67.186,0,0,1317884,1191264,171456,5252852,2785.719,1462.051,0,8.022,0,2.006,5681,4118,2.670,1.710,0.960,1,0,434.203,0,0,11,32,0,44,0
17-05 09:20:27,35.732,13.743,48.726,0,0,1401036,1107956,171492,5252972,2254.891,1295.363,35.982,259.872,1.000,17.991,4203,3026,2.670,1.710,0.960,2,0,193.905,0,0,11,32,0,41,0
17-05 09:20:28,44.636,5.486,48.626,0.249,0,1495376,1012448,171616,5253896,2531.535,1454.286,7.980,307.215,1.995,5.985,2833,1334,2.610,1.720,0.960,1,1,1.995,0,0,11,32,0,41,0
17-05 09:20:29,36.606,6.519,45.381,9.778,0,1528824,973384,172248,5258324,2605.544,1462.233,429.243,19544.585,15.044,1632.727,9380,15873,2.610,1.720,0.960,3,0,69.200,0,0,11,36,0,41,0
17-05 09:20:30,35.514,6.753,40.766,13.756,0,1483656,1015200,172684,5261164,2676.080,1458.588,0,36186.600,0,3006.213,13191,24362,2.610,1.720,0.960,2,1,73.029,0,0,11,36,0,41,0
17-05 09:20:31,40.046,7.462,40.793,9.203,0,1530676,967196,173236,5261544,4077.271,1450.625,0,36243.732,0,2918.164,12760,23623,2.610,1.720,0.960,2,0,26.863,0,0,11,36,0,37,0
17-05 09:20:32,44.901,7.024,46.406,1.003,0.251,1508808,988984,173296,5261564,2323.799,1300.364,0,7497.162,0,436.465,3896,3595,2.610,1.720,0.960,2,0,7.024,0,0,11,32,0,37,0
17-05 09:20:33,44.808,5.507,48.563,0.501,0,1510056,987724,173304,5261596,2781.619,1459.900,0,3188.148,0,342.446,3462,2945,2.560,1.720,0.970,3,0,2.003,0,0,11,34,0,37,0
17-05 09:20:34,39.748,7.500,41.498,8.000,0.250,1536212,960508,173920,5262028,2657.856,1457.921,0,20490.890,0,2778.849,16179,27854,2.560,1.720,0.970,3,0,0,0,0,11,34,0,37,0
17-05 09:20:35,34.421,8.980,54.127,1.497,0,1473204,1023396,173988,5262060,4225.362,1454.682,0,3005.145,0,328.251,4756,4984,2.560,1.720,0.970,2,0,99.772,0,0,11,32,0,37,0
17-05 09:20:36,23.166,2.242,72.736,0.249,0,1438792,1057788,173992,5262076,3921.754,1291.309,0,797.105,0,44.837,1836,1464,2.560,1.720,0.970,1,0,0.996,0,0,11,32,0,37,0
17-05 09:20:37,22.827,4.014,71.491,1.003,0,1432736,1063824,174008,5262080,2426.185,1462.935,0,7553.481,0,398.344,2631,2963,2.560,1.720,0.970,2,0,1.003,0,0,11,32,0,37,0
17-05 09:20:38,22.749,3.250,72.746,0,0,1434748,1061808,174012,5262080,2597.844,1457.913,0,1531.908,0,172.990,1933,1425,2.440,1.710,0.970,1,0,2.000,0,0,11,32,0,37,0
17-05 09:20:39,23.506,2.751,73.768,0,0,1456904,1039632,174012,5262100,2418.598,1458.361,0,0,0,0,1650,1022,2.440,1.710,0.970,2,0,0,0,0,11,32,0,37,0
17-05 09:20:40,21.746,3.749,72.988,0,0,1419340,1077196,174012,5262100,2674.566,1457.763,0,3.999,0,1.000,1758,1229,2.440,1.710,0.970,1,0,1.000,0,0,11,32,0,36,0
17-05 09:20:41,22.745,2.999,73.484,0,0,1459696,1036840,174012,5262100,3995.145,1295.723,0,0,0,0,1821,1279,2.440,1.710,0.970,3,0,2.000,0,0,11,32,0,36,0
17-05 09:20:42,23.939,2.494,73.064,0,0,1450396,1046128,174012,5262112,2591.410,1454.302,0,0,0,0,1689,1103,2.440,1.710,0.970,1,0,0,0,0,11,32,0,36,0
17-05 09:20:43,22.048,4.009,73.160,0,0,1436504,1060020,174012,5262112,3024.599,1461.188,0,0,0,0,1870,1394,2.320,1.700,0.970,1,0,1.002,0,0,11,32,0,36,0
17-05 09:20:44,22.992,3.499,72.224,0.250,0,1456132,1040364,174024,5262124,2836.987,1457.480,0,503.820,0,43.984,2131,1895,2.320,1.700,0.970,1,0,1.999,0,0,11,32,0,31,0
17-05 09:20:45,24.025,3.504,71.325,0.501,0,1416076,1080292,174060,5262200,2876.012,1381.447,0,2558.679,0,122.128,2158,1685,2.320,1.700,0.970,2,0,7.007,0,0,11,32,0,31,0
17-05 09:20:46,22.998,3.000,72.245,0.500,0,1416064,1080292,174072,5262200,2657.810,1457.896,0,3931.719,0,180.987,2109,1894,2.320,1.700,0.970,1,0,1.000,0,0,11,32,0,31,0
17-05 09:20:47,21.753,4.501,73.009,0,0,1438660,1057696,174072,5262200,2418.290,1458.175,0,96.012,0,1.000,1869,1352,2.320,1.700,0.970,1,0,3.000,0,0,11,32,0,31,0
17-05 09:20:48,23.992,2.249,72.975,0,0,1400516,1095748,174072,5262288,2777.062,1457.508,0,0,0,0,1729,1061,2.220,1.680,0.970,1,0,1.000,0,0,11,32,0,29,0
17-05 09:20:49,22.505,3.001,73.268,0,0,1400900,1095284,174080,5262312,2962.723,1552.379,0,152.037,0,32.008,1793,1274,2.220,1.680,0.970,1,0,0,0,0,11,32,0,29,0
17-05 09:20:50,22.249,4.000,73.245,0,0,1381660,1114524,174080,5262312,2452.847,1295.919,0,0,0,0,1804,1232,2.220,1.680,0.970,1,0,1.000,0,0,11,32,0,29,0
17-05 09:20:51,22.249,3.250,72.998,0,0.250,1431844,1064340,174080,5262312,2357.933,1457.959,0,0,0,0,1755,1099,2.220,1.680,0.970,2,0,2.000,0,0,11,32,0,29,0
17-05 09:20:52,23.252,2.750,73.506,0,0,1413424,1082736,174080,5262332,3918.332,1458.124,0,144.012,0,3.000,1720,1091,2.220,1.680,0.970,2,0,1.000,0,0,11,32,0,24,0
17-05 09:20:53,22.001,3.500,73.254,0,0,1410472,1085664,174088,5262348,2718.148,1458.080,0,0,0,0,1806,1363,2.120,1.670,0.970,1,0,0,0,0,11,32,0,24,0
17-05 09:20:54,23.451,2.495,72.599,0.249,0,1392512,1103592,174092,5262372,2311.193,1293.310,0,463.037,0,29.938,1935,1527,2.120,1.670,0.970,1,0,0.998,0,0,11,32,0,24,0
17-05 09:20:55,22.051,3.759,73.922,0,0,1428216,1067888,174092,5262372,4427.311,1461.404,0,0,0,0,1778,1338,2.120,1.670,0.970,2,0,0,0,0,11,32,0,24,0
17-05 09:20:56,22.496,3.499,73.238,0,0.250,1481376,1014716,174092,5262384,2717.552,1457.760,0,35.994,0,1.000,1774,1154,2.120,1.670,0.970,1,0,2.000,0,0,11,32,0,19,0
17-05 09:20:57,14.259,13.258,70.544,0,0,1422200,1073720,174104,5262524,2659.677,1458.920,0,180.114,0,3.002,4206,3077,2.120,1.670,0.970,1,0,255.161,0,0,11,32,0,19,0
17-05 09:20:58,9.504,20.758,68.527,0,0,1418604,1077280,174108,5262552,2511.001,1350.538,0,796.317,0,10.004,5700,4251,2.030,1.660,0.970,1,0,400.160,0,0,11,32,0,19,0
17-05 09:20:59,9.021,21.550,68.159,0,0,1402840,1093000,174108,5262588,2471.764,1407.282,0,2718.339,0,105.245,5602,4229,2.030,1.660,0.970,1,0,385.900,0,0,11,32,0,19,0
17-05 09:21:00,9.993,18.238,69.952,0,0,1401148,1094664,174108,5262612,2493.304,1457.009,0,0,0,0,5215,3870,2.030,1.660,0.970,1,0,329.776,0,0,11,32,0,15,0
17-05 09:21:01,21.939,3.490,73.296,0,0,1428824,1067000,174108,5262600,3921.061,1507.794,0,0,0,0,1815,1372,2.030,1.660,0.970,1,0,0,0,0,11,32,0,15,0
17-05 09:21:02,22.501,3.250,72.753,0,0,1467884,1027940,174108,5262600,4006.171,1566.067,0,0,0,0,1804,1205,2.030,1.660,0.970,2,0,2.000,0,0,11,32,0,15,0
17-05 09:21:03,23.518,2.502,73.806,0,0,1438804,1057024,174108,5262596,2539.921,1459.103,0,16.012,0,1.001,1721,1160,1.950,1.650,0.970,2,0,1.001,0,0,11,32,0,15,0
17-05 09:21:04,23.233,3.248,72.698,0.250,0,1423580,1072236,174112,5262604,2596.141,1456.957,0,1339.041,0,109.921,2041,1752,1.950,1.650,0.970,1,0,0,0,0,11,32,0,12,0
17-05 09:21:05,22.246,3.249,73.238,0,0,1451044,1044752,174112,5262624,2974.494,1457.752,0,19.997,0,1.000,1774,1133,1.950,1.650,0.970,1,0,2.000,0,0,11,32,0,12,0
17-05 09:21:06,23.021,3.253,73.318,0,0,1430356,1065452,174112,5262612,2960.735,1459.348,0,0,0,0,1772,1239,1.950,1.650,0.970,2,0,1.001,0,0,11,32,0,12,0
17-05 09:21:07,21.978,3.497,73.428,0,0,1481940,1013868,174112,5262612,2715.335,1456.571,0,0,0,0,1772,1318,1.950,1.650,0.970,1,0,2.997,0,0,11,32,0,12,0
17-05 09:21:08,23.754,2.250,73.511,0,0,1390716,1105080,174112,5262624,2900.450,1458.226,0,12.002,0,1.000,1617,1093,1.870,1.640,0.970,2,0,1.000,0,0,11,32,0,10,0
17-05 09:21:09,22.252,3.250,73.256,0,0,1423148,1072668,174112,5262604,2898.256,1458.129,0,0,0,0,1711,1247,1.870,1.640,0.970,2,0,0,0,0,11,32,0,10,0
17-05 09:21:10,22.254,4.001,73.263,0,0,1487136,1008676,174112,5262612,2795.491,1458.256,0,100.018,0,4.001,1663,1101,1.870,1.640,0.970,2,0,2.000,0,0,11,32,0,10,0
17-05 09:21:11,23.001,2.750,73.253,0,0.500,1443400,1052392,174112,5262632,2598.112,1458.063,0,20.001,0,1.000,1676,1090,1.870,1.640,0.970,1,0,1.000,0,0,11,32,0,10,0
17-05 09:21:12,22.922,2.990,73.251,0,0,1481716,1014088,174112,5262620,4143.928,1453.066,0,0,0,0,1705,1165,1.870,1.640,0.970,2,0,0,0,0,11,32,0,7,0
17-05 09:21:13,22.531,3.004,73.351,0,0.250,1498936,996856,174112,5262632,2601.568,1460.002,0,12.016,0,1.001,1667,1055,1.800,1.630,0.970,2,0,2.003,0,0,11,32,0,7,0
17-05 09:21:14,22.501,3.500,72.502,0.250,0,1458632,1037176,174116,5262612,2658.073,1458.040,0,516.014,0,39.001,2019,1760,1.800,1.630,0.970,2,0,1.000,0,0,11,32,0,7,0
17-05 09:21:15,22.727,3.496,73.176,0,0,1487200,1008608,174116,5262612,2732.228,1456.522,0,275.720,0,59.939,1735,1141,1.800,1.630,0.970,1,0,1.998,0,0,11,32,0,7,0
17-05 09:21:16,23.780,2.503,73.344,0,0,1462348,1033432,174116,5262640,2661.404,1459.867,0,32.041,0,2.003,1695,1097,1.800,1.630,0.970,1,0,1.001,0,0,11,32,0,5,0
17-05 09:21:17,22.547,3.257,73.403,0,0,1462548,1033316,174116,5262556,2483.179,1503.135,0,0,0,0,1732,1235,1.800,1.630,0.970,1,0,1.002,0,0,11,32,0,5,0
17-05 09:21:18,22.232,3.747,73.192,0,0,1501144,994720,174116,5262556,2535.994,1456.848,0,11.991,0,0.999,1759,1235,1.740,1.620,0.970,1,0,1.998,0,0,11,32,0,5,0
17-05 09:21:19,23.982,1.749,73.196,0,0,1465412,1030364,174116,5262644,2715.980,1456.917,0,87.935,0,0.999,1652,1026,1.740,1.620,0.970,1,0,0.999,0,0,11,32,0,5,0
17-05 09:21:20,22.520,3.253,73.564,0,0,1463848,1031936,174116,5262636,2797.450,1459.278,0,136.119,0,3.003,1715,1264,1.740,1.620,0.970,1,0,0,0,0,11,32,0,5,0
17-05 09:21:21,30.270,5.754,63.291,0,0,1417424,1078352,174116,5262628,2719.783,1458.956,0,140.092,0,28.018,2846,13123,1.740,1.620,0.970,1,0,37.024,0,0,11,32,0,5,0
17-05 09:21:22,21.999,3.500,74.247,0,0,1436300,1059476,174116,5262628,2537.892,1457.938,0,4.000,0,1.000,1733,1189,1.740,1.620,0.970,2,0,2.000,0,0,11,32,0,5,0
17-05 09:21:23,23.702,1.996,73.101,0,0,1425836,1069920,174116,5262648,4089.687,1455.042,0,19.959,0,0.998,1644,1038,1.680,1.610,0.970,1,0,0.998,0,0,11,32,0,5,0
17-05 09:21:24,22.273,3.504,73.075,0.250,0,1422280,1073492,174124,5262624,2540.607,1459.497,0,436.448,0,30.031,1988,1830,1.680,1.610,0.970,2,0,0,0,0,11,32,0,5,0
17-05 09:21:25,23.023,3.253,72.572,0,0.250,1405872,1089856,174124,5262668,3030.022,1621.617,0,32.032,0,2.002,1782,1189,1.680,1.610,0.970,1,0,1.001,0,0,11,32,0,3,0
17-05 09:21:26,22.732,3.497,73.441,0,0,1439324,1056404,174124,5262668,2715.825,1456.833,0,115.907,0,25.979,1728,1332,1.680,1.610,0.970,1,0,0,0,0,11,32,0,3,0
17-05 09:21:27,22.256,3.751,73.270,0,0,1494996,1000712,174124,5262684,2540.706,1458.405,0,12.003,0,1.000,1758,1226,1.680,1.610,0.970,1,0,3.001,0,0,11,32,0,3,0
17-05 09:21:28,14.526,14.526,69.372,0,0,1442116,1053556,174124,5262720,2602.582,1460.571,0,148.261,0,7.012,4224,2933,1.620,1.600,0.970,2,0,264.466,0,0,11,32,0,3,0
17-05 09:21:29,14.983,12.736,70.921,0,0,1458252,1037408,174124,5262732,2714.981,1456.381,0,95.893,0,3.996,3638,2705,1.620,1.600,0.970,1,0,195.782,0,0,11,32,0,1,0
17-05 09:21:30,22.470,3.246,73.402,0,0,1490080,1005556,174128,5262752,3030.953,1456.056,0,127.829,0,3.995,1756,1249,1.620,1.600,0.970,1,0,0,0,0,11,32,0,1,0
17-05 09:21:31,23.810,1.754,73.937,0,0,1427796,1067612,174128,5262976,2724.882,1461.692,0,0,0,0,1715,1033,1.620,1.600,0.970,2,0,7.018,0,0,11,32,0,1,0
17-05 09:21:32,21.216,4.493,72.884,0,0,1430616,1064784,174128,5262984,2533.975,1497.621,0,127.797,0,27.956,1838,1405,1.620,1.600,0.970,1,0,1.997,0,0,11,32,0,1,0
17-05 09:21:33,23.710,1.997,73.625,0,0,1465000,1030400,174128,5262984,2833.193,1455.531,0,7.986,0,0.998,1618,957,1.570,1.590,0.970,1,0,0,0,0,11,32,0,1,0
17-05 09:21:34,12.052,19.082,67.288,0.502,0,1446464,1048764,174128,5263120,4175.873,1464.267,40.172,88.378,2.009,4.017,4777,3520,1.570,1.590,0.970,1,0,329.410,0,0,11,32,0,1,0
17-05 09:21:35,7.997,21.493,68.227,0,0.250,1431124,1064068,174132,5263148,4113.633,1457.516,0,255.915,0,5.998,5653,4171,1.570,1.590,0.970,1,0,386.871,0,0,11,32,0,1,0
17-05 09:21:36,9.001,22.003,67.758,0,0,1424376,1070788,174132,5263172,2538.289,1458.166,0,208.024,0,4.000,5842,4383,1.570,1.590,0.970,1,0,425.048,0,0,11,32,0,1,0
17-05 09:21:37,8.492,21.979,68.185,0,0,1421248,1073868,174132,5263204,4094.067,1456.601,0,555.466,0,30.970,5758,4317,1.570,1.590,0.970,2,0,407.608,0,0,11,32,0,1,0
17-05 09:21:38,8.765,21.788,67.618,0,0,1402328,1092760,174132,5263228,2842.961,1460.549,0,1001.748,0,11.019,5635,4141,1.610,1.590,0.980,1,0,401.701,0,0,11,32,0,1,0
17-05 09:21:39,8.221,22.171,67.510,0,0.249,1405168,1089900,174132,5263248,2648.602,1452.845,0,1008.422,0,10.961,5676,4203,1.610,1.590,0.980,2,0,408.550,0,0,11,32,0,1,0
17-05 09:21:40,9.024,20.806,68.683,0,0,1385980,1109064,174136,5263268,2936.835,1516.045,0,1159.092,0,51.136,5662,4224,1.610,1.590,0.980,1,0,395.054,0,0,11,32,0,1,0
17-05 09:21:41,8.002,21.255,69.018,0,0,1378468,1116544,174136,5263300,2598.665,1458.373,0,196.050,0,7.002,5669,4340,1.610,1.590,0.980,2,0,399.102,0,0,11,32,0,1,0
17-05 09:21:42,9.251,21.003,68.508,0,0,1375464,1119516,174136,5263324,2418.298,1458.180,0,276.034,0,7.001,5557,4065,1.610,1.590,0.980,1,0,363.045,0,0,11,32,0,1,0
17-05 09:21:43,8.752,22.004,67.763,0,0,1370776,1124184,174136,5263344,2852.562,1512.298,0,320.063,0,72.014,5927,4476,1.560,1.580,0.980,1,0,454.089,0,0,11,32,0,1,0
17-05 09:21:44,9.249,18.999,68.745,0,0,1317856,1177052,174152,5263376,2491.821,1511.891,0,15.999,0,4.000,5521,4218,1.560,1.580,0.980,2,0,380.973,0,0,11,32,0,1,0
17-05 09:21:45,32.738,29.989,35.237,0.500,0,1359520,1135312,174168,5263428,2614.063,1499.463,0,1075.615,0,59.979,6856,6130,1.560,1.580,0.980,6,0,629.774,0,0,11,32,0,5,0
17-05 09:21:46,67.040,11.007,22.013,0,0,1511304,983292,174208,5263612,2479.476,1458.869,0,360.214,0,24.014,4276,2507,1.560,1.580,0.980,3,0,93.055,0,0,11,32,0,7,0
17-05 09:21:47,65.239,8.749,23.996,1.750,0,1631096,860400,174400,5266096,2357.613,1457.761,387.936,2047.664,3.999,99.984,4190,2516,1.560,1.580,0.980,3,0,7.999,0,0,11,34,0,7,0
17-05 09:21:48,42.993,8.499,31.745,14.498,0,1634276,847828,175268,5273848,2417.592,1457.754,55.991,55742.590,5.999,3941.335,15150,28888,1.670,1.610,0.990,7,1,87.985,0,0,11,38,0,8,0
17-05 09:21:49,33.993,9.748,29.244,25.245,0,1660300,816200,175512,5278984,4644.092,1551.697,0,38316.512,0,2912.431,11880,22381,1.670,1.610,0.990,1,2,92.982,0,0,11,36,0,8,0
17-05 09:21:50,32.744,6.749,31.245,27.245,0,1689356,781732,175672,5284056,4401.252,3429.417,0,41077.020,0,2956.498,11628,21777,1.670,1.610,0.990,1,1,56.990,0,0,11,37,0,8,0
17-05 09:21:51,37.278,7.255,32.274,19.514,0,1682424,782728,176024,5289444,9062.713,7707.709,0,57546.625,0,4550.370,15654,30920,1.670,1.610,0.990,4,0,37.027,0,0,11,37,0,8,0
17-05 09:21:52,37.449,10.236,31.956,17.726,0,1665152,794488,176460,5294256,4423.928,2590.444,0,51085.880,0,3905.639,14456,27950,1.670,1.610,0.990,2,1,96.867,0,0,11,36,0,9,0
17-05 09:21:53,50.322,12.268,22.282,13.770,0.250,1610872,843216,176884,5299192,2661.813,1460.091,0,42152.379,0,3039.354,12282,22191,1.780,1.630,1,3,0,133.191,0,0,11,34,0,9,0
17-05 09:21:54,42.002,17.501,29.001,8.500,0,1602924,844552,177056,5305348,8020.292,6555.239,372.014,41661.517,6.000,3019.110,15212,27670,1.780,1.630,1,6,0,213.008,0,0,11,35,0,9,0
17-05 09:21:55,44.996,19.748,26.247,7.249,0,1610856,831216,177208,5310432,9052.098,7401.262,771.923,51315.884,10.999,3699.631,17401,33859,1.780,1.630,1,3,0,167.983,0,0,11,35,0,9,0
17-05 09:21:56,36.437,12.728,38.433,7.737,0,1604304,835004,177348,5312928,11684.741,10061.555,1245.840,40817.230,17.969,3323.238,15701,29174,1.780,1.630,1,2,0,142.752,0,0,11,34,1,9,0
17-05 09:21:57,36.561,9.516,41.069,10.518,0,1570052,866076,177604,5315732,2674.477,1526.555,0,46233.388,0,3829.410,13891,27838,1.780,1.630,1,3,0,76.127,0,0,11,34,0,9,0
17-05 09:21:58,40.462,6.993,40.712,9.491,0.250,1586552,850292,177820,5314800,2609.565,1510.590,0,39666.983,0,3490.742,13137,25923,1.880,1.650,1.010,3,0,14.986,0,0,11,36,0,9,0
17-05 09:21:59,34.285,6.507,44.795,11.011,0,1584200,851732,177928,5315568,8361.474,7606.709,0,47580.222,0,4282.340,15674,30691,1.880,1.650,1.010,2,1,42.043,0,0,11,37,0,9,0
17-05 09:22:00,33.463,6.992,48.697,8.241,0,1579352,854936,177992,5317120,12351.443,10085.929,0,43296.476,0,3720.916,16429,31708,1.880,1.650,1.010,3,0,29.967,0,0,11,37,0,9,0
17-05 09:22:01,38.263,8.503,45.265,6.002,0,1488436,944060,178044,5318824,8390.788,6914.297,0,24440.121,0,2463.819,12023,22527,1.880,1.650,1.010,2,1,104.035,0,0,11,36,0,10,0
17-05 09:22:02,39.030,9.007,39.531,10.758,0,1540852,889008,178180,5321268,4089.164,1459.129,0,48637.639,0,4070.150,14864,30070,1.880,1.650,1.010,3,0,48.037,0,0,11,36,0,10,0
17-05 09:22:03,33.000,6.750,46.251,11.250,0,1556724,869700,178344,5324452,7886.118,6501.098,0,46356.696,0,3944.059,14910,29819,1.890,1.660,1.020,3,0,54.001,0,0,11,37,0,10,0
17-05 09:22:04,30.990,6.748,45.985,11.746,0,1554384,869836,178372,5326584,7388.670,6620.912,0,43218.372,0,3783.807,16523,31226,1.890,1.660,1.020,2,1,68.978,0,0,11,37,0,10,0
17-05 09:22:05,32.740,8.747,46.235,10.247,0,1552764,868752,178400,5329180,12753.937,10259.732,0,52055.417,0,4402.597,18503,36384,1.890,1.660,1.020,1,1,71.977,0,0,11,37,0,10,0
17-05 09:22:06,38.771,9.755,39.772,9.255,0,1509320,911972,178428,5329312,3136.713,1924.051,0,47782.098,0,3976.172,14914,29156,1.890,1.660,1.020,2,0,54.030,0,0,11,36,0,10,0
17-05 09:22:07,38.961,7.742,41.209,9.491,0,1555548,869888,178500,5325088,2844.164,2144.861,0,45858.272,0,4173.838,15412,30717,1.890,1.660,1.020,4,0,18.981,0,0,11,37,0,10,0
17-05 09:22:08,37.969,4.746,49.960,4.996,0,1556960,868124,178520,5325416,10641.386,9027.692,0,23652.852,0,1960.413,9373,16284,1.980,1.680,1.030,2,0,20.983,0,0,11,35,0,12,0
17-05 09:22:09,21.469,12.482,65.655,0,0,1431112,993892,178520,5325496,11691.047,10690.498,0,1310.100,0,69.899,5634,6992,1.980,1.680,1.030,0,0,211.693,0,0,11,33,0,12,0
17-05 09:22:10,19.015,5.504,73.807,0,0,1392460,1032284,178520,5325756,7820.994,4369.349,0,2365.813,0,196.150,3162,2939,1.980,1.680,1.030,1,0,55.042,0,0,11,32,0,13,0
17-05 09:22:11,22.290,3.005,73.132,0.250,0,1440864,983880,178520,5325756,2542.583,1460.633,0,797.437,0,44.079,1855,1555,1.980,1.680,1.030,1,0,0,0,0,11,32,0,13,0
17-05 09:22:12,17.736,2.748,78.690,0.250,0,1439044,985596,178524,5325856,9638.598,8320.610,0,2733.900,0,154.881,2543,2858,1.980,1.680,1.030,1,0,0,0,0,11,33,0,13,0
17-05 09:22:13,20.167,4.730,73.446,0,0,1419452,1005180,178524,5325864,4758.335,3372.064,0,0,0,0,2858,2618,1.900,1.670,1.030,1,0,33.860,0,0,11,32,0,14,0
17-05 09:22:14,22.802,3.508,73.167,0,0,1462992,961636,178524,5325868,2483.661,1461.331,0,44.101,0,4.009,1715,1100,1.900,1.670,1.030,1,0,0,0,0,11,32,0,14,0
17-05 09:22:15,15.239,1.999,81.190,0.250,0,1463824,960668,178524,5326004,9738.855,8176.002,0,151.889,0,18.986,2290,2471,1.900,1.670,1.030,2,1,0,0,0,11,32,0,15,0
17-05 09:22:16,20.263,6.504,71.547,0.500,0,1478692,945788,178528,5326012,2913.924,1512.999,0,5371.547,0,312.206,3255,3247,1.900,1.670,1.030,1,0,60.040,0,0,11,32,0,15,0
17-05 09:22:17,20.749,2.250,76.248,0,0.250,1496588,927888,178528,5326016,4510.873,3471.902,0,927.974,0,41.999,1641,1207,1.900,1.670,1.030,0,0,1.000,0,0,11,33,0,15,0
17-05 09:22:18,18.748,2.750,76.990,0.250,0,1490312,934152,178528,5326028,9981.748,7962.001,0,807.899,0,37.995,3188,3582,1.830,1.660,1.030,1,0,0,0,0,11,33,0,15,0
17-05 09:22:19,19.498,5.500,73.744,0,0,1434072,990376,178528,5326044,4988.596,3542.713,0,435.965,0,20.998,2721,2317,1.830,1.660,1.030,1,0,42.997,0,0,11,32,0,16,0
17-05 09:22:20,23.007,2.501,73.021,0,0,1449604,974844,178528,5326044,2735.783,1458.417,0,396.113,0,19.005,1696,1161,1.830,1.660,1.030,1,0,0,0,0,11,32,0,16,0
17-05 09:22:21,20.314,4.264,74.235,0.251,0.251,1465296,959012,178528,5328356,9960.550,8456.787,0,6512.629,0,135.429,3022,5304,1.830,1.660,1.030,2,0,34.108,0,0,11,33,0,16,0
17-05 09:22:22,18.228,8.989,70.914,0.250,0.499,1391960,1032288,178528,5326244,6896.670,5424.448,0,215.739,0,21.973,4380,13906,1.830,1.660,1.030,2,0,115.860,0,0,11,32,0,17,0
17-05 09:22:23,8.760,22.526,67.829,0,0,1395756,1028364,178528,5326372,2540.978,1459.711,0,164.192,0,9.011,5835,4301,1.680,1.630,1.020,1,0,432.507,0,0,11,32,0,17,0
17-05 09:22:24,50.875,17.956,29.677,0.249,0,1447672,976232,178548,5326568,2831.049,1454.429,0,921.737,0,62.846,5258,4022,1.680,1.630,1.020,3,0,250.385,0,0,11,32,0,23,0
17-05 09:22:25,66.900,8.770,24.054,0,0,1556848,866108,178564,5327488,2861.402,1461.269,0,1206.700,0,147.330,3805,1667,1.680,1.630,1.020,3,0,3.007,0,0,11,32,0,23,0
17-05 09:22:26,68.749,6.750,24.000,0,0,1679968,740612,178664,5329484,2657.965,1457.981,0,1931.975,0,56.999,3788,1771,1.680,1.630,1.020,3,0,0,0,0,11,32,0,23,0
17-05 09:22:27,69.223,6.225,23.904,0.249,0,1776748,641100,178752,5331868,2288.835,1452.185,0,5083.645,0,148.406,4129,1888,1.680,1.630,1.020,4,0,6.972,0,0,11,32,0,23,0
17-05 09:22:28,40.923,8.034,39.166,9.289,0,1788116,619176,178844,5341936,2428.278,1464.197,0,58563.877,0,4528.166,17874,34196,1.870,1.670,1.040,2,0,180.765,0,0,11,38,0,23,0
17-05 09:22:29,33.457,10.237,42.945,11.735,0,1786324,610132,178928,5352320,2354.968,1456.125,0,89720.500,0,6530.593,22934,46077,1.870,1.670,1.040,2,1,221.715,0,0,11,38,0,23,0
17-05 09:22:30,33.526,8.507,42.533,11.509,0,1785012,602824,178992,5360544,2496.947,1459.138,0,81151.280,0,6225.855,21434,42329,1.870,1.670,1.040,2,0,153.119,0,0,11,38,0,23,0
17-05 09:22:31,43.280,14.010,29.520,10.507,0,1698200,680200,179060,5369648,4114.853,1555.078,0,81884.778,0,5633.906,21110,40112,1.870,1.670,1.040,6,0,207.144,0,0,11,36,0,23,0
17-05 09:22:32,49.205,9.741,28.973,9.741,0,1709988,660808,179096,5376884,3854.441,1456.655,0,74191.498,0,5164.232,17605,35071,1.870,1.670,1.040,5,0,57.946,0,0,11,36,0,23,0
17-05 09:22:33,41.540,10.010,34.033,12.512,0,1759016,600832,179132,5387388,2540.470,1459.419,0,65707.882,0,4720.589,17743,34437,1.960,1.690,1.050,2,0,15.015,0,0,11,36,0,23,0
17-05 09:22:34,47.486,9.247,30.241,10.497,0,1787900,567848,179144,5391344,4106.790,1457.570,0,73794.250,0,5656.333,20056,38592,1.960,1.690,1.050,1,1,79.976,0,0,11,38,0,23,0
17-05 09:22:35,49.107,7.977,36.892,4.487,0,1719252,634948,179156,5392840,2547.568,1453.759,0,31368.494,0,2415.952,10096,18201,1.960,1.690,1.050,2,0,125.634,0,0,11,34,0,23,0
17-05 09:22:36,16.551,15.548,64.952,1.003,0,1433820,920348,179160,5392868,2545.915,1462.547,0,11973.224,0,753.342,5543,6329,1.960,1.690,1.050,1,0,249.777,0,0,11,32,0,23,0
17-05 09:22:37,22.979,3.247,72.685,0.500,0,1475652,878512,179160,5392872,2415.838,1456.696,0,1234.895,0,70.937,1915,1500,1.960,1.690,1.050,1,0,1.998,0,0,11,32,0,23,0
17-05 09:22:38,23.247,3.000,72.741,0.250,0,1515216,838948,179160,5392872,2717.656,1457.816,0,4267.460,0,246.969,2174,2143,1.880,1.680,1.050,1,0,0,0,0,11,32,0,23,0
17-05 09:22:39,23.447,2.744,72.337,0,0,1547876,806284,179160,5392876,2592.150,1454.717,0,79.820,0,5.986,2086,1709,1.880,1.680,1.050,1,0,1.995,0,0,11,38,0,23,0
17-05 09:22:40,21.808,3.760,73.194,0,0,1464860,889296,179160,5392880,2802.425,1461.873,0,84.223,0,7.019,2125,1393,1.880,1.680,1.050,1,0,27.072,0,0,11,32,0,23,0
17-05 09:22:41,22.935,3.241,72.794,0,0,1463284,890872,179160,5392880,2770.163,1453.887,0,163.537,0,29.915,1815,1191,1.880,1.680,1.050,3,0,0.997,0,0,11,32,0,23,0
17-05 09:22:42,23.249,2.750,73.248,0,0,1487232,866924,179160,5392880,2745.918,1565.953,0,0,0,0,1730,1168,1.880,1.680,1.050,2,0,0,0,0,11,32,0,23,0
17-05 09:22:43,24.258,2.001,73.023,0.500,0,1508624,845532,179160,5392880,2658.832,1458.457,0,92.029,0,12.004,2034,1616,1.810,1.670,1.050,1,0,2.001,0,0,11,34,0,23,0
17-05 09:22:44,15.050,28.345,54.683,0,0,1443876,910224,179164,5392928,2787.352,1462.908,0,401.347,0,31.104,6112,5442,1.810,1.670,1.050,3,0,653.191,0,0,11,32,0,23,0
17-05 09:22:45,11.993,32.730,53.717,0,0,1447364,906676,179164,5392972,2553.415,1499.069,0,259.839,0,20.987,6637,5628,1.810,1.670,1.050,1,0,736.543,0,0,11,32,0,23,0
17-05 09:22:46,8.474,22.431,67.542,0,0,1444368,909608,179164,5393032,2544.171,1507.362,0,31.902,0,7.975,5588,3957,1.810,1.670,1.050,1,0,411.733,0,0,11,32,0,23,0
17-05 09:22:47,9.270,19.291,69.898,0,0,1410972,942956,179168,5393068,2363.003,1461.093,0,517.095,0,91.193,5634,4188,1.810,1.670,1.050,1,0,361.766,0,0,11,32,0,17,0
17-05 09:22:48,8.753,21.258,68.527,0,0,1405628,948284,179168,5393092,2418.939,1458.566,0,32.012,0,8.003,5410,3859,1.740,1.660,1.050,1,0,311.121,0,0,11,32,0,17,0
17-05 09:22:49,21.012,13.258,64.537,0,0,1394640,959236,179168,5393100,2603.477,1552.881,0,4.002,0,1.001,5443,7245,1.740,1.660,1.050,1,0,141.080,0,0,11,32,0,17,0
17-05 09:22:50,43.573,12.947,42.079,0,0,1464948,888804,179176,5393672,2544.651,1452.095,0,211.141,0,6.972,4105,2715,1.740,1.660,1.050,3,0,130.469,0,0,11,33,0,17,0
17-05 09:22:51,43.295,8.008,48.801,0,0,1545072,808672,179176,5393680,2300.395,1459.519,0,0,0,0,2670,1402,1.740,1.660,1.050,4,0,0,0,0,11,33,0,16,0
17-05 09:22:52,47.752,3.250,47.752,0.250,0,1606356,746932,179192,5394084,2298.106,1458.067,104.005,1712.079,1.000,221.010,3916,2989,1.740,1.660,1.050,2,0,17.001,0,0,11,49,0,16,0
17-05 09:22:53,46.006,5.001,48.006,0.250,0,1647744,703868,179244,5395360,2563.313,1458.178,0,1548.189,0,157.019,3311,2077,1.770,1.660,1.050,2,0,2.000,0,0,11,49,0,16,0
17-05 09:22:54,31.785,12.264,54.560,0,0,1667384,681600,179248,5397920,2565.837,1459.614,0,436.483,0,17.019,6635,8608,1.770,1.660,1.050,1,0,153.169,0,0,11,48,0,16,0
17-05 09:22:55,14.484,16.482,66.928,0,0,1664932,683996,179252,5397940,2672.117,1456.429,0,295.681,0,17.981,5419,5463,1.770,1.660,1.050,3,0,249.731,0,0,11,48,0,15,0
17-05 09:22:56,13.493,8.745,76.960,0.250,0,1665136,683776,179252,5397944,4095.852,1457.236,0,159.916,0,10.994,3404,4780,1.770,1.660,1.050,0,0,91.952,0,0,11,48,0,15,0
17-05 09:22:57,0.250,0.750,97.009,0,0,1665356,683552,179252,5397944,2598.234,1458.131,0,2508.226,0,21.002,854,1095,1.770,1.660,1.050,1,0,4.000,0,0,11,48,0,15,0
17-05 09:22:58,0.750,0.750,97.758,0,0,1660684,688220,179252,5397948,2612.222,1512.129,0,4.000,0,1.000,743,1022,1.620,1.640,1.050,0,0,3.000,0,0,11,48,0,15,0
17-05 09:22:59,0.750,0.500,97.984,0,0,1659500,689404,179252,5397948,4111.316,1511.749,0,0,0,0,657,895,1.620,1.640,1.050,0,0,1.000,0,0,11,48,0,15,0
17-05 09:23:00,2.509,2.760,92.843,0,0,1650896,698016,179252,5397936,2670.859,1409.202,0,819.023,0,2.007,1552,1621,1.620,1.640,1.050,1,0,38.141,0,0,11,48,0,15,0
17-05 09:23:01,20.724,15.980,61.674,0,0,1685944,662920,179252,5398388,2654.722,1456.202,0,199.753,0,1.998,5926,7808,1.620,1.640,1.050,1,0,241.702,0,0,11,48,0,15,0
17-05 09:23:02,14.240,15.489,68.453,0.250,0.250,1699524,649304,179252,5397972,2716.148,1457.006,0,543.629,0,28.980,4797,4775,1.620,1.640,1.050,1,0,264.819,0,0,12,64,0,15,0
17-05 09:23:03,15.238,17.986,64.950,0,0.250,1705900,642860,179252,5398448,3039.678,1802.623,0,127.902,0,12.990,5833,5920,1.650,1.640,1.050,2,0,259.802,0,0,12,64,0,14,0
17-05 09:23:04,18.986,11.991,67.450,0,0.250,1680428,668320,179252,5397996,3947.073,1349.000,0,455.662,0,27.979,4853,5954,1.650,1.640,1.050,0,0,137.898,0,0,12,64,0,14,0
17-05 09:23:05,5.771,8.782,83.554,0,0,1685324,663416,179252,5398024,2698.835,1517.530,0,212.775,0,10.037,2714,2565,1.650,1.640,1.050,2,0,168.614,0,0,12,64,0,14,0
17-05 09:23:06,18.935,16.693,62.784,0,0,1676200,672536,179252,5398480,2768.476,1453.002,0,31.890,0,6.976,6057,7776,1.650,1.640,1.050,2,0,208.284,0,0,14,64,0,14,0
17-05 09:23:07,13.043,14.799,70.735,0,0.251,1675148,673540,179252,5398072,2486.253,1462.856,0,0,0,0,4493,3705,1.650,1.640,1.050,1,0,250.833,0,0,14,66,0,14,0
17-05 09:23:08,9.244,20.486,68.952,0,0,1685544,662976,179252,5398240,2716.090,1498.946,0,5184.355,0,378.734,5996,4538,1.520,1.620,1.050,1,0,396.721,0,0,14,66,0,14,0
17-05 09:23:09,18.223,17.723,62.656,0.250,0,1686532,661964,179252,5398696,2488.276,1455.821,0,155.767,0,7.988,6241,7507,1.520,1.620,1.050,2,0,214.679,0,0,14,66,0,14,0
17-05 09:23:10,26.768,19.013,52.535,0.250,0,1715112,633324,179264,5398304,2736.819,1513.006,0,7048.684,0,340.226,5605,5212,1.520,1.620,1.050,3,0,318.211,0,0,14,66,0,14,0
17-05 09:23:11,30.299,23.789,44.572,0,0,1774708,573572,179264,5398460,2542.120,1460.367,0,1883.052,0,79.128,6206,4863,1.520,1.620,1.050,4,0,452.734,0,0,14,66,0,11,0
17-05 09:23:12,32.416,22.193,43.886,0,0,1807000,540580,179320,5399016,2471.601,1454.235,0,51.866,0,9.974,6209,5151,1.520,1.620,1.050,7,0,410.936,0,0,14,66,0,11,0
17-05 09:23:13,33.325,22.802,42.847,0.501,0,1847212,499396,179340,5400392,4100.269,1551.507,8.018,525.187,1.002,17.039,6998,8347,1.640,1.640,1.060,4,0,372.843,0,0,14,70,0,13,0
17-05 09:23:14,41.930,17.471,39.933,0,0,1911660,434912,179340,5400308,2413.947,1455.556,0,447.249,0,22.961,4721,5510,1.640,1.640,1.060,5,0,118.801,0,0,14,70,0,13,0
17-05 09:23:15,73.654,24.968,0.999,0,0,2002380,343948,179352,5400612,4049.744,1456.110,0,87.886,0,4.994,5041,3809,1.640,1.640,1.060,5,0,415.461,0,0,14,70,0,12,0
17-05 09:23:16,68.081,19.773,11.764,0,0,2080056,265780,179364,5401504,2480.943,1459.732,0,780.927,0,10.012,5423,6716,1.640,1.640,1.060,5,0,244.290,0,0,14,70,0,12,0
17-05 09:23:17,70.025,20.758,9.003,0,0,2151172,194000,179392,5401620,2358.853,1500.543,0,28.010,0,1.000,5175,5998,1.640,1.640,1.060,4,0,273.099,0,0,14,70,0,12,0
17-05 09:23:18,71.244,26.248,2.000,0.750,0,2223240,194780,170884,5338252,2551.769,1511.863,231.979,7035.364,11.999,509.954,5852,4516,1.830,1.680,1.070,4,2,342.969,0,0,14,70,0,12,0
17-05 09:23:19,50.629,15.635,7.445,24.818,0,2286156,206608,165424,5271376,2487.750,1554.596,1937.785,1365.979,142.951,3.971,5854,6634,1.830,1.680,1.070,5,0,139.973,0,0,14,74,0,10,0
17-05 09:23:20,77.942,20.114,1.760,0.251,0,2422960,128612,164936,5214120,4319.518,1466.323,3210.221,555.151,141.805,56.320,6079,4778,1.830,1.680,1.070,9,0,296.684,0,0,14,74,0,10,0
17-05 09:23:21,58.694,24.581,9.531,5.769,0,2502264,137192,164548,5128940,2726.999,1462.827,1922.344,23040.033,72.238,1710.645,12004,19645,1.830,1.680,1.070,9,0,292.967,0,0,14,76,0,10,0
17-05 09:23:22,71.443,22.732,4.247,1.249,0,2543928,165624,164552,5060900,2416.073,1456.838,23.981,17438.090,2.998,2020.388,14167,44413,1.830,1.680,1.070,6,0,175.860,0,0,14,76,0,11,0
17-05 09:23:23,74.740,16.692,5.979,1.744,0,2626628,154288,164412,4990824,2469.415,1542.637,1064.300,4460.492,46.837,290.988,7136,8838,2.160,1.750,1.100,5,0,145.494,0,0,14,79,0,12,0
17-05 09:23:24,76.591,21.596,2.009,0.251,0,2688076,158644,163952,4926864,4056.059,1464.521,180.805,1426.351,35.157,74.331,8015,12124,2.160,1.750,1.100,8,0,298.328,0,0,14,87,0,18,0
17-05 09:23:25,56.475,24.239,18.242,0,0,2783840,136652,163952,4854848,4053.198,1457.352,19.991,1359.396,4.998,73.967,6463,6738,2.160,1.750,1.100,3,0,388.827,0,0,14,93,0,19,0
17-05 09:23:26,51.381,22.698,24.693,0.249,0,2842080,148568,163952,4786928,2472.283,1454.636,15.963,1045.582,0.998,53.875,7963,13177,2.160,1.750,1.100,2,0,281.349,0,0,14,95,0,19,0
17-05 09:23:27,56.833,13.019,26.288,3.255,0,2935136,186596,163836,4658500,2421.538,1460.134,3048.454,885.294,84.123,41.060,4802,4406,2.160,1.750,1.100,3,2,129.189,0,0,14,96,0,19,0
17-05 09:23:28,54.640,7.984,35.678,0.998,0,3019716,165276,163844,4596532,2413.140,1455.070,530.931,4043.856,33.932,207.582,4876,6671,2.230,1.770,1.110,2,0,8.982,0,0,14,98,0,16,0
17-05 09:23:29,29.062,11.775,57.623,0.251,0.251,3064860,119372,163860,4597244,2423.182,1461.125,0,729.560,0,54.116,4281,3750,2.230,1.770,1.110,1,0,134.287,0,0,14,101,0,16,0
17-05 09:23:30,9.232,19.711,69.862,0.250,0,3067712,183628,163860,4531552,2669.708,1455.116,0,866.283,0,53.893,5800,4597,2.230,1.770,1.110,2,0,349.308,0,0,14,101,0,16,0
17-05 09:23:31,8.266,19.036,70.885,0,0,3079840,171468,163860,4531584,3979.583,1502.864,0,112.214,0,10.019,5465,3967,2.230,1.770,1.110,1,0,321.613,0,0,14,101,0,16,0
17-05 09:23:32,10.474,13.218,70.827,3.242,0,3093612,156660,163860,4532620,3862.581,1508.322,1021.509,0,39.903,0,3747,2862,2.230,1.770,1.110,1,0,185.548,0,0,14,101,0,16,0
17-05 09:23:33,23.432,2.991,72.041,0.249,0,3135068,182816,163860,4466628,2470.834,1543.523,23.931,55.838,1.994,0.997,1827,1179,2.130,1.760,1.110,5,0,0.997,0,0,14,103,0,16,0
17-05 09:23:34,16.536,2.756,78.170,1.503,0,3142776,175072,163864,4466660,9084.792,7865.135,24.052,3046.637,4.009,23.050,2427,2602,2.130,1.760,1.110,1,0,0,0,0,14,107,0,16,0
17-05 09:23:35,21.274,6.007,71.332,0.250,0.250,3098748,218944,163868,4466812,19496.419,17839.514,8.009,424.488,2.002,39.045,2952,2475,2.130,1.760,1.110,1,0,67.077,0,0,14,113,0,17,0
17-05 09:23:36,23.233,2.748,73.197,0,0,3142460,175220,163868,4466824,2416.240,1456.939,3.997,43.968,0.999,4.996,1666,1108,2.130,1.760,1.110,2,0,0,0,0,14,113,0,17,0
17-05 09:23:37,17.735,2.248,79.184,0.250,0,3149716,167952,163868,4466836,11258.628,7744.553,0,147.877,0,17.985,2205,2317,2.130,1.760,1.110,1,0,1.998,0,0,14,116,0,17,0
17-05 09:23:38,29.498,4.750,63.996,0.750,0,3167000,150100,163884,4467344,3587.754,1827.875,219.985,991.932,13.999,105.993,4201,4919,2.040,1.750,1.110,8,0,4.000,0,0,14,120,0,17,0
17-05 09:23:39,25.852,5.522,66.010,0.753,0,3172700,143576,163884,4468168,2246.846,1463.763,754.972,1437.660,32.126,169.668,5170,7307,2.040,1.750,1.110,4,0,6.024,0,0,14,127,0,17,0
17-05 09:23:40,28.196,9.482,59.636,0.749,0,3151868,164272,163884,4468304,3654.987,2661.893,63.877,1752.637,3.992,150.711,5171,5682,2.040,1.750,1.110,3,0,99.808,0,0,14,128,0,19,0
17-05 09:23:41,22.444,5.237,72.321,0,0,3160248,221156,163884,4404564,2232.476,1454.401,0,454.874,0,27.931,1976,1443,2.040,1.750,1.110,1,0,11.970,0,0,14,128,0,19,0
17-05 09:23:42,18.556,2.758,76.984,0.251,0,3180884,200504,163884,4404580,8165.790,7203.870,8.024,545.657,2.006,45.137,2275,2241,2.040,1.750,1.110,2,0,0,0,0,14,129,0,19,0
17-05 09:23:43,19.712,2.994,75.107,1.497,0.250,3186172,194960,163884,4404836,6757.091,4122.125,23.954,2391.431,2.994,168.678,2876,3561,1.960,1.730,1.110,1,1,0,0,0,14,129,0,19,0
17-05 09:23:44,28.716,6.243,62.675,0.250,0,3208188,172864,163896,4404888,3691.608,2690.799,15.981,11394.443,0.999,670.203,4851,5746,1.960,1.730,1.110,2,0,2.996,0,0,14,128,0,20,0
17-05 09:23:45,40.676,13.056,42.182,2.511,0,3261072,183932,163896,4342212,2385.307,1464.327,32.139,2755.908,2.009,154.668,4018,2970,1.960,1.730,1.110,2,0,102.443,0,0,14,128,0,20,0
17-05 09:23:46,40.647,4.738,53.614,0.249,0,3304480,140344,163896,4342392,6573.274,7099.934,175.553,343.127,0.997,16.957,2743,1607,1.960,1.730,1.110,1,0,0,0,0,14,129,0,20,0
17-05 09:23:47,26.298,6.011,67.122,0.250,0,3241636,203160,163896,4342420,23705.949,18582.667,0,1562.831,0,76.138,2911,2136,1.960,1.730,1.110,1,0,56.102,0,0,14,128,0,21,0
17-05 09:23:48,34.702,6.990,56.173,0,0,3345412,163896,163896,4279944,2594.431,1455.997,55.923,139.808,4.993,9.986,3789,4013,1.880,1.720,1.110,3,0,4.993,0,0,14,130,0,21,0
17-05 09:23:49,20.182,2.741,75.746,0.249,0,3362980,146296,163896,4279976,9146.294,7981.205,0,3129.494,0,246.174,2308,2414,1.880,1.720,1.110,1,0,1.993,0,0,14,131,0,21,0
17-05 09:23:50,20.866,5.782,72.404,0,0,3358628,150600,163896,4280008,21393.239,17852.504,4.022,305.704,1.006,30.168,2880,2584,1.880,1.720,1.110,1,0,51.286,0,0,14,130,0,22,0
17-05 09:23:51,21.425,1.993,75.485,0.249,0,3362872,146356,163896,4280008,4196.242,3483.748,0,175.383,0,10.961,1712,1136,1.880,1.720,1.110,0,0,0,0,0,14,131,0,22,0
17-05 09:23:52,18.005,3.001,77.023,0.250,0,3365336,143848,163896,4280052,7551.292,6040.833,0,536.163,0,63.019,2792,3262,1.880,1.720,1.110,1,0,0,0,0,14,131,0,22,0
17-05 09:23:53,19.813,7.524,70.977,0.251,0,3353452,155724,163896,4280060,3601.507,2680.565,0,497.590,0,53.170,3322,3097,1.810,1.710,1.110,1,0,82.263,0,0,14,130,0,23,0
17-05 09:23:54,21.911,2.490,73.948,0.747,0,3368308,140868,163900,4280072,4014.628,3416.069,0,3545.541,0,294.798,2104,1576,1.810,1.710,1.110,0,0,0,0,0,14,131,0,23,0
17-05 09:23:55,19.293,2.255,77.173,0,0,3352536,156632,163900,4280080,24438.789,22274.938,0,256.575,0,18.040,2215,1838,1.810,1.710,1.110,1,0,13.029,0,0,14,130,0,24,0
17-05 09:23:56,20.971,6.491,71.651,0.250,0,3400200,172248,163900,4218400,2802.138,1563.845,0,287.604,0,15.978,2230,1600,1.810,1.710,1.110,1,0,41.942,0,0,14,130,0,24,0
17-05 09:23:57,19.254,2.500,77.765,0,0.250,3413468,158976,163900,4218404,8450.613,7251.384,0,196.037,0,10.002,1818,1321,1.810,1.710,1.110,1,0,1.000,0,0,14,131,0,24,0
17-05 09:23:58,22.242,3.499,70.224,1.749,0,3412244,159884,163908,4218712,3735.611,2398.108,75.972,1875.303,7.997,246.908,5260,8096,1.750,1.700,1.110,1,0,1.000,0,0,14,132,0,24,0
17-05 09:23:59,26.994,3.749,65.486,0.500,0,3343084,228904,163908,4218852,3861.185,2763.416,79.983,2195.536,4.999,205.957,5149,7216,1.750,1.700,1.110,1,0,14.997,0,0,14,133,0,26,0
17-05 09:24:00,21.272,6.257,72.576,0.501,0,3386092,185896,163908,4218852,2960.091,1621.693,0,580.606,0,35.037,2247,1745,1.750,1.700,1.110,2,0,39.041,0,0,14,133,0,26,0
17-05 09:24:01,17.735,2.248,78.184,0,0,3390116,181864,163908,4218860,8314.027,7241.926,0,487.591,0,29.975,1727,1319,1.750,1.700,1.110,1,0,0,0,0,14,134,0,26,0
17-05 09:24:02,19.499,2.250,77.244,0.250,0,3391832,180100,163908,4218908,6900.490,5916.563,19.999,2891.786,2.000,172.987,2294,2395,1.750,1.700,1.110,1,0,0,0,0,14,134,0,26,0
17-05 09:24:03,24.828,6.521,66.459,1.003,0,3394764,177104,163908,4218972,2485.821,1462.602,0,1384.355,0,140.442,5674,8557,1.680,1.680,1.100,1,0,0,0,0,14,134,0,26,0
17-05 09:24:04,37.896,7.230,52.357,1.247,0,3338104,233556,163912,4219176,3239.150,2317.668,3.989,5903.870,0.997,354.033,8691,13795,1.680,1.680,1.100,1,0,7.978,0,0,14,135,0,27,0
17-05 09:24:05,20.538,6.762,71.382,0,0,3380148,191500,163912,4219188,2601.797,1622.992,0,336.621,0,15.028,2472,1996,1.680,1.680,1.100,1,0,70.129,0,0,14,135,0,27,0
17-05 09:24:06,18.461,1.996,78.583,0,0,3405848,165796,163912,4219192,8245.484,7300.491,0,303.356,0,16.964,1673,1288,1.680,1.680,1.100,1,0,0,0,0,14,136,0,27,0
17-05 09:24:07,21.281,2.504,73.858,0.501,0,3407300,164296,163912,4219224,6424.408,5444.974,0,1798.634,0,152.223,3759,5093,1.680,1.680,1.100,2,0,1.001,0,0,14,135,0,28,0
17-05 09:24:08,18.734,8.742,70.939,0.500,0,3392132,179432,163912,4219240,2595.769,1456.748,0,435.626,0,31.973,3282,2817,1.630,1.670,1.100,1,0,146.874,0,0,14,135,0,28,0
17-05 09:24:09,22.284,2.754,74.113,0.250,0.250,3405980,165572,163912,4219252,8333.657,7259.025,0,468.712,0,33.050,2265,1962,1.630,1.670,1.100,4,0,0,0,0,14,136,0,28,0
17-05 09:24:10,22.454,2.994,73.099,0.249,0,3408984,162548,163912,4219272,8873.701,7293.959,0,766.420,0,41.914,3144,3532,1.630,1.670,1.100,2,0,0,0,0,14,136,0,28,0
17-05 09:24:11,24.003,5.751,67.008,0.500,0,3410452,161032,163912,4219320,2658.302,1458.166,0,1084.123,0,128.015,6201,9332,1.630,1.670,1.100,1,0,0,0,0,14,136,0,28,0
17-05 09:24:12,29.355,9.032,59.211,0.753,0,3417736,153484,163912,4219584,2547.090,1463.222,36.129,935.338,3.011,81.290,7649,11233,1.630,1.670,1.100,7,0,5.018,0,0,14,140,0,28,0
17-05 09:24:13,47.151,13.971,36.424,0.499,0.249,3372288,198812,163912,4219672,4281.018,3255.170,3.992,1564.717,0.998,159.665,11408,16155,1.660,1.680,1.110,4,1,239.498,0,0,14,139,0,29,0
17-05 09:24:14,32.702,5.492,60.161,0.499,0,3400616,170436,163912,4219704,2719.989,1811.329,15.976,563.169,0.999,37.944,3169,2854,1.660,1.680,1.110,1,0,47.929,0,0,14,139,0,29,0
17-05 09:24:15,19.326,3.263,76.298,0.251,0,3418500,152544,163916,4219708,8372.714,7529.419,0,3304.913,0,343.342,2626,1741,1.660,1.680,1.110,1,0,2.008,0,0,14,140,0,29,0
17-05 09:24:16,17.982,7.992,72.427,0.499,0,3380284,190740,163916,4219728,4470.511,3233.753,3.996,423.575,0.999,25.974,3291,2546,1.660,1.680,1.110,1,0,122.877,0,0,14,139,0,30,0
17-05 09:24:17,8.000,20.500,69.499,0,0,3359604,211400,163916,4219764,2431.980,1553.987,0,419.997,0,29.000,5590,4306,1.660,1.680,1.110,2,0,346.997,0,0,14,139,0,28,0
17-05 09:24:18,15.449,17.193,65.784,0,0,3364916,206068,163920,4219884,2425.027,1453.222,0,402.676,0,27.908,5324,5388,1.530,1.650,1.100,0,0,230.243,0,0,14,139,0,28,0
17-05 09:24:19,24.818,17.548,57.156,0.501,0,3392364,178604,163920,4219800,2424.618,1532.182,0,1676.576,0,94.257,5638,5812,1.530,1.650,1.100,3,0,203.556,0,0,14,139,0,28,0
17-05 09:24:20,32.544,22.781,43.309,0,0,3429756,141052,163920,4219960,2706.697,1459.994,0,1554.123,0,259.354,5977,4467,1.530,1.650,1.100,2,0,365.499,0,0,14,139,0,28,2
17-05 09:24:21,35.813,20.145,41.285,0,0,3455940,176860,163936,4159848,2524.831,1450.435,75.606,302.423,7.958,21.886,6023,6405,1.530,1.650,1.100,3,0,313.366,0,0,14,142,0,28,2
17-05 09:24:22,35.365,13.795,49.411,0.502,0,3510256,122356,163936,4162832,3991.007,1462.767,36.118,244.798,3.010,16.052,5626,15474,1.530,1.650,1.100,6,0,158.517,0,0,16,145,0,28,2
17-05 09:24:23,62.179,26.470,10.238,0,0,3606552,143368,163944,4045552,2756.845,1618.148,99.886,579.337,6.992,52.939,8671,19045,1.720,1.690,1.120,4,0,384.560,0,0,16,151,0,29,2
17-05 09:24:24,52.382,27.319,19.800,0.501,0,3673076,166404,163944,3956800,2604.583,1551.923,16.041,3893.842,3.008,214.542,6277,5389,1.720,1.690,1.120,4,0,380.963,0,0,16,151,0,29,2
17-05 09:24:25,64.348,15.464,18.955,0,0,3755752,132020,163944,3909268,2728.568,1454.571,63.849,826.053,5.986,89.788,5866,7926,1.720,1.690,1.120,3,0,172.593,0,0,16,165,0,18,2
17-05 09:24:26,43.326,19.284,35.813,0.250,0,3794924,145380,163944,3857112,2482.343,1530.678,4.007,412.722,1.002,28.049,7435,10795,1.720,1.690,1.120,2,0,265.464,0,0,16,167,0,18,2
17-05 09:24:27,35.224,24.232,39.471,0,0,3835512,148684,163944,3813800,2817.896,1618.791,0,299.776,0,16.987,12580,4839,1.720,1.690,1.120,2,0,426.681,0,0,16,167,0,18,2
17-05 09:24:28,31.316,23.549,43.591,0.251,0,3872724,163860,163948,3762512,2511.258,1461.059,88.185,1202.518,5.010,64.134,6171,5192,1.830,1.710,1.130,1,0,363.762,0,0,17,167,0,18,2
17-05 09:24:29,21.403,12.692,64.208,0,0,3877540,159040,163948,3762968,2466.797,1451.408,0,262.806,0,15.928,5375,7306,1.830,1.710,1.130,1,0,155.295,0,0,17,167,0,15,2
17-05 09:24:30,29.843,21.567,47.398,0.251,0,3919964,171176,163948,3709316,2845.902,1625.083,4.013,477.494,1.003,12.038,5945,4553,1.830,1.710,1.130,3,0,370.158,0,0,17,169,0,15,2
17-05 09:24:31,32.043,23.031,43.808,0,0,3972812,118300,163948,3709800,2301.065,1459.945,0,96.128,0,8.011,5973,4774,1.830,1.710,1.130,4,0,319.426,0,0,17,169,0,15,2
17-05 09:24:32,40.913,14.469,42.909,0,0,4001728,134652,163952,3665168,2532.615,1496.817,0,171.635,0,15.966,5886,6925,1.830,1.710,1.130,2,0,127.728,0,0,17,181,0,16,2
17-05 09:24:33,35.075,25.805,38.082,0,0,4057924,138512,163952,3606496,2543.462,1461.138,12.026,364.783,3.006,28.060,7521,8293,1.840,1.720,1.130,4,0,458.986,0,0,17,183,0,16,0
17-05 09:24:34,38.468,25.979,34.222,0.250,0,4147128,157988,163960,3500428,2877.627,1708.591,23.980,559.539,2.998,45.962,7723,9279,1.840,1.720,1.130,2,0,474.609,0,0,17,189,0,16,0
17-05 09:24:35,30.511,24.759,43.265,0.500,0,4207272,135364,163964,3463444,2916.012,1458.506,4.001,18502.418,1.000,921.320,10154,13262,1.840,1.720,1.130,3,0,411.143,0,0,17,203,0,16,0
17-05 09:24:36,14.678,19.654,63.688,0.249,0.249,4213492,142816,163964,3450364,2764.473,1450.900,3.981,855.812,0.995,61.698,6326,6811,1.840,1.720,1.130,1,0,294.559,0,0,17,211,0,16,0
17-05 09:24:37,25.628,15.578,57.788,0,0,4221172,162908,163964,3422540,2954.744,1628.124,4.020,156.782,1.005,10.050,5210,5725,1.840,1.720,1.130,2,0,190.953,0,0,17,211,0,15,0
17-05 09:24:38,41.006,7.953,46.722,3.231,0,4306392,198324,163964,3304832,2582.655,1449.389,723.700,230.630,11.929,26.841,3202,2102,1.850,1.720,1.140,1,1,3.976,0,0,17,215,0,15,0
17-05 09:24:39,46.446,4.770,46.948,1.506,0,4395160,145012,163964,3269684,2609.005,1464.176,168.712,325.372,5.021,32.136,3196,2114,1.850,1.720,1.140,2,0,0,0,0,17,215,0,15,0
17-05 09:24:40,44.445,6.207,46.183,1.738,0,4492724,116048,164196,3202988,2624.979,1555.322,349.600,262.200,20.857,24.830,3210,2154,1.850,1.720,1.140,3,0,3.973,0,0,17,215,0,15,0
17-05 09:24:41,33.015,8.754,57.526,0,0,4382776,267608,164204,3162300,2553.168,1582.724,4.002,260.119,1.000,17.008,3321,2655,1.850,1.720,1.140,3,0,88.040,0,0,17,218,0,13,0
17-05 09:24:42,32.443,24.395,41.748,1.006,0,4420184,229204,164212,3163288,4001.773,1466.713,929.522,1094.502,11.066,28.167,6296,5123,1.850,1.720,1.140,5,0,420.498,0,0,17,225,0,13,0
17-05 09:24:43,34.783,29.028,32.031,2.502,0.250,4496600,151088,164220,3164984,4990.770,7166.850,880.842,596.570,19.018,34.033,6744,6590,2.030,1.760,1.150,4,0,427.409,0,0,17,228,0,13,0
17-05 09:24:44,45.801,16.769,36.541,0,0,4472668,174148,164232,3166300,9222.259,4848.394,4.004,332.370,1.001,14.016,6479,7649,2.030,1.760,1.150,2,0,181.202,0,0,17,229,0,14,0
17-05 09:24:45,60.299,19.684,17.442,2.243,0,4507896,137492,164236,3167712,2606.305,1453.152,23.920,386.710,3.987,16.943,5022,3900,2.030,1.760,1.150,3,0,157.475,0,0,17,232,0,13,0
17-05 09:24:46,70.660,11.985,12.983,3.496,0,4613196,150936,164240,3051984,10104.135,7240.781,43.944,251.680,4.994,11.985,4343,2813,2.030,1.760,1.150,7,0,15.980,0,0,17,233,0,13,0
17-05 09:24:47,61.205,9.783,25.335,3.763,0.251,4655524,149192,164252,3012996,8023.853,6918.152,2010.729,742.485,49.165,38.128,4706,3969,2.030,1.760,1.150,5,0,27.091,0,0,17,238,0,15,0
17-05 09:24:48,55.514,12.253,13.003,18.255,0,4670256,126832,164280,3020580,4299.120,1578.411,5493.432,7349.916,336.088,38.010,5101,4646,2.180,1.800,1.170,2,2,23.006,0,0,17,238,0,15,0
17-05 09:24:49,59.296,13.260,23.518,2.252,0,4695980,167060,164332,2956328,8693.799,7283.697,876.686,1725.349,126.099,113.088,6270,6979,2.180,1.800,1.170,3,0,123.096,0,0,17,242,0,18,0
17-05 09:24:50,31.957,22.969,42.692,0,0,4705812,155072,164332,2958452,8148.953,6771.820,23.968,790.928,2.996,55.924,7089,7201,2.180,1.800,1.170,5,0,381.483,0,0,17,241,0,20,0
17-05 09:24:51,42.775,21.139,34.319,0.995,0,4697836,161636,164336,2960172,2644.071,1450.359,3.979,6629.077,0.995,727.169,6495,7300,2.180,1.800,1.170,8,0,229.789,0,0,17,241,0,20,0
17-05 09:24:52,48.846,21.150,29.458,0.755,0,4742456,130540,164336,2946528,8479.002,7398.355,8.057,290.053,2.014,15.107,5839,6145,2.180,1.800,1.170,5,0,297.102,0,0,17,242,0,20,0
17-05 09:24:53,52.167,25.460,20.967,0,0,4776932,168940,164344,2875664,9663.630,6800.184,7.987,1353.847,1.997,83.867,6672,6643,2.250,1.820,1.180,3,0,363.422,0,0,17,241,0,21,0
17-05 09:24:54,63.475,20.742,13.994,1.000,0,4776396,167548,164372,2878008,2477.009,1457.417,995.602,583.766,38.984,24.990,5776,7493,2.250,1.820,1.180,5,0,228.908,0,0,17,241,0,19,0
17-05 09:24:55,67.722,19.492,11.745,1.000,0,4841568,134724,164708,2845328,4328.240,3590.540,663.730,455.815,35.985,31.987,7284,9200,2.250,1.820,1.180,3,0,214.913,0,0,17,246,0,22,0
17-05 09:24:56,50.886,26.191,20.703,1.497,0,4896464,143832,164720,2782396,10145.209,9471.722,427.041,2059.374,8.980,205.538,7235,8219,2.250,1.820,1.180,7,0,364.182,0,0,17,246,0,22,0
17-05 09:24:57,63.987,21.496,11.998,1.250,0,4867788,168076,164720,2787216,4150.144,2499.485,439.909,699.856,17.996,36.992,10161,22432,2.250,1.820,1.180,2,1,231.952,0,0,17,249,0,24,0
17-05 09:24:58,52.212,15.489,28.729,1.999,0,4942436,117308,164720,2763352,4029.102,1456.952,255.816,603.566,16.988,19.986,5553,5096,2.310,1.840,1.190,3,0,175.874,0,0,17,253,0,23,0
17-05 09:24:59,59.057,9.259,31.280,0,0,5036020,151424,164720,2639108,10950.615,9960.655,88.085,448.435,7.007,35.034,4170,2730,2.310,1.840,1.190,4,0,5.005,0,0,17,259,0,23,0
17-05 09:25:00,60.865,8.516,29.055,0.501,0,5044704,167388,164728,2615148,11571.790,10119.055,444.838,857.615,8.015,69.130,4962,4645,2.310,1.840,1.190,3,0,14.026,0,0,17,260,0,25,0
17-05 09:25:01,59.309,12.012,19.770,8.508,0,5125584,137028,164756,2565904,3495.476,2276.264,1005.000,1085.079,83.083,55.055,5360,6850,2.310,1.840,1.190,4,0,124.123,0,0,17,262,0,29,0
17-05 09:25:02,60.477,13.745,20.992,4.498,0,5166408,137040,164764,2525856,17001.673,14021.782,855.682,2515.064,23.991,152.943,6110,6285,2.310,1.840,1.190,4,0,224.916,0,0,17,271,0,27,0
17-05 09:25:03,65.622,17.282,15.779,0.250,0,5063376,239348,164804,2526544,3620.756,2332.352,1122.094,2685.010,43.080,270.505,6860,7905,2.370,1.860,1.200,3,0,190.355,0,0,17,271,0,30,0
17-05 09:25:04,43.322,25.894,24.649,5.229,0,5113340,185264,165064,2530272,7061.967,3415.957,4059.312,1508.797,66.726,71.705,7106,7926,2.370,1.860,1.200,3,0,396.370,0,0,17,274,0,30,0
17-05 09:25:05,43.470,23.234,31.229,0.250,0,5128204,170264,165064,2530832,12114.702,9666.379,815.441,647.556,8.994,43.970,6352,7658,2.370,1.860,1.200,2,0,293.799,0,0,17,276,0,30,0
17-05 09:25:06,63.657,19.047,17.042,0.501,0,5116956,181364,165068,2530884,4194.348,2388.893,529.306,3432.468,7.017,41.101,5898,5935,2.370,1.860,1.200,5,0,156.386,0,0,18,275,0,30,0
17-05 09:25:07,84.835,14.515,0.501,0.250,0,5207644,142292,165068,2480804,3921.925,1459.461,460.461,440.441,7.007,20.020,5169,2969,2.370,1.860,1.200,4,0,96.096,0,0,18,278,0,30,0
17-05 09:25:08,69.120,11.728,8.734,10.231,0,5274972,131560,165072,2426568,8769.463,7752.381,2954.429,13913.762,160.697,124.765,5080,3793,2.420,1.880,1.210,4,0,11.977,0,0,18,281,0,30,0
17-05 09:25:09,79.570,10.009,9.258,0.500,0,5263160,217416,165084,2355256,7209.328,6338.563,1060.931,1457.279,40.035,86.076,5355,3958,2.420,1.880,1.210,5,0,14.012,0,0,18,280,0,31,0
17-05 09:25:10,69.865,17.028,12.270,0.501,0,5348164,131132,165108,2356484,3095.100,2017.324,588.971,653.076,11.018,64.106,6717,8114,2.420,1.880,1.210,4,0,219.361,0,0,18,282,0,32,0
17-05 09:25:11,38.711,7.742,51.448,0.250,0,5380172,122220,165120,2334028,14917.836,9158.690,571.419,15028.723,9.990,1265.713,4171,2441,2.420,1.880,1.210,2,0,5.994,0,0,18,288,0,32,0
17-05 09:25:12,36.387,7.975,54.830,0.748,0,5364196,137792,165120,2334432,436574.112,19611.362,255.211,394.779,1.994,39.877,4303,3342,2.420,1.880,1.210,2,0,10.966,0,0,18,286,0,33,0
17-05 09:25:13,43.660,8.981,43.660,0.249,0.249,5375256,124232,165120,2336932,2452997.355,71797.761,574.813,479.011,7.984,41.913,7750,5650,2.460,1.890,1.220,2,0,6.986,0,0,18,289,0,33,0
17-05 09:25:14,30.288,6.759,61.077,0,0,5380060,139436,165120,2317636,2464679.580,57079.362,512.650,236.300,4.005,15.019,6645,4470,2.460,1.890,1.220,1,0,6.008,0,0,18,290,0,32,0
17-05 09:25:15,22.026,5.757,68.832,0,0,5386700,130504,165120,2319928,2458602.157,66145.128,512.613,192.230,4.005,9.011,6133,3555,2.460,1.890,1.220,2,0,4.005,0,0,18,290,0,32,0
17-05 09:25:16,13.482,2.497,78.897,0.250,0,5384816,130124,165120,2322176,2457502.812,76106.429,3.995,986.709,0.999,65.914,5804,4132,2.460,1.890,1.220,0,0,0,0,0,18,290,0,32,0
17-05 09:25:17,4.523,3.015,89.454,0.251,0,5384264,128548,165120,2324288,2474014.417,80270.431,4.020,136.694,1.005,12.061,4859,3646,2.460,1.890,1.220,1,0,16.082,0,0,18,290,0,32,0
17-05 09:25:18,5.720,4.476,85.297,0.746,0,5382132,128140,165124,2326824,2429124.041,68303.904,87.535,366.054,4.974,23.873,5211,4039,2.270,1.860,1.210,1,0,70.625,0,0,18,290,0,31,0
17-05 09:25:19,17.821,7.530,71.536,0.251,0,5308824,199168,165124,2329104,2004057.660,77163.864,0,349.399,0,31.125,6012,4553,2.270,1.860,1.210,3,0,77.309,0,0,18,288,0,32,0
17-05 09:25:20,36.806,13.180,46.007,2.984,0,5361836,162044,165124,2313356,2601.270,1450.345,2275.987,366.068,25.863,36.806,4772,3943,2.270,1.860,1.210,3,0,187.013,0,0,18,294,0,32,0
17-05 09:25:21,41.048,4.785,53.891,0.252,0,5420264,144580,165120,2274112,8990.220,8841.138,0,600.355,0,20.146,2957,1741,2.270,1.860,1.210,0,0,0,0,0,18,295,1,32,0
17-05 09:25:22,26.367,4.477,67.162,0.249,0,5351936,212880,165120,2274144,16279.010,14183.564,0,493.514,0,44.774,3726,3908,2.270,1.860,1.210,3,0,36.815,0,0,18,299,0,34,0
17-05 09:25:23,22.983,5.496,65.951,1.999,0.250,5358808,205304,165120,2274848,88059.055,2925637.299,663.511,423.688,37.972,47.965,5600,19735,2.570,1.930,1.240,0,0,36.973,0,0,18,298,0,37,0
17-05 09:25:24,2.503,1.502,92.345,0.250,0,5360088,204024,165120,2274848,378111.169,12222279.076,0,288.295,0,21.022,4422,1561,2.570,1.930,1.240,0,0,0,0,0,18,298,0,37,0
17-05 09:25:25,10.996,1.999,84.473,0,0,5358964,205096,165120,2274900,1023337.026,1356570.575,0,235.924,0,18.994,4309,4407,2.570,1.930,1.240,1,0,0,0,0,18,303,0,37,0
17-05 09:25:26,19.260,4.252,73.039,0.250,0,5351680,209228,165128,2278044,2464253.109,92749.423,32.017,2261.205,1.001,206.110,8481,8577,2.570,1.930,1.240,1,0,5.003,0,0,18,309,0,36,0
17-05 09:25:27,3.753,3.252,88.567,0.250,0,5345980,212564,165128,2280412,2466027.439,102633.221,0,228.172,0,13.010,6009,5398,2.570,1.930,1.240,1,1,0,0,0,18,309,0,36,0
17-05 09:25:28,4.241,2.495,88.806,0,0,5347932,208372,165128,2282652,2459116.594,84584.967,63.860,227.502,0.998,14.967,6056,5527,2.360,1.900,1.230,0,0,0.998,0,0,18,309,0,36,0
17-05 09:25:29,2.764,2.764,90.957,0.503,0,5348736,205264,165128,2284956,2325385.846,65716.104,0,836.200,0,55.278,5111,3866,2.360,1.900,1.230,1,0,0,0,0,18,309,0,36,0
17-05 09:25:30,4.495,2.997,87.657,0.250,0,5348800,203120,165128,2287020,2460676.455,75454.073,0,267.716,0,29.968,5967,6060,2.360,1.900,1.230,1,0,0.999,0,0,18,311,0,36,0
17-05 09:25:31,3.501,2.501,89.280,0,0,5348892,200852,165128,2289196,2463332.182,84422.315,0,260.087,0,16.005,6294,5730,2.360,1.900,1.230,2,0,0,0,0,18,311,0,36,0
17-05 09:25:32,12.503,4.001,80.018,0.750,0.250,5350004,197856,165132,2291076,1531798.591,56950.849,36.008,16151.644,3.001,69.016,5878,6194,2.360,1.900,1.230,2,0,0,0,0,18,308,0,39,0
17-05 09:25:33,9.248,17.746,68.233,2.749,0,5294112,253628,165132,2291212,2449.395,1349.667,71.982,579.857,4.999,39.990,5348,4423,2.250,1.880,1.230,2,0,352.913,0,0,18,308,0,39,0
17-05 09:25:34,21.434,6.729,70.283,0.249,0,5342328,205260,165132,2291364,2635.873,1399.685,15.951,187.422,0.997,15.951,3009,2736,2.250,1.880,1.230,1,0,112.653,0,0,18,308,0,39,0
17-05 09:25:35,22.821,3.511,72.476,0,0,5334512,213068,165136,2291368,2669.312,1408.386,4.012,48.150,1.003,6.019,2207,1580,2.250,1.880,1.230,2,0,22.069,0,0,18,308,0,38,0
17-05 09:25:36,8.708,19.904,68.421,0.498,0,5334316,213192,165136,2291440,2677.112,1343.532,15.923,2599.486,0.995,169.186,6127,5529,2.250,1.880,1.230,2,0,328.419,0,0,18,310,0,38,0
17-05 09:25:37,8.505,18.261,70.792,0.500,0,5340024,207432,165136,2291492,2842.707,1458.876,16.010,3233.941,1.001,422.253,5548,4101,2.250,1.880,1.230,1,0,318.191,0,0,18,310,0,38,0
17-05 09:25:38,2.499,1.749,94.466,0.250,0.250,5333940,213516,165136,2291492,2749.002,1349.510,0,475.827,0,31.988,1474,1908,2.070,1.850,1.220,1,0,9.996,0,0,18,310,0,38,0
17-05 09:25:39,22.790,4.257,72.127,0.250,0,5380524,166928,165136,2291496,2468.335,1406.470,0,316.556,0,27.048,1943,1795,2.070,1.850,1.220,1,0,0,0,0,18,310,0,38,0
17-05 09:25:40,19.745,1.999,76.229,0,0,5396624,150820,165136,2291504,9943.314,7194.056,0,207.944,0,20.994,2182,2050,2.070,1.850,1.220,1,0,0,0,0,18,311,0,38,0
17-05 09:25:41,22.093,5.774,71.804,0,0,5310464,236860,165136,2291624,5718.191,4661.721,80.340,140.595,5.021,10.042,3433,3103,2.070,1.850,1.220,3,0,68.289,0,0,18,314,0,39,0
17-05 09:25:42,13.160,15.146,67.787,2.235,0,5310816,236424,165140,2291704,2759.142,1448.102,11.919,246.316,2.980,22.844,4826,3808,2.070,1.850,1.220,2,0,153.948,0,0,18,314,0,39,0
17-05 09:25:43,13.032,17.042,67.667,0,0,5307388,239640,165140,2291900,2381.875,1299.204,0,236.584,0,18.045,5300,4184,1.980,1.840,1.220,1,0,170.420,0,0,18,314,0,39,0
17-05 09:25:44,11.791,16.558,69.492,0,0,5309664,237252,165140,2291996,2426.467,1463.105,0,148.518,0,11.039,4996,3587,1.980,1.840,1.220,1,0,174.609,0,0,18,314,0,39,0
17-05 09:25:45,21.190,5.734,70.800,1.496,0,5349868,197040,165140,2292004,2386.268,1292.354,3.989,179.494,0.997,12.963,2527,1992,1.980,1.840,1.220,1,0,45.871,0,0,18,314,0,39,0
17-05 09:25:46,23.075,3.762,72.485,0.251,0,5395196,151672,165140,2292044,2726.855,1462.750,32.104,501.629,1.003,35.114,2263,2120,1.980,1.840,1.220,1,0,1.003,0,0,18,314,0,39,0
17-05 09:25:47,23.697,2.744,71.092,1.497,0.249,5412060,165852,165140,2262196,2324.819,1346.998,103.769,15924.514,0.998,21.951,2109,1716,1.980,1.840,1.220,1,0,1.996,0,0,18,314,0,38,0
17-05 09:25:48,23.199,1.497,71.343,1.746,0,5422660,154956,165140,2262492,2638.207,1400.924,283.378,251.448,10.976,29.934,2463,2364,1.900,1.820,1.220,1,0,2.993,0,0,18,316,0,38,0
17-05 09:25:49,23.527,3.504,72.585,0,0,5330068,247532,165140,2262508,2877.356,1445.686,0,264.308,0,21.025,2142,1749,1.900,1.820,1.220,2,0,5.006,0,0,18,314,0,38,0
17-05 09:25:50,24.458,1.747,71.626,0.499,0,5371248,206324,165140,2262536,2776.209,1401.581,23.959,223.614,3.993,21.962,2135,1887,1.900,1.820,1.220,5,0,0,0,0,18,314,0,38,0
17-05 09:25:51,22.245,4.249,72.234,0,0,5410292,167276,165140,2262540,2509.454,1349.706,0,451.902,0,36.992,2068,1797,1.900,1.820,1.220,1,0,2.999,0,0,18,314,0,30,0
17-05 09:25:52,13.054,2.510,83.093,0.251,0,5415652,161840,165140,2262616,11961.399,14106.257,0,2703.164,0,387.601,2235,2035,1.900,1.820,1.220,0,0,0,0,0,18,317,0,31,0
17-05 09:25:53,21.180,1.246,75.999,0,0,5399456,178028,165140,2262624,13760.615,7757.415,0,111.632,0,12.957,2344,2072,1.910,1.830,1.220,2,0,0.997,0,0,18,314,0,32,0
17-05 09:25:54,22.300,5.011,71.660,0.251,0.251,5370308,207172,165140,2262628,2214.958,1353.029,0,204.458,0,16.036,2226,1856,1.910,1.830,1.220,1,0,15.034,0,0,18,314,0,32,0
17-05 09:25:55,23.715,2.746,72.392,0,0,5390132,187348,165140,2262628,2403.431,1347.998,0,115.828,0,9.985,2019,1604,1.910,1.830,1.220,2,0,0,0,0,18,314,0,29,0
17-05 09:25:56,16.770,9.511,72.086,0,0,5347568,229736,165140,2262804,2272.700,1351.606,420.500,268.319,6.007,26.031,3609,2920,1.910,1.830,1.220,2,0,130.155,0,0,18,314,0,29,0
17-05 09:25:57,10.743,18.988,68.456,0.500,0,5352272,224792,165148,2263036,2402.442,1403.090,111.927,703.544,10.993,69.955,5752,4518,1.910,1.830,1.220,1,0,363.764,0,0,18,314,0,29,0
17-05 09:25:58,19.481,6.993,71.682,0.999,0,5382056,194976,165156,2263060,2447.662,1348.712,15.985,511.511,1.998,24.976,3122,2816,1.840,1.810,1.220,1,0,105.899,0,0,18,314,0,29,0
17-05 09:25:59,19.721,2.247,77.137,0,0,5395836,181160,165180,2263072,7000.780,3574.781,0,3.994,0,0.999,1869,1511,1.840,1.810,1.220,0,0,16.975,0,0,18,315,0,26,0
17-05 09:26:00,23.285,3.005,71.609,0.501,0,5386128,184796,165756,2268456,4067.165,1592.414,124.188,985.494,4.006,21.032,2178,1850,1.840,1.810,1.220,1,0,1.002,0,0,18,314,0,26,0
17-05 09:26:01,22.737,3.498,72.460,0,0,5387188,183344,165788,2268800,2800.438,1788.003,0,499.721,0,14.992,2162,1723,1.840,1.810,1.220,1,0,17.990,0,0,18,315,0,26,0
17-05 09:26:02,20.325,2.258,76.782,0,0,5370152,194788,166316,2273720,9118.431,4227.499,0,1092.004,0,21.077,1937,1595,1.840,1.810,1.220,1,0,2.007,0,0,18,314,0,26,0
17-05 09:26:03,23.665,5.978,67.506,0.249,0,5376960,187496,166328,2274192,2307.676,1291.342,0,597.843,0,9.964,8786,16602,1.850,1.820,1.230,1,0,11.957,0,0,18,314,0,17,0
17-05 09:26:04,14.505,1.751,82.527,0,0,5352192,211800,166384,2274600,9240.050,4532.496,48.016,500.165,5.002,13.004,1685,1610,1.850,1.820,1.230,1,0,1.000,0,0,18,315,0,17,0
17-05 09:26:05,22.921,6.478,68.015,0,0,5360464,203304,166432,2274760,2426.620,1452.982,0,95.670,0,2.990,9896,18209,1.850,1.820,1.230,1,0,15.945,0,0,18,315,0,17,0
17-05 09:26:06,21.582,5.019,71.772,0.753,0,5352364,221052,166524,2264968,2770.504,1638.211,52.198,1152.369,3.011,47.179,2331,2124,1.850,1.820,1.230,1,0,4.015,0,0,18,314,0,17,0
17-05 09:26:07,13.959,14.707,69.796,0.249,0,5349628,223972,166524,2264864,2351.120,1523.542,0,917.316,0,7.977,4647,3812,1.850,1.820,1.230,2,0,267.218,0,0,18,314,0,16,0
17-05 09:26:08,24.331,3.261,71.487,0,0,5384664,188944,166524,2264864,2546.457,1462.858,0,1308.345,0,252.840,2248,1870,1.780,1.800,1.230,1,0,1.003,0,0,18,314,0,16,0
17-05 09:26:09,19.986,1.999,76.947,0,0,5403388,169904,166524,2265180,8317.282,7310.974,0,307.788,0,23.984,1978,1686,1.780,1.800,1.230,1,0,0,0,0,18,315,0,16,0
17-05 09:26:10,18.036,7.766,72.647,0.251,0,5314948,258184,166524,2265340,7459.053,6041.192,148.299,216.437,10.020,16.032,3593,3285,1.780,1.800,1.230,1,0,116.235,0,0,18,314,0,19,0
17-05 09:26:11,23.463,3.494,72.135,0,0,5366572,206552,166524,2265348,2547.938,1509.593,0,119.809,0,8.986,1921,1615,1.780,1.800,1.230,1,0,0,0,0,18,314,0,16,0
17-05 09:26:12,19.246,2.000,77.484,0,0.250,5389208,183912,166524,2265352,8195.266,7182.480,0,0,0,0,1937,1582,1.780,1.800,1.230,1,0,0,0,0,18,315,0,16,0
17-05 09:26:13,19.999,6.750,71.996,0,0,5368180,204932,166524,2265360,5558.684,4376.751,0,27.998,0,1.000,2947,2513,1.720,1.790,1.220,1,0,71.996,0,0,18,314,0,17,0
17-05 09:26:14,23.506,3.251,72.270,0,0,5378752,194360,166524,2265360,2478.683,1458.402,0,4.001,0,1.000,1936,1439,1.720,1.790,1.220,1,0,0,0,0,18,314,0,17,0
17-05 09:26:15,17.702,2.493,78.786,0,0,5390632,182304,166524,2265536,10571.255,9502.162,31.913,0,1.995,0,2131,1863,1.720,1.790,1.220,1,0,0,0,0,18,315,0,16,0
17-05 09:26:16,20.282,6.260,71.364,0.250,0,5396008,176860,166524,2265604,8084.869,6660.602,48.077,568.906,2.003,40.064,2865,2703,1.720,1.790,1.220,1,0,56.089,0,0,18,314,0,17,0
17-05 09:26:17,22.468,2.746,73.645,0,0,5432980,139884,166524,2265608,3905.411,3425.098,0,3.994,0,0.999,1978,1568,1.720,1.790,1.220,0,0,0,0,0,18,315,0,17,0
17-05 09:26:18,18.813,2.258,77.257,0.251,0,5395584,177184,166524,2265704,11591.576,9901.953,80.267,172.574,5.017,16.053,2339,2063,1.660,1.780,1.220,1,0,5.017,0,0,18,314,0,20,0
17-05 09:26:19,22.056,5.263,71.932,0.501,0,5402872,169880,166524,2265720,2604.575,1461.690,12.030,60.152,1.003,6.015,2395,1873,1.660,1.780,1.220,1,0,28.071,0,0,18,314,0,20,0
17-05 09:26:20,19.186,2.492,76.244,0,0,5427792,144956,166524,2265724,10498.781,7267.620,0,151.492,0,15.947,2211,2040,1.660,1.780,1.220,1,0,0,0,0,18,315,0,19,0
17-05 09:26:21,16.991,1.999,79.957,0.250,0,5423400,149248,166524,2265824,7932.778,6671.449,79.957,411.781,4.997,40.978,2391,2546,1.660,1.780,1.220,2,0,0,0,0,18,314,0,20,0
17-05 09:26:22,20.744,6.248,71.480,0,0,5381508,191140,166524,2265824,2745.233,1565.562,0,147.959,0,7.998,2535,2088,1.660,1.780,1.220,1,0,46.987,0,0,18,314,0,20,0
17-05 09:26:23,26.739,5.498,66.223,0.250,0,5392776,179864,166524,2265832,4335.229,3749.469,0,227.907,0,21.991,3260,11996,1.610,1.760,1.220,0,0,35.985,0,0,18,315,0,21,0
17-05 09:26:24,20.847,3.768,74.097,0.251,0,5316144,256476,166524,2265852,11173.252,9502.438,0,2294.731,0,339.588,2792,2442,1.610,1.760,1.220,1,0,20.094,0,0,18,314,0,20,0
17-05 09:26:25,22.663,3.985,71.228,0,0,5359976,212608,166524,2265888,3860.255,1452.452,0,3.985,0,0.996,2401,1921,1.610,1.760,1.220,1,0,11.954,0,0,18,314,0,20,0
17-05 09:26:26,19.984,2.248,77.437,0,0,5381744,190836,166524,2265892,8390.190,7298.077,0,0,0,0,1987,1577,1.610,1.760,1.220,1,0,0,0,0,18,315,0,20,0
17-05 09:26:27,16.036,2.255,80.433,0.251,0.251,5373520,199048,166524,2265904,7744.599,6734.303,0,384.875,0,35.080,2297,2408,1.610,1.760,1.220,2,0,0,0,0,18,314,0,21,0
17-05 09:26:28,6.746,9.494,72.456,8.745,0,5363752,207704,167024,2266524,3134.086,2579.425,1011.382,1283.216,222.864,101.938,3856,3995,1.480,1.730,1.210,2,0,181.889,0,0,18,318,0,21,0
17-05 09:26:29,3.761,2.257,92.279,0.752,0,5365020,206300,167088,2266596,18543.980,4565.783,112.339,2664.042,28.085,175.530,1878,2536,1.480,1.730,1.210,1,0,18.055,0,0,18,316,0,22,0
17-05 09:26:30,5.227,5.725,87.119,0.249,0,5361648,209628,167088,2266640,8217.080,4533.184,0,238.955,0,17.922,2686,2772,1.480,1.730,1.210,1,0,106.534,0,0,18,318,0,22,0
17-05 09:26:31,11.519,13.523,71.120,2.003,0,5359072,211740,167088,2267104,5005.452,1869.156,384.650,444.751,20.034,30.051,4453,3852,1.480,1.730,1.210,1,0,208.352,0,0,18,316,0,23,0
17-05 09:26:32,20.901,4.479,71.413,2.488,0,5373184,190028,167100,2274660,2406.645,1451.153,91.568,195.080,14.930,9.953,2254,1949,1.480,1.730,1.210,1,0,5.972,0,0,18,316,0,23,0
17-05 09:26:33,22.801,2.756,72.413,0,0,5369632,190056,167100,2278100,3030.809,1955.393,4.009,1298.918,1.002,15.034,2325,1894,1.440,1.720,1.210,2,0,16.036,0,0,18,317,0,23,0
17-05 09:26:34,15.795,2.256,81.231,0.501,0,5356316,199864,167104,2281568,13592.624,5676.129,4.011,1034.941,1.003,42.120,1792,1699,1.440,1.720,1.210,2,0,1.003,0,0,18,316,0,23,0
17-05 09:26:35,14.507,6.003,71.784,5.002,0,5351276,201928,167108,2284492,2676.274,1458.694,1168.556,2997.427,18.009,93.044,3472,3420,1.440,1.720,1.210,1,0,84.040,0,0,18,316,0,23,0
17-05 09:26:36,16.723,11.481,70.137,0.250,0.250,5353244,199892,167108,2284560,2533.904,1455.647,0,231.626,0,11.981,3990,3342,1.440,1.720,1.210,1,0,218.647,0,0,18,316,0,20,0
17-05 09:26:37,24.753,3.000,71.510,0.500,0,5398904,154232,167108,2284560,2418.338,1458.204,0,184.026,0,27.004,2022,1544,1.440,1.720,1.210,2,0,0,0,0,18,316,0,20,0
17-05 09:26:38,18.714,2.495,77.100,0,0,5399992,153124,167108,2284580,25987.345,24557.133,0,2012.078,0,30.940,2458,2330,1.410,1.710,1.210,1,0,0.998,0,0,18,318,0,22,0
17-05 09:26:39,22.349,6.027,71.316,0.502,0,5368340,184756,167108,2284600,2489.015,1464.481,0,466.062,0,41.182,2712,2551,1.410,1.710,1.210,2,0,47.209,0,0,18,318,0,22,0
17-05 09:26:40,20.150,2.239,75.626,0,0,5397956,155136,167108,2284604,4392.257,3690.730,0,1623.961,0,316.434,2333,2091,1.410,1.710,1.210,1,0,0,0,0,18,319,0,22,0
17-05 09:26:41,41.307,6.259,51.320,0.250,0.250,5424764,127992,167108,2284940,9886.531,8287.342,448.614,104.143,14.019,10.014,3622,2573,1.410,1.710,1.210,2,0,5.007,0,0,18,318,0,24,0
17-05 09:26:42,42.297,9.010,47.804,0,0,5389548,163204,167108,2284944,2240.508,1459.634,512.574,124.139,4.004,8.009,3308,1935,1.410,1.710,1.210,3,0,20.022,0,0,18,318,0,24,0
17-05 09:26:43,25.624,2.985,69.410,0,0,5412436,140300,167108,2284956,8833.733,7268.400,254.752,330.382,1.990,10.946,2610,2079,1.370,1.700,1.210,3,0,1.990,0,0,18,319,0,24,0
17-05 09:26:44,24.969,4.792,68.351,1.261,0.252,5414716,135792,167108,2287184,3606.687,2317.360,2146.862,1287.310,88.780,146.285,5112,7073,1.370,1.700,1.210,3,0,4.035,0,0,18,321,0,23,0
17-05 09:26:45,25.456,5.740,67.133,0.250,0,5388684,161780,167108,2287228,5562.341,2812.117,15.972,650.870,0.998,66.884,3631,4066,1.370,1.700,1.210,2,0,12.977,0,0,18,320,0,26,0
17-05 09:26:46,22.427,3.239,72.515,0,0,5413208,156296,166988,2268664,4330.948,3472.733,0,243.211,0,14.951,2254,1870,1.370,1.700,1.210,0,0,0,0,0,18,321,0,26,0
17-05 09:26:47,16.783,2.755,79.158,0.501,0,5409272,160212,166988,2268684,10952.848,9121.194,0,388.776,0,35.070,2604,2769,1.370,1.700,1.210,2,0,0,0,0,18,321,0,26,0
17-05 09:26:48,23.489,4.498,68.719,0.500,0,5365164,204120,166988,2268884,3726.298,2682.775,31.985,779.644,1.999,99.954,4791,6264,1.420,1.700,1.210,1,0,6.997,0,0,18,320,0,27,0
17-05 09:26:49,8.767,22.794,66.628,0.250,0,5369872,199384,166992,2268904,2486.766,1554.980,0,849.629,0,65.125,6260,5190,1.420,1.700,1.210,3,0,474.910,0,0,18,320,0,27,0
17-05 09:26:50,9.762,21.526,66.830,0,0,5360572,208652,166992,2268936,2706.254,1567.885,0,2326.798,0,336.404,6549,5581,1.420,1.700,1.210,1,0,500.602,0,0,18,320,0,27,0
17-05 09:26:51,9.499,21.748,66.993,0.250,0,5368076,201124,166992,2268960,2491.731,1511.837,0,3535.618,0,215.977,6794,6169,1.420,1.700,1.210,1,0,531.943,0,0,18,320,0,27,0
17-05 09:26:52,8.752,22.255,67.266,0,0,5374400,194776,166992,2268984,2418.576,1458.348,0,40.010,0,10.002,6302,5217,1.420,1.700,1.210,1,0,503.120,0,0,18,320,0,26,0
17-05 09:26:53,8.729,22.196,66.836,0.499,0,5364600,204548,166992,2269012,2813.105,1616.039,0,311.237,0,31.922,6388,5340,1.390,1.690,1.210,1,0,482.817,0,0,18,320,0,26,0
17-05 09:26:54,9.514,21.030,67.347,0.250,0,5361920,207204,166992,2269036,2541.642,1460.092,0,496.712,0,37.053,6351,5359,1.390,1.690,1.210,2,0,478.686,0,0,18,320,0,26,0
17-05 09:26:55,8.757,22.269,67.056,0,0,5350952,218136,166992,2269072,2677.234,1459.218,0,216.180,0,17.014,6343,5410,1.390,1.690,1.210,1,0,481.402,0,0,18,320,0,26,0
17-05 09:26:56,9.458,17.422,69.189,1.244,0,5355892,213144,166992,2269124,2807.399,1612.761,15.929,67.696,0.996,6.969,5464,4390,1.390,1.690,1.210,1,0,372.329,0,0,18,320,0,25,0
17-05 09:26:57,19.031,7.763,71.868,0.250,0,5337528,337124,167000,2174340,2361.867,1460.391,0,2247.680,0,22.036,2607,2273,1.390,1.690,1.210,1,0,42.069,0,0,18,320,0,25,0
17-05 09:26:58,24.508,3.751,71.523,0,0,5366688,299808,167000,2182484,2626.855,1512.492,0,1048.341,0,17.006,2489,2384,1.440,1.700,1.220,4,0,2.001,0,0,18,320,0,25,0
17-05 09:26:59,23.679,2.243,72.035,0,0,5355648,309200,167000,2184180,4518.522,2052.877,15.952,4243.343,2.991,181.459,2284,1786,1.440,1.700,1.220,1,0,15.952,0,0,18,321,0,25,0
17-05 09:27:00,10.264,1.502,83.365,3.505,0,5365804,298416,167016,2184792,13736.925,7147.848,552.762,2511.460,26.036,129.178,1868,2287,1.440,1.700,1.220,1,0,0,0,0,18,321,0,25,0
17-05 09:27:01,13.533,1.504,79.695,3.759,0,5364848,298552,167040,2185588,20436.105,13260.512,505.239,3075.541,58.143,122.300,2072,2207,1.440,1.700,1.220,1,0,0,0,0,18,321,0,25,0
17-05 09:27:02,17.463,1.247,77.335,2.744,0,5382608,279596,167120,2186704,14262.485,9306.089,870.138,965.933,41.910,33.927,1956,1826,1.440,1.700,1.220,1,0,0,0,0,18,321,0,25,0
17-05 09:27:03,12.240,1.499,83.179,1.499,0,5381052,280288,167168,2187516,16776.731,10726.877,595.494,1262.926,42.963,47.959,1792,1798,1.320,1.670,1.210,1,0,0,0,0,18,321,0,25,0
17-05 09:27:04,18.260,1.751,77.294,1.501,0,5387936,272264,167204,2188616,15927.114,10056.755,812.465,12551.182,33.019,110.063,2054,1805,1.320,1.670,1.210,0,0,0,0,0,18,321,0,25,0
17-05 09:27:05,10.500,2.000,75.751,10.500,0,5380040,264452,167252,2204268,10976.103,6290.059,7264.068,612.006,59.001,22.000,1518,1505,1.320,1.670,1.210,2,1,0,0,0,18,321,0,25,0
17-05 09:27:06,13.558,1.757,72.809,10.545,0,5382320,248336,167284,2218040,2729.586,1464.215,4519.181,1285.456,72.307,198.844,1796,1617,1.320,1.670,1.210,1,0,1.004,0,0,18,321,0,25,0
17-05 09:27:07,23.151,2.738,71.941,0.498,0,5388848,230736,167468,2228660,2527.140,1451.761,0,1119.191,0,47.795,2249,1971,1.320,1.670,1.210,3,0,0,0,0,18,321,0,25,0
17-05 09:27:08,24.226,2.747,71.180,0.500,0,5394692,210652,167532,2242588,2849.202,1510.517,0,1686.344,0,41.959,2445,2370,1.300,1.660,1.210,2,0,0.999,0,0,18,321,0,25,0
17-05 09:27:09,25.627,2.512,70.600,0.502,0,5398652,191540,167532,2257568,2610.955,1465.270,0,5318.389,0,80.399,2624,2630,1.300,1.660,1.210,3,0,1.005,0,0,18,321,0,25,0
17-05 09:27:10,22.411,2.739,71.466,1.743,0,5413356,165344,167776,2268596,2903.462,1452.229,0,2745.092,0,128.489,2704,2971,1.300,1.660,1.210,2,0,0,0,0,18,321,0,25,0
17-05 09:27:11,23.517,2.752,72.051,0.751,0,5406808,149228,167796,2290972,2599.826,1459.025,0,2141.504,0,72.051,2319,2123,1.300,1.660,1.210,2,0,0,0,0,18,321,0,25,0
17-05 09:27:12,22.969,2.497,71.903,0.749,0,5404116,141204,168304,2300932,2414.752,1456.041,0,1709.700,0,59.919,2297,2110,1.300,1.660,1.210,1,0,0,0,0,18,321,0,25,0
17-05 09:27:13,23.385,4.526,71.665,0.251,0,5396284,165708,168316,2284240,2776.083,1641.510,16.093,1078.247,1.006,37.216,2502,2045,1.270,1.640,1.210,2,0,21.122,0,0,18,320,0,22,0
17-05 09:27:14,18.413,1.991,77.136,0.249,0.249,5423880,135228,168316,2287132,7999.303,3616.955,0,298.593,0,17.916,2026,1889,1.270,1.640,1.210,1,0,15.925,0,0,18,321,0,22,0
17-05 09:27:15,23.459,3.244,72.123,0.250,0,5417368,138784,168392,2289964,4389.243,1629.121,0,1118.024,0,9.982,2149,1663,1.270,1.640,1.210,2,0,2.995,0,0,18,320,0,22,0
17-05 09:27:16,19.538,2.755,76.149,0,0,5425712,124084,168736,2295868,9427.505,4539.911,0,1026.014,0,35.069,2230,2021,1.270,1.640,1.210,2,0,17.033,0,0,18,321,0,22,0
17-05 09:27:17,23.252,6.501,68.006,0,0,5417336,132860,168820,2295352,2760.230,1632.136,0,1064.088,0,145.012,10513,18844,1.270,1.640,1.210,2,0,13.001,0,0,18,320,0,20,0
17-05 09:27:18,24.730,5.496,67.945,0.250,0,5408728,141180,168852,2295604,2623.881,1564.736,0,1370.893,0,7.994,10145,18705,1.250,1.630,1.210,1,0,10.991,0,0,18,320,0,20,0
17-05 09:27:19,21.025,5.757,71.584,0.250,0,5405296,144580,168884,2295604,2540.966,1459.704,0,360.421,0,9.011,2198,1601,1.250,1.630,1.210,3,0,10.012,0,0,18,320,0,20,0
17-05 09:27:20,22.231,4.496,71.689,0,0.250,5347324,213884,168884,2284356,2612.778,1456.761,0,667.432,0,22.980,2795,2596,1.250,1.630,1.210,3,0,38.967,0,0,18,320,0,20,0
17-05 09:27:21,23.744,6.498,68.233,0.250,0,5380312,180884,168884,2284368,2431.399,1511.626,0,443.890,0,14.996,10473,18952,1.250,1.630,1.210,1,0,18.995,0,0,18,320,0,17,0
17-05 09:27:22,21.342,3.766,73.566,0,0.251,5397436,163752,168884,2284376,2916.538,2544.941,0,0,0,0,2293,1733,1.250,1.630,1.210,0,0,33.142,0,0,18,321,0,17,0
17-05 09:27:23,26.943,5.488,67.107,0,0,5397852,157640,168884,2290056,7816.388,2768.117,0,1209.430,0,24.947,3218,13018,1.230,1.620,1.200,1,1,36.922,0,0,18,320,0,18,0
17-05 09:27:24,20.210,2.994,74.352,0.499,0,5381352,174080,168884,2290116,6765.493,2856.297,0,475.052,0,28.942,2241,1937,1.230,1.620,1.200,0,0,17.964,0,0,18,321,0,18,0
17-05 09:27:25,22.462,4.991,68.882,0.499,0,5380528,169640,168964,2295236,5517.562,3295.363,0,954.368,0,20.964,7032,11867,1.230,1.620,1.200,1,0,5.990,0,0,18,320,0,12,0
17-05 09:27:26,22.537,6.761,68.864,0,0.250,5376072,173588,168996,2295696,2842.714,1460.422,0,428.711,0,10.017,7853,13484,1.230,1.620,1.200,2,0,13.022,0,0,18,320,0,12,0
17-05 09:27:27,20.993,7.248,69.976,0,0,5381412,168044,169036,2295860,3976.662,1457.510,0,87.970,0,1.000,8094,13916,1.230,1.620,1.200,1,0,14.995,0,0,18,320,0,12,0
17-05 09:27:28,22.254,4.251,71.262,0,0,5347708,213276,169036,2284428,2548.430,1458.246,0,1112.188,0,27.005,2329,1914,1.290,1.630,1.210,1,0,7.001,0,0,18,320,0,12,0
17-05 09:27:29,23.305,4.761,71.167,0,0,5343532,217444,169036,2284436,2543.965,1461.426,0,16390.429,0,267.627,2498,1734,1.290,1.630,1.210,1,0,30.071,0,0,18,320,0,11,0
17-05 09:27:30,20.950,6.485,70.583,0.249,0,5360444,194048,169036,2291068,2728.548,1496.461,0,686.377,0,15.962,3112,2826,1.290,1.630,1.210,1,0,82.804,0,0,18,320,0,11,0
17-05 09:27:31,24.319,2.006,72.707,0,0,5386084,164616,169036,2294780,2773.882,1462.155,0,1026.918,0,15.043,1895,1805,1.290,1.630,1.210,3,0,0,0,0,18,320,0,11,0
17-05 09:27:32,18.913,1.742,77.395,0,0,5386276,163616,169036,2295572,8769.783,4824.874,0,382.247,0,5.973,1987,1720,1.290,1.630,1.210,0,0,15.927,0,0,18,321,0,11,0
17-05 09:27:33,14.279,1.503,82.418,0.752,0,5404032,145724,169036,2295708,20828.416,11580.584,0,1270.588,0,42.086,1717,1635,1.270,1.620,1.210,0,0,0,0,0,18,321,0,9,0
17-05 09:27:34,9.745,1.249,87.705,0.250,0,5403204,146124,169092,2296064,45911.534,11134.309,0,1523.221,0,45.977,1590,1691,1.270,1.620,1.210,2,0,0,0,0,18,322,0,9,0
17-05 09:27:35,11.493,1.749,83.702,0.999,0,5401364,147640,169184,2296292,129935.479,13810.080,0,1195.314,0,52.970,1861,1764,1.270,1.620,1.210,0,0,0,0,0,18,322,0,9,0
17-05 09:27:36,18.271,1.502,79.341,0.250,0,5414200,134536,169272,2296456,15793.163,9336.738,0,1021.174,0,36.041,1793,1542,1.270,1.620,1.210,1,0,0,0,0,18,322,0,9,0
17-05 09:27:37,17.826,1.506,79.589,0.502,0,5419092,129244,169360,2296756,16979.286,10719.637,0,1960.346,0,215.919,1808,1480,1.270,1.620,1.210,1,0,0,0,0,18,322,0,9,0
17-05 09:27:38,9.441,1.242,86.209,0.745,0,5417376,130472,169468,2297128,312942.509,16267.982,0,1176.621,0,47.701,2172,2244,1.170,1.590,1.200,0,0,0.994,0,0,18,322,0,9,0
17-05 09:27:39,7.279,2.510,85.844,2.259,0,5413092,134196,169748,2297368,101876.348,17276.248,32.129,27458.059,5.020,253.014,2201,2499,1.170,1.590,1.200,2,0,0,0,0,18,322,0,9,0
17-05 09:27:40,15.712,1.496,80.308,0.748,0,5411092,135596,169916,2297780,33688.563,13761.143,103.752,18898.876,5.986,154.631,2234,2565,1.170,1.590,1.200,1,0,0,0,0,18,322,0,9,0
17-05 09:27:41,23.956,6.488,66.877,0.250,0,5405212,144048,169952,2295272,2086139.321,62198.936,255.531,1844.617,1.996,17.967,6027,4265,1.170,1.590,1.200,1,0,6.987,0,0,18,322,0,9,0
17-05 09:27:42,24.584,6.773,65.224,0.251,0,5416480,137908,170008,2290712,7580176.359,166263.942,622.133,4944.951,8.028,27.093,13905,10482,1.170,1.590,1.200,2,0,8.028,0,0,18,322,0,5,0
17-05 09:27:43,10.533,4.263,81.505,1.003,0,5401212,133992,170032,2309840,8898769.048,193066.012,529.657,10557.028,5.016,47.148,12914,9731,1.070,1.560,1.190,1,1,2.006,0,0,18,322,0,5,0
17-05 09:27:44,16.754,2.251,78.518,0.750,0,5390460,136192,170232,2318136,651009.638,19289.434,164.038,3444.792,4.001,70.016,2901,2357,1.070,1.560,1.190,1,0,1.000,0,0,18,322,0,5,0
17-05 09:27:45,23.375,4.973,69.380,0.995,0,5389712,125656,172840,2326552,2720.488,1450.264,0,47801.019,0,263.594,2969,2551,1.070,1.560,1.190,0,1,5.968,0,0,18,322,0,5,0
17-05 09:27:46,25.028,3.254,70.330,0.250,0,5387692,132396,173520,2321756,2661.026,1459.660,0,1093.243,0,24.027,2521,2199,1.070,1.560,1.190,3,0,1.001,0,0,18,322,0,2,0
17-05 09:27:47,26.050,3.006,69.885,0.250,0,5389756,137380,173816,2314756,5751.143,1569.040,0,404.784,0,19.037,2525,2154,1.070,1.560,1.190,2,0,3.006,0,0,18,322,0,2,0
17-05 09:27:48,26.148,3.237,67.985,0.996,0,5394340,120576,174276,2326096,2528.162,1452.349,0,3008.294,0,273.934,3087,3030,1.070,1.560,1.190,4,0,2.988,0,0,18,322,0,4,0
17-05 09:27:49,22.357,4.471,70.797,0.745,0,5396612,120424,174996,2322976,2645.089,1542.141,0,1581.887,0,53.657,2301,2000,1.070,1.560,1.190,3,0,0,0,0,18,322,0,4,0
17-05 09:27:50,23.672,2.518,71.772,0.755,0,5390092,125004,175668,2323916,4386.913,1468.684,0,2119.418,0,84.616,2621,2584,1.070,1.560,1.190,1,0,0,0,0,18,322,0,3,0
17-05 09:27:51,23.777,3.754,71.331,0.501,0,5396680,127328,176768,2314000,2675.027,1513.713,0,1313.486,0,46.052,2232,1883,1.070,1.560,1.190,1,0,0,0,0,18,322,0,3,0
17-05 09:27:52,25.236,1.749,71.710,0.250,0,5396140,144968,177192,2296428,2476.623,1457.190,0,1315.269,0,6.996,2218,1816,1.070,1.560,1.190,1,0,0,0,0,18,322,0,3,0
17-05 09:27:53,23.752,3.000,71.756,1.000,0,5398808,118408,177976,2318260,2598.220,1458.123,0,1784.151,0,74.006,2545,2439,1.060,1.550,1.190,2,0,0,0,0,18,322,0,3,0
17-05 09:27:54,23.849,3.013,71.297,0.753,0,5415388,150940,178668,2268112,2934.230,1813.559,0,2410.045,0,85.356,2454,2246,1.060,1.550,1.190,1,0,0,0,0,18,320,0,3,0
17-05 09:27:55,22.908,4.233,71.711,0,0,5376528,189784,178668,2268128,2810.674,1452.148,0,75.695,0,5.976,2378,1907,1.060,1.550,1.190,2,0,18.924,0,0,18,320,0,3,0
17-05 09:27:56,18.744,2.749,76.977,0.250,0,5396892,164584,178676,2272956,8244.500,3698.878,0,399.879,0,3.999,1970,1570,1.060,1.550,1.190,2,0,15.995,0,0,18,321,0,3,0
17-05 09:27:57,23.521,3.003,72.313,0,0.250,5419156,141024,178724,2273852,4323.781,1633.428,0,1557.362,0,21.018,2106,1732,1.060,1.550,1.190,3,0,3.003,0,0,18,320,0,3,0
17-05 09:27:58,19.036,2.505,77.397,0.250,0,5432188,125192,178768,2276384,9366.743,4473.474,0,881.670,0,147.279,2221,1814,1.060,1.540,1.190,1,0,18.034,0,0,18,321,0,3,0
17-05 09:27:59,22.948,5.986,68.096,0,0.249,5396768,156872,178996,2279240,3021.159,1736.069,0,778.238,0,12.971,9826,18250,1.060,1.540,1.190,1,0,12.971,0,0,18,320,0,3,0
17-05 09:28:00,21.992,7.747,69.224,0,0,5388948,164460,179024,2279408,2733.955,1457.443,0,86183.050,0,742.716,3308,2835,1.060,1.540,1.190,1,0,1.000,0,0,18,320,0,3,0
17-05 09:28:01,23.233,6.745,67.201,0.250,0,5393756,159424,179032,2279628,2536.162,1456.944,0,307.777,0,14.989,9099,16880,1.060,1.540,1.190,2,0,11.991,0,0,18,320,0,3,0
17-05 09:28:02,21.517,6.255,71.556,0,0,5379648,173460,179072,2279628,2479.930,1529.190,0,176.137,0,2.002,2187,1624,1.060,1.540,1.190,4,0,7.005,0,0,18,320,0,3,0
17-05 09:28:03,22.249,4.000,71.997,0.750,0,5359876,204984,179072,2268808,2477.901,1457.942,247.990,839.966,4.000,16.999,2132,1735,1.050,1.530,1.190,1,0,6.000,0,0,18,320,0,3,0
17-05 09:28:04,21.251,3.750,72.002,2.250,0,5381924,180320,179076,2271416,4098.126,1458.045,396.012,1544.048,11.000,4.000,1994,1663,1.050,1.530,1.190,2,0,0,0,0,18,320,0,3,0
17-05 09:28:05,23.256,6.252,66.768,1.250,0,5378800,182860,179080,2272032,4170.103,1458.386,292.077,103727.440,19.005,925.245,6537,8277,1.050,1.530,1.190,2,0,0,0,0,18,324,0,7,0
17-05 09:28:06,21.817,4.514,66.204,5.768,0,5337460,223464,179088,2272760,2668.236,1462.514,609.882,5260.236,30.093,434.341,5796,9253,1.050,1.530,1.190,1,0,5.015,0,0,18,322,0,8,0
17-05 09:28:07,9.719,19.936,68.778,0,0,5343152,217708,179088,2272824,2424.182,1507.139,0,598.071,0,22.926,5807,4687,1.050,1.530,1.190,2,0,384.759,0,0,18,322,0,8,0
17-05 09:28:08,14.562,7.030,69.544,7.532,0,5328012,226204,179092,2279528,2428.261,1464.187,6708.347,437.850,834.526,26.110,3819,4247,1.050,1.520,1.190,1,1,60.255,0,0,18,322,0,10,0
17-05 09:28:09,5.749,2.750,70.991,17.748,0.250,5313884,210600,179092,2309260,2477.698,1457.822,29732.373,4967.394,1205.853,469.943,3403,4770,1.050,1.520,1.190,0,1,0,0,0,18,322,0,10,0
17-05 09:28:10,8.709,3.981,73.402,12.690,0,5316980,200548,179100,2316208,3086.346,2461.314,6919.149,1003.237,1450.115,18.910,3342,4921,1.050,1.520,1.190,0,0,5.972,0,0,18,323,0,10,0
17-05 09:28:11,1.501,0.500,96.565,0,0.250,5316180,201348,179100,2316208,7373.936,3033.030,0,20.013,0,5.003,993,1389,1.050,1.520,1.190,0,0,0,0,0,18,323,0,10,0
17-05 09:28:12,30.811,6.262,61.623,0,0,5294144,223372,179100,2316220,44230.042,3852.669,0,140.279,0,7.014,2927,1968,1.050,1.520,1.190,3,0,17.034,0,0,18,318,0,13,0
17-05 09:28:13,63.365,11.271,25.046,0,0,5020668,496708,179100,2316360,2602.742,1460.661,8.015,452.825,2.004,31.057,4168,2389,1.200,1.540,1.200,4,0,12.022,0,0,18,296,0,16,0
17-05 09:28:14,86.839,13.013,0,0,0,5165540,351832,179100,2316364,2600.657,1459.491,0,0,0,0,4742,1814,1.200,1.540,1.200,5,0,1.001,0,0,18,296,0,16,0
17-05 09:28:15,85.954,10.215,0.997,2.491,0,5215492,300540,179100,2317704,2606.033,1453.001,191.342,382.683,7.973,15.945,6203,5877,1.200,1.540,1.200,5,0,1.993,0,0,18,300,0,17,0
17-05 09:28:16,86.653,12.773,0.250,0,0,5182852,332684,179100,2318216,2602.588,1460.575,0,452.798,0,47.083,6174,5188,1.200,1.540,1.200,4,0,4.007,0,0,18,300,0,17,0
17-05 09:28:17,52.131,8.980,38.163,0,0,5235768,279696,179104,2318288,2532.220,1454.679,0,19.954,0,1.995,3786,3017,1.200,1.540,1.200,3,0,2.993,0,0,18,294,0,21,0
17-05 09:28:18,46.428,6.525,46.930,0,0,5198564,316892,179104,2318292,2668.249,1463.622,0,256.987,0,20.077,3235,2190,1.270,1.550,1.200,3,0,3.012,0,0,18,285,0,24,0
17-05 09:28:19,29.785,3.971,63.542,0.248,0,5240268,274360,179104,2319120,3997.194,1447.568,0,571.879,0,46.664,3958,6846,1.270,1.550,1.200,2,1,0,0,0,18,289,0,25,0
17-05 09:28:20,29.031,5.256,62.816,2.503,0,5302208,210944,179104,2320596,43654.116,23334.651,316.334,8957.463,7.007,1130.194,5014,6734,1.270,1.550,1.200,0,0,2.002,0,0,18,289,0,29,0
17-05 09:28:21,28.221,1.249,68.679,0,0,5298076,215040,179104,2320632,89403.863,42245.463,0,107.889,0,7.992,2910,2229,1.270,1.550,1.200,1,0,0,0,0,18,289,0,29,0
17-05 09:28:22,18.090,2.512,78.388,0,0,5313172,199864,179104,2320712,52580.347,24411.873,32.159,474.349,2.010,11.055,2563,2530,1.270,1.550,1.200,3,0,0,0,0,18,293,0,29,0
17-05 09:28:23,16.479,2.747,78.151,0.250,0,5326924,186084,179104,2320912,41881.068,19567.270,0,223.717,0,27.965,3308,4640,1.170,1.530,1.190,3,0,13.982,0,0,18,297,0,29,0
17-05 09:28:24,8.237,2.496,86.867,0,0,5329152,183844,179104,2320752,3073.301,1455.774,0,179.725,0,23.963,2317,10948,1.170,1.530,1.190,1,0,21.966,0,0,18,297,0,30,0
17-05 09:28:25,2.000,1.500,95.765,0,0,5326680,186272,179104,2320796,2855.436,1458.223,0,52.008,0,6.001,1240,1682,1.170,1.530,1.190,0,0,0,0,0,18,297,0,30,0
17-05 09:28:26,1.499,0.999,96.692,0,0,5325780,187164,179104,2320804,2896.267,1457.128,0,0,0,0,938,1309,1.170,1.530,1.190,0,0,0,0,0,18,297,0,30,0
17-05 09:28:27,1.000,0.500,96.001,0.500,0,5325488,187456,179104,2320804,2718.016,1458.008,0,1072.006,0,67.000,1087,1592,1.170,1.530,1.190,0,0,0,0,0,18,297,0,29,0
17-05 09:28:28,2.001,0.500,95.792,0.500,0,5325360,187456,179104,2320932,3175.398,1512.666,0,96.042,0,12.005,1243,1830,1.070,1.500,1.190,0,0,1.000,0,0,18,297,0,29,0
17-05 09:28:29,1.499,0.749,96.415,0,0.250,5325360,187456,179104,2320932,4026.430,1510.661,0,291.741,0,20.981,902,1289,1.070,1.500,1.190,0,0,0,0,0,18,297,0,29,0
17-05 09:28:30,1.751,1.000,95.040,0,0,5325332,187456,179104,2320960,2856.197,1500.629,16.007,244.102,1.000,33.014,1380,2102,1.070,1.500,1.190,0,0,0,0,0,18,297,0,29,0
17-05 09:28:31,1.501,1.751,94.799,0.500,0,5339316,173472,179104,2320960,2479.282,1458.754,0,3785.957,0,186.096,1376,2110,1.070,1.500,1.190,0,0,0,0,0,18,297,0,29,0
17-05 09:28:32,1.249,0.500,96.708,0,0.250,5338136,174652,179104,2320960,2356.967,1457.361,0,0,0,0,947,1346,1.070,1.500,1.190,1,0,1.000,0,0,18,297,0,29,0
17-05 09:28:33,2.751,1.000,94.271,0.250,0,5336784,176000,179104,2320964,2298.507,1458.321,0,456.101,0,45.010,1381,2069,0.990,1.470,1.180,0,0,0,0,0,18,297,0,29,0
17-05 09:28:34,1.500,0.750,96.510,0.500,0,5334296,178488,179104,2320964,2298.236,1458.150,0,116.012,0,15.002,1084,1715,0.990,1.470,1.180,2,0,0,0,0,18,297,0,29,0
17-05 09:28:35,1.001,0.751,96.851,0,0,5333400,179380,179104,2320968,2391.483,1513.571,0,20.021,0,4.004,910,1341,0.990,1.470,1.180,1,0,0,0,0,18,297,0,29,0
17-05 09:28:36,1.499,0.999,95.669,0.500,0,5332664,180184,179104,2320968,2475.912,1456.772,0,7269.869,0,168.858,1191,1529,0.990,1.470,1.180,0,0,0,0,0,18,297,0,29,0
17-05 09:28:37,4.014,6.272,86.804,1.004,0,5334988,177672,179104,2321156,2245.853,1463.116,180.632,0,9.032,0,2501,2287,0.990,1.470,1.180,1,0,138.484,0,0,18,297,0,29,0
17-05 09:28:38,8.489,20.722,68.409,0,0,5335544,177256,179104,2321192,2474.691,1456.053,0,203.728,0,23.968,6551,6039,1.070,1.480,1.180,1,0,508.320,0,0,18,297,0,29,0
17-05 09:28:39,8.763,19.780,69.106,0.501,0,5349340,163424,179104,2321228,4044.194,1460.237,0,460.706,0,41.063,6536,6153,1.070,1.480,1.180,1,0,477.732,0,0,18,297,0,29,0
17-05 09:28:40,8.494,20.986,67.954,0.749,0,5334576,178096,179108,2321316,2853.077,1457.018,39.973,4189.177,2.998,537.638,7158,6668,1.070,1.480,1.180,1,0,555.626,0,0,18,297,0,29,0
17-05 09:28:41,8.998,19.745,64.983,3.749,0,5326808,185812,179112,2321364,2537.337,1457.619,23.994,299.922,1.999,15.996,6278,5409,1.070,1.480,1.180,1,0,484.873,0,0,18,297,0,29,0
17-05 09:28:42,10.961,3.986,72.243,11.210,0,5336984,143476,179232,2353856,2676.494,1560.458,58037.862,1263.512,489.262,3.986,2259,2183,1.070,1.480,1.180,2,0,30.890,0,0,18,297,0,29,0
17-05 09:28:43,20.512,3.502,72.541,2.251,0,5352152,128148,179236,2354012,5127.890,2135.203,156.088,952.537,6.003,71.040,3081,3113,1.060,1.480,1.180,0,0,26.015,0,0,18,298,0,29,0
17-05 09:28:44,1.247,0.748,95.799,0,0,5352072,128148,179236,2354092,81720.621,4484.595,0,79.833,0,12.973,1221,1793,1.060,1.480,1.180,0,0,0,0,0,18,298,0,29,0
17-05 09:28:45,2.502,2.502,93.323,0,0,5344348,135260,179236,2354704,660746.461,22199.385,0,0,0,0,1867,1855,1.060,1.480,1.180,0,0,6.005,0,0,18,298,0,29,0
17-05 09:28:46,8.016,4.760,84.169,0.251,0,5378320,128352,178964,2328336,1499750.647,44099.527,0,2456.932,0,29.058,4171,3498,1.060,1.480,1.180,3,0,3.006,0,0,18,298,0,29,0
17-05 09:28:47,4.977,1.244,91.833,0,0.249,5378592,127876,178964,2328540,210960.963,7912.032,0,19.909,0,1.991,1714,1931,1.060,1.480,1.180,0,0,1.991,0,0,18,298,0,29,0
17-05 09:28:48,6.297,1.763,90.432,0.252,0,5380056,125608,178964,2329344,861097.591,25143.492,0,245.853,0,19.144,2792,2682,0.980,1.450,1.180,4,0,2.015,0,0,18,298,0,29,0
17-05 09:28:49,6.231,2.243,88.230,0.748,0,5379644,125608,178964,2329756,409816.409,14234.493,0,2161.394,0,86.735,3082,3970,0.980,1.450,1.180,0,0,0,0,0,18,298,0,29,0
17-05 09:28:50,2.242,0.747,93.912,0.249,0,5379616,125356,178964,2330036,272880.337,7136.302,0,645.675,0,35.871,1782,2282,0.980,1.450,1.180,0,0,0,0,0,18,298,0,29,0
17-05 09:28:51,3.272,1.762,92.864,2.013,0,5380512,123844,178972,2330644,639532.387,17612.393,8.053,1626.750,2.013,64.426,2119,2052,0.980,1.450,1.180,1,0,0,0,0,18,297,0,28,0
17-05 09:28:52,12.254,5.502,71.022,9.003,0.500,5423192,127720,179432,2284460,2298.721,1458.458,4765.495,380.119,133.042,19.006,2423,2100,0.980,1.450,1.180,1,0,27.008,0,0,18,297,0,28,0
17-05 09:28:53,10.491,14.488,68.195,4.496,0,5411152,131404,179756,2292704,2563.914,1564.727,247.798,30283.366,13.989,1579.715,8789,12389,0.980,1.440,1.180,1,0,124.898,0,0,18,297,0,28,0
17-05 09:28:54,18.788,10.271,67.386,2.756,0,5412928,129112,179916,2293016,2483.010,1460.948,20.040,8773.703,2.004,755.524,5520,6666,0.980,1.440,1.180,2,0,59.119,0,0,18,297,0,28,0
17-05 09:28:55,23.751,7.500,66.503,0.750,0,5416684,124844,179932,2293496,2495.124,1458.072,12.001,1304.065,2.000,86.004,3413,2870,0.980,1.440,1.180,2,0,32.002,0,0,18,297,0,28,0
17-05 09:28:56,24.480,6.744,66.695,0.250,0.250,5408844,131952,179952,2294208,4202.545,1456.802,19.984,1115.083,2.998,62.948,3234,2632,0.980,1.440,1.180,1,0,23.980,0,0,18,297,0,28,0
17-05 09:28:57,23.949,7.234,66.607,0.998,0,5420816,118848,180112,2295164,2532.571,1454.881,0,1468.851,0,87.812,3402,2997,0.980,1.440,1.180,1,0,23.949,0,0,18,297,0,28,0
17-05 09:28:58,23.933,4.986,69.556,0,0,5413152,127672,180248,2293856,2471.100,1453.940,0,801.761,0,29.916,2824,2399,0.980,1.430,1.170,2,0,12.964,0,0,18,297,0,28,0
17-05 09:28:59,20.347,4.019,71.592,3.014,0,5402944,136588,180256,2295140,2489.900,1465.002,168.807,389.863,34.163,17.082,2749,2953,0.980,1.430,1.170,1,0,10.048,0,0,18,297,0,28,0
17-05 09:29:00,13.907,9.437,68.046,6.457,0,5424612,227408,176636,2188176,2597.685,1448.346,1354.969,5392.059,47.682,122.186,4186,5322,0.980,1.430,1.170,1,1,19.868,0,0,18,297,0,28,0
17-05 09:29:01,7.267,5.262,69.662,15.536,0,5426844,219412,176668,2193732,2423.645,1461.404,5749.391,1992.641,108.252,341.796,2504,2255,0.980,1.430,1.170,0,1,13.030,0,0,18,297,0,28,0
17-05 09:29:02,11.753,5.251,72.270,9.253,0,5440208,204280,176816,2194744,2552.713,1512.422,1004.280,36.010,25.007,3.001,2098,1781,0.980,1.430,1.170,3,0,19.005,0,0,18,297,0,28,0
17-05 09:29:03,14.502,8.751,70.509,5.001,0,5434388,204136,176828,2198024,2538.312,1458.179,768.094,2964.364,27.003,44.005,2930,2691,0.980,1.430,1.170,0,1,29.004,0,0,18,297,0,28,0
17-05 09:29:04,24.030,1.752,71.841,1.001,0,5454520,183700,176972,2198168,2661.363,1459.845,324.410,120.152,17.022,14.018,2214,1826,0.980,1.430,1.170,2,0,4.005,0,0,18,297,0,28,0
17-05 09:29:05,16.474,3.495,72.388,6.490,0,5408028,290136,176996,2138324,2878.535,1563.575,2536.067,39.938,63.901,5.991,2242,1859,0.980,1.430,1.170,0,0,14.977,0,0,18,297,0,28,0
17-05 09:29:06,1.001,0.250,96.382,0.250,0,5404644,293508,177000,2138332,2841.902,1460.004,0,448.616,0,30.041,1047,1515,0.980,1.430,1.170,1,0,0,0,0,18,297,0,28,0
17-05 09:29:07,0.999,0.749,96.130,0.499,0,5404868,293284,177012,2138320,2594.759,1456.181,0,5209.492,0,322.597,1200,1773,0.980,1.430,1.170,0,0,0,0,0,18,297,0,28,0
17-05 09:29:08,2.000,0.750,96.242,0,0.250,5400948,297224,177024,2138332,2777.780,1457.884,0,83.993,0,11.999,1246,1741,0.900,1.400,1.170,0,0,1.000,0,0,18,297,0,23,0
17-05 09:29:09,2.510,0.753,95.143,0.502,0,5394472,303688,177032,2138336,2669.018,1464.044,0,385.592,0,35.145,1318,1949,0.900,1.400,1.170,3,1,1.004,0,0,18,297,0,23,0
17-05 09:29:10,1.743,0.498,94.852,0.249,0,5391832,306328,177032,2138336,2544.317,1451.904,0,215.097,0,23.900,1270,2010,0.900,1.400,1.170,0,0,0,0,0,18,297,0,23,0
17-05 09:29:11,1.250,0.750,96.994,0,0,5389524,308636,177032,2138336,2417.849,1457.909,0,4.000,0,1.000,839,1241,0.900,1.400,1.170,0,0,0,0,0,18,297,0,23,0
17-05 09:29:12,0.750,0.250,96.733,0,0,5389524,308636,177032,2138336,2537.542,1457.737,0,23.996,0,1.000,833,1248,0.900,1.400,1.170,0,0,0,0,0,18,297,0,21,0
17-05 09:29:13,2.750,1.250,94.238,0.250,0,5385652,312424,177032,2138420,3977.505,1457.819,79.990,667.917,4.999,52.993,1549,2239,0.830,1.380,1.160,0,0,2.000,0,0,18,299,0,21,0
17-05 09:29:14,1.251,1.001,96.552,0,0.250,5384340,313732,177036,2138420,2479.329,1458.782,0,76.041,0,12.006,1077,1634,0.830,1.380,1.160,1,0,0,0,0,18,299,0,21,0
17-05 09:29:15,1.250,0.500,96.502,0.250,0.250,5383208,314860,177036,2138424,2689.043,1512.024,0,772.012,0,164.003,1035,1301,0.830,1.380,1.160,1,0,2.000,0,0,18,299,0,21,0
17-05 09:29:16,1.500,1.000,96.483,0.250,0,5383204,314860,177036,2138428,2657.522,1457.738,0,279.950,0,20.996,978,1390,0.830,1.380,1.160,0,0,0,0,0,18,299,0,14,0
17-05 09:29:17,1.003,0.752,96.568,0,0,5377136,320912,177036,2138444,2694.887,1571.181,8.026,168.556,2.007,12.040,1030,1573,0.830,1.380,1.160,1,0,0,0,0,18,299,0,14,0
17-05 09:29:18,1.745,0.748,96.202,0,0,5377132,320912,177036,2138448,2530.162,1453.497,0,115.642,0,7.975,1099,1448,0.760,1.360,1.150,0,0,0.997,0,0,18,299,0,14,0
17-05 09:29:19,1.497,0.499,96.536,0,0,5377132,320912,177036,2138448,2532.397,1454.781,0,0,0,0,974,1332,0.760,1.360,1.150,2,0,0,0,0,18,299,0,14,0
17-05 09:29:20,1.252,0.751,96.166,0,0,5377128,320912,177036,2138452,2809.842,1460.517,0,172.297,0,18.031,1208,1763,0.760,1.360,1.150,0,0,0,0,0,18,299,0,6,0
17-05 09:29:21,0.999,0.999,96.700,0.250,0,5377124,320912,177040,2138452,2610.654,1511.221,0,275.858,0,18.990,927,1363,0.760,1.360,1.150,0,0,0,0,0,18,299,0,6,0
17-05 09:29:22,1.003,0.251,97.339,0,0,5377124,320912,177040,2138452,2514.769,1571.479,0,578.015,0,120.420,948,1336,0.760,1.360,1.150,0,0,0,0,0,18,299,0,6,0
17-05 09:29:23,2.495,0.998,94.558,0.499,0,5377124,320912,177040,2138452,2532.844,1496.953,0,419.147,0,47.902,1679,2527,0.700,1.330,1.150,0,0,0,0,0,18,299,0,6,0
17-05 09:29:24,8.526,4.765,85.009,0.752,0,5364872,333140,177040,2138476,4164.683,1462.454,20.061,260.794,1.003,30.092,2609,10408,0.700,1.330,1.150,1,0,36.110,0,0,18,299,0,2,0
17-05 09:29:25,1.495,0.747,95.654,0,0,5365328,332636,177040,2138524,4114.136,1506.557,3.986,143.482,0.996,13.950,1187,1682,0.700,1.330,1.150,1,0,0,0,0,18,299,0,2,0
17-05 09:29:26,1.249,0.999,96.415,0.250,0,5365328,332636,177040,2138524,2655.654,1456.713,0,51.954,0,5.995,1108,1592,0.700,1.330,1.150,0,0,0,0,0,18,299,0,2,0
17-05 09:29:27,1.252,1.001,96.622,0.250,0,5365312,332636,177044,2138536,2481.129,1459.841,4.005,2591.268,1.001,51.064,1016,1425,0.700,1.330,1.150,0,0,0,0,0,18,299,0,2,0
17-05 09:29:28,1.247,0.748,96.769,0,0,5365776,332156,177044,2138536,4235.905,1562.277,0,0,0,0,1000,1325,0.650,1.310,1.140,0,0,0.998,0,0,18,299,0,2,0
17-05 09:29:29,1.002,0.501,96.928,0,0,5365776,332156,177044,2138536,2843.226,1460.685,0,4.007,0,1.002,907,1280,0.650,1.310,1.140,0,0,0,0,0,18,299,0,2,0
17-05 09:29:30,2.000,0.500,96.273,0.250,0,5365772,332156,177044,2138540,2797.679,1458.354,0,112.027,0,13.003,1145,1634,0.650,1.310,1.140,0,0,0,0,0,18,299,0,2,0
17-05 09:29:31,1.496,0.748,96.718,0,0,5365772,332156,177044,2138540,4399.178,1549.484,0,0,0,0,888,1277,0.650,1.310,1.140,1,0,0,0,0,18,299,0,2,0
17-05 09:29:32,1.253,1.755,95.758,0,0,5365760,332156,177048,2138548,2484.688,1461.935,4.011,62099.143,1.003,95.256,1118,1420,0.650,1.310,1.140,0,0,0,0,0,18,299,0,2,0
17-05 09:29:33,2.002,1.001,94.583,0.500,0,5365756,332156,177052,2138548,2780.445,1459.283,0,1213.067,0,176.155,1557,2223,0.590,1.290,1.140,0,0,0,0,0,18,299,0,2,0
17-05 09:29:34,1.247,2.244,94.237,0.249,0,5374672,323236,177052,2138552,4413.690,1561.644,0,99.722,0,11.967,1215,1812,0.590,1.290,1.140,0,0,0,0,0,18,299,0,2,0
17-05 09:29:35,1.004,1.254,96.591,0,0,5363456,334452,177052,2138552,2624.260,1463.163,0,48.170,0,7.025,1022,1433,0.590,1.290,1.140,1,0,5.018,0,0,18,299,0,2,0
17-05 09:29:36,14.489,3.997,70.196,9.742,0,5380216,314348,177488,2141268,5584.701,3442.350,3145.578,1155.111,555.572,26.979,2491,2745,0.590,1.290,1.140,1,0,0,0,0,18,300,0,2,0
17-05 09:29:37,19.308,3.009,74.726,2.006,0,5384972,308804,177488,2141904,27624.526,17177.939,68.206,918.778,7.021,84.255,3500,4159,0.590,1.290,1.140,1,0,0,0,0,18,304,0,2,0
17-05 09:29:38,22.222,2.497,71.160,1.748,0,5393208,300516,177496,2141960,3545.494,2323.047,51.934,299.619,3.995,24.968,2597,2465,0.630,1.290,1.130,1,0,5.992,0,0,18,305,0,3,0
17-05 09:29:39,14.701,1.495,81.976,0,0.249,5397952,295744,177496,2141988,12292.918,11062.031,15.947,87.707,0.997,8.970,2159,2071,0.630,1.290,1.130,2,0,0,0,0,18,308,0,3,0
17-05 09:29:40,19.247,4.749,74.490,0.500,0.250,5409200,284332,177496,2142152,5099.296,4149.427,15.998,387.946,1.000,48.993,2707,3023,0.630,1.290,1.130,0,0,4.999,0,0,18,310,0,4,0
17-05 09:29:41,17.746,3.249,76.482,0,0,5408344,285168,177496,2142172,11729.183,9939.613,0,447.892,0,22.994,2994,3172,0.630,1.290,1.130,1,0,6.998,0,0,18,309,0,5,0
17-05 09:29:42,15.287,3.007,80.693,0.501,0,5410084,283232,177496,2142368,11898.516,10564.319,48.115,300.721,3.007,26.062,2571,2783,0.630,1.290,1.130,1,0,6.014,0,0,18,309,0,6,0
17-05 09:29:43,13.679,3.482,80.831,0.249,0,5414928,278372,177500,2142380,13617.470,10988.088,0,2343.860,0,366.104,2808,2878,0.580,1.260,1.130,1,0,0,0,0,18,310,0,6,0
17-05 09:29:44,17.786,4.008,76.404,0.251,0,5414520,278756,177500,2142404,5579.229,4524.106,0,272.549,0,32.065,2361,2459,0.580,1.260,1.130,1,0,5.010,0,0,18,310,0,7,0
17-05 09:29:45,15.485,4.246,68.685,10.240,0.250,5393068,297288,177500,2145340,12785.818,9513.935,2917.220,139.867,41.960,14.986,2906,2754,0.580,1.260,1.130,4,0,24.976,0,0,18,309,0,8,0
17-05 09:29:46,47.579,8.514,39.816,3.005,0,5158136,532044,177500,2145612,2528.176,1406.323,280.463,0,4.007,0,3191,1491,0.580,1.260,1.130,3,0,4.007,0,0,18,301,0,10,0
17-05 09:29:47,59.800,11.009,24.020,5.004,0,5226348,463752,177500,2145700,2600.154,1459.209,72.060,12.010,11.009,2.002,3625,1545,0.580,1.260,1.130,3,0,0,0,0,18,301,0,10,0
17-05 09:29:48,67.016,14.003,17.004,1.750,0,5168028,522072,177512,2145768,2526.599,1404.333,36.009,1504.356,4.001,104.025,5067,3843,0.850,1.310,1.140,3,0,6.001,0,0,18,291,0,10,0
17-05 09:29:49,64.307,6.005,22.270,6.756,0,5214172,475092,177528,2146588,3901.467,1405.249,628.559,2197.953,32.028,99.088,4078,2595,0.850,1.310,1.140,3,2,6.005,0,0,18,291,0,13,0
17-05 09:29:50,57.283,9.756,17.010,14.258,0,5103260,579068,177528,2153684,2906.665,1498.859,6559.759,400.229,456.261,43.025,5292,5625,0.850,1.310,1.140,5,0,11.006,0,0,18,285,0,13,0
17-05 09:29:51,88.214,9.246,2.749,0,0,5224160,457380,177528,2154472,40102.517,21586.127,71.970,243.900,6.997,29.988,5903,7168,0.850,1.310,1.140,3,0,1.999,0,0,18,281,0,24,0
17-05 09:29:52,63.257,6.501,28.753,0,0,5307488,373828,177532,2154692,67865.408,32219.517,60.007,112.012,1.000,9.001,4327,2547,0.850,1.310,1.140,3,0,2.000,0,0,18,285,0,24,0
17-05 09:29:53,49.808,5.757,40.547,3.254,0,5342000,336760,177532,2157248,37230.072,17859.662,1461.691,356.412,71.082,37.043,6510,9514,0.940,1.320,1.150,2,0,0,0,0,18,291,0,24,0
17-05 09:29:54,22.712,2.995,72.130,0.250,0,5347168,330740,177532,2158100,38350.972,17668.502,0,463.227,0,49.917,4118,7645,0.940,1.320,1.150,3,0,0,0,0,18,294,0,26,0
17-05 09:29:55,12.469,1.995,82.791,0,0,5358480,319400,177532,2158128,18538.279,9807.283,0,406.974,0,20.947,3129,4232,0.940,1.320,1.150,0,0,0,0,0,18,301,0,26,0
17-05 09:29:56,10.281,0.752,88.019,0.251,0,5358468,319400,177532,2158140,30106.851,13432.982,0,148.453,0,9.028,1809,1754,0.940,1.320,1.150,0,0,0,0,0,18,299,0,26,0
17-05 09:29:57,0.749,0.749,96.929,0,0,5358464,319400,177536,2158140,2046.509,1187.135,0,123.910,0,7.994,945,1307,0.940,1.320,1.150,0,0,0,0,0,18,299,0,26,0
17-05 09:29:58,1.749,1.000,96.717,0,0,5358464,319400,177536,2158140,3860.691,1241.579,0,111.962,0,7.997,1024,1404,0.870,1.300,1.140,1,0,1.000,0,0,18,299,0,26,0
17-05 09:29:59,1.251,0.500,95.322,0.500,0,5358464,319400,177536,2158140,2183.652,1242.941,0,10876.230,0,1259.953,1567,1666,0.870,1.300,1.140,0,0,0,0,0,18,299,0,26,0
17-05 09:30:00,1.498,0.749,96.360,0,0,5358464,319400,177536,2158140,2301.645,1186.271,0,99.854,0,12.981,1146,1704,0.870,1.300,1.140,0,0,0,0,0,18,299,0,26,0
17-05 09:30:01,1.250,0.500,96.770,0.250,0,5358464,319400,177536,2158140,2288.462,1188.240,0,200.040,0,15.003,928,1368,0.870,1.300,1.140,0,0,0,0,0,18,299,0,26,0
17-05 09:30:02,1.502,0.501,97.116,0,0,5358464,319400,177536,2158140,2184.608,1243.484,0,1305.558,0,4.005,913,1307,0.870,1.300,1.140,1,0,0,0,0,18,299,0,26,0
17-05 09:30:03,1.999,0.749,95.935,0,0,5358464,319400,177536,2158140,2226.497,1187.199,0,95.935,0,8.994,1096,1444,0.800,1.280,1.140,0,0,0,0,0,18,299,0,26,0
17-05 09:30:04,0.750,0.750,96.766,0,0.250,5358460,319400,177536,2158144,2228.376,1188.201,0,0,0,0,903,1334,0.800,1.280,1.140,0,0,0,0,0,18,299,0,26,0
17-05 09:30:05,1.500,0.500,95.762,0.250,0,5358452,319400,177536,2158152,2365.304,1188.153,0,176.023,0,20.003,1224,1793,0.800,1.280,1.140,0,0,0,0,0,18,299,0,26,0
17-05 09:30:06,2.998,0.999,94.444,0.500,0,5358448,319400,177536,2158156,2240.681,1241.270,0,319.812,0,34.979,1491,2224,0.800,1.280,1.140,0,0,0,0,0,18,299,0,26,0
17-05 09:30:07,0.751,0.250,97.323,0,0,5358448,319400,177536,2158156,2169.628,1188.892,0,0,0,0,909,1313,0.800,1.280,1.140,0,0,0,0,0,18,299,0,26,0
17-05 09:30:08,1.748,0.999,95.369,0,0,5358696,319152,177536,2158156,2179.011,1240.299,0,127.825,0,13.981,1276,1804,0.730,1.260,1.130,0,0,0.999,0,0,18,299,0,26,0
17-05 09:30:09,1.251,0.500,96.323,0.250,0,5358696,319152,177536,2158156,2169.651,1188.905,0,404.308,0,29.022,935,1420,0.730,1.260,1.130,1,0,0,0,0,18,299,0,26,0
17-05 09:30:10,1.752,1.501,94.593,0.500,0,5359860,317904,177548,2158228,2501.471,1243.228,68.067,208.206,1.001,30.030,1601,2264,0.730,1.260,1.130,2,1,6.006,0,0,18,299,0,26,0
17-05 09:30:11,39.719,8.743,41.468,9.493,0,5164728,511432,177668,2159768,2581.982,1424.886,1730.647,3.997,150.882,0.999,4175,2972,0.730,1.260,1.130,2,0,66.948,0,0,18,295,0,28,0
17-05 09:30:12,22.009,5.252,72.028,0.250,0,5090192,585840,177668,2159932,2048.803,1688.662,72.028,4.002,5.002,1.000,2242,2004,0.730,1.260,1.130,3,0,7.003,0,0,18,295,0,28,0
17-05 09:30:13,23.243,3.249,71.730,0.500,0,5136832,539076,177672,2160056,2181.379,1241.647,123.965,747.787,12.996,93.973,2232,1704,0.750,1.250,1.130,2,0,0,0,0,18,295,0,28,0
17-05 09:30:14,22.752,5.001,70.507,1.250,0.250,5174576,499828,177684,2161584,2168.222,1188.122,616.063,0,28.003,0,3023,4774,0.750,1.250,1.130,1,0,17.002,0,0,18,299,0,30,0
17-05 09:30:15,23.230,4.746,70.439,0,0,5247908,426496,177692,2161576,2496.848,1240.930,0,175.848,0,11.990,2302,1957,0.750,1.250,1.130,2,0,1.998,0,0,18,299,0,30,0
17-05 09:30:16,23.529,4.505,71.337,0.250,0,5270564,403816,177696,2161596,2216.705,1275.556,0,408.498,0,47.057,2578,2501,0.750,1.250,1.130,1,0,4.005,0,0,18,299,0,30,0
17-05 09:30:17,21.913,1.992,73.958,0,0,5295324,378868,177700,2161780,3980.286,1290.904,3.984,3.984,0.996,0.996,1916,1509,0.750,1.250,1.130,1,0,0.996,0,0,18,299,0,30,0
17-05 09:30:18,1.255,0.753,97.102,0.251,0,5289968,384224,177700,2161780,2222.060,1138.128,0,68.248,0,6.022,1128,1511,0.690,1.230,1.120,1,0,1.004,0,0,18,299,0,30,0
17-05 09:30:19,1.742,0.498,96.047,0,0,5285596,388588,177708,2161780,3843.863,1236.167,0,314.516,0,21.897,948,1374,0.690,1.230,1.120,0,0,0,0,0,18,299,0,30,0
17-05 09:30:20,1.758,1.256,96.195,0.251,0,5262224,411952,177708,2161788,2436.268,1193.520,0,5304.534,0,694.211,1529,1779,0.690,1.230,1.120,0,0,0,0,0,18,299,0,30,0
17-05 09:30:21,1.245,0.249,96.364,0,0.249,5260780,413396,177708,2161788,2292.809,1326.682,0,207.170,0,14.940,981,1416,0.690,1.230,1.120,1,0,0,0,0,18,299,0,30,0
17-05 09:30:22,1.253,0.752,96.718,0,0,5259516,414660,177708,2161788,2052.619,1190.679,0,0,0,0,897,1337,0.690,1.230,1.120,0,0,0,0,0,18,299,0,30,0
17-05 09:30:23,1.753,1.002,96.157,0,0,5258424,415752,177708,2161788,2245.660,1244.027,0,88.144,0,13.021,1222,1808,0.640,1.210,1.120,0,0,0,0,0,18,299,0,30,0
17-05 09:30:24,8.756,4.253,85.813,0.250,0,5262932,411244,177708,2161788,2109.550,1328.976,0,200.147,0,15.011,2609,13209,0.640,1.210,1.120,2,0,36.026,0,0,18,299,0,31,0
17-05 09:30:25,1.994,1.246,94.468,0.249,0,5262892,411244,177708,2161828,2224.360,1130.625,7.976,175.476,1.994,24.926,1493,2167,0.640,1.210,1.120,0,0,0,0,0,18,299,0,30,0
17-05 09:30:26,1.252,0.751,95.420,0.250,0,5262880,411244,177708,2161840,2440.357,1298.318,0,168.300,0,24.043,1445,2179,0.640,1.210,1.120,0,0,0,0,0,18,299,0,30,0
17-05 09:30:27,1.251,0.750,97.057,0,0,5262880,411244,177708,2161840,2155.262,1134.664,0,108.063,0,8.005,907,1351,0.640,1.210,1.120,0,0,0,0,0,18,299,0,30,0
17-05 09:30:28,1.750,0.750,95.729,0,0,5261560,412564,177708,2161840,2195.519,1295.716,0,171.962,0,16.996,1187,1763,0.590,1.190,1.110,1,0,1.000,0,0,18,299,0,30,0
17-05 09:30:29,1.499,0.500,96.960,0.500,0,5261808,412312,177712,2161840,1973.180,1133.529,0,479.801,0,31.987,955,1423,0.590,1.190,1.110,0,0,0,0,0,18,299,0,30,0
17-05 09:30:30,2.500,0.750,94.992,0,0,5261800,412312,177712,2161848,2392.791,1295.887,0,95.992,0,11.999,1224,1732,0.590,1.190,1.110,0,0,0,0,0,18,299,0,30,0
17-05 09:30:31,1.251,0.750,96.801,0.250,0,5261800,412312,177712,2161848,3715.939,1266.661,0,208.109,0,15.008,967,1374,0.590,1.190,1.110,0,0,0,0,0,18,299,0,30,0
17-05 09:30:32,1.500,0.500,96.725,0,0,5261800,412312,177712,2161848,2033.473,1133.706,0,0,0,0,876,1305,0.590,1.190,1.110,0,0,0,0,0,18,299,0,30,0
17-05 09:30:33,2.251,0.750,95.301,0,0,5261800,412312,177712,2161848,2377.260,1296.687,0,116.062,0,12.006,1200,1748,0.540,1.170,1.100,1,0,0,0,0,18,299,0,30,0
17-05 09:30:34,1.498,0.999,95.887,0.250,0,5261796,412312,177712,2161852,2211.398,1132.667,0,2461.105,0,95.887,1085,1735,0.540,1.170,1.100,0,1,0,0,0,18,299,0,30,0
17-05 09:30:35,2.001,0.750,95.813,0.250,0,5261796,412312,177712,2161852,2454.618,1296.855,0,176.116,0,23.015,1128,1762,0.540,1.170,1.100,2,0,0,0,0,18,299,0,30,0
17-05 09:30:36,2.000,0.750,95.513,0.250,0,5261796,412312,177712,2161852,3654.510,1134.158,0,388.054,0,39.005,1377,2169,0.540,1.170,1.100,0,0,0,0,0,18,299,0,30,0
17-05 09:30:37,1.000,0.500,96.992,0,0.250,5261796,412312,177712,2161852,3815.672,1295.889,0,139.988,0,9.999,857,1317,0.540,1.170,1.100,0,0,0,0,0,18,299,0,30,0
17-05 09:30:38,1.751,1.001,95.308,0.250,0.250,5261772,412312,177728,2161860,2215.344,1274.774,0,184.112,0,25.015,1272,1951,0.500,1.150,1.100,0,0,1.001,0,0,18,299,0,30,0
17-05 09:30:39,1.249,1.000,95.711,0.250,0.250,5261640,412312,177732,2161988,2333.054,1175.523,0,583.763,0,45.981,1288,1973,0.500,1.150,1.100,1,0,0,0,0,18,299,0,30,0
17-05 09:30:40,2.249,0.999,94.951,0.500,0,5261632,412312,177736,2161992,2511.692,1295.326,0,207.892,0,26.986,1426,2208,0.500,1.150,1.100,0,0,0,0,0,18,299,0,30,0
17-05 09:30:41,1.251,0.250,96.822,0,0,5261632,412312,177736,2161992,3716.766,1224.911,0,804.599,0,178.133,999,1374,0.500,1.150,1.100,0,0,0,0,0,18,299,0,30,0
17-05 09:30:42,9.000,13.750,74.249,1.250,0,5279936,393980,177736,2162020,2375.954,1295.975,12.000,0,2.000,0,4687,4093,0.500,1.150,1.100,2,0,310.994,0,0,18,299,0,27,0
17-05 09:30:43,22.973,3.995,72.166,0.499,0,5329004,344840,177736,2162092,2211.433,1132.685,71.917,303.648,0.999,18.978,2105,1703,0.540,1.150,1.100,1,0,0,0,0,18,299,0,27,0
17-05 09:30:44,18.787,2.254,77.652,0,0,5346352,327480,177736,2162104,8215.093,7510.713,8.016,244.479,2.004,39.077,1958,1612,0.540,1.150,1.100,0,0,0,0,0,18,300,0,27,0
17-05 09:30:45,20.476,3.246,73.415,0.499,0,5346380,326976,177756,2162560,6394.603,4773.478,395.542,639.261,23.972,78.909,4783,6291,0.540,1.150,1.100,2,0,1.998,0,0,18,300,0,29,0
17-05 09:30:46,37.522,7.755,53.282,1.251,0,5349908,323264,177780,2162688,3323.972,2339.388,88.052,720.427,5.003,91.054,4757,5373,0.540,1.150,1.100,2,0,30.018,0,0,18,299,0,27,0
17-05 09:30:47,42.336,7.265,48.598,0.501,0,5442984,230044,177784,2162828,2630.315,1975.993,144.292,308.624,7.014,18.036,3119,2196,0.540,1.150,1.100,1,0,5.010,0,0,18,300,0,27,0
17-05 09:30:48,32.293,4.968,61.606,0,0,5463884,209092,177788,2162876,30958.811,28968.552,0,0,0,0,3611,3306,0.650,1.160,1.100,2,0,0.994,0,0,18,303,0,33,0
17-05 09:30:49,20.904,16.875,61.454,0,0,5478912,193940,177788,2163000,11427.432,10315.215,80.595,286.114,5.037,17.127,5687,5436,0.650,1.160,1.100,1,0,309.285,0,0,18,299,0,37,0
17-05 09:30:50,17.942,11.463,67.532,0.249,0,5459392,213392,177792,2163064,15071.368,3253.502,15.949,291.061,3.987,22.926,4682,4601,0.650,1.160,1.100,4,0,168.456,0,0,18,300,0,35,0
17-05 09:30:51,26.748,4.500,67.244,1.000,0,5469728,202032,177792,2164088,2523.771,1403.873,875.921,631.943,62.994,29.997,2748,2771,0.650,1.160,1.100,1,0,2.000,0,0,18,299,0,36,0
17-05 09:30:52,22.862,4.020,72.355,0.251,0,5507948,163728,177812,2164152,2713.325,1627.995,60.296,16.079,7.035,2.010,1996,1655,0.650,1.160,1.100,1,0,2.010,0,0,18,299,0,36,0
17-05 09:30:53,23.246,2.000,71.737,1.500,0,5523436,144856,177916,2167272,4171.237,1511.724,1323.758,679.876,141.974,15.997,2361,2287,0.680,1.160,1.100,1,0,0,0,0,18,299,0,36,0
17-05 09:30:54,23.393,2.489,70.926,1.742,0,5511548,152516,178040,2171056,2614.045,1558.871,1724.115,3456.193,168.231,176.194,2656,3289,0.680,1.160,1.100,3,0,0,0,0,18,299,0,22,0
17-05 09:30:55,23.009,4.502,71.278,0.250,0,5552956,140244,176500,2143672,4356.690,1458.566,0,412.160,0,27.010,2561,2640,0.680,1.160,1.100,2,0,3.001,0,0,18,299,0,22,0
17-05 09:30:56,24.816,4.261,68.934,0.752,0,5560672,132356,176520,2143824,2558.814,1516.037,0,806.147,0,78.208,4744,6435,0.680,1.160,1.100,2,0,1.003,0,0,18,300,0,23,0
17-05 09:30:57,24.772,3.253,69.562,0.500,0,5568404,124348,176540,2144080,2616.344,1459.307,16.014,3535.167,1.001,547.491,5331,6597,0.680,1.160,1.100,1,0,0,0,0,18,303,0,24,0
17-05 09:30:58,25.663,4.734,62.787,5.232,0,5578596,151184,175308,2108516,2571.287,1700.238,960.744,1199.934,62.787,172.416,4284,5660,0.710,1.160,1.100,4,0,1.993,0,0,18,309,0,26,0
17-05 09:30:59,27.819,3.509,64.911,1.504,0,5589852,139384,175384,2108984,11345.106,6731.677,224.556,5858.514,12.030,430.065,5350,7303,0.710,1.160,1.100,0,0,1.002,0,0,18,309,0,27,0
17-05 09:31:00,4.000,1.250,93.239,0.500,0,5587820,141400,175388,2108996,2688.685,1511.823,0,899.895,0,49.994,1644,2290,0.710,1.160,1.100,1,0,0,0,0,18,311,0,27,0
17-05 09:31:01,6.981,0.997,89.259,0.748,0.249,5589396,139748,175416,2109044,8497.060,3659.121,15.957,670.191,0.997,79.785,2295,3251,0.710,1.160,1.100,0,0,0,0,0,18,309,0,27,0
17-05 09:31:02,9.987,1.748,85.390,0.499,0,5588384,140628,175440,2109152,9852.255,5954.297,63.917,802.961,3.995,102.867,2789,3739,0.710,1.160,1.100,0,0,0,0,0,18,310,0,28,0
17-05 09:31:03,24.893,3.772,68.897,1.509,0,5586432,142152,175484,2109536,20889.248,8765.458,136.787,1299.480,11.064,175.007,5667,7768,0.730,1.150,1.100,3,0,0,0,0,18,312,0,29,0
17-05 09:31:04,25.990,4.748,65.974,1.250,0,5585936,142192,175536,2109940,5652.814,3509.643,0,4130.403,0,337.869,6840,10098,0.730,1.150,1.100,1,0,0,0,0,18,313,0,31,0
17-05 09:31:05,31.606,5.226,59.480,1.244,0,5585600,142324,175572,2110108,19329.110,9981.613,15.928,2783.344,0.995,275.746,6784,9122,0.730,1.150,1.100,0,0,0,0,0,18,312,0,33,0
17-05 09:31:06,5.019,1.506,90.344,1.255,0,5584024,143864,175600,2110116,6492.697,2889.993,0,4609.534,0,306.165,2717,4304,0.730,1.150,1.100,2,0,0,0,0,18,311,0,33,0
17-05 09:31:07,12.452,1.743,82.930,0.747,0,5583136,144584,175640,2110244,17235.485,8359.738,0,1255.156,0,119.539,2938,3923,0.730,1.150,1.100,4,0,0,0,0,18,312,0,34,0
17-05 09:31:08,23.735,4.497,67.706,1.999,0,5582008,145228,175744,2110624,11256.677,6041.070,0,3181.930,0,317.793,6762,9669,0.750,1.150,1.100,2,0,0.999,0,0,18,312,0,34,0
17-05 09:31:09,26.620,5.023,66.802,1.256,0,5575924,151128,175796,2110756,2400.841,1356.124,0,3917.691,0,326.474,6933,10297,0.750,1.150,1.100,3,0,1.005,0,0,18,312,0,34,0
17-05 09:31:10,19.411,3.982,72.916,0.995,0,5576572,150120,175900,2111012,5705.857,4053.428,15.927,1963.006,0.995,238.905,5439,8231,0.750,1.150,1.100,1,0,0,0,0,18,312,0,38,0
17-05 09:31:11,13.001,2.500,81.005,1.250,0,5576696,149868,175944,2111096,3708.210,1644.093,0,2840.161,0,243.014,3832,5426,0.750,1.150,1.100,2,0,1.000,0,0,18,311,0,40,0
17-05 09:31:12,6.282,1.759,90.464,0.754,0.251,5576608,149884,176000,2111120,6934.568,4334.230,0,11060.731,0,1064.460,2931,3907,0.750,1.150,1.100,1,0,0,0,0,18,312,0,40,0
17-05 09:31:13,14.686,2.738,79.651,0.996,0,5576804,149632,176032,2111144,8334.482,4184.665,0,919.969,0,135.407,3713,5145,0.690,1.130,1.090,1,0,0,0,0,18,311,0,40,0
17-05 09:31:14,16.774,1.753,78.113,1.502,0,5577428,148624,176032,2111528,2407.470,1406.027,148.214,0,8.012,0,2875,2892,0.690,1.130,1.090,2,0,2.003,0,0,18,313,0,36,0
17-05 09:31:15,12.271,1.753,84.142,0.501,0,5577216,148624,176052,2111720,12286.786,6310.676,0,1470.488,0,116.197,3012,4118,0.690,1.130,1.090,3,0,0,0,0,18,312,0,36,0
17-05 09:31:16,15.191,1.743,79.938,0.996,0,5578112,147616,176112,2111772,23556.131,12442.474,0,1621.675,0,174.320,3572,4739,0.690,1.130,1.090,0,0,0,0,0,18,312,0,37,0
17-05 09:31:17,13.997,1.750,81.232,1.250,0,5578300,147364,176132,2111816,29642.395,13643.960,0,1439.679,0,148.967,3258,4172,0.690,1.130,1.090,3,0,0,0,0,18,312,0,37,0
17-05 09:31:18,19.368,3.270,74.955,0.503,0,5578240,147364,176140,2111868,16328.210,8343.696,0,1328.069,0,131.801,4850,6516,0.720,1.130,1.090,3,0,1.006,0,0,18,312,0,37,0
17-05 09:31:19,25.117,4.228,66.398,1.243,0,5578648,146608,176196,2112160,2184.422,1289.167,0,3931.164,0,383.965,7028,10486,0.720,1.130,1.090,4,0,0,0,0,18,312,0,38,0
17-05 09:31:20,25.750,4.750,66.501,1.250,0,5579340,145604,176244,2112444,2481.034,1404.019,0,3292.046,0,328.005,7137,9939,0.720,1.130,1.090,1,0,0,0,0,18,312,0,39,0
17-05 09:31:21,25.282,5.006,66.585,1.752,0,5579336,145352,176376,2112568,2513.195,1351.718,0,6636.437,0,517.658,7132,11093,0.720,1.130,1.090,1,0,0,0,0,18,312,0,40,0
17-05 09:31:22,24.598,4.016,68.773,0.753,0,5580332,144092,176408,2112800,2473.810,1409.590,0,1662.593,0,147.585,6498,9288,0.720,1.130,1.090,0,0,1.004,0,0,18,313,0,41,0
17-05 09:31:23,3.482,1.243,93.509,0.497,0,5580564,143840,176412,2112816,2244.208,1289.226,0,338.223,0,29.843,1728,2373,0.820,1.140,1.100,0,0,0.995,0,0,18,314,0,41,0
17-05 09:31:24,10.748,4.749,81.983,0.250,0,5595228,163320,175064,2080980,4097.170,1457.705,47.990,175.964,2.000,9.998,2801,7315,0.820,1.140,1.100,0,0,35.993,0,0,18,314,0,42,0
17-05 09:31:25,12.020,3.005,81.387,1.503,0,5593284,165120,175100,2081088,2799.729,1460.467,4.007,5681.596,1.002,123.208,4057,5734,0.820,1.140,1.100,1,0,0,0,0,18,315,0,42,0
17-05 09:31:26,26.219,4.994,63.674,1.998,0,5593164,164896,175172,2081360,2594.891,1456.255,0,3499.807,0,395.526,7367,11101,0.820,1.140,1.100,2,0,0,0,0,18,314,0,43,0
17-05 09:31:27,24.573,4.012,67.951,1.504,0,5593752,164140,175200,2081500,2304.831,1462.334,0,1829.422,0,179.532,6432,9609,0.820,1.140,1.100,3,0,1.003,0,0,18,314,0,43,0
17-05 09:31:28,26.896,5.230,64.501,0.996,0,5591376,166032,175220,2081964,2424.631,1506.180,223.138,6996.964,13.946,868.644,6471,8361,0.840,1.140,1.090,3,0,0.996,0,0,18,314,0,44,0
17-05 09:31:29,16.509,3.252,75.794,2.001,0.250,5591692,165584,175252,2082064,6482.729,4207.420,0,7756.462,0,560.322,4484,7231,0.840,1.140,1.090,2,0,0,0,0,18,313,0,47,0
17-05 09:31:30,11.991,1.749,83.185,1.249,0,5592440,164576,175276,2082300,6861.602,4103.772,63.950,1690.670,3.997,185.854,3124,4431,0.840,1.140,1.090,0,0,0,0,0,18,313,0,48,0
17-05 09:31:31,8.247,1.500,88.471,0.250,0,5592384,164576,175284,2082348,2357.217,1457.516,0,683.773,0,66.978,2258,3029,0.840,1.140,1.090,1,0,0,0,0,18,314,0,48,0
17-05 09:31:32,14.524,2.755,79.882,0.751,0,5595088,161804,175300,2082400,6620.972,4027.675,0,833.381,0,100.166,3504,4729,0.840,1.140,1.090,0,0,0,0,0,18,313,0,51,0
17-05 09:31:33,6.027,0.753,92.163,0.251,0,5595068,161804,175304,2082416,2368.608,1464.559,0,429.925,0,23.103,1697,2095,0.770,1.120,1.090,1,0,0,0,0,18,313,0,54,0
17-05 09:31:34,15.726,1.248,79.626,0.749,0,5594956,161804,175336,2082496,27606.163,12695.300,15.975,1329.936,0.998,171.734,3347,4631,0.770,1.120,1.090,0,0,0,0,0,18,313,0,55,0
17-05 09:31:35,10.718,1.994,84.501,0.997,0,5594956,161552,175400,2082684,6777.017,3658.213,0,1742.861,0,159.530,3274,4624,0.770,1.120,1.090,0,0,0,0,0,18,313,0,57,0
17-05 09:31:36,15.725,1.997,80.121,0.998,0,5594820,161552,175476,2082744,11372.744,5688.868,0,1593.442,0,186.700,3457,4743,0.770,1.120,1.090,0,0,0,0,0,18,316,0,59,0
17-05 09:31:37,17.766,2.002,77.068,1.251,0,5595620,160544,175536,2082892,19375.143,8674.675,16.014,1549.371,1.001,173.153,3894,5002,0.770,1.120,1.090,0,0,0,0,0,18,315,0,59,0
17-05 09:31:38,3.514,1.757,91.617,1.004,0.251,5595552,160544,175596,2082900,4415.703,1463.869,0,6349.456,0,413.658,2554,4058,0.710,1.100,1.080,2,0,1.004,0,0,18,316,0,59,0
17-05 09:31:39,13.641,2.976,80.107,0.992,0.248,5595944,160040,175620,2082988,6963.108,4170.524,0,1313.457,0,179.559,3820,5671,0.710,1.100,1.080,0,0,0,0,0,18,315,0,62,0
17-05 09:31:40,15.504,2.751,78.273,1.250,0,5596028,159788,175640,2083136,7158.068,4205.215,0,1316.380,0,165.048,4139,5802,0.710,1.100,1.080,1,0,0,0,0,18,315,0,66,0
17-05 09:31:41,7.271,1.254,89.757,0.501,0.251,5596000,159788,175640,2083164,2364.768,1462.185,0,573.642,0,54.155,2063,2733,0.710,1.100,1.080,0,0,0,0,0,18,315,0,67,0
17-05 09:31:42,5.280,1.760,91.763,0.251,0,5596216,159536,175648,2083192,2552.270,1466.198,0,575.216,0,52.292,1761,2418,0.710,1.100,1.080,0,0,0,0,0,18,315,0,67,0
17-05 09:31:43,2.488,0.498,94.560,0,0,5596332,159284,175648,2083328,2526.232,1451.240,0,314.535,0,15.926,1171,1566,0.650,1.080,1.080,1,0,0,0,0,18,316,0,67,0
17-05 09:31:44,4.748,0.500,92.957,0.500,0,5596312,159284,175656,2083340,2536.826,1457.326,0,535.752,0,51.976,1528,2190,0.650,1.080,1.080,0,0,0,0,0,18,315,0,67,0
17-05 09:31:45,7.997,1.749,88.214,0.500,0,5596400,159032,175656,2083504,5549.707,3443.577,0,707.708,0,74.969,2288,3119,0.650,1.080,1.080,0,0,0,0,0,18,316,0,68,0
17-05 09:31:46,20.262,2.752,74.295,1.001,0,5597576,157776,175676,2083564,27670.850,13859.439,0,1428.870,0,197.120,4146,5432,0.650,1.080,1.080,1,0,6.004,0,0,18,315,0,71,0
17-05 09:31:47,12.760,2.252,83.818,0.250,0,5597496,157776,175680,2083640,9678.879,5764.692,0,868.707,0,71.058,2748,3460,0.650,1.080,1.080,0,0,0,0,0,18,316,0,70,0
17-05 09:31:48,9.497,1.749,85.225,1.000,0,5591940,163104,175724,2083824,3721.920,1631.527,0,6682.062,0,849.754,3796,4906,0.600,1.070,1.070,2,0,1.000,0,0,18,316,0,74,0
17-05 09:31:49,13.765,3.003,79.840,2.002,0,5592020,162880,175796,2083896,15596.521,8007.996,0,7184.071,0,539.606,4355,6826,0.600,1.070,1.070,0,0,0,0,0,18,316,0,75,0
17-05 09:31:50,21.418,3.736,71.227,0.996,0,5598360,156356,175808,2084068,19331.038,8578.179,0,1745.322,0,201.230,4842,6410,0.600,1.070,1.070,0,0,3.985,0,0,18,317,0,76,0
17-05 09:31:51,16.291,3.008,77.695,0.752,0,5600116,154340,175832,2084312,5729.384,4111.322,16.040,1692.249,1.003,161.405,3735,5231,0.600,1.070,1.070,0,0,3.008,0,0,18,318,0,68,0
17-05 09:31:52,8.503,1.501,87.532,0.750,0,5600328,154088,175844,2084340,3843.401,1632.595,0,904.330,0,102.037,2617,3616,0.600,1.070,1.070,2,0,1.000,0,0,18,318,0,69,0
17-05 09:31:53,8.745,1.249,86.955,0.750,0,5603804,150560,175856,2084380,7086.316,4104.866,0,1231.360,0,135.929,2632,3921,0.550,1.050,1.060,0,0,0,0,0,18,317,0,69,0
17-05 09:31:54,14.235,1.998,81.163,0.499,0,5604736,149552,175868,2084444,6772.699,3665.049,0,911.018,0,114.876,3431,4584,0.550,1.050,1.060,0,0,0,0,0,18,317,0,72,0
17-05 09:31:55,14.514,2.252,80.328,1.251,0,5606516,147536,175900,2084648,9983.670,5661.484,0,1765.710,0,191.185,3955,5626,0.550,1.050,1.060,0,0,0,0,0,18,318,0,74,0
17-05 09:31:56,15.053,2.509,80.034,1.004,0,5606652,147284,175920,2084744,19157.923,8547.304,0,1505.337,0,135.480,3930,5377,0.550,1.050,1.060,2,1,0,0,0,18,318,0,74,0
17-05 09:31:57,26.909,4.983,63.286,2.492,0,5606380,147284,176004,2084932,2589.228,1453.077,31.892,9384.208,0.997,738.498,8326,13134,0.550,1.050,1.060,2,0,0.997,0,0,18,318,0,75,0
17-05 09:31:58,25.012,4.502,67.532,1.000,0,5607324,146024,176024,2085228,2659.274,1458.699,32.015,2109.011,1.000,197.094,6396,9136,0.590,1.050,1.060,1,0,2.001,0,0,18,318,0,75,0
17-05 09:31:59,21.983,3.747,71.444,0.749,0,5606352,146728,176048,2085472,2595.956,1456.853,0,6063.225,0,797.372,6640,8799,0.590,1.050,1.060,0,0,0,0,0,18,317,0,75,0
17-05 09:32:00,5.747,1.499,89.452,1.249,0,5606300,146728,176060,2085512,3681.009,1457.212,15.991,1575.148,0.999,142.923,2322,3360,0.590,1.050,1.060,4,0,0,0,0,18,318,0,72,0
17-05 09:32:01,10.755,1.751,84.542,0.750,0,5606188,146728,176088,2085596,7386.659,4317.139,0,1536.761,0,164.081,3033,4613,0.590,1.050,1.060,2,0,0,0,0,18,317,0,75,0
17-05 09:32:02,9.995,1.749,85.205,0.999,0,5606348,146476,176152,2085640,8573.521,4127.844,0,1731.096,0,173.909,3150,4446,0.590,1.050,1.060,0,0,0,0,0,18,317,0,76,0
17-05 09:32:03,16.747,2.499,77.484,1.250,0,5606316,146224,176192,2085884,6778.598,3668.241,0,1731.642,0,192.960,4407,5869,0.620,1.050,1.060,0,0,0,0,0,18,317,0,77,0
17-05 09:32:04,10.003,2.251,84.278,1.500,0.250,5605888,146584,176232,2085912,17569.797,8460.792,0,9046.985,0,754.249,3158,4203,0.620,1.050,1.060,3,0,0,0,0,18,319,0,77,0
17-05 09:32:05,12.748,1.500,82.736,1.000,0.250,5606892,145324,176252,2086132,14734.562,7906.692,31.995,1327.780,1.000,170.972,3299,4522,0.620,1.050,1.060,1,0,0,0,0,18,318,0,79,0
17-05 09:32:06,28.388,4.522,64.313,1.507,0.251,5607444,144572,176308,2086276,19303.941,8558.650,0,2106.250,0,255.242,6903,9833,0.620,1.050,1.060,1,0,0,0,0,18,318,0,80,0
17-05 09:32:07,25.400,4.731,65.991,1.494,0,5607632,144068,176368,2086532,2408.547,1452.300,0,3737.332,0,380.507,7124,10687,0.620,1.050,1.060,2,0,0,0,0,18,318,0,81,0
17-05 09:32:08,24.091,4.517,68.508,0.753,0,5608760,142808,176392,2086640,2547.608,1463.520,0,1658.254,0,160.606,6614,9043,0.650,1.040,1.060,2,0,1.004,0,0,18,317,0,76,0
17-05 09:32:09,23.861,4.474,66.861,2.237,0,5609024,142304,176440,2086832,2656.536,1503.249,0,2330.434,0,253.524,6602,9675,0.650,1.040,1.060,2,0,0,0,0,18,318,0,78,0
17-05 09:32:10,27.326,5.766,62.423,2.256,0,5609256,141548,176596,2087200,4186.602,1462.052,0,9285.732,0,796.206,8696,14141,0.650,1.040,1.060,3,0,0,0,0,18,318,0,79,0
17-05 09:32:11,24.539,4.257,67.859,1.002,0,5610356,140288,176620,2087336,2722.371,1460.345,4.006,3185.114,1.002,224.360,6841,9693,0.650,1.040,1.060,2,0,0,0,0,18,318,0,82,0
17-05 09:32:12,24.517,5.254,67.297,1.501,0,5610308,140036,176652,2087604,2599.813,1459.018,0,2565.790,0,221.154,6870,9746,0.650,1.040,1.060,1,1,0,0,0,18,318,0,79,0
17-05 09:32:13,25.944,4.740,63.862,2.245,0,5610572,139532,176732,2087764,2712.142,1454.858,0,3707.991,0,465.993,7807,12104,0.680,1.040,1.060,2,0,0,0,0,18,318,0,79,0
17-05 09:32:14,24.483,3.997,68.202,0.749,0,5610556,139280,176748,2088016,2656.127,1456.973,0,1670.822,0,140.901,6235,8777,0.680,1.040,1.060,3,0,1.999,0,0,18,318,0,80,0
17-05 09:32:15,15.490,3.748,77.702,1.499,0,5611408,138272,176824,2088096,2613.393,1457.104,0,7971.100,0,524.677,5407,8430,0.680,1.040,1.060,0,0,0,0,0,18,317,0,80,0
17-05 09:32:16,7.500,1.250,89.004,0.750,0,5611240,138272,176868,2088220,2672.121,1512.069,0,1068.048,0,114.005,2544,3916,0.680,1.040,1.060,0,0,0,0,0,18,317,0,77,0
17-05 09:32:17,8.536,2.259,86.864,0.753,0,5611640,137768,176920,2088272,2367.928,1464.139,0,1088.564,0,122.514,2651,3827,0.680,1.040,1.060,2,0,0,0,0,18,318,0,79,0
17-05 09:32:18,6.722,1.494,89.632,0.498,0.249,5611836,137516,176940,2088308,6691.533,4179.843,0,916.239,0,91.624,2349,3368,0.620,1.030,1.060,0,0,0.996,0,0,18,317,0,80,0
17-05 09:32:19,18.764,2.502,75.304,1.001,0,5612176,137040,176976,2088408,9603.928,5660.083,0,7473.391,0,968.699,4616,5456,0.620,1.030,1.060,0,0,0,0,0,18,318,0,85,0
17-05 09:32:20,13.941,1.992,82.403,0.498,0,5612128,137040,176988,2088444,24298.767,10525.715,0,864.363,0,91.615,2944,3623,0.620,1.030,1.060,2,0,0,0,0,18,317,0,84,0
17-05 09:32:21,15.816,2.008,80.840,0.502,0,5612220,136788,176992,2088600,16797.621,8486.680,0,1116.695,0,117.494,3192,3619,0.620,1.030,1.060,1,0,0,0,0,18,318,0,84,0
17-05 09:32:22,4.497,1.249,91.183,0.500,0,5612392,136536,177040,2088632,2476.175,1456.926,0,1131.166,0,96.929,1968,3156,0.620,1.030,1.060,0,0,0,0,0,18,317,0,84,0
17-05 09:32:23,15.741,2.748,78.456,1.499,0,5612480,136032,177108,2088980,6775.183,4194.637,0,1739.020,0,220.876,4069,5843,0.650,1.030,1.060,1,0,0,0,0,18,317,0,87,0
17-05 09:32:24,14.068,3.768,80.139,0.754,0,5613372,135024,177148,2089056,5682.557,4041.599,0,1587.699,0,150.731,3416,4710,0.650,1.030,1.060,4,0,10.049,0,0,18,318,0,90,0
17-05 09:32:25,14.685,5.227,77.157,0.996,0,5626936,147936,175896,2065052,4080.839,1624.769,0,1576.982,0,162.278,4005,15245,0.650,1.030,1.060,0,0,25.885,0,0,18,317,0,93,0
17-05 09:32:26,3.241,1.496,92.507,0.499,0,5626896,147964,175900,2065060,2770.723,1454.181,0,1352.448,0,73.806,1857,2687,0.650,1.030,1.060,2,0,0,0,0,18,317,0,93,0
17-05 09:32:27,7.273,1.505,90.541,0.502,0,5626848,147964,175908,2065100,2574.280,1571.053,0,846.723,0,77.248,2091,2939,0.650,1.030,1.060,0,0,0,0,0,18,317,0,94,0
17-05 09:32:28,14.232,2.247,79.899,1.248,0,5626740,147964,175960,2065156,9764.617,5698.773,0,5848.583,0,368.533,3889,5526,0.680,1.020,1.060,0,0,0.999,0,0,18,318,0,95,0
17-05 09:32:29,19.339,3.265,74.091,1.256,0,5626732,147712,176024,2065352,9356.034,4017.479,0,2234.277,0,286.317,5814,8406,0.680,1.020,1.060,2,0,0,0,0,18,320,0,96,0
17-05 09:32:30,32.159,5.734,58.584,2.244,0,5626476,147236,176084,2066024,16766.404,8113.966,0,3729.413,0,454.709,7441,11646,0.680,1.020,1.060,1,0,0,0,0,18,318,0,97,0
17-05 09:32:31,24.962,4.493,67.147,0.998,0,5626800,146480,176136,2066404,4151.653,1455.775,0,2280.514,0,208.681,6601,9544,0.680,1.020,1.060,1,0,0,0,0,18,318,0,97,0
17-05 09:32:32,17.009,3.252,76.541,1.001,0,5626644,146480,176196,2066500,3980.143,1458.785,0,1804.972,0,183.099,5221,7747,0.680,1.020,1.060,0,0,0,0,0,18,317,0,90,0
17-05 09:32:33,12.068,2.514,83.220,1.006,0,5626628,146228,176260,2066704,2747.514,1520.586,0,1999.289,0,199.124,3304,4750,0.630,1.010,1.050,1,0,0,0,0,18,317,0,94,0
17-05 09:32:34,5.220,1.491,89.726,0.746,0,5626556,146228,176312,2066724,8588.844,4174.622,0,5722.582,0,360.893,2529,4065,0.630,1.010,1.050,2,0,0,0,0,18,318,0,94,0
17-05 09:32:35,16.022,2.754,78.610,1.001,0,5626696,145976,176336,2066812,7191.062,4176.845,0,1313.838,0,141.198,4000,5603,0.630,1.010,1.050,1,0,0,0,0,18,318,0,100,0
17-05 09:32:36,6.500,1.250,89.245,0.500,0.250,5626660,145976,176364,2066820,12576.309,6088.666,0,555.969,0,73.996,2232,3139,0.630,1.010,1.050,1,0,0,0,0,18,318,0,92,0
17-05 09:32:37,9.738,1.748,86.395,0.250,0,5626736,145724,176372,2066988,5588.197,3532.699,0,339.587,0,34.957,2420,3062,0.630,1.010,1.050,0,0,0,0,0,18,318,0,97,0
17-05 09:32:38,8.749,1.250,87.735,1.250,0,5626664,145724,176388,2067044,6712.889,3618.401,15.997,1407.767,1.000,171.972,2689,3986,0.580,0.990,1.040,0,0,1.000,0,0,18,318,0,98,0
17-05 09:32:39,19.583,2.511,76.573,0.251,0,5628256,143960,176396,2067208,33444.270,15395.029,245.035,3771.933,5.021,212.899,3422,3850,0.580,0.990,1.040,1,1,0,0,0,18,319,0,101,0
17-05 09:32:40,4.480,1.244,91.594,0.498,0,5628104,143960,176396,2067360,5453.816,3405.897,0,3815.083,0,702.883,2062,2646,0.580,0.990,1.040,0,0,0,0,0,18,319,0,102,0
17-05 09:32:41,18.292,2.506,75.926,1.253,0,5627984,143960,176408,2067468,21758.422,10702.802,0,1828.237,0,234.544,4251,6406,0.580,0.990,1.040,3,0,0,0,0,18,319,0,95,0
17-05 09:32:42,25.988,4.498,64.720,1.999,0,5627712,143960,176436,2067712,4136.057,1697.203,0,3450.379,0,401.811,7405,11373,0.580,0.990,1.040,4,0,0,0,0,18,318,0,96,0
17-05 09:32:43,24.900,4.482,65.984,1.992,0,5627536,143960,176468,2067856,2946.133,1452.151,0,8226.862,0,516.918,7289,10979,0.610,0.990,1.040,1,0,0,0,0,18,318,0,97,0
17-05 09:32:44,22.782,4.757,69.097,1.252,0.250,5627792,143456,176480,2068092,2541.561,1460.046,0,1462.049,0,175.246,6450,9156,0.610,0.990,1.040,2,0,0,0,0,18,317,0,98,0
17-05 09:32:45,5.786,1.006,90.561,0.503,0,5627752,143456,176500,2068112,5707.326,3466.456,0,1726.687,0,96.598,2167,2841,0.610,0.990,1.040,1,0,0,0,0,18,319,0,97,0
17-05 09:32:46,22.116,2.982,72.064,0.745,0,5628020,142956,176532,2068312,36963.312,17326.149,0,1383.627,0,133.194,4292,5438,0.610,0.990,1.040,0,0,5.964,0,0,18,318,0,99,0
17-05 09:32:47,19.296,4.010,74.429,1.002,0,5627836,142956,176604,2068424,4222.134,1756.215,0,1988.773,0,213.512,5516,8013,0.610,0.990,1.040,4,0,0,0,0,18,318,0,99,0
17-05 09:32:48,26.428,4.488,64.326,1.745,0,5627628,142956,176660,2068576,2471.301,1454.058,0,4798.991,0,503.635,7681,12092,0.640,0.990,1.040,1,0,0.997,0,0,18,318,0,99,0
17-05 09:32:49,24.641,4.526,67.888,1.760,0,5628360,141948,176692,2068820,2492.230,1466.372,0,7221.230,0,503.877,6938,10125,0.640,0.990,1.040,3,0,0,0,0,18,318,0,88,0
17-05 09:32:50,24.897,4.481,67.471,0.747,0,5628836,141192,176704,2069088,5951.368,4127.915,0,1844.366,0,211.126,6002,8682,0.640,0.990,1.040,0,0,0,0,0,18,318,0,91,0
17-05 09:32:51,8.271,2.506,87.224,0.501,0,5631540,138444,176708,2069128,3912.050,1636.203,0,1203.091,0,89.229,2583,3495,0.640,0.990,1.040,1,0,3.008,0,0,18,318,0,91,0
17-05 09:32:52,12.958,3.239,80.487,0.997,0.498,5632212,137688,176708,2069216,6816.737,4210.250,0,1762.245,0,223.271,3779,5466,0.640,0.990,1.040,0,0,1.993,0,0,18,317,0,96,0
17-05 09:32:53,17.783,4.007,75.390,1.753,0,5633928,128376,176728,2076776,7032.039,4230.845,0,2548.726,0,246.457,4488,6348,0.750,1.010,1.050,1,0,3.006,0,0,18,317,0,89,0
17-05 09:32:54,10.750,4.500,81.251,0.750,0,5631328,130948,176736,2076796,2478.039,1458.023,0,7080.112,0,896.014,3630,4266,0.750,1.010,1.050,4,0,0,0,0,18,318,0,90,0
17-05 09:32:55,7.241,1.248,89.142,0.250,0,5631420,130696,176736,2076956,6967.551,4217.885,0,1170.581,0,114.861,2484,3583,0.750,1.010,1.050,2,0,0,0,0,18,317,0,90,0
17-05 09:32:56,22.281,2.504,73.103,1.252,0,5631300,130696,176736,2077076,13687.286,6044.517,0,1458.054,0,151.213,4267,5075,0.750,1.010,1.050,1,0,0,0,0,18,318,0,91,0
17-05 09:32:57,14.744,2.249,79.969,0.750,0,5631356,130444,176744,2077264,21257.834,10344.026,0,1855.287,0,133.949,3320,4158,0.750,1.010,1.050,1,0,0,0,0,18,317,0,87,0
17-05 09:32:58,12.782,2.005,81.955,1.504,0,5632552,129188,176764,2077304,22227.558,10530.321,0,5830.574,0,385.965,3537,5022,0.690,0.990,1.040,0,1,1.003,0,0,18,318,0,87,0
17-05 09:32:59,13.445,1.494,82.411,0.249,0,5632632,128936,176768,2077472,26161.268,12728.584,0,1143.292,0,107.557,2869,3796,0.690,0.990,1.040,0,0,0,0,0,18,317,0,87,0
17-05 09:33:00,14.546,2.006,81.006,1.254,0.251,5632552,128936,176788,2077532,17160.155,7912.972,0,1344.242,0,150.475,3579,4803,0.690,0.990,1.040,1,0,0,0,0,18,318,0,89,0
17-05 09:33:01,21.812,3.259,71.956,0.752,0,5632740,128684,176792,2077592,13679.155,6303.042,0,1568.490,0,190.545,5475,7644,0.690,0.990,1.040,1,0,0,0,0,18,318,0,85,0
17-05 09:33:02,25.219,4.245,65.420,2.747,0,5632664,128432,176844,2077868,2355.136,1456.229,0,3395.870,0,413.497,7547,11460,0.690,0.990,1.040,1,0,0.999,0,0,18,318,0,87,0
17-05 09:33:03,24.684,4.488,69.066,0.748,0,5632656,128180,176844,2078128,2531.272,1454.135,0,2202.146,0,157.581,6529,9248,0.710,0.990,1.040,1,0,0,0,0,18,318,0,89,0
17-05 09:33:04,29.467,3.496,62.429,1.748,0,5632980,127424,176864,2078540,19042.362,8242.634,95.891,2672.963,4.994,268.695,6839,9525,0.710,0.990,1.040,2,0,0,0,0,18,319,0,92,0
17-05 09:33:05,25.577,5.517,65.697,1.755,0,5633120,126932,176896,2078844,7099.302,3721.166,0,14463.399,0,484.454,7462,10868,0.710,0.990,1.040,2,0,0,0,0,18,318,0,86,0
17-05 09:33:06,25.035,4.256,65.841,2.003,0,5632796,126932,176976,2079088,2541.504,1460.013,0,3388.672,0,396.547,7480,11232,0.710,0.990,1.040,1,0,0,0,0,18,318,0,86,0
17-05 09:33:07,23.394,5.226,67.197,0.996,0,5632936,126428,177076,2079352,2361.349,1505.211,0,2584.344,0,204.080,6799,9696,0.710,0.990,1.040,3,1,0,0,0,18,318,0,88,0
17-05 09:33:08,15.723,3.494,77.120,1.248,0,5633488,125672,177192,2079440,6707.678,4176.949,0,2483.807,0,233.606,4837,7010,0.740,0.990,1.040,1,0,0.998,0,0,18,317,0,89,0
17-05 09:33:09,9.504,1.751,85.539,1.000,0,5633552,125420,177276,2079544,6913.188,4122.901,0,1804.832,0,194.090,3222,4575,0.740,0.990,1.040,0,0,1.000,0,0,18,317,0,86,0
17-05 09:33:10,12.044,2.007,83.052,1.004,0,5633604,125168,177320,2079700,2759.017,1603.823,0,1826.632,0,173.630,3582,4906,0.740,0.990,1.040,1,0,0,0,0,18,318,0,87,0
17-05 09:33:11,5.477,1.743,89.130,1.494,0,5633772,124916,177392,2079712,6867.521,3965.555,0,6190.329,0,413.286,2763,4433,0.740,0.990,1.040,1,0,0,0,0,18,317,0,88,0
17-05 09:33:12,8.761,1.752,87.606,0.501,0,5634088,124412,177408,2079884,6788.192,3673.433,0,1601.933,0,130.157,2735,3862,0.740,0.990,1.040,0,0,0,0,0,18,317,0,88,0
17-05 09:33:13,9.504,1.751,85.783,0.750,0,5633980,124412,177476,2079924,8766.343,4123.572,0,1152.439,0,126.048,3218,4456,0.680,0.980,1.040,0,0,0,0,0,18,317,0,81,0
17-05 09:33:14,9.745,1.999,86.455,0.500,0,5633860,124412,177516,2080004,6956.383,3667.093,0,923.520,0,89.953,2624,3601,0.680,0.980,1.040,0,0,1.999,0,0,18,317,0,81,0
17-05 09:33:15,10.497,1.500,84.728,1.000,0,5633736,124412,177572,2080072,7193.108,4228.888,0,1287.661,0,157.958,3159,4563,0.680,0.980,1.040,0,0,0,0,0,18,317,0,82,0
17-05 09:33:16,7.036,1.759,89.206,0.503,0,5633788,124160,177608,2080236,4193.441,1606.212,0,836.276,0,79.406,2494,3541,0.680,0.980,1.040,1,0,0,0,0,18,318,0,82,0
17-05 09:33:17,4.709,0.991,92.196,0.496,0,5634032,123908,177612,2080240,6529.092,3567.902,0,1046.875,0,93.188,1834,2751,0.680,0.980,1.040,2,0,0,0,0,18,318,0,81,0
17-05 09:33:18,10.031,1.505,85.766,1.003,0,5634148,123656,177656,2080332,6931.508,4134.830,4.012,1516.706,1.003,177.551,3236,4688,0.620,0.960,1.030,0,0,1.003,0,0,18,317,0,81,0
17-05 09:33:19,8.509,2.252,87.088,0.501,0,5634144,123656,177680,2080312,6606.653,3672.699,0,1121.129,0,112.113,2730,3830,0.620,0.960,1.030,0,0,0,0,0,18,317,0,81,0
17-05 09:33:20,15.321,2.260,79.366,1.507,0,5634320,123152,177720,2080600,8395.740,3686.008,0,1514.991,0,166.770,3965,5210,0.620,0.960,1.030,2,0,0,0,0,18,317,0,83,0
17-05 09:33:21,6.730,1.496,87.987,0.748,0,5634232,123152,177764,2080644,2604.211,1593.235,0,5280.208,0,345.965,2711,4195,0.620,0.960,1.030,1,0,0,0,0,18,318,0,75,0
17-05 09:33:22,10.274,1.503,85.699,1.002,0,5634160,123152,177792,2080688,26255.869,12604.220,0,866.008,0,89.207,2631,3430,0.620,0.960,1.030,1,0,0,0,0,18,318,0,75,0
17-05 09:33:23,24.420,4.984,66.282,1.744,0,5634128,122900,177828,2080936,2589.488,1453.223,0,2571.547,0,340.879,7392,10912,0.810,0.990,1.040,2,1,0,0,0,18,318,0,75,0
17-05 09:33:24,25.458,4.742,66.391,1.498,0,5634476,122396,177852,2081068,2294.234,1455.611,0,2963.136,0,296.513,7042,10269,0.810,0.990,1.040,1,0,0,0,0,18,318,0,75,0
17-05 09:33:25,30.029,9.009,58.557,0.500,0,5639256,141832,176580,2058960,4299.157,1459.411,0,1865.804,0,165.160,6967,24999,0.810,0.990,1.040,2,0,36.035,0,0,18,318,0,78,0
17-05 09:33:26,7.751,2.250,85.759,1.750,0,5639472,141384,176604,2059168,4158.453,1458.159,16.002,7004.763,1.000,434.047,3425,5451,0.810,0.990,1.040,0,0,0,0,0,18,317,0,68,0
17-05 09:33:27,18.259,3.252,76.037,1.501,0.250,5639288,141384,176644,2059312,2433.197,1512.744,0,2513.236,0,285.140,4748,6905,0.810,0.990,1.040,0,0,0,0,0,18,317,0,71,0
17-05 09:33:28,6.011,2.004,89.166,1.252,0.250,5639648,140952,176688,2059340,2242.185,1460.726,0,6732.566,0,376.703,2707,3982,0.750,0.980,1.040,1,0,1.002,0,0,18,318,0,71,0
17-05 09:33:29,24.772,4.504,66.808,1.752,0,5628912,151384,176728,2059604,2360.065,1459.277,0,2746.403,0,306.268,6859,10107,0.750,0.980,1.040,2,0,0,0,0,18,318,0,72,0
17-05 09:33:30,25.551,5.511,65.381,2.004,0.251,5628976,150908,176816,2059928,2560.113,1460.917,32.064,4653.293,1.002,454.908,7678,11893,0.750,0.980,1.040,1,0,0,0,0,18,318,0,65,0
17-05 09:33:31,23.377,4.974,67.644,0.746,0,5629556,150180,176840,2060052,4010.862,1450.356,0,1591.612,0,130.313,6245,8694,0.750,0.980,1.040,1,0,0,0,0,18,318,0,68,0
17-05 09:33:32,25.853,4.267,66.264,1.757,0,5629764,149676,176896,2060292,3873.413,1463.825,0,2642.515,0,324.290,7021,10392,0.750,0.980,1.040,1,0,0,0,0,18,318,0,69,0
17-05 09:33:33,25.518,5.254,64.045,2.752,0,5629832,149424,176940,2060432,2539.792,1459.030,0,7749.468,0,628.443,7844,12457,0.770,0.980,1.030,1,0,0,0,0,18,318,0,69,0
17-05 09:33:34,21.153,4.231,70.675,0.995,0,5631276,147672,176956,2060724,2466.646,1451.320,0,2404.930,0,155.285,5827,8312,0.770,0.980,1.030,1,0,0,0,0,18,318,0,65,0
17-05 09:33:35,6.004,1.501,90.566,0.250,0,5631252,147672,176956,2060748,2556.850,1459.056,0,704.510,0,44.032,2046,2752,0.770,0.980,1.030,1,0,1.001,0,0,18,320,0,66,0
17-05 09:33:36,24.499,4.750,65.748,1.500,0,5631228,147420,177004,2060976,2657.928,1499.960,0,2599.930,0,345.991,7399,10987,0.770,0.980,1.030,2,0,0,0,0,18,320,0,66,0
17-05 09:33:37,24.955,4.492,66.629,1.497,0,5631080,147420,177020,2061108,5587.839,1497.277,0,2447.549,0,269.510,7022,10255,0.770,0.980,1.030,1,0,0,0,0,18,320,0,67,0
17-05 09:33:38,25.657,4.779,67.915,1.006,0,5633836,144396,177048,2061348,2553.603,1466.964,0,1968.025,0,185.131,6840,9514,0.790,0.980,1.030,0,1,1.006,0,0,18,320,0,56,0
17-05 09:33:39,24.364,3.978,67.373,1.740,0,5634016,143892,177100,2061620,2464.195,1449.877,0,2601.426,0,308.273,7326,10704,0.790,0.980,1.030,2,0,0,0,0,18,321,0,59,0
17-05 09:33:40,25.244,5.999,63.485,2.499,0,5634116,143640,177124,2061748,2674.361,1457.652,0,9173.810,0,748.821,7910,12691,0.790,0.980,1.030,3,0,0,0,0,18,320,0,59,0
17-05 09:33:41,24.128,4.273,67.861,1.508,0,5635088,142408,177128,2062004,2579.716,1574.370,0,6353.781,0,359.914,6917,9871,0.790,0.980,1.030,2,0,0,0,0,18,320,0,59,0
17-05 09:33:42,25.207,3.993,68.384,0.499,0.250,5635704,141680,177132,2062112,2487.782,1509.441,0,1265.854,0,122.792,6415,8862,0.790,0.980,1.030,1,0,0,0,0,18,320,0,55,0
17-05 09:33:43,22.366,3.479,70.328,1.491,0,5629348,147756,177140,2062384,6762.376,3991.024,0,2107.340,0,261.429,5487,7878,0.810,0.980,1.030,1,0,0,0,0,18,317,0,58,0
17-05 09:33:44,9.280,1.505,86.282,0.752,0,5629600,147504,177144,2062380,7455.333,3681.014,0,2006.549,0,124.406,2394,3388,0.810,0.980,1.030,0,0,0,0,0,18,318,0,58,0
17-05 09:33:45,14.809,1.757,81.577,0.502,0,5629516,147504,177144,2062464,26572.468,12715.949,0,1369.487,0,127.511,2916,3610,0.810,0.980,1.030,3,0,0,0,0,18,319,0,59,0
17-05 09:33:46,18.913,3.982,73.660,0.995,0,5629988,146792,177164,2062684,23624.023,11358.603,0,2317.310,0,270.751,4381,6401,0.810,0.980,1.030,0,0,5.972,0,0,18,317,0,57,0
17-05 09:33:47,12.524,2.254,81.655,1.503,0,5629884,146792,177192,2062760,4105.810,1460.779,16.030,5410.292,1.002,403.768,4196,6280,0.810,0.980,1.030,0,0,0,0,0,18,318,0,57,0
17-05 09:33:48,14.296,2.257,81.761,1.003,0,5630036,146540,177192,2062860,6681.351,3680.762,20.064,2431.771,2.006,223.715,3740,5606,0.980,1.010,1.040,4,0,1.003,0,0,18,317,0,58,0
17-05 09:33:49,19.236,2.748,74.946,0.749,0,5630060,146288,177204,2063076,22723.673,10574.402,0,1794.711,0,225.838,4250,6075,0.980,1.010,1.040,1,1,0,0,0,18,318,0,59,0
17-05 09:33:50,26.987,4.748,64.720,1.999,0,5629900,146288,177224,2063216,3037.583,1551.276,0,2930.633,0,355.834,7716,11735,0.980,1.010,1.040,1,0,0,0,0,18,318,0,60,0
17-05 09:33:51,26.296,4.258,63.863,2.755,0,5629868,146036,177244,2063480,4165.350,1460.577,0,5008.838,0,515.910,7774,12231,0.980,1.010,1.040,2,0,0,0,0,18,318,0,61,0
17-05 09:33:52,24.450,3.992,68.361,0.998,0,5630636,145028,177248,2063716,2574.781,1616.723,0,1804.343,0,156.682,6461,9214,0.980,1.010,1.040,1,0,0,0,0,18,318,0,61,0
17-05 09:33:53,26.431,6.234,64.083,1.745,0,5637840,137524,177264,2064000,5580.421,4007.530,0,8565.623,0,630.353,7276,10833,0.980,1.010,1.040,0,0,2.992,0,0,18,318,0,63,0
17-05 09:33:54,8.777,2.006,86.512,0.502,0,5638312,137020,177264,2064032,3793.476,1777.377,0,1640.964,0,129.391,2750,3899,0.980,1.010,1.040,2,0,2.006,0,0,18,318,0,56,0
17-05 09:33:55,20.677,3.737,71.997,1.744,0,5640176,135004,177268,2064180,9879.261,5636.181,59.790,2168.375,3.986,198.303,4870,6727,0.980,1.010,1.040,1,0,0.996,0,0,18,318,0,56,0
17-05 09:33:56,16.059,3.262,77.284,1.506,0,5639688,135424,177280,2064236,19220.748,8548.465,0,5990.048,0,464.711,4409,6247,0.980,1.010,1.040,0,1,0,0,0,18,318,0,57,0
17-05 09:33:57,26.497,4.749,64.741,2.250,0,5639436,135424,177288,2064480,2671.648,1511.801,0,3291.567,0,392.948,7259,10995,0.980,1.010,1.040,1,0,0,0,0,18,318,0,59,0
17-05 09:33:58,24.534,4.757,66.591,1.502,0,5639368,135172,177392,2064696,2749.774,1568.152,32.044,3008.128,1.001,291.400,6868,10364,1.060,1.030,1.050,3,0,1.001,0,0,18,318,0,56,0
17-05 09:33:59,24.899,4.482,66.979,1.743,0,5639160,134920,177552,2064996,5572.487,4051.631,0,6597.346,0,507.948,6980,10548,1.060,1.030,1.050,0,0,0,0,0,18,318,0,57,0
17-05 09:34:00,6.499,1.500,88.487,1.000,0,5638964,134920,177592,2065152,3978.412,1631.759,0,2099.690,0,156.977,2578,3798,1.060,1.030,1.050,1,0,0,0,0,18,318,0,57,0
17-05 09:34:01,16.470,1.497,79.604,0.250,0,5639000,134668,177608,2065352,32473.255,16823.049,0,750.619,0,62.884,2717,3125,1.060,1.030,1.050,0,0,0,0,0,18,318,0,57,0
17-05 09:34:02,14.266,1.251,82.340,0.501,0,5638956,134668,177628,2065376,32302.408,15352.829,0,772.847,0,68.075,2516,2908,1.060,1.030,1.050,1,0,0,0,0,18,318,0,53,0
17-05 09:34:03,24.755,2.500,71.264,0.250,0,5638852,134668,177648,2065460,46292.863,22136.238,0,1276.244,0,65.012,3713,4045,1.060,1.030,1.050,1,0,0,0,0,18,318,0,55,0
17-05 09:34:04,11.001,1.000,86.754,0,0,5638808,134668,177672,2065480,33129.715,15170.785,0,440.023,0,28.001,1802,1886,1.060,1.030,1.050,1,0,0,0,0,18,319,0,55,0
17-05 09:34:05,24.512,2.251,70.285,0.750,0,5639552,133660,177736,2065680,42642.024,19407.568,0,1412.697,0,113.056,4048,4782,1.060,1.030,1.050,2,0,0,0,0,18,319,0,55,0
17-05 09:34:06,15.268,2.253,79.091,1.001,0,5639792,133156,177788,2065888,27161.414,13011.048,0,1121.297,0,138.160,3825,5087,1.060,1.030,1.050,2,0,2.002,0,0,18,318,0,56,0
17-05 09:34:07,25.337,5.268,65.975,2.258,0,5639792,132904,177920,2066008,2366.084,1462.999,0,2628.983,0,338.155,7729,11595,1.060,1.030,1.050,1,0,1.003,0,0,18,318,0,52,0
17-05 09:34:08,26.132,4.729,66.451,1.244,0,5636104,136264,177972,2066284,2526.633,1451.470,0,3245.399,0,348.432,7093,10622,1.130,1.040,1.050,1,0,0.996,0,0,18,318,0,53,0
17-05 09:34:09,22.788,4.257,67.361,1.753,0,5636628,135508,178088,2066400,2602.283,1460.403,0,6959.453,0,502.827,7561,11188,1.130,1.040,1.050,3,0,0,0,0,18,317,0,54,0
17-05 09:34:10,8.232,1.497,87.058,0.998,0.249,5637152,134780,178112,2066580,7154.222,4245.636,0,1959.678,0,145.679,2880,4213,1.130,1.040,1.050,0,0,0,0,0,18,317,0,57,0
17-05 09:34:11,15.292,2.256,80.471,0.752,0,5635704,136148,178124,2066648,13592.347,6073.688,0,1243.416,0,137.377,3321,4373,1.130,1.040,1.050,1,0,0,0,0,18,318,0,53,0
17-05 09:34:12,13.954,1.495,81.234,0.997,0,5635848,135924,178140,2066712,18801.488,10123.878,0,5820.956,0,448.533,3327,4140,1.130,1.040,1.050,0,0,0,0,0,18,318,0,54,0
17-05 09:34:13,16.015,2.753,78.576,0.500,0.250,5635624,135924,178156,2066920,19288.624,8525.231,0,1285.241,0,128.124,4144,5676,1.120,1.040,1.050,1,0,0,0,0,18,318,0,55,0
17-05 09:34:14,25.062,5.012,65.162,2.005,0,5635636,135684,178228,2067076,2544.313,1461.627,16.040,3781.383,1.002,452.122,7337,11518,1.120,1.040,1.050,1,0,2.005,0,0,18,318,0,55,0
17-05 09:34:15,25.289,4.507,66.603,1.753,0,5637044,133920,178300,2067360,2693.153,1514.335,32.049,8673.376,1.002,772.191,7597,11360,1.120,1.040,1.050,1,0,2.003,0,0,18,318,0,54,0
17-05 09:34:16,26.728,4.996,64.947,1.249,0,5637744,132912,178328,2067640,2715.766,1456.802,0,2222.172,0,248.795,6732,9574,1.120,1.040,1.050,2,0,0,0,0,18,317,0,56,0
17-05 09:34:17,6.474,0.996,89.638,0.498,0,5637952,132688,178332,2067652,6931.034,4171.170,0,1968.059,0,131.470,2163,3095,1.120,1.040,1.050,2,0,0,0,0,18,318,0,57,0
17-05 09:34:18,12.000,2.000,83.747,1.250,0,5638384,132188,178348,2067704,15346.526,8019.752,0,1139.965,0,106.997,2923,3832,1.030,1.030,1.050,0,0,1.000,0,0,18,318,0,57,0
17-05 09:34:19,24.062,4.010,68.677,1.003,0,5637540,132880,178384,2067820,13809.527,6355.350,0,2117.447,0,264.681,6431,9199,1.030,1.030,1.050,1,0,0,0,0,18,318,0,57,0
17-05 09:34:20,26.617,4.726,63.930,1.990,0,5637504,132628,178408,2068084,2910.413,1450.729,0,4011.892,0,424.870,7546,11333,1.030,1.030,1.050,1,0,0,0,0,18,318,0,57,0
17-05 09:34:21,24.504,4.251,67.760,1.250,0.250,5637564,132376,178420,2068264,2792.407,1512.221,0,2308.337,0,189.028,6699,9163,1.030,1.030,1.050,4,0,0,0,0,18,318,0,58,0
17-05 09:34:22,24.940,4.534,67.513,1.008,0,5637608,131368,178424,2069224,2567.527,1469.174,0,2140.278,0,213.625,5909,8345,1.030,1.030,1.050,2,0,0,0,0,18,318,0,60,0
17-05 09:34:23,26.376,4.977,62.954,3.235,0,5638048,130372,178476,2069712,4019.133,1451.188,0,8508.061,0,696.729,8578,13551,1.030,1.030,1.050,1,0,0,0,0,18,318,0,60,0
17-05 09:34:24,24.324,4.514,68.208,0.752,0,5639420,128860,178492,2069836,2740.355,1516.624,0,2595.915,0,212.648,6676,9308,1.030,1.030,1.050,1,0,0,0,0,18,318,0,60,0
17-05 09:34:25,28.360,6.966,60.949,1.493,0,5639312,157580,177476,2042656,7061.178,4179.389,3.980,2372.301,0.995,281.611,6870,20327,1.030,1.030,1.050,1,0,35.823,0,0,18,317,0,62,0
17-05 09:34:26,10.260,1.752,84.833,1.251,0,5639712,157100,177504,2042708,7157.028,4141.066,0,2322.280,0,213.209,3167,4680,1.030,1.030,1.050,1,0,0,0,0,18,317,0,63,0
17-05 09:34:27,4.772,1.256,91.666,0.753,0,5639692,157100,177508,2042724,2670.124,1464.650,0,1249.674,0,100.456,2030,2936,1.030,1.030,1.050,5,0,0,0,0,18,318,0,57,0
17-05 09:34:28,10.954,1.743,83.151,0.996,0,5639840,156848,177520,2042816,6751.622,3653.643,0,1668.985,0,162.318,3449,4950,0.950,1.010,1.040,0,0,0.996,0,0,18,317,0,57,0
17-05 09:34:29,11.719,1.995,83.033,1.247,0,5639656,156848,177532,2042988,9871.219,5641.266,0,6004.318,0,405.940,3511,5232,0.950,1.010,1.040,0,0,0,0,0,18,318,0,57,0
17-05 09:34:30,18.820,3.262,75.279,1.004,0,5639844,156596,177536,2043048,19418.867,8548.637,0,1597.914,0,195.724,5090,7225,0.950,1.010,1.040,1,0,0,0,0,18,318,0,57,0
17-05 09:34:31,26.779,5.005,63.819,2.503,0,5640196,156092,177548,2043188,2688.927,1567.706,0,3796.132,0,444.484,7700,12036,0.950,1.010,1.040,1,0,0,0,0,18,318,0,53,0
17-05 09:34:32,24.561,4.260,68.168,0.501,0,5641420,154608,177552,2043444,2544.269,1461.602,0,7141.598,0,448.104,6925,9833,0.950,1.010,1.040,1,0,0,0,0,18,318,0,53,0
17-05 09:34:33,24.000,4.500,68.251,1.500,0,5642436,153348,177560,2043680,2478.027,1458.016,16.000,1880.021,1.000,164.002,6696,9410,0.950,1.010,1.040,1,0,0,0,0,18,318,0,55,0
17-05 09:34:34,12.441,2.986,80.866,1.244,0,5642344,153348,177572,2043760,6641.479,4261.773,0,2890.283,0,259.767,3917,5892,0.950,1.010,1.040,0,0,0,0,0,18,317,0,57,0
17-05 09:34:35,12.508,2.001,83.300,1.001,0,5642764,152844,177604,2043812,12226.409,6544.966,0,1745.058,0,166.101,3114,4363,0.950,1.010,1.040,1,0,0,0,0,18,318,0,54,0
17-05 09:34:36,19.242,3.249,74.467,1.000,0,5642500,152844,177620,2044060,16609.733,8175.423,0,2259.012,0,219.904,5175,7200,0.950,1.010,1.040,2,0,0,0,0,18,318,0,54,0
17-05 09:34:37,24.271,5.004,65.058,2.752,0,5642600,152592,177660,2044172,2600.302,1501.329,0,8167.230,0,655.580,7993,12629,0.950,1.010,1.040,1,0,0,0,0,18,318,0,55,0
17-05 09:34:38,26.010,4.752,64.275,2.501,0,5642948,152088,177664,2044324,2733.052,1512.582,0,4105.580,0,441.170,7833,12214,1.040,1.020,1.050,1,0,1.000,0,0,18,318,0,55,0
17-05 09:34:39,24.562,4.511,67.920,0.501,0,5644524,150324,177664,2044512,2724.836,1461.667,0,1808.537,0,158.397,6844,9750,1.040,1.020,1.050,1,0,0,0,0,18,318,0,51,0
17-05 09:34:40,21.667,4.234,69.983,1.992,0,5644132,150324,177684,2044884,7381.818,4254.757,0,2681.762,0,317.787,5891,8930,1.040,1.020,1.050,0,0,0,0,0,18,317,0,52,0
17-05 09:34:41,9.250,2.000,84.497,1.750,0.250,5644088,150324,177684,2044928,5894.806,3444.887,0,6807.776,0,469.985,3607,5750,1.040,1.020,1.050,0,0,0,0,0,18,318,0,53,0
17-05 09:34:42,10.776,1.754,85.706,0.251,0,5644060,150324,177688,2044952,19256.385,8802.203,0,1303.139,0,89.215,2430,2823,1.040,1.020,1.050,3,0,0,0,0,18,318,0,53,0
17-05 09:34:43,13.209,1.246,82.745,0.748,0,5644224,150072,177688,2045040,28102.534,12675.998,31.902,1144.479,1.994,104.678,2846,3614,1.030,1.020,1.050,0,0,0.997,0,0,18,317,0,49,0
17-05 09:34:44,23.826,3.260,70.977,0.752,0,5644828,149064,177696,2045436,2620.363,1516.841,0,1649.264,0,159.509,5404,6938,1.030,1.020,1.050,1,0,0,0,0,18,318,0,50,0
17-05 09:34:45,26.781,5.256,64.323,2.002,0,5645188,148560,177720,2045556,5678.475,3448.933,0,3007.429,0,355.405,7448,11205,1.030,1.020,1.050,2,0,0,0,0,18,319,0,50,0
17-05 09:34:46,32.163,5.236,58.342,1.496,0,5646416,147048,177728,2045864,20602.088,8547.802,0,3638.127,0,393.931,7707,11518,1.030,1.020,1.050,2,0,5.984,0,0,18,318,0,50,0
17-05 09:34:47,24.291,4.758,66.611,1.002,0,5647932,145044,177736,2046328,2422.039,1460.435,0,11370.961,0,660.101,6922,10375,1.030,1.020,1.050,2,0,0,0,0,18,318,0,47,0
17-05 09:34:48,23.923,4.236,68.281,1.495,0,5648588,144288,177736,2046428,2529.868,1453.329,0,2316.554,0,301.032,6519,9165,1.030,1.020,1.050,2,0,0.997,0,0,18,318,0,47,0
17-05 09:34:49,28.124,4.771,63.530,1.758,0,5648516,144036,177776,2046712,4130.177,1518.684,0,4110.088,0,467.055,7767,11976,1.030,1.020,1.050,1,0,1.004,0,0,18,318,0,48,0
17-05 09:34:50,23.979,4.996,68.190,0.749,0,5649320,143028,177860,2046832,2796.541,1550.636,0,1986.253,0,180.841,6915,9444,1.030,1.020,1.050,1,0,0,0,0,18,318,0,49,0
17-05 09:34:51,24.680,4.737,67.060,1.246,0.249,5650228,141768,177936,2047104,2664.451,1507.728,0,2058.169,0,198.438,6956,9500,1.030,1.020,1.050,1,0,0.997,0,0,18,318,0,51,0
17-05 09:34:52,25.516,5.003,65.541,2.001,0,5650504,141012,178156,2047364,2539.591,1458.914,0,3562.232,0,399.250,7293,11006,1.030,1.020,1.050,1,0,0,0,0,18,318,0,47,0
17-05 09:34:53,25.292,5.509,66.360,1.502,0,5650992,140256,178304,2047484,4353.229,1514.515,0,7540.522,0,519.863,7703,11719,1.030,1.020,1.040,3,0,0,0,0,18,318,0,47,1
17-05 09:34:54,26.073,3.510,68.190,1.003,0,5651700,139260,178336,2047740,2424.769,1462.081,0,1937.408,0,145.406,6145,8087,1.030,1.020,1.040,1,0,1.003,0,0,18,318,0,50,0
17-05 09:34:55,26.129,6.221,62.958,1.742,0,5658748,132024,178388,2047876,2423.760,1451.270,0,2850.780,0,357.343,7536,11537,1.030,1.020,1.040,1,1,2.986,0,0,18,318,0,51,0
17-05 09:34:56,28.360,4.768,63.747,1.757,0,5658396,132024,178460,2048156,2487.647,1463.676,0,3027.742,0,335.300,7514,11214,1.030,1.020,1.040,6,0,2.008,0,0,18,318,0,49,0
17-05 09:34:57,24.257,4.501,68.270,0.750,0,5659148,131016,178508,2048364,2718.792,1458.425,0,3441.003,0,182.053,6115,8676,1.030,1.020,1.040,2,0,0,0,0,18,318,0,49,0
17-05 09:34:58,8.710,1.742,85.361,0.995,0,5659276,130764,178540,2048456,8354.894,4168.985,0,2500.595,0,221.988,3224,4742,1.030,1.020,1.040,0,0,0.995,0,0,18,317,0,50,0
17-05 09:34:59,14.012,2.752,80.821,1.251,0.250,5659400,130512,178580,2048544,6979.166,4245.751,0,2033.797,0,202.179,3696,5323,1.030,1.020,1.040,0,0,0,0,0,18,317,0,51,0
17-05 09:35:00,13.988,2.997,79.682,1.749,0,5659144,130512,178632,2048748,5966.904,4011.574,0,7093.942,0,485.585,4135,6246,1.030,1.020,1.040,1,0,0,0,0,18,318,0,49,0
17-05 09:35:01,8.252,1.500,88.273,0.250,0,5659100,130512,178644,2048780,3842.990,1632.420,0,832.214,0,64.016,2348,3074,1.030,1.020,1.040,1,0,0,0,0,18,318,0,49,0
17-05 09:35:02,11.505,2.751,82.787,1.501,0,5660492,129000,178684,2048860,6721.994,4116.834,4.002,1684.750,1.000,187.083,3244,4837,1.030,1.020,1.040,0,0,3.001,0,0,18,317,0,50,0
17-05 09:35:03,18.226,2.497,76.150,1.248,0,5660744,128748,178720,2048824,18605.588,9841.088,0,6990.827,0,549.279,4369,5940,1.020,1.020,1.040,0,0,0,0,0,18,319,0,51,0
17-05 09:35:04,22.220,2.247,71.903,0.749,0,5660396,128748,178732,2049160,54412.607,23515.282,15.978,1482.001,0.999,144.805,3782,4629,1.020,1.020,1.040,1,0,0,0,0,18,319,0,51,0
17-05 09:35:05,15.015,2.002,80.828,0.500,0,5660340,128748,178736,2049212,33720.667,16280.772,0,1713.660,0,103.100,3254,3992,1.020,1.020,1.040,0,0,0,0,0,18,318,0,51,0
17-05 09:35:06,15.267,2.002,79.591,1.251,0,5660292,128748,178752,2049244,25040.590,10888.432,0,1453.660,0,151.173,3244,4123,1.020,1.020,1.040,1,0,0,0,0,18,318,0,51,0
17-05 09:35:07,24.991,5.748,65.477,1.749,0,5660156,128748,178784,2049348,4096.549,1457.484,0,2942.958,0,334.881,7355,11291,1.020,1.020,1.040,5,0,1.000,0,0,18,318,0,51,0
17-05 09:35:08,24.355,5.022,66.536,2.009,0,5660136,128244,178840,2049812,2743.784,1518.522,0,7966.213,0,605.601,7657,11588,1.020,1.020,1.040,1,0,1.004,0,0,18,318,0,51,0
17-05 09:35:09,24.721,4.744,65.923,1.998,0,5660236,127992,178888,2049916,2774.759,1498.250,0,2249.373,0,262.693,6890,10229,1.020,1.020,1.040,1,0,0.999,0,0,18,318,0,51,0
17-05 09:35:10,24.420,4.236,67.281,0.997,0.249,5660732,127236,178896,2050168,2726.112,1453.262,0,2180.890,0,197.357,6798,9871,1.020,1.020,1.040,0,0,0,0,0,18,319,0,52,0
17-05 09:35:11,24.563,4.762,67.674,1.253,0,5661108,126732,178900,2050292,4228.902,1461.768,0,2522.503,0,279.721,6784,9961,1.020,1.020,1.040,1,0,0,0,0,18,317,0,54,0
17-05 09:35:12,17.459,3.242,75.824,1.497,0,5661380,126228,178904,2050520,7030.677,4285.052,0,2526.135,0,270.372,4760,7223,1.020,1.020,1.040,0,0,0,0,0,18,317,0,49,0
17-05 09:35:13,9.497,1.000,85.973,1.000,0,5661320,126228,178912,2050572,7027.810,4123.715,0,2155.328,0,210.934,2956,4328,1.020,1.020,1.040,0,0,0,0,0,18,317,0,49,0
17-05 09:35:14,9.051,2.263,86.235,0.754,0,5661508,125976,178916,2050632,2673.033,1466.246,0,1810.181,0,151.854,3104,4309,1.020,1.020,1.040,2,0,2.011,0,0,18,318,0,50,0
17-05 09:35:15,10.198,2.239,84.816,1.741,0,5661304,125976,178928,2050824,6770.336,3704.036,0,7195.161,0,490.489,4008,6072,1.020,1.020,1.040,0,0,0,0,0,18,317,0,50,0
17-05 09:35:16,13.006,1.501,82.289,0.750,0,5661256,125976,178928,2050872,17565.391,8271.952,0,1240.593,0,133.064,3335,4471,1.020,1.020,1.040,1,0,0,0,0,18,318,0,48,0
17-05 09:35:17,19.091,3.517,74.104,1.256,0,5662936,124212,178940,2050944,11183.479,5933.373,0,1720.226,0,196.942,5489,7886,1.020,1.020,1.040,3,0,0,0,0,18,318,0,48,0
17-05 09:35:18,25.727,3.996,67.189,0.999,0,5662072,124800,178952,2051208,2415.794,1456.670,0,7029.582,0,529.517,6843,9524,1.180,1.050,1.050,2,1,0.999,0,0,18,318,0,48,0
17-05 09:35:19,24.435,4.737,66.572,1.745,0,5662248,124548,178964,2051272,2411.568,1454.122,0,2453.457,0,291.223,6867,9910,1.180,1.050,1.050,1,0,0,0,0,18,317,0,48,1
17-05 09:35:20,24.264,5.503,67.790,0.750,0,5660436,126048,178968,2051580,2616.549,1458.864,0,2121.256,0,187.111,7135,9980,1.180,1.050,1.050,1,0,0,0,0,18,318,0,45,0
17-05 09:35:21,14.710,3.241,78.784,1.247,0,5660668,125796,178984,2051584,6967.915,4278.282,0,2880.111,0,282.227,4121,6395,1.180,1.050,1.050,0,0,0,0,0,18,317,0,47,0
17-05 09:35:22,12.000,2.000,82.247,1.500,0,5660728,125464,178996,2051844,9670.611,5907.763,0,6307.747,0,417.983,3609,5392,1.180,1.050,1.050,0,0,0,0,0,18,318,0,47,0
17-05 09:35:23,16.022,2.754,78.860,0.751,0,5661152,124988,179004,2051888,18996.407,8793.224,0,1169.626,0,115.160,4111,5636,1.080,1.040,1.050,2,0,0,0,0,18,318,0,47,0
17-05 09:35:24,25.642,5.477,64.728,1.992,0,5661260,124736,179012,2052024,2660.819,1505.673,0,2955.581,0,334.594,6962,10528,1.080,1.040,1.050,3,0,0,0,0,18,318,0,43,0
17-05 09:35:25,30.933,7.293,59.603,1.257,0,5689668,124568,178244,2027836,2538.021,1575.324,0,2571.218,0,264.566,7051,19824,1.080,1.040,1.050,4,0,36.214,0,0,18,319,0,45,0
17-05 09:35:26,12.968,2.494,80.055,1.247,0.249,5667908,146184,178248,2024692,6822.404,4306.524,0,2845.079,0,273.335,4195,8148,1.080,1.040,1.050,0,0,0,0,0,18,317,0,46,0
17-05 09:35:27,9.991,1.748,86.422,1.249,0,5667992,145932,178248,2024860,7023.680,4118.295,0,2134.080,0,203.817,2973,4418,1.080,1.040,1.050,0,0,0,0,0,18,317,0,46,0
17-05 09:35:28,9.260,1.752,86.096,0.751,0,5667556,146184,178248,2025044,6977.810,4257.766,0,2967.321,0,158.177,2991,4204,1.160,1.050,1.050,0,0,1.001,0,0,18,317,0,44,0
17-05 09:35:29,10.739,1.499,84.666,0.749,0,5667728,145960,178260,2025084,7143.915,5239.804,0,1778.236,0,173.828,2949,4213,1.160,1.050,1.050,2,0,0,0,0,18,318,0,44,0
17-05 09:35:30,7.251,1.750,89.263,1.250,0,5667688,145960,178268,2025116,9784.451,4328.642,0,5224.775,0,321.048,2725,4225,1.160,1.050,1.050,1,0,0,0,0,18,318,0,45,0
17-05 09:35:31,9.032,1.756,86.557,0.753,0,5667852,145708,178272,2025200,7044.960,3806.486,0,927.285,0,90.320,2783,3578,1.160,1.050,1.050,1,0,0,0,0,18,319,0,45,0
17-05 09:35:32,16.931,1.992,77.436,0.747,0,5668076,145268,178276,2025412,23296.669,11592.062,0,1609.483,0,170.310,3898,5258,1.160,1.050,1.050,0,0,0,0,0,18,317,0,46,0
17-05 09:35:33,10.008,1.751,85.818,0.500,0,5668036,145268,178276,2025452,7021.604,4201.353,0,1277.019,0,130.104,2904,3961,1.060,1.040,1.050,0,0,0,0,0,18,317,0,46,0
17-05 09:35:34,14.828,2.765,79.921,1.257,0,5660736,152484,178280,2025532,7039.099,4135.797,0,5754.327,0,495.612,3829,5077,1.060,1.040,1.050,0,0,0,0,0,18,317,0,47,0
17-05 09:35:35,8.202,1.740,86.000,0.994,0,5660692,152484,178284,2025572,5752.557,3474.799,0,1391.908,0,148.139,2833,4142,1.060,1.040,1.050,0,0,0,0,0,18,318,0,47,0
17-05 09:35:36,12.007,1.501,84.301,0.500,0.250,5660796,152232,178284,2025720,28872.611,12936.891,0,1468.896,0,85.052,2510,3147,1.060,1.040,1.050,0,0,0,0,0,18,319,0,47,0
17-05 09:35:37,6.507,1.251,91.350,0.250,0,5660788,152232,178284,2025728,12795.945,6434.012,0,680.742,0,38.041,1527,1927,1.060,1.040,1.050,1,0,1.001,0,0,18,319,0,42,0
17-05 09:35:38,4.232,0.996,92.347,0.249,0,5661028,151984,178284,2025736,7219.462,3750.616,0,688.990,0,50.778,1637,2200,0.980,1.020,1.040,0,0,0.996,0,0,18,318,0,42,0
17-05 09:35:39,9.519,1.002,88.179,0.251,0,5661264,151732,178284,2025752,20212.980,10556.402,0,537.089,0,33.067,1712,1886,0.980,1.020,1.040,0,0,0,0,0,18,319,0,42,0
17-05 09:35:40,9.765,1.502,86.632,0.751,0,5661236,151732,178284,2025780,16734.588,8472.955,0,1021.562,0,106.162,2614,3510,0.980,1.020,1.040,0,0,0,0,0,18,318,0,42,0
17-05 09:35:41,5.502,1.000,91.036,0.750,0,5661216,151732,178288,2025796,3710.481,1730.691,0,900.359,0,91.036,1852,2542,0.980,1.020,1.040,1,0,0,0,0,18,318,0,38,0
17-05 09:35:42,19.233,2.498,75.682,0.999,0,5661152,151732,178288,2025860,34982.725,17012.790,0,5622.973,0,387.653,4251,5702,0.980,1.020,1.040,1,0,0,0,0,18,318,0,39,0
17-05 09:35:43,20.316,3.261,72.986,1.505,0,5661144,151480,178288,2026120,13341.230,6341.549,0,1545.006,0,183.595,5319,7354,0.980,1.020,1.040,3,0,0,0,0,18,318,0,39,0
17-05 09:35:44,24.849,3.976,67.341,1.242,0,5662032,150472,178288,2026240,2063.478,1288.183,0,2345.765,0,254.456,6741,9491,0.980,1.020,1.040,1,0,0,0,0,18,318,0,40,0
17-05 09:35:45,20.299,3.759,73.176,1.002,0,5662328,149968,178288,2026448,9774.523,6221.973,0,1912.603,0,218.526,4577,6659,0.980,1.020,1.040,0,0,0,0,0,18,318,0,40,0
17-05 09:35:46,18.612,3.521,76.209,1.258,0.252,5663476,148740,178292,2026524,19258.912,8562.535,0,1702.245,0,138.836,4069,5051,0.980,1.020,1.040,1,0,6.036,0,0,18,318,0,40,0
17-05 09:35:47,15.672,1.741,79.853,0.498,0,5663408,148740,178292,2026592,24325.914,12317.687,0,1958.253,0,176.123,3387,4492,0.980,1.020,1.040,0,0,0,0,0,18,318,0,40,0
17-05 09:35:48,21.574,4.265,71.244,1.254,0,5663416,148488,178304,2026824,3929.454,1607.504,0,2789.551,0,306.048,5908,8752,0.980,1.020,1.040,3,0,1.003,0,0,18,318,0,40,0
17-05 09:35:49,25.242,3.999,67.228,1.000,0,5664212,147508,178372,2026940,2195.271,1295.570,0,11260.263,0,864.713,7378,10900,0.980,1.020,1.040,1,0,0,0,0,18,318,0,42,0
17-05 09:35:50,23.932,4.487,68.306,0.997,0,5665728,145744,178428,2027132,2509.853,1386.053,0,1475.798,0,140.600,6320,8852,0.980,1.020,1.040,2,0,0,0,0,18,319,0,43,0
17-05 09:35:51,14.495,2.999,80.221,0.750,0,5665788,145268,178504,2027472,6452.683,3859.614,0,2455.119,0,231.917,3847,5819,0.980,1.020,1.040,0,0,0,0,0,18,317,0,44,0
17-05 09:35:52,11.694,1.742,82.105,1.244,0,5665556,145268,178568,2027640,2185.489,1289.797,63.694,1699.825,2.986,193.071,3828,5391,0.980,1.020,1.040,1,0,0,0,0,18,318,0,45,0
17-05 09:35:53,15.314,3.013,80.085,1.255,0,5665620,145016,178672,2027724,11282.182,5583.349,0,2301.625,0,267.117,4311,6084,0.980,1.020,1.040,0,0,0,0,0,18,318,0,42,0
17-05 09:35:54,16.457,2.493,77.296,0.997,0,5665084,145272,178732,2027944,18666.707,8566.379,0,1320.513,0,131.652,3699,4801,0.980,1.020,1.040,1,0,0,0,0,18,317,0,43,0
17-05 09:35:55,6.525,1.506,89.089,0.251,0,5665040,145272,178748,2027972,6719.581,4037.370,0,1317.014,0,120.459,2554,3762,0.980,1.020,1.040,1,0,0,0,0,18,318,0,43,0
17-05 09:35:56,20.495,3.749,72.734,1.250,0,5667932,142156,178852,2028092,21477.241,10268.725,0,6346.594,0,480.893,4956,7379,0.980,1.020,1.040,1,0,2.999,0,0,18,318,0,45,0
17-05 09:35:57,23.562,4.512,69.183,1.504,0,5667944,141904,178864,2028320,6977.427,3557.395,0,1375.633,0,144.381,6216,8826,0.980,1.020,1.040,3,0,1.003,0,0,18,319,0,43,0
17-05 09:35:58,28.422,4.238,62.579,1.496,0,5667716,141904,178936,2028476,2207.961,1130.907,0,3626.083,0,431.819,7799,12152,0.990,1.020,1.040,2,0,2.992,0,0,18,318,0,45,0
17-05 09:35:59,25.381,4.523,66.342,1.759,0.251,5667664,141652,178976,2028740,2448.633,1302.721,0,4085.075,0,336.737,7458,11060,0.990,1.020,1.040,1,0,0,0,0,18,318,0,47,0
17-05 09:36:00,24.366,4.475,67.876,0.995,0,5667796,141400,178984,2028852,2338.131,1127.792,0,1798.103,0,160.119,6594,9674,0.990,1.020,1.040,2,0,0,0,0,18,318,0,51,0
17-05 09:36:01,19.566,4.014,72.746,1.505,0,5668384,140404,179000,2029228,6699.680,4040.679,0,2440.261,0,264.897,5536,7999,0.990,1.020,1.040,2,0,0,0,0,18,317,0,50,0
17-05 09:36:02,10.205,2.240,83.380,1.493,0,5668128,140404,179072,2029396,1965.280,1128.990,0,6459.338,0,418.145,3725,5578,0.990,1.020,1.040,1,0,0,0,0,18,318,0,50,0
17-05 09:36:03,14.002,2.250,80.011,1.750,0,5668092,140152,179124,2029632,5225.693,3225.428,0,2396.318,0,267.035,4349,6318,0.910,1,1.030,1,0,0,0,0,18,318,0,50,0
17-05 09:36:04,15.499,2.000,80.743,0.750,0.250,5668292,139900,179144,2029664,37974.691,17786.450,0,1143.900,0,101.991,3072,3563,0.910,1,1.030,4,0,0,0,0,18,319,0,50,0
17-05 09:36:05,15.020,2.754,78.854,0.501,0,5667420,140640,179164,2029776,11313.982,6276.311,0,6292.333,0,563.747,4019,5411,0.910,1,1.030,0,0,0,0,0,18,317,0,49,0
17-05 09:36:06,15.157,1.988,79.016,0.994,0,5667500,140388,179176,2029936,9455.092,5365.141,0,1467.015,0,171.947,3927,5485,0.910,1,1.030,0,0,0,0,0,18,318,0,49,0
17-05 09:36:07,15.102,2.517,80.294,1.259,0,5667860,139912,179180,2030048,18773.273,8647.626,0,1171.945,0,119.812,4071,5558,0.910,1,1.030,1,0,0,0,0,18,318,0,49,0
17-05 09:36:08,26.000,5.250,64.749,1.750,0,5667928,139660,179216,2030196,2213.977,1133.988,0,3335.966,0,405.996,7842,12072,0.990,1.020,1.040,1,0,2.000,0,0,18,318,0,50,0
17-05 09:36:09,26.218,4.495,65.421,2.247,0,5667928,139408,179228,2030436,2091.485,1132.638,0,7874.529,0,624.249,7647,11813,0.990,1.020,1.040,1,0,0,0,0,18,318,0,50,0
17-05 09:36:10,25.096,4.517,67.257,0.753,0,5668432,138652,179232,2030684,2360.001,1138.342,0,2533.663,0,213.815,6671,9285,0.990,1.020,1.040,2,0,0,0,0,18,318,0,52,0
17-05 09:36:11,24.010,5.502,67.779,1.751,0,5669076,137896,179232,2030796,2274.978,1134.488,0,2365.016,0,216.093,6548,9347,0.990,1.020,1.040,3,0,0,0,0,18,316,0,53,0
17-05 09:36:12,7.718,1.992,87.637,0.249,0,5669016,137896,179240,2030848,6368.623,3848.063,0,1131.315,0,102.575,2199,3299,0.990,1.020,1.040,0,0,0,0,0,18,317,0,53,0
17-05 09:36:13,13.502,2.000,81.510,1.000,0,5668816,137896,179248,2031040,2214.266,1134.136,0,1696.204,0,187.022,3905,5555,0.910,1,1.030,0,0,0,0,0,18,318,0,53,0
17-05 09:36:14,18.253,2.250,75.512,1.500,0,5668516,138096,179252,2031136,19763.244,9865.619,0,3180.522,0,276.045,4446,6105,0.910,1,1.030,2,0,2.000,0,0,18,318,0,49,0
17-05 09:36:15,16.932,3.237,76.940,0.747,0,5668776,137592,179252,2031380,11426.956,6718.926,0,1493.980,0,156.370,3959,5369,0.910,1,1.030,1,0,0,0,0,18,318,0,50,0
17-05 09:36:16,9.328,2.017,85.970,1.513,0,5668732,137592,179256,2031420,3547.712,1385.604,0,5848.986,0,393.294,3463,5442,0.910,1,1.030,1,0,0,0,0,18,318,0,52,0
17-05 09:36:17,14.446,1.993,81.445,0.747,0,5668924,137340,179260,2031476,25967.829,12936.591,0,1598.020,0,137.486,3229,4023,0.910,1,1.030,1,0,0,0,0,18,317,0,53,0
17-05 09:36:18,21.498,4.500,69.994,1.000,0,5668784,137340,179272,2031604,1991.842,971.923,0,2243.822,0,285.977,6389,9674,0.920,1,1.030,2,0,1.000,0,0,18,318,0,52,0
17-05 09:36:19,26.764,5.003,64.534,2.251,0,5668640,137088,179276,2031996,2035.080,1134.602,0,3886.062,0,432.229,7250,10994,0.920,1,1.030,2,0,0,0,0,18,318,0,52,0
17-05 09:36:20,25.565,4.762,66.919,1.253,0.251,5668824,136640,179280,2032256,2417.118,1136.877,0,7406.746,0,689.746,7334,10488,0.920,1,1.030,1,0,0,0,0,18,318,0,52,0
17-05 09:36:21,17.179,3.735,75.190,1.494,0,5669716,135632,179280,2032372,8101.634,3841.180,15.934,3437.842,0.996,310.720,4847,7256,0.920,1,1.030,0,0,0,0,0,18,317,0,53,0
17-05 09:36:22,15.511,3.252,78.304,1.501,0,5669712,135380,179292,2032616,5019.444,3523.418,0,6356.361,0,430.295,3993,5955,0.920,1,1.030,1,0,0,0,0,18,318,0,51,0
17-05 09:36:23,9.450,1.741,85.794,0.746,0,5669940,135128,179292,2032640,12638.780,6118.458,0,2327.620,0,147.217,2679,3594,0.850,0.980,1.030,1,0,0,0,0,18,318,0,52,0
17-05 09:36:24,13.610,1.260,82.164,0.756,0,5669896,135128,179292,2032684,26156.515,12957.783,0,1786.446,0,129.044,3063,4051,0.850,0.980,1.030,0,0,0,0,0,18,317,0,52,0
17-05 09:36:25,13.746,2.499,81.474,0.750,0,5669816,135128,179292,2032764,18882.064,8043.471,0,1247.608,0,131.959,3455,4480,0.850,0.980,1.030,1,0,0,0,0,18,318,0,53,0
17-05 09:36:26,28.516,7.004,61.284,1.501,0,5674068,160968,178784,2003176,11118.143,5650.122,0,2065.141,0,240.133,7230,19865,0.850,0.980,1.030,1,0,36.020,0,0,18,318,0,51,0
17-05 09:36:27,25.172,4.735,67.540,0.997,0,5674576,160212,178784,2003424,2225.080,968.986,0,2695.617,0,270.160,6728,9418,0.850,0.980,1.030,2,0,0,0,0,18,318,0,53,0
17-05 09:36:28,12.004,2.251,81.526,1.250,0,5675064,159488,178792,2003652,6249.015,3758.212,16.005,3681.187,1.000,323.104,3974,6191,0.940,1,1.030,1,0,1.000,0,0,18,317,0,56,0
17-05 09:36:29,11.492,1.749,83.441,0.749,0,5674976,159488,178792,2003740,10745.396,5340.221,0,1562.894,0,136.903,3050,4111,0.940,1,1.030,0,0,0,0,0,18,318,0,56,0
17-05 09:36:30,20.349,4.271,73.356,1.256,0,5681996,152360,178796,2003844,18591.158,8468.066,0,1909.259,0,221.072,5076,7186,0.940,1,1.030,1,0,0,0,0,18,318,0,55,0
17-05 09:36:31,25.654,3.985,67.746,1.245,0,5682028,152108,178800,2004060,2265.517,1171.613,0,6906.140,0,471.235,5998,8731,0.940,1,1.030,1,0,0,0,0,18,318,0,58,0
17-05 09:36:32,17.715,3.493,75.350,1.248,0,5681712,152316,178800,2004168,7597.837,3683.649,0,3181.651,0,295.410,4945,7378,0.940,1,1.030,2,0,0,0,0,18,317,0,61,0
17-05 09:36:33,14.318,3.014,80.379,1.005,0,5680648,153152,178816,2004380,2122.015,976.609,0,2170.243,0,199.944,3758,5248,1.020,1.020,1.040,3,0,0,0,0,18,317,0,62,0
17-05 09:36:34,5.734,0.748,90.491,0.499,0,5680380,153404,178816,2004396,6376.737,3842.993,0,1312.242,0,93.732,2027,3024,1.020,1.020,1.040,2,0,0,0,0,18,317,0,60,0
17-05 09:36:35,16.734,1.748,79.672,0.749,0,5680328,153404,178816,2004448,21016.486,10879.381,0,1854.190,0,148.855,3521,4500,1.020,1.020,1.040,1,0,0,0,0,18,318,0,60,0
17-05 09:36:36,14.779,2.004,80.156,1.252,0.250,5680288,153404,178824,2004480,19121.286,9220.981,0,6039.777,0,560.092,3772,5025,1.020,1.020,1.040,0,0,0,0,0,18,318,0,60,0
17-05 09:36:37,18.985,4.496,73.940,1.249,0,5680276,153152,178832,2004736,12663.782,5992.165,0,2050.346,0,234.811,5277,7512,1.020,1.020,1.040,2,0,0,0,0,18,318,0,60,0
17-05 09:36:38,25.850,4.768,65.252,1.506,0,5680644,152648,178832,2004872,1758.792,975.768,0,7641.511,0,537.074,7273,11012,1.020,1.020,1.040,1,0,1.004,0,0,18,318,0,61,0
17-05 09:36:39,26.451,3.993,66.378,1.996,0,5680408,152648,178832,2005108,2150.051,1131.921,0,2371.644,0,299.450,7020,10630,1.020,1.020,1.040,1,0,0,0,0,18,318,0,61,0
17-05 09:36:40,25.483,4.747,65.206,1.249,0,5680852,151892,178852,2005400,2081.580,1111.242,0,2546.263,0,259.823,6476,9240,1.020,1.020,1.040,3,0,0,0,0,18,318,0,63,0
17-05 09:36:41,7.002,1.751,89.530,1.000,0,5680824,151892,178868,2005412,6161.038,3558.177,0,1964.650,0,134.044,2323,3265,1.020,1.020,1.040,1,0,0,0,0,18,318,0,63,0
17-05 09:36:42,12.218,1.995,81.285,0.748,0,5681200,151388,178884,2005524,6276.395,3687.245,0,2433.562,0,205.456,3561,5245,1.020,1.020,1.040,0,0,0,0,0,18,317,0,63,0
17-05 09:36:43,15.005,2.501,79.274,1.000,0,5681056,151388,178932,2005620,6234.894,3741.136,0,1684.512,0,182.055,3753,5127,1.260,1.070,1.050,0,0,0,0,0,18,317,0,65,0
17-05 09:36:44,10.716,1.495,85.731,0.249,0,5681512,150884,178940,2005660,1746.523,968.961,0,693.824,0,43.862,2151,2654,1.260,1.070,1.050,1,0,0,0,0,18,318,0,66,0
17-05 09:36:45,27.558,3.006,67.894,0.251,0,5684564,147356,178948,2006128,4776.137,2965.294,0,701.489,0,44.094,4017,3908,1.260,1.070,1.050,2,0,0,0,0,18,319,0,69,0
17-05 09:36:46,27.721,3.496,65.930,1.249,0,5688692,143072,178952,2006280,27074.190,12479.720,27.970,1326.588,1.998,140.850,4187,5070,1.260,1.070,1.050,0,0,5.994,0,0,18,318,0,66,0
17-05 09:36:47,16.032,2.254,80.158,1.002,0,5688608,143072,178968,2006348,23244.738,12400.400,0,1270.500,0,141.278,3166,4054,1.260,1.070,1.050,1,0,0,0,0,18,318,0,66,0
17-05 09:36:48,12.764,1.752,82.592,1.001,0,5688424,143072,178996,2006504,24854.694,11241.526,0,5682.331,0,365.407,3319,4705,1.240,1.060,1.050,0,0,1.001,0,0,18,318,0,66,0
17-05 09:36:49,11.737,1.498,84.157,0.749,0,5688616,142820,179016,2006544,21869.898,10588.331,0,1022.873,0,101.888,2839,3702,1.240,1.060,1.050,1,0,0,0,0,18,319,0,66,0
17-05 09:36:50,26.795,4.508,65.360,1.252,0,5688708,142568,179048,2006672,4929.300,1957.296,0,2612.399,0,313.528,7354,10793,1.240,1.060,1.050,1,0,1.002,0,0,18,318,0,64,0
17-05 09:36:51,24.976,4.745,66.936,0.999,0.250,5689176,141812,179084,2006924,5567.675,3019.112,0,6989.315,0,619.408,6206,8569,1.240,1.060,1.050,2,0,0,0,0,18,318,0,65,0
17-05 09:36:52,6.249,1.250,89.989,0.500,0,5689140,141812,179096,2006948,4145.481,2781.652,0,1643.794,0,104.987,2321,3288,1.240,1.060,1.050,2,0,0,0,0,18,321,0,66,0
17-05 09:36:53,24.974,4.495,68.179,0.749,0.250,5688700,141812,179116,2007368,2655.250,1456.492,223.768,1478.469,13.986,106.889,6109,8239,1.220,1.060,1.050,1,0,0,0,0,18,321,0,68,0
17-05 09:36:54,25.277,3.754,68.073,1.001,0,5690120,140048,179144,2007684,2660.861,1501.615,160.172,2234.403,9.010,201.216,6415,8694,1.220,1.060,1.050,1,0,2.002,0,0,18,322,0,84,0
17-05 09:36:55,25.497,4.249,67.492,1.000,0,5691876,138032,179144,2007944,2748.657,1511.811,0,1507.812,0,148.981,6235,8615,1.220,1.060,1.050,1,0,1.000,0,0,18,321,0,98,0
17-05 09:36:56,27.089,3.762,66.970,0.752,0,5699836,129728,179168,2008264,6890.600,3789.428,0,1677.502,0,158.520,5438,7125,1.220,1.060,1.050,2,0,3.010,0,0,18,320,0,98,0
17-05 09:36:57,16.451,2.243,78.268,0.997,0,5699744,129728,179200,2008324,21962.035,10802.047,3.988,5495.743,0.997,361.929,3945,5903,1.220,1.060,1.050,2,0,1.994,0,0,18,321,0,98,0
17-05 09:36:58,26.976,5.245,65.191,1.499,0,5699416,129728,179248,2008604,2475.775,1456.691,0,3253.076,0,358.678,7505,11018,1.200,1.060,1.050,1,0,1.998,0,0,18,321,0,99,0
17-05 09:36:59,18.585,3.516,75.092,1.507,0,5699592,129476,179304,2008624,8431.403,4211.181,0,2535.549,0,257.171,4932,7243,1.200,1.060,1.050,0,0,0,0,0,18,320,0,93,0
17-05 09:37:00,10.431,1.490,84.439,1.242,0,5699296,129476,179304,2008920,7119.678,4101.737,0,3385.498,0,201.660,2996,4217,1.200,1.060,1.050,0,0,0,0,0,18,320,0,93,0
17-05 09:37:01,8.296,1.508,88.737,0.754,0,5699500,129224,179304,2008964,5589.693,2984.388,0,1596.768,0,144.795,2584,3727,1.200,1.060,1.050,2,0,0,0,0,18,321,0,93,0
17-05 09:37:02,4.238,0.997,92.499,0.249,0,5699472,129224,179320,2008976,4237.479,2610.901,0,1180.790,0,85.767,1814,2632,1.200,1.060,1.050,1,0,0,0,0,18,321,0,93,0
17-05 09:37:03,6.745,1.249,88.938,0.500,0,5699448,129224,179328,2008992,7085.088,4126.139,0,1343.069,0,133.907,2501,3710,1.110,1.040,1.050,0,0,0,0,0,18,320,0,84,0
17-05 09:37:04,30.103,2.759,65.725,0.251,0,5700896,127460,179328,2009308,17802.043,9787.561,0,774.656,0,45.155,4080,3993,1.110,1.040,1.050,1,0,0,0,0,18,322,0,84,0
17-05 09:37:05,6.477,1.744,88.683,1.246,0,5700852,127460,179336,2009344,12657.825,4600.581,0,1259.505,0,122.563,2656,3773,1.110,1.040,1.050,0,0,0,0,0,18,320,0,84,0
17-05 09:37:06,7.255,2.001,88.060,0.500,0.500,5701056,127208,179348,2009380,6756.592,3563.422,0,1292.879,0,133.090,2697,4080,1.110,1.040,1.050,0,0,0,0,0,18,320,0,85,0
17-05 09:37:07,7.474,1.495,88.197,0.747,0,5701260,126956,179364,2009412,6457.823,3787.991,0,5138.354,0,344.816,2873,4390,1.110,1.040,1.050,0,0,0,0,0,18,320,0,82,0
17-05 09:37:08,11.298,2.009,83.860,1.004,0,5701076,126956,179364,2009596,6628.452,3771.187,0,1349.794,0,147.634,3136,4255,1.020,1.030,1.040,3,0,1.004,0,0,18,321,0,83,0
17-05 09:37:09,18.543,4.260,74.172,1.503,0,5701248,126704,179372,2009668,10727.941,5573.959,0,1679.905,0,196.457,5252,7497,1.020,1.030,1.040,1,0,1.002,0,0,18,322,0,84,0
17-05 09:37:10,30.009,3.501,63.018,1.000,0,5701976,125696,179380,2009940,13901.040,6328.839,0,2588.752,0,264.077,7169,10423,1.020,1.030,1.040,1,0,0,0,0,18,321,0,85,0
17-05 09:37:11,20.471,3.245,73.395,0.999,0,5702408,125220,179388,2009976,6815.236,4135.076,0,8036.486,0,626.103,4583,5908,1.020,1.030,1.040,1,0,0,0,0,18,320,0,81,0
17-05 09:37:12,9.236,1.498,86.366,0.998,0,5702264,125220,179408,2010100,5378.683,3845.055,0,1937.005,0,176.727,2755,4002,1.020,1.030,1.040,1,0,0,0,0,18,321,0,83,0
17-05 09:37:13,7.490,1.748,88.386,0.499,0,5702084,125220,179424,2010264,6887.148,3676.275,0,1633.900,0,92.881,2252,3084,0.940,1.010,1.030,0,0,0,0,0,18,321,0,84,0
17-05 09:37:14,5.520,1.506,91.589,0.251,0,5702072,125220,179424,2010276,3648.513,1595.911,0,1027.807,0,96.357,1968,2866,0.940,1.010,1.030,1,0,2.007,0,0,18,321,0,84,0
17-05 09:37:15,11.708,1.993,83.451,0.996,0,5702048,125220,179424,2010300,21731.237,10569.179,0,1398.994,0,147.472,2960,4188,0.940,1.010,1.030,1,0,0,0,0,18,321,0,83,0
17-05 09:37:16,25.251,4.750,65.003,1.750,0,5702124,124968,179440,2010460,8653.438,3602.182,0,7860.398,0,612.031,7463,11291,0.940,1.010,1.030,1,0,0,0,0,18,320,0,83,0
17-05 09:37:17,22.036,3.255,71.368,2.003,0,5516100,310908,179464,2010520,8774.517,209304.283,40.066,649.074,6.010,35.058,2442,2034,0.940,1.010,1.030,1,0,14.023,0,0,18,320,0,83,0
17-05 09:37:18,0.746,1.492,95.458,0.249,0,5515112,311896,179464,2010520,4657.561,53796.617,0,672.184,0,33.808,1114,1570,0.860,0.990,1.030,0,0,0.994,0,0,18,320,0,83,0
17-05 09:37:19,1.506,1.004,96.632,0.251,0,5515064,311944,179464,2010520,2459.723,1355.358,0,590.334,0,38.151,1132,1724,0.860,0.990,1.030,0,0,0,0,0,18,320,0,79,0
17-05 09:37:20,2.002,0.751,95.096,0.751,0,5514804,312200,179468,2010520,2635.672,1297.315,0,1509.531,0,97.098,1421,2152,0.860,0.990,1.030,0,0,0,0,0,18,320,0,79,0
17-05 09:37:21,0.999,0.999,96.676,0,0,5514804,312200,179468,2010520,2761.899,1402.933,0,231.824,0,18.986,1102,1626,0.860,0.990,1.030,1,0,0,0,0,18,320,0,79,0
17-05 09:37:22,1.000,1.000,96.204,0,0,5514804,312200,179468,2010520,2314.883,1295.375,0,335.838,0,22.989,1109,1698,0.860,0.990,1.030,0,0,0,0,0,18,320,0,79,0
17-05 09:37:23,2.000,0.250,95.990,0.250,0,5514796,312200,179472,2010524,2569.720,1349.853,0,271.970,0,16.998,1243,1816,0.790,0.970,1.020,2,0,0,0,0,18,320,0,77,0
17-05 09:37:24,1.249,0.999,95.915,0,0,5515036,311960,179472,2010524,2493.796,1294.855,0,175.845,0,10.990,1047,1465,0.790,0.970,1.020,0,0,0,0,0,18,320,0,77,0
17-05 09:37:25,2.253,1.252,94.626,0.501,0,5515000,311960,179472,2010560,2516.357,1297.731,0,320.427,0,35.047,1592,2331,0.790,0.970,1.020,1,0,0,0,0,18,320,0,77,0
17-05 09:37:26,9.738,4.494,83.644,0.499,0,5510548,316312,179472,2010644,2580.725,1402.221,67.914,519.341,0.999,61.921,3063,11991,0.790,0.970,1.020,0,0,35.954,0,0,18,320,0,78,0
17-05 09:37:27,1.251,0.751,96.323,0.250,0,5510548,316312,179472,2010644,3698.791,1296.979,0,392.296,0,28.021,1018,1551,0.790,0.970,1.020,0,0,0,0,0,18,320,0,72,0
17-05 09:37:28,1.501,0.500,96.590,0,0,5510548,316312,179472,2010644,2272.117,1351.259,0,328.306,0,54.050,1094,1535,0.730,0.960,1.020,0,0,1.001,0,0,18,320,0,72,0
17-05 09:37:29,1.497,0.748,96.303,0,0,5510544,316312,179472,2010648,2371.158,1293.359,0,51.894,0,4.990,947,1391,0.730,0.960,1.020,1,0,0,0,0,18,320,0,72,0
17-05 09:37:30,1.752,0.501,95.867,0.250,0.250,5510540,316312,179472,2010652,2664.256,1405.718,0,116.142,0,12.015,1284,1871,0.730,0.960,1.020,0,0,0,0,0,18,320,0,72,0
17-05 09:37:31,2.253,1.252,95.618,0.250,0,5510536,316312,179472,2010656,2438.999,1297.596,0,808.995,0,21.026,1155,1606,0.730,0.960,1.020,1,0,0,0,0,18,320,0,67,0
17-05 09:37:32,1.497,0.499,95.580,0,0,5507560,319280,179472,2010664,2385.764,1347.607,0,2212.072,0,335.404,1297,1753,0.730,0.960,1.020,0,0,0,0,0,18,320,0,67,0
17-05 09:37:33,1.250,0.750,96.732,0.250,0,5507560,319280,179472,2010664,2535.540,1295.765,0,91.983,0,12.998,1087,1515,0.670,0.940,1.010,0,0,0,0,0,18,320,0,67,0
17-05 09:37:34,1.752,0.250,96.349,0,0,5507560,319280,179472,2010664,4040.137,1297.328,0,8.008,0,1.001,969,1405,0.670,0.940,1.010,0,0,0,0,0,18,320,0,67,0
17-05 09:37:35,1.498,1.249,95.390,0,0,5507560,319280,179472,2010664,2946.598,1596.157,0,159.815,0,22.973,1398,2004,0.670,0.940,1.010,0,0,0,0,0,18,320,0,62,0
17-05 09:37:36,2.001,1.001,95.067,0.250,0,5507556,319280,179472,2010668,2539.790,1459.028,0,352.248,0,38.027,1434,2160,0.670,0.940,1.010,0,0,0,0,0,18,320,0,62,0
17-05 09:37:37,1.752,0.751,96.602,0.501,0,5507556,319280,179472,2010668,2480.628,1459.546,0,252.267,0,16.017,945,1465,0.670,0.940,1.010,0,0,0,0,0,18,320,0,62,0
17-05 09:37:38,1.749,0.749,95.421,0,0,5507556,319280,179472,2010668,2715.738,1498.752,0,111.907,0,15.987,1307,1847,0.620,0.930,1,1,0,0.999,0,0,18,320,0,62,0
17-05 09:37:39,1.500,1.000,96.507,0,0,5507552,319280,179472,2010672,2808.214,1566.119,0,176.013,0,11.001,924,1378,0.620,0.930,1,0,0,0,0,0,18,320,0,62,0
17-05 09:37:40,2.251,1.001,94.563,0.500,0,5507552,319280,179472,2010672,2736.814,1458.967,0,352.233,0,40.027,1499,2285,0.620,0.930,1,0,0,0,0,0,18,320,0,60,0
17-05 09:37:41,1.747,0.499,96.341,0.499,0,5507552,319280,179472,2010672,2653.608,1455.591,31.947,251.584,0.998,18.969,1018,1513,0.620,0.930,1,4,0,0.998,0,0,18,320,0,60,0
17-05 09:37:42,1.251,0.751,96.356,0,0.250,5507500,319280,179476,2010720,2600.872,1459.612,0,320.354,0,28.031,1114,1786,0.620,0.930,1,1,0,0,0,0,18,320,0,60,0
17-05 09:37:43,1.750,0.250,96.234,0,0.250,5507496,319280,179476,2010724,2537.565,1457.750,0,107.982,0,7.999,999,1411,0.570,0.910,1,0,0,0,0,0,18,320,0,60,0
17-05 09:37:44,1.250,0.750,96.507,0.250,0,5507496,319280,179476,2010724,2538.177,1458.101,0,72.005,0,5.000,984,1439,0.570,0.910,1,0,0,0,0,0,18,320,0,55,0
17-05 09:37:45,3.251,1.000,94.030,0,0,5507496,319280,179476,2010724,5607.775,3446.091,0,84.027,0,12.004,1384,1881,0.570,0.910,1,0,0,0,0,0,18,321,0,55,0
17-05 09:37:46,7.494,2.248,88.174,0.250,0,5507352,319280,179476,2010868,19133.577,8509.696,0,351.698,0,35.969,2137,2548,0.570,0.910,1,0,0,5.995,0,0,18,320,0,55,0
17-05 09:37:47,1.001,0.250,96.568,0,0,5507352,319280,179476,2010868,4094.891,1459.030,0,284.201,0,18.013,968,1461,0.570,0.910,1,0,0,0,0,0,18,320,0,55,0
17-05 09:37:48,2.000,1.250,96.247,0.250,0,5507604,319028,179476,2010868,2543.928,323.991,0,75.998,0,10.000,1105,1567,0.520,0.900,0.990,1,0,1.000,0,0,18,320,0,51,0
17-05 09:37:49,6.743,1.499,87.914,1.249,0,5518160,308444,179484,2010888,134505.694,3410.645,23.976,159.843,2.997,3.996,1493,1597,0.520,0.900,0.990,0,0,3.996,0,0,18,320,0,51,0
17-05 09:37:50,9.251,2.500,87.511,0.500,0,5516532,310056,179496,2010892,148067.730,6112.773,0,308.039,0,29.004,2279,2394,0.520,0.900,0.990,0,0,16.002,0,0,18,320,0,51,0
17-05 09:37:51,9.254,3.251,83.537,1.501,0,5535244,291172,179512,2011048,199316.851,8363.728,152.068,3157.408,6.003,151.067,2630,2777,0.520,0.900,0.990,1,0,19.008,0,0,18,320,0,51,0
17-05 09:37:52,10.011,2.503,86.097,0,0,5547332,278944,179512,2011188,236795.833,7308.204,32.036,552.620,1.001,38.043,2308,2361,0.520,0.900,0.990,1,0,8.009,0,0,18,320,0,49,0
17-05 09:37:53,21.488,5.997,70.960,0.500,0,5542692,277196,179516,2017572,1265.293,485.729,151.915,279.844,2.998,17.990,2641,2164,0.560,0.900,0.990,2,0,15.991,0,0,18,320,0,49,0
17-05 09:37:54,23.014,4.253,71.294,0,0,5543476,266656,179516,2027312,1206.749,486.302,0,196.122,0,11.007,2314,1746,0.560,0.900,0.990,1,0,8.005,0,0,18,320,0,49,0
