"pcp-dstat 6.2.0 CSV Output"
"Author:","PCP team <pcp@groups.io> and Dag Wieers <dag@wieers.com>",,,,"URL:","https://pcp.io/ and http://dag.wieers.com/home-made/dstat/"
"Host:","ubuntu",,,,"User:","ubuntu"
"Cmdline:","dstat -tcmndrylpg --tcp --output /tmp/devstack_logs/dstat-csv.log",,,,"Date:","24 Feb 2026 22:00:51 UTC"
"system","total usage",,,,,"memory usage",,,,"net/total",,"dsk/total",,"io/total",,"system",,"load avg",,,"procs",,,"paging",,"tcp sockets",,,,
"time","total usage:usr","total usage:sys","total usage:idl","total usage:wai","total usage:stl","used","free","buf","cach","net/total:recv","net/total:send","dsk/total:read","dsk/total:writ","read","writ","int","csw","1m","5m","15m","run","blk","new","in","out","lis","act","syn","tim","clo"
24-02 22:00:51,,992376,1505408,164660,5154956,,,,,,,1.290,0.950,0.540,2,0,,,,10,5,0,17,1
24-02 22:00:52,23.985,20.987,52.717,0.750,0,1009040,1488064,164692,5155500,21343.722,14663.877,0,1746.913,0,57.964,6188,5185,1.270,0.950,0.540,1,0,452.718,0,0,10,5,0,17,1
24-02 22:00:53,32.010,23.257,43.013,0.750,0,1016400,1459004,164908,5176112,173206.156,6898.077,0,2052.618,0,77.023,6548,6087,1.270,0.950,0.540,2,0,358.108,0,0,10,4,0,17,2
24-02 22:00:54,37.979,17.990,43.226,0.250,0,1011928,1451244,165492,5186056,2116.835,1457.198,0,1163.360,0,23.987,5145,4220,1.270,0.950,0.540,2,0,230.873,0,0,10,4,0,17,2
24-02 22:00:55,39.738,11.425,46.941,0.248,0,1141156,1307092,165808,5323504,2324.694,1609.403,0,298.038,0,11.922,5259,5501,1.270,0.950,0.540,8,0,78.483,0,0,11,6,0,17,2
24-02 22:00:56,39.156,11.044,46.184,2.510,0,1169080,1258840,166360,5341736,2426.654,1626.471,20.080,10831.090,2.008,586.333,4196,2688,1.270,0.950,0.540,3,0,104.415,0,0,11,6,0,17,2
24-02 22:00:57,38.510,12.003,47.762,1.000,0,1171744,1244084,167116,5351204,2340.589,1620.408,0,2760.695,0,111.028,4798,3653,1.330,0.960,0.550,3,0,180.045,0,0,11,6,0,19,2
24-02 22:00:58,42.240,5.499,48.239,2.999,0,1223076,1165644,167864,5375152,2459.440,1619.631,343.922,3115.291,14.997,72.983,3077,2019,1.330,0.960,0.550,3,0,0,0,0,11,6,0,19,2
24-02 22:00:59,44.743,4.499,48.992,1.750,0,1256464,1119904,168724,5384632,3005.513,2112.658,247.960,2827.542,7.999,53.991,2977,1748,1.330,0.960,0.550,3,0,0,0,0,11,7,0,19,2
24-02 22:01:00,38.882,4.515,51.174,3.763,0,1266716,1122792,169188,5371348,8107.554,3999.593,16.055,13951.414,1.003,1041.540,6187,9269,1.330,0.960,0.550,2,0,12.041,0,0,11,6,0,19,0
24-02 22:01:01,35.201,8.239,43.689,11.234,0,1291352,1091044,170296,5377164,6486.974,2858.023,0,52259.284,0,4151.224,15433,30326,1.330,0.960,0.550,0,1,98.862,0,0,11,7,0,19,0
24-02 22:01:02,41.553,8.511,46.809,2.503,0,1280552,1094920,170536,5383032,3947.015,2635.349,0,16993.593,0,957.216,6104,7668,1.380,0.980,0.560,2,0,82.104,0,0,11,4,0,19,0
24-02 22:01:03,41.890,5.949,50.814,0.248,0,1264652,1110572,170536,5383132,6584.456,2998.252,0,1526.888,0,131.868,2902,1580,1.380,0.980,0.560,1,0,18.838,0,0,11,5,0,19,0
24-02 22:01:04,43.635,6.306,48.932,0.504,0.252,1280244,1088240,171000,5388200,4996.131,3427.274,0,6025.222,0,269.379,5789,7954,1.380,0.980,0.560,2,0,6.053,0,0,11,4,0,19,0
24-02 22:01:05,45.341,7.474,45.341,0.249,0,1237608,1130160,171056,5388704,2331.807,1614.328,0,1905.305,0,11.958,7522,11557,1.380,0.980,0.560,2,0,18.933,0,0,11,4,0,19,0
24-02 22:01:06,43.756,9.751,44.256,0,0,1253168,1114336,171104,5388872,2357.329,1620.226,0,10325.439,0,45.006,11340,19034,1.380,0.980,0.560,2,0,19.003,0,0,11,4,0,19,0
24-02 22:01:07,44.628,6.519,48.890,0,0,1241836,1138600,171120,5377572,3899.174,1624.656,0,722.069,0,12.034,2694,1335,1.430,1,0.570,2,0,5.014,0,0,11,4,0,19,0
24-02 22:01:08,39.914,11.725,47.897,0.249,0,1186936,1193468,171132,5377584,2113.452,1454.869,0,2027.636,0,58.873,4332,2749,1.430,1,0.570,2,0,214.538,0,0,11,4,0,13,0
24-02 22:01:09,12.784,22.560,63.418,0,0,1137956,1242412,171132,5377628,3960.477,1624.297,0,196.520,0,24.064,5642,4187,1.430,1,0.570,1,0,390.032,0,0,11,4,0,13,0
24-02 22:01:10,14.703,16.946,66.786,0,0,1106352,1273836,171132,5377856,2452.149,1614.830,0,119.617,0,7.974,5187,5148,1.430,1,0.570,0,0,248.205,0,0,11,4,0,13,0
24-02 22:01:11,11.994,9.246,66.969,11.245,0,1099068,1276248,171132,5382800,2355.904,1619.247,4713.807,14601.206,41.980,75.965,3369,5098,1.430,1,0.570,0,1,70.967,0,0,11,4,0,13,0
24-02 22:01:12,37.244,9.748,47.243,4.749,0,1150876,1221552,171136,5385972,2365.630,1619.746,2987.532,463.927,34.995,28.995,3479,2407,1.480,1.020,0.570,2,0,122.981,0,0,11,5,0,13,0
24-02 22:01:13,45.865,5.263,48.622,0,0,1198092,1174336,171144,5385964,2466.192,1624.078,20.050,72.181,4.010,7.018,2734,1252,1.480,1.020,0.570,3,0,1.003,0,0,11,5,0,13,0
24-02 22:01:14,43.775,6.254,49.028,0,0,1220896,1150480,171144,5387012,2367.342,1620.919,492.279,348.197,4.002,23.013,2694,1336,1.480,1.020,0.570,2,0,0,0,0,11,5,0,13,0
24-02 22:01:15,46.870,6.482,45.872,0,0,1247928,1121432,171144,5388988,2138.050,1453.954,0,690.080,0,53.850,3868,4035,1.480,1.020,0.570,2,0,0,0,0,11,5,0,13,0
24-02 22:01:16,7.019,8.773,82.969,0,0,1256868,1112116,171144,5389332,2535.691,1624.286,0,20658.511,0,99.262,3035,2765,1.480,1.020,0.570,2,0,125.331,0,0,10,4,0,13,0
24-02 22:01:17,22.748,4.500,72.993,0,0,1313856,1055132,171144,5389332,2511.764,1619.848,0,0,0,0,1939,1447,1.440,1.020,0.580,1,0,14.999,0,0,11,4,0,13,0
24-02 22:01:18,22.753,2.500,73.261,0,0,1346508,1022472,171152,5389332,2512.361,1620.233,0,1412.203,0,3.000,1719,1223,1.440,1.020,0.580,2,0,0,0,0,11,4,0,13,0
24-02 22:01:19,24.502,1.750,73.505,0,0,1363192,1005588,171152,5389532,4072.275,1620.109,0,2260.153,0,14.001,1665,1083,1.440,1.020,0.580,2,0,0,0,0,11,6,0,13,0
24-02 22:01:20,21.495,4.249,70.734,1.500,0.250,1257144,1111512,171224,5389580,2511.435,1619.636,0,4439.002,0,352.921,4411,6009,1.440,1.020,0.580,1,0,42.990,0,0,11,4,0,13,0
24-02 22:01:21,19.949,3.990,73.313,2.244,0,1312284,1055820,171488,5389812,2420.829,1496.186,494.739,789.986,15.959,11.969,1729,1255,1.440,1.020,0.580,1,0,0,0,0,11,4,0,13,0
24-02 22:01:22,18.505,1.500,77.273,2.001,0,1331208,1036668,171488,5390004,4939.465,4012.190,4.001,0,1.000,0,1543,1084,1.400,1.020,0.580,1,0,0,0,0,11,11,0,13,0
24-02 22:01:23,18.720,3.245,73.132,3.994,0,1332840,1034428,171536,5390364,4881.114,4002.534,267.568,1657.323,65.894,29.952,2437,2422,1.400,1.020,0.580,1,0,1.997,0,0,11,25,0,13,0
24-02 22:01:24,19.845,4.522,75.110,0,0,1333568,1033676,171536,5390388,8345.014,5483.292,0,0,0,0,2584,1979,1.400,1.020,0.580,1,0,45.217,0,0,11,28,0,14,0
24-02 22:01:25,22.676,2.990,73.760,0,0,1379232,988008,171536,5390388,2537.727,1614.736,0,318.960,0,3.987,1735,1183,1.400,1.020,0.580,1,0,0,0,0,11,28,0,14,0
24-02 22:01:26,18.535,2.505,78.148,0,0,1381408,985820,171536,5390400,9511.957,8568.176,0,10860.503,0,133.252,2295,2019,1.400,1.020,0.580,3,0,0,0,0,11,28,0,15,0
24-02 22:01:27,33.936,13.225,49.656,1.747,0,1418092,949084,171536,5390412,2541.214,1616.954,0,43266.508,0,635.802,4180,2622,1.450,1.030,0.590,3,0,155.707,0,0,11,28,0,15,0
24-02 22:01:28,36.619,4.515,58.690,0,0,1447864,919296,171536,5390424,10090.672,9322.184,0,0,0,0,2926,2103,1.450,1.030,0.590,3,0,0,0,0,11,30,0,15,0
24-02 22:01:29,37.622,4.734,56.060,0.249,0,1451796,915292,171540,5390624,13788.271,12353.134,0,3835.003,0,130.558,5871,7502,1.450,1.030,0.590,3,0,0,0,0,11,28,0,16,0
24-02 22:01:30,56.768,28.259,14.755,0,0,1428500,938548,171540,5390660,2280.707,1620.502,0,204.063,0,20.006,5425,4297,1.450,1.030,0.590,6,0,543.168,0,0,11,28,0,16,0
24-02 22:01:31,87.267,13.040,0.251,0,0,1607876,759152,171548,5390672,4042.362,3603.018,0,156.479,0,12.037,4910,2623,1.450,1.030,0.590,5,0,35.107,0,0,11,29,0,16,0
24-02 22:01:32,88.102,10.453,0.747,0,0,1722372,644632,171548,5390692,16173.897,15185.365,0,31250.752,0,154.303,6168,5080,1.820,1.110,0.620,5,0,0,0,0,11,32,0,16,0
24-02 22:01:33,79.860,9.794,9.794,0,0,1752884,613820,171556,5390916,30581.038,26860.243,0,10101.597,0,60.272,8343,11411,1.820,1.110,0.620,5,0,57.258,0,0,11,30,0,19,1
24-02 22:01:34,43.354,15.199,39.866,0,0,1553964,812708,171556,5390948,7270.527,6373.547,0,426.564,0,39.866,5810,5738,1.820,1.110,0.620,3,0,259.128,0,0,11,28,0,22,0
24-02 22:01:35,29.348,6.020,63.963,0,0,1504328,862340,171556,5390968,2064.879,1462.873,0,172.575,0,10.033,2849,9320,1.820,1.110,0.620,1,0,36.120,0,0,11,28,0,23,0
24-02 22:01:36,17.690,1.993,78.983,0.498,0,1514088,852552,171572,5390964,7738.819,7390.996,0,617.910,0,35.879,2331,2336,1.820,1.110,0.620,0,0,0,0,0,11,29,0,23,0
24-02 22:01:37,17.253,7.251,74.015,0,0,1484584,882032,171584,5390976,4136.839,2777.563,0,208.042,0,20.004,3098,2762,1.750,1.110,0.620,1,0,68.014,0,0,11,28,0,23,0
24-02 22:01:38,21.494,2.749,75.227,0,0,1492956,873660,171584,5390976,4011.792,3590.919,0,375.887,0,13.996,1693,1173,1.750,1.110,0.620,0,0,0,0,0,11,29,0,23,0
24-02 22:01:39,18.501,2.000,78.256,0.250,0,1478108,888484,171588,5390996,9450.749,6626.525,0,364.029,0,40.003,2947,3390,1.750,1.110,0.620,1,0,0,0,0,11,28,0,24,0
24-02 22:01:40,10.026,20.302,68.176,0.752,0,1425152,941408,171616,5391000,2285.892,1624.186,0,3569.199,0,190.491,5735,4613,1.750,1.110,0.620,2,0,404.041,0,0,11,28,0,24,0
24-02 22:01:41,37.976,31.480,29.231,0,0,1428272,938264,171616,5391040,2415.460,1618.968,0,263.832,0,21.986,5771,4725,1.750,1.110,0.620,5,0,631.597,0,0,11,28,0,19,0
24-02 22:01:42,88.541,11.255,0.250,0,0,1586112,780408,171624,5391048,3732.739,3431.599,0,908.423,0,48.022,4927,2404,2.010,1.180,0.640,4,0,3.001,0,0,11,29,0,19,0
24-02 22:01:43,81.563,8.256,10.008,0,0,1686204,680284,171624,5391076,21723.880,22135.199,0,88.068,0,6.005,5697,4609,2.010,1.180,0.640,1,0,1.001,0,0,11,33,0,19,0
24-02 22:01:44,74.517,8.002,16.754,0,0,1672988,693276,171648,5391276,29892.684,25227.641,0,2364.529,0,144.032,8922,12946,2.010,1.180,0.640,5,0,30.007,0,0,11,29,0,20,0
24-02 22:01:45,78.503,21.001,0.250,0,0,1541384,824760,171652,5391400,9217.316,5041.173,0,372.013,0,27.001,6177,5694,2.010,1.180,0.640,6,0,278.010,0,0,11,28,0,20,0
24-02 22:01:46,89.249,10.250,0.250,0,0,1660496,705648,171652,5391400,2785.976,2308.980,0,171.999,0,9.000,4750,2298,2.010,1.180,0.640,5,0,2.000,0,0,11,29,0,20,0
24-02 22:01:47,88.685,9.243,2.248,0,0,1755052,610936,171664,5391544,25552.153,23071.983,0,1494.897,0,38.971,6583,5705,2.250,1.240,0.670,4,0,0,0,0,11,34,0,20,0
24-02 22:01:48,83.651,8.240,6.992,0,0,1736600,629156,171668,5391772,34305.585,32086.200,0,207.755,0,18.978,8286,12154,2.250,1.240,0.670,6,0,7.991,0,0,11,31,0,23,0
24-02 22:01:49,63.079,19.024,17.522,0,0,1536760,828820,171672,5391944,13570.048,11765.781,0,304.382,0,22.028,6433,7448,2.250,1.240,0.670,2,0,290.365,0,0,11,28,0,22,0
24-02 22:01:50,40.487,5.248,53.483,0.250,0,1528648,836920,171672,5391956,6662.898,6150.060,0,1487.531,0,128.959,3026,1914,2.250,1.240,0.670,2,0,0,0,0,11,30,0,22,0
24-02 22:01:51,34.781,5.755,57.551,0.250,0,1434668,930852,171684,5391992,13550.961,12579.103,0,712.629,0,48.042,5090,5683,2.250,1.240,0.670,1,0,41.036,0,0,11,29,0,23,0
24-02 22:01:52,59.720,22.489,17.741,0,0,1461700,903784,171684,5392028,5847.061,4532.722,0,615.691,0,8.995,5336,4276,2.310,1.270,0.680,3,0,336.831,0,0,11,28,0,24,0
24-02 22:01:53,56.527,5.976,36.107,0,0,1545300,820176,171684,5392036,12290.446,11726.674,0,0,0,0,3856,2255,2.310,1.270,0.680,2,0,0.996,0,0,11,31,0,24,0
24-02 22:01:54,54.966,5.271,38.652,0,0,1542888,822392,171696,5392220,21542.539,19437.277,0,758.978,0,42.165,7026,9230,2.310,1.270,0.680,4,0,0,0,0,11,29,0,25,0
24-02 22:01:55,71.292,19.762,8.505,0,0,1486988,878252,171708,5392248,2878.687,2086.222,0,304.178,0,24.014,5272,3822,2.310,1.270,0.680,5,0,258.151,0,0,11,28,0,25,0
24-02 22:01:56,80.855,7.736,11.230,0,0,1600036,765196,171708,5392256,11080.185,11432.555,0,139.750,0,9.982,4523,1889,2.310,1.270,0.680,1,0,0,0,0,11,32,0,25,0
24-02 22:01:57,62.259,7.251,29.504,0,0,1599848,765196,171712,5392444,26001.833,23764.503,0,732.108,0,37.005,7671,9482,2.210,1.270,0.680,2,0,0,0,0,11,32,0,24,0
24-02 22:01:58,64.605,20.032,15.024,0.250,0,1504764,860220,171716,5392500,11872.241,9990.191,0,452.734,0,41.067,6745,7455,2.210,1.270,0.680,3,0,324.526,0,0,11,28,0,27,0
24-02 22:01:59,68.181,7.243,24.475,0.250,0,1592672,772312,171716,5392500,2397.572,1618.361,0,155.842,0,8.991,3585,1399,2.210,1.270,0.680,3,0,0,0,0,11,28,0,27,0
24-02 22:02:00,49.001,4.250,45.001,0,0.250,1595036,769884,171740,5392540,21848.477,21593.471,0,532.012,0,37.001,5671,6502,2.210,1.270,0.680,3,0,0,0,0,11,31,0,27,0
24-02 22:02:01,60.771,20.257,18.757,0,0,1500792,863948,171744,5392716,13102.598,10810.794,0,348.122,0,29.010,6789,7141,2.210,1.270,0.680,3,0,299.105,0,0,11,28,0,28,0
24-02 22:02:02,67.754,7.722,24.162,0,0,1556360,808372,171748,5392720,2050.565,1452.733,0,394.569,0,8.967,3590,1338,2.270,1.290,0.690,3,0,0,0,0,11,28,0,28,0
24-02 22:02:03,49.443,5.020,44.173,0.251,0,1567396,797308,171752,5392744,19887.702,17819.622,0,449.757,0,25.098,4987,4750,2.270,1.290,0.690,4,0,1.004,0,0,11,31,0,28,0
24-02 22:02:04,55.923,18.225,25.215,0,0,1450388,913980,171760,5393096,15579.449,13551.254,0,2208.944,0,93.870,7381,8638,2.270,1.290,0.690,4,0,272.623,0,0,11,28,0,31,0
24-02 22:02:05,67.434,8.741,23.477,0,0,1539172,825160,171760,5393132,2277.760,1618.408,0,187.815,0,7.992,3608,1372,2.270,1.290,0.690,3,0,13.986,0,0,11,28,0,31,0
24-02 22:02:06,50.854,5.511,43.589,0,0,1563380,800800,171760,5393284,17861.500,17117.980,0,140.287,0,6.012,4891,4527,2.270,1.290,0.690,2,0,0,0,0,11,31,0,31,0
24-02 22:02:07,55.286,11.508,32.521,0.500,0,1493532,870556,171788,5393348,13854.067,11813.732,0,404.265,0,40.026,6932,7486,2.330,1.320,0.710,3,0,112.073,0,0,11,28,0,33,0
24-02 22:02:08,68.503,7.250,24.001,0,0,1529992,834096,171788,5393348,4192.196,1620.076,0,288.013,0,10.000,3690,1314,2.330,1.320,0.710,3,0,0,0,0,11,28,0,33,0
24-02 22:02:09,48.108,5.235,45.366,0.249,0,1547480,816576,171788,5393380,20175.378,20209.278,0,805.619,0,52.844,5376,5869,2.330,1.320,0.710,1,0,0,0,0,11,31,0,33,0
24-02 22:02:10,56.277,21.510,21.761,0.250,0,1433544,930452,171796,5393400,11232.448,8588.165,0,400.194,0,45.022,6762,7408,2.330,1.320,0.710,6,0,387.188,0,0,11,28,0,35,0
24-02 22:02:11,78.947,21.303,0,0,0,1543580,820380,171796,5393436,2655.611,1624.043,0,180.449,0,12.030,5290,3914,2.330,1.320,0.710,9,0,302.754,0,0,11,28,0,35,0
24-02 22:02:12,83.678,16.736,0,0,0.250,1688948,674988,171804,5393452,4061.519,3588.924,0,455.609,0,29.974,5255,3859,2.700,1.420,0.740,6,0,277.762,0,0,11,29,0,35,0
24-02 22:02:13,80.613,17.720,0.998,0,0,1748952,614816,171804,5393620,26818.294,25059.292,0,0,0,0,6865,6750,2.700,1.420,0.740,7,0,277.527,0,0,11,33,0,35,0
24-02 22:02:14,78.450,17.294,3.509,0,0,1736844,626648,171824,5393876,35435.268,33182.529,0,882.247,0,64.163,8024,9743,2.700,1.420,0.740,8,0,330.843,0,0,11,29,0,36,0
24-02 22:02:15,77.850,21.958,0.499,0,0,1588900,774532,171832,5393928,9475.772,8298.037,0,2978.271,0,147.716,5788,4812,2.700,1.420,0.740,5,0,281.459,0,0,11,28,0,36,0
24-02 22:02:16,89.163,9.768,0.751,0,0.250,1632492,730936,171832,5393932,8678.910,7746.200,0,12.022,0,1.002,4912,2469,2.700,1.420,0.740,5,0,0,0,0,11,30,0,36,0
24-02 22:02:17,79.153,7.241,13.483,0,0.250,1676016,687364,171832,5393980,30095.128,28508.072,0,247.697,0,15.980,7249,8661,2.570,1.410,0.740,3,0,0,0,0,11,33,0,36,0
24-02 22:02:18,68.435,14.736,13.987,0,0,1523440,839728,171832,5394192,26062.342,23860.425,0,11.989,0,2.997,9091,11791,2.570,1.410,0.740,4,0,259.754,0,0,11,29,0,40,0
24-02 22:02:19,18.768,27.276,53.051,0,0,1424660,938480,171832,5394220,3644.505,2813.706,0,156.150,0,11.011,6482,5362,2.570,1.410,0.740,3,0,655.631,0,0,11,28,0,41,0
24-02 22:02:20,58.325,35.045,7.009,0,0,1475888,887204,171836,5394264,2282.922,1622.076,0,300.384,0,27.035,5742,5151,2.570,1.410,0.740,7,0,676.866,0,0,11,28,0,41,0
24-02 22:02:21,79.728,8.997,10.997,0,0,1576884,786192,171840,5394276,10694.986,9693.268,0,119.966,0,7.998,4533,2382,2.570,1.410,0.740,3,0,10.997,0,0,11,30,1,41,0
24-02 22:02:22,51.499,7.750,40.249,0.250,0,1565580,797308,171852,5394452,17802.498,15554.561,0,351.990,0,32.999,5719,6437,2.680,1.450,0.760,3,0,66.998,0,0,11,30,0,41,0
24-02 22:02:23,71.802,14.460,12.964,0.249,0,1535604,827220,171872,5394496,13487.743,11960.961,0,418.843,0,45.873,5864,6257,2.680,1.450,0.760,6,0,135.625,0,0,11,31,0,42,0
24-02 22:02:24,79.413,11.524,9.018,0,0,1550616,812164,171892,5394520,9714.901,8622.664,0,300.616,0,22.045,5204,3480,2.680,1.450,0.760,4,0,67.138,0,0,11,32,0,43,0
24-02 22:02:25,72.925,7.218,18.418,0,0,1610396,752188,171900,5394708,24609.328,21545.980,0,215.042,0,13.938,7329,8865,2.680,1.450,0.760,5,0,0.996,0,0,11,35,0,43,0
24-02 22:02:26,61.026,7.534,30.889,0,0,1595368,767104,171920,5394800,32748.896,30327.963,0,241.089,0,21.095,11047,15293,2.680,1.450,0.760,4,0,29.132,0,0,11,35,0,42,0
24-02 22:02:27,76.069,10.009,13.512,0,0,1588360,773892,171940,5394996,20036.227,17850.238,0,336.306,0,36.033,7260,9623,2.710,1.480,0.770,4,0,31.028,0,0,11,33,0,42,0
24-02 22:02:28,76.750,12.500,10.500,0,0,1553608,808604,171956,5395020,10933.055,10273.051,0,276.001,0,23.000,5265,4100,2.710,1.480,0.770,4,0,60.000,0,0,11,34,0,42,0
24-02 22:02:29,73.063,6.982,18.702,0,0,1623092,739064,171964,5395068,22501.544,19811.413,0,151.613,0,8.977,6363,7575,2.710,1.480,0.770,3,0,0,0,0,11,35,0,42,0
24-02 22:02:30,65.878,5.989,27.200,0,0,1628500,733428,171964,5395292,34258.702,31497.803,0,2603.190,0,117.782,10801,14384,2.710,1.480,0.770,4,0,0,0,0,11,35,0,41,0
24-02 22:02:31,68.938,15.292,15.793,0,0,1620532,741180,171968,5395504,23859.138,21304.162,0,132.361,0,8.022,7625,10746,2.710,1.480,0.770,4,0,142.389,0,0,11,33,0,43,0
24-02 22:02:32,79.141,14.275,6.512,0,0,1542108,819584,171968,5395524,11043.643,8393.930,0,148.264,0,10.018,4871,3511,2.810,1.520,0.790,5,0,118.210,0,0,11,33,0,44,0
24-02 22:02:33,73.440,8.493,17.486,0,0,1627608,733904,171972,5395696,20553.184,19589.972,0,111.908,0,7.993,5277,6824,2.810,1.520,0.790,3,0,6.994,0,0,11,35,0,44,0
24-02 22:02:34,67.046,6.004,26.518,0,0,1629272,732140,171976,5395792,31638.495,29516.053,0,1072.729,0,21.014,9764,13704,2.810,1.520,0.790,3,0,0,0,0,11,34,0,39,0
24-02 22:02:35,81.307,15.713,2.494,0,0,1467524,893720,171988,5395944,5827.170,4286.826,0,379.100,0,48.884,5367,4151,2.810,1.520,0.790,6,0,129.692,0,0,11,32,0,40,0
24-02 22:02:36,79.168,10.489,10.239,0,0,1606080,755160,171992,5395944,8638.076,7819.921,0,163.831,0,7.992,5021,10829,2.810,1.520,0.790,4,0,33.965,0,0,11,34,0,41,0
24-02 22:02:37,66.569,7.258,25.526,0,0,1590736,770440,171996,5396004,24263.138,22925.753,0,440.456,0,40.041,5655,7536,2.910,1.560,0.810,4,0,11.011,0,0,11,35,0,42,0
24-02 22:02:38,69.178,13.486,15.983,0,0,1632348,728608,172016,5396196,20388.916,18422.949,0,1854.083,0,128.867,7690,10451,2.910,1.560,0.810,6,0,108.887,0,0,11,34,0,41,0
24-02 22:02:39,77.933,13.281,8.019,0,0,1562908,798028,172016,5396216,12006.152,10840.419,0,0,0,0,5477,4518,2.910,1.560,0.810,4,0,141.331,0,0,11,33,0,43,0
24-02 22:02:40,77.941,8.743,13.740,0,0,1631576,729320,172016,5396256,15673.081,15249.404,0,107.918,0,0.999,5071,4788,2.910,1.560,0.810,3,0,0,0,0,11,35,0,43,0
24-02 22:02:41,71.677,11.738,15.984,0,0,1583496,777228,172016,5396424,20013.500,17386.191,0,0,0,0,5925,6672,2.910,1.560,0.810,5,0,85.912,0,0,11,34,0,45,0
24-02 22:02:42,81.482,12.536,5.014,0,0,1537616,823068,172016,5396460,8042.885,7422.119,0,0,0,0,5097,3559,2.990,1.600,0.820,3,0,68.194,0,0,11,33,0,46,0
24-02 22:02:43,76.234,8.691,14.899,0,0,1581300,779364,172016,5396480,16274.789,14935.856,0,67.543,0,1.987,5090,4026,2.990,1.600,0.820,4,0,0.993,0,0,11,35,0,46,0
24-02 22:02:44,62.108,7.795,29.168,0.754,0,1569532,791060,172028,5396540,21540.247,19732.822,0,555.202,0,58.336,6648,8338,2.990,1.600,0.820,4,0,66.383,0,0,11,33,0,49,0
24-02 22:02:45,58.057,17.517,23.773,0,0,1478572,882000,172032,5396556,3198.147,2447.408,0,304.299,0,20.020,4696,3109,2.990,1.600,0.820,4,0,192.189,0,0,11,32,0,50,0
24-02 22:02:46,55.765,6.473,36.845,0,0.249,1540132,820300,172032,5396696,13397.571,12718.431,0,2605.028,0,127.463,3692,2123,2.990,1.600,0.820,2,0,0,0,0,11,35,0,49,0
24-02 22:02:47,55.910,5.766,38.109,0.251,0,1539896,820300,172044,5396912,20638.927,18468.731,0,677.936,0,48.137,7166,8885,2.830,1.590,0.830,5,0,0,0,0,11,34,0,50,0
24-02 22:02:48,58.553,15.764,25.523,0,0,1453992,906180,172044,5396936,6129.564,5114.643,0,4.004,0,1.001,5172,3920,2.830,1.590,0.830,4,0,182.165,0,0,11,32,0,52,0
24-02 22:02:49,61.749,6.500,31.000,0,0,1557140,803028,172044,5396940,8775.868,8229.876,0,0,0,0,3752,1768,2.830,1.590,0.830,3,0,0,0,0,11,34,0,52,0
24-02 22:02:50,50.414,5.740,41.928,0,0,1555940,804012,172044,5397148,24559.883,20663.564,0,479.178,0,25.955,6713,8075,2.830,1.590,0.830,3,0,0,0,0,11,34,0,48,0
24-02 22:02:51,36.441,14.476,47.173,0,0,1443960,915932,172068,5397180,11099.978,7980.043,0,379.384,0,33.945,6003,6084,2.830,1.590,0.830,2,0,220.642,0,0,11,32,0,50,0
24-02 22:02:52,45.267,6.002,48.518,0,0,1496616,863276,172068,5397180,2524.941,1620.604,0,0,0,0,2726,1226,2.770,1.600,0.830,3,0,0,0,0,11,32,0,50,0
24-02 22:02:53,33.994,2.749,61.988,0,0,1508624,851244,172068,5397200,14951.211,13837.419,0,187.965,0,10.998,3596,3293,2.770,1.600,0.830,3,0,1.000,0,0,11,34,0,50,0
24-02 22:02:54,37.749,11.500,49.998,0.500,0,1471776,887880,172080,5397400,8032.743,6886.780,0,259.992,0,24.999,5208,5777,2.770,1.600,0.830,2,0,137.996,0,0,11,32,0,52,0
24-02 22:02:55,42.758,5.251,52.260,0,0,1518000,841656,172080,5397400,3893.757,3592.698,0,244.047,0,11.002,2541,1305,2.770,1.600,0.830,3,0,0,0,0,11,33,0,49,0
24-02 22:02:56,37.602,4.262,57.656,0,0,1490320,869296,172096,5397424,13079.330,11561.229,0,401.083,0,31.084,3300,3090,2.770,1.600,0.830,2,0,18.049,0,0,11,33,0,50,0
24-02 22:02:57,37.876,7.475,52.827,0.249,0,1443296,916300,172096,5397444,7808.400,6636.243,0,215.294,0,20.931,4506,4213,2.790,1.620,0.840,2,0,46.846,0,0,11,32,0,51,0
24-02 22:02:58,41.025,5.503,53.282,0,0,1482252,877340,172096,5397448,7474.514,6508.931,0,0,0,0,2724,1712,2.790,1.620,0.840,2,0,0,0,0,11,33,0,51,0
24-02 22:02:59,38.888,3.262,56.953,0,0,1490784,868764,172104,5397476,15235.201,13742.892,0,272.971,0,19.068,4607,5049,2.790,1.620,0.840,3,0,0,0,0,11,33,0,49,0
24-02 22:03:00,36.974,8.744,53.963,0,0,1455304,904068,172116,5397640,9041.728,6559.450,0,263.817,0,24.983,4509,4560,2.790,1.620,0.840,2,0,47.967,0,0,11,32,0,50,0
24-02 22:03:01,41.884,4.238,52.604,0,0,1476252,883112,172120,5397644,7526.162,6487.039,0,2321.572,0,151.580,3033,1815,2.790,1.620,0.840,2,0,0,0,0,11,33,0,50,0
24-02 22:03:02,36.847,4.011,58.153,0.251,0,1472892,886440,172124,5397672,15574.860,14077.933,0,565.484,0,41.108,5191,5915,2.640,1.610,0.840,2,0,0,0,0,11,33,0,51,0
24-02 22:03:03,26.645,15.937,56.030,0.249,0,1400280,958972,172128,5397748,7857.102,6631.920,0,278.903,0,20.918,5663,5217,2.640,1.610,0.840,1,0,281.891,0,0,11,32,0,50,0
24-02 22:03:04,22.600,4.018,72.570,0,0,1399544,959700,172128,5397752,2436.748,1627.177,0,140.620,0,7.031,1778,1226,2.640,1.610,0.840,1,0,0,0,0,11,32,0,50,0
24-02 22:03:05,18.186,2.990,77.728,0,0.249,1412656,946548,172132,5397788,7697.079,6639.777,0,1223.720,0,48.829,1862,1548,2.640,1.610,0.840,2,0,0,0,0,11,33,0,50,0
24-02 22:03:06,18.505,2.501,78.023,0.250,0,1382020,977160,172136,5397808,8676.568,7431.199,0,208.062,0,20.006,3272,3933,2.640,1.610,0.840,1,0,7.002,0,0,11,32,0,51,0
24-02 22:03:07,14.291,15.043,70.202,0.251,0,1408980,950192,172136,5397816,2443.027,1462.206,0,184.531,0,15.043,4080,3100,2.510,1.600,0.850,1,0,277.799,0,0,11,32,0,47,0
24-02 22:03:08,20.680,1.744,76.741,0,0,1425268,933900,172136,5397820,4196.812,3579.898,0,3.987,0,0.997,1655,1151,2.510,1.600,0.850,0,0,0,0,0,11,33,0,47,0
24-02 22:03:09,20.263,3.002,75.550,0,0,1418308,940828,172140,5397844,12397.237,10325.861,0,180.120,0,10.007,3612,4201,2.510,1.600,0.850,1,0,0,0,0,11,32,0,47,1
24-02 22:03:10,21.254,5.001,73.012,0.250,0,1370856,988276,172144,5397844,2850.478,1686.283,0,260.044,0,20.003,2371,1890,2.510,1.600,0.850,1,0,46.008,0,0,11,32,0,48,0
24-02 22:03:11,18.990,2.998,77.209,0,0,1401984,957012,172148,5397976,7898.775,6659.438,0,123.934,0,7.996,1883,1555,2.510,1.600,0.850,1,0,0,0,0,11,33,0,45,0
24-02 22:03:12,19.497,2.500,76.738,0.250,0,1398672,960296,172152,5398000,11480.219,8632.661,0,219.966,0,13.998,3852,4597,2.390,1.590,0.850,1,0,0,0,0,11,33,0,45,0
24-02 22:03:13,16.042,12.282,70.935,0,0,1364996,993848,172152,5398124,6479.936,3765.842,0,100.262,0,13.034,4570,4123,2.390,1.590,0.850,1,0,237.621,0,0,11,32,0,45,0
24-02 22:03:14,20.953,20.454,57.371,0,0,1377924,980856,172160,5398176,2139.202,1454.737,0,259.418,0,18.957,5521,4285,2.390,1.590,0.850,2,0,389.127,0,0,11,32,0,47,0
24-02 22:03:15,44.996,5.250,48.746,0,0,1464580,893768,172168,5398560,2279.804,1619.861,35.997,703.939,1.000,23.998,2736,1558,2.390,1.590,0.850,2,0,0,0,0,11,32,0,46,0
24-02 22:03:16,39.094,7.017,45.610,7.769,0,1515372,838368,172544,5402352,2362.679,1623.903,437.051,11567.806,17.041,1088.617,7786,11412,2.390,1.590,0.850,1,0,59.142,0,0,11,36,0,46,0
24-02 22:03:17,39.635,7.977,40.133,9.971,0,1483300,865024,173488,5406512,4002.359,1615.302,0,43409.738,0,3829.860,15889,28998,2.440,1.620,0.860,2,0,84.753,0,0,11,36,0,46,0
24-02 22:03:18,41.039,8.008,42.540,6.506,0,1482492,865024,173848,5406916,2402.258,1621.524,0,34444.375,0,2945.769,13402,23689,2.440,1.620,0.860,2,0,27.025,0,0,11,36,0,46,0
24-02 22:03:19,43.480,7.247,48.228,0.250,0,1487384,860120,173860,5406916,2398.903,1619.260,0,2814.713,0,133.939,3047,1920,2.440,1.620,0.860,2,0,6.997,0,0,11,32,0,41,0
24-02 22:03:20,44.890,5.517,46.645,2.257,0,1488464,858860,173900,5407052,2287.126,1625.063,0,4140.901,0,639.994,6289,8204,2.440,1.620,0.860,5,0,2.006,0,0,11,34,0,41,0
24-02 22:03:21,39.163,7.234,42.406,7.982,0,1495612,851056,174164,5407436,2190.143,1454.774,0,18506.956,0,2410.654,14624,25043,2.440,1.620,0.860,3,0,1.996,0,0,11,34,0,41,0
24-02 22:03:22,29.719,7.992,60.936,0.499,0,1435472,911168,174176,5407448,2277.599,1618.294,0,3792.003,0,213.775,3349,2899,2.320,1.610,0.860,2,0,97.897,0,0,11,32,0,41,0
24-02 22:03:23,22.764,4.002,72.543,0.250,0,1449572,897056,174184,5407452,2401.437,1620.970,0,1400.838,0,77.046,2085,1810,2.320,1.610,0.860,2,0,2.001,0,0,11,32,0,38,0
24-02 22:03:24,22.499,3.250,72.248,0.500,0,1501680,844944,174188,5407452,2339.924,1661.946,0,5215.831,0,286.991,2236,2374,2.320,1.610,0.860,2,0,2.000,0,0,11,32,0,38,0
24-02 22:03:25,23.239,3.248,73.216,0,0,1470356,876248,174188,5407472,2518.821,1619.242,0,0,0,0,1782,1183,2.320,1.610,0.860,3,0,1.000,0,0,11,32,0,38,0
24-02 22:03:26,22.248,3.750,73.495,0,0,1481760,864844,174188,5407472,2596.806,1619.879,0,151.989,0,8.999,1814,1186,2.320,1.610,0.860,3,0,2.000,0,0,11,32,0,38,0
24-02 22:03:27,23.498,2.500,73.493,0,0,1462736,883852,174188,5407484,2339.763,1619.836,0,211.979,0,48.995,1684,1034,2.220,1.600,0.860,2,0,1.000,0,0,11,32,0,37,0
24-02 22:03:28,22.498,3.250,73.243,0,0,1459964,886624,174188,5407484,2117.792,1457.857,0,7.999,0,1.000,1746,1290,2.220,1.600,0.860,1,0,0,0,0,11,32,0,37,0
24-02 22:03:29,23.255,3.251,73.516,0,0,1505072,841516,174188,5407484,2400.515,1620.348,0,0,0,0,1746,1100,2.220,1.600,0.860,1,0,2.000,0,0,11,32,0,37,0
24-02 22:03:30,22.754,3.001,73.513,0,0.250,1468636,877840,174188,5407556,2280.400,1620.284,0,180.032,0,2.000,1688,1035,2.220,1.600,0.860,2,0,1.000,0,0,11,32,0,37,0
24-02 22:03:31,23.496,3.749,71.986,0.250,0,1480292,866172,174192,5407560,2476.528,1619.692,0,559.893,0,41.992,2127,1742,2.220,1.600,0.860,1,0,2.999,0,0,11,32,0,34,0
24-02 22:03:32,23.252,2.500,73.255,0,0,1460500,885876,174192,5407648,3840.266,1620.112,0,4.000,0,1.000,1682,1034,2.120,1.580,0.860,1,0,1.000,0,0,11,32,0,34,0
24-02 22:03:33,23.251,4.000,72.252,0,0,1460612,885752,174192,5407660,2340.065,1620.045,0,312.009,0,62.002,2021,1422,2.120,1.580,0.860,1,0,7.000,0,0,11,32,0,34,0
24-02 22:03:34,22.743,3.249,73.228,0,0,1443612,902740,174192,5407672,2399.272,1661.496,0,3.999,0,1.000,1763,1225,2.120,1.580,0.860,1,0,1.000,0,0,11,32,0,34,0
24-02 22:03:35,22.249,3.750,73.246,0,0,1473324,873028,174192,5407672,2057.877,1457.913,0,0,0,0,1784,1199,2.120,1.580,0.860,1,0,2.000,0,0,11,32,0,31,0
24-02 22:03:36,29.758,5.251,64.018,0,0,1436852,909464,174192,5407692,2357.670,1620.461,0,0,0,0,2913,10135,2.120,1.580,0.860,1,0,37.011,0,0,11,32,0,32,0
24-02 22:03:37,23.255,3.251,73.016,0,0,1431616,914692,174192,5407700,2340.501,1620.347,0,92.020,0,3.001,1751,1258,2.030,1.580,0.860,2,0,0,0,0,11,32,0,32,0
24-02 22:03:38,22.506,3.001,73.520,0,0,1417704,928584,174192,5407720,2400.667,1620.451,0,4.001,0,1.000,1737,1241,2.030,1.580,0.860,2,0,1.000,0,0,11,32,0,32,0
24-02 22:03:39,22.504,3.501,73.514,0,0,1478920,867364,174192,5407724,2400.450,1620.304,0,0,0,0,1761,1171,2.030,1.580,0.860,1,0,2.000,0,0,11,32,0,32,0
24-02 22:03:40,19.791,6.514,73.152,0,0,1359928,986240,174192,5407836,2284.753,1623.377,0,8.017,0,1.002,2740,1968,2.030,1.580,0.860,1,0,107.223,0,0,11,32,0,27,0
24-02 22:03:41,8.759,22.272,68.067,0.500,0,1360100,986032,174196,5407884,2197.164,1459.437,0,3579.525,0,237.234,6487,5464,2.030,1.580,0.860,1,0,516.509,0,0,11,32,0,27,0
24-02 22:03:42,9.497,20.244,68.978,0,0,1356864,989220,174196,5407932,2339.264,1619.491,0,283.911,0,5.998,5644,4215,1.950,1.570,0.860,1,0,391.877,0,0,11,32,0,27,0
24-02 22:03:43,11.461,17.440,70.509,0,0,1371648,974404,174196,5407964,2391.819,1614.478,0,470.391,0,88.697,5172,4013,1.950,1.570,0.860,2,0,353.790,0,0,11,32,0,27,0
24-02 22:03:44,22.251,3.750,73.254,0,0,1428992,917072,174196,5407952,2280.110,1620.078,0,8.000,0,2.000,1738,1172,1.950,1.570,0.860,1,0,0,0,0,11,32,0,23,0
24-02 22:03:45,22.252,3.500,74.006,0,0,1452756,893308,174196,5407952,2280.192,1620.137,0,16.001,0,1.000,1670,1024,1.950,1.570,0.860,1,0,2.000,0,0,11,32,0,23,0
24-02 22:03:46,23.005,3.251,72.767,0,0,1451996,894068,174196,5407948,4157.967,1620.377,0,1580.367,0,13.003,1851,1228,1.950,1.570,0.860,1,0,1.000,0,0,11,32,0,23,0
24-02 22:03:47,23.000,3.500,72.999,0,0,1491812,854252,174196,5407948,2339.983,1619.988,0,183.999,0,2.000,1796,1128,1.870,1.560,0.860,1,0,2.000,0,0,11,32,0,23,0
24-02 22:03:48,22.996,2.500,73.739,0,0,1474404,871640,174196,5407968,2177.666,1457.776,0,19.997,0,1.000,1773,1158,1.870,1.560,0.860,1,0,1.000,0,0,11,32,0,16,0
24-02 22:03:49,22.756,3.001,73.018,0,0,1490324,855732,174196,5407956,2340.582,1620.403,0,0,0,0,1754,1167,1.870,1.560,0.860,1,0,1.000,0,0,11,32,0,16,0
24-02 22:03:50,23.249,3.250,73.496,0,0,1504788,841256,174196,5407968,2279.866,1619.905,0,15.999,0,2.000,1725,1094,1.870,1.560,0.860,1,0,1.000,0,0,11,32,0,16,0
24-02 22:03:51,22.251,4.000,71.754,0.500,0.250,1464480,881576,174196,5407956,2477.125,1620.082,0,5720.289,0,262.013,2513,2693,1.870,1.560,0.860,1,0,1.000,0,0,11,32,0,16,0
24-02 22:03:52,22.473,3.496,73.161,0,0,1494556,851500,174196,5407956,4015.117,1618.032,0,3.995,0,0.999,1783,1146,1.800,1.550,0.860,2,0,1.998,0,0,11,32,0,13,0
24-02 22:03:53,23.278,3.004,73.338,0,0,1464280,881768,174196,5407964,4088.929,1716.069,0,276.333,0,55.066,1842,1209,1.800,1.550,0.860,2,0,2.002,0,0,11,32,0,13,0
24-02 22:03:54,22.748,3.000,73.993,0,0,1472848,873200,174196,5407964,2339.770,1619.841,0,0,0,0,1750,1191,1.800,1.550,0.860,2,0,2.000,0,0,11,32,0,13,0
24-02 22:03:55,23.753,2.000,73.509,0,0,1496808,849224,174196,5407976,2118.267,1458.184,0,12.002,0,1.000,1692,1057,1.800,1.550,0.860,2,0,0,0,0,11,32,0,13,0
24-02 22:03:56,21.246,3.999,73.235,0,0,1461548,884504,174196,5407956,2356.513,1619.665,0,3.999,0,1.000,1825,1305,1.800,1.550,0.860,1,0,1.000,0,0,11,32,0,11,0
24-02 22:03:57,22.749,3.500,73.246,0,0,1512200,833852,174196,5407956,3899.781,1619.909,0,75.996,0,2.000,1762,1068,1.740,1.540,0.870,1,0,2.000,0,0,11,32,0,11,0
24-02 22:03:58,23.019,3.002,73.311,0,0,1502988,843128,174196,5407892,2401.985,1621.340,0,32.026,0,2.002,1728,1071,1.740,1.540,0.870,2,0,1.001,0,0,11,32,0,11,0
24-02 22:03:59,22.996,2.999,73.736,0,0,1534416,811700,174196,5407892,2459.530,1619.690,0,0,0,0,1692,1092,1.740,1.540,0.870,1,0,2.000,0,0,11,32,0,11,0
24-02 22:04:00,23.229,2.498,73.684,0,0,1524364,821664,174196,5407980,2277.974,1618.561,0,87.922,0,0.999,1664,1070,1.740,1.540,0.870,2,0,0,0,0,11,32,0,7,0
24-02 22:04:01,22.255,4.251,72.517,0.250,0,1429472,916560,174196,5407976,2477.587,1620.384,0,504.119,0,37.009,2011,1754,1.740,1.540,0.870,1,0,1.000,0,0,11,32,0,7,0
24-02 22:04:02,22.268,3.253,73.561,0,0,1454572,891468,174196,5407968,2059.702,1459.206,0,104.086,0,4.003,1698,1188,1.680,1.530,0.870,1,0,1.001,0,0,11,32,0,7,0
24-02 22:04:03,22.233,3.248,73.444,0,0,1488508,857532,174196,5407968,2458.131,1618.769,0,0,0,0,1731,1169,1.680,1.530,0.870,2,0,2.998,0,0,11,32,0,7,0
24-02 22:04:04,24.298,2.755,72.893,0,0,1466384,879600,174196,5408020,2284.488,1623.189,0,172.339,0,34.067,1772,1156,1.680,1.530,0.870,1,0,2.004,0,0,11,32,0,5,0
24-02 22:04:05,22.701,3.492,73.342,0,0,1483416,862588,174196,5408000,2275.111,1616.526,0,0,0,0,1749,1358,1.680,1.530,0.870,2,0,0,0,0,11,32,0,5,0
24-02 22:04:06,23.014,2.752,73.294,0,0,1476032,869952,174196,5408020,2358.402,1620.964,0,20.012,0,1.001,1691,1063,1.680,1.530,0.870,1,0,1.001,0,0,11,32,0,5,0
24-02 22:04:07,22.990,2.999,73.468,0,0,1472736,873260,174196,5408008,2398.942,1661.267,0,95.958,0,2.999,1665,1150,1.620,1.520,0.870,1,0,0,0,0,11,32,0,5,0
24-02 22:04:08,22.004,4.001,73.512,0,0,1494496,851500,174196,5408008,4039.676,1620.271,0,16.003,0,2.000,1711,1091,1.620,1.520,0.870,1,0,2.000,0,0,11,32,0,4,0
24-02 22:04:09,13.290,16.550,69.460,0,0,1435428,910488,174196,5408056,2330.029,1462.411,0,140.424,0,7.021,4580,3216,1.620,1.520,0.870,1,0,296.896,0,0,11,32,0,4,0
24-02 22:04:10,17.485,9.991,71.439,0,0,1421712,924196,174196,5408064,2457.908,1618.622,0,63.946,0,3.997,3332,2498,1.620,1.520,0.870,1,0,163.861,0,0,11,32,0,4,0
24-02 22:04:11,22.490,3.249,72.969,0.500,0,1463508,882364,174200,5408096,2355.987,1619.304,0,447.807,0,30.987,1908,1527,1.620,1.520,0.870,1,0,0,0,0,11,32,0,4,0
24-02 22:04:12,23.459,3.244,73.621,0,0,1416908,928716,174200,5408332,2335.904,1617.164,0,299.475,0,35.937,1824,1119,1.570,1.510,0.870,1,0,8.984,0,0,11,32,0,3,0
24-02 22:04:13,22.748,3.250,72.993,0,0,1430580,915040,174200,5408336,2579.738,1619.836,0,0,0,0,1752,1186,1.570,1.510,0.870,1,0,1.000,0,0,11,32,0,3,0
24-02 22:04:14,22.077,8.028,70.245,0,0,1436356,909168,174200,5408432,2408.384,1625.659,40.140,156.545,2.007,33.115,2721,1888,1.570,1.510,0.870,2,0,137.479,0,0,11,32,0,3,0
24-02 22:04:15,8.221,20.927,69.508,0,0,1432560,912908,174200,5408488,2272.082,1614.374,0,143.500,0,5.979,5712,4224,1.570,1.510,0.870,2,0,396.618,0,0,11,32,0,3,0
24-02 22:04:16,8.780,21.825,67.983,0,0,1426652,918792,174200,5408512,3707.729,1463.023,0,240.827,0,5.017,5731,4205,1.570,1.510,0.870,1,0,416.430,0,0,11,32,0,1,0
24-02 22:04:17,9.243,21.483,68.195,0,0,1416612,928800,174200,5408536,2398.067,1618.695,0,259.791,0,3.997,5684,4120,1.530,1.500,0.870,1,0,401.676,0,0,11,32,0,1,0
24-02 22:04:18,8.507,22.520,68.310,0,0,1410612,934748,174200,5408560,2402.099,1621.417,0,1012.885,0,11.010,5773,4248,1.530,1.500,0.870,1,0,423.370,0,0,11,32,0,1,0
24-02 22:04:19,8.746,22.239,67.716,0,0,1389292,956052,174200,5408576,2458.780,1619.196,0,1011.498,0,10.995,5830,4223,1.530,1.500,0.870,1,0,420.791,0,0,11,32,0,1,0
24-02 22:04:20,8.994,20.986,68.953,0,0,1382000,963316,174200,5408604,2398.364,1618.895,0,1047.285,0,38.973,5691,4201,1.530,1.500,0.870,1,0,402.725,0,0,11,32,0,1,0
24-02 22:04:21,8.260,20.775,69.333,0,0,1379768,965524,174200,5408628,2479.962,1621.937,0,120.144,0,5.006,5584,4072,1.530,1.500,0.870,1,0,370.443,0,0,11,32,0,1,0
24-02 22:04:22,8.490,20.725,69.167,0,0,1377104,968164,174200,5408652,2277.257,1618.051,0,331.601,0,9.988,5642,4119,1.480,1.490,0.870,1,0,380.542,0,0,11,32,0,1,0
24-02 22:04:23,9.000,21.250,68.751,0,0,1375552,969688,174200,5408676,2118.042,1458.029,0,132.003,0,11.000,5709,4178,1.480,1.490,0.870,1,0,402.008,0,0,11,32,0,1,0
24-02 22:04:24,9.261,21.025,68.833,0,0,1364680,980532,174200,5408704,2402.881,1621.945,0,28.034,0,7.008,5537,4046,1.480,1.490,0.870,1,0,375.450,0,0,11,32,0,1,0
24-02 22:04:25,20.469,27.208,51.172,0,0,1342748,1002416,174212,5408732,2396.327,1617.521,0,1417.827,0,163.749,6700,5909,1.480,1.490,0.870,4,0,587.100,0,0,11,32,0,3,0
24-02 22:04:26,58.342,20.532,20.282,0.250,0,1457448,887580,174216,5408864,2480.922,1622.565,0,612.969,0,42.067,5155,3923,1.480,1.490,0.870,3,0,322.510,0,0,11,32,0,7,0
24-02 22:04:27,66.234,8.998,24.994,0,0,1608728,734644,174276,5410312,2399.419,1619.608,15.996,0,1.000,0,3610,1536,1.610,1.520,0.880,3,0,2.000,0,0,11,32,0,7,0
24-02 22:04:28,57.757,8.713,22.406,8.713,0,1626496,707204,175120,5418092,2449.698,1613.216,426.208,46257.474,8.962,3385.762,14606,26840,1.610,1.520,0.880,3,1,74.686,0,0,11,36,0,9,0
24-02 22:04:29,43.800,12.765,31.286,10.011,0.250,1615256,708376,175812,5427096,2402.749,1621.856,0,72955.476,0,5272.032,18820,37151,1.610,1.520,0.880,2,0,153.175,0,0,11,36,0,9,0
24-02 22:04:30,46.086,10.269,29.555,10.770,0,1613836,699568,176076,5436712,4578.550,3822.137,0,78542.667,0,6205.588,19341,39266,1.610,1.520,0.880,1,1,57.107,0,0,11,37,0,9,0
24-02 22:04:31,48.540,8.007,30.775,10.258,0,1613072,691504,176404,5444924,9804.066,8556.040,0,60029.390,0,4563.755,17284,33378,1.610,1.520,0.880,8,1,36.030,0,0,11,36,0,10,0
24-02 22:04:32,39.511,23.256,25.757,9.503,0,1558672,738980,176812,5451512,3967.072,1686.456,372.101,61256.558,6.002,3987.078,16291,29944,1.960,1.590,0.910,5,1,369.100,0,0,11,34,0,10,0
24-02 22:04:33,53.211,17.487,20.235,6.745,0,1607052,685648,177016,5455716,2338.265,1618.799,0,35865.386,0,3012.764,15136,28038,1.960,1.590,0.910,3,1,128.904,0,0,11,34,0,10,0
24-02 22:04:34,42.272,19.510,26.764,9.005,0,1619276,670416,177180,5458344,8279.337,7807.090,1800.943,45168.662,35.018,3385.774,15877,29762,1.960,1.590,0.910,3,0,199.104,0,0,11,35,0,10,0
24-02 22:04:35,31.265,9.004,47.023,10.255,0,1614736,672796,177328,5460288,15163.277,10954.257,0,59456.532,0,4481.150,18636,35447,1.960,1.590,0.910,6,1,71.034,0,0,11,35,0,10,0
24-02 22:04:36,40.140,10.721,38.644,7.479,0,1530616,757076,177540,5459916,7416.602,5622.536,0,40496.622,0,3695.835,15637,38027,1.960,1.590,0.910,1,1,77.786,0,0,11,34,0,11,0
24-02 22:04:37,38.826,8.016,40.078,10.270,0,1568456,718076,177832,5460744,2404.692,1665.249,0,40999.997,0,3992.790,16273,29993,2.200,1.650,0.930,2,0,42.082,0,0,11,34,0,10,0
24-02 22:04:38,37.269,7.004,44.522,9.755,0.250,1582704,702216,177932,5462232,8910.484,6570.307,0,40168.215,0,3724.875,15752,29016,2.200,1.650,0.930,4,0,33.017,0,0,11,37,0,10,0
24-02 22:04:39,38.495,5.999,45.244,7.749,0,1579320,703544,177980,5464200,11513.593,10103.765,0,27548.632,0,2782.660,15011,27268,2.200,1.650,0.930,2,0,29.996,0,0,11,37,0,10,0
24-02 22:04:40,32.512,8.253,46.017,10.504,0,1543644,736668,178024,5466632,9355.551,8263.136,0,43952.682,0,3790.439,17209,32294,2.200,1.650,0.930,3,1,110.042,0,0,11,36,0,11,0
24-02 22:04:41,37.248,9.250,40.248,10.749,0,1591100,685984,178128,5469676,2416.881,1619.920,0,53729.354,0,4334.787,16485,31810,2.200,1.650,0.930,3,0,59.997,0,0,11,36,0,11,0
24-02 22:04:42,35.466,7.992,43.957,10.240,0,1601772,672124,178252,5472656,9239.026,6656.535,0,50135.305,0,4404.722,17345,33406,2.270,1.670,0.940,1,1,89.913,0,0,11,37,0,11,0
24-02 22:04:43,34.529,8.007,44.787,10.259,0,1595740,676004,178304,5474676,10014.314,8645.178,0,58272.380,0,4632.846,19385,37196,2.270,1.670,0.940,4,0,61.051,0,0,11,37,0,11,0
24-02 22:04:44,34.951,7.739,44.188,9.736,0,1525316,748512,178328,5472544,10712.910,9024.288,0,46654.283,0,4156.146,17532,33660,2.270,1.670,0.940,6,0,40.942,0,0,11,36,0,11,0
24-02 22:04:45,37.043,9.761,41.298,9.511,0,1567636,707948,178344,5470784,2060.380,1459.686,0,55756.410,0,4644.365,17458,35148,2.270,1.670,0.940,2,1,43.050,0,0,11,36,0,11,0
24-02 22:04:46,37.995,9.249,50.243,1.500,0,1454456,821224,178356,5470672,7583.910,6662.043,0,8510.777,0,730.895,5746,6893,2.270,1.670,0.940,2,0,154.978,0,0,11,33,0,13,0
24-02 22:04:47,19.442,4.985,73.531,0.249,0,1451096,824420,178356,5470836,11464.889,10106.929,0,789.651,0,41.875,4863,5850,2.160,1.660,0.940,1,0,62.813,0,0,11,33,0,13,0
24-02 22:04:48,19.809,3.009,76.228,0,0,1389824,885664,178356,5470864,9506.480,8284.820,0,798.392,0,63.189,3973,4633,2.160,1.660,0.940,1,0,14.042,0,0,11,32,0,14,0
24-02 22:04:49,20.444,5.984,72.301,0.249,0,1436612,838872,178356,5470868,2333.593,1615.564,0,490.653,0,32.910,2208,1583,2.160,1.660,0.940,1,0,40.888,0,0,11,32,0,14,0
24-02 22:04:50,18.754,2.500,77.515,0.500,0,1451340,824136,178360,5470872,7509.477,7158.408,0,4196.825,0,248.049,2281,2399,2.160,1.660,0.940,1,0,0,0,0,11,33,0,14,0
24-02 22:04:51,19.242,4.998,74.219,0,0,1430168,844968,178360,5471212,6534.280,4877.969,0,0,0,0,3245,3335,2.160,1.660,0.940,1,0,33.986,0,0,11,32,0,15,0
24-02 22:04:52,22.501,2.750,74.253,0,0,1441748,833388,178360,5471212,2547.093,2147.078,0,44.002,0,4.000,1669,1057,2.150,1.670,0.950,0,0,0,0,0,11,33,0,15,0
24-02 22:04:53,16.249,2.250,79.495,0.250,0,1438064,837060,178360,5471224,9225.373,7814.469,0,227.984,0,21.999,2457,2631,2.150,1.670,0.950,1,0,1.000,0,0,11,32,0,16,0
24-02 22:04:54,20.055,7.019,72.699,0,0,1403732,871392,178360,5471224,2286.269,1624.455,0,284.781,0,18.049,2560,2018,2.150,1.670,0.950,1,0,60.165,0,0,11,32,0,16,0
24-02 22:04:55,18.454,2.244,77.806,0,0,1425820,849300,178360,5471228,7592.083,6749.183,0,0,0,0,1852,1522,2.150,1.670,0.950,1,0,0,0,0,11,33,0,16,0
24-02 22:04:56,20.988,2.249,74.958,0.250,0,1423868,851100,178360,5471380,9669.600,6966.110,0,1263.295,0,154.913,3377,3627,2.150,1.670,0.950,1,0,0,0,0,11,32,0,17,0
24-02 22:04:57,20.507,6.252,73.276,0,0,1448828,826136,178360,5471384,2340.841,1620.582,0,0,0,0,2112,1418,2.060,1.660,0.950,1,0,43.015,0,0,11,32,0,17,0
24-02 22:04:58,18.256,2.751,77.775,0,0,1465176,809784,178360,5471388,9347.964,6768.146,0,3581.135,0,42.013,1973,1605,2.060,1.660,0.950,1,0,0,0,0,11,33,0,17,0
24-02 22:04:59,19.051,2.005,78.210,0,0,1458556,816256,178360,5471536,8299.336,7234.470,0,256.691,0,22.059,3363,4057,2.060,1.660,0.950,2,0,0,0,0,11,32,0,18,0
24-02 22:05:00,7.749,22.498,68.243,0.250,0,1416480,858192,178360,5471692,2279.777,1619.842,0,179.982,0,7.999,5770,4308,2.060,1.660,0.950,3,0,447.956,0,0,11,32,0,18,0
24-02 22:05:01,40.153,20.451,38.158,0.748,0,1433092,841352,178384,5471896,2411.185,1616.103,0,925.767,0,65.841,5776,4587,2.060,1.660,0.950,3,0,348.160,0,0,11,32,0,24,0
24-02 22:05:02,68.006,8.501,23.252,0,0,1541696,732176,178400,5472452,3780.338,1620.145,0,268.024,0,15.001,3933,1718,2.210,1.690,0.970,3,0,6.001,0,0,11,32,0,24,0
24-02 22:05:03,68.963,6.247,23.488,0,0,1660884,610236,178492,5474876,3957.898,1619.140,0,2374.739,0,74.960,3944,1585,2.210,1.690,0.970,4,0,0.999,0,0,11,32,0,24,0
24-02 22:05:04,69.243,8.028,22.328,0.753,0,1763968,504676,178596,5476952,2288.034,1625.709,0,13093.978,0,521.832,4629,3249,2.210,1.690,0.970,4,0,6.021,0,0,11,32,0,24,0
24-02 22:05:05,40.887,7.479,37.646,10.222,0.249,1772784,485076,178736,5487124,2333.560,1615.542,0,60353.445,0,4483.627,18348,34904,2.210,1.690,0.970,2,1,176.513,0,0,11,38,0,24,0
24-02 22:05:06,35.874,8.470,40.608,11.460,0,1773016,474240,178804,5497372,2187.347,1452.916,0,78218.322,0,5838.571,22603,43206,2.210,1.690,0.970,5,2,221.226,0,0,11,38,0,24,0
24-02 22:05:07,32.678,9.552,41.475,12.568,0,1771876,467688,178840,5504712,4826.217,1628.848,0,92848.380,0,6850.212,22747,45057,2.200,1.700,0.970,2,1,132.721,0,0,11,38,0,24,0
24-02 22:05:08,45.726,13.243,29.235,10.495,0.250,1699416,531008,178920,5513456,5457.194,1619.167,0,78883.434,0,5628.106,20130,39768,2.200,1.700,0.970,2,2,218.887,0,0,11,36,0,24,0
24-02 22:05:09,52.527,10.255,25.263,9.755,0,1737864,485040,178956,5520664,2581.326,1620.833,0,70632.286,0,5046.593,17500,34110,2.200,1.700,0.970,3,2,70.036,0,0,11,36,0,24,0
24-02 22:05:10,43.534,11.509,31.525,11.009,0,1781664,427668,178984,5533736,2461.914,1621.260,0,85498.462,0,5887.577,19352,38579,2.200,1.700,0.970,2,1,15.012,0,0,11,36,0,24,0
24-02 22:05:11,49.986,9.247,28.992,9.747,0,1811488,394852,178988,5536576,2416.334,1619.554,0,74323.516,0,5798.402,19358,39354,2.200,1.700,0.970,2,1,79.978,0,0,11,38,0,24,0
24-02 22:05:12,47.896,8.232,38.417,3.742,0,1545488,659468,178992,5537880,2454.671,1616.491,0,21716.857,0,1803.086,9092,14199,2.100,1.690,0.970,1,1,150.673,0,0,11,32,0,24,0
24-02 22:05:13,15.730,13.233,68.415,1.498,0,1457808,747116,178992,5537912,4014.986,1617.979,0,11705.381,0,701.124,5132,5712,2.100,1.690,0.970,1,0,212.734,0,0,11,32,0,24,0
24-02 22:05:14,22.801,3.758,72.664,0.501,0,1498784,706140,178992,5537912,2122.789,1461.297,0,3572.059,0,195.441,2279,2190,2.100,1.690,0.970,1,0,1.002,0,0,11,32,0,24,0
24-02 22:05:15,23.455,2.246,72.612,0.499,0,1536624,668300,178992,5537912,2275.668,1616.922,0,31.939,0,3.992,1742,1157,2.100,1.690,0.970,1,0,1.996,0,0,11,32,0,24,0
24-02 22:05:16,23.828,2.759,73.239,0,0,1481148,723776,178992,5537912,3929.824,1625.304,0,176.576,0,12.039,2273,1763,2.100,1.690,0.970,1,0,14.046,0,0,11,32,0,24,0
24-02 22:05:17,21.719,3.745,73.147,0,0,1473676,731244,178992,5537916,2396.630,1617.726,0,39.944,0,3.994,1890,1272,2.010,1.680,0.970,1,0,13.980,0,0,11,32,0,24,0
24-02 22:05:18,23.451,2.495,73.596,0,0,1486548,718372,178992,5537916,2335.121,1616.622,0,0,0,0,1771,1291,2.010,1.680,0.970,1,0,0,0,0,11,32,0,24,0
24-02 22:05:19,23.749,2.500,72.497,0.250,0,1513884,691036,178992,5537916,2339.918,1619.943,0,703.975,0,57.998,2008,1576,2.010,1.680,0.970,1,0,2.000,0,0,11,34,0,24,0
24-02 22:05:20,16.310,25.845,56.960,0,0,1447664,757220,178992,5537948,2065.611,1463.392,0,273.006,0,23.085,5479,4586,2.010,1.680,0.970,2,0,570.101,0,0,11,32,0,24,0
24-02 22:05:21,13.983,33.211,51.939,0,0,1440220,764612,178992,5537996,2354.220,1618.089,0,171.797,0,15.981,6826,5869,2.010,1.680,0.970,2,0,778.081,0,0,11,32,0,24,0
24-02 22:05:22,8.743,22.733,67.698,0,0,1439812,764944,178992,5538056,2338.200,1618.754,0,31.975,0,7.994,5664,3993,1.930,1.660,0.970,3,0,421.675,0,0,11,32,0,24,0
24-02 22:05:23,7.749,20.247,70.489,0,0,1438528,766164,178996,5538104,2399.619,1619.743,0,263.958,0,55.991,5933,4423,1.930,1.660,0.970,1,0,383.939,0,0,11,32,0,24,0
24-02 22:05:24,9.762,20.525,68.335,0,0,1431124,773544,178996,5538128,3844.773,1622.014,0,32.040,0,8.010,5413,3865,1.930,1.660,0.970,1,0,315.392,0,0,11,32,0,24,0
24-02 22:05:25,19.738,14.991,63.960,0,0,1397960,806664,178996,5538568,2518.414,1618.981,0,7.995,0,1.999,5735,7065,1.930,1.660,0.970,1,0,185.883,0,0,11,32,0,24,0
24-02 22:05:26,44.667,14.223,39.925,0,0,1478544,726008,179024,5538640,2703.953,1836.572,0,375.299,0,13.974,4473,3576,1.930,1.660,0.970,2,0,146.726,0,0,11,33,1,18,0
24-02 22:05:27,42.096,8.519,48.861,0,0,1554968,649500,179024,5538724,2303.254,1535.503,0,0,0,0,2666,1434,1.940,1.670,0.980,2,0,0,0,0,11,33,1,18,0
24-02 22:05:28,47.989,2.999,47.989,0.750,0,1625488,578688,179040,5538992,4142.009,1693.595,103.975,2211.471,1.000,255.939,3729,2973,1.940,1.670,0.980,2,0,16.996,0,0,11,49,1,18,0
24-02 22:05:29,46.509,4.751,48.509,0.250,0,1643956,558836,179096,5540124,2340.453,1694.328,0,1604.311,0,134.026,3162,1954,1.940,1.670,0.980,2,0,2.000,0,0,11,49,1,18,0
24-02 22:05:30,24.006,15.754,58.765,0,0,1660340,539480,179100,5542908,3780.963,1694.432,0,0,0,0,6073,9447,1.940,1.670,0.980,2,0,215.055,0,0,11,48,1,16,0
24-02 22:05:31,18.694,15.952,63.809,0,0,1675784,523960,179100,5543360,2409.791,1688.947,0,985.053,0,9.970,5970,7542,1.940,1.670,0.980,1,0,256.233,0,0,11,48,1,16,0
24-02 22:05:32,4.001,2.501,92.269,0,0,1659456,540276,179100,5542924,2508.505,1620.326,0,120.024,0,14.003,1522,1977,1.780,1.640,0.970,0,0,28.006,0,0,11,48,1,16,0
24-02 22:05:33,1.749,2.499,95.718,0,0,1659472,540276,179100,5542924,2399.189,1693.428,0,35.988,0,3.999,1008,1170,1.780,1.640,0.970,0,0,9.997,0,0,11,48,1,16,0
24-02 22:05:34,0.500,0.750,97.526,0,0,1659472,540276,179100,5542924,2298.614,1500.401,0,1840.492,0,19.005,740,965,1.780,1.640,0.970,0,0,3.001,0,0,11,48,1,15,0
24-02 22:05:35,1.250,0.250,98.262,0,0,1659472,540276,179100,5542924,2280.285,1620.202,0,0,0,0,670,923,1.780,1.640,0.970,0,0,1.000,0,0,11,48,1,15,0
24-02 22:05:36,10.024,11.778,76.681,0,0,1646560,553184,179100,5544296,2422.730,1665.940,0,24.057,0,1.002,4328,6912,1.780,1.640,0.970,3,0,236.559,0,0,11,48,1,15,0
24-02 22:05:37,24.476,14.735,59.691,0,0,1654060,545660,179100,5542940,2397.611,1692.314,0,0,0,0,5171,13230,1.640,1.620,0.970,1,0,144.856,0,0,11,48,1,16,0
24-02 22:05:38,14.026,19.285,65.621,0.250,0,1715432,484188,179100,5542984,2640.860,1861.426,0,488.900,0,33.061,5718,5238,1.640,1.620,0.970,1,0,329.607,0,0,12,64,1,15,0
24-02 22:05:39,20.508,14.256,64.025,0.250,0,1703840,495708,179100,5543440,2400.950,1620.641,0,620.245,0,33.013,5978,7658,1.640,1.620,0.970,1,0,208.082,0,0,12,64,1,15,0
24-02 22:05:40,8.971,9.469,79.741,0.249,0,1692556,507016,179100,5543000,2332.431,1614.760,0,295.043,0,13.955,3178,3195,1.640,1.620,0.970,0,0,186.395,0,0,12,64,1,15,0
24-02 22:05:41,13.242,14.242,71.209,0,0,1686448,512976,179100,5543592,2253.690,1457.153,0,35.979,0,6.996,4784,4874,1.640,1.620,0.970,1,0,206.880,0,0,14,64,1,15,0
24-02 22:05:42,16.559,16.810,65.482,0,0,1679984,519408,179100,5543184,2348.324,1667.912,0,0,0,0,5638,6614,1.590,1.610,0.970,1,0,258.918,0,0,14,66,1,14,0
24-02 22:05:43,8.470,20.677,69.504,0,0,1665844,533536,179100,5543212,2451.327,1614.289,0,23.915,0,5.979,5536,3968,1.590,1.610,0.970,4,0,334.815,0,0,14,66,1,14,0
24-02 22:05:44,14.044,18.558,66.709,0,0,1669680,529552,179100,5543812,5410.950,1625.091,0,5083.926,0,352.103,6054,5650,1.590,1.610,0.970,1,0,274.861,0,0,14,66,1,14,0
24-02 22:05:45,24.998,16.499,57.246,0,0,1688876,510340,179104,5543380,2279.841,1619.887,0,195.986,0,2.000,5565,5979,1.590,1.610,0.970,3,0,245.983,0,0,14,66,1,14,0
24-02 22:05:46,29.503,24.003,45.005,0,0,1748800,450352,179112,5543436,2477.291,1694.199,0,540.063,0,15.002,6097,4615,1.590,1.610,0.970,2,0,439.052,0,0,14,66,1,14,0
24-02 22:05:47,30.876,22.908,45.069,0,0,1807632,391012,179172,5543844,2390.398,1613.519,0,3.984,0,0.996,6187,4683,1.620,1.610,0.980,2,0,481.068,0,0,14,66,1,12,0
24-02 22:05:48,31.136,24.858,42.937,0.251,0,1902436,294972,179192,5544924,2247.797,1554.776,8.035,64.280,1.004,13.057,6260,7349,1.620,1.610,0.980,2,0,389.698,0,0,14,70,1,14,0
24-02 22:05:49,40.412,19.208,40.162,0,0,1960112,237224,179192,5545400,3891.481,1616.461,0,7092.473,0,334.268,6535,8965,1.620,1.610,0.980,4,0,202.557,0,0,14,70,1,14,0
24-02 22:05:50,65.058,23.020,10.760,0,0.250,2040168,176724,173224,5531972,2221.971,1621.438,0,2814.496,0,206.183,5081,3619,1.620,1.610,0.980,4,0,338.300,0,0,14,70,1,14,0
24-02 22:05:51,59.088,22.784,13.019,5.007,0,2115408,157008,170376,5480964,2420.594,1622.409,100.149,1097.630,11.016,26.039,6029,5738,1.620,1.610,0.980,3,0,318.473,0,0,14,70,1,13,0
24-02 22:05:52,62.720,17.742,15.743,3.248,0,2184704,154236,163608,5422216,2278.919,1619.232,2031.037,523.752,78.963,13.993,5649,6157,1.730,1.640,0.990,3,1,194.908,0,0,14,70,1,13,0
24-02 22:05:53,69.515,25.414,2.990,1.993,0,2227352,195944,163332,5340392,2575.311,1708.236,2890.248,920.893,131.556,68.768,5628,4638,1.730,1.640,0.990,5,0,406.628,0,0,14,70,1,13,0
24-02 22:05:54,71.639,16.724,3.994,6.490,0,2327892,174180,165244,5261872,2336.374,1617.490,1885.075,607.058,114.822,28.955,6230,7086,1.730,1.640,0.990,5,0,189.706,0,0,14,74,1,13,0
24-02 22:05:55,75.790,21.332,2.008,0.753,0,2480252,178048,165104,5109088,2126.129,1463.596,766.932,6753.821,34.130,545.084,7608,8927,1.730,1.640,0.990,8,0,234.898,0,0,14,74,1,11,0
24-02 22:05:56,67.457,23.485,5.746,1.999,0,2533208,188884,165092,5047040,2415.444,1618.957,3.997,24544.184,0.999,1817.829,12588,22249,1.730,1.640,0.990,5,0,296.809,0,0,14,76,1,11,0
24-02 22:05:57,72.068,20.519,5.755,1.001,0,2608928,173584,164984,4988404,2342.224,1621.540,28.027,15570.785,2.002,1657.574,12991,23016,1.910,1.680,1,4,0,205.195,0,0,14,76,1,11,0
24-02 22:05:58,78.691,16.488,4.746,0.500,0,2676764,177392,165040,4917916,2518.115,1618.788,1958.534,1410.944,71.946,62.953,6563,7481,1.910,1.680,1,6,0,187.859,0,0,14,82,1,14,0
24-02 22:05:59,69.587,23.530,6.258,0,0,2803264,122476,165052,4848140,2403.019,1712.151,24.030,8130.216,5.006,577.726,7922,14360,1.910,1.680,1,3,0,347.437,0,0,14,93,1,19,0
24-02 22:06:00,46.011,26.256,27.507,0,0,2857240,137220,165052,4780756,2280.541,1620.384,20.005,40.009,4.001,10.002,6810,10301,1.910,1.680,1,3,0,381.090,0,0,14,93,1,19,0
24-02 22:06:01,41.880,16.204,39.886,0,0,2883740,181440,165052,4711960,2410.093,1615.371,0,87.749,0,5.983,6211,6898,1.910,1.680,1,3,0,202.420,0,0,14,95,1,19,0
24-02 22:06:02,63.918,15.541,19.301,1.755,0,3009224,186300,165064,4584204,2356.176,1698.452,1459.826,6448.903,50.131,166.436,5962,8908,2,1.700,1.010,3,0,137.360,0,0,14,98,1,22,0
24-02 22:06:03,45.092,5.979,48.330,0.249,0,3089456,173212,165076,4518496,3718.946,1452.900,23.916,2240.137,3.986,120.577,3045,1994,2,1.700,1.010,2,0,0.997,0,0,14,98,1,15,0
24-02 22:06:04,14.815,17.075,66.041,0.753,0,3114208,147844,165080,4519064,2352.363,1627.168,12.053,1370.035,3.013,91.403,5779,5376,2,1.700,1.010,1,0,317.398,0,0,14,101,1,15,0
24-02 22:06:05,7.748,19.995,70.984,0,0,3119228,142760,165080,4519128,2459.446,1619.635,0,83.981,0,6.998,5619,4194,2,1.700,1.010,1,0,360.919,0,0,14,101,1,15,0
24-02 22:06:06,9.714,17.934,70.739,0.249,0,3123576,137768,165080,4519772,2650.207,1614.036,613.732,95.647,28.893,9.963,5338,3991,2,1.700,1.010,1,0,312.844,0,0,14,101,1,15,0
24-02 22:06:07,21.727,3.746,72.424,1.249,0,3168176,158988,165084,4455496,2397.500,1618.313,231.758,107.888,9.990,2.997,1731,1147,1.920,1.690,1.010,3,0,0,0,0,14,101,1,15,0
24-02 22:06:08,20.488,2.499,76.705,0.250,0,3185972,141136,165084,4455552,8180.188,7341.681,47.972,151.911,3.998,7.995,2073,1687,1.920,1.690,1.010,1,0,0.999,0,0,14,104,1,15,0
24-02 22:06:09,20.827,5.270,72.269,0.502,0,3130644,196428,165088,4455584,20040.517,18761.762,8.030,8447.410,2.007,613.280,3782,2938,1.920,1.690,1.010,1,0,46.172,0,0,14,109,1,16,0
24-02 22:06:10,23.274,4.505,72.074,0.250,0,3188824,138244,165088,4455588,2268.342,1567.619,4.004,236.244,1.001,25.026,2026,1648,1.920,1.690,1.010,1,0,23.024,0,0,14,113,1,16,0
24-02 22:06:11,17.686,2.740,77.469,0.996,0,3195460,131596,165092,4455596,8350.760,7818.687,3.986,275.004,0.996,22.917,2155,2047,1.920,1.690,1.010,0,0,0,0,0,14,114,1,16,0
24-02 22:06:12,22.555,3.509,72.677,0.251,0,3198276,128340,165104,4455980,4753.603,1886.605,196.480,805.967,13.032,57.139,2656,2718,1.930,1.690,1.020,3,0,3.007,0,0,14,120,1,16,0
24-02 22:06:13,35.274,7.255,54.287,2.001,0,3267424,125284,165104,4392052,2521.741,1621.119,572.395,2217.531,28.019,252.174,5932,8471,1.930,1.690,1.020,1,0,5.003,0,0,14,121,1,16,0
24-02 22:06:14,24.243,7.998,65.981,0.500,0,3222580,169940,165108,4392220,3446.014,2762.209,0,2679.233,0,338.903,5508,6690,1.930,1.690,1.020,2,0,115.967,0,0,14,128,1,18,0
24-02 22:06:15,22.250,4.000,72.499,0.250,0,3274856,180272,165108,4330644,2399.975,1619.983,0,663.993,0,27.000,1797,1290,1.930,1.690,1.020,1,0,0,0,0,14,128,1,18,0
24-02 22:06:16,18.771,2.753,78.089,0.501,0,3282520,172720,165108,4330680,8751.952,7876.957,60.068,1962.231,4.005,115.131,2230,2298,1.930,1.690,1.020,1,0,0,0,0,14,129,1,18,0
24-02 22:06:17,19.725,2.746,75.403,0.499,0,3282752,172468,165108,4330700,4422.296,3601.355,11.985,599.227,2.996,65.915,2715,3171,1.850,1.680,1.020,1,0,0,0,0,14,129,1,18,0
24-02 22:06:18,31.770,6.754,60.538,0.250,0,3241948,213044,165168,4330868,5115.252,2815.790,56.036,924.588,4.003,95.060,4662,5343,1.850,1.680,1.020,3,0,16.010,0,0,14,128,1,19,0
24-02 22:06:19,41.126,10.219,47.606,0,0,3324364,130620,165168,4330876,2332.954,1615.122,0,323.024,0,17.946,3534,2155,1.850,1.680,1.020,2,0,82.750,0,0,14,128,1,19,0
24-02 22:06:20,40.371,5.517,53.661,0.251,0,3387084,131824,165168,4268420,9587.736,7368.083,4.012,1215.643,1.003,64.192,2881,1755,1.850,1.680,1.020,4,0,0,0,0,14,129,1,19,0
24-02 22:06:21,20.397,5.472,72.883,0,0,3364444,154436,165168,4268448,21522.685,18484.973,3.980,143.279,0.995,13.930,2549,1991,1.850,1.680,1.020,3,0,54.725,0,0,14,128,1,20,0
24-02 22:06:22,18.836,2.763,77.103,0,0,3389132,129740,165168,4268456,8096.025,7379.750,0,0,0,0,1745,1387,1.780,1.670,1.020,4,0,3.014,0,0,14,129,1,20,0
24-02 22:06:23,29.033,6.758,63.572,0.501,0,3339584,179220,165168,4268524,19854.555,18436.944,4.005,1357.542,1.001,80.091,6377,9779,1.780,1.670,1.020,1,0,78.089,0,0,14,136,1,23,0
24-02 22:06:24,22.153,3.485,72.931,0.249,0,3390476,128316,165168,4268536,2449.294,1612.950,3.983,430.120,0.996,30.865,1907,1601,1.780,1.670,1.020,2,0,0,0,0,14,136,1,23,0
24-02 22:06:25,15.553,2.007,80.522,0.502,0,3393716,125052,165172,4268556,10493.504,8200.747,0,2612.840,0,317.073,2237,2118,1.780,1.670,1.020,1,0,0,0,0,14,137,1,23,0
24-02 22:06:26,19.517,8.507,70.560,0.500,0,3349876,168904,165172,4268588,3532.022,2770.370,8.007,1289.103,1.001,72.062,3758,3830,1.780,1.670,1.020,1,0,83.071,0,0,14,136,0,24,0
24-02 22:06:27,23.146,2.240,73.919,0,0,3399520,119260,165172,4268588,2756.668,2298.717,0,358.397,0,18.915,1709,1151,1.720,1.660,1.020,0,0,0,0,0,14,137,0,24,0
24-02 22:06:28,18.820,3.011,76.286,0.753,0,3320856,261276,165172,4206796,25499.501,23703.775,8.030,2119.940,2.008,139.523,2762,2909,1.720,1.660,1.020,2,0,14.053,0,0,14,136,0,25,0
24-02 22:06:29,20.937,5.733,72.283,0.249,0,3379816,202308,165172,4206804,2332.987,1615.145,0,227.317,0,20.937,2395,2066,1.720,1.660,1.020,1,0,42.871,0,0,14,136,0,25,0
24-02 22:06:30,17.495,1.999,79.978,0,0,3399188,182932,165172,4206808,7774.905,7744.913,0,255.931,0,47.987,1570,1252,1.720,1.660,1.020,0,0,0,0,0,14,137,0,25,0
24-02 22:06:31,23.253,5.001,66.759,2.250,0,3403656,178144,165176,4207124,3436.471,1998.274,192.026,4124.566,16.002,358.049,6525,9839,1.720,1.660,1.020,2,0,1.000,0,0,14,138,0,25,0
24-02 22:06:32,22.487,7.746,68.711,0.500,0,3375680,206088,165176,4207156,5101.075,2924.323,0,939.461,0,85.951,4270,5144,1.660,1.650,1.020,1,0,52.970,0,0,14,137,0,27,0
24-02 22:06:33,20.751,3.750,72.502,2.000,0,3403808,177904,165184,4207204,4013.114,3592.102,40.001,1472.042,4.000,39.001,2037,1520,1.660,1.650,1.020,0,0,7.000,0,0,14,140,0,27,0
24-02 22:06:34,19.798,2.005,76.936,0.752,0,3406312,175384,165184,4207220,11073.709,9764.551,0,2056.961,0,118.285,2222,2099,1.660,1.650,1.020,2,1,0,0,0,14,140,0,27,0
24-02 22:06:35,25.195,4.740,67.853,0.748,0,3409528,172136,165184,4207252,2334.930,1616.490,3.991,1528.681,0.998,156.660,4718,6205,1.660,1.650,1.020,1,0,0,0,0,14,140,0,27,0
24-02 22:06:36,38.142,6.775,54.202,0.251,0,3341856,239596,165192,4207456,3319.385,2537.467,0,1132.224,0,120.449,6836,9419,1.660,1.650,1.020,1,0,28.105,0,0,14,141,0,28,0
24-02 22:06:37,28.423,8.228,61.085,1.745,0,3433144,148280,165192,4207484,3668.112,1454.080,23.935,319.140,1.995,14.960,3286,13112,1.610,1.630,1.020,1,0,76.793,0,0,14,141,0,29,0
24-02 22:06:38,19.565,2.508,77.006,0.502,0,3445876,135540,165192,4207492,8846.423,8058.803,0,1629.419,0,99.330,2191,1988,1.610,1.630,1.020,2,0,0,0,0,14,142,0,29,0
24-02 22:06:39,16.743,9.496,71.471,0.750,0,3439464,141896,165192,4207548,5756.660,4911.003,0,2702.901,0,219.911,4782,5492,1.610,1.630,1.020,2,0,146.940,0,0,14,141,0,30,0
24-02 22:06:40,21.899,4.230,71.918,0.498,0,3454988,188868,165192,4146620,2329.260,1612.564,0,5180.114,0,402.146,2204,2021,1.610,1.630,1.020,1,0,0,0,0,14,141,0,29,0
24-02 22:06:41,19.597,2.261,77.381,0.251,0,3459164,184580,165192,4146732,10755.009,10866.559,104.515,1435.073,7.035,70.347,2309,2194,1.610,1.630,1.020,1,0,0,0,0,14,142,0,29,0
24-02 22:06:42,25.005,5.001,67.263,1.000,0,3454716,188956,165192,4146788,5936.190,3936.789,12.002,1120.225,3.001,132.026,5908,8427,1.960,1.710,1.040,3,0,0,0,0,14,142,0,29,0
24-02 22:06:43,22.946,6.235,68.839,0,0,3452688,190952,165192,4146820,2454.274,1616.229,0,518.790,0,41.902,4984,6313,1.960,1.710,1.040,1,0,1.995,0,0,14,142,0,29,0
24-02 22:06:44,46.096,10.772,40.835,1.002,0,3395676,247612,165192,4147156,3739.787,3054.360,84.175,1519.163,7.015,152.317,12770,20557,1.960,1.710,1.040,2,0,83.173,0,0,14,145,0,30,0
24-02 22:06:45,35.855,12.450,50.297,0.498,0,3420052,223112,165192,4147232,2625.399,2115.458,15.936,772.879,0.996,62.747,6254,7726,1.960,1.710,1.040,1,0,209.155,0,0,14,145,0,30,0
24-02 22:06:46,20.774,3.254,75.336,0,0,3453060,190100,165192,4147236,8173.282,7514.534,0,736.837,0,27.031,1964,1609,1.960,1.710,1.040,2,0,1.001,0,0,14,146,0,30,0
24-02 22:06:47,18.291,8.769,71.910,0.251,0,3429876,213252,165196,4147264,4110.136,3256.238,4.009,424.945,1.002,23.051,3455,2665,1.960,1.710,1.050,1,0,125.278,0,0,14,145,0,31,0
24-02 22:06:48,8.490,20.475,69.416,0,0,3412288,230804,165196,4147300,2365.143,1618.045,0,343.585,0,19.976,5494,3986,1.960,1.710,1.050,1,0,310.625,0,0,14,145,0,29,0
24-02 22:06:49,14.028,18.787,66.131,0,0,3416524,226552,165196,4147772,2344.649,1623.219,0,1547.068,0,100.199,5456,5691,1.960,1.710,1.050,1,0,268.532,0,0,14,145,0,29,0
24-02 22:06:50,24.994,16.746,56.736,0,0,3445172,197756,165196,4147468,2219.467,1619.611,0,163.961,0,13.997,5765,6255,1.960,1.710,1.050,2,0,224.946,0,0,14,145,0,29,0
24-02 22:06:51,31.716,22.476,44.952,0,0.250,3479004,163892,165196,4147500,2192.640,1526.357,0,123.867,0,11.987,5961,4678,1.960,1.710,1.050,2,0,383.587,0,0,14,145,0,29,0
24-02 22:06:52,36.984,18.492,42.482,0.250,0,3512256,130204,165212,4148032,2306.999,1619.298,123.946,431.813,8.996,27.988,6507,6669,1.970,1.720,1.050,2,0,280.878,0,0,14,151,0,29,0
24-02 22:06:53,36.993,18.996,42.992,0,0,3568548,135272,165212,4088508,2583.504,1713.671,3.999,35.993,1.000,1.000,5937,6522,1.970,1.720,1.050,5,0,291.944,0,0,16,151,0,29,2
24-02 22:06:54,59.574,27.033,13.517,0.250,0,3678316,136168,164880,3980536,2463.043,1622.004,52.064,576.713,4.005,39.048,7813,11147,1.970,1.720,1.050,3,0,410.507,0,0,16,157,0,29,2
24-02 22:06:55,57.799,22.519,19.016,0,0,3748172,153868,164852,3893524,2341.978,1711.446,36.030,476.402,4.003,16.014,5517,5331,1.970,1.720,1.050,3,0,276.233,0,0,16,157,0,29,2
24-02 22:06:56,56.923,18.475,23.718,0,0,3799124,153936,164852,3842968,2353.808,1617.806,39.946,1374.136,4.993,128.825,7928,13363,1.970,1.720,1.050,2,0,250.660,0,0,16,173,0,29,2
24-02 22:06:57,37.741,22.495,39.741,0,0,3862172,137680,164852,3797052,3899.101,1619.627,3.999,195.955,1.000,11.997,6329,4713,1.970,1.720,1.060,2,0,429.901,0,0,16,173,0,29,2
24-02 22:06:58,29.513,22.760,46.771,0.250,0,3881020,169300,164608,3747484,2178.984,1458.658,16.007,580.262,4.002,40.018,6269,5159,1.970,1.720,1.060,1,0,382.173,0,0,17,173,0,29,2
24-02 22:06:59,20.447,16.956,61.341,0.249,0,3897516,152796,164608,3747948,2393.788,1615.807,0,410.934,0,36.904,6510,7989,1.970,1.720,1.060,1,0,238.381,0,0,17,173,0,29,2
24-02 22:07:00,28.097,17.812,52.683,0,0,3926988,123280,164608,3747540,2255.827,1695.884,0,0,0,0,5432,4327,1.970,1.720,1.060,3,0,315.093,0,0,17,173,0,20,2
24-02 22:07:01,32.242,25.244,41.489,0,0,3978248,125480,164608,3695820,2416.386,1619.589,0,10129.427,0,836.787,6931,6159,1.970,1.720,1.060,10,0,392.900,0,0,17,175,0,20,0
24-02 22:07:02,46.618,15.456,36.895,0,0,4041012,142032,164620,3617924,4008.618,1615.413,3.989,191.456,0.997,10.969,5481,7141,2.290,1.790,1.090,6,0,138.606,0,0,17,187,0,20,0
24-02 22:07:03,36.281,25.271,37.532,0.500,0,4103256,157068,164620,3542524,2402.040,1621.377,172.146,3006.553,6.005,48.041,7586,9286,2.290,1.790,1.090,4,0,466.396,0,0,17,195,0,20,0
24-02 22:07:04,30.020,25.266,43.278,0.500,0,4161804,149052,164620,3493176,2341.528,1621.058,28.018,328.214,4.003,25.016,6510,5590,2.290,1.790,1.090,2,0,496.324,0,0,17,195,0,17,0
24-02 22:07:05,27.029,22.524,49.052,0.250,0,4200276,148388,164620,3456396,2282.417,1711.813,16.017,780.827,4.004,49.052,7658,9730,2.290,1.790,1.090,1,0,373.395,0,0,17,201,0,17,0
24-02 22:07:06,17.752,17.502,64.009,0.250,0,4213096,135516,164620,3456528,2135.288,1458.196,0,532.072,0,42.006,5962,6421,2.290,1.790,1.090,4,0,251.034,0,0,17,217,0,17,0
24-02 22:07:07,28.136,15.935,53.781,0.249,0,4238880,145236,164620,3421756,2330.519,1613.436,0,342.606,0,15.935,5584,5589,2.270,1.800,1.090,2,0,190.226,0,0,17,217,0,17,0
24-02 22:07:08,44.358,7.268,44.859,2.757,0,4325572,154560,164620,3327964,2345.715,1623.956,396.967,404.987,10.024,44.107,3469,2559,2.270,1.800,1.090,2,0,1.002,0,0,17,217,0,17,0
24-02 22:07:09,46.133,7.730,45.385,0.499,0,4409052,131840,164620,3267988,2393.935,1615.906,123.687,135.656,2.992,20.947,3257,2013,2.270,1.800,1.090,2,0,1.995,0,0,17,221,0,17,0
24-02 22:07:10,41.737,5.498,50.235,1.000,0,4480032,121588,164624,3208612,2399.278,1619.513,103.969,491.852,10.997,30.991,3512,2825,2.270,1.800,1.090,1,0,5.998,0,0,17,226,0,17,0
24-02 22:07:11,29.314,18.290,51.612,0.501,0.251,4399936,201624,164628,3208672,2482.386,1623.522,20.043,5700.367,2.004,603.309,5442,4382,2.270,1.800,1.090,8,0,323.702,0,0,17,227,0,18,0
24-02 22:07:12,36.032,25.773,33.780,3.253,0,4441468,158068,164636,3210704,2282.003,1621.423,944.829,240.211,11.010,16.014,7983,8986,2.490,1.850,1.110,2,0,448.394,0,0,17,235,0,18,0
24-02 22:07:13,37.299,25.033,34.044,3.254,0,4461952,160504,164660,3188640,10416.607,9408.290,1129.475,1177.538,24.031,32.042,7138,7887,2.490,1.850,1.110,3,0,293.383,0,0,17,239,0,17,0
24-02 22:07:14,59.739,19.246,19.996,0,0.250,4447172,173696,164668,3190504,3128.414,2384.553,43.992,1795.663,2.999,111.979,6734,7707,2.490,1.850,1.110,4,0,221.958,0,0,17,238,0,18,0
24-02 22:07:15,71.720,14.244,9.746,3.499,0,4574552,142848,164668,3095380,2279.052,1709.289,451.812,1447.398,9.996,83.965,4949,3642,2.490,1.850,1.110,3,1,16.993,0,0,17,240,0,18,0
24-02 22:07:16,59.024,10.504,24.260,6.253,0,4629364,170460,164692,3016124,10910.402,10790.354,1556.628,1420.573,46.019,69.028,5109,4193,2.490,1.850,1.110,8,1,21.008,0,0,17,245,0,18,0
24-02 22:07:17,52.350,10.719,16.204,19.444,0,4616108,212828,164700,2987544,5291.848,3367.358,4818.204,1152.699,301.138,31.909,5123,4851,2.770,1.920,1.140,3,2,27.920,0,0,17,246,0,17,0
24-02 22:07:18,65.703,9.529,12.288,11.786,0,4689988,168964,164772,2957712,2347.243,1695.231,1504.643,8634.644,154.477,138.427,5365,6230,2.770,1.920,1.140,1,1,22.068,0,0,17,250,0,21,0
24-02 22:07:19,33.513,24.759,40.765,0,0,4710848,146068,164784,2959724,9735.635,9648.602,20.007,24.009,1.000,6.002,6651,6695,2.770,1.920,1.140,3,0,404.151,0,0,17,250,0,21,0
24-02 22:07:20,37.617,21.922,38.364,0,0,4658576,196736,164784,2961776,5855.229,4334.623,39.859,1084.154,2.989,67.760,7151,8343,2.770,1.920,1.140,3,0,296.947,0,0,17,249,0,22,0
24-02 22:07:21,53.114,20.293,26.306,0.251,0,4702164,193936,164784,2921880,2422.187,1623.477,4.009,280.601,1.002,13.028,5866,6358,2.770,1.920,1.140,4,0,227.487,0,0,17,249,0,20,0
24-02 22:07:22,49.751,25.251,23.751,0,0,4755876,179900,164784,2883184,13179.358,11495.312,16.000,760.021,4.000,35.001,6596,6689,2.790,1.940,1.150,5,1,394.011,0,0,17,250,0,20,0
24-02 22:07:23,60.170,23.968,14.730,0.999,0,4764940,168432,164796,2885920,4181.431,2658.460,1026.633,1182.425,43.941,69.907,7089,9039,2.790,1.940,1.150,11,0,287.617,0,0,17,249,0,21,0
24-02 22:07:24,64.669,20.974,13.483,0.250,0,4830584,152968,164804,2836596,5685.896,3587.518,171.785,587.266,12.984,31.960,6740,9376,2.790,1.940,1.150,3,0,244.694,0,0,17,254,0,23,0
24-02 22:07:25,53.564,27.156,17.689,0,0,4858860,149036,164808,2812964,11254.885,10372.950,438.476,538.130,6.976,36.872,10401,19519,2.790,1.940,1.150,5,0,353.771,0,0,17,254,0,20,0
24-02 22:07:26,61.878,21.381,15.092,1.761,0,4845024,160264,164808,2816008,3441.034,1829.181,587.592,990.052,23.141,41.252,8774,14517,2.790,1.940,1.150,2,1,220.347,0,0,17,257,0,23,0
24-02 22:07:27,54.040,16.685,26.646,1.992,0,4937504,138924,164808,2745660,4759.498,3834.095,306.807,1661.541,18.926,185.280,5750,5046,2.720,1.940,1.150,3,0,172.330,0,0,17,262,0,23,0
24-02 22:07:28,63.091,7.792,27.901,0.503,0,5038568,149700,164384,2635516,11112.025,10201.104,333.803,691.737,11.060,78.424,4952,4146,2.720,1.940,1.150,3,0,4.022,0,0,17,265,0,24,0
24-02 22:07:29,61.184,9.949,24.872,2.736,0,5061900,125600,164400,2636760,8142.989,7879.349,819.771,899.360,70.636,43.774,5736,6076,2.720,1.940,1.150,1,1,13.928,0,0,17,268,0,23,0
24-02 22:07:30,55.866,10.475,27.933,4.489,0,5119616,132144,164400,2574064,10524.767,9252.817,1165.206,925.780,35.914,70.830,6169,7343,2.720,1.940,1.150,4,0,9.976,0,0,17,275,0,26,0
24-02 22:07:31,64.847,13.824,21.616,0,0,5039088,248232,164400,2539404,8651.321,7554.449,534.864,567.036,6.032,45.242,5545,4910,2.720,1.940,1.150,4,0,112.603,0,0,17,279,0,28,0
24-02 22:07:32,51.217,26.733,16.989,4.497,0,5079916,202856,164672,2543624,2278.549,1618.969,4621.056,4248.294,100.936,408.740,8653,10630,2.830,1.970,1.170,4,1,398.746,0,0,17,279,0,28,0
24-02 22:07:33,47.814,25.284,25.284,0,0,5107188,175100,164692,2544320,9753.093,9692.011,809.086,632.850,12.016,38.051,7223,8349,2.830,1.970,1.170,3,0,374.503,0,0,17,282,0,26,0
24-02 22:07:34,57.277,17.432,23.409,0.498,0,5056392,225736,164696,2544524,5836.296,4296.287,621.582,4048.252,13.946,59.767,5961,6592,2.830,1.970,1.170,5,1,120.531,0,0,18,283,0,27,0
24-02 22:07:35,83.525,14.799,0.752,1.505,0,5175696,140332,164696,2511304,2287.524,1625.346,919.023,369.214,39.129,20.066,5436,3378,2.830,1.970,1.170,5,0,135.445,0,0,18,286,0,27,0
24-02 22:07:36,71.203,12.242,9.494,6.246,0,5248252,125976,164696,2454924,10772.904,9815.535,2738.196,519.658,143.905,12.991,5135,3432,2.830,1.970,1.170,4,1,9.993,0,0,18,288,0,27,0
24-02 22:07:37,82.909,12.736,3.246,0.999,0,5301048,137284,164716,2395524,6796.518,4333.230,1138.746,16737.575,42.953,1205.673,6603,9641,3,2.020,1.190,6,0,48.946,0,0,18,288,0,26,0
24-02 22:07:38,73.957,16.296,9.276,0.501,0,5313712,123220,164740,2393856,2406.735,1666.664,786.200,12462.878,23.065,87.244,7523,9175,3,2.020,1.190,5,0,196.550,0,0,18,289,0,28,0
24-02 22:07:39,34.385,9.219,53.322,1.744,0,5339836,153284,164748,2339220,15716.515,12838.128,609.963,386.709,12.957,32.890,3954,3366,3,2.020,1.190,3,0,29.900,0,0,18,293,0,28,0
24-02 22:07:40,42.914,8.784,46.427,0.502,0,5280200,209844,164748,2342300,3320272.496,95763.047,513.965,509.949,4.015,56.215,7570,6239,3,2.020,1.190,2,0,12.046,0,0,18,294,0,29,0
24-02 22:07:41,45.274,8.458,44.279,0,0,5347604,130732,164748,2353992,12179094.047,259480.714,557.214,270.647,6.965,18.905,19743,14108,3,2.020,1.190,3,0,5.970,0,0,18,297,1,28,0
24-02 22:07:42,37.761,16.005,37.011,7.752,0,5325712,148572,164760,2358016,1603513.376,32699.653,2824.834,9810.896,32.009,660.195,7607,5835,2.920,2.020,1.200,3,0,243.072,0,0,18,297,0,28,0
24-02 22:07:43,50.059,9.962,38.603,0.996,0,5308248,197040,164760,2328092,5724.174,2651.888,270.967,454.268,2.989,44.829,4334,3503,2.920,2.020,1.200,5,0,27.894,0,0,18,296,0,29,0
24-02 22:07:44,40.024,4.531,54.623,0.252,0,5371028,134252,164760,2328100,13933.262,13228.443,0,2190.980,0,136.936,3492,3152,2.920,2.020,1.200,4,0,1.007,0,0,18,298,0,29,0
24-02 22:07:45,37.452,3.995,57.177,0.749,0,5371240,133508,164760,2328636,11175.799,10169.079,539.315,635.193,31.959,63.919,5663,6876,2.920,2.020,1.200,7,0,0,0,0,18,302,0,31,0
24-02 22:07:46,5.488,3.243,87.059,0,0,5318632,185260,164760,2329492,360780.484,11801327.378,770.308,566.755,9.978,34.923,5030,2639,2.920,2.020,1.200,1,0,37.917,0,0,18,300,0,32,0
24-02 22:07:47,1.753,1.252,94.655,0,0,5315208,188684,164760,2329492,174110.664,4617283.073,0,12199.946,0,30.049,2423,1664,2.690,1.990,1.190,0,1,0,0,0,18,300,0,32,0
24-02 22:07:48,1.746,0.748,94.283,0.499,0,5315192,188684,164760,2329508,2334.639,1616.288,3.991,1620.279,0.998,104.759,1556,2383,2.690,1.990,1.190,0,0,2.993,0,0,18,302,0,32,0
24-02 22:07:49,7.279,2.008,89.352,0,0,5317488,186388,164760,2329508,2647333.224,106610.073,0,28.111,0,4.016,6278,4810,2.690,1.990,1.190,3,0,0,0,0,18,307,0,31,0
24-02 22:07:50,20.256,4.251,71.772,0.500,0,5307864,184428,164768,2341052,9658989.463,192456.868,32.010,628.192,1.000,63.019,15201,13548,2.690,1.990,1.190,1,0,2.001,0,0,18,309,0,31,0
24-02 22:07:51,14.000,6.250,75.749,1.500,0,5253352,234216,164768,2345760,4801575.245,117318.613,47.999,347.996,3.000,33.000,9834,10801,2.690,1.990,1.190,1,0,63.999,0,0,18,308,0,34,0
24-02 22:07:52,10.215,19.184,67.765,0.498,0,5256640,230820,164768,2345868,3826.745,1614.408,51.821,231.199,3.986,11.959,5807,4948,2.550,1.970,1.190,1,0,400.612,0,0,18,308,0,34,0
24-02 22:07:53,23.950,4.241,70.603,0,0,5311540,175916,164768,2345872,3951.753,1616.626,0,343.284,0,25.946,2409,2140,2.550,1.970,1.190,3,1,0.998,0,0,18,308,0,34,0
24-02 22:07:54,15.360,12.590,71.007,0.504,0,5314384,173032,164772,2345908,2318.569,1633.675,4.029,648.635,1.007,47.338,4679,4033,2.550,1.970,1.190,2,1,213.526,0,0,18,308,0,34,0
24-02 22:07:55,9.740,19.729,68.428,0.250,0.250,5312076,175272,164776,2345972,3835.972,1618.301,15.983,17114.029,0.999,56.940,5982,4868,2.550,1.970,1.190,1,0,356.626,0,0,18,308,0,34,0
24-02 22:07:56,3.239,5.730,89.688,0.249,0,5300796,186528,164776,2345996,2408.610,1614.377,15.944,3.986,0.997,0.997,2351,2430,2.550,1.970,1.190,0,0,99.653,0,0,18,308,0,34,0
24-02 22:07:57,17.251,3.750,76.754,0,0,5342740,144584,164776,2345996,2340.123,1620.085,0,4.000,0,1.000,2047,1928,2.430,1.960,1.190,1,0,9.000,0,0,18,308,0,34,0
24-02 22:07:58,21.717,2.995,73.888,0,0.250,5348952,170576,164776,2315292,9724.217,7334.850,0,235.642,0,15.976,2575,2474,2.430,1.960,1.190,1,1,0.998,0,0,18,309,0,34,0
24-02 22:07:59,18.571,9.788,70.771,0.753,0,5283896,235432,164780,2315488,5786.186,4864.652,172.662,333.278,13.050,28.108,4373,4175,2.430,1.960,1.190,4,0,126.485,0,0,18,312,0,35,0
24-02 22:08:00,14.000,15.750,67.751,0.250,0,5278116,240848,164780,2315820,1998.025,1458.018,32.000,416.005,1.000,38.000,5727,5012,2.430,1.960,1.190,2,1,185.002,0,0,18,316,0,35,0
24-02 22:08:01,13.270,16.525,69.104,0.250,0,5274964,243808,164780,2316012,2482.723,1622.433,0,260.390,0,23.035,5077,3959,2.430,1.960,1.190,1,1,162.243,0,0,18,318,0,35,0
24-02 22:08:02,16.164,12.185,70.127,0,0,5288124,230592,164780,2316068,2267.950,1611.438,3.979,3350.200,0.995,445.632,4334,3296,2.310,1.940,1.180,2,0,132.297,0,0,18,318,0,35,0
24-02 22:08:03,23.769,4.253,71.308,0,0,5341036,177672,164780,2316076,2401.962,1621.324,4.003,196.160,1.001,19.016,2377,1989,2.310,1.940,1.180,1,0,2.002,0,0,18,318,0,35,0
24-02 22:08:04,25.373,2.763,70.342,0.502,0,5383460,135084,164780,2316240,2411.709,1627.903,104.507,0,1.005,0,2426,1982,2.310,1.940,1.180,0,1,2.010,0,0,18,318,0,35,0
24-02 22:08:05,24.610,2.237,70.599,1.243,0,5390564,159148,164780,2286344,2326.772,1610.842,314.214,294.327,12.927,25.853,2708,2556,2.310,1.940,1.180,1,1,1.989,0,0,18,320,0,35,0
24-02 22:08:06,22.503,3.500,71.509,1.500,0,5316956,232716,164780,2286384,2417.306,1620.205,24.003,108.014,4.001,8.001,2306,1923,2.310,1.940,1.180,1,1,5.001,0,0,18,318,0,35,0
24-02 22:08:07,24.480,3.747,71.692,0,0,5356520,193152,164780,2286384,2116.302,1456.831,0,199.840,0,7.994,2255,1889,2.210,1.930,1.180,3,0,0,0,0,18,318,0,35,0
24-02 22:08:08,20.233,4.247,74.189,0.250,0,5385716,163952,164780,2286388,4745.089,3996.706,0,267.779,0,27.977,2518,2267,2.210,1.930,1.180,2,0,2.998,0,0,18,321,0,35,0
24-02 22:08:09,25.056,3.257,70.909,0.251,0,5340756,208904,164780,2286396,7201.155,6419.401,0,248.558,0,28.063,2842,2416,2.210,1.930,1.180,1,0,16.036,0,0,18,318,0,36,0
24-02 22:08:10,25.735,3.498,68.961,0.500,0,5340924,208664,164780,2286468,2398.631,1619.076,63.964,279.840,2.998,34.980,2885,2967,2.210,1.930,1.180,2,0,0,0,0,18,318,0,36,0
24-02 22:08:11,29.477,3.747,66.198,0,0,5343504,205968,164780,2286584,2535.008,1618.728,0,135.893,0,8.993,3637,4637,2.210,1.930,1.180,3,0,0.999,0,0,18,318,0,36,0
24-02 22:08:12,13.330,16.851,69.166,0,0,5321320,227992,164784,2286804,3977.905,1629.794,446.684,378.273,9.054,12.073,5294,4352,2.190,1.930,1.190,1,0,261.572,0,0,18,318,0,36,0
24-02 22:08:13,13.511,16.514,67.557,0.500,0,5324792,224360,164784,2286964,2462.079,1621.369,44.037,1245.051,6.005,96.081,5753,5091,2.190,1.930,1.190,1,0,325.275,0,0,18,318,0,36,0
24-02 22:08:14,23.853,3.230,70.566,1.242,0,5349408,199668,164816,2287008,2045.416,1449.085,43.731,349.848,4.969,24.847,2622,2345,2.190,1.930,1.190,2,0,17.890,0,0,18,318,0,34,0
24-02 22:08:15,20.255,2.751,74.770,0.750,0,5366172,177280,165356,2292092,7842.110,3863.040,136.037,376.101,6.002,14.004,2269,1955,2.190,1.930,1.190,1,0,16.004,0,0,18,319,0,34,0
24-02 22:08:16,24.776,3.253,71.074,0.501,0,5357812,184604,165452,2292888,2581.693,1795.874,164.171,892.932,2.002,15.016,2446,2107,2.190,1.930,1.190,1,0,3.003,0,0,18,318,0,34,0
24-02 22:08:17,19.971,2.247,75.642,0.499,0,5365028,176316,165460,2293952,9078.994,4686.287,3.994,599.142,0.999,16.976,2186,1869,2.090,1.910,1.190,1,0,15.977,0,0,18,319,0,34,0
24-02 22:08:18,24.522,5.505,67.310,0.250,0,5359068,177444,165996,2298120,4185.725,1795.598,0,980.873,0,27.024,10210,18594,2.090,1.910,1.190,1,0,10.009,0,0,18,318,0,33,0
24-02 22:08:19,19.764,3.252,75.555,0.500,0,5346628,189276,166032,2298676,9097.628,4696.421,64.047,572.417,7.005,10.007,2222,1954,2.090,1.910,1.190,1,0,5.004,0,0,18,319,0,33,0
24-02 22:08:20,23.347,8.285,66.778,0,0,5349264,186376,166080,2298892,2229.285,1626.775,32.134,542.258,2.008,31.130,11176,19980,2.090,1.910,1.190,1,0,19.079,0,0,18,321,0,33,0
24-02 22:08:21,22.631,3.979,71.127,0.249,0,5321980,223480,166180,2288940,2404.391,1623.486,11.937,1229.552,2.984,51.729,2344,2024,2.090,1.910,1.190,1,0,0.995,0,0,18,320,0,33,0
24-02 22:08:22,12.763,17.018,70.074,0,0,5303844,241708,166180,2288932,2282.397,1621.703,0,512.538,0,10.011,4914,3968,2.090,1.910,1.190,2,0,268.282,0,0,18,320,0,28,0
24-02 22:08:23,25.229,1.998,71.191,0.250,0,5340132,205420,166180,2288932,2398.027,1618.668,0,1290.938,0,245.798,2488,1948,2.090,1.910,1.190,2,0,0.999,0,0,18,320,0,28,0
24-02 22:08:24,20.011,2.751,75.790,0.250,0,5357552,187792,166180,2289140,11462.121,10320.512,16.009,96.051,1.001,6.003,2366,2160,2.090,1.910,1.190,1,0,0,0,0,18,322,0,29,0
24-02 22:08:25,18.570,9.787,71.017,0.251,0,5364024,181284,166180,2289176,3980.990,3276.336,20.076,92.348,2.008,5.019,3437,2792,2.090,1.910,1.190,1,0,116.438,0,0,18,320,0,31,0
24-02 22:08:26,21.401,2.488,74.157,0,0,5397424,147884,166180,2289176,3951.697,3575.439,0,3.982,0,0.995,2097,1737,2.090,1.910,1.190,0,0,0,0,0,18,321,0,25,0
24-02 22:08:27,20.618,5.029,73.421,0,0,5369888,175404,166180,2289192,9581.972,8340.851,0,0,0,0,2964,2497,1.920,1.880,1.180,1,0,70.404,0,0,18,320,0,26,0
24-02 22:08:28,23.132,4.228,70.887,0,0,5381988,163304,166180,2289192,2107.220,1450.579,0,127.348,0,12.934,2430,2171,1.920,1.880,1.180,1,0,0.995,0,0,18,320,0,26,0
24-02 22:08:29,19.515,2.752,76.060,0.250,0,5393100,152176,166180,2289208,10387.174,9631.579,0,212.167,0,21.017,2563,2540,1.920,1.880,1.180,1,0,1.001,0,0,18,321,0,26,0
24-02 22:08:30,22.483,6.495,68.697,0.500,0,5394356,150808,166180,2289320,9312.758,6806.706,95.925,2326.191,1.998,144.887,3535,3812,1.920,1.880,1.180,2,0,55.956,0,0,18,320,0,22,0
24-02 22:08:31,20.237,3.498,75.450,0,0,5367496,208052,166180,2260140,8190.541,7341.107,0,151.899,0,7.995,2367,2130,1.920,1.880,1.180,1,0,0,0,0,18,321,0,22,0
24-02 22:08:32,21.263,4.753,72.544,0.500,0,5302592,272768,166180,2260328,6881.189,6148.743,44.027,148.090,3.002,10.006,2658,2364,1.850,1.870,1.180,1,0,32.019,0,0,18,320,0,25,0
24-02 22:08:33,24.522,3.503,70.564,0,0,5352144,223216,166180,2260328,2402.168,1621.463,0,132.119,0,8.007,2322,2006,1.850,1.870,1.180,1,0,7.006,0,0,18,320,0,25,0
24-02 22:08:34,16.974,2.746,78.629,0.250,0,5358252,217076,166180,2260360,11680.954,11545.164,15.975,203.685,0.998,19.969,2327,2340,1.850,1.870,1.180,0,0,0,0,0,18,321,0,25,0
24-02 22:08:35,19.254,5.251,74.015,0.250,0,5339416,235908,166180,2260364,3845.758,2500.493,0,536.106,0,45.009,2979,2966,1.850,1.870,1.180,1,0,47.009,0,0,18,320,0,23,0
24-02 22:08:36,21.499,2.000,75.246,0,0,5359960,215360,166180,2260368,4029.806,3633.825,0,135.993,0,9.000,2148,1818,1.850,1.870,1.180,1,0,0,0,0,18,321,0,23,0
24-02 22:08:37,21.083,3.765,73.540,0.251,0,5343724,231584,166180,2260380,11146.948,9938.183,0,124.491,0,6.024,2843,2423,1.780,1.850,1.180,1,0,32.127,0,0,18,320,0,26,0
24-02 22:08:38,29.146,7.224,62.527,0,0,5354000,221300,166180,2260388,2331.676,1614.237,0,191.317,0,14.947,3385,10835,1.780,1.850,1.180,1,0,35.872,0,0,18,320,0,27,0
24-02 22:08:39,18.736,2.498,77.191,0.250,0,5371076,204220,166180,2260392,9606.696,9429.831,0,1830.608,0,317.758,2461,2121,1.780,1.850,1.180,0,0,0,0,0,18,321,0,24,0
24-02 22:08:40,15.558,8.782,74.776,0.502,0,5347532,227692,166180,2260464,6116.609,4741.526,32.119,433.603,1.004,54.200,4493,4710,1.780,1.850,1.180,1,0,174.646,0,0,18,320,0,25,0
24-02 22:08:41,4.238,1.994,86.006,5.983,0,5356696,217320,166720,2261132,7848.721,4518.175,1124.807,227.355,251.287,12.963,1831,2354,1.780,1.850,1.180,0,0,5.983,0,0,18,322,0,25,0
24-02 22:08:42,6.748,7.748,83.476,0.250,0,5342052,231912,166720,2261184,15997.305,5061.515,0,391.885,0,23.993,3213,3046,1.640,1.820,1.170,0,0,124.963,0,0,18,322,0,26,0
24-02 22:08:43,6.017,10.530,81.984,0.501,0.251,5341400,232504,166720,2261244,4525.925,2789.968,0,702.005,0,50.143,3875,3840,1.640,1.820,1.170,1,0,154.441,0,0,18,320,0,25,0
24-02 22:08:44,16.964,5.987,69.853,5.239,0,5332240,240732,166728,2262180,2795.101,1616.589,918.063,1576.673,101.785,113.760,3384,3170,1.640,1.820,1.170,1,0,59.874,0,0,18,320,0,25,0
24-02 22:08:45,22.984,4.247,70.701,0.749,0,5343040,220092,166728,2271956,2398.354,1618.889,235.838,219.849,27.981,10.992,2447,2132,1.640,1.820,1.170,1,0,2.998,0,0,18,320,0,25,0
24-02 22:08:46,18.252,1.750,77.508,0.750,0,5345656,211264,166728,2278088,12278.281,5100.532,872.091,1524.159,11.001,23.002,2186,2120,1.640,1.820,1.170,0,0,16.002,0,0,18,322,0,25,0
24-02 22:08:47,17.830,6.278,72.324,3.265,0,5333496,221784,166736,2279704,4121.475,2781.468,1117.007,2374.645,17.077,72.324,3347,3116,1.660,1.820,1.180,1,0,56.252,0,0,18,320,0,21,0
24-02 22:08:48,15.182,12.942,69.441,0.498,0,5311088,243572,166736,2280308,2389.363,1612.820,75.663,1075.214,2.987,38.827,4716,4256,1.660,1.820,1.180,1,0,247.896,0,0,18,320,0,21,0
24-02 22:08:49,22.998,2.750,73.242,0,0,5353636,201024,166736,2280308,3790.591,3429.630,0,79.991,0,3.000,2145,1730,1.660,1.820,1.180,0,0,0,0,0,18,321,0,21,0
24-02 22:08:50,21.341,4.770,72.309,0.753,0,5331900,222700,166736,2280368,24263.578,22494.024,32.137,413.766,1.004,57.244,3383,3524,1.660,1.820,1.180,2,0,41.176,0,0,18,320,0,23,0
24-02 22:08:51,23.162,3.985,71.478,0,0,5378308,176292,166736,2280368,2527.372,1613.852,0,434.345,0,28.890,2362,1974,1.660,1.820,1.180,1,0,5.977,0,0,18,320,0,23,0
24-02 22:08:52,19.486,2.498,76.446,0,0,5390556,163996,166736,2280416,9968.999,9208.533,31.978,47.966,1.999,3.997,2344,2115,1.610,1.810,1.180,1,0,0,0,0,18,321,0,24,0
24-02 22:08:53,23.282,4.256,70.846,0,0,5363004,191324,166736,2280640,3831.208,2899.942,224.305,0,14.019,0,2618,2180,1.610,1.810,1.180,1,0,15.020,0,0,18,320,0,25,0
24-02 22:08:54,20.816,2.759,76.240,0.251,0,5377976,176340,166736,2280652,8269.038,7463.502,0,3262.273,0,272.859,2368,2000,1.610,1.810,1.180,1,0,0,0,0,18,321,0,25,0
24-02 22:08:55,24.487,4.498,68.713,0.999,0,5372824,179380,166740,2282760,3315.218,3499.119,1914.971,1135.390,72.961,157.915,5334,7425,1.610,1.810,1.180,0,0,0.999,0,0,18,323,0,22,0
24-02 22:08:56,34.471,7.494,57.452,0.250,0,5349484,202568,166740,2282912,3396.168,1654.620,367.693,551.540,2.998,35.970,3233,2511,1.610,1.810,1.180,2,0,9.992,0,0,18,322,0,23,0
24-02 22:08:57,40.142,6.981,51.611,0,0,5415184,136860,166740,2282920,8276.709,7326.269,510.625,343.076,3.989,17.952,3468,2431,1.640,1.810,1.180,2,0,5.984,0,0,18,323,0,23,0
24-02 22:08:58,27.361,5.271,64.763,1.004,0,5412992,138944,166740,2283028,6528.478,5600.715,321.303,2775.256,5.020,212.863,4977,6099,1.640,1.810,1.180,1,0,2.008,0,0,18,323,0,23,0
24-02 22:08:59,18.733,12.239,66.690,0.500,0,5366832,185064,166740,2283068,3792.610,2843.459,0,767.314,0,93.916,5888,6394,1.640,1.810,1.180,2,0,245.780,0,0,18,322,0,23,0
24-02 22:09:00,9.745,22.989,66.219,0,0,5346864,205000,166740,2283100,2278.924,1619.236,0,611.711,0,47.977,6786,6180,1.640,1.810,1.180,1,0,499.764,0,0,18,322,0,23,0
24-02 22:09:01,9.019,22.046,66.638,0,0,5349216,202624,166740,2283124,2688.584,1623.372,0,432.899,0,32.067,6283,5267,1.640,1.810,1.180,2,0,446.928,0,0,18,322,0,23,0
24-02 22:09:02,8.989,23.472,66.920,0.250,0,5337360,214456,166740,2283148,2363.162,1618.057,0,467.439,0,31.962,6433,5495,1.590,1.800,1.180,1,0,492.409,0,0,18,322,0,23,0
24-02 22:09:03,9.508,21.769,66.807,0.500,0,5329020,222768,166740,2283176,2352.016,1529.311,0,1741.493,0,105.090,6707,6005,1.590,1.800,1.180,1,0,514.441,0,0,18,322,0,23,0
24-02 22:09:04,9.504,22.510,66.780,0,0,5318628,233100,166740,2283236,2453.111,1620.734,0,208.094,0,19.009,6381,5356,1.590,1.800,1.180,1,0,488.221,0,0,18,322,0,23,0
24-02 22:09:05,9.504,21.509,67.530,0,0,5315140,236564,166740,2283260,2453.081,1620.714,0,120.053,0,14.006,6418,5480,1.590,1.800,1.180,1,0,483.213,0,0,18,322,0,23,0
24-02 22:09:06,8.967,21.920,67.256,0,0,5310652,241024,166740,2283288,2519.845,1614.135,0,31.884,0,7.971,6395,5427,1.590,1.800,1.180,1,0,478.262,0,0,18,322,0,23,0
24-02 22:09:07,14.987,12.989,70.439,0.500,0,5323204,228424,166744,2283332,2509.843,1618.609,19.983,143.876,1.998,5.995,4579,3703,1.540,1.790,1.180,2,0,222.809,0,0,18,322,0,23,0
24-02 22:09:08,19.986,8.744,70.201,0.250,0,5314812,336476,166864,2194072,2510.248,1618.870,87.939,3601.487,18.987,32.977,2862,2902,1.540,1.790,1.180,1,0,3.997,0,0,18,322,0,23,0
24-02 22:09:09,24.834,3.010,69.986,1.003,0,5327704,319768,166908,2197840,2640.912,1625.485,0,4346.668,0,197.667,2694,2893,1.540,1.790,1.180,2,0,13.044,0,0,18,322,0,23,0
24-02 22:09:10,16.699,1.495,77.762,1.994,0,5327288,319308,166928,2198696,14045.964,7607.690,410.742,2891.142,25.921,326.998,2446,2306,1.540,1.790,1.180,0,1,2.991,0,0,18,323,0,23,0
24-02 22:09:11,16.242,1.749,78.461,2.998,0,5337096,308736,166964,2199416,16884.501,11789.066,575.710,1391.300,48.975,47.976,2075,2016,1.540,1.790,1.180,0,0,0,0,0,18,323,0,22,0
24-02 22:09:12,17.494,2.249,77.222,1.749,0.250,5368460,276228,167004,2200516,16929.756,10245.222,895.670,1171.568,49.982,40.985,2214,2097,1.500,1.770,1.180,1,0,0,0,0,18,323,0,22,0
24-02 22:09:13,18.833,1.507,76.337,1.758,0,5371320,272208,167052,2201624,16994.995,11886.453,819.617,1253.532,66.293,48.213,2595,2618,1.500,1.770,1.180,0,0,2.009,0,0,18,323,0,22,0
24-02 22:09:14,21.730,3.247,71.435,2.498,0,5385200,257088,167112,2202800,15468.963,9547.336,803.271,1322.800,44.959,57.947,4231,5668,1.500,1.770,1.180,1,0,1.998,0,0,18,323,0,22,0
24-02 22:09:15,15.941,2.740,71.486,7.721,0,5382888,230880,167172,2231252,10644.666,7172.496,13721.297,888.716,157.418,32.879,2966,3043,1.500,1.770,1.180,1,0,0,0,0,18,323,0,24,0
24-02 22:09:16,24.533,3.254,70.346,1.001,0,5386732,215760,167328,2242424,2360.216,1622.210,504.688,17303.575,13.018,359.490,2914,2537,1.500,1.770,1.180,1,0,1.001,0,0,18,323,0,24,0
24-02 22:09:17,24.467,2.746,71.153,0,0,5392620,195612,167464,2256548,2115.115,1456.014,0,1370.131,0,30.958,2436,2117,1.460,1.760,1.180,2,0,0,0,0,18,323,0,24,0
24-02 22:09:18,25.257,2.751,70.020,0.500,0,5398452,183780,167516,2262288,2340.653,1620.452,0,1324.370,0,59.016,2810,2769,1.460,1.760,1.180,1,0,0,0,0,18,323,0,24,0
24-02 22:09:19,23.026,3.003,71.080,1.502,0,5412848,148764,167976,2282212,2342.622,1621.815,0,2670.990,0,121.136,2774,2702,1.460,1.760,1.180,1,0,0,0,0,18,323,0,24,0
24-02 22:09:20,24.474,2.997,70.174,0.749,0,5402092,148764,168352,2292348,2217.602,1618.250,0,2045.788,0,83.909,2871,2915,1.460,1.760,1.180,1,0,0,0,0,18,323,0,24,0
24-02 22:09:21,24.253,3.250,70.759,1.000,0,5403060,124332,169032,2314852,2417.295,1620.198,0,5548.677,0,87.011,2623,2493,1.460,1.760,1.180,1,0,0,0,0,18,323,0,24,0
24-02 22:09:22,24.767,2.752,70.798,0.500,0,5372260,167688,169256,2301908,2563.756,1795.230,4.003,1000.685,1.001,33.023,2528,2143,1.420,1.750,1.180,2,0,2.001,0,0,18,322,0,24,0
24-02 22:09:23,22.482,3.997,71.943,0,0,5392664,147276,169256,2301916,6695.714,2955.667,0,615.514,0,9.992,2698,2237,1.420,1.750,1.180,1,0,33.973,0,0,18,323,0,24,0
24-02 22:09:24,22.015,3.002,73.550,0,0,5371664,162592,169336,2307488,3721.531,2471.681,0,1060.721,0,15.010,2264,1994,1.420,1.750,1.180,1,0,2.001,0,0,18,322,0,24,0
24-02 22:09:25,19.991,2.999,75.716,0.250,0,5371644,162440,169336,2307640,9447.814,4666.932,0,1339.407,0,167.926,2370,2009,1.420,1.750,1.180,1,0,16.992,0,0,18,323,0,24,0
24-02 22:09:26,24.996,4.999,67.240,0.250,0,5362332,165972,169756,2312856,2698.615,1793.744,0,799.886,0,13.998,10132,18672,1.420,1.750,1.180,1,0,6.999,0,0,18,322,0,24,0
24-02 22:09:27,23.604,6.278,69.304,0,0,5356176,171768,169816,2313156,2350.313,1627.140,0,92.405,0,2.009,7563,13161,1.390,1.730,1.180,1,0,12.053,0,0,18,322,0,24,0
24-02 22:09:28,21.414,7.470,68.474,0.249,0,5356728,171024,169828,2313320,2330.613,1613.501,0,1832.619,0,24.900,5704,8813,1.390,1.730,1.180,3,0,15.936,0,0,18,322,0,20,0
24-02 22:09:29,24.360,4.269,71.071,0.502,0,5332304,206848,169828,2302028,3971.952,1627.355,0,1273.757,0,51.232,2953,2833,1.390,1.730,1.180,2,0,26.118,0,0,18,322,0,20,0
24-02 22:09:30,25.869,5.224,66.165,0,0,5321616,217524,169828,2302040,2387.906,1611.836,0,362.166,0,16.914,9999,17944,1.390,1.730,1.180,1,0,32.834,0,0,18,322,0,20,0
24-02 22:09:31,21.247,3.000,73.990,0,0,5363844,175288,169828,2302048,6495.083,2795.605,0,255.964,0,9.999,2496,2205,1.390,1.730,1.180,0,0,32.995,0,0,18,323,0,20,0
24-02 22:09:32,23.015,2.752,73.046,0,0,5363268,170292,169828,2307620,5324.358,2633.661,0,712.449,0,11.007,2224,1982,1.440,1.740,1.180,1,0,2.001,0,0,18,322,0,18,0
24-02 22:09:33,20.067,3.261,75.502,0.502,0,5366488,166928,169828,2307764,10747.888,4642.501,0,822.747,0,29.097,2432,2316,1.440,1.740,1.180,3,0,21.070,0,0,18,323,0,18,0
24-02 22:09:34,25.407,5.231,67.253,0,0,5348488,179616,169828,2312996,2492.834,1787.428,0,801.055,0,12.952,9807,18035,1.440,1.740,1.180,1,0,9.963,0,0,18,322,0,18,0
24-02 22:09:35,23.755,6.251,67.764,0,0,5350972,176844,169832,2313280,3840.812,1620.343,0,84.018,0,1.000,10059,18593,1.440,1.740,1.180,1,0,13.003,0,0,18,322,0,18,0
24-02 22:09:36,20.829,5.772,72.276,0.251,0,5357844,174828,169900,2308356,2366.020,1626.199,0,1200.577,0,136.520,2551,2102,1.440,1.740,1.180,1,0,14.054,0,0,18,322,0,15,0
24-02 22:09:37,23.162,4.234,71.230,0,0,5345832,193240,169900,2302052,2109.988,1452.485,0,15.939,0,2.989,2449,2039,1.400,1.730,1.180,1,0,21.917,0,0,18,322,0,15,0
24-02 22:09:38,30.657,7.790,60.308,0,0,5347692,191304,169900,2302112,2412.329,1628.322,32.164,759.884,1.005,33.170,4520,13825,1.400,1.730,1.180,1,0,106.545,0,0,18,322,0,16,0
24-02 22:09:39,22.948,4.739,70.838,0.249,0,5385140,145736,169900,2310228,2334.662,1616.304,0,1364.879,0,46.893,2715,2538,1.400,1.730,1.180,1,0,26.938,0,0,18,322,0,16,0
24-02 22:09:40,25.428,2.493,70.551,0,0,5372628,155332,169908,2313052,4373.639,2148.927,0,973.249,0,21.938,2640,2471,1.400,1.730,1.180,1,0,15.955,0,0,18,323,0,11,0
24-02 22:09:41,16.247,1.750,79.987,0.750,0,5378844,148996,169908,2313168,19466.895,10874.265,0,1363.782,0,55.991,2103,2333,1.400,1.730,1.180,1,0,0,0,0,18,323,0,11,0
24-02 22:09:42,12.256,2.001,83.538,0.500,0,5373740,153700,169908,2313544,44893.459,12559.724,0,12481.688,0,109.050,2057,2153,1.370,1.710,1.180,1,0,0,0,0,18,324,0,11,0
24-02 22:09:43,15.492,2.249,80.206,0.999,0,5384032,143088,169920,2313856,137097.795,17618.336,0,1862.978,0,87.952,2615,2782,1.370,1.710,1.180,1,0,1.999,0,0,18,324,0,11,0
24-02 22:09:44,19.750,1.750,76.751,0.750,0,5394924,131884,170008,2314060,15170.123,9930.081,0,1712.014,0,73.001,2365,2378,1.370,1.710,1.180,1,0,1.000,0,0,18,324,0,9,0
24-02 22:09:45,18.739,2.249,76.957,0.500,0,5373060,183416,170104,2285096,294840.450,16890.459,0,1211.316,0,32.981,2494,2163,1.370,1.710,1.180,0,0,0,0,0,18,324,0,9,0
24-02 22:09:46,9.758,2.002,84.066,2.002,0,5371516,184060,170484,2285572,126322.245,22412.609,28.022,3190.507,4.003,141.111,2410,2767,1.370,1.710,1.180,1,0,0,0,0,18,324,0,9,0
24-02 22:09:47,16.323,2.260,79.356,0.753,0,5381168,163336,170604,2296600,1294142.641,44654.219,108.486,19728.458,7.032,532.387,4318,3528,1.340,1.700,1.180,0,0,1.005,0,0,18,324,0,9,0
24-02 22:09:48,6.251,2.751,87.020,0.750,0,5381676,143416,170684,2315884,10242468.640,270036.708,0,6313.419,0,41.009,16435,10706,1.340,1.700,1.180,1,0,5.001,0,0,18,324,0,9,0
24-02 22:09:49,8.252,3.001,84.267,1.500,0,5382872,146836,170824,2311768,6905921.955,146322.921,164.032,13038.577,4.001,68.013,11179,8050,1.340,1.700,1.180,1,0,1.000,0,0,18,324,0,9,0
24-02 22:09:50,23.382,3.482,70.396,0.995,0,5390936,127576,173544,2319040,2278.542,1611.894,0,4433.704,0,96.515,2901,2872,1.340,1.700,1.180,1,0,0.995,0,0,18,324,0,9,0
24-02 22:09:51,25.497,3.250,70.242,0.250,0,5398392,139480,174172,2299128,2280.753,1457.842,0,1067.884,0,28.997,2553,2306,1.340,1.700,1.180,1,0,0,0,0,18,324,0,9,0
24-02 22:09:52,24.248,4.750,68.993,1.250,0,5386496,135920,174524,2313080,3839.636,1619.846,11.999,75628.832,3.000,333.968,3051,2808,1.310,1.690,1.180,1,0,0,0,0,18,324,0,7,0
24-02 22:09:53,23.509,4.002,69.777,1.000,0,5406548,121832,174976,2306760,2486.954,1620.622,0,3137.204,0,80.031,2767,2661,1.310,1.690,1.180,1,0,1.000,0,0,18,324,0,7,0
24-02 22:09:54,23.501,4.500,70.752,0.750,0,5388372,127600,175768,2317360,2550.085,1714.057,0,1432.047,0,54.002,2476,2185,1.310,1.690,1.180,1,0,0,0,0,18,324,0,7,0
24-02 22:09:55,23.503,2.750,71.009,1.000,0,5387540,145084,176416,2299724,2452.315,1620.208,0,2292.294,0,72.009,2612,2502,1.310,1.690,1.180,1,0,0,0,0,18,324,0,7,0
24-02 22:09:56,35.503,6.501,57.005,0,0,5399904,142284,177656,2288848,2529.212,1620.136,256.021,608.051,2.000,27.002,3057,2213,1.310,1.690,1.180,2,0,5.000,0,0,18,324,0,4,0
24-02 22:09:57,45.433,6.990,46.182,0.499,0,5425992,140420,177864,2265164,2346.553,1455.861,511.249,2188.785,3.994,142.790,3614,2260,1.370,1.700,1.180,2,0,5.991,0,0,18,324,0,4,0
24-02 22:09:58,31.546,5.007,61.589,0.751,0,5417592,155080,178520,2258264,2635.815,1622.348,256.371,2339.386,2.003,86.125,3320,2921,1.370,1.700,1.180,1,0,2.003,0,0,18,324,0,4,0
24-02 22:09:59,22.004,3.001,73.263,1.000,0,5417564,142512,178792,2269368,6874.217,3024.536,0,2144.380,0,82.015,2643,2664,1.370,1.700,1.180,0,0,1.000,0,0,18,325,0,4,0
24-02 22:10:00,23.808,2.506,72.427,0,0,5353900,240764,178792,2234776,4327.547,2950.190,0,537.310,0,25.061,2515,2290,1.370,1.700,1.180,2,0,2.005,0,0,18,322,0,4,0
24-02 22:10:01,19.924,3.985,74.465,0.249,0,5376780,217864,178792,2234788,8116.944,3781.531,0,374.567,0,2.989,2510,2176,1.370,1.700,1.180,1,0,32.874,0,0,18,323,0,3,0
24-02 22:10:02,24.859,2.511,72.065,0,0,5337500,251156,178848,2240408,2806.253,1868.157,0,1012.421,0,8.035,2273,1914,1.340,1.680,1.180,2,0,2.009,0,0,18,322,0,3,0
24-02 22:10:03,19.677,3.238,75.717,0.249,0,5353116,235408,178848,2240504,9348.094,4675.541,0,868.756,0,24.907,2386,2222,1.340,1.680,1.180,1,0,17.933,0,0,18,323,0,3,0
24-02 22:10:04,25.344,6.524,62.984,3.011,0,5345596,236468,179036,2245832,2495.282,1638.093,76.284,2834.544,10.037,108.403,10097,18701,1.340,1.680,1.180,1,0,13.049,0,0,18,322,0,3,0
24-02 22:10:05,21.437,4.985,71.788,0,0,5342308,239324,179064,2246136,3041.025,1615.233,0,83.753,0,0.997,2224,1776,1.340,1.680,1.180,1,0,3.988,0,0,18,322,0,3,0
24-02 22:10:06,23.235,6.746,67.956,0,0,5344684,236832,179068,2246232,3316.858,1618.955,0,0,0,0,10544,18771,1.340,1.680,1.180,2,0,11.992,0,0,18,322,0,3,0
24-02 22:10:07,21.501,6.500,71.504,0,0,5343496,237928,179088,2246304,2340.143,1620.099,0,232.014,0,3.000,2291,1763,1.390,1.690,1.190,1,0,7.000,0,0,18,322,0,3,0
24-02 22:10:08,23.499,4.750,70.747,0.250,0,5304672,289232,179092,2235004,2339.894,1619.927,0,2851.871,0,22.999,2480,2055,1.390,1.690,1.190,2,0,6.000,0,0,18,322,0,3,0
24-02 22:10:09,22.486,3.498,70.706,1.499,0,5327092,263852,179096,2237940,2338.557,1619.001,639.605,971.401,13.991,8.994,2288,2056,1.390,1.690,1.190,2,0,0,0,0,18,322,0,3,0
24-02 22:10:10,26.659,3.521,68.408,0.503,0,5326992,263376,179096,2238512,2233.323,1629.722,321.920,2048.219,20.120,115.690,5338,6947,1.390,1.690,1.190,2,0,0,0,0,18,325,0,6,0
24-02 22:10:11,25.981,5.746,64.452,1.999,0,5281512,307984,179096,2239384,2193.364,1456.913,591.559,3713.231,28.978,353.736,7017,10229,1.390,1.690,1.190,1,0,34.974,0,0,18,324,0,8,0
24-02 22:10:12,9.255,20.761,68.034,0.250,0,5284592,304848,179096,2239440,2341.184,1620.820,0,11741.939,0,141.071,6179,5096,1.280,1.660,1.180,1,0,369.187,0,0,18,324,0,8,0
24-02 22:10:13,13.001,6.251,68.757,10.501,0,5274332,312508,179192,2241952,2460.268,1620.176,2716.295,2636.287,280.030,339.037,3177,3338,1.280,1.660,1.180,1,0,47.005,0,0,18,324,0,10,0
24-02 22:10:14,12.188,4.975,73.131,7.960,0,5275876,270560,179208,2282332,2752.096,2621.755,40065.587,4051.532,3183.915,171.135,5877,9402,1.280,1.660,1.180,0,0,6.965,0,0,18,325,0,10,0
24-02 22:10:15,2.250,0.750,95.263,0,0,5275876,270560,179208,2282332,22237.994,3463.466,0,8.001,0,1.000,1302,1744,1.280,1.660,1.180,0,0,0,0,0,18,325,0,10,0
24-02 22:10:16,6.751,3.250,86.512,1.500,0,5274820,270916,179348,2282888,49532.662,4498.605,276.037,456.061,6.001,6.001,3437,5340,1.280,1.660,1.180,0,0,3.000,0,0,18,325,0,10,0
24-02 22:10:17,7.526,3.261,86.046,1.505,0,5253048,291920,179472,2283468,157298.557,130794.307,317.092,14088.505,16.055,408.406,2691,2460,1.180,1.630,1.170,0,0,10.035,0,0,18,324,0,10,0
24-02 22:10:18,4.235,1.245,93.409,0.249,0,5250988,294280,179472,2283472,2451.057,1614.110,0,402.531,0,12.953,1815,2253,1.180,1.630,1.170,0,0,0,0,0,18,324,0,10,0
24-02 22:10:19,1.500,0.750,95.748,0,0.250,5248312,296956,179472,2283472,2399.955,1619.970,0,0,0,0,1091,1575,1.180,1.630,1.170,0,0,0,0,0,18,324,0,10,0
24-02 22:10:20,2.000,1.000,94.977,0.500,0,5245448,299812,179472,2283480,2339.434,1619.608,0,135.967,0,20.995,1404,2013,1.180,1.630,1.170,1,0,0,0,0,18,324,0,10,0
24-02 22:10:21,3.250,1.000,93.986,0.500,0,5245440,299812,179472,2283488,3976.424,1619.765,0,643.907,0,51.992,1602,2303,1.180,1.630,1.170,0,0,0,0,0,18,324,0,10,0
24-02 22:10:22,2.501,0.750,95.547,0,0,5245440,299812,179472,2283488,3901.916,1620.796,0,0,0,0,1224,1678,1.080,1.610,1.170,0,0,0,0,0,18,324,0,10,0
24-02 22:10:23,2.000,2.749,92.731,0.500,0,5244912,300328,179476,2283496,2399.509,1619.669,3.999,31669.521,1.000,244.950,1921,2442,1.080,1.610,1.170,0,0,1.000,0,0,18,324,0,10,0
24-02 22:10:24,2.000,1.250,95.485,0,0,5244868,300372,179476,2283496,2057.670,1457.767,0,359.942,0,30.995,1183,1780,1.080,1.610,1.170,0,0,0,0,0,18,324,0,10,0
24-02 22:10:25,1.750,0.250,96.253,0,0,5244868,300372,179476,2283496,2280.071,1620.050,0,0,0,0,1070,1615,1.080,1.610,1.170,0,0,0,0,0,18,324,0,10,0
24-02 22:10:26,2.000,1.000,95.269,0,0,5244864,300372,179476,2283500,2537.517,1620.330,0,4.001,0,1.000,1179,1715,1.080,1.610,1.170,0,0,0,0,0,18,324,0,10,0
24-02 22:10:27,2.247,0.999,95.608,0.250,0,5244864,300372,179476,2283500,2336.538,1617.603,0,71.893,0,5.991,1120,1624,1,1.580,1.160,0,0,0,0,0,18,324,0,10,0
24-02 22:10:28,2.254,5.009,85.152,5.760,0,5245192,299964,179504,2283520,3906.954,1622.889,24.043,113097.305,6.011,810.443,2849,3122,1,1.580,1.160,0,0,1.002,0,0,18,324,0,10,0
24-02 22:10:29,2.748,1.249,95.197,0,0,5245384,299772,179504,2283520,2338.710,1619.107,0,1131.376,0,193.893,1406,2069,1,1.580,1.160,0,0,0.999,0,0,18,324,0,10,0
24-02 22:10:30,2.751,1.000,94.520,0,0,5245380,299772,179504,2283524,2058.440,1458.311,0,88.019,0,12.003,1505,2239,1,1.580,1.160,0,0,0,0,0,18,324,0,10,0
24-02 22:10:31,2.251,0.750,94.535,0,0,5245380,299772,179504,2283524,3978.473,1620.600,0,100.037,0,12.004,1480,2220,1,1.580,1.160,0,0,0,0,0,18,324,0,10,0
24-02 22:10:32,1.999,0.500,95.969,0.250,0,5245372,299772,179504,2283532,2459.206,1619.477,0,115.963,0,8.997,1064,1647,0.920,1.550,1.150,1,0,0,0,0,18,324,0,10,0
24-02 22:10:33,2.250,2.000,94.768,0,0,5245372,299772,179504,2283532,2400.445,1620.300,0,16235.008,0,121.022,1528,2001,0.920,1.550,1.150,0,0,1.000,0,0,18,324,0,10,0
24-02 22:10:34,2.000,1.500,94.519,0.500,0,5237776,307364,179504,2283532,2340.472,1620.327,0,880.177,0,31.006,1330,1831,0.920,1.550,1.150,1,0,6.001,0,0,18,324,0,10,0
24-02 22:10:35,2.249,0.500,95.472,0,0,5237776,307364,179504,2283532,2279.336,1619.528,0,0,0,0,1101,1553,0.920,1.550,1.150,0,0,0,0,0,18,324,0,10,0
24-02 22:10:36,1.499,0.749,96.176,0,0,5237776,307364,179504,2283532,2133.368,1456.886,0,0,0,0,1084,1622,0.920,1.550,1.150,0,0,0,0,0,18,324,0,10,0
24-02 22:10:37,1.752,0.500,96.083,0,0,5237772,307364,179504,2283536,2342.028,1621.404,0,0,0,0,1036,1566,0.840,1.530,1.150,0,0,0,0,0,18,324,0,10,0
24-02 22:10:38,8.747,4.498,84.969,0,0.250,5245400,299736,179504,2283536,2459.103,1619.409,0,163.940,0,8.997,2502,7392,0.840,1.530,1.150,0,0,35.987,0,0,18,324,0,11,0
24-02 22:10:39,1.750,0.750,95.985,0,0,5240020,305112,179504,2283540,2579.591,1619.743,0,519.918,0,97.984,1135,1620,0.840,1.530,1.150,1,0,0,0,0,18,324,0,11,0
24-02 22:10:40,2.751,2.251,93.026,0.500,0,5251224,293904,179504,2283544,2220.617,1620.450,0,172.048,0,23.006,1477,2134,0.840,1.530,1.150,1,0,0,0,0,18,324,0,11,0
24-02 22:10:41,2.750,1.000,94.995,0.250,0,5251208,293904,179504,2283560,4036.806,1619.922,0,407.980,0,38.998,1508,2208,0.840,1.530,1.150,0,0,0,0,0,18,324,0,10,0
24-02 22:10:42,1.750,1.250,94.762,0.500,0,5251208,293904,179504,2283560,2118.267,1458.184,0,1692.213,0,106.013,1361,2083,0.770,1.500,1.140,0,0,0,0,0,18,324,0,10,0
24-02 22:10:43,3.006,1.002,94.443,0,0,5250364,294748,179504,2283560,2525.154,1623.313,0,368.753,0,25.051,1434,2079,0.770,1.500,1.140,1,0,2.004,0,0,18,324,0,10,0
24-02 22:10:44,2.494,1.247,94.279,0.748,0,5249140,295968,179504,2283564,2274.666,1616.210,0,5028.210,0,123.710,1610,2429,0.770,1.500,1.140,0,0,0.998,0,0,18,324,0,10,0
24-02 22:10:45,2.000,1.000,95.773,0.250,0,5247872,297232,179508,2283564,2280.553,1620.393,0,544.132,0,97.024,1227,1741,0.770,1.500,1.140,0,0,0,0,0,18,324,0,10,0
24-02 22:10:46,2.250,1.000,94.999,0,0,5246864,298240,179508,2283564,2416.986,1619.990,0,0,0,0,1308,1852,0.770,1.500,1.140,0,0,0,0,0,18,324,0,10,0
24-02 22:10:47,2.000,0.500,95.736,0.250,0,5246864,298240,179508,2283564,1895.722,1295.810,0,199.971,0,15.998,1112,1635,0.710,1.480,1.130,1,0,0,0,0,18,324,0,10,0
24-02 22:10:48,2.001,0.500,95.528,0,0,5246860,298240,179508,2283568,1680.492,0,0,0,0,0,1232,1734,0.710,1.480,1.130,0,0,2.001,0,0,18,324,0,10,0
24-02 22:10:49,12.239,2.997,82.928,0.250,0,5261648,283432,179524,2283572,278454.309,7581.420,15.986,3704.784,1.998,63.944,2130,2133,0.710,1.480,1.130,1,0,6.994,0,0,18,324,0,10,0
24-02 22:10:50,9.029,4.765,83.020,1.756,0.251,5256020,288896,179544,2283704,145791.885,9354.406,124.404,212.691,6.020,10.033,2731,2642,0.710,1.480,1.130,1,0,30.098,0,0,18,324,0,10,0
24-02 22:10:51,15.497,4.749,77.986,0.500,0,5254200,290104,179544,2284316,290843.072,8954.340,47.991,391.927,2.000,23.996,2976,2891,0.710,1.480,1.130,1,0,20.996,0,0,18,324,0,10,0
