"pcp-dstat 6.2.0 CSV Output"
"Author:","PCP team <pcp@groups.io> and Dag Wieers <dag@wieers.com>",,,,"URL:","https://pcp.io/ and http://dag.wieers.com/home-made/dstat/"
"Host:","ubuntu",,,,"User:","ubuntu"
"Cmdline:","dstat -tcmndrylpg --tcp --output /tmp/devstack_logs/dstat-csv.log",,,,"Date:","18 Feb 2026 16:20:54 UTC"
"system","total usage",,,,,"memory usage",,,,"net/total",,"dsk/total",,"io/total",,"system",,"load avg",,,"procs",,,"paging",,"tcp sockets",,,,
"time","total usage:usr","total usage:sys","total usage:idl","total usage:wai","total usage:stl","used","free","buf","cach","net/total:recv","net/total:send","dsk/total:read","dsk/total:writ","read","writ","int","csw","1m","5m","15m","run","blk","new","in","out","lis","act","syn","tim","clo"
18-02 16:20:54,,1047716,1460232,165332,5145124,,,,,,,1.540,1.100,0.630,4,0,,,,10,4,0,17,2
18-02 16:20:55,50.237,20.744,28.492,0,0,1079236,1428064,165348,5145656,17072.438,10381.226,0,1327.645,0,42.989,5977,4676,1.540,1.100,0.630,3,0,462.876,0,0,10,4,0,17,2
18-02 16:20:56,43.515,22.508,32.261,0.500,0,1100292,1384528,165420,5167524,1418446.052,40300.554,0,1952.657,0,62.021,8315,7690,1.540,1.100,0.630,3,0,366.123,0,0,10,6,0,17,2
18-02 16:20:57,41.350,17.935,39.606,0.249,0,1074456,1394484,166316,5179704,639566.167,15806.715,0,3304.026,0,48.823,6706,5531,1.540,1.100,0.630,2,0,230.166,0,0,10,4,0,17,2
18-02 16:20:58,39.106,13.035,47.128,0.501,0,1171224,1281476,166696,5318216,4176.335,1624.409,0,3056.295,0,164.446,5279,5382,1.580,1.120,0.640,3,0,95.259,0,0,11,6,0,17,2
18-02 16:20:59,39.013,10.003,48.016,1.501,0,1199560,1246284,166848,5324172,2340.782,1620.541,16.005,696.233,1.000,22.007,3676,2212,1.580,1.120,0.640,2,0,82.027,0,0,11,6,0,17,2
18-02 16:21:00,37.250,13.750,47.251,1.500,0,1186768,1237724,167512,5343012,3900.047,1662.020,0,2552.030,0,119.001,4824,3647,1.580,1.120,0.640,2,0,185.002,0,0,11,6,0,19,2
18-02 16:21:01,43.600,4.734,48.582,2.242,0,1217176,1194520,168192,5353204,2212.369,1614.432,342.818,2905.977,14.948,71.753,3032,1872,1.580,1.120,0.640,2,0,0,0,0,11,6,0,19,2
18-02 16:21:02,43.850,5.011,48.360,2.506,0,1260024,1123892,169172,5377360,2482.660,1623.702,248.567,3227.358,8.018,68.155,3108,2020,1.580,1.120,0.640,2,0,0,0,0,11,6,0,19,2
18-02 16:21:03,39.523,3.752,52.030,3.252,0,1289948,1099572,170072,5369660,7976.630,4087.372,16.009,9345.424,1.001,705.409,5302,6747,1.610,1.130,0.650,1,1,10.006,0,0,11,6,0,19,3
18-02 16:21:04,34.706,7.491,42.446,12.234,0,1262460,1120996,171012,5374900,2588.717,1779.743,0,38551.115,0,3214.923,14006,26586,1.610,1.130,0.650,2,1,46.940,0,0,11,6,0,19,0
18-02 16:21:05,40.097,9.774,44.357,4.260,0.251,1263136,1119404,171296,5375492,6596.892,3031.303,0,31367.566,0,2193.284,9529,15353,1.610,1.130,0.650,1,0,135.326,0,0,11,5,0,19,0
18-02 16:21:06,43.476,4.497,50.971,0,0,1231120,1144764,171412,5381208,3942.782,2720.469,0,1711.037,0,55.969,2870,1586,1.610,1.130,0.650,2,0,1.999,0,0,11,4,0,19,0
18-02 16:21:07,41.435,5.242,51.419,0.749,0,1253912,1121936,171444,5381204,8041.368,3713.167,0,6505.781,0,350.450,3419,2954,1.610,1.130,0.650,3,0,17.972,0,0,11,5,0,19,0
18-02 16:21:08,46.597,6.012,46.346,0.501,0,1243740,1125440,171828,5386280,3943.179,2699.599,0,1094.270,0,31.064,8439,13234,1.640,1.150,0.660,3,0,16.033,0,0,11,4,0,19,0
18-02 16:21:09,43.408,7.734,47.400,0,0,1281560,1086940,171880,5386740,2275.181,1616.576,0,83.822,0,0.998,5226,6355,1.640,1.150,0.660,2,0,8.981,0,0,11,4,0,19,0
18-02 16:21:10,44.302,9.011,45.303,0,0,1290904,1077336,171932,5386904,2462.895,1621.906,0,84.099,0,1.001,11471,19057,1.640,1.150,0.660,2,0,19.022,0,0,11,4,0,13,0
18-02 16:21:11,35.535,17.267,47.046,0.250,0,1228996,1152092,171944,5375640,2420.362,1459.424,0,2310.255,0,60.059,4993,3513,1.640,1.150,0.660,2,0,279.273,0,0,11,4,0,13,0
18-02 16:21:12,31.999,23.499,42.749,0,0,1211276,1169784,171944,5375676,2416.944,1619.962,0,24111.436,0,119.997,6077,4620,1.640,1.150,0.660,3,0,393.991,0,0,11,4,0,13,0
18-02 16:21:13,25.223,16.982,56.690,0,0,1181608,1199408,171944,5376116,2397.452,1618.280,0,11.987,0,2.997,5731,7099,1.590,1.140,0.660,1,0,245.739,0,0,11,4,0,13,0
18-02 16:21:14,31.514,11.005,51.773,5.252,0,1187568,1185836,171944,5383740,2220.999,1620.729,7707.466,0,77.035,0,3661,2465,1.590,1.140,0.660,2,0,131.059,0,0,11,5,0,13,0
18-02 16:21:15,42.984,5.498,47.982,2.999,0,1258180,1115028,171964,5383940,2219.160,1619.387,19.992,1911.277,3.998,81.969,2808,1853,1.590,1.140,0.660,3,0,0,0,0,11,5,0,13,0
18-02 16:21:16,48.032,2.752,48.282,0,0,1280944,1091284,171968,5384916,3782.531,1621.085,492.329,412.276,5.003,39.026,2773,1187,1.590,1.140,0.660,4,0,1.001,0,0,11,5,0,13,0
18-02 16:21:17,42.961,11.240,44.959,0,0,1292580,1078196,171972,5386364,2340.859,1564.569,0,28585.857,0,511.532,4149,4339,1.590,1.140,0.660,3,0,0,0,0,11,5,0,13,0
18-02 16:21:18,23.509,10.004,65.025,0,0,1291556,1078212,171976,5387360,2312.890,1512.582,0,2713.044,0,95.037,4140,3658,1.540,1.140,0.660,1,0,140.054,0,0,11,4,0,13,0
18-02 16:21:19,22.518,2.752,73.308,0,0,1338932,1030836,171976,5387364,2281.818,1621.292,0,0,0,0,1796,1302,1.540,1.140,0.660,3,0,0,0,0,11,4,0,13,0
18-02 16:21:20,23.232,2.498,73.944,0,0,1363624,1006140,171980,5387364,2338.222,1618.769,0,1502.857,0,4.996,1698,1199,1.540,1.140,0.660,2,0,0,0,0,11,4,0,13,0
18-02 16:21:21,23.252,2.500,72.256,1.250,0,1391568,978004,172008,5387604,2280.200,1620.142,0,1384.122,0,190.017,3438,4566,1.540,1.140,0.660,2,0,1.000,0,0,11,10,0,13,0
18-02 16:21:22,20.760,5.503,71.533,0.750,0,1299916,1069644,172012,5387612,2418.112,1620.745,0,6879.164,0,177.081,2693,2607,1.540,1.140,0.660,1,0,42.019,0,0,11,4,0,13,0
18-02 16:21:23,22.483,1.499,73.446,1.999,0,1328064,1040664,172284,5388128,3777.224,1618.810,615.548,563.586,26.980,36.973,1733,1179,1.500,1.140,0.660,1,0,0,0,0,11,4,0,13,0
18-02 16:21:24,18.235,2.498,76.187,1.249,0,1346740,1021792,172300,5388276,6066.971,5606.353,3.997,1071.112,0.999,26.978,2328,2334,1.500,1.140,0.660,1,0,0.999,0,0,11,17,0,13,0
18-02 16:21:25,17.528,2.504,74.619,4.006,0,1353868,1014232,172344,5388516,5813.290,5128.195,268.429,1374.196,66.106,19.030,2035,1823,1.500,1.140,0.660,1,0,2.003,0,0,11,29,0,13,0
18-02 16:21:26,19.926,5.729,72.730,0,0,1393632,974456,172344,5388528,3220.061,2598.366,0,0,0,0,2276,1757,1.500,1.140,0.660,2,0,43.837,0,0,11,28,0,14,0
18-02 16:21:27,19.830,3.263,76.559,0,0,1420628,947456,172344,5388532,6577.571,5730.147,0,17036.821,0,84.341,1740,1423,1.500,1.140,0.660,1,0,0,0,0,11,29,0,14,0
18-02 16:21:28,21.728,10.739,66.933,0,0,1423444,944612,172344,5388560,5305.699,4394.609,0,299.701,0,57.942,3397,2578,1.460,1.140,0.660,2,0,155.844,0,0,11,28,0,15,0
18-02 16:21:29,44.006,7.251,48.506,0,0,1476540,891516,172344,5388560,3840.513,1620.216,0,536.072,0,97.013,2793,1337,1.460,1.140,0.660,3,0,0,0,0,11,28,0,15,0
18-02 16:21:30,33.984,3.498,61.221,0,0,1478968,889068,172344,5388576,12872.969,11981.386,0,0,0,0,3525,3412,1.460,1.140,0.660,2,0,0,0,0,11,30,0,15,0
18-02 16:21:31,40.282,17.514,40.532,0.500,0,1396660,971168,172352,5388776,10842.559,9641.611,0,836.660,0,35.028,6709,7716,1.460,1.140,0.660,4,0,316.250,0,0,11,28,0,16,0
18-02 16:21:32,74.034,25.762,0.250,0,0,1524312,843440,172352,5388804,2478.148,1662.770,0,24.011,0,6.003,5146,3751,1.460,1.140,0.660,6,0,262.121,0,0,11,28,0,16,0
18-02 16:21:33,89.978,9.998,0,0,0,1679560,688172,172360,5388816,4604.876,3976.030,0,75065.685,0,324.921,5383,3019,1.820,1.220,0.690,6,0,0,0,0,11,29,0,16,0
18-02 16:21:34,86.291,8.729,4.489,0,0,1739408,628276,172360,5388856,29993.270,29596.233,0,39.903,0,2.993,6742,7649,1.820,1.220,0.690,6,0,0,0,0,11,34,0,16,0
18-02 16:21:35,78.698,12.991,6.995,0.250,0,1687076,680340,172408,5389076,18927.420,16901.766,0,5048.644,0,347.769,7903,11486,1.820,1.220,0.690,3,0,199.867,0,0,11,28,0,22,0
18-02 16:21:36,20.036,9.768,69.626,0.250,0,1555420,811960,172416,5389104,2224.019,1622.933,0,356.645,0,15.027,2753,2168,1.820,1.220,0.690,2,0,111.201,0,0,11,28,0,22,0
18-02 16:21:37,19.456,2.993,76.578,0,0,1541436,825936,172420,5389108,6372.694,5524.598,0,279.373,0,14.966,1893,1547,1.820,1.220,0.690,2,0,0,0,0,11,29,0,22,0
18-02 16:21:38,19.569,9.282,69.493,0,0,1485440,881916,172428,5391512,6984.452,4509.788,0,5948.826,0,145.509,4145,7054,1.760,1.210,0.690,5,0,102.358,0,0,11,28,0,23,0
18-02 16:21:39,26.485,4.248,68.961,0,0,1471480,895872,172428,5389120,2278.720,1619.090,0,167.906,0,3.998,2664,5708,1.760,1.210,0.690,1,0,1.999,0,0,11,28,0,23,0
18-02 16:21:40,15.740,1.499,81.448,0,0,1475376,891960,172428,5389136,10107.589,7801.052,0,0,0,0,2208,2213,1.760,1.210,0.690,1,0,0,0,0,11,29,0,23,0
18-02 16:21:41,14.020,15.522,69.600,0.250,0,1438640,928680,172428,5389152,3172.558,2481.565,0,312.449,0,28.040,5034,4254,1.760,1.210,0.690,2,0,308.443,0,0,11,28,0,24,0
18-02 16:21:42,24.999,32.999,40.498,0,0,1407792,959504,172428,5389176,2611.894,1619.934,0,227.991,0,20.999,6017,4894,1.760,1.210,0.690,5,0,658.973,0,0,11,28,0,24,0
18-02 16:21:43,83.003,17.251,0,0,0,1543880,823396,172428,5389196,2280.086,1620.061,0,800.030,0,40.002,4968,2853,2.020,1.280,0.720,5,0,71.003,0,0,11,28,0,19,0
18-02 16:21:44,86.459,8.996,4.748,0,0,1662520,704732,172428,5389216,18745.110,19221.883,0,135.936,0,6.997,5773,3828,2.020,1.280,0.720,2,0,0,0,0,11,33,0,19,0
18-02 16:21:45,76.939,8.493,12.740,0.250,0,1652396,714628,172440,5389432,32466.163,28763.110,0,267.787,0,29.976,8773,13241,2.020,1.280,0.720,6,0,29.976,0,0,11,31,0,19,0
18-02 16:21:46,77.098,21.027,1.752,0,0,1563804,803136,172444,5389512,7058.966,6157.821,0,488.621,0,49.062,6363,6302,2.020,1.280,0.720,6,0,272.346,0,0,11,28,0,20,0
18-02 16:21:47,85.036,15.212,0,0,0,1618940,747968,172452,5389536,4790.930,3967.005,0,211.467,0,16.957,5148,3268,2.020,1.280,0.720,6,0,14.962,0,0,11,29,0,20,0
18-02 16:21:48,91.184,8.494,0.250,0,0,1725528,641188,172460,5389692,16604.951,15282.910,0,771.440,0,36.973,6208,5111,2.260,1.340,0.740,5,0,0,0,0,11,32,0,20,0
18-02 16:21:49,83.831,10.260,5.005,0,0,1732852,633648,172460,5389908,37544.145,34242.967,0,252.243,0,7.007,7364,10500,2.260,1.340,0.740,4,0,50.048,0,0,11,32,0,22,0
18-02 16:21:50,66.398,15.785,17.790,0,0,1548592,817716,172472,5390088,17709.522,15923.537,0,2289.109,0,111.248,7357,9269,2.260,1.340,0.740,3,0,218.488,0,0,11,28,0,25,0
18-02 16:21:51,42.723,8.495,48.469,0,0.250,1520680,845616,172472,5390100,2408.458,1618.963,0,147.905,0,7.995,2858,1698,2.260,1.340,0.740,4,0,29.981,0,0,11,28,0,22,0
18-02 16:21:52,38.256,3.000,57.258,0,0,1538396,827892,172472,5390112,11736.742,10797.602,0,112.017,0,6.001,3484,2924,2.260,1.340,0.740,3,0,0,0,0,11,30,0,22,0
18-02 16:21:53,39.770,17.509,41.771,0,0,1538788,827468,172472,5390144,11702.881,10616.335,0,272.137,0,30.015,6299,7103,2.240,1.350,0.750,5,0,328.165,0,0,11,28,0,24,0
18-02 16:21:54,69.443,11.990,18.485,0,0,1518676,847528,172472,5390196,2218.177,1618.670,0,5039.857,0,362.702,4316,2031,2.240,1.350,0.750,4,0,49.959,0,0,11,28,0,24,0
18-02 16:21:55,55.355,5.735,38.399,0.249,0,1549548,816768,172480,5390224,17502.067,16323.161,0,789.927,0,18.950,4574,4159,2.240,1.350,0.750,4,0,0,0,0,11,31,0,24,0
18-02 16:21:56,50.819,15.772,32.294,0.501,0.250,1424440,941688,172484,5390408,17297.596,15159.680,0,424.579,0,44.060,7968,9873,2.240,1.350,0.750,6,0,237.324,0,0,11,28,0,25,0
18-02 16:21:57,83.939,15.988,0,0,0,1530688,835420,172496,5390416,2743.995,1618.817,0,179.869,0,5.996,4772,1956,2.240,1.350,0.750,4,0,21.984,0,0,11,28,0,25,0
18-02 16:21:58,74.715,7.020,18.052,0,0,1596152,769924,172500,5390444,19110.115,18435.168,0,140.405,0,8.023,4855,3568,2.380,1.390,0.770,3,0,0,0,0,11,32,0,25,0
18-02 16:21:59,61.439,7.992,28.971,0,0,1573760,792116,172508,5390636,28436.574,25070.938,0,455.545,0,36.963,9142,12049,2.380,1.390,0.770,4,0,74.925,0,0,11,28,0,28,0
18-02 16:22:00,60.032,21.261,18.010,0,0,1519780,846068,172516,5390656,2401.268,1620.856,0,228.120,0,15.008,4183,2666,2.380,1.390,0.770,3,0,249.132,0,0,11,28,0,28,0
18-02 16:22:01,57.277,5.753,36.517,0,0,1568568,797252,172516,5390684,14178.580,13245.147,0,136.063,0,8.004,4035,2734,2.380,1.390,0.770,2,0,0,0,0,11,31,0,28,0
18-02 16:22:02,54.653,7.237,36.934,0,0,1543468,822148,172532,5390872,22042.760,18929.303,0,1006.209,0,73.869,7923,9644,2.380,1.390,0.770,3,0,42.924,0,0,11,28,0,29,1
18-02 16:22:03,62.860,20.035,16.779,0.250,0,1470616,894992,172532,5390880,2536.439,1688.956,0,200.351,0,14.025,4322,2694,2.430,1.420,0.780,3,0,256.449,0,0,11,28,0,28,0
18-02 16:22:04,56.169,6.241,36.697,0,0,1565764,799820,172532,5390904,14043.653,13351.656,0,131.809,0,6.990,4082,2720,2.430,1.420,0.780,3,0,0,0,0,11,31,0,28,0
18-02 16:22:05,55.571,8.010,36.547,0,0,1553744,811652,172532,5391092,19419.980,17839.947,0,2935.776,0,151.194,7738,9397,2.430,1.420,0.780,3,0,58.075,0,0,11,28,0,31,0
18-02 16:22:06,62.474,19.492,16.743,0,0,1549160,816156,172532,5391172,3740.468,1551.365,0,199.918,0,11.995,4262,2687,2.430,1.420,0.780,3,0,229.906,0,0,11,28,0,31,0
18-02 16:22:07,56.776,6.503,36.267,0,0,1598840,766456,172536,5391188,14333.678,13377.233,0,140.065,0,9.004,4145,2747,2.430,1.420,0.780,3,0,0,0,0,11,31,0,31,0
18-02 16:22:08,53.944,7.742,37.211,0.499,0,1534560,830416,172552,5391492,17138.176,15501.878,0,887.077,0,70.926,7598,9098,2.390,1.430,0.780,5,0,75.921,0,0,11,28,0,33,0
18-02 16:22:09,61.048,14.011,24.269,0,0,1517812,847140,172552,5391516,2401.897,1621.281,0,128.101,0,8.006,3809,1774,2.390,1.430,0.780,3,0,36.028,0,0,11,28,0,33,0
18-02 16:22:10,56.470,5.997,36.731,0,0,1550120,814816,172556,5391528,14362.386,13363.915,0,111.941,0,7.996,4180,2722,2.390,1.430,0.780,4,0,0,0,0,11,31,0,33,0
18-02 16:22:11,54.945,11.988,31.968,0.250,0,1486932,877940,172564,5391584,17072.965,15496.538,0,983.019,0,77.922,7688,9455,2.390,1.430,0.780,7,0,206.794,0,0,11,28,0,35,0
18-02 16:22:12,69.629,30.056,0.501,0,0,1491392,873452,172564,5391612,2541.702,1623.002,0,48.089,0,12.022,5406,4508,2.390,1.430,0.780,8,0,417.773,0,0,11,28,0,35,0
18-02 16:22:13,82.500,17.500,0,0,0,1643552,721248,172564,5391620,3790.983,3429.984,0,0,0,0,5257,3830,2.760,1.520,0.820,6,0,278.999,0,0,11,29,0,35,0
18-02 16:22:14,82.663,16.982,0.250,0,0,1739280,625500,172568,5391636,22299.617,21661.287,0,303.682,0,17.981,6395,5657,2.760,1.520,0.820,7,0,275.711,0,0,11,32,0,35,0
18-02 16:22:15,78.082,20.772,1.502,0,0,1702956,661616,172588,5391824,31012.603,28992.479,0,568.598,0,42.044,7968,9273,2.760,1.520,0.820,11,0,378.398,0,0,11,31,0,35,0
18-02 16:22:16,78.846,20.211,0.250,0,0,1635036,729448,172592,5391912,17298.239,16166.448,0,574.878,0,32.936,6806,6905,2.760,1.520,0.820,7,0,221.568,0,0,11,28,0,36,0
18-02 16:22:17,85.160,14.026,0.751,0,0,1640676,723620,172592,5392100,6488.173,5583.475,0,308.579,0,37.070,5050,2686,2.760,1.520,0.820,7,0,78.147,0,0,11,30,0,36,0
18-02 16:22:18,80.982,8.498,10.498,0,0,1693736,670504,172592,5392156,25503.409,24334.665,0,0,0,0,6737,7210,2.860,1.570,0.840,5,0,0,0,0,11,33,0,36,0
18-02 16:22:19,72.128,15.224,10.981,0,0,1640016,724024,172592,5392356,27022.300,25344.138,0,255.568,0,5.990,8584,11696,2.860,1.570,0.840,6,0,237.598,0,0,11,30,0,39,0
18-02 16:22:20,25.537,20.029,54.077,0,0,1458628,905388,172592,5392380,9173.142,7547.814,0,12.017,0,3.004,6147,5636,2.860,1.570,0.840,2,0,431.618,0,0,11,28,0,41,0
18-02 16:22:21,34.159,36.652,27.676,0,0,1445668,918320,172604,5392396,3769.927,1615.683,0,2700.784,0,122.672,6275,5461,2.860,1.570,0.840,5,0,725.063,0,0,11,28,0,41,0
18-02 16:22:22,78.330,18.519,3.754,0,0,1540968,822960,172604,5392452,7985.165,3981.071,0,144.147,0,8.008,4914,2972,2.860,1.570,0.840,3,0,206.211,0,0,11,29,0,41,0
18-02 16:22:23,73.354,6.737,18.713,0.250,0,1600632,763236,172620,5392488,20738.626,19514.069,0,514.973,0,40.918,5187,5608,2.950,1.610,0.850,4,0,0,0,0,11,31,0,42,0
18-02 16:22:24,66.883,16.783,16.032,0,0,1530152,833520,172640,5392664,15685.289,14368.663,0,625.247,0,79.158,6625,7986,2.950,1.610,0.850,4,0,191.382,0,0,11,28,0,43,0
18-02 16:22:25,80.686,15.987,2.498,0,0,1564216,799440,172668,5392656,5538.595,3589.145,0,2046.372,0,118.905,4978,2813,2.950,1.610,0.850,3,0,76.939,0,0,11,29,0,43,0
18-02 16:22:26,74.453,7.771,17.799,0,0,1594336,769232,172688,5392724,20897.998,18987.788,0,264.722,0,27.074,6002,6020,2.950,1.610,0.850,4,0,3.008,0,0,11,36,0,43,0
18-02 16:22:27,57.173,6.991,34.453,0,0.250,1595620,767712,172688,5392956,33396.829,31288.680,0,295.600,0,8.988,10560,14941,2.950,1.610,0.850,4,0,0,0,0,11,36,0,43,0
18-02 16:22:28,64.854,10.016,23.538,0.250,0,1544004,819136,172708,5393128,29210.950,25748.384,0,324.522,0,41.066,10171,14520,3.040,1.650,0.870,6,0,60.097,0,0,11,33,0,41,0
18-02 16:22:29,85.000,15.250,0.500,0,0,1506852,856220,172712,5393188,2942.993,2150.995,0,263.999,0,29.000,5184,3272,3.040,1.650,0.870,4,0,60.000,0,0,11,32,0,41,0
18-02 16:22:30,74.234,7.748,17.496,0,0,1572472,790564,172712,5393220,19307.737,18195.982,0,123.973,0,7.998,4740,4200,3.040,1.650,0.870,5,0,0,0,0,11,36,0,41,0
18-02 16:22:31,58.678,6.742,33.209,0,0,1580560,782248,172712,5393444,30452.377,29337.754,0,107.867,0,7.990,9419,13879,3.040,1.650,0.870,3,0,0,0,0,11,36,0,41,0
18-02 16:22:32,60.310,9.510,29.279,0,0,1567608,795100,172716,5393536,33283.315,29892.922,0,108.108,0,8.008,10820,15076,3.040,1.650,0.870,3,0,71.071,0,0,11,34,0,42,0
18-02 16:22:33,77.282,19.758,2.251,0,0,1463684,898868,172716,5393688,7260.965,5718.335,0,116.047,0,8.003,5488,4249,3.110,1.690,0.890,5,0,189.077,0,0,11,32,0,44,0
18-02 16:22:34,80.988,8.749,9.998,0,0,1567264,795260,172716,5393716,12497.106,11955.188,0,0,0,0,4796,2754,3.110,1.690,0.890,3,0,0,0,0,11,35,0,44,0
18-02 16:22:35,62.237,6.749,30.494,0,0,1581916,780392,172720,5393924,30338.541,28639.903,0,19.996,0,2.999,8570,11547,3.110,1.690,0.890,3,0,0,0,0,11,36,0,44,0
18-02 16:22:36,72.027,12.505,14.505,0,0,1526844,835404,172728,5393972,19002.123,16449.166,0,228.085,0,24.009,8022,10434,3.110,1.690,0.890,4,0,99.037,0,0,11,32,0,40,0
18-02 16:22:37,84.749,13.000,1.750,0,0,1550304,811928,172728,5393988,4029.968,3591.971,0,2811.977,0,117.999,4888,2009,3.110,1.690,0.890,3,0,30.000,0,0,11,33,0,40,0
18-02 16:22:38,70.247,6.250,22.999,0.250,0,1598280,763776,172740,5394152,20554.162,19143.219,0,327.987,0,38.998,5059,4671,3.100,1.710,0.900,4,0,0,0,0,11,34,0,42,0
18-02 16:22:39,72.193,16.928,9.211,0,0,1582144,779856,172740,5394204,17510.553,15945.208,0,151.356,0,9.958,6891,17353,3.100,1.710,0.900,4,0,155.340,0,0,11,34,0,43,0
18-02 16:22:40,77.935,8.771,13.282,0,0,1611932,750004,172744,5394264,23588.063,21619.384,0,136.324,0,9.021,6138,7780,3.100,1.710,0.900,6,0,37.088,0,0,11,34,0,43,0
18-02 16:22:41,74.383,14.526,11.020,0,0,1585624,776148,172760,5394408,17616.433,16209.924,0,120.215,0,9.016,5993,7025,3.100,1.710,0.900,5,0,104.186,0,0,11,34,0,43,0
18-02 16:22:42,78.224,13.246,8.747,0,0,1578316,783396,172764,5394456,11405.161,10566.444,0,119.960,0,7.997,4990,3656,3.100,1.710,0.900,3,0,85.971,0,0,11,34,0,45,0
18-02 16:22:43,83.801,6.734,8.729,0,0,1643012,718656,172764,5394500,14790.946,13223.661,0,115.726,0,6.983,5719,5275,3.180,1.750,0.920,3,0,0,0,0,11,33,0,47,0
18-02 16:22:44,73.802,13.509,12.259,0,0.250,1583444,778080,172768,5394640,17251.064,15566.886,0,116.081,0,8.006,6126,6163,3.180,1.750,0.920,4,0,68.048,0,0,11,34,0,46,0
18-02 16:22:45,67.705,12.991,18.738,0.250,0,1546108,815320,172780,5394716,16049.300,16625.915,0,391.739,0,38.974,6222,6178,3.180,1.750,0.920,2,0,137.908,0,0,11,34,0,48,0
18-02 16:22:46,59.373,10.271,29.561,0,0,1476064,885356,172792,5394712,8065.652,5162.659,0,344.712,0,34.070,4635,3838,3.180,1.750,0.920,3,0,113.234,0,0,11,32,0,50,0
18-02 16:22:47,58.264,10.253,30.758,0,0,1530864,830404,172800,5394856,7985.963,7051.734,0,156.038,0,10.002,3627,2185,3.180,1.750,0.920,3,0,14.003,0,0,11,33,0,50,0
18-02 16:22:48,55.525,9.504,34.516,0,0.250,1552296,808888,172812,5394924,16827.632,15544.050,0,200.091,0,15.007,5331,5752,3.240,1.780,0.930,2,0,96.044,0,0,11,34,0,50,0
18-02 16:22:49,59.733,8.997,31.241,0,0,1522696,838440,172812,5394968,15529.666,13509.230,0,155.956,0,7.998,5985,6986,3.240,1.780,0.930,3,0,42.988,0,0,11,32,0,52,0
18-02 16:22:50,58.148,12.728,28.201,0,0,1514060,847064,172812,5394980,7150.491,6247.072,0,259.546,0,10.981,3848,2123,3.240,1.780,0.930,3,0,42.925,0,0,11,33,0,52,0
18-02 16:22:51,57.513,6.001,35.758,0,0,1491640,869288,172812,5395176,13875.184,12820.942,0,212.049,0,16.004,4575,4266,3.240,1.780,0.930,3,0,16.004,0,0,11,34,0,53,0
18-02 16:22:52,39.807,7.511,52.325,0,0,1489916,870960,172820,5395220,17446.045,15191.809,0,172.247,0,10.014,5942,6990,3.240,1.780,0.930,0,0,70.101,0,0,11,34,0,48,0
18-02 16:22:53,35.474,12.491,50.713,0.250,0,1463232,897612,172840,5395232,6107.562,4292.881,0,2861.920,0,172.874,4427,4009,3.060,1.770,0.930,2,0,134.902,0,0,11,32,0,50,0
18-02 16:22:54,45.954,4.745,48.451,0.250,0,1533048,827752,172844,5395268,2217.764,1618.369,0,115.883,0,7.992,2654,1285,3.060,1.770,0.930,2,0,0,0,0,11,32,0,50,0
18-02 16:22:55,34.570,4.008,60.121,0.251,0,1532228,828344,172868,5395468,18576.490,17069.448,0,1238.499,0,100.202,4833,6005,3.060,1.770,0.930,3,0,0,0,0,11,33,0,51,0
18-02 16:22:56,36.873,13.205,48.583,0,0,1451764,908792,172868,5395484,4249.406,3519.912,0,7.973,0,1.993,4173,3342,3.060,1.770,0.930,4,0,138.524,0,0,11,32,0,52,0
18-02 16:22:57,42.130,4.765,52.662,0,0,1504500,856052,172868,5395488,4878.014,3989.278,0,0,0,0,2612,1233,3.060,1.770,0.930,3,0,0,0,0,11,33,0,49,0
18-02 16:22:58,38.763,4.251,56.269,0,0,1430672,929720,172876,5395632,13862.635,12335.125,0,1448.484,0,26.009,3875,3873,2.980,1.770,0.940,2,0,4.001,0,0,11,33,0,50,0
18-02 16:22:59,37.121,9.467,51.073,0.249,0,1459632,900736,172884,5395648,6463.599,5453.101,0,263.088,0,22.921,3966,3552,2.980,1.770,0.940,2,0,60.789,0,0,11,32,0,51,0
18-02 16:23:00,42.096,4.761,53.372,0,0,1478636,881724,172884,5395656,7547.187,6561.943,0,0,0,0,2739,1574,2.980,1.770,0.940,2,0,0,0,0,11,33,0,51,0
18-02 16:23:01,36.409,3.990,57.856,0,0,1474308,886016,172888,5395688,16248.466,14908.808,0,239.403,0,13.965,4404,5234,2.980,1.770,0.940,3,0,0,0,0,11,33,0,49,0
18-02 16:23:02,36.602,9.777,52.898,0,0,1433372,926920,172892,5395716,6360.796,5326.904,0,256.718,0,23.065,3740,3623,2.980,1.770,0.940,2,0,48.135,0,0,11,32,0,50,0
18-02 16:23:03,40.975,5.247,52.968,0,0,1468792,891492,172896,5395720,7345.606,6501.112,0,111.933,0,7.995,2637,1707,2.820,1.760,0.940,2,0,0,0,0,11,33,0,50,0
18-02 16:23:04,35.549,4.256,59.331,0.250,0,1472852,887248,172908,5395888,18315.065,16681.830,0,572.784,0,44.060,5505,6676,2.820,1.760,0.940,2,0,0,0,0,11,33,0,51,0
18-02 16:23:05,28.474,14.986,54.950,0.250,0,1395892,964132,172908,5395956,4887.549,4036.324,0,219.800,0,23.978,5225,4769,2.820,1.760,0.940,1,0,281.743,0,0,11,32,0,50,0
18-02 16:23:06,21.500,2.500,74.999,0.250,0,1423300,936720,172912,5395956,4016.945,3685.950,0,139.998,0,7.000,1668,1120,2.820,1.760,0.940,1,0,1.000,0,0,11,33,0,50,0
18-02 16:23:07,17.967,2.495,79.105,0,0,1421356,938644,172912,5395976,10302.086,9368.800,0,259.524,0,14.973,2819,3330,2.820,1.760,0.940,0,0,0,0,0,11,33,0,50,0
18-02 16:23:08,14.507,13.507,69.786,0,0,1406304,953680,172912,5395992,4258.170,2669.360,0,140.071,0,19.010,4703,3937,2.590,1.730,0.930,1,0,284.145,0,0,11,32,0,51,0
18-02 16:23:09,22.017,3.503,73.809,0,0,1421560,938424,172912,5395992,2059.633,1459.157,0,0,0,0,1640,1134,2.590,1.730,0.930,1,0,0,0,0,11,32,0,46,0
18-02 16:23:10,18.230,2.747,78.162,0.250,0,1425624,934348,172912,5396004,9488.350,8470.492,0,267.700,0,11.987,2328,2330,2.590,1.730,0.930,1,0,0,0,0,11,33,0,46,0
18-02 16:23:11,19.043,5.763,73.916,0,0,1406340,953608,172912,5396028,6405.397,5509.383,0,76.171,0,9.020,3450,3539,2.590,1.730,0.930,2,0,46.104,0,0,11,32,0,47,0
18-02 16:23:12,23.248,2.500,73.494,0,0,1451180,908764,172912,5396028,4156.668,1619.871,0,187.985,0,17.999,1874,1546,2.590,1.730,0.930,2,0,0,0,0,11,32,0,47,0
18-02 16:23:13,18.257,2.751,78.031,0.250,0,1446564,913368,172912,5396040,10956.313,9894.895,0,108.043,0,8.003,2926,3281,2.460,1.720,0.930,0,0,0,0,0,11,33,0,45,0
18-02 16:23:14,18.985,4.996,74.690,0,0,1406216,953564,172912,5396192,8603.086,7404.050,0,191.846,0,18.985,4340,4985,2.460,1.720,0.930,1,0,57.953,0,0,11,32,0,45,0
18-02 16:23:15,10.991,24.979,63.448,0,0,1392864,966744,172920,5396356,1996.358,1456.801,0,163.865,0,10.991,5970,4640,2.460,1.720,0.930,2,0,512.578,0,0,11,34,0,45,0
18-02 16:23:16,42.171,8.235,48.160,0.749,0,1448316,911204,172936,5396396,2275.731,1616.967,35.933,403.244,0.998,20.961,3392,2153,2.460,1.720,0.930,3,0,55.895,0,0,11,32,0,47,0
18-02 16:23:17,41.657,5.270,48.181,4.266,0,1518316,838436,173060,5398688,2436.153,1626.110,437.644,3982.965,17.064,291.094,4254,4277,2.460,1.720,0.930,8,0,17.064,0,0,11,36,0,46,0
18-02 16:23:18,38.200,6.242,42.444,10.236,0,1532364,817516,174220,5404024,2456.753,1617.861,0,30096.218,0,2869.207,13313,24830,2.430,1.720,0.940,4,1,110.853,0,0,11,36,0,46,0
18-02 16:23:19,38.551,10.263,38.300,11.265,0,1544260,803824,174924,5404988,2282.996,1622.129,0,57062.884,0,4749.232,16600,32691,2.430,1.720,0.940,3,0,43.057,0,0,11,36,0,46,0
18-02 16:23:20,44.758,6.251,46.758,0.750,0,1542780,805284,174944,5404988,2460.443,1620.292,0,7661.379,0,438.079,3827,3642,2.430,1.720,0.940,2,0,7.001,0,0,11,32,0,46,0
18-02 16:23:21,45.231,4.998,48.979,0.250,0,1524556,823472,174980,5404988,3838.357,1619.307,0,1695.274,0,190.918,3715,3446,2.430,1.720,0.940,2,0,1.999,0,0,11,34,0,41,0
18-02 16:23:22,37.137,8.973,42.121,8.973,0,1534980,812132,175360,5405508,2409.636,1615.064,0,20668.837,0,2768.539,15963,28059,2.430,1.720,0.940,3,0,0,0,0,11,34,0,41,0
18-02 16:23:23,31.542,9.262,58.327,0.250,0,1531956,815136,175372,5405516,3622.784,1459.928,0,2262.989,0,139.184,3480,2655,2.310,1.710,0.940,1,0,100.132,0,0,11,32,0,41,0
18-02 16:23:24,22.475,3.746,72.419,0.749,0,1481636,865416,175400,5405524,2287.451,1618.197,0,1702.103,0,94.894,2123,1926,2.310,1.710,0.940,1,0,0.999,0,0,11,32,0,41,0
18-02 16:23:25,22.520,3.753,71.562,0.500,0,1510220,836788,175436,5405528,2342.041,1621.413,0,6761.893,0,392.342,2561,2775,2.310,1.710,0.940,1,0,2.002,0,0,11,32,0,37,0
18-02 16:23:26,23.029,3.004,73.343,0,0,1474732,872272,175436,5405528,2222.817,1622.055,0,1958.482,0,183.232,1835,1204,2.310,1.710,0.940,1,0,2.003,0,0,11,32,0,37,0
18-02 16:23:27,22.498,3.500,72.743,0,0,1461616,885376,175440,5405548,2656.745,1619.845,0,91.991,0,4.000,1835,1390,2.310,1.710,0.940,1,0,0,0,0,11,32,0,37,0
18-02 16:23:28,23.486,3.248,71.956,0.750,0,1487512,859444,175476,5405548,2458.484,1619.002,0,7123.607,0,323.800,2323,2373,2.210,1.700,0.940,2,0,1.999,0,0,11,32,0,37,0
18-02 16:23:29,22.998,3.000,73.495,0,0,1470108,876836,175476,5405560,2057.864,1457.904,0,0,0,0,1800,1285,2.210,1.700,0.940,1,0,1.000,0,0,11,32,0,37,0
18-02 16:23:30,22.466,3.744,73.138,0,0,1516604,830340,175476,5405560,2336.431,1617.529,0,0,0,0,1761,1158,2.210,1.700,0.940,2,0,1.997,0,0,11,32,0,37,0
18-02 16:23:31,23.286,2.754,73.114,0,0,1472768,874092,175484,5405628,2223.452,1622.519,0,32.050,0,4.006,1839,1262,2.210,1.700,0.940,1,0,3.005,0,0,11,32,0,37,0
18-02 16:23:32,22.259,3.751,72.528,0.250,0,1491588,855264,175484,5405636,2684.027,1662.636,0,616.236,0,35.013,1994,1625,2.210,1.700,0.940,1,0,2.001,0,0,11,32,0,37,0
18-02 16:23:33,23.980,2.248,73.190,0,0,1499544,847304,175488,5405636,2366.063,1618.675,0,95.921,0,9.992,1749,1178,2.110,1.690,0.940,1,0,0,0,0,11,32,0,33,0
18-02 16:23:34,22.021,3.754,73.571,0,0,1454128,892632,175496,5405716,2308.234,1621.569,0,4.004,0,1.001,1818,1357,2.110,1.690,0.940,1,0,1.001,0,0,11,32,0,33,0
18-02 16:23:35,22.485,3.747,73.200,0,0,1440860,905868,175496,5405748,2460.328,1618.900,0,0,0,0,1741,1225,2.110,1.690,0.940,2,0,0.999,0,0,11,32,0,33,0
18-02 16:23:36,22.515,3.502,73.298,0,0,1456800,889892,175496,5405752,2291.511,1458.962,0,0,0,0,1804,1231,2.110,1.690,0.940,2,0,3.002,0,0,11,32,0,33,0
18-02 16:23:37,23.001,2.750,73.254,0,0.250,1438188,908484,175496,5405772,4383.241,1620.089,0,0,0,0,1690,1076,2.110,1.690,0.940,2,0,1.000,0,0,11,32,0,31,0
18-02 16:23:38,22.231,3.497,73.187,0,0,1469712,876960,175500,5405768,4308.318,1618.617,0,0,0,0,1759,1324,2.020,1.680,0.940,2,0,0,0,0,11,32,0,31,0
18-02 16:23:39,29.507,5.751,63.514,0,0,1456576,890064,175500,5405800,2452.548,1620.362,0,116.026,0,2.000,2705,11660,2.020,1.680,0.940,2,0,37.008,0,0,11,32,0,32,0
18-02 16:23:40,22.762,3.502,73.037,0,0,1478632,868008,175500,5405800,2633.339,1620.824,0,4.002,0,1.001,1758,1195,2.020,1.680,0.940,2,0,2.001,0,0,11,32,0,32,0
18-02 16:23:41,21.524,4.755,73.332,0.250,0,1464784,881764,175500,5405892,2514.797,1621.804,0,344.383,0,70.078,2167,1379,2.020,1.680,0.940,1,0,47.052,0,0,11,32,0,32,0
18-02 16:23:42,8.495,22.237,68.209,0,0,1440776,905692,175508,5405968,2495.490,1457.119,0,1127.318,0,33.979,5966,4772,2.020,1.680,0.940,2,0,427.741,0,0,11,32,0,26,0
18-02 16:23:43,8.508,21.520,69.564,0,0,1432872,913552,175516,5406004,2514.313,1621.492,0,752.692,0,19.017,5533,4057,1.940,1.660,0.940,1,0,352.324,0,0,11,32,0,26,0
18-02 16:23:44,8.499,20.747,68.991,0,0,1412952,933444,175516,5406028,2425.699,1661.793,0,87.989,0,1.000,5680,4191,1.940,1.660,0.940,2,0,377.953,0,0,11,32,0,26,0
18-02 16:23:45,16.223,11.231,71.380,0,0,1402000,944380,175516,5406044,2362.021,1617.275,0,0,0,0,3417,2470,1.940,1.660,0.940,1,0,163.724,0,0,11,32,0,26,0
18-02 16:23:46,22.973,3.246,73.165,0,0,1463716,882676,175516,5406032,2303.338,1618.130,0,563.349,0,90.895,1837,1252,1.940,1.660,0.940,1,0,2.997,0,0,11,32,0,21,0
18-02 16:23:47,23.550,3.257,72.654,0,0,1442824,903404,175516,5406176,2482.249,1623.433,0,16.034,0,1.002,1906,1156,1.940,1.660,0.940,1,0,7.015,0,0,11,32,0,21,0
18-02 16:23:48,22.736,3.998,72.956,0.250,0,1484528,861720,175516,5406156,2578.461,1619.033,0,95.943,0,1.999,1787,1362,1.860,1.650,0.940,1,0,0,0,0,11,32,0,21,0
18-02 16:23:49,22.214,3.245,73.132,0,0,1517640,828608,175516,5406156,2276.327,1617.390,0,27.955,0,1.997,1712,1177,1.860,1.650,0.940,1,0,1.997,0,0,11,32,0,21,0
18-02 16:23:50,22.811,3.760,73.697,0,0,1478816,867412,175516,5406176,2123.678,1461.909,0,0,0,0,1709,1156,1.860,1.650,0.940,1,0,1.003,0,0,11,32,0,16,0
18-02 16:23:51,22.253,3.250,73.010,0,0,1459536,886704,175516,5406164,2220.318,1620.232,0,1964.281,0,13.002,1743,1156,1.860,1.650,0.940,1,0,2.000,0,0,11,32,0,16,0
18-02 16:23:52,23.428,2.243,73.274,0,0,1476848,869384,175516,5406168,2409.559,1615.013,0,554.288,0,54.831,1877,1494,1.860,1.650,0.940,1,0,0,0,0,11,32,0,16,0
18-02 16:23:53,22.546,4.008,73.401,0,0,1460920,885300,175516,5406180,2224.578,1623.340,0,100.206,0,10.021,1767,1310,1.790,1.640,0.940,1,0,1.002,0,0,11,32,0,16,0
18-02 16:23:54,22.267,3.753,73.054,0,0,1488760,857448,175516,5406192,2221.656,1621.209,0,0,0,0,1699,1104,1.790,1.640,0.940,1,0,2.001,0,0,11,32,0,13,0
18-02 16:23:55,22.734,2.748,73.447,0,0,1444068,902128,175516,5406204,2218.394,1618.828,0,19.986,0,0.999,1663,1147,1.790,1.640,0.940,1,0,0.999,0,0,11,32,0,13,0
18-02 16:23:56,22.453,3.493,73.097,0,0,1449992,896208,175516,5406200,2215.359,1616.613,0,0,0,0,1730,1175,1.790,1.640,0.940,1,0,2.994,0,0,11,32,0,13,0
18-02 16:23:57,24.058,2.005,73.678,0,0,1439392,906808,175516,5406200,2200.322,1461.535,0,12.029,0,1.002,1615,1000,1.790,1.640,0.940,1,0,1.002,0,0,11,32,0,13,0
18-02 16:23:58,21.760,3.752,73.034,0.250,0,1430908,915280,175516,5406212,2461.143,1620.753,0,168.078,0,30.014,1819,1386,1.730,1.630,0.940,1,0,0,0,0,11,32,0,11,0
18-02 16:23:59,22.762,3.252,73.538,0,0,1450432,895780,175516,5406188,3902.023,1620.840,0,12.006,0,1.001,1695,1128,1.730,1.630,0.940,2,0,2.001,0,0,11,32,0,11,0
18-02 16:24:00,22.439,2.743,73.550,0,0,1432524,913664,175516,5406212,2393.476,1657.482,0,63.826,0,2.992,1689,1103,1.730,1.630,0.940,4,0,0.997,0,0,11,32,0,11,0
18-02 16:24:01,23.043,2.755,73.386,0,0,1485756,860520,175516,5406124,2224.114,1623.002,0,0,0,0,1697,1265,1.730,1.630,0.940,2,0,2.004,0,0,11,32,0,11,0
18-02 16:24:02,23.266,3.002,73.049,0.250,0,1491400,854860,175524,5406132,3979.663,1621.085,0,924.619,0,85.057,1902,1521,1.730,1.630,0.940,1,0,0,0,0,11,32,0,7,0
18-02 16:24:03,21.980,3.747,73.185,0,0,1444696,901476,175524,5406220,2277.965,1618.554,0,0,0,0,1734,1261,1.670,1.620,0.940,2,0,0.999,0,0,11,32,0,7,0
18-02 16:24:04,22.519,3.003,73.311,0,0,1433232,912952,175524,5406208,2059.720,1459.219,0,144.120,0,30.025,1744,1238,1.670,1.620,0.940,3,0,2.002,0,0,11,32,0,7,0
18-02 16:24:05,22.494,2.999,72.982,0.250,0,1462048,884144,175524,5406200,2219.439,1619.590,0,107.973,0,9.997,1688,1179,1.670,1.620,0.940,3,0,1.999,0,0,11,32,0,7,0
18-02 16:24:06,23.739,2.499,73.715,0,0,1446096,900076,175524,5406220,2402.853,1713.182,0,19.990,0,1.000,1719,1094,1.670,1.620,0.940,2,0,1.999,0,0,11,32,0,5,0
18-02 16:24:07,22.516,3.502,73.551,0,0,1452296,893896,175524,5406200,2488.721,1621.121,0,112.077,0,3.002,1726,1362,1.670,1.620,0.940,2,0,0,0,0,11,32,0,5,0
18-02 16:24:08,22.493,3.749,73.476,0,0,1440400,905772,175524,5406220,2459.195,1619.470,0,19.993,0,1.000,1679,1157,1.620,1.610,0.940,2,0,1.000,0,0,11,32,0,5,0
18-02 16:24:09,22.754,2.751,73.264,0,0,1454020,892164,175524,5406208,2280.435,1620.309,0,124.024,0,27.005,1677,1096,1.620,1.610,0.940,2,0,2.000,0,0,11,32,0,5,0
18-02 16:24:10,21.758,4.502,73.028,0,0,1425416,920732,175524,5406244,2118.826,1458.569,0,100.039,0,4.002,2071,1316,1.620,1.610,0.940,1,0,47.018,0,0,11,32,0,4,0
18-02 16:24:11,8.495,21.487,68.208,0,0,1423120,922996,175524,5406272,3957.563,1619.003,0,199.877,0,9.994,5789,4209,1.620,1.610,0.940,1,0,412.746,0,0,11,32,0,4,0
18-02 16:24:12,22.207,3.992,72.610,0,0,1481064,865048,175524,5406276,2592.019,1616.893,0,167.678,0,9.981,1950,1601,1.620,1.610,0.940,2,0,0,0,0,11,32,0,4,0
18-02 16:24:13,23.766,2.001,73.300,0.250,0,1491360,854560,175524,5406468,2281.559,1621.108,0,324.222,0,22.015,1698,1036,1.570,1.600,0.950,2,0,0,0,0,11,32,0,4,0
18-02 16:24:14,22.467,3.744,73.141,0,0,1455292,890556,175524,5406536,2216.700,1617.592,0,0,0,0,1868,1264,1.570,1.600,0.950,1,0,8.987,0,0,11,32,0,3,0
18-02 16:24:15,22.787,2.754,73.368,0,0.250,1469056,876792,175524,5406536,2223.591,1622.620,0,120.194,0,27.044,1650,1043,1.570,1.600,0.950,2,0,0,0,0,11,32,0,3,0
18-02 16:24:16,13.257,17.760,67.538,0.250,0,1433876,911816,175524,5406676,2461.380,1620.909,40.022,80.045,2.001,5.003,4854,3688,1.570,1.600,0.950,1,0,360.202,0,0,11,32,0,3,0
18-02 16:24:17,8.761,22.027,68.835,0,0,1418140,927544,175524,5406700,2137.649,1459.809,0,104.129,0,6.007,5808,4323,1.570,1.600,0.950,2,0,417.517,0,0,11,32,0,3,0
18-02 16:24:18,8.250,22.751,67.753,0,0,1408424,937224,175528,5406724,2460.111,1620.073,0,360.016,0,6.000,6011,4620,1.440,1.570,0.940,1,0,459.021,0,0,11,32,0,1,0
18-02 16:24:19,8.250,22.249,67.998,0,0,1389132,956476,175528,5406760,2279.922,1619.945,0,911.969,0,10.000,5751,4316,1.440,1.570,0.940,1,0,428.985,0,0,11,32,0,1,0
18-02 16:24:20,8.988,22.221,68.162,0,0,1373948,971628,175528,5406780,3894.953,1617.903,0,918.809,0,9.987,5737,4069,1.440,1.570,0.940,1,0,404.476,0,0,11,32,0,1,0
18-02 16:24:21,7.755,22.765,68.294,0,0,1372884,972668,175528,5406800,3122.003,1621.040,0,1136.729,0,38.024,5830,4296,1.440,1.570,0.940,1,0,432.277,0,0,11,32,0,1,0
18-02 16:24:22,8.756,20.263,69.796,0,0,1367924,977604,175528,5406824,2418.602,1621.074,0,512.339,0,8.005,5485,3972,1.440,1.570,0.940,2,0,362.240,0,0,11,32,0,1,0
18-02 16:24:23,8.494,20.486,69.201,0,0,1369876,975624,175528,5406852,2338.353,1618.859,0,219.845,0,7.994,5600,4021,1.490,1.580,0.950,1,0,366.742,0,0,11,32,0,1,0
18-02 16:24:24,9.256,21.764,69.045,0,0,1354624,990840,175528,5406880,3646.368,1458.948,0,268.174,0,8.005,5662,4225,1.490,1.580,0.950,1,0,401.261,0,0,11,32,0,1,0
18-02 16:24:25,8.241,22.226,68.425,0,0,1347476,997936,175528,5406900,2303.491,1618.237,0,47.948,0,11.987,5834,4396,1.490,1.580,0.950,2,0,454.505,0,0,11,32,0,1,0
18-02 16:24:26,12.263,21.273,65.320,0,0,1320932,1024428,175544,5406932,3930.200,1621.733,0,836.894,0,131.140,5723,4494,1.490,1.580,0.950,2,0,425.455,0,0,11,32,0,2,0
18-02 16:24:27,37.498,30.499,30.499,0.250,0,1378408,966908,175560,5406960,2588.876,1619.922,0,855.959,0,56.997,6649,5995,1.490,1.580,0.950,2,1,627.970,0,0,11,34,0,6,0
18-02 16:24:28,66.578,8.977,24.437,0,0,1528876,816160,175616,5407184,2685.066,1615.827,0,363.062,0,20.946,3758,1929,1.610,1.600,0.960,3,0,4.987,0,0,11,32,0,7,0
18-02 16:24:29,61.098,9.014,23.037,6.010,0,1620132,718208,175996,5412952,2455.948,1622.608,444.715,13942.412,10.016,1200.931,7996,11679,1.610,1.600,0.960,5,0,49.079,0,0,11,34,0,7,0
18-02 16:24:30,44.534,12.259,29.772,11.259,0,1639256,689256,176764,5421104,2513.898,1621.224,0,63131.676,0,4473.378,17671,33361,1.610,1.600,0.960,2,0,139.105,0,0,11,36,0,8,0
18-02 16:24:31,45.587,10.463,30.142,11.459,0,1680016,638488,177212,5430344,3776.519,1452.814,0,81078.583,0,5734.530,19552,39079,1.610,1.600,0.960,5,1,83.701,0,0,11,36,0,8,0
18-02 16:24:32,45.878,10.028,29.833,11.783,0,1674880,634888,177476,5438512,10048.061,7314.427,0,78563.405,0,5952.624,18570,37838,1.610,1.600,0.960,5,0,39.109,0,0,11,37,0,8,0
18-02 16:24:33,46.769,11.755,30.763,8.754,0,1554352,748984,177832,5444316,6360.601,5234.140,0,42777.490,0,3255.331,15714,27794,1.800,1.640,0.970,4,1,125.051,0,0,11,34,0,9,0
18-02 16:24:34,38.322,22.894,25.880,9.456,0,1543236,754416,178100,5449940,3993.423,1612.499,370.277,52515.701,5.972,3441.988,15631,28326,1.800,1.640,0.970,2,1,282.685,0,0,11,34,0,9,0
18-02 16:24:35,50.414,15.802,24.329,7.775,0,1559252,734456,178296,5453104,7638.919,6684.807,0,46596.001,0,3565.631,15615,30703,1.800,1.640,0.970,5,0,130.425,0,0,11,35,0,9,0
18-02 16:24:36,40.577,17.784,30.057,9.268,0,1571972,718580,178384,5456064,10261.409,7996.124,1647.115,41295.107,27.051,3177.009,15453,29319,1.800,1.640,0.970,3,1,202.383,0,0,11,35,0,9,0
18-02 16:24:37,32.982,6.996,47.224,9.745,0,1569692,718132,178512,5458564,11669.625,9698.702,0,50396.470,0,4131.743,17628,32735,1.800,1.640,0.970,1,2,32.982,0,0,11,34,0,9,0
18-02 16:24:38,37.422,9.979,39.418,10.977,0,1563004,724472,178740,5458684,2466.848,1508.849,0,42690.839,0,3830.001,14031,27386,1.820,1.650,0.980,2,0,47.900,0,0,11,34,0,9,0
18-02 16:24:39,41.553,9.763,35.796,9.763,0,1580016,706788,178948,5459100,7369.437,6617.474,0,44689.226,0,4161.329,16184,41430,1.820,1.650,0.980,1,1,75.096,0,0,11,35,0,10,0
18-02 16:24:40,36.787,7.758,44.795,8.759,0,1577076,707876,179020,5460828,8718.831,7989.092,0,38238.729,0,3413.457,15755,28991,1.820,1.650,0.980,0,1,30.030,0,0,11,37,0,10,0
18-02 16:24:41,40.514,5.502,43.265,8.253,0.250,1571572,711680,179052,5462464,12221.154,10453.553,0,29305.960,0,2829.962,14757,26829,1.820,1.650,0.980,2,1,33.011,0,0,11,36,0,11,0
18-02 16:24:42,34.970,11.240,40.715,10.741,0,1515728,764792,179100,5465072,2474.857,1618.599,0,40385.038,0,3770.736,15260,29094,1.820,1.650,0.980,2,1,115.900,0,0,11,36,0,11,0
18-02 16:24:43,35.032,8.258,43.290,11.511,0,1547852,729540,179252,5467920,4730.382,3980.687,0,56644.469,0,4705.358,16851,32673,1.910,1.670,0.990,2,0,54.050,0,0,11,37,0,10,0
18-02 16:24:44,33.744,7.749,44.492,10.748,0,1549168,725208,179364,5470764,10812.947,10020.097,0,52466.036,0,4406.163,18771,35437,1.910,1.670,0.990,2,0,77.985,0,0,11,37,0,10,0
18-02 16:24:45,32.418,7.730,46.382,10.473,0,1543236,728296,179392,5473508,12208.983,10420.527,0,52929.534,0,4392.840,19546,36890,1.910,1.670,0.990,3,0,65.833,0,0,11,36,0,10,0
18-02 16:24:46,37.786,10.009,40.538,9.759,0,1494788,778024,179400,5472184,2222.103,1621.535,0,39813.688,0,3699.502,14972,28297,1.910,1.670,0.990,5,2,55.052,0,0,11,36,0,10,0
18-02 16:24:47,38.058,7.762,41.313,10.766,0,1535044,740252,179440,5469636,3827.852,3489.335,0,45878.141,0,3923.999,15511,30131,1.910,1.670,0.990,2,1,36.055,0,0,11,37,0,10,0
18-02 16:24:48,38.264,7.503,50.768,2.751,0.250,1416640,858688,179452,5469588,10731.882,9049.273,0,10299.725,0,839.304,7575,10668,1.840,1.660,0.990,2,0,94.034,0,0,11,33,0,11,0
18-02 16:24:49,19.925,8.219,68.992,0.249,0,1417024,858216,179456,5469668,12720.413,11138.331,0,6419.983,0,372.606,6229,8395,1.840,1.660,0.990,1,0,126.527,0,0,11,33,0,11,0
18-02 16:24:50,19.021,6.757,72.578,0.250,0,1369636,905596,179456,5469676,3615.901,2811.032,0,1165.257,0,58.063,2513,1871,1.840,1.660,0.990,1,0,55.059,0,0,11,32,0,12,0
18-02 16:24:51,20.038,2.755,76.395,0,0,1403616,871616,179456,5469676,3960.540,3598.851,0,933.778,0,54.103,1667,1230,1.840,1.660,0.990,0,0,0,0,0,11,33,0,12,0
18-02 16:24:52,20.478,2.497,75.421,0.999,0,1407016,867836,179460,5470052,10141.330,8436.124,0,5310.413,0,359.622,3670,4430,1.840,1.660,0.990,1,0,0,0,0,11,32,0,13,0
18-02 16:24:53,20.986,5.496,72.201,0,0,1422336,852508,179460,5470060,2278.443,1618.894,0,111.924,0,7.995,2233,1623,1.770,1.650,0.990,1,0,33.977,0,0,11,32,0,13,0
18-02 16:24:54,20.242,3.499,75.219,0.750,0,1452688,822108,179460,5470104,7444.935,6660.258,0,4929.970,0,251.896,2369,2483,1.770,1.650,0.990,1,0,0,0,0,11,33,0,13,0
18-02 16:24:55,17.767,6.256,74.322,0.250,0,1440548,834244,179460,5470108,3978.876,3196.113,0,4244.134,0,214.209,3102,3010,1.770,1.650,0.990,1,0,60.059,0,0,11,32,0,14,0
18-02 16:24:56,22.484,3.997,72.697,0.250,0,1485512,789280,179460,5470108,2264.350,1564.860,0,207.849,0,18.986,1979,1643,1.770,1.650,0.990,2,0,0.999,0,0,11,32,0,14,0
18-02 16:24:57,18.997,2.500,77.738,0,0,1484936,789852,179460,5470112,8452.682,7398.847,0,103.984,0,7.999,2099,1940,1.770,1.650,0.990,1,0,0,0,0,11,33,0,14,0
18-02 16:24:58,19.768,5.255,73.818,0,0,1467712,806920,179460,5470268,7639.055,6407.918,0,308.285,0,15.014,3587,3749,1.710,1.640,0.990,2,0,43.040,0,0,11,32,0,15,0
18-02 16:24:59,21.721,3.995,73.403,0,0,1491432,783200,179460,5470268,2336.915,1617.864,0,187.752,0,11.984,1692,1150,1.710,1.640,0.990,1,0,0,0,0,11,32,0,15,0
18-02 16:25:00,19.540,2.004,77.657,0.251,0,1494024,780604,179460,5470272,8460.151,7415.032,0,104.211,0,6.012,2154,2071,1.710,1.640,0.990,1,0,0,0,0,11,33,0,15,0
18-02 16:25:01,16.495,4.499,77.226,0,0,1445324,829152,179460,5470424,7724.636,6674.958,0,451.862,0,16.995,3502,3895,1.710,1.640,0.990,2,0,48.985,0,0,11,32,0,16,0
18-02 16:25:02,9.764,22.031,67.596,0,0,1423024,851292,179460,5470580,4042.741,1622.304,0,132.188,0,10.014,6091,4656,1.710,1.640,0.990,1,0,494.702,0,0,11,32,0,16,0
18-02 16:25:03,51.503,18.251,29.002,0.250,0,1454812,819288,179476,5470780,2280.127,1620.090,0,5332.297,0,127.007,5383,4005,1.810,1.660,1,3,0,257.014,0,0,11,32,0,22,0
18-02 16:25:04,65.500,9.250,24.500,0,0,1567600,705636,179496,5471624,1997.986,1457.990,0,495.997,0,24.000,3710,1791,1.810,1.660,1,3,0,3.000,0,0,11,32,0,22,0
18-02 16:25:05,69.229,6.498,23.993,0.250,0,1670024,600832,179596,5473804,2339.301,1619.516,0,3686.898,0,124.963,3822,1569,1.810,1.660,1,3,0,0,0,0,11,32,0,22,0
18-02 16:25:06,66.717,6.997,24.988,0.500,0,1766984,499556,179716,5477452,2402.813,1713.154,0,8099.999,0,341.831,4953,3799,1.810,1.660,1,3,0,6.997,0,0,11,38,0,22,0
18-02 16:25:07,35.448,7.739,41.938,12.232,0,1766332,488972,179812,5488212,2353.527,1617.613,0,64640.606,0,5037.566,20451,39241,1.810,1.660,1,3,1,212.686,0,0,11,38,0,22,0
18-02 16:25:08,29.268,9.756,43.277,14.259,0,1766200,479928,179880,5496944,2461.544,1621.017,0,89864.382,0,6388.008,22660,44342,1.830,1.670,1.010,2,2,198.124,0,0,11,38,0,22,0
18-02 16:25:09,34.302,8.513,40.812,12.519,0,1766396,471876,179924,5504532,2403.633,1622.453,0,83854.760,0,6469.780,22049,43380,1.830,1.670,1.010,4,0,144.218,0,0,11,38,0,22,0
18-02 16:25:10,45.236,12.676,27.589,11.433,0,1675608,554336,180000,5512508,2515.334,1610.609,0,69693.650,0,5378.640,19848,38053,1.830,1.670,1.010,2,1,202.817,0,0,11,36,0,22,0
18-02 16:25:11,50.797,10.059,27.662,9.807,0,1692572,528128,180028,5521352,5413.614,1629.516,0,64991.530,0,4786.954,17003,33111,1.830,1.670,1.010,3,0,61.358,0,0,11,36,0,22,0
18-02 16:25:12,43.243,9.749,32.745,11.748,0,1742284,467396,180060,5531968,2536.611,1619.752,0,82903.296,0,5771.116,19136,38946,1.830,1.670,1.010,4,0,23.996,0,0,11,36,0,22,0
18-02 16:25:13,49.192,9.239,29.715,10.238,0,1767596,438668,180080,5535268,2055.583,1456.288,0,72678.554,0,5506.526,19898,38655,2,1.710,1.020,4,0,85.899,0,0,11,38,0,22,0
18-02 16:25:14,44.295,13.263,38.289,3.003,0,1601748,603972,180084,5535784,2222.258,1621.648,0,23555.937,0,1787.817,9436,14420,2,1.710,1.020,3,0,254.258,0,0,11,32,0,22,0
18-02 16:25:15,19.508,8.003,69.028,1.751,0,1451612,754080,180084,5535796,2220.889,1620.649,0,15650.264,0,866.347,4250,5757,2,1.710,1.020,1,0,95.038,0,0,11,32,0,22,0
18-02 16:25:16,22.974,2.497,73.167,0.250,0,1498164,707528,180084,5535796,2217.480,1618.161,0,1238.592,0,77.911,1846,1408,2,1.710,1.020,2,0,0.999,0,0,11,32,0,22,0
18-02 16:25:17,23.269,3.503,72.060,0.500,0,1533336,672352,180084,5535800,3920.283,1621.358,0,4491.761,0,230.193,2339,2388,2,1.710,1.020,4,0,2.002,0,0,11,38,0,22,0
18-02 16:25:18,22.499,3.500,73.248,0.250,0,1383028,822656,180084,5535804,2459.931,1619.955,0,275.992,0,53.998,2191,1423,1.920,1.700,1.020,1,0,26.999,0,0,11,32,0,22,0
18-02 16:25:19,22.986,2.998,73.454,0,0,1436200,769484,180084,5535804,2278.572,1618.986,0,43.972,0,3.997,1710,1147,1.920,1.700,1.020,3,0,0.999,0,0,11,32,0,22,0
18-02 16:25:20,23.015,2.502,73.297,0,0.250,1484836,720848,180084,5535804,2253.440,1512.967,0,0,0,0,1671,1102,1.920,1.700,1.020,2,0,1.001,0,0,11,32,0,22,0
18-02 16:25:21,27.507,14.504,57.515,0,0,1448904,756740,180092,5535816,2206.590,1566.419,0,100.027,0,15.004,4148,3966,1.920,1.700,1.020,3,0,381.102,0,0,11,32,0,22,0
18-02 16:25:22,15.251,43.003,40.003,0.250,0,1447528,758012,180096,5535868,2537.181,1620.115,0,612.044,0,38.003,7745,7340,1.920,1.700,1.020,2,0,1063.076,0,0,11,32,0,22,0
18-02 16:25:23,9.233,25.204,63.883,0,0,1438264,767232,180096,5535892,2277.845,1617.050,0,618.871,0,24.954,5989,4492,1.850,1.680,1.020,1,0,539.017,0,0,11,32,0,22,0
18-02 16:25:24,7.757,21.019,70.063,0,0,1439624,765804,180096,5535964,2222.005,1621.463,0,460.415,0,93.084,5939,4511,1.850,1.680,1.020,1,0,435.393,0,0,11,32,0,22,0
18-02 16:25:25,10.248,19.996,67.986,0,0,1410680,794704,180100,5536004,5332.928,1619.674,0,31.994,0,7.998,5613,4287,1.850,1.680,1.020,1,0,367.926,0,0,11,32,0,22,0
18-02 16:25:26,17.768,18.269,62.564,0,0,1401664,803696,180100,5536444,2282.348,1621.668,0,16.016,0,4.004,6807,8569,1.850,1.680,1.020,1,0,254.262,0,0,11,32,0,22,0
18-02 16:25:27,36.460,11.987,50.444,0,0,1424228,781104,180100,5536492,3313.339,1618.212,0,451.501,0,51.943,3914,2622,1.850,1.680,1.020,2,0,132.853,0,0,11,33,0,22,0
18-02 16:25:28,44.020,7.003,48.522,0,0,1506824,698448,180100,5536560,2373.058,1512.674,0,48.021,0,3.001,2720,1304,1.860,1.690,1.030,4,0,0,0,0,11,33,0,16,0
18-02 16:25:29,45.917,4.991,48.413,0,0,1570768,634432,180100,5536632,2202.039,1563.188,0,7.986,0,1.996,3055,1937,1.860,1.690,1.030,2,0,8.984,0,0,11,45,0,16,0
18-02 16:25:30,45.300,5.256,48.554,0.250,0,1617012,586832,180156,5537856,2342.585,1621.790,104.115,1573.737,1.001,149.165,3437,2381,1.860,1.690,1.030,2,0,10.011,0,0,11,49,0,16,0
18-02 16:25:31,36.251,9.750,52.251,0,0,1634188,566428,180164,5540732,3780.082,1620.035,0,480.010,0,31.001,5357,8428,1.860,1.690,1.030,1,0,136.003,0,0,11,48,0,16,0
18-02 16:25:32,15.523,17.526,66.350,0.250,0,1641568,558948,180168,5540936,2420.633,1622.435,0,1301.954,0,32.048,5598,5899,1.860,1.690,1.030,1,0,275.413,0,0,11,48,0,15,0
18-02 16:25:33,10.961,6.975,80.463,0,0,1651992,548508,180168,5540772,2212.111,1614.243,0,127.545,0,10.961,3214,4138,1.710,1.660,1.020,0,0,85.694,0,0,11,48,0,15,0
18-02 16:25:34,0.501,0.751,97.659,0,0,1651992,548508,180168,5540772,2223.626,1622.646,0,821.339,0,78.127,721,932,1.710,1.660,1.020,0,0,3.005,0,0,11,48,0,15,0
18-02 16:25:35,0.750,0.750,97.968,0,0,1651996,548508,180168,5540772,2279.252,1619.469,0,0,0,0,720,941,1.710,1.660,1.020,0,0,2.999,0,0,11,48,0,15,0
18-02 16:25:36,0.499,0.499,97.829,0,0,1651996,548508,180168,5540772,2128.284,1509.365,0,0,0,0,667,941,1.710,1.660,1.020,0,0,1.997,0,0,11,48,0,14,0
18-02 16:25:37,3.252,3.502,91.810,0,0,1633592,566924,180168,5540760,2284.488,1567.021,0,28.018,0,1.001,1772,1780,1.710,1.660,1.020,1,0,51.033,0,0,11,48,0,14,0
18-02 16:25:38,21.523,15.267,61.317,0,0,1641216,559280,180168,5540868,2462.672,1621.760,0,100.109,0,3.003,5637,7363,1.890,1.700,1.040,1,0,230.250,0,0,11,48,0,14,0
18-02 16:25:39,11.746,17.744,68.977,0,0,1640652,559828,180168,5540796,2279.250,1619.467,0,1835.396,0,17.994,5025,4640,1.890,1.700,1.040,3,0,287.905,0,0,12,52,0,14,0
18-02 16:25:40,23.040,19.284,56.348,0.250,0,1676320,523940,180168,5540960,2700.703,1861.241,0,232.405,0,26.045,6513,16875,1.890,1.700,1.040,1,0,277.483,0,0,12,64,0,14,0
18-02 16:25:41,17.263,15.511,65.298,0.250,0,1674104,526188,180168,5540908,2281.675,1621.190,0,352.259,0,20.015,5524,6639,1.890,1.700,1.040,0,0,246.181,0,0,12,64,0,14,0
18-02 16:25:42,4.244,9.236,84.622,0,0,1663448,536664,180168,5541108,2413.352,1617.555,0,375.432,0,26.959,2844,2402,1.890,1.700,1.040,3,0,133.798,0,0,14,64,0,14,0
18-02 16:25:43,22.535,14.773,62.095,0,0,1654460,545648,180168,5541128,2135.284,1514.329,0,16.025,0,4.006,5425,6881,1.820,1.690,1.040,1,0,155.239,0,0,14,64,0,14,0
18-02 16:25:44,8.499,18.499,71.494,0,0,1666564,533488,180168,5541168,2279.815,1661.865,0,15.999,0,4.000,5284,4094,1.820,1.690,1.040,1,0,346.972,0,0,14,66,0,13,0
18-02 16:25:45,10.250,20.000,69.000,0,0,1634388,565636,180168,5541196,2206.013,1608.010,0,5248.032,0,368.002,6022,4180,1.820,1.690,1.040,1,0,350.002,0,0,14,66,0,13,0
18-02 16:25:46,22.966,14.229,61.908,0,0,1630864,569140,180168,5541204,3774.374,1617.589,0,7.988,0,1.997,5749,6759,1.820,1.690,1.040,2,0,155.768,0,0,14,66,0,13,0
18-02 16:25:47,30.546,24.287,44.317,0.250,0,1695940,504024,180180,5541232,2480.768,1622.464,0,292.444,0,12.018,6015,4442,1.820,1.690,1.040,2,0,428.651,0,0,14,66,0,13,0
18-02 16:25:48,29.704,23.963,45.680,0,0,1754320,445596,180196,5541264,4013.810,1617.505,0,275.575,0,2.995,6242,4531,1.920,1.710,1.050,2,0,480.259,0,0,14,66,0,13,0
18-02 16:25:49,27.022,25.270,43.785,2.252,0,1856748,341612,180204,5542748,2401.937,1663.341,20.016,56.045,2.002,11.009,6993,7523,1.920,1.710,1.050,2,0,382.308,0,0,14,66,0,13,0
18-02 16:25:50,34.741,21.995,42.239,0,0,1907368,290876,180208,5543136,2339.416,1709.573,0,27.993,0,6.998,6245,5722,1.920,1.710,1.050,4,0,325.919,0,0,14,70,0,14,0
18-02 16:25:51,48.595,16.697,33.643,0,0,1940968,257228,180208,5543240,2065.411,1507.192,0,550.245,0,11.962,4803,4355,1.920,1.710,1.050,8,0,157.498,0,0,14,70,0,14,0
18-02 16:25:52,74.053,25.605,1.004,0,0,2034692,163308,180208,5543436,5619.983,1626.652,0,1052.304,0,30.123,5280,3929,1.920,1.710,1.050,5,0,403.651,0,0,14,70,0,14,0
18-02 16:25:53,61.007,21.753,15.502,1.000,0,2107656,164836,173184,5478108,2220.262,1620.192,20.002,12.001,5.001,3.000,6816,8587,2.080,1.750,1.070,3,0,227.027,0,0,14,70,0,12,0
18-02 16:25:54,69.992,20.498,8.749,0.500,0,2190228,141880,167024,5425316,2145.760,1565.825,79.991,411.954,9.999,4.999,4742,3766,2.080,1.750,1.070,4,0,289.968,0,0,14,70,0,12,0
18-02 16:25:55,67.125,25.952,2.994,4.492,0,2283512,135160,166808,5341620,2395.535,1616.986,347.353,4535.546,30.942,310.421,5904,5897,2.080,1.750,1.070,5,2,337.371,0,0,14,70,0,12,0
18-02 16:25:56,68.620,14.972,4.491,10.231,0,2345748,153152,167228,5262336,2395.451,1616.930,423.196,0,53.898,0,5561,5766,2.080,1.750,1.070,5,0,115.780,0,0,14,74,0,12,0
18-02 16:25:57,72.002,23.170,3.239,0.997,0,2496544,157644,167076,5110748,2468.504,1614.444,39.863,6366.090,3.986,570.038,8291,9886,2.080,1.750,1.070,8,0,313.920,0,0,14,76,0,11,0
18-02 16:25:58,64.588,22.116,9.047,3.770,0,2571660,146056,167052,5049404,2472.941,1628.522,0,25195.849,0,1794.390,13328,22452,2.480,1.840,1.100,9,0,302.583,0,0,14,76,0,11,0
18-02 16:25:59,60.356,19.534,14.526,4.257,0,2585868,192268,167008,4990080,2341.112,1514.660,40.070,12161.360,4.007,1144.009,11896,18128,2.480,1.840,1.100,5,0,122.215,0,0,14,76,0,11,0
18-02 16:26:00,82.495,16.449,0.748,0.249,0,2701680,150088,167028,4918052,2537.158,1704.731,99.692,1622.984,3.988,57.821,6761,6704,2.480,1.840,1.100,5,0,187.421,0,0,14,82,0,14,0
18-02 16:26:01,70.037,22.012,7.004,0.500,0,2780552,141492,167036,4849636,2221.179,1620.860,72.038,1396.741,11.006,71.038,10252,15513,2.480,1.840,1.100,4,0,336.178,0,0,14,93,0,19,0
18-02 16:26:02,33.804,23.037,42.067,0.250,0,2816596,175936,167040,4780324,2420.856,1622.585,4.006,3545.648,1.002,73.116,5905,4762,2.480,1.840,1.100,2,0,358.571,0,0,14,93,0,19,0
18-02 16:26:03,43.184,16.725,39.190,0.250,0,2890896,170072,167044,4713664,2272.538,1563.618,3.994,1337.962,0.998,53.918,5622,7331,2.680,1.890,1.120,2,0,189.711,0,0,14,95,0,19,0
18-02 16:26:04,54.100,13.274,31.308,1.252,0,2967980,158456,167048,4649576,2224.098,1622.990,180.332,4075.509,6.011,214.395,5227,6139,2.680,1.890,1.120,3,0,129.238,0,0,14,94,0,20,0
18-02 16:26:05,46.272,6.003,47.272,0,0,3045388,148408,167068,4583576,2221.054,1620.769,0,260.123,0,23.011,3184,2147,2.680,1.890,1.120,3,0,2.001,0,0,14,98,0,13,0
18-02 16:26:06,9.248,19.496,69.486,0.250,0,3059896,133696,167068,4583800,2255.555,1605.683,0,1219.759,0,75.985,5750,4836,2.680,1.890,1.120,2,0,311.938,0,0,14,97,0,14,0
18-02 16:26:07,7.503,20.008,71.278,0.250,0,3058596,134968,167068,4583828,2357.937,1620.644,0,132.052,0,13.005,5441,3926,2.680,1.890,1.120,1,0,311.124,0,0,14,97,0,14,0
18-02 16:26:08,8.996,19.741,70.719,0,0,3074192,119340,167068,4583860,2458.932,1619.297,0,103.955,0,9.996,5443,3861,2.630,1.890,1.120,1,0,319.861,0,0,14,97,0,14,0
18-02 16:26:09,19.476,6.742,71.910,0.250,0,3116984,144000,167068,4517832,2396.987,1617.966,15.980,0,0.999,0,2327,1577,2.630,1.890,1.120,1,0,46.941,0,0,14,97,0,14,0
18-02 16:26:10,20.011,2.501,76.540,0.250,0,3137932,123016,167068,4517884,8189.332,7439.935,48.025,2277.204,4.002,274.145,2202,1836,2.630,1.890,1.120,1,0,1.001,0,0,14,100,0,14,0
18-02 16:26:11,20.011,6.754,72.038,0.250,0,3080988,179824,167068,4518020,19950.588,18587.865,4.002,8684.609,1.001,621.330,3636,3230,2.630,1.890,1.120,1,0,66.035,0,0,14,107,0,15,0
18-02 16:26:12,23.498,3.000,72.745,0,0,3138364,122420,167068,4518048,2342.833,1565.888,4.000,259.981,1.000,23.998,1759,1371,2.630,1.890,1.120,1,0,1.000,0,0,14,109,0,15,0
18-02 16:26:13,17.219,2.495,79.355,0.250,0,3143148,117632,167072,4518052,9015.524,8094.207,3.993,2639.177,0.998,27.949,2300,2424,2.500,1.870,1.120,1,0,0,0,0,14,112,0,16,0
18-02 16:26:14,26.056,5.011,66.893,0.501,0,3142292,117632,167084,4518900,2076.441,1515.241,200.429,613.312,12.026,63.135,4173,6139,2.500,1.870,1.120,2,1,1.002,0,0,14,114,0,16,0
18-02 16:26:15,24.965,5.992,66.907,1.498,0,3137196,188032,167084,4455444,2216.902,1617.739,966.649,2456.567,34.951,241.662,5192,7571,2.500,1.870,1.120,2,0,2.996,0,0,14,115,0,16,0
18-02 16:26:16,24.206,8.484,63.633,0.749,0,3080872,244264,167084,4455536,3380.794,2757.938,0,2024.284,0,163.700,5354,6073,2.500,1.870,1.120,1,0,116.786,0,0,14,122,0,18,0
18-02 16:26:17,21.531,4.757,73.355,0,0,3133760,191344,167084,4455568,3922.591,1622.312,0,849.210,0,52.074,1742,1400,2.500,1.870,1.120,1,0,0,0,0,14,122,0,18,0
18-02 16:26:18,19.291,2.505,77.914,0.251,0,3144052,181052,167084,4455568,9326.666,8046.967,32.068,324.685,2.004,16.034,2041,1860,2.370,1.860,1.120,1,0,0,0,0,14,123,0,18,0
18-02 16:26:19,21.734,5.496,70.698,0.500,0,3145516,179064,167084,4456092,4364.768,3669.283,0,1746.706,0,129.904,4448,6920,2.370,1.860,1.120,1,0,0,0,0,14,123,0,18,0
18-02 16:26:20,31.027,6.005,61.553,0.500,0,3139044,185392,167088,4456232,5182.436,2816.411,0,864.740,0,95.081,4559,5690,2.370,1.860,1.120,2,0,12.010,0,0,14,122,0,19,0
18-02 16:26:21,40.699,10.737,46.941,0.250,0,3199444,124932,167092,4456256,1995.495,1456.172,3.995,347.564,0.999,15.980,3561,2215,2.370,1.860,1.120,2,0,86.891,0,0,14,122,0,19,0
18-02 16:26:22,39.739,4.999,54.735,0.250,0.250,3243680,147156,167092,4391752,9753.285,7343.956,0,351.902,0,17.995,2727,1499,2.370,1.860,1.120,1,0,0,0,0,14,123,0,19,0
18-02 16:26:23,19.522,6.257,73.333,0.250,0,3209344,181464,167092,4391780,19956.666,18533.049,8.009,1257.428,2.002,75.085,2652,2295,2.260,1.850,1.120,1,0,55.063,0,0,14,122,0,20,0
18-02 16:26:24,20.474,2.497,75.403,0,0,3254284,136396,167092,4391908,3887.989,3587.376,0,91.882,0,9.987,1751,1236,2.260,1.850,1.120,0,0,0,0,0,14,123,0,20,0
18-02 16:26:25,19.206,5.238,74.830,0,0,3255776,134884,167092,4391928,23985.398,22215.428,0,295.328,0,4.989,2574,1845,2.260,1.850,1.120,1,0,50.884,0,0,14,122,0,21,0
18-02 16:26:26,21.046,5.011,73.158,0.251,0,3254944,135708,167092,4391936,2284.945,1623.513,0,136.295,0,11.024,1977,1688,2.260,1.850,1.120,2,0,1.002,0,0,14,122,0,21,0
18-02 16:26:27,17.276,2.003,79.619,0,0,3258948,131704,167092,4391936,9114.646,8119.156,0,216.324,0,16.024,1845,1589,2.260,1.850,1.120,0,1,0,0,0,14,123,0,21,0
18-02 16:26:28,18.705,8.978,70.580,0.748,0,3197132,193456,167096,4391996,4958.043,2665.571,3.990,802.066,0.998,99.759,3775,4113,2.160,1.830,1.120,1,0,81.803,0,0,14,122,0,22,0
18-02 16:26:29,23.523,2.502,73.071,0,0,3251060,139528,167096,4391996,2282.217,1621.575,0,268.261,0,17.017,1758,1223,2.160,1.830,1.120,1,0,0,0,0,14,122,0,22,0
18-02 16:26:30,18.277,2.504,77.362,0.250,0,3230620,159956,167096,4392008,25876.623,24339.388,0,304.443,0,23.033,2255,1974,2.160,1.830,1.120,1,0,8.012,0,0,14,122,0,23,0
18-02 16:26:31,20.727,6.992,70.923,0.250,0,3278828,174396,167136,4330328,2277.519,1618.237,35.961,1018.890,5.993,64.929,2593,2330,2.160,1.830,1.120,1,0,48.947,0,0,14,122,0,23,0
18-02 16:26:32,18.007,2.001,79.533,0,0,3292660,160560,167136,4330332,8265.397,7912.252,0,148.061,0,10.004,1624,1206,2.160,1.830,1.120,0,0,0,0,0,14,123,0,23,0
18-02 16:26:33,24.481,5.246,66.198,2.498,0,3294580,158476,167136,4330496,3236.464,2062.384,23.981,3269.438,2.998,289.773,6359,9736,2.070,1.820,1.120,2,0,0.999,0,0,14,124,0,24,0
18-02 16:26:34,27.025,7.507,64.058,0.751,0,3270256,182780,167136,4330516,3264.976,2700.462,0,6001.471,0,394.360,4488,5639,2.070,1.820,1.120,2,0,53.048,0,0,14,123,0,25,0
18-02 16:26:35,20.005,2.001,76.770,0.250,0,3304288,148736,167136,4330528,8059.060,7345.877,0,372.095,0,18.005,1760,1350,2.070,1.820,1.120,1,0,0,0,0,14,124,0,25,0
18-02 16:26:36,18.248,4.000,75.994,0.250,0,3300904,152120,167136,4330528,6762.429,5946.498,0,3399.713,0,306.974,2905,2997,2.070,1.820,1.120,1,0,1.000,0,0,14,124,0,25,0
18-02 16:26:37,25.003,4.751,68.259,0.500,0,3300424,152420,167136,4330708,2357.321,1620.221,0,944.129,0,106.014,5131,7266,2.070,1.820,1.120,2,0,0,0,0,14,124,0,25,0
18-02 16:26:38,36.240,8.248,52.986,0.750,0,3226336,226452,167136,4330764,3349.111,2485.340,0,1151.694,0,120.968,8641,12447,2.060,1.820,1.120,2,0,68.982,0,0,14,123,0,26,0
18-02 16:26:39,21.988,4.248,73.210,0.250,0,3280856,171936,167136,4330796,2408.688,1619.118,0,475.741,0,26.985,1827,1390,2.060,1.820,1.120,3,0,0,0,0,14,123,0,26,0
18-02 16:26:40,23.449,5.239,68.849,0.748,0,3276424,176300,167136,4330832,10373.306,9970.188,23.948,558.778,1.996,30.932,3197,12322,2.060,1.820,1.120,1,0,35.921,0,0,14,124,0,27,0
18-02 16:26:41,16.516,10.760,68.314,2.753,0,3259296,193360,167136,4330900,5643.297,2727.560,32.030,4087.837,2.002,286.269,5175,6358,2.060,1.820,1.120,2,0,147.138,0,0,14,123,0,28,0
18-02 16:26:42,21.769,4.504,73.062,0.250,0,3316488,136156,167136,4330912,2479.107,1663.414,0,232.197,0,16.014,1755,1222,2.060,1.820,1.120,1,0,0,0,0,14,123,0,27,0
18-02 16:26:43,24.258,2.251,72.523,0,0,3321580,131044,167136,4330932,11799.789,11422.668,0,416.134,0,42.013,3025,3119,2.300,1.870,1.140,0,0,0,0,0,14,124,0,27,0
18-02 16:26:44,26.031,5.006,66.830,1.251,0,3317128,135296,167140,4331112,4649.545,3333.976,0,1746.082,0,173.207,5527,7555,2.300,1.870,1.140,1,0,0,0,0,14,124,0,27,0
18-02 16:26:45,24.743,7.998,65.481,0.500,0,3316924,135440,167140,4331172,2219.356,1619.530,31.991,1155.665,1.999,88.974,4744,6280,2.300,1.870,1.140,7,0,4.999,0,0,14,126,0,27,0
18-02 16:26:46,38.733,15.493,42.481,0.750,0,3285812,166332,167144,4331308,4154.147,3534.424,0,1475.342,0,150.933,10425,14925,2.300,1.870,1.140,2,0,287.872,0,0,14,125,0,28,0
18-02 16:26:47,28.011,4.752,66.776,0.250,0,3306472,145668,167144,4331312,2223.878,1634.646,0,544.215,0,38.015,2934,2861,2.300,1.870,1.140,2,0,3.001,0,0,14,125,0,28,0
18-02 16:26:48,19.471,3.245,75.638,0.499,0,3321224,130896,167144,4331332,9204.315,8262.715,3.994,5615.651,0.999,335.501,2477,3078,2.360,1.890,1.160,1,0,2.996,0,0,14,126,0,28,0
18-02 16:26:49,12.273,15.028,71.133,0.250,0,3277088,175008,167144,4331356,3347.258,2483.643,4.007,96.180,1.002,6.011,4694,3516,2.360,1.890,1.160,1,0,270.506,0,0,14,125,0,29,0
18-02 16:26:50,9.495,20.740,68.467,0,0.250,3225836,226232,167144,4331384,3946.106,1661.203,0,131.937,0,11.994,5478,4104,2.360,1.890,1.160,1,0,319.846,0,0,14,125,0,27,0
18-02 16:26:51,21.216,15.974,62.149,0,0.250,3231864,220060,167144,4331976,2276.300,1617.371,0,19.968,0,4.992,5713,6736,2.360,1.890,1.160,1,0,181.705,0,0,14,125,0,27,0
18-02 16:26:52,28.917,20.690,48.610,0,0,3270744,181156,167148,4331556,2649.350,1685.134,0,2421.010,0,294.151,5989,4659,2.360,1.890,1.160,3,0,298.139,0,0,14,125,0,27,0
18-02 16:26:53,32.413,22.865,43.971,0,0,3304168,147692,167148,4331592,2259.349,1628.179,0,36.182,0,9.045,5523,3761,2.330,1.890,1.160,2,0,305.535,0,0,14,125,0,27,0
18-02 16:26:54,38.747,18.998,41.747,0.250,0,3321564,194168,167160,4269636,5333.563,1619.867,103.991,355.971,7.999,19.998,6083,6741,2.330,1.890,1.160,4,0,222.982,0,0,14,131,0,27,0
18-02 16:26:55,38.726,17.739,41.973,0,0,3388140,190536,167164,4208176,1996.738,1457.079,7.995,291.816,1.999,15.990,5619,5360,2.330,1.890,1.160,3,0,303.808,0,0,16,131,0,27,0
18-02 16:26:56,60.714,26.234,11.743,0.250,0,3510124,128756,167172,4149680,2398.570,1619.035,63.962,703.581,4.997,39.976,7738,13086,2.330,1.890,1.160,3,0,419.750,0,0,16,137,0,27,0
18-02 16:26:57,57.264,22.505,20.005,0,0,3569472,191032,167172,4031000,2477.595,1710.411,16.004,1172.282,4.001,64.015,6018,6317,2.330,1.890,1.160,3,0,251.060,0,0,16,137,0,27,0
18-02 16:26:58,57.805,18.267,23.522,0.250,0,3649672,160404,166868,3982412,2522.391,1621.537,28.027,280.266,2.002,22.021,7364,12461,2.380,1.910,1.170,2,0,249.236,0,0,16,153,0,27,0
18-02 16:26:59,36.991,22.995,39.241,0,0,3688956,160548,166840,3943340,2399.427,1689.597,3.999,599.857,1.000,33.992,6360,4693,2.380,1.910,1.170,3,0,404.903,0,0,16,153,0,27,0
18-02 16:27:00,28.499,22.499,47.498,0,0,3722804,126584,166844,3943452,2409.917,1619.944,4.000,255.991,1.000,24.999,6117,4962,2.380,1.910,1.170,4,0,384.987,0,0,17,153,0,27,0
18-02 16:27:01,18.760,18.760,60.784,0.250,0,3732552,163168,166844,3897832,3864.144,1620.899,4.002,500.278,1.001,39.022,6783,8168,2.380,1.910,1.170,1,0,253.140,0,0,17,153,0,27,0
18-02 16:27:02,27.467,16.231,55.434,0,0,3770856,124844,166844,3897416,2474.051,1618.071,0,171.795,0,8.989,4896,3741,2.380,1.910,1.170,2,0,253.698,0,0,17,153,0,18,0
18-02 16:27:03,30.213,24.470,44.695,0,0,3807612,141428,166844,3844724,2309.162,1510.144,0,283.651,0,17.978,5976,4452,2.510,1.950,1.190,3,0,360.557,0,0,17,153,0,18,0
18-02 16:27:04,44.851,15.284,38.837,0,0,3845036,150416,166852,3799344,2210.962,1569.523,12.027,2337.246,2.004,22.049,5964,6999,2.510,1.950,1.190,2,0,178.400,0,0,17,161,0,18,0
18-02 16:27:05,38.251,23.501,34.751,1.750,0,3923972,175588,166612,3697352,3840.120,1620.051,164.005,340.011,4.000,32.001,7442,9308,2.510,1.950,1.190,2,0,379.012,0,0,17,171,0,18,0
18-02 16:27:06,29.737,23.990,43.731,1.499,0,3967528,185496,166612,3645172,2462.954,1713.272,19.992,431.817,1.999,33.986,6557,5782,2.510,1.950,1.190,3,0,478.797,0,0,17,171,0,16,0
18-02 16:27:07,31.757,23.755,42.759,0.250,0,4037460,141040,166612,3620324,2357.485,1710.352,16.003,10806.224,4.001,812.167,8431,9589,2.510,1.950,1.190,1,0,414.085,0,0,17,177,0,16,0
18-02 16:27:08,14.493,20.240,63.469,0,0,4051208,127224,166612,3620716,3632.233,1619.212,3.998,599.708,1.000,44.978,6686,7085,2.470,1.950,1.190,2,0,359.825,0,0,17,193,0,16,0
18-02 16:27:09,23.995,13.997,60.988,0.250,0,4048508,169136,166612,3581828,2839.430,1619.675,0,207.958,0,10.998,5611,6569,2.470,1.950,1.190,2,0,170.966,0,0,17,193,0,16,0
18-02 16:27:10,46.231,7.997,44.732,0.500,0,4156320,148512,166612,3496772,3958.382,1619.338,7.997,435.822,1.999,32.987,3666,2502,2.470,1.950,1.190,3,0,20.991,0,0,17,193,0,16,0
18-02 16:27:11,46.783,6.755,44.531,0.250,0,4245124,193628,166612,3366332,2493.761,1513.068,8.006,360.254,2.001,39.028,3403,2090,2.470,1.950,1.190,3,0,2.001,0,0,17,197,0,16,0
18-02 16:27:12,40.720,5.496,49.963,3.248,0,4313220,161264,166616,3331112,2401.206,1564.831,99.925,271.797,9.993,21.984,3522,2785,2.470,1.950,1.190,2,0,5.996,0,0,17,202,0,16,0
18-02 16:27:13,26.279,20.022,50.556,1.752,0,4247696,226868,166620,3331100,2342.613,1621.809,84.094,296.330,4.004,17.019,5164,4344,2.430,1.950,1.190,1,1,348.389,0,0,17,201,0,16,0
18-02 16:27:14,39.970,25.731,33.225,0.749,0,4290648,182264,166624,3332740,2278.281,1618.778,339.744,131.900,4.996,10.992,7007,8798,2.430,1.950,1.190,3,0,427.677,0,0,17,205,0,16,0
18-02 16:27:15,39.426,22.957,34.186,0.998,0,4309392,161544,166628,3335060,11093.295,10373.638,1165.824,1145.861,21.959,30.942,7261,8065,2.430,1.950,1.190,5,0,325.393,0,0,17,211,0,16,0
18-02 16:27:16,59.956,19.985,18.986,0.749,0,4349648,153596,166636,3303188,2218.374,1618.814,107.921,1051.230,3.997,148.891,6206,6600,2.430,1.950,1.190,4,0,181.867,0,0,17,212,0,16,0
18-02 16:27:17,69.501,12.163,15.638,2.730,0,4442064,153264,166640,3213568,8078.050,7383.036,500.410,333.607,11.915,15.886,4862,3904,2.430,1.950,1.190,4,0,16.879,0,0,17,215,0,16,0
18-02 16:27:18,59.746,11.092,19.159,8.823,0,4499772,140612,166664,3169464,7963.166,6874.117,1718.277,1189.887,60.503,58.486,5126,4582,2.560,1.980,1.210,3,0,20.168,0,0,17,220,0,17,0
18-02 16:27:19,61.042,13.703,14.451,10.464,0,4490688,141512,166740,3177556,2332.050,1614.496,5632.799,1144.100,296.988,116.603,5580,5772,2.560,1.980,1.210,4,0,30.895,0,0,17,224,0,15,0
18-02 16:27:20,50.239,19.342,29.139,0.251,0,4513004,142184,166740,3154708,7995.046,7218.350,48.230,8042.270,2.010,41.196,6548,7144,2.560,1.980,1.210,3,0,291.387,0,0,17,224,0,21,0
18-02 16:27:21,33.656,25.180,40.387,0.249,0,4463836,217072,166740,3129664,7683.513,6792.006,71.799,1037.100,4.986,67.810,7337,8369,2.560,1.980,1.210,5,0,383.926,0,0,17,223,0,22,0
18-02 16:27:22,46.862,18.294,33.580,0,0,4532656,147368,166744,3130084,2422.799,1623.886,0,485.161,0,27.065,5132,6996,2.560,1.980,1.210,5,0,161.386,0,0,17,223,0,22,0
18-02 16:27:23,56.527,26.763,16.008,1.000,0,4584884,156080,166744,3071496,9560.586,9441.529,36.017,272.131,2.001,18.009,6211,6077,2.590,2,1.220,6,0,411.197,0,0,17,224,0,20,0
18-02 16:27:24,54.175,23.468,20.721,0.250,0,4562200,177620,166744,3073168,9267.227,4779.413,39.945,2320.801,2.996,42.941,6602,7030,2.590,2,1.220,3,0,282.610,0,0,17,223,0,21,0
18-02 16:27:25,66.593,21.029,11.516,0.501,0,4636632,141720,166760,3035000,2223.116,1622.274,1105.550,632.887,51.072,29.041,8265,10239,2.590,2,1.220,4,0,224.314,0,0,17,227,0,23,0
18-02 16:27:26,53.701,25.477,19.982,0,0,4699196,149824,166764,2965640,10636.321,9810.073,3.996,963.124,0.999,27.975,6546,6388,2.590,2,1.220,3,0,387.647,0,0,17,228,0,23,0
18-02 16:27:27,58.753,23.251,15.501,1.000,0,4686196,202360,166776,2927404,4913.217,4242.188,528.023,11400.505,21.001,1014.045,8485,11314,2.590,2,1.220,10,0,284.013,0,0,17,229,0,25,0
18-02 16:27:28,60.020,21.757,12.754,5.252,0.250,4756132,127412,166776,2932104,2520.858,1620.552,876.298,872.297,32.011,32.011,8959,17717,2.870,2.070,1.250,3,0,191.065,0,0,17,235,0,25,0
18-02 16:27:29,60.056,9.759,29.778,0,0,4853384,127564,166776,2837420,11761.877,11505.640,8.007,276.255,2.002,20.019,4247,2853,2.870,2.070,1.250,2,0,1.001,0,0,17,236,0,25,0
18-02 16:27:30,60.809,9.719,26.915,1.994,0,4862480,171076,166784,2785556,9815.158,8427.519,789.519,793.507,52.834,57.818,4929,3964,2.870,2.070,1.250,2,1,14.953,0,0,17,242,0,27,0
18-02 16:27:31,56.400,11.029,26.821,4.512,0,4949964,144936,166652,2725304,5710.221,6258.683,1359.624,721.924,56.150,68.182,7289,9851,2.870,2.070,1.250,2,0,9.024,0,0,17,247,0,29,0
18-02 16:27:32,63.309,12.011,22.521,1.251,0,4830760,263648,166652,2725792,13472.594,11131.406,716.670,2846.661,18.017,192.180,5951,5482,2.870,2.070,1.250,3,0,103.096,0,0,17,249,0,31,0
18-02 16:27:33,45.718,29.230,20.486,3.747,0.250,4895932,194508,166916,2729420,2218.454,1618.872,4073.162,1174.182,66.953,55.961,7213,6909,2.880,2.080,1.260,4,0,433.698,0,0,17,249,0,31,0
18-02 16:27:34,53.668,24.213,20.718,0,0,4939052,151204,166936,2729908,7831.086,7173.087,946.560,1098.329,18.971,53.918,6866,7603,2.880,2.080,1.260,5,0,343.477,0,0,17,255,0,32,0
18-02 16:27:35,61.261,16.753,20.254,0.750,0,4889232,200292,166940,2730644,9071.649,6809.238,920.167,1708.310,30.005,228.041,8126,10052,2.880,2.080,1.260,4,2,110.020,0,0,18,255,0,31,0
18-02 16:27:36,79.326,17.212,0.748,1.996,0.249,5002500,145904,166656,2673020,2215.133,1616.448,917.983,5005.002,38.914,38.914,5676,4213,2.880,2.080,1.260,3,0,145.680,0,0,18,259,0,31,0
18-02 16:27:37,74.947,12.491,4.996,7.994,0,5081208,126628,166656,2614300,8196.188,7340.795,2993.877,595.578,167.881,17.987,5236,3234,2.880,2.080,1.260,4,0,9.993,0,0,18,260,0,31,0
18-02 16:27:38,77.369,11.304,6.531,4.270,0,5104400,138572,166672,2580036,7799.231,6979.317,968.624,11567.218,35.168,936.470,5887,4218,2.970,2.120,1.270,4,0,14.067,0,0,18,261,0,32,0
18-02 16:27:39,77.567,13.967,6.734,0.998,0,5147472,130296,166692,2546428,2274.624,1616.180,706.331,774.170,19.953,56.866,6787,6645,2.970,2.120,1.270,4,0,155.632,0,0,18,262,0,32,0
18-02 16:27:40,45.824,11.518,41.066,0.501,0,5172872,139920,166696,2512456,10560.957,10803.347,737.184,2988.799,17.027,28.045,4853,17753,2.970,2.120,1.270,1,0,106.170,0,0,18,266,0,33,0
18-02 16:27:41,39.992,9.248,48.990,0.500,0,5140284,172348,166708,2512604,25374.693,7802.368,519.891,7698.390,5.999,77.984,4257,3731,2.970,2.120,1.270,3,0,11.997,0,0,18,268,0,34,1
18-02 16:27:42,48.044,8.508,41.037,0.250,0,5178924,123204,166708,2523108,11083126.302,276898.844,304.278,352.322,5.005,32.029,19813,12531,2.970,2.120,1.270,3,0,5.005,0,0,18,270,0,34,0
18-02 16:27:43,36.997,14.249,45.997,1.500,0,5160772,133376,166708,2531056,6050599.067,129594.342,2787.792,175.987,29.998,10.999,12914,8569,2.970,2.130,1.280,2,0,202.985,0,0,18,270,0,32,0
18-02 16:27:44,44.211,12.739,41.464,0.749,0,5181176,137452,166708,2506916,7514.421,4474.083,271.762,539.528,2.997,49.956,4560,4181,2.970,2.130,1.280,2,0,65.942,0,0,18,269,0,33,0
18-02 16:27:45,42.217,4.996,51.210,0.250,0,5204800,147692,166708,2473972,8871.991,8803.045,63.949,447.646,3.997,44.964,3420,2901,2.970,2.130,1.280,2,0,0.999,0,0,18,271,0,33,0
18-02 16:27:46,34.454,3.745,59.670,0.499,0,5208064,144164,166708,2474240,15941.751,14494.680,335.553,635.153,17.976,68.908,5407,6717,2.970,2.130,1.280,3,0,1.997,0,0,18,274,0,36,0
18-02 16:27:47,10.019,4.008,83.909,0.250,0,5150612,201324,166708,2474532,319080.243,10838083.055,132.251,2027.846,9.017,228.433,4849,2824,2.970,2.130,1.280,0,0,38.072,0,0,18,273,0,36,0
18-02 16:27:48,2.745,1.996,92.815,0,0,5147672,204272,166708,2474532,191449.712,5610500.924,0,319.362,0,16.966,2735,1880,2.730,2.100,1.270,0,0,5.988,0,0,18,273,0,36,0
18-02 16:27:49,2.501,1.000,94.286,0.750,0,5147664,204272,166708,2474540,2340.886,1662.629,0,1440.545,0,84.032,1502,2205,2.730,2.100,1.270,0,0,3.001,0,0,18,275,0,36,0
18-02 16:27:50,5.763,1.503,91.203,0,0,5148328,203600,166708,2474548,1309572.344,55475.753,0,116.259,0,10.022,4087,3800,2.730,2.100,1.270,2,0,0,0,0,18,280,0,36,0
18-02 16:27:51,21.952,3.991,71.094,0.249,0,5133152,210452,166720,2482844,8125130.002,165500.048,47.895,307.324,2.993,31.930,13210,10497,2.730,2.100,1.270,0,0,0.998,0,0,18,280,0,35,0
18-02 16:27:52,9.773,3.759,82.691,0.251,0,5137552,198276,166720,2490620,7667128.586,179342.691,32.074,525.214,2.005,62.144,13388,15490,2.730,2.100,1.270,1,0,2.005,0,0,18,281,0,39,0
18-02 16:27:53,11.987,15.982,68.673,1.748,0,5074336,261224,166720,2490888,2283.437,1684.110,43.951,211.762,2.997,13.984,5166,4443,2.590,2.080,1.270,1,0,348.609,0,0,18,281,0,39,0
18-02 16:27:54,21.218,8.238,69.147,0.250,0,5120844,214664,166720,2490940,2056.944,1455.837,0,359.466,0,24.963,3204,3026,2.590,2.080,1.270,1,0,117.825,0,0,18,285,0,39,0
18-02 16:27:55,23.061,4.512,70.939,0.501,0,5151052,184452,166724,2490940,2225.919,1624.319,4.011,633.685,1.003,43.115,2778,2363,2.590,2.080,1.270,1,0,35.093,0,0,18,285,0,39,0
18-02 16:27:56,9.003,19.756,69.523,0.250,0,5159228,176224,166724,2490992,2220.721,1620.526,0,16553.372,0,69.022,5902,4859,2.590,2.080,1.270,1,0,326.106,0,0,18,285,0,39,0
18-02 16:27:57,7.990,17.978,70.413,1.998,0,5154044,181336,166724,2491064,2473.941,1617.999,31.960,4538.388,1.998,40.949,5259,4155,2.590,2.080,1.270,1,0,308.618,0,0,18,285,0,39,0
18-02 16:27:58,2.746,0.999,94.627,0.250,0,5145716,189664,166724,2491064,2526.727,1617.904,0,5209.251,0,651.156,1611,1794,2.460,2.060,1.270,1,0,8.988,0,0,18,285,0,39,0
18-02 16:27:59,22.798,4.760,71.401,0,0,5143924,191456,166728,2491060,2284.842,1623.440,0,48.102,0,3.006,2216,1895,2.460,2.060,1.270,2,0,0,0,0,18,285,0,39,0
18-02 16:28:00,20.410,2.489,75.169,0.249,0,5153488,181880,166728,2491072,9571.848,9390.646,0,199.123,0,12.943,2498,2384,2.460,2.060,1.270,0,0,0.996,0,0,18,286,0,39,0
18-02 16:28:01,15.778,11.771,69.623,1.753,0,5137652,197608,166732,2491160,3873.859,2602.608,44.078,420.745,5.009,39.069,4740,4603,2.460,2.060,1.270,1,0,143.254,0,0,18,289,0,40,0
18-02 16:28:02,12.534,17.046,68.435,0.251,0,5126216,208772,166732,2491416,2423.550,1624.390,4.011,14082.057,1.003,166.450,5556,4679,2.460,2.060,1.270,1,0,172.466,0,0,18,291,0,40,0
18-02 16:28:03,12.999,15.999,69.494,0,0,5127208,207684,166732,2491480,2339.805,1619.865,0,223.981,0,12.999,5129,3839,2.270,2.020,1.260,1,0,167.986,0,0,18,291,0,40,0
18-02 16:28:04,17.002,11.001,69.509,1.750,0,5142664,191972,166732,2491732,2220.288,1620.210,84.011,232.030,6.001,13.002,3849,3137,2.270,2.020,1.260,1,0,120.016,0,0,18,291,0,40,0
18-02 16:28:05,23.982,3.747,70.946,0,0,5194600,140036,166732,2491732,2498.104,1618.771,0,811.384,0,45.965,2328,2271,2.270,2.020,1.260,1,0,0.999,0,0,18,291,0,40,0
18-02 16:28:06,22.761,3.001,71.284,2.001,0,5204208,130300,166732,2491860,4185.987,1714.814,292.139,0,6.003,0,2210,1883,2.270,2.020,1.260,1,0,3.001,0,0,18,291,0,40,0
18-02 16:28:07,25.994,1.250,70.982,0.500,0,5215452,118736,166732,2492180,2226.445,1457.637,143.964,203.949,8.998,23.994,2643,2545,2.270,2.020,1.260,1,0,2.000,0,0,18,293,0,40,0
18-02 16:28:08,23.237,3.748,70.960,0.250,0,5150340,183808,166732,2492220,2458.604,1619.080,23.986,459.739,3.998,30.982,2419,2196,2.170,2.010,1.260,1,0,4.997,0,0,18,291,0,40,0
18-02 16:28:09,23.517,3.753,71.803,0,0,5192676,141472,166732,2492220,3962.945,1621.205,0,88.065,0,10.007,2231,1884,2.170,2.010,1.260,1,0,1.001,0,0,18,291,0,40,0
18-02 16:28:10,15.255,4.001,79.277,0.250,0,5212072,122068,166732,2492228,13472.533,11000.702,0,160.054,0,20.007,2439,2361,2.170,2.010,1.260,1,0,2.001,0,0,18,294,0,41,0
18-02 16:28:11,22.499,3.250,71.996,0.250,0,5096360,271496,166732,2459472,12311.313,11187.376,79.996,439.975,4.000,25.999,2881,2635,2.170,2.010,1.260,1,0,15.999,0,0,18,291,0,42,0
18-02 16:28:12,24.493,4.499,70.480,0.250,0,5149956,217688,166732,2459684,2536.269,1619.533,0,319.908,0,32.990,2478,2198,2.170,2.010,1.260,2,0,0,0,0,18,291,0,42,0
18-02 16:28:13,25.491,1.499,71.474,0,0,5167340,200300,166732,2459688,2279.184,1619.420,0,135.951,0,8.997,2197,1641,2.070,1.990,1.260,1,0,0,0,0,18,291,0,42,0
18-02 16:28:14,11.011,15.766,70.822,1.001,0,5157144,210308,166740,2459852,2000.047,1459.494,396.406,2894.963,6.006,372.381,4778,3753,2.070,1.990,1.260,3,0,229.235,0,0,18,291,0,42,0
18-02 16:28:15,11.498,17.997,68.987,0.250,0,5166308,200976,166744,2460016,2219.588,1619.699,55.990,255.952,6.999,19.996,5477,4659,2.070,1.990,1.260,1,0,314.941,0,0,18,291,0,42,0
18-02 16:28:16,23.226,4.995,70.428,0.250,0,5194120,173128,166764,2460032,2217.730,1618.343,0,379.611,0,25.973,3050,2820,2.070,1.990,1.260,1,0,58.940,0,0,18,291,0,40,0
18-02 16:28:17,21.010,2.751,75.536,0,0,5190632,174540,166864,2462008,8040.877,3797.831,0,252.122,0,11.005,2128,1775,2.070,1.990,1.260,1,0,16.008,0,0,18,292,0,40,0
18-02 16:28:18,24.004,4.001,70.261,0.500,0,5170088,191020,167260,2465580,2682.412,1794.276,0,1012.156,0,18.003,2556,2361,1.990,1.970,1.260,1,0,4.001,0,0,18,291,0,40,0
18-02 16:28:19,20.735,1.749,75.695,0,0,5175784,184068,167288,2466776,9025.449,4623.644,3.997,195.858,0.999,5.996,2217,1924,1.990,1.970,1.260,1,0,15.988,0,0,18,292,0,40,0
18-02 16:28:20,23.759,6.502,67.775,0,0,5162944,192060,167824,2470972,2622.954,1794.653,0,796.290,0,12.004,9802,18045,1.990,1.970,1.260,1,0,11.004,0,0,18,291,0,33,0
18-02 16:28:21,19.216,3.993,74.866,0.250,0,5161556,192796,167860,2471572,9014.864,4552.851,91.836,674.792,5.989,25.954,2457,2418,1.990,1.970,1.260,1,0,3.993,0,0,18,292,0,33,0
18-02 16:28:22,23.548,7.265,67.137,0.251,0,5160624,193520,167900,2471736,2199.488,1460.981,0,809.652,0,34.070,11011,19774,1.990,1.970,1.260,1,0,19.039,0,0,18,292,0,33,0
18-02 16:28:23,22.727,3.996,71.427,0.250,0,5106648,257372,167984,2461776,2509.429,1792.164,0,755.226,0,29.969,2272,1921,1.910,1.960,1.260,2,0,0.999,0,0,18,291,0,33,0
18-02 16:28:24,13.014,16.018,69.827,0,0,5141780,222328,167984,2461768,2282.531,1621.799,0,556.617,0,12.013,4832,4049,1.910,1.960,1.260,2,0,268.298,0,0,18,291,0,31,0
18-02 16:28:25,24.735,2.249,71.455,0,0,5177308,186796,167984,2461772,2218.617,1618.991,0,47.970,0,5.996,2127,1682,1.910,1.960,1.260,2,0,0,0,0,18,291,0,31,0
18-02 16:28:26,22.512,2.001,75.041,0.250,0,5190388,173500,167984,2461988,11268.103,10320.589,16.009,88.048,1.001,6.003,2612,2313,1.910,1.960,1.260,2,0,1.001,0,0,18,294,0,32,0
18-02 16:28:27,21.485,9.993,66.953,0,0,5179876,183880,167984,2462120,4040.177,3219.751,35.975,0,2.998,0,4750,5629,1.910,1.960,1.260,1,0,116.918,0,0,18,291,0,34,0
18-02 16:28:28,24.456,2.496,71.621,0.250,0,5220036,143656,167984,2462184,5822.507,3937.903,31.942,447.194,1.996,6.987,2655,2303,1.830,1.940,1.260,0,0,0,0,0,18,292,0,29,0
18-02 16:28:29,22.787,6.260,69.864,0.250,0,5205184,158484,167984,2462208,9119.940,7856.871,0,288.473,0,20.033,3525,3191,1.830,1.940,1.260,1,0,70.115,0,0,18,291,0,30,0
18-02 16:28:30,24.009,4.252,70.528,0,0,5188796,207868,167984,2430264,2340.913,1620.632,0,208.081,0,20.008,2452,2205,1.830,1.940,1.260,1,0,1.000,0,0,18,291,0,30,0
18-02 16:28:31,20.690,1.745,75.034,0.249,0,5198944,197884,167984,2430268,15693.857,14707.694,79.771,378.910,3.989,31.908,2785,2862,1.830,1.940,1.260,2,0,0.997,0,0,18,291,0,31,0
18-02 16:28:32,21.057,7.771,70.191,0,0,5139088,257688,167984,2430320,2423.603,1624.426,0,244.667,0,22.060,3091,2786,1.830,1.940,1.260,1,0,56.153,0,0,18,291,0,23,0
18-02 16:28:33,21.524,2.253,74.835,0.250,0,5177892,218880,167984,2430324,9569.875,7354.357,0,1033.174,0,103.117,2356,2047,1.770,1.930,1.250,4,0,0,0,0,18,292,0,23,0
18-02 16:28:34,20.985,5.496,71.950,0,0,5167036,229724,167984,2430336,6812.229,6140.700,0,163.885,0,11.992,2747,2334,1.770,1.930,1.250,2,0,31.978,0,0,18,291,0,26,0
18-02 16:28:35,24.768,2.502,71.552,0,0.250,5181668,215108,167984,2430336,1999.448,1459.057,0,124.090,0,8.006,2165,1787,1.770,1.930,1.250,2,0,0,0,0,18,291,0,26,0
18-02 16:28:36,14.190,2.489,80.905,0.249,0,5184772,211832,167984,2430508,12690.926,11696.164,31.864,231.016,1.992,19.915,2372,2539,1.770,1.930,1.250,1,0,0.996,0,0,18,292,0,26,0
18-02 16:28:37,21.522,6.256,71.322,0.250,0,5154012,242580,167984,2430520,4416.442,2415.429,0,616.620,0,42.042,2989,2880,1.770,1.930,1.250,1,0,47.047,0,0,18,291,0,25,0
18-02 16:28:38,20.544,3.006,74.409,0,0,5182428,214144,167984,2430540,8765.765,7295.618,0,160.343,0,13.028,2302,2059,1.630,1.890,1.250,2,0,0,0,0,18,292,0,25,0
18-02 16:28:39,20.938,5.235,72.786,0,0,5177004,219556,167984,2430552,6856.833,6126.980,0,35.894,0,0.997,2634,2257,1.630,1.890,1.250,1,0,31.906,0,0,18,291,0,28,0
18-02 16:28:40,30.610,5.269,63.477,0.251,0,5234176,162384,167984,2433224,2408.631,1625.826,0,116.417,0,12.043,2958,7459,1.630,1.890,1.250,4,0,36.129,0,0,18,291,0,28,0
18-02 16:28:41,17.991,2.999,77.963,0.250,0,5218424,178052,167984,2430636,12544.996,11742.380,63.969,243.883,2.999,32.984,2898,6623,1.630,1.890,1.250,2,0,0,0,0,18,292,0,26,0
18-02 16:28:42,12.240,10.991,69.441,5.246,0,5188696,207504,168140,2430756,3900.683,3413.097,179.847,1178.997,14.987,85.927,4487,4390,1.630,1.890,1.250,0,1,179.847,0,0,18,293,0,27,0
18-02 16:28:43,4.000,1.250,87.511,5.251,0,5186176,209076,168524,2431320,7705.938,3844.468,944.115,116.014,236.029,10.001,1610,2169,1.500,1.860,1.240,1,0,0,0,0,18,293,0,27,0
18-02 16:28:44,5.752,8.253,84.280,0.500,0,5179564,215632,168524,2431376,15958.764,4689.694,0,384.139,0,27.010,3226,3057,1.500,1.860,1.240,0,0,125.045,0,0,18,293,0,28,0
18-02 16:28:45,8.484,12.976,75.609,1.497,0,5167796,227312,168528,2431460,3933.663,2614.124,19.963,2108.068,1.996,308.425,4718,4060,1.500,1.860,1.240,0,1,208.611,0,0,18,291,0,27,0
18-02 16:28:46,20.781,3.756,70.104,3.756,0,5174656,212696,168528,2439168,2315.445,1622.414,1053.568,436.650,120.179,27.040,2750,2764,1.500,1.860,1.240,1,0,8.012,0,0,18,291,0,27,0
18-02 16:28:47,24.015,3.252,70.794,0,0,5172316,211068,168528,2443040,2699.671,1863.153,0,728.451,0,8.005,2523,2219,1.500,1.860,1.240,0,0,16.010,0,0,18,291,1,27,0
18-02 16:28:48,15.508,3.252,79.042,1.001,0,5136468,242740,168528,2447192,13527.219,5708.046,868.463,1316.703,10.005,32.017,2258,2221,1.450,1.850,1.240,1,0,8.004,0,0,18,291,0,27,0
18-02 16:28:49,25.516,11.507,56.786,4.753,0,5164660,211584,168536,2450132,2341.489,1691.076,1424.906,3154.006,20.013,101.064,4705,4490,1.450,1.850,1.240,3,0,177.113,0,0,18,291,0,23,0
18-02 16:28:50,38.643,12.964,47.119,0,0,5212912,163272,168536,2450176,2393.367,1657.407,510.585,147.591,3.989,32.909,4228,2958,1.450,1.850,1.240,2,0,136.621,0,0,18,291,0,23,0
18-02 16:28:51,27.056,4.760,66.639,0.251,0,5231472,144664,168536,2450224,8015.703,7361.339,272.568,324.677,3.006,40.084,2887,2646,1.450,1.850,1.240,1,0,1.002,0,0,18,292,0,23,0
18-02 16:28:52,21.250,6.250,70.500,0.500,0,5207496,168616,168536,2450248,19939.045,18578.042,0,508.001,0,44.000,3170,2966,1.450,1.850,1.240,2,0,47.000,0,0,18,291,0,25,0
18-02 16:28:53,24.965,3.495,70.152,0.250,0,5213904,162204,168536,2450248,2216.906,1617.743,0,3802.694,0,134.812,2409,2357,1.420,1.830,1.240,1,0,0,0,0,18,291,0,21,0
18-02 16:28:54,19.023,2.503,76.843,0,0.250,5219504,156176,168536,2450676,11295.691,10503.731,384.466,0,22.027,0,2528,2314,1.420,1.830,1.240,1,0,0,0,0,18,291,0,23,0
18-02 16:28:55,22.261,5.002,71.785,0,0,5175440,200240,168536,2450676,2179.076,1458.721,0,0,0,0,2390,1954,1.420,1.830,1.240,1,0,14.007,0,0,18,291,0,23,0
18-02 16:28:56,20.998,3.000,75.492,0,0,5203812,171864,168536,2450680,8064.109,7345.188,0,7.999,0,1.000,2133,1778,1.420,1.830,1.240,1,0,1.000,0,0,18,292,0,23,0
18-02 16:28:57,24.232,3.497,68.950,1.249,0,5200996,172852,168536,2452508,4830.490,2457.214,1630.815,847.384,58.957,116.915,4934,6500,1.420,1.830,1.240,3,0,0.999,0,0,18,294,0,23,0
18-02 16:28:58,24.753,4.501,69.760,0.250,0.250,5190436,183368,168536,2452552,3724.515,2860.395,80.011,656.091,2.000,65.009,2868,3011,1.380,1.820,1.240,1,0,5.001,0,0,18,293,0,24,0
18-02 16:28:59,20.698,2.494,75.061,0,0,5221012,152728,168536,2452616,4748.046,4000.927,0,566.574,0,17.955,2114,1817,1.380,1.820,1.240,1,0,0,0,0,18,294,0,24,0
18-02 16:29:00,21.281,3.255,73.105,1.001,0,5220152,153536,168536,2452668,9821.166,8859.779,32.046,2523.640,2.003,184.266,3807,4759,1.380,1.820,1.240,1,0,1.001,0,0,18,294,0,24,0
18-02 16:29:01,20.798,11.026,66.405,0.752,0,5177580,195992,168536,2452784,3478.102,2852.645,80.187,882.055,5.012,104.243,5819,6746,1.380,1.820,1.240,1,0,178.416,0,0,18,293,0,24,0
18-02 16:29:02,8.999,23.248,66.246,0.250,0,5175164,198368,168536,2452824,2194.851,1457.901,0,655.955,0,54.996,6742,5982,1.380,1.820,1.240,1,0,520.965,0,0,18,293,0,24,0
18-02 16:29:03,8.998,21.495,67.483,0,0,5173104,200404,168536,2452848,2279.431,1619.596,0,395.901,0,26.993,6548,5679,1.350,1.800,1.230,2,0,496.876,0,0,18,293,0,24,0
18-02 16:29:04,8.500,23.251,66.753,0,0,5162440,211040,168536,2452876,2220.095,1690.072,0,1796.077,0,116.005,6671,5749,1.350,1.800,1.230,1,0,529.023,0,0,18,293,0,24,0
18-02 16:29:05,8.998,22.494,66.483,0.250,0,5150812,222644,168536,2452900,2459.375,1619.588,0,1827.535,0,115.971,6642,5937,1.350,1.800,1.230,2,0,501.872,0,0,18,293,0,24,0
18-02 16:29:06,9.254,22.759,66.776,0.250,0,5141892,231540,168536,2452924,2464.978,1714.680,0,200.079,0,19.008,6488,5516,1.350,1.800,1.230,2,0,479.190,0,0,18,293,0,24,0
18-02 16:29:07,9.750,22.001,67.253,0,0,5136808,236588,168536,2452960,2417.113,1620.075,0,268.012,0,25.001,6467,5618,1.350,1.800,1.230,2,0,443.021,0,0,18,293,0,24,0
18-02 16:29:08,9.251,22.002,67.257,0,0,5140164,233208,168536,2452984,2460.261,1620.172,0,308.033,0,21.002,6380,5265,1.490,1.820,1.240,3,0,459.049,0,0,18,293,0,24,0
18-02 16:29:09,14.747,13.248,69.737,0.250,0,5141060,232268,168536,2453028,2349.576,1619.708,15.997,143.974,1.000,6.999,4928,4004,1.490,1.820,1.240,1,0,264.952,0,0,18,293,0,24,0
18-02 16:29:10,20.170,7.719,70.720,0.249,0,5158708,303316,168552,2376100,3663.478,1452.243,3.984,2215.219,0.996,20.917,2666,2599,1.490,1.820,1.240,1,0,3.984,0,0,18,293,0,24,0
18-02 16:29:11,25.321,3.008,69.446,0.501,0,5171528,287444,168584,2379128,2408.783,1624.575,16.045,2021.693,3.008,60.169,2784,2677,1.490,1.820,1.240,2,0,16.045,0,0,18,293,0,24,0
18-02 16:29:12,17.250,1.750,78.499,1.000,0,5182452,275672,168596,2379964,13995.853,7702.919,511.995,927.990,21.000,34.000,2278,2209,1.490,1.820,1.240,2,0,0,0,0,18,294,0,24,0
18-02 16:29:13,14.255,2.001,80.025,3.501,0,5181616,275420,168652,2380988,20391.478,14161.499,572.182,1676.533,54.017,60.019,2150,2244,1.370,1.790,1.240,1,0,0,0,0,18,294,0,22,0
18-02 16:29:14,20.000,1.500,75.751,1.000,0,5208100,247952,168704,2381916,13010.162,7857.098,768.010,984.012,33.000,28.000,2118,1883,1.370,1.790,1.240,2,0,0,0,0,18,294,0,22,0
18-02 16:29:15,15.934,1.743,77.428,3.486,0,5208388,246692,168760,2382828,18011.169,11067.020,697.104,3338.131,46.806,364.486,2367,2389,1.370,1.790,1.240,1,0,1.992,0,0,18,294,0,22,0
18-02 16:29:16,23.103,3.767,70.313,2.009,0,5224644,229420,168784,2383812,12788.864,9255.151,687.055,1173.217,39.174,51.228,3957,5460,1.370,1.790,1.240,0,0,3.013,0,0,18,294,0,22,0
18-02 16:29:17,16.736,2.498,74.935,4.496,0,5222100,213068,168784,2402704,14328.629,8904.312,9088.154,979.155,117.898,30.973,2535,2390,1.370,1.790,1.240,2,0,0,0,0,18,294,0,22,0
18-02 16:29:18,23.001,3.000,69.254,3.500,0,5234608,181820,168784,2421440,2460.139,1620.092,5860.332,1440.081,72.004,54.003,2905,2774,1.340,1.780,1.240,2,0,1.000,0,0,18,294,0,22,0
18-02 16:29:19,24.003,3.250,70.758,0.500,0,5237124,165480,168844,2435008,2340.270,1620.187,0,15809.827,0,103.012,2645,2298,1.340,1.780,1.240,1,0,0,0,0,18,294,0,22,0
18-02 16:29:20,24.982,2.498,70.949,0.250,0,5234668,157680,168888,2444960,3957.165,1618.840,0,567.593,0,23.983,2550,2261,1.340,1.780,1.240,1,0,0,0,0,18,294,0,22,0
18-02 16:29:21,25.514,2.001,70.289,1.001,0,5248056,125436,169032,2463544,2281.265,1620.898,16.009,2173.205,1.001,99.055,2772,2827,1.340,1.780,1.240,1,0,0,0,0,18,294,0,22,0
18-02 16:29:22,23.229,3.497,70.436,0.999,0,5238736,123620,169528,2473924,2326.901,1510.637,0,2665.595,0,114.896,2932,2988,1.340,1.780,1.240,1,0,0,0,0,18,294,0,22,0
18-02 16:29:23,23.992,2.749,70.978,0.750,0,5229000,132380,170000,2474996,2205.306,1565.508,0,1975.379,0,75.976,2548,2430,1.310,1.770,1.230,1,0,0,0,0,18,294,0,22,0
18-02 16:29:24,24.030,2.753,71.339,0.751,0,5234820,133036,170088,2467452,2222.782,1688.113,0,1746.185,0,65.081,2511,2337,1.310,1.770,1.230,1,0,0,0,0,18,293,0,22,1
18-02 16:29:25,25.247,2.250,71.493,0,0,5151824,217008,170088,2466316,2441.756,1727.828,0,247.975,0,13.999,2364,1952,1.310,1.770,1.230,1,0,2.000,0,0,18,293,0,22,0
18-02 16:29:26,19.243,3.999,75.222,0,0,5189320,179496,170088,2466332,7777.119,3724.620,0,463.828,0,8.997,2322,2057,1.310,1.770,1.230,1,0,33.987,0,0,18,294,0,22,0
18-02 16:29:27,24.525,2.753,71.074,0.250,0,5201952,160696,170164,2472040,2581.672,1795.859,0,1205.247,0,13.013,2394,2040,1.310,1.770,1.230,1,0,3.003,0,0,18,293,0,22,0
18-02 16:29:28,19.961,2.994,75.352,0,0,5204912,156692,170168,2473080,12415.608,4609.943,0,275.459,0,7.984,2247,2016,1.280,1.750,1.230,1,0,15.969,0,0,18,294,0,22,0
18-02 16:29:29,24.033,5.758,67.843,0.501,0,5204512,151516,170484,2477408,2565.515,1796.462,0,785.076,0,12.016,10273,18764,1.280,1.750,1.230,2,0,14.019,0,0,18,293,0,22,0
18-02 16:29:30,24.448,5.488,66.859,0.249,0,5205532,150312,170504,2477572,2173.406,1454.924,0,1600.616,0,13.970,9962,18410,1.280,1.750,1.230,1,0,5.987,0,0,18,293,0,18,0
18-02 16:29:31,22.251,6.500,70.254,0.250,0,5210464,145144,170544,2477736,2342.128,1620.088,0,948.052,0,57.003,3130,3316,1.280,1.750,1.230,1,0,16.001,0,0,18,293,0,18,0
18-02 16:29:32,23.560,4.511,69.426,0.501,0.251,5134228,233640,170552,2466444,2483.294,1624.117,0,4326.968,0,198.503,3325,3583,1.280,1.750,1.230,1,0,24.061,0,0,18,293,0,18,0
18-02 16:29:33,25.012,5.753,67.282,0.250,0,5160148,207712,170552,2466452,2341.111,1620.769,0,156.074,0,7.003,11034,19625,1.260,1.740,1.230,1,0,34.016,0,0,18,293,0,18,0
18-02 16:29:34,23.258,3.501,72.274,0,0,5189844,178008,170552,2466460,2826.926,2155.706,0,476.156,0,10.003,2424,1994,1.260,1.740,1.230,1,0,33.011,0,0,18,294,0,15,0
18-02 16:29:35,21.228,2.497,74.923,0.499,0,5176964,185376,170568,2471860,9126.604,3535.360,0,1202.762,0,29.969,2163,1942,1.260,1.740,1.230,1,0,0.999,0,0,18,293,0,15,0
18-02 16:29:36,21.002,3.500,74.508,0,0,5184812,177088,170572,2472168,6521.662,2958.300,0,4.000,0,1.000,2284,1961,1.260,1.740,1.230,2,0,19.002,0,0,18,294,0,15,0
18-02 16:29:37,23.996,3.749,70.238,0,0,5184584,171392,170600,2477240,4807.174,3292.434,0,1071.816,0,17.997,7336,12485,1.260,1.740,1.230,1,0,5.999,0,0,18,293,0,15,0
18-02 16:29:38,24.283,5.758,68.594,0,0,5185020,170424,170600,2477692,2523.462,1622.225,0,92.126,0,2.003,9467,17020,1.240,1.730,1.230,2,0,13.018,0,0,18,293,0,13,0
18-02 16:29:39,20.998,6.499,69.742,0,0,5186944,168408,170604,2477780,3839.563,1619.815,0,7051.197,0,227.974,6212,9977,1.240,1.730,1.230,1,0,14.998,0,0,18,293,0,13,0
18-02 16:29:40,22.454,4.491,70.856,0.249,0,5147124,220840,170624,2466460,2455.019,1616.720,0,906.161,0,18.962,2411,2044,1.240,1.730,1.230,2,0,5.988,0,0,18,293,0,13,0
18-02 16:29:41,33.042,5.507,61.578,0,0,5120612,247324,170624,2466488,2282.903,1622.063,0,228.290,0,18.023,4113,14712,1.240,1.730,1.230,2,0,55.070,0,0,18,293,0,14,0
18-02 16:29:42,21.739,6.747,69.965,0.500,0,5169932,191604,170636,2472812,2535.739,1661.174,15.992,1059.473,1.000,35.982,3636,3472,1.240,1.730,1.230,1,0,93.953,0,0,18,293,0,9,0
18-02 16:29:43,24.768,2.752,71.052,0,0,5179632,177456,170668,2476780,2281.683,1621.196,0,300.221,0,11.008,2480,2408,1.300,1.730,1.230,1,0,0,0,0,18,293,0,9,0
18-02 16:29:44,19.244,1.999,76.476,0.750,0,5191784,164856,170680,2477152,13512.797,7406.696,0,1215.622,0,30.990,2341,2217,1.300,1.730,1.230,1,0,15.995,0,0,18,294,0,9,0
18-02 16:29:45,17.978,2.497,77.156,0.749,0,5194048,161860,170784,2477684,50538.383,16368.044,0,13088.043,0,142.826,2575,2693,1.300,1.730,1.230,0,0,0.999,0,0,18,295,0,9,0
18-02 16:29:46,16.270,1.752,79.598,1.001,0,5203836,151556,170880,2477992,134358.678,16205.863,0,2575.156,0,228.280,2565,2630,1.300,1.730,1.230,0,0,1.001,0,0,18,295,0,7,0
18-02 16:29:47,22.742,1.250,74.474,0.250,0,5227556,127616,170952,2478108,13142.324,8027.144,0,851.697,0,26.990,2204,1828,1.300,1.730,1.230,1,0,1.000,0,0,18,295,0,7,0
18-02 16:29:48,19.213,2.246,75.852,0.749,0,5239680,114776,171052,2478628,292533.898,17965.050,0,1461.157,0,38.924,2601,2241,1.280,1.720,1.230,2,0,5.988,0,0,18,295,0,7,0
18-02 16:29:49,21.796,5.011,71.650,1.503,0,5252868,132548,171320,2448648,80631.025,16293.155,288.605,2513.268,7.015,114.239,2753,2471,1.280,1.720,1.230,2,0,7.015,0,0,18,295,0,7,0
18-02 16:29:50,34.246,6.999,57.493,0.750,0,5255320,129676,171512,2448864,61490.614,13546.373,615.926,28328.597,9.999,195.976,3555,2677,1.280,1.720,1.230,2,0,5.999,0,0,18,295,0,7,0
18-02 16:29:51,16.495,3.499,76.229,0.250,0,5234652,130932,171608,2468088,5584401.180,161044.565,255.929,5774.407,1.999,36.990,11039,7838,1.280,1.720,1.230,1,0,3.999,0,0,18,295,0,7,0
18-02 16:29:52,4.752,2.001,88.539,0.250,0,5223876,121884,171648,2487840,10564703.466,263492.912,0,1192.525,0,38.017,16763,11101,1.280,1.720,1.230,0,0,1.000,0,0,18,295,0,7,0
18-02 16:29:53,5.497,1.999,89.455,0.500,0,5240896,123492,171724,2470088,1870581.037,44995.270,163.917,11897.989,3.998,47.976,3748,3961,1.170,1.690,1.230,3,0,0.999,0,0,18,295,0,7,0
18-02 16:29:54,22.258,3.501,73.028,1.000,0,5247772,143416,172016,2443876,393363.471,10283.882,0,2008.758,0,71.027,2789,2462,1.170,1.690,1.230,1,0,1.000,0,0,18,295,0,4,0
18-02 16:29:55,22.259,5.752,69.777,0.750,0,5236636,136048,175316,2456480,4021.557,1620.628,0,69234.809,0,362.140,2983,2784,1.170,1.690,1.230,1,0,0,0,0,18,295,0,4,0
18-02 16:29:56,24.236,2.748,70.958,0.500,0,5231556,163496,175624,2433940,2278.642,1661.010,0,1998.809,0,177.894,2567,2204,1.170,1.690,1.230,2,0,0,0,0,18,295,0,4,0
18-02 16:29:57,24.242,2.499,71.977,0.250,0,5248712,135544,175876,2443580,2416.218,1619.476,0,523.831,0,11.996,2347,2135,1.170,1.690,1.230,1,0,1.000,0,0,18,295,0,4,0
18-02 16:29:58,24.274,2.252,72.070,0.250,0,5255112,132852,176296,2439592,2240.180,1459.420,0,1301.266,0,61.059,2494,2402,1.160,1.680,1.220,2,0,0,0,0,18,295,0,2,0
18-02 16:29:59,23.493,3.249,71.480,0.750,0.250,5240580,145180,176980,2440264,2279.352,1619.540,3.999,1267.640,1.000,50.986,2385,2139,1.160,1.680,1.220,2,0,0,0,0,18,295,0,2,0
18-02 16:30:00,24.024,3.504,70.822,0.751,0,5237328,126768,177724,2459596,3903.967,1621.648,0,2166.201,0,78.079,2652,2713,1.160,1.680,1.220,4,0,1.001,0,0,18,295,0,2,0
18-02 16:30:01,25.743,2.999,68.481,1.250,0,5237092,129016,178984,2455728,2339.361,1619.558,63.983,1083.704,7.998,57.984,2945,2923,1.160,1.680,1.220,2,0,2.999,0,0,18,295,0,2,0
18-02 16:30:02,25.986,1.999,69.963,0.250,0,5237288,120740,179252,2462684,2535.668,1619.150,0,1871.017,0,35.981,2635,2538,1.160,1.680,1.220,1,0,0,0,0,18,295,0,2,0
18-02 16:30:03,24.272,3.003,70.814,0.751,0,5241896,120192,180136,2457496,2402.156,1621.455,0,1957.757,0,74.066,2654,2574,1.150,1.670,1.220,2,0,0,0,0,18,295,0,1,0
18-02 16:30:04,20.218,2.496,74.632,0.499,0,5265500,157844,180648,2396160,8210.980,4042.590,0,1613.442,0,59.905,2319,2263,1.150,1.670,1.220,1,0,0,0,0,18,293,0,1,0
18-02 16:30:05,24.779,2.753,71.333,0.501,0,5173740,249644,180648,2396152,5466.382,1621.893,0,820.958,0,26.030,2264,1881,1.150,1.670,1.220,1,0,11.013,0,0,18,293,0,1,0
18-02 16:30:06,20.752,3.250,75.007,0,0,5205976,216528,180648,2397032,8084.732,3820.346,0,164.015,0,4.000,2251,1943,1.150,1.670,1.220,1,0,24.002,0,0,18,294,0,1,0
18-02 16:30:07,23.982,2.748,71.198,0,0,5201960,215800,180700,2401708,4135.970,1792.687,0,967.291,0,5.996,2377,2065,1.150,1.670,1.220,1,0,3.997,0,0,18,293,0,1,0
18-02 16:30:08,19.765,2.252,77.057,0.250,0,5208472,208056,180704,2402920,9285.820,4556.346,0,452.332,0,6.004,2116,1943,1.140,1.660,1.220,1,0,16.012,0,0,18,294,0,1,0
18-02 16:30:09,24.507,5.001,67.518,0.250,0,5194564,216712,180976,2407244,2502.673,1794.483,0,768.207,0,12.003,10368,18830,1.140,1.660,1.220,1,0,14.004,0,0,18,293,0,1,0
18-02 16:30:10,22.232,5.496,70.943,0.250,0,5194564,216488,181000,2407404,2517.993,1618.710,0,16247.049,0,343.726,2254,1675,1.140,1.660,1.220,2,0,0.999,0,0,18,293,0,1,0
18-02 16:30:11,23.268,6.755,67.802,0,0,5194036,216944,181012,2407496,2119.639,1459.128,0,384.297,0,7.005,9831,18119,1.140,1.660,1.220,2,0,12.009,0,0,18,293,0,1,0
18-02 16:30:12,21.658,6.473,70.452,0,0,5173968,237200,181040,2407496,2406.804,1613.166,0,430.178,0,20.911,2605,2322,1.140,1.660,1.220,1,0,6.970,0,0,18,293,0,1,0
18-02 16:30:13,22.738,4.248,71.212,0.750,0,5162400,260164,181044,2396680,2338.750,1619.135,227.878,1319.295,2.998,25.986,2519,2265,1.120,1.650,1.220,1,0,5.997,0,0,18,293,0,1,0
18-02 16:30:14,20.804,4.261,70.936,3.259,0,5182420,237348,181048,2399472,3910.227,1624.248,405.059,0,13.034,0,2303,2055,1.120,1.650,1.220,1,0,0,0,0,18,294,0,1,0
18-02 16:30:15,25.051,5.010,66.886,1.002,0,5180716,238420,181048,2400104,2224.535,1623.309,497.013,13840.212,31.063,255.521,6778,9602,1.120,1.650,1.220,1,0,1.002,0,0,18,296,0,5,0
18-02 16:30:16,21.744,9.747,65.731,1.250,0,5125596,292764,181048,2400880,3838.906,1619.538,495.859,1483.577,23.993,205.941,6563,8539,1.120,1.650,1.220,1,0,148.958,0,0,18,295,0,5,0
18-02 16:30:17,10.505,16.258,68.286,3.502,0,5124616,292872,181048,2401784,2196.145,1458.760,856.446,5226.725,8.004,509.265,5539,5113,1.120,1.650,1.220,1,0,290.151,0,0,18,295,0,7,0
18-02 16:30:18,12.499,4.999,69.993,10.999,0,5122812,258112,181144,2438252,2639.731,1619.835,36576.272,131.987,2202.775,6.999,4811,6656,1.110,1.640,1.220,0,1,11.999,0,0,18,295,0,7,0
18-02 16:30:19,12.483,4.743,79.140,2.746,0,5132280,241756,181152,2445132,2897.954,2631.326,6722.614,4485.737,1409.033,163.771,4997,8255,1.110,1.640,1.220,0,0,6.990,0,0,18,296,0,7,0
18-02 16:30:20,3.747,0.999,92.683,0,0,5132372,241532,181152,2445264,23765.786,3460.493,0,159.884,0,7.994,1712,2122,1.110,1.640,1.220,1,0,0,0,0,18,296,0,9,0
18-02 16:30:21,5.999,1.750,88.239,2.750,0,5113740,259768,181180,2445632,75727.796,5577.322,423.948,115.986,12.998,15.998,1993,2399,1.110,1.640,1.220,0,1,11.999,0,0,18,295,0,9,1
18-02 16:30:22,52.788,9.257,37.027,0.500,0,4884340,488760,181180,2446104,6593.803,2436.775,280.204,796.580,6.004,24.017,4269,2761,1.110,1.640,1.220,2,0,17.012,0,0,18,277,0,14,0
18-02 16:30:23,76.965,11.245,11.245,0,0,4845124,527796,181180,2446268,3898.230,1619.265,191.913,419.809,2.999,29.986,4848,2985,1.430,1.690,1.240,5,0,5.997,0,0,18,265,0,15,0
18-02 16:30:24,86.181,14.030,0,0,0,4868700,504196,181180,2446300,2002.211,1461.073,0,112.236,0,1.002,5056,2678,1.430,1.690,1.240,5,0,2.004,0,0,18,263,0,15,0
18-02 16:30:25,87.826,11.942,0.249,0.249,0.249,4977040,395640,181184,2446512,2328.764,1612.221,155.251,310.502,5.971,11.942,5003,2520,1.430,1.690,1.240,6,0,4.976,0,0,18,263,0,15,0
18-02 16:30:26,83.874,14.271,1.252,0,0,5047604,323228,181184,2448356,3250.789,1622.390,84.124,17838.278,6.009,154.227,8870,12707,1.430,1.690,1.240,4,0,3.004,0,0,18,271,0,18,0
18-02 16:30:27,56.572,10.467,32.149,0,0,5010016,360340,181184,2448864,2684.573,1614.931,255.199,2783.263,1.994,207.349,6107,6114,1.430,1.690,1.240,1,2,6.978,0,0,18,258,0,23,0
18-02 16:30:28,24.116,3.768,71.595,0.502,0,5044804,325424,181184,2448992,2836.679,1670.053,0,5968.782,0,820.959,2866,1905,1.390,1.680,1.240,1,0,1.005,0,0,18,258,0,23,0
18-02 16:30:29,32.520,5.253,59.286,0.750,0,5078312,290476,181196,2450416,38746.830,21390.155,380.234,284.175,12.007,26.016,4844,6575,1.390,1.680,1.240,1,0,2.001,0,0,18,260,0,30,0
18-02 16:30:30,37.198,1.997,59.667,0.250,0,5078280,290476,181196,2450448,129772.962,62452.358,0,599.169,0,45.936,3985,2992,1.390,1.680,1.240,1,0,0.999,0,0,18,259,0,30,0
18-02 16:30:31,32.526,5.504,59.298,0,0,5107972,260572,181196,2450632,83606.275,39990.179,0,90376.723,0,690.556,5734,6102,1.390,1.680,1.240,1,0,1.001,0,0,18,270,0,30,0
18-02 16:30:32,6.997,1.499,90.207,0.750,0,5112992,255544,181196,2450640,21335.753,9205.579,0,739.645,0,51.975,2135,2789,1.390,1.680,1.240,0,0,0,0,0,18,268,0,30,0
18-02 16:30:33,1.994,0.498,95.451,0,0,5112960,255576,181196,2450640,2272.887,1614.946,0,1311.894,0,9.969,1201,1689,1.280,1.650,1.230,0,0,0,0,0,18,268,0,30,0
18-02 16:30:34,2.007,0.752,96.066,0,0,5112960,255576,181196,2450640,2227.327,1625.347,0,116.383,0,8.026,1103,1606,1.280,1.650,1.230,0,0,0,0,0,18,268,0,30,0
18-02 16:30:35,1.499,0.999,95.656,0.250,0,5112960,255576,181196,2450640,2217.809,1618.401,0,359.645,0,26.973,1205,1777,1.280,1.650,1.230,0,0,0,0,0,18,268,0,30,0
18-02 16:30:36,2.251,2.251,93.552,0.250,0,5113168,255352,181196,2450640,3782.095,1620.898,0,57944.092,0,360.199,1892,2443,1.280,1.650,1.230,1,0,0,0,0,18,268,0,30,0
18-02 16:30:37,2.001,1.000,95.778,0,0,5113164,255352,181196,2450644,2357.692,1620.476,0,4.001,0,2.001,1167,1663,1.280,1.650,1.230,0,0,1.000,0,0,18,268,0,30,0
18-02 16:30:38,2.249,0.500,95.710,0.250,0,5113164,255352,181196,2450644,2237.058,1457.386,0,3426.557,0,408.828,1220,1643,1.180,1.620,1.220,0,0,0,0,0,18,268,0,30,0
18-02 16:30:39,2.250,1.000,95.508,0,0,5113152,255352,181196,2450656,2280.202,1620.143,0,108.010,0,12.001,1367,2036,1.180,1.620,1.220,0,0,0,0,0,18,268,0,30,0
18-02 16:30:40,2.251,0.750,95.545,0.250,0,5113152,255352,181196,2450656,2401.141,1620.770,0,332.158,0,26.012,1256,1791,1.180,1.620,1.220,0,0,0,0,0,18,268,0,30,0
18-02 16:30:41,10.996,3.499,83.717,0,0,5118000,250504,181196,2450752,2219.128,1619.364,0,91.964,0,9.996,2809,7989,1.180,1.620,1.220,0,0,35.986,0,0,18,268,0,31,0
18-02 16:30:42,3.250,1.250,93.488,0.250,0,5117800,250572,181196,2450788,4036.482,1661.787,0,223.971,0,32.996,1687,2539,1.180,1.620,1.220,0,0,0,0,0,18,268,0,31,0
18-02 16:30:43,1.753,1.002,95.666,0,0,5117800,250572,181196,2450788,2344.063,1622.813,0,468.813,0,32.056,1227,1834,1.080,1.600,1.220,0,0,0,0,0,18,268,0,30,0
18-02 16:30:44,1.746,0.249,95.536,0,0,5117800,250572,181196,2450788,2215.048,1616.386,0,31.929,0,3.991,1153,1715,1.080,1.600,1.220,0,0,0,0,0,18,268,0,30,0
18-02 16:30:45,2.502,1.001,95.068,0.250,0.250,5117800,250572,181196,2450788,1999.430,1459.044,0,84.060,0,12.009,1459,2202,1.080,1.600,1.220,0,0,1.001,0,0,18,268,0,30,0
18-02 16:30:46,2.752,1.251,94.323,0.250,0,5117796,250572,181196,2450792,2221.708,1621.247,0,8658.658,0,232.179,1585,2260,1.080,1.600,1.220,1,0,1.001,0,0,18,268,0,30,0
18-02 16:30:47,7.248,15.996,74.233,1.000,0,5127964,240200,181196,2450996,2416.463,1619.640,179.960,0,8.998,0,5201,4682,1.080,1.600,1.220,1,0,386.914,0,0,18,268,0,30,0
18-02 16:30:48,8.504,20.259,69.780,0,0,5131488,236640,181196,2451032,2461.060,1620.698,0,0,0,0,6841,6408,1.080,1.590,1.220,1,0,577.249,0,0,18,268,0,30,0
18-02 16:30:49,8.752,20.754,68.513,0,0,5136464,231648,181196,2451132,2280.417,1620.296,32.006,316.058,1.000,24.004,7198,7006,1.080,1.590,1.220,2,0,619.113,0,0,18,268,0,30,0
18-02 16:30:50,9.010,19.771,68.574,1.752,0,5136028,232028,181200,2451184,2342.526,1621.749,28.030,376.406,3.003,25.027,6464,6010,1.080,1.590,1.220,1,0,534.576,0,0,18,268,0,30,0
18-02 16:30:51,20.741,4.748,70.970,2.249,0,5149508,218244,181340,2451344,3838.368,1661.294,291.876,307.869,29.987,11.995,3001,2517,1.080,1.590,1.220,1,0,86.963,0,0,18,268,0,30,0
18-02 16:30:52,9.737,3.995,82.637,1.248,0,5155120,211912,181344,2452060,608046.463,21574.531,155.787,331.547,4.993,36.950,3863,3817,1.080,1.590,1.220,0,0,27.962,0,0,18,269,0,30,0
18-02 16:30:53,3.496,1.748,92.387,0.250,0,5153860,211660,181344,2453572,1621937.804,43943.053,0,2456.984,0,29.963,3565,2941,0.990,1.560,1.210,0,0,0,0,0,18,269,0,30,0
18-02 16:30:54,3.494,1.997,91.853,0,0,5154596,209672,181344,2454824,1301064.550,31628.376,0,1297.923,0,4.992,3069,2528,0.990,1.560,1.210,0,0,0,0,0,18,269,0,30,0
18-02 16:30:55,2.506,1.002,94.974,0.251,0,5154432,209672,181344,2454988,172183.299,6055.289,0,272.643,0,11.026,1560,1824,0.990,1.560,1.210,0,0,0,0,0,18,269,0,30,0
18-02 16:30:56,3.001,1.501,94.038,0,0,5154184,209672,181344,2455236,255310.924,6576.651,0,416.168,0,11.004,1581,1853,0.990,1.560,1.210,1,0,0,0,0,18,269,0,30,0
18-02 16:30:57,2.251,1.000,95.273,0,0,5153784,209672,181344,2455636,421711.557,10730.584,0,428.103,0,4.001,1775,1929,0.990,1.560,1.210,0,0,1.000,0,0,18,269,0,30,0
18-02 16:30:58,10.513,2.753,83.352,2.002,0,5177544,185232,181628,2456032,238088.591,5953.266,460.562,228.279,20.024,4.005,2132,1994,0.990,1.550,1.210,1,0,15.018,0,0,18,268,0,31,0
18-02 16:30:59,10.446,10.944,69.641,7.462,0,5183688,158456,181960,2476284,2387.682,1611.685,795.894,25623.805,48.749,997.852,6558,8610,0.990,1.550,1.210,3,0,91.528,0,0,18,268,0,31,0
18-02 16:31:00,13.316,12.813,68.589,3.769,0,5181512,152180,182472,2483112,2472.232,1628.055,148.736,14170.107,4.020,1471.279,7948,10598,0.990,1.550,1.210,1,0,97.482,0,0,18,268,0,31,0
18-02 16:31:01,25.748,7.999,64.994,0.750,0,5205780,127020,182492,2483928,3984.635,1619.852,0,1247.886,0,83.992,3917,3582,0.990,1.550,1.210,2,0,28.997,0,0,18,268,0,31,0
18-02 16:31:02,25.666,8.223,64.041,0.997,0,5180464,151588,182524,2484556,2553.660,1614.726,0,4301.950,0,268.124,4258,4475,0.990,1.550,1.210,3,0,27.909,0,0,18,268,0,31,0
18-02 16:31:03,25.341,6.524,65.988,0.502,0,5175192,155932,182604,2485256,2348.471,1668.016,0,1071.866,0,60.217,3479,2960,1.070,1.560,1.210,3,0,26.094,0,0,18,268,0,31,0
18-02 16:31:04,24.732,6.245,68.201,0.500,0,5186856,141120,182840,2487768,2218.391,1618.826,0,1175.148,0,47.965,3344,3102,1.070,1.560,1.210,1,0,17.987,0,0,18,268,0,31,0
18-02 16:31:05,21.508,4.002,70.027,2.251,0,5186164,138684,182876,2490336,1998.760,1458.554,84.032,528.201,18.007,21.008,3641,4518,1.070,1.560,1.210,1,0,14.005,0,0,18,268,0,31,0
18-02 16:31:06,16.226,7.738,68.897,4.993,0,5213044,182592,182796,2423272,2400.415,1711.444,343.487,5727.447,31.952,114.829,3506,4022,1.070,1.560,1.210,2,0,19.970,0,0,18,268,0,31,0
18-02 16:31:07,16.760,9.506,71.543,1.501,0,5228892,164340,182816,2423384,2488.490,1620.971,128.077,0,11.007,0,2811,2387,1.070,1.560,1.210,1,0,31.019,0,0,18,268,0,31,0
18-02 16:31:08,19.928,5.231,71.244,1.744,0,5237968,151676,182820,2426036,2656.457,1614.201,171.384,2602.650,7.971,3.986,2596,2113,1.070,1.550,1.210,1,0,31.885,0,0,18,268,0,31,0
18-02 16:31:09,23.562,3.259,71.439,1.003,0,5198852,252428,182844,2365748,2286.033,1624.287,40.106,4.011,7.019,1.003,2592,2047,1.070,1.550,1.210,3,0,16.042,0,0,18,268,0,31,0
18-02 16:31:10,2.749,1.000,94.213,0.500,0,5192568,259008,182844,2365596,2459.022,1619.356,0,295.882,0,18.992,1444,2115,1.070,1.550,1.210,0,0,1.999,0,0,18,268,0,31,0
18-02 16:31:11,2.746,0.999,94.612,0.250,0,5185524,266052,182844,2365596,1995.095,1455.880,0,299.564,0,27.959,1384,1896,1.070,1.550,1.210,0,0,0,0,0,18,268,0,31,0
18-02 16:31:12,3.007,1.002,93.722,0.251,0,5179592,271976,182844,2365604,2422.732,1623.842,0,260.617,0,39.092,1688,2426,1.070,1.550,1.210,0,0,0,0,0,18,268,0,31,0
18-02 16:31:13,1.751,1.000,96.294,0,0,5174200,277368,182844,2365604,2341.073,1620.743,0,380.174,0,27.012,1065,1697,0.980,1.520,1.200,0,0,0,0,0,18,268,0,31,0
18-02 16:31:14,1.495,0.997,95.424,0,0,5167792,283776,182844,2365604,2332.026,1614.480,0,27.905,0,3.986,1067,1628,0.980,1.520,1.200,0,0,0,0,0,18,268,0,31,0
18-02 16:31:15,2.258,0.753,95.072,0.251,0,5163888,287680,182844,2365604,2227.550,1625.509,0,923.129,0,180.612,1480,2120,0.980,1.520,1.200,0,0,0,0,0,18,268,0,31,0
18-02 16:31:16,3.500,0.750,93.248,0,0,5157352,294212,182844,2365608,3779.919,1619.965,0,267.994,0,23.999,1731,2306,0.980,1.520,1.200,0,0,0,0,0,18,268,0,27,0
18-02 16:31:17,6.239,3.245,90.098,0.250,0,5154736,296740,182844,2365696,2484.802,1617.268,0,2455.851,0,210.644,3118,4694,0.980,1.520,1.200,0,0,1.997,0,0,18,268,0,27,0
18-02 16:31:18,4.004,0.751,93.099,0,0,5152284,299160,182844,2365728,2240.387,1459.555,0,0,0,0,1533,2011,0.900,1.500,1.200,1,0,0,0,0,18,268,0,27,0
18-02 16:31:19,3.251,1.250,94.518,0,0,5144260,307224,182844,2365736,3150.587,1620.302,0,124.023,0,13.002,1550,2080,0.900,1.500,1.200,0,0,0,0,0,18,268,0,27,0
18-02 16:31:20,2.497,0.499,94.874,0,0,5144260,307224,182844,2365736,2571.588,1617.854,0,83.889,0,11.984,1278,1765,0.900,1.500,1.200,0,0,0,0,0,18,268,0,23,0
18-02 16:31:21,2.002,1.001,95.609,0.250,0,5144256,307224,182844,2365740,2368.692,1621.843,0,400.455,0,20.023,1277,1844,0.900,1.500,1.200,0,0,0,0,0,18,268,0,23,0
18-02 16:31:22,3.246,0.499,93.388,0.250,0,5144472,307000,182844,2365748,2585.912,1618.068,0,275.671,0,38.953,1683,2591,0.900,1.500,1.200,0,0,0,0,0,18,268,0,23,0
18-02 16:31:23,1.751,1.001,96.070,0.500,0,5144244,307228,182844,2365748,4719.441,1459.064,0,444.324,0,29.021,1214,1801,0.830,1.470,1.190,0,0,0,0,0,18,268,0,23,0
18-02 16:31:24,2.001,1.001,95.820,0,0,5143380,308092,182844,2365748,2393.749,1621.185,0,32.023,0,4.003,1126,1662,0.830,1.470,1.190,0,0,0,0,0,18,268,0,17,0
18-02 16:31:25,1.998,0.499,95.642,0,0,5143380,308092,182844,2365748,2569.091,1618.168,0,71.919,0,6.992,1173,1708,0.830,1.470,1.190,0,0,0,0,0,18,268,0,17,0
18-02 16:31:26,2.746,0.998,94.852,0,0,5143376,308092,182844,2365752,2388.274,1617.476,0,59.907,0,5.991,1348,1872,0.830,1.470,1.190,0,0,0,0,0,18,268,0,17,0
18-02 16:31:27,2.006,1.003,96.289,0,0,5143628,307840,182844,2365752,2656.983,1667.008,0,0,0,0,1206,1714,0.830,1.470,1.190,0,0,1.003,0,0,18,268,0,17,0
18-02 16:31:28,2.246,0.749,94.340,0.250,0,5143628,307840,182844,2365752,2687.445,1659.188,0,83.858,0,9.983,1330,1946,0.760,1.450,1.180,0,0,0,0,0,18,268,0,17,0
18-02 16:31:29,1.502,1.001,96.354,0,0,5143620,307840,182844,2365760,2454.657,1621.756,0,68.074,0,6.007,1173,1677,0.760,1.450,1.180,0,0,0,0,0,18,268,0,9,0
18-02 16:31:30,2.751,0.500,95.017,0,0,5143620,307840,182844,2365760,3850.703,1458.266,0,112.020,0,16.003,1328,2034,0.760,1.450,1.180,0,0,0,0,0,18,268,0,9,0
18-02 16:31:31,2.494,0.997,94.504,0.249,0,5143620,307840,182844,2365760,2300.019,1615.798,0,255.336,0,22.940,1519,2211,0.760,1.450,1.180,0,0,0,0,0,18,268,0,9,0
18-02 16:31:32,3.259,1.253,93.253,0.501,0,5136072,315388,182848,2365756,2509.811,1624.408,4.011,1764.789,1.003,49.133,1764,2616,0.760,1.450,1.180,0,0,0,0,0,18,268,0,9,0
18-02 16:31:33,2.000,1.000,96.238,0,0,5136020,315432,182848,2365764,2365.710,1619.802,0,103.987,0,7.999,1153,1712,0.700,1.420,1.180,0,0,0,0,0,18,268,0,2,0
18-02 16:31:34,1.748,0.749,95.864,0,0.250,5136020,315432,182848,2365764,2216.860,1617.709,0,127.819,0,9.986,1161,1669,0.700,1.420,1.180,2,0,0,0,0,18,268,0,2,0
18-02 16:31:35,1.752,0.501,95.853,0.501,0,5136016,315432,182848,2365768,2222.394,1621.747,0,360.388,0,19.020,1133,1698,0.700,1.420,1.180,0,0,0,0,0,18,268,0,2,0
18-02 16:31:36,3.252,0.750,94.056,0.250,0,5135340,316108,182848,2365768,1999.191,1458.869,0,772.460,0,145.086,1513,2103,0.700,1.420,1.180,0,0,0,0,0,18,268,0,2,0
18-02 16:31:37,1.997,1.997,94.624,0,0,5135192,316240,182864,2365768,2353.859,1617.841,0,60311.512,0,120.839,1418,1947,0.700,1.420,1.180,0,0,0.999,0,0,18,268,0,2,0
18-02 16:31:38,1.751,0.750,96.297,0,0,5135192,316240,182864,2365768,4009.973,1620.797,0,184.091,0,4.002,1112,1635,0.640,1.400,1.170,0,0,0,0,0,18,268,0,2,0
18-02 16:31:39,2.001,0.500,96.063,0,0,5135192,316240,182864,2365768,2281.508,1621.071,0,0,0,0,1087,1627,0.640,1.400,1.170,0,0,0,0,0,18,268,0,2,0
18-02 16:31:40,14.234,4.495,72.168,7.991,0,5165776,283284,183252,2367748,4303.123,2224.479,2349.337,207.765,510.421,6.992,2457,2855,0.640,1.400,1.170,0,0,4.994,0,0,18,269,0,2,0
18-02 16:31:41,25.034,5.507,66.840,0.250,0,5176992,271884,183252,2367868,10445.128,9172.406,32.043,853.154,2.003,23.031,4812,14047,0.640,1.400,1.170,1,0,36.049,0,0,18,273,0,3,0
18-02 16:31:42,19.241,4.248,73.964,0.750,0,5183432,264936,183252,2368448,11428.451,10440.930,147.928,699.660,7.996,70.966,3184,3536,0.640,1.400,1.170,1,0,4.998,0,0,18,276,0,4,0
18-02 16:31:43,21.464,2.496,74.124,0.499,0,5181356,266912,183252,2368548,4595.207,3870.436,79.865,219.628,4.992,22.961,2602,2711,0.670,1.390,1.170,1,0,4.992,0,0,18,278,0,5,0
18-02 16:31:44,15.787,3.508,79.685,0,0,5184560,263564,183252,2368692,13049.263,12088.034,0,208.483,0,20.046,2953,3081,0.670,1.390,1.170,1,0,5.012,0,0,18,278,0,7,0
18-02 16:31:45,15.754,4.251,78.271,0,0,5190852,257136,183252,2368828,11555.050,10637.808,16.004,312.082,1.000,37.010,2878,3223,0.670,1.390,1.170,1,0,5.001,0,0,18,278,0,7,0
18-02 16:31:46,17.742,3.498,76.467,1.000,0,5211876,236056,183256,2368880,12818.493,12189.763,0,2267.026,0,301.870,3278,3618,0.670,1.390,1.170,1,0,0,0,0,18,278,0,8,0
18-02 16:31:47,15.507,3.752,79.036,0.250,0,5209236,238684,183256,2368892,11305.177,11041.056,0,108.049,0,8.004,2583,2618,0.670,1.390,1.170,1,0,6.003,0,0,18,279,0,8,0
18-02 16:31:48,48.721,9.494,40.226,0.250,0,4976708,471208,183256,2368896,4241.492,2684.413,0,2690.409,0,163.903,4141,3127,0.860,1.420,1.180,1,0,24.985,0,0,18,270,0,11,0
18-02 16:31:49,62.491,10.498,24.746,1.750,0,5014556,433288,183256,2369108,22019.787,10664.444,191.972,59.991,7.999,5.999,4115,2390,0.860,1.420,1.180,4,0,7.999,0,0,18,268,0,11,0
18-02 16:31:50,86.934,11.741,0,0.999,0,4988520,459240,183256,2369204,3851.061,1456.888,103.921,219.832,3.997,14.989,4892,2214,0.860,1.420,1.180,5,0,2.998,0,0,18,266,0,11,0
18-02 16:31:51,82.972,12.784,0.501,3.509,0,4967096,479860,183256,2370008,2536.800,1666.467,429.150,513.376,32.086,35.094,5287,3428,0.860,1.420,1.180,4,2,6.016,0,0,18,254,0,11,0
18-02 16:31:52,87.174,10.491,0.250,1.998,0,4953896,486128,183256,2377036,2414.884,1618.582,6933.925,183.839,478.581,19.982,6056,5016,0.860,1.420,1.180,6,0,7.993,0,0,18,256,0,11,0
18-02 16:31:53,68.772,8.753,21.257,0,0,5020040,418724,183256,2378296,2220.710,1620.518,92.029,1308.418,10.003,111.035,6504,8898,0.950,1.430,1.180,3,0,1.000,0,0,18,256,0,18,0
18-02 16:31:54,57.642,8.235,32.939,0.499,0,5108528,328564,183256,2379968,49597.400,26101.268,203.620,323.396,9.981,38.927,6829,11372,0.950,1.430,1.180,2,0,2.994,0,0,18,260,0,26,0
18-02 16:31:55,41.042,2.252,54.306,1.001,0,5107852,328708,183256,2380500,127236.480,62008.589,348.357,220.226,22.023,18.018,4233,3401,0.950,1.430,1.180,0,0,0,0,0,18,262,0,26,0
18-02 16:31:56,25.013,2.751,70.787,0.250,0,5122020,314360,183256,2380680,59747.902,27019.975,0,156.081,0,19.010,3464,3415,0.950,1.430,1.180,1,0,0,0,0,18,268,0,26,0
18-02 16:31:57,14.974,1.747,81.610,0.250,0,5124020,312344,183256,2380696,35780.523,17293.287,0,403.307,0,20.964,2647,2950,0.950,1.430,1.180,0,0,0.998,0,0,18,270,0,26,0
18-02 16:31:58,2.255,0.752,96.203,0,0,5124020,312344,183256,2380696,2525.327,1623.425,0,112.237,0,9.019,1209,1769,0.870,1.410,1.180,1,0,0,0,0,18,270,0,26,0
18-02 16:31:59,1.748,0.749,95.892,0,0,5124020,312344,183256,2380696,2277.440,1618.181,0,151.829,0,7.991,1189,1746,0.870,1.410,1.180,0,0,0,0,0,18,270,0,26,0
18-02 16:32:00,2.752,0.751,95.329,0.250,0,5124020,312344,183256,2380696,2341.941,1621.343,0,424.352,0,35.029,1418,2147,0.870,1.410,1.180,0,0,0,0,0,18,270,0,26,0
18-02 16:32:01,2.750,1.250,93.754,0.250,0.250,5124484,311880,183256,2380696,3780.144,1620.062,0,9772.373,0,1138.043,2085,2260,0.870,1.410,1.180,0,0,0,0,0,18,270,0,25,0
18-02 16:32:02,2.248,0.999,94.933,0.250,0,5124592,311640,183256,2380828,2415.287,1618.852,0,171.878,0,22.984,1428,2071,0.870,1.410,1.180,0,0,0,0,0,18,270,0,25,0
18-02 16:32:03,1.997,0.749,95.627,0.250,0,5124592,311640,183256,2380828,2125.276,1456.134,0,107.862,0,7.990,1132,1712,0.800,1.380,1.170,0,0,0,0,0,18,270,0,25,0
18-02 16:32:04,1.752,0.501,96.134,0,0,5124588,311640,183256,2380832,2223.105,1622.266,0,4.006,0,1.001,1106,1675,0.800,1.380,1.170,0,0,0,0,0,18,270,0,25,0
18-02 16:32:05,1.500,1.000,95.726,0,0,5124588,311640,183256,2380832,2279.420,1619.588,0,283.928,0,16.996,1240,1770,0.800,1.380,1.170,0,0,0,0,0,18,270,0,25,0
18-02 16:32:06,2.250,1.000,96.002,0,0,5124588,311640,183256,2380832,2404.043,1714.031,0,32.001,0,4.000,1116,1666,0.800,1.380,1.170,0,0,0,0,0,18,270,0,25,0
18-02 16:32:07,3.754,1.501,92.588,0.500,0,5125596,310632,183256,2380832,3920.733,1621.544,0,236.225,0,36.034,1934,2895,0.800,1.380,1.170,0,0,1.001,0,0,18,272,0,25,0
18-02 16:32:08,1.999,0.500,95.962,0,0,5125596,310632,183256,2380832,2519.000,1619.357,0,315.875,0,18.992,1126,1713,0.740,1.360,1.160,0,0,0,0,0,18,272,0,25,0
18-02 16:32:09,2.000,1.250,95.996,0,0,5125596,310632,183256,2380832,2177.906,1457.937,0,31.999,0,4.000,1127,1651,0.740,1.360,1.160,0,0,0,0,0,18,272,0,25,0
18-02 16:32:10,1.993,0,95.404,0,0,5125596,310632,183256,2380832,2451.102,1614.140,0,51.812,0,6.975,1193,1684,0.740,1.360,1.160,0,0,0,0,0,18,272,0,25,0
18-02 16:32:11,2.257,1.254,95.555,0.251,0,5125592,310632,183256,2380836,2313.388,1625.190,0,64.205,0,6.019,1219,1743,0.740,1.360,1.160,0,0,0,0,0,18,272,0,25,0
18-02 16:32:12,8.257,6.506,81.323,2.252,0,5132244,303944,183268,2380848,2931.615,1859.659,260.232,136.121,23.021,14.012,2933,3241,0.740,1.360,1.160,1,0,71.063,0,0,18,272,0,25,0
18-02 16:32:13,45.240,4.499,48.239,0.750,0.250,4763428,672372,183268,2381232,2365.466,1971.555,115.974,327.926,5.999,16.996,3583,2437,0.760,1.350,1.160,3,0,7.998,0,0,18,268,0,27,0
18-02 16:32:14,23.501,4.250,70.503,0.250,0,4808100,627740,183268,2381284,2452.112,1940.088,72.003,0,5.000,0,2455,2177,0.760,1.350,1.160,1,0,0,0,0,18,268,0,27,0
18-02 16:32:15,24.455,3.993,68.875,0.998,0,4867268,568072,183268,2381784,2387.650,1796.727,155.716,111.796,18.965,11.978,3591,4945,0.760,1.350,1.160,0,0,2.995,0,0,18,268,0,27,0
18-02 16:32:16,24.051,4.760,69.398,0,0,4941132,493504,183268,2382508,2174.627,1461.109,212.452,328.699,16.034,24.051,3609,4093,0.760,1.350,1.160,1,0,15.032,0,0,18,272,0,29,0
18-02 16:32:17,27.759,7.502,64.020,0.250,0,4997756,436816,183268,2382572,2529.787,1760.548,0,1820.566,0,39.012,4810,6633,0.760,1.350,1.160,2,0,7.002,0,0,18,272,0,29,0
18-02 16:32:18,24.006,2.501,71.519,0.250,0,5019288,415032,183268,2382824,2752.715,1620.421,0,240.062,0,12.003,2573,2221,0.780,1.350,1.160,2,0,1.000,0,0,18,272,0,31,0
18-02 16:32:19,4.243,0.998,93.100,0,0,5015432,418872,183268,2382840,2448.064,1617.399,0,239.615,0,19.968,1767,2273,0.780,1.350,1.160,1,0,0,0,0,18,272,0,31,0
18-02 16:32:20,2.500,1.000,95.001,0.250,0,5011792,422512,183268,2382840,2642.027,1620.017,0,108.001,0,8.000,1233,1744,0.780,1.350,1.160,0,0,0,0,0,18,272,0,31,0
18-02 16:32:21,1.999,0.500,95.701,0,0,5008320,425984,183268,2382840,2390.786,1619.178,0,287.854,0,8.995,1262,1774,0.780,1.350,1.160,0,0,0,0,0,18,272,0,31,0
18-02 16:32:22,2.503,0.751,94.883,0.501,0,5003972,430320,183268,2382852,7393.331,1712.393,0,5043.047,0,623.872,1686,2248,0.780,1.350,1.160,0,0,0,0,0,18,272,0,31,0
18-02 16:32:23,1.749,0.999,95.435,0.500,0,5000888,433404,183268,2382852,2442.326,1457.001,0,439.699,0,63.956,1224,1759,0.720,1.320,1.160,0,0,0,0,0,18,272,0,31,0
18-02 16:32:24,1.749,0.250,96.198,0,0,4997416,436876,183268,2382852,2304.758,1619.127,0,43.976,0,4.997,1082,1648,0.720,1.320,1.160,0,0,0,0,0,18,272,0,31,0
18-02 16:32:25,2.252,1.001,95.071,0,0,4994624,439668,183268,2382852,4049.006,1761.308,0,60.045,0,6.004,1241,1732,0.720,1.320,1.160,0,0,0,0,0,18,272,0,31,0
18-02 16:32:26,1.748,0.999,95.411,0,0,4992188,442104,183268,2382852,2277.872,1618.488,0,47.955,0,5.994,1260,1732,0.720,1.320,1.160,0,0,0,0,0,18,272,0,31,0
18-02 16:32:27,3.504,1.001,93.344,0.501,0,4990240,444052,183268,2382852,2719.743,1705.720,0,248.250,0,39.039,1941,2852,0.720,1.320,1.160,1,0,1.001,0,0,18,272,0,31,0
18-02 16:32:28,2.250,0.750,95.499,0.250,0,4987960,446328,183268,2382856,2519.967,1661.978,0,367.995,0,25.000,1175,1734,0.660,1.300,1.150,0,0,0,0,0,18,272,0,31,0
18-02 16:32:29,1.749,0.999,95.695,0,0,4986976,447312,183268,2382856,2278.686,1619.066,0,23.986,0,3.998,1130,1645,0.660,1.300,1.150,0,0,0,0,0,18,272,0,31,0
18-02 16:32:30,2.501,1.000,95.027,0,0,4986976,447312,183268,2382856,2178.613,1458.410,0,84.024,0,12.003,1376,2022,0.660,1.300,1.150,0,0,0,0,0,18,272,0,31,0
18-02 16:32:31,2.998,0.750,94.946,0.250,0,4986972,447312,183268,2382860,2218.737,1619.078,0,255.854,0,22.987,1452,2080,0.660,1.300,1.150,0,0,0,0,0,18,272,0,31,0
18-02 16:32:32,2.500,1.000,94.506,0.250,0,4986972,447312,183268,2382860,2417.147,1620.098,0,140.008,0,18.001,1417,2020,0.660,1.300,1.150,0,0,0,0,0,18,272,0,31,0
18-02 16:32:33,2.752,0.500,95.833,0,0,4986968,447312,183268,2382864,2221.925,1711.482,0,112.097,0,8.007,1189,1689,0.610,1.280,1.140,0,0,0,0,0,18,272,0,31,0
18-02 16:32:34,1.749,0.750,95.708,0,0,4986820,447460,183268,2382864,2338.983,1619.296,0,3.998,0,1.000,1090,1606,0.610,1.280,1.140,0,0,0,0,0,18,272,0,31,0
18-02 16:32:35,2.000,0.750,94.983,0.250,0,4986968,447312,183268,2382864,2339.577,1619.707,0,2163.609,0,102.981,1427,2223,0.610,1.280,1.140,2,0,0,0,0,18,272,0,31,0
18-02 16:32:36,2.251,1.250,95.021,0,0,4986976,447312,183268,2382856,2290.510,1620.361,0,212.047,0,13.003,1316,2069,0.610,1.280,1.140,0,0,0,0,0,18,272,0,31,0
18-02 16:32:37,3.251,1.501,93.285,0.500,0.250,4986920,447368,183268,2382856,2255.852,1458.551,0,312.118,0,38.014,1875,2823,0.610,1.280,1.140,0,0,1.000,0,0,18,272,0,31,0
18-02 16:32:38,1.749,0.500,95.719,0.500,0,4986940,447344,183268,2382860,2459.213,1619.482,0,315.899,0,17.994,1117,1714,0.560,1.260,1.140,0,0,0,0,0,18,272,0,31,0
18-02 16:32:39,2.250,0.500,96.008,0,0,4986940,447344,183268,2382860,2340.185,1620.128,0,32.003,0,4.000,1089,1642,0.560,1.260,1.140,0,0,0,0,0,18,272,0,31,0
18-02 16:32:40,2.001,0.751,95.821,0.250,0,4986688,447596,183268,2382860,2401.782,1621.203,0,52.039,0,7.005,1139,1701,0.560,1.260,1.140,0,0,0,0,0,18,272,0,31,0
18-02 16:32:41,6.754,3.002,88.804,0,0,5013464,420820,183268,2385380,2221.341,1761.063,0,64.039,0,8.005,1837,4807,0.560,1.260,1.140,2,0,34.021,0,0,18,272,0,31,0
18-02 16:32:42,4.245,2.247,91.888,0.250,0,4997332,436948,183268,2382864,2543.906,1618.032,0,151.815,0,19.976,1980,7183,0.560,1.260,1.140,0,0,1.998,0,0,18,272,0,30,0
18-02 16:32:43,4.754,7.256,85.571,0,0,5002580,431696,183268,2382868,2462.035,1711.415,0,784.649,0,139.115,3280,3157,0.510,1.240,1.130,1,0,163.135,0,0,18,272,0,30,0
18-02 16:32:44,17.982,10.240,70.929,0,0,5034748,399508,183268,2382888,1996.015,1456.552,0,63.936,0,4.995,3695,3240,0.510,1.240,1.130,1,0,147.853,0,0,18,272,0,30,0
18-02 16:32:45,20.984,2.748,74.942,0,0,5066996,367252,183268,2382896,7992.797,7340.303,0,107.916,0,11.991,2382,2282,0.510,1.240,1.130,3,0,0,0,0,18,273,0,30,0
18-02 16:32:46,21.515,3.502,72.049,0.751,0,5066728,367220,183268,2383196,6493.412,5610.812,304.207,804.547,18.012,87.059,4334,5602,0.510,1.240,1.130,3,0,1.001,0,0,18,273,0,28,0
18-02 16:32:47,35.482,7.996,54.223,0.750,0,5038732,395112,183268,2383300,3583.206,2822.587,19.990,763.618,1.999,99.950,5267,6026,0.510,1.240,1.130,2,0,25.987,0,0,18,272,0,29,0
18-02 16:32:48,39.801,7.259,50.815,1.001,0,5137588,296104,183276,2383444,10866.994,10341.317,140.181,172.222,6.008,10.013,3386,2481,0.550,1.230,1.130,1,0,11.014,0,0,18,273,0,30,0
18-02 16:32:49,30.408,7.976,60.317,0,0,5135132,298380,183280,2383636,32696.927,30596.292,0,195.408,0,7.976,4359,4029,0.550,1.230,1.130,1,0,82.749,0,0,18,272,0,40,0
18-02 16:32:50,8.520,18.042,71.668,0,0,5115584,317896,183280,2383668,7603.781,2519.893,0,16.038,0,2.005,5803,4901,0.550,1.230,1.130,2,0,368.863,0,0,18,272,0,37,0
18-02 16:32:51,21.175,5.730,71.747,0,0,5142176,291288,183280,2383684,9750.623,2501.182,55.803,27.902,1.993,4.982,2671,2302,0.550,1.230,1.130,1,0,20.926,0,0,18,272,0,38,0
18-02 16:32:52,22.994,4.249,70.483,0.250,0,5184668,248700,183284,2383764,2254.446,1499.632,15.996,3179.219,1.000,166.959,2753,2999,0.550,1.230,1.130,1,0,2.000,0,0,18,272,0,38,0
18-02 16:32:53,24.830,2.257,70.980,1.254,0,5206316,224816,183412,2385664,3792.277,1625.262,20.065,2026.561,3.010,341.104,2551,2044,0.590,1.230,1.130,1,0,0,0,0,18,272,0,38,0
18-02 16:32:54,24.042,3.506,70.874,0.501,0,5207756,220880,183500,2387700,2284.009,1622.849,16.028,1438.525,3.005,113.199,2783,2828,0.590,1.230,1.130,1,0,3.005,0,0,18,272,0,38,0
18-02 16:32:55,23.358,3.479,71.566,0,0,5247364,181284,183500,2387700,2335.837,1610.237,0,306.144,0,5.964,2103,1830,0.590,1.230,1.130,1,0,0,0,0,18,272,0,23,0
18-02 16:32:56,27.137,4.272,66.085,0.754,0,5243892,184528,183500,2387928,2291.602,1628.244,32.163,1077.455,2.010,111.565,6636,9334,0.590,1.230,1.130,4,1,0,0,0,18,273,0,24,0
18-02 16:32:57,24.762,3.502,67.782,2.501,0,5235452,192312,183500,2388588,2538.200,1620.766,416.197,480.227,29.014,63.030,4878,6358,0.590,1.230,1.130,1,0,2.001,0,0,18,278,0,25,0
18-02 16:32:58,33.264,4.252,59.274,1.751,0,5248936,177948,183500,2389472,6781.772,4352.779,560.229,1576.644,34.014,191.078,5002,6587,0.620,1.220,1.130,1,0,1.000,0,0,18,282,0,29,0
18-02 16:32:59,21.719,3.495,71.149,1.748,0,5249764,176688,183500,2389904,10746.764,6326.032,191.728,6726.464,9.986,535.241,5547,8155,0.620,1.220,1.130,0,0,0.999,0,0,18,280,0,32,0
18-02 16:33:00,11.517,1.001,84.123,0.751,0,5249908,176436,183500,2390012,12224.911,6207.094,64.094,1181.731,4.006,120.176,3075,4323,0.620,1.220,1.130,1,0,0,0,0,18,281,0,32,0
18-02 16:33:01,14.237,2.997,81.175,0.500,0,5250076,176184,183500,2390096,16370.799,8291.301,15.985,719.332,0.999,86.919,3609,4822,0.620,1.220,1.130,1,0,0,0,0,18,283,0,32,0
18-02 16:33:02,26.483,4.747,65.208,1.749,0,5250080,175932,183500,2390344,2415.432,1618.949,0,2854.147,0,319.792,7490,11050,0.620,1.220,1.130,2,0,0,0,0,18,283,0,32,0
18-02 16:33:03,24.749,4.000,68.248,1.000,0,5251304,174436,183500,2390616,2279.934,1619.953,0,3023.912,0,225.993,6952,10035,0.810,1.250,1.140,1,0,0,0,0,18,284,0,33,0
18-02 16:33:04,13.998,2.750,80.238,1.000,0,5243272,182368,183500,2390716,6537.991,4344.329,15.998,1931.702,1.000,202.969,3867,5603,0.810,1.250,1.140,0,0,0,0,0,18,282,0,34,0
18-02 16:33:05,15.954,1.246,79.520,0.748,0,5241684,183904,183500,2390768,24365.533,12600.558,0,1304.228,0,118.657,3372,4209,0.810,1.250,1.140,0,0,0,0,0,18,283,0,34,0
18-02 16:33:06,14.311,3.264,80.093,2.009,0,5240368,185020,183500,2390964,3883.610,1799.697,0,5226.353,0,352.508,4848,7254,0.810,1.250,1.140,1,0,0,0,0,18,283,0,34,0
18-02 16:33:07,26.256,5.501,63.765,2.000,0,5239488,185740,183504,2391120,2777.666,1620.389,0,4012.962,0,425.102,8184,12097,0.810,1.250,1.140,1,0,1.000,0,0,18,283,0,34,0
18-02 16:33:08,24.512,5.002,68.033,1.501,0,5238748,186212,183504,2391388,5597.745,4167.044,0,7547.702,0,902.443,6954,9184,0.990,1.280,1.150,1,0,0,0,0,18,283,0,36,0
18-02 16:33:09,6.500,1.500,88.750,0.750,0,5238984,185960,183504,2391400,3584.005,1794.002,0,1924.003,0,136.000,2499,3514,0.990,1.280,1.150,2,0,0,0,0,18,283,0,37,0
18-02 16:33:10,11.439,2.735,83.059,1.492,0,5239092,185708,183504,2391544,6743.173,4317.063,0,1639.290,0,184.022,3577,5183,0.990,1.280,1.150,0,0,0,0,0,18,282,0,39,0
18-02 16:33:11,21.332,3.012,73.784,0.753,0,5240660,183944,183504,2391740,26287.300,13439.791,0,1501.787,0,169.654,4304,5472,0.990,1.280,1.150,2,0,0,0,0,18,282,0,40,0
18-02 16:33:12,13.015,1.752,81.094,1.752,0,5240304,183944,183504,2392096,2197.561,1599.864,148.173,648.756,8.009,46.054,2979,3484,0.990,1.280,1.150,3,0,0,0,0,18,284,0,40,0
18-02 16:33:13,17.732,2.497,77.421,1.249,0,5240252,183944,183504,2392148,27592.781,12863.844,0,4986.900,0,357.634,4282,5685,0.910,1.260,1.140,0,0,0,0,0,18,282,0,40,0
18-02 16:33:14,15.002,1.500,80.260,0.750,0,5240216,183944,183504,2392184,26070.241,12878.601,0,1128.140,0,117.015,3210,4042,0.910,1.260,1.140,0,0,0,0,0,18,282,0,42,0
18-02 16:33:15,13.995,2.249,81.471,0.750,0.250,5240040,183944,183504,2392360,24489.150,12632.435,0,1091.606,0,123.955,3265,4378,0.910,1.260,1.140,0,0,0,0,0,18,283,0,41,0
18-02 16:33:16,14.967,3.243,79.074,1.247,0,5240220,183704,183504,2392420,3836.466,1855.872,0,1233.257,0,128.714,4614,6454,0.910,1.260,1.140,1,2,1.996,0,0,18,283,0,41,0
18-02 16:33:17,28.604,7.025,60.218,2.007,0,5242328,181188,183504,2392828,2425.794,1625.894,0,3946.306,0,407.477,9566,15103,0.910,1.260,1.140,1,0,2.007,0,0,18,283,0,41,0
18-02 16:33:18,30.959,5.243,61.419,0.999,0,5243000,180432,183504,2392912,2516.697,1617.876,159.790,2181.137,9.987,203.733,7910,11171,1.080,1.290,1.150,1,0,0,0,0,18,283,0,42,0
18-02 16:33:19,27.238,4.748,64.972,1.499,0,5242492,180432,183504,2393420,2057.127,1457.381,0,3714.423,0,341.855,7627,11051,1.080,1.290,1.150,2,0,0,0,0,18,283,0,40,0
18-02 16:33:20,21.521,4.755,70.819,1.001,0,5242424,180432,183504,2393488,2344.280,1621.577,0,2186.126,0,173.168,6472,9157,1.080,1.290,1.150,2,0,2.002,0,0,18,284,0,40,0
18-02 16:33:21,5.240,0.998,91.318,0.499,0,5242244,180432,183504,2393668,3892.264,1616.787,0,798.413,0,50.899,1960,2519,1.080,1.290,1.150,0,0,0.998,0,0,18,285,0,40,0
18-02 16:33:22,5.254,1.501,91.823,0.250,0,5242224,180432,183504,2393688,2539.005,1621.281,0,816.645,0,53.042,1915,2516,1.080,1.290,1.150,1,0,0,0,0,18,285,0,41,0
18-02 16:33:23,14.016,3.504,78.590,1.752,0,5242616,179956,183504,2393772,2342.691,1621.863,0,5526.347,0,385.443,4912,7504,1.070,1.290,1.150,2,1,0,0,0,18,285,0,42,0
18-02 16:33:24,26.002,4.500,64.755,2.500,0,5236644,185684,183504,2394016,4008.335,1620.135,0,8896.743,0,1102.092,8537,12308,1.070,1.290,1.150,1,0,0,0,0,18,285,0,42,0
18-02 16:33:25,24.742,4.749,67.230,1.000,0,5236876,185324,183504,2394144,2297.302,1457.557,0,6893.907,0,257.922,7121,10025,1.070,1.290,1.150,1,0,0,0,0,18,285,0,42,0
18-02 16:33:26,13.989,3.497,79.937,0.999,0,5236736,185072,183504,2394536,2218.243,1618.718,271.785,1282.984,15.987,128.898,4126,5841,1.070,1.290,1.150,0,0,0,0,0,18,284,0,43,0
18-02 16:33:27,15.691,2.740,77.460,1.494,0,5238816,182808,183504,2394720,6710.891,4392.565,0,2139.993,0,226.154,4327,6198,1.070,1.290,1.150,3,0,0.996,0,0,18,284,0,47,0
18-02 16:33:28,7.038,2.011,88.476,1.005,0,5237800,183708,183504,2394836,2593.964,1670.995,64.346,1765.504,4.022,167.904,2671,4022,0.980,1.270,1.140,1,0,0,0,0,18,285,0,48,0
18-02 16:33:29,6.741,1.498,89.880,0.749,0.250,5237776,183708,183504,2394860,6780.949,4262.311,0,1014.646,0,95.872,2428,3401,0.980,1.270,1.140,0,0,0,0,0,18,284,0,48,0
18-02 16:33:30,13.753,2.251,81.771,0.500,0,5238588,182700,183504,2395056,2400.606,1620.409,0,1140.288,0,93.023,3126,3981,0.980,1.270,1.140,1,0,0,0,0,18,285,0,48,0
18-02 16:33:31,11.005,2.001,83.538,1.000,0,5244092,177156,183508,2395092,6733.052,4184.897,0,5258.384,0,374.170,3729,5815,0.980,1.270,1.140,0,0,0,0,0,18,284,0,51,0
18-02 16:33:32,19.491,2.499,74.716,1.749,0,5244032,177156,183508,2395152,24124.917,11827.566,0,1403.355,0,170.921,4231,5513,0.980,1.270,1.140,1,0,0,0,0,18,285,0,56,0
18-02 16:33:33,18.019,2.252,76.830,1.001,0,5247696,173376,183508,2395268,8457.770,4858.037,0,1869.939,0,171.177,4030,5600,1.070,1.280,1.150,2,0,0,0,0,18,286,0,61,0
18-02 16:33:34,5.989,0.998,90.583,0.499,0,5247668,173376,183508,2395296,6454.109,3684.212,0,1141.896,0,128.763,2248,3329,1.070,1.280,1.150,3,0,0,0,0,18,284,0,61,0
18-02 16:33:35,16.762,2.502,78.808,1.001,0,5247616,173376,183508,2395348,21823.949,10673.801,16.012,1340.980,1.001,152.111,3995,5304,1.070,1.280,1.150,0,0,0,0,0,18,284,0,63,0
18-02 16:33:36,15.503,3.001,78.267,1.000,0,5247512,173152,183508,2395676,6600.471,4365.973,0,1796.400,0,214.048,4032,5674,1.070,1.280,1.150,0,0,0,0,0,18,284,0,67,0
18-02 16:33:37,12.753,2.751,81.270,1.250,0,5247800,172652,183508,2395888,3911.977,1620.405,0,1496.374,0,164.041,3848,5576,1.070,1.280,1.150,1,0,1.000,0,0,18,284,0,72,0
18-02 16:33:38,5.247,1.499,91.706,0.750,0,5247748,172652,183508,2395940,8113.101,4201.981,0,923.556,0,79.962,1911,2798,0.980,1.260,1.140,2,0,0,0,0,18,285,0,72,0
18-02 16:33:39,7.002,1.000,87.775,1.250,0,5247716,172652,183508,2395972,2280.643,1620.457,0,6545.845,0,420.118,2953,4582,0.980,1.260,1.140,1,0,0,0,0,18,284,0,73,0
18-02 16:33:40,6.248,1.250,90.719,0.500,0,5247708,172652,183508,2395980,2459.166,1619.451,0,463.843,0,49.983,2138,2966,0.980,1.260,1.140,0,0,0,0,0,18,284,0,73,0
18-02 16:33:41,7.002,1.750,90.272,0.250,0,5247668,172652,183508,2396020,2280.552,1620.392,0,500.121,0,57.014,2209,3037,0.980,1.260,1.140,0,0,0,0,0,18,284,0,73,0
18-02 16:33:42,19.013,4.503,73.799,0.500,0,5263456,156788,183508,2396064,22084.548,10805.118,0,540.356,0,55.036,4011,8782,0.980,1.260,1.140,0,0,36.024,0,0,18,284,0,75,0
18-02 16:33:43,12.490,1.998,82.432,0.749,0,5263284,156788,183508,2396236,11170.801,6950.276,0,1071.118,0,151.875,3452,4804,1.140,1.290,1.150,0,0,0,0,0,18,284,0,78,0
18-02 16:33:44,9.239,1.998,86.901,0.749,0,5263456,156564,183508,2396288,2588.053,3060.515,0,5246.026,0,647.263,2620,3242,1.140,1.290,1.150,1,0,0,0,0,18,286,0,79,0
18-02 16:33:45,8.255,1.751,88.055,1.251,0,5261740,158120,183508,2396448,10021.275,4438.780,0,1292.810,0,171.107,2861,4344,1.140,1.290,1.150,0,0,0,0,0,18,284,0,79,0
18-02 16:33:46,20.992,2.499,73.221,1.000,0,5259656,160084,183512,2396564,25702.935,13290.795,15.994,1623.364,1.000,222.913,4542,6127,1.140,1.290,1.150,2,0,0,0,0,18,285,0,82,0
18-02 16:33:47,14.515,3.003,79.331,1.502,0,5258888,160816,183512,2396600,6990.110,3875.942,0,1333.356,0,155.158,4145,5553,1.140,1.290,1.150,0,0,1.001,0,0,18,284,0,82,0
18-02 16:33:48,12.261,3.503,82.074,1.251,0,5258344,161004,183512,2396956,2522.279,1663.503,16.014,1453.313,1.001,156.141,3324,4559,1.130,1.280,1.150,0,1,6.005,0,0,18,284,0,82,0
18-02 16:33:49,6.244,1.249,89.919,0.500,0,5259712,159616,183512,2396976,6653.003,4362.068,0,2014.184,0,92.916,2196,3317,1.130,1.280,1.150,1,0,0,0,0,18,285,0,82,0
18-02 16:33:50,9.502,1.750,85.522,0.750,0,5262456,156820,183516,2397024,6791.721,4269.082,0,1408.357,0,153.039,2998,4274,1.130,1.280,1.150,1,0,0,0,0,18,284,0,83,0
18-02 16:33:51,12.752,2.750,83.013,1.000,0,5262208,157024,183516,2397068,6312.963,3669.560,0,1428.218,0,151.023,3392,4737,1.130,1.280,1.150,0,0,0,0,0,18,284,0,84,0
18-02 16:33:52,15.001,2.500,78.253,2.250,0,5262012,157024,183520,2397260,9806.392,5860.235,0,7584.304,0,556.022,4500,6680,1.130,1.280,1.150,0,0,0,0,0,18,285,0,74,0
18-02 16:33:53,12.999,2.500,81.493,0.750,0,5261900,157024,183520,2397372,18790.397,8810.248,0,871.926,0,81.993,3470,4507,1.120,1.280,1.150,2,0,0,0,0,18,285,0,74,0
18-02 16:33:54,26.259,6.252,64.022,2.001,0,5261848,157024,183524,2397420,2220.767,1620.560,32.011,3141.085,1.000,396.137,8280,12547,1.120,1.280,1.150,2,1,1.000,0,0,18,285,0,74,0
18-02 16:33:55,25.226,3.996,67.187,1.249,0,5261632,156772,183524,2397888,2277.853,1618.474,31.970,3220.963,0.999,279.736,7043,10063,1.120,1.280,1.150,1,0,0,0,0,18,285,0,75,0
18-02 16:33:56,25.422,3.988,68.292,0.997,0,5262164,156016,183524,2398116,2213.247,1615.072,0,2316.930,0,220.328,6714,9528,1.120,1.280,1.150,1,0,0,0,0,18,284,0,78,0
18-02 16:33:57,5.516,1.504,90.012,1.254,0,5262132,156016,183524,2398148,2664.751,1624.726,0,1628.738,0,139.406,2523,3742,1.120,1.280,1.150,1,0,1.003,0,0,18,285,0,78,0
18-02 16:33:58,12.982,2.247,81.639,0.749,0,5262008,156016,183524,2398272,6829.736,4363.082,15.978,5368.718,0.999,433.412,4190,6566,1.190,1.290,1.160,0,0,0,0,0,18,284,0,82,0
18-02 16:33:59,10.014,1.752,85.871,1.252,0,5261960,156016,183524,2398320,8139.445,4134.814,16.023,2135.002,1.001,198.279,3194,4565,1.190,1.290,1.160,0,0,0,0,0,18,284,0,83,0
18-02 16:34:00,16.495,2.749,78.227,0.500,0,5262116,155764,183524,2398416,6532.045,3829.854,0,1547.537,0,141.958,4145,5479,1.190,1.290,1.160,1,0,0,0,0,18,284,0,78,0
18-02 16:34:01,4.998,1.749,90.714,0.750,0,5261948,155764,183524,2398584,2339.066,1619.353,0,1291.484,0,111.955,2380,3627,1.190,1.290,1.160,4,0,0,0,0,18,284,0,79,0
18-02 16:34:02,17.715,1.996,77.595,1.248,0,5261756,155764,183524,2398776,26342.383,12851.330,0,1560.882,0,190.619,3936,5264,1.190,1.290,1.160,0,0,0,0,0,18,284,0,80,0
18-02 16:34:03,21.302,4.010,70.672,1.754,0,5261720,155764,183524,2398812,3849.354,1623.946,0,2173.281,0,248.604,6511,9481,1.170,1.280,1.160,1,0,0,0,0,18,285,0,81,0
18-02 16:34:04,25.517,4.753,65.293,2.251,0,5261628,155512,183524,2399156,2401.564,1621.056,0,5295.449,0,512.334,8150,12523,1.170,1.280,1.160,1,0,0,0,0,18,285,0,80,0
18-02 16:34:05,24.259,5.002,66.275,1.501,0,5260808,156236,183524,2399252,1998.747,1458.545,0,12752.763,0,1158.433,8036,11230,1.170,1.280,1.160,2,1,0,0,0,18,285,0,81,0
18-02 16:34:06,24.755,5.501,66.013,2.000,0.250,5268812,147920,183524,2399564,2464.493,1714.343,0,2832.566,0,316.063,7402,11018,1.170,1.280,1.160,1,0,0,0,0,18,285,0,81,0
18-02 16:34:07,26.986,4.997,63.717,2.249,0,5268868,147164,183524,2400264,2415.745,1619.159,0,5053.375,0,476.752,8142,12701,1.170,1.280,1.160,1,0,0.999,0,0,18,285,0,83,0
18-02 16:34:08,24.005,4.251,67.763,1.000,0,5269816,146156,183524,2400324,2460.473,1620.312,0,1984.382,0,187.036,7083,10021,1.160,1.280,1.150,2,0,0,0,0,18,286,0,84,0
18-02 16:34:09,25.257,5.752,64.518,2.751,0,5269896,145652,183524,2400748,2582.719,1620.451,0,8270.301,0,646.180,8248,12473,1.160,1.280,1.150,1,0,0,0,0,18,285,0,88,0
18-02 16:34:10,26.226,4.496,65.191,1.748,0,5261832,153604,183524,2400860,2347.870,1618.531,0,2621.621,0,338.693,7603,11365,1.160,1.280,1.150,1,0,0,0,0,18,284,0,88,0
18-02 16:34:11,31.027,4.504,61.054,0.500,0.250,5262812,152484,183524,2401000,22193.530,10675.394,0,1717.511,0,164.144,7194,9716,1.160,1.280,1.150,1,0,0,0,0,18,285,0,88,0
18-02 16:34:12,12.236,2.997,82.657,1.498,0,5270356,144672,183524,2401268,3930.593,1456.367,0,1658.141,0,159.821,4179,6114,1.160,1.280,1.150,0,0,0,0,0,18,284,0,82,0
18-02 16:34:13,7.250,1.000,88.752,0.750,0,5270344,144672,183524,2401280,2280.050,1620.035,0,1360.030,0,114.002,2491,3683,1.070,1.260,1.150,0,0,0,0,0,18,284,0,82,0
18-02 16:34:14,13.259,2.752,81.056,1.001,0,5274120,140640,183524,2401536,5418.748,4187.897,0,1829.265,0,194.134,3643,5258,1.070,1.260,1.150,0,0,0,0,0,18,285,0,85,0
18-02 16:34:15,8.502,1.750,87.023,1.500,0,5274088,140640,183524,2401568,3464.907,1794.470,0,6265.640,0,395.103,3234,5031,1.070,1.260,1.150,1,0,0,0,0,18,285,0,86,0
18-02 16:34:16,18.945,2.244,74.785,0.748,0,5275012,139660,183524,2401624,25855.573,12840.039,0,1511.649,0,172.503,4494,5717,1.070,1.260,1.150,1,0,1.994,0,0,18,284,0,87,0
18-02 16:34:17,16.556,4.013,78.263,0.753,0,5285124,129352,183524,2401820,22139.387,10701.958,0,1204.046,0,120.405,5101,7553,1.070,1.260,1.150,1,0,2.007,0,0,18,284,0,88,0
18-02 16:34:18,13.740,2.248,80.941,0.999,0,5285064,129352,183524,2401880,2306.315,1456.935,0,1147.162,0,117.914,3988,5251,0.980,1.240,1.140,0,0,0,0,0,18,284,0,88,0
18-02 16:34:19,10.753,2.251,85.027,1.000,0,5285080,129100,183524,2402116,2350.734,1620.506,0,1344.420,0,159.050,3199,4469,0.980,1.240,1.140,4,0,0,0,0,18,285,0,90,0
18-02 16:34:20,6.990,1.748,88.625,0.499,0,5282728,131404,183524,2402164,6589.720,4350.873,0,6866.331,0,851.801,2906,3613,0.980,1.240,1.140,0,0,0,0,0,18,284,0,92,0
18-02 16:34:21,14.507,2.501,80.040,1.000,0,5279544,134420,183524,2402332,8163.072,4499.244,0,1456.727,0,169.084,3843,5359,0.980,1.240,1.140,0,0,0,0,0,18,284,0,94,0
18-02 16:34:22,7.234,1.746,88.059,0.998,0,5279304,134588,183524,2402404,2471.642,1616.496,0,1488.773,0,123.732,2590,3692,0.980,1.240,1.140,0,0,0,0,0,18,284,0,95,0
18-02 16:34:23,7.766,1.754,88.685,0,0,5279296,134588,183524,2402412,2002.187,1461.055,0,829.735,0,68.143,2331,3197,0.900,1.210,1.140,0,0,0,0,0,18,284,0,96,0
18-02 16:34:24,10.014,1.252,86.622,0.751,0,5279712,134112,183524,2402472,3859.420,1762.475,0,737.035,0,55.077,2517,3290,0.900,1.210,1.140,4,0,0,0,0,18,286,0,102,0
18-02 16:34:25,14.705,1.495,80.503,1.246,0,5279656,134112,183524,2402528,30161.524,14902.309,0,1686.828,0,215.340,3483,4673,0.900,1.210,1.140,1,0,0,0,0,18,284,0,100,0
18-02 16:34:26,24.261,4.252,66.280,2.501,0,5280044,133608,183524,2402644,3781.725,1620.739,0,7819.566,0,601.274,7339,11128,0.900,1.210,1.140,1,0,0,0,0,18,285,0,102,0
18-02 16:34:27,25.552,5.511,64.131,2.255,0,5280168,133104,183524,2403024,2725.577,1665.408,32.066,4316.833,1.002,447.917,8140,12426,0.900,1.210,1.140,3,0,1.002,0,0,18,285,0,102,0
18-02 16:34:28,24.992,3.499,67.727,1.250,0,5281416,131592,183524,2403288,2579.131,1619.454,0,1943.345,0,185.937,6957,9913,0.910,1.210,1.130,1,0,0,0,0,18,285,0,103,0
18-02 16:34:29,8.245,1.999,87.445,0.500,0,5281212,131592,183524,2403492,2116.667,1457.082,0,2130.658,0,176.889,2989,4604,0.910,1.210,1.130,1,0,0,0,0,18,284,0,98,0
18-02 16:34:30,15.472,2.745,79.108,1.747,0,5281380,131368,183524,2403548,6587.173,4355.180,0,1912.566,0,214.615,3992,5760,0.910,1.210,1.130,0,0,0,0,0,18,284,0,101,0
18-02 16:34:31,6.261,1.753,89.914,0.501,0,5281576,131116,183524,2403604,3907.142,1622.967,0,1374.512,0,114.209,2388,3403,0.910,1.210,1.130,3,0,0,0,0,18,285,0,102,0
18-02 16:34:32,16.748,3.000,76.243,2.000,0,5282304,130320,183524,2403672,18354.302,9225.147,0,7643.293,0,534.951,4609,6990,0.910,1.210,1.130,0,0,0,0,0,18,284,0,105,0
18-02 16:34:33,14.242,1.749,80.706,0.750,0,5282308,130136,183524,2403852,6765.295,3968.826,0,1231.326,0,143.921,3459,4829,0.840,1.190,1.130,1,0,0,0,0,18,285,0,102,0
18-02 16:34:34,11.522,2.004,85.166,0.501,0,5282532,129884,183524,2403880,22139.230,10546.594,0,673.315,0,49.096,2502,2939,0.840,1.190,1.130,2,0,0,0,0,18,285,0,103,0
18-02 16:34:35,8.486,0.998,88.101,0.499,0,5283248,129128,183524,2403920,20770.987,10276.677,0,499.159,0,24.958,1844,2270,0.840,1.190,1.130,0,0,0,0,0,18,286,0,104,0
18-02 16:34:36,12.509,1.251,84.058,1.001,0,5283236,129128,183524,2403932,23127.850,10859.442,0,2525.731,0,135.093,2894,3860,0.840,1.190,1.130,0,0,0,0,0,18,284,0,105,0
18-02 16:34:37,23.661,4.483,68.741,1.245,0,5283484,128624,183524,2404188,3902.300,1613.920,0,2123.999,0,260.021,6931,9828,0.840,1.190,1.130,1,0,0.996,0,0,18,285,0,94,0
18-02 16:34:38,26.381,4.271,64.570,2.261,0,5283652,128372,183524,2404272,2472.239,1628.060,0,4361.592,0,477.363,8244,12426,0.850,1.190,1.130,1,0,0,0,0,18,285,0,96,0
18-02 16:34:39,24.490,4.748,67.722,1.000,0,5285060,126608,183524,2404628,2339.043,1619.337,0,1915.216,0,170.930,6915,9770,0.850,1.190,1.130,3,0,0,0,0,18,285,0,99,0
18-02 16:34:40,8.245,1.999,87.445,0.999,0,5285292,126356,183524,2404648,2338.517,1618.973,0,2126.651,0,179.886,3133,4656,0.850,1.190,1.130,1,0,0,0,0,18,284,0,99,0
18-02 16:34:41,16.994,2.249,76.724,1.499,0,5285220,126356,183524,2404720,21925.529,10662.367,0,11008.249,0,1131.614,5087,6474,0.850,1.190,1.130,0,0,0,0,0,18,284,0,95,0
18-02 16:34:42,25.016,7.005,65.793,1.001,0,5292844,159780,183316,2364472,22018.491,10673.024,0,1921.264,0,164.108,5878,14242,0.850,1.190,1.130,1,0,36.024,0,0,18,286,0,97,0
18-02 16:34:43,25.742,5.248,63.980,2.749,0,5292880,159560,183316,2364832,2297.275,1457.540,0,5002.421,0,511.838,7984,12142,0.860,1.180,1.130,3,0,0,0,0,18,285,0,97,0
18-02 16:34:44,24.226,5.744,66.933,1.249,0,5292812,159560,183316,2364900,2277.731,1618.388,0,2045.962,0,187.813,7206,10271,0.860,1.180,1.130,1,0,0,0,0,18,285,0,98,0
18-02 16:34:45,22.269,4.254,69.810,1.752,0,5292640,159308,183316,2365324,6544.652,4388.790,0,2382.057,0,257.222,6199,9127,0.860,1.180,1.130,1,0,0,0,0,18,284,0,92,0
18-02 16:34:46,10.750,2.500,84.496,1.250,0,5291720,160192,183316,2365360,2219.901,1619.928,0,1803.920,0,181.992,3344,4885,0.860,1.180,1.130,1,0,0,0,0,18,285,0,92,0
18-02 16:34:47,9.713,1.992,83.678,1.743,0,5292972,158848,183316,2365452,6650.428,4368.204,0,6196.175,0,436.322,3879,6269,0.860,1.180,1.130,0,0,0.996,0,0,18,286,0,93,0
18-02 16:34:48,16.294,4.512,76.459,1.253,0,5294724,157088,183316,2365460,6857.718,4440.119,0,1660.532,0,194.531,4292,5871,0.790,1.160,1.120,0,0,6.016,0,0,18,286,0,94,0
18-02 16:34:49,14.511,2.502,80.061,1.251,0,5294720,156836,183316,2365716,5359.113,4214.235,0,1485.140,0,160.123,3735,5170,0.790,1.160,1.120,0,0,0,0,0,18,287,0,90,0
18-02 16:34:50,6.752,1.250,89.771,0.250,0,5294668,156836,183316,2365768,3302.772,1632.381,0,860.201,0,65.015,2074,2843,0.790,1.160,1.120,1,0,0,0,0,18,287,0,90,0
18-02 16:34:51,22.028,2.253,73.095,0.751,0.250,5294976,156332,183316,2365964,26094.755,12959.764,0,2090.704,0,138.179,4238,5033,0.790,1.160,1.120,0,0,0,0,0,18,286,0,90,0
18-02 16:34:52,13.988,1.998,80.929,1.249,0,5294908,156332,183316,2366032,17409.721,8422.608,0,1418.755,0,147.870,3623,4871,0.790,1.160,1.120,1,0,0,0,0,18,287,0,90,0
18-02 16:34:53,12.149,1.983,82.810,0.496,0,5294864,156332,183316,2366076,15126.888,8209.557,0,1090.905,0,96.198,3067,3980,0.810,1.160,1.120,1,0,0,0,0,18,286,0,85,0
18-02 16:34:54,12.816,2.010,83.432,0.754,0,5294820,156332,183316,2366120,21986.883,10721.533,0,1145.935,0,110.573,2949,3873,0.810,1.160,1.120,2,0,0,0,0,18,287,0,85,0
18-02 16:34:55,14.478,1.997,81.374,0.749,0,5294956,156108,183316,2366208,26140.646,12857.152,0,1521.651,0,169.738,3355,4430,0.810,1.160,1.120,0,0,0,0,0,18,286,0,86,0
18-02 16:34:56,24.124,4.523,67.599,1.759,0,5294928,155992,183316,2366352,2291.820,1628.399,0,7185.057,0,936.832,7008,9288,0.810,1.160,1.120,2,0,0,0,0,18,287,0,86,0
18-02 16:34:57,27.762,4.252,63.278,2.501,0,5294972,155744,183316,2366556,2135.937,1458.640,0,9364.107,0,724.318,8339,12924,0.810,1.160,1.120,1,0,2.001,0,0,18,287,0,83,0
18-02 16:34:58,24.988,4.748,67.218,1.000,0,5295544,154988,183316,2366740,2458.842,1619.237,0,1607.243,0,147.930,6673,9393,0.830,1.160,1.120,1,0,0,0,0,18,287,0,83,0
18-02 16:34:59,24.467,4.744,66.660,1.248,0,5296216,153980,183316,2367076,2276.932,1617.820,95.871,2368.808,4.993,251.661,7075,9607,0.830,1.160,1.120,1,0,0,0,0,18,287,0,84,0
18-02 16:35:00,25.530,5.006,66.828,1.752,0,5295948,153980,183316,2367344,2282.679,1621.904,0,2374.788,0,267.314,7197,10378,0.830,1.160,1.120,1,0,0,0,0,18,287,0,84,0
18-02 16:35:01,26.522,4.754,64.554,2.252,0,5296108,153728,183316,2367436,2341.943,1621.345,0,3142.608,0,385.320,7816,11812,0.830,1.160,1.120,1,0,0,0,0,18,287,0,84,0
18-02 16:35:02,25.470,5.244,65.673,1.748,0,5297804,151712,183316,2367756,2414.183,1618.112,0,7359.411,0,512.402,7817,11605,0.830,1.160,1.120,3,0,3.995,0,0,18,288,0,74,0
18-02 16:35:03,12.246,2.749,80.727,1.250,0,5297552,151712,183316,2368008,8336.589,4386.731,0,2391.308,0,234.932,3941,6054,0.760,1.140,1.110,0,0,0,0,0,18,286,0,75,0
18-02 16:35:04,9.501,1.750,86.756,0.750,0,5297612,151460,183316,2368200,6730.482,4284.307,0,1388.099,0,152.011,2863,4094,0.760,1.140,1.110,0,0,0,0,0,18,286,0,75,0
18-02 16:35:05,12.748,2.500,81.984,1.000,0,5298100,150956,183316,2368216,6446.756,4121.204,0,1411.727,0,149.971,3688,5162,0.760,1.140,1.110,0,0,0,0,0,18,286,0,75,0
18-02 16:35:06,6.760,1.252,90.130,0.501,0.250,5298256,150704,183316,2368312,2407.468,1716.473,0,697.004,0,56.081,2053,2840,0.760,1.140,1.110,2,0,0,0,0,18,287,0,72,0
18-02 16:35:07,7.493,1.249,88.415,0.999,0,5298224,150704,183316,2368344,6604.636,3827.312,0,1410.641,0,137.867,3000,4478,0.760,1.140,1.110,0,0,0.999,0,0,18,286,0,72,0
18-02 16:35:08,11.999,2.250,83.240,1.000,0,5298152,150704,183316,2368416,6909.204,4283.507,0,1299.850,0,150.983,3364,4574,0.700,1.120,1.110,0,0,0,0,0,18,286,0,73,0
18-02 16:35:09,9.249,1.500,86.993,0.500,0,5298152,150704,183316,2368416,6533.473,3830.691,0,1003.919,0,92.992,2634,3592,0.700,1.120,1.110,1,0,0,0,0,18,286,0,73,0
18-02 16:35:10,11.004,1.751,84.534,1.000,0,5298160,150452,183316,2368660,6792.770,4284.747,0,1340.547,0,158.064,3275,4657,0.700,1.120,1.110,0,0,0,0,0,18,286,0,67,0
18-02 16:35:11,15.740,2.498,78.702,1.749,0,5298156,150452,183316,2368664,27839.140,12869.206,0,6164.267,0,425.742,3836,5355,0.700,1.120,1.110,0,0,0,0,0,18,286,0,67,0
18-02 16:35:12,6.257,1.001,90.357,0.751,0,5298056,150452,183316,2368764,3807.520,1459.733,0,1589.887,0,80.095,2265,3204,0.700,1.120,1.110,2,0,0,0,0,18,287,0,67,0
18-02 16:35:13,6.242,1.248,90.138,0.499,0,5298028,150452,183316,2368792,6721.666,4277.696,0,890.895,0,101.874,2302,3394,0.640,1.100,1.100,0,0,0,0,0,18,286,0,67,0
18-02 16:35:14,9.755,1.751,86.296,0.750,0,5298096,150200,183316,2368976,6477.463,3903.087,0,1020.546,0,103.055,2837,3781,0.640,1.100,1.100,0,0,0,0,0,18,286,0,68,0
18-02 16:35:15,14.002,2.000,80.260,1.250,0,5298336,149948,183316,2368988,6414.806,3831.481,0,1416.178,0,157.020,3997,5550,0.640,1.100,1.100,0,0,0,0,0,18,286,0,68,0
18-02 16:35:16,10.945,2.239,83.579,0.746,0,5298228,149948,183316,2369096,11896.031,6101.243,0,1205.921,0,125.368,3240,4456,0.640,1.100,1.100,1,0,1.990,0,0,18,287,0,69,0
18-02 16:35:17,13.815,2.261,81.382,1.256,0,5297744,150380,183316,2369148,16480.432,8404.488,0,7668.027,0,1028.834,4264,5139,0.640,1.100,1.100,1,0,1.005,0,0,18,287,0,69,0
18-02 16:35:18,26.251,5.750,64.253,2.500,0,5298000,149888,183316,2369384,2312.114,1512.075,0,3308.163,0,437.022,8117,12179,0.750,1.120,1.100,1,0,0,0,0,18,287,0,60,0
18-02 16:35:19,27.233,6.496,62.212,1.499,0,5302688,144872,183316,2369712,2204.637,1565.032,0,8294.870,0,567.649,9176,14355,0.750,1.120,1.100,2,0,0.999,0,0,18,287,0,60,0
18-02 16:35:20,27.012,4.752,63.779,1.751,0,5302976,144368,183316,2369928,3841.770,1620.747,16.007,2044.942,1.000,242.112,7465,10293,0.750,1.120,1.100,2,1,0,0,0,18,286,0,65,0
18-02 16:35:21,4.501,1.250,93.027,0.500,0,5302932,144368,183316,2369972,2280.668,1620.475,0,980.287,0,67.020,1877,2679,0.750,1.120,1.100,1,0,0,0,0,18,287,0,65,0
18-02 16:35:22,15.974,2.995,76.124,1.248,0,5303632,143388,183320,2370248,2412.999,1617.318,0,2264.246,0,280.535,5174,7638,0.750,1.120,1.100,0,0,0,0,0,18,286,0,56,0
18-02 16:35:23,12.510,2.252,83.063,1.001,0,5303632,143388,183320,2370248,2221.695,1621.237,0,1244.950,0,120.092,3467,4735,0.770,1.110,1.100,0,1,0,0,0,18,287,0,56,0
18-02 16:35:24,25.775,5.505,65.313,2.502,0,5303276,143388,183320,2370604,2222.154,1621.572,0,3251.151,0,391.379,8032,12230,0.770,1.110,1.100,1,0,0,0,0,18,287,0,56,0
18-02 16:35:25,25.513,4.502,65.783,1.751,0,5304280,142380,183320,2370608,3553.780,1458.731,0,7759.888,0,582.292,7947,12092,0.770,1.110,1.100,1,0,0,0,0,18,287,0,56,0
18-02 16:35:26,26.010,7.753,62.774,1.501,0,5303920,134924,183324,2378404,3781.446,1620.620,32.012,6842.617,1.000,795.304,7855,10399,0.770,1.110,1.100,1,0,2.001,0,0,18,286,0,48,0
18-02 16:35:27,26.704,5.491,64.140,1.997,0,5304296,134420,183324,2378532,2352.948,1617.215,0,2843.104,0,394.321,8663,11842,0.770,1.110,1.100,3,0,2.995,0,0,18,287,0,48,0
18-02 16:35:28,24.500,4.750,66.500,1.500,0,5304684,133664,183328,2378896,2520.018,1662.012,0,10332.075,0,271.002,7705,10796,0.870,1.130,1.110,1,0,0,0,0,18,287,0,48,0
18-02 16:35:29,13.756,2.751,81.785,0.750,0,5305120,133160,183328,2378964,2280.974,1620.692,0,1192.509,0,89.038,4126,5681,0.870,1.130,1.110,0,0,0,0,0,18,287,0,48,0
18-02 16:35:30,14.743,3.249,77.964,1.249,0,5305572,132668,183328,2379004,2278.950,1619.254,0,1631.248,0,167.923,4733,6921,0.870,1.130,1.110,1,0,0,0,0,18,287,0,43,0
18-02 16:35:31,26.250,5.250,63.001,2.750,0,5305652,132416,183328,2379160,3840.068,1620.029,0,8772.155,0,743.013,8810,14006,0.870,1.130,1.110,2,0,0,0,0,18,287,0,43,0
18-02 16:35:32,25.045,4.759,67.121,1.252,0,5306824,130904,183328,2379500,2198.972,1460.639,0,1707.084,0,154.279,6748,9410,0.870,1.130,1.110,1,0,0,0,0,18,287,0,43,0
18-02 16:35:33,23.748,4.000,68.495,1.500,0,5307128,130428,183328,2379672,2365.811,1661.867,0,3207.743,0,261.979,6926,10029,1.040,1.160,1.120,1,0,0,0,0,18,287,0,44,0
18-02 16:35:34,26.991,4.748,64.729,2.249,0,5307408,129924,183328,2379896,2219.278,1619.473,0,3482.868,0,397.871,8052,12252,1.040,1.160,1.120,1,0,0,0,0,18,287,0,35,0
18-02 16:35:35,25.263,4.502,66.283,1.501,0,5307724,129420,183328,2380084,2221.101,1620.803,0,3153.563,0,307.152,7414,11024,1.040,1.160,1.120,2,0,0,0,0,18,287,0,36,0
18-02 16:35:36,24.706,4.742,66.881,1.747,0,5309448,127408,183328,2380372,2216.052,1617.119,0,6747.977,0,435.225,7684,11629,1.040,1.160,1.120,1,0,0,0,0,18,287,0,36,0
18-02 16:35:37,22.496,3.999,69.488,1.750,0,5309384,127156,183328,2380688,6674.880,4351.270,0,2435.591,0,312.947,6468,9266,1.040,1.160,1.120,0,0,1.000,0,0,18,286,0,37,0
18-02 16:35:38,10.268,1.753,84.901,1.002,0,5310116,126400,183328,2380712,6736.011,3837.843,0,2019.601,0,136.243,2807,3934,1.200,1.190,1.130,1,0,0,0,0,18,286,0,34,0
18-02 16:35:39,12.980,1.498,83.622,0.499,0,5309916,126400,183328,2380912,21678.747,10487.913,0,906.609,0,85.868,2816,3562,1.200,1.190,1.130,1,0,0,0,0,18,287,0,35,0
18-02 16:35:40,10.250,2.750,84.500,1.000,0,5310072,126160,183328,2380980,6659.015,4351.010,0,1436.003,0,164.000,3314,4772,1.200,1.190,1.130,0,0,0,0,0,18,286,0,36,0
18-02 16:35:41,13.006,2.251,82.038,1.000,0,5310312,125908,183328,2380992,2341.083,1620.750,16.007,1488.689,1.000,179.083,3922,5489,1.200,1.190,1.130,0,0,0,0,0,18,287,0,36,0
18-02 16:35:42,31.467,5.744,59.687,1.249,0.250,5321468,156308,183284,2341148,45804.621,21965.800,0,2233.641,0,246.739,6236,16186,1.200,1.190,1.130,0,0,35.962,0,0,18,286,0,29,0
18-02 16:35:43,15.750,3.500,77.248,1.750,0,5321460,156308,183288,2341152,2365.937,1619.957,0,2059.945,0,242.993,5082,7652,1.180,1.190,1.130,1,0,0,0,0,18,287,0,29,0
18-02 16:35:44,25.731,5.996,63.703,2.998,0,5321564,155832,183288,2341524,2364.250,1618.802,0,9441.013,0,784.419,8915,14298,1.180,1.190,1.130,2,0,0,0,0,18,287,0,30,0
18-02 16:35:45,26.307,5.011,65.392,2.004,0,5321776,155580,183288,2341564,2491.421,1623.533,0,3066.673,0,365.796,7895,12030,1.180,1.190,1.130,1,0,0,0,0,18,286,0,30,0
18-02 16:35:46,23.769,4.754,67.804,0.751,0,5321732,155328,183288,2341860,3560.814,1459.153,0,1709.351,0,156.123,6724,9210,1.180,1.190,1.130,2,0,0,0,0,18,287,0,30,0
18-02 16:35:47,20.471,3.994,73.147,1.997,0,5321756,155076,183288,2342088,6666.574,4348.851,31.955,2376.640,0.999,284.598,5578,8245,1.180,1.190,1.130,0,0,0.999,0,0,18,286,0,29,0
18-02 16:35:48,12.005,3.752,77.784,3.001,0,5322132,154572,183288,2342216,4021.742,1620.702,20.009,12469.402,2.001,526.228,4019,6093,1.170,1.180,1.130,1,0,6.003,0,0,18,287,0,29,0
18-02 16:35:49,17.239,2.249,77.952,0.999,0,5322072,154572,183288,2342292,26110.916,12869.073,0,2070.724,0,186.885,4051,5631,1.170,1.180,1.130,0,0,0,0,0,18,286,0,29,0
18-02 16:35:50,18.767,4.004,72.816,1.752,0,5322048,154572,183288,2342316,2282.068,1621.469,0,2177.973,0,266.241,6055,9060,1.170,1.180,1.130,3,0,0,0,0,18,287,0,29,0
18-02 16:35:51,26.267,4.503,65.293,2.001,0,5321764,154572,183288,2342600,2281.511,1621.073,0,3698.449,0,409.271,7871,11931,1.170,1.180,1.130,3,0,0,0,0,18,287,0,26,0
18-02 16:35:52,25.409,3.737,67.258,1.246,0.249,5321904,154320,183288,2342712,4144.110,1614.200,0,2279.808,0,215.227,7090,10143,1.170,1.180,1.130,1,0,0,0,0,18,287,0,28,0
18-02 16:35:53,18.247,3.999,74.736,1.500,0,5321692,154068,183288,2343176,7935.533,4241.216,0,2599.519,0,273.949,5160,7604,1.070,1.160,1.120,0,0,0,0,0,18,286,0,30,0
18-02 16:35:54,13.488,2.747,80.676,1.499,0,5321884,153816,183288,2343236,9683.099,5844.628,0,6342.170,0,416.617,3712,5284,1.070,1.160,1.120,0,0,0,0,0,18,287,0,30,0
18-02 16:35:55,22.041,1.753,74.638,0.250,0,5321856,153564,183288,2343516,48716.207,22579.811,0,765.417,0,87.161,3349,3721,1.070,1.160,1.120,4,0,0,0,0,18,288,0,29,0
18-02 16:35:56,21.781,1.752,75.107,0.250,0,5321672,153564,183288,2343700,52266.279,24462.766,0,757.076,0,52.074,3078,3251,1.070,1.160,1.120,1,0,0,0,0,18,286,0,30,0
18-02 16:35:57,30.885,2.989,63.016,0.996,0,5322016,153060,183288,2343860,57890.834,28464.205,0,1649.868,0,189.296,5110,6186,1.070,1.160,1.120,0,0,0.996,0,0,18,287,0,31,0
18-02 16:35:58,15.308,3.513,79.051,1.004,0,5321908,153060,183288,2343968,4160.839,1909.268,0,2075.902,0,177.676,4989,7064,1.150,1.180,1.120,2,0,0,0,0,18,288,0,33,0
18-02 16:35:59,27.451,4.741,63.386,2.496,0.250,5322124,152556,183288,2344256,2275.905,1617.090,0,3385.908,0,442.204,7991,11856,1.150,1.180,1.120,1,0,0.998,0,0,18,287,0,32,0
18-02 16:36:00,24.813,5.263,66.669,1.003,0,5322056,152556,183288,2344324,2183.548,1461.714,0,3272.314,0,261.665,7044,10313,1.150,1.180,1.120,1,0,0,0,0,18,287,0,32,0
18-02 16:36:01,23.469,3.995,69.408,1.748,0,5322040,152304,183288,2344592,6650.139,4400.137,0,2504.663,0,281.625,6311,9045,1.150,1.180,1.120,0,0,0,0,0,18,286,0,33,0
18-02 16:36:02,10.264,1.752,83.613,2.253,0,5322040,152304,183288,2344592,2420.280,1622.199,0,6012.149,0,424.575,3523,5519,1.150,1.180,1.120,1,1,0,0,0,18,286,0,33,0
18-02 16:36:03,8.253,1.251,88.536,0.250,0,5321848,152304,183288,2344784,22146.949,10670.311,0,2252.910,0,101.041,2085,2707,1.060,1.160,1.120,1,0,0,0,0,18,287,0,31,0
18-02 16:36:04,16.231,1.998,79.158,0.499,0,5321936,152052,183288,2344948,26116.517,12861.988,0,1338.438,0,127.851,3630,4609,1.060,1.160,1.120,3,0,0,0,0,18,286,0,33,0
18-02 16:36:05,19.764,4.003,72.300,1.751,0,5321860,152052,183288,2345024,2221.534,1621.120,16.011,1909.319,1.001,229.158,6352,9159,1.060,1.160,1.120,1,0,0,0,0,18,287,0,33,0
18-02 16:36:06,26.018,5.254,65.295,1.751,0,5321716,152052,183288,2345168,2465.703,1715.185,0,3386.339,0,382.264,7895,11608,1.060,1.160,1.120,1,0,0,0,0,18,287,0,33,0
18-02 16:36:07,26.237,4.997,66.466,1.499,0,5322028,151296,183288,2345612,2133.912,1457.257,0,2138.909,0,200.898,7106,10383,1.060,1.160,1.120,2,0,0.999,0,0,18,287,0,33,0
18-02 16:36:08,13.999,2.750,79.997,1.250,0,5322000,151296,183288,2345640,6778.724,4349.823,0,2079.915,0,210.991,4054,5950,1.050,1.150,1.120,0,0,0,0,0,18,286,0,34,0
18-02 16:36:09,15.494,1.749,79.471,1.000,0,5322008,151044,183288,2345884,17348.618,8558.851,0,6605.570,0,316.883,3591,4808,1.050,1.150,1.120,1,0,0,0,0,18,287,0,34,0
18-02 16:36:10,13.992,2.748,80.704,0.750,0,5322008,151044,183288,2345884,11046.692,6063.538,0,1667.048,0,156.910,4261,5986,1.050,1.150,1.120,3,0,0,0,0,18,287,0,35,0
18-02 16:36:11,33.025,6.255,56.793,3.002,0,5322432,150288,183292,2346208,21944.466,10674.009,0,8374.284,0,701.526,8498,12661,1.050,1.150,1.120,7,0,0,0,0,18,287,0,33,0
18-02 16:36:12,25.480,4.996,66.948,0.999,0,5323124,149532,183292,2346272,2415.110,1618.733,0,2637.936,0,246.807,7257,10493,1.050,1.150,1.120,1,0,1.998,0,0,18,287,0,34,0
18-02 16:36:13,25.255,5.251,66.764,1.500,0,5324100,148272,183292,2346592,2280.462,1620.328,0,1732.351,0,184.037,7225,10285,1.050,1.150,1.120,5,0,0,0,0,18,287,0,34,0
18-02 16:36:14,24.690,5.237,64.842,2.245,0,5324552,147768,183292,2346644,2357.248,1616.056,0,3535.373,0,411.995,7970,12535,1.050,1.150,1.120,1,0,0,0,0,18,286,0,34,0
18-02 16:36:15,25.057,4.761,66.651,1.503,0,5325064,146760,183292,2347140,2072.695,1461.310,0,2301.213,0,214.486,7308,10361,1.050,1.150,1.120,1,0,0,0,0,18,287,0,35,0
18-02 16:36:16,19.997,4.499,72.990,1.500,0,5325532,146256,183296,2347172,6538.119,4361.412,0,2975.599,0,306.959,5367,7832,1.050,1.150,1.120,1,0,3.999,0,0,18,286,0,36,0
18-02 16:36:17,9.489,2.247,82.906,2.247,0,5325288,146256,183296,2347416,8357.570,4293.156,0,7095.994,0,524.408,4225,6685,1.050,1.150,1.120,0,0,0.999,0,0,18,288,0,36,0
18-02 16:36:18,9.024,1.253,87.228,0.752,0,5325268,146256,183296,2347436,2466.459,1624.253,0,1022.678,0,80.210,2709,3832,1.120,1.170,1.120,1,0,0,0,0,18,289,0,36,0
18-02 16:36:19,6.239,1.497,90.088,0.250,0,5325208,146256,183296,2347496,6462.398,3824.135,0,1213.821,0,104.812,2429,3439,1.120,1.170,1.120,0,0,0,0,0,18,288,0,35,0
18-02 16:36:20,17.001,1.750,79.006,1.250,0,5325664,145764,183296,2347532,27749.124,12877.986,0,1316.101,0,131.010,3751,4628,1.120,1.170,1.120,0,0,0,0,0,18,288,0,35,0
18-02 16:36:21,21.275,5.757,69.331,1.251,0,5329568,141744,183296,2347648,2208.589,1567.838,0,2130.498,0,258.303,7711,11944,1.120,1.170,1.120,1,1,1.001,0,0,18,289,0,35,0
18-02 16:36:22,27.924,4.986,63.328,1.995,0,5329224,141744,183296,2348000,2262.850,1507.902,0,3390.784,0,406.894,8016,11850,1.120,1.170,1.120,3,0,0,0,0,18,289,0,37,0
18-02 16:36:23,25.070,4.513,66.938,1.254,0.251,5329200,141492,183296,2348280,3850.809,1624.560,0,2739.690,0,229.645,7250,10053,1.270,1.200,1.130,1,0,0,0,0,18,289,0,32,0
18-02 16:36:24,23.725,4.745,67.680,1.748,0,5329416,141240,183296,2348316,2277.633,1618.318,15.983,2517.384,0.999,258.731,6787,9925,1.270,1.200,1.130,3,0,0,0,0,18,289,0,35,0
18-02 16:36:25,9.007,1.751,85.819,1.501,0,5329368,140988,183296,2348616,6604.328,4393.544,32.026,5820.696,1.001,390.315,3531,5555,1.270,1.200,1.130,1,0,0,0,0,18,286,0,37,0
18-02 16:36:26,16.001,2.500,79.004,0.750,0,5329368,140988,183296,2348616,26129.363,12877.672,0,1472.077,0,140.007,3606,4679,1.270,1.200,1.130,1,0,0,0,0,18,286,0,38,0
18-02 16:36:27,19.257,3.751,72.778,2.001,0,5329448,140736,183296,2348788,2417.916,1620.614,0,2304.873,0,269.102,6393,9350,1.270,1.200,1.130,1,0,1.000,0,0,18,287,0,40,0
18-02 16:36:28,24.995,5.249,64.986,2.000,0,5329880,140244,183296,2348832,2237.514,1457.683,0,4359.052,0,443.903,7446,11190,1.250,1.190,1.130,1,0,0,0,0,18,287,0,39,0
18-02 16:36:29,27.018,4.753,64.792,2.001,0,5329884,139992,183296,2349080,3964.589,1621.059,0,5419.539,0,428.280,7774,11871,1.250,1.190,1.130,1,0,0,0,0,18,287,0,40,0
18-02 16:36:30,24.462,5.491,66.645,1.248,0,5330696,138760,183296,2349500,2336.328,1617.458,0,7512.192,0,422.336,7508,10361,1.250,1.190,1.130,1,0,0,0,0,18,287,0,41,0
18-02 16:36:31,14.946,3.736,77.469,1.744,0,5330872,138508,183296,2349576,6575.147,4364.168,0,8688.480,0,619.752,5308,8449,1.250,1.190,1.130,0,0,0,0,0,18,286,0,42,0
18-02 16:36:32,14.754,2.001,80.272,1.250,0,5330952,138256,183296,2349748,22197.002,10668.885,0,1424.385,0,158.043,3533,4745,1.250,1.190,1.130,0,0,0,0,0,18,286,0,42,0
18-02 16:36:33,12.292,1.756,84.540,0.753,0,5330884,138256,183296,2349816,9389.164,5837.999,0,1172.015,0,117.402,2934,3960,1.230,1.190,1.130,1,0,0,0,0,18,287,0,42,0
18-02 16:36:34,13.251,1.500,84.253,0.250,0,5330876,138256,183296,2349824,18859.732,8853.344,0,732.028,0,57.002,2308,2729,1.230,1.190,1.130,2,0,0,0,0,18,287,0,42,0
18-02 16:36:35,25.030,4.005,67.330,1.502,0,5331568,137248,183296,2350140,2060.450,1459.736,0,2110.510,0,243.289,6967,9755,1.230,1.190,1.130,1,0,0,0,0,18,287,0,44,0
18-02 16:36:36,26.457,4.742,64.894,2.496,0,5331812,136996,183296,2350148,2396.084,1617.356,0,3210.752,0,383.373,7652,11431,1.230,1.190,1.130,1,0,0,0,0,18,287,0,43,0
18-02 16:36:37,26.791,4.256,65.599,1.502,0,5332856,135484,183296,2350616,2540.850,1664.522,0,3236.905,0,316.480,7638,11105,1.230,1.190,1.130,1,0,1.002,0,0,18,287,0,43,0
18-02 16:36:38,25.260,4.502,67.275,1.751,0,5334952,133216,183296,2350788,2460.929,1620.612,0,6694.526,0,472.178,7373,10744,1.210,1.190,1.130,1,0,0,0,0,18,287,0,44,0
18-02 16:36:39,23.965,4.993,64.905,2.247,0,5334844,132964,183296,2351148,2276.684,1617.644,0,3730.566,0,410.402,8165,12564,1.210,1.190,1.130,2,0,0,0,0,18,287,0,45,0
18-02 16:36:40,25.767,4.253,66.795,1.251,0,5335840,131956,183296,2351160,2401.623,1761.190,0,6668.505,0,582.393,7436,10492,1.210,1.190,1.130,1,0,0,0,0,18,287,0,43,0
18-02 16:36:41,26.483,3.997,66.957,0.999,0,5336980,130444,183296,2351532,3831.526,1618.955,0,1786.846,0,147.905,5985,8023,1.210,1.190,1.130,2,0,0,0,0,18,287,0,45,0
18-02 16:36:42,34.936,7.237,54.401,1.747,0,5361552,126500,183284,2333324,21805.345,10616.692,0,2990.561,0,360.345,8651,14903,1.210,1.190,1.130,3,0,34.936,0,0,18,287,0,45,0
18-02 16:36:43,26.784,6.258,63.330,2.753,0,5334420,153384,183284,2331276,2342.947,1622.040,0,8362.517,0,637.802,8383,15496,1.190,1.180,1.130,1,0,1.001,0,0,18,287,0,46,0
18-02 16:36:44,24.987,4.498,67.215,0.500,0,5335748,151872,183284,2331460,2398.760,1619.163,0,2370.774,0,141.927,6875,9561,1.190,1.180,1.130,1,0,0,0,0,18,287,0,44,0
18-02 16:36:45,26.517,5.253,65.041,2.001,0,5336024,151396,183288,2331656,2221.387,1621.012,0,2553.594,0,319.199,7862,11706,1.190,1.180,1.130,2,0,0,0,0,18,287,0,44,0
18-02 16:36:46,25.772,5.004,65.556,1.501,0,5335804,151396,183288,2331876,2221.886,1621.377,0,2778.359,0,305.259,6967,10021,1.190,1.180,1.130,2,0,0,0,0,18,287,0,45,0
18-02 16:36:47,25.234,5.247,66.958,1.749,0,5336536,150388,183288,2332152,2415.493,1618.990,0,2094.694,0,196.877,7219,10324,1.190,1.180,1.130,1,0,0.999,0,0,18,287,0,47,0
18-02 16:36:48,11.004,3.251,82.283,1.251,0,5338240,148632,183288,2332204,6901.767,4352.745,0,2412.967,0,238.095,3652,5398,1.100,1.160,1.120,0,0,6.002,0,0,18,286,0,45,0
18-02 16:36:49,13.730,3.245,80.380,0.999,0,5338416,148380,183288,2332280,6367.513,4182.768,0,2208.709,0,219.673,3935,5706,1.100,1.160,1.120,0,0,0,0,0,18,286,0,48,0
18-02 16:36:50,14.774,3.005,78.375,1.753,0,5338592,148128,183288,2332356,6974.138,4183.682,0,7844.528,0,513.821,4297,6480,1.100,1.160,1.120,1,0,0,0,0,18,287,0,49,0
18-02 16:36:51,8.471,1.246,87.948,0.249,0,5338424,148128,183288,2332524,3511.930,1787.856,0,713.548,0,61.788,2463,3280,1.100,1.160,1.120,1,0,0,0,0,18,287,0,49,0
18-02 16:36:52,12.270,2.755,82.388,1.252,0,5338044,147652,183288,2333380,6747.268,4284.155,0,1774.964,0,215.360,3767,5552,1.100,1.160,1.120,1,0,0,0,0,18,286,0,49,0
18-02 16:36:53,22.786,3.005,71.361,1.252,0,5339176,146392,183288,2333508,40693.416,19555.475,0,1762.747,0,207.323,4688,6108,1.090,1.160,1.120,1,0,0,0,0,18,288,0,49,0
18-02 16:36:54,16.761,2.001,78.301,1.001,0,5339044,146140,183288,2333892,27147.838,12757.383,0,1537.010,0,160.105,3692,4741,1.090,1.160,1.120,0,0,0,0,0,18,287,0,49,0
18-02 16:36:55,13.715,1.995,81.043,0.997,0,5339024,146140,183288,2333912,19275.733,8775.570,0,6060.510,0,398.980,3518,4492,1.090,1.160,1.120,1,0,0,0,0,18,287,0,49,0
18-02 16:36:56,13.010,2.002,82.564,0.500,0,5338984,146140,183288,2333952,21852.824,10371.985,0,1228.946,0,112.086,3253,3991,1.090,1.160,1.120,1,0,0,0,0,18,287,0,45,0
18-02 16:36:57,26.041,5.759,64.352,2.254,0,5338952,146140,183288,2333984,2739.360,1622.582,0,2748.374,0,349.556,7678,11216,1.090,1.160,1.120,2,0,1.002,0,0,18,287,0,45,0
18-02 16:36:58,25.997,4.999,64.993,1.750,0,5339144,145664,183288,2334268,2803.678,1619.814,0,5299.390,0,470.946,7515,11229,1.160,1.170,1.130,1,0,0,0,0,18,287,0,46,0
18-02 16:36:59,26.460,5.242,64.652,1.997,0,5339512,145160,183288,2334404,2594.053,1617.539,0,6861.559,0,498.242,7504,11464,1.160,1.170,1.130,5,0,0,0,0,18,287,0,46,0
18-02 16:37:00,25.288,4.757,67.603,1.252,0,5340212,144152,183288,2334712,2541.868,1622.469,0,4615.023,0,267.407,7034,10199,1.160,1.170,1.130,1,0,1.002,0,0,18,288,0,43,0
18-02 16:37:01,25.269,4.253,65.299,1.501,0,5340276,143900,183288,2334900,2453.831,1621.210,32.024,2694.010,1.001,304.227,7652,11179,1.160,1.170,1.130,1,0,0,0,0,18,287,0,44,0
18-02 16:37:02,17.991,3.498,74.462,2.249,0,5340564,143396,183288,2335116,8431.705,4390.764,0,2526.713,0,284.855,5036,7416,1.160,1.170,1.130,0,0,0,0,0,18,286,0,45,0
18-02 16:37:03,8.997,2.499,86.223,1.250,0.250,5340816,143144,183288,2335116,6711.928,4124.727,0,2915.100,0,262.919,3178,4749,1.070,1.150,1.120,0,0,0,0,0,18,286,0,45,0
18-02 16:37:04,11.001,2.250,83.260,1.750,0,5340568,143144,183288,2335364,2220.278,1620.203,0,6768.847,0,468.059,3815,5811,1.070,1.150,1.120,2,0,0,0,0,18,287,0,42,0
18-02 16:37:05,10.253,1.751,85.777,0.750,0,5340804,142892,183288,2335380,6416.018,3832.205,0,1212.381,0,127.040,3051,4292,1.070,1.150,1.120,0,0,0,0,0,18,286,0,42,0
18-02 16:37:06,16.239,1.999,79.197,0.749,0.250,5340960,142640,183288,2335476,27727.467,12962.336,0,1331.110,0,137.908,3628,4619,1.070,1.150,1.120,0,0,0,0,0,18,286,0,42,0
18-02 16:37:07,17.265,4.003,75.064,1.501,0,5342464,141128,183288,2335484,2359.005,1621.378,0,1693.439,0,201.171,5296,7469,1.070,1.150,1.120,1,0,1.001,0,0,18,287,0,42,0
18-02 16:37:08,24.737,4.248,66.214,1.749,0,5342520,140624,183288,2335932,2578.610,1619.127,0,2618.589,0,256.862,7262,10379,1.060,1.150,1.120,1,0,0,0,0,18,287,0,43,0
18-02 16:37:09,25.226,5.245,66.188,1.249,0,5343312,139616,183288,2336148,3890.336,1618.476,0,2641.512,0,296.721,7382,10697,1.060,1.150,1.120,1,0,0,0,0,18,287,0,41,0
18-02 16:37:10,24.004,5.251,67.761,1.250,0,5344040,138608,183288,2336428,2058.332,1458.235,0,2072.334,0,190.031,6732,9629,1.060,1.150,1.120,3,0,0,0,0,18,287,0,42,0
18-02 16:37:11,15.004,2.251,78.771,1.750,0,5344236,138356,183288,2336484,27754.285,13395.516,0,10598.782,0,715.188,4263,5994,1.060,1.150,1.120,0,0,0,0,0,18,286,0,43,0
18-02 16:37:12,17.992,2.249,77.216,0.500,0,5344084,138356,183288,2336636,26187.442,12871.319,0,1495.340,0,157.930,3853,4942,1.060,1.150,1.120,0,0,0,0,0,18,286,0,43,0
18-02 16:37:13,18.008,3.752,75.034,2.251,0,5343996,138356,183288,2336724,2343.072,1620.742,0,2124.973,0,237.109,5949,8854,1.060,1.150,1.120,3,0,0,0,0,18,287,0,41,0
18-02 16:37:14,26.031,4.756,64.577,2.002,0,5344044,138104,183288,2336928,2282.733,1621.942,0,3688.416,0,395.474,7347,11159,1.060,1.150,1.120,1,0,0,0,0,18,287,0,42,0
18-02 16:37:15,23.183,3.739,68.552,1.246,0,5344920,137096,183288,2337060,6520.120,4333.452,0,2385.094,0,250.275,6215,8822,1.060,1.150,1.120,1,0,0,0,0,18,286,0,43,0
18-02 16:37:16,9.522,2.005,85.444,1.503,0,5344900,136844,183288,2337332,2419.488,1764.001,0,2461.584,0,240.546,3514,5435,1.060,1.150,1.120,1,0,2.005,0,0,18,287,0,44,0
18-02 16:37:17,5.247,1.749,90.191,0.750,0.250,5345140,136592,183288,2337344,6728.629,4140.311,0,1483.037,0,128.916,2599,3823,1.060,1.150,1.120,3,0,0.999,0,0,18,287,0,41,0
18-02 16:37:18,8.240,1.248,86.646,1.498,0,5345100,136592,183288,2337384,6739.889,4117.045,0,6332.379,0,437.474,3286,5192,0.970,1.130,1.110,0,0,0,0,0,18,286,0,41,0
18-02 16:37:19,14.268,2.503,81.600,1.001,0,5345576,136088,183288,2337412,13759.946,8088.962,0,1621.998,0,181.223,3629,5029,0.970,1.130,1.110,0,0,0,0,0,18,287,0,41,0
18-02 16:37:20,9.003,1.250,87.529,0.500,0,5345728,135848,183288,2337500,14284.652,6395.083,0,1916.624,0,97.032,2476,3170,0.970,1.130,1.110,2,0,0,0,0,18,287,0,41,0
18-02 16:37:21,22.487,4.497,69.960,0.750,0,5349068,132332,183288,2337676,15363.172,8788.950,0,1411.189,0,155.910,6018,8695,0.970,1.130,1.110,1,1,0.999,0,0,18,286,0,42,0
18-02 16:37:22,11.488,1.748,84.158,0.999,0,5348832,132332,183288,2337912,6919.472,4278.345,0,1518.348,0,179.804,3409,4657,0.970,1.130,1.110,1,0,0,0,0,18,286,0,44,0
18-02 16:37:23,6.510,2.003,89.639,0.501,0,5348816,132332,183288,2337928,2283.538,1622.514,0,813.260,0,64.099,2327,3065,0.900,1.110,1.100,1,0,0,0,0,18,287,0,44,0
18-02 16:37:24,12.744,2.499,81.964,1.249,0,5349112,131828,183288,2338136,8286.357,4250.131,0,1611.292,0,175.923,3748,5112,0.900,1.110,1.100,1,0,0,0,0,18,286,0,45,0
18-02 16:37:25,16.750,1.500,79.750,0.500,0,5349112,131828,183288,2338136,32681.906,14647.958,0,1383.996,0,121.000,3026,3593,0.900,1.110,1.100,1,0,0,0,0,18,288,0,39,0
18-02 16:37:26,6.502,1.501,90.280,0,0,5349284,131604,183288,2338188,12653.257,6501.187,0,4549.531,0,390.131,2126,2529,0.900,1.110,1.100,0,0,0,0,0,18,287,0,39,0
18-02 16:37:27,5.496,0.999,90.190,0.750,0,5349284,131604,183288,2338188,7281.196,3848.461,0,831.451,0,71.953,2207,3090,0.900,1.110,1.100,1,0,0.999,0,0,18,287,0,39,0
18-02 16:37:28,10.007,1.251,87.808,0.250,0,5349136,131604,183288,2338336,24647.365,13051.666,0,560.372,0,37.025,1818,1986,0.820,1.090,1.100,0,0,0,0,0,18,288,0,39,0
18-02 16:37:29,7.998,1.250,88.977,0.250,0,5349388,131352,183288,2338336,11061.156,6214.402,0,923.762,0,81.979,2029,2745,0.820,1.090,1.100,0,0,0,0,0,18,287,0,35,0
18-02 16:37:30,17.753,2.500,76.015,2.000,0,5349328,131352,183288,2338396,27446.281,13193.538,0,1660.319,0,203.039,4062,5415,0.820,1.090,1.100,1,0,0,0,0,18,287,0,35,0
18-02 16:37:31,12.453,1.992,82.935,0.249,0,5349292,131352,183288,2338432,21765.268,10486.141,0,1701.532,0,116.557,3144,4163,0.820,1.090,1.100,1,0,0,0,0,18,287,0,35,0
18-02 16:37:32,26.090,5.268,65.476,2.007,0,5349204,131100,183288,2338772,2262.803,1463.045,0,2817.717,0,339.170,7744,11359,0.820,1.090,1.100,2,0,0,0,0,18,287,0,35,0
18-02 16:37:33,19.983,4.496,71.940,2.248,0,5349916,130344,183288,2338816,6593.547,4342.408,0,8337.104,0,594.508,6389,9654,0.840,1.090,1.100,0,0,0,0,0,18,286,0,36,0
18-02 16:37:34,11.503,2.001,84.023,0.500,0,5349976,130092,183288,2339008,2340.645,1662.458,0,1240.342,0,107.029,3067,4253,0.840,1.090,1.100,1,0,0,0,0,18,287,0,36,0
18-02 16:37:35,16.262,2.502,78.557,1.001,0,5349780,130092,183288,2339204,26146.877,12886.303,0,1565.130,0,161.116,3754,4996,0.840,1.090,1.100,0,0,0,0,0,18,286,0,36,0
18-02 16:37:36,20.761,3.502,71.788,1.751,0,5349968,129840,183288,2339268,3836.041,1620.862,0,2201.171,0,264.141,6003,8742,0.840,1.090,1.100,1,0,0,0,0,18,287,0,36,0
18-02 16:37:37,24.947,5.239,66.109,1.247,0,5349652,129840,183288,2339584,2531.612,1658.470,0,2538.597,0,234.501,7465,10809,0.840,1.090,1.100,2,0,0.998,0,0,18,287,0,33,0
18-02 16:37:38,25.332,5.267,66.216,1.756,0,5350464,128832,183288,2339780,2648.623,1625.291,0,2604.479,0,274.895,7121,10291,0.850,1.090,1.100,4,0,0,0,0,18,286,0,37,0
18-02 16:37:39,5.989,0.749,89.838,1.248,0,5350368,128832,183288,2339876,6485.334,4177.486,0,6671.999,0,434.219,2863,4733,0.850,1.090,1.100,1,0,0,0,0,18,287,0,37,0
18-02 16:37:40,13.270,2.253,81.123,1.252,0,5350404,128580,183288,2340092,2343.556,1622.462,16.024,1798.729,1.002,203.308,3891,5560,0.850,1.090,1.100,1,1,0,0,0,18,287,0,37,0
18-02 16:37:41,18.732,2.747,75.677,1.249,0,5350536,128328,183288,2340212,26036.827,12864.562,0,2425.655,0,215.791,4543,5850,0.850,1.090,1.100,0,0,0,0,0,18,286,0,33,0
18-02 16:37:42,21.002,2.250,74.006,1.000,0,5350496,128328,183288,2340252,26386.023,13394.027,0,1524.117,0,170.013,4261,5460,0.850,1.090,1.100,0,0,0,0,0,18,286,0,34,0
18-02 16:37:43,18.762,5.503,73.797,0.250,0,5354456,153076,183284,2311580,5412.418,3659.311,0,1180.746,0,103.065,4381,10010,0.940,1.100,1.100,0,0,36.023,0,0,18,287,0,35,0
18-02 16:37:44,10.996,1.499,84.719,0.500,0,5354668,152852,183284,2311592,24610.003,10967.990,0,1099.598,0,105.961,2902,3686,0.940,1.100,1.100,1,0,0,0,0,18,287,0,36,0
18-02 16:37:45,25.253,5.251,66.759,2.000,0,5354528,152852,183284,2311732,2280.293,1620.208,0,2492.320,0,291.037,7131,10345,0.940,1.100,1.100,3,0,0,0,0,18,287,0,34,0
18-02 16:37:46,26.481,5.246,62.455,3.248,0,5354720,152348,183284,2312040,1996.567,1456.954,31.977,14257.767,0.999,1140.182,9330,14887,0.940,1.100,1.100,2,0,0,0,0,18,287,0,34,0
18-02 16:37:47,27.038,4.006,65.842,1.252,0,5355136,151876,183284,2312096,2420.366,1622.256,0,2859.977,0,255.355,7507,10643,0.940,1.100,1.100,1,0,1.001,0,0,18,287,0,35,0
18-02 16:37:48,25.457,4.742,66.636,1.248,0,5355080,151624,183284,2312404,2455.805,1617.237,0,1852.835,0,166.715,6966,9923,1.110,1.140,1.110,1,0,5.990,0,0,18,288,0,37,0
18-02 16:37:49,14.025,2.755,79.891,1.252,0,5355028,151624,183284,2312456,6670.782,4428.822,0,2155.808,0,221.391,3998,5873,1.110,1.140,1.110,0,0,0,0,0,18,286,0,31,0
18-02 16:37:50,11.993,1.749,82.701,0.999,0,5354976,151372,183284,2312760,2278.654,1619.044,0,1882.888,0,195.884,3906,5591,1.110,1.140,1.110,2,0,0,0,0,18,287,0,32,0
18-02 16:37:51,18.724,2.497,76.145,1.248,0,5354960,151372,183288,2312772,21526.318,10742.188,0,2668.321,0,251.653,4262,5964,1.110,1.140,1.110,1,0,0,0,0,18,287,0,33,0
18-02 16:37:52,15.260,3.252,78.051,1.751,0,5354816,151372,183288,2312916,10124.657,6433.230,0,6308.147,0,461.303,4546,6582,1.110,1.140,1.110,0,0,0,0,0,18,287,0,34,0
18-02 16:37:53,6.257,1.251,90.102,0.751,0,5355036,151120,183288,2312948,3245.660,1633.842,0,997.124,0,73.082,2274,3187,1.020,1.120,1.100,2,0,0,0,0,18,287,0,34,0
18-02 16:37:54,15.722,2.496,78.611,0.499,0,5354844,151120,183288,2313140,26016.108,12854.325,0,1313.683,0,125.778,3567,4523,1.020,1.120,1.100,1,0,0,0,0,18,286,0,33,0
18-02 16:37:55,20.533,4.257,72.368,1.502,0,5354752,151120,183288,2313232,2524.099,1622.635,16.026,2083.383,1.002,253.412,6281,9328,1.020,1.120,1.100,1,0,0,0,0,18,287,0,33,0
18-02 16:37:56,25.964,3.994,64.409,1.997,0,5354532,151120,183288,2313452,2216.885,1617.727,0,3251.431,0,398.440,7253,10863,1.020,1.120,1.100,2,0,0,0,0,18,287,0,33,0
18-02 16:37:57,25.773,5.755,64.808,2.252,0,5354592,150896,183288,2313616,2539.273,1621.452,0,7114.370,0,730.654,7969,11168,1.020,1.120,1.100,2,0,1.001,0,0,18,287,0,34,0
18-02 16:37:58,24.972,3.996,66.676,0.999,0,5355060,150140,183288,2313904,2457.258,1618.194,0,5645.700,0,396.557,7037,10290,1.020,1.110,1.100,2,0,0,0,0,18,287,0,35,0
18-02 16:37:59,25.462,4.743,66.151,1.498,0,5355916,149132,183288,2314056,2114.832,1455.819,0,1993.014,0,220.669,6504,9328,1.020,1.110,1.100,2,0,0,0,0,18,287,0,36,0
18-02 16:38:00,7.017,1.253,90.220,0.752,0,5355828,149132,183288,2314144,6795.606,4360.656,0,2000.889,0,131.321,2410,3537,1.020,1.110,1.100,1,0,0,0,0,18,287,0,36,0
18-02 16:38:01,15.015,2.252,79.327,1.501,0.250,5355736,149132,183292,2314232,2282.226,1621.582,0,2782.714,0,306.299,4634,6811,1.020,1.110,1.100,3,0,0,0,0,18,287,0,36,0
18-02 16:38:02,17.201,1.994,76.780,0.997,0,5355540,149132,183292,2314428,26249.857,12882.124,0,1599.422,0,163.532,3952,5142,1.020,1.110,1.100,0,0,0,0,0,18,286,0,35,0
18-02 16:38:03,13.247,2.500,80.984,1.250,0,5355340,149132,183292,2314628,6597.695,4349.140,15.997,1543.695,1.000,168.967,3678,5294,0.940,1.100,1.100,0,0,0,0,0,18,286,0,36,0
18-02 16:38:04,14.530,2.756,80.665,1.002,0,5355228,149132,183292,2314740,6435.144,3979.127,0,1811.700,0,178.364,3630,4929,0.940,1.100,1.100,1,0,0,0,0,18,287,0,37,0
18-02 16:38:05,11.760,2.252,84.823,0.500,0,5355204,149132,183292,2314764,22053.000,10535.076,0,1225.055,0,92.079,2912,3759,0.940,1.100,1.100,2,0,0,0,0,18,287,0,37,0
18-02 16:38:06,25.007,5.001,65.017,1.750,0,5355408,148628,183296,2315060,3742.974,1552.404,0,3136.816,0,351.091,7770,11714,0.940,1.100,1.100,1,0,1.000,0,0,18,287,0,36,0
18-02 16:38:07,25.750,5.500,63.000,3.250,0,5355692,148124,183296,2315280,2577.010,1620.007,0,9972.040,0,822.003,8692,13485,0.940,1.100,1.100,1,0,1.000,0,0,18,287,0,36,0
18-02 16:38:08,25.487,4.747,66.465,1.249,0,5356592,147116,183296,2315388,2752.546,1759.071,15.992,2162.857,0.999,250.867,7211,10378,1.100,1.130,1.110,1,0,0,0,0,18,287,0,39,0
18-02 16:38:09,6.245,1.749,89.935,0.749,0,5356484,147116,183296,2315496,8350.969,4198.967,0,1379.004,0,98.929,2249,3188,1.100,1.130,1.110,1,0,0,0,0,18,287,0,39,0
18-02 16:38:10,15.504,2.501,79.271,1.000,0,5356528,146864,183300,2315700,17567.631,9014.376,0,2108.556,0,207.055,3947,5468,1.100,1.130,1.110,0,0,0,0,0,18,286,0,39,0
18-02 16:38:11,20.261,2.251,74.790,0.750,0,5356660,146612,183300,2315820,43159.366,19717.675,0,1280.693,0,129.070,3565,4358,1.100,1.130,1.110,2,0,0,0,0,18,287,0,39,0
18-02 16:38:12,14.479,1.248,80.631,1.248,0,5356596,146612,183300,2315884,22019.374,10666.196,0,1298.077,0,141.790,3561,4714,1.100,1.130,1.110,1,0,0,0,0,18,287,0,40,0
18-02 16:38:13,13.987,3.247,80.175,0.999,0,5356820,146360,183300,2315912,10820.831,5899.456,0,4939.358,0,328.691,4474,6566,1.090,1.120,1.110,1,0,0,0,0,18,287,0,40,0
18-02 16:38:14,24.047,5.260,65.880,2.004,0,5357028,145856,183300,2316208,2284.509,1623.204,0,2937.799,0,297.587,7220,10681,1.090,1.120,1.110,1,0,0,0,0,18,287,0,39,0
18-02 16:38:15,15.469,2.745,78.842,1.248,0,5357200,145604,183300,2316288,6525.924,4340.303,0,2223.545,0,236.526,4286,6412,1.090,1.120,1.110,0,0,0,0,0,18,286,0,40,0
18-02 16:38:16,14.991,2.249,80.200,1.249,0,5357252,145352,183300,2316488,14947.597,8044.939,0,1950.773,0,164.896,3403,4599,1.090,1.120,1.110,0,0,1.999,0,0,18,287,0,40,0
18-02 16:38:17,15.525,3.506,77.376,1.252,0,5356556,146032,183300,2316504,13493.976,6457.517,0,7728.587,0,481.785,4861,6589,1.090,1.120,1.110,2,0,1.002,0,0,18,287,0,40,0
18-02 16:38:18,26.291,5.258,65.602,1.252,0,5357688,144576,183300,2316828,2463.818,1622.514,0,2908.507,0,303.470,7541,11053,1.090,1.120,1.110,2,0,0,0,0,18,288,0,37,0
18-02 16:38:19,12.479,2.745,81.864,1.498,0,5357908,144324,183300,2316860,6426.299,4171.054,0,2687.525,0,260.566,3788,5672,1.090,1.120,1.110,0,0,0,0,0,18,286,0,39,0
18-02 16:38:20,18.029,3.506,75.621,1.252,0,5358264,143820,183300,2317008,6669.634,4347.932,0,2239.571,0,201.321,4250,5722,1.090,1.120,1.110,1,0,0,0,0,18,286,0,41,0
18-02 16:38:21,10.507,2.251,83.554,1.751,0,5358460,143580,183300,2317052,2415.558,1761.136,0,7288.700,0,470.303,3798,5748,1.090,1.120,1.110,2,0,0,0,0,18,287,0,41,0
18-02 16:38:22,14.467,3.243,78.573,1.247,0,5361820,140052,183300,2317236,26191.873,12708.312,0,1237.207,0,122.723,5225,7647,1.090,1.120,1.110,2,0,0.998,0,0,18,287,0,38,0
18-02 16:38:23,22.761,3.001,72.284,0.750,0,5362132,139548,183300,2317428,26140.324,12883.074,64.030,1360.641,4.002,144.068,4997,6427,1,1.100,1.100,0,0,0,0,0,18,286,0,40,0
18-02 16:38:24,23.928,3.988,68.545,1.246,0,5362088,139296,183300,2317724,2213.385,1615.173,0,2233.325,0,269.195,6427,9334,1,1.100,1.100,1,0,0,0,0,18,287,0,40,0
18-02 16:38:25,25.081,5.016,66.715,1.254,0,5361820,139296,183300,2317992,2227.173,1625.234,0,2624.452,0,228.737,7013,10029,1,1.100,1.100,2,0,0,0,0,18,287,0,40,0
18-02 16:38:26,27.270,4.754,64.548,1.501,0,5361552,139296,183300,2318260,2221.662,1621.213,0,2838.123,0,329.246,7610,10964,1,1.100,1.100,1,0,0,0,0,18,287,0,37,0
18-02 16:38:27,17.221,3.993,74.876,2.496,0,5361724,139048,183300,2318332,6443.313,4177.072,0,6501.217,0,510.154,5480,8421,1,1.100,1.100,0,0,0.998,0,0,18,286,0,39,0
18-02 16:38:28,13.751,2.500,80.758,0.750,0,5361976,138544,183300,2318584,7275.737,4170.423,0,1448.147,0,141.014,3516,4848,1.080,1.120,1.100,0,0,0,0,0,18,287,0,40,0
18-02 16:38:29,7.753,1.250,88.532,0.750,0,5361944,138544,183300,2318616,3645.318,1794.649,0,1084.392,0,81.029,2387,3263,1.080,1.120,1.100,3,0,0,0,0,18,287,0,40,0
18-02 16:38:30,10.754,2.001,84.027,1.000,0,5362160,138292,183300,2318652,6661.172,4347.417,0,2008.655,0,212.069,3328,4849,1.080,1.120,1.100,0,0,0,0,0,18,286,0,41,0
18-02 16:38:31,23.274,4.254,71.322,0.250,0,5366472,133756,183300,2318876,2342.374,1621.643,0,880.893,0,63.064,3870,4299,1.080,1.120,1.100,1,0,0,0,0,18,287,0,41,0
18-02 16:38:32,26.489,3.249,67.723,1.000,0,5373144,126952,183300,2319008,9796.040,5815.649,0,1919.224,0,172.930,4566,5379,1.080,1.120,1.100,1,0,0,0,0,18,287,0,42,0
18-02 16:38:33,12.492,1.999,82.948,0.500,0,5372952,126952,183300,2319200,21727.386,10709.290,0,1131.291,0,102.936,2829,3663,1.230,1.150,1.110,0,0,0,0,0,18,287,0,42,0
18-02 16:38:34,11.765,1.252,84.610,0.751,0,5372928,126952,183300,2319224,24421.706,10733.935,0,1209.570,0,126.164,2760,3612,1.230,1.150,1.110,1,0,0,0,0,18,286,0,42,0
18-02 16:38:35,13.493,1.499,82.207,0.750,0,5372896,126952,183300,2319256,26053.467,12870.315,0,1351.298,0,140.927,3224,4111,1.230,1.150,1.110,1,0,0,0,0,18,286,0,40,0
18-02 16:38:36,22.990,4.748,68.721,1.749,0,5372916,126700,183300,2319488,2219.067,1619.319,0,2331.020,0,285.880,6491,9645,1.230,1.150,1.110,1,0,0,0,0,18,287,0,41,0
18-02 16:38:37,25.953,4.741,64.632,2.246,0,5373980,125440,183300,2319684,5541.910,4206.341,0,7618.130,0,569.962,7496,11157,1.230,1.150,1.110,1,0,0.998,0,0,18,287,0,47,0
18-02 16:38:38,6.496,1.249,90.688,0.250,0,5374184,124964,183300,2319956,5260.422,1792.781,0,6643.481,0,404.725,2246,2925,1.130,1.130,1.110,2,0,0,0,0,18,290,0,48,0
18-02 16:38:39,25.587,3.763,69.486,0.753,0.251,5374392,124712,183300,2320000,2287.785,1625.531,0,903.073,0,61.208,5958,7839,1.130,1.130,1.110,1,0,0,0,0,18,290,0,46,0
18-02 16:38:40,24.967,3.495,68.159,0.999,0,5375808,122960,183300,2320320,2115.183,1456.061,111.851,1713.718,5.992,171.771,6545,8880,1.130,1.130,1.110,1,0,1.997,0,0,18,292,0,67,0
18-02 16:38:41,26.528,3.504,67.823,0.751,0,5376800,121700,183300,2320588,2282.444,1621.737,0,1329.424,0,123.132,5913,7758,1.130,1.130,1.110,1,0,1.001,0,0,18,290,0,87,0
18-02 16:38:42,31.937,3.244,61.879,0.998,0,5377488,120692,183300,2320908,34606.202,17062.572,0,1636.793,0,163.679,5875,6956,1.130,1.130,1.110,0,0,0,0,0,18,290,0,89,0
18-02 16:38:43,18.257,6.503,73.029,0.750,0,5386740,141960,183300,2290212,13456.327,6449.553,0,1148.455,0,92.036,4604,10791,1.360,1.180,1.120,1,0,36.014,0,0,18,290,0,90,0
18-02 16:38:44,24.789,5.509,65.102,1.753,0,5380720,147880,183300,2290544,2343.666,1622.538,0,3509.489,0,360.564,7598,11123,1.360,1.180,1.120,1,0,0,0,0,18,290,0,91,0
18-02 16:38:45,16.466,3.493,76.841,1.746,0,5380680,147880,183300,2290584,6645.208,4386.895,0,2666.466,0,277.424,4895,7111,1.360,1.180,1.120,0,0,0,0,0,18,289,0,93,0
18-02 16:38:46,9.725,2.494,83.537,1.746,0,5380576,147880,183300,2290688,6712.844,4279.064,0,6479.441,0,469.799,3789,5945,1.360,1.180,1.120,0,0,0,0,0,18,289,0,93,0
18-02 16:38:47,10.532,2.257,84.259,1.505,0,5380532,147880,183300,2290732,6725.691,4140.739,0,4040.430,0,212.654,3665,5315,1.360,1.180,1.120,0,0,1.003,0,0,18,289,0,91,0
18-02 16:38:48,8.999,2.000,86.987,0.750,0,5381324,146908,183300,2290912,2533.615,1759.732,0,1119.830,0,101.984,2691,3517,1.330,1.170,1.120,3,0,5.999,0,0,18,290,0,91,0
18-02 16:38:49,5.260,1.002,91.425,0.501,0,5380744,147480,183300,2290920,6789.017,4158.974,0,849.629,0,65.125,2007,2753,1.330,1.170,1.120,1,0,0,0,0,18,290,0,91,0
18-02 16:38:50,21.475,2.996,74.163,0.499,0,5382540,145464,183300,2291140,6466.401,3826.504,0,1146.653,0,102.879,4261,5148,1.330,1.170,1.120,1,0,0,0,0,18,289,0,92,0
18-02 16:38:51,8.508,1.501,87.329,1.001,0,5382680,145240,183300,2291224,6479.879,3834.479,0,1189.079,0,120.109,2565,3576,1.330,1.170,1.120,0,0,0,0,0,18,289,0,87,0
18-02 16:38:52,8.745,1.249,87.454,0.500,0.250,5382620,145240,183300,2291284,6607.539,3828.994,0,1351.292,0,132.930,2577,3573,1.330,1.170,1.120,0,0,0,0,0,18,289,0,87,0
18-02 16:38:53,7.249,1.250,89.987,0.250,0,5382832,145016,183300,2291296,2339.655,1619.761,0,5179.236,0,392.942,1812,2159,1.470,1.210,1.130,1,0,0,0,0,18,290,0,87,0
18-02 16:38:54,15.710,1.746,78.798,0.748,0,5376860,150900,183300,2291384,25845.841,12682.536,0,1368.497,0,150.614,3369,4352,1.470,1.210,1.130,0,0,0,0,0,18,289,0,87,0
18-02 16:38:55,22.747,4.999,68.740,2.000,0,5376768,150900,183300,2291476,2219.665,1619.756,0,2719.590,0,340.949,7024,10641,1.470,1.210,1.130,1,0,0,0,0,18,290,0,84,0
18-02 16:38:56,25.082,4.264,67.470,1.505,0,5377552,149892,183300,2291696,2468.050,1625.302,0,7347.968,0,470.535,6618,9356,1.470,1.210,1.130,2,0,0,0,0,18,290,0,86,0
18-02 16:38:57,12.747,2.499,81.233,1.500,0,5378152,149140,183300,2291848,6794.588,4357.094,0,1843.617,0,207.957,3871,5730,1.470,1.210,1.130,1,0,1.000,0,0,18,289,0,89,0
18-02 16:38:58,14.736,1.499,81.425,0.500,0,5377996,149140,183300,2292004,7088.453,4115.199,0,1318.782,0,131.878,2970,3820,1.350,1.190,1.130,0,0,0,0,0,18,290,0,89,0
18-02 16:38:59,10.002,1.500,86.270,0.500,0,5378188,148916,183300,2292036,7916.794,4005.908,0,1308.296,0,129.029,2907,4081,1.350,1.190,1.130,0,0,0,0,0,18,289,0,88,0
18-02 16:39:00,8.472,1.994,87.714,0.748,0,5378160,148916,183300,2292064,6297.470,3645.117,0,1008.712,0,87.714,2434,3412,1.350,1.190,1.130,1,0,0,0,0,18,289,0,88,0
18-02 16:39:01,13.305,2.008,81.839,0.753,0,5378344,148664,183300,2292132,21952.881,10722.389,0,1373.687,0,144.599,3375,4555,1.350,1.190,1.130,2,0,0,0,0,18,290,0,88,0
18-02 16:39:02,26.240,4.248,65.725,1.749,0,5378824,148172,183300,2292144,2416.072,1619.378,0,2654.980,0,297.886,6901,10256,1.350,1.190,1.130,3,0,0,0,0,18,290,0,89,0
18-02 16:39:03,22.506,2.751,72.771,1.000,0,5201280,325188,183308,2292664,9632.761,259760.455,260.075,2836.813,6.002,167.048,3034,2744,1.320,1.180,1.130,0,0,14.004,0,0,18,289,0,86,0
18-02 16:39:04,1.743,1.743,94.128,0.249,0,5199428,327040,183308,2292664,2211.264,1613.625,0,828.726,0,49.803,1276,1919,1.320,1.180,1.130,0,0,0,0,0,18,289,0,86,0
18-02 16:39:05,2.504,1.252,95.142,0.501,0,5199428,327040,183308,2292664,2223.319,1622.422,0,2639.941,0,148.221,1502,2319,1.320,1.180,1.130,0,0,0,0,0,18,289,0,86,0
18-02 16:39:06,1.755,0.501,96.002,0,0,5199428,327040,183308,2292664,2312.065,1624.261,0,0,0,0,1139,1646,1.320,1.180,1.130,0,0,0,0,0,18,289,0,86,0
18-02 16:39:07,2.999,1.499,93.205,0.250,0,5199428,327040,183308,2292664,2219.918,1457.289,0,263.871,0,39.981,2021,2939,1.320,1.180,1.130,0,0,1.000,0,0,18,289,0,85,0
18-02 16:39:08,1.750,0.500,96.003,0,0,5198336,328128,183308,2292668,2546.069,1620.044,0,392.011,0,23.001,1134,1710,1.220,1.160,1.120,0,0,0,0,0,18,289,0,85,0
18-02 16:39:09,1.751,1.251,95.798,0,0,5198336,328128,183308,2292668,2513.255,1620.809,0,32.016,0,4.002,1096,1621,1.220,1.160,1.120,1,0,0,0,0,18,289,0,85,0
18-02 16:39:10,2.498,0.500,94.914,0.500,0,5198336,328128,183308,2292668,4008.373,1618.535,0,179.837,0,18.983,1394,2063,1.220,1.160,1.120,0,0,0,0,0,18,289,0,85,0
18-02 16:39:11,7.992,0.999,89.407,0.250,0,5198332,328128,183308,2292672,22137.035,10654.947,0,235.755,0,24.974,1719,1963,1.220,1.160,1.120,0,0,0,0,0,18,289,0,81,0
18-02 16:39:12,3.505,1.502,92.893,0.751,0.250,5198308,328128,183308,2292696,2593.005,1622.506,0,384.594,0,55.085,1922,2776,1.220,1.160,1.120,0,1,0,0,0,18,289,0,81,0
18-02 16:39:13,2.248,0.749,95.177,0.250,0,5198304,328128,183308,2292700,2228.288,1456.880,0,567.564,0,42.967,1336,1993,1.120,1.140,1.110,0,0,0,0,0,18,289,0,81,0
18-02 16:39:14,2.248,0.500,95.683,0,0,5193748,332684,183308,2292700,2390.329,1618.868,0,2965.926,0,374.738,1328,1684,1.120,1.140,1.110,0,0,0,0,0,18,289,0,81,0
18-02 16:39:15,2.755,1.252,94.658,0.250,0,5193716,332716,183308,2292700,2396.012,1622.717,0,128.215,0,18.030,1457,2094,1.120,1.140,1.110,0,0,1.002,0,0,18,289,0,78,0
18-02 16:39:16,2.748,1.249,94.187,0.500,0,5193712,332716,183308,2292704,3949.368,1618.921,0,4281.147,0,212.858,1760,2794,1.120,1.140,1.110,0,0,1.999,0,0,18,289,0,78,0
18-02 16:39:17,3.499,1.250,92.967,0.500,0,5193708,332716,183308,2292708,2528.111,1619.430,0,411.855,0,49.982,1944,2840,1.120,1.140,1.110,1,0,1.000,0,0,18,289,0,78,0
18-02 16:39:18,2.252,1.001,95.815,0.250,0,5193696,332716,183308,2292720,2547.719,1621.094,0,312.211,0,19.013,1130,1726,1.030,1.120,1.110,0,0,0,0,0,18,289,0,78,0
18-02 16:39:19,1.750,0.500,95.736,0,0,5193696,332716,183308,2292720,2365.661,1619.768,0,155.978,0,12.998,1156,1730,1.030,1.120,1.110,0,0,0,0,0,18,289,0,78,0
18-02 16:39:20,2.251,1.250,95.524,0,0,5193696,332716,183308,2292720,3704.915,1458.360,0,84.021,0,9.002,1244,1735,1.030,1.120,1.110,1,0,0,0,0,18,289,0,76,0
18-02 16:39:21,3.501,1.000,94.530,0,0,5193932,332476,183308,2292724,2280.714,1620.507,0,0,0,0,1462,1831,1.030,1.120,1.110,0,0,0,0,0,18,289,0,76,0
18-02 16:39:22,6.496,2.498,88.690,0.250,0,5195824,330472,183308,2292836,2415.373,1618.909,0,219.852,0,26.982,3970,6089,1.030,1.120,1.110,1,0,0.999,0,0,18,289,0,76,0
18-02 16:39:23,4.246,1.249,92.655,0.250,0,5195812,330472,183308,2292848,2217.730,1618.343,0,515.472,0,30.968,1725,2185,0.950,1.100,1.100,1,0,0,0,0,18,289,0,76,0
18-02 16:39:24,3.505,1.001,93.874,0,0,5195804,330472,183308,2292856,2222.941,1622.146,0,296.392,0,23.030,1512,2094,0.950,1.100,1.100,0,0,0,0,0,18,289,0,72,0
18-02 16:39:25,2.499,0.750,95.219,0.250,0,5195804,330472,183308,2292856,2279.250,1619.467,0,115.962,0,10.996,1271,1789,0.950,1.100,1.100,0,0,0,0,0,18,289,0,72,0
18-02 16:39:26,2.250,0.500,95.480,0,0,5195796,330472,183308,2292864,2057.569,1457.695,0,47.990,0,5.999,1166,1696,0.950,1.100,1.100,0,0,0,0,0,18,289,0,72,0
18-02 16:39:27,3.753,1.501,93.334,0.250,0,5196048,330220,183308,2292864,2419.175,1621.458,0,344.310,0,37.033,1898,2871,0.950,1.100,1.100,0,0,1.001,0,0,18,289,0,72,0
18-02 16:39:28,1.999,0.250,95.933,0.250,0,5196048,330220,183308,2292864,2458.289,1618.873,0,323.775,0,19.986,1174,1705,0.950,1.100,1.100,0,0,0,0,0,18,289,0,70,0
18-02 16:39:29,2.000,1.000,95.727,0.250,0,5196048,330220,183308,2292864,5386.714,1619.613,0,47.989,0,3.999,1107,1616,0.950,1.100,1.100,0,0,0,0,0,18,289,0,70,0
18-02 16:39:30,2.502,0.500,95.065,0,0,5196044,330220,183308,2292868,2281.555,1621.105,0,596.406,0,107.073,1414,2085,0.950,1.100,1.100,0,0,0,0,0,18,289,0,70,0
18-02 16:39:31,2.498,0.999,94.935,0.250,0,5196044,330220,183308,2292868,2278.432,1618.886,0,255.824,0,22.984,1471,2165,0.950,1.100,1.100,0,0,0,0,0,18,289,0,70,0
18-02 16:39:32,2.501,1.000,94.027,0.250,0,5196044,330220,183308,2292868,2417.685,1620.459,0,340.096,0,34.010,1628,2401,0.950,1.100,1.100,1,0,0,0,0,18,289,0,67,0
18-02 16:39:33,2.501,1.001,95.300,0.250,0,5196032,330220,183308,2292880,1999.050,1458.766,0,760.399,0,74.039,1256,1850,0.870,1.080,1.090,1,0,0,0,0,18,289,0,67,0
18-02 16:39:34,2.248,0.749,95.922,0.250,0,5196032,330220,183308,2292880,281.771,203.834,0,167.863,0,12.989,1136,1711,0.870,1.080,1.090,0,0,0,0,0,18,289,0,67,0
18-02 16:39:35,7.497,2.499,88.218,0.250,0,5196172,330072,183316,2292880,278282.527,6467.642,3.999,235.914,1.000,48.982,2035,2073,0.870,1.080,1.090,1,0,6.997,0,0,18,289,0,67,0
18-02 16:39:36,13.262,4.504,80.576,0.250,0,5201928,324192,183344,2292976,146791.957,9839.247,108.102,0,5.005,0,2818,2423,0.870,1.080,1.090,0,0,27.025,0,0,18,289,0,65,0
18-02 16:39:37,13.747,4.499,79.234,0.500,0,5215864,310240,183348,2292988,291135.630,9214.121,0,447.909,0,35.993,3271,3456,0.870,1.080,1.090,1,0,18.996,0,0,18,289,0,65,0
18-02 16:39:38,21.251,6.750,71.503,0.250,0,5219680,296404,183352,2302988,1040.047,540.024,16.001,460.021,1.000,24.001,2485,1966,0.880,1.080,1.090,2,0,15.001,0,0,18,289,0,65,0
18-02 16:39:39,16.265,6.005,71.064,4.754,0,5215248,288524,183412,2315192,846.768,486.441,2049.859,52.047,84.076,4.004,2580,2021,0.880,1.080,1.090,1,0,19.017,0,0,18,289,0,65,0
