"pcp-dstat 6.2.0 CSV Output"
"Author:","PCP team <pcp@groups.io> and Dag Wieers <dag@wieers.com>",,,,"URL:","https://pcp.io/ and http://dag.wieers.com/home-made/dstat/"
"Host:","ubuntu",,,,"User:","ubuntu"
"Cmdline:","dstat -tcmndrylpg --tcp --output /tmp/devstack_logs/dstat-csv.log",,,,"Date:","19 May 2026 14:05:01 UTC"
"system","total usage",,,,,"memory usage",,,,"net/total",,"dsk/total",,"io/total",,"system",,"load avg",,,"procs",,,"paging",,"tcp sockets",,,,
"time","total usage:usr","total usage:sys","total usage:idl","total usage:wai","total usage:stl","used","free","buf","cach","net/total:recv","net/total:send","dsk/total:read","dsk/total:writ","read","writ","int","csw","1m","5m","15m","run","blk","new","in","out","lis","act","syn","tim","clo"
19-05 14:05:01,,1052364,1610884,162012,4998176,,,,,,,1.520,1.010,0.620,3,0,,,,10,4,0,17,0
19-05 14:05:02,19.487,21.236,58.213,0.500,0,1053388,1609520,162044,4998440,16593.316,5353.553,0,547.647,0,21.986,5607,4130,1.520,1.010,0.620,3,0,394.746,0,0,10,5,0,17,0
19-05 14:05:03,22.715,20.967,54.665,0.250,0,1018280,1644252,162128,4999076,38159.449,11576.933,0,1457.725,0,46.927,5575,4217,1.520,1.010,0.620,5,0,330.484,0,0,10,6,0,17,0
19-05 14:05:04,28.027,17.767,52.300,0.500,0,998924,1662896,162240,4999460,25730.828,15092.563,0,1913.847,0,58.056,5678,5603,1.520,1.010,0.620,4,0,242.234,0,0,10,6,0,17,0
19-05 14:05:05,37.141,12.962,45.367,3.739,0,1134316,1525992,162300,5125188,14633.131,10189.150,897.371,1032.974,18.945,29.912,5432,5844,1.560,1.030,0.620,0,1,117.655,0,0,11,5,0,17,1
19-05 14:05:06,37.898,8.228,42.635,9.973,0,1143512,1509596,162412,5132068,32798.360,8286.605,6386.739,1543.828,110.701,60.836,3966,3044,1.560,1.030,0.620,6,0,89.757,0,0,11,7,0,17,1
19-05 14:05:07,33.466,10.316,55.608,0.755,0,1156648,1479268,162568,5148408,188704.980,15778.675,0,1972.712,0,65.422,3976,2848,1.560,1.030,0.620,2,0,117.759,0,0,11,6,1,17,2
19-05 14:05:08,38.810,8.210,48.263,3.483,0,1180656,1441988,163308,5158956,2406.201,1524.524,206.985,2380.328,8.956,88.566,3871,2869,1.560,1.030,0.620,4,0,90.556,0,0,11,6,1,19,2
19-05 14:05:09,41.078,4.509,48.342,5.010,0,1226052,1383736,163536,5169964,2619.975,1534.915,1695.219,2067.927,114.217,25.048,2903,1849,1.560,1.030,0.620,3,0,0,0,0,11,6,1,19,2
19-05 14:05:10,45.771,4.752,48.523,0.500,0,1248276,1350032,163900,5179632,2549.187,1532.713,112.052,1292.602,5.002,19.009,2957,1786,1.600,1.040,0.630,3,0,0,0,0,11,6,1,19,2
19-05 14:05:11,40.779,5.004,46.533,6.004,0,1270312,1304080,164728,5200924,2599.862,1533.098,16.011,18641.348,1.001,1187.851,7218,11232,1.600,1.040,0.630,1,1,13.009,0,0,11,8,1,19,2
19-05 14:05:12,36.072,8.016,40.581,13.276,0,1278904,1279272,165960,5214052,2603.193,1535.062,0,63883.438,0,4159.297,14835,30141,1.600,1.040,0.630,2,0,63.126,0,0,11,8,1,19,2
19-05 14:05:13,42.069,8.961,47.047,1.991,0,1208300,1325520,166476,5235932,2720.291,1505.520,0,8049.352,0,616.347,5018,5816,1.600,1.040,0.630,3,0,80.653,0,0,11,6,1,19,2
19-05 14:05:14,44.754,4.750,48.254,1.000,0,1258860,1263652,167152,5244972,4535.374,1532.126,0,3032.250,0,208.017,3122,2072,1.600,1.040,0.630,3,0,0,0,0,11,6,1,19,2
19-05 14:05:15,46.312,4.756,47.563,1.001,0,1319196,1218836,167376,5229244,3106.127,1940.578,0,9933.198,0,712.947,3731,3250,1.630,1.060,0.640,5,0,8.011,0,0,11,4,1,13,0
19-05 14:05:16,41.586,5.261,52.358,0,0,1309692,1228304,167388,5229260,8234.964,3617.452,0,14818.527,0,134.277,3133,1869,1.630,1.060,0.640,3,0,38.078,0,0,11,5,1,13,0
19-05 14:05:17,44.755,6.001,48.756,0.250,0,1286704,1244528,167692,5234988,2880.353,1632.200,0,1300.159,0,73.009,2827,1456,1.630,1.060,0.640,3,0,2.000,0,0,11,4,1,13,0
19-05 14:05:18,40.276,4.503,54.035,0.250,0,1333724,1197472,167704,5234996,9624.266,4650.027,0,656.427,0,33.021,2653,1424,1.630,1.060,0.640,3,0,17.011,0,0,11,5,1,13,0
19-05 14:05:19,44.201,9.739,44.451,0.250,0,1249332,1274872,168240,5240240,3193.444,1630.185,0,1046.834,0,70.921,11464,18731,1.630,1.060,0.640,2,0,103.884,0,0,11,4,1,13,0
19-05 14:05:20,31.539,24.280,42.553,0,0,1221904,1301624,168296,5240720,2661.320,1459.821,0,116.145,0,8.010,9500,12866,1.660,1.070,0.650,3,0,411.513,0,0,11,4,1,13,0
19-05 14:05:21,36.066,21.888,40.791,0,0,1203960,1319288,168340,5240908,2584.782,1492.368,0,11282.304,0,72.629,8156,10931,1.660,1.070,0.650,7,0,260.667,0,0,11,4,1,13,0
19-05 14:05:22,34.549,11.767,43.812,9.263,0,1137400,1391052,168352,5237460,4177.958,1514.159,7446.619,4390.260,75.107,323.461,4113,3506,1.660,1.070,0.650,6,0,90.129,0,0,11,4,1,13,0
19-05 14:05:23,69.517,12.253,17.504,0.750,0,1216628,1311480,168352,5237912,2658.656,1458.360,268.066,996.246,3.001,137.034,4270,2376,1.660,1.070,0.650,4,0,130.032,0,0,11,5,1,13,0
19-05 14:05:24,46.246,5.000,43.996,3.500,0,1254620,1273428,168360,5237964,2614.746,1457.859,19.998,99.990,4.000,9.999,2972,1475,1.660,1.070,0.650,3,0,49.995,0,0,11,5,1,13,0
19-05 14:05:25,45.588,5.481,48.578,0,0.249,1276404,1250736,168360,5238872,2469.251,1452.852,490.263,358.729,3.986,26.905,2679,1218,1.690,1.090,0.660,3,0,0,0,0,11,5,1,13,0
19-05 14:05:26,44.615,7.269,47.623,0,0,1291952,1233428,168360,5240592,2664.876,1535.963,0,13976.063,0,124.321,3347,3167,1.690,1.090,0.660,3,0,1.003,0,0,11,5,1,13,0
19-05 14:05:27,14.787,7.770,75.941,0,0,1302184,1222652,168360,5241128,2785.000,1461.674,0,264.665,0,30.076,3326,3022,1.690,1.090,0.660,1,0,118.297,0,0,11,4,1,13,0
19-05 14:05:28,17.220,4.492,77.113,0,0,1342708,1182152,168360,5241128,2713.195,1455.422,0,375.335,0,3.993,1849,1589,1.690,1.090,0.660,4,0,22.959,0,0,11,4,1,13,0
19-05 14:05:29,23.290,3.506,73.126,0,0,1390080,1134776,168360,5241132,2980.117,1460.508,0,3958.798,0,102.175,1771,1299,1.690,1.090,0.660,2,0,0,0,0,11,4,1,13,0
19-05 14:05:30,24.239,1.000,73.468,0,0,1394152,1130704,168360,5241132,2684.820,1565.312,0,3.998,0,1.000,1592,1034,1.630,1.090,0.660,2,0,0,0,0,11,4,1,13,0
19-05 14:05:31,23.055,3.007,68.162,4.260,0,1409668,1114860,168448,5241380,2544.055,1461.479,0,30211.908,0,833.985,4026,5197,1.630,1.090,0.660,2,0,1.002,0,0,11,10,1,12,0
19-05 14:05:32,20.684,5.233,72.020,0.498,0,1371380,1153248,168492,5241380,2470.107,1453.356,0,2651.527,0,160.487,2564,2380,1.630,1.090,0.660,2,0,41.866,0,0,11,4,1,14,0
19-05 14:05:33,20.262,1.501,73.794,4.002,0,1390388,1133820,168632,5241612,2553.539,1512.912,372.224,0,13.008,0,1549,985,1.630,1.090,0.660,2,0,0,0,0,11,4,1,14,0
19-05 14:05:34,19.763,1.751,77.300,0,0,1404272,1119716,168632,5241804,5238.357,3905.503,0,976.626,0,13.008,1758,1296,1.630,1.090,0.660,3,0,1.001,0,0,11,11,1,14,0
19-05 14:05:35,14.739,2.248,73.945,7.744,0,1401160,1122452,168696,5242032,5057.215,3856.114,267.800,887.336,65.951,29.978,2198,2404,1.580,1.090,0.660,2,0,0,0,0,11,25,1,14,0
19-05 14:05:36,20.404,5.225,73.654,0,0,1374108,1149468,168704,5242040,6448.715,5258.305,0,1074.952,0,14.930,2721,2694,1.580,1.090,0.660,2,0,45.785,0,0,11,28,1,15,0
19-05 14:05:37,21.822,4.264,73.243,0.251,0,1427420,1096156,168704,5242040,2606.639,1462.848,0,505.676,0,78.259,1832,1229,1.580,1.090,0.660,2,0,0,0,0,11,28,1,15,0
19-05 14:05:38,18.551,3.008,76.961,0,0,1434316,1089224,168704,5242048,9367.721,6490.822,0,0,0,0,1912,1345,1.580,1.090,0.660,2,0,6.017,0,0,11,29,1,15,0
19-05 14:05:39,32.977,13.490,52.463,0,0,1417128,1106388,168704,5245544,5122.373,3640.422,0,11.992,0,2.998,4489,15658,1.580,1.090,0.660,7,0,191.864,0,0,12,29,1,15,0
19-05 14:05:40,45.451,5.993,47.698,0,0,1455432,1068084,168704,5242072,4347.274,1510.358,0,0,0,0,2950,4794,1.610,1.100,0.670,3,0,0,0,0,11,28,1,16,0
19-05 14:05:41,33.815,4.509,60.617,0,0,1470616,1052888,168704,5242084,12667.508,11787.806,0,7173.879,0,48.093,3695,3497,1.610,1.100,0.670,4,0,0,0,0,11,30,1,16,0
19-05 14:05:42,37.767,9.254,51.273,0.250,0,1384484,1138664,168716,5242428,12675.689,9896.442,0,40414.138,0,199.089,6501,7653,1.610,1.100,0.670,3,0,131.059,0,0,11,28,1,17,0
19-05 14:05:43,68.044,27.018,4.503,0,0,1496232,1026912,168720,5242428,3652.382,1533.000,0,1693.104,0,135.088,5831,4561,1.610,1.100,0.670,6,0,447.292,0,0,11,28,1,17,0
19-05 14:05:44,87.597,12.478,0.250,0,0,1676080,846996,168748,5242468,6393.804,5365.604,0,3210.378,0,169.703,5402,3634,1.610,1.100,0.670,6,0,0,0,0,11,29,1,17,0
19-05 14:05:45,87.132,9.737,2.497,0,0,1795648,727364,168756,5242504,20710.922,20116.728,0,1593.839,0,79.892,6178,5612,1.970,1.180,0.700,6,0,0,0,0,11,33,1,17,0
19-05 14:05:46,84.111,8.985,6.739,0.250,0,1804704,718084,168768,5242716,23414.365,20964.408,0,463.236,0,53.911,7675,9957,1.970,1.180,0.700,8,0,50.916,0,0,11,30,1,21,0
19-05 14:05:47,41.780,16.012,40.779,0,0,1482536,1040172,168772,5242788,6274.513,4829.474,0,40601.205,0,186.134,5471,5295,1.970,1.180,0.700,2,0,260.187,0,0,11,28,1,23,0
19-05 14:05:48,21.988,4.248,73.211,0,0,1482412,1040296,168772,5242788,2462.705,1403.262,0,171.910,0,10.994,1792,1347,1.970,1.180,0.700,2,0,0,0,0,11,28,1,22,0
19-05 14:05:49,18.793,2.255,78.180,0,0,1485820,1036884,168772,5242792,6731.467,5333.254,0,196.451,0,10.023,1865,1497,1.970,1.180,0.700,3,0,0,0,0,11,29,1,22,0
19-05 14:05:50,19.173,2.739,76.195,0.249,0,1448996,1073696,168776,5242800,7387.396,4476.063,0,840.631,0,58.765,2806,3055,1.890,1.180,0.700,3,0,13.944,0,0,11,28,1,23,0
19-05 14:05:51,19.821,6.523,73.010,0,0,1436580,1086108,168776,5242804,2472.807,1409.018,0,0,0,0,2324,1710,1.890,1.180,0.700,2,0,54.193,0,0,11,28,1,23,0
19-05 14:05:52,18.772,2.503,77.840,0,0,1450640,1072040,168776,5242812,6321.311,5327.161,0,48.056,0,1.001,1886,1599,1.890,1.180,0.700,2,0,0,0,0,11,29,1,19,0
19-05 14:05:53,19.233,2.748,76.684,0.250,0,1422112,1100420,168780,5242956,8775.464,4461.169,0,411.647,0,31.973,2733,2913,1.890,1.180,0.700,3,0,9.991,0,0,11,28,1,20,0
19-05 14:05:54,9.018,22.295,68.137,0,0,1408884,1113640,168780,5242964,2606.236,1406.826,0,1482.979,0,127.256,5976,4505,1.890,1.180,0.700,1,0,508.021,0,0,11,28,1,20,0
19-05 14:05:55,56.741,29.995,12.498,0,0,1470860,1051612,168784,5243008,2509.621,1349.796,0,179.973,0,17.997,5592,4364,2.140,1.240,0.720,5,0,520.921,0,0,11,28,1,20,0
19-05 14:05:56,89.051,11.006,0,0,0,1653560,868912,168792,5243000,2659.527,1458.837,0,656.377,0,40.023,4842,2325,2.140,1.240,0.720,5,0,1.001,0,0,11,28,1,17,0
19-05 14:05:57,81.003,7.250,11.000,0,0,1726284,796148,168796,5243036,26922.008,23849.893,0,148.006,0,9.000,5666,5138,2.140,1.240,0.720,4,0,0,0,0,11,33,1,17,0
19-05 14:05:58,64.044,6.728,27.661,0.249,0,1704172,818084,168816,5243192,32108.857,27711.981,0,390.745,0,46.850,8831,13126,2.140,1.240,0.720,5,0,20.933,0,0,11,29,1,18,0
19-05 14:05:59,80.006,19.813,0,0,0,1532432,989804,168816,5243212,4751.184,1832.858,0,734.347,0,31.099,5699,4621,2.140,1.240,0.720,6,0,289.927,0,0,11,28,1,18,0
19-05 14:06:00,89.749,10.750,0.250,0,0,1659488,862664,168816,5243296,3994.968,3512.972,0,211.998,0,16.000,4894,2573,2.450,1.320,0.750,5,0,0,0,0,11,29,1,18,0
19-05 14:06:01,89.925,8.992,0.749,0,0.250,1783892,738240,168828,5243304,14825.617,13381.823,0,883.262,0,50.957,5931,4428,2.450,1.320,0.750,5,0,0,0,0,11,32,1,18,0
19-05 14:06:02,83.219,8.997,6.997,0,0,1788312,733480,168828,5243644,34695.023,32118.987,0,3670.627,0,321.880,7716,10498,2.450,1.320,0.750,7,0,24.991,0,0,11,33,1,19,0
19-05 14:06:03,68.075,14.015,17.770,0,0,1578824,942780,168832,5243844,21167.300,19056.977,0,324.357,0,29.032,8147,10378,2.450,1.320,0.750,4,0,218.240,0,0,11,28,1,23,0
19-05 14:06:04,47.602,9.720,41.621,0,0,1570156,951448,168832,5243844,2515.197,1291.992,0,3.988,0,0.997,3219,1772,2.450,1.320,0.750,3,0,54.830,0,0,11,28,1,23,0
19-05 14:06:05,37.860,3.510,58.169,0,0,1592236,929356,168832,5243856,10406.210,9156.582,0,72.210,0,4.012,2900,2037,2.250,1.300,0.750,2,0,0,0,0,11,30,1,23,0
19-05 14:06:06,34.260,8.753,55.016,0,0,1557848,963700,168848,5243884,13577.005,11860.498,0,452.133,0,34.010,5871,6671,2.250,1.300,0.750,5,0,127.037,0,0,11,28,1,25,0
19-05 14:06:07,62.095,18.953,18.703,0.249,0,1501820,1019712,168848,5243900,2429.916,1334.659,127.680,359.101,0.998,13.965,4314,2798,2.250,1.300,0.750,4,0,252.368,0,0,11,28,0,25,0
19-05 14:06:08,55.757,5.001,37.755,0.250,0,1564868,956500,168852,5244056,10945.315,11422.372,0,240.029,0,16.002,3692,2473,2.250,1.300,0.750,4,0,0,0,0,11,31,0,23,0
19-05 14:06:09,52.077,5.758,41.812,0.250,0.250,1566424,954736,168864,5244252,20714.570,17266.482,0,929.372,0,68.101,6696,8338,2.250,1.300,0.750,4,0,0,0,0,11,29,0,24,1
19-05 14:06:10,66.743,20.998,11.999,0,0,1494292,1026860,168872,5244252,6322.325,3328.645,0,2363.748,0,115.988,5762,4591,2.390,1.350,0.760,4,0,257.972,0,0,11,28,0,24,0
19-05 14:06:11,91.090,8.759,0,0,0,1623664,897460,168876,5244276,2184.153,1411.391,0,184.182,0,9.009,4619,1425,2.390,1.350,0.760,3,0,0,0,0,11,28,1,24,0
19-05 14:06:12,63.073,5.485,31.162,0.249,0,1642244,878836,168880,5244316,26323.009,24176.044,0,841.634,0,52.851,5872,6459,2.390,1.350,0.760,3,0,0,0,0,11,32,0,24,0
19-05 14:06:13,64.681,14.541,19.053,0,0,1520536,1000332,168892,5244516,22116.736,18505.656,0,421.176,0,45.126,7717,10763,2.390,1.350,0.760,4,0,274.767,0,0,11,28,0,27,0
19-05 14:06:14,67.747,12.500,19.499,0,0,1569920,950932,168892,5244532,2558.903,1241.953,0,187.993,0,8.000,3828,1738,2.390,1.350,0.760,5,0,49.998,0,0,11,28,0,27,0
19-05 14:06:15,55.661,4.992,38.938,0,0,1624292,896548,168892,5244544,14101.467,12864.444,0,135.783,0,5.990,3964,2546,2.280,1.340,0.760,3,0,0,0,0,11,31,0,27,0
19-05 14:06:16,49.449,9.740,39.459,0.250,0,1539000,981760,168896,5244584,20292.023,18433.944,0,815.157,0,63.934,7661,10050,2.280,1.340,0.760,4,0,117.878,0,0,11,28,0,29,0
19-05 14:06:17,66.646,17.288,16.035,0,0,1530144,990472,168896,5244728,2126.663,1244.729,0,336.738,0,12.026,4233,2264,2.280,1.340,0.760,3,0,184.404,0,0,11,28,0,29,0
19-05 14:06:18,54.004,5.500,40.003,0,0,1605396,915208,168896,5244740,14079.111,13006.027,0,200.016,0,10.001,3833,2579,2.280,1.340,0.760,3,0,0,0,0,11,31,0,29,0
19-05 14:06:19,55.635,5.988,36.924,0.249,0,1577376,943020,168924,5244920,18413.954,16427.059,0,822.301,0,63.868,7073,8345,2.280,1.340,0.760,3,0,0,0,0,11,29,0,31,0
19-05 14:06:20,60.404,20.051,19.299,0,0.251,1507840,1012552,168928,5244920,4559.637,1942.959,0,164.420,0,12.031,4545,3176,2.340,1.370,0.780,5,0,287.734,0,0,11,28,0,32,0
19-05 14:06:21,58.543,5.979,34.877,0,0,1594080,926284,168928,5244948,7173.683,7652.991,0,151.465,0,6.975,3492,1398,2.340,1.370,0.780,1,0,0,0,0,11,31,0,32,0
19-05 14:06:22,53.003,5.250,41.502,0.250,0,1595096,925012,168940,5245192,20911.155,18250.008,0,784.043,0,88.005,6308,7753,2.340,1.370,0.780,3,0,0,0,0,11,30,0,33,0
19-05 14:06:23,60.454,13.295,25.586,0,0,1523352,996728,168948,5245212,6962.470,3265.006,0,244.825,0,25.085,5249,4034,2.340,1.370,0.780,4,0,112.379,0,0,11,28,0,34,0
19-05 14:06:24,65.473,6.497,28.239,0,0,1585128,934816,168952,5245344,4043.360,3292.664,0,119.951,0,8.996,3627,1310,2.340,1.370,0.780,3,0,0,0,0,11,29,1,34,0
19-05 14:06:25,49.409,5.490,43.420,0.250,0,1597172,922720,168960,5245388,19774.495,18114.559,0,523.034,0,41.923,5353,6190,2.390,1.390,0.790,5,0,0,0,0,11,30,0,35,0
19-05 14:06:26,62.142,22.301,15.034,0,0,1482800,1037068,168964,5245408,9021.545,7524.135,0,324.740,0,30.068,6407,6677,2.390,1.390,0.790,5,0,409.934,0,0,11,28,0,36,0
19-05 14:06:27,79.953,20.238,0,0,0,1593168,926596,168964,5245480,2152.732,1133.332,0,2222.691,0,122.928,5402,4033,2.390,1.390,0.790,7,0,303.821,0,0,11,28,0,36,0
19-05 14:06:28,83.926,16.485,0.250,0,0,1724696,795068,168964,5245480,5323.287,5050.529,0,211.812,0,9.991,5364,3870,2.390,1.390,0.790,6,0,287.745,0,0,11,30,0,36,0
19-05 14:06:29,80.351,17.272,1.502,0,0,1790452,729088,168972,5245696,29525.995,27704.713,0,436.547,0,26.033,6551,6180,2.390,1.390,0.790,6,0,304.381,0,0,11,33,0,35,0
19-05 14:06:30,78.991,18.248,2.000,0,0,1787156,732272,168996,5245784,29618.707,26552.048,0,1423.842,0,64.993,8610,10339,2.680,1.470,0.820,8,0,295.967,0,0,11,30,0,35,0
19-05 14:06:31,82.273,17.755,0.750,0,0,1598860,920548,169004,5245796,10424.940,8866.501,0,212.060,0,19.005,6082,5233,2.680,1.470,0.820,6,0,213.060,0,0,11,28,0,36,0
19-05 14:06:32,86.897,12.235,0.749,0,0,1656772,862464,169004,5245968,5379.595,4841.236,0,147.824,0,7.990,4885,2318,2.680,1.470,0.820,6,0,40.951,0,0,11,30,0,36,0
19-05 14:06:33,81.327,7.757,10.260,0,0,1713132,806068,169012,5245996,25818.578,23972.821,0,124.118,0,8.008,5795,6234,2.680,1.470,0.820,4,0,0,0,0,11,33,0,34,0
19-05 14:06:34,72.763,11.752,15.003,0,0.250,1689608,829380,169012,5246208,30729.630,27494.037,0,8.001,0,2.000,8132,12034,2.680,1.470,0.820,6,0,134.025,0,0,11,29,0,38,0
19-05 14:06:35,34.214,24.724,38.960,0,0,1494032,1024904,169016,5246256,5369.423,4374.457,0,159.834,0,15.983,6579,6075,2.710,1.500,0.830,2,0,547.431,0,0,11,30,0,39,0
19-05 14:06:36,37.529,34.276,27.771,0,0,1494124,1024804,169016,5246264,1693.307,972.751,0,140.108,0,16.012,6171,5350,2.710,1.500,0.830,6,0,720.556,0,0,11,30,0,39,0
19-05 14:06:37,78.258,18.002,3.500,0,0,1572660,946216,169032,5246300,3573.384,3052.328,0,1992.214,0,107.011,4933,3133,2.710,1.500,0.830,4,0,202.022,0,0,11,31,0,38,0
19-05 14:06:38,71.283,7.228,20.936,0,0,1637060,881768,169032,5246348,18525.537,18168.625,0,211.356,0,37.885,4916,4591,2.710,1.500,0.830,3,0,6.979,0,0,11,36,0,38,0
19-05 14:06:39,66.901,11.275,20.296,0.251,0,1590208,928532,169076,5246404,16042.189,14171.970,0,561.266,0,62.140,6686,8306,2.710,1.500,0.830,3,0,134.303,0,0,11,33,0,41,0
19-05 14:06:40,80.946,17.738,1.249,0,0,1553220,965384,169100,5246676,3437.709,1868.754,0,255.829,0,21.985,5795,14296,2.810,1.540,0.850,4,0,170.886,0,0,11,32,0,43,0
19-05 14:06:41,77.205,6.724,15.441,0,0,1634776,883808,169108,5246556,12975.428,11812.870,0,151.422,0,6.973,4273,2710,2.810,1.540,0.850,5,0,0,0,0,11,35,0,41,0
19-05 14:06:42,64.349,6.787,27.901,0,0,1642492,876000,169124,5246632,27233.681,25684.279,0,683.708,0,40.218,7873,10723,2.810,1.540,0.850,2,0,0,0,0,11,36,0,41,0
19-05 14:06:43,53.000,5.500,40.250,0,0,1642480,875776,169136,5246856,29762.194,26114.171,0,2648.017,0,152.001,10086,14401,2.810,1.540,0.850,7,0,0,0,0,11,35,0,41,0
19-05 14:06:44,74.754,11.001,13.001,0,0,1543160,974952,169144,5246992,16631.936,14312.806,0,312.018,0,41.002,7224,8842,2.810,1.540,0.850,7,0,71.004,0,0,11,32,0,41,0
19-05 14:06:45,83.461,11.744,4.498,0,0,1558860,959204,169144,5247040,3831.204,3349.430,0,35.983,0,2.999,4784,2186,2.910,1.580,0.860,4,0,48.977,0,0,11,33,0,40,0
19-05 14:06:46,74.898,7.490,17.726,0,0,1625188,892848,169144,5247068,19740.208,18674.654,0,0,0,0,5371,5059,2.910,1.580,0.860,2,0,0.999,0,0,11,36,0,40,0
19-05 14:06:47,58.779,6.503,33.016,0,0,1630980,886800,169144,5247324,26317.979,23986.829,0,0,0,0,9248,11925,2.910,1.580,0.860,3,0,0,0,0,11,36,0,40,0
19-05 14:06:48,58.637,8.733,31.938,0,0,1612848,904844,169144,5247412,27389.240,24106.564,0,15.969,0,1.996,9524,12802,2.910,1.580,0.860,5,0,70.863,0,0,11,34,0,42,0
19-05 14:06:49,76.499,13.795,8.779,0,0,1579348,938188,169152,5247560,15180.330,11938.797,0,116.378,0,9.029,5906,6366,2.910,1.580,0.860,4,0,134.437,0,0,11,32,0,38,0
19-05 14:06:50,82.855,11.943,4.976,0,0,1584456,933044,169160,5247588,5736.677,3313.220,0,115.450,0,7.962,4769,2288,2.990,1.620,0.880,4,0,54.739,0,0,11,33,0,38,0
19-05 14:06:51,75.788,7.754,16.508,0,0,1620316,897128,169164,5247640,17930.965,16786.393,0,112.056,0,8.004,5161,5094,2.990,1.620,0.880,4,0,0,0,0,11,35,0,38,0
19-05 14:06:52,62.355,6.261,31.052,0,0,1628952,888308,169164,5247824,28564.232,24454.292,0,108.183,0,8.014,8118,10808,2.990,1.620,0.880,5,0,0,0,0,11,35,0,39,0
19-05 14:06:53,75.188,12.782,11.028,0,0,1476756,1040440,169168,5247884,13826.594,11841.628,0,553.385,0,35.088,6439,7358,2.990,1.620,0.880,5,0,104.261,0,0,11,32,0,39,0
19-05 14:06:54,86.631,11.984,1.498,0,0,1561080,956112,169176,5247884,3058.799,2432.659,0,131.819,0,8.988,4763,1895,2.990,1.620,0.880,3,0,23.967,0,0,11,33,0,39,0
19-05 14:06:55,69.231,6.248,23.743,0,0,1618968,898180,169184,5247920,19402.606,17401.162,0,247.931,0,24.993,5213,4582,2.990,1.640,0.890,4,0,0,0,0,11,35,0,40,0
19-05 14:06:56,69.988,12.748,16.497,0.250,0,1557628,959328,169192,5248104,19523.750,17940.013,0,227.962,0,19.997,7150,9070,2.990,1.640,0.890,4,0,120.980,0,0,11,34,0,41,0
19-05 14:06:57,74.487,11.748,13.498,0,0,1603272,913632,169196,5248152,18978.815,16860.171,0,115.981,0,7.999,6158,7260,2.990,1.640,0.890,3,0,58.990,0,0,11,34,0,41,0
19-05 14:06:58,73.130,12.230,13.228,0,0,1616952,899792,169196,5248312,13598.768,11547.122,0,131.785,0,6.989,5538,4733,2.990,1.640,0.890,4,0,81.866,0,0,11,34,0,42,0
19-05 14:06:59,77.534,9.284,13.550,0,0,1589452,927248,169200,5248352,16345.965,14463.058,0,132.486,0,8.029,5595,5817,2.990,1.640,0.890,6,0,43.158,0,0,11,34,0,43,0
19-05 14:07:00,77.463,9.963,11.956,0,0,1582156,934532,169208,5248356,13051.728,11582.163,0,131.514,0,8.967,5698,4795,3.150,1.700,0.910,6,0,51.808,0,0,11,33,0,45,0
19-05 14:07:01,80.805,11.795,7.277,0,0,1598716,917928,169212,5248396,8317.417,7101.825,0,1244.702,0,9.034,5055,3375,3.150,1.700,0.910,6,0,59.224,0,0,11,33,0,45,0
19-05 14:07:02,69.572,7.232,21.695,0,0.249,1672160,844300,169212,5248580,19315.608,17504.240,0,143.633,0,15.959,5190,5814,3.150,1.700,0.910,9,0,0,0,0,11,34,0,46,0
19-05 14:07:03,68.022,10.753,21.007,0,0,1676340,840088,169216,5248608,15343.900,13556.329,0,388.124,0,33.011,5959,5899,3.150,1.700,0.910,5,0,72.023,0,0,11,33,0,48,0
19-05 14:07:04,62.602,17.028,19.782,0,0,1572080,944324,169224,5248624,2988.883,1799.940,0,296.484,0,22.036,4695,3286,3.150,1.700,0.910,5,0,186.304,0,0,11,32,0,49,0
19-05 14:07:05,61.213,6.246,32.480,0,0,1602540,913824,169224,5248664,8429.875,7675.334,0,207.874,0,15.990,3806,2709,3.140,1.720,0.930,3,0,0,0,0,11,33,0,44,0
19-05 14:07:06,51.233,8.997,38.737,0,0,1558544,957776,169228,5248704,18683.959,16370.707,0,123.960,0,9.997,5550,5845,3.140,1.720,0.930,4,0,96.969,0,0,11,34,0,45,0
19-05 14:07:07,59.339,9.013,31.547,0,0,1479592,1036700,169228,5248748,12638.910,10938.366,0,164.246,0,7.010,5160,5499,3.140,1.720,0.930,3,0,86.129,0,0,11,32,0,47,0
19-05 14:07:08,59.768,7.720,31.378,0,0,1518636,997652,169228,5248752,7440.064,6876.257,0,111.566,0,6.973,3732,1879,3.140,1.720,0.930,4,0,0,0,0,11,33,0,47,0
19-05 14:07:09,52.602,7.765,39.076,0.501,0,1511488,1004412,169228,5249140,16706.472,14416.020,0,268.522,0,17.033,4661,4973,3.140,1.720,0.930,3,0,86.167,0,0,11,34,0,48,0
19-05 14:07:10,33.479,3.248,62.210,0,0,1505284,1010552,169244,5249188,17260.039,15513.148,0,331.789,0,32.979,6453,8447,3.290,1.780,0.950,2,0,0,0,0,11,32,0,47,0
19-05 14:07:11,38.172,12.475,47.653,0,0,1450576,1065260,169244,5249188,2574.750,1616.703,0,151.691,0,9.980,3856,2400,3.290,1.780,0.950,5,0,134.725,0,0,11,32,0,47,0
19-05 14:07:12,39.751,4.500,54.752,0.250,0,1515888,999928,169252,5249200,6625.208,5895.185,0,196.006,0,20.001,2821,1609,3.290,1.780,0.950,3,0,0,0,0,11,34,0,47,0
19-05 14:07:13,37.708,3.746,56.686,0,0,1523752,991864,169264,5249392,15009.100,12691.709,0,1034.835,0,69.921,5290,6160,3.290,1.780,0.950,3,0,0,0,0,11,33,0,48,0
19-05 14:07:14,37.344,13.534,48.874,0.251,0,1486020,1029580,169264,5249408,5073.826,3607.119,0,3857.752,0,194.492,4433,3216,3.290,1.780,0.950,3,0,138.350,0,0,11,32,0,46,0
19-05 14:07:15,44.750,5.250,49.250,0,0.500,1550776,964824,169264,5249408,3132.978,1753.988,0,0,0,0,2558,1180,3.190,1.780,0.950,2,0,0,0,0,11,32,1,46,0
19-05 14:07:16,33.163,3.241,62.086,0.249,0,1562840,952740,169268,5249424,15037.345,13213.156,0,287.243,0,20.945,3318,3301,3.190,1.780,0.950,4,0,0.997,0,0,11,33,0,47,0
19-05 14:07:17,37.316,8.515,53.846,0,0,1516040,999504,169276,5249452,8040.280,6507.558,0,160.285,0,15.027,4599,4304,3.190,1.780,0.950,3,0,65.116,0,0,11,32,0,48,0
19-05 14:07:18,43.548,5.006,51.056,0,0,1546444,969096,169276,5249456,4269.723,3433.798,0,60.066,0,5.006,2695,1310,3.190,1.780,0.950,2,0,0,0,0,11,33,0,46,0
19-05 14:07:19,37.519,4.002,57.529,0,0,1558508,957012,169276,5249476,14911.451,13222.607,0,4.002,0,1.000,3960,3887,3.190,1.780,0.950,2,0,0,0,0,11,34,0,46,0
19-05 14:07:20,35.758,6.502,55.763,0,0,1444544,1070808,169276,5249640,12435.953,9915.354,0,180.043,0,17.004,4909,5617,3.010,1.770,0.950,3,0,43.010,0,0,11,32,0,48,0
19-05 14:07:21,44.309,6.258,48.815,0,0,1474728,1040620,169280,5249640,2481.289,1459.935,0,144.191,0,10.013,2808,1486,3.010,1.770,0.950,2,0,5.007,0,0,11,32,0,48,0
19-05 14:07:22,37.563,3.980,57.713,0,0,1516516,998828,169280,5249644,12615.161,11238.021,0,107.465,0,7.960,2588,2049,3.010,1.770,0.950,4,0,0,0,0,11,34,0,45,0
19-05 14:07:23,34.114,3.763,60.452,0.251,0,1502780,1012520,169284,5249684,14312.833,12241.912,0,573.918,0,40.134,5347,6404,3.010,1.770,0.950,4,0,0,0,0,11,34,0,45,0
19-05 14:07:24,37.828,14.530,46.597,0,0,1470556,1044720,169296,5249696,4435.190,3241.717,0,264.548,0,32.066,5140,4049,3.010,1.770,0.950,3,0,238.494,0,0,11,32,0,47,0
19-05 14:07:25,23.914,4.235,70.993,0,0,1470892,1044328,169296,5249752,2469.074,1452.748,0,0,0,0,2021,1259,2.850,1.750,0.950,3,0,43.842,0,0,11,32,0,47,0
19-05 14:07:26,17.275,2.504,79.616,0.250,0.250,1470216,1044988,169300,5249764,9777.219,9064.182,0,364.530,0,16.023,2753,2987,2.850,1.750,0.950,1,0,1.001,0,0,11,33,0,43,0
19-05 14:07:27,14.781,8.518,75.660,0.251,0,1421236,1093940,169304,5249788,6551.869,4486.497,0,128.272,0,15.032,3799,3598,2.850,1.750,0.950,1,0,144.305,0,0,11,32,0,44,0
19-05 14:07:28,18.437,8.720,71.755,0,0,1417396,1097776,169304,5249792,2589.164,1453.041,0,107.633,0,10.963,2996,2312,2.850,1.750,0.950,2,0,139.524,0,0,11,32,0,44,0
19-05 14:07:29,19.533,1.753,78.133,0,0,1452384,1062788,169304,5249792,4995.515,3767.422,0,0,0,0,1465,1024,2.850,1.750,0.950,2,0,0,0,0,11,33,0,44,0
19-05 14:07:30,19.728,2.747,75.165,0.250,0,1448872,1066124,169320,5249952,10494.090,9007.777,0,391.556,0,27.968,3542,4189,2.700,1.740,0.950,2,0,0,0,0,11,33,0,44,0
19-05 14:07:31,20.736,5.996,73.450,0,0,1401524,1113468,169320,5249956,3303.749,2234.477,0,3.997,0,0.999,2487,1938,2.700,1.740,0.950,2,0,45.969,0,0,11,32,0,45,0
19-05 14:07:32,21.511,3.252,74.288,0,0,1420564,1094428,169320,5249956,4213.174,3055.577,0,556.287,0,1.001,1686,1047,2.700,1.740,0.950,3,0,0,0,0,11,33,0,45,0
19-05 14:07:33,18.741,1.749,78.464,0,0,1419264,1095712,169324,5249968,9518.578,8075.248,0,331.846,0,17.992,2897,3290,2.700,1.740,0.950,2,0,0,0,0,11,33,0,45,0
19-05 14:07:34,19.532,3.255,76.125,0,0,1378396,1136552,169328,5249992,8811.514,7283.998,0,216.356,0,15.025,3906,4719,2.700,1.740,0.950,3,0,19.031,0,0,11,32,0,42,0
19-05 14:07:35,9.015,22.288,67.614,0,0,1374104,1140676,169332,5250144,2542.295,1502.538,0,80.135,0,7.012,5794,4266,2.570,1.730,0.960,3,0,448.758,0,0,11,32,0,42,0
19-05 14:07:36,37.750,13.000,48.000,0.750,0,1403240,1111444,169348,5250224,2435.982,1295.991,36.000,243.998,1.000,17.000,4084,2962,2.570,1.730,0.960,2,0,159.999,0,0,11,32,0,44,0
19-05 14:07:37,44.858,4.984,49.095,0.748,0,1498028,1015488,169392,5251252,4144.916,1453.412,303.043,0,11.962,0,2791,1309,2.570,1.730,0.960,3,0,1.994,0,0,11,32,0,44,0
19-05 14:07:38,39.305,7.260,43.562,7.511,0,1529016,978724,169928,5256012,2347.314,1405.985,132.187,21470.312,5.007,1967.778,11166,18526,2.570,1.730,0.960,4,0,87.123,0,0,11,36,0,41,0
19-05 14:07:39,39.433,8.236,39.683,10.233,0,1488060,1016124,170468,5258832,2646.524,1441.562,0,41845.235,0,3847.493,16376,30201,2.570,1.730,0.960,3,0,81.862,0,0,11,36,0,41,0
19-05 14:07:40,48.871,9.273,35.588,4.511,0,1471040,1033008,170680,5258724,2664.592,1461.616,0,33061.796,0,2376.881,10372,31928,2.760,1.780,0.980,4,0,47.117,0,0,11,32,0,42,0
19-05 14:07:41,45.041,5.972,47.280,0.498,0,1511020,993016,170688,5258728,2544.185,1290.009,0,2185.849,0,116.459,3089,2034,2.760,1.780,0.980,3,0,1.991,0,0,11,32,0,42,0
19-05 14:07:42,44.445,6.026,46.956,1.758,0,1535216,968572,170824,5258840,2549.186,1464.426,0,3266.333,0,481.111,5319,6538,2.760,1.780,0.980,2,0,2.009,0,0,11,34,0,37,0
19-05 14:07:43,37.967,7.993,41.964,9.242,0,1583748,918868,171564,5259248,2775.597,1456.739,0,19399.206,0,2520.818,14662,25880,2.760,1.780,0.980,2,0,1.998,0,0,11,34,0,37,0
19-05 14:07:44,34.119,7.222,55.287,0.996,0,1503736,998748,171680,5259260,2724.515,1452.410,0,13767.018,0,816.856,4411,5143,2.760,1.780,0.980,2,0,97.624,0,0,11,32,0,37,0
19-05 14:07:45,22.817,3.761,73.216,0.251,0,1455488,1046996,171680,5259260,2665.852,1462.307,0,244.721,0,15.044,1921,1521,2.620,1.770,0.980,2,0,1.003,0,0,11,32,0,37,0
19-05 14:07:46,22.777,3.754,72.585,0.501,0,1480092,1022372,171700,5259260,2601.039,1459.705,0,2871.354,0,160.187,2121,1844,2.620,1.770,0.980,3,0,3.004,0,0,11,32,0,37,0
19-05 14:07:47,23.760,2.501,72.532,0,0,1451560,1050852,171700,5259312,4399.936,1458.642,0,0,0,0,1798,1185,2.620,1.770,0.980,2,0,1.000,0,0,11,32,0,37,0
19-05 14:07:48,22.179,3.738,73.266,0,0,1451560,1050852,171700,5259312,2589.714,1453.350,0,3.987,0,0.997,1801,1268,2.620,1.770,0.980,3,0,0,0,0,11,32,0,37,0
19-05 14:07:49,22.594,3.264,73.305,0,0,1486900,1015512,171700,5259312,2746.437,1464.097,0,1767.360,0,199.832,1823,1157,2.620,1.770,0.980,1,0,2.008,0,0,11,32,0,37,0
19-05 14:07:50,23.151,2.489,73.684,0,0,1441944,1060456,171700,5259324,2407.680,1451.777,0,0,0,0,1756,1177,2.490,1.760,0.980,1,0,0.996,0,0,11,32,0,33,0
19-05 14:07:51,22.851,3.013,73.827,0,0,1492988,1009412,171700,5259324,4176.473,1464.478,0,0,0,0,1761,1186,2.490,1.760,0.980,1,0,0,0,0,11,32,0,33,0
19-05 14:07:52,21.668,3.736,72.973,0,0,1506596,995800,171700,5259328,4142.260,1452.481,0,63.758,0,1.992,1787,1181,2.490,1.760,0.980,2,0,1.992,0,0,11,32,0,33,0
19-05 14:07:53,23.726,2.248,72.926,0.250,0,1455680,1046616,171704,5259416,4153.801,1456.528,0,507.487,0,37.962,1974,1547,2.490,1.760,0.980,3,0,0.999,0,0,11,32,0,33,0
19-05 14:07:54,22.840,3.012,73.539,0,0,1469176,1033120,171704,5259416,2625.326,1463.757,0,8.032,0,2.008,1697,1082,2.490,1.760,0.980,4,0,0,0,0,11,32,0,33,0
19-05 14:07:55,23.016,3.002,73.802,0,0,1482228,1019968,171704,5259508,2479.739,1459.023,0,4.003,0,1.001,1720,1155,2.370,1.740,0.980,1,0,2.001,0,0,11,32,0,31,0
19-05 14:07:56,22.464,2.995,73.132,0,0,1440584,1061612,171704,5259508,4271.131,1455.659,0,0,0,0,1746,1182,2.370,1.740,0.980,2,0,1.997,0,0,11,32,0,31,0
19-05 14:07:57,22.996,2.750,73.238,0,0,1463148,1039036,171704,5259520,2777.545,1457.761,0,0,0,0,1709,1178,2.370,1.740,0.980,2,0,1.000,0,0,11,32,0,31,0
19-05 14:07:58,22.938,3.241,73.301,0,0,1451164,1051008,171704,5259532,2710.652,1454.058,0,0,0,0,1685,1215,2.370,1.740,0.980,2,0,0,0,0,11,32,0,31,0
19-05 14:07:59,22.281,3.255,73.102,0,0,1503424,998740,171708,5259532,2979.176,1460.047,0,136.191,0,2.003,1758,1147,2.370,1.740,0.980,5,0,2.003,0,0,11,32,0,27,0
19-05 14:08:00,22.781,2.754,73.349,0,0,1458664,1043480,171708,5259552,2601.523,1459.977,0,176.239,0,38.052,1653,1141,2.260,1.730,0.980,2,0,1.001,0,0,11,32,0,27,0
19-05 14:08:01,22.664,3.238,72.973,0,0,1465680,1036464,171708,5259552,2647.938,1452.480,0,0,0,0,1698,1213,2.260,1.730,0.980,2,0,0,0,0,11,32,0,27,0
19-05 14:08:02,22.807,3.008,73.433,0,0,1441912,1060200,171708,5259584,2424.046,1461.646,0,48.120,0,1.003,1698,1180,2.260,1.730,0.980,4,0,1.003,0,0,11,32,0,27,0
19-05 14:08:03,23.021,3.503,72.817,0.250,0,1475580,1026504,171728,5259592,2480.277,1459.340,0,548.503,0,41.038,1987,1651,2.260,1.730,0.980,2,0,2.002,0,0,11,32,0,22,0
19-05 14:08:04,23.755,2.250,73.265,0,0,1463768,1038316,171728,5259592,2675.557,1458.304,0,0,0,0,1662,1003,2.260,1.730,0.980,2,0,3.001,0,0,11,32,0,22,0
19-05 14:08:05,9.265,21.033,69.359,0,0,1451956,1049928,171728,5259752,2602.087,1460.294,0,717.126,0,8.013,5665,4272,2.160,1.720,0.980,1,0,399.628,0,0,11,32,0,22,0
19-05 14:08:06,9.009,21.020,69.317,0,0,1434588,1067244,171728,5259796,2720.621,1459.406,0,760.733,0,39.038,5850,4571,2.160,1.720,0.980,2,0,423.408,0,0,11,32,0,22,0
19-05 14:08:07,9.249,20.497,69.241,0,0,1425820,1075984,171728,5259824,2837.636,1499.808,0,95.988,0,2.000,5817,4345,2.160,1.720,0.980,3,0,405.948,0,0,11,32,0,18,0
19-05 14:08:08,17.222,9.984,71.885,0,0,1440056,1061752,171728,5259816,2713.649,1455.666,0,0,0,0,3125,2337,2.160,1.720,0.980,3,0,138.777,0,0,11,32,0,18,0
19-05 14:08:09,22.495,2.999,73.233,0.250,0.250,1475872,1025932,171732,5259816,3968.081,1457.662,0,159.963,0,2.000,1859,1299,2.160,1.720,0.980,2,0,2.000,0,0,11,32,0,18,0
19-05 14:08:10,23.979,2.248,73.187,0,0,1480508,1021296,171732,5259816,2855.549,1456.750,0,2082.213,0,10.991,1723,1119,2.070,1.710,0.980,4,0,0,0,0,11,32,0,18,0
19-05 14:08:11,21.504,4.251,72.764,0,0,1429300,1072508,171732,5259812,2478.469,1458.276,0,0,0,0,1866,1375,2.070,1.710,0.980,2,0,1.000,0,0,11,32,0,13,0
19-05 14:08:12,22.234,3.248,73.197,0,0,1453232,1048572,171732,5259816,2476.208,1456.945,0,3.997,0,0.999,1789,1176,2.070,1.710,0.980,2,0,1.999,0,0,11,32,0,13,0
19-05 14:08:13,23.561,2.757,72.938,0,0,1426936,1074828,171752,5259836,2484.412,1461.772,0,621.604,0,43.111,1954,1659,2.070,1.710,0.980,3,0,1.003,0,0,11,32,0,13,0
19-05 14:08:14,22.737,3.248,73.457,0,0,1423588,1078188,171752,5259824,2673.428,1457.143,0,0,0,0,1706,1208,2.070,1.710,0.980,2,0,0,0,0,11,32,0,13,0
19-05 14:08:15,22.218,3.495,73.394,0,0,1448348,1053428,171752,5259824,2414.498,1455.889,0,11.983,0,0.999,1741,1149,1.980,1.690,0.980,3,0,1.997,0,0,11,32,0,11,0
19-05 14:08:16,23.296,2.505,73.395,0,0,1431172,1070584,171752,5259840,2861.640,1502.962,0,0,0,0,1745,1170,1.980,1.690,0.980,5,0,1.002,0,0,11,32,0,11,0
19-05 14:08:17,22.484,3.498,73.448,0,0,1422852,1078924,171752,5259820,2656.109,1456.963,0,0,0,0,1837,1354,1.980,1.690,0.980,2,0,2.998,0,0,11,32,0,11,0
19-05 14:08:18,23.731,1.998,72.941,0.250,0,1437712,1064056,171752,5259824,2356.081,1456.814,0,663.460,0,107.912,1738,1160,1.980,1.690,0.980,3,0,1.998,0,0,11,32,0,11,0
19-05 14:08:19,21.746,4.249,73.486,0,0,1415500,1086256,171756,5259832,2554.517,1457.725,0,43.992,0,2.999,1745,1258,1.980,1.690,0.980,3,0,1.000,0,0,11,32,0,9,0
19-05 14:08:20,23.009,2.501,73.529,0,0,1450600,1051156,171756,5259832,2539.007,1458.578,0,0,0,0,1732,1128,1.900,1.680,0.980,2,0,2.001,0,0,11,32,0,9,0
19-05 14:08:21,23.231,2.748,73.441,0,0,1471756,1029988,171756,5259844,2595.910,1456.827,0,11.990,0,0.999,1625,1009,1.900,1.680,0.980,3,0,0,0,0,11,32,0,9,0
19-05 14:08:22,22.479,3.247,73.432,0,0,1478860,1022884,171756,5259844,2535.668,1456.660,0,0,0,0,1714,1189,1.900,1.680,0.980,3,0,0.999,0,0,11,32,0,9,0
19-05 14:08:23,22.725,3.246,72.419,0,0,1509432,992316,171772,5259824,2968.685,1510.314,0,423.527,0,34.961,2019,1629,1.900,1.680,0.980,2,0,1.998,0,0,11,32,0,7,0
19-05 14:08:24,23.554,2.506,73.668,0,0,1481640,1020080,171772,5259852,2681.119,1461.335,0,36.082,0,3.007,1679,1031,1.900,1.680,0.980,2,0,1.002,0,0,11,32,0,7,0
19-05 14:08:25,23.033,3.004,73.104,0,0,1473576,1028144,171772,5259852,2601.695,1460.074,0,452.643,0,67.095,1756,1158,1.830,1.670,0.980,3,0,0,0,0,11,32,0,7,0
19-05 14:08:26,22.476,3.496,73.921,0,0,1494104,1007704,171772,5259764,2595.241,1456.451,0,0,0,0,1746,1113,1.830,1.670,0.980,3,0,1.998,0,0,11,32,0,7,0
19-05 14:08:27,23.499,2.500,73.247,0,0,1498300,1003420,171772,5259852,4157.838,1457.943,0,87.997,0,1.000,1626,996,1.830,1.670,0.980,3,0,1.000,0,0,11,32,0,4,0
19-05 14:08:28,22.520,3.003,73.316,0,0,1458044,1043676,171772,5259852,3981.588,1459.315,0,0,0,0,1658,1177,1.830,1.670,0.980,3,0,1.001,0,0,11,32,0,4,0
19-05 14:08:29,23.206,2.994,73.113,0,0,1442640,1059088,171772,5259856,2430.439,1455.269,0,67.873,0,2.994,1711,1185,1.830,1.670,0.980,2,0,0.998,0,0,11,32,0,4,0
19-05 14:08:30,22.271,3.503,73.320,0,0,1434240,1067488,171772,5259856,2480.355,1459.385,0,24.023,0,3.003,1726,1278,1.760,1.660,0.980,4,0,0,0,0,11,32,0,4,0
19-05 14:08:31,23.276,3.254,73.330,0,0,1464972,1036776,171772,5259836,3976.364,1459.602,0,0,0,0,1684,1053,1.760,1.660,0.980,3,0,2.002,0,0,11,32,0,3,0
19-05 14:08:32,23.227,1.998,73.428,0,0,1428284,1073444,171772,5259856,2415.626,1456.569,0,19.980,0,0.999,1641,1052,1.760,1.660,0.980,4,0,0.999,0,0,11,32,0,3,0
19-05 14:08:33,22.249,3.500,72.748,0.500,0,1463032,1038668,171792,5259864,2597.921,1457.956,0,503.985,0,38.999,1963,1788,1.760,1.660,0.980,3,0,0,0,0,11,32,0,3,0
19-05 14:08:34,23.025,3.003,73.329,0,0.250,1453960,1047740,171792,5259864,2617.835,1459.580,0,24.026,0,1.001,1648,1074,1.760,1.660,0.980,4,0,1.001,0,0,11,32,0,3,0
19-05 14:08:35,21.962,3.744,73.375,0,0,1442040,1059672,171792,5259852,4091.004,1455.511,0,3.993,0,0.998,1677,1242,1.700,1.650,0.980,2,0,0,0,0,11,32,0,3,0
19-05 14:08:36,22.260,3.252,73.534,0,0,1490928,1010784,171792,5259852,2479.147,1500.694,0,140.065,0,4.002,1670,1062,1.700,1.650,0.980,2,0,2.001,0,0,11,32,0,3,0
19-05 14:08:37,19.552,8.272,72.191,0,0,1461108,1040564,171792,5259892,2604.902,1461.873,0,244.648,0,44.117,2864,1923,1.700,1.650,0.980,1,0,126.335,0,0,11,32,0,3,0
19-05 14:08:38,11.469,18.450,68.315,0,0,1478380,1023260,171792,5259908,2411.483,1454.070,0,191.483,0,7.978,4825,3726,1.700,1.650,0.980,1,0,340.081,0,0,11,32,0,3,0
19-05 14:08:39,23.003,2.750,73.008,0,0,1467140,1034500,171792,5259908,2799.306,1552.170,0,88.010,0,2.000,1702,1196,1.700,1.650,0.980,3,0,0,0,0,11,32,0,3,0
19-05 14:08:40,30.025,5.004,64.304,0,0,1507288,994092,171792,5260160,2540.141,1459.230,0,0,0,0,2766,12621,1.640,1.640,0.980,2,0,36.030,0,0,11,32,0,2,0
19-05 14:08:41,22.390,3.980,73.141,0,0.249,1463708,1037664,171792,5260168,2406.192,1450.880,0,11.941,0,2.985,1922,1239,1.640,1.640,0.980,2,0,8.956,0,0,11,32,0,2,0
19-05 14:08:42,22.543,3.507,73.140,0,0,1476788,1024584,171792,5260168,2482.760,1460.801,0,4.008,0,1.002,1688,1115,1.640,1.640,0.980,3,0,0,0,0,11,32,0,2,0
19-05 14:08:43,18.564,11.289,69.238,0.251,0,1451616,1049624,171792,5260296,2606.972,1463.035,40.138,0,2.007,0,3226,2330,1.640,1.640,0.980,1,0,186.642,0,0,11,32,0,2,0
19-05 14:08:44,8.764,21.034,69.362,0,0,1448848,1052352,171796,5260332,2739.412,1460.352,0,336.542,0,9.015,5606,4211,1.640,1.640,0.980,1,0,400.645,0,0,11,32,0,1,0
19-05 14:08:45,8.252,22.255,68.014,0,0,1420652,1080520,171796,5260356,2418.492,1458.297,0,204.042,0,3.001,5824,4470,1.590,1.630,0.980,1,0,440.090,0,0,11,32,0,1,0
19-05 14:08:46,8.745,22.237,68.211,0,0,1410900,1090244,171796,5260380,2536.556,1457.170,0,267.848,0,3.998,5719,4231,1.590,1.630,0.980,1,0,400.772,0,0,11,32,0,1,0
19-05 14:08:47,8.499,21.249,68.496,0,0,1413036,1088044,171796,5260436,5831.623,1457.906,0,887.943,0,10.999,5598,4120,1.590,1.630,0.980,3,0,393.975,0,0,11,32,0,1,0
19-05 14:08:48,9.247,21.992,67.476,0,0,1401576,1099484,171796,5260456,2597.095,1457.492,0,887.691,0,11.996,5626,4123,1.590,1.630,0.980,2,0,396.862,0,0,11,32,0,1,0
19-05 14:08:49,9.496,21.240,68.469,0,0,1395676,1105348,171804,5260468,2623.810,1457.339,0,999.547,0,11.995,5617,3990,1.590,1.630,0.980,2,0,381.827,0,0,11,32,0,1,0
19-05 14:08:50,9.248,19.996,69.737,0,0,1384972,1116020,171804,5260500,2357.563,1457.730,0,139.974,0,4.999,5474,4024,1.550,1.620,0.980,1,0,355.934,0,0,11,32,0,1,0
19-05 14:08:51,8.511,20.778,69.343,0,0,1380732,1120236,171804,5260524,2481.346,1459.968,0,168.227,0,6.008,5557,4033,1.550,1.620,0.980,2,0,373.504,0,0,11,32,0,1,0
19-05 14:08:52,8.727,21.193,68.566,0,0,1382880,1118060,171804,5260552,2471.373,1454.101,0,215.422,0,11.968,5600,4065,1.550,1.620,0.980,2,0,379.981,0,0,11,32,0,1,0
19-05 14:08:53,8.247,22.243,68.228,0,0,1374880,1126020,171804,5260576,2537.172,1457.525,0,35.988,0,8.997,5691,4231,1.550,1.620,0.980,3,0,402.869,0,0,11,32,0,1,0
19-05 14:08:54,15.792,23.312,59.657,0,0,1342748,1158120,171804,5260604,2561.760,1461.858,0,553.461,0,24.064,6117,5118,1.550,1.620,0.980,3,0,482.273,0,0,11,32,0,3,0
19-05 14:08:55,48.343,25.666,24.919,0.498,0,1429924,1070892,171836,5260624,4138.531,1453.270,0,669.820,0,47.844,5966,4983,1.820,1.670,1.010,4,0,471.466,0,0,11,32,0,7,0
19-05 14:08:56,67.511,7.780,24.344,0,0,1544432,955864,171840,5261072,2487.599,1463.648,0,236.914,0,8.031,3540,1580,1.820,1.670,1.010,4,0,0,0,0,11,32,0,7,0
19-05 14:08:57,61.149,8.985,22.962,5.990,0,1644944,849604,172156,5266144,2533.800,1455.588,443.265,13653.371,9.983,1212.990,8458,12690,1.820,1.670,1.010,6,0,49.917,0,0,11,34,0,7,0
19-05 14:08:58,48.993,11.498,27.496,8.749,0,1606052,879212,172696,5273988,2357.670,1457.796,0,59771.636,0,4093.427,15071,29525,1.820,1.670,1.010,1,1,123.983,0,0,11,36,0,8,0
19-05 14:08:59,44.577,9.266,32.556,11.019,0,1629916,846212,172948,5282504,2619.497,1460.507,0,67175.312,0,4737.132,17506,34533,1.820,1.670,1.010,2,1,84.144,0,0,11,36,0,8,0
19-05 14:09:00,45.695,9.239,30.963,11.486,0,1647320,819500,173340,5291136,7756.661,6493.182,0,77095.178,0,5971.810,18773,37731,2.320,1.780,1.040,6,0,32.960,0,0,11,37,0,8,0
19-05 14:09:01,49.053,8.259,30.533,9.010,0,1645964,811688,174048,5299288,7094.675,5707.174,0,55864.430,0,4259.608,16833,32166,2.320,1.780,1.040,3,1,36.039,0,0,11,36,0,9,0
19-05 14:09:02,38.749,22.500,26.750,9.500,0,1572108,880596,174344,5303752,2657.961,1457.979,371.995,49271.274,6.000,3378.950,15046,26096,2.320,1.780,1.040,8,0,326.995,0,0,11,34,0,9,0
19-05 14:09:03,52.362,17.953,21.693,6.732,0,1603900,844532,174528,5308064,4441.312,3420.997,0,42867.186,0,3544.671,15083,28859,2.320,1.780,1.040,3,0,167.559,0,0,11,35,0,9,0
19-05 14:09:04,45.336,17.032,26.300,8.516,0,1606848,839596,174728,5309344,8866.830,7636.495,1803.423,34177.874,35.067,2763.245,13903,26024,2.320,1.780,1.040,2,1,148.281,0,0,11,35,0,9,0
19-05 14:09:05,32.992,10.247,43.739,9.498,0,1605288,839284,174816,5311020,11580.037,9571.551,0,45212.430,0,3790.030,16905,32546,2.210,1.770,1.040,0,1,115.970,0,0,11,35,0,9,0
19-05 14:09:06,37.746,9.249,42.246,8.749,0,1578764,865740,175084,5310824,5995.386,4759.513,0,50578.823,0,3919.599,15497,29691,2.210,1.770,1.040,2,0,44.995,0,0,11,34,0,9,0
19-05 14:09:07,39.208,7.742,41.455,8.990,0,1602008,841640,175252,5311456,2535.271,1498.387,0,38134.957,0,3686.033,14140,28028,2.210,1.770,1.040,4,0,36.960,0,0,11,34,0,9,0
19-05 14:09:08,35.785,7.758,44.794,9.259,0,1616056,825792,175324,5313156,8175.038,7137.017,0,49388.558,0,4111.042,15414,29701,2.210,1.770,1.040,3,1,30.030,0,0,11,37,0,9,0
19-05 14:09:09,37.773,6.254,44.777,8.005,0,1604000,836176,175368,5314748,11155.669,9319.572,0,31919.083,0,2946.762,14595,27382,2.210,1.770,1.040,3,1,36.022,0,0,11,37,0,9,0
19-05 14:09:10,36.987,7.997,43.235,9.747,0,1526544,911176,175500,5317024,9606.596,8095.132,0,57795.521,0,4500.405,17944,34606,2.430,1.820,1.060,2,0,52.981,0,0,11,36,0,10,0
19-05 14:09:11,34.516,10.755,42.770,10.255,0.500,1533980,900528,175656,5319988,2539.192,1458.685,0,37221.468,0,3382.587,14505,27344,2.430,1.820,1.060,1,1,111.052,0,0,11,36,0,10,0
19-05 14:09:12,32.751,7.000,45.751,11.750,0,1567908,864168,175736,5322268,4864.122,3815.095,0,46901.172,0,4084.102,14428,29373,2.430,1.820,1.060,4,0,54.001,0,0,11,37,0,10,0
19-05 14:09:13,35.732,8.246,43.228,10.245,0,1565212,864272,175764,5324748,10161.845,8548.664,0,62464.315,0,4954.487,19020,36533,2.430,1.820,1.060,2,1,83.957,0,0,11,37,0,10,0
19-05 14:09:14,34.031,6.256,47.543,9.258,0,1560720,865816,175800,5327584,12143.095,10963.017,0,39143.764,0,3410.116,15942,30502,2.430,1.820,1.060,2,0,33.030,0,0,11,37,0,10,0
19-05 14:09:15,37.674,9.231,42.913,8.233,0,1534356,897956,175848,5321752,5256.343,1984.976,0,35228.576,0,3440.026,14641,28476,2.400,1.820,1.070,8,0,35.927,0,0,11,36,0,10,0
19-05 14:09:16,41.303,7.009,42.054,8.261,0,1560060,871244,175892,5322712,2481.211,1459.889,0,45386.736,0,3775.886,13611,26943,2.400,1.820,1.070,3,0,39.051,0,0,11,34,0,11,0
19-05 14:09:17,32.396,13.706,51.086,1.246,0,1456312,974908,175908,5322780,9773.696,8387.137,0,13871.572,0,807.414,5899,7307,2.400,1.820,1.070,1,0,212.320,0,0,11,33,0,11,0
19-05 14:09:18,18.274,2.503,77.351,0.250,0,1449680,981504,175908,5322816,11026.425,9392.287,0,1590.080,0,87.114,4498,5837,2.400,1.820,1.070,3,0,0,0,0,11,33,0,11,0
19-05 14:09:19,18.293,5.513,75.177,0.251,0,1421072,1010096,175908,5322832,8418.856,6928.341,0,854.014,0,51.121,3748,3755,2.400,1.820,1.070,2,0,55.130,0,0,11,32,0,12,0
19-05 14:09:20,22.373,3.729,72.836,0.249,0,1421084,1010080,175908,5322836,4074.849,1449.763,0,540.927,0,37.785,1894,1535,2.290,1.810,1.070,2,0,0,0,0,11,32,0,12,0
19-05 14:09:21,19.259,2.251,77.288,0.250,0.250,1440732,990172,175908,5323096,7829.830,6570.214,0,2829.384,0,152.074,2151,2061,2.290,1.810,1.070,3,0,0,0,0,11,33,0,12,0
19-05 14:09:22,19.055,4.262,74.716,0,0,1415316,1015488,175908,5323196,8241.840,5293.311,0,0,0,0,3165,3219,2.290,1.810,1.070,2,0,34.099,0,0,11,32,0,13,0
19-05 14:09:23,22.118,3.479,73.560,0,0,1451440,979364,175908,5323196,2701.845,1449.334,0,43.738,0,3.976,1676,1167,2.290,1.810,1.070,2,0,0,0,0,11,32,0,13,0
19-05 14:09:24,19.561,2.006,78.245,0,0,1475036,955760,175908,5323204,7927.841,6521.434,0,4.013,0,1.003,1821,1447,2.290,1.810,1.070,4,0,0,0,0,11,33,0,13,0
19-05 14:09:25,19.606,3.016,75.155,0.251,0,1432288,998504,175908,5323208,4404.764,3222.385,0,458.474,0,41.222,2556,2572,2.180,1.790,1.070,2,0,17.092,0,0,11,32,0,14,0
19-05 14:09:26,20.986,5.496,73.451,0,0,1478656,952132,175908,5323212,2656.214,1457.020,0,115.922,0,7.995,2199,1537,2.180,1.790,1.070,2,0,42.971,0,0,11,32,0,14,0
19-05 14:09:27,18.458,2.245,77.572,0.249,0,1496768,934016,175908,5323216,7970.696,6588.869,0,1097.480,0,19.954,1984,1694,2.180,1.790,1.070,2,0,0.998,0,0,11,33,0,14,0
19-05 14:09:28,20.772,2.252,75.830,0,0,1477740,952892,175908,5323368,9860.427,6881.277,0,0,0,0,3267,3578,2.180,1.790,1.070,2,0,0,0,0,11,32,0,15,0
19-05 14:09:29,20.466,5.491,73.127,0,0,1472352,958280,175908,5323368,2796.293,1521.439,0,0,0,0,2222,1488,2.180,1.790,1.070,1,0,42.928,0,0,11,32,0,15,0
19-05 14:09:30,19.279,2.253,78.368,0,0,1498632,931996,175908,5323372,7820.785,6613.966,0,12.018,0,2.003,1892,1597,2.090,1.780,1.070,2,0,0,0,0,11,33,0,15,0
19-05 14:09:31,17.250,2.250,78.498,0,0,1481504,948984,175908,5323512,7630.838,6298.867,0,0,0,0,2850,3146,2.090,1.780,1.070,2,0,0,0,0,11,33,0,15,0
19-05 14:09:32,14.274,15.276,69.869,0.250,0,1459960,970424,175908,5323616,3369.729,2378.043,0,3998.798,0,75.128,4729,3798,2.090,1.780,1.070,1,0,268.456,0,0,11,32,0,16,0
19-05 14:09:33,16.730,24.470,56.931,0.250,0,1425944,1004344,175908,5323712,2594.833,1456.223,0,543.337,0,28.965,6194,4882,2.090,1.780,1.070,5,0,508.380,0,0,11,36,0,18,0
19-05 14:09:34,65.617,9.481,24.450,0,0,1491204,938912,175912,5323880,4280.301,1455.043,0,646.686,0,47.903,4157,2373,2.090,1.780,1.070,4,0,20.957,0,0,11,32,0,22,0
19-05 14:09:35,65.257,9.963,23.662,0.249,0,1614500,814232,175964,5325208,2588.350,1452.585,0,1048.093,0,100.625,3959,2111,2.160,1.800,1.080,5,0,1.993,0,0,11,32,0,22,0
19-05 14:09:36,70.535,5.522,23.595,0.251,0,1709684,716708,176048,5327172,2608.523,1506.075,0,3747.116,0,121.490,3960,1589,2.160,1.800,1.080,4,0,0,0,0,11,32,0,22,0
19-05 14:09:37,64.857,6.511,25.792,1.252,0,1798264,623524,176160,5331204,2782.576,1460.402,0,10453.191,0,599.987,5584,5410,2.160,1.800,1.080,3,2,28.046,0,0,11,38,0,22,0
19-05 14:09:38,37.281,9.758,41.034,10.008,0,1796692,613192,176220,5342672,2540.085,1459.198,0,64296.774,0,5079.169,20106,39410,2.160,1.800,1.080,8,1,219.180,0,0,11,38,0,22,0
19-05 14:09:39,30.738,8.997,45.733,11.746,0,1794448,606136,176300,5351564,2737.959,1551.410,0,98134.685,0,7037.324,23212,47162,2.160,1.800,1.080,3,1,200.924,0,0,11,38,0,22,0
19-05 14:09:40,41.015,9.253,35.263,11.004,0,1822560,570380,176380,5360740,2548.946,1458.541,0,76432.354,0,5897.188,20035,42052,2.230,1.820,1.090,7,1,184.068,0,0,11,38,0,22,0
19-05 14:09:41,45.469,13.491,29.980,8.994,0,1730484,653028,176436,5367904,2476.333,1457.019,0,52764.479,0,4087.248,17803,40617,2.230,1.820,1.090,5,2,199.865,0,0,11,36,0,22,0
19-05 14:09:42,49.940,10.238,28.216,8.989,0,1769628,606384,176456,5375096,2415.118,1456.262,0,63648.049,0,4544.577,16950,32271,2.230,1.820,1.090,3,1,36.956,0,0,11,36,0,22,0
19-05 14:09:43,41.598,10.274,33.328,11.778,0,1804516,561276,176500,5384892,2787.557,1461.438,0,75325.178,0,5309.489,18542,36386,2.230,1.820,1.090,1,1,18.042,0,0,11,36,0,22,0
19-05 14:09:44,48.237,8.998,29.242,10.997,0,1820800,540424,176512,5389316,2554.321,1457.612,0,77483.394,0,5680.489,19569,39609,2.230,1.820,1.090,1,1,88.976,0,0,11,38,0,22,0
19-05 14:09:45,40.933,9.984,42.181,5.241,0.250,1664832,695248,176532,5390384,2881.256,1455.603,0,36092.568,0,2713.532,11099,19463,2.210,1.830,1.100,2,0,150.752,0,0,11,32,0,22,0
19-05 14:09:46,15.288,12.782,70.676,0.251,0,1503260,856780,176532,5390416,2668.646,1461.640,0,3035.559,0,164.409,4116,3527,2.210,1.830,1.100,3,0,212.529,0,0,11,32,0,22,0
19-05 14:09:47,22.683,3.490,72.537,0.499,0,1488684,871320,176532,5390452,2470.739,1453.728,0,1036.953,0,45.865,1897,1454,2.210,1.830,1.100,4,0,1.994,0,0,11,32,0,22,0
19-05 14:09:48,22.717,3.245,72.395,0.250,0,1514888,845112,176532,5390452,2534.315,1455.883,0,4809.007,0,277.596,2225,2284,2.210,1.830,1.100,3,0,0,0,0,11,32,0,22,0
19-05 14:09:49,24.536,2.253,73.108,0,0,1540088,819908,176532,5390456,2498.700,1460.162,0,88.131,0,6.009,2121,1723,2.210,1.830,1.100,3,0,2.003,0,0,11,38,0,22,0
19-05 14:09:50,21.976,3.496,73.170,0,0,1412224,947768,176532,5390460,3961.680,1456.412,0,79.913,0,5.993,2104,1365,2.110,1.810,1.090,2,0,26.971,0,0,11,32,0,22,0
19-05 14:09:51,22.537,3.506,73.371,0.250,0,1454280,905712,176532,5390460,2482.110,1460.418,0,68.113,0,5.008,1765,1257,2.110,1.810,1.090,2,0,1.002,0,0,11,32,0,22,0
19-05 14:09:52,22.495,3.249,73.234,0,0,1500648,859344,176532,5390460,2597.442,1457.687,0,0,0,0,1714,1202,2.110,1.810,1.090,2,0,0,0,0,11,32,0,22,0
19-05 14:09:53,23.431,2.243,73.035,0,0,1533656,826332,176532,5390464,2723.996,1507.570,0,91.730,0,11.965,1930,1534,2.110,1.810,1.090,2,0,1.994,0,0,11,34,0,22,0
19-05 14:09:54,18.317,16.811,63.231,0,0,1457864,902108,176536,5390476,2791.191,1409.145,0,606.213,0,93.341,4199,3408,2.110,1.810,1.090,2,0,337.231,0,0,11,32,0,22,0
19-05 14:09:55,15.026,38.066,45.829,0,0,1442724,917184,176536,5390536,2736.743,1514.625,0,188.326,0,18.031,7232,6678,2.180,1.830,1.100,3,0,877.521,0,0,11,32,0,22,0
19-05 14:09:56,8.484,22.458,68.123,0,0,1455940,903956,176536,5390548,2533.273,1455.285,0,263.508,0,21.959,5621,3873,2.180,1.830,1.100,2,0,401.251,0,0,11,32,0,22,0
19-05 14:09:57,9.004,20.260,69.534,0,0,1448516,911308,176536,5390620,4220.075,1458.717,0,8.004,0,2.001,5629,4169,2.180,1.830,1.100,2,0,378.186,0,0,11,32,0,16,0
19-05 14:09:58,8.753,20.508,69.526,0,0,1410080,949696,176540,5390660,2538.965,1458.554,0,28.011,0,7.003,5172,3712,2.180,1.830,1.100,2,0,291.111,0,0,11,32,0,16,0
19-05 14:09:59,13.968,18.707,65.850,0,0,1396068,963680,176540,5391036,2728.768,1454.678,0,19.954,0,4.989,5672,5013,2.180,1.830,1.100,2,0,264.396,0,0,11,32,0,16,0
19-05 14:10:00,29.280,16.016,53.054,0,0,1428604,931116,176544,5391052,2540.608,1459.498,0,1157.188,0,176.181,5249,5521,2.090,1.820,1.100,3,0,184.189,0,0,11,32,0,16,0
19-05 14:10:01,44.705,6.244,47.952,0,0,1497832,861872,176552,5391164,2415.567,1456.533,0,231.767,0,2.997,2878,1415,2.090,1.820,1.100,3,0,12.987,0,0,11,33,0,16,0
19-05 14:10:02,45.792,5.255,48.294,0,0,1574076,785516,176552,5391268,2600.367,1459.328,0,52.047,0,3.003,2668,1218,2.090,1.820,1.100,4,0,0,0,0,11,33,0,14,0
19-05 14:10:03,47.464,3.997,47.963,0.250,0,1616832,742424,176564,5391548,2775.867,1456.880,103.920,783.398,0.999,91.929,3593,2982,2.090,1.820,1.100,5,0,16.987,0,0,11,49,0,14,0
19-05 14:10:04,46.276,4.753,48.027,0.250,0.250,1658812,698604,176624,5393040,2736.535,1458.818,0,1248.700,0,95.053,3083,2186,2.090,1.820,1.100,4,0,2.001,0,0,11,49,0,14,0
19-05 14:10:05,17.545,18.548,62.912,0,0,1676704,678208,176628,5395484,2544.571,1461.775,0,360.932,0,13.034,6038,8847,1.920,1.790,1.100,2,0,269.696,0,0,11,48,0,14,0
19-05 14:10:06,21.652,13.937,62.715,0.249,0,1675248,679604,176628,5395836,3960.013,1451.407,0,250.861,0,16.923,5449,6891,1.920,1.790,1.100,2,0,199.096,0,0,11,48,0,14,0
19-05 14:10:07,3.502,2.502,92.807,0,0,1682820,672016,176628,5395504,2599.599,1500.923,0,932.574,0,14.009,1362,1686,1.920,1.790,1.100,1,0,30.018,0,0,11,48,0,14,0
19-05 14:10:08,1.001,0.751,97.575,0,0,1681068,673768,176628,5395504,2419.852,1459.117,0,1296.993,0,12.009,752,1012,1.920,1.790,1.100,2,0,4.003,0,0,11,48,0,14,0
19-05 14:10:09,0.999,1.249,97.634,0,0,1681068,673768,176628,5395504,2551.974,1456.273,0,0,0,0,708,988,1.920,1.790,1.100,1,0,2.996,0,0,11,48,0,14,0
19-05 14:10:10,0.500,0.250,98.070,0,0,1681068,673768,176628,5395504,2369.698,1459.045,0,4.003,0,1.001,674,985,1.770,1.760,1.090,1,0,1.001,0,0,11,48,0,14,0
19-05 14:10:11,11.039,12.294,75.771,0,0,1655432,699400,176628,5395940,4052.480,1463.228,0,0,0,0,4300,4880,1.770,1.760,1.090,1,0,201.721,0,0,11,48,0,14,0
19-05 14:10:12,20.664,12.946,64.980,0,0,1700548,654288,176628,5395508,2527.493,1451.964,0,3.983,0,0.996,4370,4929,1.770,1.760,1.090,1,0,131.454,0,0,11,48,0,14,0
19-05 14:10:13,12.769,19.278,67.349,0.250,0,1749144,605560,176628,5395608,2722.001,1460.146,0,648.954,0,41.060,5639,5259,1.770,1.760,1.090,3,0,308.453,0,0,12,64,0,14,0
19-05 14:10:14,20.011,17.009,61.034,0,0,1734012,620636,176628,5395976,3120.724,1804.997,0,324.179,0,23.013,5767,6717,1.770,1.760,1.090,2,0,236.130,0,0,12,64,0,13,0
19-05 14:10:15,11.229,10.730,76.855,0,0,1719236,635268,176628,5395748,2473.343,1455.260,0,5214.182,0,394.258,3693,3590,1.870,1.780,1.100,1,0,186.649,0,0,12,64,0,13,0
19-05 14:10:16,11.268,13.522,74.371,0,0,1717808,636660,176628,5396216,2662.349,1460.385,0,32.052,0,7.011,4825,5136,1.870,1.780,1.100,2,0,204.334,0,0,14,64,0,13,0
19-05 14:10:17,18.657,11.941,68.411,0,0,1701620,652828,176628,5395788,2764.283,1450.801,0,0,0,0,4690,5371,1.870,1.780,1.100,4,0,135.328,0,0,14,66,0,13,0
19-05 14:10:18,9.313,20.387,69.720,0,0,1705112,649168,176628,5395964,2494.819,1467.896,0,68.462,0,8.054,5786,4374,1.870,1.780,1.100,2,0,403.722,0,0,14,66,0,12,0
19-05 14:10:19,10.747,21.494,66.483,0,0,1678820,675436,176628,5396416,2434.363,1457.619,0,27.993,0,6.998,6092,5373,1.870,1.780,1.100,12,0,318.917,0,0,14,66,0,12,0
19-05 14:10:20,22.998,13.499,61.743,0,0,1689820,664420,176628,5396000,2237.763,1457.846,0,127.986,0,4.000,4476,4738,1.800,1.760,1.100,3,0,135.986,0,0,14,66,0,12,0
19-05 14:10:21,30.283,24.527,44.549,0,0,1757868,596328,176636,5396016,2300.539,1459.611,0,312.345,0,9.010,6153,4684,1.800,1.760,1.100,2,0,448.495,0,0,14,66,0,12,0
19-05 14:10:22,29.431,24.692,45.893,0,0,1806264,547776,176660,5396144,2472.227,1454.603,0,91.786,0,1.995,6079,4415,1.800,1.760,1.100,2,0,441.968,0,0,14,66,0,10,0
19-05 14:10:23,31.024,23.017,43.283,1.751,0,1818504,534008,176716,5397528,4101.109,1459.106,8.006,1000.759,1.001,22.017,6429,7371,1.800,1.760,1.100,4,0,364.276,0,0,14,70,0,12,0
19-05 14:10:24,36.233,20.740,41.981,0,0,1904080,448348,176716,5398004,2613.798,1547.288,0,443.796,0,28.987,5741,5081,1.800,1.760,1.100,4,0,262.879,0,0,14,70,0,12,0
19-05 14:10:25,49.951,20.378,28.579,0,0.249,1979468,372944,176716,5397916,2642.161,1491.061,0,0,0,0,5498,5543,1.810,1.770,1.110,5,0,214.713,0,0,14,70,0,12,0
19-05 14:10:26,74.136,25.131,1.257,0,0,2048076,304112,176732,5398200,2671.912,1465.631,0,611.182,0,10.052,5169,4035,1.810,1.770,1.110,4,0,395.057,0,0,14,70,0,11,0
19-05 14:10:27,62.988,16.997,18.746,0,0,2121064,230220,176740,5399444,2657.492,1457.721,0,3.999,0,1.000,6651,7865,1.810,1.770,1.110,4,0,178.966,0,0,14,70,0,11,0
19-05 14:10:28,70.908,24.805,4.510,0,0,2183296,184332,174400,5385000,2543.684,1461.265,0,444.994,0,34.076,5181,4216,1.810,1.770,1.110,6,0,351.786,0,0,14,70,0,11,0
19-05 14:10:29,63.303,23.427,4.237,9.221,0,2268536,160352,171496,5328376,2666.709,1495.351,885.248,2280.909,79.752,82.743,5965,5577,1.810,1.770,1.110,3,2,301.064,0,0,14,70,0,11,0
19-05 14:10:30,70.931,16.484,3.497,7.992,0,2349612,136832,172000,5271104,4213.874,1456.574,1858.181,11.988,95.906,2.997,6014,5518,1.990,1.810,1.120,4,2,137.865,0,0,14,74,0,10,0
19-05 14:10:31,64.242,25.095,5.270,4.768,0,2452452,260140,170700,5051840,2728.286,1463.517,4452.787,8395.651,187.708,805.035,9234,12603,1.990,1.810,1.120,3,1,319.203,0,0,14,76,0,10,0
19-05 14:10:32,63.866,21.954,8.482,4.491,0,2537200,161736,170712,5065780,2233.307,1454.943,1141.601,23430.768,56.880,1759.303,13009,21978,1.990,1.810,1.120,9,0,274.423,0,0,14,76,0,10,0
19-05 14:10:33,67.320,17.703,11.220,2.743,0,2560400,190032,170492,5015328,2471.393,1454.112,726.059,14002.564,30.917,1465.083,11014,17387,1.990,1.810,1.120,6,0,135.637,0,0,14,76,0,10,0
19-05 14:10:34,83.893,15.573,0.754,0,0,2656460,178208,169524,4933616,2506.755,1555.293,48.226,1527.161,4.019,70.330,6653,9100,1.990,1.810,1.120,7,0,133.627,0,0,14,80,0,6,0
19-05 14:10:35,66.541,22.264,9.256,1.001,0,2734548,172736,168992,4863480,2359.458,1458.901,464.287,9337.768,30.019,593.367,8506,10554,2.390,1.890,1.150,5,0,350.216,0,0,14,93,0,12,0
19-05 14:10:36,55.369,25.689,17.957,0,0,2814208,164192,168736,4794408,2292.574,1454.557,0,1743.873,0,63.849,7385,9528,2.390,1.890,1.150,10,0,371.122,0,0,14,93,0,12,0
19-05 14:10:37,43.559,16.773,38.552,0.250,0.250,2881208,167336,168404,4726488,4163.630,1459.974,16.022,1009.365,1.001,51.069,6137,7429,2.390,1.890,1.150,7,0,194.263,0,0,14,95,0,12,0
19-05 14:10:38,44.314,16.182,29.377,8.962,0,2943304,166408,168160,4666652,2407.918,1451.921,2832.141,8321.158,76.679,259.912,6917,8687,2.390,1.890,1.150,3,0,141.408,0,0,14,98,0,15,0
19-05 14:10:39,45.599,5.512,47.854,0.752,0,3025976,148768,168004,4602980,2805.108,1555.387,481.047,8.017,30.065,2.004,2818,1435,2.390,1.890,1.150,4,0,0,0,0,14,98,0,15,0
19-05 14:10:40,35.736,9.996,51.479,1.499,0,3079964,161464,168024,4537804,2477.013,1457.419,7.997,575.770,1.999,29.988,4471,4022,2.360,1.890,1.160,2,0,125.950,0,0,14,101,0,15,0
19-05 14:10:41,16.549,21.815,58.924,2.257,0,3081200,160172,168024,4537860,2485.358,1462.329,24.071,818.423,2.006,53.157,6344,17995,2.360,1.890,1.160,3,0,383.134,0,0,14,101,0,16,0
19-05 14:10:42,8.987,17.975,70.901,0,0,3098480,142864,168024,4537888,2548.438,1509.890,0,107.849,0,10.985,5415,3954,2.360,1.890,1.160,3,0,316.558,0,0,14,101,0,16,0
19-05 14:10:43,13.015,13.266,71.584,1.752,0,3110168,197732,168024,4472956,2480.920,1459.718,840.990,368.434,37.044,1.001,3993,2986,2.360,1.890,1.160,1,0,202.238,0,0,14,101,0,15,0
19-05 14:10:44,22.988,2.499,72.464,0,0,3162932,144840,168024,4473084,2553.722,1547.226,131.934,255.872,4.997,8.995,1814,1254,2.360,1.890,1.160,1,0,0.999,0,0,14,103,0,15,0
19-05 14:10:45,18.245,2.999,76.978,1.000,0,3167648,140092,168028,4473112,9134.363,7911.716,7.998,287.917,1.999,32.990,2553,2862,2.250,1.880,1.160,3,0,2.999,0,0,14,112,0,15,0
19-05 14:10:46,19.940,6.481,72.035,0,0,3117880,189848,168028,4473124,19285.347,17963.300,0,8626.212,0,540.385,2915,2020,2.250,1.880,1.160,2,0,63.809,0,0,14,113,0,16,0
19-05 14:10:47,24.018,2.752,72.805,0,0,3157656,150032,168028,4473164,4189.145,1567.177,4.003,4.003,1.001,1.001,1786,1163,2.250,1.880,1.160,3,0,1.001,0,0,14,113,0,16,0
19-05 14:10:48,19.057,3.761,75.725,0.752,0.251,3179988,127644,168028,4473208,8890.382,7970.653,12.036,3919.631,1.003,203.604,3170,3773,2.250,1.880,1.160,3,0,4.012,0,0,14,120,0,16,0
19-05 14:10:49,33.513,6.503,57.022,1.000,0,3238516,133644,168040,4410196,2676.053,1458.574,944.372,1508.594,54.021,180.071,5308,6938,2.250,1.880,1.160,2,1,4.002,0,0,14,123,0,16,0
19-05 14:10:50,25.011,3.752,69.281,1.000,0,3245268,126156,168044,4410928,2359.052,1458.650,544.243,1340.598,17.008,153.068,4419,5854,2.150,1.860,1.160,1,0,4.002,0,0,14,129,0,16,0
19-05 14:10:51,27.177,9.724,60.837,0.249,0,3195516,175840,168044,4410980,3839.728,2594.060,0,1244.670,0,107.712,4389,4225,2.150,1.860,1.160,2,0,110.704,0,0,14,128,0,18,0
19-05 14:10:52,23.172,2.741,73.005,0.498,0,3242640,128716,168044,4410980,2853.422,1453.122,0,402.648,0,21.926,1779,1269,2.150,1.860,1.160,1,0,0,0,0,14,128,0,18,0
19-05 14:10:53,17.503,3.251,78.514,0.250,0.250,3258608,176384,168044,4348892,8502.566,7183.323,32.006,372.069,2.000,24.004,1929,1666,2.150,1.860,1.160,2,0,0,0,0,14,129,0,18,0
19-05 14:10:54,18.003,2.750,76.763,0.500,0,3261664,173456,168048,4348828,5467.895,4130.676,12.002,2432.398,3.000,136.022,2357,2632,2.150,1.860,1.160,2,0,0,0,0,14,129,0,18,0
19-05 14:10:55,27.275,5.505,66.060,0.500,0,3272884,162160,168056,4348896,3759.393,2654.395,4.004,1036.936,1.001,123.111,4670,6340,2.060,1.850,1.150,3,0,3.003,0,0,14,128,0,19,0
19-05 14:10:56,41.226,11.243,46.722,0.250,0,3260176,239220,168056,4286188,2356.608,1457.139,0,359.787,0,19.988,3672,2455,2.060,1.850,1.150,3,0,93.945,0,0,14,128,0,19,0
19-05 14:10:57,42.325,6.011,50.590,0,0,3369160,130220,168056,4286204,4158.415,3436.127,0,512.915,0,17.030,2828,1548,2.060,1.850,1.150,2,0,3.005,0,0,14,129,0,19,0
19-05 14:10:58,32.118,4.517,62.481,0.251,0,3312224,250296,168056,4224680,26021.004,22186.858,0,1092.029,0,55.204,3420,3507,2.060,1.850,1.150,4,0,17.063,0,0,14,130,0,20,0
19-05 14:10:59,27.678,5.735,65.830,0.249,0,3356636,205468,168056,4225096,2548.412,1454.240,3.990,155.598,0.997,11.969,3097,3795,2.060,1.850,1.150,3,0,41.892,0,0,14,130,0,20,0
19-05 14:11:00,18.693,1.994,78.012,0,0,3384100,178000,168056,4225100,8303.673,7293.754,0,15.951,0,3.988,1696,1316,1.890,1.820,1.150,2,0,0,0,0,14,131,0,20,0
19-05 14:11:01,20.582,5.020,72.789,0,0,3396192,165904,168056,4225104,21773.597,18888.121,8.032,461.837,2.008,40.160,2726,2537,1.890,1.820,1.150,2,0,51.204,0,0,14,130,0,21,0
19-05 14:11:02,23.268,3.252,73.055,0,0,3373736,250820,168056,4164004,7205.456,1459.105,0,88.067,0,10.008,1743,1227,1.890,1.820,1.150,2,0,0,0,0,14,130,0,21,0
19-05 14:11:03,16.449,2.492,80.000,0.498,0,3375860,248856,168056,4163968,9372.746,7920.279,7.975,295.079,1.994,41.869,2392,2510,1.890,1.820,1.150,10,0,0,0,0,14,131,0,21,0
19-05 14:11:04,22.297,7.015,68.645,0.251,0,3324700,299888,168056,4164096,3794.991,2611.499,0,2048.313,0,168.355,3839,4504,1.890,1.820,1.150,3,0,82.173,0,0,14,130,0,22,0
19-05 14:11:05,23.392,2.737,71.919,0.249,0,3376636,247976,168056,4164100,2586.085,1451.313,0,354.367,0,25.881,2072,1723,1.820,1.810,1.150,2,0,0,0,0,14,130,0,22,0
19-05 14:11:06,18.529,2.003,78.875,0.250,0,3381868,242736,168056,4164108,29018.168,24181.473,0,3337.310,0,328.523,2044,1464,1.820,1.810,1.150,4,0,0,0,0,14,130,0,23,0
19-05 14:11:07,20.494,6.498,72.729,0.250,0,3381472,242992,168056,4164248,2477.293,1457.584,0,247.929,0,15.995,2477,1829,1.820,1.810,1.150,2,0,55.984,0,0,14,130,0,23,0
19-05 14:11:08,18.672,1.743,77.179,0,0,3421520,202936,168056,4164256,8288.527,7154.245,0,167.304,0,9.959,1795,1362,1.820,1.810,1.150,3,0,0,0,0,14,131,0,23,0
19-05 14:11:09,24.939,4.283,67.765,1.511,0,3416432,207664,168064,4164608,3601.361,2417.366,36.276,2144.291,3.023,247.883,5189,8475,1.820,1.810,1.150,2,0,1.008,0,0,14,132,0,23,0
19-05 14:11:10,25.447,3.493,67.358,1.497,0,3416760,207284,168064,4164660,3674.278,2692.342,0,6358.637,0,447.060,5327,8016,1.840,1.810,1.150,2,0,0,0,0,14,131,0,25,0
19-05 14:11:11,20.722,6.741,72.651,0,0,3412972,211068,168064,4164664,2354.798,1456.020,0,403.451,0,19.973,2404,1853,1.840,1.810,1.150,2,0,52.928,0,0,14,131,0,25,0
19-05 14:11:12,18.737,1.999,77.697,0.250,0.250,3440648,183380,168064,4164676,8255.368,7243.059,0,379.741,0,20.986,1693,1344,1.840,1.810,1.150,2,0,0,0,0,14,132,0,25,0
19-05 14:11:13,18.501,4.000,75.753,0.750,0,3435032,188964,168064,4164708,7207.296,5917.243,4.000,2096.086,1.000,150.006,3295,4187,1.840,1.810,1.150,3,0,0,0,0,14,132,0,25,0
19-05 14:11:14,28.133,4.270,65.308,0.754,0,3432308,191568,168064,4164828,4190.770,1464.911,0,996.702,0,107.507,5680,8428,1.840,1.810,1.150,3,0,0,0,0,14,132,0,25,0
19-05 14:11:15,40.992,6.999,49.991,0.500,0,3388716,234892,168064,4165096,3127.423,2323.571,0,1299.760,0,106.980,8343,12833,1.850,1.810,1.160,2,0,13.997,0,0,14,133,0,26,0
19-05 14:11:16,21.193,5.984,71.307,0,0,3443060,180544,168064,4165100,2291.792,1495.948,0,327.114,0,16.954,2425,2003,1.850,1.810,1.160,2,0,63.827,0,0,14,133,0,26,0
19-05 14:11:17,18.720,2.746,77.877,0,0,3462288,161176,168064,4165240,8130.167,7172.679,0,0,0,0,1756,1302,1.850,1.810,1.160,4,0,0.998,0,0,14,134,0,26,0
19-05 14:11:18,20.231,2.498,74.681,0.999,0,3419748,203680,168064,4165276,6349.104,5431.955,0,2821.380,0,222.793,3497,4804,1.850,1.810,1.160,4,0,0.999,0,0,14,133,0,27,0
19-05 14:11:19,20.287,10.269,68.374,0.250,0,3418672,204664,168064,4165368,2453.463,1514.756,0,408.744,0,34.062,3774,3976,1.850,1.810,1.160,2,0,146.266,0,0,14,133,0,27,0
19-05 14:11:20,19.542,2.255,76.664,0,0,3439196,184128,168064,4165380,4666.993,3856.257,0,444.953,0,34.073,1936,1721,1.780,1.800,1.160,2,0,0,0,0,14,134,0,27,0
19-05 14:11:21,24.428,2.991,72.037,0.499,0,3441040,182252,168064,4165412,11724.377,10809.080,0,530.434,0,48.856,3941,5169,1.780,1.800,1.160,2,0,0,0,0,14,134,0,27,0
19-05 14:11:22,24.532,5.257,67.837,0.751,0,3437820,185440,168064,4165444,2427.127,1459.881,0,1229.584,0,148.191,5272,7375,1.780,1.800,1.160,3,0,1.001,0,0,14,134,0,27,0
19-05 14:11:23,31.281,8.258,59.309,0.500,0,3431456,191536,168064,4165696,4216.185,3051.028,32.032,980.974,2.002,78.077,5867,8055,1.780,1.800,1.160,4,0,6.006,0,0,14,135,0,26,0
19-05 14:11:24,39.630,17.808,40.633,1.003,0,3363776,259100,168064,4165812,2860.391,1791.883,0,7372.204,0,475.561,9767,13835,1.780,1.800,1.160,5,0,286.942,0,0,14,135,0,26,0
19-05 14:11:25,25.431,3.740,69.811,0,0,3412812,209960,168064,4165868,2678.743,1671.472,0,307.168,0,22.938,2463,2409,1.720,1.790,1.160,2,0,0,0,0,14,135,0,26,0
19-05 14:11:26,19.305,2.256,77.219,0,0,3434724,188036,168064,4165880,9250.230,8202.258,0,232.660,0,16.045,2019,1670,1.720,1.790,1.160,3,0,0,0,0,14,136,0,26,0
19-05 14:11:27,13.998,13.998,70.988,0.250,0,3418412,204320,168064,4165908,3615.392,2383.599,3.999,3779.364,1.000,340.943,5045,4079,1.720,1.790,1.160,1,0,289.951,0,0,14,135,0,27,0
19-05 14:11:28,10.483,19.718,68.387,0.250,0,3353524,269140,168064,4165944,2533.830,1455.604,0,219.639,0,16.972,5667,4174,1.720,1.790,1.160,2,0,335.448,0,0,14,135,0,27,0
19-05 14:11:29,22.286,14.273,61.851,0,0,3341012,281432,168068,4166160,2799.578,1460.388,0,20.033,0,5.008,5883,7929,1.720,1.790,1.160,1,0,150.246,0,0,14,135,0,27,0
19-05 14:11:30,30.754,21.253,47.006,0,0,3394564,227852,168068,4166192,2538.349,1528.210,0,172.024,0,5.001,5941,4404,1.820,1.810,1.170,3,0,363.050,0,0,14,135,0,27,0
19-05 14:11:31,30.976,23.232,44.465,0,0,3436468,185836,168068,4166304,2651.934,1564.781,35.972,39.969,3.997,9.992,5807,4217,1.820,1.810,1.170,4,0,336.738,0,0,14,135,0,27,0
19-05 14:11:32,36.509,15.254,47.012,0.500,0,3462980,158980,168080,4167088,4039.022,1458.369,56.014,344.087,3.001,22.006,5967,7483,1.820,1.810,1.170,2,0,186.047,0,0,14,141,0,28,0
19-05 14:11:33,48.421,22.596,28.059,0.248,0,3540392,142136,168080,4108016,2401.668,1448.152,39.730,218.514,0.993,8.939,5916,7139,1.820,1.810,1.170,7,0,347.636,0,0,16,141,0,28,0
19-05 14:11:34,57.184,26.335,16.052,0,0,3647928,134368,168084,4010056,2563.268,1462.718,8.026,569.838,2.006,47.152,6964,9572,1.820,1.810,1.170,5,0,391.262,0,0,16,147,0,28,0
19-05 14:11:35,61.342,20.447,17.704,0,0,3720888,150536,168084,3921992,2411.775,1544.015,47.876,1101.158,6.982,95.753,5986,8260,1.920,1.830,1.180,3,0,234.395,0,0,16,151,0,28,0
19-05 14:11:36,51.059,21.128,26.913,0,0,3795892,127372,168088,3870436,2493.104,1466.887,32.195,555.364,3.018,42.256,7506,9969,1.920,1.830,1.180,4,0,291.768,0,0,16,163,0,19,0
19-05 14:11:37,36.013,24.009,39.514,0,0,3842872,124960,168088,3826600,2598.928,1528.546,0,308.110,0,12.004,13087,4854,1.920,1.830,1.180,2,0,442.158,0,0,16,163,0,19,0
19-05 14:11:38,29.252,24.502,46.253,0.250,0,3853344,166560,168092,3775572,2478.174,1458.102,80.006,556.039,3.000,37.003,5984,4724,1.920,1.830,1.180,1,0,357.025,0,0,17,163,0,19,0
19-05 14:11:39,24.926,13.211,60.071,0.499,0,3869436,149864,168092,3776180,2878.431,1547.394,3.988,390.837,0.997,27.917,6087,8740,1.920,1.830,1.180,2,0,144.570,0,0,17,163,0,19,0
19-05 14:11:40,30.001,22.001,46.502,0,0,3918604,155224,168092,3722972,2598.119,1458.067,4.000,88.004,1.000,5.000,6040,4646,1.920,1.830,1.180,3,0,393.018,0,0,17,163,0,16,0
19-05 14:11:41,39.977,23.736,34.480,1.249,0,3956724,170040,168092,3671800,2536.553,1457.169,167.904,95.945,8.995,7.995,6403,22060,1.920,1.830,1.180,3,0,355.797,0,0,17,163,0,17,0
19-05 14:11:42,39.589,15.034,44.851,0,0,3999072,127468,168100,3671540,2423.437,1461.279,4.009,252.567,1.002,18.040,5718,6562,1.920,1.830,1.180,3,0,179.403,0,0,17,175,0,17,0
19-05 14:11:43,40.763,26.509,31.760,0,0,4072816,146984,168108,3580416,2478.799,1458.470,8.003,196.063,2.001,14.005,7797,11070,1.920,1.830,1.180,4,0,464.150,0,0,17,180,0,17,0
19-05 14:11:44,33.995,23.747,40.495,0.250,0,4135348,131768,168116,3534240,2434.672,1457.804,27.996,591.920,3.999,43.994,7038,7457,1.920,1.830,1.180,3,0,477.936,0,0,17,181,0,16,0
19-05 14:11:45,28.759,25.008,45.014,0.250,0,4176428,158372,168116,3467836,2298.720,1548.485,16.005,844.265,4.001,46.014,8875,12924,2.250,1.900,1.210,2,0,406.127,0,0,17,187,0,16,0
19-05 14:11:46,18.016,17.015,63.805,0.250,0,4186048,148716,168116,3467856,2420.092,1459.261,4.003,4928.259,1.001,52.045,5744,6295,2.250,1.900,1.210,1,0,219.189,0,0,17,203,0,16,0
19-05 14:11:47,28.070,14.656,54.898,0.745,0,4226780,121548,168116,3454420,4437.538,1502.364,0,0,0,0,5189,5408,2.250,1.900,1.210,2,1,184.815,0,0,17,203,0,16,0
19-05 14:11:48,41.165,7.235,44.159,6.736,0,4319436,121420,168116,3363956,2680.485,1562.785,766.423,16362.335,12.973,918.111,3370,1981,2.250,1.900,1.210,3,0,1.996,0,0,17,203,0,15,2
19-05 14:11:49,48.846,7.515,42.083,0.501,0,4401652,131308,168116,3273436,2560.027,1460.869,104.205,637.251,5.010,63.124,3834,3521,2.250,1.900,1.210,3,0,5.010,0,0,17,211,0,15,0
19-05 14:11:50,43.269,7.003,45.270,4.002,0,4463848,138044,168340,3206788,2659.159,1458.636,384.167,328.143,22.010,36.016,3333,2330,2.230,1.900,1.210,3,0,5.002,0,0,17,213,0,15,0
19-05 14:11:51,31.939,12.574,54.572,0,0,4373852,269804,168340,3165708,2687.884,1520.988,0,273.617,0,16.095,3929,2962,2.230,1.900,1.210,3,0,174.028,0,0,17,215,0,15,0
19-05 14:11:52,33.955,23.469,39.947,1.248,0,4412452,230064,168352,3166836,4240.383,1563.928,922.778,978.703,10.985,25.966,6190,5107,2.230,1.900,1.210,3,0,371.508,0,0,17,221,0,13,0
19-05 14:11:53,34.775,29.521,31.773,2.252,0.250,4459412,181656,168364,3168292,10076.232,7325.257,856.615,36.026,16.011,9.006,6485,5927,2.230,1.900,1.210,2,0,408.293,0,0,17,222,0,13,0
19-05 14:11:54,44.549,15.928,36.336,1.742,0,4496536,143432,168372,3169512,5777.949,4534.555,11.946,561.469,2.987,26.879,5749,8860,2.230,1.900,1.210,4,0,159.282,0,0,17,223,0,14,0
19-05 14:11:55,68.157,17.290,14.283,0.752,0,4512388,170824,168376,3127696,2423.576,1551.570,44.101,388.895,7.016,17.039,5374,4501,2.370,1.930,1.230,3,0,153.353,0,0,17,226,0,14,0
19-05 14:11:56,70.643,13.183,12.935,2.487,0,4624052,132736,168376,3056700,8374.720,7255.371,971.097,485.549,17.910,16.915,4744,3264,2.370,1.930,1.230,3,0,17.910,0,0,17,227,0,13,0
19-05 14:11:57,48.959,9.792,24.856,15.315,0,4671204,169500,168412,2975120,7928.807,6795.977,1249.327,984.196,55.236,47.201,4368,3964,2.370,1.930,1.230,3,2,27.116,0,0,17,232,0,14,0
19-05 14:11:58,53.688,11.791,18.314,16.056,0,4654880,178716,168412,2982212,2500.773,1517.323,5013.589,7096.898,305.070,26.092,5035,4405,2.370,1.930,1.230,3,2,22.077,0,0,17,234,0,14,0
19-05 14:11:59,67.000,11.000,16.000,5.000,0,4704616,160300,168476,2951616,5049.037,7172.052,1048.008,1580.011,139.001,117.001,6451,7628,2.370,1.930,1.230,4,0,51.000,0,0,17,240,0,18,0
19-05 14:12:00,32.993,23.995,42.491,0,0,4691412,171540,168480,2953576,11199.566,6945.490,23.995,1359.704,2.999,61.987,6986,7218,2.420,1.950,1.240,6,0,371.919,0,0,17,239,0,18,0
19-05 14:12:01,43.270,22.381,33.074,0.249,0,4657068,204392,168484,2955508,2421.106,1515.927,0,457.563,0,23.873,6591,7594,2.420,1.950,1.240,4,0,298.411,0,0,17,239,0,18,0
19-05 14:12:02,50.013,18.095,30.661,0.503,0,4726476,134200,168484,2955820,2505.152,1519.980,4.021,2412.667,1.005,144.760,5757,5460,2.420,1.950,1.240,2,1,200.050,0,0,17,239,0,18,0
19-05 14:12:03,48.845,25.918,23.675,0.498,0,4761136,121324,168488,2935120,12230.205,11582.261,15.949,1128.421,3.987,57.817,6656,6452,2.420,1.950,1.240,5,0,393.751,0,0,17,240,0,18,0
19-05 14:12:04,61.239,22.156,15.683,0.249,0,4770764,163936,168488,2883912,4263.814,2489.382,609.401,697.027,36.843,41.822,5883,6681,2.420,1.950,1.240,6,0,232.010,0,0,17,239,0,17,0
19-05 14:12:05,65.592,20.859,11.812,1.759,0,4826564,139464,168848,2852568,4303.441,1465.643,1664.681,2066.777,74.388,203.059,6995,9493,2.790,2.040,1.270,4,0,217.132,0,0,17,243,0,19,0
19-05 14:12:06,52.479,25.990,20.742,0,0,4858640,173120,168852,2788184,9900.083,9679.170,0,295.883,0,16.993,6296,5826,2.790,2.040,1.270,3,0,380.849,0,0,17,244,0,19,0
19-05 14:12:07,57.668,22.816,15.545,3.510,0.251,4824056,203764,168856,2792104,6340.428,4328.580,641.865,545.586,15.044,36.105,7767,18102,2.790,2.040,1.270,3,0,224.653,0,0,17,243,0,22,0
19-05 14:12:08,57.217,19.489,19.989,1.999,0,4900232,145132,168860,2774700,2356.655,1457.168,463.735,847.516,26.985,39.977,7445,11490,2.790,2.040,1.270,4,0,246.859,0,0,17,251,0,22,0
19-05 14:12:09,64.199,9.742,25.730,0,0,5029644,123104,168864,2670284,10007.071,9399.553,91.927,435.655,7.994,36.971,4357,3476,2.790,2.040,1.270,3,0,4.996,0,0,17,256,0,21,0
19-05 14:12:10,56.129,9.230,32.430,1.247,0,5027416,179724,168868,2616984,12206.753,10307.836,363.219,550.816,5.987,47.897,4790,4295,2.810,2.050,1.280,5,0,13.970,0,0,17,258,0,22,0
19-05 14:12:11,62.438,9.529,23.069,4.514,0,5103408,126776,168880,2594600,3739.239,2280.855,914.749,874.629,74.223,59.178,6580,7048,2.810,2.050,1.280,4,0,10.030,0,0,17,260,0,26,0
19-05 14:12:12,54.704,7.460,33.320,2.984,0.249,5152376,124636,168916,2549024,13540.706,11888.648,823.542,525.157,21.882,41.774,4523,3681,2.810,2.050,1.280,5,0,6.962,0,0,17,267,0,27,0
19-05 14:12:13,59.481,22.086,17.819,0.753,0,5070880,205668,168916,2549492,6242.239,4419.160,919.571,839.259,28.109,73.285,6895,7177,2.810,2.050,1.280,8,0,304.181,0,0,17,270,0,28,0
19-05 14:12:14,48.772,25.762,18.008,6.003,0,5103584,169492,169068,2552688,2616.207,1458.673,3253.501,17671.151,55.025,1470.678,8800,10413,2.810,2.050,1.280,2,1,343.158,0,0,17,271,0,28,0
19-05 14:12:15,46.873,20.584,30.257,1.240,0,5131396,140584,169180,2553616,10737.590,9667.204,1464.217,742.029,24.800,39.681,5677,5921,2.900,2.090,1.290,3,0,231.140,0,0,17,274,0,28,0
19-05 14:12:16,60.105,19.033,18.783,1.753,0,5122516,149256,169184,2554160,5398.409,4246.401,528.922,3646.356,7.012,51.089,6472,6827,2.900,2.090,1.290,8,0,148.258,0,0,18,273,0,30,0
19-05 14:12:17,80.385,15.826,0.754,3.014,0,5187076,155384,169184,2485832,2387.428,1302.233,526.520,12.058,5.024,1.005,5033,2857,2.900,2.090,1.290,7,0,107.515,0,0,18,276,0,29,0
19-05 14:12:18,69.329,12.514,5.256,12.014,0,5248280,147328,169188,2435252,8452.598,7258.242,2074.356,14260.193,107.122,139.158,5005,3166,2.900,2.090,1.290,3,2,10.011,0,0,18,279,0,29,0
19-05 14:12:19,77.527,9.971,8.226,3.739,0,5246004,200724,169200,2385764,7800.611,6624.985,1543.570,1228.474,71.794,87.748,5572,4949,2.900,2.090,1.290,5,0,13.960,0,0,18,278,0,30,0
19-05 14:12:20,78.573,14.309,5.523,1.757,0,5315208,129724,169220,2387524,2590.645,1355.570,923.796,1092.489,30.124,74.305,6180,5231,3.230,2.170,1.320,4,0,88.363,0,0,18,279,0,32,0
19-05 14:12:21,41.810,13.190,43.552,0.249,0,5366820,123600,169224,2343444,9139.507,8249.547,561.451,700.818,7.964,27.873,4327,3320,3.230,2.170,1.320,4,0,138.372,0,0,18,285,0,31,0
19-05 14:12:22,35.603,7.271,54.157,1.504,0,5332652,183124,169236,2318880,16087.622,8800.504,525.523,449.302,7.020,46.134,3520,2962,3.230,2.170,1.320,4,0,9.026,0,0,18,285,0,32,0
19-05 14:12:23,43.968,8.494,46.216,0.250,0,5364716,149468,169236,2320456,1688693.554,50448.883,511.624,227.832,3.997,12.990,6044,3488,3.230,2.170,1.320,2,0,7.994,0,0,18,284,0,32,0
19-05 14:12:24,36.519,8.004,53.278,0.500,0,5375848,136160,169236,2322632,2458205.328,61179.790,320.166,448.233,6.003,36.019,7806,6477,3.230,2.170,1.320,2,0,5.003,0,0,18,287,1,32,0
19-05 14:12:25,22.717,6.740,68.150,0,0,5404976,127560,169236,2302800,2465161.584,60376.036,527.223,183.729,4.993,11.982,5307,3930,3.050,2.150,1.320,2,0,5.991,0,0,18,288,0,31,0
19-05 14:12:26,21.639,4.477,71.634,0,0,5370732,173948,169236,2291044,2460466.434,67391.340,254.697,859.604,1.990,41.786,5995,3658,3.050,2.150,1.320,3,0,0.995,0,0,18,288,0,31,0
19-05 14:12:27,3.514,1.757,91.617,0,0,5363792,178580,169236,2293352,2464820.861,69585.584,0,144.579,0,8.032,3935,3227,3.050,2.150,1.320,1,0,1.004,0,0,18,288,0,31,0
19-05 14:12:28,4.478,1.741,89.552,0.249,0,5363036,177172,169236,2295516,2451630.144,71806.770,0,242.785,0,21.890,5300,3754,3.050,2.150,1.320,2,0,0,0,0,18,288,0,31,0
19-05 14:12:29,22.580,5.520,69.245,0,0,5288932,248316,169236,2298460,2384658.536,63186.677,0,276.980,0,25.089,6355,4502,3.050,2.150,1.320,2,0,5.018,0,0,18,287,0,31,0
19-05 14:12:30,29.560,15.031,52.357,1.754,0,5336384,197360,169236,2301964,790343.598,44133.994,2292.675,400.817,26.053,35.072,6184,5194,2.970,2.150,1.320,4,0,258.527,0,0,18,290,0,31,0
19-05 14:12:31,36.381,5.731,56.814,0,0.249,5405636,128100,169236,2301972,12588.718,9743.049,0,566.143,0,24.918,2996,2116,2.970,2.150,1.320,3,0,0.997,0,0,18,292,0,31,0
19-05 14:12:32,29.772,5.004,63.547,0.250,0,5353580,209392,169236,2273572,11276.252,9870.223,0,404.296,0,38.028,3467,2971,2.970,2.150,1.320,2,0,37.027,0,0,18,291,0,32,0
19-05 14:12:33,20.770,2.753,74.822,0.250,0,5354400,208224,169236,2273924,6326.047,4890.675,320.306,272.260,16.015,22.021,4210,5269,2.970,2.150,1.320,2,0,0,0,0,18,295,0,32,0
19-05 14:12:34,9.517,2.254,84.397,1.252,0,5355468,206704,169236,2274376,269006.433,9267493.369,208.364,3193.573,11.019,232.406,5709,5268,2.970,2.150,1.320,1,0,1.002,0,0,18,294,0,33,0
19-05 14:12:35,1.745,1.496,92.992,0.499,0,5352696,209476,169236,2274376,246020.511,7185230.552,0,6749.304,0,793.801,3627,1925,2.730,2.110,1.320,3,0,0,0,0,18,294,0,33,0
19-05 14:12:36,24.785,3.255,68.848,0,0,5346248,215856,169248,2274432,2275747.383,110724.929,0,1582.242,0,198.281,8722,8391,2.730,2.110,1.320,3,0,3.004,0,0,18,304,0,33,0
19-05 14:12:37,5.495,3.747,86.677,0.250,0,5340112,218080,169248,2278344,2462475.471,80651.629,0,1262.929,0,21.981,6319,5998,2.730,2.110,1.320,1,0,2.997,0,0,18,305,0,33,0
19-05 14:12:38,5.251,4.000,86.760,0.250,0,5340460,215492,169248,2280584,2462899.208,93287.030,0,224.026,0,13.002,6723,5878,2.730,2.110,1.320,2,0,6.001,0,0,18,305,0,33,0
19-05 14:12:39,6.259,4.006,85.871,0.250,0,5339712,213584,169248,2283208,2467598.367,86737.810,0,981.378,0,63.089,6932,6916,2.730,2.110,1.320,1,0,0,0,0,18,305,0,33,0
19-05 14:12:40,4.750,3.500,87.496,0.250,0,5338916,212072,169248,2285516,2458948.427,88788.405,0,287.988,0,35.999,6536,6737,2.590,2.090,1.320,1,0,2.000,0,0,18,309,0,33,0
19-05 14:12:41,4.997,4.497,86.194,0,0,5339716,208812,169248,2287976,2463626.665,89593.401,0,215.859,0,15.990,6782,6123,2.590,2.090,1.320,2,0,10.993,0,0,18,309,0,33,0
19-05 14:12:42,11.550,6.528,78.591,0,0,5340700,205076,169248,2290712,2466590.396,89546.610,0,14458.747,0,50.218,7160,13436,2.590,2.090,1.320,1,0,25.109,0,0,18,309,0,34,0
19-05 14:12:43,12.002,5.001,81.012,0.250,0,5262096,283344,169248,2291048,65610.320,7149.016,32.005,604.086,2.000,43.006,2848,2713,2.590,2.090,1.320,2,0,70.010,0,0,18,306,0,37,0
19-05 14:12:44,12.686,17.164,66.913,1.741,0,5284120,261032,169248,2291336,4213.802,1450.702,19.900,83.580,1.990,5.970,5559,5207,2.590,2.090,1.320,2,0,393.023,0,0,18,306,0,37,0
19-05 14:12:45,23.673,3.738,71.765,0.249,0,5334860,210288,169248,2291340,4204.237,1453.243,0,143.530,0,16.945,2169,1855,2.460,2.070,1.310,2,0,0,0,0,18,306,0,36,0
19-05 14:12:46,17.368,9.565,71.486,0,0,5346480,198600,169248,2291444,2615.777,1467.976,80.547,245.670,4.027,25.171,3833,3140,2.460,2.070,1.310,2,0,151.026,0,0,18,306,0,36,0
19-05 14:12:47,9.988,19.227,69.419,0.250,0,5328840,216060,169248,2291608,2846.663,1456.293,95.888,423.504,5.993,30.964,5652,4615,2.460,2.070,1.310,1,0,316.629,0,0,18,308,0,36,0
19-05 14:12:48,4.987,11.221,82.036,0.249,0,5321484,223392,169248,2291632,2651.071,1454.199,0,382.999,0,16.956,3642,3264,2.460,2.070,1.310,1,0,203.468,0,0,18,308,0,36,0
19-05 14:12:49,14.458,3.988,80.516,0.249,0,5318420,226360,169248,2291728,2519.686,1346.093,0,275.201,0,25.925,2373,2911,2.460,2.070,1.310,2,0,8.974,0,0,18,308,0,36,0
19-05 14:12:50,25.068,3.008,70.942,0,0,5341576,203204,169248,2291728,4215.380,1407.801,0,272.736,0,32.087,2417,2232,2.350,2.050,1.310,2,0,1.003,0,0,18,308,0,36,0
19-05 14:12:51,19.298,3.007,76.440,0,0,5357092,187632,169248,2291784,10569.253,9565.760,16.040,116.289,1.002,8.020,2330,2250,2.350,2.050,1.310,3,0,2.005,0,0,18,309,0,36,0
19-05 14:12:52,16.807,11.539,69.735,0.753,0,5329488,215156,169252,2291860,3760.649,2466.296,76.256,172.580,7.024,11.037,4386,3518,2.350,2.050,1.310,1,0,151.510,0,0,18,312,0,37,0
19-05 14:12:53,14.980,16.728,67.161,0.250,0,5314364,229884,169252,2292224,2654.463,1456.060,47.936,379.494,2.996,32.956,5364,4504,2.350,2.050,1.310,3,0,164.780,0,0,18,312,0,37,0
19-05 14:12:54,13.721,16.964,67.858,0,0,5314948,229000,169252,2292508,2789.155,1454.951,0,123.741,0,8.981,5079,4223,2.350,2.050,1.310,4,0,162.659,0,0,18,312,0,37,0
19-05 14:12:55,15.448,12.458,70.015,0.249,0,5313208,230692,169252,2292556,4197.889,1453.115,3.987,3815.176,0.997,502.312,4056,2975,2.240,2.040,1.310,3,0,125.578,0,0,18,312,0,37,0
19-05 14:12:56,23.809,3.007,72.179,0.251,0,5350732,193144,169252,2292580,4019.960,1353.353,16.040,136.338,1.002,14.035,2148,1970,2.240,2.040,1.310,2,0,1.002,0,0,18,312,0,37,0
19-05 14:12:57,23.652,3.486,70.956,0.249,0,5393468,150304,169252,2292684,2573.339,1398.207,103.571,16272.586,0.996,47.802,2174,1796,2.240,2.040,1.310,2,0,0.996,0,0,18,312,0,37,0
19-05 14:12:58,24.273,2.502,71.319,1.251,0,5420640,122836,169252,2292980,2480.398,1459.411,284.275,192.186,10.010,24.023,2586,2392,2.240,2.040,1.310,2,0,4.004,0,0,18,316,0,35,0
19-05 14:12:59,25.999,3.750,68.999,0,0,5361880,181336,169252,2293240,2794.944,1457.971,0,447.991,0,29.999,2441,3015,2.240,2.040,1.310,3,0,5.000,0,0,18,312,0,35,0
19-05 14:13:00,22.923,2.492,72.008,1.246,0,5400388,142824,169252,2293244,2589.283,1453.108,23.919,143.517,3.987,18.936,2187,1983,2.140,2.020,1.310,2,0,0,0,0,18,312,0,35,0
19-05 14:13:01,22.896,5.032,71.706,0.252,0,5430224,128704,169252,2277656,3961.197,1304.297,0,277.767,0,24.154,2180,1944,2.140,2.020,1.310,2,0,1.006,0,0,18,312,0,35,0
19-05 14:13:02,15.049,2.508,80.763,0.251,0,5439756,119020,169252,2277808,11465.316,10729.922,16.052,156.509,1.003,17.056,2239,2075,2.140,2.020,1.310,2,0,2.007,0,0,18,315,0,31,0
19-05 14:13:03,21.140,1.244,76.602,0,0,5435768,122996,169252,2277820,13095.950,11066.496,0,67.648,0,5.969,2338,2049,2.140,2.020,1.310,2,0,0.995,0,0,18,312,0,32,0
19-05 14:13:04,24.302,6.263,68.898,0.251,0.251,5324244,234448,169252,2277920,2726.846,1407.016,0,212.455,0,20.043,2834,3248,2.140,2.020,1.310,2,0,15.032,0,0,18,312,0,32,0
19-05 14:13:05,24.258,3.001,71.022,0,0,5359776,198916,169252,2277920,2390.754,1350.426,0,184.058,0,20.006,2219,1888,2.050,2,1.310,2,0,0,0,0,18,312,0,32,0
19-05 14:13:06,18.719,6.739,72.879,0.250,0,5344464,214016,169252,2278132,2459.927,1401.679,303.497,223.630,3.993,22.962,3076,2524,2.050,2,1.310,1,0,84.859,0,0,18,312,0,29,0
19-05 14:13:07,9.032,20.824,69.245,0,0,5338056,220288,169256,2278264,2444.657,1300.605,160.569,1352.790,5.018,78.277,5730,4587,2.050,2,1.310,1,0,376.333,0,0,18,312,0,29,0
19-05 14:13:08,18.206,8.479,72.075,0,0,5363920,194412,169264,2278268,2531.847,1454.465,0,0,0,0,3544,2893,2.050,2,1.310,2,0,139.661,0,0,18,312,0,29,0
19-05 14:13:09,25.149,3.984,70.217,0,0.249,5397396,160896,169284,2278288,2927.212,1781.824,0,0,0,0,2367,2664,2.050,2,1.310,1,0,16.932,0,0,18,313,0,29,0
19-05 14:13:10,19.093,2.010,75.368,1.759,0,5394800,158292,169848,2282816,7812.114,3397.576,124.608,1012.942,4.020,21.103,2012,1863,1.960,1.990,1.300,3,0,1.005,0,0,18,312,0,25,0
19-05 14:13:11,23.928,3.240,71.536,0,0,5385848,166044,169920,2283944,2382.879,1345.978,0,554.344,0,14.955,2218,1868,1.960,1.990,1.300,3,0,1.994,0,0,18,312,0,25,0
19-05 14:13:12,19.536,2.254,77.645,0.250,0,5376092,169988,170312,2289240,11078.671,4515.425,0,601.122,0,10.019,1927,1614,1.960,1.990,1.300,3,0,17.032,0,0,18,313,0,25,0
19-05 14:13:13,23.784,6.259,67.846,0,0,5368872,176808,170404,2289496,3106.377,1796.531,0,2487.505,0,23.032,9395,17449,1.960,1.990,1.300,2,0,13.018,0,0,18,312,0,25,0
19-05 14:13:14,21.286,3.256,74.878,0.501,0,5357588,187604,170416,2289968,9664.527,4568.813,52.089,528.904,8.014,13.022,2367,2821,1.960,1.990,1.300,4,0,5.009,0,0,18,313,0,17,0
19-05 14:13:15,22.425,7.226,68.022,0,0,5361804,183080,170460,2290216,2750.785,1656.451,0,279.065,0,6.977,10359,18694,1.890,1.970,1.300,2,0,14.950,0,0,18,313,0,17,0
19-05 14:13:16,21.333,5.019,71.778,0.753,0,5290508,264248,170544,2280260,3210.431,1638.344,32.124,2987.568,1.004,361.399,2592,2179,1.890,1.970,1.300,2,0,18.070,0,0,18,312,0,17,0
19-05 14:13:17,14.278,13.276,71.142,0,0,5322984,231792,170544,2280292,2797.572,1515.018,0,757.509,0,22.044,4322,3659,1.890,1.970,1.300,3,0,252.503,0,0,18,312,0,17,0
19-05 14:13:18,25.103,2.237,72.574,0,0,5350704,204072,170544,2280292,2670.335,1556.867,0,3.977,0,0.994,1908,1438,1.890,1.970,1.300,4,0,0,0,0,18,312,0,15,0
19-05 14:13:19,22.054,3.258,73.429,0.501,0,5371340,182904,170544,2280824,8667.092,7267.686,0,3312.060,0,170.415,2611,3394,1.890,1.970,1.300,2,0,2.005,0,0,18,313,0,15,0
19-05 14:13:20,18.255,8.002,72.269,0,0,5309640,244512,170544,2280916,7384.983,6096.637,64.017,384.103,4.001,35.009,3678,3538,1.810,1.950,1.300,2,0,116.031,0,0,18,312,0,18,0
19-05 14:13:21,22.930,3.489,72.278,0,0,5361528,192624,170544,2280916,2990.821,1615.043,0,0,0,0,1937,1508,1.810,1.950,1.300,2,0,0,0,0,18,312,0,18,0
19-05 14:13:22,18.842,2.010,78.633,0,0,5379140,175004,170544,2280924,11453.729,10222.740,0,0,0,0,1964,1700,1.810,1.950,1.300,2,0,0,0,0,18,313,0,14,0
19-05 14:13:23,21.367,6.460,71.057,0.248,0,5379300,174832,170544,2280936,2832.343,1580.149,0,266.340,0,17.888,2737,2244,1.810,1.950,1.300,3,0,71.554,0,0,18,312,0,15,0
19-05 14:13:24,24.999,2.750,71.746,0,0,5425432,128264,170544,2281372,4467.742,3053.824,223.987,67.996,12.999,7.000,2158,2630,1.810,1.950,1.300,3,0,0,0,0,18,313,0,15,0
19-05 14:13:25,19.240,1.999,77.710,0,0,5415640,138040,170544,2281388,14808.387,13093.269,0,0,0,0,2181,1838,1.750,1.940,1.300,3,0,0,0,0,18,312,0,16,0
19-05 14:13:26,20.809,6.268,70.951,0,0,5407648,145968,170544,2281452,2725.721,1462.142,48.136,132.375,3.009,12.034,2704,2562,1.750,1.940,1.300,2,0,56.159,0,0,18,312,0,16,0
19-05 14:13:27,19.731,2.498,76.927,0,0,5433324,137256,170544,2265328,8494.909,7243.102,0,107.897,0,7.992,1991,1781,1.750,1.940,1.300,2,0,0.999,0,0,18,313,0,16,0
19-05 14:13:28,20.837,4.268,73.809,0.251,0,5385408,185160,170544,2265340,7418.070,6074.442,12.050,0,1.004,0,2524,2013,1.750,1.940,1.300,3,0,32.135,0,0,18,312,0,19,0
19-05 14:13:29,25.895,3.735,69.717,0,0,5391304,179168,170544,2265436,2425.151,1452.102,0,71.709,0,5.976,2147,2322,1.750,1.940,1.300,2,0,0,0,0,18,312,0,19,0
19-05 14:13:30,19.783,2.755,76.128,0,0,5409768,160568,170544,2265572,8397.100,7262.194,0,176.296,0,20.034,2146,1974,1.690,1.920,1.300,3,0,0,0,0,18,313,0,18,0
19-05 14:13:31,16.061,3.262,78.548,0.753,0,5361320,208928,170544,2265660,8095.665,6788.714,64.243,935.544,3.011,74.281,2937,3093,1.690,1.920,1.300,3,0,47.179,0,0,18,312,0,19,0
19-05 14:13:32,22.391,3.732,72.148,0,0,5364212,206036,170544,2265660,4078.125,1450.929,0,0,0,0,1977,1567,1.690,1.920,1.300,3,0,0,0,0,18,312,0,19,0
19-05 14:13:33,19.757,2.251,77.276,0,0,5393076,177172,170544,2265660,6454.142,3850.278,0,16.005,0,1.000,1953,1597,1.690,1.920,1.300,2,0,0,0,0,18,313,0,19,0
19-05 14:13:34,23.587,4.768,70.259,0,0.251,5358624,211516,170544,2265768,11001.551,9551.205,0,501.850,0,40.148,3634,4012,1.690,1.920,1.300,2,0,23.085,0,0,18,312,0,22,0
19-05 14:13:35,22.641,5.474,70.659,0.498,0,5402908,167228,170544,2265772,2693.999,1397.257,0,99.520,0,12.938,2529,2236,1.630,1.910,1.290,2,0,8.957,0,0,18,312,0,19,0
19-05 14:13:36,19.790,2.004,76.907,0,0.251,5409880,160252,170544,2265776,8372.052,7156.577,0,8.016,0,1.002,2000,1636,1.630,1.910,1.290,2,0,0,0,0,18,313,0,19,0
19-05 14:13:37,17.483,1.998,79.175,0.250,0,5409184,160932,170544,2265792,7939.474,6692.656,0,451.572,0,40.961,2405,2451,1.630,1.910,1.290,3,0,0.999,0,0,18,312,0,20,0
19-05 14:13:38,10.239,11.238,72.673,4.246,0,5371472,197480,171072,2266432,3186.627,2578.271,1094.841,1258.668,243.742,84.910,4001,3636,1.630,1.910,1.290,2,0,185.803,0,0,18,314,0,20,0
19-05 14:13:39,5.472,1.990,91.276,0.497,0,5358080,210604,171084,2266688,15648.809,4216.125,27.855,298.452,6.964,19.897,2089,3197,1.630,1.910,1.290,5,0,1.990,0,0,18,313,0,20,1
19-05 14:13:40,6.539,6.539,85.004,0,0,5344128,224504,171084,2266740,10658.172,4851.757,0,426.528,0,34.203,2986,2949,1.500,1.870,1.290,1,0,123.733,0,0,18,314,0,21,0
19-05 14:13:41,22.813,13.287,60.416,2.758,0,5344880,223444,171084,2267048,4950.621,1871.148,493.357,304.839,16.044,18.050,4538,3746,1.500,1.870,1.290,3,0,213.588,0,0,18,312,0,22,0
19-05 14:13:42,47.000,11.000,38.000,2.000,0,5393548,160388,171092,2281428,2316.003,1296.002,6824.008,624.001,461.001,12.000,4775,17424,1.500,1.870,1.290,3,0,45.000,0,0,18,312,0,23,0
19-05 14:13:43,35.552,6.713,56.933,0,0,5407976,142752,171092,2284524,7008.016,2953.570,513.146,1376.344,4.972,34.806,3285,2286,1.500,1.870,1.290,2,0,19.889,0,0,18,313,0,22,0
19-05 14:13:44,20.333,3.012,75.810,0.251,0,5404996,142156,171096,2288080,10113.398,4889.013,8.033,630.581,2.008,32.132,2568,2675,1.500,1.870,1.290,2,0,2.008,0,0,18,312,0,22,0
19-05 14:13:45,14.304,9.536,70.514,4.768,0,5290500,253632,171096,2291052,4166.619,1463.486,1172.395,3340.522,18.068,108.406,4325,3988,1.540,1.880,1.290,3,0,144.542,0,0,18,312,0,22,0
19-05 14:13:46,17.142,10.186,70.557,0,0,5320440,223680,171096,2291064,2581.801,1448.909,0,75.526,0,4.969,3380,2709,1.540,1.880,1.290,4,0,156.021,0,0,18,312,0,22,0
19-05 14:13:47,21.024,3.003,75.585,0.250,0,5343168,200908,171096,2291108,5125.796,4015.540,0,3379.822,0,445.504,2261,1737,1.540,1.880,1.290,3,0,1.001,0,0,18,313,0,19,0
19-05 14:13:48,22.599,2.762,74.075,0,0,5274308,269744,171096,2291132,23788.365,22378.178,0,1611.068,0,10.044,2464,1994,1.540,1.880,1.290,2,0,22.097,0,0,18,312,0,22,0
19-05 14:13:49,25.154,5.728,67.492,0.249,0,5323924,219896,171096,2291364,2545.265,1452.445,0,514.034,0,47.817,3385,3767,1.540,1.880,1.290,3,0,24.905,0,0,18,312,0,22,0
19-05 14:13:50,21.003,2.500,75.261,0.500,0,5354116,189696,171096,2291372,9830.435,7317.068,0,1032.151,0,50.007,2533,2614,1.420,1.840,1.280,3,0,0,0,0,18,313,0,22,0
19-05 14:13:51,20.722,4.244,74.148,0,0,5356624,187184,171096,2291380,5507.444,4662.603,0,107.852,0,6.990,2335,1969,1.420,1.840,1.280,4,0,13.981,0,0,18,312,0,24,0
19-05 14:13:52,23.776,2.753,73.079,0,0,5397344,146464,171096,2291380,2300.485,1459.576,0,292.316,0,37.040,1795,1441,1.420,1.840,1.280,3,0,0,0,0,18,312,0,24,0
19-05 14:13:53,19.575,1.757,76.794,0,0,5407328,136472,171096,2291388,8704.326,8004.647,0,566.168,0,25.096,2103,1911,1.420,1.840,1.280,3,0,1.004,0,0,18,313,0,24,0
19-05 14:13:54,27.240,4.953,65.376,0.991,0,5402372,138896,171096,2293920,4447.523,3077.607,2202.960,2492.198,92.120,228.815,6843,10713,1.420,1.840,1.280,5,0,3.962,0,0,18,314,0,25,0
19-05 14:13:55,24.740,4.292,70.433,0.252,0,5350332,190920,171096,2293936,2387.135,1472.269,0,311.014,0,18.176,2449,2131,1.390,1.830,1.280,2,0,6.059,0,0,18,314,0,26,0
19-05 14:13:56,20.949,2.494,75.065,0.249,0,5381048,160188,171096,2293952,8117.047,7232.222,0,283.304,0,21.946,2336,2219,1.390,1.830,1.280,2,0,0.998,0,0,18,315,0,26,0
19-05 14:13:57,20.038,3.507,74.643,0.501,0,5378668,162344,171096,2294176,6658.722,5360.242,192.368,669.279,10.019,80.153,3593,4401,1.390,1.830,1.280,3,0,1.002,0,0,18,315,0,26,0
19-05 14:13:58,19.024,10.263,68.335,0.751,0,5321960,219008,171096,2294220,5354.694,2687.359,16.020,3324.155,1.001,246.308,5240,6070,1.390,1.830,1.280,2,0,152.190,0,0,18,314,0,27,0
19-05 14:13:59,10.986,22.471,64.917,0.250,0,5330932,209792,171096,2294464,2551.753,1456.147,0,1482.114,0,83.893,6659,6071,1.390,1.830,1.280,3,0,506.356,0,0,18,314,0,27,0
19-05 14:14:00,9.014,23.036,67.105,0,0,5336672,204032,171096,2294484,2301.618,1460.295,0,733.152,0,34.054,6320,5392,1.350,1.820,1.280,2,0,478.753,0,0,18,314,0,27,0
19-05 14:14:01,8.978,22.693,66.584,0.249,0,5329060,211616,171096,2294512,2352.131,1454.371,0,1093.272,0,64.838,6320,5321,1.350,1.820,1.280,1,0,478.805,0,0,18,314,0,27,0
19-05 14:14:02,8.755,22.262,67.537,0,0,5340068,200584,171096,2294536,2419.341,1458.808,0,44.024,0,11.006,6308,5281,1.350,1.820,1.280,1,0,508.282,0,0,18,314,0,27,0
19-05 14:14:03,9.271,22.050,67.404,0,0,5333584,207044,171096,2294560,5915.518,1515.463,0,216.495,0,21.048,6124,4930,1.350,1.820,1.280,2,0,462.056,0,0,18,314,0,25,0
19-05 14:14:04,11.734,21.471,65.411,0.250,0,5324964,215552,171096,2294672,2639.402,1563.868,0,455.379,0,35.951,6611,6290,1.350,1.820,1.280,1,0,480.345,0,0,18,314,0,25,0
19-05 14:14:05,10.500,22.500,66.500,0,0,5325108,215376,171096,2294704,2478.018,1458.010,0,264.002,0,25.000,6386,5576,1.330,1.800,1.280,2,0,500.004,0,0,18,314,0,25,0
19-05 14:14:06,14.416,14.167,70.090,0,0,5324976,215476,171096,2294736,2344.287,1449.521,0,151.116,0,8.948,4815,3971,1.330,1.800,1.280,2,0,302.232,0,0,18,314,0,25,0
19-05 14:14:07,19.039,9.770,70.143,0.501,0,5317108,316268,171116,2212460,2663.432,1460.980,20.041,2757.624,5.010,21.043,2476,1959,1.330,1.800,1.280,3,0,5.010,0,0,18,314,0,25,0
19-05 14:14:08,24.927,2.742,71.542,0,0,5331356,298524,171116,2215948,2530.638,1453.771,31.907,4443.074,3.988,178.481,2663,2491,1.330,1.800,1.280,2,0,15.954,0,0,18,314,0,25,0
19-05 14:14:09,15.478,1.747,76.639,4.743,0,5330812,298272,171116,2216788,14235.351,7685.851,403.415,934.644,23.965,18.972,1918,2424,1.330,1.800,1.280,2,0,0,0,0,18,315,0,25,0
19-05 14:14:10,15.455,1.994,78.272,2.991,0,5342944,285168,171184,2217692,16853.811,11599.147,558.370,1399.914,47.860,48.857,1979,2035,1.300,1.790,1.280,1,0,0,0,0,18,315,0,25,0
19-05 14:14:11,10.828,1.259,84.864,2.266,0,5343352,284160,171232,2218244,15898.109,9349.696,310.246,1216.810,38.277,49.357,1652,1775,1.300,1.790,1.280,2,0,0,0,0,18,315,0,25,0
19-05 14:14:12,17.583,1.256,78.121,1.758,0,5366064,260220,171260,2219444,14593.230,9231.796,1069.072,900.271,50.238,31.148,1916,1764,1.300,1.790,1.280,1,0,0,0,0,18,315,0,25,0
19-05 14:14:13,17.483,1.748,78.424,1.249,0,5366740,258232,171272,2220744,15762.626,9981.265,1007.018,6409.748,48.952,74.927,2002,1688,1.300,1.790,1.280,2,0,0,0,0,18,315,0,25,0
19-05 14:14:14,15.855,2.725,74.074,5.946,0,5366608,240844,171332,2238204,14350.963,9313.955,7971.216,6758.291,80.267,78.285,2466,2774,1.300,1.790,1.280,1,1,0,0,0,18,315,0,25,0
19-05 14:14:15,23.345,2.761,70.287,3.012,0,5378072,214636,171440,2252836,2548.388,1463.968,3763.341,1088.437,53.217,54.221,2303,1924,1.270,1.780,1.270,3,0,2.008,0,0,18,317,0,25,0
19-05 14:14:16,24.044,2.755,72.133,0.250,0,5392804,190456,171788,2261752,2496.606,1556.872,0,589.087,0,24.044,2212,1879,1.270,1.780,1.270,3,0,0,0,0,18,317,0,25,0
19-05 14:14:17,24.252,2.250,71.757,0.250,0,5383268,186184,171788,2275456,2538.235,1458.135,0,1352.125,0,30.003,2280,1941,1.270,1.780,1.270,2,0,1.000,0,0,18,317,0,25,0
19-05 14:14:18,23.906,2.490,71.967,0.747,0,5391848,161012,171844,2291744,2408.520,1452.284,0,4247.283,0,429.310,2676,2397,1.270,1.780,1.270,2,1,0,0,0,18,317,0,25,0
19-05 14:14:19,25.601,3.514,67.767,1.757,0,5397500,144884,172140,2301668,2504.855,1463.759,0,6618.037,0,152.600,3378,4096,1.270,1.780,1.270,2,0,1.004,0,0,18,317,0,25,0
19-05 14:14:20,23.965,3.245,70.397,0.499,0,5391496,128516,172332,2323636,2414.473,1455.873,0,2208.774,0,85.875,2731,2882,1.250,1.760,1.270,3,0,0,0,0,18,317,0,24,0
19-05 14:14:21,23.338,2.509,72.273,1.004,0,5385848,144824,172344,2313548,2607.856,1463.531,0,1891.147,0,68.258,2319,2111,1.250,1.760,1.270,3,0,0,0,0,18,317,0,24,0
19-05 14:14:22,23.250,3.250,72.249,0,0,5333420,213308,172408,2297320,2939.946,1631.970,0,607.989,0,16.000,2228,1719,1.250,1.760,1.270,2,0,19.000,0,0,18,316,0,24,0
19-05 14:14:23,19.927,2.740,75.724,0,0,5371612,174248,172412,2298184,8275.819,3728.403,0,960.497,0,57.789,2202,1896,1.250,1.760,1.270,3,0,17.935,0,0,18,317,0,24,0
19-05 14:14:24,26.549,4.759,68.377,0.250,0,5371012,169740,172500,2303140,2782.149,1635.026,0,1338.477,0,20.037,2970,3304,1.250,1.760,1.270,2,0,3.006,0,0,18,316,0,21,0
19-05 14:14:25,19.245,2.499,76.980,0,0,5401940,137764,172504,2304184,9357.535,4505.813,0,203.946,0,8.998,1996,1640,1.230,1.750,1.270,2,0,15.996,0,0,18,319,0,21,0
19-05 14:14:26,23.467,6.241,66.907,0.250,0,5399948,135036,172764,2308524,2516.515,1629.743,0,1198.340,0,26.963,9897,17906,1.230,1.750,1.270,2,0,13.981,0,0,18,318,0,21,0
19-05 14:14:27,24.890,5.531,67.883,0.251,0.251,5399084,135700,172792,2308692,2371.382,1466.275,0,1979.169,0,24.136,10233,18647,1.230,1.750,1.270,3,0,7.040,0,0,18,318,0,21,0
19-05 14:14:28,20.955,5.738,72.594,0,0,5399148,135504,172836,2308780,2113.459,1454.874,0,175.623,0,1.996,2237,1650,1.230,1.750,1.270,3,0,13.970,0,0,18,318,0,20,0
19-05 14:14:29,24.463,4.493,69.395,0.250,0,5348424,197340,172844,2297740,3988.986,1455.805,0,830.748,0,17.973,2858,2898,1.230,1.750,1.270,2,0,17.973,0,0,18,318,0,20,0
19-05 14:14:30,24.639,5.973,67.446,0,0,5344272,201484,172844,2297748,2407.148,1451.457,0,406.169,0,18.915,10286,18751,1.210,1.740,1.270,2,0,39.820,0,0,18,318,0,20,0
19-05 14:14:31,22.933,4.032,71.573,0,0,5368368,177376,172844,2297760,2437.503,1469.760,0,310.484,0,15.121,2328,1768,1.210,1.740,1.270,2,0,33.266,0,0,18,318,0,20,0
19-05 14:14:32,19.862,2.234,76.966,0.497,0,5369168,171836,172844,2302500,8024.335,3781.766,0,738.874,0,8.938,1872,1472,1.210,1.740,1.270,2,0,0.993,0,0,18,318,0,16,0
19-05 14:14:33,24.303,3.007,72.659,0,0,5360552,179604,172844,2303348,2543.551,1461.189,0,4.009,0,1.002,2145,1637,1.210,1.740,1.270,2,0,2.004,0,0,18,318,0,16,0
19-05 14:14:34,21.565,3.260,73.721,0.251,0,5374040,160788,172844,2308608,9798.367,4586.747,0,1604.810,0,47.141,2525,2933,1.210,1.740,1.270,1,0,17.051,0,0,18,318,0,16,0
19-05 14:14:35,23.388,6.718,67.428,0.249,0,5359544,174932,172844,2308960,2764.811,1451.078,0,191.088,0,11.943,9922,18140,1.200,1.720,1.270,2,0,12.938,0,0,18,318,0,16,0
19-05 14:14:36,22.787,6.761,68.611,0,0,5373396,160876,172896,2309112,2630.260,1568.541,0,408.662,0,8.013,9220,16844,1.200,1.720,1.270,3,0,13.021,0,0,18,318,0,13,0
19-05 14:14:37,21.058,6.267,72.199,0.251,0,5334980,210520,172952,2297844,2665.358,1462.036,0,806.226,0,30.083,2298,1909,1.200,1.720,1.270,3,0,9.025,0,0,18,318,0,13,0
19-05 14:14:38,24.743,3.999,70.231,0,0,5353160,192332,172952,2297852,2463.320,1403.613,0,3.999,0,1.000,2480,1927,1.200,1.720,1.270,1,0,26.993,0,0,18,318,0,13,0
19-05 14:14:39,24.217,6.241,68.906,0.250,0,5319280,225984,172956,2298076,4620.684,1657.734,0,17751.735,0,605.173,3842,3446,1.200,1.720,1.270,3,0,70.903,0,0,18,318,0,13,0
19-05 14:14:40,22.540,5.009,71.377,0,0,5329656,207840,172980,2305888,3836.809,1352.400,0,1450.574,0,21.037,2648,2506,1.180,1.710,1.270,2,0,26.046,0,0,18,318,0,11,0
19-05 14:14:41,32.697,4.992,60.901,0,0,5366552,167804,172980,2308980,8385.364,2857.354,255.584,1453.636,1.997,15.974,2823,1934,1.180,1.710,1.270,1,0,18.969,0,0,18,319,0,11,0
19-05 14:14:42,41.813,8.213,48.533,0.249,0,5402736,131316,172980,2309268,14283.080,7432.737,509.719,625.202,3.982,21.902,3995,12687,1.180,1.710,1.270,3,0,41.813,0,0,18,319,0,12,0
19-05 14:14:43,27.897,6.032,64.589,0.754,0,5375536,209232,172980,2259380,18251.898,12442.374,257.352,1170.148,2.011,39.206,2721,1908,1.180,1.710,1.270,1,0,3.016,0,0,18,319,0,12,0
19-05 14:14:44,14.187,1.742,81.389,0.747,0,5375848,208500,172980,2259800,150503.090,13085.018,0,1441.612,0,56.749,2316,3137,1.180,1.710,1.270,2,0,0,0,0,18,320,0,10,0
19-05 14:14:45,18.559,1.756,78.249,0.752,0,5389624,194536,172980,2259988,24082.598,10557.580,0,1091.472,0,43.137,1865,1572,1.160,1.700,1.260,3,0,0,0,0,18,320,0,10,0
19-05 14:14:46,16.978,0.999,80.397,0.749,0,5384536,199408,172980,2260204,19505.983,12136.435,0,1214.442,0,41.946,1760,1570,1.160,1.700,1.260,3,0,0,0,0,18,320,0,10,0
19-05 14:14:47,13.715,1.496,83.290,0,0.249,5388876,194472,172980,2260800,291745.241,11325.477,0,618.442,0,14.962,2013,1687,1.160,1.700,1.260,2,0,0.997,0,0,18,320,0,10,0
19-05 14:14:48,8.996,1.749,84.466,2.249,0,5384840,198244,173084,2260960,121802.531,20230.949,27.989,2726.915,3.998,120.952,2063,2171,1.160,1.700,1.260,1,1,0,0,0,18,320,0,7,0
19-05 14:14:49,18.052,5.265,74.715,1.504,0,5384832,197352,173272,2261636,39537.681,14998.123,104.300,55078.364,6.017,397.142,3231,3500,1.160,1.700,1.260,3,0,0,0,0,18,320,0,7,0
19-05 14:14:50,6.269,3.009,86.517,0.502,0,5385556,179476,173292,2278720,4870719.728,116848.058,0,2086.429,0,37.114,9634,7784,1.150,1.690,1.260,2,0,2.006,0,0,18,320,0,7,0
19-05 14:14:51,5.008,2.254,90.392,0.250,0,5384840,168076,173320,2290776,6540939.813,159420.132,0,5148.077,0,29.046,11142,7768,1.150,1.690,1.260,0,0,2.003,0,0,18,320,0,7,0
19-05 14:14:52,3.741,2.245,90.291,0.499,0,5392884,147088,173336,2303656,6264346.818,153309.084,0,10220.340,0,17.958,10166,6676,1.150,1.690,1.260,2,0,0.998,0,0,18,320,0,5,0
19-05 14:14:53,14.774,2.254,80.130,1.502,0,5384848,145044,173472,2313584,1488978.569,38223.163,164.267,5705.279,4.007,171.279,4550,4011,1.150,1.690,1.260,2,0,0,0,0,18,320,0,5,0
19-05 14:14:54,25.479,2.998,69.443,0.999,0,5380756,137992,175728,2322276,2672.824,1456.814,0,6306.866,0,347.717,2872,3024,1.150,1.690,1.260,2,0,0.999,0,0,18,320,0,5,0
19-05 14:14:55,24.387,3.484,70.921,0.249,0,5380212,129688,176284,2330368,2645.713,1451.260,0,32572.733,0,137.362,2348,1963,1.140,1.680,1.260,2,0,0,0,0,18,320,0,5,0
19-05 14:14:56,24.712,4.493,69.144,0.250,0.250,5378856,163320,176644,2297996,2727.800,1509.676,0,2028.876,0,36.943,2585,2147,1.140,1.680,1.260,2,0,0.998,0,0,18,320,0,2,0
19-05 14:14:57,30.832,4.763,63.167,0.251,0,5415992,132804,176784,2291508,2725.220,1461.873,0,721.913,0,18.048,3100,2854,1.140,1.680,1.260,2,0,4.011,0,0,18,320,0,2,0
19-05 14:14:58,25.426,4.238,68.051,0.748,0,5439644,126036,177468,2274260,2783.869,1507.597,0,2073.943,0,83.755,3019,2871,1.140,1.680,1.260,3,0,1.994,0,0,18,320,0,4,0
19-05 14:14:59,25.338,4.767,67.987,0.753,0,5434020,119236,178084,2286124,2744.578,1463.106,0,1902.640,0,60.210,3095,3205,1.140,1.680,1.260,4,0,0,0,0,18,320,0,4,0
19-05 14:15:00,24.535,3.004,70.852,0.751,0,5439656,128560,178600,2270972,2615.779,1514.188,0,1762.546,0,70.101,2642,2531,1.130,1.660,1.260,3,0,0,0,0,18,320,0,4,0
19-05 14:15:01,23.724,3.496,70.922,0.499,0,5441708,132092,179868,2264256,2475.290,1456.405,3.996,2153.642,0.999,42.953,2286,1861,1.130,1.660,1.260,2,0,2.997,0,0,18,320,0,3,0
19-05 14:15:02,24.517,2.001,72.049,0.250,0,5435528,128204,180132,2273812,2599.783,1459.001,0,852.585,0,18.012,2181,1866,1.130,1.660,1.260,2,0,0,0,0,18,320,0,3,0
19-05 14:15:03,23.993,2.999,71.480,0.750,0,5430668,135992,181088,2269388,2717.233,1457.589,0,2203.378,0,70.980,2367,2091,1.130,1.660,1.260,3,0,0,0,0,18,320,0,3,0
19-05 14:15:04,25.715,3.995,68.157,0.499,0,5418604,177592,181540,2238768,4552.787,1803.539,0,1785.563,0,69.905,3134,3380,1.130,1.660,1.260,2,0,1.997,0,0,18,318,0,3,0
19-05 14:15:05,22.781,4.256,71.599,0.250,0,5433176,163012,181540,2238776,4385.039,1702.344,0,604.833,0,12.017,2469,2085,1.200,1.670,1.260,2,0,33.046,0,0,18,318,1,3,0
19-05 14:15:06,19.505,2.751,76.519,0,0,5420860,169888,181584,2244012,8221.012,3500.857,0,1264.309,0,10.002,1887,1514,1.200,1.670,1.260,2,0,1.000,0,0,18,318,0,3,0
19-05 14:15:07,22.719,3.745,72.651,0.250,0,5412188,177952,181592,2244500,3019.867,2530.537,0,583.202,0,14.980,2236,1684,1.200,1.670,1.260,1,0,18.974,0,0,18,319,0,3,0
19-05 14:15:08,20.861,2.765,74.900,0.251,0.251,5402068,181848,181852,2249588,8833.208,3582.144,0,1033.524,0,24.129,3107,3821,1.200,1.670,1.260,3,0,6.032,0,0,18,318,0,3,0
19-05 14:15:09,24.135,6.718,66.931,0,0,5405500,177872,181868,2250088,2565.786,1451.093,0,0,0,0,7331,13060,1.200,1.670,1.260,2,0,7.962,0,0,18,318,0,3,0
19-05 14:15:10,23.745,6.749,65.985,2.250,0,5403348,179648,181928,2250356,2491.451,1511.667,0,24094.693,0,605.867,10085,18517,1.260,1.680,1.270,2,0,12.997,0,0,18,318,0,3,0
19-05 14:15:11,20.288,6.011,71.885,0,0,5402568,180344,181940,2250428,2482.672,1460.749,0,625.177,0,17.032,2106,1555,1.260,1.680,1.270,2,0,7.013,0,0,18,318,0,3,0
19-05 14:15:12,22.221,4.993,72.156,0.250,0,5389236,206276,181944,2239096,2414.845,1456.097,0,331.567,0,11.984,2141,1763,1.260,1.680,1.270,2,0,0.999,0,0,18,318,0,3,0
19-05 14:15:13,22.254,3.501,72.764,0.500,0,5413072,180824,182112,2240544,2598.510,1458.286,248.049,4.001,4.001,1.000,2074,1668,1.260,1.680,1.270,2,0,5.001,0,0,18,318,0,3,0
19-05 14:15:14,22.104,3.517,69.076,4.270,0,5410308,181684,182232,2242328,4315.335,1507.102,401.894,4276.151,12.057,297.401,2895,3383,1.260,1.680,1.270,3,0,0,0,0,18,319,0,3,0
19-05 14:15:15,24.462,4.743,67.145,1.498,0,5406428,184788,182232,2243104,2534.046,1455.729,495.227,5195.893,30.952,220.656,6591,9523,1.240,1.660,1.270,3,0,0,0,0,18,321,0,8,0
19-05 14:15:16,18.743,9.996,66.977,1.000,0,5342568,248160,182232,2243592,2477.131,1499.474,447.843,2131.252,20.993,192.932,5953,7102,1.240,1.660,1.270,2,0,170.940,0,0,18,320,0,9,0
19-05 14:15:17,10.745,17.242,70.217,1.249,0,5349512,240264,182232,2244544,2416.852,1527.274,863.590,179.915,7.996,9.995,4835,3765,1.240,1.660,1.270,1,0,260.876,0,0,18,322,0,10,0
19-05 14:15:18,10.483,4.493,70.635,13.229,0,5345264,234352,182232,2254708,2561.842,1563.462,10211.425,3662.056,1142.146,190.690,3466,4786,1.240,1.660,1.270,3,0,18.969,0,0,18,320,0,11,0
19-05 14:15:19,14.479,4.743,72.643,6.990,0,5354516,192660,182232,2287136,3216.253,2469.355,32224.438,1377.966,2335.553,29.956,4875,7466,1.240,1.660,1.270,1,0,5.991,0,0,18,321,0,11,0
19-05 14:15:20,2.254,0.751,94.908,0.250,0,5353268,193896,182232,2287148,6159.254,2135.555,0,448.747,0,26.043,1293,2122,1.140,1.640,1.260,1,0,0,0,0,18,321,0,11,0
19-05 14:15:21,2.492,0.997,95.444,0,0,5353268,193896,182232,2287148,41868.836,6349.653,0,11.962,0,2.990,1088,1387,1.140,1.640,1.260,1,0,0,0,0,18,321,0,11,0
19-05 14:15:22,4.001,2.250,91.767,0.500,0,5307984,239064,182236,2287292,15818.005,127558.232,188.036,468.089,5.001,1.000,1474,1539,1.140,1.640,1.260,1,0,27.005,0,0,18,320,0,11,0
19-05 14:15:23,1.501,1.000,96.291,0.250,0,5308736,238308,182236,2287296,2599.094,1458.614,0,1244.524,0,24.010,1053,1475,1.140,1.640,1.260,1,0,2.001,0,0,18,320,0,11,0
19-05 14:15:24,3.764,1.255,93.095,0.251,0,5304064,242764,182236,2287512,2805.393,1463.421,0,268.997,0,24.089,1609,2576,1.140,1.640,1.260,1,0,0,0,0,18,320,0,11,0
19-05 14:15:25,1.746,0.499,96.803,0.249,0,5304064,242764,182236,2287512,2712.488,1455.043,0,2207.514,0,344.300,1117,1447,1.050,1.610,1.250,1,0,0,0,0,18,320,0,11,0
19-05 14:15:26,1.751,1.751,94.067,0.250,0,5304280,242540,182236,2287520,2539.796,1459.032,0,18441.037,0,130.092,1634,2336,1.050,1.610,1.250,2,0,0,0,0,18,320,0,11,0
19-05 14:15:27,1.745,0.997,96.449,0,0,5304276,242540,182236,2287524,2617.843,1561.136,0,35.888,0,3.988,940,1327,1.050,1.610,1.250,1,0,0.997,0,0,18,320,0,11,0
19-05 14:15:28,1.253,0.752,97.239,0,0,5304276,242540,182236,2287524,2664.555,1461.596,0,0,0,0,903,1242,1.050,1.610,1.250,1,0,0,0,0,18,320,0,11,0
19-05 14:15:29,4.244,0.749,93.862,0.499,0,5304192,242540,182236,2287608,2491.344,1455.863,0,83.877,0,9.985,1343,2034,1.050,1.610,1.250,1,0,0,0,0,18,320,0,11,0
19-05 14:15:30,2.250,1.000,95.737,0,0,5303796,242932,182236,2287612,2417.681,1457.808,0,95.987,0,12.998,1161,1724,0.970,1.580,1.250,1,0,0,0,0,18,320,0,11,0
19-05 14:15:31,2.253,5.507,90.861,0.250,0,5316704,230020,182236,2287616,2721.336,1459.790,0,90258.661,0,618.759,2249,2210,0.970,1.580,1.250,3,0,0,0,0,18,320,0,11,0
19-05 14:15:32,1.250,0.500,96.971,0,0,5315480,231204,182236,2287632,2477.248,1457.558,0,31.990,0,3.999,881,1288,0.970,1.580,1.250,1,0,0,0,0,18,320,0,11,0
19-05 14:15:33,0.999,0.999,97.114,0,0,5314276,232408,182236,2287632,2474.522,1455.954,0,191.731,0,1.997,868,1242,0.970,1.580,1.250,1,0,0,0,0,18,320,0,11,0
19-05 14:15:34,4.757,0.751,92.640,0.501,0,5313452,233016,182236,2287848,2689.057,1460.203,0,316.477,0,33.050,1718,2673,0.970,1.580,1.250,1,0,0,0,0,18,320,0,11,0
19-05 14:15:35,2.489,0.996,94.338,0.249,0,5313452,233016,182236,2287848,2648.436,1451.662,0,1298.331,0,89.609,1355,2085,0.890,1.560,1.240,2,0,0,0,0,18,320,0,11,0
19-05 14:15:36,1.255,2.008,95.611,0.502,0,5313676,232792,182236,2287848,2607.858,1463.532,0,16807.533,0,225.854,1426,2004,0.890,1.560,1.240,2,0,0,0,0,18,320,0,11,0
19-05 14:15:37,0.751,2.503,94.880,0.250,0,5313648,232796,182240,2287860,2661.661,1460.008,0,26901.000,0,161.222,1427,1842,0.890,1.560,1.240,2,0,1.001,0,0,18,320,0,11,0
19-05 14:15:38,1.748,2.747,93.653,0.250,0.250,5314616,231820,182240,2287868,4033.823,1456.492,0,16107.319,0,208.784,1691,2164,0.890,1.560,1.240,2,0,5.994,0,0,18,320,0,11,0
19-05 14:15:39,4.483,1.494,92.892,0,0,5314528,231820,182240,2287956,2664.725,1452.400,0,274.940,0,22.912,1682,2760,0.890,1.560,1.240,1,0,0,0,0,18,320,0,11,0
19-05 14:15:40,1.760,1.006,95.782,0.503,0,5314528,231820,182240,2287956,2431.512,1466.148,0,1673.299,0,255.419,1298,1823,0.820,1.530,1.230,2,0,0,0,0,18,320,0,11,0
19-05 14:15:41,11.788,3.261,83.270,0,0,5322968,223372,182240,2287964,3930.758,1462.748,256.834,236.768,2.007,18.059,1789,1732,0.820,1.530,1.230,4,0,3.010,0,0,18,320,0,11,0
19-05 14:15:42,25.983,8.245,65.207,0,0,5369472,176868,182240,2290832,2476.369,1457.040,511.663,7.995,3.997,1.999,3203,8013,0.820,1.530,1.230,3,0,41.972,0,0,18,320,0,11,0
19-05 14:15:43,13.187,3.483,79.618,1.742,0,5354508,191828,182240,2287968,4191.892,1451.040,254.778,5899.700,1.990,179.141,2130,6118,0.820,1.530,1.230,1,0,2.986,0,0,18,320,0,12,0
19-05 14:15:44,4.246,1.498,93.157,0,0,5353376,192864,182240,2288180,2792.203,1456.541,0,135.864,0,6.993,1567,2595,0.820,1.530,1.230,1,0,0,0,0,18,320,0,12,0
19-05 14:15:45,1.503,0.501,96.708,0.251,0,5353372,192864,182240,2288184,2677.770,1515.265,0,48.104,0,6.013,920,1306,0.750,1.500,1.230,1,0,0,0,0,18,320,0,12,0
19-05 14:15:46,1.497,1.248,96.069,0,0,5350272,195964,182240,2288184,2533.224,1455.257,47.910,503.052,1.996,36.930,1204,1886,0.750,1.500,1.230,1,0,0,0,0,18,320,0,11,0
19-05 14:15:47,1.499,1.000,96.214,0,0,5345100,201048,182240,2288272,2656.993,1457.448,0,0,0,0,985,1310,0.750,1.500,1.230,1,0,1.000,0,0,18,320,0,11,0
19-05 14:15:48,1.252,0.501,96.419,0.250,0,5345100,201048,182240,2288272,2662.667,1460.560,0,2544.459,0,27.047,986,1357,0.750,1.500,1.230,1,0,0,0,0,18,320,0,11,0
19-05 14:15:49,4.994,1.748,91.886,0.250,0,5337048,209008,182240,2288364,2551.843,1456.199,0,563.303,0,54.932,2001,3236,0.750,1.500,1.230,2,0,0,0,0,18,320,0,11,0
19-05 14:15:50,2.499,0.750,94.965,0.500,0,5328504,217552,182240,2288364,2477.093,1457.466,0,203.925,0,29.989,1378,2144,0.690,1.480,1.220,1,0,0,0,0,18,320,0,11,0
19-05 14:15:51,1.253,1.002,96.964,0,0,5328504,217552,182240,2288364,3866.518,1461.219,0,1587.497,0,249.550,1083,1359,0.690,1.480,1.220,1,0,0,0,0,18,320,0,11,0
19-05 14:15:52,1.250,0.500,97.011,0,0,5326964,219088,182240,2288368,1710.188,810.089,0,40.004,0,2.000,857,1251,0.690,1.480,1.220,1,0,0,0,0,18,320,0,11,0
19-05 14:15:53,1.997,1.498,94.858,0,0,5326376,219676,182240,2288368,119092.833,1895.165,0,403.397,0,23.964,1263,1625,0.690,1.480,1.220,3,0,2.996,0,0,18,320,0,11,0
19-05 14:15:54,16.054,2.759,80.773,0,0,5314832,231008,182240,2288580,165026.699,4930.693,0,4.014,0,1.003,2368,2813,0.690,1.480,1.220,2,0,5.017,0,0,18,320,0,11,0
19-05 14:15:55,7.740,2.996,86.887,0.749,0,5321044,224692,182240,2288684,144356.860,7410.393,103.865,0,3.995,0,1993,1738,0.720,1.470,1.220,1,0,21.972,0,0,18,320,0,11,0
19-05 14:15:56,8.526,2.508,86.267,2.006,0,5321900,223796,182240,2288724,146710.548,6128.989,48.149,569.765,2.006,38.118,2212,2215,0.720,1.470,1.220,1,0,14.044,0,0,18,320,0,11,0
19-05 14:15:57,12.243,5.497,80.952,0.250,0,5340012,204856,182240,2289552,147247.884,3539.882,15.990,111.933,0.999,3.998,2484,2043,0.720,1.470,1.220,3,0,23.986,0,0,18,320,0,11,0
