"pcp-dstat 6.2.0 CSV Output"
"Author:","PCP team <pcp@groups.io> and Dag Wieers <dag@wieers.com>",,,,"URL:","https://pcp.io/ and http://dag.wieers.com/home-made/dstat/"
"Host:","ubuntu",,,,"User:","ubuntu"
"Cmdline:","dstat -tcmndrylpg --tcp --output /tmp/devstack_logs/dstat-csv.log",,,,"Date:","19 May 2026 17:38:10 UTC"
"system","total usage",,,,,"memory usage",,,,"net/total",,"dsk/total",,"io/total",,"system",,"load avg",,,"procs",,,"paging",,"tcp sockets",,,,
"time","total usage:usr","total usage:sys","total usage:idl","total usage:wai","total usage:stl","used","free","buf","cach","net/total:recv","net/total:send","dsk/total:read","dsk/total:writ","read","writ","int","csw","1m","5m","15m","run","blk","new","in","out","lis","act","syn","tim","clo"
19-05 17:38:10,,997928,1662908,162828,4999696,,,,,,,1.530,0.930,0.600,2,0,,,,10,5,0,17,1
19-05 17:38:11,22.499,20.999,54.997,0.500,0,1017928,1642520,162864,4999948,36433.033,11800.363,0,1459.921,0,51.997,5995,4965,1.530,0.930,0.600,1,0,407.978,0,0,10,5,0,17,1
19-05 17:38:12,27.674,21.690,48.616,0.499,0,1035000,1624912,162952,5000712,16716.892,9997.426,0,1388.171,0,43.879,6211,5773,1.530,0.930,0.600,2,0,362.999,0,0,10,5,0,17,1
19-05 17:38:13,33.243,17.246,48.990,0,0,1036592,1606328,163072,5016928,181368.078,13008.280,0,1407.706,0,36.992,5704,4926,1.490,0.930,0.600,2,0,230.952,0,0,10,4,0,17,2
19-05 17:38:14,39.495,11.249,47.744,0.750,0,1135296,1493212,163932,5152668,2597.691,1457.826,0,1563.814,0,65.992,4997,5241,1.490,0.930,0.600,1,0,75.991,0,0,11,4,0,17,2
19-05 17:38:15,24.824,5.767,67.702,0.501,0,1158780,1453272,164368,5166904,2849.502,1408.202,0,1460.357,0,34.102,2742,2299,1.490,0.930,0.600,2,0,59.177,0,0,11,6,0,17,2
19-05 17:38:16,42.373,7.727,48.355,0.249,0,1166120,1438980,164548,5172772,2502.482,1387.831,15.952,729.808,0.997,25.922,3458,1988,1.490,0.930,0.600,2,0,46.859,0,0,11,6,0,17,2
19-05 17:38:17,36.997,12.749,47.746,2.000,0,1196720,1386212,165296,5192252,2837.733,1457.863,83.992,3019.716,6.999,123.988,4754,3692,1.490,0.930,0.600,3,0,174.984,0,0,11,6,0,19,2
19-05 17:38:18,41.223,5.996,47.719,3.997,0,1234036,1328180,166120,5209604,2776.190,1457.050,1682.903,3229.895,113.926,84.945,3202,2261,1.530,0.950,0.610,5,0,0,0,0,11,6,0,19,2
19-05 17:38:19,42.840,5.010,48.852,2.756,0,1266460,1275920,166936,5226552,2723.707,1461.061,244.512,2597.442,7.015,48.101,2872,1712,1.530,0.950,0.610,3,0,0,0,0,11,6,0,19,2
19-05 17:38:20,46.391,4.240,48.387,0.499,0,1268604,1286828,167232,5212720,3351.162,1933.478,0,1153.302,0,40.904,2916,1556,1.530,0.950,0.610,3,0,1.995,0,0,11,4,0,19,0
19-05 17:38:21,36.808,7.512,45.822,7.762,0.250,1310600,1237176,168024,5219460,3028.777,1996.149,16.025,30363.893,1.002,2559.036,12115,21526,1.530,0.950,0.610,4,0,79.125,0,0,11,7,0,19,0
19-05 17:38:22,36.566,7.263,46.334,7.013,0,1304876,1233224,168784,5227536,9465.081,3387.112,0,43923.264,0,3528.367,11875,22923,1.530,0.950,0.610,4,0,38.069,0,0,11,6,0,19,0
19-05 17:38:23,40.168,9.730,44.410,5.988,0,1225088,1311872,168936,5228340,2413.101,1455.046,0,14534.491,0,803.369,4356,5548,1.810,1.020,0.630,2,0,76.844,0,0,11,4,0,19,0
19-05 17:38:24,39.960,4.995,53.446,0,0,1268268,1262032,169380,5233380,9622.349,4700.286,0,1694.301,0,61.938,2848,1778,1.810,1.020,0.630,3,0,17.982,0,0,11,4,0,19,0
19-05 17:38:25,46.336,10.019,42.078,0.751,0,1284784,1244964,169412,5233756,2629.879,1460.710,0,6604.252,0,376.699,11423,19490,1.810,1.020,0.630,4,0,18.033,0,0,11,4,0,13,0
19-05 17:38:26,45.824,8.263,44.572,0,0,1258820,1270696,169452,5233924,2584.201,1622.638,0,17800.935,0,271.441,11535,19078,1.810,1.020,0.630,2,0,20.033,0,0,11,4,0,13,0
19-05 17:38:27,42.215,8.243,48.960,0,0,1297132,1232140,169488,5234092,2715.776,1456.807,0,179.853,0,2.998,2739,1471,1.810,1.020,0.630,2,0,9.992,0,0,11,4,0,13,0
19-05 17:38:28,44.877,5.485,49.116,0,0,1231868,1310420,169496,5222764,2531.076,1454.022,0,430.821,0,25.929,2901,1511,1.820,1.030,0.640,2,0,9.973,0,0,11,4,0,13,0
19-05 17:38:29,39.058,13.270,47.070,0,0,1229832,1312420,169508,5222788,2541.762,1460.161,0,0,0,0,4493,3014,1.820,1.030,0.640,3,0,227.336,0,0,11,4,0,13,0
19-05 17:38:30,13.727,21.215,62.647,0,0,1157220,1384888,169508,5222952,2610.697,1455.601,0,67.888,0,8.985,5576,4091,1.820,1.030,0.640,3,0,350.422,0,0,11,4,0,13,0
19-05 17:38:31,15.308,18.320,65.248,0,0,1125860,1416216,169508,5222972,2547.701,1463.573,0,16912.397,0,404.540,5291,5158,1.820,1.030,0.640,1,0,234.894,0,0,11,4,0,13,0
19-05 17:38:32,11.466,7.478,67.799,11.715,0,1120212,1416064,169512,5229104,2650.145,1453.691,5691.132,1427.768,52.843,37.888,3526,5074,1.820,1.030,0.640,0,1,64.808,0,0,11,4,0,13,0
19-05 17:38:33,41.451,10.737,44.947,1.998,0,1155416,1378968,169516,5231280,2534.993,1456.272,1993.635,447.469,24.970,28.966,3629,2326,1.920,1.070,0.660,2,0,122.854,0,0,11,5,0,13,0
19-05 17:38:34,42.779,5.254,48.783,2.502,0,1223128,1311180,169524,5231348,2843.946,1553.063,20.014,0,4.003,0,2631,1338,1.920,1.070,0.660,2,0,0,0,0,11,5,0,13,0
19-05 17:38:35,48.782,2.251,48.531,0,0.250,1242844,1290464,169528,5232328,2676.730,1458.943,492.318,184.119,4.003,1.001,2629,1095,1.920,1.070,0.660,3,0,0,0,0,11,5,0,13,0
19-05 17:38:36,41.752,10.750,46.502,0,0,1252348,1280020,169544,5233240,2598.094,1458.053,0,32237.162,0,147.005,3066,2900,1.920,1.070,0.660,2,0,0,0,0,11,5,0,13,0
19-05 17:38:37,35.784,9.259,54.302,0,0,1268496,1262384,169616,5234616,4101.898,1459.387,0,336.320,0,6.006,3951,4159,1.920,1.070,0.660,2,0,121.115,0,0,10,4,0,12,0
19-05 17:38:38,22.472,4.744,71.912,0,0,1320376,1210472,169620,5234644,2534.884,1456.210,0,3783.349,0,18.977,1972,1672,1.840,1.070,0.660,1,0,18.977,0,0,11,4,0,12,0
19-05 17:38:39,22.999,2.750,73.496,0,0,1359356,1171492,169620,5234644,2417.870,1457.922,0,4.000,0,1.000,1748,1306,1.840,1.070,0.660,1,0,0,0,0,11,4,0,12,0
19-05 17:38:40,24.502,1.500,73.505,0,0,1366964,1163708,169620,5234820,5789.409,1458.103,0,0,0,0,1613,984,1.840,1.070,0.660,1,0,0,0,0,11,4,0,12,0
19-05 17:38:41,23.994,2.000,71.982,1.250,0,1374908,1155644,169672,5234888,2357.418,1457.640,0,4338.930,0,267.934,3560,4748,1.840,1.070,0.660,1,0,1.000,0,0,11,4,0,14,0
19-05 17:38:42,21.004,5.751,72.514,0,0,1371948,1158600,169676,5234888,2538.480,1458.276,0,1956.370,0,23.004,2270,1643,1.840,1.070,0.660,1,0,43.008,0,0,11,4,0,14,0
19-05 17:38:43,21.999,1.750,73.746,1.500,0,1385148,1144992,169816,5235120,2537.870,1457.925,371.981,0,12.999,0,1561,965,1.780,1.060,0.660,1,0,0,0,0,11,4,0,14,0
19-05 17:38:44,19.250,2.000,77.252,0.250,0,1399288,1130616,169832,5235312,6644.142,3849.082,0,2940.063,0,124.003,1929,1853,1.780,1.060,0.660,1,0,1.000,0,0,11,11,0,14,0
19-05 17:38:45,15.747,2.500,73.238,7.749,0,1395020,1134420,169884,5235544,4712.252,3153.499,267.957,595.905,65.990,39.994,2124,2378,1.780,1.060,0.660,2,0,0,0,0,11,17,0,14,0
19-05 17:38:46,19.245,4.749,73.731,1.000,0,1346680,1182728,169884,5235568,6892.200,5878.465,0,28420.577,0,266.930,2840,2270,1.780,1.060,0.660,1,0,44.988,0,0,11,28,0,15,0
19-05 17:38:47,22.511,3.502,73.534,0,0,1396832,1132576,169884,5235568,2779.301,1458.683,0,0,0,0,1696,1168,1.780,1.060,0.660,1,0,0,0,0,11,28,0,15,0
19-05 17:38:48,18.997,2.500,77.739,0.250,0,1412640,1116756,169888,5235572,6683.093,5544.248,0,1591.784,0,4.999,1639,1189,1.710,1.060,0.660,1,0,0,0,0,11,29,0,15,0
19-05 17:38:49,21.799,11.777,65.899,0,0,1408212,1121144,169888,5235596,5587.658,4246.620,0,12.027,0,3.007,3539,2765,1.710,1.060,0.660,2,0,156.354,0,0,11,28,0,16,0
19-05 17:38:50,45.513,4.751,49.014,0,0,1448780,1080572,169888,5235600,2915.843,1458.421,0,0,0,0,2743,1295,1.710,1.060,0.660,2,0,0,0,0,11,28,0,16,0
19-05 17:38:51,36.497,6.250,56.996,0,0,1457872,1071444,169892,5235608,10671.204,10388.225,0,58111.664,0,242.982,3695,3021,1.710,1.060,0.660,0,0,0,0,0,11,30,0,16,0
19-05 17:38:52,35.272,6.754,55.785,0.250,0,1434996,1094088,169912,5235820,14059.785,10968.854,0,1617.010,0,57.036,6565,8189,1.710,1.060,0.660,3,0,83.052,0,0,11,28,0,17,0
19-05 17:38:53,69.441,26.727,3.247,0,0,1481864,1047172,169920,5235856,4080.523,1402.805,0,187.840,0,17.985,5527,4372,1.980,1.130,0.680,6,0,495.578,0,0,11,28,0,17,0
19-05 17:38:54,88.802,11.507,0,0,0,1657992,871036,169924,5235860,2954.716,2074.205,0,140.081,0,8.005,4708,2235,1.980,1.130,0.680,5,0,0,0,0,11,29,0,17,0
19-05 17:38:55,89.940,8.244,1.749,0,0,1773076,755912,169936,5235880,18567.526,18472.590,0,347.766,0,23.984,5892,4144,1.980,1.130,0.680,1,0,0,0,0,11,33,1,17,0
19-05 17:38:56,82.498,7.250,10.000,0,0,1784620,744124,169940,5236120,29782.169,27126.243,0,1767.951,0,137.996,8515,11571,1.980,1.130,0.680,4,0,0,0,0,11,30,0,21,0
19-05 17:38:57,46.770,16.007,36.265,0,0,1560396,968252,169964,5236156,5891.486,3528.489,0,652.275,0,51.022,5339,5416,1.980,1.130,0.680,1,0,310.131,0,0,11,28,0,23,0
19-05 17:38:58,23.180,2.742,73.029,0.249,0,1543760,984884,169968,5236156,2129.565,1292.096,0,179.458,0,5.982,1750,1188,1.900,1.130,0.690,1,0,0,0,0,11,28,0,21,0
19-05 17:38:59,15.493,2.249,80.962,0,0,1533912,994716,169976,5236164,7888.266,7386.504,0,695.671,0,47.977,2221,2377,1.900,1.130,0.690,0,0,0,0,0,11,29,0,21,0
19-05 17:39:00,19.050,6.768,72.940,0.251,0,1493640,1034852,169976,5236300,4133.796,2323.067,0,292.765,0,24.063,3235,2940,1.900,1.130,0.690,1,0,68.178,0,0,11,28,0,22,0
19-05 17:39:01,22.953,2.994,73.349,0,0,1482424,1046056,169988,5236300,2385.088,1347.225,0,71.852,0,9.979,1761,1256,1.900,1.130,0.690,1,0,0,0,0,11,28,0,22,0
19-05 17:39:02,14.526,2.755,81.147,0.250,0,1472836,1055616,170008,5236308,10243.527,7483.535,0,2949.334,0,132.239,2590,2945,1.900,1.130,0.690,2,0,1.002,0,0,11,29,0,19,0
19-05 17:39:03,14.515,15.265,69.570,0.250,0,1407824,1120616,170012,5236316,3221.231,2210.217,0,376.378,0,29.029,4929,4062,1.830,1.120,0.690,1,0,304.305,0,0,11,28,0,20,0
19-05 17:39:04,25.021,31.526,42.285,0,0,1408144,1120260,170012,5236352,4007.292,1393.144,0,192.158,0,19.016,6027,4834,1.830,1.120,0.690,6,0,628.516,0,0,11,28,0,20,0
19-05 17:39:05,84.254,15.751,0,0,0,1563336,965044,170020,5236368,2361.104,1404.062,0,556.024,0,35.002,5058,2889,1.830,1.120,0.690,5,0,106.005,0,0,11,28,0,20,0
19-05 17:39:06,81.499,10.250,8.000,0,0,1713468,814904,170020,5236376,12622.893,11728.900,0,87.999,0,10.000,5952,13550,1.830,1.120,0.690,4,0,36.000,0,0,11,31,1,17,0
19-05 17:39:07,74.303,7.231,16.955,0,0,1723316,804864,170020,5236568,29009.130,27671.674,0,5517.380,0,408.916,7512,9757,1.830,1.120,0.690,2,0,0,0,0,11,33,0,17,0
19-05 17:39:08,74.697,11.029,13.536,0.251,0,1475288,1052924,170056,5236644,16458.421,13997.930,0,1114.941,0,85.225,7900,9867,2.160,1.200,0.720,7,0,124.328,0,0,11,28,0,18,0
19-05 17:39:09,81.371,18.471,0,0,0.250,1546512,981684,170056,5236660,2072.715,1293.949,0,231.633,0,14.976,5155,3453,2.160,1.200,0.720,6,0,185.706,0,0,11,28,0,18,0
19-05 17:39:10,91.725,8.248,0,0,0,1712292,815892,170060,5236668,7109.040,6008.344,0,175.952,0,10.997,4800,2391,2.160,1.200,0.720,7,0,0,0,0,11,30,0,18,0
19-05 17:39:11,85.637,8.514,5.509,0,0,1774868,753284,170068,5236688,25857.474,25519.933,0,761.221,0,39.063,6385,6499,2.160,1.200,0.720,5,0,0,0,0,11,34,0,18,0
19-05 17:39:12,81.310,10.476,6.984,0,0,1747364,780400,170076,5237092,32860.245,30362.080,0,327.236,0,15.963,8013,12796,2.160,1.200,0.720,3,0,101.762,0,0,11,30,0,22,0
19-05 17:39:13,54.736,13.497,31.242,0.250,0,1543736,983968,170084,5237144,8613.868,6449.403,0,195.951,0,21.995,5112,5153,2.390,1.270,0.740,2,0,197.951,0,0,11,28,0,23,0
19-05 17:39:14,40.589,4.233,54.284,0.249,0,1549892,977808,170084,5237148,4908.477,3584.742,0,143.430,0,7.968,2599,1313,2.390,1.270,0.740,2,0,0,0,0,11,29,0,23,0
19-05 17:39:15,33.871,3.513,61.219,0,0,1545404,982272,170088,5237168,11202.033,10375.077,0,244.875,0,25.090,3580,3557,2.390,1.270,0.740,2,0,0,0,0,11,29,0,24,0
19-05 17:39:16,49.159,20.065,30.348,0.251,0,1480808,1046688,170088,5237348,9942.237,8186.544,0,212.690,0,16.052,6113,6291,2.390,1.270,0.740,4,0,329.067,0,0,11,28,0,25,0
19-05 17:39:17,70.945,8.493,19.985,0,0,1519036,1008460,170088,5237348,2581.004,1482.853,0,2605.984,0,135.895,3887,1568,2.390,1.270,0.740,2,0,49.961,0,0,11,28,1,25,0
19-05 17:39:18,47.659,4.990,46.661,0,0,1547428,980036,170096,5237372,15871.577,15542.208,0,155.702,0,6.987,4223,3739,2.280,1.260,0.740,2,0,0,0,0,11,31,0,23,0
19-05 17:39:19,50.374,11.779,35.838,0.251,0,1473692,1053708,170116,5237424,17770.679,14743.238,0,429.055,0,50.123,7547,9256,2.280,1.260,0.740,5,0,193.476,0,0,11,28,0,24,0
19-05 17:39:20,83.000,16.500,0.500,0,0,1517864,1009520,170116,5237440,2319.004,1242.002,0,172.000,0,10.000,4875,2198,2.280,1.260,0.740,4,0,65.000,0,0,11,28,0,24,0
19-05 17:39:21,76.007,7.751,16.751,0,0,1618576,908796,170116,5237452,14879.274,14350.229,0,148.013,0,9.001,4916,2967,2.280,1.260,0.740,3,0,0,0,0,11,32,0,24,0
19-05 17:39:22,65.691,6.744,26.227,0.250,0.250,1624792,902496,170128,5237524,23818.665,22047.252,0,783.298,0,57.948,7931,10163,2.280,1.260,0.740,4,0,0.999,0,0,11,31,0,25,0
19-05 17:39:23,70.108,22.704,6.487,0,0,1505176,1022060,170136,5237568,9933.860,7383.032,0,271.450,0,23.951,5861,5942,2.500,1.330,0.770,3,0,323.344,0,0,11,28,0,27,0
19-05 17:39:24,68.656,6.515,24.054,0,0,1558216,969012,170148,5237564,2098.755,1136.575,0,1475.343,0,140.318,3638,1448,2.500,1.330,0.770,3,0,2.005,0,0,11,28,0,27,0
19-05 17:39:25,53.232,6.498,39.487,0,0,1591764,935328,170152,5237684,16905.344,15555.795,0,183.938,0,18.994,4706,3966,2.500,1.330,0.770,4,0,5.998,0,0,11,31,0,27,0
19-05 17:39:26,53.726,6.497,38.483,0,0,1465632,1061268,170156,5237868,17742.981,15835.843,0,371.832,0,37.983,7427,9169,2.500,1.330,0.770,5,0,52.976,0,0,11,28,0,29,0
19-05 17:39:27,57.842,19.781,21.785,0,0,1517268,1009480,170156,5237988,3840.082,1135.799,0,372.590,0,18.029,4378,2652,2.500,1.330,0.770,4,0,248.393,0,0,11,28,0,29,0
19-05 17:39:28,53.533,5.727,39.589,0,0,1587460,939272,170160,5238000,11374.862,9478.553,0,175.289,0,7.968,3382,1794,2.540,1.350,0.780,2,0,0,0,0,11,31,0,29,0
19-05 17:39:29,51.701,6.274,41.662,0.251,0,1586452,940096,170180,5238164,22095.786,19864.121,0,803.118,0,55.214,6858,8992,2.540,1.350,0.780,3,0,0,0,0,11,29,0,31,0
19-05 17:39:30,52.947,18.731,26.973,0,0,1476408,1050100,170180,5238204,3241.770,1936.071,0,263.737,0,17.982,5134,3611,2.540,1.350,0.780,3,0,286.714,0,0,11,28,0,32,0
19-05 17:39:31,66.587,6.235,26.435,0,0,1543672,982824,170188,5238208,4057.065,3098.413,0,187.541,0,6.983,3568,1238,2.540,1.350,0.780,2,0,0,0,0,11,29,0,32,0
19-05 17:39:32,47.001,6.500,46.001,0,0,1559344,966908,170200,5238440,21643.333,20306.313,0,616.009,0,34.001,5224,6082,2.540,1.350,0.780,4,0,1.000,0,0,11,31,0,32,0
19-05 17:39:33,57.048,12.510,29.525,0.250,0,1464232,1061964,170220,5238476,7530.286,5655.721,0,328.274,0,41.034,5905,5595,2.570,1.380,0.790,3,0,112.094,0,0,11,28,0,34,0
19-05 17:39:34,68.455,7.245,24.234,0,0,1524632,1001560,170224,5238476,2539.322,1361.101,0,119.921,0,7.995,3549,1347,2.570,1.380,0.790,2,0,0,0,0,11,28,1,34,0
19-05 17:39:35,49.496,5.500,44.496,0,0,1534292,991744,170224,5238632,18671.355,16221.571,0,319.972,0,17.998,4387,4554,2.570,1.380,0.790,2,0,0,0,0,11,31,0,34,0
19-05 17:39:36,54.189,17.310,27.346,0,0,1499844,1026152,170240,5238672,9646.695,7879.522,0,256.897,0,34.119,6227,6395,2.570,1.380,0.790,4,0,305.066,0,0,11,29,0,36,0
19-05 17:39:37,76.250,22.500,0.750,0,0,1578508,947424,170244,5238732,5849.999,4500.000,0,268.000,0,28.000,5663,5275,2.570,1.380,0.790,8,0,322.000,0,0,11,28,0,36,0
19-05 17:39:38,79.997,20.249,0,0,0,1674856,851060,170248,5238744,3188.881,3158.882,0,2099.922,0,159.994,5308,3976,2.930,1.470,0.820,6,0,307.989,0,0,11,30,0,36,0
19-05 17:39:39,82.751,16.750,0.750,0,0,1762748,763128,170264,5238768,12703.194,9335.142,0,1152.018,0,37.001,5766,4803,2.930,1.470,0.820,6,0,258.004,0,0,11,31,1,35,0
19-05 17:39:40,76.846,18.712,3.742,0,0.249,1798284,727356,170280,5238988,32473.769,30636.459,0,211.575,0,20.958,7013,7245,2.930,1.470,0.820,6,0,347.302,0,0,11,32,0,35,0
19-05 17:39:41,82.707,14.243,2.749,0,0,1681320,844208,170308,5239072,22919.946,20619.156,0,463.756,0,50.973,7033,7829,2.930,1.470,0.820,6,0,119.937,0,0,11,29,0,36,0
19-05 17:39:42,85.968,13.284,0.251,0,0,1668376,857008,170308,5239216,7749.658,5000.685,0,156.397,0,10.025,5387,3860,2.930,1.470,0.820,6,0,30.076,0,0,11,28,0,37,0
19-05 17:39:43,81.752,13.750,5.250,0,0,1680556,844812,170308,5239232,9697.229,9801.231,0,124.003,0,24.001,5284,3489,3.170,1.550,0.850,2,0,165.004,0,0,11,32,0,35,0
19-05 17:39:44,79.048,6.982,12.468,0,0,1710664,814644,170308,5239288,26705.867,24363.842,0,3.990,0,0.997,6515,8210,3.170,1.550,0.850,4,1,0.997,0,0,11,35,0,35,0
19-05 17:39:45,69.303,10.008,19.265,0,0,1685380,839712,170312,5239496,27187.881,24329.686,0,148.114,0,14.011,8971,11675,3.170,1.550,0.850,4,0,133.102,0,0,11,31,0,39,0
19-05 17:39:46,21.486,27.482,50.467,0,0,1453808,1071252,170312,5239528,3144.974,2161.608,0,23.985,0,5.996,6171,5004,3.170,1.550,0.850,3,0,639.588,0,0,11,30,0,40,0
19-05 17:39:47,48.812,35.545,15.019,0,0,1475548,1049472,170312,5239568,2116.686,973.235,0,40.051,0,10.013,5814,5152,3.170,1.550,0.850,7,0,744.945,0,0,11,30,0,39,0
19-05 17:39:48,82.581,12.512,4.755,0,0.250,1588296,936700,170324,5239580,5604.477,4169.074,0,648.634,0,39.038,4905,2727,3.240,1.590,0.870,3,0,85.083,0,0,11,31,1,39,0
19-05 17:39:49,66.734,6.998,26.244,0,0,1627500,897456,170328,5239616,21449.866,20356.128,0,47.989,0,5.999,5137,5058,3.240,1.590,0.870,2,0,1.000,0,0,11,36,0,39,0
19-05 17:39:50,66.607,14.968,17.462,0.249,0,1539856,984908,170332,5239804,14589.666,12203.790,0,455.023,0,54.882,6829,8199,3.240,1.590,0.870,4,0,200.569,0,0,11,33,0,42,0
19-05 17:39:51,86.186,13.279,0.501,0,0,1555720,969012,170348,5239820,3220.940,2294.945,0,284.613,0,24.052,5036,2575,3.240,1.590,0.870,5,0,67.145,0,0,11,32,0,42,0
19-05 17:39:52,74.767,7.252,17.754,0,0,1600304,924408,170352,5239832,16386.739,15706.583,0,192.044,0,9.002,4630,3562,3.240,1.590,0.870,5,0,0,0,0,11,35,0,42,0
19-05 17:39:53,59.397,6.489,33.692,0.250,0,1607712,916888,170376,5239916,28730.316,26239.624,0,826.571,0,50.912,8588,11738,3.380,1.650,0.890,2,0,0.998,0,0,11,36,0,42,0
19-05 17:39:54,47.869,4.986,44.379,0,0,1607952,916412,170388,5240136,28097.292,24773.366,0,2369.531,0,113.690,9900,13904,3.380,1.650,0.890,3,0,0,0,0,11,35,0,42,0
19-05 17:39:55,74.687,12.240,12.489,0,0,1504308,1019856,170420,5240304,14806.537,12681.325,0,339.714,0,48.959,6971,8282,3.380,1.650,0.890,5,0,89.924,0,0,11,32,0,41,0
19-05 17:39:56,87.714,12.064,0.503,0,0,1550824,973308,170444,5240312,2848.076,2084.032,0,1914.133,0,120.639,5004,2380,3.380,1.650,0.890,3,0,30.160,0,0,11,33,0,41,0
19-05 17:39:57,69.934,7.493,21.729,0,0,1620572,903528,170444,5240344,22704.462,20339.705,0,3.996,0,0.999,4922,4831,3.380,1.650,0.890,2,0,0,0,0,11,36,0,41,0
19-05 17:39:58,56.231,5.498,36.988,0,0,1625588,898276,170444,5240572,33137.048,29788.155,0,7.997,0,1.000,10450,14520,3.270,1.650,0.900,2,0,0,0,0,11,36,0,41,0
19-05 17:39:59,58.726,8.996,31.237,0,0,1538076,985580,170444,5240780,25551.703,22398.974,0,0,0,0,8801,11984,3.270,1.650,0.900,3,0,103.958,0,0,11,34,0,37,0
19-05 17:40:00,77.482,14.747,6.998,0,0,1472704,1050896,170448,5240824,10734.524,8651.004,0,143.967,0,11.997,5580,5213,3.270,1.650,0.900,4,0,146.966,0,0,11,32,0,39,0
19-05 17:40:01,79.905,10.019,10.270,0,0.250,1568648,954936,170452,5240836,10095.622,9147.780,0,108.210,0,8.016,4628,2543,3.270,1.650,0.900,4,0,9.018,0,0,11,34,0,39,0
19-05 17:40:02,70.192,5.995,23.231,0,0,1609360,914152,170464,5240892,24228.082,22563.451,0,127.895,0,11.990,6449,8116,3.270,1.650,0.900,4,0,0,0,0,11,36,0,39,0
19-05 17:40:03,66.061,7.006,25.774,0,0,1588280,935008,170468,5241108,27029.823,23882.933,0,448.412,0,23.021,10563,13883,3.250,1.680,0.910,4,0,35.032,0,0,11,33,0,39,0
19-05 17:40:04,84.502,15.000,0.500,0,0,1528664,994604,170476,5241116,3153.073,1803.042,0,188.004,0,19.000,5148,2956,3.250,1.680,0.910,4,0,94.002,0,0,11,32,0,39,0
19-05 17:40:05,78.742,7.249,13.499,0,0,1613792,909468,170476,5241124,11870.753,10980.847,0,103.989,0,7.999,4698,2432,3.250,1.680,0.910,3,0,0,0,0,11,35,0,39,0
19-05 17:40:06,72.639,9.985,16.475,0,0,1622168,900900,170484,5241288,14770.519,13909.829,0,375.429,0,40.938,6640,15137,3.250,1.680,0.910,3,0,97.851,0,0,11,34,0,42,0
19-05 17:40:07,70.821,12.262,16.266,0,0,1622916,900084,170484,5241352,20879.881,18709.711,0,124.124,0,8.008,6679,8658,3.250,1.680,0.910,2,0,60.060,0,0,11,34,0,41,0
19-05 17:40:08,71.199,11.742,16.738,0,0,1555836,966992,170484,5241524,20600.153,17547.353,0,123.911,0,8.994,6034,6305,3.390,1.730,0.930,6,0,120.913,0,0,11,34,0,43,0
19-05 17:40:09,76.342,10.763,11.514,0.250,0,1622700,900084,170488,5241564,16708.231,13270.068,0,4181.063,0,158.192,6120,5895,3.390,1.730,0.930,6,0,20.024,0,0,11,34,0,43,0
19-05 17:40:10,75.501,12.750,12.000,0,0,1596828,925912,170496,5241596,14104.257,12233.223,0,124.002,0,7.000,5262,3833,3.390,1.730,0.930,4,0,86.002,0,0,11,34,0,45,0
19-05 17:40:11,83.500,8.500,7.750,0,0,1589792,932916,170496,5241628,10608.042,8756.034,0,4.000,0,1.000,5448,4468,3.390,1.730,0.930,4,0,26.000,0,0,11,32,0,46,0
19-05 17:40:12,75.098,12.475,11.976,0,0,1595588,927104,170496,5241644,12877.875,11766.130,0,0,0,0,4950,3591,3.390,1.730,0.930,3,0,41.915,0,0,11,34,0,46,0
19-05 17:40:13,70.505,7.751,20.001,0,0,1636528,885944,170516,5241836,21311.420,17182.145,0,244.016,0,31.002,6207,6928,3.440,1.770,0.950,4,0,30.002,0,0,11,33,0,48,0
19-05 17:40:14,58.837,12.519,29.293,0,0,1546652,975804,170520,5241848,10450.506,8979.323,0,420.624,0,34.051,5284,4545,3.440,1.770,0.950,4,0,153.227,0,0,11,32,0,50,0
19-05 17:40:15,59.472,10.745,28.986,0,0,1564132,958308,170524,5241860,7110.643,5769.276,0,199.906,0,13.993,4129,2598,3.440,1.770,0.950,3,0,75.964,0,0,11,33,0,50,0
19-05 17:40:16,57.487,5.499,36.242,0.250,0,1598220,924028,170528,5242048,13028.011,12098.225,0,191.956,0,15.996,4142,4050,3.440,1.770,0.950,3,0,0,0,0,11,34,0,45,0
19-05 17:40:17,53.016,11.003,35.010,0,0,1521572,1000632,170532,5242088,15901.746,13425.007,0,152.045,0,9.003,5396,6733,3.440,1.770,0.950,3,0,96.029,0,0,11,33,0,46,0
19-05 17:40:18,62.340,11.221,26.183,0,0,1521692,1000484,170536,5242104,6040.482,4673.993,0,147.621,0,7.980,4637,3170,3.400,1.790,0.960,4,0,85.780,0,0,11,32,0,47,0
19-05 17:40:19,57.363,6.513,35.821,0,0,1573684,948480,170540,5242112,9769.255,8545.843,0,360.711,0,38.075,3648,2040,3.400,1.790,0.960,3,0,0,0,0,11,34,0,47,0
19-05 17:40:20,51.160,8.485,38.433,0.250,0,1545404,976540,170548,5242320,19425.910,16860.412,0,702.767,0,50.911,6529,7606,3.400,1.790,0.960,3,0,85.849,0,0,11,34,0,46,0
19-05 17:40:21,33.036,7.008,58.814,0.250,0,1505368,1016400,170564,5242476,11695.742,9923.812,0,248.270,0,25.027,5277,6360,3.400,1.790,0.960,2,0,68.074,0,0,11,32,0,48,0
19-05 17:40:22,41.504,9.251,48.254,0,0,1475364,1046400,170564,5242480,2140.190,1080.096,0,108.010,0,8.001,3241,1800,3.400,1.790,0.960,2,0,67.006,0,0,11,32,0,48,0
19-05 17:40:23,38.421,3.992,56.883,0,0,1487328,1034404,170580,5242496,9285.962,7878.846,0,91.812,0,12.973,2966,2145,3.290,1.790,0.960,1,0,0.998,0,0,11,34,0,48,0
19-05 17:40:24,37.280,4.003,57.297,0,0,1484032,1037620,170592,5242564,14051.474,11061.032,0,3090.524,0,189.154,4827,5729,3.290,1.790,0.960,3,0,0,0,0,11,33,0,46,0
19-05 17:40:25,38.982,13.994,46.229,0,0,1414832,1106772,170592,5242612,2895.700,1835.176,0,7.996,0,1.999,3974,2386,3.290,1.790,0.960,2,0,143.935,0,0,11,32,0,47,0
19-05 17:40:26,43.831,4.732,50.555,0,0,1463700,1057904,170592,5242612,3439.728,3040.269,0,0,0,0,2674,1219,3.290,1.790,0.960,1,0,0,0,0,11,33,0,47,0
19-05 17:40:27,33.613,4.014,61.708,0,0,1470576,1050860,170604,5242764,16227.719,14033.320,0,212.717,0,20.068,4052,4293,3.290,1.790,0.960,3,0,0,0,0,11,33,0,48,0
19-05 17:40:28,39.144,8.531,51.691,0.251,0,1424500,1096920,170608,5242776,5048.619,3892.355,0,252.933,0,25.093,3730,3239,3.190,1.800,0.970,2,0,65.241,0,0,11,32,0,47,0
19-05 17:40:29,44.552,4.729,49.281,0,0,1502812,1018608,170608,5242776,3337.194,2203.225,0,0,0,0,2663,1226,3.190,1.800,0.970,2,0,0,0,0,11,33,0,47,0
19-05 17:40:30,35.111,3.511,60.691,0.251,0,1506772,1014616,170612,5242800,16048.589,14619.083,0,276.873,0,14.044,4050,4042,3.190,1.800,0.970,1,0,0,0,0,11,34,0,47,0
19-05 17:40:31,36.562,6.761,56.095,0,0,1469364,1051968,170620,5242844,11679.772,9561.185,0,148.251,0,19.032,5409,5765,3.190,1.800,0.970,2,0,48.081,0,0,11,32,0,49,0
19-05 17:40:32,44.331,6.475,48.316,0,0,1465440,1055888,170620,5242844,4261.793,1452.477,0,143.454,0,7.970,2776,1382,3.190,1.800,0.970,2,0,0,0,0,11,32,0,46,0
19-05 17:40:33,37.490,3.499,58.484,0,0,1481784,1039532,170624,5242852,12748.483,11790.747,0,151.958,0,15.996,2837,2132,3.490,1.880,1,1,0,1.000,0,0,11,34,0,46,0
19-05 17:40:34,34.271,2.752,61.537,0.250,0,1478228,1042900,170644,5243020,16389.920,13634.252,0,608.368,0,52.031,5484,7281,3.490,1.880,1,2,0,0,0,0,11,32,0,48,0
19-05 17:40:35,28.248,16.249,54.496,0,0,1428232,1092832,170648,5243080,3142.789,1457.902,0,115.992,0,8.999,4369,3070,3.490,1.880,1,1,0,281.981,0,0,11,32,0,48,0
19-05 17:40:36,19.739,2.249,77.707,0,0.250,1445516,1075540,170648,5243088,7825.633,6497.374,0,131.926,0,5.997,1875,1522,3.490,1.880,1,1,0,0,0,0,11,33,0,44,0
19-05 17:40:37,17.518,1.502,78.830,0,0,1436792,1084236,170648,5243112,8753.892,7142.255,0,328.334,0,27.027,3255,3878,3.490,1.880,1,1,0,0,0,0,11,32,0,45,0
19-05 17:40:38,14.278,15.280,69.885,0,0,1392836,1128184,170648,5243120,2618.073,1460.831,0,28.054,0,7.014,4307,3061,3.290,1.870,1,2,0,284.551,0,0,11,32,0,45,0
19-05 17:40:39,22.451,3.243,73.341,0,0,1424244,1096776,170648,5243120,3969.399,1454.847,0,7.983,0,1.996,1670,1080,3.290,1.870,1,1,0,0,0,0,11,32,0,45,0
19-05 17:40:40,18.257,2.501,78.278,0.500,0,1434184,1086820,170652,5243132,8489.026,7134.543,0,2320.827,0,159.057,2052,1814,3.290,1.870,1,1,0,0,0,0,11,33,0,45,0
19-05 17:40:41,19.479,4.495,74.670,0,0,1358668,1162304,170660,5243156,7808.674,6514.054,0,171.817,0,18.980,3737,4069,3.290,1.870,1,1,0,45.951,0,0,11,32,0,46,0
19-05 17:40:42,22.516,3.502,73.052,0,0,1407468,1113504,170660,5243156,2479.756,1459.033,0,0,0,0,1721,1176,3.290,1.870,1,1,0,0,0,0,11,32,0,46,0
19-05 17:40:43,18.513,2.502,77.805,0,0,1419600,1101368,170660,5243160,7771.490,6505.596,0,0,0,0,1915,1563,3.110,1.850,1,1,0,1.001,0,0,11,33,0,46,0
19-05 17:40:44,18.511,2.251,77.794,0,0,1419780,1101144,170668,5243192,11230.420,9297.315,0,416.238,0,21.012,4141,5167,3.110,1.850,1,1,0,0,0,0,11,33,0,44,0
19-05 17:40:45,14.011,13.761,70.305,0.250,0,1388176,1132620,170672,5243308,3946.099,2644.077,0,124.097,0,14.011,4501,3656,3.110,1.850,1,1,0,239.188,0,0,11,32,0,44,0
19-05 17:40:46,19.713,21.211,57.893,0,0,1396200,1124540,170688,5243348,2593.194,1455.303,0,251.534,0,17.967,5600,4320,3.110,1.850,1,2,0,386.284,0,0,11,32,0,46,0
19-05 17:40:47,45.020,5.753,48.271,0.250,0,1480108,1040416,170712,5243536,2599.141,1458.640,36.016,528.232,1.000,24.011,2945,1722,3.110,1.850,1,2,0,0,0,0,11,32,0,46,0
19-05 17:40:48,42.350,5.513,47.362,4.010,0,1526304,990840,171036,5246228,3959.385,1353.207,437.036,5901.989,17.040,535.269,5044,6090,3.020,1.860,1.010,2,0,29.069,0,0,11,36,0,41,0
19-05 17:40:49,41.014,7.502,40.513,9.003,0.250,1489080,1021740,172012,5251172,2658.876,1458.480,0,52065.153,0,4272.408,14035,28271,3.020,1.860,1.010,5,0,106.035,0,0,11,36,0,41,0
19-05 17:40:50,40.250,8.750,42.500,7.500,0,1542960,966436,172408,5252136,2554.992,1457.996,0,28983.912,0,2870.991,12192,23169,3.020,1.860,1.010,3,0,36.000,0,0,11,36,0,41,0
19-05 17:40:51,45.227,6.461,45.227,1.739,0,1519020,990304,172480,5252136,2403.476,1449.242,0,16508.241,0,892.606,4622,5604,3.020,1.860,1.010,3,0,6.958,0,0,11,32,0,41,0
19-05 17:40:52,46.029,4.503,48.531,0.250,0,1536980,972312,172484,5252164,2539.618,1458.929,0,896.571,0,39.025,2905,1598,3.020,1.860,1.010,2,0,2.001,0,0,11,34,0,37,0
19-05 17:40:53,38.141,8.532,40.901,8.783,0,1538524,970044,172788,5252572,2533.382,1409.219,0,19427.952,0,2549.442,15014,26132,3.020,1.880,1.020,3,0,1.004,0,0,11,34,0,37,0
19-05 17:40:54,37.197,9.237,49.430,2.746,0,1501104,1007156,173012,5252648,2774.075,1455.940,0,5855.715,0,692.021,6704,8601,3.020,1.880,1.020,1,0,99.859,0,0,11,32,0,37,0
19-05 17:40:55,23.248,2.750,72.994,0,0,1460228,1047872,173028,5252788,2914.742,1499.867,0,623.945,0,40.996,1905,1451,3.020,1.880,1.020,3,0,1.000,0,0,11,32,0,37,0
19-05 17:40:56,22.997,4.249,71.741,1.000,0,1457424,1050608,173092,5252792,2911.635,1511.810,0,6751.153,0,455.943,2559,2781,3.020,1.880,1.020,2,0,0,0,0,11,32,0,37,0
19-05 17:40:57,22.746,2.750,73.238,0,0,1487132,1020900,173092,5252792,2837.542,1457.764,0,3.999,0,1.000,1749,1105,3.020,1.880,1.020,2,0,2.000,0,0,11,32,0,37,0
19-05 17:40:58,22.701,2.495,73.340,0,0,1457824,1050188,173092,5252812,2831.840,1454.835,0,0,0,0,1747,1178,2.860,1.860,1.020,3,0,0.998,0,0,11,32,0,37,0
19-05 17:40:59,22.556,3.509,73.433,0,0,1453152,1054860,173092,5252812,2650.615,1407.513,0,0,0,0,1773,1322,2.860,1.860,1.020,2,0,0,0,0,11,32,0,37,0
19-05 17:41:00,23.250,3.250,73.249,0,0,1480380,1027632,173092,5252812,4294.946,1457.982,0,0,0,0,1774,1172,2.860,1.860,1.020,2,0,2.000,0,0,11,32,0,37,0
19-05 17:41:01,22.997,2.500,73.742,0,0,1447816,1060184,173092,5252824,2597.716,1457.841,0,0,0,0,1760,1187,2.860,1.860,1.020,3,0,1.000,0,0,11,32,0,33,0
19-05 17:41:02,23.255,2.501,73.267,0,0,1488832,1019160,173096,5252828,2598.611,1458.343,0,64.015,0,2.000,1772,1278,2.860,1.860,1.020,2,0,0,0,0,11,32,0,33,0
19-05 17:41:03,22.229,3.247,72.683,0,0,1509460,998508,173116,5252828,2461.729,1402.706,0,399.631,0,35.967,2047,1759,2.710,1.850,1.020,2,0,2.997,0,0,11,32,0,33,0
19-05 17:41:04,23.822,2.508,73.722,0,0,1469048,1038828,173116,5252916,2666.028,1462.404,0,0,0,0,1712,1113,2.710,1.850,1.020,1,0,1.003,0,0,11,32,0,33,0
19-05 17:41:05,23.249,2.250,73.998,0,0,1488956,1018920,173116,5252916,2748.916,1553.952,0,4.000,0,1.000,1723,1147,2.710,1.850,1.020,2,0,0,0,0,11,32,0,31,0
19-05 17:41:06,25.997,5.499,67.993,0,0.250,1522864,985012,173116,5255412,2417.733,1457.839,0,0,0,0,2293,5641,2.710,1.850,1.020,4,0,35.996,0,0,11,32,0,31,0
19-05 17:41:07,25.912,3.239,69.762,0,0,1467080,1040704,173116,5253004,4203.645,1453.038,0,0,0,0,2195,8728,2.710,1.850,1.020,2,0,2.990,0,0,11,32,0,32,0
19-05 17:41:08,23.043,3.006,73.636,0,0,1480160,1027600,173124,5253016,4105.602,1460.705,0,0,0,0,1716,1193,2.570,1.830,1.020,1,0,0,0,0,11,32,0,32,0
19-05 17:41:09,22.290,3.005,73.631,0,0,1448492,1059252,173124,5253028,4165.426,1460.604,0,196.350,0,3.005,1745,1203,2.570,1.830,1.020,2,0,1.002,0,0,11,32,0,27,0
19-05 17:41:10,23.446,2.245,73.580,0,0,1478144,1029600,173124,5253028,4159.391,1454.640,0,0,0,0,1605,1026,2.570,1.830,1.020,2,0,0,0,0,11,32,0,27,0
19-05 17:41:11,22.006,3.751,73.520,0,0,1514928,992812,173124,5253028,4027.106,1458.401,0,248.068,0,41.011,1716,1129,2.570,1.830,1.020,2,0,2.001,0,0,11,32,0,27,0
19-05 17:41:12,23.248,2.250,73.493,0,0,1475192,1032528,173124,5253048,4009.598,1349.865,0,0,0,0,1683,1089,2.570,1.830,1.020,2,0,1.000,0,0,11,32,0,27,0
19-05 17:41:13,23.249,3.250,72.747,0.500,0,1494224,1013472,173136,5253060,2537.900,1457.943,0,451.982,0,31.999,2044,1773,2.440,1.820,1.020,3,0,1.000,0,0,11,32,0,23,0
19-05 17:41:14,23.003,3.000,73.011,0,0,1465676,1041996,173136,5253084,2658.393,1458.216,0,0,0,0,1706,1141,2.440,1.820,1.020,2,0,1.000,0,0,11,32,0,23,0
19-05 17:41:15,22.743,2.749,73.479,0,0,1469684,1037988,173136,5253084,2734.209,1457.578,0,7.998,0,1.999,1653,1142,2.440,1.820,1.020,2,0,0,0,0,11,32,0,23,0
19-05 17:41:16,22.247,3.250,73.490,0,0,1495360,1012312,173136,5253084,2717.633,1499.797,0,115.984,0,25.996,1695,1107,2.440,1.820,1.020,3,0,2.000,0,0,11,32,0,23,0
19-05 17:41:17,16.762,11.008,72.051,0,0.250,1441136,1066376,173144,5253232,4221.007,1459.039,0,92.066,0,2.001,3644,2540,2.440,1.820,1.020,2,0,186.133,0,0,11,32,0,18,0
19-05 17:41:18,8.023,22.313,67.941,0,0,1448568,1058892,173144,5253252,2665.479,1462.102,0,982.757,0,12.034,5748,4273,2.330,1.800,1.020,1,0,422.185,0,0,11,32,0,18,0
19-05 17:41:19,8.501,20.751,69.255,0,0,1432356,1075052,173148,5253296,2404.171,1404.100,0,276.020,0,6.000,5418,3986,2.330,1.800,1.020,1,0,345.025,0,0,11,32,0,18,0
19-05 17:41:20,7.498,21.744,69.481,0,0,1408648,1098732,173148,5253320,2794.220,1457.593,0,2711.243,0,71.980,5819,4347,2.330,1.800,1.020,2,0,398.889,0,0,11,32,0,18,0
19-05 17:41:21,20.971,4.494,73.649,0,0,1436236,1071152,173148,5253308,2654.376,1456.012,0,3.995,0,0.999,1884,1483,2.330,1.800,1.020,1,0,17.975,0,0,11,32,0,14,0
19-05 17:41:22,22.712,2.995,73.626,0,0,1452168,1055216,173148,5253308,2773.317,1455.542,0,475.198,0,90.847,1786,1168,2.330,1.800,1.020,1,0,1.997,0,0,11,32,0,14,0
19-05 17:41:23,24.023,2.753,70.816,0.751,0,1378280,1129052,173164,5253340,2794.621,1513.419,0,6446.046,0,315.296,2570,2788,2.380,1.820,1.030,2,0,2.002,0,0,11,32,0,14,0
19-05 17:41:24,22.247,3.499,73.739,0,0,1424916,1082432,173168,5253320,2703.597,1403.791,0,107.984,0,9.999,1709,1277,2.380,1.820,1.030,1,0,0,0,0,11,32,0,14,0
19-05 17:41:25,24.223,2.997,71.919,0,0,1457212,1050088,173168,5253352,2731.921,1456.359,0,11.986,0,0.999,1818,1123,2.380,1.820,1.030,1,0,7.991,0,0,11,32,0,11,0
19-05 17:41:26,23.797,2.004,74.147,0,0,1479796,1027484,173168,5253372,2410.789,1406.795,0,20.040,0,1.002,1607,1015,2.380,1.820,1.030,1,0,0,0,0,11,32,0,11,0
19-05 17:41:27,22.506,3.251,73.519,0,0.250,1433228,1074064,173168,5253360,4093.046,1458.373,0,124.032,0,28.007,1871,1295,2.380,1.820,1.030,1,0,1.000,0,0,11,32,0,11,0
19-05 17:41:28,22.772,2.753,74.072,0,0,1481848,1025440,173168,5253364,2586.526,1405.373,0,0,0,0,1737,1145,2.270,1.810,1.030,1,0,2.002,0,0,11,32,0,11,0
19-05 17:41:29,23.197,2.494,73.581,0,0,1499572,1007700,173168,5253380,2711.782,1454.664,0,11.973,0,0.998,1697,1125,2.270,1.810,1.030,1,0,0,0,0,11,32,0,9,0
19-05 17:41:30,22.990,2.999,73.467,0.250,0,1444676,1062612,173168,5253364,2853.731,1457.352,0,87.961,0,2.999,1766,1233,2.270,1.810,1.030,2,0,1.000,0,0,11,32,0,9,0
19-05 17:41:31,23.498,2.500,73.245,0,0,1480036,1027252,173168,5253364,2477.819,1457.893,0,0,0,0,1736,1097,2.270,1.810,1.030,2,0,2.000,0,0,11,32,0,9,0
19-05 17:41:32,23.999,1.500,73.747,0,0,1497692,1009576,173168,5253384,2897.888,1457.944,0,19.999,0,1.000,1648,1021,2.270,1.810,1.030,4,0,0,0,0,11,32,0,9,0
19-05 17:41:33,22.002,3.750,73.256,0.250,0,1476784,1030492,173172,5253372,2538.223,1458.128,0,596.052,0,63.006,1913,1833,2.170,1.800,1.030,2,0,2.000,0,0,11,32,0,7,0
19-05 17:41:34,22.753,3.000,73.510,0,0,1507780,999496,173172,5253372,3024.401,1552.206,0,104.014,0,10.001,1691,1244,2.170,1.800,1.030,2,0,2.000,0,0,11,32,0,7,0
19-05 17:41:35,23.483,2.748,73.698,0,0,1471120,1036144,173172,5253384,2673.115,1456.972,0,87.938,0,1.999,1685,1094,2.170,1.800,1.030,4,0,0.999,0,0,11,32,0,7,0
19-05 17:41:36,22.769,3.003,73.312,0,0,1479364,1027928,173172,5253356,2299.948,1459.236,0,0,0,0,1766,1368,2.170,1.800,1.030,2,0,0,0,0,11,32,0,7,0
19-05 17:41:37,22.991,2.749,73.470,0,0,1508284,998880,173172,5253484,2536.960,1457.403,0,0,0,0,1725,1147,2.170,1.800,1.030,2,0,1.999,0,0,11,32,0,4,0
19-05 17:41:38,23.244,2.499,73.481,0,0,1471168,1035968,173172,5253512,2357.384,1457.619,0,147.961,0,27.993,1684,1141,2.080,1.780,1.030,2,0,1.000,0,0,11,32,0,4,0
19-05 17:41:39,23.508,3.001,73.775,0,0,1476344,1030880,173172,5253424,2298.777,1458.493,0,4.001,0,1.000,1685,1122,2.080,1.780,1.030,2,0,0,0,0,11,32,0,4,0
19-05 17:41:40,22.213,3.245,73.129,0.250,0,1507080,1000144,173172,5253424,2670.599,1455.601,0,55.908,0,1.997,1701,1083,2.080,1.780,1.030,2,0,1.997,0,0,11,32,0,4,0
19-05 17:41:41,24.041,1.753,73.375,0,0,1460700,1046436,173172,5253512,2482.226,1460.486,0,112.191,0,2.003,1651,1056,2.080,1.780,1.030,2,0,1.002,0,0,11,32,0,4,0
19-05 17:41:42,22.248,3.750,73.744,0,0,1453704,1053444,173172,5253500,3875.683,1295.894,0,11.999,0,1.000,1768,1326,2.080,1.780,1.030,2,0,0,0,0,11,32,0,3,0
19-05 17:41:43,22.997,3.250,72.491,0,0,1446396,1060752,173172,5253500,2759.649,1619.794,0,419.947,0,36.995,1992,1743,1.990,1.770,1.020,2,0,2.000,0,0,11,32,0,3,0
19-05 17:41:44,23.257,3.001,73.271,0,0,1484952,1022196,173172,5253500,2450.715,1350.394,0,132.039,0,31.009,1697,1168,1.990,1.770,1.020,2,0,0,0,0,11,32,0,3,0
19-05 17:41:45,22.499,3.750,73.498,0,0,1501488,1005660,173172,5253500,2600.936,1403.966,0,23.999,0,2.000,1767,1248,1.990,1.770,1.020,2,0,2.000,0,0,11,32,0,3,0
19-05 17:41:46,23.261,2.501,73.033,0,0,1452980,1054168,173172,5253500,2239.022,1458.666,0,32.015,0,1.000,1765,1232,1.990,1.770,1.020,2,0,1.000,0,0,11,32,0,3,0
19-05 17:41:47,23.483,2.248,73.697,0,0,1480700,1026448,173172,5253500,2536.178,1456.953,0,23.983,0,0.999,1735,1189,1.990,1.770,1.020,2,0,0,0,0,11,32,0,3,0
19-05 17:41:48,22.252,3.750,73.006,0.250,0,1454380,1052752,173176,5253512,2538.194,1458.111,0,44.003,0,2.000,1771,1264,1.910,1.760,1.020,2,0,1.000,0,0,11,32,0,3,0
19-05 17:41:49,23.702,2.744,73.351,0,0,1477900,1029232,173176,5253512,2712.484,1455.041,0,115.765,0,25.947,1708,1092,1.910,1.760,1.020,2,0,1.996,0,0,11,32,0,3,0
19-05 17:41:50,23.547,2.505,73.397,0,0,1455096,1052024,173176,5253524,2824.671,1515.042,0,12.024,0,1.002,1630,1046,1.910,1.760,1.020,2,0,1.002,0,0,11,32,0,1,0
19-05 17:41:51,8.778,21.570,68.221,0,0,1436316,1070760,173176,5253568,2546.234,1462.730,0,321.038,0,15.049,5846,4426,1.910,1.760,1.020,2,0,444.437,0,0,11,32,0,1,0
19-05 17:41:52,21.187,4.736,73.280,0,0,1432564,1074500,173176,5253580,2636.102,1399.806,0,7.976,0,0.997,2000,1487,1.910,1.760,1.020,1,0,15.952,0,0,11,32,0,1,0
19-05 17:41:53,23.739,2.249,73.216,0,0,1458120,1048936,173176,5253588,2656.768,1457.324,0,0,0,0,1811,1218,1.840,1.740,1.020,1,0,1.000,0,0,11,32,0,1,0
19-05 17:41:54,23.759,2.001,73.528,0,0,1425264,1081512,173176,5253832,2659.009,1458.553,0,108.041,0,2.001,1805,1125,1.840,1.740,1.020,1,0,9.003,0,0,11,32,0,1,0
19-05 17:41:55,22.498,3.250,73.243,0,0,1426364,1080412,173176,5253832,2614.766,1499.866,0,119.989,0,27.997,1731,1239,1.840,1.740,1.020,1,0,0,0,0,11,32,0,1,0
19-05 17:41:56,23.999,2.000,73.247,0,0,1450696,1056080,173176,5253832,2357.905,1457.941,0,215.991,0,35.999,1651,946,1.840,1.740,1.020,1,0,0,0,0,11,32,0,1,0
19-05 17:41:57,10.018,21.789,66.618,0.250,0,1418744,1087892,173176,5253968,2676.754,1514.690,40.071,92.164,2.004,5.009,5279,3810,1.840,1.740,1.020,1,0,358.637,0,0,11,32,0,1,0
19-05 17:41:58,9.264,20.782,68.606,0,0,1409132,1097456,173176,5253996,2347.631,1406.175,0,112.174,0,4.006,5726,4253,1.770,1.730,1.020,2,0,403.624,0,0,11,32,0,1,0
19-05 17:41:59,9.000,22.250,68.001,0,0,1404128,1102432,173180,5254020,4032.047,1458.017,0,340.004,0,6.000,5940,4533,1.770,1.730,1.020,1,0,436.005,0,0,11,32,0,1,0
19-05 17:42:00,7.992,22.228,68.432,0,0,1398868,1107624,173180,5254044,6028.982,1456.546,0,615.386,0,6.993,5744,4236,1.770,1.730,1.020,1,0,405.595,0,0,11,32,0,1,0
19-05 17:42:01,8.999,21.497,67.989,0,0,1389912,1116552,173180,5254068,2477.598,1457.764,0,879.857,0,9.998,5709,4206,1.770,1.730,1.020,1,0,406.934,0,0,11,32,0,1,0
19-05 17:42:02,8.007,23.271,67.811,0,0,1391276,1115168,173180,5254088,2720.441,1459.310,0,968.869,0,11.010,5744,4262,1.770,1.730,1.020,2,0,418.375,0,0,11,32,0,1,0
19-05 17:42:03,9.750,19.750,69.251,0,0,1386668,1119748,173180,5254116,2538.028,1458.016,0,500.006,0,8.000,5580,3992,1.710,1.720,1.020,1,0,361.004,0,0,11,32,0,1,0
19-05 17:42:04,8.479,20.450,69.579,0,0,1379524,1126860,173184,5254144,2591.613,1454.415,0,271.331,0,7.980,5462,4027,1.710,1.720,1.020,2,0,368.093,0,0,11,32,0,1,0
19-05 17:42:05,8.773,21.054,68.928,0,0,1374200,1132148,173184,5254168,2561.621,1503.887,0,405.047,0,37.096,5661,4174,1.710,1.720,1.020,1,0,387.000,0,0,11,32,0,1,0
19-05 17:42:06,8.721,21.928,68.028,0,0,1369296,1137032,173184,5254188,2290.514,1453.250,0,47.844,0,11.961,5849,4330,1.710,1.720,1.020,1,0,432.586,0,0,11,32,0,1,0
19-05 17:42:07,16.304,23.578,58.694,0,0,1359900,1146384,173200,5254216,2546.408,1462.830,0,20.066,0,5.017,6370,16590,1.710,1.720,1.020,2,0,479.584,0,0,11,34,0,2,0
19-05 17:42:08,34.747,29.747,33.497,0.250,0,1394384,1111856,173204,5254256,2597.775,1457.874,0,1055.909,0,56.995,6576,5771,1.730,1.720,1.030,6,0,585.949,0,0,11,34,0,6,0
19-05 17:42:09,66.020,11.503,22.007,0,0,1527444,978576,173244,5254432,2478.735,1458.433,0,320.095,0,24.007,3982,2326,1.730,1.720,1.030,3,0,64.019,0,0,11,32,0,8,0
19-05 17:42:10,61.490,9.748,24.496,4.499,0,1641896,860432,173484,5257580,2674.566,1457.764,143.977,7098.849,2.000,686.889,5511,6222,1.730,1.720,1.030,5,1,30.995,0,0,11,34,0,7,0
19-05 17:42:11,54.596,9.473,22.187,11.966,0,1654580,839616,174156,5264128,2530.857,1453.897,299.156,50174.392,7.977,3372.482,13452,25648,1.730,1.720,1.030,3,0,77.780,0,0,11,36,0,8,0
19-05 17:42:12,45.603,11.526,31.571,9.271,0,1687908,795648,174628,5273892,2664.019,1461.302,0,57513.951,0,4659.528,18185,35439,1.730,1.720,1.030,4,1,127.288,0,0,11,36,0,8,0
19-05 17:42:13,38.983,8.496,34.735,13.494,0,1709288,766796,174836,5280880,7822.521,6564.081,0,82455.328,0,5816.413,18207,37419,1.990,1.780,1.050,1,1,45.980,0,0,11,37,0,8,0
19-05 17:42:14,42.464,7.993,35.220,10.741,0,1701744,766076,175280,5288404,7200.867,5696.148,0,54525.557,0,4341.302,16792,32309,1.990,1.780,1.050,4,0,38.967,0,0,11,36,0,9,0
19-05 17:42:15,47.590,17.032,24.797,8.767,0,1580108,881608,175796,5293812,2680.063,1460.759,0,48808.196,0,3506.624,14978,26877,1.990,1.780,1.050,4,0,259.490,0,0,11,34,0,9,0
19-05 17:42:16,48.936,20.723,19.974,8.239,0,1628660,827596,175988,5299108,2534.689,1456.098,371.515,43119.670,5.992,3257.744,15327,29202,1.990,1.780,1.050,4,1,221.710,0,0,11,34,0,9,0
19-05 17:42:17,45.313,17.024,26.787,8.512,0,1631992,820912,176072,5301912,11592.030,8323.510,1133.568,42631.952,23.032,3228.464,14665,27503,1.990,1.780,1.050,3,0,121.168,0,0,11,35,0,9,0
19-05 17:42:18,34.984,11.744,43.230,7.746,0,1620540,829616,176152,5304500,11089.771,9313.609,667.685,39293.473,11.994,3315.437,15927,30192,1.990,1.780,1.060,4,0,145.931,0,0,11,35,0,9,0
19-05 17:42:19,35.763,7.753,44.016,8.503,0,1593104,857700,176456,5303512,7746.849,6234.292,0,46249.006,0,3836.411,15824,30578,1.990,1.780,1.060,6,0,51.019,0,0,11,34,0,9,0
19-05 17:42:20,41.452,7.991,38.456,9.989,0,1624208,824540,176704,5305308,2404.232,1348.448,0,42515.054,0,3667.777,12128,25436,1.990,1.780,1.060,3,0,29.966,0,0,11,34,0,9,0
19-05 17:42:21,35.484,7.497,44.979,9.496,0,1632844,815508,176828,5305564,7642.498,6563.992,0,46386.744,0,4217.068,14322,29345,1.990,1.780,1.060,1,1,26.988,0,0,11,37,0,9,0
19-05 17:42:22,37.522,6.504,45.026,8.005,0,1625076,821732,176852,5307056,10039.842,9251.383,0,45598.534,0,3678.140,15411,29690,1.990,1.780,1.060,2,0,30.017,0,0,11,37,0,9,0
19-05 17:42:23,38.519,4.752,45.022,8.504,0,1617884,827248,176912,5308628,10934.374,8799.325,0,31727.594,0,3033.491,14349,27218,1.990,1.790,1.060,2,0,40.020,0,0,11,36,0,10,0
19-05 17:42:24,34.258,12.753,41.259,9.002,0,1573356,868832,177012,5311384,2478.559,1458.329,0,44325.999,0,3785.854,14536,28256,1.990,1.790,1.060,7,0,119.027,0,0,11,36,0,10,0
19-05 17:42:25,39.455,9.239,38.955,9.239,0,1602996,835220,177152,5315084,2432.218,1456.334,0,51073.572,0,4038.380,14211,28144,1.990,1.790,1.060,1,1,53.938,0,0,11,36,0,10,0
19-05 17:42:26,32.015,7.754,48.023,8.754,0,1601560,834184,177204,5317432,9569.515,8309.920,0,46165.779,0,3847.815,15839,30520,1.990,1.790,1.060,3,0,66.031,0,0,11,37,0,10,0
19-05 17:42:27,33.735,8.496,45.980,9.746,0,1596576,836720,177248,5319768,10654.343,9309.931,0,50601.884,0,4246.144,18297,35160,1.990,1.790,1.060,1,0,68.970,0,0,11,37,0,10,0
19-05 17:42:28,38.507,7.501,44.258,7.001,0,1507860,924000,177256,5321156,8272.523,6299.160,0,41711.682,0,3360.619,14203,26624,2.160,1.820,1.080,6,0,48.009,0,0,11,36,0,10,0
19-05 17:42:29,38.552,8.762,39.553,10.514,0,1554636,882644,177324,5315660,2663.598,1502.029,0,46699.084,0,4129.579,15418,31894,2.160,1.820,1.080,2,0,12.016,0,0,11,36,0,10,0
19-05 17:42:30,38.614,5.979,44.842,7.972,0,1575612,861236,177372,5316040,8174.120,6478.112,0,36997.284,0,3147.878,12120,23392,2.160,1.820,1.080,2,0,32.884,0,0,11,35,0,11,0
19-05 17:42:31,29.491,11.996,56.482,0.500,0,1443784,992996,177376,5316104,9129.094,7269.686,0,7013.767,0,465.852,5875,6481,2.160,1.820,1.080,1,0,211.933,0,0,11,33,0,11,0
19-05 17:42:32,19.045,2.506,77.183,0.501,0.251,1443752,992996,177380,5316132,11349.938,9593.770,0,1403.331,0,99.236,4542,5806,2.160,1.820,1.080,1,0,0,0,0,11,33,0,11,0
19-05 17:42:33,19.713,5.739,72.363,0,0,1438568,997916,177380,5316396,3569.227,2640.989,0,934.227,0,59.886,2757,2251,2.060,1.810,1.080,1,0,55.894,0,0,11,32,0,12,0
19-05 17:42:34,23.001,2.500,73.002,0.250,0,1479500,956984,177380,5316396,2943.090,1794.055,0,496.015,0,34.001,1884,1396,2.060,1.810,1.080,1,0,0,0,0,11,32,1,12,0
19-05 17:42:35,17.498,2.750,78.490,0.500,0,1478480,957904,177380,5316496,10236.719,9241.844,0,3251.593,0,187.976,3246,3816,2.060,1.810,1.080,0,0,0,0,0,11,33,0,12,0
19-05 17:42:36,21.258,4.502,73.027,0,0,1477676,958704,177380,5316500,5364.006,2228.834,0,0,0,0,2542,2124,2.060,1.810,1.080,1,0,34.013,0,0,11,32,0,13,0
19-05 17:42:37,20.995,2.999,75.231,0,0,1507660,928716,177380,5316504,4209.946,3429.141,0,55.986,0,4.999,1657,1060,2.060,1.810,1.080,3,0,0,0,0,11,33,0,13,0
19-05 17:42:38,17.498,1.750,79.243,0.250,0,1501544,934820,177380,5316516,7935.280,6209.436,0,99.991,0,12.999,2339,2451,1.980,1.800,1.080,1,0,0,0,0,11,32,0,14,0
19-05 17:42:39,20.258,6.253,72.529,0.250,0,1487724,948636,177380,5316520,2478.996,1458.586,0,184.074,0,19.008,2546,2050,1.980,1.800,1.080,1,0,60.024,0,0,11,32,0,14,0
19-05 17:42:40,19.239,2.249,77.706,0,0,1508304,927920,177380,5316656,5004.175,3812.847,0,103.941,0,7.995,1829,1511,1.980,1.800,1.080,2,0,0,0,0,11,33,0,14,0
19-05 17:42:41,19.474,2.746,76.397,0,0,1500312,935892,177380,5316676,10920.330,9584.125,0,215.710,0,14.980,3207,3701,1.980,1.800,1.080,1,0,0,0,0,11,32,0,15,0
19-05 17:42:42,20.284,6.010,72.372,0,0,1481912,954292,177380,5316676,2482.181,1460.460,0,4311.261,0,28.047,2270,1595,1.980,1.800,1.080,1,0,43.073,0,0,11,32,0,15,0
19-05 17:42:43,19.696,2.244,77.286,0,0,1508272,927924,177380,5316684,4790.744,3804.473,0,227.371,0,3.989,1673,1235,1.900,1.780,1.080,3,0,0.997,0,0,11,33,0,15,0
19-05 17:42:44,17.778,2.254,78.624,0,0,1493032,943020,177380,5316828,11111.461,8916.011,0,0,0,0,3037,3502,1.900,1.780,1.080,0,0,0,0,0,11,33,0,15,0
19-05 17:42:45,13.784,14.034,70.924,0,0,1446516,989432,177384,5316928,4225.385,2391.879,0,296.729,0,25.062,4514,3752,1.900,1.780,1.080,2,0,239.589,0,0,11,32,0,16,0
19-05 17:42:46,13.025,24.798,60.617,0.250,0,1441620,994264,177388,5317004,2316.464,1514.920,0,224.433,0,18.035,6142,4810,1.900,1.780,1.080,4,0,512.989,0,0,11,32,0,18,0
19-05 17:42:47,64.648,10.733,24.461,0.250,0,1492388,943292,177404,5317192,2446.150,1347.879,0,1905.002,0,198.687,4530,2764,1.900,1.780,1.080,3,0,47.925,0,0,11,32,0,22,0
19-05 17:42:48,65.789,9.756,24.264,0,0,1626692,807716,177420,5318408,2299.346,1458.854,0,216.127,0,7.004,3885,1755,1.990,1.800,1.090,3,0,2.001,0,0,11,32,0,22,0
19-05 17:42:49,69.977,5.498,23.992,0.250,0,1729768,702144,177452,5320584,2417.199,1457.517,0,3462.853,0,98.967,4096,2042,1.990,1.800,1.090,3,0,0,0,0,11,32,0,22,0
19-05 17:42:50,65.838,7.009,26.535,1.001,0,1820480,607180,177496,5324380,2618.488,1459.945,0,8787.706,0,447.596,5194,4493,1.990,1.800,1.090,2,1,18.024,0,0,11,38,0,22,0
19-05 17:42:51,35.963,8.241,41.207,10.239,0,1818704,597604,177560,5335308,2415.487,1456.485,0,75617.338,0,5584.191,20673,41026,1.990,1.800,1.090,2,0,209.782,0,0,11,38,0,22,0
19-05 17:42:52,31.274,10.508,44.534,11.759,0.250,1818540,588280,177632,5344420,2479.891,1459.113,0,91537.795,0,6617.045,22737,46401,1.990,1.800,1.090,4,1,201.153,0,0,11,38,0,22,0
19-05 17:42:53,34.428,7.484,41.414,12.723,0,1817620,582232,177704,5351052,2472.847,1454.968,0,75163.376,0,5877.752,19887,39760,2.550,1.920,1.130,6,0,132.723,0,0,11,38,0,22,0
19-05 17:42:54,44.280,13.009,27.018,11.758,0,1738832,651144,177760,5360548,2539.712,1458.984,0,78284.784,0,5765.888,19357,39743,2.550,1.920,1.130,2,1,210.142,0,0,11,36,0,22,0
19-05 17:42:55,50.072,10.014,27.790,10.265,0,1773244,609816,177796,5367168,4120.893,1460.088,0,60734.847,0,4466.387,16309,31701,2.550,1.920,1.130,8,0,55.079,0,0,11,36,0,22,0
19-05 17:42:56,42.724,9.494,33.979,11.743,0.250,1814308,557176,177828,5378252,2596.430,1457.119,0,65912.152,0,4656.185,18289,34125,2.550,1.920,1.130,1,1,14.991,0,0,11,36,0,22,0
19-05 17:42:57,46.511,9.502,29.257,11.503,0,1840540,528196,177848,5380892,4219.016,1458.351,0,84068.238,0,6146.480,20489,40599,2.550,1.920,1.130,3,1,74.018,0,0,11,38,0,22,0
19-05 17:42:58,47.998,7.500,36.999,5.750,0,1773076,592576,177852,5383864,2477.913,1457.949,0,35030.776,0,2672.907,10567,19439,2.830,1.990,1.160,2,0,131.995,0,0,11,32,0,22,0
19-05 17:42:59,19.447,14.211,65.321,0,0,1488004,877620,177852,5383892,4086.774,1454.006,0,969.337,0,46.871,3958,3069,2.830,1.990,1.160,1,0,248.318,0,0,11,32,0,22,0
19-05 17:43:00,22.245,3.749,72.233,0.500,0,1495912,869712,177852,5383892,2794.354,1457.663,0,6630.468,0,377.913,2227,2525,2.830,1.990,1.160,1,0,1.000,0,0,11,32,0,22,0
19-05 17:43:01,23.242,2.749,72.976,0.250,0,1531596,834028,177852,5383892,2537.157,1457.516,0,27.991,0,3.999,1757,1194,2.830,1.990,1.160,1,0,0,0,0,11,32,0,22,0
19-05 17:43:02,24.590,2.007,73.017,0,0,1555464,810152,177852,5383900,2667.769,1463.359,0,730.676,0,49.180,2265,1897,2.830,1.990,1.160,1,0,2.007,0,0,11,38,0,22,0
19-05 17:43:03,21.425,4.484,73.242,0,0,1470228,895388,177852,5383900,2469.316,1452.891,0,195.313,0,32.884,2138,1432,2.680,1.970,1.150,2,0,27.902,0,0,11,32,0,22,0
19-05 17:43:04,23.180,3.240,73.279,0,0,1477216,888396,177852,5383904,2650.006,1453.615,0,0,0,0,1752,1179,2.680,1.970,1.150,1,0,0.997,0,0,11,32,0,22,0
19-05 17:43:05,22.835,3.011,73.021,0,0.251,1518096,847516,177852,5383904,4310.990,1505.585,0,0,0,0,1736,1154,2.680,1.970,1.150,1,0,2.007,0,0,11,32,0,22,0
19-05 17:43:06,22.040,4.007,73.134,0.250,0,1451160,914448,177852,5383908,2362.327,1460.675,0,312.572,0,24.044,2396,1792,2.680,1.970,1.150,1,0,38.070,0,0,11,32,0,22,0
19-05 17:43:07,19.777,39.052,39.303,0,0,1428072,937476,177852,5383964,2481.336,1459.963,0,308.415,0,26.035,7714,15216,2.680,1.970,1.150,3,0,907.220,0,0,11,32,0,23,0
19-05 17:43:08,9.232,27.696,60.881,0,0,1436636,928888,177852,5383988,4084.008,1497.070,0,143.719,0,14.971,6100,4700,2.460,1.940,1.150,1,0,554.914,0,0,11,32,0,21,0
19-05 17:43:09,8.262,22.031,68.848,0,0,1440036,925408,177856,5384060,3983.679,1460.081,0,260.371,0,59.084,5560,4011,2.460,1.940,1.150,1,0,392.560,0,0,11,32,0,21,0
19-05 17:43:10,8.734,20.212,68.871,0,0,1423288,942116,177860,5384096,2670.018,1455.285,0,15.970,0,3.993,5622,4099,2.460,1.940,1.150,2,0,345.356,0,0,11,32,0,21,0
19-05 17:43:11,9.271,21.299,68.658,0,0,1402116,963256,177860,5384124,2483.726,1461.369,0,32.074,0,8.018,5386,3742,2.460,1.940,1.150,1,0,289.668,0,0,11,32,0,21,0
19-05 17:43:12,21.818,11.653,63.967,0,0,1409252,956104,177860,5384216,2636.025,1445.946,0,0,0,0,4531,6102,2.460,1.940,1.150,2,0,115.041,0,0,11,32,0,15,0
19-05 17:43:13,45.259,12.572,42.996,0,0,1470992,894316,177868,5384620,2492.250,1466.384,0,140.805,0,2.012,3939,2379,2.510,1.960,1.160,2,0,132.759,0,0,11,33,0,15,0
19-05 17:43:14,44.721,5.996,48.219,0,0,1554352,810840,177868,5384704,2716.243,1457.057,0,1319.147,0,201.869,2913,1354,2.510,1.960,1.160,2,0,0,0,0,11,33,0,15,0
19-05 17:43:15,47.994,3.250,47.994,0.250,0,1622960,742192,177872,5384736,3034.590,1457.803,103.986,355.952,1.000,20.997,3348,2454,2.510,1.960,1.160,2,0,16.998,0,0,11,49,0,15,0
19-05 17:43:16,47.503,4.250,47.503,0.250,0,1650876,712456,177916,5386252,2778.158,1458.083,0,564.032,0,21.001,3124,1899,2.510,1.960,1.160,2,0,2.000,0,0,11,49,0,14,0
19-05 17:43:17,32.765,11.505,54.776,0,0,1674376,686164,177916,5388932,3034.431,1458.688,0,0,0,0,5123,8041,2.510,1.960,1.160,1,0,137.065,0,0,11,48,0,14,0
19-05 17:43:18,13.773,17.278,66.860,0,0,1680544,679932,177916,5388944,2560.201,1298.130,0,737.210,0,25.041,5547,5587,2.390,1.940,1.160,1,0,272.447,0,0,11,48,0,14,0
19-05 17:43:19,11.223,7.731,80.058,0,0,1679604,680836,177916,5388960,2711.505,1454.516,0,127.694,0,12.969,3345,4517,2.390,1.940,1.160,0,0,83.799,0,0,11,48,0,14,0
19-05 17:43:20,0.750,0.250,97.503,0.250,0,1678712,681728,177916,5388960,4355.129,1458.043,0,32.001,0,4.000,665,989,2.390,1.940,1.160,0,0,3.000,0,0,11,48,0,14,0
19-05 17:43:21,0.500,0.750,97.755,0,0,1677160,683276,177916,5388964,2418.114,1458.069,0,4.000,0,1.000,689,951,2.390,1.940,1.160,0,0,3.000,0,0,11,48,0,14,0
19-05 17:43:22,0.500,0.500,98.266,0,0,1675804,684632,177916,5388964,2358.383,1458.237,0,0,0,0,603,901,2.390,1.940,1.160,0,0,1.000,0,0,11,48,0,14,0
19-05 17:43:23,2.999,4.249,91.982,0,0,1667484,692948,177916,5388948,2297.554,1457.717,0,3651.291,0,55.989,1997,2079,2.190,1.910,1.150,0,0,50.990,0,0,11,48,0,14,0
19-05 17:43:24,22.173,16.443,60.290,0,0,1670000,690424,177916,5389400,2768.366,1452.944,0,0,0,0,5329,7090,2.190,1.910,1.150,1,0,228.206,0,0,11,48,0,13,0
19-05 17:43:25,14.812,16.821,66.279,0,0,1663220,697072,177916,5389072,2806.798,1464.154,0,5069.308,0,378.591,5462,5404,2.190,1.910,1.150,1,0,282.186,0,0,12,64,0,13,0
19-05 17:43:26,13.784,20.550,64.408,0.501,0,1670152,690032,177916,5389480,2961.272,1700.175,0,453.113,0,31.076,5913,5585,2.190,1.910,1.150,1,0,256.630,0,0,12,64,0,13,0
19-05 17:43:27,20.935,11.464,66.045,0,0,1670916,689268,177916,5389128,2889.036,1453.490,0,71.777,0,5.981,4394,5252,2.190,1.910,1.150,2,0,123.616,0,0,12,64,0,13,0
19-05 17:43:28,6.006,8.509,84.585,0,0,1671404,688792,177916,5389132,2840.863,1459.471,0,232.234,0,11.011,2668,2594,2.020,1.880,1.140,1,0,153.154,0,0,12,64,0,13,0
19-05 17:43:29,17.729,18.228,62.426,0,0,1680688,679348,177916,5389636,2387.154,1348.392,0,27.967,0,5.993,5949,7344,2.020,1.880,1.140,1,0,237.717,0,0,14,64,0,13,0
19-05 17:43:30,12.542,14.800,71.491,0,0,1665908,694096,177916,5389312,2804.457,1462.933,0,822.775,0,2.007,4410,3529,2.020,1.880,1.140,1,0,244.826,0,0,14,66,0,13,0
19-05 17:43:31,8.494,20.237,69.704,0,0,1647048,712924,177916,5389344,2656.265,1499.021,0,27.982,0,6.995,5378,3941,2.020,1.880,1.140,1,0,318.792,0,0,14,66,0,13,0
19-05 17:43:32,14.956,16.701,66.554,0,0,1649416,710408,177916,5389588,2710.008,1453.713,0,19.941,0,4.985,5275,5088,2.020,1.880,1.140,0,0,235.306,0,0,14,66,0,12,0
19-05 17:43:33,26.327,18.304,54.660,0,0,1681808,677988,177916,5389516,2425.113,1462.289,0,1067.130,0,84.247,5467,5161,1.940,1.860,1.140,2,0,263.774,0,0,14,66,0,12,0
19-05 17:43:34,29.720,23.726,45.455,0,0,1744352,615388,177928,5389560,2599.401,1550.450,0,339.660,0,6.993,5986,4477,1.940,1.860,1.140,2,0,418.581,0,0,14,66,0,12,0
19-05 17:43:35,31.221,22.979,45.458,0,0,1794784,564804,177952,5389656,2432.736,1456.644,0,35.967,0,5.994,6034,4409,1.940,1.860,1.140,4,0,444.586,0,0,14,66,0,12,0
19-05 17:43:36,32.514,23.010,42.519,0.500,0,1827792,530292,177988,5391048,2479.100,1548.687,8.004,1064.472,1.000,38.017,6813,7831,1.940,1.860,1.140,3,0,362.161,0,0,14,70,0,12,0
19-05 17:43:37,38.576,19.538,41.081,0,0.250,1894888,463128,177988,5391408,2542.992,1460.868,0,84.165,0,7.014,5719,7765,1.940,1.860,1.140,8,0,205.403,0,0,14,70,0,12,0
19-05 17:43:38,55.204,17.407,26.607,0,0,1949760,408240,177988,5391536,2643.809,1450.216,0,27.851,0,0.995,4327,3459,1.940,1.870,1.150,5,0,190.975,0,0,14,70,0,12,0
19-05 17:43:39,70.096,24.784,4.757,0,0,2048040,309716,177992,5391772,2721.746,1460.009,0,612.843,0,11.015,5336,4163,1.940,1.870,1.150,4,0,365.503,0,0,14,70,0,12,0
19-05 17:43:40,63.239,16.497,19.996,0,0,2108564,248644,178000,5392684,2854.491,1457.740,0,127.977,0,6.999,5927,6646,1.940,1.870,1.150,4,0,178.968,0,0,14,70,0,11,0
19-05 17:43:41,72.855,23.204,3.743,0,0,2191244,165484,178012,5392612,2832.369,1455.107,0,391.222,0,27.944,5132,4170,1.940,1.870,1.150,5,0,304.395,0,0,14,70,0,11,0
19-05 17:43:42,65.166,24.154,4.529,5.787,0,2249468,175592,173556,5330476,2916.638,1467.377,193.235,9114.243,16.103,548.505,6216,5643,1.940,1.870,1.150,2,3,324.071,0,0,14,70,0,11,0
19-05 17:43:43,52.436,16.480,4.994,24.970,0,2292436,191760,173212,5272528,4212.855,1456.222,575.297,0,67.917,0,5724,5435,2.110,1.900,1.160,7,0,107.868,0,0,14,74,0,11,0
19-05 17:43:44,80.477,17.995,0.750,0.500,0,2422692,126676,172424,5209144,2777.195,1457.578,671.805,891.742,49.986,40.988,5783,4372,2.110,1.900,1.160,6,0,282.918,0,0,14,76,0,10,0
19-05 17:43:45,64.561,25.524,7.007,2.502,0,2532292,180004,171456,5050988,4257.022,1459.379,4.004,24134.800,1.001,1731.636,11210,19749,2.110,1.900,1.160,4,1,265.251,0,0,14,76,0,10,0
19-05 17:43:46,62.020,19.006,14.755,4.001,0,2568056,139072,171468,5056580,3919.251,1548.494,0,15853.059,0,1817.580,13945,23431,2.110,1.900,1.160,3,1,167.053,0,0,14,76,0,10,0
19-05 17:43:47,74.661,17.421,6.471,0.995,0,2668472,176540,170316,4922240,2526.527,1451.409,852.131,5435.319,49.774,332.490,7436,9718,2.110,1.900,1.160,5,0,139.367,0,0,14,81,0,11,0
19-05 17:43:48,82.160,16.080,1.256,0,0,2708864,207216,170320,4852912,3870.329,1465.318,36.181,1029.140,3.015,66.331,7746,12963,2.580,2,1.200,5,0,166.833,0,0,14,84,0,16,0
19-05 17:43:49,44.923,23.460,29.949,0.499,0,2772708,141072,170328,4855384,2353.962,1455.503,71.877,726.753,8.985,38.933,7517,10380,2.580,2,1.200,2,0,371.363,0,0,14,86,0,10,0
19-05 17:43:50,33.287,24.027,41.296,0.250,0,2814352,170660,170328,4786120,2497.796,1459.634,308.345,744.834,36.040,42.047,6767,6257,2.580,2,1.200,3,0,356.399,0,0,14,88,0,10,0
19-05 17:43:51,48.916,12.229,38.933,0,0,2846920,137432,170328,4786676,2473.733,1455.490,0,714.767,0,30.947,5080,6188,2.580,2,1.200,7,0,102.823,0,0,14,88,0,10,0
19-05 17:43:52,50.541,11.009,36.530,0.751,0,2930904,134672,170208,4707136,2480.031,1459.195,988.810,3646.987,13.011,190.156,4714,5484,2.580,2,1.200,3,0,96.079,0,0,14,87,0,11,0
19-05 17:43:53,40.671,6.737,50.403,0.499,0,2996016,118880,170220,4658980,2592.984,1455.185,3.992,4132.007,0.998,95.815,3860,3366,2.530,2,1.210,2,0,44.913,0,0,14,90,0,11,0
19-05 17:43:54,8.508,20.018,70.563,0,0,3015596,165136,170220,4594488,2660.359,1459.294,0,88.078,0,7.006,5318,3777,2.530,2,1.210,2,0,302.268,0,0,14,90,0,11,0
19-05 17:43:55,7.735,19.462,70.364,0.250,0,3020380,160320,170220,4594520,4160.974,1455.193,0,119.769,0,12.975,5422,3977,2.530,2,1.210,1,0,292.436,0,0,14,90,0,11,0
19-05 17:43:56,8.510,20.024,70.333,0.250,0,3024176,156496,170220,4594548,2661.159,1459.733,0,36.043,0,4.005,5380,3814,2.530,2,1.210,1,0,314.373,0,0,14,90,0,11,0
19-05 17:43:57,21.176,5.481,72.247,0,0,3061852,185508,170220,4529276,2395.626,1488.796,0,0,0,0,2212,1585,2.530,2,1.210,1,0,37.868,0,0,14,90,0,11,0
19-05 17:43:58,18.819,3.011,76.531,0,0,3095540,151808,170220,4529288,8291.423,7222.501,4.015,108.398,1.004,9.033,2143,1818,2.410,1.990,1.200,2,0,2.007,0,0,14,95,0,11,0
19-05 17:43:59,21.034,5.259,73.619,0,0,3063220,184100,170220,4529316,20039.507,18711.352,4.006,272.442,1.002,29.047,3200,3034,2.410,1.990,1.200,1,0,64.104,0,0,14,98,0,12,0
19-05 17:44:00,22.439,3.740,72.552,0.249,0,3119824,127496,170220,4529316,2548.039,1454.028,0,179.510,0,18.948,1786,1450,2.410,1.990,1.200,1,0,0.997,0,0,14,100,0,12,0
19-05 17:44:01,18.502,3.250,75.508,1.750,0,3098744,215976,170224,4463540,10129.014,7189.720,16.002,284.028,4.000,28.003,2164,2032,2.410,1.990,1.200,1,0,1.000,0,0,14,103,0,12,0
19-05 17:44:02,20.547,2.506,75.173,0,0,3098504,215976,170232,4463776,3808.745,2287.252,0,292.672,0,20.046,2319,2287,2.410,1.990,1.200,3,0,1.002,0,0,14,105,0,12,0
19-05 17:44:03,25.912,4.983,65.778,1.744,0,3104680,209468,170232,4464104,2768.641,1522.852,227.232,12007.412,14.949,807.271,5779,7993,2.380,1.990,1.210,1,0,4.983,0,0,14,110,0,12,0
19-05 17:44:04,29.399,9.046,59.803,1.005,0,3048968,264912,170232,4464372,3965.063,2614.228,16.081,3248.437,1.005,254.287,5211,6346,2.380,1.990,1.210,1,0,112.570,0,0,14,111,0,14,0
19-05 17:44:05,22.169,3.736,72.735,0.249,0,3097100,216780,170232,4464372,2725.066,1452.704,0,314.852,0,16.938,1880,1364,2.380,1.990,1.210,1,0,0.996,0,0,14,111,0,14,0
19-05 17:44:06,19.252,2.000,77.759,0.250,0.250,3119740,194100,170232,4464412,8507.980,7182.827,32.004,1596.184,2.000,86.010,2038,1892,2.380,1.990,1.210,1,0,0,0,0,14,112,0,14,0
19-05 17:44:07,25.531,7.009,65.831,0.501,0,3131032,182764,170232,4464456,5456.676,4135.059,28.034,572.701,3.004,70.086,4130,13964,2.380,1.990,1.210,1,0,36.044,0,0,14,112,0,15,0
19-05 17:44:08,29.720,4.995,63.435,0.749,0,3144608,169156,170236,4464484,3931.977,2691.246,0,839.141,0,94.903,4421,5478,2.270,1.970,1.210,2,0,2.997,0,0,14,111,0,16,0
19-05 17:44:09,40.592,11.777,46.857,0,0,3194428,184008,170236,4401264,4167.474,1461.322,0,280.638,0,13.030,3646,2231,2.270,1.970,1.210,2,0,96.219,0,0,14,111,0,15,0
19-05 17:44:10,41.751,5.219,51.195,0.497,0,3252532,125900,170236,4401268,4197.005,3409.694,0,1097.464,0,60.639,2820,1636,2.270,1.970,1.210,1,0,0,0,0,14,112,0,15,0
19-05 17:44:11,28.193,6.545,64.692,0,0,3221924,220304,170236,4338992,26212.178,22855.231,181.239,0,1.007,0,2940,1924,2.270,1.970,1.210,1,0,46.317,0,0,14,111,0,16,0
19-05 17:44:12,21.674,3.986,72.995,0,0,3268372,173832,170236,4339016,2708.528,1452.919,7.972,374.690,1.993,14.948,1973,1590,2.270,1.970,1.210,1,0,8.969,0,0,14,111,0,16,0
19-05 17:44:13,19.545,2.506,77.680,0,0,3282668,159532,170236,4339020,8468.624,7266.839,0,2237.184,0,256.595,1897,1312,2.080,1.940,1.200,1,0,1.002,0,0,14,112,0,16,0
19-05 17:44:14,19.502,5.500,73.256,0.500,0,3255948,186228,170236,4339048,20062.658,18880.560,0,536.044,0,26.002,2617,2326,2.080,1.940,1.200,1,0,51.004,0,0,14,111,0,17,0
19-05 17:44:15,23.447,2.494,72.835,0,0,3251984,190192,170236,4339048,2889.453,1696.157,0,115.738,0,11.973,1734,1230,2.080,1.940,1.200,0,0,0,0,0,14,111,1,17,0
19-05 17:44:16,16.304,2.257,79.260,0.502,0,3248800,193328,170240,4339092,10595.805,7794.603,4.013,1240.073,1.003,109.359,2594,2967,2.080,1.940,1.200,1,0,0,0,0,14,112,0,17,0
19-05 17:44:17,20.112,7.697,71.259,0.248,0,3224364,217748,170240,4339108,3625.046,2588.183,0,365.484,0,37.740,3206,2847,2.080,1.940,1.200,3,0,81.439,0,0,14,111,0,18,0
19-05 17:44:18,23.836,3.011,72.510,0,0,3274532,167576,170244,4339108,2306.276,1463.251,0,1192.279,0,25.090,1967,1582,2,1.920,1.200,2,0,0,0,0,14,111,0,18,0
19-05 17:44:19,18.243,1.499,78.468,0.250,0,3269064,172904,170244,4339248,25655.593,24199.184,0,227.908,0,22.991,2179,2035,2,1.920,1.200,1,0,0,0,0,14,111,0,19,0
19-05 17:44:20,20.757,6.002,72.025,0,0,3273600,168356,170244,4339260,2333.810,1296.450,0,196.068,0,11.004,2389,1758,2,1.920,1.200,1,0,55.019,0,0,14,111,0,19,0
19-05 17:44:21,19.066,2.258,78.020,0,0,3295888,146064,170244,4339264,8351.939,7275.208,0,321.113,0,18.063,1783,1315,2,1.920,1.200,1,0,0,0,0,14,112,0,19,0
19-05 17:44:22,20.678,4.484,71.002,1.744,0,3289428,152408,170248,4339376,3618.338,2444.446,0,2200.300,0,279.024,5273,7581,2,1.920,1.200,1,0,0.997,0,0,14,113,0,19,0
19-05 17:44:23,25.079,4.263,69.468,1.003,0,3198140,243640,170248,4339432,3920.320,2718.543,16.050,1805.674,1.003,158.498,4380,5926,1.920,1.910,1.200,1,0,18.057,0,0,14,112,0,21,0
19-05 17:44:24,20.684,4.735,72.767,0.249,0.249,3213076,228700,170248,4339436,2769.137,1495.215,0,462.520,0,29.904,2160,1645,1.920,1.910,1.200,1,0,35.885,0,0,14,112,0,21,0
19-05 17:44:25,19.571,4.015,75.775,0.251,0,3241204,200508,170252,4339496,8735.744,7274.434,12.044,4801.447,3.011,444.616,2472,2096,1.920,1.910,1.200,2,0,5.018,0,0,14,113,0,21,0
19-05 17:44:26,18.221,3.495,76.130,0.499,0,3243188,198492,170252,4339528,7129.781,5841.808,0,678.932,0,64.898,3181,3745,1.920,1.910,1.200,1,0,2.995,0,0,14,113,0,21,0
19-05 17:44:27,25.286,4.506,67.847,1.001,0,3244420,197232,170252,4339556,2541.620,1460.080,0,4354.202,0,315.449,4530,6385,1.920,1.910,1.200,1,0,0,0,0,14,113,0,21,0
19-05 17:44:28,34.924,8.232,54.631,0.249,0,3199860,241588,170252,4339760,3360.664,2318.938,0,1005.805,0,103.773,6509,8467,2.160,1.960,1.220,1,0,77.830,0,0,14,114,0,22,0
19-05 17:44:29,22.000,4.000,73.751,0,0,3242188,199252,170252,4339768,2658.051,1458.028,0,356.007,0,18.000,1774,1334,2.160,1.960,1.220,1,0,0,0,0,14,114,0,22,0
19-05 17:44:30,20.229,2.497,76.670,0,0,3270620,170800,170252,4339772,8690.983,7176.555,0,2081.840,0,116.879,2031,1805,2.160,1.960,1.220,1,0,0,0,0,14,115,0,22,0
19-05 17:44:31,18.987,2.748,75.698,0.500,0,3270596,170800,170252,4339796,6518.559,5301.388,0,815.444,0,100.931,3134,3801,2.160,1.960,1.220,1,0,0,0,0,14,114,0,22,1
19-05 17:44:32,18.762,8.756,71.047,0,0,3272492,168888,170252,4339812,2971.956,1525.004,0,444.292,0,27.018,3274,2750,2.160,1.960,1.220,2,0,147.097,0,0,14,114,0,23,0
19-05 17:44:33,28.088,3.009,68.466,0.502,0,3307016,134348,170252,4339828,3362.588,2931.230,0,589.857,0,59.186,2847,2770,2.070,1.940,1.220,2,0,1.003,0,0,14,115,0,23,0
19-05 17:44:34,14.447,1.993,80.706,0.249,0,3295012,146336,170252,4339844,13115.242,11415.432,0,1590.209,0,177.354,2328,2314,2.070,1.940,1.220,0,0,0,0,0,14,115,0,23,0
19-05 17:44:35,24.756,5.501,67.515,0.750,0,3293992,147332,170252,4339868,3666.832,1598.363,0,972.221,0,123.028,5344,7362,2.070,1.940,1.220,1,0,0,0,0,14,115,0,23,0
19-05 17:44:36,23.503,5.501,71.509,0.250,0.250,3291992,149308,170252,4339892,2598.327,1458.184,0,560.071,0,48.006,3956,5133,2.070,1.940,1.220,1,0,2.000,0,0,14,115,0,23,0
19-05 17:44:37,43.488,8.748,44.238,1.000,0,3293100,147900,170252,4340176,4090.884,3047.169,31.991,1147.687,1.999,131.964,11713,18743,2.070,1.940,1.220,3,0,4.999,0,0,14,118,0,24,0
19-05 17:44:38,36.756,16.753,46.008,0.250,0,3251912,188988,170252,4340260,2834.474,1786.299,0,1264.211,0,103.017,7299,9308,2.550,2.040,1.250,1,0,287.048,0,0,14,118,0,22,2
19-05 17:44:39,23.746,2.250,72.987,0,0,3270308,170592,170252,4340260,2505.548,1633.705,0,731.868,0,69.987,1766,1250,2.550,2.040,1.250,1,0,0,0,0,14,118,0,22,2
19-05 17:44:40,20.664,2.241,75.186,0.249,0,3286652,154240,170252,4340268,10636.622,8079.291,0,2541.397,0,153.360,2265,2063,2.550,2.040,1.250,1,0,0,0,0,14,120,0,22,2
19-05 17:44:41,14.065,12.810,71.583,0.502,0,3263104,177764,170252,4340292,3261.160,2328.826,0,128.598,0,13.061,4393,3422,2.550,2.040,1.250,1,0,217.009,0,0,14,118,0,23,2
19-05 17:44:42,9.533,20.571,69.240,0,0,3227968,212868,170256,4340320,2486.609,1463.066,0,128.445,0,16.056,5546,4195,2.550,2.040,1.250,1,0,333.153,0,0,14,118,0,23,2
19-05 17:44:43,19.247,15.998,63.741,0,0,3212680,228140,170256,4340784,2417.667,1457.799,0,7.999,0,2.000,5194,5680,3.220,2.190,1.310,1,0,220.970,0,0,14,118,0,23,2
19-05 17:44:44,28.227,17.735,52.957,0,0,3246840,193948,170256,4340372,2595.876,1526.751,0,0,0,0,5287,4071,3.220,2.190,1.310,2,0,296.757,0,0,14,118,0,23,2
19-05 17:44:45,31.975,23.482,44.216,0,0,3301800,138832,170256,4340528,4319.689,1456.883,0,35.972,0,8.993,5753,4118,3.220,2.190,1.310,2,0,351.730,0,0,14,118,0,23,2
19-05 17:44:46,37.172,18.461,41.663,0.748,0,3324676,180124,170264,4278592,2532.710,1454.961,47.900,3951.746,3.992,202.577,7130,9067,3.220,2.190,1.310,1,0,240.498,0,0,14,124,0,23,2
19-05 17:44:47,43.666,18.069,37.894,0,0,3391796,176072,170268,4217080,2788.618,1463.572,24.092,409.559,4.015,28.107,5297,6043,3.220,2.190,1.310,9,0,269.024,0,0,16,124,0,23,2
19-05 17:44:48,58.455,25.481,15.238,0,0,3512364,177036,170272,4098468,3017.694,1546.818,103.921,643.508,8.993,53.959,7589,9617,3.210,2.200,1.310,5,0,397.696,0,0,16,132,0,23,2
19-05 17:44:49,58.665,20.632,19.141,0,0,3579160,167848,170272,4042404,2702.569,1449.722,23.864,8157.422,2.983,725.855,6866,7115,3.210,2.200,1.310,9,0,278.410,0,0,16,132,0,23,2
19-05 17:44:50,56.358,19.625,23.902,0.252,0,3659664,125276,170272,4004500,2812.890,1467.332,36.230,430.740,4.026,29.186,9229,11922,3.210,2.200,1.310,2,0,265.690,0,0,16,150,0,16,0
19-05 17:44:51,34.916,24.441,39.655,0.249,0,3701544,124036,170272,3964116,2472.059,1454.505,0,307.262,0,10.974,12622,4729,3.210,2.200,1.310,3,0,431.962,0,0,16,150,0,16,0
19-05 17:44:52,31.719,22.228,44.706,0.250,0,3727680,149968,170272,3912380,2655.397,1456.572,71.929,435.573,0.999,27.973,5974,4483,3.210,2.200,1.310,2,0,356.650,0,0,16,150,0,16,0
19-05 17:44:53,21.036,17.029,60.604,0,0,3744132,133448,170272,3912904,5755.865,1460.503,8.014,376.646,2.003,25.043,5913,7316,3.030,2.180,1.310,1,0,200.343,0,0,17,150,0,16,0
19-05 17:44:54,27.943,17.963,53.142,0,0,3775020,153516,170272,3862300,2832.221,1524.889,7.984,159.674,1.996,13.971,5208,3875,3.030,2.180,1.310,2,0,272.444,0,0,17,150,0,15,0
19-05 17:44:55,30.815,24.552,44.093,0,0,3810496,164264,170272,3816624,2680.641,1461.075,4.008,160.337,1.002,12.025,5802,4336,3.030,2.180,1.310,2,0,363.766,0,0,17,150,0,15,0
19-05 17:44:56,44.415,13.973,40.422,0.250,0,3853840,120696,170276,3816844,4209.913,1455.205,3.992,279.463,0.998,18.964,5121,6781,3.030,2.180,1.310,5,0,157.697,0,0,17,158,0,15,0
19-05 17:44:57,31.819,24.804,42.592,0,0,3896876,186196,170276,3710760,2844.137,1461.153,0,20.043,0,5.011,6377,4959,3.030,2.180,1.310,2,0,419.906,0,0,17,162,0,15,0
19-05 17:44:58,42.531,28.020,28.771,0.250,0,3988944,167676,170276,3638912,2539.835,1549.119,36.026,792.573,6.004,58.042,8100,13560,3.350,2.260,1.340,2,0,472.341,0,0,17,168,0,15,0
19-05 17:44:59,34.270,23.764,40.524,0.500,0,4052712,153756,170276,3590472,2419.440,1458.868,16.010,788.469,4.002,51.030,9054,12168,3.350,2.260,1.340,1,0,432.257,0,0,17,174,0,15,0
19-05 17:45:00,14.995,21.742,62.477,0.250,0,4073676,132776,170276,3590928,2624.049,1457.472,3.999,603.781,1.000,43.984,6568,6286,3.350,2.260,1.340,1,0,335.878,0,0,17,190,0,15,0
19-05 17:45:01,22.714,13.229,62.401,0,0,4081532,124908,170276,3590484,2354.255,1455.685,0,383.390,0,15.975,4605,5173,3.350,2.260,1.340,2,0,154.754,0,0,17,190,0,15,0
19-05 17:45:02,43.632,8.726,46.375,0.249,0,4170800,118248,170276,3509740,2471.322,1454.071,11.968,143.612,2.992,14.960,3343,2130,3.350,2.260,1.340,2,1,38.895,0,0,17,190,0,14,0
19-05 17:45:03,46.178,8.031,44.170,0.753,0,4260728,148920,170276,3390984,2218.554,1355.225,116.449,626.415,5.019,62.240,3546,2652,3.400,2.290,1.360,2,0,3.012,0,0,17,194,0,14,0
19-05 17:45:04,40.753,7.751,46.754,3.250,0,4333012,124048,170280,3344688,2538.215,1458.123,252.021,372.031,16.001,33.003,3408,2494,3.400,2.290,1.360,2,0,9.001,0,0,17,197,0,14,0
19-05 17:45:05,27.013,8.504,63.281,0,0,4233348,263044,170280,3306348,2496.211,1458.708,0,312.151,0,22.011,3460,2807,3.400,2.290,1.360,2,0,125.061,0,0,17,198,0,15,0
19-05 17:45:06,29.674,25.684,41.394,1.746,0,4294532,200712,170284,3307508,2351.979,1454.277,1109.161,969.518,14.962,20.946,6173,5069,3.400,2.290,1.360,2,0,431.894,0,0,17,200,0,13,0
19-05 17:45:07,39.083,28.811,30.064,1.253,0,4318920,173640,170284,3310960,8274.551,7199.270,1106.347,172.366,26.055,16.034,6792,9243,3.400,2.290,1.360,10,0,429.912,0,0,17,205,0,13,0
19-05 17:45:08,53.986,18.161,25.874,0.498,0,4337936,180176,170428,3284716,5625.540,4455.253,250.776,4346.782,19.903,31.845,6874,13097,3.210,2.270,1.360,4,0,184.101,0,0,17,206,0,15,0
19-05 17:45:09,71.596,17.023,8.762,2.003,0,4380728,135856,170436,3286680,2971.995,1774.385,248.334,400.538,13.018,20.027,5231,4209,3.210,2.270,1.360,5,0,160.215,0,0,17,209,1,15,0
19-05 17:45:10,66.185,13.036,16.797,3.008,0,4459916,210516,170296,3137112,8796.593,7414.730,429.200,13401.467,11.031,991.773,5161,2974,3.210,2.270,1.360,2,1,17.048,0,0,17,212,1,13,0
19-05 17:45:11,51.678,9.237,23.717,13.981,0,4535512,131552,170308,3140468,8003.854,6765.578,1797.497,1002.604,52.926,45.936,4860,4356,3.210,2.270,1.360,2,2,26.962,0,0,17,217,1,14,0
19-05 17:45:12,56.086,12.269,13.020,17.777,0,4514880,181728,170320,3112428,2722.186,1534.360,5528.502,7491.521,355.547,60.092,5112,4396,3.210,2.270,1.360,3,2,22.034,0,0,17,217,1,14,0
19-05 17:45:13,59.957,14.739,20.485,3.997,0,4549876,182048,170340,3078016,4028.082,3501.463,823.403,1227.111,95.931,98.928,6662,7569,3.350,2.320,1.380,1,0,145.894,0,0,17,221,1,19,0
19-05 17:45:14,30.267,24.513,43.274,0.250,0,4583940,146200,170348,3079744,12985.117,10264.626,72.039,824.452,5.003,65.036,6917,7291,3.350,2.320,1.380,3,0,379.208,0,0,17,221,1,20,0
19-05 17:45:15,45.025,19.261,35.020,0,0,4549404,223740,170348,3038096,3373.885,1656.926,52.029,4010.241,3.002,377.211,6331,6425,3.350,2.320,1.380,3,0,246.138,0,0,17,220,1,19,0
19-05 17:45:16,50.185,17.727,31.459,0,0,4590520,181020,170348,3039344,4205.519,3499.439,3.995,295.615,0.999,13.982,4990,4940,3.350,2.320,1.380,3,0,199.740,0,0,17,221,1,19,0
19-05 17:45:17,51.582,24.789,22.786,0.250,0,4607760,205028,170348,2999324,10590.771,9597.197,4.006,949.504,1.002,58.092,6622,6571,3.350,2.320,1.380,3,1,361.573,0,0,17,221,1,19,0
19-05 17:45:18,58.676,21.539,15.597,2.476,0,4605032,205476,170356,3002120,4158.286,2367.817,990.304,514.958,39.612,33.670,6066,7393,3.640,2.400,1.410,4,0,265.401,0,0,17,220,1,20,0
19-05 17:45:19,65.065,20.427,14.627,0.757,0,4688896,119460,170356,3003816,2560.233,1470.772,302.628,609.291,17.149,40.350,7167,9466,3.640,2.400,1.410,5,0,210.831,0,0,17,224,1,22,0
19-05 17:45:20,54.166,25.960,17.473,0.749,0,4726884,160380,170356,2927548,11003.979,9696.002,722.882,2024.868,12.980,180.720,8235,14922,3.640,2.400,1.410,4,0,348.461,0,0,17,225,1,22,0
19-05 17:45:21,56.848,18.282,23.791,0,0.250,4696632,189436,170360,2928740,6745.661,4075.044,236.409,737.275,12.021,56.097,7043,10440,3.640,2.400,1.410,3,0,205.355,0,0,17,226,1,24,0
19-05 17:45:22,51.068,19.276,27.286,1.752,0,4771312,144200,170360,2899464,2601.460,1459.942,440.586,813.082,28.037,36.048,6365,8064,3.640,2.400,1.410,3,0,248.330,0,0,17,232,1,24,0
19-05 17:45:23,61.144,9.484,26.704,1.497,0,4890060,165400,170360,2762512,8542.237,7729.642,19.965,227.607,1.997,15.972,4177,3326,3.510,2.390,1.410,2,0,5.990,0,0,17,237,1,23,0
19-05 17:45:24,54.483,6.748,38.238,0.500,0.250,4880368,196648,170360,2741472,15113.182,11912.203,347.889,1035.670,7.997,61.980,4135,3163,3.510,2.390,1.410,3,0,14.995,0,0,17,241,1,24,0
19-05 17:45:25,65.361,10.478,20.456,2.994,0,4961608,143836,170364,2714764,3441.657,2269.159,926.024,2710.218,73.842,189.595,6049,7211,3.510,2.390,1.410,4,0,9.979,0,0,17,243,1,29,0
19-05 17:45:26,62.882,9.269,24.301,2.756,0.251,5038428,131764,170364,2651568,10902.868,9629.197,1070.245,994.085,39.082,92.193,5181,5275,3.510,2.390,1.410,4,0,11.023,0,0,17,253,1,31,0
19-05 17:45:27,55.851,22.541,21.038,0,0,4914292,255240,170400,2652196,8254.938,6920.524,929.682,2163.916,32.058,234.424,6812,7229,3.510,2.390,1.410,5,0,307.557,0,0,17,252,1,30,0
19-05 17:45:28,46.449,28.718,20.228,3.246,0,4976080,189408,170664,2655872,2415.336,1530.312,4075.505,1505.340,67.925,73.918,7077,7804,3.950,2.500,1.450,4,0,361.601,0,0,17,254,1,30,0
19-05 17:45:29,57.565,20.523,20.523,0.250,0,5006580,158808,170664,2655956,3016.380,2075.326,784.879,4529.075,7.008,131.147,5690,5850,3.950,2.500,1.450,3,0,216.242,0,0,17,257,1,30,0
19-05 17:45:30,55.902,17.969,23.459,1.747,0,5006880,158448,170664,2656444,11766.470,10808.142,355.380,519.094,10.981,39.930,5656,5532,3.950,2.500,1.450,5,0,157.725,0,0,18,257,1,30,0
19-05 17:45:31,81.649,14.777,2.254,1.252,0,5012644,181016,170664,2628744,6020.963,2570.681,573.043,260.474,8.015,20.036,5181,3230,3.950,2.500,1.450,4,0,94.171,0,0,18,259,1,30,0
19-05 17:45:32,69.855,10.977,1.746,16.715,0,5086896,131932,170672,2604264,2472.865,1454.978,2446.918,12514.012,117.755,31.934,4547,2573,3.950,2.500,1.450,5,0,10.977,0,0,18,261,1,30,0
19-05 17:45:33,73.902,9.770,10.522,4.509,0,5145704,161220,170676,2518732,9844.312,9426.450,1234.547,901.861,58.120,62.128,5040,3780,3.960,2.520,1.470,3,0,10.021,0,0,18,262,1,30,0
19-05 17:45:34,76.306,11.720,10.224,1.496,0,5169400,135664,170684,2520588,6618.195,4623.261,933.629,1284.738,30.921,94.759,5914,6364,3.960,2.520,1.470,3,0,72.815,0,0,18,262,1,32,0
19-05 17:45:35,47.414,14.224,35.186,1.497,0,5216164,141592,170684,2469936,3287.066,2490.504,307.445,335.395,5.989,25.953,4713,3608,3.960,2.520,1.470,2,0,155.719,0,0,18,267,1,31,0
19-05 17:45:36,36.149,7.728,54.598,1.247,0,5240388,131432,170696,2456048,19333.060,11643.514,522.542,13199.174,6.981,1094.945,4043,2168,3.960,2.520,1.470,3,0,7.978,0,0,18,269,1,31,0
19-05 17:45:37,40.088,9.020,48.356,0.251,0,5177096,210548,170696,2440980,1102059.027,31465.868,577.263,609.334,8.018,59.129,6268,6175,3.960,2.520,1.470,3,0,11.024,0,0,18,270,1,32,0
19-05 17:45:38,44.875,7.772,46.630,0,0,5237384,148364,170696,2442888,2468408.490,73836.231,513.434,192.538,4.011,13.036,7024,3302,3.800,2.520,1.470,2,0,5.014,0,0,18,270,1,32,0
19-05 17:45:39,29.917,7.230,60.333,0.249,0,5234860,173996,170696,2420520,2456422.822,72123.749,510.589,765.884,3.989,47.868,6216,3733,3.800,2.520,1.470,2,0,4.986,0,0,18,271,1,31,0
19-05 17:45:40,4.002,2.001,90.540,0.250,0.250,5214976,191668,170696,2422732,2462972.410,75274.928,0,288.126,0,25.011,4946,3807,3.800,2.520,1.470,0,0,0,0,0,18,271,1,31,0
19-05 17:45:41,12.740,2.248,82.187,0,0,5215668,188056,170696,2425636,2336504.147,64430.781,3.997,2414.156,0.999,331.747,4945,3891,3.800,2.520,1.470,0,0,0,0,0,18,271,1,31,0
19-05 17:45:42,5.252,1.250,90.781,0.250,0,5211160,190152,170696,2428032,2441040.656,71379.436,0,204.070,0,21.007,4811,3388,3.800,2.520,1.470,0,0,1.000,0,0,18,271,1,31,0
19-05 17:45:43,5.751,2.251,88.270,0,0,5210156,188868,170696,2430320,2463778.973,90426.295,0,240.054,0,24.005,4574,3964,3.490,2.470,1.460,2,0,1.000,0,0,18,270,1,30,1
19-05 17:45:44,24.583,4.264,68.982,0.502,0,5175956,221716,170696,2431672,1449899.720,46695.155,0,280.946,0,33.111,4220,3373,3.490,2.470,1.460,1,0,7.024,0,0,18,274,1,31,0
19-05 17:45:45,19.496,2.499,76.733,0,0,5199644,198028,170696,2431672,8135.160,4108.071,0,291.934,0,16.996,2029,1685,3.490,2.470,1.460,1,0,0,0,0,18,275,1,31,0
19-05 17:45:46,16.685,1.743,79.439,0.249,0,5201144,196516,170696,2431684,14370.770,10173.194,0,310.784,0,31.875,2374,2435,3.490,2.470,1.460,1,0,0,0,0,18,274,1,32,0
19-05 17:45:47,5.490,2.496,90.344,0.250,0,5151672,246004,170696,2431732,8966.475,1884.737,15.972,275.523,0.998,25.955,1736,2038,3.490,2.470,1.460,2,0,36.936,0,0,18,274,1,32,0
19-05 17:45:48,6.042,12.085,78.802,1.259,0,5151700,243660,170696,2434032,4626.405,1873.120,2288.026,249.749,25.176,21.148,4231,3764,3.210,2.430,1.450,1,0,221.552,0,0,18,273,1,32,0
19-05 17:45:49,21.165,5.478,70.715,0.249,0,5192676,202664,170696,2434052,3079.587,1505.930,15.936,239.036,0.996,23.904,2742,2550,3.210,2.430,1.450,1,0,38.843,0,0,18,275,1,32,0
19-05 17:45:50,20.230,2.747,76.423,0.499,0,5219112,176216,170696,2434064,8913.041,7404.557,0,1270.723,0,149.849,2100,1730,3.210,2.430,1.450,2,0,1.998,0,0,18,280,1,32,0
19-05 17:45:51,21.012,2.251,75.043,0.250,0,5220072,174968,170696,2434356,6299.616,4984.861,320.184,240.138,16.009,21.012,4095,5144,3.210,2.430,1.450,1,0,0,0,0,18,284,1,34,0
19-05 17:45:52,6.734,1.496,87.542,0.249,0,5229992,164744,170696,2434660,264682.433,9061874.896,223.469,454.920,12.969,47.886,4581,2781,3.210,2.430,1.450,0,0,0.998,0,0,18,283,1,35,0
19-05 17:45:53,1.252,1.503,94.168,0,0,5227044,167692,170696,2434660,242677.958,7390408.661,0,168.300,0,9.016,3163,1348,3.040,2.410,1.450,0,0,1.002,0,0,18,283,1,35,0
19-05 17:45:54,23.289,3.255,69.615,0.501,0,5229072,165572,170700,2434748,2202984.655,89989.288,0,1510.506,0,107.178,8589,8614,3.040,2.410,1.450,1,0,1.002,0,0,18,289,1,35,0
19-05 17:45:55,6.739,3.245,85.613,0.499,0,5218932,171868,170700,2438592,2461759.638,88116.993,0,2795.527,0,131.789,6591,5584,3.040,2.410,1.450,0,0,0,0,0,18,288,1,36,0
19-05 17:45:56,4.996,2.498,87.927,0.500,0,5218044,169852,170700,2441480,2460929.945,68302.934,0,6050.945,0,42.964,5877,5458,3.040,2.410,1.450,0,0,0,0,0,18,288,1,36,0
19-05 17:45:57,3.756,3.255,89.890,0.250,0,5219480,166108,170700,2443788,2466869.230,67841.308,0,552.858,0,27.042,5881,5123,3.040,2.410,1.450,1,0,0,0,0,18,288,1,36,0
19-05 17:45:58,5.738,3.742,86.072,0,0,5230784,152500,170700,2446092,2458678.478,74212.138,0,163.661,0,18.961,6520,5695,2.870,2.380,1.450,1,0,1.996,0,0,18,290,1,36,0
19-05 17:45:59,4.252,3.751,88.034,0.250,0,5232196,148776,170700,2448404,2464149.939,77912.352,0,136.053,0,14.005,6536,5753,2.870,2.380,1.450,0,0,1.000,0,0,18,292,1,36,0
19-05 17:46:00,5.008,2.755,88.399,0,0,5233896,144772,170700,2450708,2467456.429,80920.277,0,8.013,0,2.003,6091,5547,2.870,2.380,1.450,0,0,0,0,0,18,292,1,36,0
19-05 17:46:01,13.810,12.555,72.065,0.502,0,5152588,225804,170700,2450968,132320.119,7396.315,48.211,2888.621,3.013,424.856,4797,4067,2.870,2.380,1.450,0,1,220.965,0,0,18,289,1,39,0
19-05 17:46:02,16.395,11.178,70.549,0.497,0,5199240,179096,170700,2451008,3910.974,1287.760,11.924,143.084,0.994,15.898,4023,3772,2.870,2.380,1.450,4,0,243.442,0,0,18,289,1,39,0
19-05 17:46:03,24.501,2.000,71.503,0.250,0,5245860,132476,170700,2451008,2358.110,1458.068,0,280.013,0,24.001,2279,1998,2.720,2.360,1.440,1,0,1.000,0,0,18,289,1,39,0
19-05 17:46:04,11.812,18.095,68.611,0,0,5188352,189812,170700,2451184,2672.048,1465.706,128.676,607.192,7.037,62.328,5812,5372,2.720,2.360,1.440,3,0,285.501,0,0,18,293,1,39,0
19-05 17:46:05,9.974,20.197,67.572,0.249,0,5193956,184148,170700,2451244,5691.979,1346.447,0,331.126,0,25.932,5974,5050,2.720,2.360,1.440,1,0,353.068,0,0,18,293,1,39,0
19-05 17:46:06,4.741,2.246,92.079,0,0.250,5195192,182888,170700,2451268,2339.652,1401.396,15.970,123.770,0.998,8.983,1659,1893,2.720,2.360,1.440,0,0,37.930,0,0,18,293,1,39,0
19-05 17:46:07,22.060,4.262,72.446,0.501,0,5242992,135008,170700,2451348,2544.898,1461.963,64.174,240.652,1.003,22.060,2413,2279,2.720,2.360,1.440,1,0,10.027,0,0,18,293,1,39,0
19-05 17:46:08,26.699,5.739,65.375,0.998,0,5249912,156220,170700,2424212,8418.940,7248.173,0,135.741,0,10.979,3206,13699,2.750,2.370,1.450,1,0,36.930,0,0,18,296,1,38,0
19-05 17:46:09,18.034,7.514,73.889,0.501,0,5200960,205084,170700,2424300,8950.862,4833.105,64.121,124.234,4.008,8.015,3306,2756,2.750,2.370,1.450,3,0,87.164,0,0,18,299,1,39,0
19-05 17:46:10,13.238,15.236,70.184,0.500,0,5202112,203820,170704,2424376,2672.488,1530.561,11.989,203.808,2.997,10.990,4755,3464,2.750,2.370,1.450,1,0,151.857,0,0,18,299,1,39,0
19-05 17:46:11,12.764,15.767,69.077,0,0,5180504,225216,170704,2424572,2198.436,1371.520,0,16157.906,0,44.049,5053,3790,2.750,2.370,1.450,1,0,169.187,0,0,18,299,1,39,0
19-05 17:46:12,11.782,17.548,69.189,0,0,5176612,228888,170704,2424784,2725.436,1536.191,0,10677.131,0,11.030,4995,3496,2.750,2.370,1.450,2,0,183.501,0,0,18,299,1,37,0
19-05 17:46:13,20.995,4.249,72.482,1.000,0,5223960,181516,170704,2424792,2449.392,1423.647,3.999,99.975,1.000,5.999,2122,1658,2.600,2.350,1.450,1,0,11.997,0,0,18,299,1,37,0
19-05 17:46:14,24.167,3.488,70.509,0.249,0,5268012,137416,170704,2424840,2694.776,1472.958,31.891,585.994,1.993,51.823,2440,2385,2.600,2.350,1.450,1,0,0,0,0,18,299,1,37,0
19-05 17:46:15,20.514,4.003,71.798,2.502,0,5284112,153352,170704,2393636,2528.699,1350.908,292.196,124.083,6.004,11.007,2190,1874,2.600,2.350,1.450,1,0,3.002,0,0,18,301,1,37,0
19-05 17:46:16,24.704,2.745,71.367,0.250,0,5160208,277140,170704,2393752,2399.539,1475.257,95.822,467.132,5.989,43.918,2648,2443,2.600,2.350,1.450,2,0,5.989,0,0,18,299,1,30,0
19-05 17:46:17,22.898,2.987,71.928,1.493,0,5209432,227876,170704,2393792,2453.034,1397.752,23.893,2687.984,3.982,403.198,2140,1594,2.600,2.350,1.450,2,0,0,0,0,18,299,1,30,0
19-05 17:46:18,22.769,3.753,71.559,0.250,0,5250744,186560,170704,2393796,2211.832,1351.119,0,472.391,0,42.035,2240,2066,2.480,2.330,1.450,3,0,1.001,0,0,18,299,1,30,0
19-05 17:46:19,16.567,4.518,78.064,0,0,5271880,165400,170704,2393820,10296.368,9896.763,16.065,261.049,1.004,31.125,2425,2390,2.480,2.330,1.450,0,0,2.008,0,0,18,302,1,31,0
19-05 17:46:20,17.498,1.250,79.242,0,0,5274260,162880,170704,2393960,15496.342,11980.718,0,0,0,0,2155,1844,2.480,2.330,1.450,1,0,1.000,0,0,18,305,1,28,0
19-05 17:46:21,22.233,5.496,71.696,0,0,5200668,236468,170704,2393964,2374.224,1295.031,0,271.797,0,49.963,2241,1649,2.480,2.330,1.450,1,0,14.989,0,0,18,299,1,28,0
19-05 17:46:22,23.758,2.501,72.025,0.250,0,5227884,209252,170704,2393964,4145.441,1404.488,0,220.076,0,12.004,2052,1488,2.480,2.330,1.450,1,0,0,0,0,18,299,1,28,0
19-05 17:46:23,18.059,9.531,71.987,0,0,5184960,252036,170704,2394104,2277.485,1354.452,389.279,132.435,4.013,14.046,3472,2685,2.360,2.300,1.450,1,0,127.419,0,0,18,299,1,28,0
19-05 17:46:24,9.205,19.405,68.913,0,0,5195480,241196,170708,2394420,3976.536,1331.483,187.084,752.318,12.937,42.791,5891,5036,2.360,2.300,1.450,1,0,366.208,0,0,18,299,1,25,0
19-05 17:46:25,21.297,6.765,70.906,0.251,0,5212340,224324,170708,2394468,4021.868,1298.864,0,208.460,0,11.024,3234,2827,2.360,2.300,1.450,2,0,105.232,0,0,18,299,1,25,0
19-05 17:46:26,20.210,3.992,74.601,0,0,5247576,189072,170708,2394484,8069.852,3572.851,0,239.521,0,12.974,2231,1808,2.360,2.300,1.450,1,0,22.954,0,0,18,300,1,25,0
19-05 17:46:27,23.776,2.753,72.830,0.250,0,5238768,192852,171056,2399064,2614.855,1591.738,0,664.726,0,10.011,2012,1482,2.360,2.300,1.450,1,0,1.001,0,0,18,299,1,25,0
19-05 17:46:28,23.556,2.506,72.674,0.251,0,5234436,195948,171112,2400208,2321.554,1373.286,0,184.441,0,6.014,2089,1679,2.250,2.280,1.440,1,0,2.005,0,0,18,299,1,17,0
19-05 17:46:29,19.526,3.004,77.103,0.250,0,5247244,182092,171136,2401232,9263.425,4374.868,0,432.580,0,12.016,1942,1602,2.250,2.280,1.440,1,0,16.021,0,0,18,300,1,17,0
19-05 17:46:30,24.144,4.729,68.450,0,0,5243436,181220,171636,2405292,3081.478,1463.578,0,908.016,0,18.917,8852,16141,2.250,2.280,1.440,2,0,5.974,0,0,18,299,1,17,0
19-05 17:46:31,19.351,3.518,76.147,0,0,5222220,201852,171664,2405832,8139.462,3715.382,96.503,1061.538,8.042,17.089,3301,4300,2.250,2.280,1.440,1,0,8.042,0,0,18,300,1,17,0
19-05 17:46:32,22.717,5.991,68.651,0.250,0,5239124,184620,171684,2406140,3383.111,2127.925,0,271.607,0,6.990,9862,18225,2.250,2.280,1.440,2,0,12.981,0,0,18,300,1,16,0
19-05 17:46:33,21.695,4.987,71.567,0,0,5207792,215944,171692,2406140,2190.396,1292.693,0,586.500,0,24.936,2296,1938,2.150,2.260,1.440,1,0,7.980,0,0,18,300,1,16,0
19-05 17:46:34,16.574,11.049,71.068,0.502,0,5178992,254536,171756,2396340,4421.771,1571.024,80.359,1374.144,4.018,65.292,4345,4161,2.150,2.260,1.440,2,0,171.768,0,0,18,299,1,16,0
19-05 17:46:35,19.406,7.962,71.654,0,0,5204264,229256,171756,2396348,2560.642,1289.775,0,123.404,0,7.962,2824,2408,2.150,2.260,1.440,1,0,97.529,0,0,18,299,1,16,0
19-05 17:46:36,24.515,2.001,72.295,0,0,5228284,205064,171756,2396520,2317.432,1296.801,0,132.082,0,9.006,1842,1310,2.150,2.260,1.440,1,0,2.001,0,0,18,299,1,16,0
19-05 17:46:37,18.064,2.509,78.276,0.502,0,5239536,193792,171756,2396540,11753.375,10387.567,0,337.187,0,18.064,2144,1990,2.150,2.260,1.440,2,0,0,0,0,18,302,1,15,1
19-05 17:46:38,18.424,8.216,71.704,0,0.249,5230924,202360,171756,2396584,4111.030,2886.086,19.918,1465.949,1.992,275.861,3285,2502,2.060,2.240,1.440,4,0,115.523,0,0,18,299,1,18,0
19-05 17:46:39,23.766,2.752,72.798,0,0,5262504,170780,171756,2396584,2377.563,1296.853,0,84.055,0,7.005,1876,1489,2.060,2.240,1.440,2,0,0,0,0,18,299,1,18,0
19-05 17:46:40,19.477,1.748,77.909,0,0,5259376,173900,171756,2396592,11611.460,10127.191,0,0,0,0,2045,1889,2.060,2.240,1.440,2,0,0,0,0,18,299,1,19,0
19-05 17:46:41,21.476,6.742,70.171,0,0,5241656,191612,171756,2396600,2433.268,1294.547,0,83.906,0,5.993,2870,2321,2.060,2.240,1.440,2,0,69.922,0,0,18,299,1,18,0
19-05 17:46:42,19.264,2.001,77.308,0,0,5269116,164148,171756,2396604,5123.831,6895.155,0,8.006,0,2.001,1967,1605,2.060,2.240,1.440,0,0,0,0,0,18,300,1,18,0
19-05 17:46:43,20.611,4.776,73.394,0,0,5236348,196864,171756,2396656,13535.630,8946.003,32.173,84.453,2.011,8.043,2573,1982,2.130,2.250,1.450,1,0,48.259,0,0,18,299,1,19,0
19-05 17:46:44,22.901,4.730,71.194,0.249,0,5263316,169872,171756,2396680,2724.277,1290.447,15.931,378.372,0.996,45.803,2467,2416,2.130,2.250,1.450,3,0,8.961,0,0,18,299,1,19,0
19-05 17:46:45,20.020,2.002,77.077,0,0,5278024,155156,171756,2396688,8432.429,7169.166,0,108.108,0,8.008,2016,1711,2.130,2.250,1.450,1,0,0,0,0,18,300,1,18,0
19-05 17:46:46,19.978,4.495,73.667,0,0.250,5250456,182712,171756,2396700,6851.297,5880.389,0,119.865,0,7.991,2513,2003,2.130,2.250,1.450,1,0,31.964,0,0,18,299,1,21,0
19-05 17:46:47,23.085,3.513,72.518,0.251,0,5282608,150560,171756,2396700,2445.045,1300.812,0,128.475,0,9.033,1991,1493,2.130,2.250,1.450,1,0,0,0,0,18,299,1,21,0
19-05 17:46:48,16.673,1.742,79.633,0.249,0,5286288,146868,171756,2396712,9396.741,9041.377,0,497.709,0,35.835,2154,2126,2.040,2.230,1.440,1,0,0,0,0,18,300,1,21,0
19-05 17:46:49,17.817,5.521,74.278,0.502,0,5223108,210000,171756,2396760,6251.398,4394.448,16.060,3071.496,1.004,206.774,3376,3902,2.040,2.230,1.440,1,0,47.177,0,0,18,299,1,22,0
19-05 17:46:50,23.923,2.741,72.518,0,0,5265032,168076,171756,2396760,2445.161,1291.859,0,0,0,0,2019,1533,2.040,2.230,1.440,1,0,0,0,0,18,299,1,22,0
19-05 17:46:51,17.502,1.750,79.007,0,0,5274140,158952,171756,2396776,13077.152,11680.029,0,172.015,0,11.001,2164,1895,2.040,2.230,1.440,1,0,0,0,0,18,299,1,26,0
19-05 17:46:52,22.751,5.000,72.254,0,0,5262220,170872,171756,2396776,2556.137,1296.070,0,64.003,0,7.000,2592,2154,2.040,2.230,1.440,1,0,32.002,0,0,18,299,1,26,0
19-05 17:46:53,20.491,2.499,74.967,0.250,0,5297824,135268,171756,2396776,3793.328,3212.584,0,351.845,0,28.987,2143,2022,1.960,2.210,1.440,0,0,1.000,0,0,18,300,1,23,0
19-05 17:46:54,16.037,2.005,80.184,0.501,0,5279996,152952,171756,2396920,11962.428,10338.705,0,1928.422,0,347.797,2635,2757,1.960,2.210,1.440,1,0,0,0,0,18,299,1,24,0
19-05 17:46:55,11.477,9.731,73.106,4.491,0,5243236,188992,172092,2397304,3098.904,2414.250,582.853,295.419,115.772,15.969,3899,3419,1.960,2.210,1.440,0,1,179.647,0,0,18,301,1,24,0
19-05 17:46:56,3.250,1.250,91.237,2.500,0,5235064,196628,172328,2397604,7466.933,3423.511,539.923,155.978,134.981,9.999,1390,1847,1.960,2.210,1.440,0,0,0,0,0,18,301,1,24,0
19-05 17:46:57,5.745,7.992,84.920,0.250,0,5213652,217972,172352,2397656,16456.430,5218.063,0,1450.628,0,137.870,2984,2579,1.960,2.210,1.440,0,0,124.882,0,0,18,301,1,24,0
19-05 17:46:58,7.262,13.523,76.628,0.250,0,5218820,212724,172352,2397736,6052.106,1610.690,12.020,280.468,1.002,21.035,4218,3462,1.800,2.170,1.430,1,0,208.348,0,0,18,299,1,25,0
19-05 17:46:59,20.579,4.266,72.277,2.761,0,5237544,186488,172712,2404888,2324.913,1300.987,228.877,1068.095,14.054,41.158,2296,2124,1.800,2.170,1.430,1,0,6.023,0,0,18,299,1,25,0
19-05 17:47:00,24.143,2.240,72.429,0,0,5255324,164844,172724,2408676,2161.416,1128.994,0,465.934,0,4.978,2091,1736,1.800,2.170,1.430,1,0,0,0,0,18,299,1,25,0
19-05 17:47:01,15.255,1.500,81.525,0.250,0,5261488,154948,172740,2412344,13824.276,6058.874,12.004,772.239,3.001,18.006,1822,1598,1.800,2.170,1.430,1,0,16.005,0,0,18,299,1,22,0
19-05 17:47:02,14.816,6.529,72.324,5.022,0,5190572,222976,172744,2415180,2238.024,1193.345,1117.003,2619.733,17.076,66.297,3032,2880,1.800,2.170,1.430,2,0,58.261,0,0,18,299,1,22,0
19-05 17:47:03,13.698,14.943,68.241,0.996,0,5193956,219416,172744,2415356,2293.293,1237.302,75.713,1362.826,2.989,92.648,5052,4859,1.740,2.150,1.430,1,0,246.066,0,0,18,299,1,22,0
19-05 17:47:04,26.288,3.255,69.600,0.751,0,5230300,183060,172744,2415368,2171.134,1189.717,0,356.515,0,51.074,2572,2354,1.740,2.150,1.430,2,0,0,0,0,18,299,1,22,0
19-05 17:47:05,18.463,2.246,77.845,0,0,5236752,176592,172744,2415384,27270.652,24406.360,0,151.698,0,11.976,2245,2026,1.740,2.150,1.430,2,0,0,0,0,18,299,1,24,0
19-05 17:47:06,21.503,5.501,72.011,0,0,5237336,175992,172744,2415400,1974.297,1134.171,0,120.018,0,9.001,2378,1994,1.740,2.150,1.430,1,0,47.007,0,0,18,299,1,24,0
19-05 17:47:07,21.817,3.511,73.727,0,0,5236276,177032,172744,2415420,3784.646,3395.448,0,1789.507,0,11.034,2301,2135,1.740,2.150,1.430,1,0,2.006,0,0,18,300,1,24,0
19-05 17:47:08,47.451,9.490,41.457,0.250,0,5230540,182644,172744,2415548,9820.931,8105.689,367.623,351.639,8.991,12.987,4516,18893,1.760,2.150,1.440,2,0,55.943,0,0,18,299,1,27,0
19-05 17:47:09,48.782,9.006,41.277,0,0,5295544,117624,172744,2415564,1915.257,1208.793,512.336,1821.195,4.003,323.212,3972,2722,1.760,2.150,1.440,2,0,9.006,0,0,18,299,1,28,0
19-05 17:47:10,28.619,4.479,66.196,0,0.249,5307128,136904,172624,2385744,3951.858,3443.193,254.830,59.726,1.991,2.986,2466,1793,1.760,2.150,1.440,0,0,0.995,0,0,18,300,1,28,0
19-05 17:47:11,21.868,3.016,73.647,1.005,0,5302840,139676,172624,2387260,7342.607,5660.534,1479.983,2091.281,49.266,157.851,3780,4874,1.760,2.150,1.440,1,0,1.005,0,0,18,300,1,28,0
19-05 17:47:12,23.935,5.485,68.814,0.499,0,5298160,144256,172624,2387360,3588.285,2507.212,47.870,993.311,2.992,121.671,3744,4712,1.760,2.150,1.440,1,0,4.986,0,0,18,299,1,29,0
19-05 17:47:13,23.722,3.746,71.414,0.250,0,5332024,142136,172624,2356644,2373.150,1368.357,0,271.674,0,20.975,2067,1604,1.700,2.130,1.430,1,0,0.999,0,0,18,299,1,29,0
19-05 17:47:14,15.798,2.257,80.246,0.251,0,5327756,146268,172624,2356780,11307.654,10616.536,0,1308.009,0,90.277,2356,2443,1.700,2.130,1.430,0,0,0,0,0,18,300,1,29,0
19-05 17:47:15,23.680,3.988,69.543,0.748,0,5314628,159320,172624,2356856,4541.500,2725.897,31.905,1128.645,1.994,132.606,5083,7026,1.700,2.130,1.430,1,0,0,0,0,18,299,1,30,0
19-05 17:47:16,9.544,22.102,67.561,0,0,5266660,207260,172624,2356884,2103.681,1213.585,4.018,478.201,1.005,38.176,6042,5085,1.700,2.130,1.430,2,0,474.182,0,0,18,299,1,30,0
19-05 17:47:17,8.754,22.259,66.528,0.250,0,5257216,216676,172624,2356912,2034.845,1134.471,0,1920.797,0,113.047,6331,5414,1.700,2.130,1.430,2,0,475.197,0,0,18,299,1,30,0
19-05 17:47:18,8.978,22.693,66.833,0,0,5250668,223204,172624,2356932,2190.522,1292.767,0,391.022,0,35.910,6301,5368,1.640,2.110,1.430,2,0,469.825,0,0,18,299,1,30,0
19-05 17:47:19,9.003,22.257,66.772,0.250,0,5244792,229048,172624,2356964,2119.692,1134.370,0,260.085,0,27.009,6264,5366,1.640,2.110,1.430,1,0,454.148,0,0,18,299,1,30,0
19-05 17:47:20,8.749,22.248,67.494,0,0,5242460,231360,172624,2356984,2315.781,1207.886,0,75.993,0,12.999,6079,4888,1.640,2.110,1.430,2,0,468.956,0,0,18,299,1,30,0
19-05 17:47:21,9.767,21.037,67.370,0,0,5232752,241040,172624,2357012,2167.855,1136.020,0,260.463,0,20.036,6073,4945,1.640,2.110,1.430,2,0,456.812,0,0,18,299,1,30,0
19-05 17:47:22,8.503,23.009,67.527,0,0,5229064,244704,172624,2357036,2108.829,1188.467,0,228.090,0,22.009,6158,5099,1.640,2.110,1.430,1,0,455.179,0,0,18,299,1,28,0
19-05 17:47:23,8.475,22.184,67.299,0,0,5229968,243772,172624,2357064,2295.134,1238.296,0,91.726,0,10.967,6086,4929,1.590,2.090,1.430,1,0,445.667,0,0,18,299,1,28,0
19-05 17:47:24,15.272,12.768,70.851,0.250,0,5219272,331260,172628,2285704,2397.418,1177.679,4.006,2006.861,1.001,32.046,3918,3459,1.590,2.090,1.430,1,0,173.247,0,0,18,299,1,28,0
19-05 17:47:25,22.249,6.000,70.246,0.750,0,5232568,338532,172636,2269960,2350.859,1133.932,0,5735.656,0,443.973,2901,2839,1.590,2.090,1.430,1,0,4.000,0,0,18,299,1,28,0
19-05 17:47:26,24.920,3.489,69.277,0,0,5247096,321180,172636,2272784,2428.183,1291.841,3.987,833.317,0.997,13.955,2569,2028,1.590,2.090,1.430,2,0,21.929,0,0,18,299,1,28,0
19-05 17:47:27,16.487,1.249,79.689,2.248,0,5261300,306088,172636,2273672,13843.449,7367.385,539.589,1694.708,22.982,67.948,1754,1642,1.590,2.090,1.430,2,0,0,0,0,18,300,1,28,0
19-05 17:47:28,11.564,1.257,80.699,5.531,0,5260596,306088,172636,2274432,18698.026,11924.341,430.394,5317.584,47.263,247.376,1811,1877,1.460,2.060,1.420,2,0,0,0,0,18,300,1,28,0
19-05 17:47:29,15.927,1.244,77.646,3.484,0,5277328,288448,172636,2275340,14166.419,9150.286,800.351,1007.408,34.841,41.809,1781,1645,1.460,2.060,1.420,1,0,0,0,0,18,300,1,28,0
19-05 17:47:30,17.296,1.504,79.713,1.504,0,5278188,286684,172636,2276244,16729.646,10480.970,681.820,1122.997,48.128,37.099,1857,1587,1.460,2.060,1.420,1,0,0,0,0,18,300,1,28,0
19-05 17:47:31,18.954,0.998,78.312,0.998,0,5284752,278872,172636,2277492,15435.889,10644.409,830.005,1069.429,35.914,33.918,1833,1530,1.460,2.060,1.420,0,0,0,0,0,18,300,1,28,0
19-05 17:47:32,10.974,1.496,75.818,9.477,0,5290524,246868,172636,2303724,10857.915,6221.054,11452.486,686.351,125.698,20.950,1695,1609,1.460,2.060,1.420,1,0,0,0,0,18,300,1,28,0
19-05 17:47:33,23.202,3.243,70.355,2.245,0,5283288,246616,172636,2311212,2652.548,1455.009,287.409,17072.909,4.990,192.604,2908,3053,1.580,2.070,1.430,1,0,2.994,0,0,18,300,1,28,0
19-05 17:47:34,25.436,2.518,71.272,0.252,0,5297776,222676,172636,2320648,2736.042,1563.453,0,1652.102,0,44.325,2624,2529,1.580,2.070,1.430,1,0,0,0,0,18,300,1,28,0
19-05 17:47:35,24.917,1.744,72.011,0,0,5289852,217900,172636,2333176,2851.550,1453.184,0,338.877,0,14.950,2267,1971,1.580,2.070,1.430,1,0,0,0,0,18,300,1,28,0
19-05 17:47:36,24.004,2.750,71.761,0.750,0,5311268,178852,172636,2350600,2852.425,1512.226,0,1696.253,0,62.009,2421,2153,1.580,2.070,1.430,1,0,2.000,0,0,18,300,1,28,0
19-05 17:47:37,23.215,2.746,71.643,1.248,0,5300260,178612,172636,2361644,2895.676,1455.826,0,2823.783,0,118.823,2508,2306,1.580,2.070,1.430,2,0,0,0,0,18,300,1,28,0
19-05 17:47:38,24.275,2.503,71.323,0.751,0,5294552,161740,172636,2383908,2720.779,1459.491,16.016,2190.237,1.001,82.084,2573,2429,1.540,2.060,1.430,1,0,0,0,0,18,300,1,24,0
19-05 17:47:39,23.839,3.011,72.519,0.251,0,5315128,151672,172648,2373208,2830.513,1638.084,0,1421.279,0,48.179,2253,1910,1.540,2.060,1.430,1,0,0,0,0,18,299,1,24,0
19-05 17:47:40,22.910,3.486,71.221,0.249,0,5312880,153936,172648,2373184,2664.552,1452.305,0,776.954,0,24.902,2477,2092,1.540,2.060,1.430,1,0,18.926,0,0,18,299,1,24,0
19-05 17:47:41,20.041,2.756,76.155,0.501,0,5284364,177628,172712,2377944,8216.763,3815.785,0,1695.459,0,152.311,2210,1723,1.540,2.060,1.430,1,0,17.035,0,0,18,299,1,24,0
19-05 17:47:42,23.075,3.261,72.738,0,0,5312324,148668,172728,2378908,2842.288,1759.750,0,4.013,0,1.003,2288,1774,1.540,2.060,1.430,0,0,18.059,0,0,18,299,2,23,0
19-05 17:47:43,19.159,2.488,76.389,0.249,0.249,5307376,148288,173016,2383836,9068.147,4376.319,0,1297.867,0,24.882,2027,1770,1.490,2.040,1.420,1,0,2.986,0,0,18,299,1,23,0
19-05 17:47:44,23.776,6.257,67.823,0,0,5298284,156700,173060,2384456,2730.934,1459.568,0,1605.725,0,17.018,10448,18972,1.490,2.040,1.420,1,0,13.014,0,0,18,299,1,23,0
19-05 17:47:45,23.220,6.741,67.663,0,0,5300124,154756,173108,2384512,2671.571,1530.036,0,199.744,0,3.995,10269,18599,1.490,2.040,1.420,1,0,13.982,0,0,18,299,1,23,0
19-05 17:47:46,20.761,5.003,72.289,0.250,0,5257948,208196,173116,2373268,2599.397,1458.784,0,1008.542,0,22.012,2118,1656,1.490,2.040,1.420,1,0,6.003,0,0,18,299,1,19,0
19-05 17:47:47,21.995,4.499,72.483,0,0,5258636,207484,173116,2373292,2717.380,1457.668,0,135.969,0,5.999,2771,2336,1.490,2.040,1.420,1,0,49.989,0,0,18,299,1,19,0
19-05 17:47:48,25.482,4.996,67.202,0.500,0,5265948,200160,173120,2373300,4454.816,1456.959,0,623.554,0,30.978,9846,18153,1.450,2.020,1.420,1,0,23.983,0,0,18,299,1,19,0
19-05 17:47:49,20.024,2.753,75.592,0,0,5297048,168192,173120,2374176,8047.814,3638.437,0,220.269,0,18.022,2296,2168,1.450,2.020,1.420,1,0,16.020,0,0,18,300,1,19,0
19-05 17:47:50,23.494,3.749,71.982,0.250,0,5271072,189308,173120,2379036,2896.260,1631.583,0,795.797,0,12.997,2154,1686,1.450,2.020,1.420,1,0,2.999,0,0,18,299,1,17,0
19-05 17:47:51,19.244,2.499,77.725,0,0,5295524,161688,173120,2382204,9287.007,4529.540,0,767.753,0,16.995,1887,1475,1.450,2.020,1.420,4,0,16.995,0,0,18,300,1,17,0
19-05 17:47:52,23.979,5.245,67.690,0.500,0,5285436,169516,173120,2384424,2577.724,1630.561,0,915.192,0,15.986,10221,18498,1.450,2.020,1.420,1,0,12.989,0,0,18,299,1,17,0
19-05 17:47:53,23.262,6.753,68.534,0,0,5280420,174268,173120,2384672,2359.172,1458.724,0,324.161,0,4.002,10572,18996,1.420,2,1.420,1,0,14.007,0,0,18,299,1,17,0
19-05 17:47:54,20.593,6.279,72.077,0,0,5269416,196624,173148,2373312,2609.848,1464.649,0,1189.400,0,41.187,2312,1940,1.420,2,1.420,1,0,7.032,0,0,18,299,1,13,0
19-05 17:47:55,22.911,3.985,71.473,0,0,5283268,182764,173148,2373320,2664.678,1452.374,0,71.722,0,4.981,2357,1943,1.420,2,1.420,2,0,21.915,0,0,18,299,1,13,0
19-05 17:47:56,22.731,4.496,71.189,0,0,5279828,186192,173148,2373332,2535.840,1456.759,0,3.997,0,0.999,3071,2620,1.420,2,1.420,3,0,87.925,0,0,18,299,1,13,0
19-05 17:47:57,23.520,3.753,72.813,0,0,5274916,182900,173148,2381536,2602.249,1459.261,0,840.727,0,10.009,2199,1761,1.420,2,1.420,1,0,9.008,0,0,18,299,1,13,0
19-05 17:47:58,18.803,3.259,75.713,1.003,0,5284160,170940,173148,2384236,8120.843,3540.960,0,17926.425,0,306.863,2306,1947,1.380,1.990,1.420,1,0,16.045,0,0,18,300,1,10,0
19-05 17:47:59,17.692,1.495,78.990,0.249,0,5296680,158228,173148,2384536,14292.944,7384.688,3.987,793.388,0.997,30.898,1836,1613,1.380,1.990,1.420,1,0,0,0,0,18,300,1,10,0
19-05 17:48:00,14.242,1.249,82.206,0.750,0,5292304,162232,173168,2384908,23356.403,14268.304,0,1619.127,0,49.973,1710,1613,1.380,1.990,1.420,0,0,0,0,0,18,300,1,10,0
19-05 17:48:01,7.733,1.247,89.050,0.748,0,5288584,165704,173168,2385140,146117.079,11096.098,0,1827.898,0,211.525,1645,1608,1.380,1.990,1.420,0,0,0,0,0,18,301,1,10,0
19-05 17:48:02,18.294,1.504,78.941,0.752,0.251,5302916,151136,173224,2385320,23866.712,9586.180,0,1006.434,0,36.087,1831,1528,1.380,1.990,1.420,0,1,0,0,0,18,301,1,10,0
19-05 17:48:03,16.250,1.500,79.498,0.750,0,5299888,153816,173336,2385540,20682.583,12205.754,0,1771.964,0,67.999,2080,2129,1.510,2,1.430,1,0,1.000,0,0,18,301,1,10,0
19-05 17:48:04,13.017,2.003,83.107,0.250,0,5305068,148064,173376,2386072,292682.333,10906.060,0,9716.527,0,76.098,2352,2345,1.510,2,1.430,2,0,0,0,0,18,301,1,10,0
19-05 17:48:05,10.490,1.499,84.171,1.748,0,5303208,149408,173688,2386252,111943.347,19574.525,27.974,2581.564,3.996,117.889,2132,2420,1.510,2,1.430,0,0,0,0,0,18,301,1,10,0
19-05 17:48:06,13.989,1.249,81.935,1.249,0,5301388,150596,173884,2386676,49746.269,14160.690,103.917,2150.283,5.995,89.928,1845,1822,1.510,2,1.430,2,0,0,0,0,18,301,1,10,0
19-05 17:48:07,6.033,2.514,87.736,0.503,0,5300040,135744,173940,2402768,4269111.479,104955.880,0,2075.487,0,26.145,8300,6581,1.510,2,1.430,0,0,2.011,0,0,18,301,1,8,0
19-05 17:48:08,27.929,9.227,60.347,0.249,0,5332664,146372,173996,2364104,6682286.924,157794.405,255.353,4911.562,1.995,26.932,12487,15545,1.470,1.990,1.420,2,0,42.891,0,0,18,301,1,8,0
19-05 17:48:09,22.708,9.233,67.127,0,0,5318312,156556,174004,2365216,1733425.870,37684.755,519.046,74323.432,5.989,318.415,5936,8881,1.470,1.990,1.420,2,0,5.989,0,0,18,301,1,9,0
19-05 17:48:10,11.283,4.764,80.487,0.501,0,5326616,130248,174072,2383132,5977105.482,130718.445,421.242,13447.653,6.018,40.118,11837,9412,1.470,1.990,1.420,0,0,5.015,0,0,18,301,1,9,0
19-05 17:48:11,21.682,2.492,73.019,0.498,0,5319024,132332,174328,2388368,518941.620,13798.436,0,2029.592,0,65.792,3266,2824,1.470,1.990,1.420,1,0,2.991,0,0,18,301,1,5,0
19-05 17:48:12,23.094,4.016,70.787,2.008,0,5298004,136732,177440,2400188,2803.370,1634.630,4.016,5297.487,1.004,288.169,2779,2565,1.470,1.990,1.420,1,0,2.008,0,0,18,301,1,5,0
19-05 17:48:13,23.752,3.000,71.005,0.500,0,5285796,163264,177820,2385704,2598.184,1532.109,0,1764.125,0,42.003,2351,2042,1.430,1.970,1.420,1,0,1.000,0,0,18,301,1,5,0
19-05 17:48:14,24.268,2.502,71.303,0.250,0,5280692,159860,178016,2393320,2900.152,1533.138,8.006,2081.545,2.001,43.032,2387,2242,1.430,1.970,1.420,1,0,0,0,0,18,301,1,5,0
19-05 17:48:15,22.394,2.737,72.407,0.746,0,5279460,138944,178728,2413424,2988.848,1558.620,0,1986.594,0,85.595,2476,2356,1.430,1.970,1.420,1,0,0,0,0,18,301,1,4,0
19-05 17:48:16,22.500,3.750,71.999,0.250,0,5282660,123824,179256,2424288,2597.948,1531.969,0,1379.972,0,36.999,2126,1722,1.430,1.970,1.420,1,0,0,0,0,18,301,1,4,0
19-05 17:48:17,23.055,3.258,71.672,1.002,0,5287836,130780,179880,2411636,2784.693,1461.513,0,1964.722,0,79.190,2426,2162,1.430,1.970,1.420,1,0,0,0,0,18,301,1,4,0
19-05 17:48:18,24.684,2.493,71.309,0.249,0,5296868,126092,180364,2407016,2710.751,1454.111,0,1132.970,0,41.888,2430,2253,1.400,1.950,1.420,2,0,0,0,0,18,301,1,4,0
19-05 17:48:19,23.998,3.750,70.994,0,0,5306248,142780,181284,2380152,2897.756,1457.877,0,1099.907,0,12.999,2383,2115,1.400,1.950,1.420,1,0,0,0,0,18,301,1,3,0
19-05 17:48:20,23.502,2.500,71.255,0.750,0,5304300,121960,181908,2401404,2735.181,1532.101,0,1636.108,0,42.003,2322,1958,1.400,1.950,1.420,3,0,0,0,0,18,301,1,3,0
19-05 17:48:21,24.267,3.002,71.801,0.500,0,5303040,128916,182668,2394232,2479.774,1459.044,0,2157.544,0,73.052,2451,2146,1.400,1.950,1.420,1,0,0,0,0,18,301,1,3,0
19-05 17:48:22,23.346,3.514,72.046,0.251,0,5281808,182616,182832,2361104,2813.567,1813.455,4.017,1265.201,1.004,31.128,2272,1773,1.400,1.950,1.420,1,0,2.008,0,0,18,299,1,3,0
19-05 17:48:23,18.412,3.981,75.888,0,0,5311812,152596,182832,2361120,9307.598,3485.373,0,266.728,0,7.962,2112,1604,1.370,1.940,1.420,1,0,33.839,0,0,18,300,1,3,0
19-05 17:48:24,24.361,2.260,71.829,0.251,0,5296124,162160,182976,2366844,2832.966,1705.807,0,1607.356,0,26.120,2214,1839,1.370,1.940,1.420,1,0,2.009,0,0,18,299,1,3,0
19-05 17:48:25,19.378,3.478,75.771,0,0.248,5312444,145800,182976,2366884,9308.189,4478.703,0,329.916,0,9.937,2188,1877,1.370,1.940,1.420,1,0,16.893,0,0,18,300,1,3,0
19-05 17:48:26,24.752,4.750,68.506,0.250,0,5306100,145604,183500,2371960,2760.248,1632.147,0,976.088,0,18.002,5699,8915,1.370,1.940,1.420,1,0,12.001,0,0,18,299,1,3,0
19-05 17:48:27,22.022,6.507,69.571,0,0,5295200,155988,183512,2372428,2720.765,1501.526,0,2114.149,0,6.006,6694,11204,1.370,1.940,1.420,1,0,8.008,0,0,18,299,1,3,0
19-05 17:48:28,24.522,5.755,67.811,0,0,5303300,147680,183548,2372516,2420.170,1533.375,0,136.122,0,6.005,10089,18689,1.340,1.920,1.410,1,0,13.012,0,0,18,299,1,3,0
19-05 17:48:29,20.498,6.000,72.494,0,0,5298208,152624,183584,2372588,2597.798,1457.886,0,323.975,0,7.999,2052,1494,1.340,1.920,1.410,1,0,6.999,0,0,18,299,1,3,0
19-05 17:48:30,21.989,4.997,71.214,0.250,0,5239052,224332,183588,2361232,3093.423,1457.257,0,25079.212,0,531.729,2316,1660,1.340,1.920,1.410,1,0,0.999,0,0,18,299,1,3,0
19-05 17:48:31,20.751,4.250,72.753,1.750,0,5251940,208992,183708,2363564,2718.110,1458.059,1220.049,4.000,138.006,1.000,2225,1927,1.340,1.920,1.410,1,0,5.000,0,0,18,299,1,3,0
19-05 17:48:32,20.340,3.516,72.320,3.516,0,5262244,195560,183864,2366536,2609.558,1464.486,1583.011,0,203.903,0,2442,2370,1.340,1.920,1.410,1,0,0,0,0,18,299,1,4,0
19-05 17:48:33,24.185,4.987,66.821,1.745,0,5260004,197208,183864,2367128,2471.362,1454.094,371.003,5856.270,22.938,498.661,6805,9518,1.310,1.910,1.410,2,2,0.997,0,0,18,302,1,8,0
19-05 17:48:34,20.060,9.278,67.201,1.505,0,5223264,233272,183872,2367796,2605.799,1462.377,513.537,4176.500,25.075,362.084,6344,8535,1.310,1.910,1.410,1,0,131.393,0,0,18,301,1,8,0
19-05 17:48:35,10.220,17.449,69.546,1.246,0,5226760,228868,183872,2368704,2850.634,1547.459,869.448,55.836,9.971,5.982,5237,4196,1.310,1.910,1.410,1,0,297.128,0,0,18,303,1,8,0
19-05 17:48:36,11.764,5.006,70.332,11.013,0,5220320,229636,183872,2374376,2300.675,1459.697,5370.243,2474.877,946.100,122.142,3231,4104,1.310,1.910,1.410,1,1,22.026,0,0,18,301,1,10,0
19-05 17:48:37,2.992,1.745,93.993,0.249,0,5216264,234024,183872,2374076,3027.706,2466.244,0,1300.438,0,52.855,1399,1923,1.310,1.910,1.410,0,0,5.984,0,0,18,302,1,10,0
19-05 17:48:38,2.000,1.000,95.523,0,0,5216264,234024,183872,2374076,46514.051,5124.217,0,56.013,0,5.001,1109,1409,1.200,1.870,1.400,0,0,0,0,0,18,302,1,10,0
19-05 17:48:39,2.997,2.248,90.418,1.748,0,5181972,267980,183964,2374388,29846.948,127254.661,207.812,507.540,4.995,4.995,1454,1565,1.200,1.870,1.400,1,0,11.989,0,0,18,301,1,10,0
19-05 17:48:40,1.251,0.750,97.289,0,0,5180272,269680,183964,2374388,5851.359,1458.588,0,0,0,0,939,1326,1.200,1.870,1.400,0,0,0,0,0,18,301,1,10,0
19-05 17:48:41,1.251,0.500,96.546,0,0,5179728,270220,183964,2374392,2839.352,1458.695,0,0,0,0,1005,1480,1.200,1.870,1.400,0,0,0,0,0,18,301,1,10,0
19-05 17:48:42,1.748,0.749,95.912,0.250,0,5178452,271496,183964,2374392,2835.402,1456.665,0,259.762,0,3.996,1010,1352,1.200,1.870,1.400,1,0,0,0,0,18,301,1,10,0
19-05 17:48:43,1.501,0.500,96.321,0.250,0,5177332,272612,183964,2374396,2780.046,1459.074,0,1437.058,0,250.184,1105,1438,1.110,1.840,1.400,0,0,1.001,0,0,18,301,1,10,0
19-05 17:48:44,2.506,1.253,94.488,0.501,0,5177176,272752,183964,2374412,2604.565,1461.684,0,842.123,0,86.217,1460,2238,1.110,1.840,1.400,1,0,0,0,0,18,301,1,10,0
19-05 17:48:45,0.996,2.489,94.352,0,0,5177160,272752,183964,2374428,4157.448,1525.559,0,48152.704,0,236.999,1549,2020,1.110,1.840,1.400,0,0,0,0,0,18,301,1,10,0
19-05 17:48:46,2.003,0.751,97.158,0.250,0,5177160,272752,183964,2374428,2920.739,1460.370,0,1125.827,0,7.011,937,1281,1.110,1.840,1.400,0,0,0,0,0,18,301,1,10,0
19-05 17:48:47,1.250,0.750,96.741,0,0,5177160,272752,183964,2374428,2777.751,1457.869,0,31.997,0,5.000,908,1244,1.110,1.840,1.400,0,0,0,0,0,18,301,1,10,0
19-05 17:48:48,1.249,0.749,95.915,0.250,0,5177152,272752,183964,2374436,2475.812,1456.713,0,271.760,0,24.978,1137,1674,1.020,1.810,1.390,1,0,0,0,0,18,301,1,10,0
19-05 17:48:49,1.751,2.002,94.326,0,0,5180228,269676,183964,2374436,2540.049,1459.177,0,76.061,0,12.010,1284,1740,1.020,1.810,1.390,0,0,0,0,0,18,301,1,10,0
19-05 17:48:50,1.500,3.501,94.514,0.250,0,5180396,269452,183972,2374468,2735.400,1458.213,8.001,86584.668,2.000,736.108,2071,2242,1.020,1.810,1.390,0,0,0,0,0,18,301,1,10,0
19-05 17:48:51,1.003,0.502,97.078,0,0,5180396,269452,183972,2374468,2486.402,1462.943,0,1436.855,0,13.044,886,1268,1.020,1.810,1.390,0,0,0,0,0,18,301,1,10,0
19-05 17:48:52,1.246,0.747,96.169,0,0,5180396,269452,183972,2374468,2409.713,1453.003,0,31.890,0,3.986,997,1383,1.020,1.810,1.390,0,0,0,0,0,18,301,1,10,0
19-05 17:48:53,2.001,0.750,96.036,0.250,0,5180384,269452,183972,2374480,3651.362,1350.504,0,268.100,0,24.009,1215,1762,0.940,1.780,1.380,0,0,1.000,0,0,18,301,1,10,0
19-05 17:48:54,1.750,0.750,95.473,0,0,5180376,269452,183972,2374488,2477.311,1457.595,0,167.953,0,24.993,1304,1947,0.940,1.780,1.380,0,0,0,0,0,18,301,1,10,0
19-05 17:48:55,1.250,1.750,95.726,0,0.250,5180356,269452,183972,2374504,2554.365,1457.638,0,27185.242,0,115.971,1221,1654,0.940,1.780,1.380,1,0,0,0,0,18,301,1,10,0
19-05 17:48:56,2.007,0.502,96.596,0.753,0,5180356,269452,183972,2374504,2635.449,1571.635,0,1055.785,0,37.133,1067,1579,0.940,1.780,1.380,0,0,0,0,0,18,301,1,10,0
19-05 17:48:57,0.996,0.747,96.335,0,0,5180352,269452,183972,2374508,2407.640,1451.753,0,0,0,0,942,1302,0.940,1.780,1.380,0,0,0,0,0,18,301,1,10,0
19-05 17:48:58,1.751,0.500,96.551,0,0,5180352,269452,183972,2374508,2419.270,1458.766,0,824.433,0,177.093,1004,1362,0.860,1.750,1.370,1,0,0,0,0,18,301,1,10,0
19-05 17:48:59,1.251,1.001,96.802,0.250,0,5180348,269452,183972,2374512,2479.337,1458.787,0,56.030,0,6.003,981,1365,0.860,1.750,1.370,0,0,0,0,0,18,301,1,10,0
19-05 17:49:00,1.499,1.000,96.713,0,0,5180348,269452,183972,2374512,2614.004,1457.445,0,4782.179,0,145.944,1001,1306,0.860,1.750,1.370,0,0,0,0,0,18,301,1,10,0
19-05 17:49:01,1.250,0.500,97.000,0,0,5180348,269452,183972,2374512,2477.999,1458.000,0,8.000,0,1.000,896,1257,0.860,1.750,1.370,0,0,0,0,0,18,301,1,10,0
19-05 17:49:02,1.250,0.500,96.974,0,0,5180348,269452,183972,2374512,4210.888,1457.615,0,0,0,0,918,1284,0.860,1.750,1.370,1,0,0,0,0,18,301,1,10,0
19-05 17:49:03,2.760,1.255,94.103,0.251,0,5180420,269452,183972,2374516,2487.325,1463.487,0,550.062,0,54.203,1540,2353,0.790,1.720,1.360,0,0,1.004,0,0,18,301,1,10,0
19-05 17:49:04,2.749,1.250,93.972,0.500,0,5180392,269452,183972,2374544,4270.734,1457.568,15.995,391.884,1.000,51.985,1675,2510,0.790,1.720,1.360,0,0,0,0,0,18,301,1,10,0
19-05 17:49:05,1.245,0.747,96.115,0,0,5180388,269452,183972,2374548,2678.275,1505.969,0,103.585,0,7.968,1045,1494,0.790,1.720,1.360,2,0,0,0,0,18,301,1,10,0
19-05 17:49:06,1.000,0.750,96.521,0.250,0,5172940,276900,183972,2374548,2668.575,1458.314,0,3168.683,0,42.009,1008,1465,0.790,1.720,1.360,1,0,0,0,0,18,301,1,10,0
19-05 17:49:07,1.500,1.000,96.500,0,0.250,5172940,276900,183972,2374548,2376.006,1296.003,0,84.000,0,8.000,1018,1481,0.790,1.720,1.360,0,0,0,0,0,18,301,1,10,0
19-05 17:49:08,18.542,5.513,74.420,0,0,5207592,242244,183972,2374552,2603.962,1531.506,513.175,0,4.009,0,2216,1721,0.810,1.710,1.360,1,0,6.014,0,0,18,301,1,10,0
19-05 17:49:09,28.718,8.491,61.932,0,0,5209964,239864,183972,2374560,1708.123,883.029,255.719,982.920,1.998,202.777,3566,13469,0.810,1.710,1.360,2,0,41.954,0,0,18,301,1,11,0
19-05 17:49:10,7.003,3.001,88.282,0,0,5189152,260528,183972,2374708,123683.434,1906.685,256.092,0,2.001,0,1931,2068,0.810,1.710,1.360,0,0,6.002,0,0,18,301,1,11,0
19-05 17:49:11,15.778,2.504,80.643,0,0,5190308,259348,183984,2374720,156438.465,4335.662,0,196.347,0,3.005,2285,2142,0.810,1.710,1.360,0,0,7.012,0,0,18,301,1,11,0
19-05 17:49:12,11.972,4.988,81.062,0.499,0,5241740,207796,183996,2374828,141408.678,6367.262,103.760,235.455,3.991,12.970,2666,2433,0.810,1.710,1.360,0,0,22.947,0,0,18,301,1,8,0
19-05 17:49:13,8.000,2.750,86.754,0.500,0,5249664,199840,183996,2374860,148992.963,5646.264,16.001,280.013,1.000,18.001,2115,1890,0.740,1.680,1.350,0,0,15.001,0,0,18,301,1,8,0
19-05 17:49:14,13.800,4.516,79.789,1.004,0,5243396,204968,183996,2376000,147931.201,2768.014,32.116,1706.173,2.007,99.359,2830,2891,0.740,1.680,1.350,1,1,23.084,0,0,18,301,1,8,0
