"pcp-dstat 6.2.0 CSV Output"
"Author:","PCP team <pcp@groups.io> and Dag Wieers <dag@wieers.com>",,,,"URL:","https://pcp.io/ and http://dag.wieers.com/home-made/dstat/"
"Host:","ubuntu",,,,"User:","ubuntu"
"Cmdline:","dstat -tcmndrylpg --tcp --output /tmp/devstack_logs/dstat-csv.log",,,,"Date:","13 Mar 2026 15:37:42 UTC"
"system","total usage",,,,,"memory usage",,,,"net/total",,"dsk/total",,"io/total",,"system",,"load avg",,,"procs",,,"paging",,"tcp sockets",,,,
"time","total usage:usr","total usage:sys","total usage:idl","total usage:wai","total usage:stl","used","free","buf","cach","net/total:recv","net/total:send","dsk/total:read","dsk/total:writ","read","writ","int","csw","1m","5m","15m","run","blk","new","in","out","lis","act","syn","tim","clo"
13-03 15:37:42,,1018964,1428456,164176,5202956,,,,,,,1.250,0.990,0.580,3,0,,,,10,4,1,17,0
13-03 15:37:43,16.000,20.000,61.999,0,0,1018200,1429384,164196,5202736,232781.185,11015.772,0,795.984,0,83.998,5900,4205,1.250,0.990,0.580,1,0,383.992,0,0,10,4,1,17,0
13-03 15:37:44,24.476,22.977,52.698,0,0,1004448,1442840,164216,5206460,13981.074,3278.734,0,3604.410,0,30.969,6006,10466,1.250,0.990,0.580,7,0,392.609,0,0,11,6,1,17,0
13-03 15:37:45,29.205,16.974,52.169,0.499,0,988848,1457908,164344,5203608,28000.582,11125.748,0,1361.888,0,40.937,5911,7291,1.250,0.990,0.580,2,0,245.619,0,0,10,5,2,18,0
13-03 15:37:46,31.083,12.784,53.644,0.501,0,1115688,1330112,164496,5328676,33267.190,13647.589,0,1516.065,0,45.121,6075,7499,1.710,1.090,0.610,2,0,127.341,0,0,11,5,1,17,1
13-03 15:37:47,21.268,5.755,71.811,0.500,0,1126852,1318584,164588,5328904,15742.296,9197.769,0,2345.981,0,94.079,2558,2008,1.710,1.090,0.610,3,1,71.060,0,0,11,7,1,17,1
13-03 15:37:48,33.729,6.996,57.215,1.249,0,1134764,1310048,164756,5329236,39818.544,13547.679,15.990,1642.991,0.999,59.963,3207,2047,1.710,1.090,0.610,2,0,44.972,0,0,11,7,1,17,1
13-03 15:37:49,31.014,11.005,56.276,0.750,0,1158648,1269112,164980,5345448,185184.600,19203.773,16.007,2665.218,1.000,77.035,4410,3306,1.710,1.090,0.610,3,0,170.078,0,0,11,6,1,19,2
13-03 15:37:50,44.560,5.228,48.543,0.498,0,1196152,1217592,165872,5356440,2867.745,1613.107,15.932,2429.617,0.996,66.715,3090,1875,1.710,1.090,0.610,3,0,0.996,0,0,11,6,1,19,2
13-03 15:37:51,46.089,4.759,48.093,0.501,0,1223116,1173644,166376,5370924,2765.359,1697.289,0,2320.497,0,41.080,2929,1575,1.890,1.140,0.630,3,0,0,0,0,11,6,1,19,2
13-03 15:37:52,38.842,6.014,45.106,8.520,0,1243556,1140700,167448,5381300,2525.953,1698.001,0,33667.340,0,2492.875,11270,20155,1.890,1.140,0.630,3,0,41.097,0,0,11,8,1,19,2
13-03 15:37:53,38.640,7.977,41.133,10.470,0,1276892,1084852,168520,5401296,2411.128,1527.646,0,48043.064,0,3398.314,13224,25025,1.890,1.140,0.630,3,0,41.881,0,0,11,8,1,19,2
13-03 15:37:54,41.748,8.500,46.748,2.250,0,1274124,1073612,169344,5412420,2776.896,1693.937,0,12355.539,0,785.971,4523,4872,1.890,1.140,0.630,2,0,74.997,0,0,11,6,1,15,2
13-03 15:37:55,44.007,5.751,48.508,0.750,0,1310816,1011744,170100,5434684,2700.441,1694.277,0,3392.555,0,237.039,3091,2066,1.890,1.140,0.630,3,0,0,0,0,11,6,1,15,2
13-03 15:37:56,44.122,3.739,49.855,1.496,0,1306508,1007496,170688,5441292,10211.304,3089.017,0,8866.216,0,554.388,3579,3415,2.140,1.200,0.650,2,0,0,0,0,11,7,1,15,2
13-03 15:37:57,43.851,5.513,50.116,0,0,1258028,1073340,170692,5424296,4695.840,3082.115,0,565.305,0,45.104,2807,1517,2.140,1.200,0.650,3,0,12.028,0,0,11,4,1,15,0
13-03 15:37:58,40.751,5.250,53.502,0.250,0,1302120,1029240,170692,5424304,8500.250,3978.117,0,336.010,0,14.000,2817,1539,2.140,1.200,0.650,3,0,33.001,0,0,11,5,1,13,0
13-03 15:37:59,46.702,4.495,47.951,0,0,1281272,1043924,170828,5429868,3417.489,1792.159,0,22169.225,0,392.597,3086,1473,2.140,1.200,0.650,5,0,2.997,0,0,11,4,1,13,0
13-03 15:38:00,28.095,21.824,49.417,0.251,0.251,1244032,1079776,170840,5431116,9444.831,4546.322,0,826.786,0,14.047,5847,4385,2.140,1.200,0.650,2,0,412.390,0,0,11,5,1,13,0
13-03 15:38:01,32.974,25.729,39.469,0,0,1229392,1088208,171308,5435972,4598.333,1792.570,0,879.299,0,21.982,14776,23348,2.210,1.230,0.670,2,0,397.683,0,0,11,4,1,13,0
13-03 15:38:02,47.943,16.980,33.710,0,0,1234708,1082572,171368,5436124,2876.589,1733.944,0,83.901,0,0.999,11121,17638,2.210,1.230,0.670,5,0,163.806,0,0,11,4,1,13,0
13-03 15:38:03,65.418,12.282,22.057,0.251,0,1299508,1017508,171424,5436352,2951.571,1718.408,0,3248.333,0,114.293,4174,2232,2.210,1.230,0.670,4,0,50.129,0,0,11,5,1,13,0
13-03 15:38:04,68.122,6.961,23.619,0,0,1277448,1051828,171424,5425548,2582.664,1611.057,0,11364.913,0,93.481,3847,1695,2.210,1.230,0.670,5,0,9.945,0,0,11,5,1,13,0
13-03 15:38:05,61.604,11.269,27.296,0,0,1302816,1026372,171424,5425636,4207.101,1622.739,0,4.007,0,1.002,3799,1785,2.210,1.230,0.670,3,0,66.112,0,0,11,5,1,13,0
13-03 15:38:06,39.374,8.778,51.412,0,0,1310124,1016704,171424,5427948,2648.358,1625.129,0,1476.660,0,110.348,3845,3969,2.350,1.280,0.690,3,0,75.237,0,0,11,4,1,13,0
13-03 15:38:07,6.479,5.732,87.220,0,0,1312016,1014800,171424,5427956,2230.848,1453.340,0,0,0,0,1882,1790,2.350,1.280,0.690,2,0,64.792,0,0,11,4,1,13,0
13-03 15:38:08,23.040,3.005,73.128,0,0,1360192,966624,171424,5427960,4327.566,1622.837,0,0,0,0,1789,1250,2.350,1.280,0.690,4,0,0,0,0,11,4,1,13,0
13-03 15:38:09,23.723,2.747,72.918,0,0,1380972,945844,171424,5427960,4452.017,1618.189,0,10915.782,0,49.944,1865,1283,2.350,1.280,0.690,3,0,0,0,0,11,4,1,13,0
13-03 15:38:10,24.074,2.257,72.222,1.003,0,1393076,933488,171444,5428192,2768.512,1699.225,0,4293.201,0,138.426,2955,3394,2.350,1.280,0.690,1,0,1.003,0,0,11,10,1,11,0
13-03 15:38:11,21.715,6.240,69.888,0.998,0.250,1338512,987968,171492,5428200,2515.960,1617.403,0,2987.204,0,214.655,3312,3580,2.250,1.280,0.690,2,0,47.923,0,0,11,4,1,13,0
13-03 15:38:12,23.429,2.991,72.781,0.498,0,1374408,951556,171756,5428420,2452.612,1615.135,271.183,3.988,9.970,0.997,1756,1110,2.250,1.280,0.690,2,0,0.997,0,0,11,4,1,13,0
13-03 15:38:13,20.019,2.252,76.322,0.500,0,1387740,938028,171760,5428572,6666.316,5712.412,0,1341.271,0,50.047,2490,2545,2.250,1.280,0.690,2,0,1.001,0,0,11,17,1,13,0
13-03 15:38:14,12.769,3.255,71.354,11.767,0,1381064,944344,171816,5428800,3168.623,2112.081,268.392,28241.202,66.096,535.782,2326,2462,2.250,1.280,0.690,2,0,3.004,0,0,11,27,1,13,0
13-03 15:38:15,19.715,4.742,74.367,0,0,1355200,970184,171816,5428820,8052.575,5381.360,0,0,0,0,2573,2068,2.250,1.280,0.690,2,0,43.921,0,0,11,28,1,14,0
13-03 15:38:16,20.504,3.001,76.014,0,0,1373060,952320,171816,5428824,4133.758,3592.659,0,56.010,0,4.001,1617,1110,2.230,1.290,0.690,1,0,0,0,0,11,29,1,14,0
13-03 15:38:17,18.314,5.268,76.265,0,0,1353404,971956,171816,5428844,7799.077,6536.694,0,0,0,0,2530,2072,2.230,1.290,0.690,1,0,62.216,0,0,11,28,1,15,0
13-03 15:38:18,39.786,10.760,49.045,0,0,1457132,868220,171816,5428852,4203.824,1621.475,0,16.015,0,4.004,3358,1977,2.230,1.290,0.690,2,0,94.086,0,0,11,28,1,15,0
13-03 15:38:19,36.920,3.742,57.875,0,0,1485796,839548,171816,5428860,10753.791,9565.356,0,303.345,0,3.991,3020,2116,2.230,1.290,0.690,2,0,0,0,0,11,30,1,15,0
13-03 15:38:20,37.705,3.995,56.683,0,0,1451360,873784,171816,5429060,15670.496,12380.381,0,363.571,0,27.967,6191,7758,2.230,1.290,0.690,4,0,0,0,0,11,28,1,16,0
13-03 15:38:21,58.678,31.596,9.529,0,0,1477708,847404,171816,5429092,2431.362,1528.628,0,48.146,0,12.036,5663,4586,2.210,1.300,0.700,6,0,579.755,0,0,11,28,1,16,0
13-03 15:38:22,88.280,12.004,0.250,0,0,1638328,686768,171816,5429108,2935.983,2235.748,0,0,0,0,4713,2293,2.210,1.300,0.700,6,0,1.000,0,0,11,29,1,16,0
13-03 15:38:23,87.748,9.750,3.000,0,0,1742012,583052,171816,5429128,24251.557,22538.588,0,267.995,0,14.000,6177,5366,2.210,1.300,0.700,6,0,0,0,0,11,33,1,16,0
13-03 15:38:24,80.490,9.999,8.249,0.500,0,1733688,591136,171832,5429352,23722.998,21475.282,0,6071.232,0,97.988,7770,10238,2.210,1.300,0.700,8,0,74.991,0,0,11,30,1,20,0
13-03 15:38:25,28.211,13.481,56.672,0,0,1475528,849256,171836,5429388,7212.013,5851.896,0,52842.821,0,274.620,5030,5377,2.210,1.300,0.700,2,0,234.675,0,0,11,28,1,22,0
13-03 15:38:26,22.181,3.738,73.024,0,0,1469804,854976,171840,5429388,2572.052,1615.009,0,151.532,0,9.969,1873,1395,2.110,1.290,0.700,2,0,0,0,0,11,28,1,22,0
13-03 15:38:27,18.014,2.252,78.310,0.250,0,1471616,853160,171840,5429392,7318.647,6246.820,0,668.516,0,43.033,2227,2174,2.110,1.290,0.700,1,0,0,0,0,11,29,1,22,0
13-03 15:38:28,15.745,6.998,75.974,0,0,1438480,886272,171844,5429412,5349.156,4023.613,0,91.968,0,11.996,3167,2955,2.110,1.290,0.700,3,0,67.977,0,0,11,28,1,23,0
13-03 15:38:29,22.459,3.494,73.365,0,0,1481128,843624,171844,5429412,4281.097,1455.314,0,0,0,0,1708,1062,2.110,1.290,0.700,3,0,0,0,0,11,28,1,23,0
13-03 15:38:30,18.052,3.009,78.728,0.251,0,1479636,845104,171848,5429420,8372.290,7477.694,0,30941.768,0,186.541,2253,2300,2.110,1.290,0.700,1,0,0,0,0,11,29,1,23,0
13-03 15:38:31,12.528,12.277,73.913,0.251,0,1449308,875408,171848,5429444,6214.710,2876.345,0,300.663,0,29.064,4165,3591,1.940,1.270,0.700,2,0,209.462,0,0,11,28,1,20,0
13-03 15:38:32,11.501,27.003,59.506,0,0,1422804,901900,171852,5429452,2760.296,1620.174,0,204.022,0,15.002,6004,4482,1.940,1.270,0.700,3,0,535.057,0,0,11,28,1,20,0
13-03 15:38:33,74.563,23.270,2.752,0,0.250,1498232,826436,171856,5429484,2942.478,1663.401,0,584.492,0,42.035,5093,3569,1.940,1.270,0.700,5,0,295.249,0,0,11,28,1,20,0
13-03 15:38:34,87.263,8.251,3.751,0,0.250,1657684,666972,171856,5429492,12331.852,11427.716,0,116.017,0,10.002,4837,2523,1.940,1.270,0.700,6,0,0,0,0,11,31,1,20,0
13-03 15:38:35,79.125,8.237,10.733,1.498,0,1683528,641028,171856,5429696,31731.002,29925.846,0,5770.907,0,385.393,7773,10176,1.940,1.270,0.700,5,0,0,0,0,11,32,1,19,0
13-03 15:38:36,77.347,17.272,5.507,0,0,1546532,777968,171868,5429740,15385.196,12741.898,0,620.775,0,65.081,7321,9260,1.950,1.290,0.710,6,0,214.267,0,0,11,28,1,20,0
13-03 15:38:37,84.515,15.253,0,0,0,1603772,720632,171868,5429836,2580.456,1620.287,0,724.128,0,13.002,4978,3019,1.950,1.290,0.710,6,0,96.017,0,0,11,28,1,20,0
13-03 15:38:38,88.955,10.245,0.250,0,0,1738408,585852,171872,5429976,14697.537,13776.005,0,507.742,0,11.994,5152,3230,1.950,1.290,0.710,6,0,0,0,0,11,32,1,20,0
13-03 15:38:39,84.433,8.993,5.995,0,0,1769956,554100,171872,5430172,37348.296,34283.733,0,211.832,0,9.992,7618,11373,1.950,1.290,0.710,9,0,0,0,0,11,32,1,19,0
13-03 15:38:40,69.812,14.513,15.514,0.250,0,1601972,721876,171888,5430364,20019.817,18483.449,0,664.591,0,37.033,7817,10242,1.950,1.290,0.710,3,0,248.221,0,0,11,29,1,21,0
13-03 15:38:41,52.768,9.210,37.585,0,0,1523156,800672,171888,5430384,4732.223,2861.437,0,195.143,0,9.956,3721,2314,1.950,1.300,0.710,3,0,49.781,0,0,11,28,1,22,0
13-03 15:38:42,35.316,4.759,59.362,0,0,1536624,787196,171888,5430392,10902.509,9963.743,0,112.211,0,7.013,3035,2183,1.950,1.300,0.710,2,0,1.002,0,0,11,30,1,22,0
13-03 15:38:43,34.764,12.505,50.520,0.250,0,1464044,859740,171892,5430424,13740.438,11466.538,0,1032.409,0,66.026,6514,7689,1.950,1.300,0.710,6,0,242.096,0,0,11,28,1,24,0
13-03 15:38:44,61.965,15.241,22.237,0,0,1509324,814428,171892,5430456,2775.422,1619.079,0,3.998,0,0.999,3932,2058,1.950,1.300,0.710,3,0,135.923,0,0,11,28,1,24,0
13-03 15:38:45,60.243,7.499,31.996,0,0,1566192,757544,171892,5430472,15367.287,14062.433,0,2071.769,0,95.989,4792,10586,1.950,1.300,0.710,4,0,35.996,0,0,11,31,1,25,0
13-03 15:38:46,51.392,7.771,39.609,0.501,0,1451832,871708,171900,5430660,19306.158,17687.702,0,529.458,0,55.152,8148,10646,2.110,1.340,0.730,3,0,82.226,0,0,11,28,1,26,0
13-03 15:38:47,79.022,19.505,1.500,0,0,1526768,796752,171900,5430680,2646.744,1686.474,0,220.062,0,13.004,4944,2574,2.110,1.340,0.730,4,0,176.050,0,0,11,28,1,25,0
13-03 15:38:48,72.739,7.499,19.747,0,0,1623968,699532,171908,5430692,17362.477,17153.507,0,143.979,0,8.999,5035,3360,2.110,1.340,0.730,3,0,0,0,0,11,32,1,25,0
13-03 15:38:49,64.527,5.730,28.900,0,0,1623728,699532,171948,5430892,27365.615,23647.440,0,829.140,0,56.804,8662,11161,2.110,1.340,0.730,5,0,0,0,0,11,29,1,27,0
13-03 15:38:50,66.235,21.828,10.788,0,0,1520064,803160,171952,5430924,7094.218,4318.351,0,1549.508,0,135.482,5138,4286,2.110,1.340,0.730,4,0,325.156,0,0,11,28,1,28,0
13-03 15:38:51,57.396,5.989,36.684,0,0,1547720,775492,171956,5430932,8243.062,8225.095,0,155.718,0,7.986,3321,1376,2.190,1.370,0.750,3,0,0,0,0,11,31,1,26,0
13-03 15:38:52,51.563,5.507,41.801,0.250,0,1549676,773476,171964,5430984,22084.133,20136.741,0,536.659,0,39.048,7035,8801,2.190,1.370,0.750,3,0,1.001,0,0,11,30,1,27,0
13-03 15:38:53,61.101,17.956,20.201,0,0,1443864,879124,171964,5431148,7837.935,5678.188,0,291.291,0,26.934,5556,4892,2.190,1.370,0.750,4,0,298.274,0,0,11,28,1,28,0
13-03 15:38:54,63.828,6.508,29.536,0.250,0,1577048,745908,171972,5431156,7685.357,7619.276,0,148.180,0,8.010,3651,1332,2.190,1.370,0.750,1,0,0,0,0,11,31,1,28,0
13-03 15:38:55,45.992,4.749,47.742,0.250,0,1573724,749180,171976,5431204,20182.415,17256.934,0,559.901,0,35.994,5914,7221,2.190,1.370,0.750,2,0,0,0,0,11,30,1,29,0
13-03 15:38:56,59.876,19.291,20.042,0,0,1473928,848656,171984,5431516,9299.544,8111.046,0,400.842,0,26.055,6016,5861,2.090,1.360,0.750,3,0,287.604,0,0,11,28,1,31,0
13-03 15:38:57,66.680,7.742,25.224,0,0,1541476,781088,171988,5431496,3050.812,2354.539,0,211.779,0,11.987,3707,1499,2.090,1.360,0.750,1,0,1.998,0,0,11,30,1,31,0
13-03 15:38:58,44.190,4.244,50.182,0,0,1541536,780864,171992,5431656,21377.831,19993.720,0,683.068,0,42.941,5310,5975,2.090,1.360,0.750,3,0,0,0,0,11,31,1,31,0
13-03 15:38:59,58.143,12.781,28.069,0,0,1492160,830180,172008,5431700,9824.110,8104.891,0,340.836,0,37.091,6075,6074,2.090,1.360,0.750,3,0,112.276,0,0,11,28,1,33,0
13-03 15:39:00,64.711,7.467,26.880,0,0,1580900,741436,172012,5431700,4054.894,3641.738,0,119.467,0,8.960,3611,1284,2.090,1.360,0.750,3,0,0,0,0,11,29,1,33,0
13-03 15:39:01,49.209,5.745,45.711,0.250,0,1585348,736940,172012,5431748,21182.143,19621.459,0,579.511,0,48.959,5813,6800,2.160,1.390,0.760,4,0,0,0,0,11,30,1,34,0
13-03 15:39:02,64.259,24.348,11.044,0,0,1506652,815588,172024,5431784,8983.185,7485.151,0,349.407,0,33.133,6577,6757,2.160,1.390,0.760,9,0,451.820,0,0,11,28,1,35,0
13-03 15:39:03,79.347,20.275,0,0,0.250,1592456,729736,172024,5431832,3067.742,1716.094,0,172.210,0,10.012,5311,4005,2.160,1.390,0.760,8,0,297.363,0,0,11,28,1,35,0
13-03 15:39:04,82.414,17.232,0.250,0,0,1717120,605052,172048,5431828,10944.547,8169.451,0,415.565,0,25.973,5470,4235,2.160,1.390,0.760,6,0,285.701,0,0,11,30,2,35,0
13-03 15:39:05,78.494,18.499,3.000,0,0,1772204,549768,172060,5432016,30356.627,29368.704,0,175.986,0,12.999,6354,6591,2.160,1.390,0.760,10,0,362.972,0,0,11,33,1,35,0
13-03 15:39:06,81.092,16.717,1.996,0,0,1746624,575112,172076,5432236,26486.379,23724.761,0,730.576,0,66.870,7286,8388,2.630,1.500,0.800,6,0,234.543,0,0,11,31,1,35,0
13-03 15:39:07,83.653,15.779,0.501,0,0,1572688,748988,172076,5432304,10382.997,8772.050,0,312.572,0,35.064,6060,5351,2.630,1.500,0.800,7,0,198.363,0,0,11,28,1,36,0
13-03 15:39:08,84.872,10.983,3.245,0,0,1648616,673040,172076,5432324,12981.439,10722.842,0,75.886,0,3.994,4999,3146,2.630,1.500,0.800,6,0,25.961,0,0,11,31,1,36,0
13-03 15:39:09,79.474,9.527,10.780,0,0,1683172,638292,172076,5432516,30368.547,28817.177,0,790.226,0,1.003,6168,8830,2.630,1.500,0.800,3,0,36.102,0,0,11,32,1,37,0
13-03 15:39:10,58.743,19.998,20.248,0,0,1561700,759688,172076,5432592,24107.295,20784.668,0,11.999,0,3.000,7866,10286,2.630,1.500,0.800,7,0,406.954,0,0,11,29,1,40,0
13-03 15:39:11,13.752,16.752,68.759,0,0,1456388,864980,172088,5432592,3759.505,2649.356,0,212.028,0,16.002,4987,3975,2.580,1.510,0.800,1,0,285.038,0,0,11,28,1,41,0
13-03 15:39:12,45.507,35.505,18.503,0,0,1473824,847460,172096,5432668,2820.414,1620.238,0,204.030,0,21.003,5927,5305,2.580,1.510,0.800,7,0,762.112,0,0,11,28,1,39,0
13-03 15:39:13,79.869,12.479,7.238,0,0,1572600,748656,172096,5432696,7291.999,6989.497,0,0,0,0,4728,2621,2.580,1.510,0.800,3,0,118.804,0,0,11,30,1,39,0
13-03 15:39:14,65.008,6.001,28.253,0.250,0,1598796,722264,172112,5432876,21834.670,20012.447,0,768.094,0,58.007,5853,6749,2.580,1.510,0.800,4,0,1.000,0,0,11,33,1,40,0
13-03 15:39:15,66.837,16.021,16.271,0.501,0,1522068,798896,172164,5432920,13108.002,10939.189,0,2819.657,0,203.264,6680,8154,2.580,1.510,0.800,4,0,202.262,0,0,11,32,1,43,0
13-03 15:39:16,82.724,12.246,4.499,0,0,1577600,743348,172164,5432936,5258.349,3975.752,0,119.962,0,8.997,4680,2105,2.690,1.550,0.820,6,0,66.979,0,0,11,33,1,42,0
13-03 15:39:17,68.398,7.489,23.964,0,0,1611816,709088,172164,5432980,23636.896,20590.420,0,119.822,0,5.991,6096,6275,2.690,1.550,0.820,6,0,0,0,0,11,36,1,42,0
13-03 15:39:18,55.797,5.254,37.281,0,0,1615872,704804,172164,5433208,33881.279,31305.129,0,116.097,0,8.007,10856,15443,2.690,1.550,0.820,2,0,0,0,0,11,36,1,42,0
13-03 15:39:19,66.361,9.979,22.453,0.249,0,1582692,737736,172192,5433428,25761.180,22077.875,0,415.133,0,44.906,9569,13511,2.690,1.550,0.820,4,0,59.875,0,0,11,33,1,42,0
13-03 15:39:20,83.617,12.267,4.256,0,0,1533540,786872,172200,5433436,6946.762,5762.097,0,232.326,0,21.030,5089,3085,2.690,1.550,0.820,4,0,60.084,0,0,11,33,1,41,0
13-03 15:39:21,73.460,7.996,17.990,0,0,1621632,698756,172200,5433460,18175.133,16219.195,0,3194.266,0,123.933,5222,4312,2.720,1.580,0.830,7,0,0,0,0,11,36,1,41,0
13-03 15:39:22,57.339,6.760,35.305,0,0,1624676,695480,172208,5433684,30740.657,28691.481,0,124.193,0,6.009,9241,13274,2.720,1.580,0.830,7,0,1.002,0,0,11,36,1,41,0
13-03 15:39:23,60.122,8.482,29.438,0,0,1570248,749688,172208,5433904,32788.402,29477.430,0,115.754,0,7.983,11072,15474,2.720,1.580,0.830,4,0,70.850,0,0,11,34,1,43,0
13-03 15:39:24,79.372,17.026,3.505,0,0,1493952,825948,172208,5433940,8283.747,6866.566,0,144.222,0,10.015,5576,4537,2.720,1.580,0.830,4,0,189.291,0,0,11,32,1,43,0
13-03 15:39:25,79.326,7.983,13.221,0,0,1613328,706552,172212,5433956,12702.217,11799.193,0,115.747,0,7.983,4764,2717,2.720,1.580,0.830,4,0,0,0,0,11,35,1,43,0
13-03 15:39:26,59.194,5.769,33.610,0,0,1621188,698488,172212,5434160,28229.602,26356.457,0,128.421,0,3.010,7644,10186,2.660,1.580,0.840,3,0,0,0,0,11,36,1,43,0
13-03 15:39:27,66.176,10.738,21.975,0,0,1596248,723368,172212,5434220,21904.504,18871.896,0,211.763,0,23.973,8775,12045,2.660,1.580,0.840,4,0,67.924,0,0,11,32,1,45,0
13-03 15:39:28,86.257,13.001,0.500,0,0,1557928,761544,172216,5434360,3055.234,2235.171,0,108.008,0,7.001,4868,2127,2.660,1.580,0.840,3,0,60.005,0,0,11,33,1,39,0
13-03 15:39:29,65.881,7.237,26.951,0,0,1623156,696288,172216,5434388,20214.426,16785.629,0,167.697,0,13.975,4260,3496,2.660,1.580,0.840,4,0,0,0,0,11,36,1,39,0
13-03 15:39:30,72.469,13.244,13.494,0.250,0,1566204,753168,172228,5434448,18523.116,16915.801,0,391.833,0,39.983,6558,8646,2.660,1.580,0.840,6,0,119.949,0,0,11,34,1,41,0
13-03 15:39:31,79.034,7.253,13.756,0,0,1636152,683040,172228,5434628,21613.290,19284.289,0,152.065,0,10.004,6449,7902,2.770,1.620,0.860,4,0,0,0,0,11,33,1,42,0
13-03 15:39:32,70.880,13.775,14.276,0,0,1563248,755904,172228,5434668,15480.336,14616.756,0,296.543,0,36.066,5787,5171,2.770,1.620,0.860,4,0,142.260,0,0,11,34,1,42,0
13-03 15:39:33,78.528,11.254,10.254,0,0.250,1576072,743048,172228,5434700,15221.498,13293.802,0,112.040,0,8.003,5803,5816,2.770,1.620,0.860,4,0,79.029,0,0,11,33,1,44,0
13-03 15:39:34,78.325,9.728,11.225,0,0,1629064,689900,172232,5434852,14290.009,12745.467,0,115.741,0,6.984,5140,4497,2.770,1.620,0.860,3,0,6.984,0,0,11,33,1,45,0
13-03 15:39:35,75.982,11.034,13.040,0,0,1556084,762844,172232,5434888,15264.550,13170.163,0,112.343,0,8.024,5149,4149,2.770,1.620,0.860,4,0,68.208,0,0,11,34,1,46,0
13-03 15:39:36,71.983,8.248,18.496,0.250,0,1557688,761160,172244,5434956,18449.593,16727.004,0,331.921,0,36.991,6804,7529,2.790,1.650,0.870,3,0,4.999,0,0,11,33,1,46,1
13-03 15:39:37,57.261,11.701,30.373,0,0,1599404,719420,172248,5434972,12896.074,11172.282,0,493.935,0,54.771,5140,4455,2.790,1.650,0.870,4,0,132.446,0,0,11,33,1,48,0
13-03 15:39:38,58.269,12.558,29.134,0.251,0.251,1533772,784912,172248,5435112,10038.319,7115.834,0,241.113,0,22.102,4559,3269,2.790,1.650,0.870,4,0,120.556,0,0,11,33,1,49,0
13-03 15:39:39,56.315,5.482,37.128,0,0,1554760,763860,172252,5435168,14081.637,12503.832,0,1343.576,0,17.941,3869,3717,2.790,1.650,0.870,3,0,0,0,0,11,34,1,50,0
13-03 15:39:40,55.950,10.241,32.721,0,0,1535700,782740,172260,5435340,17762.157,15264.385,0,207.815,0,9.991,5556,7253,2.790,1.650,0.870,4,0,95.914,0,0,11,33,1,47,0
13-03 15:39:41,59.238,10.542,29.619,0,0,1486680,831740,172260,5435360,9960.073,8442.969,0,148.598,0,9.036,4262,2943,2.720,1.650,0.880,5,0,86.347,0,0,11,33,1,48,0
13-03 15:39:42,55.931,6.960,35.796,0,0,1539620,778608,172264,5435548,11138.498,10028.824,0,238.639,0,15.909,4222,3862,2.720,1.650,0.880,3,0,0.994,0,0,11,34,1,49,0
13-03 15:39:43,38.439,7.286,53.513,0,0,1506952,811220,172264,5435596,20450.363,16785.377,0,8.039,0,2.010,5628,6634,2.720,1.650,0.880,2,0,86.424,0,0,11,34,1,49,0
13-03 15:39:44,33.668,11.223,54.119,0.249,0,1411728,906424,172268,5435612,7514.769,5415.861,0,383.071,0,33.918,4709,4429,2.720,1.650,0.880,3,0,134.673,0,0,11,32,1,48,0
13-03 15:39:45,50.702,7.992,40.712,0,0,1502164,815988,172268,5435612,4918.376,2306.831,0,147.861,0,9.991,3611,15603,2.720,1.650,0.880,1,0,35.966,0,0,11,33,1,49,0
13-03 15:39:46,32.532,4.004,62.061,0,0,1509412,808704,172272,5435644,16399.243,14387.250,0,688.682,0,45.045,4324,4915,2.590,1.640,0.880,4,0,0,0,0,11,34,1,49,0
13-03 15:39:47,37.873,11.287,50.163,0,0,1437280,880640,172276,5435836,6618.510,5589.165,0,268.874,0,16.052,4863,4518,2.590,1.640,0.880,2,0,138.450,0,0,11,32,1,51,0
13-03 15:39:48,40.574,5.476,53.020,0,0,1510276,807640,172280,5435836,4718.516,3820.415,0,151.343,0,9.957,2645,1302,2.590,1.640,0.880,2,0,0,0,0,11,33,1,49,0
13-03 15:39:49,36.886,4.015,58.968,0.251,0,1439844,878056,172280,5435852,15041.495,12517.182,0,301.111,0,28.104,3327,3854,2.590,1.640,0.880,2,0,4.015,0,0,11,33,1,50,0
13-03 15:39:50,37.263,8.503,53.268,0,0,1444348,873548,172280,5435872,7208.437,5539.873,0,208.070,0,20.007,3778,3353,2.590,1.640,0.880,2,0,61.021,0,0,11,32,1,51,0
13-03 15:39:51,41.639,4.488,53.108,0,0,1462216,855684,172280,5435864,7809.100,6553.461,0,0,0,0,2821,1705,2.540,1.650,0.880,3,0,1.995,0,0,11,33,0,51,0
13-03 15:39:52,35.054,3.756,59.591,0,0,1462628,855228,172280,5435900,20863.930,16196.788,0,3793.806,0,168.258,4947,6063,2.540,1.650,0.880,1,0,1.002,0,0,11,33,0,52,0
13-03 15:39:53,38.033,8.007,53.047,0.250,0,1407968,909740,172284,5436044,6210.461,4317.797,0,240.211,0,26.023,3649,3103,2.540,1.650,0.880,2,0,48.042,0,0,11,32,0,49,0
13-03 15:39:54,42.334,4.482,52.545,0,0,1454816,862880,172288,5436052,7876.202,6545.406,0,111.564,0,6.973,2722,1562,2.540,1.650,0.880,3,0,0,0,0,11,33,0,49,0
13-03 15:39:55,33.137,4.017,61.504,0.251,0,1463068,854592,172288,5436088,16203.978,14940.757,0,486.009,0,28.116,4791,5773,2.540,1.650,0.880,2,0,0,0,0,11,34,0,49,0
13-03 15:39:56,28.092,15.165,54.692,0,0,1360884,956688,172296,5436168,7441.059,5626.288,0,314.229,0,32.815,5439,5035,2.330,1.620,0.880,2,0,280.419,0,0,11,32,0,51,0
13-03 15:39:57,23.374,3.016,73.390,0.251,0,1407484,910080,172304,5436168,2936.599,1914.168,0,148.790,0,8.043,1714,1158,2.330,1.620,0.880,1,0,0,0,0,11,32,1,47,0
13-03 15:39:58,16.715,2.245,79.332,0,0,1405084,912460,172308,5436184,11028.644,9781.286,0,223.527,0,13.970,2726,3049,2.330,1.620,0.880,2,0,0,0,0,11,33,0,47,0
13-03 15:39:59,13.026,11.022,75.403,0,0,1364272,953248,172312,5436200,7145.454,4056.205,0,136.276,0,17.034,4189,3808,2.330,1.620,0.880,3,0,200.405,0,0,11,32,0,48,0
13-03 15:40:00,19.661,7.466,72.174,0,0,1419204,898312,172312,5436204,2926.791,1612.721,0,11.946,0,2.987,2546,1774,2.330,1.620,0.880,1,0,83.623,0,0,11,32,0,48,0
13-03 15:40:01,18.330,1.758,78.842,0.251,0.251,1436648,880860,172312,5436212,8203.633,6692.067,0,313.361,0,19.083,1988,1876,2.230,1.610,0.880,2,0,0,0,0,11,33,0,46,0
13-03 15:40:02,20.440,2.243,76.277,0,0,1428636,888852,172312,5436232,8794.332,7196.994,0,75.779,0,5.983,3181,3644,2.230,1.610,0.880,2,0,0.997,0,0,11,32,0,47,0
13-03 15:40:03,20.499,6.500,71.995,0.250,0,1424228,893248,172312,5436240,3063.787,1713.881,0,235.984,0,21.998,2409,1901,2.230,1.610,0.880,3,0,45.997,0,0,11,32,0,47,0
13-03 15:40:04,19.037,2.254,78.152,0,0,1440096,877248,172312,5436372,8200.965,6675.996,0,112.218,0,7.014,1851,1533,2.230,1.610,0.880,2,0,0,0,0,11,33,0,47,0
13-03 15:40:05,17.780,2.755,77.883,0,0,1433348,883972,172312,5436396,10367.763,8648.818,0,288.494,0,18.031,3797,4775,2.230,1.610,0.880,2,0,0,0,0,11,33,0,45,0
13-03 15:40:06,14.739,13.740,70.699,0,0,1368280,948892,172312,5436544,5060.374,3753.310,0,103.926,0,13.990,4625,4010,2.050,1.580,0.870,2,0,287.794,0,0,11,32,0,45,0
13-03 15:40:07,26.251,18.751,54.502,0.250,0,1399324,917804,172348,5436548,2640.116,1620.071,0,708.031,0,63.003,5134,3938,2.050,1.580,0.870,3,0,338.015,0,0,11,32,0,47,0
13-03 15:40:08,45.663,4.491,48.407,0.250,0,1499932,816700,172420,5436964,2754.732,1616.908,0,774.519,0,22.956,2905,1634,2.050,1.580,0.870,4,0,0,0,0,11,32,0,47,0
13-03 15:40:09,40.968,7.494,44.715,6.245,0,1531328,779696,173008,5441480,2975.640,1456.845,0,15667.575,0,1454.846,8810,14266,2.050,1.580,0.870,2,1,70.944,0,0,11,36,0,46,0
13-03 15:40:10,38.551,7.760,40.804,10.514,0,1499324,807628,173616,5444800,4395.869,1622.166,0,45276.449,0,3878.178,14832,29375,2.050,1.580,0.870,2,1,91.122,0,0,11,36,0,46,0
13-03 15:40:11,42.331,8.516,42.832,5.511,0,1514048,792788,173824,5444660,2584.941,1623.102,0,29484.357,0,2218.240,9792,17688,2.130,1.610,0.890,2,0,25.048,0,0,11,32,0,46,0
13-03 15:40:12,45.687,4.966,47.922,0.248,0,1514012,792788,173824,5444692,2622.059,1608.991,0,798.536,0,36.749,2953,1630,2.130,1.610,0.890,3,0,0.993,0,0,11,32,0,46,0
13-03 15:40:13,41.291,7.805,44.815,5.035,0,1491436,814924,173988,5444960,2658.707,1631.479,0,9772.762,0,1459.268,9384,15910,2.130,1.610,0.890,1,1,2.014,0,0,11,34,0,41,0
13-03 15:40:14,38.754,10.001,43.755,5.251,0,1450904,854908,174280,5445204,4219.487,1620.187,0,13985.614,0,1679.194,10064,16638,2.130,1.610,0.890,2,0,91.011,0,0,11,32,0,41,0
13-03 15:40:15,23.352,3.230,72.044,0.248,0,1431540,874236,174296,5445220,2623.407,1609.818,0,1574.044,0,79.497,2119,1719,2.130,1.610,0.890,2,0,9.937,0,0,11,32,0,41,0
13-03 15:40:16,23.309,3.759,71.681,0.752,0,1471988,833764,174320,5445220,2243.660,1461.687,0,6720.954,0,362.915,2456,2876,2.200,1.630,0.900,2,0,0,0,0,11,32,0,41,0
13-03 15:40:17,22.731,3.247,73.440,0,0,1500964,804788,174320,5445220,2577.880,1618.669,0,39.967,0,1.998,1809,1169,2.200,1.630,0.900,2,0,1.998,0,0,11,32,0,37,0
13-03 15:40:18,22.956,3.493,73.109,0,0,1468688,837044,174320,5445240,2694.807,1616.884,0,35.931,0,4.990,1786,1263,2.200,1.630,0.900,2,0,0.998,0,0,11,32,0,37,0
13-03 15:40:19,22.299,3.508,73.660,0,0,1510168,795564,174320,5445240,2963.457,1623.537,0,0,0,0,1729,1109,2.200,1.630,0.900,2,0,2.004,0,0,11,32,0,37,0
13-03 15:40:20,23.257,2.751,73.022,0,0.250,1468312,837396,174320,5445264,2760.823,1620.483,0,96.029,0,3.001,1785,1264,2.200,1.630,0.900,2,0,1.000,0,0,11,32,0,37,0
13-03 15:40:21,22.950,3.492,72.342,0.748,0,1483924,821772,174332,5445264,2634.241,1616.466,0,6374.064,0,297.350,2198,2313,2.100,1.620,0.900,2,0,0,0,0,11,32,0,37,0
13-03 15:40:22,23.294,2.755,73.388,0,0,1511644,794052,174340,5445256,2448.597,1460.742,0,0,0,0,1811,1164,2.100,1.620,0.900,3,0,3.006,0,0,11,32,0,37,0
13-03 15:40:23,22.480,3.247,73.183,0,0,1470200,835368,174340,5445344,3048.221,1618.524,0,1846.317,0,186.830,1865,1265,2.100,1.620,0.900,2,0,0.999,0,0,11,32,0,37,0
13-03 15:40:24,23.509,2.751,72.777,0.250,0,1496196,809372,174340,5445344,3234.180,1620.591,0,568.207,0,31.011,2035,1687,2.100,1.620,0.900,2,0,2.001,0,0,11,32,0,37,0
13-03 15:40:25,23.789,2.504,73.369,0,0,1457712,847764,174340,5445432,3322.384,1622.629,0,36.058,0,4.006,1785,1168,2.100,1.620,0.900,2,0,1.002,0,0,11,32,0,33,0
13-03 15:40:26,21.743,4.249,72.975,0,0.250,1473780,831672,174352,5445444,2930.996,1619.445,0,0,0,0,1821,1347,2.010,1.610,0.900,2,0,1.000,0,0,11,32,0,33,0
13-03 15:40:27,21.750,3.750,73.252,0,0,1469444,835996,174352,5445456,2992.064,1620.035,0,0,0,0,1824,1326,2.010,1.610,0.900,2,0,0,0,0,11,32,0,33,0
13-03 15:40:28,22.753,3.500,73.760,0,0,1502428,803012,174352,5445456,2926.391,1566.209,0,0,0,0,1763,1118,2.010,1.610,0.900,3,0,2.000,0,0,11,32,0,33,0
13-03 15:40:29,22.993,2.999,73.227,0,0,1458732,846688,174356,5445472,3110.016,1511.522,0,0,0,0,1775,1223,2.010,1.610,0.900,1,0,1.000,0,0,11,32,0,31,0
13-03 15:40:30,23.491,2.249,73.221,0,0,1481840,823568,174356,5445484,4550.197,1661.342,0,3.998,0,1.000,1760,1236,2.010,1.610,0.900,2,0,0,0,0,11,32,0,31,0
13-03 15:40:31,21.693,3.989,73.307,0,0,1456864,848520,174356,5445508,2984.126,1615.737,0,115.695,0,1.995,1818,1260,1.930,1.600,0.900,2,0,0.997,0,0,11,32,0,31,0
13-03 15:40:32,22.326,3.763,73.500,0,0,1487748,817636,174356,5445508,2821.616,1625.540,0,0,0,0,1801,1198,1.930,1.600,0.900,1,0,3.010,0,0,11,32,0,31,0
13-03 15:40:33,20.561,6.018,72.966,0,0,1368584,936696,174364,5445600,4505.323,1624.805,0,4.012,0,1.003,2561,1667,1.930,1.600,0.900,2,0,74.219,0,0,11,32,0,31,0
13-03 15:40:34,9.248,21.245,68.734,0,0,1349352,955836,174376,5445680,3068.306,1619.634,0,1343.696,0,48.989,6088,4785,1.930,1.600,0.900,4,0,433.902,0,0,11,32,0,25,0
13-03 15:40:35,7.995,20.986,68.704,0,0,1340652,964484,174380,5445724,2682.207,1457.026,0,455.695,0,7.995,5524,3915,1.930,1.600,0.900,2,0,339.773,0,0,11,32,0,25,0
13-03 15:40:36,8.755,21.261,69.036,0,0,1357580,947528,174380,5445752,2787.443,1620.839,0,100.052,0,3.002,5854,4445,1.780,1.570,0.900,1,0,430.223,0,0,11,32,0,25,0
13-03 15:40:37,18.463,7.984,72.605,0,0,1391160,913824,174380,5445876,4227.576,1616.778,0,0,0,0,2592,1921,1.780,1.570,0.900,2,0,90.819,0,0,11,32,0,25,0
13-03 15:40:38,22.990,2.749,73.468,0.250,0,1457296,847688,174380,5445876,2818.778,1619.298,0,1955.152,0,170.926,1864,1172,1.780,1.570,0.900,2,0,1.999,0,0,11,32,0,19,0
13-03 15:40:39,23.762,3.001,73.286,0.250,0,1444696,860272,174380,5445892,4399.138,1620.788,0,668.325,0,101.049,1774,1226,1.780,1.570,0.900,1,0,2.001,0,0,11,32,0,19,0
13-03 15:40:40,22.518,3.253,73.308,0,0,1442304,862684,174380,5445872,3125.472,1621.282,0,0,0,0,1791,1278,1.780,1.570,0.900,3,0,0,0,0,11,32,0,19,0
13-03 15:40:41,23.215,2.746,73.140,0,0,1449796,855192,174380,5445872,2877.660,1617.560,0,39.940,0,2.995,1740,1146,1.710,1.560,0.900,2,0,1.997,0,0,11,32,0,19,0
13-03 15:40:42,23.021,3.754,73.068,0,0,1405424,899556,174380,5445880,2824.636,1621.513,0,4.004,0,1.001,1860,1334,1.710,1.560,0.900,2,0,2.002,0,0,11,32,0,16,0
13-03 15:40:43,22.754,3.501,73.014,0,0,1450736,854240,174380,5445880,2492.462,1512.280,0,1856.344,0,10.002,1809,1233,1.710,1.560,0.900,2,0,2.000,0,0,11,32,0,16,0
13-03 15:40:44,23.482,2.998,73.193,0,0,1430156,874808,174384,5445892,2580.991,1564.782,0,511.602,0,35.972,1890,1541,1.710,1.560,0.900,1,0,0.999,0,0,11,32,0,16,0
13-03 15:40:45,29.028,6.006,64.061,0,0,1432136,872848,174384,5445872,4324.135,1663.591,0,0,0,0,2852,11554,1.710,1.560,0.900,2,0,36.034,0,0,11,32,0,17,0
13-03 15:40:46,22.238,3.998,73.211,0,0,1455416,849568,174384,5445872,4137.816,1619.145,0,19.989,0,0.999,1797,1304,1.660,1.550,0.900,3,0,1.999,0,0,11,32,0,13,0
13-03 15:40:47,22.292,3.006,73.387,0,0,1459792,845184,174384,5445880,2644.935,1623.028,0,0,0,0,1768,1221,1.660,1.550,0.900,2,0,1.002,0,0,11,32,0,13,0
13-03 15:40:48,22.498,3.250,73.494,0,0,1490680,814296,174384,5445880,2819.755,1619.859,0,107.991,0,3.000,1706,1102,1.660,1.550,0.900,1,0,2.000,0,0,11,32,0,13,0
13-03 15:40:49,22.974,3.246,73.416,0.499,0,1445360,859604,174384,5445892,2953.606,1618.141,0,239.725,0,34.960,1714,1120,1.660,1.550,0.900,2,0,0.999,0,0,11,32,0,13,0
13-03 15:40:50,23.211,2.496,73.627,0,0,1477860,827132,174384,5445864,2815.310,1617.306,0,0,0,0,1663,1093,1.660,1.550,0.900,3,0,0,0,0,11,32,0,10,0
13-03 15:40:51,22.532,3.255,73.103,0,0,1495256,809736,174384,5445864,2555.589,1460.050,0,28.039,0,1.001,1715,1129,1.600,1.540,0.900,2,0,2.003,0,0,11,32,0,10,0
13-03 15:40:52,22.979,3.247,73.183,0,0,1461364,843684,174384,5445804,2443.773,1618.525,0,0,0,0,1749,1172,1.600,1.540,0.900,4,0,1.998,0,0,11,32,0,10,0
13-03 15:40:53,23.496,3.000,73.739,0,0,1479256,825792,174384,5445804,2759.579,1619.753,0,47.993,0,1.000,1697,1093,1.600,1.540,0.900,6,0,2.000,0,0,11,32,0,10,0
13-03 15:40:54,24.023,2.252,72.820,0.250,0,1439676,865264,174392,5445904,3089.983,1621.565,0,580.560,0,36.035,1910,1575,1.600,1.540,0.900,3,0,1.001,0,0,11,32,0,7,0
13-03 15:40:55,22.738,3.748,73.212,0,0,1423892,881060,174392,5445892,2938.482,1619.163,0,11.994,0,0.999,1794,1237,1.600,1.540,0.900,2,0,0.999,0,0,11,32,0,7,0
13-03 15:40:56,23.256,2.751,73.017,0,0,1417724,887236,174392,5445884,2820.667,1620.383,0,0,0,0,1794,1308,1.550,1.530,0.900,2,0,0,0,0,11,32,0,7,0
13-03 15:40:57,22.020,3.753,73.318,0,0,1451048,853912,174392,5445884,2762.554,1621.499,0,0,0,0,1794,1152,1.550,1.530,0.900,3,0,2.002,0,0,11,32,0,7,0
13-03 15:40:58,23.944,2.993,73.330,0,0,1416816,888124,174392,5445904,2873.324,1658.147,0,19.954,0,0.998,1759,1148,1.550,1.530,0.900,3,0,0.998,0,0,11,32,0,5,0
13-03 15:40:59,23.286,2.504,73.363,0,0,1415056,889908,174392,5445880,2841.395,1622.510,0,36.056,0,2.003,1699,1139,1.550,1.530,0.900,3,0,0,0,0,11,32,0,5,0
13-03 15:41:00,22.256,3.751,73.521,0,0,1404320,900632,174392,5445892,2418.693,1458.418,0,212.061,0,35.010,1760,1268,1.550,1.530,0.900,2,0,1.000,0,0,11,32,0,5,0
13-03 15:41:01,21.966,3.744,73.386,0,0,1429204,875744,174392,5445896,2576.012,1617.496,0,0,0,0,1759,1116,1.510,1.520,0.900,2,0,1.997,0,0,11,32,0,5,0
13-03 15:41:02,18.563,9.783,71.240,0,0,1412876,892024,174392,5445944,2588.718,1625.474,0,108.365,0,5.017,3347,2484,1.510,1.520,0.900,2,0,186.628,0,0,11,32,0,4,0
13-03 15:41:03,13.460,14.956,70.293,0,0,1425724,879164,174392,5445956,2935.345,1708.961,0,143.577,0,5.982,4300,3274,1.510,1.520,0.900,1,0,274.192,0,0,11,32,0,4,0
13-03 15:41:04,22.501,3.000,72.503,0.250,0,1474748,830116,174396,5445976,2837.132,1620.075,0,616.029,0,39.002,1885,1620,1.510,1.520,0.900,3,0,0,0,0,11,32,0,4,0
13-03 15:41:05,25.287,1.252,73.358,0,0,1476028,828652,174400,5446156,3184.669,1622.379,0,0,0,0,1589,895,1.510,1.520,0.900,4,0,0,0,0,11,32,0,4,0
13-03 15:41:06,21.488,4.248,73.708,0,0,1457024,847556,174400,5446224,2758.438,1619.083,0,7.995,0,1.999,1844,1346,1.470,1.510,0.900,4,0,8.995,0,0,11,32,0,3,0
13-03 15:41:07,24.236,2.249,73.208,0,0,1494672,809908,174400,5446224,2416.615,1457.165,0,0,0,0,1669,1071,1.470,1.510,0.900,2,0,0,0,0,11,32,0,3,0
13-03 15:41:08,9.528,21.563,67.195,0.251,0,1463188,841248,174400,5446368,2768.035,1624.716,40.116,112.326,2.006,4.012,5500,4182,1.470,1.510,0.900,1,0,424.231,0,0,11,32,0,3,0
13-03 15:41:09,8.246,21.240,68.469,0,0,1438044,866356,174400,5446392,3015.622,1619.260,0,359.836,0,8.996,5834,4465,1.470,1.510,0.900,2,0,438.800,0,0,11,32,0,3,0
13-03 15:41:10,9.249,21.747,67.989,0,0,1415732,888636,174400,5446424,2939.534,1619.743,0,187.970,0,3.000,6007,4570,1.470,1.510,0.900,1,0,461.927,0,0,11,32,0,1,0
13-03 15:41:11,10.003,21.756,67.518,0,0,1402248,902072,174400,5446448,4441.158,1620.422,0,1172.306,0,44.011,5778,4282,1.430,1.510,0.900,1,0,432.113,0,0,11,32,0,1,0
13-03 15:41:12,8.255,22.763,67.789,0,0,1392216,912044,174400,5446500,2701.546,1620.928,0,1016.582,0,12.007,5906,4471,1.430,1.510,0.900,3,0,447.256,0,0,11,32,0,1,0
13-03 15:41:13,7.990,21.724,68.917,0,0,1382428,921800,174400,5446528,2996.377,1618.044,0,918.889,0,9.988,5841,4289,1.430,1.510,0.900,1,0,433.476,0,0,11,32,0,1,0
13-03 15:41:14,7.503,21.508,69.777,0,0,1378360,925840,174400,5446556,2704.047,1458.565,0,560.217,0,49.019,5900,4472,1.430,1.510,0.900,2,0,435.169,0,0,11,32,0,1,0
13-03 15:41:15,8.745,21.487,68.710,0,0,1381260,922904,174400,5446592,2784.371,1619.053,0,307.820,0,8.995,5884,4541,1.430,1.510,0.900,2,0,445.739,0,0,11,32,0,1,0
13-03 15:41:16,9.262,22.530,67.841,0,0.250,1376456,927688,174400,5446612,2549.427,1622.181,0,52.070,0,13.017,6142,4803,1.400,1.500,0.900,1,0,508.684,0,0,11,32,0,1,0
13-03 15:41:17,12.502,24.003,62.258,0,0,1357476,946620,174420,5446652,2632.321,1620.198,0,384.047,0,17.002,6096,4957,1.400,1.500,0.900,2,0,483.059,0,0,11,32,0,3,0
13-03 15:41:18,45.103,26.912,26.912,0.249,0,1434748,869292,174452,5446676,4357.778,1614.730,0,901.059,0,55.818,6234,5374,1.400,1.500,0.900,3,0,531.266,0,0,11,32,0,7,0
13-03 15:41:19,66.581,9.011,24.029,0,0,1574136,729180,174540,5447308,3072.726,1621.967,0,204.248,0,8.010,3605,1570,1.400,1.500,0.900,4,0,0,0,0,11,32,0,7,0
13-03 15:41:20,60.598,8.013,23.037,7.011,0,1663656,631964,175100,5453680,2834.599,1460.369,372.605,18285.666,3.005,1517.462,9482,14560,1.400,1.500,0.900,6,1,55.089,0,0,11,38,0,7,0
13-03 15:41:21,44.674,11.980,31.446,9.484,0.250,1613128,673068,175892,5461648,3046.801,1617.240,0,63208.147,0,4532.267,17840,34595,1.530,1.520,0.910,4,1,138.763,0,0,11,36,0,8,0
13-03 15:41:22,47.273,11.255,26.012,13.506,0.250,1654176,621184,176296,5471752,2641.264,1620.776,0,87369.807,0,6244.988,19884,40886,1.530,1.520,0.910,5,0,88.042,0,0,11,36,0,8,0
13-03 15:41:23,43.472,9.244,32.229,11.992,0,1660524,606076,176552,5479924,9557.740,8408.493,0,74271.355,0,5716.256,20061,38903,1.530,1.520,0.910,2,1,35.976,0,0,11,37,0,8,0
13-03 15:41:24,43.753,17.251,29.002,9.251,0,1522468,738048,176940,5485388,6034.367,4112.250,0,50763.086,0,3724.226,15214,28676,1.530,1.520,0.910,3,1,245.015,0,0,11,34,0,9,0
13-03 15:41:25,45.054,19.774,22.026,9.511,0,1583780,669824,177156,5492128,2875.424,1621.931,296.353,49054.408,4.005,3328.964,16698,30103,1.530,1.520,0.910,9,0,202.241,0,0,11,34,0,9,0
13-03 15:41:26,49.047,16.766,24.023,9.009,0,1614760,635048,177296,5495324,7997.610,6669.347,1097.044,43898.774,15.014,3560.388,15224,28061,1.720,1.560,0.930,3,0,154.147,0,0,11,35,0,9,0
13-03 15:41:27,33.001,10.750,42.752,10.250,0,1615308,631268,177396,5498340,10303.408,8714.345,668.026,41813.655,12.000,3508.139,16460,30885,1.720,1.560,0.930,2,1,148.006,0,0,11,35,0,9,0
13-03 15:41:28,33.220,5.995,47.208,9.741,0,1613640,633632,177560,5497444,10361.733,8867.070,0,41978.456,0,3648.737,16763,31693,1.720,1.560,0.930,2,0,17.984,0,0,11,34,0,9,0
13-03 15:41:29,39.670,9.231,38.921,9.730,0,1568112,677204,177784,5499168,3162.620,1682.606,0,39061.199,0,3489.959,15384,27830,1.720,1.560,0.930,5,0,65.867,0,0,11,34,0,9,0
13-03 15:41:30,35.852,7.521,44.376,10.781,0,1598700,646040,177892,5499600,5401.338,4030.445,0,43455.402,0,3831.882,16155,29621,1.720,1.560,0.930,1,1,30.085,0,0,11,35,0,9,0
13-03 15:41:31,42.392,5.735,40.147,8.478,0,1593004,649716,177952,5501504,9087.787,7519.792,0,32313.461,0,3030.260,14095,25999,1.830,1.590,0.940,2,1,32.916,0,0,11,37,0,9,0
13-03 15:41:32,34.838,6.266,47.370,9.524,0,1587744,652408,178012,5503948,12615.938,10763.248,0,38264.870,0,3523.921,16974,31923,1.830,1.590,0.940,2,0,55.140,0,0,11,37,0,9,0
13-03 15:41:33,33.968,10.990,42.710,9.491,0,1521612,715672,178096,5506676,5968.383,4457.805,0,46112.602,0,3811.413,15522,29796,1.830,1.590,0.940,4,1,112.894,0,0,11,36,0,10,0
13-03 15:41:34,38.526,8.506,40.027,11.008,0,1561140,673316,178204,5509300,3079.101,1621.106,0,49117.508,0,4206.870,15088,30745,1.830,1.590,0.940,2,0,48.033,0,0,11,36,0,10,0
13-03 15:41:35,36.877,8.223,42.110,9.967,0,1575608,655828,178260,5512180,7859.816,6479.415,0,45073.843,0,3937.882,15942,30949,1.830,1.590,0.940,3,0,89.701,0,0,11,37,0,10,0
13-03 15:41:36,34.592,7.269,45.120,10.277,0,1571216,658200,178280,5514128,11879.687,8661.102,0,49941.208,0,4195.190,17224,32493,2.080,1.640,0.960,1,1,39.104,0,0,11,37,0,10,0
13-03 15:41:37,34.274,7.255,46.282,9.507,0,1571420,662568,178292,5509532,10766.386,9043.204,0,51291.186,0,4120.827,18213,34731,2.080,1.640,0.960,2,1,9.006,0,0,11,36,0,10,0
13-03 15:41:38,38.001,9.000,42.002,9.000,0,1526488,707540,178316,5509456,2700.104,1620.062,0,38617.484,0,3415.131,13732,26343,2.080,1.640,0.960,3,0,69.003,0,0,11,34,0,12,0
13-03 15:41:39,35.742,11.997,49.989,0.750,0,1436324,797664,178316,5509496,5101.841,3976.096,0,6934.424,0,372.915,4926,4551,2.080,1.640,0.960,2,0,196.955,0,0,11,33,0,12,0
13-03 15:41:40,20.453,2.993,74.330,0.249,0,1435556,798404,178316,5509524,11629.438,10162.788,0,1316.992,0,65.850,3656,4215,2.080,1.640,0.960,2,0,14.966,0,0,11,33,0,12,0
13-03 15:41:41,18.721,2.496,76.633,0.250,0,1433496,800432,178316,5509556,12563.851,10970.280,0,619.056,0,36.944,4546,5691,1.990,1.630,0.970,2,0,0,0,0,11,32,0,13,0
13-03 15:41:42,20.292,6.012,72.650,0,0,1391052,842872,178316,5509560,2645.453,1623.346,0,885.826,0,36.074,2479,1697,1.990,1.630,0.970,3,0,56.116,0,0,11,32,0,13,0
13-03 15:41:43,18.231,2.497,78.169,0.250,0,1419804,813988,178316,5509692,7578.128,6494.254,0,483.498,0,29.969,2021,1829,1.990,1.630,0.970,2,0,0.999,0,0,11,33,0,13,0
13-03 15:41:44,20.812,4.012,74.221,0.752,0,1394064,839440,178320,5509976,6797.273,5390.076,0,4533.521,0,264.790,3627,4246,1.990,1.630,0.970,1,0,26.078,0,0,11,32,0,14,0
13-03 15:41:45,25.753,5.751,67.259,0,0,1454056,779448,178320,5512592,2786.362,1662.216,0,260.034,0,34.004,2474,5220,1.990,1.630,0.970,4,0,42.005,0,0,11,32,0,14,0
13-03 15:41:46,21.659,2.987,74.438,0,0,1457832,775668,178320,5509980,8014.414,6635.194,0,0,0,0,2347,4548,1.990,1.640,0.970,2,0,1.992,0,0,11,33,0,15,0
13-03 15:41:47,16.817,6.275,75.801,0,0,1451420,782072,178320,5509988,4380.370,3314.142,0,261.035,0,26.104,2959,2785,1.990,1.640,0.970,1,0,60.239,0,0,11,32,0,15,0
13-03 15:41:48,21.970,3.246,73.900,0,0,1447792,785696,178320,5509988,4802.528,2305.892,0,107.855,0,8.988,1634,1066,1.990,1.640,0.970,1,0,0,0,0,11,33,0,15,0
13-03 15:41:49,17.782,2.004,79.644,0,0,1447648,785696,178320,5510132,11637.095,9857.870,0,224.407,0,15.027,2834,3398,1.990,1.640,0.970,1,0,0,0,0,11,33,0,15,0
13-03 15:41:50,19.680,5.730,73.490,0,0,1427440,805888,178320,5510148,4642.591,3301.331,0,1215.703,0,10.961,2582,2112,1.990,1.640,0.970,2,0,42.849,0,0,11,32,0,16,0
13-03 15:41:51,18.779,2.253,77.870,0.250,0,1464320,769004,178320,5510152,5948.198,3842.943,0,108.167,0,4.006,1508,1003,1.910,1.630,0.970,1,0,0,0,0,11,33,0,16,0
13-03 15:41:52,16.981,2.247,78.910,0,0,1455896,777284,178320,5510296,10325.190,8936.778,0,1390.410,0,157.819,3029,3431,1.910,1.630,0.970,2,0,0,0,0,11,33,0,16,0
13-03 15:41:53,14.285,13.533,71.425,0.251,0,1418012,815068,178320,5510408,4525.115,2920.173,0,352.867,0,24.059,4479,3625,1.910,1.630,0.970,2,0,224.552,0,0,11,32,0,17,0
13-03 15:41:54,12.250,24.500,61.999,0.250,0,1409432,823576,178324,5510476,2896.956,1619.976,0,395.994,0,30.000,6100,4683,1.910,1.630,0.970,3,0,500.992,0,0,11,32,0,19,0
13-03 15:41:55,63.043,12.008,24.016,0.250,0,1473228,759576,178340,5510660,2847.944,1621.107,0,10651.270,0,404.276,4886,3785,1.910,1.630,0.970,4,0,74.051,0,0,11,32,0,23,0
13-03 15:41:56,66.649,8.737,23.714,0.250,0,1594548,636860,178396,5511960,2560.116,1455.791,0,1369.922,0,62.905,3690,1676,2,1.650,0.980,3,0,1.997,0,0,11,32,0,23,0
13-03 15:41:57,70.506,5.750,23.752,0.250,0,1689344,539616,178476,5513988,2786.242,1662.144,0,4904.426,0,169.015,4167,2152,2,1.650,0.980,4,0,0,0,0,11,32,0,23,0
13-03 15:41:58,59.716,6.496,28.484,3.498,0,1778056,444388,178612,5519972,2638.508,1619.084,0,16202.837,0,1168.339,8286,11111,2,1.650,0.980,5,0,65.963,0,0,11,38,0,23,0
13-03 15:41:59,30.718,7.492,43.204,13.985,0,1774292,437848,178688,5529876,2893.945,1618.291,0,76507.228,0,5645.040,21704,42392,2,1.650,0.980,1,1,191.798,0,0,11,38,0,23,0
13-03 15:42:00,28.083,9.027,45.635,13.791,0,1774244,429028,178752,5538348,2707.995,1624.797,0,92982.507,0,6781.019,23082,46278,2,1.650,0.980,3,0,186.551,0,0,11,38,0,23,0
13-03 15:42:01,42.447,8.489,34.207,12.734,0,1774108,421216,178804,5545996,2636.691,1617.970,0,81985.119,0,6442.915,21064,42984,2.160,1.690,1,3,2,149.812,0,0,11,38,0,23,0
13-03 15:42:02,43.199,12.985,28.466,11.986,0.250,1698164,487012,178888,5555652,2996.448,1618.082,0,81934.876,0,6008.877,20356,41057,2.160,1.690,1,5,0,215.744,0,0,11,36,0,23,0
13-03 15:42:03,48.679,9.486,29.207,9.736,0,1745636,431320,178916,5563592,2971.637,1603.646,0,72261.907,0,4905.797,16766,32790,2.160,1.690,1,4,0,16.975,0,0,11,36,0,23,0
13-03 15:42:04,42.614,9.470,32.148,11.463,0,1783200,384740,178940,5572248,2933.655,1561.027,0,80495.572,0,5675.919,19196,38091,2.160,1.690,1,2,1,29.905,0,0,11,36,0,23,0
13-03 15:42:05,51.113,9.568,27.193,10.575,0,1798676,364516,178964,5576828,2840.147,1631.574,0,71620.038,0,5644.036,19477,38727,2.160,1.690,1,2,0,98.700,0,0,11,38,0,23,0
13-03 15:42:06,38.501,13.500,46.001,1.000,0,1486144,677040,178972,5576820,2846.086,1620.049,0,6320.190,0,491.015,5679,5890,2.470,1.760,1.030,1,0,253.008,0,0,11,32,0,23,0
13-03 15:42:07,18.924,7.470,72.211,0.747,0,1519164,644012,178972,5576828,2715.139,1613.545,0,1529.880,0,88.645,2798,2259,2.470,1.760,1.030,2,0,77.689,0,0,11,32,0,23,0
13-03 15:42:08,23.525,3.504,72.077,0.250,0,1557468,605704,178976,5576828,2728.896,1621.721,0,5726.078,0,334.355,2286,2419,2.470,1.760,1.030,2,0,0,0,0,11,32,0,23,0
13-03 15:42:09,23.488,2.499,72.964,0,0,1577088,586072,178976,5576836,2895.571,1619.201,0,39.980,0,3.998,1929,1489,2.470,1.760,1.030,2,0,1.999,0,0,11,38,0,23,0
13-03 15:42:10,22.238,3.748,72.959,0.250,0,1500460,662700,178976,5576836,2818.432,1619.099,0,147.918,0,11.993,2191,1527,2.470,1.760,1.030,2,0,26.985,0,0,11,32,0,23,0
13-03 15:42:11,23.539,3.506,72.118,0,0,1499424,663708,178976,5576836,2421.971,1460.394,0,32.053,0,4.007,1889,1200,2.350,1.750,1.030,2,0,7.011,0,0,11,32,0,23,0
13-03 15:42:12,23.660,2.989,71.976,0,0,1537356,625728,178976,5576884,2629.991,1613.858,0,3.985,0,0.996,1765,1183,2.350,1.750,1.030,2,0,0,0,0,11,32,0,23,0
13-03 15:42:13,22.135,5.282,72.946,0,0,1481372,681692,178980,5576896,2897.737,1629.977,0,523.202,0,70.431,2495,1907,2.350,1.750,1.030,1,0,40.246,0,0,11,32,0,23,0
13-03 15:42:14,15.248,38.744,44.743,0,0,1470124,692892,178980,5576940,2956.534,1619.745,0,259.959,0,26.996,7445,6761,2.350,1.750,1.030,2,0,955.849,0,0,11,32,0,23,0
13-03 15:42:15,9.502,25.755,63.263,0.250,0,1458484,704496,178980,5576976,2880.573,1620.322,0,516.103,0,65.013,6081,4590,2.350,1.750,1.030,2,0,563.112,0,0,11,32,0,23,0
13-03 15:42:16,8.740,20.726,69.171,0,0,1453400,709500,178980,5577056,2696.917,1618.150,0,15.982,0,3.995,5841,4405,2.160,1.720,1.020,2,0,428.510,0,0,11,32,0,23,0
13-03 15:42:17,8.508,21.271,69.068,0,0,1417544,745312,178980,5577088,2642.612,1621.603,0,80.079,0,10.010,5442,3943,2.160,1.720,1.020,1,0,330.326,0,0,11,32,0,23,0
13-03 15:42:18,14.225,19.716,65.637,0,0,1412432,750380,178980,5577540,2653.414,1455.484,0,1213.902,0,164.715,6097,5671,2.160,1.720,1.020,1,0,272.529,0,0,11,32,0,23,0
13-03 15:42:19,27.263,13.507,57.278,0,0,1421372,741440,178984,5577464,2778.358,1620.792,0,4.002,0,1.000,5049,5722,2.160,1.720,1.020,3,0,146.071,0,0,11,32,0,23,0
13-03 15:42:20,46.612,7.727,45.865,0,0,1494680,668060,178992,5577636,2632.223,1615.228,0,47.859,0,1.994,3093,1507,2.160,1.720,1.020,3,0,44.867,0,0,11,33,0,17,0
13-03 15:42:21,44.429,6.739,48.423,0,0,1568012,594636,178992,5577684,4253.241,1617.430,0,239.619,0,5.990,2733,1201,2.150,1.730,1.030,3,0,0,0,0,11,33,0,17,0
13-03 15:42:22,45.741,5.529,48.254,0.251,0,1632928,529472,179012,5577844,4101.577,1628.567,0,723.808,0,44.233,3865,3238,2.150,1.730,1.030,2,0,19.100,0,0,11,49,0,17,0
13-03 15:42:23,44.442,7.490,46.440,0,0,1664180,493888,179064,5581768,2696.494,1617.897,0,1705.782,0,143.813,6644,10134,2.150,1.730,1.030,3,0,49.935,0,0,11,48,0,18,0
13-03 15:42:24,11.478,20.211,66.371,0,0,1679668,478316,179068,5582240,2550.050,1455.175,0,3.992,0,0.998,6099,5652,2.150,1.730,1.030,2,0,352.316,0,0,11,48,0,16,0
13-03 15:42:25,16.485,8.992,73.431,0.250,0,1681664,476292,179068,5581808,4315.961,1618.485,0,163.847,0,7.993,3518,4164,2.150,1.730,1.030,1,0,88.917,0,0,11,48,0,16,0
13-03 15:42:26,0.250,0.750,97.219,0,0,1681664,476292,179068,5581808,2839.104,1619.489,0,319.899,0,16.995,843,1260,1.980,1.700,1.020,1,0,2.999,0,0,11,48,0,16,0
13-03 15:42:27,1.002,0.752,97.698,0,0,1681664,476292,179068,5581808,2645.371,1623.296,0,36.073,0,4.008,768,1058,1.980,1.700,1.020,1,0,2.004,0,0,11,48,0,16,0
13-03 15:42:28,0.500,0.751,98.341,0,0,1681620,476332,179068,5581812,2702.500,1621.500,0,0,0,0,747,1004,1.980,1.700,1.020,1,0,2.002,0,0,11,48,0,16,0
13-03 15:42:29,1.996,1.996,94.827,0,0,1670120,487844,179068,5581804,2771.935,1617.045,0,0,0,0,1237,1468,1.980,1.700,1.020,1,0,28.947,0,0,11,48,0,16,0
13-03 15:42:30,17.804,15.798,65.700,0,0,1693372,464560,179068,5582244,2708.241,1667.073,0,4.012,0,1.003,5620,7866,1.980,1.700,1.020,1,0,250.763,0,0,11,48,0,16,0
13-03 15:42:31,14.238,11.740,73.437,0,0,1709812,447976,179068,5581952,2425.908,1456.743,0,2162.135,0,15.986,3854,3437,1.900,1.690,1.020,3,0,176.847,0,0,11,48,0,16,0
13-03 15:42:32,15.700,21.682,60.559,0.249,0,1713920,443816,179068,5582440,4655.312,1852.156,0,454.566,0,31.899,6677,7397,1.900,1.690,1.020,2,0,345.909,0,0,12,64,0,16,0
13-03 15:42:33,19.064,12.793,68.230,0.251,0,1680328,477388,179068,5581992,2709.115,1625.469,0,421.418,0,28.095,4567,5840,1.900,1.690,1.020,2,0,143.483,0,0,12,64,0,16,0
13-03 15:42:34,5.253,9.755,83.292,0.250,0,1682012,475680,179068,5582020,2958.490,1620.816,0,5382.710,0,373.188,2957,2815,1.900,1.690,1.020,1,0,189.095,0,0,12,64,0,16,0
13-03 15:42:35,20.994,14.496,63.480,0,0,1680128,477408,179068,5582604,2879.114,1661.489,0,27.991,0,5.998,5978,7948,1.900,1.690,1.020,3,0,179.945,0,0,14,64,0,16,0
13-03 15:42:36,10.760,16.015,71.566,0,0,1689284,468200,179068,5582200,2642.428,1621.490,0,8.007,0,2.002,4812,3895,1.830,1.670,1.020,1,0,300.276,0,0,14,66,0,15,0
13-03 15:42:37,9.238,20.224,68.911,0,0,1671920,485532,179068,5582232,2636.584,1659.850,0,31.959,0,7.990,5442,3876,1.830,1.670,1.020,3,0,329.573,0,0,14,66,0,15,0
13-03 15:42:38,17.766,15.764,65.308,0,0,1673864,483580,179068,5582588,2360.095,1459.295,0,12.011,0,3.003,6090,6945,1.830,1.670,1.020,5,0,203.180,0,0,14,66,0,15,0
13-03 15:42:39,27.225,17.734,53.950,0,0,1693924,463496,179076,5582264,2714.481,1618.498,0,211.803,0,9.991,5275,4897,1.830,1.670,1.020,3,0,278.741,0,0,14,66,0,15,0
13-03 15:42:40,29.540,23.782,45.312,0,0,1752220,405148,179076,5582316,4253.789,1622.207,0,328.447,0,6.008,5769,4082,1.830,1.670,1.020,2,0,359.489,0,0,14,66,0,13,0
13-03 15:42:41,30.760,24.508,44.014,0,0,1802024,354496,179136,5583068,2700.848,1620.509,0,28.009,0,4.001,6759,6531,1.840,1.680,1.020,1,0,477.150,0,0,14,66,0,13,0
13-03 15:42:42,30.738,23.991,44.233,0,0,1896848,258808,179156,5583796,4198.369,1709.336,0,43.983,0,10.996,6176,5230,1.840,1.680,1.020,4,0,344.866,0,0,14,70,0,15,0
13-03 15:42:43,38.386,19.941,39.633,0,0,1965336,190260,179156,5584252,2751.862,1615.223,0,929.252,0,30.909,6127,7994,1.840,1.680,1.020,2,0,253.251,0,0,14,70,0,15,0
13-03 15:42:44,62.781,18.934,18.934,0,0,1985944,182516,176876,5573688,4381.692,1614.360,0,7350.321,0,470.357,4777,3867,1.840,1.680,1.020,6,0,276.036,0,0,14,70,0,15,0
13-03 15:42:45,58.117,22.140,14.340,4.529,0,2092080,154792,170408,5503460,2674.875,1509.523,48.305,32.203,8.051,8.051,5259,4070,1.840,1.680,1.020,1,3,323.038,0,0,14,70,0,13,0
13-03 15:42:46,65.698,18.985,12.240,2.748,0,2144484,151788,169044,5456520,2637.932,1618.731,247.806,83.934,11.991,9.992,6484,17273,2.170,1.750,1.050,4,0,164.871,0,0,14,70,0,14,0
13-03 15:42:47,67.115,26.197,4.241,1.996,0,2214932,138732,168516,5400828,2574.833,1616.755,1165.661,846.302,77.844,51.896,5479,4421,2.170,1.750,1.050,5,0,403.191,0,0,14,70,0,14,0
13-03 15:42:48,69.633,21.291,4.008,5.260,0,2297632,221132,169816,5238516,2765.284,1623.101,2140.089,921.761,146.280,49.094,5988,6093,2.170,1.750,1.050,5,0,245.469,0,0,14,74,0,14,0
13-03 15:42:49,77.481,19.432,2.242,0.747,0.249,2459208,137988,169564,5162044,2886.969,1614.390,159.446,4041.955,19.931,314.906,7439,8687,2.170,1.750,1.050,6,1,213.259,0,0,14,74,0,12,0
13-03 15:42:50,63.181,23.474,8.491,2.747,0,2513960,147344,169044,5100044,2637.103,1618.222,663.271,29995.047,38.957,2078.716,13501,22149,2.170,1.750,1.050,4,1,274.698,0,0,14,76,0,12,0
13-03 15:42:51,73.531,21.081,3.513,1.255,0,2599952,132940,168696,5031068,5709.829,1626.217,8.031,17751.867,2.008,1761.735,12825,22011,2.400,1.810,1.070,6,0,230.883,0,0,14,76,0,12,0
13-03 15:42:52,73.510,20.003,5.751,1.000,0,2663320,140156,168860,4961420,2358.330,1548.217,168.024,2676.375,17.002,156.022,7709,11237,2.400,1.810,1.070,5,0,201.028,0,0,14,80,0,15,0
13-03 15:42:53,76.140,20.471,1.498,1.248,0,2741660,123844,168872,4900688,2756.030,1617.670,1030.516,1262.182,49.928,66.904,8463,11134,2.400,1.810,1.070,4,1,294.576,0,0,14,91,0,19,0
13-03 15:42:54,52.185,25.089,22.078,0.753,0,2820160,189352,168872,4760216,2847.106,1625.771,56.199,104.370,5.018,11.039,8131,11174,2.400,1.810,1.070,3,0,379.347,0,0,14,93,0,19,0
13-03 15:42:55,37.499,19.749,41.749,0.250,0,2857288,222360,168872,4691764,2939.912,1619.952,47.999,19.999,3.000,5.000,5996,5915,2.400,1.810,1.070,3,0,244.993,0,0,14,95,0,19,0
13-03 15:42:56,55.534,15.689,25.899,2.241,0,2943224,197876,168876,4631556,2868.860,1613.734,3099.962,6909.171,34.865,340.677,5787,6761,2.770,1.890,1.100,4,0,186.277,0,0,14,96,0,19,0
13-03 15:42:57,55.988,7.748,35.493,0,0,3045304,159772,168880,4569104,2819.420,1619.667,3.999,143.970,1.000,5.999,4415,6189,2.770,1.890,1.100,3,0,8.998,0,0,14,98,0,16,0
13-03 15:42:58,28.589,12.288,57.679,1.254,0,3080988,190584,168896,4504036,3024.400,1625.051,8.025,1448.502,2.006,87.271,4678,4001,2.770,1.890,1.100,1,0,139.433,0,0,14,101,0,17,0
13-03 15:42:59,8.253,19.758,71.030,0,0,3089516,182024,168896,4504068,2736.137,1458.606,4.002,60.025,1.000,7.003,5427,3985,2.770,1.890,1.100,1,0,316.131,0,0,14,101,0,17,0
13-03 15:43:00,8.477,19.199,70.561,0.249,0,3090708,180800,168896,4504100,2632.961,1615.681,0,10523.867,0,553.520,5716,4084,2.770,1.890,1.100,4,0,342.086,0,0,14,101,0,17,0
13-03 15:43:01,13.966,13.717,71.077,0,0,3125308,146168,168896,4504116,2573.737,1616.067,0,1284.873,0,4.988,3811,2770,2.630,1.880,1.100,3,0,192.531,0,0,14,101,0,17,0
13-03 15:43:02,20.236,2.748,74.449,1.499,0,3165768,171944,168900,4440124,4130.161,3589.532,11.992,59.959,1.999,1.999,1670,1230,2.630,1.880,1.100,1,0,0,0,0,14,102,0,17,0
13-03 15:43:03,21.317,2.759,73.983,0.502,0,3169980,167660,168904,4440192,25034.747,22653.256,44.139,585.843,5.016,44.139,2948,3094,2.630,1.880,1.100,2,0,4.013,0,0,14,109,0,18,0
13-03 15:43:04,20.542,7.014,72.147,0,0,3134392,203228,168904,4440212,3203.542,1623.315,4.008,132.270,1.002,16.033,2454,1885,2.630,1.880,1.100,1,0,65.133,0,0,14,113,0,18,0
13-03 15:43:05,19.012,2.502,77.801,0,0,3168880,168732,168904,4440220,5787.771,4011.614,0,96.063,0,12.008,1715,1387,2.630,1.880,1.100,3,0,0,0,0,14,114,0,18,0
13-03 15:43:06,19.417,2.240,76.423,0.498,0.249,3169624,167976,168912,4440228,7079.679,5534.298,0,338.550,0,26.885,2339,2215,2.420,1.850,1.100,3,0,0.996,0,0,14,118,0,18,0
13-03 15:43:07,32.606,6.521,58.691,1.254,0,3190596,211700,168920,4377116,2829.229,1625.302,666.173,1966.415,8.026,224.733,5591,7693,2.420,1.850,1.100,2,0,7.023,0,0,14,123,0,18,0
13-03 15:43:08,28.701,3.744,64.639,1.248,0,3202092,200136,168920,4377184,4040.064,2758.265,0,1940.668,0,195.664,5373,7817,2.420,1.850,1.100,2,0,4.991,0,0,14,130,0,20,0
13-03 15:43:09,17.715,9.481,71.608,0,0,3171808,230404,168920,4377200,4448.162,1616.787,0,403.199,0,20.958,3072,2252,2.420,1.850,1.100,2,0,110.780,0,0,14,130,0,20,0
13-03 15:43:10,19.274,2.253,77.595,0.501,0,3205764,196396,168920,4377252,8683.648,7419.097,48.059,368.452,3.004,22.027,1980,1670,2.420,1.850,1.100,2,0,0,0,0,14,131,0,20,0
13-03 15:43:11,22.782,4.506,72.602,0,0,3211016,191104,168920,4377292,4580.432,3959.560,0,1806.537,0,105.148,2230,1863,2.300,1.830,1.100,1,0,6.008,0,0,14,131,0,20,0
13-03 15:43:12,19.924,4.483,73.220,0.498,0,3216216,185840,168920,4377356,3663.986,1950.539,11.954,812.891,2.989,89.657,3904,5013,2.300,1.830,1.100,6,0,0,0,0,14,131,0,20,0
13-03 15:43:13,40.290,12.012,46.045,0.500,0,3249940,214604,168924,4315944,3981.933,2882.848,0,728.720,0,68.067,4244,3659,2.300,1.830,1.100,4,0,96.095,0,0,14,130,0,21,0
13-03 15:43:14,43.710,5.527,50.995,0,0,3311816,152416,168924,4316256,4543.867,3512.906,180.870,2198.581,1.005,292.407,2929,1503,2.300,1.830,1.100,2,0,6.029,0,0,14,131,0,21,0
13-03 15:43:15,25.474,5.245,68.431,0.499,0,3243376,220848,168924,4316264,26630.331,22309.658,0,4623.370,0,74.925,2893,2178,2.300,1.830,1.100,1,0,54.945,0,0,14,130,0,22,0
13-03 15:43:16,21.939,3.490,73.048,0,0,3304580,159612,168924,4316296,2896.983,1615.530,7.978,63.823,1.994,6.981,1767,1361,2.200,1.820,1.100,3,0,0,0,0,14,130,0,22,0
13-03 15:43:17,31.370,6.776,60.732,0,0,3381220,210432,168924,4191932,26112.596,24397.053,0,329.256,0,10.038,6093,9482,2.200,1.820,1.100,2,0,28.107,0,0,14,146,0,23,0
13-03 15:43:18,22.909,6.225,69.226,0.249,0,3354764,236648,168924,4192172,2818.832,1613.607,27.890,354.595,3.984,29.882,3751,4532,2.200,1.820,1.100,3,0,52.791,0,0,14,138,0,27,0
13-03 15:43:19,17.777,2.504,79.369,0,0,3382692,208716,168924,4192176,8633.926,7295.923,0,172.258,0,9.013,1767,1424,2.200,1.820,1.100,3,0,0,0,0,14,139,0,27,0
13-03 15:43:20,20.549,3.508,73.175,1.754,0,3370288,221076,168924,4192220,6004.331,3436.201,4.010,5208.431,1.002,487.163,3412,4292,2.200,1.820,1.100,2,0,32.077,0,0,14,138,0,28,0
13-03 15:43:21,19.945,6.233,73.298,0.249,0,3427020,164328,168924,4192220,2632.752,1615.553,0,327.100,0,15.956,2291,1740,2.180,1.820,1.100,2,0,49.863,0,0,14,138,0,28,0
13-03 15:43:22,21.028,2.003,75.350,0.250,0,3438408,152920,168924,4192256,8490.243,7880.436,0,1550.053,0,88.117,2345,2368,2.180,1.820,1.100,1,0,1.001,0,0,14,139,0,28,0
13-03 15:43:23,20.214,5.740,72.869,0,0,3381684,209596,168924,4192304,20394.412,18021.669,0,223.599,0,20.962,2822,2459,2.180,1.820,1.100,2,0,56.898,0,0,14,138,0,29,0
13-03 15:43:24,19.246,2.250,77.734,0,0,3422496,168784,168924,4192304,5249.911,4010.168,0,0,0,0,1639,1184,2.180,1.820,1.100,2,0,0,0,0,14,139,0,29,0
13-03 15:43:25,20.534,4.758,72.121,1.753,0,3421440,169752,168928,4192388,10461.479,5971.978,4.007,3778.313,1.002,364.609,4579,6726,2.180,1.820,1.100,2,0,1.002,0,0,14,140,0,29,0
13-03 15:43:26,23.484,6.496,67.204,0.749,0,3394796,196256,168928,4192528,5700.139,2858.064,0,1478.998,0,157.893,5704,8062,2.730,1.940,1.140,2,0,52.964,0,0,14,139,0,30,0
13-03 15:43:27,23.978,3.996,70.935,0,0,3411692,179204,168928,4192684,2415.788,1456.666,0,347.682,0,18.983,2049,1879,2.730,1.940,1.140,3,0,0,0,0,14,139,0,30,0
13-03 15:43:28,19.233,2.498,78.180,0.250,0,3419304,171420,168928,4192856,12686.718,9762.319,0,283.748,0,16.985,2060,1771,2.730,1.940,1.140,3,0,0,0,0,14,140,0,30,0
13-03 15:43:29,21.842,4.519,71.300,0.502,0,3420304,170388,168928,4192888,4925.755,3534.895,4.017,1044.401,1.004,113.478,4412,5930,2.730,1.940,1.140,2,0,0,0,0,14,140,0,30,0
13-03 15:43:30,26.763,5.003,66.033,0.750,0,3424852,165800,168928,4192928,2581.295,1620.813,0,840.422,0,88.044,5950,8542,2.730,1.940,1.140,2,0,0,0,0,14,140,0,30,0
13-03 15:43:31,33.343,7.962,56.484,0.498,0,3401072,189524,168932,4192980,3334.284,2474.337,0,3141.194,0,295.607,6867,8984,2.750,1.960,1.150,2,0,68.676,0,0,14,141,0,31,0
13-03 15:43:32,24.590,3.262,71.513,0.251,0,3418112,234320,168932,4132716,2779.222,2317.524,0,385.418,0,23.085,2002,1776,2.750,1.960,1.150,1,0,0,0,0,14,142,0,31,0
13-03 15:43:33,17.973,2.996,76.886,0.499,0,3423272,229056,168932,4132820,10751.998,9355.077,27.958,906.651,3.994,108.838,3146,3754,2.750,1.960,1.150,2,0,1.997,0,0,14,142,0,31,2
13-03 15:43:34,17.743,9.246,69.971,0.750,0,3388688,263620,168932,4132840,3898.368,2657.887,0,5221.814,0,312.869,4109,4601,2.750,1.960,1.150,2,0,146.938,0,0,14,141,0,32,2
13-03 15:43:35,21.209,3.244,75.354,0.250,0,3437072,215236,168932,4132840,4494.284,3585.047,0,247.520,0,13.973,1767,1217,2.750,1.960,1.150,1,0,0,0,0,14,142,0,32,2
13-03 15:43:36,23.811,2.506,72.435,0.251,0.251,3441056,211216,168932,4132860,12741.455,11293.768,0,1387.534,0,88.225,3185,3680,2.610,1.940,1.150,3,0,0,0,0,14,142,0,32,2
13-03 15:43:37,26.313,5.012,65.407,0.752,0,3442268,209956,168932,4132908,2658.383,1690.058,0,1443.466,0,140.337,5577,7489,2.610,1.940,1.150,3,0,1.002,0,0,14,142,0,32,2
13-03 15:43:38,25.164,8.795,63.765,0.489,0,3438632,213420,168948,4133064,2579.905,1583.124,152.449,504.254,19.545,41.044,5067,6612,2.610,1.940,1.150,4,1,2.932,0,0,14,142,0,32,2
13-03 15:43:39,40.321,14.801,42.107,1.276,0,3372744,278528,168948,4133844,4721.132,3517.626,477.728,1306.605,96.975,125.557,9315,12813,2.610,1.940,1.150,5,0,241.926,0,0,14,141,0,33,2
13-03 15:43:40,30.941,7.236,60.135,0.499,0,3423492,227652,168948,4133892,2543.141,1882.404,0,874.330,0,75.855,4341,5024,2.610,1.940,1.150,2,0,49.905,0,0,14,141,0,33,2
13-03 15:43:41,20.247,2.000,76.739,0.250,0,3447924,203220,168948,4133892,9701.632,7342.964,0,1059.851,0,29.996,2006,1546,2.480,1.930,1.150,2,0,0,0,0,14,142,0,33,2
13-03 15:43:42,19.065,9.532,69.988,0,0,3384604,266484,168948,4133948,4081.886,3259.087,0,437.488,0,23.079,3956,3430,2.480,1.930,1.150,1,0,146.498,0,0,14,141,0,32,2
13-03 15:43:43,9.264,20.030,69.103,0,0,3369032,281916,168952,4134068,2643.948,1622.422,0,436.652,0,27.040,5719,4472,2.480,1.930,1.150,1,0,354.529,0,0,14,143,0,32,2
13-03 15:43:44,16.740,17.240,64.712,0.250,0,3378468,272332,168952,4134560,2655.460,1619.061,0,1403.186,0,82.952,5665,6205,2.480,1.930,1.150,2,0,209.878,0,0,14,145,0,32,0
13-03 15:43:45,26.239,17.742,54.726,0,0,3430132,220644,168952,4134244,2758.803,1731.249,3.998,115.950,1.000,6.997,5823,5925,2.480,1.930,1.150,5,0,304.868,0,0,14,145,0,32,0
13-03 15:43:46,38.775,24.766,35.773,0.250,0,3472756,177852,168952,4134328,2669.752,1621.064,8.005,364.239,1.001,20.013,6464,16545,2.440,1.930,1.160,4,0,407.267,0,0,14,145,0,32,0
13-03 15:43:47,39.265,19.508,39.015,0.250,0,3510544,200776,168964,4075632,2641.018,1620.624,80.031,452.174,5.002,28.011,7508,9701,2.440,1.930,1.160,2,0,270.104,0,0,14,151,0,32,0
13-03 15:43:48,42.015,17.403,40.275,0,0,3573476,196944,168964,4017944,2810.294,1449.897,55.689,0,2.983,0,4975,4494,2.440,1.930,1.160,7,0,287.394,0,0,16,151,0,32,0
13-03 15:43:49,60.336,26.146,13.324,0,0,3683576,174580,168972,3930976,2973.581,1629.084,52.292,518.893,5.028,35.196,7890,11128,2.440,1.930,1.160,5,0,406.265,0,0,16,157,0,32,0
13-03 15:43:50,59.065,21.184,18.442,0.249,0,3756284,146952,168972,3886672,2751.364,1704.649,27.912,622.047,3.987,33.894,6839,7970,2.440,1.930,1.160,19,0,272.146,0,0,16,157,0,32,0
13-03 15:43:51,51.409,20.062,28.087,0.251,0,3799752,154728,168972,3835744,2888.913,1625.014,8.025,690.129,2.006,44.136,7762,9992,2.810,2.010,1.190,5,0,267.826,0,0,16,173,0,32,0
13-03 15:43:52,37.745,23.747,37.995,0.250,0,3836420,213700,168972,3741704,2699.639,1619.783,7.999,475.936,2.000,31.996,6344,5490,2.810,2.010,1.190,5,0,429.942,0,0,16,173,0,32,0
13-03 15:43:53,27.488,22.990,47.979,0,0,3879152,170532,168976,3742172,2638.854,1689.266,7.997,439.809,1.999,30.987,5933,4952,2.810,2.010,1.190,2,0,366.841,0,0,17,173,0,32,0
13-03 15:43:54,21.174,14.946,63.023,0.249,0,3883796,165860,168976,3742292,4289.567,1614.192,3.986,330.810,0.996,27.900,5914,7695,2.810,2.010,1.190,3,0,164.408,0,0,17,175,0,23,0
13-03 15:43:55,29.222,21.230,47.455,0,0,3926964,177012,168976,3689244,3968.201,1456.606,7.992,223.786,1.998,17.983,6132,4806,2.810,2.010,1.190,3,0,357.658,0,0,17,175,0,23,0
13-03 15:43:56,33.943,23.960,41.181,0,0,3976024,179304,168976,3639456,4133.076,1617.291,3.993,11173.282,0.998,958.394,7103,6313,2.740,2.010,1.190,4,0,355.405,0,0,17,175,0,23,0
13-03 15:43:57,49.855,16.034,33.571,0.251,0,4055740,159344,168992,3580708,2465.208,1623.429,144.305,2469.216,5.011,39.083,6261,8992,2.740,2.010,1.190,4,0,153.324,0,0,17,193,0,23,0
13-03 15:43:58,32.328,25.060,42.101,0.752,0,4100300,193924,168992,3503456,2465.919,1623.898,32.077,244.587,2.005,18.043,6620,6471,2.740,2.010,1.190,3,0,476.143,0,0,17,193,0,19,0
13-03 15:43:59,30.810,24.047,43.835,0.501,0,4147276,177168,168992,3474124,4285.348,1623.162,52.101,344.671,3.006,25.049,6530,5546,2.740,2.010,1.190,6,0,485.947,0,0,17,193,0,19,0
13-03 15:44:00,24.375,22.883,49.994,0.249,0,4197172,166452,168992,3435792,2686.230,1701.279,11.939,760.104,2.985,41.786,7650,9573,2.740,2.010,1.190,2,0,381.047,0,0,17,199,0,19,0
13-03 15:44:01,19.621,18.130,60.600,0.248,0,4205904,157696,168992,3436272,2622.698,1609.383,0,5932.861,0,604.015,7571,9254,2.760,2.030,1.200,15,0,272.204,0,0,17,215,0,19,0
13-03 15:44:02,32.969,12.583,52.851,0.503,0,4248136,155936,168992,3396192,2448.239,1467.736,80.534,430.858,3.020,30.200,4127,3804,2.760,2.030,1.200,5,0,123.821,0,0,17,215,0,19,0
13-03 15:44:03,43.248,6.750,44.998,4.500,0,4329076,167056,168992,3305952,2689.896,1713.934,735.972,191.993,12.000,16.999,3292,2478,2.760,2.030,1.200,3,0,2.000,0,0,17,215,0,19,0
13-03 15:44:04,44.738,6.032,45.743,3.016,0,4402060,160016,168992,3241136,2671.195,1628.655,193.026,273.453,10.053,29.155,3252,2085,2.760,2.030,1.200,3,0,2.011,0,0,17,219,0,19,0
13-03 15:44:05,40.149,4.987,52.617,0.499,0,4462912,164284,168992,3177852,2872.763,1615.929,67.829,450.864,5.985,31.920,3566,2838,2.760,2.030,1.200,2,0,5.985,0,0,17,224,0,19,0
13-03 15:44:06,31.050,19.031,49.079,0.751,0,4380164,246572,168992,3178312,2704.337,1622.602,84.135,108.173,2.003,6.010,5983,6096,2.620,2.010,1.200,5,0,334.537,0,0,17,223,0,18,0
13-03 15:44:07,40.038,25.274,32.531,1.251,0.250,4446828,178092,169008,3180112,4203.991,1621.539,900.855,1297.231,13.012,51.048,7682,8488,2.620,2.010,1.200,5,0,444.422,0,0,17,233,0,18,0
13-03 15:44:08,38.434,21.463,37.186,1.747,0,4457936,207732,169020,3140128,10856.285,9677.318,802.616,2775.216,20.964,168.709,6908,8289,2.620,2.010,1.200,3,0,275.525,0,0,17,236,0,18,0
13-03 15:44:09,58.982,18.665,21.154,0.249,0,4479724,184380,169024,3142140,3448.332,2212.945,47.783,497.738,3.982,25.882,6718,7697,2.620,2.010,1.200,6,0,189.141,0,0,17,235,0,19,0
13-03 15:44:10,75.935,13.578,7.795,2.766,0.251,4571540,172912,169024,3064892,2836.261,1719.860,321.845,341.961,12.069,12.069,4758,3492,2.620,2.010,1.200,4,0,52.300,0,0,17,238,0,19,0
13-03 15:44:11,58.179,10.940,24.365,5.221,0,4664092,159336,169056,2987892,11943.030,11503.458,1547.452,668.308,45.747,31.824,5077,4431,2.570,2.010,1.200,3,0,33.813,0,0,17,243,0,17,0
13-03 15:44:12,60.467,11.494,14.992,12.493,0,4627332,186832,169112,2997084,4250.682,2660.549,6132.656,2382.701,449.755,135.926,6569,7108,2.570,2.010,1.200,5,0,22.987,0,0,17,248,0,18,0
13-03 15:44:13,56.014,17.332,25.370,0.502,0,4682216,172344,169124,2957696,2652.514,1627.679,160.758,7615.929,18.085,36.171,6566,7036,2.570,2.010,1.200,4,0,256.209,0,0,17,247,0,22,0
13-03 15:44:14,34.684,25.202,39.175,0,0,4691324,186848,169128,2934596,12732.784,9800.361,0,291.446,0,22.956,6695,6468,2.570,2.010,1.200,7,0,380.277,0,0,17,249,0,22,0
13-03 15:44:15,41.128,15.297,42.131,0.251,0,4625960,251964,169128,2934924,5802.013,4417.715,32.100,678.105,1.003,58.181,6792,9892,2.570,2.010,1.200,4,0,158.492,0,0,17,247,0,22,0
13-03 15:44:16,61.283,25.908,11.709,0,0,4735360,255860,169128,2824200,2690.467,1614.280,7.972,290.969,1.993,16.940,6123,5720,2.690,2.040,1.220,6,0,387.627,0,0,17,247,0,22,0
13-03 15:44:17,54.879,25.059,19.546,0,0,4791404,198144,169132,2826484,10929.628,9679.697,36.085,3287.709,2.005,62.146,6891,8619,2.690,2.040,1.220,4,0,346.813,0,0,17,249,0,22,0
13-03 15:44:18,61.667,17.227,19.973,0.999,0,4764044,222508,169148,2829120,5596.491,4332.187,1126.488,854.853,52.929,51.930,7893,12062,2.690,2.040,1.220,4,0,148.800,0,0,17,251,0,26,0
13-03 15:44:19,61.888,24.555,12.528,0,0,4830024,184592,169152,2801456,2843.359,1623.631,8.018,384.861,1.002,20.045,6051,5650,2.690,2.040,1.220,3,0,403.903,0,0,17,251,0,20,0
13-03 15:44:20,55.954,21.732,21.732,0,0,4875400,203004,169156,2739280,9971.878,9671.123,235.808,515.580,11.990,33.972,6826,7578,2.690,2.040,1.220,7,0,268.781,0,0,17,254,0,22,0
13-03 15:44:21,58.104,24.544,15.528,1.503,0,4858968,213972,169156,2744300,6335.320,4486.016,849.518,933.668,29.052,46.082,15233,26603,3.030,2.130,1.250,3,0,242.433,0,0,17,259,0,23,0
13-03 15:44:22,68.666,10.907,19.335,0.248,0,4992164,156820,169156,2670140,2558.226,1606.328,3.966,13945.307,0.992,1132.362,5222,3287,3.030,2.130,1.250,5,0,14.873,0,0,17,259,0,23,0
13-03 15:44:23,56.349,6.261,34.811,1.252,0,5055352,150812,169156,2614392,17807.141,17251.169,360.631,633.107,6.011,56.098,4496,3766,3.030,2.130,1.250,3,0,5.009,0,0,17,267,0,22,0
13-03 15:44:24,60.662,11.280,24.315,3.008,0,5071588,160932,169168,2588752,5386.358,3324.863,1151.068,902.405,83.222,59.158,6896,10089,3.030,2.130,1.250,5,0,19.051,0,0,17,270,0,27,0
13-03 15:44:25,62.497,9.287,26.605,1.255,0,5101144,179672,169168,2541792,6831.975,3994.773,1080.265,995.932,21.083,74.293,5020,3978,3.030,2.130,1.250,8,0,8.032,0,0,17,273,0,28,0
13-03 15:44:26,41.733,24.990,28.489,3.499,0,5084268,194124,169316,2543980,13833.462,12496.997,2562.974,1570.371,41.983,52.979,7441,7118,2.870,2.110,1.250,4,1,444.822,0,0,17,273,0,29,0
13-03 15:44:27,53.671,27.333,17.393,0.994,0,5039828,236596,169428,2545840,2743.199,1610.138,2512.611,2488.757,47.708,241.521,7102,7788,2.870,2.110,1.250,6,0,344.888,0,0,17,277,0,27,0
13-03 15:44:28,64.095,18.097,17.343,0,0,5094800,180988,169432,2546924,10093.373,7385.787,820.420,6265.754,22.119,230.240,7046,10192,2.870,2.110,1.250,5,0,162.877,0,0,17,282,0,27,0
13-03 15:44:29,73.093,17.522,8.260,1.001,0,5168684,148500,169436,2507116,8209.395,6816.632,604.766,676.857,12.015,52.066,5894,4933,2.870,2.110,1.250,4,0,164.208,0,0,18,284,0,28,0
13-03 15:44:30,78.232,12.997,1.000,6.748,0,5194680,173968,169436,2457896,2537.408,1457.660,2655.380,487.886,123.971,17.996,5131,3037,2.870,2.110,1.250,5,0,14.996,0,0,18,284,0,28,0
13-03 15:44:31,81.733,11.248,4.749,2.749,0,5282660,167172,169452,2379220,8417.284,7344.502,1027.790,2519.486,37.992,141.971,5365,3750,3.040,2.160,1.270,5,0,8.998,0,0,18,287,0,27,0
13-03 15:44:32,69.560,13.962,14.959,0.249,0,5231844,242112,169472,2355808,7980.224,6795.457,690.117,973.344,18.948,82.774,7140,9005,3.040,2.160,1.270,5,0,143.608,0,0,18,287,0,30,0
13-03 15:44:33,45.634,11.720,39.649,1.496,0,5327156,146208,169492,2356364,6615.120,3218.787,793.974,7361.217,15.959,30.921,4405,3387,3.040,2.160,1.270,4,0,87.776,0,0,18,290,0,30,0
13-03 15:44:34,36.975,7.245,54.713,0.250,0,5311716,161624,169492,2356388,24248.819,12345.762,511.659,331.779,3.997,30.979,3685,2796,3.040,2.160,1.270,2,0,6.995,0,0,18,294,0,30,1
13-03 15:44:35,41.473,9.551,46.500,0.503,0,5283500,205312,169496,2341640,7489503.608,172242.217,563.031,667.594,7.038,66.357,15986,13790,3.040,2.160,1.270,3,0,9.049,0,0,18,295,0,30,0
13-03 15:44:36,48.742,11.498,38.244,0,0.250,5320992,183704,169496,2326596,9687503.771,228747.884,511.915,207.965,3.999,10.998,18516,11647,3.040,2.170,1.280,3,0,90.985,0,0,18,294,0,30,0
13-03 15:44:37,41.764,13.505,42.014,2.251,0,5326428,204856,169496,2300800,10790.656,10695.624,2544.862,444.150,28.009,45.015,5324,5103,3.040,2.170,1.280,4,0,176.060,0,0,18,295,0,30,0
13-03 15:44:38,42.546,6.469,48.766,0.746,0,5325600,205548,169496,2300936,6202.212,4816.865,31.847,5537.405,0.995,194.068,4306,4329,3.040,2.170,1.280,3,0,5.971,0,0,18,295,0,31,0
13-03 15:44:39,38.929,4.521,55.253,0,0.251,5369508,161448,169496,2301132,11088.871,9352.907,48.221,385.770,3.014,27.124,3516,3209,3.040,2.170,1.280,6,0,0,0,0,18,299,0,31,0
13-03 15:44:40,27.248,4.211,66.138,0.248,0,5379736,181604,169496,2271436,129313.720,4062277.892,475.600,562.794,24.771,37.652,5293,5099,3.040,2.170,1.280,2,0,0.991,0,0,18,300,0,32,0
13-03 15:44:41,12.066,3.771,80.440,0,0,5312952,248624,169500,2271336,386784.574,12415955.846,0,510.794,0,39.214,5727,3114,2.790,2.130,1.270,2,0,37.203,0,0,18,298,0,33,0
13-03 15:44:42,4.235,1.495,92.428,0.249,0,5314312,247232,169500,2271368,32897.474,2836.127,0,267.070,0,16.941,1777,2219,2.790,2.130,1.270,2,0,2.990,0,0,18,300,0,33,0
13-03 15:44:43,2.756,1.002,94.703,0,0,5314288,247232,169500,2271392,2585.546,1623.482,0,256.550,0,14.030,1239,1859,2.790,2.130,1.270,1,0,1.002,0,0,18,300,0,32,0
13-03 15:44:44,13.305,2.259,82.087,0.251,0,5312244,249268,169500,2271400,4785932.051,139150.743,0,1132.646,0,60.247,9408,6860,2.790,2.130,1.270,2,0,0,0,0,18,304,0,32,0
13-03 15:44:45,15.773,5.258,75.107,0.501,0,5308828,239728,169508,2284332,9251724.225,209489.576,16.023,632.905,1.001,64.092,15994,17230,2.790,2.130,1.270,0,0,2.003,0,0,18,307,0,32,0
13-03 15:44:46,14.991,5.996,72.707,3.998,0,5263256,281948,169508,2289796,3093750.454,65493.121,211.874,367.782,10.993,35.979,7140,8761,2.570,2.100,1.270,3,0,80.952,0,0,18,304,0,35,0
13-03 15:44:47,16.670,18.910,60.461,1.742,0,5251908,292984,169508,2287980,2746.854,1612.284,91.562,8917.323,6.967,991.256,6789,14063,2.570,2.100,1.270,5,0,419.990,0,0,18,308,0,35,0
13-03 15:44:48,25.464,2.996,70.401,0.250,0,5306064,238804,169508,2288004,2756.119,1617.722,0,267.623,0,17.975,2265,2058,2.570,2.100,1.270,4,0,0,0,0,18,308,0,35,0
13-03 15:44:49,14.353,13.849,70.757,0.252,0,5317236,227600,169508,2288036,3038.770,1631.690,0,515.694,0,34.245,4741,3932,2.570,2.100,1.270,1,0,218.566,0,0,18,308,0,35,0
13-03 15:44:50,7.985,19.964,69.624,1.497,0,5318580,226204,169508,2288088,2533.400,1455.357,11.978,16174.629,0.998,33.938,5688,4697,2.570,2.100,1.270,4,0,348.367,0,0,18,308,0,35,0
13-03 15:44:51,4.235,4.733,88.681,0,0,5302728,242044,169508,2288100,2630.534,1614.191,0,195.297,0,23.914,2482,2724,2.440,2.080,1.260,1,0,102.631,0,0,18,308,0,35,0
13-03 15:44:52,19.670,4.482,74.197,0.249,0,5339248,205432,169508,2288192,2629.271,1613.416,0,258.943,0,22.907,2474,2676,2.440,2.080,1.260,3,0,9.959,0,0,18,308,0,35,0
13-03 15:44:53,19.120,2.767,75.978,0,0,5361280,183236,169508,2288356,8472.278,7392.488,0,5035.667,0,125.791,2457,2555,2.440,2.080,1.260,2,0,2.013,0,0,18,309,0,35,0
13-03 15:44:54,19.207,7.733,71.840,0.249,0,5334676,209752,169508,2288444,6127.333,4835.215,63.858,151.662,3.991,10.976,3946,3599,2.440,2.080,1.260,3,0,109.755,0,0,18,314,0,36,0
13-03 15:44:55,12.546,14.804,69.503,1.756,0,5323428,220708,169512,2288716,2770.093,1625.924,44.161,353.287,4.015,30.110,5369,4596,2.440,2.080,1.260,1,0,173.633,0,0,18,314,0,36,0
13-03 15:44:56,13.510,16.262,69.299,0.250,0,5313860,230112,169512,2288864,2882.051,1621.154,0,300.214,0,25.018,5595,4500,2.490,2.100,1.270,1,0,202.144,0,0,18,316,0,36,0
13-03 15:44:57,20.014,9.883,67.701,0.247,0,5341860,201900,169512,2289060,2449.105,1440.999,3.953,233.248,0.988,17.790,4209,3594,2.490,2.100,1.270,5,0,117.612,0,0,18,316,0,36,0
13-03 15:44:58,24.210,4.791,70.359,0,0,5349784,225220,169512,2259100,2602.541,1634.154,96.839,12108.876,6.052,24.210,2529,2299,2.490,2.100,1.270,2,0,1.009,0,0,18,316,0,36,0
13-03 15:44:59,21.239,3.498,71.463,3.498,0,5381520,193188,169512,2259396,2835.551,1619.173,291.851,31.984,5.997,3.998,2147,1699,2.490,2.100,1.270,2,0,1.999,0,0,18,316,0,36,0
13-03 15:45:00,24.519,2.002,71.054,0.500,0,5303808,270780,169512,2259516,2702.047,1621.228,112.085,564.428,7.005,48.036,2646,2573,2.490,2.100,1.270,2,0,7.005,0,0,18,316,0,36,0
13-03 15:45:01,24.256,3.501,70.516,0.750,0,5320288,254276,169512,2259540,2700.614,1620.368,28.006,104.024,5.001,7.002,2330,1995,2.370,2.080,1.270,3,0,3.001,0,0,18,316,0,36,0
13-03 15:45:02,25.503,4.250,69.508,0.250,0,5358816,215696,169512,2259592,2710.303,1620.181,0,144.016,0,14.002,2434,2331,2.370,2.080,1.270,3,0,1.000,0,0,18,316,0,36,0
13-03 15:45:03,17.462,3.243,78.082,0,0,5379792,194684,169512,2259628,11431.343,10644.041,0,590.726,0,20.955,2488,2624,2.370,2.080,1.270,1,0,2.994,0,0,18,319,0,37,0
13-03 15:45:04,19.828,1.757,77.804,0.251,0,5385004,189464,169512,2259636,13266.879,11627.468,0,124.487,0,13.051,2491,2374,2.370,2.080,1.270,3,0,2.008,0,0,18,318,0,38,0
13-03 15:45:05,24.926,5.733,68.049,0.249,0,5336336,238060,169512,2259692,2751.885,1615.237,47.859,406.800,1.994,41.877,3156,3119,2.370,2.080,1.270,4,0,14.956,0,0,18,320,0,38,0
13-03 15:45:06,27.969,4.495,65.928,0.250,0,5341260,233020,169512,2259808,2577.171,1618.224,0,143.842,0,8.990,4114,4956,2.260,2.060,1.270,4,0,0.999,0,0,18,320,0,38,0
13-03 15:45:07,21.360,11.559,66.089,0,0,5269756,304404,169512,2259992,4161.371,1628.363,390.003,695.572,4.021,40.206,4676,4504,2.260,2.060,1.270,1,0,162.836,0,0,18,320,0,38,0
13-03 15:45:08,11.758,18.512,67.544,0,0,5269688,304160,169512,2260304,2521.636,1621.052,36.023,3894.527,3.002,495.321,6556,5948,2.260,2.060,1.270,1,0,420.273,0,0,18,320,0,38,0
13-03 15:45:09,23.867,3.232,71.353,0.249,0,5315804,258008,169536,2260316,2761.625,1611.031,0,214.804,0,9.945,2476,2120,2.260,2.060,1.270,3,0,19.889,0,0,18,320,0,38,0
13-03 15:45:10,19.281,2.504,76.875,0.250,0,5332092,238856,169832,2262884,8111.172,3706.018,124.202,456.742,5.008,25.041,2133,1906,2.260,2.060,1.270,2,0,16.026,0,0,18,321,0,38,0
13-03 15:45:11,25.240,4.498,69.473,0.250,0,5310616,256876,170172,2265876,2800.912,1793.303,0,527.795,0,5.998,2649,2335,2.160,2.040,1.270,2,0,8.997,0,0,18,320,0,38,0
13-03 15:45:12,21.706,2.994,73.352,0.249,0,5328496,237724,170180,2267140,9432.910,4617.655,3.992,411.168,0.998,5.988,2454,2274,2.160,2.040,1.270,2,0,15.968,0,0,18,321,0,36,0
13-03 15:45:13,24.302,6.263,66.894,0.251,0,5315796,245548,170708,2271372,2928.303,1797.870,0,769.657,0,12.026,10255,18955,2.160,2.040,1.270,2,0,13.028,0,0,18,320,0,36,0
13-03 15:45:14,18.732,3.746,76.175,0.250,0,5297524,263216,170744,2271924,11200.944,4622.437,51.949,791.219,7.992,15.984,2213,2033,2.160,2.040,1.270,2,0,2.997,0,0,18,321,0,36,0
13-03 15:45:15,23.575,7.022,66.461,0.502,0,5316204,244316,170788,2272096,2708.610,1625.166,0,1139.623,0,55.175,10584,19469,2.160,2.040,1.270,2,0,19.061,0,0,18,321,0,36,0
13-03 15:45:16,22.922,3.987,71.508,0,0,5292540,277864,170880,2262120,2971.940,1787.948,3.987,956.762,0.997,25.912,2326,1995,2.060,2.020,1.270,2,0,0.997,0,0,18,320,0,31,0
13-03 15:45:17,16.294,13.787,68.937,0.251,0,5282484,287952,170880,2262128,2364.430,1461.976,0,369.004,0,15.041,4713,4328,2.060,2.020,1.270,2,0,268.731,0,0,18,320,0,31,0
13-03 15:45:18,25.211,2.746,70.889,0,0,5315544,254688,170880,2262332,2695.787,1617.472,0,83.869,0,5.991,2179,1986,2.060,2.020,1.270,2,0,0,0,0,18,320,0,31,0
13-03 15:45:19,18.799,3.008,77.202,0,0,5328612,241596,170880,2262356,11663.469,10342.017,0,0,0,0,2396,2172,2.060,2.020,1.270,3,0,0,0,0,18,323,0,32,0
13-03 15:45:20,18.248,9.749,70.991,0.250,0,5312876,257280,170880,2262392,4571.434,3221.601,27.997,4.000,2.000,1.000,3434,2810,2.060,2.020,1.270,3,0,115.986,0,0,18,320,0,30,0
13-03 15:45:21,21.194,2.743,73.805,0,0,5356496,213660,170880,2262392,4421.328,3582.543,0,0,0,0,2210,1835,1.980,2.010,1.270,1,0,0,0,0,18,321,0,30,0
13-03 15:45:22,21.586,5.522,71.786,0,0,5312212,257784,170880,2262552,9986.818,8392.461,0,325.297,0,23.092,3312,3281,1.980,2.010,1.270,3,0,71.284,0,0,18,320,0,31,0
13-03 15:45:23,24.338,3.974,70.283,0.248,0,5339464,230492,170880,2262592,2741.769,1609.299,0,1068.893,0,115.234,2550,2612,1.980,2.010,1.270,2,0,1.987,0,0,18,320,0,31,0
13-03 15:45:24,17.843,2.262,78.159,0,0,5352544,217420,170880,2262596,9880.683,9304.670,0,4.021,0,1.005,2224,1976,1.980,2.010,1.270,1,0,0,0,0,18,321,0,22,0
13-03 15:45:25,22.163,5.479,69.727,0.498,0,5352052,217852,170880,2262656,9029.642,6859.142,31.875,2661.578,0.996,180.294,3534,4027,1.980,2.010,1.270,2,0,55.782,0,0,18,320,0,23,0
13-03 15:45:26,20.740,3.248,74.962,0,0,5384708,185188,170880,2262664,5237.363,4008.981,0,131.934,0,7.996,2258,2026,1.900,1.990,1.260,2,0,0,0,0,18,321,0,23,0
13-03 15:45:27,22.512,4.252,70.787,0.250,0,5355096,214748,170880,2262716,10541.521,9484.967,12.006,276.145,1.001,17.009,3021,2797,1.900,1.990,1.260,5,0,32.017,0,0,18,320,0,26,0
13-03 15:45:28,25.539,4.256,69.606,0,0,5396928,172892,170880,2262740,2583.936,1622.471,0,428.653,0,4.006,2413,2138,1.900,1.990,1.260,2,0,1.002,0,0,18,322,0,24,0
13-03 15:45:29,15.487,2.248,80.434,0,0,5399852,169956,170880,2262752,11008.966,9811.948,0,1954.396,0,314.742,2242,2068,1.900,1.990,1.260,3,0,0,0,0,18,324,0,24,0
13-03 15:45:30,18.259,6.003,75.035,0.250,0,5365644,204020,170880,2262896,5325.491,4178.955,0,380.178,0,34.016,3024,3008,1.900,1.990,1.260,2,0,47.022,0,0,18,322,0,25,0
13-03 15:45:31,23.452,2.495,72.353,0,0,5406724,162940,170880,2262896,3626.645,2370.193,0,103.790,0,5.988,2198,1814,1.830,1.970,1.260,2,0,0,0,0,18,323,0,25,0
13-03 15:45:32,20.774,2.753,74.837,0,0,5308980,260648,170880,2262932,13958.271,11128.973,0,284.331,0,20.023,2697,2653,1.830,1.970,1.260,2,0,5.006,0,0,18,322,0,28,0
13-03 15:45:33,23.290,6.261,70.121,0,0.250,5352708,216892,170880,2262960,2704.671,1622.803,0,96.166,0,13.022,2674,2372,1.830,1.970,1.260,3,0,28.048,0,0,18,322,0,24,0
13-03 15:45:34,19.707,2.495,76.085,0.249,0,5367568,202028,170880,2262964,9059.392,7780.160,0,123.732,0,10.976,2203,2029,1.830,1.970,1.260,2,0,0,0,0,18,323,0,24,0
13-03 15:45:35,14.573,8.543,75.125,0.754,0,5334484,235048,170880,2263028,7825.095,6438.166,32.161,522.611,1.005,62.311,4228,4531,1.830,1.970,1.260,3,0,143.718,0,0,18,322,0,25,0
13-03 15:45:36,4.732,2.989,79.948,10.460,0,5331468,236848,171420,2263704,7396.048,4132.382,1119.768,358.645,250.055,13.947,2232,2585,1.760,1.960,1.260,1,0,36.861,0,0,18,324,0,25,0
13-03 15:45:37,5.525,4.772,87.647,0.251,0,5323064,245180,171420,2263776,13054.083,3203.499,0,924.183,0,64.291,2756,3312,1.760,1.960,1.260,3,0,69.314,0,0,18,322,0,25,0
13-03 15:45:38,4.730,4.730,88.870,0.249,0,5326796,241284,171420,2263940,8488.704,4939.878,0,246.944,0,23.898,2494,3012,1.760,1.960,1.260,2,0,58.749,0,0,18,324,0,25,2
13-03 15:45:39,13.000,11.250,70.000,3.500,0,5334912,232280,171424,2264824,3185.015,1740.008,824.004,392.002,80.000,21.000,4492,3884,1.760,1.960,1.260,2,0,207.001,0,0,18,324,0,26,0
13-03 15:45:40,22.699,4.490,71.341,0.748,0,5339020,219776,171424,2273188,2693.980,1616.388,490.903,814.181,50.886,11.973,2511,2239,1.760,1.960,1.260,2,0,5.987,0,0,18,324,0,26,0
13-03 15:45:41,22.009,2.751,74.030,0.250,0,5347860,207888,171424,2276140,7003.859,3095.263,4.002,0,1.000,0,2441,2228,1.780,1.960,1.270,1,0,16.007,0,0,18,325,0,23,0
13-03 15:45:42,18.835,3.014,76.846,0,0,5336104,216384,171424,2279368,9827.223,4999.498,0,1032.647,0,20.090,2473,2314,1.780,1.960,1.270,2,0,4.018,0,0,18,324,0,23,0
13-03 15:45:43,16.024,10.516,69.102,2.754,0,5281972,267472,171424,2282380,2541.763,1460.162,1169.732,3116.614,18.027,98.145,4915,4737,1.780,1.960,1.270,2,0,184.273,0,0,18,324,0,23,0
13-03 15:45:44,19.751,8.000,71.003,0,0.250,5335888,213548,171424,2282388,2897.117,1620.065,0,516.021,0,7.000,3252,2774,1.780,1.960,1.270,3,0,118.005,0,0,18,324,0,23,0
13-03 15:45:45,22.211,2.995,73.120,0.749,0,5364096,185296,171424,2282432,8643.650,7332.977,31.943,2747.121,0.998,393.302,3032,3031,1.780,1.960,1.270,2,0,0,0,0,18,325,0,22,0
13-03 15:45:46,21.434,4.486,72.027,0,0,5315544,233828,171424,2282452,20351.106,18454.966,0,0,0,0,2783,2393,1.720,1.940,1.260,2,0,46.855,0,0,18,324,0,24,0
13-03 15:45:47,33.768,6.003,59.781,0,0,5339760,209588,171424,2282476,4082.150,1620.854,0,100.053,0,10.005,3526,11235,1.720,1.940,1.260,2,0,36.019,0,0,18,324,0,25,0
13-03 15:45:48,19.505,2.251,76.768,0,0,5342868,206312,171424,2282644,11638.730,10493.461,0,68.016,0,6.001,2480,2470,1.720,1.940,1.260,2,0,0,0,0,18,324,0,27,0
13-03 15:45:49,22.928,4.984,71.028,0,0,5377976,171200,171424,2282648,4443.143,1614.963,0,1738.578,0,8.972,2466,1991,1.720,1.940,1.260,2,0,13.956,0,0,18,324,0,23,0
13-03 15:45:50,20.814,2.758,76.234,0,0,5390872,158296,171424,2282656,8462.996,7769.866,0,12.037,0,2.006,2146,1741,1.720,1.940,1.260,1,0,0,0,0,18,325,0,23,0
13-03 15:45:51,24.262,4.502,67.034,1.501,0,5353152,194748,171424,2283924,4883.485,3138.597,1168.595,1864.949,48.024,195.099,5440,7780,1.580,1.910,1.260,2,0,7.004,0,0,18,326,0,24,0
13-03 15:45:52,25.187,3.990,69.328,0,0,5350164,197708,171424,2283952,4189.589,1615.984,0,458.860,0,32.918,2641,2515,1.580,1.910,1.260,3,0,0.998,0,0,18,326,0,24,0
13-03 15:45:53,21.799,3.257,73.916,0.251,0,5365856,181976,171424,2283992,11295.390,9095.445,0,445.000,0,42.095,2882,3131,1.580,1.910,1.260,1,0,2.005,0,0,18,327,0,24,0
13-03 15:45:54,21.517,3.753,71.307,1.251,0,5359892,187668,171424,2284264,6903.522,5013.010,80.064,2710.168,4.003,272.218,5230,7402,1.580,1.910,1.260,4,0,0,0,0,18,326,0,25,0
13-03 15:45:55,12.540,19.812,66.710,0,0,5291480,256060,171424,2284284,2708.535,1625.121,0,493.555,0,37.117,5908,5312,1.580,1.910,1.260,2,0,435.372,0,0,18,326,0,25,0
13-03 15:45:56,8.996,22.989,66.719,0,0,5294708,252804,171424,2284312,2638.755,1619.236,0,323.847,0,29.986,6636,5818,1.450,1.880,1.250,1,0,525.752,0,0,18,326,0,25,0
13-03 15:45:57,10.256,23.013,65.036,0.750,0,5296016,251184,171424,2284624,3860.118,1458.800,0,3706.033,0,227.125,6995,6670,1.450,1.880,1.250,1,0,512.281,0,0,18,326,0,24,0
13-03 15:45:58,9.250,22.999,66.498,0,0,5308912,238104,171424,2284808,2639.915,1619.948,0,43.999,0,11.000,6695,5905,1.450,1.880,1.250,1,0,531.983,0,0,18,326,0,24,0
13-03 15:45:59,9.000,22.249,66.997,0,0,5308448,238544,171424,2284832,4210.826,1619.933,0,207.991,0,19.999,6345,5252,1.450,1.880,1.250,2,0,479.980,0,0,18,326,0,24,0
13-03 15:46:00,8.752,22.505,67.514,0,0,5307240,239720,171424,2284864,4140.878,1620.344,0,2328.494,0,354.075,6535,5531,1.450,1.880,1.250,2,0,500.106,0,0,18,326,0,24,0
13-03 15:46:01,9.252,22.004,67.011,0,0,5291540,255392,171424,2284892,2580.421,1620.264,0,108.018,0,12.002,6597,5798,1.420,1.860,1.250,1,0,543.089,0,0,18,326,0,24,0
13-03 15:46:02,15.991,14.492,67.712,0.250,0.250,5314848,231996,171424,2284980,2758.468,1619.101,15.991,251.860,0.999,20.988,5551,5246,1.420,1.860,1.250,2,0,343.809,0,0,18,326,0,24,0
13-03 15:46:03,20.353,7.942,69.745,0.745,0,5323592,321836,171776,2196836,2922.835,1701.678,7.942,5039.507,1.986,152.893,2918,3276,1.420,1.860,1.250,2,0,4.964,0,0,18,326,0,24,0
13-03 15:46:04,25.042,3.255,69.618,0.250,0,5343688,298352,171988,2200012,2841.800,1622.741,48.081,1674.829,4.007,52.088,2771,2761,1.420,1.860,1.250,2,0,16.027,0,0,18,326,0,24,0
13-03 15:46:05,16.277,1.002,79.380,2.003,0,5354592,286564,172056,2200824,14140.120,7643.498,528.865,921.507,25.041,46.075,2195,2388,1.420,1.860,1.250,2,0,0,0,0,18,327,0,22,0
13-03 15:46:06,13.243,1.999,80.955,1.999,0,5353816,286340,172200,2201672,20453.732,13817.388,479.736,1555.143,54.970,51.971,2097,2216,1.300,1.830,1.240,2,0,0,0,0,18,327,0,22,0
13-03 15:46:07,20.266,2.002,73.810,2.752,0,5384840,254336,172280,2202564,14694.907,7961.451,772.626,1957.586,33.027,97.079,2596,2824,1.300,1.830,1.240,2,0,1.001,0,0,18,327,0,22,0
13-03 15:46:08,19.075,2.761,75.548,1.255,0,5385328,252596,172396,2203692,18089.401,12492.309,706.790,1393.500,54.214,52.206,3619,4911,1.300,1.830,1.240,2,0,1.004,0,0,18,327,0,22,0
13-03 15:46:09,18.881,2.236,75.524,1.739,0,5409728,227072,172496,2204712,15676.258,10235.528,715.493,1196.464,33.787,33.787,2678,2602,1.300,1.830,1.240,1,0,0.994,0,0,18,327,0,22,0
13-03 15:46:10,18.286,2.755,71.138,6.763,0,5407200,201844,172568,2232368,9932.288,5658.990,11806.929,945.837,128.249,38.074,2814,2832,1.300,1.830,1.240,2,0,0,0,0,18,327,0,24,0
13-03 15:46:11,25.291,3.255,68.863,0.751,0,5409916,186988,173420,2243412,3924.438,1460.396,0,1706.800,0,63.104,2809,2654,1.280,1.820,1.240,2,0,7.012,0,0,18,327,0,24,0
13-03 15:46:12,27.153,2.989,68.006,0.249,0,5415016,166840,173828,2257908,2750.140,1614.212,0,1681.970,0,54.804,2949,2980,1.280,1.820,1.240,2,0,0,0,0,18,327,0,24,0
13-03 15:46:13,25.308,3.007,70.160,0.501,0,5417412,178588,174104,2244892,2826.450,1623.705,0,922.104,0,29.066,2646,2562,1.280,1.820,1.240,2,0,1.002,0,0,18,327,0,24,0
13-03 15:46:14,23.037,3.005,70.363,1.252,0,5416768,166828,174852,2256336,2961.775,1622.616,0,3397.478,0,151.244,2857,3216,1.280,1.820,1.240,3,1,0,0,0,18,327,0,24,0
13-03 15:46:15,23.914,3.487,69.501,1.495,0,5415600,175996,175676,2248212,2809.923,1614.211,0,16297.553,0,173.378,2899,2977,1.280,1.820,1.240,2,0,0,0,0,18,327,0,24,0
13-03 15:46:16,23.824,2.759,71.221,1.003,0,5410256,170932,176388,2257716,2828.768,1625.037,0,3125.688,0,292.908,2675,2382,1.260,1.800,1.240,2,0,0,0,0,18,327,0,24,0
13-03 15:46:17,26.284,3.755,69.340,0,0,5332816,265260,176388,2240764,2865.706,1796.323,0,644.834,0,20.026,2645,2399,1.260,1.800,1.240,2,0,19.025,0,0,18,326,0,24,0
13-03 15:46:18,28.710,5.243,64.160,0,0,5395668,197940,176420,2245200,8146.540,3694.803,367.483,651.084,2.996,12.982,2933,2320,1.260,1.800,1.240,4,0,18.973,0,0,18,327,0,24,0
13-03 15:46:19,43.922,7.736,47.915,0,0,5397308,194756,176500,2246632,3138.419,1790.815,511.091,431.233,3.993,5.989,3572,2299,1.260,1.800,1.240,3,0,8.984,0,0,18,326,0,24,0
13-03 15:46:20,28.545,5.258,64.603,0.250,0,5424504,162064,176856,2251672,9732.470,4766.577,256.408,1258.000,2.003,26.041,2877,2163,1.260,1.800,1.240,2,0,20.032,0,0,18,326,0,24,1
13-03 15:46:21,23.329,6.271,68.231,0,0,5400560,185620,176896,2252020,3112.544,1733.874,0,0,0,0,9779,17738,1.240,1.790,1.240,2,0,13.044,0,0,18,326,0,24,0
13-03 15:46:22,26.103,5.966,65.381,0.249,0,5389784,196060,176960,2252292,4792.970,1610.915,0,1718.310,0,27.843,10767,19104,1.240,1.790,1.240,2,0,13.921,0,0,18,326,0,21,0
13-03 15:46:23,21.728,6.493,70.179,0.250,0,5326976,270088,176968,2241108,2909.064,1618.367,0,547.448,0,23.976,2674,2726,1.240,1.790,1.240,2,0,9.990,0,0,18,326,0,21,0
13-03 15:46:24,24.007,4.251,71.271,0.250,0,5342400,254636,176968,2241136,2897.854,1620.478,0,684.202,0,20.006,3178,3151,1.240,1.790,1.240,1,0,50.015,0,0,18,326,0,21,0
13-03 15:46:25,25.038,5.258,66.601,0,0,5353840,243316,176968,2241152,2842.324,1460.221,0,7875.982,0,258.393,10925,19470,1.240,1.790,1.240,2,0,24.037,0,0,18,326,0,21,0
13-03 15:46:26,20.706,2.994,75.089,0,0,5363404,230304,176968,2244600,8122.562,3787.868,0,283.392,0,12.972,2403,2169,1.220,1.780,1.240,2,0,15.966,0,0,18,327,0,19,0
13-03 15:46:27,25.391,3.017,70.140,0.503,0,5347152,244144,176988,2246992,2636.662,1804.032,0,1106.151,0,27.151,2682,2670,1.220,1.780,1.240,2,0,3.017,0,0,18,326,0,19,0
13-03 15:46:28,20.671,2.740,75.462,0.249,0,5357632,228308,177088,2252184,9517.653,4848.484,0,936.424,0,17.932,2431,2357,1.220,1.780,1.240,5,0,16.935,0,0,18,326,0,19,0
13-03 15:46:29,22.957,6.738,67.874,0,0,5344064,241356,177088,2252704,4388.865,1617.003,0,87.837,0,1.996,10186,18764,1.220,1.780,1.240,3,0,12.976,0,0,18,326,0,19,0
13-03 15:46:30,23.800,6.514,67.892,0,0,5347964,237368,177092,2252772,2825.929,1623.406,0,84.177,0,1.002,10432,19293,1.220,1.780,1.240,3,0,17.036,0,0,18,326,0,15,0
13-03 15:46:31,21.558,5.515,71.695,0,0,5332172,264508,177092,2241424,2887.835,1624.407,0,513.393,0,11.030,2408,2063,1.200,1.760,1.240,2,0,4.011,0,0,18,326,0,15,0
13-03 15:46:32,26.501,3.250,69.754,0.250,0,5342220,254468,177092,2241472,2538.128,1458.074,0,508.026,0,8.000,2662,2455,1.200,1.760,1.240,3,0,21.001,0,0,18,326,0,15,0
13-03 15:46:33,22.032,5.758,69.853,0,0,5334916,256956,177092,2246288,4266.286,1622.390,0,148.218,0,7.010,3482,3141,1.200,1.760,1.240,2,0,97.143,0,0,18,326,0,15,0
13-03 15:46:34,25.398,3.486,69.970,0.249,0,5336092,250168,177172,2251820,3014.951,1613.552,31.873,1936.262,0.996,56.773,2932,3013,1.200,1.760,1.240,2,0,0.996,0,0,18,326,0,12,0
13-03 15:46:35,18.243,2.499,77.471,0.500,0.250,5338284,247224,177212,2252516,13202.056,6890.420,3.999,11791.584,1.000,82.969,2538,2476,1.200,1.760,1.240,4,0,15.994,0,0,18,327,0,12,0
13-03 15:46:36,16.522,1.752,78.605,1.502,0,5350164,235076,177276,2252720,17088.868,11113.872,0,1502.010,0,60.080,2248,2458,1.180,1.750,1.230,2,0,0,0,0,18,327,0,12,0
13-03 15:46:37,11.750,1.750,83.497,1.000,0,5349276,235576,177308,2253056,68845.759,12241.602,0,2907.905,0,290.991,2477,2922,1.180,1.750,1.230,1,0,1.000,0,0,18,328,0,12,0
13-03 15:46:38,19.710,1.996,76.094,0.998,0,5374188,210332,177360,2253332,104893.500,12862.697,0,1516.898,0,68.859,2655,2921,1.180,1.750,1.230,3,0,0.998,0,0,18,328,0,10,0
13-03 15:46:39,18.032,1.503,78.890,0.501,0,5372688,211508,177444,2253556,18455.859,11494.465,0,1238.204,0,44.078,2101,1989,1.180,1.750,1.230,1,0,0,0,0,18,328,0,10,0
13-03 15:46:40,17.761,1.751,78.801,0.500,0,5389504,194104,177540,2254044,307845.543,23094.820,0,1829.174,0,69.044,2504,2299,1.180,1.750,1.230,1,0,0,0,0,18,328,0,10,0
13-03 15:46:41,9.723,1.745,85.015,1.496,0,5388896,194004,177888,2254392,116114.471,21829.740,27.923,2975.785,3.989,128.645,2449,2836,1.090,1.720,1.230,2,0,0,0,0,18,328,0,10,0
13-03 15:46:42,18.560,2.257,77.502,1.505,0,5401752,171040,177992,2264324,733098.714,29609.276,104.339,866.819,6.020,27.088,3609,3273,1.090,1.720,1.230,2,0,3.010,0,0,18,328,0,9,0
13-03 15:46:43,5.499,2.749,87.726,0.250,0,5400668,154376,178068,2281992,9547059.113,248138.998,0,6258.310,0,39.989,15879,11330,1.090,1.720,1.230,1,0,3.999,0,0,18,328,0,9,0
13-03 15:46:44,7.731,3.242,85.040,1.247,0,5400224,171536,178192,2265476,7950753.144,194974.494,163.595,12505.054,3.990,57.857,13091,8722,1.090,1.720,1.230,4,0,0.998,0,0,18,328,0,9,0
13-03 15:46:45,23.781,4.005,70.092,0.751,0,5404928,160380,178492,2271584,195186.313,5956.822,0,75507.154,0,398.523,3563,3389,1.090,1.720,1.230,1,1,1.001,0,0,18,328,0,9,0
13-03 15:46:46,23.263,4.503,70.040,0.500,0,5391768,179016,181556,2262944,2599.496,1458.840,0,4578.636,0,69.040,2676,2450,1.080,1.710,1.230,2,0,0,0,0,18,328,0,7,0
13-03 15:46:47,32.665,5.735,59.844,0.249,0,5413680,183648,181952,2236416,2812.648,1615.777,0,2150.379,0,207.458,3933,10475,1.080,1.710,1.230,3,0,35.906,0,0,18,328,0,8,0
13-03 15:46:48,25.305,3.257,69.653,0.251,0,5417088,181500,182240,2234804,2956.474,1623.555,0,926.028,0,34.075,2651,2599,1.080,1.710,1.230,2,0,0,0,0,18,328,0,8,0
13-03 15:46:49,23.753,3.250,71.259,1.000,0,5417020,163768,182944,2251688,2957.360,1620.197,0,2280.278,0,89.011,2680,2623,1.080,1.710,1.230,3,0,0,0,0,18,328,0,8,0
13-03 15:46:50,23.216,4.993,69.649,0.749,0,5414300,182260,183752,2235268,3115.481,1617.654,0,13760.043,0,140.796,2715,2524,1.080,1.710,1.230,2,0,0,0,0,18,328,0,5,0
13-03 15:46:51,24.298,3.256,70.889,0.501,0,5411760,188748,184964,2230216,4268.394,1623.192,0,969.907,0,39.077,2575,2319,1.070,1.700,1.220,2,0,0,0,0,18,328,0,5,0
13-03 15:46:52,27.233,2.498,68.957,0.250,0,5407848,185208,185272,2237196,2656.345,1457.092,0,1922.802,0,33.979,2934,3178,1.070,1.700,1.220,3,0,0.999,0,0,18,328,0,5,0
13-03 15:46:53,24.475,3.746,69.680,0.999,0,5408320,186292,186028,2235104,2697.274,1618.364,0,2081.896,0,77.921,3056,3203,1.070,1.700,1.220,2,0,1.998,0,0,18,328,0,5,0
13-03 15:46:54,22.786,3.255,72.114,0.501,0,5405908,176016,186720,2246816,3208.058,2700.258,0,1746.754,0,58.092,2643,2542,1.070,1.700,1.220,2,0,1.002,0,0,18,329,0,4,0
13-03 15:46:55,21.998,2.500,73.243,0.250,0,5323108,293408,186720,2212284,8499.194,3204.696,0,13522.718,0,350.967,2650,2420,1.070,1.700,1.220,2,0,2.000,0,0,18,326,0,4,0
13-03 15:46:56,20.196,3.989,75.050,0,0,5353236,263268,186724,2212292,7167.924,3720.099,0,3.989,0,0.997,2384,2132,1.070,1.680,1.220,3,0,32.912,0,0,18,327,0,4,0
13-03 15:46:57,25.914,2.264,70.195,0.252,0,5353980,256624,186808,2218048,4262.014,1871.864,0,1223.757,0,11.070,2543,2259,1.070,1.680,1.220,2,0,2.013,0,0,18,326,0,4,0
13-03 15:46:58,20.149,3.234,75.372,0.249,0,5374268,236304,186808,2218080,9464.537,4603.912,0,1528.336,0,164.177,2426,2385,1.070,1.680,1.220,3,0,16.915,0,0,18,327,0,4,0
13-03 15:46:59,25.500,4.750,67.251,0.500,0.250,5372876,231388,187044,2223320,3239.042,1794.023,0,2948.038,0,110.001,10031,18685,1.070,1.680,1.220,2,0,7.000,0,0,18,326,0,3,0
13-03 15:47:00,21.791,5.009,72.385,0,0,5372468,231388,187080,2223612,2662.969,1460.726,0,84.157,0,1.002,2195,1709,1.070,1.680,1.220,2,0,8.015,0,0,18,326,0,3,0
13-03 15:47:01,23.679,6.481,67.547,0,0,5389356,214396,187092,2223704,2751.731,1615.147,0,0,0,0,9864,17973,1.060,1.670,1.220,2,0,11.964,0,0,18,326,0,3,0
13-03 15:47:02,22.990,6.247,69.970,0,0,5386512,217072,187128,2223804,2518.913,1619.302,0,2295.010,0,10.995,2510,2369,1.060,1.670,1.220,2,0,6.997,0,0,18,326,0,3,0
13-03 15:47:03,24.284,4.506,70.098,0,0,5341360,274516,187128,2212508,2647.684,1716.388,0,749.042,0,17.024,2560,2318,1.060,1.670,1.220,2,0,7.010,0,0,18,326,0,3,0
13-03 15:47:04,20.703,3.492,70.840,3.742,0,5359976,252808,187156,2215572,2890.487,1616.358,634.570,1364.925,12.971,3.991,2240,2089,1.060,1.670,1.220,2,0,0,0,0,18,326,0,3,0
13-03 15:47:05,25.393,4.274,68.133,0.754,0,5355484,256768,187156,2216104,2896.288,1671.399,305.719,2843.994,19.107,208.171,5729,7616,1.060,1.670,1.220,1,0,0,0,0,18,329,0,7,0
13-03 15:47:06,24.273,7.507,64.312,2.252,0,5285584,325920,187160,2216848,2822.713,1621.558,576.554,14109.560,28.027,378.364,7048,10038,0.980,1.650,1.210,2,0,55.053,0,0,18,328,0,8,0
13-03 15:47:07,11.936,19.645,67.141,0.497,0,5277268,334008,187160,2217076,2464.808,1450.238,0,493.359,0,32.824,6208,5578,0.980,1.650,1.210,3,0,361.067,0,0,18,328,0,8,0
13-03 15:47:08,13.214,5.236,68.063,10.970,0,5283276,317348,187256,2227632,2872.093,1615.552,10590.843,522.561,389.927,23.934,3164,3642,0.980,1.650,1.210,1,1,33.907,0,0,18,328,0,10,0
13-03 15:47:09,9.333,4.288,71.891,12.865,0,5274556,300436,187256,2253268,4889.622,1878.761,25870.801,3487.109,2169.353,360.214,4597,6702,0.980,1.650,1.210,0,0,6.054,0,0,18,328,1,10,0
13-03 15:47:10,2.738,1.244,92.583,0.996,0,5276320,298672,187256,2253268,6741.653,3053.256,0,2779.488,0,162.270,1603,2475,0.980,1.650,1.210,2,0,0,0,0,18,329,0,10,0
13-03 15:47:11,8.753,5.002,83.280,1.501,0.250,5280564,294160,187268,2253524,47730.924,5056.793,128.045,340.121,2.001,30.011,4050,5766,0.900,1.620,1.210,2,0,10.004,0,0,18,328,0,8,1
13-03 15:47:12,49.779,9.255,40.023,0.500,0,5046508,527872,187268,2253868,6882.036,2490.461,20.012,480.282,3.002,5.003,4259,3281,0.900,1.620,1.210,3,0,26.015,0,0,18,312,0,15,0
13-03 15:47:13,52.309,10.213,36.367,0,0,5105664,468664,187268,2253912,2510.809,1614.091,3.985,326.804,0.996,11.956,3865,2799,0.900,1.620,1.210,7,0,5.978,0,0,18,312,0,15,0
13-03 15:47:14,66.234,10.497,22.744,0,0,5176964,397364,187268,2253912,2716.342,1619.608,0,39.990,0,4.999,3889,1691,0.900,1.620,1.210,7,0,0,0,0,18,312,0,15,0
13-03 15:47:15,71.215,10.569,17.112,0.755,0.252,5110944,463068,187272,2254208,2615.065,1467.577,165.077,785.124,7.046,51.335,4735,3093,0.900,1.620,1.210,4,0,7.046,0,0,18,297,0,16,0
13-03 15:47:16,87.019,8.702,4.227,0,0,5139136,434452,187272,2254632,2685.169,1611.101,0,9845.620,0,101.440,5610,5647,1.150,1.660,1.220,8,0,2.984,0,0,18,285,0,21,0
13-03 15:47:17,67.807,9.758,22.019,0,0,5136592,436932,187272,2254728,2762.334,1621.370,0,704.595,0,4.003,4461,2823,1.150,1.660,1.220,4,0,5.004,0,0,18,285,0,22,0
13-03 15:47:18,78.378,8.986,10.983,0.998,0,5265860,305792,187280,2256592,72647.891,35428.839,323.496,639.005,7.988,62.902,7726,9407,1.150,1.660,1.220,5,0,2.995,0,0,18,289,0,28,0
13-03 15:47:19,45.708,3.747,48.955,0,0,5292472,277596,187280,2258176,104226.124,48696.672,0,279.745,0,26.975,6689,10450,1.150,1.660,1.220,2,0,0.999,0,0,18,297,0,29,0
13-03 15:47:20,20.090,2.260,75.590,0.251,0,5294408,275612,187280,2258224,52566.336,24509.192,0,10728.234,0,1248.614,3795,4748,1.150,1.660,1.220,1,0,0,0,0,18,301,0,29,0
13-03 15:47:21,1.993,3.737,92.433,0.249,0,5294368,275652,187280,2258224,2750.554,1614.455,0,94072.926,0,777.330,2694,3529,1.050,1.630,1.220,1,0,0,0,0,18,301,0,29,0
13-03 15:47:22,5.257,1.252,91.879,0.751,0,5294340,275652,187280,2258252,2421.393,1460.046,0,2106.952,0,73.102,1862,2726,1.050,1.630,1.220,3,0,1.001,0,0,18,301,0,29,0
13-03 15:47:23,2.506,1.754,93.962,0.251,0,5294564,275404,187280,2258276,4149.342,1623.655,0,501.128,0,22.050,1678,2666,1.050,1.630,1.220,1,0,2.005,0,0,18,301,0,29,0
13-03 15:47:24,1.994,0.997,95.465,0,0,5294564,275404,187280,2258276,2768.748,1615.186,0,0,0,0,1216,1723,1.050,1.630,1.220,1,0,0,0,0,18,301,0,29,0
13-03 15:47:25,3.255,1.002,94.154,0.250,0,5294680,275152,187280,2258412,2884.730,1622.661,0,464.762,0,43.071,1512,2284,1.050,1.630,1.220,1,0,0,0,0,18,301,0,29,0
13-03 15:47:26,2.002,2.753,94.087,0,0,5295400,274424,187280,2258420,2952.720,1621.494,0,59550.857,0,569.525,1897,2380,0.970,1.600,1.210,1,0,0,0,0,18,301,0,29,0
13-03 15:47:27,3.486,1.245,93.373,0,0,5295376,274424,187280,2258444,2689.151,1613.491,0,0,0,0,1469,2145,0.970,1.600,1.210,1,0,0,0,0,18,301,0,29,0
13-03 15:47:28,2.757,1.253,94.250,0,0,5295396,274424,187280,2258484,2604.898,1461.871,0,886.347,0,10.027,1527,2394,0.970,1.600,1.210,2,0,0,0,0,18,301,0,29,0
13-03 15:47:29,2.503,1.001,95.606,0,0,5295396,274424,187280,2258484,3080.412,1621.796,0,0,0,0,1185,1681,0.970,1.600,1.210,1,0,0,0,0,18,301,0,29,0
13-03 15:47:30,3.245,1.498,92.597,1.248,0,5295388,274424,187280,2258492,3064.929,1617.324,0,4388.739,0,226.625,2021,3310,0.970,1.600,1.210,1,0,0,0,0,18,301,0,29,0
13-03 15:47:31,1.753,0.751,95.908,0,0,5295388,274424,187280,2258492,2824.651,1622.672,0,0,0,0,1138,1618,0.890,1.580,1.200,1,0,0,0,0,18,301,0,29,0
13-03 15:47:32,3.996,0.999,93.653,0,0,5295388,274424,187280,2258492,2757.157,1618.332,0,103.893,0,11.988,1560,2174,0.890,1.580,1.200,1,0,0,0,0,18,301,0,29,0
13-03 15:47:33,3.000,1.250,94.501,0,0,5295336,274424,187280,2258544,2760.023,1620.013,0,48.000,0,6.000,1366,2048,0.890,1.580,1.200,1,0,1.000,0,0,18,301,0,29,0
13-03 15:47:34,1.251,0.751,96.109,0,0,5295336,274424,187280,2258544,3080.500,1621.843,0,0,0,0,1119,1631,0.890,1.580,1.200,1,0,0,0,0,18,301,0,29,0
13-03 15:47:35,2.491,0.498,94.665,0.249,0,5295332,274424,187280,2258548,2768.216,1494.717,0,302.929,0,29.894,1406,2032,0.890,1.580,1.200,1,0,0,0,0,18,301,0,29,0
13-03 15:47:36,2.503,1.502,95.103,0,0,5295328,274424,187280,2258552,4144.482,1621.754,0,2606.819,0,17.018,1384,1887,0.820,1.550,1.200,1,0,0,0,0,18,301,0,29,0
13-03 15:47:37,9.298,18.094,67.602,2.764,0,5307660,261856,187280,2258788,2533.201,1628.486,180.943,711.709,9.047,28.147,6169,6024,0.820,1.550,1.200,1,0,472.462,0,0,18,301,0,29,0
13-03 15:47:38,9.009,20.020,69.570,0,0,5315880,253528,187280,2258896,2652.674,1621.634,32.032,224.226,1.001,24.024,7011,7003,0.820,1.550,1.200,1,0,511.516,0,0,18,301,0,29,0
13-03 15:47:39,8.751,20.502,69.006,0,0,5316644,252736,187280,2258924,2957.247,1690.141,0,0,0,0,6733,6071,0.820,1.550,1.200,1,0,541.045,0,0,18,301,0,29,0
13-03 15:47:40,8.496,21.990,67.468,0.750,0,5313556,255788,187280,2258960,4377.941,1619.238,19.991,2390.875,1.000,292.862,7342,7244,0.820,1.550,1.200,2,0,584.725,0,0,18,301,0,29,0
13-03 15:47:41,8.702,6.713,71.353,11.188,0,5324540,188688,187432,2314924,2464.295,1449.937,55777.806,3.978,455.467,0.994,3024,3063,0.750,1.520,1.190,2,0,89.502,0,0,18,301,0,29,0
13-03 15:47:42,23.318,4.262,69.203,2.507,0,5355876,187064,187316,2285720,3316.706,2302.739,56.164,585.714,7.021,18.053,3328,3428,0.750,1.520,1.190,1,0,29.085,0,0,18,302,0,29,0
13-03 15:47:43,2.255,1.253,95.718,0,0,5355836,187064,187316,2285760,18207.457,2285.203,0,80.183,0,2.005,1397,2076,0.750,1.520,1.190,1,0,1.002,0,0,18,302,0,29,0
13-03 15:47:44,1.492,0.995,95.519,0,0,5337768,204996,187316,2285896,147555.794,5790.833,0,3.980,0,0.995,1327,1785,0.750,1.520,1.190,2,0,0,0,0,18,302,0,29,0
13-03 15:47:45,3.006,1.252,93.680,0.250,0,5337680,204744,187316,2286236,367303.051,13129.274,0,344.663,0,23.044,2024,2296,0.750,1.520,1.190,1,0,0,0,0,18,302,0,29,0
13-03 15:47:46,2.252,1.752,94.593,0,0,5338176,203764,187316,2286720,525662.515,18071.688,0,0,0,0,2028,2023,0.690,1.500,1.180,3,0,0,0,0,18,302,0,29,0
13-03 15:47:47,11.976,5.239,81.085,0,0,5338300,203020,187316,2287340,656080.987,23418.276,0,99.797,0,9.980,3912,8427,0.690,1.500,1.180,2,0,35.927,0,0,18,302,0,30,0
13-03 15:47:48,3.253,1.001,93.845,0,0,5337548,203240,187316,2287872,515527.282,18884.022,0,2210.226,0,20.020,2220,2608,0.690,1.500,1.180,1,0,0,0,0,18,302,0,29,0
13-03 15:47:49,2.001,1.501,95.553,0,0,5337516,203240,187316,2287904,35644.698,2435.346,0,16.009,0,1.001,1225,1707,0.690,1.500,1.180,1,0,0,0,0,18,302,0,29,0
13-03 15:47:50,3.241,0.748,93.005,0.748,0,5336192,204416,187316,2288052,161310.542,5038.710,0,734.064,0,59.842,1973,2739,0.690,1.500,1.180,2,0,0,0,0,18,302,0,29,0
13-03 15:47:51,2.757,1.253,94.501,0,0,5334000,206252,187316,2288408,379817.828,10160.962,0,0,0,0,1720,1971,0.640,1.470,1.180,1,0,0,0,0,18,302,0,29,0
13-03 15:47:52,5.743,2.247,89.143,0,0,5332744,206796,187316,2289120,752649.646,18654.709,0,1518.186,0,27.967,2915,3070,0.640,1.470,1.180,2,0,0.999,0,0,18,302,0,29,0
13-03 15:47:53,3.747,1.749,92.926,0.250,0,5331440,207924,187316,2289296,143275.638,4988.053,0,275.782,0,14.988,1842,2507,0.640,1.470,1.180,1,0,1.998,0,0,18,302,0,29,0
13-03 15:47:54,3.257,1.253,94.454,0,0,5330964,208332,187320,2289360,52952.506,2843.148,4.009,204.442,1.002,15.033,1539,2115,0.640,1.470,1.180,1,0,0,0,0,18,302,0,29,0
13-03 15:47:55,2.996,1.248,93.625,0.250,0,5331240,207884,187320,2289532,201081.977,6363.518,0,1897.471,0,250.666,1951,2395,0.640,1.470,1.180,1,0,0,0,0,18,302,0,29,0
13-03 15:47:56,1.999,1.000,95.218,0,0,5331168,207884,187320,2289608,55976.264,2939.016,0,59.980,0,2.999,1362,1807,0.590,1.450,1.170,1,0,0,0,0,18,302,0,29,0
13-03 15:47:57,4.745,1.249,92.161,0,0,5330844,207884,187320,2289932,336323.082,10322.028,0,691.332,0,19.981,2056,2419,0.590,1.450,1.170,1,0,0,0,0,18,302,0,29,0
13-03 15:47:58,2.753,1.252,94.117,0,0,5330520,207884,187320,2290256,162292.935,6445.981,0,156.193,0,3.004,1527,2042,0.590,1.450,1.170,1,0,0,0,0,18,302,0,29,0
13-03 15:47:59,12.023,5.260,76.644,4.759,0,5361636,172884,187616,2293848,142773.326,5458.258,3771.087,609.145,49.092,24.045,2634,2441,0.590,1.450,1.170,2,0,27.051,0,0,18,301,0,30,0
13-03 15:48:00,9.513,11.766,68.595,8.261,0,5358556,180332,187872,2289832,2833.933,1622.252,2519.497,27910.740,82.114,1315.826,7874,10997,0.590,1.450,1.170,3,0,95.132,0,0,18,301,0,30,0
13-03 15:48:01,14.771,11.016,67.847,4.506,0,5366032,165868,188364,2295796,2431.482,1460.091,809.159,10527.074,21.030,964.381,6261,8142,0.620,1.440,1.170,1,0,85.122,0,0,18,301,0,30,0
13-03 15:48:02,26.955,6.739,64.393,0.749,0,5355348,175548,188392,2296660,4552.432,1617.311,0,4336.790,0,262.564,4099,3779,0.620,1.440,1.170,1,0,31.947,0,0,18,301,0,30,0
13-03 15:48:03,26.029,7.258,65.073,0.751,0,5360376,169748,188416,2297444,3067.444,1715.927,0,1377.547,0,67.075,3563,3247,0.620,1.440,1.170,4,0,27.030,0,0,18,301,0,30,0
13-03 15:48:04,25.353,6.711,66.364,0.497,0.249,5349568,179532,188484,2298224,3372.387,1610.633,0,1141.362,0,69.595,3395,2876,0.620,1.440,1.170,3,0,23.861,0,0,18,301,0,30,0
13-03 15:48:05,25.799,5.511,67.128,0.250,0,5362856,162880,188724,2301012,2885.513,1623.101,0,1474.818,0,65.124,3527,3532,0.620,1.440,1.170,2,0,14.027,0,0,18,301,0,30,0
13-03 15:48:06,20.839,4.268,70.553,3.264,0,5351276,205504,188820,2270152,4459.142,1626.984,313.345,257.104,47.203,10.043,3302,3793,0.650,1.430,1.170,2,0,11.047,0,0,18,301,0,30,0
13-03 15:48:07,17.632,8.692,66.554,4.967,0,5415620,175888,188024,2237116,2801.218,1609.210,456.936,5832.890,27.814,130.127,3970,5306,0.650,1.430,1.170,2,1,22.847,0,0,18,301,0,30,0
13-03 15:48:08,10.753,6.752,68.518,13.254,0,5423368,165284,188168,2239352,4039.083,1458.391,2336.627,104.028,63.017,13.003,2829,2971,0.650,1.430,1.170,2,0,20.005,0,0,18,301,0,23,0
13-03 15:48:09,17.111,9.311,70.962,1.258,0,5429588,180856,187756,2215704,2942.152,1630.614,273.782,0,14.092,0,2797,2268,0.650,1.430,1.170,2,0,30.197,0,0,18,301,0,23,0
13-03 15:48:10,24.189,3.990,66.581,2.992,0,5412912,196476,187760,2216756,4540.474,1615.898,418.937,3171.948,23.939,54.861,3944,4708,0.650,1.430,1.170,5,0,18.952,0,0,18,301,0,23,0
13-03 15:48:11,23.150,4.232,66.464,4.481,0,5405096,208040,187812,2212956,2833.790,1613.050,358.456,1330.268,32.858,211.090,3351,3320,0.680,1.430,1.170,2,0,11.949,0,0,18,301,0,23,0
13-03 15:48:12,9.749,3.000,84.487,1.250,0,5382688,283964,187812,2159456,2931.552,1619.753,2227.660,495.924,40.994,31.995,3053,3575,0.680,1.430,1.170,1,0,12.998,0,0,18,301,0,20,0
13-03 15:48:13,3.000,1.000,94.242,0.250,0,5374596,292028,187812,2159484,2751.779,1619.870,0,31.997,0,3.000,1354,1995,0.680,1.430,1.170,1,0,1.000,0,0,18,301,0,20,0
13-03 15:48:14,2.250,1.000,95.014,0.250,0,5365376,301244,187812,2159488,3069.449,1620.237,4.001,1120.164,1.000,165.024,1385,1872,0.680,1.430,1.170,1,0,2.000,0,0,18,301,0,20,0
13-03 15:48:15,2.996,0.499,94.389,0.250,0,5361324,305292,187812,2159492,4153.134,1456.294,0,419.508,0,30.964,1559,2226,0.680,1.430,1.170,2,0,0,0,0,18,301,0,20,0
13-03 15:48:16,2.003,1.252,95.654,0,0,5357136,309480,187812,2159492,2876.634,1622.614,0,0,0,0,1249,1745,0.620,1.400,1.160,1,0,0,0,0,18,301,0,10,0
13-03 15:48:17,7.023,1.756,89.542,0.502,0,5345796,320772,187812,2159540,2821.189,1625.294,0,2339.620,0,111.363,2855,4781,0.620,1.400,1.160,1,0,0,0,0,18,301,0,10,0
13-03 15:48:18,1.996,0.998,94.333,0,0,5342544,323980,187812,2159584,4304.378,1617.137,0,47.915,0,5.989,1326,2020,0.620,1.400,1.160,1,0,0,0,0,18,301,0,10,0
13-03 15:48:19,1.751,1.001,95.821,0.250,0,5340036,326488,187812,2159584,3011.233,1621.202,0,32.024,0,4.003,1168,1706,0.620,1.400,1.160,1,0,0,0,0,18,301,0,10,0
13-03 15:48:20,3.004,1.252,93.637,0,0,5338504,328020,187812,2159584,4202.160,1622.378,0,420.617,0,43.063,1717,2572,0.620,1.400,1.160,1,0,0,0,0,18,301,0,2,0
13-03 15:48:21,1.994,0.498,96.208,0,0,5337164,329360,187812,2159584,2929.115,1453.591,0,0,0,0,1102,1683,0.570,1.380,1.150,1,0,0,0,0,18,301,0,2,0
13-03 15:48:22,4.260,1.253,92.212,0.501,0,5336108,330280,187812,2159720,2758.354,1623.740,0,340.785,0,34.078,1845,2689,0.570,1.380,1.150,1,0,0,0,0,18,301,0,2,0
13-03 15:48:23,3.002,1.251,94.554,0.250,0,5335548,330788,187812,2159772,2667.513,1620.919,0,84.048,0,12.007,1451,2195,0.570,1.380,1.150,2,0,1.001,0,0,18,301,0,2,0
13-03 15:48:24,1.745,0.498,95.710,0,0,5335548,330788,187812,2159772,2914.157,1615.099,0,0,0,0,1128,1651,0.570,1.380,1.150,1,0,0,0,0,18,301,0,2,0
13-03 15:48:25,8.266,1.252,88.669,0.250,0,5335544,330788,187812,2159776,20763.472,10445.858,0,472.899,0,38.072,1933,2378,0.570,1.380,1.150,1,0,0,0,0,18,302,0,2,0
13-03 15:48:26,2.501,0.500,95.272,0,0,5335536,330788,187812,2159784,4266.006,1860.439,0,4.001,0,1.000,1270,1754,0.530,1.360,1.150,1,0,0,0,0,18,301,0,2,0
13-03 15:48:27,3.490,1.496,93.479,0,0,5335524,330788,187812,2159796,2811.850,1615.318,0,31.908,0,3.988,1493,2202,0.530,1.360,1.150,1,0,0,0,0,18,301,0,2,0
13-03 15:48:28,8.516,1.252,88.664,0,0,5335484,330788,187812,2159836,22346.249,10523.425,0,0,0,0,1819,2224,0.530,1.360,1.150,2,0,0,0,0,18,301,0,2,0
13-03 15:48:29,2.751,0.750,94.534,0,0,5335476,330788,187812,2159844,4572.655,1620.587,0,264.096,0,23.008,1459,2141,0.530,1.360,1.150,3,0,0,0,0,18,301,0,2,0
13-03 15:48:30,2.249,1.250,93.976,0.500,0,5335476,330788,187812,2159844,2905.264,1619.590,0,155.960,0,25.993,1632,2483,0.530,1.360,1.150,1,0,0,0,0,18,301,0,2,0
13-03 15:48:31,1.499,0.500,96.200,0,0,5335476,330788,187812,2159844,2904.486,1619.156,0,0,0,0,1094,1656,0.480,1.330,1.140,1,0,0,0,0,18,301,0,2,0
13-03 15:48:32,3.255,1.753,93.386,0.250,0,5335444,330816,187812,2159848,4352.327,1622.358,0,1850.690,0,258.376,1678,2011,0.480,1.330,1.140,1,0,0,0,0,18,301,0,2,0
13-03 15:48:33,2.749,1.499,94.207,0.250,0,5327944,338268,187812,2159896,2338.944,1619.269,0,2954.666,0,150.932,1341,1879,0.480,1.330,1.140,4,0,1.000,0,0,18,301,0,2,0
13-03 15:48:34,3.247,0.250,94.154,0.499,0,5327936,338268,187812,2159912,2252.708,1456.518,0,695.293,0,27.972,1540,2173,0.480,1.330,1.140,1,0,0,0,0,18,301,0,2,0
13-03 15:48:35,3.006,1.252,94.425,0.250,0,5327936,338268,187812,2159912,2524.678,1665.085,0,144.267,0,22.041,1510,2153,0.480,1.330,1.140,1,0,0,0,0,18,301,0,2,0
13-03 15:48:36,2.000,0.750,96.000,0,0,5327936,338268,187812,2159912,2459.988,1619.992,0,0,0,0,1131,1654,0.450,1.310,1.130,1,0,0,0,0,18,301,0,2,0
13-03 15:48:37,4.244,1.248,92.130,0,0,5327952,338016,187812,2160148,2456.803,1617.895,91.880,383.501,5.992,33.956,1794,2623,0.450,1.310,1.130,1,0,0,0,0,18,301,0,2,0
13-03 15:48:38,2.753,2.002,93.346,0.250,0,5327908,338016,187812,2160192,2642.730,1621.675,0,60874.876,0,101.104,1620,2262,0.450,1.310,1.130,1,0,0,0,0,18,301,0,2,0
13-03 15:48:39,2.497,0.999,94.145,0,0.250,5327904,338016,187812,2160196,3073.586,1618.203,0,123.862,0,15.982,1505,2187,0.450,1.310,1.130,1,0,0,0,0,18,301,0,2,0
13-03 15:48:40,2.999,1.250,93.731,0.750,0,5327900,338016,187812,2160200,2699.442,1619.665,0,243.950,0,32.993,1581,2350,0.450,1.310,1.130,1,0,0,0,0,18,301,0,2,0
13-03 15:48:41,1.505,2.007,94.565,0.251,0,5321448,344468,187812,2160200,2486.281,1462.872,0,108.361,0,8.027,1229,1724,0.410,1.290,1.130,3,0,0,0,0,18,301,0,2,0
13-03 15:48:42,13.719,3.991,72.588,9.229,0,5340964,323476,188024,2161464,2693.995,1616.397,1600.432,506.870,205.542,17.960,2523,2810,0.410,1.290,1.130,2,0,6.984,0,0,18,301,0,2,0
13-03 15:48:43,11.535,4.012,80.491,2.508,0,5339660,321912,188216,2163184,11167.456,9838.474,1560.676,1299.894,363.088,187.562,3238,4374,0.410,1.290,1.130,2,0,1.003,0,0,18,307,0,2,0
13-03 15:48:44,22.982,3.997,71.695,0.500,0,5351556,309848,188216,2163356,3672.198,2486.103,51.960,747.430,3.997,15.988,2950,3032,0.410,1.290,1.130,3,0,4.996,0,0,18,307,0,3,0
13-03 15:48:45,15.448,2.492,80.726,0,0,5359044,302064,188216,2163652,12447.726,11288.662,15.946,139.526,0.997,17.939,2552,2671,0.410,1.290,1.130,2,0,0,0,0,18,310,0,3,0
13-03 15:48:46,22.262,4.252,71.790,0,0,5363692,297384,188216,2163684,3590.982,3038.677,16.009,240.133,1.001,26.014,2617,2693,0.460,1.280,1.130,1,0,5.003,0,0,18,312,0,4,0
13-03 15:48:47,18.430,5.230,74.717,0.747,0,5394848,265916,188216,2164168,12434.892,11240.417,7.970,247.064,0.996,25.902,3437,3773,0.460,1.280,1.130,4,0,18.928,0,0,18,311,0,5,0
13-03 15:48:48,21.572,5.268,71.239,0.502,0,5410420,250292,188216,2164048,11885.929,10737.069,16.054,301.011,1.003,32.108,3589,11498,0.460,1.280,1.130,3,0,27.091,0,0,18,311,0,7,0
13-03 15:48:49,16.037,3.508,79.182,0,0,5408196,252500,188216,2164064,13465.971,12024.656,0,280.645,0,32.074,2807,3086,0.460,1.280,1.130,2,0,0,0,0,18,311,0,7,0
13-03 15:48:50,17.762,3.753,76.051,0.250,0,5403232,257444,188216,2164084,12147.197,11043.452,0,208.140,0,28.019,3032,3291,0.460,1.280,1.130,2,0,5.003,0,0,18,312,0,7,0
13-03 15:48:51,42.016,6.961,46.989,2.238,0,5375324,285244,188216,2164192,5690.345,2629.373,103.425,135.248,14.917,15.911,3738,2431,0.420,1.260,1.120,4,0,18.895,0,0,18,307,0,8,0
13-03 15:48:52,60.355,13.328,25.651,1.509,0,5072480,588168,188216,2164248,2715.964,1629.578,48.284,144.851,9.053,18.106,4703,3375,0.420,1.260,1.120,5,0,7.041,0,0,18,299,0,10,0
13-03 15:48:53,82.416,14.780,0,2.505,0,5197100,463428,188216,2164368,2705.449,1623.269,72.145,116.234,7.014,14.028,5245,3120,0.420,1.260,1.120,5,0,1.002,0,0,18,299,0,10,0
13-03 15:48:54,88.796,10.476,0,0,0,5241040,418880,188216,2164976,2591.061,1616.295,231.469,315.277,19.954,9.977,4981,2449,0.420,1.260,1.120,4,1,2.993,0,0,18,295,0,10,0
13-03 15:48:55,81.674,16.285,0.251,2.255,0,5108744,544276,188216,2172084,2485.306,1461.119,7071.096,1579.372,472.008,114.244,6116,5443,0.420,1.260,1.120,7,0,13.028,0,0,18,287,0,10,0
13-03 15:48:56,73.508,7.475,17.692,0,0,5213748,437788,188216,2173568,2511.737,1614.688,267.121,191.370,32.892,23.921,5521,7593,0.790,1.320,1.140,4,0,1.993,0,0,18,291,0,18,0
13-03 15:48:57,38.335,4.730,51.528,4.232,0,5254984,394192,188216,2175928,2329.948,1613.041,1286.450,143.381,39.828,16.927,4638,8428,0.790,1.320,1.140,2,0,0,0,0,18,295,0,20,0
13-03 15:48:58,42.828,5.794,49.378,0.756,0,5294472,353920,188216,2176712,113868.329,57441.547,0,13692.778,0,1445.058,6024,7933,0.790,1.320,1.140,2,0,2.015,0,0,18,295,0,24,0
13-03 15:48:59,31.990,2.999,62.980,0.250,0,5307592,340520,188216,2176992,94742.537,40950.833,0,315.898,0,12.996,4180,4282,0.790,1.320,1.140,2,0,0,0,0,18,305,0,24,0
13-03 15:49:00,7.444,1.241,89.572,0,0,5299932,348172,188216,2177000,22776.594,10435.013,0,1822.207,0,12.902,1820,2251,0.790,1.320,1.140,1,0,0,0,0,18,303,0,24,0
13-03 15:49:01,2.000,0.750,95.764,0,0,5299932,348172,188216,2177000,5028.724,1620.233,0,0,0,0,1214,1746,0.720,1.300,1.140,2,0,0,0,0,18,303,0,23,0
13-03 15:49:02,3.516,1.004,93.664,0,0,5299780,348172,188216,2177152,3130.832,1464.470,0,433.917,0,36.160,1496,2166,0.720,1.300,1.140,1,0,0,0,0,18,303,0,23,0
13-03 15:49:03,2.495,1.248,95.066,0.250,0,5299752,348172,188216,2177180,5705.959,1710.690,0,1105.860,0,108.789,1315,1869,0.720,1.300,1.140,1,0,0.998,0,0,18,303,0,23,0
13-03 15:49:04,2.234,0.993,95.586,0,0,5299348,348588,188216,2177180,4274.306,1608.823,0,63.558,0,7.945,1189,1754,0.720,1.300,1.140,3,0,0,0,0,18,303,0,23,0
13-03 15:49:05,3.539,0.758,93.776,0.253,0,5299340,348588,188216,2177188,6524.387,1637.921,0,307.363,0,30.332,1703,2334,0.720,1.300,1.140,1,0,0,0,0,18,303,0,23,0
13-03 15:49:06,4.720,1.490,92.160,0.248,0,5299308,348588,188216,2177220,3345.595,1609.701,31.797,59.619,1.987,5.962,1842,2353,0.670,1.280,1.130,1,0,0,0,0,18,303,0,23,0
13-03 15:49:07,4.013,1.254,92.547,0,0,5299284,348588,188216,2177244,2835.107,1625.221,0,120.387,0,15.048,1768,2579,0.670,1.280,1.130,1,0,0,0,0,18,303,0,23,0
13-03 15:49:08,3.500,1.000,93.751,0.500,0,5299244,348588,188216,2177284,2973.047,1458.023,0,104.002,0,13.000,1487,2336,0.670,1.280,1.130,3,0,0,0,0,18,303,0,23,0
13-03 15:49:09,2.745,0.749,94.563,0,0,5299244,348588,188216,2177284,4440.231,1616.807,0,0,0,0,1375,1816,0.670,1.280,1.130,2,0,0,0,0,18,303,0,23,0
13-03 15:49:10,7.262,2.755,87.896,0.250,0,5300896,346824,188216,2177396,2756.586,1622.700,0,749.246,0,69.115,3480,5719,0.670,1.280,1.130,1,0,1.002,0,0,18,303,0,23,0
13-03 15:49:11,5.256,2.503,90.356,0,0,5301636,346068,188216,2177412,2755.228,1621.900,0,144.169,0,16.019,2145,2524,0.610,1.260,1.120,1,0,6.007,0,0,18,303,0,23,0
13-03 15:49:12,4.489,1.247,92.266,0,0,5301580,346068,188216,2177468,2745.050,1615.909,0,0,0,0,1662,2272,0.610,1.260,1.120,1,0,0,0,0,18,303,0,23,0
13-03 15:49:13,2.757,1.253,94.727,0,0,5301548,346068,188216,2177500,2893.948,1623.899,0,0,0,0,1408,2016,0.610,1.260,1.120,1,0,1.002,0,0,18,303,0,23,0
13-03 15:49:14,2.001,0.750,95.791,0.250,0,5301548,346068,188216,2177500,2522.080,1458.625,0,356.153,0,16.007,1145,1721,0.610,1.260,1.120,2,0,0,0,0,18,303,0,23,0
13-03 15:49:15,22.183,8.225,62.311,5.982,0,5234752,411592,188364,2178596,3132.517,1852.392,1116.620,334.986,136.587,27.915,3806,3619,0.610,1.260,1.120,4,0,71.783,0,0,18,299,0,25,0
13-03 15:49:16,33.846,4.262,60.923,0.501,0,4959732,686644,188364,2178672,2989.488,1805.125,72.205,296.843,5.014,5.014,2932,2215,0.960,1.320,1.140,2,0,8.023,0,0,18,299,0,25,0
13-03 15:49:17,24.307,4.009,69.664,0,0,5012384,633976,188364,2178688,4510.631,2125.008,0,136.321,0,11.026,2603,2616,0.960,1.320,1.140,2,0,0,0,0,18,299,0,25,0
13-03 15:49:18,24.150,4.731,68.717,1.245,0.249,5048208,596932,188364,2179928,2688.916,1613.350,326.654,103.573,30.873,5.975,3848,5684,0.960,1.320,1.140,2,0,9.959,0,0,18,301,0,26,0
13-03 15:49:19,23.109,5.024,70.333,0,0,5127008,518120,188372,2179932,3031.352,1627.706,4.019,5755.248,1.005,731.463,2918,2204,0.960,1.320,1.140,2,0,9.043,0,0,18,303,0,27,0
13-03 15:49:20,24.665,4.485,69.262,0.498,0.249,5146360,498764,188372,2179936,2870.145,1753.978,0,653.755,0,61.788,2933,2989,0.960,1.320,1.140,3,0,3.986,0,0,18,303,0,27,0
13-03 15:49:21,19.477,1.998,76.660,0,0,5159800,485132,188376,2180124,2537.024,1456.292,3.995,55.934,0.999,5.993,1993,1819,0.970,1.320,1.140,1,0,0.999,0,0,18,303,0,27,0
13-03 15:49:22,4.241,1.746,92.560,0.249,0,5159120,485784,188376,2180152,2514.830,1616.676,0,291.401,0,26.945,1718,2610,0.970,1.320,1.140,1,0,0,0,0,18,303,0,27,0
13-03 15:49:23,3.006,1.002,93.932,0,0,5158252,486624,188376,2180180,2584.999,1623.139,0,84.163,0,12.023,1508,2392,0.970,1.320,1.140,2,0,1.002,0,0,18,303,0,27,0
13-03 15:49:24,2.000,1.000,96.274,0,0,5157516,487360,188376,2180180,2897.709,1620.397,0,184.045,0,1.000,1164,1672,0.970,1.320,1.140,1,0,0,0,0,18,303,0,27,0
13-03 15:49:25,2.254,0.751,94.430,0.751,0,5156924,487952,188376,2180180,3005.716,1713.258,0,432.823,0,37.071,1507,2184,0.970,1.320,1.140,1,0,0,0,0,18,303,0,27,0
13-03 15:49:26,1.497,0.998,95.579,0,0,5156244,488628,188376,2180184,2934.761,1617.113,0,455.187,0,2.995,1143,1672,0.890,1.290,1.140,1,0,0,0,0,18,303,0,27,0
13-03 15:49:27,4.000,1.000,93.495,0,0,5155416,489444,188376,2180196,2759.849,1619.912,0,75.996,0,7.000,1522,2090,0.890,1.290,1.140,1,0,0,0,0,18,303,0,27,0
13-03 15:49:28,2.755,0.751,95.157,0,0,5155008,489684,188376,2180364,2662.399,1600.645,0,0,0,0,1296,1954,0.890,1.290,1.140,2,0,0,0,0,18,303,0,27,0
13-03 15:49:29,1.748,1.248,95.619,0,0,5155004,489688,188376,2180364,3072.791,1617.784,0,0,0,0,1214,1732,0.890,1.290,1.140,2,0,0,0,0,18,303,0,27,0
13-03 15:49:30,2.999,1.500,93.473,0,0,5154964,489720,188376,2180372,2759.205,1619.534,0,531.847,0,53.984,1809,2801,0.890,1.290,1.140,1,0,0,0,0,18,303,0,27,0
13-03 15:49:31,1.751,0.500,95.788,0,0,5154964,489720,188376,2180372,2771.111,1620.650,0,0,0,0,1191,1722,0.820,1.270,1.130,1,0,0,0,0,18,303,0,27,0
13-03 15:49:32,3.747,1.249,93.182,0.250,0,5154936,489720,188376,2180400,4017.085,1618.825,0,79.942,0,10.992,1493,2103,0.820,1.270,1.130,2,0,0,0,0,18,303,0,27,0
13-03 15:49:33,2.501,1.000,94.793,0,0,5154908,489720,188376,2180428,2761.266,1620.743,0,64.029,0,6.003,1337,2028,0.820,1.270,1.130,2,0,1.000,0,0,18,303,0,27,0
13-03 15:49:34,2.502,0.751,96.079,0,0,5154904,489720,188376,2180432,2959.432,1621.332,0,220.181,0,43.035,1232,1700,0.820,1.270,1.130,2,0,0,0,0,18,303,0,27,0
13-03 15:49:35,2.496,0.749,94.088,0.250,0,5154904,489720,188376,2180432,2713.326,1587.266,0,243.580,0,22.960,1576,2225,0.820,1.270,1.130,2,0,0,0,0,18,303,0,27,0
13-03 15:49:36,2.003,1.001,96.127,0,0,5154904,489720,188376,2180432,2823.723,1622.139,0,0,0,0,1162,1670,0.750,1.250,1.120,2,0,0,0,0,18,303,0,27,0
13-03 15:49:37,3.502,1.251,92.794,0.250,0,5154880,489720,188376,2180456,2701.276,1620.766,0,356.168,0,32.015,1743,2700,0.750,1.250,1.120,1,0,0,0,0,18,303,0,27,0
13-03 15:49:38,3.493,0.998,93.571,0.250,0,5154848,489720,188376,2180488,4251.879,1616.912,0,111.786,0,13.973,1556,2379,0.750,1.250,1.120,1,0,0,0,0,18,303,0,27,0
13-03 15:49:39,2.254,0.751,96.186,0,0,5154848,489720,188376,2180488,2782.380,1623.139,0,0,0,0,1270,1710,0.750,1.250,1.120,2,0,0,0,0,18,303,0,27,0
13-03 15:49:40,2.990,0.997,92.948,0.748,0,5154848,489720,188376,2180488,2691.251,1614.750,0,2208.819,0,312.982,1838,2598,0.750,1.250,1.120,1,0,0,0,0,18,303,0,27,0
13-03 15:49:41,2.255,0.752,96.203,0,0,5154848,489720,188376,2180488,2765.836,1665.514,0,0,0,0,1192,1700,0.690,1.230,1.120,1,0,0,0,0,18,303,0,27,0
13-03 15:49:42,4.255,1.001,93.364,0,0,5154848,489720,188376,2180488,2721.333,1459.788,0,212.260,0,13.016,1702,2592,0.690,1.230,1.120,1,0,0,0,0,18,303,0,27,0
13-03 15:49:43,3.003,0.751,94.598,0,0.250,5154804,489720,188376,2180532,2762.858,1761.822,0,0,0,0,1520,2206,0.690,1.230,1.120,1,0,1.001,0,0,18,303,0,27,0
13-03 15:49:44,1.745,0.748,96.197,0,0,5154804,489720,188376,2180532,4622.451,1656.785,0,3.987,0,0.997,1213,1761,0.690,1.230,1.120,1,0,0,0,0,18,303,0,27,0
13-03 15:49:45,1.758,1.256,95.169,0.251,0,5154800,489720,188376,2180536,4393.355,1627.169,0,317.398,0,26.115,1500,2203,0.690,1.230,1.120,1,0,0,0,0,18,303,0,27,0
13-03 15:49:46,6.004,12.758,79.802,0,0,5159044,485464,188376,2180548,2701.777,1711.126,0,0,0,0,4473,4075,0.640,1.210,1.110,1,0,276.182,0,0,18,303,0,25,0
13-03 15:49:47,23.649,5.725,68.954,0,0,5213620,430880,188376,2180556,2568.985,1613.084,0,103.556,0,11.949,2806,2704,0.640,1.210,1.110,2,0,35.846,0,0,18,303,0,25,0
13-03 15:49:48,28.025,5.004,66.309,0,0,5240652,403664,188376,2180740,8486.556,7418.605,0,72.064,0,6.005,3355,12641,0.640,1.210,1.110,2,0,36.032,0,0,18,304,0,26,0
13-03 15:49:49,21.800,4.260,71.916,1.253,0,5237136,407040,188376,2180880,6787.698,5511.747,96.223,3524.150,5.012,255.591,4961,6901,0.640,1.210,1.110,4,0,1.002,0,0,18,304,0,28,0
13-03 15:49:50,37.965,6.993,53.200,0.749,0,5216068,428044,188380,2180956,3850.406,2767.417,39.963,799.254,3.996,103.903,4979,5947,0.640,1.210,1.110,4,0,24.977,0,0,18,303,0,29,0
13-03 15:49:51,38.991,6.498,52.488,0.250,0,5321716,322232,188388,2181112,11629.282,10423.564,139.967,0,5.999,0,3450,2576,0.750,1.220,1.120,3,0,4.999,0,0,18,307,0,27,0
13-03 15:49:52,31.801,6.510,60.847,0.250,0,5331828,311896,188388,2181336,33938.331,30597.983,16.026,568.911,1.002,32.051,4450,4339,0.750,1.220,1.120,2,0,54.087,0,0,18,303,0,37,0
13-03 15:49:53,8.236,18.469,71.130,0,0,5319152,324512,188388,2181396,9514.997,2443.890,0,167.718,0,16.971,6224,5769,0.750,1.220,1.120,2,0,397.332,0,0,18,303,0,38,0
13-03 15:49:54,21.024,5.757,72.334,0,0,5344092,299552,188388,2181416,10414.072,2512.913,0,164.190,0,13.015,2919,2733,0.750,1.220,1.120,2,0,21.024,0,0,18,303,0,39,0
13-03 15:49:55,23.153,3.983,70.703,0.249,0,5354332,289220,188396,2181500,2867.961,1613.228,75.682,477.994,4.979,17.925,2410,2288,0.750,1.220,1.120,2,0,1.992,0,0,18,303,0,36,0
13-03 15:49:56,23.523,2.753,71.821,2.002,0,5380400,260520,188488,2184008,2642.612,1621.603,1109.096,4.004,116.115,1.001,2220,2031,0.770,1.220,1.110,3,0,0,0,0,18,303,0,36,0
13-03 15:49:57,24.056,3.258,69.162,1.504,0,5378912,257020,188616,2188440,2377.571,1515.551,1956.584,3091.243,195.458,129.303,3149,3628,0.770,1.220,1.110,2,0,3.007,0,0,18,303,0,36,0
13-03 15:49:58,24.383,3.483,70.165,0.249,0,5430520,205372,188620,2188476,2627.439,1612.292,0,55.734,0,6.967,2528,2424,0.770,1.220,1.110,4,0,0,0,0,18,303,0,36,0
13-03 15:49:59,25.146,4.778,67.391,0.754,0,5429720,205820,188620,2188828,2658.424,1575.139,16.093,2474.356,1.006,194.126,6697,9650,0.770,1.220,1.110,2,0,0,0,0,18,304,0,23,0
13-03 15:50:00,24.618,3.233,68.384,1.989,0,5430208,204640,188620,2189524,3992.655,1611.386,445.618,425.724,30.835,43.766,4467,5650,0.770,1.220,1.110,2,0,0.995,0,0,18,309,0,24,0
13-03 15:50:01,32.574,5.011,59.886,1.253,0,5430272,203812,188620,2190292,6794.471,4360.930,449.022,5324.123,25.057,715.629,6010,7356,0.780,1.210,1.110,2,0,1.002,0,0,18,314,0,26,0
13-03 15:50:02,14.527,2.755,80.398,1.503,0,5428228,205536,188620,2190612,7223.338,4295.932,208.385,1530.827,11.020,183.339,4000,5641,0.780,1.210,1.110,1,0,1.002,0,0,18,313,0,27,0
13-03 15:50:03,11.238,1.748,82.909,1.249,0,5428980,204568,188628,2190820,9958.042,3920.686,15.982,5354.108,0.999,358.605,3593,5309,0.780,1.210,1.110,1,0,0.999,0,0,18,313,0,27,0
13-03 15:50:04,14.001,2.250,82.506,0.500,0,5425352,208084,188628,2190932,20816.410,8322.564,64.004,712.048,4.000,94.006,3174,4078,0.780,1.210,1.110,2,0,0,0,0,18,314,0,27,0
13-03 15:50:05,14.786,2.005,80.195,0.752,0,5421928,211400,188628,2191040,12784.160,6081.824,32.078,2409.874,1.002,178.435,4263,5911,0.780,1.210,1.110,1,0,0,0,0,18,316,0,27,0
13-03 15:50:06,26.763,5.002,65.281,2.001,0,5418760,214312,188628,2191296,4723.209,1620.758,0,2741.282,0,323.151,7625,11225,0.880,1.230,1.120,2,0,0,0,0,18,316,0,27,0
13-03 15:50:07,26.006,4.501,66.766,1.000,0,5417256,215504,188628,2191608,3241.794,1566.384,16.004,2028.497,1.000,190.047,6899,9808,0.880,1.230,1.120,2,0,0,0,0,18,317,0,28,0
13-03 15:50:08,10.725,2.245,83.059,1.247,0,5415496,217036,188628,2191836,9541.067,4334.037,0,2829.496,0,256.411,3667,5578,0.880,1.230,1.120,1,0,0,0,0,18,315,0,30,0
13-03 15:50:09,18.966,1.996,76.862,0.998,0,5413904,218432,188628,2192032,29163.741,12853.967,0,1481.346,0,149.732,3954,4728,0.880,1.230,1.120,3,0,0,0,0,18,315,0,30,0
13-03 15:50:10,16.563,4.266,75.037,1.506,0,5412656,219604,188628,2192108,2889.051,1626.220,0,7906.242,0,630.411,6526,9947,0.880,1.230,1.120,6,0,0,0,0,18,316,0,30,0
13-03 15:50:11,28.894,6.975,60.280,1.495,0,5405844,226020,188628,2192504,4857.264,1614.106,0,7660.029,0,913.664,9516,14112,0.890,1.220,1.120,6,0,6.975,0,0,18,316,0,30,0
13-03 15:50:12,31.472,6.494,54.451,5.495,0,5407424,223752,188632,2193188,6998.700,4229.193,339.694,4364.071,20.981,345.689,7759,11120,0.890,1.220,1.120,2,0,1.998,0,0,18,315,0,35,0
13-03 15:50:13,10.541,3.514,83.829,0.502,0,5407364,223752,188632,2193248,3267.828,1626.384,0,927.642,0,112.441,3396,4786,0.890,1.220,1.120,2,0,1.004,0,0,18,316,0,35,0
13-03 15:50:14,7.985,1.497,87.583,0.749,0,5407296,223752,188632,2193316,7142.347,4333.716,0,634.787,0,87.832,2777,4038,0.890,1.220,1.120,1,0,0,0,0,18,315,0,36,0
13-03 15:50:15,15.764,3.503,77.820,1.752,0,5407084,223752,188632,2193528,8812.878,4431.962,0,5196.646,0,394.353,4529,6843,0.890,1.220,1.120,1,0,0,0,0,18,315,0,37,0
13-03 15:50:16,15.736,1.748,79.931,1.499,0,5408140,222492,188632,2193732,2517.814,1618.595,147.872,115.899,7.993,0.999,2835,3086,0.820,1.200,1.110,4,0,0,0,0,18,316,0,39,0
13-03 15:50:17,17.498,2.250,77.239,0.750,0,5407928,222492,188632,2193944,26217.345,12767.220,0,1575.780,0,133.981,3849,5090,0.820,1.200,1.110,2,0,0,0,0,18,315,0,40,0
13-03 15:50:18,14.471,1.996,80.587,0.499,0,5407852,222492,188632,2194020,22181.082,11317.082,0,1884.184,0,83.830,3205,4279,0.820,1.200,1.110,2,0,1.996,0,0,18,316,0,41,0
13-03 15:50:19,14.278,2.254,80.410,1.002,0,5407816,222492,188632,2194056,29573.887,14202.279,0,925.844,0,109.217,3491,4561,0.820,1.200,1.110,1,0,0,0,0,18,316,0,37,0
13-03 15:50:20,18.571,3.513,74.285,1.757,0,5407768,222492,188632,2194104,4537.382,1945.453,0,3083.813,0,279.069,5992,8841,0.820,1.200,1.110,0,1,0,0,0,18,316,0,37,0
13-03 15:50:21,25.123,4.477,66.165,1.741,0,5407828,222240,188632,2194296,2567.010,1611.843,0,2272.500,0,239.787,7330,10539,0.830,1.200,1.110,3,0,0,0,0,18,316,0,37,0
13-03 15:50:22,26.571,5.765,65.424,0.752,0,5407352,222240,188636,2194768,2526.727,1624.324,0,2254.001,0,190.507,7456,10365,0.830,1.200,1.110,3,0,0,0,0,18,316,0,39,0
13-03 15:50:23,26.257,4.751,65.518,2.001,0,5408320,220980,188636,2195060,2580.695,1620.436,0,2704.728,0,283.076,7541,11034,0.830,1.200,1.110,3,0,1.000,0,0,18,316,0,39,0
13-03 15:50:24,17.505,3.501,75.023,0.750,0,5408392,220728,188636,2195240,2675.815,1458.444,0,5549.690,0,349.106,5400,8329,0.830,1.200,1.110,0,0,1.000,0,0,18,317,0,39,0
13-03 15:50:25,6.987,1.248,90.583,0.250,0,5408376,220728,188636,2195256,2814.817,1617.022,0,363.331,0,30.943,2176,2875,0.830,1.200,1.110,3,0,0.998,0,0,18,318,0,39,0
13-03 15:50:26,4.749,1.500,91.738,0.250,0,5407856,221200,188636,2195304,2519.663,1619.783,0,6515.128,0,833.888,2056,2214,0.770,1.180,1.100,2,0,0,0,0,18,318,0,39,0
13-03 15:50:27,18.491,4.248,72.715,1.499,0,5408024,220976,188636,2195360,2698.711,1619.227,0,2398.855,0,239.885,5916,8875,0.770,1.180,1.100,4,0,0,0,0,18,318,0,39,0
13-03 15:50:28,26.587,5.016,64.462,2.257,0,5408488,220220,188636,2195652,2829.287,1625.335,0,2419.944,0,330.084,7693,11622,0.770,1.180,1.100,2,0,0,0,0,18,318,0,39,0
13-03 15:50:29,24.716,4.743,68.155,0.999,0.250,5409552,218960,188636,2195848,2952.888,1617.747,0,1434.003,0,136.809,7109,9869,0.770,1.180,1.100,2,0,0,0,0,18,319,0,39,0
13-03 15:50:30,13.212,2.742,80.765,0.748,0,5410812,217196,188636,2196352,2751.998,1615.303,271.211,3418.061,15.954,210.388,4141,6052,0.770,1.180,1.100,3,0,0,0,0,18,317,0,39,0
13-03 15:50:31,14.021,3.756,79.369,1.252,0,5415624,212156,188640,2196576,8429.608,4210.297,0,5207.789,0,234.350,4025,5806,0.710,1.160,1.100,3,0,0,0,0,18,317,0,42,0
13-03 15:50:32,10.779,1.755,84.227,1.003,0,5415836,211904,188640,2196616,2867.726,1764.754,64.173,2302.202,4.011,197.532,3215,4616,0.710,1.160,1.100,1,0,0,0,0,18,318,0,44,0
13-03 15:50:33,5.226,1.742,90.585,0.747,0,5416584,210896,188640,2196876,8503.023,4109.164,0,1755.951,0,77.644,2133,3077,0.710,1.160,1.100,2,0,0.995,0,0,18,318,0,44,0
13-03 15:50:34,15.073,2.512,80.890,0.502,0,5416784,210644,188640,2196928,3023.569,1627.844,0,1169.636,0,119.576,3400,4574,0.710,1.160,1.100,3,0,0,0,0,18,318,0,45,0
13-03 15:50:35,10.462,1.744,83.949,0.996,0,5423052,204344,188648,2196952,7501.098,4168.051,0,4731.032,0,337.789,3503,5409,0.710,1.160,1.100,0,0,0,0,0,18,317,0,48,0
13-03 15:50:36,20.544,2.756,74.408,1.253,0,5423100,204092,188648,2197156,22161.941,10647.553,0,2252.772,0,194.412,4221,5393,0.730,1.160,1.100,2,0,0,0,0,18,318,0,53,0
13-03 15:50:37,12.466,1.994,82.273,0.997,0,5423340,203840,188648,2197168,13506.710,6066.252,0,1587.617,0,154.573,3663,5179,0.730,1.160,1.100,2,0,0,0,0,18,317,0,54,0
13-03 15:50:38,10.989,2.498,84.668,0.250,0,5423924,203084,188648,2197340,5805.358,3491.607,0,659.359,0,60.941,2863,3830,0.730,1.160,1.100,1,0,0,0,0,18,318,0,57,0
13-03 15:50:39,12.277,1.754,82.931,0.752,0,5424016,202832,188648,2197500,25343.461,10863.774,0,1018.228,0,141.309,3118,4059,0.730,1.160,1.100,3,0,0,0,0,18,318,0,57,0
13-03 15:50:40,10.214,1.993,83.958,1.495,0,5424616,202076,188648,2197656,2802.250,1614.383,15.945,1622.355,0.997,187.348,3647,5447,0.730,1.160,1.100,2,0,0,0,0,18,317,0,57,0
13-03 15:50:41,18.070,2.259,76.798,1.255,0,5425828,200816,188652,2197700,7098.524,4382.995,0,2148.330,0,258.000,3916,5540,0.670,1.140,1.090,3,0,0,0,0,18,317,0,61,0
13-03 15:50:42,9.030,2.759,85.783,0.502,0,5426016,200564,188652,2197764,2468.134,1625.357,0,963.174,0,99.327,2840,4119,0.670,1.140,1.090,1,0,0,0,0,18,318,0,63,0
13-03 15:50:43,9.451,1.244,87.045,0.497,0,5426268,200064,188656,2198008,6829.312,4343.303,0,1062.448,0,101.470,2790,4166,0.670,1.140,1.090,2,0,0.995,0,0,18,317,0,66,0
13-03 15:50:44,6.490,1.498,88.868,0.749,0,5426748,199560,188656,2198032,2653.051,1659.530,0,1206.205,0,73.890,2188,3115,0.670,1.140,1.090,1,0,0,0,0,18,317,0,67,0
13-03 15:50:45,7.294,2.012,88.791,0.755,0,5426972,199308,188656,2198060,4364.612,1509.202,0,5835.581,0,390.380,3055,4901,0.670,1.140,1.090,1,0,0,0,0,18,317,0,67,0
13-03 15:50:46,5.724,1.493,90.584,0.498,0,5427068,199056,188656,2198216,2568.202,1612.592,0,1098.951,0,84.611,2124,3077,0.620,1.120,1.080,1,0,0,0,0,18,317,0,67,0
13-03 15:50:47,8.513,1.252,87.883,0.501,0,5425544,200540,188656,2198256,4209.367,1622.454,0,6201.381,0,760.150,2726,3674,0.620,1.120,1.080,1,0,0,0,0,18,317,0,67,0
13-03 15:50:48,17.481,4.745,75.167,0.499,0,5431872,194160,188656,2198192,7335.929,4423.134,0,1194.686,0,135.851,4158,14811,0.620,1.120,1.080,2,0,35.960,0,0,18,318,0,70,0
13-03 15:50:49,8.284,1.757,89.369,0.502,0,5431808,194160,188656,2198372,7483.903,4165.199,0,642.654,0,71.294,2431,3275,0.620,1.120,1.080,1,0,0,0,0,18,318,0,71,0
13-03 15:50:50,12.166,2.483,81.936,1.490,0,5431600,194160,188656,2198580,11435.337,6000.721,0,1612.905,0,219.490,3913,5855,0.620,1.120,1.080,1,0,0,0,0,18,317,0,74,0
13-03 15:50:51,18.298,2.507,75.448,1.504,0,5431556,194160,188656,2198624,22205.289,10528.638,16.042,1832.811,1.003,240.632,4523,6207,0.650,1.120,1.080,3,0,0,0,0,18,318,0,77,0
13-03 15:50:52,16.566,2.761,78.061,0.753,0,5431692,193656,188656,2198992,11557.092,6135.469,0,1349.382,0,143.573,4113,5498,0.650,1.120,1.080,1,0,0,0,0,18,317,0,65,0
13-03 15:50:53,15.766,2.252,79.831,0.751,0,5431660,193656,188656,2199024,22490.695,10676.774,16.016,1465.479,1.001,150.152,3639,4885,0.650,1.120,1.080,4,0,1.001,0,0,18,318,0,67,0
13-03 15:50:54,7.995,1.749,88.200,0.500,0,5431516,193656,188656,2199168,7331.869,4364.541,0,1071.396,0,102.942,2672,3856,0.650,1.120,1.080,1,0,0,0,0,18,317,0,68,0
13-03 15:50:55,9.717,1.744,84.966,1.246,0,5431584,192900,188656,2199856,7487.932,4253.759,0,1993.327,0,183.386,3359,4880,0.650,1.120,1.080,1,0,0,0,0,18,317,0,69,0
13-03 15:50:56,18.464,1.996,77.102,1.248,0,5432008,192144,188656,2200188,26432.135,12852.268,0,1417.273,0,154.702,3712,4856,0.600,1.100,1.080,3,0,0,0,0,18,317,0,64,0
13-03 15:50:57,15.330,2.262,79.663,1.005,0,5432512,191640,188656,2200188,6950.045,3991.702,0,5106.484,0,384.997,4315,6373,0.600,1.100,1.080,4,0,0,0,0,18,318,0,66,0
13-03 15:50:58,13.487,1.748,81.920,0.749,0,5432056,191640,188656,2200644,21970.598,10353.914,0,3236.847,0,226.779,3479,4884,0.600,1.100,1.080,1,1,0,0,0,18,318,0,66,0
13-03 15:50:59,25.765,6.254,63.537,2.251,0,5432316,191136,188656,2200888,3018.751,1620.940,0,3554.061,0,402.233,8151,12384,0.600,1.100,1.080,8,0,1.001,0,0,18,318,0,67,0
13-03 15:51:00,24.695,5.488,66.351,1.497,0,5432744,190380,188660,2201212,2933.415,1616.371,47.892,2506.374,1.996,259.418,7497,10915,0.600,1.100,1.080,2,0,0,0,0,18,318,0,65,0
13-03 15:51:01,19.729,3.746,72.672,1.249,0,5433612,189372,188660,2201352,2876.902,1618.257,0,2920.855,0,243.738,6115,8914,0.630,1.100,1.080,1,0,0,0,0,18,317,0,65,0
13-03 15:51:02,9.286,2.259,85.331,0.753,0,5433800,189148,188660,2201388,2891.227,1626.315,16.062,6854.617,1.004,836.247,3381,4389,0.630,1.100,1.080,4,0,0,0,0,18,315,0,69,0
13-03 15:51:03,8.245,2.249,87.194,0.999,0,5433520,188896,188660,2201920,7438.203,4460.123,0,4377.177,0,314.797,3229,5261,0.630,1.100,1.080,2,0,0.999,0,0,18,317,0,70,0
13-03 15:51:04,10.724,2.244,84.542,1.496,0,5433476,188896,188660,2201964,7568.373,4279.467,0,2793.126,0,230.433,3415,4972,0.630,1.100,1.080,5,0,0,0,0,18,317,0,69,0
13-03 15:51:05,16.207,2.743,76.547,1.247,0,5433716,188392,188660,2202228,6995.447,3820.866,15.958,3012.012,0.997,259.312,4655,6617,0.630,1.100,1.080,1,0,0,0,0,18,317,0,71,0
13-03 15:51:06,9.777,1.504,87.743,0.251,0,5433716,188392,188660,2202228,5442.049,3504.692,0,525.453,0,38.105,2254,3019,0.580,1.080,1.070,1,0,0,0,0,18,318,0,73,0
13-03 15:51:07,14.534,1.503,81.438,1.002,0.251,5434116,187888,188660,2202332,23292.908,10865.146,0,1154.672,0,142.329,3653,4981,0.580,1.080,1.070,3,0,0,0,0,18,318,0,73,0
13-03 15:51:08,24.973,5.244,65.430,2.497,0,5433844,187888,188660,2202604,2517.290,1618.258,0,4910.713,0,445.520,7518,11740,0.580,1.080,1.070,3,1,0,0,0,18,318,0,70,0
13-03 15:51:09,25.749,5.500,65.247,1.250,0,5434028,187384,188660,2202924,2716.889,1619.934,0,2447.900,0,292.988,7545,11117,0.580,1.080,1.070,2,0,0,0,0,18,318,0,70,0
13-03 15:51:10,25.300,4.509,66.631,2.004,0,5435224,186124,188660,2202988,2825.572,1623.201,0,6528.875,0,481.950,7730,11332,0.580,1.080,1.070,2,0,0,0,0,18,318,0,72,0
13-03 15:51:11,26.171,6.730,63.557,1.745,0.249,5436604,184376,188660,2203356,4306.939,1615.102,0,5427.540,0,432.688,8342,12249,0.610,1.080,1.070,3,0,5.982,0,0,18,318,0,75,0
13-03 15:51:12,29.845,6.270,60.694,1.756,0,5437952,182612,188660,2203772,2889.235,1625.195,0,3523.262,0,354.132,9381,15436,0.610,1.080,1.070,1,0,1.003,0,0,18,318,0,71,0
13-03 15:51:13,27.401,4.235,64.517,1.246,0.249,5438024,182360,188660,2203952,2648.439,1452.755,0,2347.525,0,214.227,7403,10405,0.610,1.080,1.070,2,0,0.996,0,0,18,318,0,74,0
13-03 15:51:14,26.330,5.517,63.943,2.257,0,5437752,182360,188660,2204224,2965.971,1624.915,0,6804.582,0,596.805,8234,12788,0.610,1.080,1.070,2,0,0,0,0,18,318,0,74,0
13-03 15:51:15,25.769,4.753,65.797,1.751,0,5437496,182360,188660,2204480,3062.209,1621.169,0,3430.474,0,343.248,7875,11682,0.610,1.080,1.070,5,0,0,0,0,18,318,0,74,0
13-03 15:51:16,24.245,4.249,67.736,1.250,0,5438968,180092,188664,2205272,2699.462,1619.677,0,1715.658,0,182.964,6936,9796,0.640,1.070,1.070,1,0,0,0,0,18,318,0,75,0
13-03 15:51:17,6.226,1.494,89.902,0.498,0,5438668,180092,188664,2205572,2629.825,1613.756,0,1892.677,0,114.557,2446,3735,0.640,1.070,1.070,1,0,0,0,0,18,317,0,71,0
13-03 15:51:18,7.494,1.499,88.182,0.250,0,5437856,180812,188664,2205664,4256.698,1618.744,0,7714.016,0,987.234,3237,4036,0.640,1.070,1.070,2,0,1.998,0,0,18,317,0,72,0
13-03 15:51:19,16.182,3.485,76.928,1.494,0,5437652,180812,188664,2205868,7185.884,4338.816,0,1796.471,0,217.090,4340,6125,0.640,1.070,1.070,1,0,0,0,0,18,317,0,75,0
13-03 15:51:20,13.807,1.757,81.584,0.502,0,5438632,179804,188664,2205896,5569.832,3509.386,0,1004.116,0,95.391,3539,4744,0.640,1.070,1.070,1,0,1.004,0,0,18,318,0,80,0
13-03 15:51:21,12.550,2.259,81.829,1.757,0,5438528,179804,188664,2206000,23634.021,11024.323,0,5245.088,0,342.377,3485,5086,0.670,1.070,1.070,1,1,0,0,0,18,318,0,78,0
13-03 15:51:22,14.173,1.989,82.301,0.497,0,5438496,179804,188664,2206032,22346.091,10608.127,0,2621.697,0,182.007,3284,4506,0.670,1.070,1.070,2,0,0,0,0,18,317,0,78,0
13-03 15:51:23,13.269,2.504,80.364,1.001,0,5438440,179552,188664,2206340,2824.018,1622.308,0,1638.331,0,164.234,4366,5998,0.670,1.070,1.070,2,0,1.001,0,0,18,317,0,79,0
13-03 15:51:24,13.747,2.749,80.981,1.250,0,5438492,179300,188664,2206540,6090.568,4183.016,0,1399.671,0,159.962,3622,5086,0.670,1.070,1.070,2,0,0,0,0,18,318,0,82,0
13-03 15:51:25,8.741,2.497,86.160,0.499,0,5439204,178572,188664,2206556,4239.563,1792.124,0,1114.833,0,111.883,2831,4009,0.670,1.070,1.070,6,0,0,0,0,18,318,0,82,0
13-03 15:51:26,10.057,1.509,85.483,1.257,0,5440004,177564,188664,2206764,7016.635,4219.837,0,1452.203,0,167.949,3088,4624,0.700,1.070,1.070,3,0,0,0,0,18,317,0,85,0
13-03 15:51:27,8.458,1.990,87.312,0.249,0,5439980,177564,188664,2206788,2686.533,1611.920,0,847.751,0,71.641,2621,3629,0.700,1.070,1.070,1,0,0,0,0,18,317,0,87,0
13-03 15:51:28,9.257,1.751,87.068,0.751,0,5439760,177564,188664,2207008,2582.006,1621.259,0,816.634,0,67.052,2610,3602,0.700,1.070,1.070,1,0,0,0,0,18,317,0,88,0
13-03 15:51:29,12.761,1.751,83.321,0.500,0,5441772,175548,188664,2207012,10120.662,5873.027,0,644.552,0,45.039,2836,3562,0.700,1.070,1.070,1,0,0,0,0,18,318,0,93,0
13-03 15:51:30,17.790,2.756,76.671,1.002,0,5441728,175296,188668,2207304,23405.327,10864.289,0,1888.221,0,244.547,4515,6284,0.700,1.070,1.070,1,0,0,0,0,18,320,0,93,0
13-03 15:51:31,24.994,5.999,64.235,2.749,0,5441668,175296,188672,2207360,2701.382,1619.629,0,8550.043,0,721.835,8465,13637,0.800,1.090,1.080,3,0,0,0,0,18,320,0,93,0
13-03 15:51:32,26.511,5.252,65.277,1.751,0,5442044,174540,188672,2207740,2641.079,1620.662,0,3941.611,0,320.131,7521,11135,0.800,1.090,1.080,4,0,0,0,0,18,320,0,93,0
13-03 15:51:33,24.585,4.470,67.299,1.987,0,5438956,177052,188672,2208316,2531.033,1517.825,0,8189.103,0,960.561,7788,10855,0.800,1.090,1.080,2,0,1.987,0,0,18,319,0,88,0
13-03 15:51:34,4.775,1.508,91.732,0,0,5438896,177052,188672,2208376,3032.920,1628.548,0,526.765,0,34.179,1767,2410,0.800,1.090,1.080,2,0,0,0,0,18,320,0,88,0
13-03 15:51:35,12.966,2.992,80.292,1.745,0,5438796,177052,188672,2208476,7300.079,4350.723,15.959,2030.737,0.997,225.416,3934,5946,0.800,1.090,1.080,1,0,0,0,0,18,319,0,93,0
13-03 15:51:36,9.479,1.497,87.304,0.249,0,5438956,176856,188672,2208512,4364.209,1616.374,0,854.084,0,71.839,2610,3591,0.740,1.070,1.070,2,0,0,0,0,18,320,0,94,0
13-03 15:51:37,15.812,2.259,78.810,1.255,0,5438948,176604,188672,2208772,17070.241,9262.486,0,1409.552,0,151.597,3811,5337,0.740,1.070,1.070,2,0,0,0,0,18,319,0,88,0
13-03 15:51:38,12.214,1.994,83.255,0.499,0,5438728,176604,188672,2208992,5638.374,3646.248,0,805.624,0,71.788,3032,4160,0.740,1.070,1.070,1,0,0,0,0,18,320,0,93,0
13-03 15:51:39,7.768,1.754,87.207,1.253,0,5438940,176380,188676,2209000,7115.883,3789.992,0,4955.758,0,379.901,3065,4875,0.740,1.070,1.070,2,2,0,0,0,18,320,0,94,0
13-03 15:51:40,16.995,2.249,77.475,0.750,0,5438852,176128,188676,2209340,31607.903,14406.398,239.923,1747.442,3.999,128.959,3629,4448,0.740,1.070,1.070,2,0,0,0,0,18,321,0,96,0
13-03 15:51:41,6.024,0.753,92.623,0,0,5439100,175876,188676,2209344,7138.775,4375.637,0,369.489,0,19.077,1494,2024,0.680,1.050,1.060,1,0,0,0,0,18,321,0,92,0
13-03 15:51:42,16.742,1.999,77.962,1.249,0,5438852,175876,188676,2209592,23551.412,11008.584,0,2530.755,0,206.898,3924,5426,0.680,1.050,1.060,2,0,0,0,0,18,320,0,93,0
13-03 15:51:43,25.496,5.749,64.490,2.250,0,5438704,175876,188676,2209740,2759.576,1661.745,0,5079.219,0,507.922,8164,12775,0.680,1.050,1.060,1,0,1.000,0,0,18,320,0,93,0
13-03 15:51:44,25.254,4.251,66.009,1.500,0,5440704,173384,188676,2210232,3017.423,1620.227,0,2396.336,0,265.037,7292,10737,0.680,1.050,1.060,2,1,0,0,0,18,320,0,93,0
13-03 15:51:45,24.612,3.978,67.621,1.492,0,5441184,172628,188676,2210508,3042.931,1652.729,0,2227.505,0,220.762,7004,9944,0.680,1.050,1.060,3,0,0,0,0,18,319,0,85,0
13-03 15:51:46,4.502,1.501,93.042,0.250,0,5441400,172388,188676,2210532,2821.274,1620.732,0,820.371,0,59.027,1669,2379,0.620,1.030,1.060,3,0,0,0,0,18,320,0,85,0
13-03 15:51:47,18.855,2.765,76.426,1.006,0,5441428,172136,188676,2210756,22437.169,10562.927,0,4999.893,0,354.980,4681,6430,0.620,1.030,1.060,0,0,0,0,0,18,319,0,85,0
13-03 15:51:48,22.908,6.723,66.733,0.996,0,5472964,182248,187980,2173264,2749.019,1613.555,0,8896.465,0,953.193,6665,12564,0.620,1.030,1.060,5,0,35.857,0,0,18,320,0,85,0
13-03 15:51:49,28.007,5.501,61.516,2.001,0,5443372,211492,187984,2170572,4458.125,1620.409,0,3844.970,0,460.116,8203,13888,0.620,1.030,1.060,2,0,0,0,0,18,320,0,83,0
13-03 15:51:50,27.059,4.009,66.896,1.002,0,5443912,210740,187984,2170784,2826.169,1623.544,0,1996.358,0,197.431,7075,10189,0.620,1.030,1.060,5,0,0,0,0,18,320,0,84,0
13-03 15:51:51,23.741,4.498,67.973,1.749,0,5442652,211604,187984,2171180,7076.192,4383.261,0,4914.050,0,400.841,6526,9412,0.810,1.070,1.070,3,0,0,0,0,18,319,0,85,0
13-03 15:51:52,10.278,2.507,85.486,0.752,0,5442852,211352,187984,2171232,4331.982,1624.493,0,3096.565,0,214.594,3151,4816,0.810,1.070,1.070,1,0,0,0,0,18,320,0,85,0
13-03 15:51:53,15.913,2.735,77.577,1.243,0,5442832,211104,187984,2171500,26404.094,13359.190,0,1662.937,0,202.894,4189,5801,0.810,1.070,1.070,1,0,0.995,0,0,18,319,0,79,0
13-03 15:51:54,17.740,3.248,75.957,1.249,0,5448636,205056,187984,2171744,7109.944,4222.591,0,1754.999,0,214.877,4553,6295,0.810,1.070,1.070,1,0,0,0,0,18,319,0,81,0
13-03 15:51:55,14.314,5.274,77.096,1.005,0,5450268,198472,187988,2176692,6052.152,4230.982,0,6010.967,0,758.402,4601,5702,0.810,1.070,1.070,2,0,2.009,0,0,18,320,0,83,0
13-03 15:51:56,13.271,1.502,83.880,0.250,0,5450228,198472,187988,2176732,23508.391,10856.806,0,689.067,0,59.091,2767,3217,0.750,1.050,1.060,2,0,0,0,0,18,320,0,83,0
13-03 15:51:57,21.886,2.487,71.877,0.995,0,5455524,192928,187988,2176980,26286.599,12810.526,0,1484.298,0,154.200,4440,5689,0.750,1.050,1.060,1,0,0,0,0,18,319,0,84,0
13-03 15:51:58,15.836,2.514,80.183,0.754,0,5456492,191724,187992,2177212,21981.818,10682.743,0,2388.913,0,147.799,3656,5104,0.750,1.050,1.060,1,0,0,0,0,18,320,0,77,0
13-03 15:51:59,13.747,2.000,80.231,1.750,0,5455028,193180,187996,2177216,11674.249,6221.534,0,5854.620,0,401.905,3978,6049,0.750,1.050,1.060,2,1,0,0,0,18,320,0,77,0
13-03 15:52:00,14.503,2.000,80.516,1.000,0,5455192,192928,187996,2177304,21951.272,10506.045,0,1240.241,0,130.025,3678,4997,0.750,1.050,1.060,4,0,0,0,0,18,320,0,79,0
13-03 15:52:01,10.906,1.983,83.532,0.496,0,5455024,192928,187996,2177472,26188.811,12628.412,0,1043.031,0,116.994,2997,4007,0.770,1.050,1.060,2,0,0,0,0,18,320,0,79,0
13-03 15:52:02,26.699,5.793,64.229,2.015,0,5455332,192452,187996,2177640,2720.286,1632.171,0,2889.548,0,327.442,8124,12189,0.770,1.050,1.060,2,0,1.008,0,0,18,320,0,79,0
13-03 15:52:03,25.944,4.490,65.859,1.746,0.249,5455688,191700,187996,2178036,2877.833,1710.335,0,2829.936,0,276.408,7522,10992,0.770,1.050,1.060,3,0,0.998,0,0,18,320,0,79,0
13-03 15:52:04,25.063,4.511,67.670,1.003,0,5456116,190944,188000,2178360,2964.461,1624.088,96.242,2085.248,5.013,209.527,6859,9548,0.770,1.050,1.060,1,0,0,0,0,18,320,0,79,0
13-03 15:52:05,26.740,4.248,65.476,1.999,0,5455980,190692,188000,2178764,2878.962,1619.416,0,5605.980,0,468.831,7578,10985,0.770,1.050,1.060,4,0,0,0,0,18,320,0,79,0
13-03 15:52:06,25.755,5.251,64.761,2.250,0,5455784,190692,188000,2178960,2700.472,1620.283,0,4248.743,0,442.077,7721,11906,0.790,1.050,1.060,1,0,0,0,0,18,320,0,70,0
13-03 15:52:07,27.016,4.253,66.040,1.251,0,5455396,190724,188000,2179316,2884.743,1620.980,0,2669.613,0,256.155,7534,10681,0.790,1.050,1.060,2,0,0,0,0,18,320,0,70,0
13-03 15:52:08,23.399,4.481,68.703,1.494,0,5457056,188960,188000,2179420,6648.296,4167.009,0,3257.934,0,312.650,6531,9689,0.790,1.050,1.060,1,0,0,0,0,18,319,0,71,0
13-03 15:52:09,9.030,1.756,86.541,0.502,0,5456852,188960,188000,2179624,7251.405,4298.467,0,10290.633,0,172.581,2971,4256,0.790,1.050,1.060,3,0,0,0,0,18,319,0,71,0
13-03 15:52:10,6.255,2.002,89.320,1.001,0,5457068,188708,188000,2179660,2642.056,1621.262,0,4235.296,0,284.221,2844,4436,0.790,1.050,1.060,2,1,0,0,0,18,320,0,68,0
13-03 15:52:11,11.675,2.981,82.716,1.242,0,5458600,186956,188000,2179880,6984.919,4256.528,0,2845.634,0,211.634,3728,5137,0.890,1.060,1.070,1,0,5.962,0,0,18,319,0,68,0
13-03 15:52:12,12.791,2.508,82.764,0.502,0,5458768,186704,188000,2179964,6916.055,3843.256,0,1163.711,0,122.390,3367,4491,0.890,1.060,1.070,1,0,0,0,0,18,319,0,69,0
13-03 15:52:13,13.540,3.009,80.238,1.003,0,5459468,185748,188000,2180220,7291.637,4296.750,0,2535.524,0,207.616,4690,6748,0.890,1.060,1.070,3,0,1.003,0,0,18,319,0,69,0
13-03 15:52:14,12.222,2.993,82.060,0.499,0,5462948,181980,188000,2180508,7074.651,3822.167,0,981.731,0,102.763,4055,5644,0.890,1.060,1.070,3,0,0.998,0,0,18,319,0,61,0
13-03 15:52:15,9.526,1.504,86.488,0.752,0,5462920,181980,188000,2180536,2484.844,1462.027,0,878.419,0,70.193,3165,4088,0.890,1.060,1.070,2,0,0,0,0,18,320,0,65,0
13-03 15:52:16,7.462,1.244,88.546,0.497,0,5462580,181980,188000,2180876,7113.553,4262.162,0,1209.801,0,131.327,2679,4026,0.810,1.040,1.060,1,0,0,0,0,18,319,0,65,0
13-03 15:52:17,11.259,2.502,83.820,1.001,0,5462528,181980,188000,2180928,6719.631,3834.213,0,1176.986,0,117.098,3351,4599,0.810,1.040,1.060,2,0,0,0,0,18,319,0,65,0
13-03 15:52:18,11.007,2.502,83.556,1.251,0,5462312,181980,188000,2181148,7034.691,4286.859,0,1749.166,0,180.120,3527,5167,0.810,1.040,1.060,1,0,2.001,0,0,18,319,0,64,0
13-03 15:52:19,8.954,1.741,85.811,0.746,0,5462272,181980,188000,2181188,7114.624,3811.512,0,1273.489,0,131.329,3061,4228,0.810,1.040,1.060,1,0,0,0,0,18,319,0,64,0
13-03 15:52:20,11.839,2.267,83.631,1.511,0,5462012,181980,188000,2181448,2599.616,1632.317,0,4554.366,0,325.456,3950,5832,0.810,1.040,1.060,2,1,0,0,0,18,320,0,64,0
13-03 15:52:21,5.730,1.495,90.438,0.249,0,5461992,181980,188000,2181468,8544.541,3817.837,0,1965.225,0,165.430,2313,3727,0.910,1.060,1.070,1,0,0,0,0,18,319,0,64,0
13-03 15:52:22,17.829,2.260,76.840,0.753,0,5461920,181980,188000,2181540,26382.722,12771.504,0,1245.510,0,135.600,3939,5192,0.910,1.060,1.070,2,0,0,0,0,18,319,0,57,0
13-03 15:52:23,20.971,4.494,70.404,1.498,0,5461944,181728,188004,2181764,4194.293,1617.799,0,2428.695,0,265.639,6626,9838,0.910,1.060,1.070,7,0,0.999,0,0,18,320,0,57,0
13-03 15:52:24,26.525,5.005,65.561,2.252,0,5462144,181224,188004,2182068,2779.589,1621.511,0,3355.125,0,377.352,8015,12191,0.910,1.060,1.070,1,0,0,0,0,18,320,0,57,0
13-03 15:52:25,24.468,4.494,66.912,1.248,0,5463304,179964,188004,2182168,4374.240,1617.870,0,1777.659,0,158.791,6882,9610,0.910,1.060,1.070,3,0,0,0,0,18,320,0,57,0
13-03 15:52:26,8.505,2.501,86.296,1.501,0,5463052,179964,188008,2182416,2641.404,1620.861,16.009,3221.712,1.001,281.149,3201,5131,1,1.080,1.070,1,1,0,0,0,18,319,0,49,0
13-03 15:52:27,17.920,4.231,73.920,2.240,0,5463444,179460,188008,2182528,2688.011,1612.806,0,6172.469,0,501.762,5522,8433,1,1.080,1.070,1,0,0,0,0,18,319,0,50,0
13-03 15:52:28,7.014,2.505,88.932,0,0,5463204,179460,188008,2182768,2603.314,1460.982,0,1410.880,0,49.100,2254,3129,1,1.080,1.070,4,0,0,0,0,18,320,0,50,0
13-03 15:52:29,25.595,5.270,64.489,2.258,0,5463068,179460,188008,2182904,2847.545,1626.021,0,4428.399,0,475.762,8326,12531,1,1.080,1.070,1,0,0,0,0,18,320,0,51,0
13-03 15:52:30,26.244,4.249,65.486,1.750,0,5464024,178200,188008,2183208,2639.417,1619.642,0,7482.346,0,519.885,7913,11640,1,1.080,1.070,4,0,0,0,0,18,320,0,44,0
13-03 15:52:31,24.684,4.987,67.569,1.247,0,5464516,177444,188012,2183468,2573.112,1615.675,31.915,1683.493,0.997,137.632,6530,8925,1.240,1.120,1.090,2,0,0,0,0,18,320,0,45,0
13-03 15:52:32,25.753,5.751,63.008,2.500,0,5464540,177192,188012,2183696,4014.483,1620.195,0,5736.690,0,582.070,8778,13939,1.240,1.120,1.090,3,0,0,0,0,18,320,0,45,0
13-03 15:52:33,26.027,4.755,65.819,1.502,0,5465684,175680,188012,2184064,2522.641,1663.742,0,5802.074,0,372.390,7609,11055,1.240,1.120,1.090,2,0,1.001,0,0,18,320,0,45,0
13-03 15:52:34,14.711,2.992,80.289,0.499,0,5466620,174672,188012,2184136,2891.397,1615.752,0,1017.325,0,85.774,4538,6270,1.240,1.120,1.090,1,0,0,0,0,18,320,0,45,0
13-03 15:52:35,14.311,2.260,80.593,1.004,0,5467108,174168,188012,2184152,2609.108,1464.234,0,1217.182,0,125.534,4333,6238,1.240,1.120,1.090,4,0,0,0,0,18,320,0,45,0
13-03 15:52:36,26.937,4.988,63.602,2.245,0,5467052,173944,188016,2184428,2823.427,1616.237,0,3360.177,0,415.034,7986,12030,1.220,1.120,1.090,2,0,0,0,0,18,320,0,47,0
13-03 15:52:37,26.824,4.763,65.933,1.253,0,5467044,173692,188016,2184688,2827.838,1624.503,0,1805.003,0,170.473,7253,10557,1.220,1.120,1.090,1,0,0,0,0,18,320,0,47,0
13-03 15:52:38,24.738,4.248,66.717,1.999,0.250,5467728,172684,188016,2185012,2818.621,1619.208,0,5633.245,0,423.793,7712,11443,1.220,1.120,1.090,2,0,0,0,0,18,320,0,33,0
13-03 15:52:39,25.512,4.752,65.031,2.251,0,5467836,172432,188016,2185156,2958.402,1620.768,0,6226.951,0,542.257,8111,12417,1.220,1.120,1.090,3,0,0,0,0,18,320,0,33,0
13-03 15:52:40,24.955,5.241,65.132,1.996,0.250,5468372,171676,188016,2185376,2814.899,1617.070,0,2735.044,0,315.428,7696,11333,1.220,1.120,1.090,4,0,0,0,0,18,320,0,33,0
13-03 15:52:41,25.299,4.759,67.881,0.751,0,5469832,169912,188016,2185680,4135.975,1623.130,0,1827.524,0,165.319,7079,10011,1.280,1.140,1.090,1,0,0,0,0,18,320,0,33,0
13-03 15:52:42,25.232,4.747,66.704,1.499,0,5470752,168904,188016,2185768,7350.901,4012.217,0,2846.026,0,313.782,6736,9709,1.280,1.140,1.090,0,0,0,0,0,18,320,0,37,0
13-03 15:52:43,8.999,1.750,86.492,0.250,0,5470868,168652,188016,2185904,4017.641,1933.827,0,1327.881,0,113.990,2798,3957,1.280,1.140,1.090,2,0,1.000,0,0,18,320,0,33,0
13-03 15:52:44,11.482,1.747,84.870,0.998,0,5470832,168652,188016,2185940,28367.672,12717.576,0,1521.676,0,165.747,2845,3800,1.280,1.140,1.090,2,0,0,0,0,18,320,0,33,0
13-03 15:52:45,13.480,2.996,79.135,1.747,0,5470768,168400,188016,2186256,7368.251,4387.599,0,8164.090,0,463.324,4180,6010,1.280,1.140,1.090,2,1,0,0,0,18,319,0,34,0
13-03 15:52:46,12.992,2.748,80.203,1.499,0,5471068,167896,188016,2186460,2938.275,1619.049,15.991,5300.888,0.999,383.775,4404,6464,1.180,1.120,1.090,1,0,0,0,0,18,320,0,34,0
13-03 15:52:47,19.079,2.259,76.314,1.004,0,5471224,167644,188016,2186556,20644.966,9840.499,0,1674.893,0,205.847,4555,6145,1.180,1.120,1.090,1,0,0,0,0,18,320,0,33,0
13-03 15:52:48,14.215,2.244,80.300,1.247,0.249,5471168,167644,188016,2186612,8786.154,4685.350,0,1667.853,0,193.519,4050,5815,1.180,1.120,1.090,2,0,0,0,0,18,320,0,33,0
13-03 15:52:49,33.553,8.263,55.087,1.502,0,5485288,187804,186332,2154264,2859.517,1460.307,0,4927.784,0,434.687,8970,19864,1.180,1.120,1.090,2,0,36.057,0,0,18,320,0,35,0
13-03 15:52:50,26.206,4.992,63.393,2.246,0,5485156,187804,186356,2154372,2815.246,1617.269,0,6564.914,0,636.924,8629,13399,1.180,1.120,1.090,3,1,0,0,0,18,320,0,35,0
13-03 15:52:51,26.318,4.261,66.672,1.253,0,5484884,187804,186356,2154644,5762.825,1624.178,0,4788.318,0,363.936,6964,10141,1.160,1.120,1.090,2,0,0,0,0,18,320,0,35,0
13-03 15:52:52,26.854,5.719,63.902,1.243,0,5484540,187804,186356,2154988,2864.399,1611.225,31.827,2804.724,0.995,263.565,7240,10504,1.160,1.120,1.090,8,0,0,0,0,18,319,0,36,0
13-03 15:52:53,14.276,1.753,82.148,0.501,0,5480716,191376,186360,2155236,26842.468,13424.239,0,1202.171,0,107.194,3206,4529,1.160,1.120,1.090,1,0,1.002,0,0,18,319,0,36,0
13-03 15:52:54,23.439,3.990,69.071,2.494,0,5480924,190620,186364,2155780,10199.598,5802.979,438.864,2046.702,14.961,200.481,5643,7747,1.160,1.120,1.090,1,0,0,0,0,18,320,0,37,0
13-03 15:52:55,13.578,2.012,81.468,1.006,0,5480916,190620,186376,2155776,19777.711,8729.188,0,4131.755,0,296.706,3999,5683,1.160,1.120,1.090,5,0,0,0,0,18,320,0,33,0
13-03 15:52:56,30.461,5.243,58.924,1.997,0,5481524,188868,186388,2156908,22643.697,10652.215,0,5209.259,0,518.329,8752,13025,1.150,1.110,1.090,2,0,0,0,0,18,320,0,34,0
13-03 15:52:57,26.789,5.007,65.345,1.252,0,5482792,187388,186400,2157108,2421.513,1460.118,0,2303.342,0,239.347,7735,11247,1.150,1.110,1.090,2,0,0,0,0,18,320,0,34,0
13-03 15:52:58,25.424,4.736,66.303,1.994,0,5480892,188640,186436,2157720,5698.034,4217.442,0,3561.396,0,340.985,7086,10533,1.150,1.110,1.090,0,0,0,0,0,18,320,0,35,0
13-03 15:52:59,7.267,1.002,89.205,0.251,0,5481388,188136,186448,2157716,4030.276,1798.139,0,890.049,0,80.185,2369,3171,1.150,1.110,1.090,2,0,0,0,0,18,320,0,32,0
13-03 15:53:00,20.759,2.501,74.783,0.750,0,5481488,187912,186464,2157824,48423.065,23722.320,0,1236.538,0,124.054,3770,4608,1.150,1.110,1.090,1,0,0,0,0,18,320,0,32,0
13-03 15:53:01,13.705,1.246,82.477,0.748,0,5481812,187436,186464,2157976,32772.331,15808.581,0,893.039,0,84.719,2626,3192,1.140,1.110,1.080,1,0,0,0,0,18,319,0,32,0
13-03 15:53:02,20.840,2.009,75.326,0.251,0,5481576,187436,186468,2158208,34896.087,17471.646,0,743.218,0,69.300,3657,4296,1.140,1.110,1.080,1,0,0,0,0,18,320,0,32,0
13-03 15:53:03,17.664,1.493,78.122,0.249,0,5482136,186684,186472,2158396,46257.941,22112.892,0,748.375,0,75.634,3055,3439,1.140,1.110,1.080,2,0,0.995,0,0,18,319,0,29,0
13-03 15:53:04,15.279,2.254,80.904,0.501,0,5482596,186180,186472,2158440,7326.950,3910.445,0,1406.678,0,107.204,3087,3987,1.140,1.110,1.080,3,0,0,0,0,18,320,0,29,0
13-03 15:53:05,13.283,2.005,82.203,1.253,0,5482004,186600,186476,2158608,22269.095,10552.107,0,3520.710,0,241.598,3557,4959,1.140,1.110,1.080,3,1,0,0,0,18,320,0,30,0
13-03 15:53:06,25.007,5.502,65.519,1.751,0,5481808,186600,186500,2158780,2760.813,1620.477,32.009,10951.225,1.000,753.222,8358,12700,1.130,1.110,1.080,1,0,1.000,0,0,18,320,0,30,0
13-03 15:53:07,26.750,4.500,65.001,1.500,0,5482760,185372,186520,2159036,2700.049,1620.029,0,2632.047,0,277.005,7497,11060,1.130,1.110,1.080,1,0,0,0,0,18,320,0,32,0
13-03 15:53:08,26.490,5.248,64.226,1.749,0,5482876,184868,186552,2159392,2818.940,1619.391,0,3210.793,0,324.878,7556,11087,1.130,1.110,1.080,1,0,0,0,0,18,319,0,34,0
13-03 15:53:09,6.240,1.248,90.349,0.749,0,5482828,184868,186564,2159428,8881.114,4355.699,0,982.353,0,88.851,2243,3182,1.130,1.110,1.080,2,0,0,0,0,18,320,0,34,0
13-03 15:53:10,16.455,2.244,78.783,0.997,0,5482840,184644,186584,2159620,22652.677,10768.373,0,1834.952,0,192.470,3852,5078,1.130,1.110,1.080,2,0,0,0,0,18,319,0,34,0
13-03 15:53:11,18.070,2.259,77.049,0.502,0,5484276,183132,186600,2159680,21786.592,10503.784,0,1232.787,0,119.464,3512,4274,1.040,1.090,1.080,5,0,5.019,0,0,18,320,0,33,0
13-03 15:53:12,16.264,3.253,77.064,1.001,0,5484056,183132,186616,2159884,7332.108,3875.228,32.027,1881.567,1.001,167.139,4946,7229,1.040,1.090,1.080,2,0,1.001,0,0,18,319,0,33,0
13-03 15:53:13,27.498,6.250,62.746,2.750,0,5480508,186384,186676,2160152,2759.812,1619.890,0,5611.618,0,571.961,8622,13359,1.040,1.090,1.080,1,2,2.000,0,0,18,319,0,33,0
13-03 15:53:14,24.489,4.248,67.221,1.000,0,5480552,186132,186684,2160352,2955.714,1619.295,0,7232.853,0,418.818,7253,10532,1.040,1.090,1.080,1,0,0,0,0,18,320,0,34,0
13-03 15:53:15,23.744,3.999,68.483,1.750,0.250,5480920,185404,186728,2160668,7137.239,4347.928,0,6542.386,0,628.845,6426,8705,1.040,1.090,1.080,2,0,2.000,0,0,18,319,0,33,0
13-03 15:53:16,12.220,3.741,81.796,0.249,0,5485408,180908,186732,2160672,7250.959,3647.924,0,1300.764,0,93.767,4505,6969,1.110,1.110,1.080,3,0,0.998,0,0,18,320,0,34,0
13-03 15:53:17,19.063,1.756,76.002,0.752,0,5484984,180908,186752,2161076,23619.235,10876.025,0,1272.214,0,112.372,4399,5578,1.110,1.110,1.080,1,0,0,0,0,18,320,0,36,0
13-03 15:53:18,26.742,5.748,63.731,2.499,0,5483728,182048,186792,2161152,2819.181,1619.529,0,5134.508,0,513.851,8551,13037,1.110,1.110,1.080,3,0,1.999,0,0,18,320,0,36,0
13-03 15:53:19,25.498,4.750,65.995,1.500,0,5483864,181572,186792,2161492,2914.794,1457.897,0,2471.825,0,257.982,7515,10884,1.110,1.110,1.080,2,0,0,0,0,18,320,0,33,0
13-03 15:53:20,25.747,5.499,65.743,1.750,0,5484788,180564,186792,2161576,4619.506,1619.827,0,3523.623,0,294.968,7678,10987,1.110,1.110,1.080,4,0,0,0,0,18,320,0,33,0
13-03 15:53:21,26.503,5.501,64.007,2.750,0,5484432,180564,186796,2161928,2830.290,1620.166,0,7200.738,0,605.062,8243,12863,1.270,1.140,1.090,1,0,0,0,0,18,320,0,34,0
13-03 15:53:22,25.759,4.502,65.022,1.000,0,5484900,179808,186796,2162216,2760.949,1620.557,0,2496.858,0,235.081,7777,11614,1.270,1.140,1.090,2,0,0,0,0,18,320,0,34,0
13-03 15:53:23,23.220,4.994,68.661,1.748,0,5485352,179052,186800,2162516,7129.796,4357.375,0,3295.746,0,340.560,6698,9975,1.270,1.140,1.090,1,0,0.999,0,0,18,319,0,35,0
13-03 15:53:24,9.496,1.250,86.216,1.250,0,5485428,178800,186800,2162692,7344.091,4508.214,0,1823.278,0,189.925,3220,4617,1.270,1.140,1.090,1,0,0,0,0,18,319,0,34,0
13-03 15:53:25,6.241,0.999,90.371,0,0,5485384,178800,186800,2162744,4194.020,1617.693,0,1310.132,0,95.863,2431,3377,1.270,1.140,1.090,2,0,0,0,0,18,320,0,34,0
13-03 15:53:26,10.473,1.995,84.031,0.748,0,5485292,178800,186800,2162836,9587.020,3659.465,0,1675.634,0,139.636,3259,4643,1.240,1.140,1.090,1,0,0,0,0,18,319,0,37,0
13-03 15:53:27,17.533,2.254,76.645,1.252,0,5485220,178800,186812,2162896,24731.842,12660.980,0,3065.807,0,239.454,4015,5324,1.240,1.140,1.090,2,0,0,0,0,18,320,0,37,0
13-03 15:53:28,16.034,3.508,77.666,1.253,0,5485424,178548,186812,2162944,5711.240,1863.995,0,4557.768,0,333.715,5333,8140,1.240,1.140,1.090,3,0,0,0,0,18,320,0,35,0
13-03 15:53:29,26.542,5.509,63.600,2.754,0,5485100,178548,186812,2163268,2901.543,1622.541,0,3842.016,0,469.736,8143,12558,1.240,1.140,1.090,3,0,0,0,0,18,320,0,35,0
13-03 15:53:30,24.958,4.742,66.637,0.998,0,5485392,178044,186816,2163476,2815.216,1617.252,0,2188.281,0,203.654,7319,10615,1.240,1.140,1.090,5,0,0,0,0,18,320,0,36,0
13-03 15:53:31,24.396,3.485,67.960,0.996,0,5485760,177540,186816,2163612,2748.276,1613.119,15.932,1856.082,0.996,164.299,6521,9104,1.300,1.150,1.100,2,0,0,0,0,18,320,0,36,0
13-03 15:53:32,15.847,3.270,78.480,1.761,0,5486936,176112,186816,2163864,7116.487,4417.997,0,7843.932,0,532.252,4206,6083,1.300,1.150,1.100,2,0,0,0,0,18,319,0,34,0
13-03 15:53:33,15.477,1.997,78.883,0.999,0,5486856,176112,186816,2163944,24846.247,12456.574,0,1701.483,0,153.773,3562,4880,1.300,1.150,1.100,1,0,0.999,0,0,18,320,0,34,0
13-03 15:53:34,14.749,2.500,79.497,1.250,0,5486712,176112,186828,2164076,4941.810,1901.927,0,4047.845,0,331.987,4837,7243,1.300,1.150,1.100,4,0,0,0,0,18,320,0,34,0
13-03 15:53:35,27.203,4.991,63.889,2.745,0,5486944,175608,186840,2164336,2875.012,1617.194,0,8089.963,0,640.888,8382,13053,1.300,1.150,1.100,4,0,0,0,0,18,320,0,34,0
13-03 15:53:36,26.575,4.763,63.429,2.006,0,5486720,175608,186848,2164552,2647.492,1624.597,0,3525.978,0,431.220,8159,12505,1.280,1.150,1.100,1,0,0,0,0,18,320,0,33,0
13-03 15:53:37,25.471,4.495,66.674,1.249,0,5487652,174348,186864,2164864,2517.116,1618.146,0,3116.430,0,253.709,7306,10517,1.280,1.150,1.100,3,0,0,0,0,18,320,0,33,0
13-03 15:53:38,22.231,4.246,69.441,1.499,0,5488348,173340,186876,2165164,6953.139,4374.313,0,3221.285,0,319.731,6324,9479,1.280,1.150,1.100,2,0,0,0,0,18,319,0,35,0
13-03 15:53:39,10.480,1.996,83.842,1.747,0,5488308,173340,186884,2165196,8423.121,3979.498,0,6356.018,0,418.212,3597,5507,1.280,1.150,1.100,3,0,0,0,0,18,320,0,35,0
13-03 15:53:40,11.026,1.504,85.950,0.501,0,5488244,173340,186888,2165256,16743.035,8156.015,0,882.056,0,67.157,2586,3345,1.280,1.150,1.100,2,0,0,0,0,18,319,0,34,0
13-03 15:53:41,13.704,1.993,81.226,0.498,0,5488196,173340,186888,2165304,28075.373,12833.744,0,1263.741,0,123.583,3286,4264,1.260,1.140,1.100,1,0,0,0,0,18,319,0,34,0
13-03 15:53:42,24.807,3.258,69.160,1.503,0,5489252,172080,186900,2165496,2946.814,1623.754,0,1772.097,0,173.401,5625,7416,1.260,1.140,1.100,3,0,0,0,0,18,320,0,36,0
13-03 15:53:43,25.816,5.263,64.415,2.005,0,5489100,171828,186912,2165888,2887.398,1624.161,0,3926.060,0,412.056,8111,12436,1.260,1.140,1.100,4,0,1.003,0,0,18,320,0,36,0
13-03 15:53:44,26.005,4.501,66.262,1.750,0,5490152,170316,186920,2166340,3077.571,1620.300,0,3452.640,0,325.060,7435,10816,1.260,1.140,1.100,1,1,0,0,0,18,320,0,31,0
13-03 15:53:45,25.242,4.499,66.729,1.250,0,5490960,169308,186944,2166516,3059.027,1661.472,0,5206.344,0,310.901,7242,10174,1.260,1.140,1.100,0,1,0,0,0,18,320,0,31,0
13-03 15:53:46,24.484,4.997,65.707,2.498,0,5491860,168060,186952,2166844,2638.254,1618.929,0,6303.829,0,500.669,7964,12083,1.320,1.160,1.100,1,0,0,0,0,18,320,0,31,0
13-03 15:53:47,28.263,4.252,63.279,2.251,0,5492028,167808,186960,2166920,2359.086,1458.672,0,8643.980,0,677.312,8580,12470,1.320,1.160,1.100,5,0,0,0,0,18,320,0,31,0
13-03 15:53:48,25.258,5.252,66.772,0.750,0,5493132,166296,186960,2167328,2760.904,1620.531,0,1932.633,0,159.052,7266,10358,1.320,1.160,1.100,3,0,0,0,0,18,320,0,31,0
13-03 15:53:49,31.513,7.253,58.274,2.001,0,5521856,194920,184416,2114452,2898.173,1620.656,0,3401.377,0,356.144,8528,17130,1.320,1.160,1.100,5,0,36.015,0,0,18,320,0,35,0
13-03 15:53:50,26.478,4.496,64.946,1.249,0,5521904,194696,184444,2114676,2887.583,1618.645,0,3009.480,0,343.712,7372,11075,1.320,1.160,1.100,1,0,0,0,0,18,320,0,35,0
13-03 15:53:51,24.835,4.470,67.552,0.745,0,5521072,195244,184468,2114936,2503.402,1609.330,0,2789.505,0,220.538,7136,10259,1.290,1.160,1.100,2,1,0,0,0,18,320,0,35,0
13-03 15:53:52,26.412,5.282,64.647,2.012,0,5520124,195916,184504,2115176,2716.693,1630.016,0,8496.207,0,630.877,8202,12462,1.290,1.160,1.100,6,0,0,0,0,18,320,0,33,0
13-03 15:53:53,32.971,4.746,58.948,1.748,0,5518804,196980,184564,2115372,22401.075,11116.112,0,2805.505,0,336.701,7697,10920,1.290,1.160,1.100,1,0,0.999,0,0,18,319,0,33,0
13-03 15:53:54,25.302,4.259,67.889,1.002,0,5517804,197764,184592,2115560,2963.074,1623.328,0,1964.026,0,169.347,6723,9442,1.290,1.160,1.100,2,0,0,0,0,18,320,0,34,0
13-03 15:53:55,18.944,3.988,73.534,1.246,0,5517284,197920,184632,2115884,10135.233,4230.575,15.953,2524.585,0.997,286.160,5425,7882,1.290,1.160,1.100,1,0,0,0,0,18,319,0,37,0
13-03 15:53:56,19.041,3.257,75.162,1.002,0,5517368,197808,184636,2115908,27147.498,13197.438,0,1727.723,0,160.346,3788,4852,1.270,1.150,1.100,0,1,0,0,0,18,320,0,37,0
13-03 15:53:57,8.725,1.994,86.756,0.748,0,5517524,197556,184652,2115988,4052.582,1788.960,0,5564.323,0,339.045,3150,4612,1.270,1.150,1.100,4,0,0,0,0,18,320,0,37,0
13-03 15:53:58,11.715,2.243,83.004,1.246,0,5517256,197556,184668,2116240,7117.924,4338.155,0,1443.725,0,165.510,3455,5309,1.270,1.150,1.100,1,0,0,0,0,18,319,0,38,0
13-03 15:53:59,17.551,2.758,76.974,1.003,0,5517260,197304,184696,2116460,7237.070,4289.488,0,1704.964,0,207.604,4220,5977,1.270,1.150,1.100,3,0,0,0,0,18,319,0,39,0
13-03 15:54:00,15.300,2.508,78.258,1.505,0,5518228,196296,184720,2116476,13077.129,6202.456,0,1982.539,0,209.692,4073,5855,1.270,1.150,1.100,2,0,0,0,0,18,320,0,39,0
13-03 15:54:01,17.738,2.748,76.450,0.500,0,5518072,196296,184752,2116600,43074.957,19723.160,0,1562.982,0,154.899,3880,4969,1.330,1.170,1.100,3,0,0,0,0,18,320,0,39,0
13-03 15:54:02,13.512,2.002,82.071,0.751,0,5518512,195820,184756,2116632,26743.026,12747.976,0,6477.577,0,408.352,3492,4445,1.330,1.170,1.100,2,0,0,0,0,18,319,0,39,0
13-03 15:54:03,15.692,2.242,78.708,0.996,0,5518252,195820,184776,2116872,26661.941,12721.734,0,1522.344,0,159.408,3786,5201,1.330,1.170,1.100,1,0,0.996,0,0,18,319,0,39,0
13-03 15:54:04,21.334,4.518,70.527,1.757,0.251,5518200,195820,184800,2116900,3139.329,1666.545,0,3220.648,0,312.226,6413,9373,1.330,1.170,1.100,2,0,0,0,0,18,320,0,39,0
13-03 15:54:05,26.971,5.244,63.433,1.998,0,5517876,195568,184840,2117436,2996.813,1618.279,0,4231.500,0,441.530,8051,12143,1.330,1.170,1.100,4,0,0,0,0,18,320,0,39,0
13-03 15:54:06,25.479,5.246,65.195,1.998,0,5517800,195568,184876,2117476,2757.690,1618.644,0,6910.213,0,477.600,7792,11568,1.460,1.200,1.110,3,1,0,0,0,18,320,0,39,0
13-03 15:54:07,27.280,4.004,64.821,1.502,0,5517904,195064,184900,2117852,4204.635,1621.788,0,3019.328,0,274.302,7332,10721,1.460,1.200,1.110,7,0,1.001,0,0,18,320,0,40,0
13-03 15:54:08,25.488,5.247,66.218,1.499,0,5518304,194560,184924,2117932,2698.686,1619.212,0,2866.604,0,277.865,7114,10470,1.460,1.200,1.110,5,0,0,0,0,18,320,0,40,0
13-03 15:54:09,23.407,4.482,68.229,1.245,0,5518728,193804,184940,2118248,6008.124,4160.467,0,2482.136,0,250.006,6046,8411,1.460,1.200,1.110,3,0,0,0,0,18,320,0,37,0
13-03 15:54:10,10.053,2.513,84.445,1.508,0,5518916,193552,184968,2118284,4039.263,1944.235,0,2855.029,0,298.572,3885,5889,1.460,1.200,1.110,1,0,0,0,0,18,320,0,37,0
13-03 15:54:11,3.729,1.740,91.474,0.746,0,5518736,193552,184976,2118456,6783.001,4069.602,0,1328.363,0,97.440,1887,2797,1.340,1.180,1.110,2,1,0,0,0,18,320,0,37,0
13-03 15:54:12,20.577,4.266,71.768,2.258,0.251,5520208,191788,185020,2118704,6771.282,3736.953,100.375,7086.459,3.011,515.926,5736,8283,1.340,1.180,1.110,2,0,6.022,0,0,18,319,0,37,0
13-03 15:54:13,15.707,4.238,76.043,0.997,0,5522516,189268,185036,2118900,15525.641,8028.097,0,1364.278,0,136.627,5214,8164,1.340,1.180,1.110,1,0,1.995,0,0,18,320,0,37,0
13-03 15:54:14,15.827,3.015,78.884,0.502,0,5522340,189268,185036,2119076,14257.343,6478.509,0,1242.041,0,109.533,4393,5515,1.340,1.180,1.110,2,0,0,0,0,18,320,0,37,0
13-03 15:54:15,24.632,5.474,65.187,2.239,0,5522028,189268,185060,2119364,4359.085,1612.264,0,2503.986,0,300.558,7676,11314,1.340,1.180,1.110,5,1,0,0,0,18,319,0,40,1
13-03 15:54:16,25.060,4.761,66.408,1.253,0,5521924,189268,185084,2119444,2766.587,1623.866,0,5845.919,0,385.919,7374,10714,1.320,1.170,1.110,2,1,0,0,0,18,320,0,41,0
13-03 15:54:17,25.224,4.745,67.181,0.999,0,5521892,189016,185084,2119728,2697.225,1618.335,0,1722.228,0,162.832,7270,10296,1.320,1.170,1.110,5,0,0,0,0,18,320,0,40,0
13-03 15:54:18,15.543,3.510,77.466,1.755,0,5522072,188540,185088,2120020,7038.615,4358.145,0,7701.463,0,569.587,4792,7269,1.320,1.170,1.110,0,1,2.006,0,0,18,319,0,42,0
13-03 15:54:19,14.909,1.491,80.257,0.994,0,5522028,188540,185096,2120056,17869.344,8378.585,0,1844.680,0,171.945,3585,4687,1.320,1.170,1.110,3,0,0,0,0,18,320,0,42,0
13-03 15:54:20,14.824,3.015,77.639,1.508,0,5521976,188540,185120,2120084,11321.780,5989.036,0,6086.525,0,422.117,5164,7980,1.320,1.170,1.110,1,1,0,0,0,18,320,0,42,0
13-03 15:54:21,26.545,5.509,62.605,3.255,0,5521896,188288,185180,2120356,2630.413,1568.632,0,4267.159,0,501.842,8379,12938,1.290,1.170,1.110,1,0,0,0,0,18,320,0,40,0
13-03 15:54:22,26.130,5.226,65.448,1.244,0,5522336,187532,185228,2120624,5390.161,4152.862,0,2404.917,0,257.812,6904,10142,1.290,1.170,1.110,4,1,0,0,0,18,320,0,42,0
13-03 15:54:23,8.769,1.754,86.190,1.503,0,5522516,187280,185248,2120676,3832.432,1797.956,0,3042.695,0,255.562,3236,5078,1.290,1.170,1.110,5,0,1.002,0,0,18,320,0,42,0
13-03 15:54:24,5.240,1.497,90.818,0.749,0,5522444,187280,185248,2120748,7212.570,4275.446,0,1121.756,0,101.796,2227,3375,1.290,1.170,1.110,1,0,0,0,0,18,319,0,42,0
13-03 15:54:25,9.247,2.249,85.720,0.750,0,5522392,187280,185260,2120788,7207.507,4282.518,0,1499.481,0,159.945,3226,4577,1.290,1.170,1.110,1,0,0,0,0,18,319,0,40,0
13-03 15:54:26,14.293,1.755,80.993,1.003,0,5522332,187280,185268,2120840,15890.759,8103.354,0,1785.366,0,209.630,3596,5226,1.270,1.170,1.110,4,0,1.003,0,0,18,320,0,40,0
13-03 15:54:27,8.712,1.742,85.375,1.742,0.249,5522468,187040,185272,2120924,9364.899,4035.290,0,5535.705,0,355.440,3049,4643,1.270,1.170,1.110,4,0,0,0,0,18,320,0,40,0
13-03 15:54:28,19.340,3.516,73.845,0.754,0,5522536,186536,185284,2121348,22837.655,11023.481,0,1623.582,0,172.807,4430,6132,1.270,1.170,1.110,4,0,0,0,0,18,319,0,43,0
13-03 15:54:29,9.009,1.501,87.335,0.751,0,5522460,186536,185296,2121412,7534.342,4288.179,0,1073.046,0,101.099,2772,3898,1.270,1.170,1.110,1,0,0,0,0,18,319,0,40,0
13-03 15:54:30,6.253,1.501,89.537,1.000,0,5522404,186536,185308,2121456,3061.270,1620.672,0,1136.471,0,119.049,2602,3986,1.270,1.170,1.110,3,0,0,0,0,18,320,0,40,0
13-03 15:54:31,12.491,1.749,81.944,0.999,0,5522684,186032,185316,2121672,7265.027,4249.092,0,1762.793,0,196.865,3623,5350,1.490,1.220,1.120,1,0,0,0,0,18,319,0,41,0
13-03 15:54:32,17.732,2.248,78.421,0.749,0,5522640,186032,185324,2121708,28870.876,12895.991,0,1230.758,0,117.881,3285,4077,1.490,1.220,1.120,3,0,0,0,0,18,321,0,41,0
13-03 15:54:33,7.955,1.740,88.251,0.497,0,5522572,186032,185328,2121772,16225.285,8394.549,0,696.065,0,45.741,1975,2575,1.490,1.220,1.120,2,0,0.994,0,0,18,320,0,39,0
13-03 15:54:34,5.764,1.253,90.967,0.251,0,5522556,186032,185336,2121780,7782.546,3860.199,0,673.605,0,51.122,2050,2629,1.490,1.220,1.120,1,0,0,0,0,18,320,0,39,0
13-03 15:54:35,10.462,1.495,86.436,0.249,0,5522544,186032,185336,2121792,21648.340,10839.614,0,625.726,0,42.844,2120,2518,1.490,1.220,1.120,3,0,0,0,0,18,321,0,39,0
13-03 15:54:36,9.528,1.254,87.008,0.251,0,5522636,185780,185340,2121948,14201.110,8242.441,0,1279.795,0,78.232,2547,3155,1.370,1.200,1.110,2,0,0,0,0,18,320,0,39,0
13-03 15:54:37,17.575,2.009,78.083,0.753,0,5522636,185780,185352,2121936,27791.695,13106.978,0,1261.387,0,133.570,3584,4753,1.370,1.200,1.110,3,0,0,0,0,18,319,0,40,0
13-03 15:54:38,14.969,2.495,79.587,0.998,0,5522652,185528,185372,2122152,22243.400,10644.179,0,6047.602,0,478.020,3945,5479,1.370,1.200,1.110,3,0,0,0,0,18,320,0,40,0
13-03 15:54:39,25.049,5.511,65.379,2.004,0,5522624,185276,185416,2122388,2782.483,1623.198,0,2428.786,0,274.541,7146,10646,1.370,1.200,1.110,5,0,0,0,0,18,320,0,41,0
13-03 15:54:40,21.123,4.722,69.332,2.485,0,5522872,184772,185460,2122600,7036.548,4317.949,0,8138.897,0,619.264,6607,10374,1.370,1.200,1.110,1,0,0.994,0,0,18,321,0,42,0
13-03 15:54:41,11.317,2.012,84.755,0.754,0,5523256,184268,185472,2122708,2655.816,1629.705,0,1219.261,0,112.671,3210,4445,1.260,1.180,1.110,3,0,0,0,0,18,322,0,40,0
13-03 15:54:42,17.694,2.492,76.007,1.246,0,5523148,184268,185480,2122808,26344.929,12836.038,0,1563.012,0,153.510,4294,5773,1.260,1.180,1.110,1,1,0,0,0,18,321,0,40,0
13-03 15:54:43,22.310,4.011,70.188,1.253,0,5523144,184016,185512,2123032,2558.853,1516.061,0,2270.080,0,249.669,6505,9622,1.260,1.180,1.110,6,0,1.003,0,0,18,322,0,40,0
13-03 15:54:44,24.787,3.756,68.351,0.751,0,5523740,183260,185516,2123188,2827.166,1568.311,0,2387.518,0,215.317,6674,9416,1.260,1.180,1.110,5,0,0,0,0,18,322,0,41,0
13-03 15:54:45,24.468,4.744,67.912,0.749,0,5524212,182504,185524,2123464,2936.185,1659.843,0,1697.794,0,165.785,6840,9572,1.260,1.180,1.110,7,0,0,0,0,18,322,0,40,0
13-03 15:54:46,10.265,1.502,85.124,1.753,0,5524220,182252,185544,2123688,6969.149,4352.338,0,1954.847,0,241.351,3308,5162,1.240,1.170,1.110,2,1,0,0,0,18,319,0,43,0
13-03 15:54:47,15.164,2.486,79.053,1.492,0,5524060,182252,185572,2123820,2505.815,1610.881,15.910,8241.349,0.994,459.399,4629,6889,1.240,1.170,1.110,5,0,0,0,0,18,320,0,43,0
13-03 15:54:48,19.245,3.499,72.979,1.999,0,5524544,181496,185608,2124056,26361.469,12873.322,0,2827.192,0,308.912,5055,7370,1.240,1.170,1.110,1,0,0,0,0,18,319,0,43,0
13-03 15:54:49,20.805,5.765,71.187,0.501,0,5508224,230184,184308,2093472,7535.791,4357.444,0,1215.191,0,130.342,4596,13962,1.240,1.170,1.110,3,0,36.095,0,0,18,319,0,45,0
13-03 15:54:50,10.787,2.007,85.045,0.753,0.251,5503848,234588,184364,2093592,2709.393,1625.636,0,1268.397,0,129.449,3508,5017,1.240,1.170,1.110,2,0,0,0,0,18,320,0,41,0
13-03 15:54:51,13.250,1.500,82.749,1.000,0,5503616,234588,184396,2093792,26346.692,12768.851,0,1355.984,0,137.998,3220,4306,1.220,1.170,1.110,0,1,0,0,0,18,319,0,41,0
13-03 15:54:52,24.979,4.746,66.945,1.499,0,5503692,234364,184428,2093908,2623.834,1564.708,0,2250.142,0,274.773,7235,10616,1.220,1.170,1.110,5,0,0,0,0,18,320,0,41,0
13-03 15:54:53,34.571,5.969,55.960,1.741,0,5503500,234120,184520,2094252,22233.976,10611.105,0,4309.704,0,487.478,8752,13138,1.220,1.170,1.110,6,0,0.995,0,0,18,320,0,43,0
13-03 15:54:54,25.820,5.264,65.677,1.755,0,5504112,233336,184608,2094336,3145.488,1624.383,16.043,14266.497,1.003,1004.711,7892,11690,1.220,1.170,1.110,6,1,0,0,0,18,320,0,40,0
13-03 15:54:55,26.299,4.759,66.875,0.751,0,5504260,231320,184632,2096180,3005.624,1623.037,4.007,1875.509,1.002,175.328,7125,10091,1.220,1.170,1.110,4,0,0,0,0,18,320,0,40,0
13-03 15:54:56,23.430,3.490,69.292,1.246,0,5502412,232676,184672,2096632,26842.562,13368.938,0,1838.491,0,223.331,5387,7290,1.280,1.180,1.110,2,1,0,0,0,18,319,0,41,0
13-03 15:54:57,12.995,2.499,81.216,1.249,0,5502052,232676,184692,2096956,2698.873,1619.324,0,2135.108,0,188.921,4003,5690,1.280,1.180,1.110,5,1,0,0,0,18,320,0,41,0
13-03 15:54:58,16.276,3.005,77.623,1.252,0,5502220,232424,184724,2097008,12522.838,6207.834,0,2327.687,0,256.406,4504,6546,1.280,1.180,1.110,5,1,0,0,0,18,320,0,37,0
13-03 15:54:59,14.532,2.506,80.677,1.002,0,5502100,232424,184744,2097108,16771.832,8209.027,0,1158.544,0,136.299,3503,4568,1.280,1.180,1.110,3,1,0,0,0,18,318,0,39,0
13-03 15:55:00,9.252,2.000,86.017,1.000,0,5502356,231920,184772,2097328,6946.375,4297.851,0,4700.930,0,320.063,3258,5252,1.280,1.180,1.110,2,1,0,0,0,18,319,0,39,0
13-03 15:55:01,19.698,2.493,74.056,1.247,0,5504004,230160,184788,2097424,26599.151,12843.274,27.927,1567.883,1.995,151.602,4398,5500,1.180,1.160,1.100,2,1,2.992,0,0,18,319,0,39,0
13-03 15:55:02,17.269,3.504,76.334,1.251,0,5503920,230160,184808,2097488,2823.100,1621.781,0,1793.970,0,171.188,5142,7546,1.180,1.160,1.100,7,0,0,0,0,18,320,0,36,0
13-03 15:55:03,27.054,5.260,62.875,2.505,0,5503692,229908,184856,2097920,2765.503,1623.230,0,4837.626,0,510.015,8462,12902,1.180,1.160,1.100,4,0,1.002,0,0,18,320,0,37,0
13-03 15:55:04,26.646,4.234,65.744,1.494,0,5503880,229404,184900,2098192,2949.513,1707.351,0,3801.196,0,359.600,7474,11100,1.180,1.160,1.100,3,1,0,0,0,18,320,0,37,0
13-03 15:55:05,25.339,4.516,67.486,1.004,0,5504604,228396,184928,2098448,2769.695,1625.691,0,2292.023,0,221.776,7057,9919,1.180,1.160,1.100,6,0,0,0,0,18,320,0,38,0
13-03 15:55:06,20.478,3.996,71.175,1.998,0,5505068,227640,184988,2098680,7251.309,4346.390,15.983,7448.101,0.999,563.402,6448,10077,1.080,1.140,1.100,1,1,0,0,0,18,319,0,39,0
13-03 15:55:07,12.255,2.251,83.036,1.000,0,5504964,227640,184996,2098776,4233.829,1512.653,0,1284.555,0,131.057,3771,5216,1.080,1.140,1.100,4,0,0,0,0,18,320,0,39,0
13-03 15:55:08,15.020,2.754,79.608,1.252,0,5505104,226884,185016,2099372,7029.575,3836.225,0,2267.088,0,254.346,4467,6600,1.080,1.140,1.100,2,1,0,0,0,18,319,0,40,0
13-03 15:55:09,11.709,1.744,83.209,0.498,0,5504740,226884,185028,2099724,22573.101,10575.037,0,717.492,0,76.732,2983,3837,1.080,1.140,1.100,3,0,0,0,0,18,320,0,40,0
13-03 15:55:10,10.752,2.500,82.762,1.500,0,5504656,226884,185040,2099796,7260.094,4351.656,0,2020.304,0,223.034,3713,5677,1.080,1.140,1.100,3,0,0,0,0,18,319,0,38,0
13-03 15:55:11,19.203,2.494,76.063,0.748,0,5504808,226632,185052,2099884,25162.266,12737.749,0,1707.810,0,168.586,4156,5402,1.080,1.140,1.100,1,2,0,0,0,18,320,0,39,0
13-03 15:55:12,16.033,4.259,76.158,1.002,0,5506520,224880,185068,2099908,4574.476,1863.861,0,2465.107,0,173.359,5166,7205,1.080,1.140,1.100,4,0,6.012,0,0,18,320,0,40,0
13-03 15:55:13,29.616,8.032,59.484,1.506,0,5505556,225144,185108,2100568,2770.893,1626.394,0,3252.787,0,390.535,9804,15757,1.080,1.140,1.100,7,0,3.012,0,0,18,320,0,40,0
13-03 15:55:14,32.720,5.745,57.698,2.248,0,5506016,224576,185140,2100644,2626.613,1510.627,0,9946.960,0,765.304,9161,13316,1.080,1.140,1.100,2,1,0,0,0,18,320,0,43,0
13-03 15:55:15,18.950,3.740,72.557,1.745,0,5505788,224448,185168,2100972,8550.262,4330.484,15.958,6678.241,0.997,482.716,5954,8782,1.080,1.140,1.100,1,1,0,0,0,18,319,0,44,0
13-03 15:55:16,13.475,2.495,80.849,1.248,0,5505556,224448,185180,2101192,5764.240,4160.234,0,2515.305,0,206.614,3741,5428,0.990,1.120,1.090,1,0,0,0,0,18,320,0,46,0
13-03 15:55:17,14.771,1.752,81.114,0.501,0,5505468,224448,185184,2101276,13308.727,6558.228,0,4113.789,0,191.269,3535,4485,0.990,1.120,1.090,3,0,0,0,0,18,320,0,46,0
13-03 15:55:18,12.015,2.003,83.858,0.751,0.250,5505388,224448,185184,2101356,26562.252,12753.446,0,929.198,0,91.117,3044,4323,0.990,1.120,1.090,2,1,2.003,0,0,18,320,0,37,0
13-03 15:55:19,15.692,1.494,79.206,0.996,0,5505448,224196,185188,2101544,26766.531,12829.324,0,1406.772,0,132.508,3604,4592,0.990,1.120,1.090,2,0,0,0,0,18,319,0,37,0
13-03 15:55:20,24.407,13.839,53.594,6.290,0,5521592,207640,185224,2101928,2838.210,1630.461,342.196,2186.026,13.084,245.576,7348,10544,0.990,1.120,1.090,4,1,271.744,0,0,18,319,0,38,0
13-03 15:55:21,27.418,8.724,60.321,1.745,0,5521708,207220,185228,2102316,5662.154,3120.715,23.929,3956.230,0.997,337.994,7694,10907,1.150,1.150,1.100,4,0,149.555,0,0,18,320,0,40,0
13-03 15:55:22,7.511,1.502,87.881,0.751,0,5521912,206996,185228,2102336,4138.165,2737.077,0,1470.190,0,108.161,2561,3750,1.150,1.150,1.100,2,1,0,0,0,18,320,0,38,0
13-03 15:55:23,15.961,2.743,78.558,0.748,0,5521928,206744,185236,2102564,26364.699,12845.671,0,2477.956,0,208.492,3998,5591,1.150,1.150,1.100,1,1,0.998,0,0,18,319,0,38,0
13-03 15:55:24,23.307,5.012,67.165,2.506,0,5519328,209192,185292,2102660,2723.709,1624.000,0,11215.625,0,993.447,7552,11398,1.150,1.150,1.100,4,0,0,0,0,18,320,0,38,0
13-03 15:55:25,25.629,4.977,66.436,1.991,0,5520716,207680,185308,2102768,5674.215,4092.680,0,3813.996,0,336.412,6978,9826,1.150,1.150,1.100,2,0,0,0,0,18,320,0,42,0
13-03 15:55:26,7.027,2.008,88.338,0.502,0,5520492,207680,185316,2102984,3838.701,1800.897,0,1598.120,0,113.434,2427,3344,1.060,1.130,1.100,3,1,0,0,0,18,320,0,42,0
13-03 15:55:27,14.726,2.995,79.372,1.248,0,5520400,207680,185324,2103068,6887.917,4333.028,0,1809.089,0,191.692,4130,6137,1.060,1.130,1.100,2,1,0,0,0,18,319,0,44,0
13-03 15:55:28,17.813,2.007,76.772,1.004,0,5520396,207428,185336,2103312,24674.544,12037.709,0,1790.352,0,166.591,3884,5278,1.060,1.130,1.100,3,0,0,0,0,18,320,0,44,0
13-03 15:55:29,13.218,2.245,82.050,0.748,0,5520628,207176,185340,2103328,14357.923,6955.009,0,1628.023,0,154.622,3355,4549,1.060,1.130,1.100,4,0,0,0,0,18,320,0,44,0
13-03 15:55:30,14.497,2.499,80.731,0.750,0,5520512,207176,185340,2103444,16922.001,8297.039,0,1127.734,0,112.973,4015,5504,1.060,1.130,1.100,3,0,0,0,0,18,321,0,45,0
13-03 15:55:31,26.956,5.241,64.395,1.997,0,5521040,206420,185348,2103664,2815.410,1617.363,0,2699.599,0,307.499,7422,10886,1.050,1.130,1.090,2,1,0,0,0,18,320,0,42,0
13-03 15:55:32,25.627,5.276,63.815,2.261,0,5520908,206168,185392,2104004,4100.240,1628.036,0,8015.567,0,626.091,8274,13029,1.050,1.130,1.090,4,1,0,0,0,18,320,0,42,0
13-03 15:55:33,27.229,5.246,64.700,1.499,0,5521744,205160,185416,2104152,2757.856,1704.675,0,4800.269,0,326.746,7315,10627,1.050,1.130,1.090,4,0,0.999,0,0,18,320,0,43,0
13-03 15:55:34,5.474,0.995,90.067,0.995,0,5521552,205160,185416,2104344,7107.858,4184.898,0,2476.106,0,162.221,2320,3466,1.050,1.130,1.090,3,1,0,0,0,18,320,0,43,0
13-03 15:55:35,13.516,3.004,80.595,1.001,0,5521732,204908,185424,2104408,7327.643,4393.182,0,1569.852,0,193.228,3943,5696,1.050,1.130,1.090,2,1,0,0,0,18,319,0,44,0
13-03 15:55:36,15.507,2.501,80.039,1.000,0,5521852,204668,185452,2104500,6874.314,4371.107,0,1764.851,0,182.088,3801,5385,0.970,1.110,1.090,2,1,0,0,0,18,319,0,47,0
13-03 15:55:37,13.462,2.244,82.020,0.499,0,5522104,204416,185452,2104500,2632.628,1615.476,0,1029.118,0,72.796,2936,3722,0.970,1.110,1.090,3,2,0,0,0,18,320,0,48,0
13-03 15:55:38,27.612,3.514,67.774,0.251,0,5529028,196908,185452,2105084,2650.717,1626.576,0,775.134,0,59.240,4408,5019,0.970,1.110,1.090,4,0,0,0,0,18,320,0,49,0
13-03 15:55:39,18.978,2.497,75.662,0.999,0,5528828,196964,185460,2105220,26834.651,12903.925,0,1362.408,0,139.837,3813,4784,0.970,1.110,1.090,5,0,0,0,0,18,319,0,48,0
13-03 15:55:40,16.398,2.485,77.517,1.739,0,5528640,197116,185464,2105252,26512.815,12797.268,0,11051.147,0,802.003,4510,6150,0.970,1.110,1.090,4,1,0,0,0,18,319,0,48,0
13-03 15:55:41,12.832,2.013,82.782,1.006,0,5528772,196892,185476,2105332,17695.648,8430.142,0,1179.576,0,126.814,3151,4190,0.890,1.090,1.080,3,1,0,0,0,18,320,0,48,0
13-03 15:55:42,15.045,2.257,80.239,0.501,0,5525908,199584,185480,2105500,11386.957,6085.146,0,1103.290,0,103.308,3900,5440,0.890,1.090,1.080,3,0,0,0,0,18,320,0,48,0
13-03 15:55:43,26.250,5.000,65.249,1.750,0,5526072,198576,185500,2106324,2759.949,1619.970,0,3983.927,0,322.994,7879,11594,0.890,1.090,1.080,1,1,1.000,0,0,18,320,0,46,0
13-03 15:55:44,13.884,3.223,78.844,1.240,0,5526612,197848,185516,2106496,6831.136,4203.013,0,3479.040,0,305.457,4516,6672,0.890,1.090,1.080,2,0,0,0,0,18,319,0,47,0
13-03 15:55:45,18.586,2.009,76.857,0.754,0,5527132,197092,185516,2106732,2893.447,1627.564,0,1310.089,0,88.411,4679,6094,0.890,1.090,1.080,3,0,0,0,0,18,323,0,50,0
13-03 15:55:46,26.238,4.498,67.468,0.750,0,5528308,195580,185516,2107068,2758.698,1619.236,127.940,1675.210,6.997,157.925,6652,8831,0.900,1.090,1.080,2,1,1.000,0,0,18,324,0,69,0
13-03 15:55:47,26.740,3.249,67.225,0.750,0,5528844,194600,185524,2107504,2698.989,1619.393,0,1551.419,0,124.953,6277,8245,0.900,1.090,1.080,3,1,1.999,0,0,18,326,0,65,0
13-03 15:55:48,28.377,4.520,64.287,1.256,0,5530252,192884,185544,2107792,4520.199,1627.272,0,4608.594,0,344.540,6877,8970,0.900,1.090,1.080,4,0,0,0,0,18,323,0,82,0
13-03 15:55:49,19.010,4.002,74.541,1.001,0,5559216,187640,184540,2087088,28687.633,12884.021,4.002,2413.315,1.001,186.101,4262,6713,0.900,1.090,1.080,3,0,34.019,0,0,18,322,0,82,0
13-03 15:55:50,25.736,5.247,64.965,1.749,0,5537048,209788,184580,2085052,2744.528,1565.161,0,2526.645,0,317.830,7626,18023,0.900,1.090,1.080,6,0,1.999,0,0,18,323,0,83,0
13-03 15:55:51,26.596,4.474,65.371,1.243,0,5537580,209032,184624,2085232,2757.992,1749.843,0,3372.425,0,308.211,7106,10046,0.910,1.090,1.080,4,0,0,0,0,18,323,0,84,0
13-03 15:55:52,7.797,1.509,88.782,0.755,0,5537548,209032,184628,2085260,8407.341,4201.155,0,2068.385,0,153.922,2537,3775,0.910,1.090,1.080,2,0,0,0,0,18,323,0,84,0
13-03 15:55:53,15.006,2.001,80.031,1.000,0,5537540,208784,184640,2085504,28266.824,13578.199,0,2889.106,0,208.080,3822,5425,0.910,1.090,1.080,1,0,1.000,0,0,18,322,0,84,0
13-03 15:55:54,8.966,2.242,86.673,0.747,0,5537696,208560,184644,2085568,7379.186,4274.887,0,1633.842,0,163.384,3154,4517,0.910,1.090,1.080,4,0,0,0,0,18,322,0,84,0
13-03 15:55:55,8.992,1.748,86.671,0.749,0,5537772,208308,184644,2085744,7323.331,4286.097,0,1346.774,0,154.859,2926,4318,0.910,1.090,1.080,2,0,0,0,0,18,322,0,82,0
13-03 15:55:56,22.754,2.500,73.013,0.250,0,5538336,207552,184644,2085936,22564.080,10667.929,0,860.156,0,52.009,3529,3776,0.920,1.090,1.080,2,0,0,0,0,18,323,0,83,0
13-03 15:55:57,11.207,2.490,84.923,0.747,0,5538492,207300,184648,2086028,7074.724,3816.286,0,1087.806,0,106.589,2954,4015,0.920,1.090,1.080,1,0,0,0,0,18,322,0,83,0
13-03 15:55:58,13.046,1.756,82.037,1.254,0.251,5538276,207300,184660,2086232,8750.592,3844.440,0,4720.503,0,339.186,3438,5142,0.920,1.090,1.080,1,0,0,0,0,18,322,0,84,0
13-03 15:55:59,7.510,1.752,88.117,0.501,0,5538488,207048,184664,2086268,8786.644,3673.869,0,1121.486,0,92.122,2468,3428,0.920,1.090,1.080,1,0,0,0,0,18,322,0,82,0
13-03 15:56:00,12.976,1.996,82.096,0.998,0,5538936,206600,184672,2086260,14387.944,6186.367,0,7497.901,0,539.985,3714,4893,0.920,1.090,1.080,2,0,0,0,0,18,323,0,82,0
13-03 15:56:01,13.807,1.757,82.341,0.753,0,5538844,206600,184676,2086348,16998.400,8333.514,0,939.893,0,71.295,2622,3163,0.840,1.070,1.070,2,0,0,0,0,18,323,0,82,0
13-03 15:56:02,26.746,4.749,64.740,1.750,0,5538868,206348,184680,2086572,2931.559,1619.756,0,2639.603,0,338.949,7892,11359,0.840,1.070,1.070,3,0,0,0,0,18,323,0,82,0
13-03 15:56:03,27.114,4.478,64.675,1.244,0,5539124,205844,184700,2086800,3289.483,1751.207,0,4019.816,0,328.351,6340,9158,0.840,1.070,1.070,3,0,0.995,0,0,18,323,0,82,0
13-03 15:56:04,7.498,2.000,89.478,0.500,0,5538956,205844,184708,2086960,7376.164,4309.927,0,2195.453,0,152.962,2421,3343,0.840,1.070,1.070,2,0,0,0,0,18,323,0,82,0
13-03 15:56:05,8.008,1.752,87.337,0.751,0,5539164,205592,184708,2087004,7517.462,4299.268,0,1613.602,0,184.183,3072,4593,0.840,1.070,1.070,1,0,0,0,0,18,322,0,82,0
13-03 15:56:06,8.751,1.750,87.265,0.750,0,5538968,205592,184732,2087176,7085.192,3669.618,0,1208.203,0,112.019,2606,3608,1.100,1.120,1.090,1,0,0,0,0,18,322,0,82,0
13-03 15:56:07,17.534,2.755,77.147,0.751,0.250,5538904,205592,184740,2087232,28323.144,12901.663,0,1619.095,0,177.339,3976,5123,1.100,1.120,1.090,1,0,0,0,0,18,322,0,80,0
13-03 15:56:08,18.308,4.264,73.735,1.756,0,5539260,205088,184760,2087360,2881.192,1625.185,0,6685.329,0,487.556,5989,9406,1.100,1.120,1.090,1,0,0,0,0,18,323,0,80,0
13-03 15:56:09,25.913,2.242,69.267,1.246,0,5445212,298928,184772,2087556,2913.185,1614.560,15.946,2120.855,1.993,160.459,3850,4781,1.100,1.120,1.090,3,0,0,0,0,18,322,0,80,0
13-03 15:56:10,6.720,2.987,87.107,1.991,0,5357164,386984,184776,2087560,9104.970,257862.001,254.852,1011.442,10.951,74.664,2542,3182,1.100,1.120,1.090,1,0,13.937,0,0,18,322,0,80,0
13-03 15:56:11,1.758,0.753,95.686,0.251,0,5357372,386776,184776,2087560,4245.361,1627.422,0,590.694,0,32.147,1158,1806,1.010,1.100,1.080,1,0,0,0,0,18,322,0,77,0
13-03 15:56:12,3.995,2.247,91.646,0.250,0,5360048,384040,184788,2087608,2535.132,1456.352,0,651.263,0,46.947,1820,2397,1.010,1.100,1.080,1,0,5.993,0,0,18,322,0,77,0
13-03 15:56:13,3.754,1.251,93.090,0,0,5360240,383804,184792,2087648,2882.787,1621.568,0,1433.386,0,86.083,1785,2570,1.010,1.100,1.080,3,0,1.001,0,0,18,322,0,77,0
13-03 15:56:14,6.491,2.746,88.622,0,0,5361356,382568,184792,2087768,3132.462,1617.656,0,679.016,0,12.981,3635,5422,1.010,1.100,1.080,1,0,0.999,0,0,18,322,0,77,0
13-03 15:56:15,5.744,1.499,91.162,0.250,0,5361332,382568,184792,2087792,3057.035,1618.431,0,211.795,0,23.977,2200,2778,1.010,1.100,1.080,1,0,0,0,0,18,322,0,79,0
13-03 15:56:16,1.998,0.999,94.895,0,0,5361080,382820,184792,2087792,2936.757,1618.213,0,279.691,0,16.981,1336,1921,0.930,1.080,1.080,1,0,0,0,0,18,322,0,74,0
13-03 15:56:17,4.011,0.752,93.501,0.251,0,5361068,382820,184792,2087804,2777.465,1624.366,0,32.086,0,4.011,1508,2013,0.930,1.080,1.080,1,0,0,0,0,18,322,0,74,0
13-03 15:56:18,3.499,1.500,93.727,0,0,5361020,382820,184792,2087852,2939.280,1619.603,0,79.980,0,11.997,1434,2200,0.930,1.080,1.080,1,0,2.000,0,0,18,322,0,74,0
13-03 15:56:19,2.502,1.251,94.310,0.750,0,5361008,382820,184792,2087864,2616.672,1458.932,0,780.499,0,100.064,1687,2440,0.930,1.080,1.080,1,0,0,0,0,18,322,0,74,0
13-03 15:56:20,3.492,0.748,93.032,0.249,0,5361004,382820,184792,2087868,2873.268,1616.213,0,514.794,0,51.878,1820,2762,0.930,1.080,1.080,2,0,0,0,0,18,322,0,72,0
13-03 15:56:21,2.001,1.251,95.815,0,0,5361228,382596,184792,2087868,2821.906,1621.095,0,3926.653,0,446.302,1284,1751,0.850,1.060,1.070,1,0,0,0,0,18,322,0,72,0
13-03 15:56:22,3.243,1.497,94.058,0.249,0,5361216,382596,184792,2087880,2814.264,1616.705,0,115.764,0,15.967,1589,2269,0.850,1.060,1.070,1,0,0,0,0,18,322,0,72,0
13-03 15:56:23,3.005,1.503,93.420,0,0,5361292,382344,184796,2088052,4387.973,1622.949,0,256.466,0,23.042,1655,2519,0.850,1.060,1.070,1,0,1.002,0,0,18,322,0,72,0
13-03 15:56:24,2.004,0.752,95.454,0,0,5361288,382344,184800,2088052,3191.822,1623.470,0,176.377,0,11.024,1208,1726,0.850,1.060,1.070,1,0,0,0,0,18,322,0,69,0
13-03 15:56:25,3.249,1.000,93.732,0.250,0,5361288,382344,184800,2088052,2841.468,1457.727,0,239.955,0,23.996,1627,2237,0.850,1.060,1.070,1,0,0,0,0,18,322,0,69,0
13-03 15:56:26,1.747,0.749,95.601,0.250,0,5361288,382344,184800,2088052,2755.691,1617.471,0,175.725,0,10.983,1136,1668,0.780,1.050,1.070,1,0,0,0,0,18,322,0,69,0
13-03 15:56:27,3.758,1.253,93.941,0,0.251,5361284,382344,184800,2088056,2910.907,1623.294,0,32.065,0,4.008,1483,2034,0.780,1.050,1.070,2,0,0,0,0,18,322,0,69,0
13-03 15:56:28,2.244,0.997,94.263,0,0,5361236,382344,184800,2088104,2753.077,1615.937,0,0,0,0,1437,2226,0.780,1.050,1.070,1,0,0,0,0,18,322,0,63,0
13-03 15:56:29,2.254,0.751,94.922,0.250,0,5361224,382344,184800,2088116,4670.440,1622.933,0,208.377,0,21.038,1528,2202,0.780,1.050,1.070,1,0,0,0,0,18,322,0,63,0
13-03 15:56:30,3.503,1.251,93.069,0.250,0,5361220,382344,184800,2088120,2882.142,1621.205,0,596.443,0,53.039,1809,2797,0.780,1.050,1.070,1,0,0,0,0,18,322,0,63,0
13-03 15:56:31,1.495,1.246,95.956,0,0,5361220,382344,184800,2088120,2871.189,1615.044,0,291.107,0,18.942,1130,1685,0.720,1.030,1.060,1,0,0,0,0,18,322,0,63,0
13-03 15:56:32,3.005,1.002,93.659,0.501,0,5361220,382344,184800,2088120,2422.115,1460.481,0,132.225,0,16.027,1501,2081,0.720,1.030,1.060,1,0,0,0,0,18,322,0,62,0
13-03 15:56:33,3.247,1.249,93.676,0,0,5361168,382344,184800,2088172,2577.962,1618.720,0,47.962,0,5.995,1526,2300,0.720,1.030,1.060,1,0,0.999,0,0,18,322,0,62,0
13-03 15:56:34,3.252,1.251,94.053,0,0,5361164,382344,184800,2088176,4399.502,1620.922,0,100.057,0,15.009,1665,2267,0.720,1.030,1.060,1,0,0,0,0,18,322,0,62,0
13-03 15:56:35,2.505,0.751,94.423,0.501,0.250,5361160,382344,184804,2088176,2704.956,1622.974,0,3338.116,0,175.321,1693,2757,0.720,1.030,1.060,1,0,0,0,0,18,322,0,62,0
13-03 15:56:36,2.000,1.000,95.478,0,0,5361160,382344,184804,2088176,2759.371,1619.631,0,243.944,0,14.997,1180,1732,0.660,1.010,1.060,2,0,0,0,0,18,322,0,57,0
13-03 15:56:37,2.745,1.248,93.323,0.250,0,5361148,382344,184804,2088188,2635.009,1616.937,0,962.178,0,120.771,1630,2383,0.660,1.010,1.060,4,0,0,0,0,18,322,0,57,0
13-03 15:56:38,4.009,1.503,93.712,0,0,5360972,382344,184804,2088364,2437.511,1515.426,0,272.616,0,23.052,1529,2509,0.660,1.010,1.060,2,0,0,0,0,18,322,0,57,0
13-03 15:56:39,2.490,0.498,94.631,0.498,0,5360964,382344,184804,2088372,2752.282,1601.762,0,243.053,0,19.922,1462,2187,0.660,1.010,1.060,1,0,0,0,0,18,322,0,57,0
13-03 15:56:40,2.754,1.502,93.145,0.501,0,5360964,382344,184808,2088368,3154.895,811.259,0,512.796,0,58.090,1838,2849,0.660,1.010,1.060,1,0,0,0,0,18,322,0,54,0
13-03 15:56:41,4.527,1.257,90.030,2.766,0,5365220,378060,184820,2088384,135142.302,3007.722,28.166,285.683,4.024,18.107,1492,1903,0.610,0.990,1.050,2,0,3.018,0,0,18,322,0,54,0
13-03 15:56:42,12.234,3.495,82.643,0.250,0,5366688,376552,184840,2088404,146819.535,6833.136,0,115.850,0,5.992,2523,2383,0.610,0.990,1.050,1,1,19.974,0,0,18,322,0,54,0
13-03 15:56:43,14.944,4.234,78.454,0.747,0,5384804,358248,184852,2088580,287276.519,12369.348,135.489,47.820,7.970,3.985,3192,2896,0.610,0.990,1.050,1,0,21.917,0,0,18,322,0,54,0
13-03 15:56:44,17.517,4.755,75.074,0.751,0,5393676,344200,184856,2093752,147337.557,3533.467,152.149,296.291,3.003,9.009,2626,2327,0.610,0.990,1.050,2,0,17.017,0,0,18,322,0,53,0
13-03 15:56:45,23.443,4.988,70.328,0,0,5394764,332116,184856,2104732,1217.027,538.684,0,187.542,0,17.956,2671,2314,0.610,0.990,1.050,3,0,9.976,0,0,18,322,0,53,0
