"pcp-dstat 6.2.0 CSV Output"
"Author:","PCP team <pcp@groups.io> and Dag Wieers <dag@wieers.com>",,,,"URL:","https://pcp.io/ and http://dag.wieers.com/home-made/dstat/"
"Host:","ubuntu",,,,"User:","ubuntu"
"Cmdline:","dstat -tcmndrylpg --tcp --output /tmp/devstack_logs/dstat-csv.log",,,,"Date:","15 May 2026 17:29:34 UTC"
"system","total usage",,,,,"memory usage",,,,"net/total",,"dsk/total",,"io/total",,"system",,"load avg",,,"procs",,,"paging",,"tcp sockets",,,,
"time","total usage:usr","total usage:sys","total usage:idl","total usage:wai","total usage:stl","used","free","buf","cach","net/total:recv","net/total:send","dsk/total:read","dsk/total:writ","read","writ","int","csw","1m","5m","15m","run","blk","new","in","out","lis","act","syn","tim","clo"
15-05 17:29:34,,1051188,1615148,161412,4996040,,,,,,,1.540,0.980,0.610,1,0,,,,10,4,0,18,0
15-05 17:29:35,8.979,19.454,70.086,0,0,1047948,1618348,161412,4996056,2608.887,1454.591,0,4645.115,0,115.729,5554,3978,1.540,0.980,0.610,1,0,369.135,0,0,10,4,0,18,0
15-05 17:29:36,9.021,21.048,68.657,0,0,1001676,1664584,161412,4996088,2423.532,1461.336,0,48.110,0,9.021,5049,3337,1.580,1,0.610,1,0,287.657,0,0,10,4,0,18,0
15-05 17:29:37,16.177,17.920,65.207,0,0,984752,1681464,161412,4996096,2885.045,1451.482,0,15.928,0,3.982,5449,5350,1.580,1,0.610,4,0,228.972,0,0,10,4,0,17,0
15-05 17:29:38,31.801,13.021,53.084,0.250,0,994928,1670980,161436,4996700,19391.831,4367.945,0,152.242,0,7.011,5654,6295,1.580,1,0.610,1,0,156.248,0,0,10,4,0,17,1
15-05 17:29:39,18.440,9.469,71.017,0.498,0,1126596,1538700,161536,5121532,13834.699,9011.492,15.948,1044.580,0.997,31.896,3659,3759,1.580,1,0.610,2,0,85.719,0,0,11,6,0,17,1
15-05 17:29:40,26.022,6.506,65.806,0.250,0,1135636,1529376,161632,5121664,32107.166,8709.369,0,908.769,0,37.031,2869,1852,1.580,1,0.610,3,0,44.037,0,0,11,7,0,17,1
15-05 17:29:41,30.193,11.323,56.110,2.013,0,1164448,1499532,161808,5122344,20720.773,12135.763,209.341,1723.041,9.058,60.387,4298,3331,1.620,1.020,0.620,3,0,168.077,0,0,11,7,0,19,1
15-05 17:29:42,35.248,3.475,56.348,3.227,0,1203844,1457528,162000,5124336,37943.089,12009.255,1548.941,2684.831,111.206,63.546,2869,2021,1.620,1.020,0.620,4,0,0,0,0,11,7,0,19,1
15-05 17:29:43,39.440,3.744,54.168,2.247,0,1240468,1418660,162272,5125816,13582.318,9303.833,243.629,1980.983,6.989,26.959,2610,1391,1.620,1.020,0.620,2,0,0,0,0,11,6,0,19,2
15-05 17:29:44,36.899,4.016,53.466,3.765,0,1255040,1383356,162784,5145240,184515.411,16334.075,16.065,11755.554,1.004,813.290,6249,8442,1.620,1.020,0.620,8,0,10.041,0,0,11,8,0,19,2
15-05 17:29:45,33.379,8.282,39.402,17.568,0,1249596,1371316,164796,5159068,2805.854,1463.662,0,70568.978,0,4739.333,15767,29876,1.620,1.020,0.620,2,1,52.202,0,0,11,8,0,13,2
15-05 17:29:46,41.482,8.496,45.980,2.749,0,1235356,1372560,165440,5170076,2536.901,1457.369,0,17080.600,0,1067.538,6987,10202,1.650,1.030,0.630,5,0,95.958,0,0,11,6,0,13,2
15-05 17:29:47,45.143,4.988,48.634,0.499,0,1228732,1368500,165696,5179124,2412.256,1454.537,0,1001.615,0,39.905,2950,1708,1.650,1.030,0.630,3,0,0,0,0,11,6,0,13,2
15-05 17:29:48,46.182,4.993,47.180,0.999,0,1259732,1320188,166044,5194852,2544.231,1497.781,0,7480.918,0,366.457,3522,3176,1.650,1.030,0.630,3,0,0,0,0,11,6,0,13,2
15-05 17:29:49,45.419,4.742,47.915,1.248,0,1236952,1330688,166852,5204464,2547.477,1509.320,0,2599.385,0,114.796,3286,2239,1.650,1.030,0.630,3,0,15.972,0,0,11,6,0,13,2
15-05 17:29:50,44.388,5.985,48.378,0.499,0,1274912,1267940,167552,5226372,2971.516,1548.101,0,16502.440,0,136.656,2914,1864,1.650,1.030,0.630,3,0,0,0,0,11,6,0,13,2
15-05 17:29:51,45.267,4.502,48.769,0.500,0,1301156,1230192,168204,5235556,4219.627,1458.562,0,2472.954,0,151.058,2859,1769,1.750,1.070,0.640,3,0,1.000,0,0,11,6,0,13,2
15-05 17:29:52,45.328,5.540,48.602,0.504,0,1263300,1283932,168320,5219604,3245.482,1952.124,0,398.886,0,14.102,3039,1591,1.750,1.070,0.640,4,0,43.313,0,0,11,4,0,13,0
15-05 17:29:53,27.212,22.219,49.431,0,0,1256444,1289836,168352,5220520,8294.394,3802.679,0,711.005,0,7.989,5813,4433,1.750,1.070,0.640,4,0,405.433,0,0,11,5,0,13,0
15-05 17:29:54,33.175,22.948,42.404,0,0,1260064,1280628,168496,5225964,2947.353,1682.206,0,1089.543,0,12.971,6379,5949,1.750,1.070,0.640,6,0,327.262,0,0,11,4,0,13,0
15-05 17:29:55,34.008,11.753,48.262,4.501,0,1239004,1300688,168504,5226328,9489.335,4532.115,472.116,10666.625,5.001,56.014,4321,4921,1.750,1.070,0.640,2,1,87.021,0,0,11,5,0,13,0
15-05 17:29:56,58.800,14.262,20.518,5.254,0.250,1246048,1279692,169012,5238948,2822.410,1633.395,7238.180,1629.391,73.062,51.044,10762,17172,1.850,1.100,0.660,5,0,129.110,0,0,11,5,0,13,0
15-05 17:29:57,66.353,9.264,23.787,0.250,0,1301544,1223476,169100,5239484,2602.025,1460.259,20.031,84.130,4.006,1.002,4758,3784,1.850,1.100,0.660,3,0,9.014,0,0,11,5,0,13,0
15-05 17:29:58,68.732,8.998,20.245,0.250,0,1322820,1200800,169168,5240644,3916.956,1457.612,491.869,259.931,3.999,1.999,11694,18110,1.850,1.100,0.660,5,0,18.995,0,0,11,5,0,12,0
15-05 17:29:59,63.265,12.253,23.756,0,0,1282908,1252752,169180,5229828,2358.552,1458.342,0,2112.495,0,12.003,3781,1790,1.850,1.100,0.660,3,0,5.001,0,0,11,5,0,12,0
15-05 17:30:00,49.800,11.011,38.539,0,0,1317920,1215952,169228,5231496,2737.756,1459.469,0,13089.175,0,65.065,5101,6385,1.850,1.100,0.660,1,0,141.142,0,0,11,4,0,13,0
15-05 17:30:01,20.950,6.734,71.331,0,0,1347684,1186216,169232,5231500,2532.017,1454.563,0,2653.729,0,55.868,2645,2007,1.870,1.110,0.660,1,0,72.828,0,0,11,4,0,13,0
15-05 17:30:02,21.947,3.990,73.074,0,0,1395060,1138840,169232,5231504,2531.908,1454.500,0,2294.479,0,15.962,1788,1349,1.870,1.110,0.660,1,0,0,0,0,11,4,0,12,0
15-05 17:30:03,23.850,2.236,73.536,0,0,1411692,1122208,169232,5231504,3953.078,1448.866,0,0,0,0,1748,1212,1.870,1.110,0.660,2,0,0,0,0,11,4,0,12,0
15-05 17:30:04,24.262,1.264,73.293,0.253,0,1433384,1100284,169244,5231724,2565.758,1473.946,0,2296.849,0,93.006,2519,2699,1.870,1.110,0.660,2,1,1.011,0,0,11,10,0,12,0
15-05 17:30:05,21.201,5.737,70.835,0.748,0,1401072,1132540,169280,5231744,3207.530,1454.612,0,22395.844,0,366.147,3621,4401,1.870,1.110,0.660,1,0,41.902,0,0,11,4,0,14,0
15-05 17:30:06,19.222,2.996,73.394,3.495,0,1438696,1094540,169412,5231972,2773.996,1455.898,223.677,2364.587,5.991,124.820,1659,1132,1.800,1.110,0.660,1,1,0,0,0,11,4,0,14,0
15-05 17:30:07,19.809,1.504,77.479,1.003,0,1451244,1081760,169420,5232160,4530.385,3719.991,148.439,1263.734,7.021,11.033,1513,1003,1.800,1.110,0.660,0,0,0,0,0,11,5,0,14,0
15-05 17:30:08,19.822,2.725,72.845,3.221,0,1441668,1091256,169432,5232196,5331.046,3318.152,27.750,519.329,6.938,15.857,2264,2247,1.800,1.110,0.660,1,1,0.991,0,0,11,17,0,14,0
15-05 17:30:09,13.569,1.508,75.131,8.292,0,1436868,1095760,169468,5232412,6026.558,4916.932,241.223,1274.462,59.301,17.087,1797,1694,1.800,1.110,0.660,1,0,2.010,0,0,11,29,0,14,0
15-05 17:30:10,21.852,5.526,73.341,0,0,1399536,1133080,169468,5232416,3891.106,2523.744,0,237.103,0,2.009,2319,1553,1.800,1.110,0.660,2,0,43.201,0,0,11,28,0,15,0
15-05 17:30:11,19.107,2.233,77.172,0.248,0,1416476,1116136,169468,5232420,4736.533,3820.393,0,115.138,0,3.970,1690,1181,1.650,1.090,0.660,3,0,0.993,0,0,11,29,0,15,0
15-05 17:30:12,20.439,4.290,74.942,0,0,1360592,1172012,169468,5232428,7482.118,6133.661,0,36.336,0,1.009,2525,1969,1.650,1.090,0.660,2,0,56.522,0,0,11,28,0,16,0
15-05 17:30:13,39.817,9.954,49.274,0,0,1429836,1102808,169468,5232452,2645.858,1451.340,0,119.452,0,8.959,3441,2184,1.650,1.090,0.660,3,0,99.543,0,0,11,28,0,16,0
15-05 17:30:14,36.769,4.252,57.530,0.250,0,1475288,1057324,169484,5232464,10543.480,9362.866,0,2629.367,0,146.076,3374,2853,1.650,1.090,0.660,4,0,0,0,0,11,30,0,16,0
15-05 17:30:15,37.522,3.252,56.533,0.500,0,1480664,1051568,169540,5232788,13821.128,11774.925,0,2913.713,0,156.092,5839,7610,1.650,1.090,0.660,4,0,0,0,0,11,29,0,17,0
15-05 17:30:16,50.166,26.588,23.076,0.251,0,1383636,1148664,169552,5232808,3325.995,1995.597,0,20242.917,0,579.917,5476,4710,1.920,1.160,0.680,6,0,451.492,0,0,11,28,0,17,0
15-05 17:30:17,83.659,15.686,0,0,0.249,1583684,948640,169552,5232844,2693.030,1398.304,0,246.994,0,11.951,5045,3140,1.920,1.160,0.680,7,0,127.481,0,0,11,28,0,17,0
15-05 17:30:18,89.741,10.192,0.497,0,0,1739828,792476,169560,5232844,12851.159,11625.108,0,433.543,0,29.831,5260,3219,1.920,1.160,0.680,7,0,0,0,0,11,31,0,17,0
15-05 17:30:19,84.372,8.538,7.031,0.251,0,1774576,757488,169564,5233080,26930.706,26094.018,0,164.726,0,20.089,6937,9236,1.920,1.160,0.680,5,0,0,0,0,11,32,0,19,0
15-05 17:30:20,60.457,13.241,24.483,0,0,1554352,977644,169584,5233128,14968.456,12009.540,0,571.597,0,58.958,6589,7722,1.920,1.160,0.680,1,0,249.824,0,0,11,29,0,22,0
15-05 17:30:21,21.078,6.775,71.014,0,0,1535788,996196,169592,5233132,2591.624,1487.524,0,69971.827,0,394.465,2969,2382,1.850,1.160,0.690,2,0,61.227,0,0,11,28,0,23,0
15-05 17:30:22,19.168,2.489,77.420,0.249,0,1520944,1011032,169596,5233136,4801.520,3637.485,0,438.131,0,8.962,1615,1143,1.850,1.160,0.690,2,0,0,0,0,11,29,0,21,0
15-05 17:30:23,19.241,2.249,76.715,0.250,0,1501676,1030280,169604,5233148,7352.679,6117.237,0,895.595,0,52.976,2844,3197,1.850,1.160,0.690,2,0,0,0,0,11,28,0,22,0
15-05 17:30:24,19.584,7.281,73.062,0,0.251,1465316,1066632,169604,5233156,3952.875,1301.556,0,0,0,0,2357,1766,1.850,1.160,0.690,3,0,68.292,0,0,11,28,0,22,0
15-05 17:30:25,18.731,2.497,77.922,0,0,1492568,1039248,169604,5233288,6416.544,5141.827,0,0,0,0,1809,1541,1.850,1.160,0.690,2,0,0,0,0,11,29,0,22,0
15-05 17:30:26,18.522,2.503,76.342,0.250,0,1467880,1063908,169616,5233304,5803.963,4590.507,0,7949.537,0,81.097,2681,2874,1.780,1.150,0.690,1,0,1.001,0,0,11,28,0,20,0
15-05 17:30:27,8.002,23.007,67.770,0,0,1428180,1103592,169620,5233316,2436.717,1296.381,0,172.051,0,8.002,5931,4472,1.780,1.150,0.690,3,0,501.147,0,0,11,28,0,20,0
15-05 17:30:28,55.055,30.030,14.514,0,0,1466788,1064948,169624,5233348,2526.510,1297.289,0,248.247,0,22.022,5710,4451,1.780,1.150,0.690,5,0,536.533,0,0,11,28,0,20,0
15-05 17:30:29,88.918,10.990,0,0,0,1641652,890060,169628,5233368,2447.751,1456.661,0,623.427,0,39.963,4838,2172,1.780,1.150,0.690,6,0,0,0,0,11,28,0,20,0
15-05 17:30:30,79.431,8.519,11.777,0.251,0,1708368,823304,169632,5233392,27775.290,25989.220,0,84.192,0,6.014,5706,5636,1.780,1.150,0.690,5,0,0,0,0,11,33,0,17,0
15-05 17:30:31,72.543,6.481,19.943,0.249,0,1692232,839004,169648,5233812,30050.217,25682.684,0,458.691,0,46.866,8386,12699,2.040,1.220,0.710,6,0,30.912,0,0,11,29,0,18,0
15-05 17:30:32,77.831,22.273,0.250,0,0,1557020,974192,169656,5233828,2849.949,1762.824,0,300.311,0,26.027,5530,4177,2.040,1.220,0.710,7,0,280.290,0,0,11,28,0,18,0
15-05 17:30:33,87.961,11.745,0.250,0,0,1681920,849280,169656,5233840,5366.600,3266.539,0,231.896,0,16.992,4854,2560,2.040,1.220,0.710,6,0,0,0,0,11,29,0,18,0
15-05 17:30:34,87.808,8.980,2.495,0,0,1778644,752512,169664,5233872,22856.988,21384.211,0,989.834,0,45.900,6052,5497,2.040,1.220,0.710,7,0,10.976,0,0,11,33,0,18,0
15-05 17:30:35,80.000,10.031,9.279,0,0,1781720,749348,169664,5233956,32833.479,30409.914,0,96.301,0,12.038,8556,24790,2.040,1.220,0.710,6,0,33.103,0,0,11,31,0,21,0
15-05 17:30:36,65.434,14.735,18.232,0,0,1631748,899120,169668,5234152,14752.074,13189.655,0,335.660,0,17.982,6513,7853,2.030,1.230,0.720,2,0,259.737,0,0,11,28,0,23,0
15-05 17:30:37,43.283,7.711,49.253,0,0,1558956,971904,169668,5234160,3146.216,2638.762,0,143.281,0,7.960,3041,1621,2.030,1.230,0.720,3,0,29.850,0,0,11,29,0,23,0
15-05 17:30:38,33.853,3.260,60.685,0.251,0,1569792,961052,169668,5234176,11728.750,9853.033,0,232.709,0,27.083,3554,3485,2.030,1.230,0.720,4,0,0,0,0,11,30,0,23,0
15-05 17:30:39,47.858,20.797,31.070,0,0,1532016,998664,169676,5234332,10884.575,9535.529,0,408.923,0,17.038,5934,6107,2.030,1.230,0.720,5,0,328.742,0,0,11,28,0,25,0
15-05 17:30:40,72.954,9.462,17.429,0,0,1571212,959436,169676,5234364,2502.832,1290.756,0,250.980,0,15.935,4076,1823,2.030,1.230,0.720,4,0,49.798,0,0,11,28,0,25,0
15-05 17:30:41,52.461,5.020,41.417,0,0,1592632,938000,169680,5234376,16761.455,16010.433,0,329.325,0,11.044,4300,4041,2.030,1.240,0.730,3,0,1.004,0,0,11,31,0,25,0
15-05 17:30:42,50.811,13.516,35.042,0.250,0,1432388,1098160,169692,5234448,17130.571,14910.905,0,448.539,0,49.059,7031,8597,2.030,1.240,0.730,8,0,244.293,0,0,11,28,0,26,0
15-05 17:30:43,85.115,14.520,0,0,0,1523612,1006920,169692,5234464,2170.940,1189.611,0,172.233,0,8.011,4779,1881,2.030,1.240,0.730,4,0,14.019,0,0,11,28,0,24,0
15-05 17:30:44,70.655,6.242,21.970,0,0,1601440,929064,169692,5234488,17764.141,16911.286,0,151.796,0,9.987,4701,3254,2.030,1.240,0.730,5,0,0,0,0,11,32,0,24,0
15-05 17:30:45,62.051,5.004,32.276,0,0,1605380,925032,169708,5234564,27183.211,24656.146,0,836.684,0,60.049,9023,12263,2.030,1.240,0.730,5,0,0,0,0,11,29,0,26,0
15-05 17:30:46,64.009,20.672,14.197,0,0,1528156,1002228,169708,5234592,3381.269,2420.885,0,1853.023,0,66.749,4610,3394,2.110,1.270,0.740,4,0,322.785,0,0,11,28,0,27,0
15-05 17:30:47,62.727,5.974,31.115,0,0,1560120,970280,169708,5234600,6797.452,7073.253,0,2481.214,0,82.641,3609,1353,2.110,1.270,0.740,1,0,0,0,0,11,31,0,27,0
15-05 17:30:48,50.008,5.277,43.223,0,0,1561112,969020,169740,5234804,17352.604,15312.067,0,611.156,0,50.260,5943,7073,2.110,1.270,0.740,2,0,2.010,0,0,11,30,0,28,0
15-05 17:30:49,59.616,20.369,19.375,0,0,1465404,1064556,169748,5234976,12017.562,10123.765,0,592.184,0,29.808,6981,7336,2.110,1.270,0.740,4,0,303.047,0,0,11,28,0,29,0
15-05 17:30:50,68.491,6.774,24.336,0,0,1560968,968980,169748,5234988,2363.330,1232.344,0,176.623,0,9.032,3558,1300,2.110,1.270,0.740,4,0,0,0,0,11,28,0,29,0
15-05 17:30:51,48.894,5.516,45.133,0,0,1582764,947028,169748,5235144,17427.287,17614.839,0,152.449,0,7.021,4486,4307,2.020,1.270,0.740,3,0,1.003,0,0,11,31,0,29,0
15-05 17:30:52,55.592,16.778,26.294,0.250,0,1450548,1079196,169752,5235188,15743.195,12740.198,0,260.433,0,24.040,7142,7986,2.020,1.270,0.740,5,0,237.395,0,0,11,28,0,32,0
15-05 17:30:53,67.647,9.735,22.216,0,0,1546112,983544,169756,5235272,2374.379,1294.027,0,183.720,0,10.983,3709,1572,2.020,1.270,0.740,4,0,49.924,0,0,11,28,0,32,0
15-05 17:30:54,51.418,5.769,42.137,0.251,0,1576752,952872,169764,5235296,17293.422,16491.807,0,240.786,0,10.033,4574,4162,2.020,1.270,0.740,2,0,0,0,0,11,31,0,32,0
15-05 17:30:55,53.211,11.991,34.725,0.500,0,1473460,1055836,169776,5235612,15210.921,12375.986,0,927.325,0,73.946,6630,7423,2.020,1.270,0.740,5,0,111.918,0,0,11,28,0,34,0
15-05 17:30:56,67.290,8.224,24.174,0,0,1531528,997768,169776,5235612,2498.194,1561.122,0,131.589,0,8.972,3757,1415,2.100,1.300,0.750,3,0,0,0,0,11,28,0,34,0
15-05 17:30:57,51.164,5.518,42.135,0,0.251,1560132,969092,169780,5235676,17295.400,16448.688,0,268.861,0,10.032,4438,3833,2.100,1.300,0.750,3,0,0,0,0,11,31,0,34,0
15-05 17:30:58,56.038,18.763,23.766,0.250,0,1434868,1094292,169816,5235704,14861.976,12321.271,0,920.618,0,83.056,7335,8570,2.100,1.300,0.750,5,0,325.218,0,0,11,28,0,36,0
15-05 17:30:59,77.001,23.250,0,0,0,1525180,1003912,169816,5235772,2658.030,1458.016,0,144.002,0,10.000,5364,3981,2.100,1.300,0.750,7,0,323.004,0,0,11,28,0,36,0
15-05 17:31:00,81.999,18.000,0.250,0,0,1655172,873892,169816,5235800,4689.944,3591.957,0,0,0,0,5246,3813,2.100,1.300,0.750,7,0,275.997,0,0,11,29,0,36,0
15-05 17:31:01,82.500,16.500,0.750,0,0.250,1750108,778928,169816,5235828,14973.024,14065.023,0,228.000,0,12.000,5788,4787,2.330,1.360,0.780,6,0,243.000,0,0,11,32,0,36,0
15-05 17:31:02,77.702,17.239,4.247,0,0,1779132,749648,169824,5236076,34684.385,30710.862,0,391.756,0,30.981,7371,8632,2.330,1.360,0.780,6,0,301.812,0,0,11,32,0,36,0
15-05 17:31:03,77.342,21.207,0.998,0,0,1629104,899608,169848,5236120,22554.920,20783.539,0,391.201,0,40.916,6949,7014,2.330,1.360,0.780,6,0,304.378,0,0,11,29,0,36,0
15-05 17:31:04,85.525,14.504,0,0,0,1618144,910388,169852,5236300,3798.122,2063.610,0,300.089,0,25.007,5281,3216,2.330,1.360,0.780,5,0,81.024,0,0,11,28,0,36,0
15-05 17:31:05,87.287,9.227,2.993,0,0,1686824,841692,169856,5236312,12572.261,11714.358,0,311.239,0,12.968,5318,3288,2.330,1.360,0.780,5,0,0,0,0,11,30,0,36,0
15-05 17:31:06,77.646,7.765,14.277,0,0,1715464,812988,169856,5236376,29419.191,27337.286,0,108.203,0,7.013,6945,8841,2.540,1.420,0.800,5,0,0,0,0,11,31,0,38,0
15-05 17:31:07,61.145,14.914,22.122,0,0,1640648,887612,169856,5236568,23204.443,20327.127,0,15.908,0,2.983,8051,10437,2.540,1.420,0.800,3,0,264.466,0,0,11,29,0,38,0
15-05 17:31:08,20.649,24.930,54.393,0,0,1402096,1126128,169856,5236604,3310.924,2299.617,0,28.204,0,7.051,6080,4697,2.540,1.420,0.800,3,0,514.719,0,0,11,28,0,39,0
15-05 17:31:09,45.818,37.806,15.774,0,0.250,1452560,1075644,169856,5236624,2555.815,1514.260,0,36.054,0,9.013,5916,5031,2.540,1.420,0.800,5,0,728.087,0,0,11,28,0,39,0
15-05 17:31:10,80.528,13.214,5.734,0,0,1570404,957748,169872,5236660,6847.130,5939.631,0,474.692,0,32.909,5010,2977,2.540,1.420,0.800,4,0,98.728,0,0,11,32,0,39,0
15-05 17:31:11,71.447,7.468,20.164,0,0,1614920,913184,169880,5236700,18395.925,17713.820,0,211.104,0,28.877,5457,5979,2.580,1.450,0.810,5,0,0.996,0,0,11,35,0,39,0
15-05 17:31:12,66.986,14.551,17.562,0,0,1526660,1001208,169940,5236876,13187.364,11449.253,0,2436.566,0,162.572,6175,7794,2.580,1.450,0.810,4,0,145.512,0,0,11,33,0,41,0
15-05 17:31:13,80.398,14.026,5.510,0.250,0,1569224,958616,169952,5236892,5539.172,3940.236,0,3041.585,0,162.298,5438,3233,2.580,1.450,0.810,4,0,124.228,0,0,11,33,0,42,0
15-05 17:31:14,74.804,6.755,18.013,0,0.250,1645164,882656,169956,5236908,17374.476,15818.359,0,168.121,0,11.008,5158,4251,2.580,1.450,0.810,5,0,1.001,0,0,11,35,0,42,0
15-05 17:31:15,62.028,6.726,30.641,0,0,1652796,874844,169956,5237116,27455.917,24926.951,0,442.420,0,10.961,7974,10874,2.580,1.450,0.810,5,0,0,0,0,11,36,0,40,0
15-05 17:31:16,56.428,6.991,34.456,0,0,1615044,912464,169968,5237220,29857.875,27019.499,0,315.597,0,26.966,9226,14338,2.610,1.470,0.820,4,0,29.962,0,0,11,34,1,40,0
15-05 17:31:17,79.108,11.552,8.539,0,0,1560228,967108,169976,5237384,13033.940,11095.173,0,498.253,0,67.304,6039,7028,2.610,1.470,0.820,4,0,60.273,0,0,11,32,0,40,0
15-05 17:31:18,83.300,11.473,5.736,0,0,1565848,961464,169976,5237408,6685.979,5457.921,0,135.675,0,5.986,4661,2112,2.610,1.470,0.820,5,0,29.928,0,0,11,33,0,40,0
15-05 17:31:19,67.222,5.769,26.337,0,0,1610368,916900,169980,5237448,25072.832,21690.659,0,128.424,0,9.030,5926,6306,2.610,1.470,0.820,2,0,0,0,0,11,36,0,40,0
15-05 17:31:20,58.372,6.236,34.424,0,0,1613672,913372,169980,5237672,31537.766,28509.414,0,395.133,0,9.978,9921,14358,2.610,1.470,0.820,4,0,0,0,0,11,35,0,39,0
15-05 17:31:21,68.446,9.992,20.734,0,0.250,1635756,891068,169980,5237892,26991.773,24156.003,0,131.896,0,7.994,8874,11992,2.730,1.510,0.840,4,0,70.944,0,0,11,33,0,41,0
15-05 17:31:22,74.276,17.506,7.753,0,0,1548588,978224,169980,5237904,7894.815,6659.375,0,220.078,0,18.006,5445,3814,2.730,1.510,0.840,5,0,190.068,0,0,11,33,0,42,0
15-05 17:31:23,76.930,7.768,14.534,0,0,1631472,895332,169984,5237908,13771.256,12247.687,0,108.254,0,6.014,5237,4296,2.730,1.510,0.840,3,0,0,0,0,11,35,0,42,0
15-05 17:31:24,65.425,6.468,26.618,0,0,1638764,887812,169992,5238128,27917.136,25719.070,0,107.465,0,7.960,7969,10478,2.730,1.510,0.840,5,0,0,0,0,11,35,0,38,0
15-05 17:31:25,73.617,13.521,13.021,0,0,1589608,936924,169996,5238168,17876.359,14075.329,0,196.311,0,20.032,7217,8537,2.730,1.510,0.840,5,0,98.156,0,0,11,33,0,39,0
15-05 17:31:26,84.530,9.532,5.518,0,0,1567000,959500,169996,5238200,6040.999,5502.215,0,216.717,0,24.080,4942,2863,2.750,1.540,0.850,3,0,30.100,0,0,11,33,0,39,0
15-05 17:31:27,72.058,6.957,20.623,0,0,1597456,929020,170000,5238220,14913.485,14162.096,0,234.561,0,25.841,4852,3797,2.750,1.540,0.850,5,0,0,0,0,11,34,0,40,0
15-05 17:31:28,69.163,13.782,16.790,0,0,1586192,940100,170004,5238400,16887.761,15129.621,0,3095.288,0,165.389,6634,7621,2.750,1.540,0.850,3,0,120.283,0,0,11,34,0,40,0
15-05 17:31:29,75.331,6.278,17.075,0,0,1645112,881132,170004,5238448,18774.519,15702.015,0,160.706,0,10.044,6183,6503,2.750,1.540,0.850,3,0,0,0,0,11,34,0,41,0
15-05 17:31:30,66.934,11.446,20.404,0,0,1644972,881080,170004,5238640,26113.798,21637.915,0,119.437,0,7.962,6601,8486,2.750,1.540,0.850,6,0,58.723,0,0,11,34,0,42,0
15-05 17:31:31,72.721,14.795,12.037,0,0,1477952,1048064,170004,5238676,13187.078,11817.917,0,116.354,0,8.024,5528,5653,2.850,1.580,0.870,5,0,168.512,0,0,11,33,0,44,0
15-05 17:31:32,86.063,10.257,3.753,0,0,1580988,945012,170004,5238692,8197.985,6794.961,0,420.307,0,14.010,5136,3504,2.850,1.580,0.870,4,0,1.001,0,0,11,32,0,44,0
15-05 17:31:33,69.960,9.394,19.777,0,0,1588352,937504,170004,5238840,18781.789,17117.592,0,146.346,0,7.911,5142,4317,2.850,1.580,0.870,5,0,33.620,0,0,11,35,0,44,0
15-05 17:31:34,71.711,9.848,18.180,0.253,0,1608852,916952,170004,5238892,17061.187,16313.775,0,234.324,0,23.230,5905,7433,2.850,1.580,0.870,3,0,34.341,0,0,11,34,0,46,0
15-05 17:31:35,69.662,14.981,14.731,0.250,0,1539792,985952,170020,5238936,9122.441,6535.719,0,391.504,0,34.956,5886,16865,2.850,1.580,0.870,5,0,173.780,0,0,11,32,0,49,0
15-05 17:31:36,57.661,8.986,32.700,0,0,1546376,979356,170024,5238944,10252.202,8054.589,0,143.778,0,9.985,3887,2250,2.780,1.590,0.880,3,0,59.908,0,0,11,34,0,43,0
15-05 17:31:37,53.092,8.765,37.064,0,0,1583340,942324,170032,5239004,12339.336,10566.270,0,160.277,0,18.031,4416,4768,2.780,1.590,0.880,3,0,60.104,0,0,11,34,0,44,0
15-05 17:31:38,59.753,10.500,28.751,0,0,1516600,1009056,170032,5239012,10622.484,8874.405,0,164.007,0,11.001,4636,4586,2.780,1.590,0.880,5,0,96.004,0,0,11,33,0,45,0
15-05 17:31:39,61.697,8.243,30.224,0.250,0,1521148,1004472,170040,5239040,10170.293,8788.476,0,147.873,0,7.993,4295,3294,2.780,1.590,0.880,4,0,42.963,0,0,11,33,0,46,0
15-05 17:31:40,57.111,5.761,35.819,0,0,1510740,1014772,170052,5239136,14444.016,13186.577,0,112.218,0,7.014,4671,4719,2.780,1.590,0.880,3,0,1.002,0,0,11,33,0,45,0
15-05 17:31:41,54.030,12.257,34.019,0.250,0,1510764,1014488,170056,5239392,15267.450,10094.587,0,212.117,0,19.011,5587,5488,2.800,1.610,0.890,3,0,128.071,0,0,11,33,0,46,0
15-05 17:31:42,37.516,3.975,56.895,0,0,1506444,1018652,170060,5239544,12257.459,9515.580,0,250.436,0,19.876,4019,4086,2.800,1.610,0.890,3,0,9.938,0,0,11,33,0,47,0
15-05 17:31:43,38.261,8.055,52.358,0,0,1511504,1013568,170060,5239568,9442.487,8176.844,0,253.733,0,11.076,3569,3584,2.800,1.610,0.890,3,0,58.399,0,0,11,33,0,47,0
15-05 17:31:44,34.147,7.976,56.330,0.249,0,1488676,1036376,170064,5239580,10351.706,8521.240,0,2739.718,0,153.536,4137,4168,2.800,1.610,0.890,2,0,67.795,0,0,11,33,0,47,0
15-05 17:31:45,43.950,4.495,50.692,0,0,1495692,1029344,170064,5239596,8083.785,4990.311,0,139.841,0,5.993,3619,3112,2.800,1.610,0.890,2,0,0,0,0,11,32,0,48,0
15-05 17:31:46,38.595,7.719,53.037,0,0,1515464,1009564,170068,5239600,7278.809,5965.078,0,155.377,0,9.960,3202,2113,2.730,1.620,0.890,3,0,33.864,0,0,11,33,0,48,0
15-05 17:31:47,34.771,7.055,57.700,0,0,1449884,1075080,170072,5239660,9547.396,10201.493,0,197.539,0,15.118,4274,4417,2.730,1.620,0.890,3,0,74.581,0,0,11,33,0,49,0
15-05 17:31:48,38.800,7.760,52.317,0.501,0,1487532,1037416,170072,5239672,6140.846,2876.676,0,360.461,0,52.067,3716,2779,2.730,1.620,0.890,2,0,56.072,0,0,11,32,0,47,0
15-05 17:31:49,39.979,7.246,51.972,0,0,1517964,1006844,170072,5239808,7114.180,6069.741,0,139.925,0,7.996,3010,2052,2.730,1.620,0.890,2,0,39.979,0,0,11,33,0,47,0
15-05 17:31:50,36.144,3.988,58.828,0,0,1531820,992956,170072,5239840,15823.808,11747.706,0,227.336,0,20.939,4007,4355,2.730,1.620,0.890,3,0,0,0,0,11,33,0,48,0
15-05 17:31:51,40.638,6.522,51.927,0,0,1483880,1040868,170076,5239864,9520.438,7916.975,0,1019.474,0,8.027,4537,4395,2.730,1.620,0.890,2,0,5.017,0,0,11,32,0,49,0
15-05 17:31:52,38.540,7.708,52.713,0.249,0,1512448,1012288,170080,5239872,6315.627,3740.641,0,135.264,0,6.962,3269,2113,2.680,1.620,0.900,3,0,43.762,0,0,11,33,0,44,0
15-05 17:31:53,37.636,3.739,57.825,0,0,1540264,984452,170080,5239892,11875.119,10749.520,0,111.663,0,8.973,3349,3229,2.680,1.620,0.900,2,0,0,0,0,11,34,0,44,0
15-05 17:31:54,41.557,5.507,52.321,0.250,0,1509416,1015276,170084,5239912,11093.096,9696.195,0,252.343,0,27.037,4928,5021,2.680,1.620,0.900,3,0,5.007,0,0,11,33,0,45,0
15-05 17:31:55,36.734,10.064,52.334,0,0,1484032,1040652,170084,5239920,6914.109,5607.776,0,233.490,0,22.141,4704,4056,2.680,1.620,0.900,2,0,152.976,0,0,11,33,0,46,0
15-05 17:31:56,19.412,8.710,70.678,0,0,1488892,1035568,170084,5240140,10429.487,8248.423,0,183.166,0,9.955,3975,3904,2.680,1.620,0.900,1,0,124.433,0,0,11,33,0,44,0
15-05 17:31:57,18.964,3.493,76.107,0,0,1443984,1080432,170088,5240180,5270.073,3870.709,0,215.594,0,19.962,2603,2649,2.540,1.610,0.900,2,0,4.991,0,0,11,32,0,45,0
15-05 17:31:58,22.556,2.506,73.181,0.251,0,1456780,1067632,170092,5240180,3278.094,1461.609,0,140.347,0,10.025,1621,1005,2.540,1.610,0.900,1,0,0,0,0,11,32,0,45,0
15-05 17:31:59,18.800,2.256,78.711,0,0.251,1454420,1069972,170100,5240192,10188.254,8340.310,0,2209.912,0,171.459,2927,3224,2.540,1.610,0.900,2,0,0,0,0,11,33,0,45,0
15-05 17:32:00,15.031,7.014,76.656,0,0,1414860,1109508,170100,5240216,7113.506,5328.867,0,120.245,0,14.029,3600,3504,2.540,1.610,0.900,1,0,109.223,0,0,11,32,0,46,0
15-05 17:32:01,15.696,11.959,71.004,0,0,1421804,1102556,170100,5240220,2708.623,1452.970,0,163.434,0,12.955,3437,2532,2.540,1.610,0.900,1,0,174.396,0,0,11,32,0,44,0
15-05 17:32:02,21.115,2.733,75.517,0,0,1452696,1071664,170100,5240220,4424.685,3408.190,0,7.949,0,1.987,1737,1086,2.420,1.600,0.900,1,0,0.994,0,0,11,33,0,44,0
15-05 17:32:03,19.192,2.020,78.283,0.253,0,1444760,1079576,170100,5240244,11459.627,9498.006,0,298.991,0,10.101,3213,3706,2.420,1.600,0.900,2,0,0,0,0,11,33,0,44,0
15-05 17:32:04,20.357,5.462,71.995,0.248,0,1402508,1121812,170100,5240260,4973.142,2262.144,0,194.636,0,18.868,2829,2590,2.420,1.600,0.900,1,0,45.680,0,0,11,32,0,45,0
15-05 17:32:05,22.724,3.246,73.418,0,0,1425412,1098908,170100,5240260,2851.796,1456.364,0,143.838,0,6.992,1766,1088,2.420,1.600,0.900,2,0,0,0,0,11,32,0,44,0
15-05 17:32:06,18.115,2.264,79.253,0,0,1429004,1095300,170100,5240276,9937.037,9089.662,0,297.890,0,22.140,2972,3290,2.420,1.600,0.900,1,0,0,0,0,11,33,0,44,0
15-05 17:32:07,20.145,1.741,75.855,0.249,0,1426348,1097808,170100,5240424,10383.917,8100.809,0,91.523,0,11.938,4035,4944,2.220,1.580,0.900,1,0,0,0,0,11,32,0,44,0
15-05 17:32:08,10.297,21.095,67.806,0,0,1339992,1183976,170100,5240608,4237.140,1464.616,0,241.089,0,5.023,5426,3865,2.220,1.580,0.900,3,0,397.797,0,0,11,32,0,44,0
15-05 17:32:09,32.477,15.989,50.963,0.500,0,1375176,1148732,170100,5240664,4035.110,1456.956,35.974,259.814,0.999,17.987,4418,3290,2.220,1.580,0.900,3,0,229.835,0,0,11,32,0,41,0
15-05 17:32:10,45.997,4.724,48.484,0,0,1471448,1051964,170104,5241148,2541.041,1450.034,0,640.481,0,23.869,2716,1544,2.220,1.580,0.900,3,0,0,0,0,11,32,0,41,0
15-05 17:32:11,36.899,6.275,46.186,8.785,0,1515132,1003328,170536,5245436,2427.790,1463.903,437.765,14426.176,17.069,1422.737,8204,13808,2.220,1.580,0.900,4,0,65.263,0,0,11,36,0,41,0
15-05 17:32:12,41.545,7.258,39.793,9.010,0,1498656,1015424,171204,5248760,2406.581,1405.507,0,41688.709,0,3439.689,12550,25125,2.290,1.600,0.910,3,1,80.086,0,0,11,36,0,41,0
15-05 17:32:13,39.643,8.782,41.901,7.527,0,1540524,972656,171564,5249256,2306.336,1463.289,0,35713.076,0,3011.886,12318,23739,2.290,1.600,0.910,3,0,27.098,0,0,11,36,0,37,0
15-05 17:32:14,45.007,5.751,48.007,0.500,0,1522624,990492,171628,5249256,2298.346,1458.220,0,6945.046,0,394.059,3439,2974,2.290,1.600,0.910,3,0,7.001,0,0,11,32,0,37,0
15-05 17:32:15,46.471,4.497,48.220,0.250,0,1524632,988448,171640,5249276,4106.425,1457.086,0,1790.877,0,175.890,3039,1639,2.290,1.600,0.910,4,0,0.999,0,0,11,34,0,37,0
15-05 17:32:16,37.426,9.481,42.416,8.733,0,1516928,994820,172496,5249728,2546.945,1509.005,0,20259.790,0,2736.569,15820,27727,2.290,1.600,0.910,3,0,0.998,0,0,11,34,0,37,0
15-05 17:32:17,34.469,8.243,53.452,1.748,0,1471400,1040196,172608,5249760,2295.953,1456.701,0,4056.383,0,475.576,5455,6462,2.260,1.610,0.910,1,0,99.911,0,0,11,32,0,37,0
15-05 17:32:18,23.280,3.254,72.594,0.250,0,1434560,1077032,172612,5249760,2347.050,1447.882,0,2607.389,0,282.367,2020,1527,2.260,1.610,0.910,2,0,1.001,0,0,11,32,0,37,0
15-05 17:32:19,22.878,3.233,71.618,0.746,0,1471524,1040052,172628,5249776,2478.789,1503.984,0,7309.045,0,374.007,2565,2966,2.260,1.610,0.910,3,0,0,0,0,11,32,0,37,0
15-05 17:32:20,22.777,3.254,73.087,0.250,0,1509020,1002556,172628,5249776,2904.476,1405.682,0,420.503,0,29.035,1834,1291,2.260,1.610,0.910,2,0,2.002,0,0,11,32,0,37,0
15-05 17:32:21,23.117,2.764,73.623,0,0,1472704,1038852,172628,5249796,4179.183,1465.428,0,0,0,0,1714,1083,2.260,1.610,0.910,1,0,1.005,0,0,11,32,0,36,0
15-05 17:32:22,22.356,3.478,73.030,0,0,1502804,1008744,172628,5249804,2819.862,1448.682,0,7.949,0,0.994,1839,1332,2.160,1.600,0.920,2,0,0.994,0,0,11,32,0,36,0
15-05 17:32:23,22.710,3.494,73.122,0,0,1523324,988224,172628,5249804,2533.560,1455.450,0,0,0,0,1782,1185,2.160,1.600,0.920,3,0,1.997,0,0,11,32,0,36,0
15-05 17:32:24,23.404,2.768,73.231,0,0,1475176,1036356,172628,5249816,2675.562,1467.634,0,96.634,0,3.020,1859,1403,2.160,1.600,0.920,2,0,1.007,0,0,11,32,0,36,0
15-05 17:32:25,21.902,4.729,72.425,0.498,0,1492132,1019336,172680,5249828,2842.250,1451.489,0,6952.810,0,334.499,2361,2391,2.160,1.600,0.920,2,0,1.991,0,0,11,32,0,31,0
15-05 17:32:26,24.007,2.501,72.770,0.250,0,1512896,998560,172684,5249836,2598.714,1458.401,0,768.211,0,45.012,1950,1652,2.160,1.600,0.920,2,0,0,0,0,11,32,0,31,0
15-05 17:32:27,22.490,3.249,73.218,0.250,0,1472072,1039300,172684,5249912,2476.925,1457.368,0,227.901,0,10.995,1836,1292,2.070,1.590,0.920,2,0,1.000,0,0,11,32,0,31,0
15-05 17:32:28,22.518,3.002,73.558,0,0,1496224,1015148,172684,5249912,2479.941,1459.142,0,0,0,0,1775,1160,2.070,1.590,0.920,2,0,2.002,0,0,11,32,0,31,0
15-05 17:32:29,23.987,1.999,73.209,0,0,1503432,1007936,172684,5249912,2296.712,1457.183,0,3.998,0,0.999,1681,1083,2.070,1.590,0.920,3,0,0,0,0,11,32,0,28,0
15-05 17:32:30,21.989,3.998,73.212,0,0,1453260,1058020,172684,5250000,2673.603,1457.238,0,231.879,0,49.974,1796,1322,2.070,1.590,0.920,2,0,0.999,0,0,11,32,0,28,0
15-05 17:32:31,23.264,3.002,73.296,0,0,1434268,1076988,172684,5250024,2479.542,1500.933,0,0,0,0,1749,1228,2.070,1.590,0.920,2,0,1.001,0,0,11,32,0,28,0
15-05 17:32:32,22.481,2.997,72.939,0,0,1458892,1052364,172684,5250024,2475.925,1456.779,0,3.997,0,0.999,1784,1251,2.220,1.630,0.930,2,0,0.999,0,0,11,32,0,28,0
15-05 17:32:33,23.253,3.250,73.261,0,0,1476496,1034756,172684,5250024,3858.554,1458.209,0,124.018,0,3.000,1704,1095,2.220,1.630,0.930,4,0,2.000,0,0,11,32,0,24,0
15-05 17:32:34,22.777,3.254,73.338,0,0,1445980,1065248,172684,5250048,2480.965,1459.745,0,0,0,0,1750,1258,2.220,1.630,0.930,2,0,1.001,0,0,11,32,0,24,0
15-05 17:32:35,29.885,5.525,63.788,0,0,1404560,1106660,172684,5250048,2747.418,1464.620,0,0,0,0,2859,12745,2.220,1.630,0.930,2,0,37.168,0,0,11,32,0,25,0
15-05 17:32:36,20.973,3.995,72.906,0.250,0,1444384,1066800,172696,5250080,2474.797,1456.116,0,415.462,0,28.963,1966,1765,2.220,1.630,0.930,2,0,0,0,0,11,32,0,25,0
15-05 17:32:37,22.688,3.740,73.301,0,0,1475004,1036180,172696,5250080,2650.800,1454.051,0,99.729,0,9.973,1750,1223,2.200,1.630,0.940,2,0,1.995,0,0,11,32,0,19,0
15-05 17:32:38,19.813,5.517,73.231,0,0,1433944,1077136,172696,5250184,2666.418,1462.617,0,4.013,0,1.003,2464,1705,2.200,1.630,0.940,2,0,75.238,0,0,11,32,0,19,0
15-05 17:32:39,8.514,22.538,68.115,0,0,1433312,1077688,172696,5250252,3978.746,1460.476,0,925.569,0,14.024,6042,4748,2.200,1.630,0.940,2,0,475.807,0,0,11,32,0,19,0
15-05 17:32:40,9.239,19.726,69.665,0,0,1406908,1103888,172696,5250420,2432.019,1456.215,0,451.447,0,7.990,5552,4238,2.200,1.630,0.940,2,0,371.545,0,0,11,32,0,19,0
15-05 17:32:41,8.237,21.465,69.138,0,0,1407084,1103684,172696,5250448,2354.173,1455.634,0,0,0,0,5941,4494,2.200,1.630,0.940,2,0,429.302,0,0,11,32,0,19,0
15-05 17:32:42,21.003,4.751,73.012,0,0,1406220,1104556,172696,5250440,2538.418,1458.240,0,0,0,0,2051,1526,2.270,1.660,0.950,1,0,18.003,0,0,11,32,0,15,0
15-05 17:32:43,22.369,3.480,73.319,0.249,0,1444648,1066124,172700,5250440,2582.824,1449.483,0,159.065,0,1.988,1889,1252,2.270,1.660,0.950,2,0,1.988,0,0,11,32,0,15,0
15-05 17:32:44,22.787,3.255,73.120,0,0,1354388,1156368,172700,5250456,2662.378,1460.401,0,2071.406,0,27.044,1831,1258,2.270,1.660,0.950,2,0,1.002,0,0,11,32,0,15,0
15-05 17:32:45,22.492,3.499,73.224,0,0,1411864,1098912,172700,5250436,2853.983,1457.481,0,0,0,0,1827,1342,2.270,1.660,0.950,2,0,0,0,0,11,32,0,15,0
15-05 17:32:46,23.294,3.256,72.887,0,0,1443000,1067760,172704,5250444,2783.230,1502.824,0,528.994,0,28.053,2019,1688,2.270,1.660,0.950,2,0,2.004,0,0,11,32,0,12,0
15-05 17:32:47,23.223,2.747,72.914,0.250,0.250,1408712,1102024,172708,5250464,2784.721,1456.285,0,139.835,0,14.982,1827,1263,2.330,1.680,0.960,3,0,2.996,0,0,11,32,0,12,0
15-05 17:32:48,23.531,3.254,73.347,0,0,1409164,1101584,172708,5250452,2661.509,1459.925,0,0,0,0,1697,1123,2.330,1.680,0.960,2,0,0,0,0,11,32,0,12,0
15-05 17:32:49,22.818,3.511,72.467,0,0,1439380,1071344,172708,5250452,4043.128,1462.387,0,449.348,0,68.205,1885,1205,2.330,1.680,0.960,4,0,8.024,0,0,11,32,0,12,0
15-05 17:32:50,22.418,3.736,73.480,0,0,1458520,1052192,172708,5250464,2669.180,1546.311,0,7.971,0,1.993,1795,1231,2.330,1.680,0.960,2,0,0.996,0,0,11,32,0,10,0
15-05 17:32:51,23.275,3.003,73.328,0,0.250,1491064,1019664,172708,5250448,2300.433,1459.544,0,0,0,0,1782,1202,2.330,1.680,0.960,2,0,2.002,0,0,11,32,0,10,0
15-05 17:32:52,23.094,2.259,73.548,0,0,1474420,1036288,172708,5250468,2488.078,1463.930,0,20.081,0,1.004,1768,1193,2.300,1.680,0.970,2,0,2.008,0,0,11,32,0,10,0
15-05 17:32:53,21.863,4.223,73.290,0,0,1523144,987576,172708,5250456,3893.541,1448.898,0,43.725,0,1.988,1789,1357,2.300,1.680,0.970,2,0,0,0,0,11,32,0,10,0
15-05 17:32:54,22.287,3.255,73.372,0,0,1537572,973148,172708,5250456,2301.822,1460.425,0,0,0,0,1744,1159,2.300,1.680,0.970,2,0,2.003,0,0,11,32,0,7,0
15-05 17:32:55,22.473,3.246,73.163,0,0,1499652,1011056,172708,5250468,2731.738,1456.261,0,11.986,0,0.999,1794,1202,2.300,1.680,0.970,2,0,0.999,0,0,11,32,0,7,0
15-05 17:32:56,23.269,3.503,72.811,0,0,1511344,999368,172720,5250452,2480.070,1459.218,0,540.451,0,38.032,1968,1739,2.300,1.680,0.970,2,0,0,0,0,11,32,0,7,0
15-05 17:32:57,22.772,3.003,73.320,0.250,0,1522704,987972,172724,5250484,2660.524,1459.385,0,120.114,0,11.010,1805,1206,2.440,1.720,0.980,2,0,2.002,0,0,11,32,0,7,0
15-05 17:32:58,23.483,2.748,73.447,0,0,1483692,1026952,172724,5250516,2536.177,1456.953,0,0,0,0,1703,1102,2.440,1.720,0.980,2,0,0.999,0,0,11,32,0,5,0
15-05 17:32:59,23.416,2.242,73.485,0,0,1477276,1033456,172724,5250428,4083.295,1452.768,0,47.828,0,0.996,1761,1131,2.440,1.720,0.980,2,0,0,0,0,11,32,0,5,0
15-05 17:33:00,22.351,3.265,73.583,0,0,1492560,1018172,172724,5250428,2928.243,1464.624,0,88.400,0,1.005,1789,1159,2.440,1.720,0.980,2,0,2.009,0,0,11,32,0,5,0
15-05 17:33:01,23.141,2.767,73.700,0,0,1454968,1055676,172724,5250516,2432.853,1466.956,0,583.563,0,106.651,1870,1247,2.440,1.720,0.980,3,0,1.006,0,0,11,32,0,5,0
15-05 17:33:02,23.339,2.483,72.997,0,0,1478016,1032640,172724,5250504,2580.232,1448.029,0,75.480,0,3.973,1808,1338,2.400,1.730,0.990,2,0,0.993,0,0,11,32,0,4,0
15-05 17:33:03,22.465,3.744,73.136,0,0,1458984,1051656,172724,5250520,2414.223,1455.723,0,35.944,0,0.998,1784,1243,2.400,1.730,0.990,2,0,0.998,0,0,11,32,0,4,0
15-05 17:33:04,22.763,2.752,73.791,0,0,1463736,1046924,172724,5250500,2539.428,1458.820,0,0,0,0,1801,1187,2.400,1.730,0.990,3,0,2.001,0,0,11,32,0,4,0
15-05 17:33:05,23.989,1.749,73.715,0,0,1479092,1031568,172724,5250500,2733.713,1457.314,0,39.981,0,1.999,1668,1112,2.400,1.730,0.990,2,0,0,0,0,11,32,0,4,0
15-05 17:33:06,22.378,3.772,72.665,0,0,1447588,1063076,172724,5250496,2673.251,1466.366,0,120.689,0,9.052,1908,1681,2.400,1.730,0.990,4,0,1.006,0,0,11,32,0,3,0
15-05 17:33:07,22.880,2.984,72.869,0,0,1459068,1051592,172728,5250496,2763.553,1450.418,0,346.190,0,23.875,1789,1297,2.450,1.750,1,2,0,0.995,0,0,11,32,0,3,0
15-05 17:33:08,22.423,3.275,73.820,0,0,1452788,1057860,172728,5250508,2692.802,1523.771,0,4.031,0,1.008,1728,1274,2.450,1.750,1,1,0,0,0,0,11,32,0,3,0
15-05 17:33:09,22.954,2.744,73.601,0,0,1473196,1037452,172728,5250508,2680.570,1562.834,0,0,0,0,1754,1157,2.450,1.750,1,2,0,1.996,0,0,11,32,0,3,0
15-05 17:33:10,22.267,3.753,72.557,0,0,1449284,1061320,172728,5250548,2617.045,1459.140,0,136.106,0,4.003,2044,1363,2.450,1.750,1,1,0,36.028,0,0,11,32,0,1,0
15-05 17:33:11,9.458,22.151,68.445,0,0.249,1414732,1095852,172728,5250568,2467.007,1451.532,0,238.935,0,9.956,5794,4306,2.450,1.750,1,2,0,422.119,0,0,11,32,0,1,0
15-05 17:33:12,21.565,3.761,72.970,0,0,1438680,1071904,172728,5250568,5608.929,1462.414,0,0,0,0,1807,1355,2.500,1.770,1.010,1,0,1.003,0,0,11,32,0,1,0
15-05 17:33:13,23.904,1.992,73.702,0.249,0,1465656,1044904,172728,5250592,2288.760,1452.138,0,91.630,0,2.988,1625,961,2.500,1.770,1.010,2,0,0,0,0,11,32,0,1,0
15-05 17:33:14,22.905,3.524,72.491,0,0,1466172,1044152,172728,5250824,2313.676,1467.946,0,4.027,0,1.007,1864,1216,2.500,1.770,1.010,2,0,9.061,0,0,11,32,0,1,0
15-05 17:33:15,22.643,2.986,73.155,0,0,1521612,988712,172728,5250824,2423.557,1451.149,0,7.962,0,1.991,1779,1180,2.500,1.770,1.010,1,0,0,0,0,11,32,0,1,0
15-05 17:33:16,19.491,9.246,69.969,0.750,0,1487404,1022820,172728,5250924,2596.833,1457.345,39.982,0,1.999,0,2947,2091,2.500,1.770,1.010,2,0,151.932,0,0,11,32,0,1,0
15-05 17:33:17,9.035,20.328,69.267,0,0,1486804,1023360,172728,5250980,2427.357,1463.642,0,168.650,0,6.023,5645,4180,2.450,1.770,1.020,4,0,396.528,0,0,11,32,0,1,0
15-05 17:33:18,8.234,22.457,68.120,0,0,1472420,1037708,172728,5251008,2413.391,1497.141,0,371.291,0,6.987,5948,4535,2.450,1.770,1.020,1,0,443.154,0,0,11,32,0,1,0
15-05 17:33:19,8.253,22.257,68.022,0,0,1469548,1040552,172728,5251036,2478.798,1458.469,0,268.086,0,4.001,5950,4521,2.450,1.770,1.020,4,0,446.144,0,0,11,32,0,1,0
15-05 17:33:20,9.024,21.809,68.686,0,0,1454692,1055380,172728,5251060,2997.136,1516.116,0,1002.722,0,13.035,5834,4373,2.450,1.770,1.020,1,0,444.206,0,0,11,32,0,1,0
15-05 17:33:21,8.727,21.443,68.069,0,0,1443420,1066624,172728,5251080,3069.819,1454.125,0,1009.310,0,10.971,5709,4161,2.450,1.770,1.020,1,0,407.913,0,0,11,32,0,1,0
15-05 17:33:22,8.751,20.752,69.006,0,0,1440708,1069304,172728,5251108,2778.242,1458.127,0,736.064,0,8.001,5716,4283,2.420,1.780,1.020,2,0,404.035,0,0,11,32,0,1,0
15-05 17:33:23,8.009,21.023,69.075,0.250,0,1432332,1077660,172728,5251128,2600.838,1459.593,0,276.301,0,8.009,5571,4012,2.420,1.780,1.020,2,0,359.392,0,0,11,32,0,1,0
15-05 17:33:24,8.766,21.038,69.625,0,0,1423348,1086612,172728,5251156,2750.951,1568.823,0,332.599,0,9.016,5602,4132,2.420,1.780,1.020,2,0,379.683,0,0,11,32,0,1,0
15-05 17:33:25,9.001,22.001,68.004,0,0,1412580,1097356,172728,5251180,3098.201,1458.094,0,208.013,0,50.003,5994,4513,2.420,1.780,1.020,2,0,460.030,0,0,11,32,0,1,0
15-05 17:33:26,9.244,20.236,68.703,0,0,1384864,1125020,172728,5251212,2536.276,1457.010,0,139.905,0,8.994,5742,4575,2.420,1.780,1.020,2,0,416.717,0,0,11,32,0,1,0
15-05 17:33:27,27.438,29.682,41.905,0,0,1397128,1112712,172736,5251244,2472.376,1454.691,0,682.448,0,33.923,6562,5489,2.300,1.760,1.020,3,0,585.668,0,0,11,34,0,4,0
15-05 17:33:28,64.470,14.243,20.990,0,0,1521076,988592,172784,5251336,2416.890,1457.331,0,503.769,0,39.982,4406,2965,2.300,1.760,1.020,5,0,174.920,0,0,11,32,0,7,0
15-05 17:33:29,65.093,7.761,24.285,2.504,0,1650840,856572,172936,5253236,2615.717,1514.152,16.023,2844.042,1.001,215.306,4492,3435,2.300,1.760,1.020,5,1,12.017,0,0,11,34,0,7,0
15-05 17:33:30,55.303,8.508,22.772,11.011,0,1663864,834196,173544,5260996,2737.648,1459.411,428.414,45932.422,9.009,3295.187,14094,25590,2.300,1.760,1.020,3,0,68.066,0,0,11,36,0,9,0
15-05 17:33:31,43.148,13.219,30.178,10.974,0.249,1623756,864940,174016,5269496,4088.304,1496.451,0,73888.767,0,5212.638,19266,37490,2.300,1.760,1.020,4,0,146.652,0,0,11,36,0,9,0
15-05 17:33:32,41.585,10.271,31.064,13.528,0,1658476,822112,174340,5276988,4807.881,3822.857,0,71322.586,0,5405.109,17870,35265,2.600,1.840,1.050,3,1,55.113,0,0,11,37,0,9,0
15-05 17:33:33,44.525,9.255,32.519,10.756,0,1663456,808756,174988,5284456,8307.736,7623.346,0,69287.501,0,5146.934,18801,36435,2.600,1.840,1.050,1,1,36.021,0,0,11,37,0,9,0
15-05 17:33:34,45.004,19.002,25.502,8.501,0,1588132,878008,175232,5289988,4230.409,2358.228,0,40423.912,0,3066.297,14755,25843,2.600,1.840,1.050,4,1,282.027,0,0,11,34,0,10,0
15-05 17:33:35,46.360,17.697,22.682,12.213,0,1586160,873080,175352,5296880,2786.597,1453.617,370.882,46284.428,5.982,3291.076,14879,28753,2.600,1.840,1.050,6,0,167.495,0,0,11,34,0,10,0
15-05 17:33:36,47.726,19.490,21.239,8.746,0,1612552,843160,175484,5299728,7702.175,7052.498,1131.438,39029.618,22.989,2833.593,13707,34959,2.600,1.840,1.050,5,1,169.916,0,0,11,35,0,11,0
15-05 17:33:37,38.778,13.510,37.277,8.006,0,1621584,832352,175600,5301356,11803.483,9700.972,668.480,41677.955,12.009,3256.340,15345,29160,2.790,1.890,1.070,3,0,145.104,0,0,11,35,0,11,0
15-05 17:33:38,35.443,6.739,45.178,9.984,0,1619848,832128,175936,5302916,9017.610,7340.286,0,47827.676,0,4086.479,16882,31857,2.790,1.890,1.070,3,1,35.943,0,0,11,34,0,11,0
15-05 17:33:39,39.618,9.278,40.120,8.525,0,1611724,839884,176080,5303140,4064.109,1516.518,0,39216.845,0,3460.310,14005,26188,2.790,1.890,1.070,2,1,54.161,0,0,11,34,0,10,0
15-05 17:33:40,35.500,7.750,44.000,9.750,0,1635640,815368,176240,5303548,7962.970,6500.976,0,57295.785,0,4759.982,16942,33801,2.790,1.890,1.070,5,1,36.000,0,0,11,37,0,10,0
15-05 17:33:41,37.257,7.251,44.009,9.002,0,1631512,817720,176292,5305240,8903.742,7283.425,0,38947.621,0,3422.670,14901,29161,2.790,1.890,1.070,4,0,30.006,0,0,11,37,0,10,0
15-05 17:33:42,39.700,5.493,43.694,8.739,0,1627348,819964,176384,5307020,12704.862,10811.268,0,30708.994,0,2948.255,14587,27167,2.810,1.910,1.080,2,1,33.957,0,0,11,36,0,11,0
15-05 17:33:43,35.105,11.033,41.625,9.779,0,1616132,828596,176504,5309424,2726.179,1462.387,0,46359.081,0,3994.985,14302,29179,2.810,1.910,1.080,6,0,116.349,0,0,11,36,0,11,0
15-05 17:33:44,37.173,6.986,42.662,10.229,0,1646512,795148,176620,5312268,4262.198,3422.931,0,48116.634,0,4098.536,14016,29132,2.810,1.910,1.080,1,0,50.895,0,0,11,37,0,11,0
15-05 17:33:45,32.754,8.251,45.256,11.502,0,1638928,799868,176660,5315004,10090.359,7753.045,0,51614.954,0,4323.583,17793,34132,2.810,1.910,1.080,11,1,75.010,0,0,11,37,0,11,0
15-05 17:33:46,33.549,7.761,46.317,10.515,0,1630232,806120,176696,5317348,12560.164,10589.314,0,56790.128,0,4623.687,18798,37352,2.810,1.910,1.080,2,1,69.100,0,0,11,37,0,11,0
15-05 17:33:47,38.494,8.749,41.744,8.499,0,1541016,894856,176744,5317724,5061.234,3673.444,0,38950.109,0,3489.472,14751,28164,2.830,1.930,1.090,5,1,53.992,0,0,11,36,0,11,0
15-05 17:33:48,38.908,7.482,40.903,9.228,0,1590936,849388,176788,5313236,2591.850,1496.449,0,39797.571,0,3738.130,13747,28795,2.830,1.930,1.090,2,0,17.957,0,0,11,36,0,11,0
15-05 17:33:49,38.017,7.206,47.956,5.467,0,1594728,845140,176796,5313652,9134.029,8297.157,0,37569.780,0,2744.184,10994,19741,2.830,1.930,1.090,2,0,26.836,0,0,11,35,0,12,0
15-05 17:33:50,25.200,11.592,62.243,0.252,0,1455668,984124,176796,5313728,13039.306,10825.768,0,1318.446,0,73.583,5919,7006,2.830,1.930,1.090,1,0,213.693,0,0,11,33,0,12,0
15-05 17:33:51,18.472,6.241,73.889,0,0,1378660,1060856,176800,5314000,7470.777,5637.531,0,998.500,0,60.908,3710,3764,2.830,1.930,1.090,1,0,54.917,0,0,11,32,0,13,0
15-05 17:33:52,22.597,3.725,72.261,0.248,0,1421500,1018016,176800,5314000,2699.724,1448.196,0,838.325,0,53.637,1979,1572,2.680,1.910,1.090,3,0,0.993,0,0,11,32,0,13,0
15-05 17:33:53,19.086,2.260,77.598,0.251,0,1438868,1000556,176804,5314088,7861.241,6530.275,0,3290.752,0,195.878,2175,2304,2.680,1.910,1.090,2,0,0,0,0,11,33,0,13,0
15-05 17:33:54,18.947,4.986,74.543,0,0,1398164,1041244,176804,5314104,6400.208,5197.552,0,7.978,0,0.997,3301,3434,2.680,1.910,1.090,2,0,33.906,0,0,11,32,0,14,0
15-05 17:33:55,23.719,2.247,73.403,0,0,1457256,982152,176804,5314104,2801.296,1456.075,0,0,0,0,1664,1087,2.680,1.910,1.090,2,0,0,0,0,11,32,0,14,0
15-05 17:33:56,16.844,1.760,79.948,0,0,1455524,983876,176804,5314112,7823.840,7132.969,0,4.023,0,1.006,1689,1416,2.680,1.910,1.090,2,0,0,0,0,11,33,0,14,0
15-05 17:33:57,18.262,7.255,73.296,0.500,0,1448528,990704,176804,5314280,4383.780,2602.650,0,288.183,0,29.018,3169,3030,2.460,1.880,1.080,1,0,60.038,0,0,11,32,0,15,0
15-05 17:33:58,22.812,2.728,72.899,0,0,1487116,952116,176804,5314280,2517.250,1446.080,0,138.855,0,9.918,1731,1179,2.460,1.880,1.080,2,0,0,0,0,11,32,0,15,0
15-05 17:33:59,17.847,2.262,78.930,0.251,0,1480444,958772,176804,5314296,10636.941,9782.285,0,1134.178,0,146.800,2807,2980,2.460,1.880,1.080,0,0,0,0,0,11,33,0,15,0
15-05 17:34:00,19.553,5.766,73.949,0,0,1439556,999516,176804,5314440,5738.454,3759.123,0,128.346,0,12.032,3043,2759,2.460,1.880,1.080,1,0,43.116,0,0,11,32,0,16,0
15-05 17:34:01,23.559,2.506,73.684,0,0,1472228,966844,176804,5314440,2544.366,1461.657,0,4523.316,0,65.163,1767,1141,2.460,1.880,1.080,1,0,0,0,0,11,32,0,16,0
15-05 17:34:02,17.482,2.248,78.917,0,0,1469960,969096,176808,5314452,9684.812,8421.142,0,47.950,0,2.997,2813,2974,2.350,1.860,1.080,1,0,0.999,0,0,11,33,0,16,0
15-05 17:34:03,15.484,7.242,76.419,0,0,1428004,1010996,176808,5314508,6458.194,5371.340,0,387.592,0,21.977,3762,3623,2.350,1.860,1.080,2,0,112.881,0,0,11,32,0,17,0
15-05 17:34:04,8.511,22.278,67.836,0.250,0,1420896,1017980,176808,5314632,2254.856,1513.918,0,140.178,0,7.009,5575,3941,2.350,1.860,1.080,2,0,388.492,0,0,11,32,0,17,0
15-05 17:34:05,44.788,19.796,34.395,0,0,1439252,999404,176820,5314840,2528.929,1443.123,0,859.143,0,64.337,5527,4211,2.350,1.860,1.080,3,0,292.980,0,0,11,32,0,23,0
15-05 17:34:06,67.539,7.560,23.941,0,0,1519328,918980,176836,5315172,2437.449,1469.728,0,185.480,0,10.080,3782,1543,2.350,1.860,1.080,4,0,3.024,0,0,11,32,0,23,0
15-05 17:34:07,68.597,7.010,23.784,0.250,0.250,1653644,782888,176896,5316876,2481.512,1460.066,0,1530.165,0,42.060,3957,1934,2.400,1.880,1.090,4,0,0,0,0,11,32,0,23,0
15-05 17:34:08,69.247,6.725,22.916,0.498,0,1759092,674304,177000,5319592,2468.993,1452.701,0,10685.022,0,449.361,4504,2858,2.400,1.880,1.090,6,0,5.978,0,0,11,32,0,23,0
15-05 17:34:09,50.294,7.041,35.206,6.287,0,1772652,651400,177092,5328232,2492.562,1466.568,0,31673.039,0,2472.444,12513,21328,2.400,1.880,1.090,4,1,111.652,0,0,11,38,0,23,0
15-05 17:34:10,31.685,9.730,43.910,12.225,0,1769876,644344,177168,5337680,2909.066,1455.032,0,88020.452,0,6518.703,22137,45043,2.400,1.880,1.090,12,1,203.585,0,0,11,38,0,23,0
15-05 17:34:11,29.267,10.006,44.526,13.008,0,1769976,636028,177224,5345568,3001.761,1620.951,0,94467.435,0,7036.129,22530,45992,2.400,1.880,1.090,7,1,162.095,0,0,11,38,0,23,0
15-05 17:34:12,44.401,10.976,31.929,10.726,0.249,1679252,718472,177280,5353532,2711.962,1454.761,0,71852.025,0,5336.119,19211,38055,2.530,1.920,1.110,10,0,202.549,0,0,11,36,0,23,0
15-05 17:34:13,45.158,11.290,28.600,10.788,0,1680648,709400,177336,5360872,2667.335,1463.121,0,82749.610,0,5916.708,19617,39976,2.530,1.920,1.110,6,0,140.492,0,0,11,36,0,23,0
15-05 17:34:14,47.314,10.957,30.381,9.712,0.249,1728732,651720,177368,5370064,2468.297,1452.291,0,69443.009,0,4739.369,15938,30999,2.530,1.920,1.110,7,0,0.996,0,0,11,36,0,23,0
15-05 17:34:15,41.172,10.544,32.385,11.297,0,1772572,599808,177392,5377772,2625.965,1464.114,0,79528.088,0,5676.704,20066,39016,2.530,1.920,1.110,4,0,44.185,0,0,11,36,0,23,0
15-05 17:34:16,47.926,10.983,28.955,10.234,0,1731980,636684,177392,5381368,2414.282,1455.758,0,63122.803,0,5206.982,19002,37692,2.530,1.920,1.110,4,0,170.737,0,0,11,36,0,23,0
15-05 17:34:17,37.112,9.465,50.313,1.993,0,1447496,920964,177392,5381568,2409.052,1452.604,0,20452.032,0,1338.030,6848,9132,2.810,1.990,1.140,2,0,136.493,0,0,11,32,0,23,0
15-05 17:34:18,17.771,9.011,71.585,0,0,1483988,884464,177392,5381576,4042.805,1459.735,0,1377.637,0,81.096,3105,2566,2.810,1.990,1.140,1,0,118.140,0,0,11,32,0,23,0
15-05 17:34:19,22.909,3.984,72.462,0.498,0,1518120,850332,177392,5381576,2541.903,1506.018,0,4705.310,0,279.888,2308,2386,2.810,1.990,1.140,2,0,0.996,0,0,11,32,0,23,0
15-05 17:34:20,23.642,2.012,73.694,0,0,1548456,819992,177392,5381576,2570.487,1466.837,0,4.024,0,1.006,1716,1116,2.810,1.990,1.140,1,0,2.012,0,0,11,32,0,23,0
15-05 17:34:21,24.518,1.751,72.803,0.250,0,1557568,810872,177392,5381584,5782.210,1459.062,0,440.321,0,16.012,2177,1805,2.810,1.990,1.140,2,0,0,0,0,11,34,0,23,0
15-05 17:34:22,21.195,4.987,72.561,0,0,1480912,887524,177392,5381588,2830.645,1454.221,0,111.710,0,9.974,2199,1580,2.660,1.970,1.140,1,0,27.927,0,0,11,32,0,23,0
15-05 17:34:23,22.418,3.238,73.231,0,0,1488060,880376,177392,5381588,2528.702,1452.659,0,0,0,0,1755,1213,2.660,1.970,1.140,2,0,0.996,0,0,11,32,0,23,0
15-05 17:34:24,23.733,2.998,73.698,0,0,1528896,839540,177392,5381588,2624.140,1564.891,0,0,0,0,1725,1157,2.660,1.970,1.140,3,0,1.999,0,0,11,32,0,23,0
15-05 17:34:25,20.600,6.029,71.597,0,0,1458092,910336,177392,5381596,4376.220,1465.104,0,458.222,0,56.273,2717,2045,2.660,1.970,1.140,2,0,71.346,0,0,11,32,0,23,0
15-05 17:34:26,13.795,39.881,44.396,0.251,0,1447296,921076,177392,5381652,2548.362,1462.800,0,184.606,0,21.069,7591,7174,2.660,1.970,1.140,3,0,948.111,0,0,11,32,0,23,0
15-05 17:34:27,8.745,25.236,64.713,0,0,1446688,921660,177392,5381676,2476.598,1457.175,0,247.860,0,20.988,5892,4481,2.530,1.950,1.130,2,0,526.702,0,0,11,32,0,23,0
15-05 17:34:28,8.476,20.941,69.054,0,0,1425268,943012,177392,5381744,2470.989,1495.756,0,15.955,0,3.989,5636,4097,2.530,1.950,1.130,4,0,375.933,0,0,11,32,0,17,0
15-05 17:34:29,9.262,20.526,68.587,0,0,1395056,973184,177396,5381780,2446.112,1459.857,0,24.031,0,6.008,5539,4201,2.530,1.950,1.130,1,0,358.456,0,0,11,32,0,17,0
15-05 17:34:30,14.273,18.029,66.107,0,0,1403324,964868,177396,5382164,2898.679,1514.445,0,1101.778,0,144.233,5583,5493,2.530,1.950,1.130,1,0,268.433,0,0,11,32,0,17,0
15-05 17:34:31,32.066,16.903,49.715,0.497,0,1416424,951724,177404,5382188,2404.218,1449.690,0,6976.012,0,335.079,6035,7133,2.530,1.950,1.130,3,0,190.906,0,0,11,33,0,17,0
15-05 17:34:32,45.368,5.765,47.875,0.251,0,1492672,875368,177408,5382396,2604.788,1503.919,0,3063.985,0,146.381,3058,1935,2.490,1.950,1.140,2,0,1.003,0,0,11,33,0,15,0
15-05 17:34:33,44.700,6.243,48.445,0,0,1562716,805312,177408,5382404,2535.147,1456.361,0,0,0,0,2680,1189,2.490,1.950,1.140,5,0,0,0,0,11,33,0,15,0
15-05 17:34:34,46.544,5.505,47.044,0,0,1621448,746148,177424,5382808,2758.600,1567.477,104.098,592.558,1.001,29.027,3837,3090,2.490,1.950,1.140,4,0,19.018,0,0,11,49,0,15,0
15-05 17:34:35,50.283,3.983,44.309,0.249,0,1658104,706612,177484,5385320,2782.975,1451.727,0,1927.671,0,175.243,4128,4589,2.490,1.950,1.140,4,0,0,0,0,11,49,0,15,0
15-05 17:34:36,21.359,22.113,55.784,0.251,0,1682408,680832,177488,5387004,2550.999,1465.467,0,257.311,0,14.072,7369,20071,2.490,1.950,1.140,2,0,410.090,0,0,11,48,0,14,0
15-05 17:34:37,21.723,13.234,62.923,0.250,0,1672220,690992,177488,5386672,2714.677,1456.218,0,1825.765,0,88.891,5637,7098,2.770,2.020,1.170,2,0,116.857,0,0,11,48,0,14,0
15-05 17:34:38,0.747,0.997,98.171,0,0,1672472,690740,177488,5386668,2479.699,1453.136,0,3.987,0,0.997,663,959,2.770,2.020,1.170,1,0,3.987,0,0,11,48,0,14,0
15-05 17:34:39,1.004,0.502,97.401,0,0,1672696,690516,177488,5386668,2367.748,1464.027,0,0,0,0,685,957,2.770,2.020,1.170,0,0,3.012,0,0,11,48,0,14,0
15-05 17:34:40,0.500,0.500,97.498,0,0,1672696,690516,177488,5386668,2434.949,1457.970,0,4163.913,0,307.994,921,1139,2.770,2.020,1.170,0,0,3.000,0,0,11,48,0,14,0
15-05 17:34:41,0.750,0.750,98.227,0,0,1672696,690516,177488,5386668,2357.457,1457.664,0,811.813,0,2.000,650,912,2.770,2.020,1.170,0,0,1.000,0,0,11,48,0,14,0
15-05 17:34:42,13.194,12.198,73.188,0,0,1646212,716988,177488,5387020,4214.060,1505.590,0,939.998,0,7.966,4868,5692,2.550,1.990,1.160,2,0,201.144,0,0,11,48,0,14,0
15-05 17:34:43,17.014,13.511,68.057,0,0,1666540,696640,177488,5386664,2554.139,1513.267,0,4.003,0,1.001,4465,5481,2.550,1.990,1.160,1,0,161.135,0,0,11,48,0,14,0
15-05 17:34:44,14.285,21.051,62.150,0.251,0,1691136,671912,177488,5386784,2780.719,1700.108,0,300.727,0,29.070,5994,5528,2.550,1.990,1.160,1,0,351.850,0,0,12,64,0,13,0
15-05 17:34:45,20.788,14.526,63.616,0,0,1676372,686672,177488,5387216,2739.977,1460.653,0,456.830,0,35.064,5798,7901,2.550,1.990,1.160,2,0,170.309,0,0,12,64,0,13,0
15-05 17:34:46,9.494,10.243,78.450,0,0,1683112,679800,177488,5386916,2536.372,1457.065,0,203.869,0,9.994,3301,3539,2.550,1.990,1.160,0,0,186.880,0,0,12,64,0,13,0
15-05 17:34:47,12.016,14.519,72.345,0,0,1681816,681036,177488,5387384,2615.424,1459.911,0,36.047,0,7.009,4657,4379,2.340,1.950,1.150,1,0,204.267,0,0,14,64,0,13,0
15-05 17:34:48,18.031,12.271,68.369,0,0,1686368,676508,177488,5386952,2302.000,1514.632,0,0,0,0,4456,5147,2.340,1.950,1.150,2,0,151.263,0,0,14,66,0,13,0
15-05 17:34:49,8.489,21.723,68.664,0,0,1685028,677796,177488,5387004,2295.117,1456.171,0,19.975,0,4.994,5748,4400,2.340,1.950,1.150,1,0,406.489,0,0,14,66,0,13,0
15-05 17:34:50,12.717,21.943,64.582,0,0,1658940,703736,177488,5387504,2851.588,1589.868,0,31.917,0,7.979,5992,5362,2.340,1.950,1.150,2,0,309.196,0,0,14,66,0,13,0
15-05 17:34:51,23.519,12.260,63.300,0,0,1665972,696684,177488,5387168,2419.905,1459.149,0,104.082,0,4.003,4377,4782,2.340,1.950,1.150,3,0,128.101,0,0,14,66,0,13,0
15-05 17:34:52,29.809,24.298,44.588,0,0,1730924,631668,177496,5387216,2543.045,1460.898,0,637.264,0,12.024,6026,4485,2.230,1.940,1.150,2,0,417.829,0,0,14,66,0,13,0
15-05 17:34:53,30.159,23.678,45.363,0,0,1796956,565596,177520,5387216,2410.719,1453.610,0,91.723,0,0.997,6083,4490,2.230,1.940,1.150,3,0,453.630,0,0,14,66,0,11,0
15-05 17:34:54,30.112,23.588,43.663,1.255,0,1839228,521640,177576,5388704,4047.099,1553.797,8.030,60.225,1.004,12.045,6352,7658,2.230,1.940,1.150,5,0,381.423,0,0,14,70,0,13,0
15-05 17:34:55,36.121,20.676,42.100,0.249,0,1918944,441844,177576,5389172,2872.768,1560.442,0,1100.082,0,42.847,6291,6248,2.230,1.940,1.150,2,0,264.059,0,0,14,70,0,13,0
15-05 17:34:56,51.092,19.191,29.907,0,0,1949348,411432,177576,5389088,2350.719,1453.498,0,7.975,0,1.994,4975,5419,2.230,1.940,1.150,4,0,195.395,0,0,14,70,0,13,0
15-05 17:34:57,68.715,25.422,5.789,0,0.252,2059472,301056,177588,5389432,2555.294,1467.935,0,885.996,0,14.095,5155,3992,2.460,1.990,1.170,3,0,377.555,0,0,14,70,0,12,0
15-05 17:34:58,63.466,18.666,17.422,0,0,2128836,231128,177600,5390372,2526.680,1451.497,0,7.964,0,1.991,5698,7953,2.460,1.990,1.170,3,0,213.045,0,0,14,70,0,12,0
15-05 17:34:59,69.673,22.305,8.020,0,0,2208372,151032,177652,5390328,4048.032,1461.622,0,336.835,0,25.062,4934,3830,2.460,1.990,1.170,5,0,297.738,0,0,14,70,0,12,0
15-05 17:35:00,59.541,23.766,7.005,8.756,0,2254176,184304,172356,5318052,2750.877,1513.032,1208.825,2161.475,96.066,84.057,5533,4662,2.460,1.990,1.170,3,1,327.223,0,0,14,70,0,12,0
15-05 17:35:01,79.781,14.756,2.001,2.751,0,2362108,135672,171840,5260480,4099.616,1458.575,896.353,5406.131,52.021,391.154,6958,6994,2.460,1.990,1.170,4,0,102.040,0,0,14,74,0,10,0
15-05 17:35:02,56.013,22.755,11.503,8.502,0,2422140,161452,170804,5178128,2792.671,1512.363,3032.729,23389.619,116.028,1513.364,12200,18690,2.660,2.040,1.190,5,1,299.072,0,0,14,76,0,10,0
15-05 17:35:03,62.852,24.692,7.233,4.489,0,2479868,155236,170428,5128372,2486.144,1508.447,1416.663,18312.866,66.843,1929.455,12920,22425,2.660,2.040,1.190,6,0,300.293,0,0,14,76,0,10,0
15-05 17:35:04,67.711,17.426,8.464,4.730,0,2565988,142664,170004,5056612,2467.486,1451.814,1406.009,4703.956,58.750,337.562,8124,12505,2.660,2.040,1.190,6,0,129.448,0,0,14,78,0,12,0
15-05 17:35:05,75.414,23.551,1.503,0,0,2615816,165672,169296,4986368,2560.580,1551.380,717.564,1358.961,34.074,76.166,8693,11140,2.660,2.040,1.190,6,0,303.662,0,0,14,86,0,16,0
15-05 17:35:06,60.973,22.582,15.808,0.251,0,2691536,232264,168280,4848168,2426.861,1463.343,16.059,1108.046,4.015,64.235,6312,6833,2.660,2.040,1.190,5,0,341.246,0,0,14,91,0,18,0
15-05 17:35:07,54.666,24.132,19.946,0.246,0,2795636,173244,168280,4804536,2618.041,1436.081,374.287,3258.270,17.729,324.054,6040,5232,2.690,2.060,1.200,7,0,347.693,0,0,14,93,0,18,0
15-05 17:35:08,58.824,16.410,24.742,0.252,0,2843144,150296,168280,4780420,2684.212,1472.378,113.104,904.836,20.197,47.463,5851,11251,2.690,2.060,1.200,3,0,114.114,0,0,14,95,0,18,0
15-05 17:35:09,50.772,12.819,24.129,11.562,0.251,2920140,141140,168212,4714544,2672.310,1465.849,2803.010,3611.338,83.447,190.018,4818,3910,2.690,2.060,1.200,6,0,128.689,0,0,14,96,0,13,0
15-05 17:35:10,56.512,9.419,32.718,0.744,0,3017964,170816,168216,4589424,2711.608,1445.530,281.571,0,25.778,0,4593,6000,2.690,2.060,1.200,3,0,8.923,0,0,14,98,0,16,0
15-05 17:35:11,34.377,10.037,54.451,0.251,0,3068024,120176,168232,4589992,2667.850,1463.403,0,843.113,0,55.204,4182,3443,2.690,2.060,1.200,3,0,116.430,0,0,14,101,0,16,0
15-05 17:35:12,7.531,20.335,70.294,0,0,3076836,178168,168232,4524612,2669.151,1464.117,0,4097.116,0,48.201,5556,4301,2.550,2.040,1.200,1,0,349.460,0,0,14,101,0,16,0
15-05 17:35:13,7.755,20.013,71.047,0.250,0,3083652,171308,168232,4524656,2761.808,1621.061,4.003,76.050,1.001,7.005,5551,4196,2.550,2.040,1.200,1,0,334.219,0,0,14,101,0,16,0
15-05 17:35:14,13.235,12.486,71.170,1.249,0,3106300,147532,168332,4525684,2355.358,1456.366,1110.754,103.883,46.947,10.988,3926,3073,2.550,2.040,1.200,1,0,193.783,0,0,14,101,0,16,0
15-05 17:35:15,23.255,3.216,72.238,0,0,3153668,168112,168332,4459388,4615.289,2213.637,7.916,98.956,0.990,6.927,1808,1213,2.550,2.040,1.200,1,0,0.990,0,0,14,104,0,16,0
15-05 17:35:16,19.953,3.283,76.529,0.253,0,3156348,165368,168336,4459448,18690.131,23428.332,36.370,315.207,3.031,36.370,2949,3222,2.550,2.040,1.200,0,0,3.031,0,0,14,112,0,16,0
15-05 17:35:17,19.758,6.252,72.528,0,0,3155516,166188,168336,4459460,9896.832,1656.642,0,184.071,0,10.004,2543,1814,2.430,2.020,1.200,1,0,63.024,0,0,14,111,0,17,0
15-05 17:35:18,20.732,2.248,75.684,0,0,3156112,165588,168336,4459464,4267.280,3427.013,0,23.979,0,2.997,1667,1158,2.430,2.020,1.200,0,0,0.999,0,0,14,114,0,17,0
15-05 17:35:19,20.425,2.989,75.721,0.249,0,3158104,163572,168344,4459484,7762.389,5953.058,0,569.899,0,58.783,2896,3276,2.430,2.020,1.200,2,0,1.993,0,0,14,118,0,17,0
15-05 17:35:20,34.352,7.773,54.913,1.254,0,3254352,131820,168348,4396420,2923.659,1462.331,357.058,1339.969,21.062,182.541,5147,6853,2.430,2.020,1.200,2,0,7.021,0,0,14,123,0,17,0
15-05 17:35:21,29.137,4.521,63.548,1.256,0,3259992,125956,168352,4396636,3843.046,2613.272,16.075,1752.228,1.005,206.972,5064,6937,2.430,2.020,1.200,3,0,3.014,0,0,14,128,0,19,0
15-05 17:35:22,24.664,8.719,64.773,0.249,0,3210364,175540,168356,4396676,2588.933,1452.912,0,14170.372,0,694.567,3945,3229,2.390,2.020,1.210,4,0,111.609,0,0,14,128,0,19,0
15-05 17:35:23,19.908,2.240,77.143,0,0,3251436,134464,168356,4396680,4147.806,3690.920,0,903.817,0,24.885,1667,1240,2.390,2.020,1.210,1,0,0,0,0,14,129,0,19,0
15-05 17:35:24,21.593,3.264,73.818,0.502,0,3255460,130432,168356,4396688,8619.155,6865.596,0,1996.607,0,114.494,2635,2703,2.390,2.020,1.210,2,0,0,0,0,14,129,0,19,0
15-05 17:35:25,20.237,3.498,73.453,0.750,0,3261204,124664,168360,4396708,3770.563,2356.477,0,771.501,0,85.944,3876,5071,2.390,2.020,1.210,3,0,0,0,0,14,129,0,19,0
15-05 17:35:26,41.192,12.056,46.215,0.502,0,3287516,162772,168364,4333776,3773.555,2664.395,12.056,755.515,3.014,73.341,4544,3954,2.390,2.020,1.210,7,0,95.444,0,0,14,128,0,20,0
15-05 17:35:27,44.095,6.228,48.081,0,0.249,3328456,186416,168364,4271060,2828.064,1452.896,0,374.684,0,20.926,2808,1560,2.360,2.020,1.210,2,0,3.986,0,0,14,128,0,20,0
15-05 17:35:28,30.871,3.734,64.979,0,0,3362148,152408,168364,4271376,27883.542,24771.539,175.268,1155.175,0.996,60.746,2539,1858,2.360,2.020,1.210,2,0,0,0,0,14,128,0,21,0
15-05 17:35:29,19.607,6.536,72.899,0,0,3375236,139300,168364,4271396,4241.227,1466.029,0,4.022,0,1.006,2382,1757,2.360,2.020,1.210,3,0,55.303,0,0,14,128,0,21,0
15-05 17:35:30,29.003,3.250,66.257,0.250,0,3387236,127272,168364,4271424,8700.855,7184.706,8.001,180.018,2.000,15.001,3906,4921,2.360,2.020,1.210,2,0,7.001,0,0,14,131,0,21,0
15-05 17:35:31,21.208,4.990,72.606,0,0,3315156,199124,168364,4271652,21877.597,18907.489,3.992,303.398,0.998,28.943,2743,2170,2.360,2.020,1.210,1,0,50.899,0,0,14,130,0,22,0
15-05 17:35:32,22.263,4.002,72.792,0,0,3352200,162080,168364,4271652,2599.509,1500.871,0,188.109,0,14.008,1923,1591,2.250,2,1.210,1,0,1.001,0,0,14,130,0,22,0
15-05 17:35:33,17.498,2.500,79.241,0.250,0,3369064,145208,168364,4271660,8261.050,7749.109,0,143.983,0,8.999,1686,1301,2.250,2,1.210,0,0,0,0,0,14,131,0,22,0
15-05 17:35:34,19.994,6.998,71.228,1.000,0,3342564,171668,168364,4271700,4368.673,2932.109,0,1983.397,0,176.946,4298,5140,2.250,2,1.210,2,0,81.975,0,0,14,130,0,23,0
15-05 17:35:35,21.930,3.987,72.270,0.249,0,3355656,158564,168364,4271712,2459.182,1345.722,0,259.176,0,21.930,2002,1696,2.250,2,1.210,1,0,0,0,0,14,130,0,23,0
15-05 17:35:36,27.102,5.772,64.995,1.757,0.251,3402528,174964,168364,4213324,8354.474,7277.416,24.091,172.650,2.008,10.038,2857,11675,2.250,2,1.210,5,0,36.136,0,0,15,132,0,23,0
15-05 17:35:37,19.994,6.248,72.727,0,0,3383560,193908,168364,4210052,20232.544,18818.995,0,151.952,0,8.997,2714,3978,2.230,2,1.210,1,0,54.982,0,0,14,130,0,25,0
15-05 17:35:38,22.649,2.738,72.925,0,0,3430692,146752,168364,4210076,2866.232,1692.461,7.965,684.949,1.991,89.601,1819,1340,2.230,2,1.210,0,0,0,0,0,14,131,0,24,0
15-05 17:35:39,16.843,3.268,79.438,0.754,0,3426620,150812,168368,4210084,9231.909,7993.077,4.022,551.039,1.006,77.427,2652,3153,2.230,2,1.210,4,1,0,0,0,14,131,0,24,0
15-05 17:35:40,25.566,4.964,66.273,1.489,0,3425856,151376,168368,4210284,2389.800,1340.353,79.428,2164.422,4.964,274.028,5750,8489,2.230,2,1.210,2,0,1.986,0,0,14,134,0,24,0
15-05 17:35:41,24.053,6.013,67.397,0.501,0,3383388,193668,168368,4210460,3615.903,2715.936,0,1599.496,0,131.287,4312,5330,2.230,2,1.210,1,0,53.116,0,0,14,133,0,26,0
15-05 17:35:42,23.740,2.749,72.969,0,0,3414052,163004,168368,4210460,2416.969,1457.378,0,471.799,0,27.988,1930,1437,2.130,1.990,1.210,2,0,1.000,0,0,14,133,0,26,0
15-05 17:35:43,13.952,2.242,81.970,0.498,0,3413100,163940,168368,4210476,11822.590,11535.571,0,5325.796,0,434.515,2319,2309,2.130,1.990,1.210,1,0,0,0,0,14,134,0,26,0
15-05 17:35:44,25.482,4.541,66.858,1.514,0,3413236,163744,168368,4210536,3038.636,1374.501,0,5070.112,0,360.277,4846,6875,2.130,1.990,1.210,1,0,0,0,0,14,134,0,26,0
15-05 17:35:45,36.257,6.208,56.124,0.497,0,3343208,233712,168372,4210592,5144.497,2308.517,0,993.338,0,103.307,6438,8789,2.130,1.990,1.210,3,0,0.993,0,0,14,135,0,27,0
15-05 17:35:46,22.572,6.772,69.723,0.251,0,3386304,190584,168372,4210624,2457.845,1354.323,0,485.550,0,31.099,2699,2643,2.130,1.990,1.210,1,0,77.247,0,0,14,135,0,27,0
15-05 17:35:47,19.579,2.008,77.815,0,0,3410244,166644,168372,4210624,8707.279,7225.275,0,317.286,0,16.065,1751,1284,2.040,1.970,1.210,1,0,0,0,0,14,136,0,27,0
15-05 17:35:48,20.133,2.734,74.567,0.746,0,3385788,191004,168376,4210700,6676.225,5405.605,31.815,3225.268,0.994,262.476,3620,4876,2.040,1.970,1.210,2,0,5.965,0,0,14,135,0,28,0
15-05 17:35:49,18.820,10.288,69.507,0.251,0,3399176,177600,168376,4210716,2445.057,1300.818,0,365.353,0,25.093,3360,2856,2.040,1.970,1.210,1,0,147.547,0,0,14,135,0,28,0
15-05 17:35:50,19.190,2.741,77.009,0.249,0,3427632,149140,168376,4210720,8337.853,7051.886,0,366.850,0,30.903,2067,1847,2.040,1.970,1.210,2,0,0,0,0,14,136,0,28,0
15-05 17:35:51,23.255,2.500,72.014,0.250,0,3427212,149540,168376,4210740,8812.752,7482.487,0,452.090,0,40.008,3037,3308,2.040,1.970,1.210,3,0,0,0,0,14,136,0,28,0
15-05 17:35:52,25.566,6.266,66.923,0.501,0,3425832,150748,168376,4210912,2502.482,1299.366,0,1062.753,0,130.338,5973,8583,1.960,1.950,1.210,1,0,1.003,0,0,14,136,0,28,0
15-05 17:35:53,30.570,7.768,58.634,0,0,3432368,144072,168376,4211036,2335.319,1353.082,32.073,657.497,2.005,52.119,7468,11026,1.960,1.950,1.210,5,0,4.009,0,0,14,138,0,28,0
15-05 17:35:54,47.096,13.705,36.381,0.997,0,3382284,194048,168376,4211128,3945.063,3049.998,3.987,1507.058,0.997,168.448,11898,17666,1.960,1.950,1.210,4,0,197.353,0,0,14,137,0,29,0
15-05 17:35:55,27.023,8.257,62.304,1.001,0,3400292,175976,168376,4211176,2719.347,1715.481,16.014,5793.000,1.001,354.306,4013,5252,1.960,1.950,1.210,1,0,91.079,0,0,14,137,0,29,2
15-05 17:35:56,20.873,2.733,75.045,0.248,0,3429252,147008,168376,4211184,8153.585,7291.808,0,218.675,0,18.886,1978,1665,1.960,1.950,1.210,2,0,0,0,0,14,138,0,29,2
15-05 17:35:57,19.947,7.575,72.214,0,0,3403284,172972,168376,4211188,3964.175,3182.450,0,76.759,0,6.060,3112,2288,1.880,1.940,1.210,1,0,95.948,0,0,14,137,0,30,2
15-05 17:35:58,8.492,20.480,69.433,0,0,3378092,197936,168376,4211400,2447.650,1348.705,3.996,2285.805,0.999,295.716,5925,4323,1.880,1.940,1.210,2,0,350.663,0,0,14,137,0,28,2
15-05 17:35:59,14.697,17.437,66.262,0,0,3377696,198308,168380,4211780,2455.191,1398.980,0,195.299,0,11.957,5300,4988,1.880,1.940,1.210,2,0,253.092,0,0,14,137,0,28,2
15-05 17:36:00,25.353,16.066,57.484,0,0,3400512,175476,168380,4211436,2523.288,1371.592,0,0,0,0,5036,5219,1.880,1.940,1.210,2,0,199.815,0,0,14,137,0,28,2
15-05 17:36:01,31.774,22.267,45.034,0,0,3437180,138780,168380,4211468,2359.770,1351.013,0,20.015,0,5.004,5868,4422,1.880,1.940,1.210,4,0,364.273,0,0,14,137,0,28,2
15-05 17:36:02,34.515,22.260,42.018,0,0.250,3475048,163232,168396,4151044,2465.065,1404.607,20.009,84.036,3.001,11.005,6180,5543,1.970,1.950,1.220,3,0,320.138,0,0,14,140,0,28,2
15-05 17:36:03,27.002,11.891,59.206,0.495,0,3468848,169348,168396,4150688,2235.469,1284.205,63.418,531.122,4.954,25.763,5108,6049,1.970,1.950,1.220,1,0,83.236,0,0,16,143,0,28,2
15-05 17:36:04,60.778,25.115,13.813,0,0.251,3601632,153496,168400,4036940,2025.252,1301.948,72.330,598.735,7.032,51.234,8423,12385,1.970,1.950,1.220,4,0,376.721,0,0,16,149,0,28,2
15-05 17:36:05,50.500,27.500,20.750,0.250,0,3675116,168828,168400,3948848,2555.017,1548.010,8.000,692.005,2.000,33.000,6091,5224,1.970,1.950,1.220,4,0,396.003,0,0,16,151,0,28,2
15-05 17:36:06,63.779,17.258,18.008,0,0,3755924,136152,168400,3901528,3877.770,1296.592,48.022,284.130,5.002,16.007,6637,7774,1.970,1.950,1.220,5,0,201.092,0,0,16,159,0,18,2
15-05 17:36:07,48.379,18.703,32.668,0.249,0,3794884,149412,168400,3849624,2429.936,1292.774,3.990,327.184,0.998,22.943,7322,10676,2.050,1.970,1.230,2,0,236.410,0,0,16,167,0,18,2
15-05 17:36:08,36.142,23.342,39.907,0,0,3844148,143788,168400,3806584,2385.378,1371.391,0,353.389,0,15.059,11658,4260,2.050,1.970,1.230,3,0,385.516,0,0,16,167,0,18,2
15-05 17:36:09,31.173,23.442,43.642,0.499,0,3881080,159584,168404,3755000,2619.503,1454.393,83.792,690.288,3.990,42.894,6173,5094,2.050,1.970,1.230,3,0,354.122,0,0,16,167,0,18,2
15-05 17:36:10,17.991,17.241,62.968,0,0,3888664,151936,168404,3755408,2511.715,1295.337,0,379.806,0,19.990,6215,7435,2.050,1.970,1.230,16,0,236.879,0,0,17,167,0,15,2
15-05 17:36:11,26.105,17.570,54.970,0,0,3904416,190468,168404,3702088,2516.082,1301.214,0,84.338,0,4.016,4775,3650,2.050,1.970,1.230,2,0,237.953,0,0,17,167,0,15,2
15-05 17:36:12,31.823,23.122,44.254,0,0,3962792,132044,168404,3702136,2482.212,1288.841,0,91.492,0,6.961,5972,4438,2.050,1.970,1.230,4,0,356.022,0,0,17,167,0,15,2
15-05 17:36:13,43.233,17.993,36.236,0,0,4012244,127728,168408,3658436,2255.139,1295.506,3.998,11403.648,1.000,787.699,6834,8298,2.050,1.970,1.230,4,0,205.921,0,0,17,181,0,15,0
15-05 17:36:14,28.807,17.034,53.356,0.250,0,4049568,122272,168540,3626864,2422.835,1460.916,140.280,893.784,6.012,128.256,5154,4354,2.050,1.970,1.230,2,0,255.510,0,0,17,181,0,15,0
15-05 17:36:15,41.070,27.547,29.300,0.751,0,4140184,138708,168548,3522312,2577.411,1388.376,28.048,568.974,4.007,48.082,8472,12652,2.050,1.970,1.230,4,0,456.782,0,0,17,187,0,15,0
15-05 17:36:16,31.670,23.939,43.390,0,0,4169184,138980,168548,3493752,2130.608,1334.622,3.990,550.606,0.997,25.934,7234,6670,2.050,1.970,1.230,3,0,445.872,0,0,17,193,0,15,0
15-05 17:36:17,19.730,23.725,54.693,0.499,0,4212076,134564,168548,3455832,2253.672,1294.663,11.988,1098.865,2.997,79.917,7371,10906,2.040,1.970,1.240,3,0,344.644,0,0,17,209,0,15,0
15-05 17:36:18,19.277,14.771,64.342,0,0,4218840,142060,168548,3441912,2166.087,1297.850,8.011,100.143,2.003,10.014,5536,6492,2.040,1.970,1.240,6,0,199.284,0,0,17,209,0,15,0
15-05 17:36:19,28.620,15.063,55.231,0.502,0,4266632,123852,168548,3412648,2307.640,1464.116,80.336,337.409,3.013,35.147,4803,4570,2.040,1.970,1.240,2,0,147.617,0,0,17,213,0,14,0
15-05 17:36:20,44.382,6.695,45.126,2.727,0,4340512,137620,168548,3326768,2611.357,1327.002,729.950,444.317,14.877,45.622,3318,2336,2.040,1.970,1.240,5,0,0.992,0,0,17,213,0,14,0
15-05 17:36:21,44.344,7.766,46.849,0.501,0,4416324,155036,168780,3235876,2200.648,1298.743,320.677,104.220,11.023,8.017,2825,1301,2.040,1.970,1.240,3,0,0,0,0,17,213,0,14,0
15-05 17:36:22,37.448,5.781,54.035,2.011,0,4487568,166716,168784,3154724,2388.611,1373.250,128.679,373.974,13.069,27.143,3134,2763,2.040,1.970,1.240,2,0,11.058,0,0,17,218,0,14,0
15-05 17:36:23,29.826,17.795,50.629,0.251,0,4408436,245808,168784,3154764,2201.627,1299.321,0,328.841,0,20.051,4768,3921,2.040,1.970,1.240,2,0,288.738,0,0,17,221,0,12,0
15-05 17:36:24,34.698,27.263,34.946,1.487,0,4458708,194028,168800,3156232,2397.164,1445.436,1506.902,1058.797,23.793,31.724,6399,5981,2.040,1.970,1.240,8,0,447.114,0,0,17,225,0,12,0
15-05 17:36:25,39.238,21.379,36.722,2.012,0,4492488,157976,168812,3158908,10501.566,9513.586,378.290,313.900,6.037,17.104,6452,7360,2.040,1.970,1.240,2,0,294.784,0,0,17,229,0,12,0
15-05 17:36:26,49.347,18.536,31.312,0.250,0,4474424,175392,168812,3159452,6056.911,2065.061,0,348.686,0,16.032,5803,6395,2.040,1.970,1.240,3,1,150.296,0,0,17,229,0,14,0
15-05 17:36:27,75.137,15.227,7.239,1.498,0,4583648,146380,168820,3081892,2192.709,1294.058,43.934,279.580,6.990,14.978,4804,3141,2.200,2.010,1.250,3,0,85.871,0,0,17,230,0,13,0
15-05 17:36:28,59.794,10.669,23.570,5.458,0,4647184,162648,168820,3004176,9463.769,9174.973,1429.093,15.879,31.758,3.970,4480,3195,2.200,2.010,1.250,3,0,19.849,0,0,17,235,0,13,0
15-05 17:36:29,57.002,11.300,18.080,12.807,0,4629416,216336,168848,2969216,6044.685,4421.520,5014.136,8409.124,313.383,70.310,5270,5095,2.200,2.010,1.250,3,2,29.129,0,0,17,236,0,14,0
15-05 17:36:30,66.101,13.321,15.080,6.032,0,4693184,148028,168916,2973788,2405.757,1345.133,1552.231,1680.914,161.858,135.720,6105,7676,2.200,2.010,1.250,3,0,62.331,0,0,17,239,0,18,0
15-05 17:36:31,33.716,24.975,39.960,0,0,4699356,166872,168916,2949548,8272.674,7391.561,0,235.763,0,10.989,6391,5905,2.200,2.010,1.250,2,0,396.601,0,0,17,240,0,17,0
15-05 17:36:32,35.619,20.923,41.348,0.249,0,4641892,222544,168916,2951332,7772.409,6219.123,87.677,741.273,5.978,65.758,6338,7760,2.180,2.010,1.260,1,0,262.036,0,0,17,239,0,18,0
15-05 17:36:33,50.816,19.776,29.038,0.250,0,4728644,135120,168916,2952000,2258.926,1297.681,8.010,264.342,2.003,13.017,5649,6204,2.180,2.010,1.260,4,0,202.262,0,0,17,239,0,18,0
15-05 17:36:34,56.115,24.940,17.707,0,0,4776304,117732,168920,2922596,7975.773,7455.029,7.981,13088.448,1.995,1052.463,6530,5908,2.180,2.010,1.260,4,0,364.122,0,0,17,240,0,18,0
15-05 17:36:35,53.291,22.163,22.163,1.743,0,4736236,210332,168936,2871312,7893.011,6143.878,948.277,1510.071,38.847,93.632,6415,7667,2.180,2.010,1.260,4,0,257.987,0,0,17,239,0,17,0
15-05 17:36:36,68.899,21.452,8.329,0.505,0,4800320,177820,169288,2839732,2580.322,1308.332,710.699,480.529,37.352,27.257,7842,11791,2.180,2.010,1.260,4,0,237.236,0,0,17,243,0,19,0
15-05 17:36:37,58.024,26.261,15.256,0.250,0,4892844,149624,169288,2776652,8584.499,7090.890,168.068,252.103,8.003,16.007,6286,17694,2.490,2.070,1.290,3,0,388.158,0,0,17,244,0,20,0
15-05 17:36:38,57.864,22.847,17.881,0.497,0,4832532,239800,169296,2747716,7928.070,6616.824,949.660,798.668,27.814,62.582,9072,20621,2.490,2.070,1.290,6,0,230.461,0,0,17,245,0,22,0
15-05 17:36:39,52.497,21.999,22.749,1.750,0,4920528,150260,169300,2749240,3787.789,1187.934,351.980,7051.608,21.999,175.990,7335,9636,2.490,2.070,1.290,3,0,252.986,0,0,17,251,0,20,0
15-05 17:36:40,62.593,8.798,27.651,0.251,0.251,5027228,140464,169300,2654872,8456.283,7072.711,48.264,366.003,6.033,32.176,4141,2536,2.490,2.070,1.290,3,0,4.022,0,0,17,256,0,20,0
15-05 17:36:41,53.483,7.498,34.739,3.499,0,5026404,197128,169304,2600332,13461.814,12341.163,611.810,359.888,19.994,31.990,4270,3555,2.490,2.070,1.290,3,0,12.996,0,0,17,256,0,22,0
15-05 17:36:42,63.615,10.977,21.953,2.994,0,5097240,153124,169312,2574072,3203.183,2107.515,1021.825,906.072,81.826,67.856,5532,6660,2.690,2.120,1.310,4,0,11.975,0,0,17,262,0,28,0
15-05 17:36:43,58.409,7.738,31.451,1.498,0,5176904,120116,169348,2528544,10407.814,9336.480,1050.366,471.267,23.963,43.932,4544,3659,2.690,2.120,1.310,5,0,6.989,0,0,17,266,0,27,0
15-05 17:36:44,54.381,26.313,18.294,0.251,0.251,5050776,245748,169348,2529044,9258.304,6533.741,629.517,12373.810,24.058,1078.598,8120,7378,2.690,2.120,1.310,4,1,385.930,0,0,17,270,0,29,0
15-05 17:36:45,40.127,25.173,23.428,9.720,0,5134324,158072,169504,2532956,2343.792,1130.523,4035.589,8895.643,66.795,440.645,8161,9469,2.690,2.120,1.310,3,0,356.902,0,0,17,271,0,30,0
15-05 17:36:46,54.790,19.264,25.268,0,0,5133888,158268,169616,2533428,9723.109,9251.764,684.500,596.436,13.010,33.024,6282,7394,2.690,2.120,1.310,2,0,214.157,0,0,17,274,0,30,0
15-05 17:36:47,65.887,16.971,15.723,0.998,0,5097328,211368,169620,2517336,7562.054,4223.769,527.098,610.954,6.988,47.918,5467,4634,2.630,2.120,1.310,6,0,151.740,0,0,18,273,0,30,0
15-05 17:36:48,83.666,14.985,0.999,0.999,0,5200504,154660,169620,2472656,2373.625,1364.635,1114.884,315.684,48.951,14.985,5008,2567,2.630,2.120,1.310,6,0,24.975,0,0,18,276,0,30,0
15-05 17:36:49,76.795,10.506,4.753,6.504,0,5295628,141308,169632,2393632,7971.637,7038.094,2777.616,1957.139,133.077,123.072,5356,3721,2.630,2.120,1.310,6,0,13.008,0,0,18,279,0,30,0
15-05 17:36:50,80.790,8.531,9.785,0.753,0,5284048,179248,169660,2368280,7640.397,6471.205,935.354,9152.821,30.108,112.403,5476,4276,2.630,2.120,1.310,4,0,16.058,0,0,18,280,0,31,0
15-05 17:36:51,56.979,17.494,24.241,0.250,0,5338120,147280,169664,2346988,2768.991,2264.175,267.902,423.845,4.998,45.983,6185,8184,2.630,2.120,1.310,2,0,215.921,0,0,18,280,0,31,0
15-05 17:36:52,39.333,8.017,51.358,0.251,0,5373460,136720,169676,2322976,16761.360,9142.287,557.175,1086.292,9.019,38.080,3750,2900,2.580,2.120,1.310,2,0,9.019,0,0,18,286,0,31,0
15-05 17:36:53,33.028,7.202,57.862,0.248,0,5359732,169128,169676,2305152,4659684.461,121325.695,508.587,389.387,3.973,31.787,8697,6513,2.580,2.120,1.310,3,0,5.960,0,0,18,285,0,31,0
15-05 17:36:54,29.623,5.021,62.258,0.251,0,5377512,148456,169676,2308044,3536812.303,109865.810,530.195,329.363,5.021,29.121,8309,5150,2.580,2.120,1.310,5,0,6.025,0,0,18,284,0,31,1
15-05 17:36:55,44.884,9.671,43.644,0,0,5375016,148456,169676,2310524,2458675.590,88603.120,301.540,329.313,4.960,26.781,7966,5545,2.580,2.120,1.310,3,0,9.919,0,0,18,287,0,31,0
15-05 17:36:56,44.670,7.278,45.172,0.251,0,5378948,142136,169676,2312912,2455042.825,86917.549,513.961,224.858,4.015,13.050,7392,4091,2.580,2.120,1.310,2,0,6.023,0,0,18,287,0,31,0
15-05 17:36:57,11.292,4.015,82.309,0.251,0,5386312,132304,169676,2315380,2471086.306,90256.525,256.964,839.147,2.008,60.226,5878,4494,2.540,2.120,1.320,0,0,1.004,0,0,18,288,0,31,0
15-05 17:36:58,8.742,1.499,86.672,0,0,5380976,136200,169676,2316820,1442744.645,70838.251,0,115.896,0,10.990,3927,2459,2.540,2.120,1.320,1,0,0,0,0,18,288,0,31,0
15-05 17:36:59,16.516,2.502,79.328,0.500,0,5352664,164492,169676,2316840,12452.242,7044.926,0,456.449,0,45.044,2582,2731,2.540,2.120,1.320,2,0,5.005,0,0,18,287,0,32,0
15-05 17:37:00,22.496,3.749,72.237,0.250,0,5397588,119568,169676,2316840,9018.359,1739.683,0,1223.777,0,19.996,2041,1665,2.540,2.120,1.320,2,0,0,0,0,18,287,0,31,0
15-05 17:37:01,24.594,13.050,60.231,1.255,0,5381276,153776,169676,2299576,188646.546,19386.252,2280.736,196.754,25.096,14.054,4945,3945,2.540,2.120,1.320,3,0,237.911,0,0,18,291,0,31,0
15-05 17:37:02,35.951,7.490,54.676,0.499,0,5354900,179924,169676,2299804,7673.603,6750.853,15.978,587.204,0.999,56.923,3667,3255,2.490,2.110,1.320,4,0,45.938,0,0,18,290,0,32,0
15-05 17:37:03,20.089,3.224,76.141,0,0,5374456,160360,169680,2299808,8036.675,7031.718,0,436.506,0,12.897,2030,1675,2.490,2.110,1.320,2,0,13.889,0,0,18,291,0,32,0
15-05 17:37:04,20.868,2.766,74.421,0.251,0,5372820,161824,169680,2299984,5993.947,4913.829,48.273,358.028,3.017,38.216,4250,5382,2.490,2.110,1.320,2,0,0,0,0,18,296,0,33,0
15-05 17:37:05,7.992,1.998,85.419,0.500,0,5380224,153960,169680,2300448,261389.218,8442945.586,399.621,11764.848,21.979,965.085,5200,2991,2.490,2.110,1.320,1,0,0.999,0,0,18,294,0,34,0
15-05 17:37:06,1.739,1.491,93.180,0.497,0,5379928,154256,169680,2300448,275879.753,7952905.820,0,2719.378,0,163.004,3593,1992,2.490,2.110,1.320,1,0,0,0,0,18,294,0,34,0
15-05 17:37:07,22.741,2.779,71.255,0.758,0,5379236,154780,169684,2300612,2113169.630,100405.636,113.199,529.610,5.054,53.567,7763,7038,2.290,2.080,1.310,3,0,3.032,0,0,18,304,0,34,0
15-05 17:37:08,9.463,3.237,84.419,0,0,5373472,156944,169684,2304212,2456410.489,81424.274,0,243.046,0,14.941,6308,6232,2.290,2.080,1.310,0,0,1.992,0,0,18,305,0,34,0
15-05 17:37:09,3.765,3.012,89.357,0,0,5372492,155492,169684,2306628,2471659.342,87143.754,48.192,212.849,2.008,13.052,6311,5835,2.290,2.080,1.310,1,0,0,0,0,18,305,0,34,0
15-05 17:37:10,3.500,2.500,91.245,0.250,0,5373072,152844,169684,2308680,2462839.291,86084.907,0,12583.256,0,57.997,6059,5922,2.290,2.080,1.310,0,0,0,0,0,18,305,0,34,0
15-05 17:37:11,3.722,3.474,89.323,0,0.248,5370912,152364,169684,2311304,2465693.370,90757.993,0,107.187,0,10.917,6283,5974,2.290,2.080,1.310,1,0,0,0,0,18,305,0,34,0
15-05 17:37:12,5.234,2.742,87.235,0.249,0,5362148,158696,169684,2313736,2452137.446,88534.708,0,406.763,0,48.851,6984,6756,2.110,2.040,1.310,1,0,0.997,0,0,18,305,0,34,0
15-05 17:37:13,5.520,3.262,87.069,0,0,5361480,156932,169684,2316168,2459764.043,90631.612,0,14368.573,0,26.095,6731,6033,2.110,2.040,1.310,0,0,0,0,0,18,305,0,34,0
15-05 17:37:14,12.807,4.018,81.108,0.502,0,5284384,233520,169684,2316676,242212.560,16217.614,48.213,634.803,3.013,51.226,3296,3177,2.110,2.040,1.310,5,0,44.195,0,0,18,302,0,37,0
15-05 17:37:15,10.241,18.983,68.440,0.500,0,5309648,208084,169684,2316848,2672.641,1456.714,39.965,199.824,2.997,13.988,5700,4934,2.110,2.040,1.310,2,0,421.628,0,0,18,302,0,37,0
15-05 17:37:16,23.654,3.486,72.208,0,0,5357028,160708,169684,2316844,2527.777,1452.127,0,191.227,0,17.927,2194,1875,2.110,2.040,1.310,2,0,0,0,0,18,302,0,37,0
15-05 17:37:17,17.335,9.295,71.851,0.251,0,5338324,179396,169684,2316860,2592.682,1356.636,48.236,184.904,2.010,16.079,3583,2927,2.020,2.030,1.300,1,0,141.693,0,0,18,302,0,37,0
15-05 17:37:18,8.509,19.521,70.075,0.250,0,5339408,178224,169684,2316948,2480.649,1459.559,0,456.487,0,38.041,5700,4563,2.020,2.030,1.300,1,0,334.357,0,0,18,304,0,37,0
15-05 17:37:19,4.738,10.474,82.546,0,0,5337864,179736,169684,2316980,2278.358,1400.532,0,135.664,0,15.960,3434,3298,2.020,2.030,1.300,0,0,194.518,0,0,18,304,0,37,0
15-05 17:37:20,12.803,3.012,83.344,0.502,0,5359296,158304,169684,2316980,2505.354,1464.050,0,289.195,0,28.116,1874,2045,2.020,2.030,1.300,1,0,9.037,0,0,18,304,0,37,0
15-05 17:37:21,22.636,2.985,73.628,0.249,0,5396992,120588,169684,2316984,3678.398,3305.285,0,111.436,0,7.960,1881,1418,2.020,2.030,1.300,1,0,0,0,0,18,305,0,37,0
15-05 17:37:22,20.515,2.502,74.804,0,0,5358904,158576,169684,2317084,11816.589,8642.282,80.058,308.224,5.004,38.028,2837,3059,1.860,1.990,1.300,4,0,8.006,0,0,18,312,0,38,0
15-05 17:37:23,12.466,16.954,68.065,1.496,0,5355472,161616,169688,2317440,2277.807,1400.193,11.967,127.653,2.992,6.981,5053,3989,1.860,1.990,1.300,2,0,206.439,0,0,18,312,0,38,0
15-05 17:37:24,14.275,18.032,67.369,0.250,0.250,5346928,170056,169688,2317544,3836.773,1352.387,32.057,360.637,2.004,34.060,5347,4511,1.860,1.990,1.300,1,0,173.306,0,0,18,312,0,38,0
15-05 17:37:25,11.318,16.599,70.169,0,0,5340572,176276,169688,2317648,2872.135,1466.751,0,2989.837,0,431.575,5191,3499,1.860,1.990,1.300,1,0,153.918,0,0,18,312,0,38,0
15-05 17:37:26,20.673,6.476,71.731,0.249,0,5380888,135940,169688,2317668,2634.126,1398.757,3.985,123.537,0.996,8.966,2756,2171,1.860,1.990,1.300,1,0,68.742,0,0,18,312,0,38,0
15-05 17:37:27,24.063,4.465,71.198,0,0,5410240,134228,169688,2290844,4217.276,1339.605,47.630,174.645,1.985,15.877,2440,2224,1.790,1.980,1.290,3,0,0.992,0,0,18,312,0,38,0
15-05 17:37:28,20.968,2.995,71.391,2.995,0,5448248,126904,169688,2261192,4011.862,1401.855,291.554,299.542,5.991,23.963,2103,1824,1.790,1.980,1.290,3,0,1.997,0,0,18,312,0,36,0
15-05 17:37:29,25.219,1.765,72.126,0.252,0,5313668,261432,169688,2261296,2350.392,1404.182,96.840,342.976,6.053,38.333,2540,2388,1.790,1.980,1.290,3,0,7.061,0,0,18,312,0,36,0
15-05 17:37:30,23.248,3.000,71.744,0.500,0,5358752,216316,169688,2261336,2674.768,1457.873,23.998,215.981,4.000,12.999,2020,1582,1.790,1.980,1.290,2,0,0,0,0,18,312,0,36,0
15-05 17:37:31,24.121,3.233,72.364,0,0,5394264,180804,169688,2261336,2391.252,1396.555,0,425.730,0,22.878,2100,1688,1.790,1.980,1.290,2,0,0,0,0,18,312,0,36,0
15-05 17:37:32,18.734,3.747,75.436,0.500,0,5419600,155464,169688,2261340,8979.328,8309.900,0,415.645,0,42.963,2577,2489,1.730,1.960,1.290,1,0,3.997,0,0,18,315,0,30,0
15-05 17:37:33,16.481,1.498,80.655,0,0,5422912,152052,169688,2261440,14907.511,13366.319,79.906,47.944,4.994,2.996,2238,2150,1.730,1.960,1.290,2,0,0.999,0,0,18,318,0,32,0
15-05 17:37:34,23.491,4.748,69.972,0.250,0,5376316,198640,169688,2261448,2399.049,1349.465,0,231.908,0,27.989,2484,2085,1.730,1.960,1.290,2,0,14.994,0,0,18,312,0,32,0
15-05 17:37:35,23.524,3.003,71.824,0,0,5382244,192712,169688,2261448,2603.676,1447.488,0,188.193,0,20.021,2135,1730,1.730,1.960,1.290,2,0,0,0,0,18,312,0,32,0
15-05 17:37:36,19.350,7.036,72.374,0,0,5357292,217512,169688,2261600,2100.847,1357.006,390.014,422.180,4.021,68.353,2984,2209,1.730,1.960,1.290,1,0,85.441,0,0,18,312,0,29,0
15-05 17:37:37,15.008,23.012,61.031,0.250,0,5343136,231464,169692,2261800,2465.247,1404.711,88.045,572.289,6.003,23.012,6509,14557,1.670,1.940,1.290,3,0,426.216,0,0,18,312,0,30,0
15-05 17:37:38,17.479,7.990,71.413,1.498,0,5368828,205756,169692,2261816,2235.268,1456.220,15.980,2045.500,1.998,25.968,3226,2613,1.670,1.940,1.290,2,0,123.849,0,0,18,312,0,30,0
15-05 17:37:39,22.421,2.740,73.491,0,0.249,5398784,175768,169692,2261848,2953.597,2525.106,3.986,0,0.996,0,2167,1741,1.670,1.940,1.290,3,0,16.940,0,0,18,313,0,30,0
15-05 17:37:40,20.635,2.516,75.745,0.503,0,5385880,183372,170016,2266728,8023.483,2816.423,128.843,781.109,5.033,9.059,1869,1464,1.670,1.940,1.290,3,0,1.007,0,0,18,312,0,30,0
15-05 17:37:41,23.762,3.502,71.786,0,0,5389712,178632,170044,2267580,2299.145,1458.726,0,1472.733,0,290.144,2332,1710,1.670,1.940,1.290,2,0,18.009,0,0,18,312,0,27,0
15-05 17:37:42,19.632,1.988,75.794,0.249,0,5396012,166780,170428,2272624,10886.439,4545.625,3.976,1558.614,0.994,46.719,2190,2134,1.530,1.910,1.280,2,0,1.988,0,0,18,312,0,27,0
15-05 17:37:43,24.120,6.281,67.083,0.251,0,5384056,178348,170448,2272976,3816.920,1465.263,0,393.953,0,16.080,9638,17951,1.530,1.910,1.280,1,0,13.065,0,0,18,312,0,27,0
15-05 17:37:44,19.790,2.756,76.655,0,0,5375004,186988,170504,2273332,9127.484,4540.194,0,561.136,0,14.028,2825,3419,1.530,1.910,1.280,2,0,5.010,0,0,18,313,0,27,0
15-05 17:37:45,22.448,6.984,68.342,0.249,0,5375956,185808,170548,2273496,2549.109,1524.477,0,319.262,0,6.984,9674,17201,1.530,1.910,1.280,2,0,14.965,0,0,18,313,0,15,0
15-05 17:37:46,23.248,5.500,69.995,0.250,0,5339992,231632,170696,2263524,2519.809,1631.876,0,1259.904,0,24.998,2616,2011,1.530,1.910,1.280,2,0,37.997,0,0,18,314,0,15,0
15-05 17:37:47,15.483,12.236,70.422,0.250,0,5367280,204324,170696,2263552,2415.308,1456.377,0,1198.664,0,147.835,4352,3905,1.410,1.880,1.280,1,0,233.739,0,0,18,314,0,15,0
15-05 17:37:48,24.336,2.235,72.016,0.248,0,5400676,170924,170696,2263556,2594.568,1501.909,0,123.172,0,10.927,1973,1445,1.410,1.880,1.280,2,0,0,0,0,18,314,0,15,0
15-05 17:37:49,21.294,2.756,74.906,0,0,5412924,158492,170696,2263740,8153.932,7198.949,0,120.250,0,14.029,2307,2083,1.410,1.880,1.280,2,0,6.012,0,0,18,315,0,14,0
15-05 17:37:50,17.856,7.796,71.926,0.251,0,5388628,182688,170696,2263840,7367.617,6064.905,16.095,575.406,1.006,44.262,3530,3159,1.410,1.880,1.280,1,0,116.691,0,0,18,314,0,17,0
15-05 17:37:51,22.913,3.985,72.725,0,0,5390156,181156,170696,2263844,2592.212,1546.162,0,3.985,0,0.996,1966,1530,1.410,1.880,1.280,2,0,0,0,0,18,314,0,17,0
15-05 17:37:52,19.692,2.742,75.778,0.249,0,5407760,163548,170696,2263848,9020.618,9810.308,0,227.335,0,22.933,2237,2135,1.380,1.860,1.270,1,0,0.997,0,0,18,315,0,17,0
15-05 17:37:53,20.813,5.767,71.717,0,0,5402904,168392,170696,2263860,5018.196,1793.431,0,0,0,0,2731,2109,1.380,1.860,1.270,1,0,70.213,0,0,18,314,0,16,0
15-05 17:37:54,22.635,2.985,73.627,0,0,5437888,133400,170696,2263868,4249.488,3412.724,0,47.758,0,3.980,2003,1505,1.380,1.860,1.270,1,0,1.990,0,0,18,315,0,16,0
15-05 17:37:55,19.990,2.249,75.961,0,0,5383808,187340,170696,2264008,14753.502,12609.592,0,223.886,0,14.992,2236,1884,1.380,1.860,1.270,2,0,0.999,0,0,18,314,0,17,0
15-05 17:37:56,20.536,6.592,72.256,0,0,5379500,191636,170696,2264020,2634.695,1478.593,0,89.243,0,11.155,2620,2058,1.380,1.860,1.270,3,0,55.777,0,0,18,316,0,17,0
15-05 17:37:57,19.804,3.218,75.256,0.248,0,5388304,182768,170696,2264084,8294.947,7113.632,15.843,126.746,0.990,14.853,2237,1986,1.350,1.850,1.270,3,0,0,0,0,18,317,0,16,0
15-05 17:37:58,21.202,4.989,72.585,0.499,0,5353784,217264,170696,2264108,7118.801,5969.416,11.973,2131.150,0.998,107.755,2751,2418,1.350,1.850,1.270,2,0,31.927,0,0,18,316,0,19,0
15-05 17:37:59,24.094,2.510,71.781,0,0,5394264,176784,170696,2264108,2367.268,1463.731,0,92.362,0,11.043,2007,1536,1.350,1.850,1.270,2,0,0,0,0,18,316,0,19,0
15-05 17:38:00,18.231,1.998,78.916,0.250,0,5394480,176560,170696,2264116,9938.453,9331.097,0,83.911,0,5.994,1879,1606,1.350,1.850,1.270,1,0,0,0,0,18,317,0,19,0
15-05 17:38:01,15.700,4.486,78.001,0.249,0,5323744,247120,170696,2264292,6269.983,4545.488,31.898,283.096,1.994,32.895,2714,2767,1.350,1.850,1.270,3,0,46.850,0,0,18,316,0,19,0
15-05 17:38:02,36.242,7.802,54.362,0,0,5402176,168684,170696,2264296,2615.431,1467.782,257.718,1840.265,2.013,329.194,3231,2278,1.320,1.830,1.270,4,0,6.040,0,0,18,316,0,19,0
15-05 17:38:03,38.418,7.235,53.885,0,0,5438416,132432,170700,2264304,8305.288,7234.571,510.910,179.617,3.991,8.981,3206,1948,1.320,1.830,1.270,3,0,5.987,0,0,18,317,0,19,0
15-05 17:38:04,30.188,7.485,61.374,0,0,5381044,189788,170700,2264320,7120.382,5970.742,255.476,411.156,1.996,28.941,3318,2843,1.320,1.830,1.270,2,0,32.932,0,0,18,316,0,22,0
15-05 17:38:05,23.744,3.789,71.233,0.253,0,5426896,143924,170700,2264332,2642.202,1473.166,0,210.164,0,23.239,2358,2003,1.320,1.830,1.270,4,0,0,0,0,18,316,0,19,0
15-05 17:38:06,16.673,2.240,80.378,0,0,5436464,134348,170700,2264340,9898.184,9606.534,0,103.521,0,6.968,1901,1683,1.320,1.830,1.270,0,0,0,0,0,18,317,0,19,0
15-05 17:38:07,13.973,9.232,74.109,0.250,0,5384504,186268,170700,2264388,6447.718,4375.665,15.970,1481.179,0.998,129.753,4370,4413,1.530,1.870,1.290,2,0,176.663,0,0,18,316,0,20,0
15-05 17:38:08,2.753,1.001,90.590,4.004,0,5377808,191712,171288,2265052,8066.971,4373.321,1125.112,260.257,251.248,15.015,1450,1899,1.530,1.870,1.290,0,0,3.003,0,0,18,318,0,20,0
15-05 17:38:09,6.031,8.544,84.436,0,0,5363280,206152,171320,2265108,18959.939,5253.135,0,494.555,0,36.187,3256,3148,1.530,1.870,1.290,1,0,125.649,0,0,18,318,0,21,0
15-05 17:38:10,4.707,11.147,81.748,0.248,0,5359872,209500,171320,2265168,6692.399,2488.098,0,931.427,0,59.453,3787,3410,1.530,1.870,1.290,4,0,179.349,0,0,18,316,0,22,0
15-05 17:38:11,19.582,4.268,72.303,3.515,0,5375516,191736,171476,2267132,2488.430,1464.137,1715.189,8.034,167.703,2.008,2481,2178,1.530,1.870,1.290,2,0,32.135,0,0,18,316,0,22,0
15-05 17:38:12,20.732,3.747,71.187,2.997,0,5370296,181696,171920,2281948,2669.634,1510.661,6358.366,1158.973,433.616,37.966,2796,3035,1.490,1.860,1.280,2,0,1.998,0,0,18,316,0,22,0
15-05 17:38:13,19.971,2.496,75.640,0.499,0,5383308,166072,172080,2284316,8367.793,3807.446,7.988,675.015,1.997,11.983,2067,1759,1.490,1.860,1.280,1,0,15.977,0,0,18,316,0,22,0
15-05 17:38:14,19.978,2.247,76.914,0,0,5381684,164308,172120,2287628,8129.859,3835.687,0,603.322,0,23.973,2093,1804,1.490,1.860,1.280,2,0,1.998,0,0,18,316,0,22,0
15-05 17:38:15,11.348,8.322,71.369,7.313,0,5359824,183140,172132,2290596,2807.335,1470.749,1178.213,3215.876,18.157,103.901,3967,3821,1.490,1.860,1.280,1,0,131.137,0,0,18,316,0,22,0
15-05 17:38:16,16.842,11.146,70.837,0,0,5374296,168652,172132,2290612,2486.711,1444.472,0,75.295,0,5.944,3579,2824,1.490,1.860,1.280,2,0,171.395,0,0,18,316,0,22,0
15-05 17:38:17,25.995,2.250,71.486,0.250,0,5413580,129360,172132,2290620,2629.500,1457.723,0,3499.334,0,349.933,2176,1564,1.530,1.860,1.290,2,0,0,0,0,18,316,0,19,0
15-05 17:38:18,18.831,1.507,78.087,0,0,5412284,130644,172132,2290632,26024.387,24247.715,0,0,0,0,1958,1608,1.530,1.860,1.290,2,0,0,0,0,18,316,0,21,0
15-05 17:38:19,21.517,6.505,70.307,0.250,0,5417236,125672,172132,2290652,2479.996,1459.174,0,284.229,0,22.018,2753,2316,1.530,1.860,1.290,2,0,47.038,0,0,18,316,0,21,0
15-05 17:38:20,20.750,2.750,74.751,0.250,0,5424076,142924,172132,2267104,8820.117,7184.095,0,176.002,0,27.000,2379,2357,1.530,1.860,1.290,1,0,0,0,0,18,317,0,21,0
15-05 17:38:21,21.359,3.477,73.513,0,0,5366112,200640,172132,2267352,5782.729,4769.435,238.422,115.237,14.901,7.947,2558,2069,1.530,1.860,1.290,3,0,13.908,0,0,18,316,0,23,0
15-05 17:38:22,23.334,3.764,72.009,0.502,0,5411292,155452,172132,2267360,4714.946,1463.259,0,417.501,0,25.090,2240,2037,1.490,1.840,1.290,2,0,1.004,0,0,18,316,0,23,0
15-05 17:38:23,19.485,2.498,76.690,0,0,5418240,148500,172132,2267364,8076.654,7244.308,0,7.994,0,0.999,1900,1535,1.490,1.840,1.290,2,0,0,0,0,18,317,0,23,0
15-05 17:38:24,23.946,3.991,68.345,1.247,0,5405804,158896,172132,2269404,4527.745,3593.860,1819.878,2777.708,65.851,261.408,5556,7901,1.490,1.840,1.290,2,0,0.998,0,0,18,318,0,24,0
15-05 17:38:25,24.575,5.517,68.459,0.251,0,5390020,174660,172132,2269424,2562.819,1462.462,0,465.420,0,26.080,2635,2357,1.490,1.840,1.290,1,0,8.024,0,0,18,318,0,24,0
15-05 17:38:26,21.897,3.020,74.248,0,0,5403296,161368,172132,2269440,8312.722,7365.372,0,233.566,0,14.094,2366,2031,1.490,1.840,1.290,3,0,2.013,0,0,18,319,0,25,0
15-05 17:38:27,21.054,4.459,73.567,0.991,0,5398088,166476,172132,2269540,6524.410,5299.783,63.411,816.418,2.972,105.025,4408,5785,1.450,1.830,1.280,3,0,0.991,0,0,18,319,0,25,0
15-05 17:38:28,17.083,12.561,67.828,0.251,0,5369220,195288,172136,2269592,5373.989,2739.247,16.078,462.235,1.005,60.292,5053,5174,1.450,1.830,1.280,5,0,247.195,0,0,18,318,0,26,0
15-05 17:38:29,8.293,22.870,67.352,0,0.251,5352652,211812,172140,2269616,2551.341,1465.664,0,446.334,0,32.168,6344,5388,1.450,1.830,1.280,1,0,498.607,0,0,18,318,0,26,0
15-05 17:38:30,9.669,22.312,66.440,0.496,0,5357208,207232,172140,2269640,4259.121,1445.820,0,3411.264,0,212.212,6666,6068,1.450,1.830,1.280,3,0,478.965,0,0,18,318,0,26,0
15-05 17:38:31,8.804,21.634,67.165,0,0,5350804,213600,172140,2269676,4123.509,1467.076,0,209.295,0,20.124,6117,4999,1.450,1.830,1.280,2,0,466.888,0,0,18,318,0,26,0
15-05 17:38:32,10.012,22.027,66.832,0.250,0,5349512,214864,172140,2269704,2721.334,1459.788,0,452.554,0,39.048,6424,5585,1.410,1.820,1.280,1,0,490.601,0,0,18,318,0,26,0
15-05 17:38:33,9.007,22.266,67.800,0.250,0,5334304,230044,172140,2269732,4115.046,1513.120,0,2041.511,0,328.243,6473,5250,1.410,1.820,1.280,1,0,509.377,0,0,18,318,0,26,0
15-05 17:38:34,9.241,21.729,67.184,0.250,0,5331520,232788,172140,2269772,2415.627,1456.569,0,271.733,0,28.972,6486,5693,1.410,1.820,1.280,2,0,491.517,0,0,18,318,0,24,0
15-05 17:38:35,9.254,22.761,66.531,0.250,0,5339924,224360,172140,2269796,2616.218,1500.699,0,3429.597,0,177.082,6643,6016,1.410,1.820,1.280,2,0,467.218,0,0,18,318,0,24,0
15-05 17:38:36,14.195,13.199,70.228,0.249,0,5353440,243340,172152,2238516,2408.677,1452.378,7.969,314.782,1.992,20.919,4409,3647,1.410,1.820,1.280,2,0,224.132,0,0,18,318,0,24,0
15-05 17:38:37,27.240,10.246,60.727,0,0,5356272,299044,172172,2188948,2657.005,1457.454,0,4650.259,0,178.933,3284,13510,1.380,1.800,1.280,1,0,39.985,0,0,18,318,0,25,0
15-05 17:38:38,25.242,1.999,71.976,0.500,0,5355792,296364,172172,2192136,2657.115,1457.514,15.995,1515.495,1.000,37.987,2379,2266,1.380,1.800,1.280,1,0,1.000,0,0,18,318,0,24,0
15-05 17:38:39,16.501,2.250,77.754,2.000,0,5358792,292840,172172,2192660,14973.776,6755.350,136.007,820.042,18.001,17.001,2020,1754,1.380,1.800,1.280,0,0,15.001,0,0,18,319,0,24,0
15-05 17:38:40,13.515,1.001,81.839,3.003,0,5361888,289060,172172,2193344,12354.484,7129.782,624.682,796.870,30.033,24.026,1550,1450,1.380,1.800,1.280,1,0,0,0,0,18,319,0,24,0
15-05 17:38:41,12.616,1.484,82.377,1.732,0.247,5364732,285532,172172,2194028,16792.051,11442.739,308.728,1171.584,35.623,36.612,1711,1616,1.380,1.800,1.280,1,0,0,0,0,18,319,0,24,0
15-05 17:38:42,17.735,1.773,77.526,2.027,0,5383288,265876,172172,2195128,14593.038,8830.815,920.172,5581.837,44.590,89.180,2184,2109,1.270,1.770,1.270,0,1,1.013,0,0,18,319,0,24,0
15-05 17:38:43,16.978,1.498,78.646,1.997,0,5383712,264616,172172,2195964,16700.869,10729.782,715.052,6151.848,39.947,61.918,1904,1765,1.270,1.770,1.270,1,0,0,0,0,18,319,0,24,0
15-05 17:38:44,19.281,0.989,77.619,0.989,0,5391224,256048,172180,2197012,18285.552,10864.740,624.910,1237.955,28.675,48.450,2037,1825,1.270,1.770,1.270,2,0,0,0,0,18,319,0,24,0
15-05 17:38:45,16.536,2.756,72.908,6.765,0,5391652,226564,172180,2226068,5371.652,3007.524,11745.478,769.670,124.270,36.078,2019,1825,1.270,1.770,1.270,2,0,1.002,0,0,18,319,0,24,0
15-05 17:38:46,23.672,2.518,72.274,0.504,0,5393000,214720,172180,2236544,2616.970,1468.646,0,1128.178,0,48.350,2265,1964,1.270,1.770,1.270,1,0,0,0,0,18,319,0,24,0
15-05 17:38:47,23.675,2.243,72.021,0.249,0,5403460,190540,172360,2250056,2470.137,1453.373,0,1343.722,0,30.902,2205,1910,1.250,1.760,1.270,1,0,0,0,0,18,319,0,24,0
15-05 17:38:48,25.089,2.509,71.754,0.753,0,5400888,187276,172432,2255640,2547.031,1463.188,0,7129.278,0,80.285,2508,2473,1.250,1.760,1.270,1,0,0,0,0,18,319,0,24,0
15-05 17:38:49,23.230,3.497,69.939,0.999,0,5413880,155272,172848,2274064,2775.594,1456.737,0,3221.208,0,289.749,2891,2820,1.250,1.760,1.270,1,0,5.995,0,0,18,319,0,24,0
15-05 17:38:50,24.662,2.989,69.501,0.996,0,5404800,151252,173204,2286488,2785.034,1452.801,0,2200.127,0,101.636,2852,2933,1.250,1.760,1.270,2,0,0.996,0,0,18,319,0,21,0
15-05 17:38:51,23.839,2.258,72.520,1.004,0,5404516,132124,173772,2305116,2671.962,1557.808,0,1927.185,0,63.236,2404,2153,1.250,1.760,1.270,1,0,0,0,0,18,319,0,21,0
15-05 17:38:52,23.608,3.516,71.576,0.251,0,5328496,220364,174068,2292456,2832.908,1639.470,0,1434.536,0,58.265,2494,2377,1.230,1.750,1.270,1,0,3.014,0,0,18,318,0,21,0
15-05 17:38:53,22.218,4.244,72.145,0,0,5372044,176796,174068,2292472,2654.140,1455.883,0,103.849,0,1.997,2240,1732,1.230,1.750,1.270,2,0,32.952,0,0,18,318,0,21,0
15-05 17:38:54,19.451,2.743,76.059,0.249,0,5356352,187408,174068,2297552,8478.658,3798.439,0,1763.561,0,29.925,2112,1822,1.230,1.750,1.270,1,0,2.992,0,0,18,318,0,20,0
15-05 17:38:55,23.454,3.456,71.842,0,0,5370804,172288,174068,2298220,3299.295,1926.646,15.800,363.406,0.988,11.850,2508,2045,1.230,1.750,1.270,2,0,17.775,0,0,18,319,0,20,0
15-05 17:38:56,18.891,2.771,76.066,0.504,0,5370928,167008,174068,2303260,9033.231,4177.089,0,1241.238,0,31.232,1999,1675,1.230,1.750,1.270,4,0,6.045,0,0,18,318,0,20,0
15-05 17:38:57,25.378,6.030,66.586,0,0,5373412,163984,174068,2303800,4480.602,1465.392,0,430.170,0,13.066,9742,17813,1.210,1.730,1.270,1,0,9.046,0,0,18,318,0,20,0
15-05 17:38:58,22.597,7.698,67.791,0,0,5377348,159952,174088,2303876,2520.927,1448.192,0,83.435,0,0.993,10031,18517,1.210,1.730,1.270,3,0,15.892,0,0,18,318,0,16,0
15-05 17:38:59,21.151,5.036,72.266,0.755,0,5347776,200668,174096,2292712,2385.024,1468.482,0,2405.168,0,35.252,2169,1788,1.210,1.730,1.270,1,0,4.029,0,0,18,318,0,16,0
15-05 17:39:00,22.340,4.016,72.041,0,0,5327008,221568,174096,2292644,2505.115,1463.911,0,823.324,0,146.592,2933,2501,1.210,1.730,1.270,2,0,50.203,0,0,18,318,0,16,0
15-05 17:39:01,24.432,5.485,67.812,0,0,5341576,206988,174096,2292656,2530.990,1453.973,0,0,0,0,10465,18931,1.210,1.730,1.270,4,0,22.936,0,0,18,318,0,16,0
15-05 17:39:02,32.451,6.490,59.910,0,0,5420052,127632,174100,2293532,8205.607,3562.619,255.614,467.294,1.997,16.974,2908,2267,1.190,1.720,1.270,2,0,22.965,0,0,18,319,0,15,0
15-05 17:39:03,43.092,7.722,48.572,0,0.249,5403636,139176,174100,2298404,2630.345,1626.031,510.128,653.601,3.985,6.974,3208,1882,1.190,1.720,1.270,2,0,7.971,0,0,18,318,0,15,0
15-05 17:39:04,28.785,5.507,64.829,0.250,0,5418484,124316,174100,2298416,9361.362,4536.506,256.311,728.885,2.002,31.038,2862,2298,1.190,1.720,1.270,1,0,18.022,0,0,18,319,0,15,0
15-05 17:39:05,24.811,5.513,66.663,0.501,0,5399092,138356,174100,2303664,4708.497,1635.995,0,1351.299,0,52.127,10127,18425,1.190,1.720,1.270,1,0,11.027,0,0,18,318,0,15,0
15-05 17:39:06,23.972,6.243,68.171,0,0,5399048,138104,174100,2303944,4153.215,1456.322,0,83.903,0,0.999,9359,17032,1.190,1.720,1.270,2,0,8.990,0,0,18,318,0,15,0
15-05 17:39:07,20.660,6.472,72.184,0,0,5398872,138108,174100,2304112,4392.793,1505.418,0,513.754,0,7.965,2284,1738,1.180,1.710,1.270,2,0,13.939,0,0,18,318,0,12,0
15-05 17:39:08,22.922,4.786,71.536,0.252,0,5359060,189396,174120,2292684,2482.598,1414.597,0,16664.845,0,389.921,2465,2010,1.180,1.710,1.270,2,0,6.045,0,0,18,318,0,12,0
15-05 17:39:09,22.719,4.494,71.401,0,0,5351396,197060,174120,2292684,2534.491,1455.984,0,219.696,0,10.985,2624,2026,1.180,1.710,1.270,2,0,59.917,0,0,18,318,0,12,0
15-05 17:39:10,21.828,6.021,71.003,0,0,5371772,169756,174580,2299288,2744.791,1463.220,0,156.558,0,7.025,2785,2358,1.180,1.710,1.270,1,0,53.190,0,0,18,318,0,12,0
15-05 17:39:11,23.729,2.225,72.174,0,0,5376600,161216,174780,2302800,2568.618,1441.511,0,941.233,0,190.817,2171,1760,1.180,1.710,1.270,2,0,0,0,0,18,318,0,9,0
15-05 17:39:12,21.052,2.757,75.186,0.251,0,5376036,160848,174848,2303584,8400.785,3846.517,0,1182.927,0,34.084,2344,2218,1.160,1.700,1.260,2,0,17.042,0,0,18,318,0,9,0
15-05 17:39:13,16.251,1.500,81.507,0.250,0,5397760,138768,174848,2303940,18780.553,10433.863,0,2852.236,0,43.004,1767,1618,1.160,1.700,1.260,2,0,0,0,0,18,319,0,9,0
15-05 17:39:14,9.761,1.251,87.101,0.501,0,5395468,140648,174860,2304324,47927.576,13079.166,0,1485.723,0,52.060,1665,1754,1.160,1.700,1.260,2,0,0,0,0,18,320,0,9,0
15-05 17:39:15,4.767,0.753,91.820,0.502,0,5393488,142488,174900,2304424,83055.296,7477.044,0,537.874,0,25.087,1287,1493,1.160,1.700,1.260,0,0,0,0,0,18,320,0,9,0
15-05 17:39:16,13.037,1.755,83.985,0.501,0,5407496,128216,174948,2304640,55911.633,10380.079,0,1267.551,0,45.126,1647,1594,1.160,1.700,1.260,3,0,0,0,0,18,320,0,9,0
15-05 17:39:17,18.443,1.246,78.755,0.748,0,5407800,127704,174948,2304848,16731.014,10701.748,0,1144.444,0,35.888,1718,1488,1.150,1.680,1.260,1,0,0,0,0,18,320,0,9,0
15-05 17:39:18,13.991,2.249,81.700,0.250,0,5413840,121448,174948,2305040,17554.312,7246.588,0,30701.308,0,186.886,1963,1788,1.150,1.680,1.260,0,0,0,0,0,18,320,0,9,0
15-05 17:39:19,7.255,1.751,89.315,0.250,0,5412592,122316,175004,2305364,298842.226,13212.604,0,1553.129,0,36.026,1954,2084,1.150,1.680,1.260,0,0,0,0,0,18,320,0,7,0
15-05 17:39:20,4.000,1.000,91.511,1.250,0,5411616,123012,175140,2305500,45268.347,10411.230,4.000,1604.189,1.000,74.009,1600,2121,1.150,1.680,1.260,1,0,0,0,0,18,320,0,7,0
15-05 17:39:21,6.252,1.751,90.285,1.000,0,5410552,123712,175280,2305700,80406.731,13156.028,24.009,2372.907,3.001,204.078,1648,1863,1.150,1.680,1.260,2,0,0,0,0,18,320,0,7,0
15-05 17:39:22,16.017,1.251,80.083,1.001,0,5408608,116712,175292,2314584,30287.517,12937.463,104.108,1505.567,6.006,65.068,2109,2136,1.140,1.670,1.260,0,0,2.002,0,0,18,320,0,7,0
15-05 17:39:23,3.488,2.990,89.949,0,0,5387848,148584,175308,2304312,2209279.221,61145.227,0,12876.876,0,47.840,4800,3966,1.140,1.670,1.260,3,0,0.997,0,0,18,320,0,5,0
15-05 17:39:24,3.491,2.494,90.019,0.249,0,5381656,148420,175308,2310648,3426321.040,75115.123,0,44154.622,0,189.513,6376,5629,1.140,1.670,1.260,1,0,0,0,0,18,320,0,5,0
15-05 17:39:25,1.252,0.751,96.923,0,0,5381896,148180,175308,2310648,5773.301,1632.913,0,0,0,0,823,1204,1.140,1.670,1.260,0,0,0,0,0,18,320,0,5,0
15-05 17:39:26,1.257,0.503,97.275,0,0,5382148,147928,175308,2310648,7345.640,1638.844,0,8.043,0,2.011,870,1230,1.140,1.670,1.260,0,0,0,0,0,18,320,0,5,0
15-05 17:39:27,2.234,1.241,95.309,0,0,5382148,147928,175308,2310648,5704.655,1602.387,0,0,0,0,1073,1478,1.050,1.650,1.250,1,0,0.993,0,0,18,320,0,2,0
15-05 17:39:28,4.235,1.744,93.413,0.249,0,5391780,138276,175308,2310668,4244.686,1638.090,0,39.856,0,2.989,1370,1872,1.050,1.650,1.250,1,0,2.989,0,0,18,320,0,2,0
15-05 17:39:29,3.019,1.258,94.087,0,0.252,5391484,138560,175308,2310680,5661.313,1624.131,0,60.377,0,6.038,1453,1890,1.050,1.650,1.250,0,0,1.006,0,0,18,320,0,4,0
15-05 17:39:30,2.989,0.747,93.911,0.249,0,5391460,138576,175308,2310688,5802.041,1650.040,0,139.496,0,17.935,1263,1826,1.050,1.650,1.250,1,0,0.996,0,0,18,320,0,4,0
15-05 17:39:31,3.518,2.010,91.459,0.503,0,5380292,145436,175364,2314924,2209855.757,51538.497,0,4993.043,0,27.136,4927,4390,1.050,1.650,1.250,0,0,2.010,0,0,18,320,0,3,0
15-05 17:39:32,4.236,1.994,90.960,0.249,0,5380244,137112,175364,2323260,4348220.701,85010.670,0,1311.813,0,193.383,7470,5204,0.960,1.620,1.250,1,0,0.997,0,0,18,320,0,3,0
15-05 17:39:33,2.762,1.758,91.406,0,0,5370292,141036,175376,2329260,4804327.460,115978.734,0,10145.025,0,18.080,6591,4657,0.960,1.620,1.250,3,0,0,0,0,18,320,0,3,0
15-05 17:39:34,3.480,1.740,93.227,0.249,0,5373532,144612,175376,2323348,1463877.133,32465.789,0,218.772,0,17.900,2813,3343,0.960,1.620,1.250,2,0,0.994,0,0,18,320,0,3,0
15-05 17:39:35,2.246,0.749,94.817,0.250,0,5373532,144612,175376,2323348,5632.128,1656.802,0,267.484,0,25.950,1232,1833,0.960,1.620,1.250,1,0,0,0,0,18,320,0,3,0
15-05 17:39:36,1.500,1.000,96.027,0.250,0,5370828,147316,175376,2323348,4173.153,1636.452,0,2016.557,0,124.034,1282,1934,0.960,1.620,1.250,1,0,0,0,0,18,320,0,3,0
15-05 17:39:37,2.519,2.771,93.202,0,0,5389324,128816,175376,2323996,5608.266,1602.074,0,12.091,0,1.008,1241,3613,0.880,1.590,1.240,3,0,34.258,0,0,18,320,0,3,0
15-05 17:39:38,5.973,2.738,90.089,0,0,5395532,140528,175376,2306200,5765.727,1517.087,0,43.800,0,4.977,1710,4666,0.880,1.590,1.240,1,0,1.991,0,0,18,320,0,4,0
15-05 17:39:39,1.756,0.502,94.829,1.505,0,5392992,143172,175376,2306200,5525.143,1595.528,0,4973.231,0,310.074,1162,1526,0.880,1.590,1.240,0,0,0,0,0,18,320,0,3,0
15-05 17:39:40,4.235,1.495,92.926,0.498,0,5390000,139892,175436,2312396,260632.223,10138.687,163.431,2276.072,3.986,30.892,1394,1715,0.880,1.590,1.240,1,0,0,0,0,18,320,0,3,0
15-05 17:39:41,20.001,1.500,75.504,1.000,0,5391272,132864,175700,2317872,394164.258,11295.609,0,1880.101,0,66.004,2388,2121,0.880,1.590,1.240,2,0,1.000,0,0,18,320,0,3,0
15-05 17:39:42,23.320,3.761,71.465,1.003,0,5386464,122584,178808,2329600,2365.115,1462.399,4.012,4938.857,1.003,222.670,2727,2549,0.890,1.580,1.240,1,0,1.003,0,0,18,320,0,3,0
15-05 17:39:43,23.480,2.997,71.688,0.500,0,5389184,127372,179204,2321528,2296.023,1456.745,0,1466.737,0,40.965,2325,2012,0.890,1.580,1.240,2,0,0,0,0,18,320,0,3,0
15-05 17:39:44,25.040,3.005,70.613,0.250,0,5392156,117136,179408,2327772,2371.793,1460.336,0,12347.748,0,89.143,2464,2119,0.890,1.580,1.240,1,0,0,0,0,18,320,0,3,0
15-05 17:39:45,22.995,3.499,70.984,1.000,0,5406084,142148,180100,2288556,2674.393,1457.669,0,1991.548,0,83.981,2479,2258,0.890,1.580,1.240,1,0,0,0,0,18,320,0,3,0
15-05 17:39:46,23.102,3.515,72.318,0.502,0,5398912,126088,180704,2310732,2549.205,1464.437,0,1719.558,0,52.230,2233,1871,0.890,1.580,1.240,1,0,0,0,0,18,320,0,3,0
15-05 17:39:47,23.656,2.490,71.715,0.498,0,5397640,128356,181248,2308892,2527.956,1452.230,0,1402.428,0,54.782,2349,2114,0.900,1.570,1.240,2,0,0,0,0,18,320,0,3,0
15-05 17:39:48,24.333,2.483,71.756,0.248,0,5406712,122644,182508,2303928,2800.728,1608.929,0,468.774,0,17.877,2171,1729,0.900,1.570,1.240,3,0,0,0,0,18,320,0,3,0
15-05 17:39:49,25.661,2.516,69.687,0.252,0,5401748,120788,182728,2310004,2668.747,1533.624,0,2592.267,0,25.158,2593,2305,0.900,1.570,1.240,2,0,6.038,0,0,18,320,0,3,0
15-05 17:39:50,23.502,4.000,70.757,1.000,0,5400268,121556,183596,2309236,2675.273,1458.149,0,2400.245,0,97.010,2632,2547,0.900,1.570,1.240,3,0,0,0,0,18,320,0,3,0
15-05 17:39:51,22.899,3.734,71.685,0.498,0.249,5374380,202880,184056,2253000,4705.340,1891.694,7.965,1461.583,1.991,48.786,2385,2018,0.900,1.570,1.240,2,0,0.996,0,0,18,318,0,3,0
15-05 17:39:52,23.340,3.765,71.527,0.502,0,5424000,153244,184056,2253016,2742.622,1517.879,0,522.022,0,14.054,2397,2080,0.910,1.560,1.240,2,0,31.121,0,0,18,318,0,3,0
15-05 17:39:53,19.555,2.507,77.718,0,0,5421224,151092,184056,2257920,8343.351,3884.873,0,1680.704,0,121.340,1922,1602,0.910,1.560,1.240,1,0,5.014,0,0,18,318,0,3,0
15-05 17:39:54,23.340,3.724,72.006,0.248,0,5415436,156040,184056,2258744,2873.294,1742.052,0,607.831,0,21.850,2466,2056,0.910,1.560,1.240,1,0,19.864,0,0,18,318,1,3,0
15-05 17:39:55,19.017,2.502,76.817,0,0,5411932,153756,184056,2263784,9630.459,4520.971,0,1004.883,0,19.017,1911,1589,0.910,1.560,1.240,2,0,2.002,0,0,18,318,0,3,0
15-05 17:39:56,22.461,7.487,68.132,0,0,5408368,156912,184056,2264128,2773.180,1455.470,0,3.993,0,0.998,9367,17072,0.910,1.560,1.240,2,0,11.979,0,0,18,318,0,3,0
15-05 17:39:57,23.149,5.974,67.955,0,0,5399956,164952,184056,2264412,2825.718,1451.690,0,83.636,0,0.996,8894,16620,0.920,1.550,1.230,3,0,10.952,0,0,18,318,0,3,0
15-05 17:39:58,20.832,6.275,72.536,0,0,5399820,164952,184080,2264488,2788.998,1463.772,0,84.333,0,1.004,2042,1483,0.920,1.550,1.230,2,0,9.036,0,0,18,318,0,3,0
15-05 17:39:59,22.432,4.537,71.833,0.252,0,5360008,216748,184088,2253232,4252.534,1469.937,0,2911.645,0,19.156,2182,1744,0.920,1.550,1.230,2,0,1.008,0,0,18,318,0,3,0
15-05 17:40:00,22.864,3.976,71.575,0.497,0,5379796,195076,184324,2254912,2838.166,1449.403,246.538,986.151,3.976,7.953,2195,1745,0.920,1.550,1.230,2,0,4.971,0,0,18,318,0,3,0
15-05 17:40:01,21.774,3.754,71.077,1.752,0,5387532,185824,184416,2256320,2480.695,1459.586,400.435,1305.418,12.013,54.059,3653,4411,0.920,1.550,1.230,2,0,0,0,0,18,319,0,3,0
15-05 17:40:02,37.424,8.037,51.741,1.256,0,5394604,177548,184420,2257500,2489.579,1464.813,980.560,3869.999,46.215,353.645,7124,10337,0.920,1.540,1.230,4,0,7.033,0,0,18,321,0,7,0
15-05 17:40:03,33.025,19.014,45.784,0.250,0.250,5392300,179604,184420,2257748,2419.817,1459.096,656.493,1208.908,6.005,111.083,6162,5711,0.920,1.540,1.230,3,0,308.231,0,0,18,320,0,7,0
15-05 17:40:04,21.209,13.225,58.138,6.238,0,5392624,178372,184420,2258656,3910.478,1455.201,1125.834,40254.565,11.977,713.627,4488,3734,0.920,1.540,1.230,0,1,137.735,0,0,18,320,0,9,0
15-05 17:40:05,8.512,3.004,69.349,18.526,0,5363208,199580,184420,2266852,2678.820,1460.082,8211.711,12493.817,1075.534,195.278,3369,4852,0.920,1.540,1.230,1,1,10.014,0,0,18,320,0,9,0
15-05 17:40:06,4.738,2.244,80.298,9.975,0,5353524,205076,184420,2271040,2962.562,2466.807,4173.522,482.788,766.077,3.990,2160,3044,0.920,1.540,1.230,0,0,5.985,0,0,18,321,0,9,0
15-05 17:40:07,1.992,1.245,96.383,0,0,5342140,216460,184420,2271040,21525.070,3288.483,0,15.939,0,3.985,1017,1369,0.850,1.520,1.230,1,0,0,0,0,18,321,0,9,0
15-05 17:40:08,2.760,1.255,93.840,0.251,0,5333852,224244,184560,2271400,151098.871,6997.372,92.335,818.970,1.004,20.073,1345,1557,0.850,1.520,1.230,2,0,2.007,0,0,18,321,0,9,0
15-05 17:40:09,7.244,2.498,88.671,0.999,0,5302140,254468,184772,2272712,102737.903,131143.715,35.968,999.114,1.998,13.988,2004,2192,0.850,1.520,1.230,1,0,9.991,0,0,18,320,0,9,0
15-05 17:40:10,0.995,3.483,93.537,0.249,0.249,5297236,259356,184772,2272728,2721.531,1450.820,0,129395.591,0,1144.336,2503,2705,0.850,1.520,1.230,1,0,0,0,0,18,320,0,9,0
15-05 17:40:11,1.000,0.500,97.264,0,0,5290196,266396,184772,2272728,2492.363,1512.220,0,8.001,0,1.000,862,1260,0.850,1.520,1.230,1,0,0,0,0,18,320,0,9,0
15-05 17:40:12,2.267,0.756,95.707,0.252,0,5285520,271060,184772,2272740,2738.215,1468.844,0,370.737,0,35.260,1299,1952,0.780,1.490,1.220,1,0,1.007,0,0,18,320,0,9,0
15-05 17:40:13,2.235,0.994,95.129,0.497,0,5281108,275464,184772,2272748,2521.535,1448.541,0,794.810,0,69.546,1239,1970,0.780,1.490,1.220,1,0,0,0,0,18,320,0,9,0
15-05 17:40:14,1.999,1.000,95.725,0,0,5278748,277820,184772,2272752,2477.347,1457.616,0,435.885,0,29.992,1125,1614,0.780,1.490,1.220,1,0,0,0,0,18,320,0,9,0
15-05 17:40:15,2.253,1.752,91.875,3.505,0,5253732,302836,184776,2272752,2918.958,1459.980,64.087,2491.379,8.011,121.164,1414,1960,0.780,1.490,1.220,2,0,2.003,0,0,18,320,0,9,0
15-05 17:40:16,0.753,3.264,93.654,0.502,0,5258584,297912,184776,2272820,2669.527,1464.323,0,0,0,0,953,1236,0.780,1.490,1.220,0,0,0,0,0,18,320,0,9,0
15-05 17:40:17,1.000,0.500,96.980,0,0,5258584,297912,184776,2272820,2657.443,1457.694,0,7.998,0,1.000,828,1255,0.720,1.470,1.210,0,0,0,0,0,18,320,0,9,0
15-05 17:40:18,0.992,0.744,96.981,0,0,5258584,297912,184776,2272820,2577.554,1446.525,0,0,0,0,838,1232,0.720,1.470,1.210,1,0,0,0,0,18,320,0,9,0
15-05 17:40:19,2.015,0.756,95.465,0.252,0,5258832,297660,184776,2272824,2557.162,1469.008,0,1261.453,0,243.827,1231,1773,0.720,1.470,1.210,0,0,0,0,0,18,320,0,9,0
15-05 17:40:20,2.488,1.244,95.288,0.249,0,5258832,297660,184776,2272824,2662.104,1450.971,0,437.879,0,43.788,1401,2144,0.720,1.470,1.210,2,0,0,0,0,18,320,0,9,0
15-05 17:40:21,1.000,0.250,96.715,0,0,5258832,297660,184776,2272824,2477.104,1457.473,0,0,0,0,893,1326,0.720,1.470,1.210,1,0,0,0,0,18,320,0,9,0
15-05 17:40:22,1.743,0.747,95.614,0.249,0,5259076,297412,184776,2272828,2527.788,1452.134,0,99.598,0,11.952,1158,1747,0.660,1.440,1.210,1,0,0.996,0,0,18,320,0,9,0
15-05 17:40:23,1.514,0.505,96.653,0.252,0,5259068,297412,184776,2272836,2380.229,1471.745,0,213.999,0,21.198,1086,1713,0.660,1.440,1.210,3,0,0,0,0,18,320,0,9,0
15-05 17:40:24,1.250,1.000,96.487,0,0,5259068,297412,184776,2272836,3917.468,1457.802,0,135.982,0,10.999,1045,1438,0.660,1.440,1.210,0,0,0,0,0,18,320,0,9,0
15-05 17:40:25,2.001,0.750,96.297,0.250,0,5259068,297412,184776,2272836,2736.340,1458.714,0,384.188,0,29.014,944,1353,0.660,1.440,1.210,0,0,0,0,0,18,320,0,9,0
15-05 17:40:26,1.492,0.746,97.246,0,0,5259068,297412,184776,2272836,2913.899,1557.926,0,3.979,0,0.995,885,1274,0.660,1.440,1.210,1,0,0,0,0,18,320,0,9,0
15-05 17:40:27,3.003,2.002,93.342,0,0,5263596,292872,184776,2272848,2466.425,1405.382,0,0,0,0,1420,1956,0.610,1.420,1.200,1,0,3.003,0,0,18,320,0,9,0
15-05 17:40:28,3.264,1.004,94.415,0,0,5263668,292780,184776,2272868,2488.932,1464.432,0,0,0,0,1288,1660,0.610,1.420,1.200,0,0,2.009,0,0,18,320,0,9,0
15-05 17:40:29,3.732,0.746,94.287,0,0,5263916,292528,184776,2272872,2346.477,1492.670,0,191.062,0,18.907,1425,1959,0.610,1.420,1.200,1,0,0.995,0,0,18,320,0,9,0
15-05 17:40:30,8.313,1.511,88.420,0.504,0,5263908,292528,184776,2272880,2784.093,1577.955,0,411.115,0,59.450,2398,3373,0.610,1.420,1.200,0,0,0,0,0,18,320,0,9,0
15-05 17:40:31,1.238,0.495,96.052,0.248,0,5263880,292528,184776,2272908,3927.254,1443.756,0,570.373,0,36.639,1104,1681,0.610,1.420,1.200,1,0,0,0,0,18,320,0,9,0
15-05 17:40:32,1.753,0.751,95.906,0,0,5263876,292528,184776,2272912,2542.146,1502.450,0,116.189,0,15.025,1132,1660,0.560,1.390,1.190,1,0,1.002,0,0,18,320,0,9,0
15-05 17:40:33,1.005,0.754,96.526,0,0,5263844,292528,184776,2272944,2250.262,1465.988,32.175,197.074,1.005,19.104,1105,1680,0.560,1.390,1.190,0,0,0,0,0,18,320,0,7,0
15-05 17:40:34,1.500,1.000,95.772,0.500,0,5263844,292528,184776,2272944,4098.954,1458.339,0,176.041,0,20.005,1151,1695,0.560,1.390,1.190,0,0,0,0,0,18,320,0,7,0
15-05 17:40:35,1.991,1.245,95.585,0.498,0,5256076,300292,184776,2272948,2842.666,1451.701,0,1660.794,0,262.860,1294,1792,0.560,1.390,1.190,2,0,0,0,0,18,320,0,7,0
15-05 17:40:36,1.004,0.251,96.673,0,0,5256072,300292,184776,2272952,2549.151,1464.406,0,12.053,0,3.013,926,1343,0.560,1.390,1.190,1,0,0,0,0,18,320,0,7,0
15-05 17:40:37,1.000,0.750,97.211,0,0,5256072,300292,184776,2272952,2805.863,1511.388,0,0,0,0,861,1259,0.510,1.370,1.180,0,0,0,0,0,18,320,0,7,0
15-05 17:40:38,7.997,3.999,86.471,0.250,0,5255160,301204,184776,2272952,2357.211,1457.512,0,251.916,0,22.992,2236,10933,0.510,1.370,1.180,0,0,35.988,0,0,18,320,0,8,0
15-05 17:40:39,1.751,0.500,96.532,0,0,5255160,301204,184776,2272952,2080.686,1080.356,0,0,0,0,1066,1386,0.510,1.370,1.180,0,0,0,0,0,18,320,0,8,0
15-05 17:40:40,0.999,0.499,96.896,0,0,5255412,300952,184776,2272952,736.208,0,0,75.918,0,6.992,848,1321,0.510,1.370,1.180,0,0,0,0,0,18,320,0,8,0
15-05 17:40:41,10.704,2.489,86.127,0,0,5274300,282052,184788,2272956,277841.447,5653.530,0,3512.796,0,63.724,1938,1644,0.510,1.370,1.180,2,0,6.970,0,0,18,320,0,7,0
15-05 17:40:42,13.603,5.038,77.334,1.511,0,5331516,224948,184804,2273080,142090.383,5179.088,16.122,636.806,1.008,54.411,2957,2925,0.550,1.360,1.180,1,0,21.160,0,0,18,320,0,7,0
15-05 17:40:43,8.976,3.241,85.267,2.244,0,5331428,224976,184804,2273140,148774.271,7042.793,135.630,163.554,4.986,12.965,2058,2165,0.550,1.360,1.180,2,0,12.965,0,0,18,320,0,7,0
15-05 17:40:44,9.546,3.768,85.164,0,0,5339488,216420,184804,2273636,148614.867,3591.469,16.078,124.606,1.005,7.034,2059,1927,0.550,1.360,1.180,1,0,18.088,0,0,18,320,0,7,0
